dia_viaje,circuito,posicion,levantado,porcentaje_llenado,motivo_no_levante,contenedor_activo,condiciones_contenedor,id_viaje,turno,fecha_pasaje,numero_caja,contenedor_gid,the_geom,ubicacion,prioridad
2026-06-21,B_05,1,S,75,,S,Basura Afuera,62077,Matutino,2026-06-21 04:27:55,,178078,"POINT (  574543.289270425,   6136380.57580249)",DR JAVIER BARRIOS AMORIN 973 EN 961/ 973 EN 961/ 973,0
2026-06-21,B_05,2,S,50,,S,,62077,Matutino,2026-06-21 04:30:56,,178079,"POINT (  574533.522677507,   6136509.62627427)",DR JAVIER BARRIOS AMORIN 1043 FTE 1050 FTE 1050,0
2026-06-21,B_05,3,S,50,,S,Basura Afuera,62077,Matutino,2026-06-21 04:30:59,,178080,"POINT (  574543.955080196,   6136540.72877707)",DR JAVIER BARRIOS AMORIN 1058 ,0
2026-06-21,B_05,4,S,50,,S,Basura Afuera,62077,Matutino,2026-06-21 04:33:33,,178081,"POINT (  574532.631330114,   6136705.78671268)",DR JAVIER BARRIOS AMORIN 1144 ,0
2026-06-21,B_05,5,S,50,,S,Basura Afuera,62077,Matutino,2026-06-21 04:33:37,,178082,"POINT (  574532.429003416,   6136708.22440847)",DR JAVIER BARRIOS AMORIN 1146 EN 1144/1146 EN 1144/1146,0
2026-06-21,B_05,6,S,50,,S,,62077,Matutino,2026-06-21 04:36:57,,184067,"POINT (  574517.297011202,   6136878.72627911)",DR JAVIER BARRIOS AMORIN 1219 Dr Javier Barrios Amorid fte al 1225 Dr Javier Barrios Amorid fte al 1225,0
2026-06-21,B_05,7,S,25,,S,Basura Afuera,62077,Matutino,2026-06-21 04:37:06,,184066,"POINT (  574517.063638973,   6136882.22686254)",DR JAVIER BARRIOS AMORIN 1223 Dr Javier Barrios amorin 1225 Dr Javier Barrios amorin 1225,0
2026-06-21,B_05,8,N,,Contenedor No Está,S,,62077,Matutino,2026-06-21 04:38:58,,178084,"POINT (  574516.279871279,   6136885.29042985)",DR JAVIER BARRIOS AMORIN 1223 FTE 1225. MURO FTE 1225. MURO,0
2026-06-21,B_05,9,S,50,,S,Basura Afuera,62077,Matutino,2026-06-21 04:39:03,,178085,"POINT (  574500.223850888,   6136949.24213544)",DR JAVIER BARRIOS AMORIN 1251 FTE 1251. ARBOL/ARBOL FTE 1251. ARBOL/ARBOL,0
2026-06-21,B_05,10,S,25,,S,,62077,Matutino,2026-06-21 03:59:19,,179497,"POINT (  574491.974214676,   6137134.00837565)",CONSTITUYENTE 1459 EN 1459. VEREDA EN 1459. VEREDA,0
2026-06-21,B_05,11,S,50,,S,,62077,Matutino,2026-06-21 03:59:22,,178086,"POINT (  574491.803566212,   6137135.77174311)",CONSTITUYENTE 1459 EN 1459. VEREDA EN 1459. VEREDA,0
2026-06-21,B_05,12,S,50,,S,,62077,Matutino,2026-06-21 03:59:57,,178087,"POINT (  574491.519152105,   6137137.42134494)",CONSTITUYENTE 1459 EN 1459. VEREDA EN 1459. VEREDA,0
2026-06-21,B_05,13,S,50,,S,,62077,Matutino,2026-06-21 03:54:59,,178088,"POINT (  574612.908703636,   6137187.04609241)",VAZQUEZ 1385 EN 1385. FTE 1390 EN 1385. FTE 1390,0
2026-06-21,B_05,14,S,50,,S,,62077,Matutino,2026-06-21 03:55:02,,178089,"POINT (  574613.787548583,   6137185.66505035)",VAZQUEZ 1385 EN 1385. FTE 1390 EN 1385. FTE 1390,0
2026-06-21,B_05,15,S,25,,S,,62077,Matutino,2026-06-21 03:55:05,,179574,"POINT (  574614.387420916,   6137184.16459404)",VAZQUEZ 1385 EN 1385. FTE 1390 EN 1385. FTE 1390,0
2026-06-21,B_05,16,S,25,,S,Requiere Mantenimiento,62077,Matutino,2026-06-21 04:45:04,,179003,"POINT (  574625.751855206,   6137010.45180982)",Q F ANDRES MARTINEZ TRUEBA 1278 ,0
2026-06-21,B_05,17,S,50,,S,Basura Afuera,62077,Matutino,2026-06-21 04:45:08,,184171,"POINT (  574626.463920657,   6137005.44844319)",BERNABE RIVERA Esq. Q F ANDRES MARTINEZ TRUEBA ,0
2026-06-21,B_05,18,S,50,,S,,62077,Matutino,2026-06-21 04:48:59,,178091,"POINT (  574620.378885683,   6136925.08752365)",Q F ANDRES MARTINEZ TRUEBA 1227 EN 1245 EN 1245,0
2026-06-21,B_05,19,S,50,,S,Basura Afuera,62077,Matutino,2026-06-21 04:49:02,,178092,"POINT (  574626.405251032,   6136856.97704028)",Q F ANDRES MARTINEZ TRUEBA 1204 FTE 1206 FTE 1206,0
2026-06-21,B_05,20,S,50,,S,,62077,Matutino,2026-06-21 04:57:27,,178093,"POINT (  574635.005376582,   6136755.09380110)",Q F ANDRES MARTINEZ TRUEBA 1151 FTE 1058 FTE 1058,0
2026-06-21,B_05,21,S,75,,S,Basura Afuera,62077,Matutino,2026-06-21 04:59:08,,183723,"POINT (  574677.322708061,   6136412.09412244)",Q F ANDRES MARTINEZ TRUEBA 984 ,0
2026-06-21,B_05,22,S,50,,S,,62077,Matutino,2026-06-21 04:17:45,,178098,"POINT (  574699.522202125,   6136345.61326538)",AV GONZALO RAMIREZ 1513 EN 1510/1520 EN 1510/1520,0
2026-06-21,B_05,23,N,,Auto,S,,62077,Matutino,2026-06-21 04:05:58,,178099,"POINT (  574767.159351349,   6136232.74929699)",SALTO Esq. CEBOLLATI (*) (*),0
2026-06-21,B_05,24,S,50,,S,,62077,Matutino,2026-06-21 04:17:48,,179496,"POINT (  574692.538333272,   6136263.63115198)",DR CARLOS MARIA MORALES Esq. CEBOLLATI EN 926 EN 926,0
2026-06-21,B_05,25,S,25,,S,,62077,Matutino,2026-06-21 04:16:26,,178100,"POINT (  574655.647496203,   6136288.86924437)",DR CARLOS MARIA MORALES Esq. CEBOLLATI EN 932 EN 932,0
2026-06-21,B_05,26,S,25,,S,,62077,Matutino,2026-06-21 04:16:29,,179493,"POINT (  574652.739212114,   6136290.49869749)",AV GONZALO RAMIREZ Esq. Q F ANDRES MARTINEZ TRUEBA EN 932 EN 932,0
2026-06-21,B_05,27,S,50,,S,,62077,Matutino,2026-06-21 04:17:50,,178102,"POINT (  574627.252708659,   6136341.97390151)",AV GONZALO RAMIREZ 1485 FTE 1485 FTE 1485,0
2026-06-21,B_05,28,S,50,,S,Basura Afuera,62077,Matutino,2026-06-21 04:19:37,,178103,"POINT (  574773.517617647,   6136293.76297872)",SALTO 918 FTE 913 FTE 913,0
2026-06-21,B_05,29,N,,Auto,S,,62077,Matutino,2026-06-21 04:06:27,,178104,"POINT (  574897.683822957,   6136222.28390418)",DR LORENZO CARNELLI 896 (*) (*),0
2026-06-21,B_05,30,N,,Auto,S,,62077,Matutino,2026-06-21 04:09:50,,178105,"POINT (  575102.867057985,   6136246.53388381)",MAGALLANES 895 (*) (*),0
2026-06-21,B_05,31,N,,Auto,S,,62077,Matutino,2026-06-21 04:09:57,,178106,"POINT (  575103.185163834,   6136244.09507229)",MAGALLANES 895 (*) (*),0
2026-06-21,B_05,32,S,50,,S,,62077,Matutino,2026-06-21 05:53:51,,178107,"POINT (  574893.040530399,   6136399.97766800)",DR LORENZO CARNELLI 962 EN 964/MURO EN 964/MURO,0
2026-06-21,B_05,33,S,25,,S,,62077,Matutino,2026-06-21 05:53:46,,178108,"POINT (  574892.852206482,   6136401.35871005)",DR LORENZO CARNELLI 962 EN 964/MURO EN 964/MURO,0
2026-06-21,B_05,34,S,75,,S,,62077,Matutino,2026-06-21 05:44:16,,178110,"POINT (  574866.361308802,   6136721.66630581)",DR LORENZO CARNELLI 1164 ,0
2026-06-21,B_05,35,S,50,,S,,62077,Matutino,2026-06-21 05:44:13,,178111,"POINT (  574866.110210246,   6136722.63931271)",DR LORENZO CARNELLI 1164 ,0
2026-06-21,B_05,36,S,25,,S,,62077,Matutino,2026-06-21 06:16:47,,178112,"POINT (  574963.097027579,   6136786.98331774)",MINAS 1159 FTE 1159 FTE 1159,0
2026-06-21,B_05,37,S,50,,S,,62077,Matutino,2026-06-21 06:16:57,,179572,"POINT (  574962.902490676,   6136790.33001210)",MINAS 1159 FTE 1159 FTE 1159,0
2026-06-21,B_05,38,S,50,,S,,62077,Matutino,2026-06-21 06:17:01,,178113,"POINT (  574952.986185170,   6136912.06433886)",MINAS 1226 ,0
2026-06-21,B_05,39,S,25,,S,,62077,Matutino,2026-06-21 06:17:08,,179491,"POINT (  574946.650072148,   6136991.25199321)",MINAS 1258 FTE 1259 FTE 1259,0
2026-06-21,B_05,40,S,75,,S,Basura Afuera,62077,Matutino,2026-06-21 05:32:36,,180346,"POINT (  574955.327155119,   6137088.34543464)",MINAS 1318 EN 1324 EN 1324,0
2026-06-21,B_05,41,N,,Calle Cerrada,S,,62077,Matutino,2026-06-21 05:32:48,,178114,"POINT (  574909.915188391,   6137257.74687802)",MINAS 1401 EN 1402 EN 1402,0
2026-06-21,B_05,42,N,,Calle Cerrada,S,,62077,Matutino,2026-06-21 05:32:56,,178115,"POINT (  574908.451366223,   6137260.60231477)",MINAS 1401 EN 1402 EN 1402,0
2026-06-21,B_05,43,S,25,,S,,62077,Matutino,2026-06-21 06:40:57,,180654,"POINT (  575050.842470153,   6136962.49657320)",MAGALLANES 1222 ,0
2026-06-21,B_05,44,S,25,,S,,62077,Matutino,2026-06-21 06:41:00,,180655,"POINT (  575051.060335076,   6136960.97151874)",MAGALLANES 1222 ,0
2026-06-21,B_05,45,S,25,,S,,62077,Matutino,2026-06-21 06:41:05,,178116,"POINT (  575054.029806455,   6136920.17423715)",MAGALLANES 1215 FTE 1215. FTE 1215.,0
2026-06-21,B_05,46,S,25,,S,,62077,Matutino,2026-06-21 06:41:09,,178117,"POINT (  575054.154565848,   6136916.04039927)",MAGALLANES 1215 FTE 1215. FTE 1215.,0
2026-06-21,B_05,47,S,50,,S,,62077,Matutino,2026-06-21 06:42:07,,182178,"POINT (  575046.992687145,   6136851.00149318)",MAGALLANES 1191 ANTES 1185 ANTES 1185,0
2026-06-21,B_05,48,S,50,,S,,62077,Matutino,2026-06-21 06:42:12,,182179,"POINT (  575047.106452787,   6136848.72618032)",MAGALLANES 1191 ANTES 1185 ANTES 1185,0
2026-06-21,B_05,49,S,50,,S,,62077,Matutino,2026-06-21 06:46:51,,178120,"POINT (  575079.867871411,   6136426.95927469)",MAGALLANES 979 ,0
2026-06-21,B_05,50,S,25,,S,Basura Afuera,62077,Matutino,2026-06-21 06:46:56,,178121,"POINT (  575080.007998304,   6136423.65144771)",MAGALLANES 979 ,0
2026-06-21,B_05,51,S,50,,S,,62077,Matutino,2026-06-21 06:47:05,,178122,"POINT (  575087.527803492,   6136314.02348877)",MAGALLANES 919 ,0
2026-06-21,B_05,52,S,50,,S,,62077,Matutino,2026-06-21 05:59:01,,181084,"POINT (  574932.069333334,   6136260.84226030)",CEBOLLATI 1604 ,0
2026-06-21,B_05,53,S,50,,S,Basura Afuera,62077,Matutino,2026-06-21 05:02:28,,178126,"POINT (  574739.022953489,   6136720.63052426)",SALTO 1135 FTE 1135 FTE 1135,0
2026-06-21,B_05,54,S,50,,S,Basura Afuera,62077,Matutino,2026-06-21 05:02:31,,178127,"POINT (  574738.834629572,   6136722.95318591)",SALTO 1135 FTE 1135 FTE 1135,0
2026-06-21,B_05,55,S,25,,S,,62077,Matutino,2026-06-21 05:24:22,,178130,"POINT (  574813.159802208,   6137066.89543327)",CONSTITUYENTE 1641 FTE 1641 FTE 1641,0
2026-06-21,B_05,56,S,50,,S,,62077,Matutino,2026-06-21 05:24:25,,178131,"POINT (  574825.840279296,   6137065.63994049)",CONSTITUYENTE 1645 FTE 1647 FTE 1647,0
2026-06-21,B_05,57,N,,Auto,S,,62077,Matutino,2026-06-21 04:00:25,,181369,"POINT (  574294.618492634,   6137083.92837711)",EJIDO 1323 SOTERRADO SOTERRADO,0
2026-06-21,B_05,58,S,50,,S,Basura Afuera,62077,Matutino,2026-06-21 04:42:52,,178132,"POINT (  574471.320911198,   6137038.82951994)",MANUEL FLORES MORA 1427 ,0
2026-06-21,B_05,59,S,50,,S,,62077,Matutino,2026-06-21 04:43:00,,178133,"POINT (  574522.262124848,   6137043.35494362)",MANUEL FLORES MORA 1457 ,0
2026-06-21,B_05,60,S,50,,S,,62077,Matutino,2026-06-21 04:05:09,,178134,"POINT (  574699.851578722,   6137042.47609868)",SALTO 1287 ,0
2026-06-21,B_05,61,S,25,,S,,62077,Matutino,2026-06-21 04:05:13,,178135,"POINT (  574699.882966042,   6137041.34615518)",SALTO 1287 ,0
2026-06-21,B_05,62,S,50,,S,,62077,Matutino,2026-06-21 04:05:24,,184170,"POINT (  574700.109667136,   6137040.23578732)",SALTO 1287 Salto 1287 Salto 1287,0
2026-06-21,B_05,63,S,100,,S,,62077,Matutino,2026-06-21 04:05:41,,178145,"POINT (  574714.070034467,   6136868.30786263)",SALTO 1205 EN 1205/1207 EN 1205/1207,0
2026-06-21,B_05,64,S,50,,S,Basura Afuera,62077,Matutino,2026-06-21 04:57:54,,183725,"POINT (  574669.568367538,   6136638.78742615)",DURAZNO 1509 ,0
2026-06-21,B_05,65,S,25,,S,,62077,Matutino,2026-06-21 04:57:57,,183724,"POINT (  574670.984489542,   6136638.89635861)",DURAZNO 1509 ,0
2026-06-21,B_05,66,S,50,,S,,62077,Matutino,2026-06-21 04:58:00,,183515,"POINT (  574678.522655732,   6136638.17540488)",DURAZNO 1515 ,0
2026-06-21,B_05,67,S,50,,S,,62077,Matutino,2026-06-21 04:58:03,,183516,"POINT (  574682.154891827,   6136638.17540488)",DURAZNO 1515 ,0
2026-06-21,B_05,68,S,75,,S,,62077,Matutino,2026-06-21 05:02:09,,183837,"POINT (  574710.077919826,   6136642.33395251)",DURAZNO 1539 ,0
2026-06-21,B_05,69,S,50,,S,,62077,Matutino,2026-06-21 04:14:42,,183669,"POINT (  574748.579064924,   6136418.16772353)",SALTO 997 ,0
2026-06-21,B_05,70,S,50,,S,,62077,Matutino,2026-06-21 04:14:38,,183670,"POINT (  574748.905862309,   6136416.64266907)",SALTO 997 ,0
2026-06-21,B_05,71,N,,Contenedor No Está,S,,62077,Matutino,2026-06-21 04:15:06,,183722,"POINT (  574752.546214161,   6136389.72028214)",SALTO 963 ,0
2026-06-21,B_05,72,S,50,,S,,62077,Matutino,2026-06-21 05:53:20,,183718,"POINT (  574994.026820044,   6136400.86454183)",MINAS 955 ,0
2026-06-21,B_05,73,S,50,,S,,62077,Matutino,2026-06-21 06:15:37,,183717,"POINT (  574993.591090196,   6136403.47892092)",MINAS 963 ,0
2026-06-21,B_05,74,S,50,,S,,62077,Matutino,2026-06-21 06:15:41,,178147,"POINT (  574992.914981130,   6136406.85149098)",MINAS 963 FTE 963 FTE 963,0
2026-06-21,B_05,75,S,50,,S,,62077,Matutino,2026-06-21 06:15:56,,178148,"POINT (  575057.196211518,   6136459.83328634)",SAN SALVADOR 1689 FTE 1689 FTE 1689,0
2026-06-21,B_05,76,S,25,,S,,62077,Matutino,2026-06-21 06:16:12,,183719,"POINT (  575023.995009368,   6136667.21772005)",PLAZA JUAN RAMÓN GÓMEZ ,0
2026-06-21,B_05,77,S,50,,S,,62077,Matutino,2026-06-21 06:16:16,,178152,"POINT (  575026.344430889,   6136666.24644987)",DURAZNO Esq. NUESTRA SEÑORA DE LA ENCINA (*) FTE 1686 (*) FTE 1686,0
2026-06-21,B_05,78,S,75,,S,,62077,Matutino,2026-06-21 06:16:19,,178153,"POINT (  575028.476756563,   6136666.79430087)",DURAZNO Esq. NUESTRA SEÑORA DE LA ENCINA (*) FTE 1686 (*) FTE 1686,0
2026-06-21,B_05,79,S,50,,S,,62077,Matutino,2026-06-21 05:53:32,,178154,"POINT (  574910.308062518,   6136550.35529339)",ISLA DE FLORES 1617 EN 1614 EN 1614,0
2026-06-21,B_05,80,S,75,,S,,62077,Matutino,2026-06-21 04:10:58,,183851,"POINT (  574758.331182803,   6136552.15420382)",ISLA DE FLORES 1553 ,0
2026-06-21,B_05,81,S,50,,S,,62077,Matutino,2026-06-21 05:52:56,,183720,"POINT (  574843.327445534,   6136636.24161569)",DURAZNO 1596 ,0
2026-06-21,B_05,82,S,75,,S,,62077,Matutino,2026-06-21 06:16:30,,178156,"POINT (  574955.269838805,   6136711.36184515)",MINAS 1123 ,0
2026-06-21,B_05,83,S,50,,S,,62077,Matutino,2026-06-21 05:43:54,,178157,"POINT (  574820.316111061,   6136912.43843389)",DR LORENZO CARNELLI 1284 FTE 1280. MURO FTE 1280. MURO,0
2026-06-21,B_05,84,S,75,,S,,62077,Matutino,2026-06-21 05:43:58,,179482,"POINT (  574820.629984256,   6136911.24571575)",DR LORENZO CARNELLI 1284 ,0
2026-06-21,B_05,85,S,75,,S,Basura Afuera,62077,Matutino,2026-06-21 05:05:24,,179481,"POINT (  574776.923141821,   6137083.40516336)",CONSTITUYENTE 1607 FTE 1586 FTE 1586,0
2026-06-21,B_05,86,S,50,,S,,62077,Matutino,2026-06-21 05:31:51,,178158,"POINT (  574922.030307319,   6137041.20499995)",CONSTITUYENTE 1694 EN 1698 EN 1698,0
2026-06-21,B_05,87,S,50,,S,Basura Afuera,62077,Matutino,2026-06-21 05:31:54,,178159,"POINT (  574923.446429323,   6137040.98713503)",CONSTITUYENTE 1694 EN 1698 EN 1698,0
2026-06-21,B_05,88,S,100,,S,Basura Afuera,62077,Matutino,2026-06-21 06:17:59,,178160,"POINT (  574987.547749491,   6137035.47672643)",CONSTITUYENTE 1724 EN 1726 EN 1726,0
2026-06-21,B_05,89,S,50,,S,Basura Afuera,62077,Matutino,2026-06-21 06:24:30,,178163,"POINT (  575080.014792813,   6137011.99901142)",CONSTITUYENTE 1768 EN 1770/1772 EN 1770/1772,0
2026-06-21,B_05,90,S,75,,S,,62077,Matutino,2026-06-21 06:24:35,,178165,"POINT (  575082.902426209,   6137010.99461720)",CONSTITUYENTE 1774 EN 1770/1772 EN 1770/1772,0
2026-06-21,B_05,91,S,50,,S,Basura Afuera,62077,Matutino,2026-06-21 06:24:39,,180656,"POINT (  575085.591925490,   6137010.64472135)",CONSTITUYENTE 1774 ,0
2026-06-21,B_05,92,N,,Auto,S,,62077,Matutino,2026-06-21 04:10:22,,178175,"POINT (  575426.781898928,   6136203.96385757)",DR LUIS PIERA 1863 (*) FTE 1863 (*) FTE 1863,0
2026-06-21,B_05,93,S,50,,S,,62077,Matutino,2026-06-21 07:42:29,,178177,"POINT (  575385.915608907,   6136266.29907415)",DR EMILIO FRUGONI 859 FTE 880/886 FTE 880/886,0
2026-06-21,B_05,94,S,75,,S,,62077,Matutino,2026-06-21 07:42:33,,178178,"POINT (  575385.727284989,   6136268.11953868)",DR EMILIO FRUGONI 859 FTE 880/886 FTE 880/886,0
2026-06-21,B_05,95,S,75,,S,Basura Afuera,62077,Matutino,2026-06-21 07:42:37,,178179,"POINT (  575391.000354670,   6136355.18796304)",DR EMILIO FRUGONI 920 EN 934 EN 934,0
2026-06-21,B_05,96,S,75,,S,,62077,Matutino,2026-06-21 07:42:53,,178180,"POINT (  575371.295377426,   6136457.49107975)",DR EMILIO FRUGONI 975 EN 981 EN 981,0
2026-06-21,B_05,97,S,75,,S,,62077,Matutino,2026-06-21 07:47:20,,178181,"POINT (  575376.333872881,   6136571.23560565)",DR EMILIO FRUGONI 1044 FTE 1043/1049 FTE 1043/1049,0
2026-06-21,B_05,98,S,50,,S,,62077,Matutino,2026-06-21 07:47:30,,178494,"POINT (  575374.476435923,   6136608.48532304)",DR EMILIO FRUGONI 1064 ,0
2026-06-21,B_05,99,S,75,,S,,62077,Matutino,2026-06-21 07:49:41,,178183,"POINT (  575368.151993971,   6136681.84430570)",DR EMILIO FRUGONI 1110 ,0
2026-06-21,B_05,100,S,75,,S,,62077,Matutino,2026-06-21 07:54:07,,178184,"POINT (  575349.820191453,   6136770.69329892)",DR EMILIO FRUGONI 1143 EN 1145 EN 1145,0
2026-06-21,B_05,101,S,50,,S,,62077,Matutino,2026-06-21 07:54:14,,178185,"POINT (  575346.398973624,   6136817.77427821)",DR EMILIO FRUGONI 1157 FTE 1154 FTE 1154,0
2026-06-21,B_05,102,S,50,,S,,62077,Matutino,2026-06-21 07:54:24,,183258,"POINT (  575345.579214753,   6136826.33008719)",DR EMILIO FRUGONI 1163 ,0
2026-06-21,B_05,103,S,50,,S,,62077,Matutino,2026-06-21 07:54:34,,178186,"POINT (  575336.303733968,   6136937.72487740)",DR EMILIO FRUGONI 1900 FTE 1250 FTE 1250,0
2026-06-21,B_05,104,S,50,,S,,62077,Matutino,2026-06-21 07:54:54,,178187,"POINT (  575341.879199613,   6136989.65123993)",DR EMILIO FRUGONI 1266 EN 1269 EN 1269,0
2026-06-21,B_05,105,S,50,,S,,62077,Matutino,2026-06-21 05:16:43,,178195,"POINT (  574780.516989904,   6137259.67634981)",CARLOS ROXLO 1380 EN 1386 EN 1386,0
2026-06-21,B_05,106,S,25,,S,,62077,Matutino,2026-06-21 05:16:48,,178196,"POINT (  574781.144736294,   6137258.29530775)",CARLOS ROXLO 1380 EN 1386 EN 1386,0
2026-06-21,B_05,107,S,50,,S,,62077,Matutino,2026-06-21 05:23:47,,178204,"POINT (  574809.832746341,   6137176.37440378)",CARLOS ROXLO 1346 FTE 1345 FTE 1345,0
2026-06-21,B_05,108,S,75,,S,,62077,Matutino,2026-06-21 05:23:51,,178205,"POINT (  574810.209394175,   6137175.27584760)",CARLOS ROXLO 1346 FTE 1345 FTE 1345,0
2026-06-21,B_05,109,S,50,,S,,62077,Matutino,2026-06-21 05:23:55,,179571,"POINT (  574810.587951793,   6137174.42383779)",CARLOS ROXLO 1346 FTE 1345 FTE 1345,0
2026-06-21,B_05,110,S,50,,S,,62077,Matutino,2026-06-21 06:25:01,,178206,"POINT (  575147.030753443,   6137021.73133052)",GABOTO 1253 ,0
2026-06-21,B_05,111,S,50,,S,,62077,Matutino,2026-06-21 06:25:09,,178207,"POINT (  575163.042081207,   6137097.97069915)",GABOTO 1295 ,0
2026-06-21,B_05,112,S,75,,S,,62077,Matutino,2026-06-21 06:25:14,,178209,"POINT (  575162.484974843,   6137124.96197441)",GABOTO 1301 FTE 1304 FTE 1304,0
2026-06-21,B_05,113,S,50,,S,,62077,Matutino,2026-06-21 06:25:18,,183075,"POINT (  575162.082641831,   6137127.73309889)",GABOTO 1301 ,0
2026-06-21,B_05,114,N,,Contenedor No Está,S,,62077,Matutino,2026-06-21 06:25:28,,183076,"POINT (  575161.597204937,   6137130.88843869)",GABOTO 1301 ,0
2026-06-21,B_05,115,S,50,,S,,62077,Matutino,2026-06-21 06:32:15,,183529,"POINT (  575160.880270080,   6137166.59214744)",GABOTO 1328 ,0
2026-06-21,B_05,116,S,50,,S,,62077,Matutino,2026-06-21 06:32:18,,183530,"POINT (  575159.742613652,   6137169.09499158)",GABOTO 1328 ,0
2026-06-21,B_05,117,S,50,,S,,62077,Matutino,2026-06-21 05:16:00,,179480,"POINT (  574742.836512819,   6137130.73724120)",TACUAREMBO 1384 ,0
2026-06-21,B_05,118,S,50,,S,,62077,Matutino,2026-06-21 05:16:05,,178217,"POINT (  574742.585414262,   6137131.20805099)",TACUAREMBO 1384 FTE 1384/1378 FTE 1384/1378,0
2026-06-21,B_05,119,S,50,,S,Basura Afuera,62077,Matutino,2026-06-21 05:16:08,,178220,"POINT (  574714.022953496,   6137201.76674528)",TACUAREMBO 1424 FTE 1429. FTE 1429.,0
2026-06-21,B_05,120,S,75,,S,Basura Afuera,62077,Matutino,2026-06-21 05:16:12,,178221,"POINT (  574713.206883189,   6137203.27333662)",TACUAREMBO 1424 FTE 1429 FTE 1429,0
2026-06-21,B_05,121,N,,Calle Cerrada,S,,62077,Matutino,2026-06-21 05:34:10,,178237,"POINT (  574960.037531505,   6137349.40686445)",MAGALLANES 1353 VEREDA. FTE 1396. VEREDA. FTE 1396.,0
2026-06-21,B_05,122,N,,Calle Cerrada,S,,62077,Matutino,2026-06-21 05:34:16,,178238,"POINT (  574960.885813771,   6137347.49822935)",MAGALLANES 1353 VEREDA. FTE 1396. VEREDA. FTE 1396.,0
2026-06-21,B_05,123,S,75,,S,,62077,Matutino,2026-06-21 07:55:09,,183527,"POINT (  575121.744888965,   6137254.87428623)",GABOTO 1365 ,0
2026-06-21,B_05,124,S,75,,S,Basura Afuera,62077,Matutino,2026-06-21 07:55:24,,183528,"POINT (  575120.379701252,   6137257.60466166)",GABOTO 1365 ,0
2026-06-21,B_05,125,S,50,,S,,62077,Matutino,2026-06-21 07:14:33,,178239,"POINT (  575287.280957268,   6137005.28212506)",YARO 1264 EN 1262/1264 EN 1262/1264,0
2026-06-21,B_05,126,S,50,,S,,62077,Matutino,2026-06-21 07:14:38,,178240,"POINT (  575286.402112321,   6137004.40328011)",YARO 1264 EN 1262/1264 EN 1262/1264,0
2026-06-21,B_05,127,S,50,,S,,62077,Matutino,2026-06-21 07:14:47,,178241,"POINT (  575249.804497757,   6136955.81570949)",YARO 1243 ,0
2026-06-21,B_05,128,S,50,,S,,62077,Matutino,2026-06-21 07:17:12,,178242,"POINT (  575266.125903909,   6136876.15469254)",YARO 1191 FTE 1191 FTE 1191,0
2026-06-21,B_05,129,S,25,,S,,62077,Matutino,2026-06-21 07:17:16,,178243,"POINT (  575266.251453187,   6136873.51815770)",YARO 1194 FTE 1191 FTE 1191,0
2026-06-21,B_05,130,S,75,,S,,62077,Matutino,2026-06-21 07:17:27,,183396,"POINT (  575267.513458904,   6136709.37759548)",YARO 1121 PROV OV(O: YARO 1144) PROV OV(O: YARO 1144),0
2026-06-21,B_05,131,S,25,,S,,62077,Matutino,2026-06-21 07:21:07,,178245,"POINT (  575272.717241009,   6136631.45914954)",YARO 1095 ,0
2026-06-21,B_05,132,S,50,,S,,62077,Matutino,2026-06-21 07:21:19,,178246,"POINT (  575275.165451932,   6136597.65500641)",YARO 1067 FTE 1058 FTE 1058,0
2026-06-21,B_05,133,S,75,,S,,62077,Matutino,2026-06-21 07:21:35,,178247,"POINT (  575280.940718724,   6136532.24383253)",YARO 1021 ,0
2026-06-21,B_05,134,S,50,,S,,62077,Matutino,2026-06-21 07:21:39,,178248,"POINT (  575298.266519101,   6136428.66567810)",YARO 960 ,0
2026-06-21,B_05,135,S,75,,S,,62077,Matutino,2026-06-21 07:21:47,,178249,"POINT (  575302.911842390,   6136364.69832091)",YARO 934 EN 934/MURO EN 934/MURO,0
2026-06-21,B_05,136,S,50,,S,,62077,Matutino,2026-06-21 07:42:13,,178250,"POINT (  575341.329921486,   6136293.26078168)",DR LAURO MULLER 1824 FTE 1815 FTE 1815,0
2026-06-21,B_05,137,S,25,,S,,62077,Matutino,2026-06-21 07:42:16,,178251,"POINT (  575343.903681687,   6136293.38633095)",DR LAURO MULLER 1824 FTE 1815 FTE 1815,0
2026-06-21,B_05,138,S,50,,S,,62077,Matutino,2026-06-21 07:28:29,,178254,"POINT (  575252.001610123,   6136319.75167935)",DR HORACIO ABADIE SANTOS 923 FTE 923 FTE 923,0
2026-06-21,B_05,139,S,25,,S,,62077,Matutino,2026-06-21 07:28:52,,178255,"POINT (  575253.633750739,   6136322.89041130)",DR HORACIO ABADIE SANTOS 923 FTE 923 FTE 923,0
2026-06-21,B_05,140,S,50,,S,,62077,Matutino,2026-06-21 07:01:06,,178256,"POINT (  575195.316111064,   6136371.28965801)",GABOTO 945 FTE 945 FTE 945,0
2026-06-21,B_05,141,S,25,,S,,62077,Matutino,2026-06-21 07:01:10,,178257,"POINT (  575195.002237869,   6136373.29844645)",GABOTO 945 FTE 945 FTE 945,0
2026-06-21,B_05,142,S,50,,S,,62077,Matutino,2026-06-21 07:01:13,,178263,"POINT (  575181.819563670,   6136407.82449793)",GABOTO 955 PDO 957 PDO 957,0
2026-06-21,B_05,143,S,50,,S,,62077,Matutino,2026-06-21 07:01:16,,178264,"POINT (  575181.694014392,   6136409.20553999)",GABOTO 955 PDO 957 PDO 957,0
2026-06-21,B_05,144,S,75,,S,Basura Afuera,62077,Matutino,2026-06-21 07:01:21,,178265,"POINT (  575165.272863680,   6136622.15998467)",GABOTO 1083 ,0
2026-06-21,B_05,145,S,75,,S,Basura Afuera,62077,Matutino,2026-06-21 07:02:53,,178266,"POINT (  575155.579764549,   6136759.92744834)",GABOTO 1141 EN 1147 EN 1147,0
2026-06-21,B_05,146,S,50,,S,,62077,Matutino,2026-06-21 07:03:06,,178267,"POINT (  575147.921258585,   6136861.12016649)",GABOTO 1191 ,0
2026-06-21,B_05,147,S,75,,S,,62077,Matutino,2026-06-21 07:03:12,,178268,"POINT (  575153.633750738,   6136936.57528262)",GABOTO 1216 EN 1216/MURO EN 1216/MURO,0
2026-06-21,B_05,148,S,50,,S,,62077,Matutino,2026-06-21 07:03:15,,178269,"POINT (  575153.508201460,   6136938.33297251)",GABOTO 1216 EN 1216/MURO EN 1216/MURO,0
2026-06-21,B_06,1,S,100,,S,,62078,Matutino,2026-06-21 07:48:28,,178188,"POINT (  575353.668634085,   6137077.72388476)",DR EMILIO FRUGONI 1302 COMERCIO COMERCIO,0
2026-06-21,B_06,2,S,75,,S,,62078,Matutino,2026-06-21 07:50:25,,178189,"POINT (  575329.623511126,   6137147.25059702)",DR EMILIO FRUGONI 1334 EN 1336 EN 1336,0
2026-06-21,B_06,3,S,100,,S,,62078,Matutino,2026-06-21 07:50:30,,179080,"POINT (  575328.811823183,   6137149.72585717)",DR EMILIO FRUGONI 1334 EN 1336 EN 1336,0
2026-06-21,B_06,4,S,75,,S,,62078,Matutino,2026-06-21 07:58:15,,178191,"POINT (  575285.812884854,   6137252.49844251)",DR EMILIO FRUGONI 1386 FTE 1393 FTE 1393,0
2026-06-21,B_06,5,S,75,,S,,62078,Matutino,2026-06-21 07:45:29,,183535,"POINT (  575283.740220364,   6137256.49338658)",DR EMILIO FRUGONI 1393 ,0
2026-06-21,B_06,6,S,100,,S,,62078,Matutino,2026-06-21 07:58:30,,178192,"POINT (  575263.536450078,   6137293.85714077)",DR EMILIO FRUGONI 1409 FTE 1411 FTE 1411,0
2026-06-21,B_06,7,S,75,,S,,62078,Matutino,2026-06-21 07:58:42,,178193,"POINT (  575262.657605131,   6137295.48928139)",DR EMILIO FRUGONI 1409 FTE 1411 FTE 1411,0
2026-06-21,B_06,8,S,75,,S,,62078,Matutino,2026-06-21 07:59:01,,178194,"POINT (  575224.118404334,   6137370.87900930)",DR EMILIO FRUGONI 1447 FTE 1447 FTE 1447,0
2026-06-21,B_06,9,S,75,,S,,62078,Matutino,2026-06-21 07:42:37,,177549,"POINT (  575313.549713608,   6137397.90581784)",EDUARDO ACEVEDO 1442 EN 1444 EN 1444,0
2026-06-21,B_06,10,S,100,,S,,62078,Matutino,2026-06-21 07:42:40,,183894,"POINT (  575316.351245534,   6137394.02320523)",EDUARDO ACEVEDO 1442 PROV por filmación: Eduardo Acevedo y Guayabos PROV por filmación: Eduardo Acevedo y Guayabos,0
2026-06-21,B_06,11,S,75,,S,,62078,Matutino,2026-06-21 07:42:45,,183895,"POINT (  575318.312029848,   6137390.75523137)",EDUARDO ACEVEDO 1442 Prov por filmación en Eduardo acevedo y Guayabos Prov por filmación en Eduardo acevedo y Guayabos,0
2026-06-21,B_06,12,S,100,,S,,62078,Matutino,2026-06-21 07:23:31,,183896,"POINT (  575319.401354466,   6137388.14085229)",EDUARDO ACEVEDO 1438 PROV por filmación Eduardo Acevedo y Guayabos PROV por filmación Eduardo Acevedo y Guayabos,0
2026-06-21,B_06,13,S,100,,S,,62078,Matutino,2026-06-21 07:42:52,,179164,"POINT (  575345.994452630,   6137327.17044088)",EDUARDO ACEVEDO 1402 ,0
2026-06-21,B_06,14,S,75,,S,,62078,Matutino,2026-06-21 07:42:57,,177564,"POINT (  575389.195441630,   6137238.07076696)",EDUARDO ACEVEDO 1360 EN 1360 EN 1360,0
2026-06-21,B_06,15,S,75,,S,,62078,Matutino,2026-06-21 07:43:16,,177565,"POINT (  575409.057087262,   6137150.69736714)",EDUARDO ACEVEDO 1312 FTE 1307 FTE 1307,0
2026-06-21,B_06,16,S,100,,S,,62078,Matutino,2026-06-21 07:43:21,,178053,"POINT (  575409.568603418,   6137146.97060658)",EDUARDO ACEVEDO 1312 FTE 1307 FTE 1307,0
2026-06-21,B_06,17,S,75,,S,,62078,Matutino,2026-06-21 07:43:04,,178070,"POINT (  575510.921875994,   6137270.17292638)",JUAN D JACKSON Esq. CHANA EN1356 EN1356,0
2026-06-21,B_06,18,S,100,,S,,62078,Matutino,2026-06-21 07:43:10,,178705,"POINT (  575510.483433575,   6137274.77657178)",JUAN D JACKSON Esq. CHANA EN1356 EN1356,0
2026-06-21,B_06,19,S,75,,S,,62078,Matutino,2026-06-21 07:43:32,,178303,"POINT (  575493.164958016,   6137334.25859332)",JUAN D JACKSON 1387 EN 1391 (*) EN 1391 (*),0
2026-06-21,B_06,20,S,100,,S,,62078,Matutino,2026-06-21 07:43:36,,178320,"POINT (  575504.512380446,   6137372.03004526)",JUAN D JACKSON 1404 ,0
2026-06-21,B_06,21,S,100,,S,,62078,Matutino,2026-06-21 07:43:41,,178325,"POINT (  575487.359634532,   6137392.27241622)",JUAN D JACKSON 1411 (*) (*),0
2026-06-21,B_06,22,S,75,,S,,62078,Matutino,2026-06-21 07:43:45,,178326,"POINT (  575483.524237930,   6137433.82254607)",JUAN D JACKSON 1429 EN 1429 EN 1429,0
2026-06-21,B_06,23,S,75,,S,,62078,Matutino,2026-06-21 07:43:49,,178333,"POINT (  575483.311160341,   6137435.84678317)",JUAN D JACKSON 1429 EN 1429 EN 1429,0
2026-06-21,B_06,24,S,75,,S,,62078,Matutino,2026-06-21 06:54:38,,178342,"POINT (  575502.481859425,   6137556.76812108)",ARENAL GRANDE 1435 FTE 1439 FTE 1439,0
2026-06-21,B_06,25,S,100,,S,,62078,Matutino,2026-06-21 06:54:45,,178343,"POINT (  575502.847228107,   6137555.05088827)",ARENAL GRANDE 1435 FTE 1439 FTE 1439,0
2026-06-21,B_06,26,S,100,,S,,62078,Matutino,2026-06-21 06:57:25,,178344,"POINT (  575534.926598447,   6137429.36406143)",ARENAL GRANDE 1376 FTE 1379 FTE 1379,0
2026-06-21,B_06,27,S,75,,S,,62078,Matutino,2026-06-21 06:59:34,,178345,"POINT (  575549.687493227,   6137371.70888330)",ARENAL GRANDE 1356 EN 1354. FARMACIA EN 1354. FARMACIA,0
2026-06-21,B_06,28,S,75,,S,,62078,Matutino,2026-06-21 06:59:11,,178347,"POINT (  575549.906714437,   6137369.73589241)",ARENAL GRANDE 1352 EN 1354. FARMACIA EN 1354. FARMACIA,0
2026-06-21,B_06,29,S,75,,S,,62078,Matutino,2026-06-21 07:01:46,,180522,"POINT (  575587.051058774,   6137255.60691539)",CHANA 2034 PROV OV(O:ARENAL GRANDE1310 ) PROV OV(O:ARENAL GRANDE1310 ),0
2026-06-21,B_06,30,S,100,,S,,62078,Matutino,2026-06-21 07:01:52,,183974,"POINT (  575585.139636173,   6137254.75918892)",CHANA 2034 Chana al lado de 2036 Chana al lado de 2036,0
2026-06-21,B_06,31,S,100,,S,,62078,Matutino,2026-06-21 07:29:33,,183716,"POINT (  575388.808744009,   6137356.85893813)",DR JUAN A RODRIGUEZ 1407 PROV O: O Juan a Rodriguez  entre Rodo y Guayabos PROV O: O Juan a Rodriguez  entre Rodo y Guayabos,0
2026-06-21,B_06,32,S,75,,S,,62078,Matutino,2026-06-21 07:29:36,,183715,"POINT (  575387.719419390,   6137360.12691199)",DR JUAN A RODRIGUEZ 1407 PROV O: O Juan a Rodriguez  entre Rodo y Guayabos PROV O: O Juan a Rodriguez  entre Rodo y Guayabos,0
2026-06-21,B_06,33,S,100,,S,,62078,Matutino,2026-06-21 07:29:40,,183714,"POINT (  575386.630094771,   6137362.52342615)",DR JUAN A RODRIGUEZ 1411 PROV O: O JUAN A RODRIGUEZ entre Rodo y Guayabos PROV O: O JUAN A RODRIGUEZ entre Rodo y Guayabos,0
2026-06-21,B_06,34,S,75,,S,,62078,Matutino,2026-06-21 07:29:48,,180981,"POINT (  575365.425283049,   6137489.82350228)",DR JUAN A RODRIGUEZ 1472 EN 1482 EN 1482,0
2026-06-21,B_06,35,S,100,,S,,62078,Matutino,2026-06-21 07:29:51,,180982,"POINT (  575364.628923550,   6137491.98504949)",DR JUAN A RODRIGUEZ 1472 EN 1482 EN 1482,0
2026-06-21,B_06,36,S,100,,S,,62078,Matutino,2026-06-21 04:18:39,,178723,"POINT (  576020.866946415,   6137811.94160906)",CNEL FEDERICO BRANDSEN 2164 ,0
2026-06-21,B_06,37,S,75,,S,,62078,Matutino,2026-06-21 04:19:14,,178363,"POINT (  576094.652382307,   6137846.60246531)",CNEL FEDERICO BRANDSEN 2194 EN 2196 EN 2196,0
2026-06-21,B_06,38,S,75,,S,,62078,Matutino,2026-06-21 04:19:23,,178389,"POINT (  576096.116916254,   6137847.45393853)",CNEL FEDERICO BRANDSEN 2194 EN 2196 EN 2196,0
2026-06-21,B_06,39,S,100,,S,,62078,Matutino,2026-06-21 04:19:49,,178390,"POINT (  576097.411155556,   6137848.16917604)",CNEL FEDERICO BRANDSEN 2194 EN 2196 EN 2196,0
2026-06-21,B_06,40,S,100,,S,,62078,Matutino,2026-06-21 06:06:11,,178391,"POINT (  576120.795281129,   6137712.48825364)",ACEVEDO DIAZ 1493 ,0
2026-06-21,B_06,41,S,75,,S,,62078,Matutino,2026-06-21 06:06:15,,178397,"POINT (  576122.512513938,   6137675.33025861)",ACEVEDO DIAZ 1479 EN 1471. MURO IGLESIA EN 1471. MURO IGLESIA,0
2026-06-21,B_06,42,S,75,,S,,62078,Matutino,2026-06-21 06:06:20,,178398,"POINT (  576122.731735148,   6137672.91882530)",ACEVEDO DIAZ 1479 EN 1471. MURO IGLESIA EN 1471. MURO IGLESIA,0
2026-06-21,B_06,43,S,100,,S,,62078,Matutino,2026-06-21 04:52:29,,178400,"POINT (  576341.806797285,   6137534.51716831)",BV GRAL ARTIGAS 1461 ,0
2026-06-21,B_06,44,S,75,,S,,62078,Matutino,2026-06-21 04:52:03,,178401,"POINT (  576341.806797285,   6137531.66729258)",BV GRAL ARTIGAS 1461 ,0
2026-06-21,B_06,45,S,75,,S,,62078,Matutino,2026-06-21 04:55:12,,178402,"POINT (  576355.902645388,   6137347.23999507)",BV GRAL ARTIGAS 1353 ,0
2026-06-21,B_06,46,S,100,,S,,62078,Matutino,2026-06-21 04:56:53,,178403,"POINT (  576363.694488664,   6137266.53000402)",BV GRAL ARTIGAS 1327 ,0
2026-06-21,B_06,47,S,100,,S,,62078,Matutino,2026-06-21 05:41:35,,179793,"POINT (  576259.507676056,   6137258.09978451)",DR MARIO CASSINONI 1275 PROV OP (O: DR MARIO CASSINONI 1269) PROV OP (O: DR MARIO CASSINONI 1269),0
2026-06-21,B_06,48,S,75,,S,,62078,Matutino,2026-06-21 05:44:01,,178422,"POINT (  576268.513839539,   6137304.70026690)",DR MARIO CASSINONI 1294 ,0
2026-06-21,B_06,49,S,100,,S,,62078,Matutino,2026-06-21 05:00:07,,178423,"POINT (  576265.006300185,   6137358.70175820)",DR MARIO CASSINONI 1316 MURO MURO,0
2026-06-21,B_06,50,S,100,,S,,62078,Matutino,2026-06-21 04:58:38,,178425,"POINT (  576296.866449315,   6137329.83763227)",CHANA 2371 EN 2373 EN 2373,0
2026-06-21,B_06,51,S,75,,S,,62078,Matutino,2026-06-21 06:06:30,,183661,"POINT (  576245.876422004,   6137418.92998323)",DR MARIO CASSINONI 1355 ,0
2026-06-21,B_06,52,S,100,,S,,62078,Matutino,2026-06-21 05:02:35,,178427,"POINT (  576242.353441859,   6137490.30755770)",DR MARIO CASSINONI 1393 ,0
2026-06-21,B_06,53,S,75,,S,,62078,Matutino,2026-06-21 05:06:37,,178428,"POINT (  576238.553607559,   6137534.00565215)",DR MARIO CASSINONI 1411 ,0
2026-06-21,B_06,54,S,75,,S,,62078,Matutino,2026-06-21 05:06:41,,178441,"POINT (  576233.876888421,   6137595.09529590)",DR MARIO CASSINONI 1441 EN 1447 EN 1447,0
2026-06-21,B_06,55,S,75,,S,,62078,Matutino,2026-06-21 06:08:34,,178442,"POINT (  576219.758869757,   6137756.53635990)",DR MARIO CASSINONI 1505 ,0
2026-06-21,B_06,56,S,100,,S,,62078,Matutino,2026-06-21 06:08:38,,178443,"POINT (  576229.076887256,   6137805.77849853)",DR MARIO CASSINONI 1532 EN 1536 EN 1536,0
2026-06-21,B_06,57,S,75,,S,,62078,Matutino,2026-06-21 06:08:41,,178444,"POINT (  576228.790179026,   6137808.35887261)",DR MARIO CASSINONI 1536 EN 1536 EN 1536,0
2026-06-21,B_06,58,S,100,,S,,62078,Matutino,2026-06-21 04:28:54,,178721,"POINT (  576211.772083118,   6137858.05113683)",DR MARIO CASSINONI 1559 EN 1559 (*) EN 1559 (*),0
2026-06-21,B_06,59,S,75,,S,,62078,Matutino,2026-06-21 04:28:50,,178722,"POINT (  576211.041345753,   6137862.14326607)",DR MARIO CASSINONI 1559 EN 1559 (*) EN 1559 (*),0
2026-06-21,B_06,60,S,75,,S,,62078,Matutino,2026-06-21 04:34:11,,179145,"POINT (  576220.688483301,   6137901.99469489)",DR MARIO CASSINONI 1574 EN 1578. PROV OP (O: DR MARIO CASSINONI 1581) EN 1578. PROV OP (O: DR MARIO CASSINONI 1581),0
2026-06-21,B_06,61,S,100,,S,,62078,Matutino,2026-06-21 04:34:14,,179146,"POINT (  576220.393787819,   6137904.45049057)",DR MARIO CASSINONI 1574 EN 1578. PROV OP (O: DR MARIO CASSINONI 1581) EN 1578. PROV OP (O: DR MARIO CASSINONI 1581),0
2026-06-21,B_06,62,S,75,,S,,62078,Matutino,2026-06-21 04:34:18,,180608,"POINT (  576220.604570421,   6137908.10208453)",DR MARIO CASSINONI 1578 ,0
2026-06-21,B_06,63,S,75,,S,,62078,Matutino,2026-06-21 04:34:23,,177933,"POINT (  576214.848538930,   6137984.97544180)",AV 8 DE OCTUBRE 2250 FTE 2285 FTE 2285,0
2026-06-21,B_06,64,S,75,,S,,62078,Matutino,2026-06-21 04:34:27,,177934,"POINT (  576216.902026384,   6137990.58009143)",AV 8 DE OCTUBRE 2250 FTE 2285 FTE 2285,0
2026-06-21,B_06,65,S,100,,S,,62078,Matutino,2026-06-21 04:34:31,,177935,"POINT (  576219.743407610,   6137996.22279186)",AV 8 DE OCTUBRE 2250 FTE 2285 FTE 2285,0
2026-06-21,B_06,66,S,75,,S,,62078,Matutino,2026-06-21 03:35:14,,179380,"POINT (  576280.340942408,   6138191.97755185)",AV 8 DE OCTUBRE 2339 ,0
2026-06-21,B_06,67,S,100,,S,,62078,Matutino,2026-06-21 03:35:17,,177942,"POINT (  576280.770211596,   6138193.57247590)",AV 8 DE OCTUBRE 2339 FTE 2339. SOBRE TUNEL FTE 2339. SOBRE TUNEL,0
2026-06-21,B_06,68,S,75,,S,,62078,Matutino,2026-06-21 03:35:23,,177941,"POINT (  576281.473456862,   6138195.36255476)",AV 8 DE OCTUBRE 2339 FTE 2339. SOBRE TUNEL FTE 2339. SOBRE TUNEL,0
2026-06-21,B_06,69,S,100,,S,,62078,Matutino,2026-06-21 03:34:59,,177939,"POINT (  576282.496359066,   6138197.28049639)",AV 8 DE OCTUBRE 2339 FTE 2339. SOBRE TUNEL FTE 2339. SOBRE TUNEL,0
2026-06-21,B_06,70,S,100,,S,,62078,Matutino,2026-06-21 04:42:29,,177931,"POINT (  576301.340135619,   6138019.87089525)",BV GRAL ARTIGAS 1653 EN 1657 EN 1657,0
2026-06-21,B_06,71,S,75,,S,,62078,Matutino,2026-06-21 04:42:25,,177932,"POINT (  576301.579878324,   6138015.84321782)",BV GRAL ARTIGAS 1653 EN 1657 EN 1657,0
2026-06-21,B_06,72,S,75,,S,,62078,Matutino,2026-06-21 07:44:19,,178450,"POINT (  576308.448636557,   6137936.89769855)",BV GRAL ARTIGAS 1629 EN 1629/1631 EN 1629/1631,0
2026-06-21,B_06,73,S,100,,S,,62078,Matutino,2026-06-21 07:44:22,,178451,"POINT (  576308.887078976,   6137933.24401173)",BV GRAL ARTIGAS 1629 EN 1629/1631 EN 1629/1631,0
2026-06-21,B_06,74,S,75,,S,,62078,Matutino,2026-06-21 04:48:54,,178452,"POINT (  576321.455761660,   6137770.14343178)",BV GRAL ARTIGAS 1555 EN 1555 EN 1555,0
2026-06-21,B_06,75,S,75,,S,,62078,Matutino,2026-06-21 04:49:11,,178453,"POINT (  576321.821130343,   6137767.29355605)",BV GRAL ARTIGAS 1555 EN 1555 EN 1555,0
2026-06-21,B_06,76,S,75,,S,,62078,Matutino,2026-06-21 06:09:44,,183662,"POINT (  576210.896805229,   6137726.30224684)",ANA MONTERROSO DE LAVALLEJA 2242 PROV O: O Acevedo Diaz 1501 PROV O: O Acevedo Diaz 1501,0
2026-06-21,B_06,77,S,75,,S,,62078,Matutino,2026-06-21 05:18:03,,184064,"POINT (  576197.294722287,   6137725.06526663)",ANA MONTERROSO DE LAVALLEJA 2234 Ana Monterroso de Lavalleja 2234 Ana Monterroso de Lavalleja 2234,0
2026-06-21,B_06,78,S,100,,S,,62078,Matutino,2026-06-21 03:53:07,,180524,"POINT (  575886.068248610,   6137694.75162801)",DR JOAQUIN REQUENA 1519 EN 1519 EN 1519,0
2026-06-21,B_06,79,S,75,,S,,62078,Matutino,2026-06-21 03:53:03,,180523,"POINT (  575884.882510731,   6137696.67845206)",DR JOAQUIN REQUENA 1519 EN 1519 EN 1519,0
2026-06-21,B_06,80,S,75,,S,,62078,Matutino,2026-06-21 04:25:42,,178864,"POINT (  576141.194426303,   6137844.03229854)",FRANCISCO CANARO 2209 ,0
2026-06-21,B_06,81,S,100,,S,,62078,Matutino,2026-06-21 04:25:39,,178865,"POINT (  576143.598825824,   6137844.26687410)",FRANCISCO CANARO 2209 EN 2209 EN 2209,0
2026-06-21,B_06,82,S,75,,S,,62078,Matutino,2026-06-21 03:49:31,,178461,"POINT (  575923.313508141,   6137685.26828679)",ANA MONTERROSO DE LAVALLEJA 2105 ,0
2026-06-21,B_06,83,S,100,,S,,62078,Matutino,2026-06-21 03:49:35,,178462,"POINT (  575921.413590991,   6137684.09910700)",ANA MONTERROSO DE LAVALLEJA 2105 ,0
2026-06-21,B_06,84,S,75,,S,,62078,Matutino,2026-06-21 03:59:45,,180527,"POINT (  575856.550779095,   6137754.12690009)",DR JOAQUIN REQUENA Esq. CNEL FEDERICO BRANDSEN FTE 1568 FTE 1568,0
2026-06-21,B_06,85,S,100,,S,,62078,Matutino,2026-06-21 03:59:40,,180526,"POINT (  575855.847241948,   6137755.62191653)",DR JOAQUIN REQUENA 1556 FTE 1568 FTE 1568,0
2026-06-21,B_06,86,S,75,,S,,62078,Matutino,2026-06-21 03:59:37,,180525,"POINT (  575855.219276127,   6137756.80438129)",DR JOAQUIN REQUENA 1556 FTE 1568 FTE 1568,0
2026-06-21,B_06,87,S,75,,S,,62078,Matutino,2026-06-21 06:05:20,,182219,"POINT (  576007.889816496,   6137519.56415154)",JUAN PAULLIER 1411 ,0
2026-06-21,B_06,88,S,75,,S,,62078,Matutino,2026-06-21 05:56:49,,182218,"POINT (  576008.117347782,   6137517.28883868)",JUAN PAULLIER 1411 ,0
2026-06-21,B_06,89,S,100,,S,,62078,Matutino,2026-06-21 05:54:22,,178486,"POINT (  576008.599328214,   6137514.60810171)",JUAN PAULLIER 1411 FTE 1411 (*) FTE 1411 (*),0
2026-06-21,B_06,90,S,100,,S,,62078,Matutino,2026-06-21 05:57:29,,178863,"POINT (  576012.609614188,   6137468.89695290)",JUAN PAULLIER 1389 EN 1391 EN 1391,0
2026-06-21,B_06,91,S,75,,S,,62078,Matutino,2026-06-21 05:58:53,,178492,"POINT (  576013.454251568,   6137430.08865550)",JUAN PAULLIER 1365 EN 1365 EN 1365,0
2026-06-21,B_06,92,S,75,,S,,62078,Matutino,2026-06-21 06:04:51,,178493,"POINT (  576029.186670650,   6137369.08767579)",JUAN PAULLIER 1346 ,0
2026-06-21,B_06,93,S,100,,S,,62078,Matutino,2026-06-21 06:04:55,,178495,"POINT (  576021.045646294,   6137315.31445737)",JUAN PAULLIER 1307 ,0
2026-06-21,B_06,94,S,100,,S,,62078,Matutino,2026-06-21 06:04:58,,178497,"POINT (  576021.638998862,   6137311.13509557)",JUAN PAULLIER 1307 EN 1294/1298 EN 1294/1298,0
2026-06-21,B_06,95,S,75,,S,,62078,Matutino,2026-06-21 06:11:23,,178499,"POINT (  575940.120467543,   6137213.79653865)",DR JOAQUIN REQUENA 1262 ,0
2026-06-21,B_06,96,S,75,,S,,62078,Matutino,2026-06-21 06:11:09,,179558,"POINT (  575937.416739291,   6137250.66223874)",DR JOAQUIN REQUENA 1286 ,0
2026-06-21,B_06,97,S,100,,S,,62078,Matutino,2026-06-21 06:11:12,,179559,"POINT (  575937.197518082,   6137252.63522963)",DR JOAQUIN REQUENA 1286 ,0
2026-06-21,B_06,98,S,75,,S,,62078,Matutino,2026-06-21 07:46:08,,178501,"POINT (  575933.397683782,   6137308.02512192)",DR JOAQUIN REQUENA 1304 EN 1304/1310 EN 1304/1310,0
2026-06-21,B_06,99,S,75,,S,,62078,Matutino,2026-06-21 05:54:02,,178502,"POINT (  575933.032315099,   6137311.09421886)",DR JOAQUIN REQUENA 1310 EN 1304/1310 EN 1304/1310,0
2026-06-21,B_06,100,S,100,,S,,62078,Matutino,2026-06-21 05:54:13,,178503,"POINT (  575922.541328896,   6137443.49939380)",DR JOAQUIN REQUENA 1378 EN 1384 EN 1384,0
2026-06-21,B_06,101,S,100,,S,,62078,Matutino,2026-06-21 07:46:12,,178504,"POINT (  575922.477655001,   6137445.91900180)",DR JOAQUIN REQUENA 1378 EN 1384 EN 1384,0
2026-06-21,B_06,102,S,75,,S,,62078,Matutino,2026-06-21 06:14:24,,178505,"POINT (  575903.218230592,   6137522.56961240)",DR JOAQUIN REQUENA 1415 ,0
2026-06-21,B_06,103,S,100,,S,,62078,Matutino,2026-06-21 06:14:28,,178508,"POINT (  575902.860933069,   6137525.84542982)",DR JOAQUIN REQUENA 1415 ,0
2026-06-21,B_06,104,S,100,,S,,62078,Matutino,2026-06-21 06:38:57,,184082,"POINT (  575891.298513886,   6137641.63346698)",DR JOAQUIN REQUENA 1495 PROV O en Joaquin Requena 1485 PROV O en Joaquin Requena 1485,0
2026-06-21,B_06,105,S,75,,S,,62078,Matutino,2026-06-21 06:39:03,,184081,"POINT (  575891.181827771,   6137642.91701424)",DR JOAQUIN REQUENA 1495 PROV O en Joaquin Requena 1485 PROV O en Joaquin Requena 1485,0
2026-06-21,B_06,106,S,75,,S,,62078,Matutino,2026-06-21 06:17:03,,184080,"POINT (  575890.598397200,   6137644.55061984)",DR JOAQUIN REQUENA 1495 PROV O en Joquin Requena 1485 PROV O en Joquin Requena 1485,0
2026-06-21,B_06,107,S,100,,S,,62078,Matutino,2026-06-21 06:17:10,,184079,"POINT (  575890.481711085,   6137646.18422544)",DR JOAQUIN REQUENA 1495 PROV O en Joaquin Requena 1485 PROV O en Joaquin Requena 1485,0
2026-06-21,B_06,108,S,100,,S,,62078,Matutino,2026-06-21 06:05:42,,183466,"POINT (  575965.741262179,   6137773.06034871)",JUAN PAULLIER 1541 PROV OV(O:ANA MONTERROSO DE LAVALLEJA 2155) PROV OV(O:ANA MONTERROSO DE LAVALLEJA 2155),0
2026-06-21,B_06,109,S,75,,S,,62078,Matutino,2026-06-21 03:48:31,,178513,"POINT (  575986.493400027,   6137732.83472365)",JUAN PAULLIER 1509 EN 1509 EN 1509,0
2026-06-21,B_06,110,S,100,,S,,62078,Matutino,2026-06-21 03:48:38,,179560,"POINT (  575987.691470028,   6137731.04898273)",JUAN PAULLIER 1503 EN 1509 EN 1509,0
2026-06-21,B_06,111,S,100,,S,,62078,Matutino,2026-06-21 05:21:28,,178514,"POINT (  576145.327900944,   6137544.68304143)",ACEVEDO DIAZ 1417 FTE 1417 FTE 1417,0
2026-06-21,B_06,112,S,75,,S,,62078,Matutino,2026-06-21 05:27:20,,179797,"POINT (  576137.832532394,   6137481.35634506)",ACEVEDO DIAZ 1391 ,0
2026-06-21,B_06,113,S,100,,S,,62078,Matutino,2026-06-21 05:27:24,,178515,"POINT (  576137.857998612,   6137479.09073916)",ACEVEDO DIAZ 1391 ,0
2026-06-21,B_06,114,S,75,,S,,62078,Matutino,2026-06-21 05:38:17,,178517,"POINT (  576144.069266217,   6137414.05511364)",ACEVEDO DIAZ 1357 EN 1355 EN 1355,0
2026-06-21,B_06,115,S,100,,S,,62078,Matutino,2026-06-21 05:38:24,,178519,"POINT (  576159.238443292,   6137383.63151865)",ACEVEDO DIAZ 1348 EN 1348/1350 EN 1348/1350,0
2026-06-21,B_06,116,S,75,,S,,62078,Matutino,2026-06-21 05:38:27,,178520,"POINT (  576159.381180386,   6137382.08995804)",ACEVEDO DIAZ 1348 EN 1348/1350 EN 1348/1350,0
2026-06-21,B_06,117,S,100,,S,,62078,Matutino,2026-06-21 05:38:31,,178521,"POINT (  576162.593458429,   6137347.74069773)",ACEVEDO DIAZ 1314 ,0
2026-06-21,B_06,118,S,100,,S,,62078,Matutino,2026-06-21 05:38:34,,178522,"POINT (  576167.306714436,   6137294.25072259)",ACEVEDO DIAZ 1292 FTE 1295 FTE 1295,0
2026-06-21,B_06,119,S,75,,S,,62078,Matutino,2026-06-21 05:38:40,,178533,"POINT (  576173.225687096,   6137222.20001836)",ACEVEDO DIAZ 1260 ,0
2026-06-21,B_06,120,S,75,,S,,62078,Matutino,2026-06-21 06:39:44,,183909,"POINT (  575712.493779618,   6137298.41225605)",DR PABLO DE MARIA 1301 fte al 1318 fte al 1318,0
2026-06-21,B_06,121,S,100,,S,,62078,Matutino,2026-06-21 06:39:51,,183908,"POINT (  575711.984225478,   6137300.83263822)",DR PABLO DE MARIA 1323 1318 1318,0
2026-06-21,B_06,122,S,75,,S,,62078,Matutino,2026-06-21 06:48:40,,181733,"POINT (  575702.198581001,   6137411.06981536)",DR PABLO DE MARIA 1372 ,0
2026-06-21,B_06,123,S,100,,S,,62078,Matutino,2026-06-21 06:43:18,,181732,"POINT (  575701.402221502,   6137413.00383129)",DR PABLO DE MARIA 1372 ,0
2026-06-21,B_06,124,S,75,,S,,62078,Matutino,2026-06-21 06:48:30,,178581,"POINT (  575678.490231860,   6137434.99447281)",DR PABLO DE MARIA 1379 EN 1381/1383 EN 1381/1383,0
2026-06-21,B_06,125,S,100,,S,,62078,Matutino,2026-06-21 06:48:35,,178585,"POINT (  575678.024124634,   6137436.32620774)",DR PABLO DE MARIA 1379 EN 1381/1383 EN 1381/1383,0
2026-06-21,B_06,126,S,75,,S,,62078,Matutino,2026-06-21 06:49:38,,178586,"POINT (  575650.456175912,   6137504.11849393)",DR PABLO DE MARIA 1411 EN 1403 EN 1403,0
2026-06-21,B_06,127,S,100,,S,,62078,Matutino,2026-06-21 06:49:41,,178588,"POINT (  575649.140848654,   6137507.33373834)",DR PABLO DE MARIA 1411 EN 1403 EN 1403,0
2026-06-21,B_06,128,S,100,,S,,62078,Matutino,2026-06-21 04:01:18,,178590,"POINT (  575768.968888103,   6137716.17934666)",DR MARTIN C MARTINEZ 1552 FTE 1533 FTE 1533,0
2026-06-21,B_06,129,S,100,,S,,62078,Matutino,2026-06-21 04:01:30,,178594,"POINT (  575770.490026131,   6137713.28254351)",DR MARTIN C MARTINEZ 1552 FTE 1533 FTE 1533,0
2026-06-21,B_06,130,S,75,,S,,62078,Matutino,2026-06-21 04:01:26,,180378,"POINT (  575783.406114597,   6137672.90447843)",DR MARTIN C MARTINEZ 1533 ,0
2026-06-21,B_06,131,S,75,,S,,62078,Matutino,2026-06-21 04:06:44,,182188,"POINT (  575720.909722412,   6137587.40267793)",ANA MONTERROSO DE LAVALLEJA 2023 ,0
2026-06-21,B_06,132,S,75,,S,,62078,Matutino,2026-06-21 04:06:49,,182187,"POINT (  575719.317003413,   6137586.60631843)",ANA MONTERROSO DE LAVALLEJA 2023 ,0
2026-06-21,B_06,133,S,100,,S,,62078,Matutino,2026-06-21 06:22:34,,178602,"POINT (  575755.939339465,   6137662.86453147)",DR JOAQUIN DE SALTERAIN 1536 EN 1538 EN 1538,0
2026-06-21,B_06,134,S,100,,S,,62078,Matutino,2026-06-21 06:38:23,,178604,"POINT (  575756.762372360,   6137661.57630607)",DR JOAQUIN DE SALTERAIN 1536 EN 1538 EN 1538,0
2026-06-21,B_06,135,S,75,,S,,62078,Matutino,2026-06-21 07:44:59,,178608,"POINT (  575812.022207394,   6137515.22570188)",DR JOAQUIN DE SALTERAIN 1454 ,0
2026-06-21,B_06,136,S,100,,S,,62078,Matutino,2026-06-21 07:45:21,,178611,"POINT (  575812.095281131,   6137512.74119484)",DR JOAQUIN DE SALTERAIN 1454 ,0
2026-06-21,B_06,137,S,75,,S,,62078,Matutino,2026-06-21 07:45:24,,178614,"POINT (  575816.479705323,   6137464.87789741)",DR JOAQUIN DE SALTERAIN 1448 ,0
2026-06-21,B_06,138,S,100,,S,,62078,Matutino,2026-06-21 07:45:27,,178615,"POINT (  575816.479705323,   6137462.97798026)",DR JOAQUIN DE SALTERAIN 1448 ,0
2026-06-21,B_06,139,S,100,,S,,62078,Matutino,2026-06-21 07:46:24,,178624,"POINT (  575823.153326107,   6137389.91086908)",DR JOAQUIN DE SALTERAIN 1408 FTE 1403 FTE 1403,0
2026-06-21,B_06,140,S,100,,S,,62078,Matutino,2026-06-21 06:34:09,,178625,"POINT (  575818.287137293,   6137261.75509817)",DR JOAQUIN DE SALTERAIN 1345 EN 1347 EN 1347,0
2026-06-21,B_06,141,S,75,,S,,62078,Matutino,2026-06-21 06:35:51,,178627,"POINT (  575818.425264532,   6137260.51195302)",DR JOAQUIN DE SALTERAIN 1345 ,0
2026-06-21,B_06,142,S,100,,S,,62078,Matutino,2026-06-21 06:37:13,,178628,"POINT (  575837.906518795,   6137192.74601054)",DR JOAQUIN DE SALTERAIN 1306 ,0
2026-06-21,B_06,143,S,75,,S,,62078,Matutino,2026-06-21 07:10:41,,178629,"POINT (  575500.298728215,   6137238.42675712)",JUAN D JACKSON 1345 ,0
2026-06-21,B_06,144,S,100,,S,,62078,Matutino,2026-06-21 07:10:46,,178630,"POINT (  575499.967222841,   6137240.41578936)",JUAN D JACKSON 1345 ,0
2026-06-21,B_06,145,S,75,,S,,62078,Matutino,2026-06-21 07:04:20,,178632,"POINT (  575612.465758536,   6137340.32579374)",JUAN MANUEL BLANES 1392 FTE 1395 FTE 1395,0
2026-06-21,B_06,146,S,100,,S,,62078,Matutino,2026-06-21 07:06:35,,178634,"POINT (  575607.693090993,   6137238.92987748)",JUAN MANUEL BLANES 1345 EN 1345 EN 1345,0
2026-06-21,B_06,147,S,100,,S,,62078,Matutino,2026-06-21 07:51:20,,178638,"POINT (  575741.798346582,   6137515.81029178)",MIGUEL DEL CORRO 1420 MURO MURO,0
2026-06-21,B_06,148,S,100,,S,,62078,Matutino,2026-06-21 04:10:34,,178642,"POINT (  575649.433143600,   6137552.85867620)",ANA MONTERROSO DE LAVALLEJA 2001 EN 2001 EN 2001,0
2026-06-21,B_06,149,S,75,,S,,62078,Matutino,2026-06-21 04:10:37,,178643,"POINT (  575647.825521396,   6137551.83564389)",ANA MONTERROSO DE LAVALLEJA 2001 EN 2001 EN 2001,0
2026-06-21,B_06,150,S,100,,S,,62078,Matutino,2026-06-21 04:12:25,,183848,"POINT (  575603.030878344,   6137640.04228408)",DR PABLO DE MARIA 1518 ,0
2026-06-21,B_06,151,S,75,,S,,62078,Matutino,2026-06-21 04:12:30,,178647,"POINT (  575601.935214850,   6137641.24136054)",DR PABLO DE MARIA 1518 ,0
2026-06-21,B_06,152,S,75,,S,,62078,Matutino,2026-06-21 04:15:54,,178650,"POINT (  575601.167940617,   6137643.14127769)",DR PABLO DE MARIA 1518 ,0
2026-06-21,B_06,153,S,100,,S,,62078,Matutino,2026-06-21 03:42:32,,183672,"POINT (  575960.281251634,   6137815.51116144)",JUAN PAULLIER 1574 PROV O: Juan Paullier 1624 PROV O: Juan Paullier 1624,0
2026-06-21,B_06,154,S,75,,S,,62078,Matutino,2026-06-21 03:42:28,,183671,"POINT (  575961.479508715,   6137814.20397190)",JUAN PAULLIER 1574 PROV O: Juan Paullier 1624 PROV O: Juan Paullier 1624,0
2026-06-21,B_06,155,S,100,,S,,62078,Matutino,2026-06-21 03:42:44,,178651,"POINT (  575962.362849795,   6137812.40815232)",JUAN PAULLIER 1574 EN 1586 EN 1586,0
2026-06-21,B_07,1,S,75,,S,,62079,Matutino,2026-06-21 07:08:39,,178166,"POINT (  575423.643166976,   6136881.99273395)",EDUARDO ACEVEDO 1194 FTE 1194 FTE 1194,0
2026-06-21,B_07,2,S,75,,S,,62079,Matutino,2026-06-21 07:08:46,,178167,"POINT (  575429.983405520,   6136825.05613633)",EDUARDO ACEVEDO 1160 FTE 1160 FTE 1160,0
2026-06-21,B_07,3,S,25,,S,,62079,Matutino,2026-06-21 04:25:19,,178168,"POINT (  575430.234504076,   6136823.42399572)",EDUARDO ACEVEDO 1160 FTE 1160 FTE 1160,0
2026-06-21,B_07,4,S,25,,S,,62079,Matutino,2026-06-21 06:23:35,,178169,"POINT (  575454.794423518,   6136671.21007303)",EDUARDO ACEVEDO 1104 ,0
2026-06-21,B_07,5,S,75,,S,,62079,Matutino,2026-06-21 07:06:47,,178496,"POINT (  575412.532055864,   6136662.21872264)",DURAZNO 1867 FTE 1878 FTE 1878,0
2026-06-21,B_07,6,S,75,,S,,62079,Matutino,2026-06-21 07:07:03,,183066,"POINT (  575475.625266291,   6136467.71620508)","EDUARDO ACEVEDO 985 EN 979 FTE, MURO FACULTAD EN 979 FTE, MURO FACULTAD",0
2026-06-21,B_07,7,S,50,,S,,62079,Matutino,2026-06-21 07:07:07,,178171,"POINT (  575476.064864442,   6136440.28685505)",EDUARDO ACEVEDO 963 FTE 963 FTE 963,0
2026-06-21,B_07,8,S,75,,S,,62079,Matutino,2026-06-21 07:07:14,,178172,"POINT (  575475.846166669,   6136437.76851707)",EDUARDO ACEVEDO 963 FTE 963 FTE 963,0
2026-06-21,B_07,9,S,50,,S,,62079,Matutino,2026-06-21 07:08:55,,178173,"POINT (  575480.328666038,   6136378.03793166)",EDUARDO ACEVEDO 935 FTE 935/MURO FTE 935/MURO,0
2026-06-21,B_07,10,S,25,,S,,62079,Matutino,2026-06-21 07:09:01,,178174,"POINT (  575480.705313873,   6136374.77365043)",EDUARDO ACEVEDO 935 FTE 935/MURO FTE 935/MURO,0
2026-06-21,B_07,11,S,50,,S,,62079,Matutino,2026-06-21 07:09:11,,178252,"POINT (  575494.688364676,   6136228.35180490)",EDUARDO ACEVEDO 858 EN 854 EN 854,0
2026-06-21,B_07,12,S,25,,S,,62079,Matutino,2026-06-21 07:09:16,,178253,"POINT (  575495.692758901,   6136223.32983378)",EDUARDO ACEVEDO 852 EN 854 EN 854,0
2026-06-21,B_07,13,S,75,,S,,62079,Matutino,2026-06-21 07:09:26,,178291,"POINT (  575567.556712090,   6136213.92671439)",DR LUIS PIERA 1935 FTE 1937/1939 FTE 1937/1939,0
2026-06-21,B_07,14,S,25,,S,,62079,Matutino,2026-06-21 07:09:30,,178292,"POINT (  575572.883651815,   6136214.56594715)",DR LUIS PIERA 1943 FTE 1937/1939 FTE 1937/1939,0
2026-06-21,B_07,15,S,75,,S,,62079,Matutino,2026-06-21 03:16:20,,178296,"POINT (  575562.361920804,   6136532.90357877)",JUAN D JACKSON 1015 EN 1012 EN 1012,0
2026-06-21,B_07,16,S,50,,S,,62079,Matutino,2026-06-21 03:16:27,,178297,"POINT (  575573.852899069,   6136555.26874764)",JUAN D JACKSON 1028 EN 1022/1028 EN 1022/1028,0
2026-06-21,B_07,17,S,75,,S,,62079,Matutino,2026-06-21 03:16:33,,178298,"POINT (  575570.887508576,   6136584.67714814)",JUAN D JACKSON 1048 EN 1042/1048 EN 1042/1048,0
2026-06-21,B_07,18,S,75,,S,,62079,Matutino,2026-06-21 03:20:17,,178299,"POINT (  575553.887468702,   6136773.83518551)",JUAN D JACKSON 1142 EN 1142/1144 EN 1142/1144,0
2026-06-21,B_07,19,S,50,,S,,62079,Matutino,2026-06-21 03:20:23,,178511,"POINT (  575551.598402935,   6136792.30507722)",JUAN D JACKSON 1146 EN 1146 EN 1146,0
2026-06-21,B_07,20,S,25,,S,Basura Afuera,62079,Matutino,2026-06-21 03:20:29,,178301,"POINT (  575551.752459230,   6136792.98442479)",JUAN D JACKSON 1146 EN 1146 EN 1146,0
2026-06-21,B_07,21,S,75,,S,,62079,Matutino,2026-06-21 03:34:28,,178305,"POINT (  575531.067174975,   6136868.18145139)",JUAN D JACKSON 1187 ,0
2026-06-21,B_07,22,S,50,,S,,62079,Matutino,2026-06-21 03:34:31,,178306,"POINT (  575531.067174975,   6136872.65608076)",JUAN D JACKSON 1187 ,0
2026-06-21,B_07,23,S,75,,S,,62079,Matutino,2026-06-21 03:34:39,,179081,"POINT (  575524.432427505,   6136966.79340039)",JUAN D JACKSON 1203 FTE 1230. EDIFICIO CORDON DESIGN FTE 1230. EDIFICIO CORDON DESIGN,0
2026-06-21,B_07,24,S,75,,S,,62079,Matutino,2026-06-21 03:34:43,,179082,"POINT (  575524.137732024,   6136970.62444165)",JUAN D JACKSON 1203 FTE 1230. EDIFICIO CORDON DESIGN FTE 1230. EDIFICIO CORDON DESIGN,0
2026-06-21,B_07,25,S,75,,S,,62079,Matutino,2026-06-21 03:35:15,,178309,"POINT (  575525.207541278,   6137096.70716558)",JUAN D JACKSON 1278 ,0
2026-06-21,B_07,26,S,50,,S,,62079,Matutino,2026-06-21 03:35:19,,178310,"POINT (  575524.994463689,   6137099.69025183)",JUAN D JACKSON 1282 ,0
2026-06-21,B_07,27,S,75,,S,,62079,Matutino,2026-06-21 06:50:48,,179010,"POINT (  575402.119059024,   6137084.76125869)",EDUARDO ACEVEDO 1265 CASA TAPIADA CASA TAPIADA,0
2026-06-21,B_07,28,S,50,,S,,62079,Matutino,2026-06-21 06:50:52,,178312,"POINT (  575422.133203410,   6137035.48028058)",EDUARDO ACEVEDO 1250 ALMACEN ALMACEN,0
2026-06-21,B_07,29,S,50,,S,,62079,Matutino,2026-06-21 06:50:56,,178313,"POINT (  575422.007616738,   6137034.02489164)",EDUARDO ACEVEDO 1250 ALMACEN ALMACEN,0
2026-06-21,B_07,30,S,75,,S,,62079,Matutino,2026-06-21 07:06:42,,183847,"POINT (  575524.680947771,   6136960.56037197)",JUAN D JACKSON 1203 JJackson 1209 JJackson 1209,0
2026-06-21,B_07,31,S,75,,S,,62079,Matutino,2026-06-21 07:09:44,,183846,"POINT (  575524.426170701,   6136963.74508535)",JUAN D JACKSON 1203 Jakson 1209 Jakson 1209,0
2026-06-21,B_07,32,S,50,,S,,62079,Matutino,2026-06-21 03:35:02,,178314,"POINT (  575516.258282540,   6137049.29740203)",JUAN D JACKSON 1251 EN 1253 EN 1253,0
2026-06-21,B_07,33,S,75,,S,Basura Afuera,62079,Matutino,2026-06-21 03:35:07,,178315,"POINT (  575515.938666157,   6137052.06741069)",JUAN D JACKSON 1251 EN 1253 EN 1253,0
2026-06-21,B_07,34,S,75,,S,,62079,Matutino,2026-06-21 03:36:49,,178316,"POINT (  575631.831467555,   6137117.00809153)",JUAN MANUEL BLANES 1284 ,0
2026-06-21,B_07,35,S,50,,S,,62079,Matutino,2026-06-21 03:40:39,,178317,"POINT (  575623.862464981,   6137056.64857885)",JUAN MANUEL BLANES 1253 ,0
2026-06-21,B_07,36,S,50,,S,,62079,Matutino,2026-06-21 03:40:46,,178318,"POINT (  575624.182081365,   6137054.09164779)",JUAN MANUEL BLANES 1253 ,0
2026-06-21,B_07,37,S,75,,S,,62079,Matutino,2026-06-21 03:43:15,,178319,"POINT (  575646.981383387,   6136939.45590491)",JUAN MANUEL BLANES 1208 EN 1208B EN 1208B,0
2026-06-21,B_07,38,S,50,,S,,62079,Matutino,2026-06-21 03:43:22,,178321,"POINT (  575634.196728047,   6136932.74396085)",JUAN MANUEL BLANES 1205 EN 1208B EN 1208B,0
2026-06-21,B_07,39,S,50,,S,,62079,Matutino,2026-06-21 03:47:17,,178322,"POINT (  575643.891758346,   6136832.49095523)",JUAN MANUEL BLANES Esq. BV ESPAÑA ,0
2026-06-21,B_07,40,S,100,,S,,62079,Matutino,2026-06-21 03:48:28,,182180,"POINT (  575644.890912287,   6136828.51135358)",JUAN MANUEL BLANES Esq. MALDONADO ,0
2026-06-21,B_07,41,S,75,,S,,62079,Matutino,2026-06-21 03:55:08,,182181,"POINT (  575667.416509556,   6136698.36345825)",JUAN MANUEL BLANES 1116 ,0
2026-06-21,B_07,42,S,75,,S,,62079,Matutino,2026-06-21 03:55:12,,178327,"POINT (  575667.809717711,   6136693.24475082)",JUAN MANUEL BLANES 1116 FTE 1101. MURO FTE 1101. MURO,0
2026-06-21,B_07,43,S,75,,S,,62079,Matutino,2026-06-21 03:55:16,,178328,"POINT (  575668.235872889,   6136689.72897061)",JUAN MANUEL BLANES 1101 FTE 1101. MURO FTE 1101. MURO,0
2026-06-21,B_07,44,S,75,,S,,62079,Matutino,2026-06-21 03:55:23,,178329,"POINT (  575669.727416012,   6136662.34850042)",JUAN MANUEL BLANES 1096 ,0
2026-06-21,B_07,45,S,25,,S,,62079,Matutino,2026-06-21 03:55:26,,178330,"POINT (  575670.153571190,   6136658.51310382)",JUAN MANUEL BLANES 1096 ,0
2026-06-21,B_07,46,S,75,,S,,62079,Matutino,2026-06-21 03:55:34,,178331,"POINT (  575681.365425156,   6136543.03818505)",JUAN MANUEL BLANES 1008 ,0
2026-06-21,B_07,47,S,75,,S,,62079,Matutino,2026-06-21 04:12:57,,178332,"POINT (  575688.563344829,   6136448.50351171)",JUAN MANUEL BLANES 966 FERRETERIA FERRETERIA,0
2026-06-21,B_07,48,S,100,,S,,62079,Matutino,2026-06-21 04:13:03,,179796,"POINT (  575680.371709859,   6136382.44879859)",JUAN MANUEL BLANES 925 CASA TAPIADA CASA TAPIADA,0
2026-06-21,B_07,49,S,50,,S,Basura Afuera,62079,Matutino,2026-06-21 03:11:20,,178949,"POINT (  575587.734232462,   6136366.23216384)",JUAN D JACKSON 926 ,0
2026-06-21,B_07,50,S,75,,S,Basura Afuera,62079,Matutino,2026-06-21 04:03:26,,178516,"POINT (  575616.158477061,   6136501.81965703)",SAN SALVADOR 1968 EN 1972. FERRETERIA EN 1972. FERRETERIA,0
2026-06-21,B_07,51,N,,Contenedor No Está,S,,62079,Matutino,2026-06-21 07:10:07,,183789,"POINT (  575690.671753383,   6136439.17598120)",AV GONZALO RAMIREZ 2001 ,0
2026-06-21,B_07,52,S,75,,S,,62079,Matutino,2026-06-21 04:06:36,,178335,"POINT (  575794.439531506,   6136304.33925534)",DR PABLO DE MARIA 855 ,0
2026-06-21,B_07,53,S,50,,S,,62079,Matutino,2026-06-21 03:08:46,,178338,"POINT (  575598.825848275,   6136259.04589386)",JUAN D JACKSON 858 EN 872/868 EN 872/868,0
2026-06-21,B_07,54,S,50,,S,,62079,Matutino,2026-06-21 03:08:55,,178339,"POINT (  575598.399693097,   6136261.70936372)",JUAN D JACKSON 858 EN 868/872 EN 868/872,0
2026-06-21,B_07,55,S,25,,S,,62079,Matutino,2026-06-21 03:09:08,,178340,"POINT (  575595.310068057,   6136295.53543097)",JUAN D JACKSON 888 ,0
2026-06-21,B_07,56,S,75,,S,,62079,Matutino,2026-06-21 03:08:59,,178341,"POINT (  575594.990451673,   6136297.02697409)",JUAN D JACKSON 888 ,0
2026-06-21,B_07,57,S,50,,S,,62079,Matutino,2026-06-21 03:09:14,,178365,"POINT (  575838.911021672,   6136335.48747890)",DR LAURO MULLER 2069 ,0
2026-06-21,B_07,58,S,25,,S,Basura Afuera,62079,Matutino,2026-06-21 03:09:23,,178366,"POINT (  575842.533340685,   6136336.12671167)",DR LAURO MULLER 2069 ,0
2026-06-21,B_07,59,S,50,,S,,62079,Matutino,2026-06-21 04:12:25,,178367,"POINT (  575845.303349342,   6136336.02017288)",DR LAURO MULLER 2089 ,0
2026-06-21,B_07,60,S,50,,S,,62079,Matutino,2026-06-21 04:12:33,,178368,"POINT (  575887.173095579,   6136387.15879423)",DR JOAQUIN DE SALTERAIN 925 SUBESTACION SUBESTACION,0
2026-06-21,B_07,61,S,75,,S,,62079,Matutino,2026-06-21 04:12:37,,178369,"POINT (  575888.345022319,   6136395.14920382)",DR JOAQUIN DE SALTERAIN 925 SUBESTACION SUBESTACION,0
2026-06-21,B_07,62,S,50,,S,,62079,Matutino,2026-06-21 05:38:51,,178370,"POINT (  575884.829242100,   6136619.46663563)",DR JOAQUIN DE SALTERAIN 1054 ,0
2026-06-21,B_07,63,S,25,,S,,62079,Matutino,2026-06-21 05:38:55,,178371,"POINT (  575884.616164512,   6136622.87587705)",DR JOAQUIN DE SALTERAIN 1054 EN 1044 EN 1044,0
2026-06-21,B_07,64,S,75,,S,,62079,Matutino,2026-06-21 05:38:59,,178372,"POINT (  575875.666905774,   6136729.09505517)",DR JOAQUIN DE SALTERAIN 1116 ,0
2026-06-21,B_07,65,S,25,,S,,62079,Matutino,2026-06-21 05:39:04,,178373,"POINT (  575875.421862356,   6136732.20326430)",DR JOAQUIN DE SALTERAIN 1116 ,0
2026-06-21,B_07,66,S,75,,S,,62079,Matutino,2026-06-21 05:39:10,,178374,"POINT (  576076.625706894,   6136595.52204156)",JUAN PAULLIER 1011 EN 1013 EN 1013,0
2026-06-21,B_07,67,S,25,,S,,62079,Matutino,2026-06-21 05:39:13,,178375,"POINT (  576076.708861873,   6136592.82690647)",JUAN PAULLIER 1011 EN 1013 EN 1013,0
2026-06-21,B_07,68,S,75,,S,,62079,Matutino,2026-06-21 05:44:40,,178376,"POINT (  576096.761539054,   6136526.96432731)",JUAN PAULLIER 990 ,0
2026-06-21,B_07,69,S,75,,S,,62079,Matutino,2026-06-21 05:46:06,,178377,"POINT (  576085.988020641,   6136487.56295290)",JUAN PAULLIER 951 EN 961 EN 961,0
2026-06-21,B_07,70,S,50,,S,,62079,Matutino,2026-06-21 05:46:11,,178378,"POINT (  576086.220536671,   6136484.23022313)",JUAN PAULLIER 951 EN 961 EN 961,0
2026-06-21,B_07,71,S,75,,S,,62079,Matutino,2026-06-21 04:51:20,,178518,"POINT (  575949.497072004,   6136527.52002668)",SAN SALVADOR 2122 EN 2126 EN 2126,0
2026-06-21,B_07,72,S,25,,S,,62079,Matutino,2026-06-21 06:39:30,,178379,"POINT (  576131.610577004,   6136604.78866027)",21 DE SETIEMBRE 2276 EN 2276/2280. MURO EN 2276/2280. MURO,0
2026-06-21,B_07,73,S,75,,S,,62079,Matutino,2026-06-21 06:39:37,,178380,"POINT (  576132.401781047,   6136603.57708559)",21 DE SETIEMBRE 2276 EN 2276/2280. MURO EN 2276/2280. MURO,0
2026-06-21,B_07,74,S,50,,S,,62079,Matutino,2026-06-21 06:39:41,,178381,"POINT (  576133.626829007,   6136601.15553931)",21 DE SETIEMBRE 2280 EN 2276/2280. MURO EN 2276/2280. MURO,0
2026-06-21,B_07,75,S,50,,S,,62079,Matutino,2026-06-21 06:23:30,,178382,"POINT (  576459.156572294,   6136581.60079904)",BV GRAL ARTIGAS 996 ,0
2026-06-21,B_07,76,S,25,,S,,62079,Matutino,2026-06-21 06:24:08,,178383,"POINT (  576459.418013945,   6136582.15977913)",BV GRAL ARTIGAS 996 ,0
2026-06-21,B_07,77,S,25,,S,,62079,Matutino,2026-06-21 06:24:12,,178384,"POINT (  576437.259526265,   6136793.20477475)",BV GRAL ARTIGAS 1118 ,0
2026-06-21,B_07,78,S,25,,S,,62079,Matutino,2026-06-21 06:24:17,,178385,"POINT (  576437.174923180,   6136794.28810667)",BV GRAL ARTIGAS 1118 ,0
2026-06-21,B_07,79,S,50,,S,,62079,Matutino,2026-06-21 06:24:23,,178386,"POINT (  576435.448366758,   6136820.69178373)",BV GRAL ARTIGAS 1132 ,0
2026-06-21,B_07,80,S,25,,S,,62079,Matutino,2026-06-21 06:24:29,,178387,"POINT (  576407.641741395,   6136723.42186436)",BV GRAL ARTIGAS 1097 ,0
2026-06-21,B_07,81,S,50,,S,,62079,Matutino,2026-06-21 06:24:35,,178388,"POINT (  576407.854818984,   6136718.73415740)",BV GRAL ARTIGAS 1093 ,0
2026-06-21,B_07,82,S,25,,S,,62079,Matutino,2026-06-21 06:24:41,,178392,"POINT (  576435.093656003,   6136405.30848312)",BV GRAL ARTIGAS 917 EN 931 EN 931,0
2026-06-21,B_07,83,S,25,,S,,62079,Matutino,2026-06-21 06:24:46,,178393,"POINT (  576435.217878811,   6136401.43230510)",BV GRAL ARTIGAS 917 EN 931 EN 931,0
2026-06-21,B_07,84,S,50,,S,,62079,Matutino,2026-06-21 05:52:15,,178394,"POINT (  576343.611925902,   6136391.97967468)",21 DE SETIEMBRE Esq. PSJE 18 EN 2357/2363 EN 2357/2363,0
2026-06-21,B_07,85,S,50,,S,,62079,Matutino,2026-06-21 06:25:03,,178395,"POINT (  576341.873554948,   6136393.82797572)",21 DE SETIEMBRE Esq. PSJE 18 EN 2357/2363 EN 2357/2363,0
2026-06-21,B_07,86,N,,Contenedor No Está,S,,62079,Matutino,2026-06-21 07:10:21,,183844,"POINT (  576325.577388535,   6136404.94606369)",21 DE SETIEMBRE 2357 ,0
2026-06-21,B_07,87,S,50,,S,,62079,Matutino,2026-06-21 06:13:26,,178396,"POINT (  576253.554573015,   6136515.15485513)",JAVIER DE VIANA 1035 ,0
2026-06-21,B_07,88,S,25,,S,,62079,Matutino,2026-06-21 05:46:29,,178405,"POINT (  576337.260343860,   6136510.34952384)",JAVIER DE VIANA 1005 ,0
2026-06-21,B_07,89,S,50,,S,,62079,Matutino,2026-06-21 05:47:33,,178406,"POINT (  576340.360557594,   6136508.48939560)",JAVIER DE VIANA 1005 ,0
2026-06-21,B_07,90,S,50,,S,,62079,Matutino,2026-06-21 05:49:48,,178455,"POINT (  576397.869522378,   6136432.68916978)",JAVIER DE VIANA 971 EN 971 EN 971,0
2026-06-21,B_07,91,S,25,,S,,62079,Matutino,2026-06-21 05:47:40,,178456,"POINT (  576303.553339172,   6136459.41873160)",PSJE 15 Esq. GURI EN 978 EN 978,0
2026-06-21,B_07,92,S,75,,S,,62079,Matutino,2026-06-21 06:11:53,,178467,"POINT (  576315.574743624,   6136586.42464250)",DR MARIO CASSINONI 1001 MURO MURO,0
2026-06-21,B_07,93,S,75,,S,,62079,Matutino,2026-06-21 06:12:03,,178468,"POINT (  576318.387889836,   6136716.86101421)",DR MARIO CASSINONI 1046 ,0
2026-06-21,B_07,94,S,75,,S,,62079,Matutino,2026-06-21 06:11:58,,178469,"POINT (  576305.696308861,   6136849.36049270)",DR MARIO CASSINONI 1094 FTE 1095 FTE 1095,0
2026-06-21,B_07,95,S,50,,S,,62079,Matutino,2026-06-21 06:12:08,,178470,"POINT (  576284.688912950,   6136942.42485509)",DR MARIO CASSINONI 1139 ,0
2026-06-21,B_07,96,S,50,,S,,62079,Matutino,2026-06-21 06:12:15,,178471,"POINT (  576274.842450631,   6137063.93666727)",DR MARIO CASSINONI 1191 MURO MURO,0
2026-06-21,B_07,97,S,50,,S,,62079,Matutino,2026-06-21 06:11:31,,178472,"POINT (  576356.849371118,   6137209.21213256)",GUANA 2344 ,0
2026-06-21,B_07,98,S,50,,S,,62079,Matutino,2026-06-21 06:11:37,,178475,"POINT (  576359.459571584,   6137209.53174894)",GUANA 2344 ,0
2026-06-21,B_07,99,S,75,,S,,62079,Matutino,2026-06-21 06:11:42,,178476,"POINT (  576375.174043772,   6137131.75842896)",BV GRAL ARTIGAS 1259 EN 1259 EN 1259,0
2026-06-21,B_07,100,S,75,,S,,62079,Matutino,2026-06-21 06:17:54,,178941,"POINT (  576392.401058388,   6136888.60377930)",BV GRAL ARTIGAS 1153 EN 1157 EN 1157,0
2026-06-21,B_07,101,S,50,,S,,62079,Matutino,2026-06-21 06:18:00,,178480,"POINT (  576392.564457081,   6136886.91532615)",BV GRAL ARTIGAS 1153 ,0
2026-06-21,B_07,102,S,75,,S,,62079,Matutino,2026-06-21 06:22:38,,178481,"POINT (  576399.729650619,   6136822.69605764)",BV GRAL ARTIGAS 1133 ,0
2026-06-21,B_07,103,N,,Contenedor No Está,S,,62079,Matutino,2026-06-21 06:22:44,,178482,"POINT (  576399.884661306,   6136820.13838131)",BV GRAL ARTIGAS 1133 ,0
2026-06-21,B_07,104,S,75,,S,,62079,Matutino,2026-06-21 05:34:52,,178483,"POINT (  576210.935147075,   6136591.71765425)",ACEVEDO DIAZ 1011 VEREDA VEREDA,0
2026-06-21,B_07,105,N,,Contenedor No Está,S,,62079,Matutino,2026-06-21 07:10:59,,184174,"POINT (  575997.151641784,   6136586.66847042)",DR JOAQUIN REQUENA 1010 Dr Joaquin Requena 1018 PROV O EN Dr Joaquin Requena 1006 Dr Joaquin Requena 1018 PROV O EN Dr Joaquin Requena 1006,0
2026-06-21,B_07,106,S,75,,S,,62079,Matutino,2026-06-21 04:52:40,,184173,"POINT (  575996.447416432,   6136589.72011362)",DR JOAQUIN REQUENA 1016 Dr Joaquin Requena 1018 PROV O en Dr Joaquin Requena 1006 Dr Joaquin Requena 1018 PROV O en Dr Joaquin Requena 1006,0
2026-06-21,B_07,107,S,50,,S,,62079,Matutino,2026-06-21 04:52:48,,184172,"POINT (  575996.212674648,   6136592.53701503)",DR JOAQUIN REQUENA 1016 Dr Joaqui Requena 1018 PROV O en Joaquin Requena 1006 Dr Joaqui Requena 1018 PROV O en Joaquin Requena 1006,0
2026-06-21,B_07,108,S,25,,S,,62079,Matutino,2026-06-21 04:57:05,,178489,"POINT (  575988.350714403,   6136669.64033038)",DR JOAQUIN REQUENA 1040 ESQ BV ESPAÑA ESQ BV ESPAÑA,0
2026-06-21,B_07,109,S,75,,S,,62079,Matutino,2026-06-21 04:57:20,,178490,"POINT (  575988.041823762,   6136677.15321736)",DR JOAQUIN REQUENA 1040 ESQ BV ESPAÑA ESQ BV ESPAÑA,0
2026-06-21,B_07,110,S,50,,S,,62079,Matutino,2026-06-21 04:57:25,,178491,"POINT (  575987.426101201,   6136682.21798559)",DR JOAQUIN REQUENA 1040 ESQ BV ESPAÑA ESQ BV ESPAÑA,0
2026-06-21,B_07,111,S,75,,S,,62079,Matutino,2026-06-21 04:59:27,,178523,"POINT (  575977.411454519,   6136801.27508844)",DR JOAQUIN REQUENA 1090 EN 1092 EN 1092,0
2026-06-21,B_07,112,S,50,,S,,62079,Matutino,2026-06-21 04:59:30,,178524,"POINT (  575977.248023885,   6136803.97851721)",DR JOAQUIN REQUENA 1090 EN 1092 EN 1092,0
2026-06-21,B_07,113,S,50,,S,,62079,Matutino,2026-06-21 05:07:01,,178525,"POINT (  575958.847069577,   6136861.44287263)",DR JOAQUIN REQUENA 1108 FTE 1108 FTE 1108,0
2026-06-21,B_07,114,S,50,,S,,62079,Matutino,2026-06-21 05:07:06,,178526,"POINT (  575954.159362620,   6136919.93267081)",DR JOAQUIN REQUENA 1142 FTE 1144 FTE 1144,0
2026-06-21,B_07,115,S,100,,S,,62079,Matutino,2026-06-21 05:07:18,,178527,"POINT (  575950.377235415,   6136960.68375970)",DR JOAQUIN REQUENA 1153 ,0
2026-06-21,B_07,116,S,75,,S,,62079,Matutino,2026-06-21 05:07:26,,178528,"POINT (  575955.757444538,   6137051.61462080)",DR JOAQUIN REQUENA 1192 EN 1194 EN 1194,0
2026-06-21,B_07,117,S,75,,S,Basura Afuera,62079,Matutino,2026-06-21 05:07:30,,178529,"POINT (  575955.650905743,   6137054.91732343)",DR JOAQUIN REQUENA 1192 EN 1194 EN 1194,0
2026-06-21,B_07,118,N,,Auto,S,,62079,Matutino,2026-06-21 05:07:37,,178530,"POINT (  575940.587996469,   6137081.29263580)",DR JOAQUIN REQUENA 1203 ,0
2026-06-21,B_07,119,S,75,,S,,62079,Matutino,2026-06-21 05:09:25,,178531,"POINT (  575946.910254154,   6137154.59045885)",DR JOAQUIN REQUENA 1248 ,0
2026-06-21,B_07,120,N,,Contenedor No Está,S,,62079,Matutino,2026-06-21 07:08:17,,184009,"POINT (  576055.165427771,   6137178.95053886)",GUANA 2206 Guana 2206 PROV O en Juan Paullier 1257 Guana 2206 PROV O en Juan Paullier 1257,0
2026-06-21,B_07,121,S,75,,S,,62079,Matutino,2026-06-21 05:13:58,,178532,"POINT (  576040.569889421,   6137045.48516717)",JUAN PAULLIER 1189 EN 1195 EN 1195,0
2026-06-21,B_07,122,S,75,,S,,62079,Matutino,2026-06-21 05:14:07,,178534,"POINT (  576040.647394764,   6137043.70254427)",JUAN PAULLIER 1185 EN 1195 EN 1195,0
2026-06-21,B_07,123,S,100,,S,Basura Afuera,62079,Matutino,2026-06-21 05:14:14,,178535,"POINT (  576046.954652627,   6136968.30128351)",JUAN PAULLIER 1155 S/N ESQ CANELONES S/N ESQ CANELONES,0
2026-06-21,B_07,124,S,75,,S,,62079,Matutino,2026-06-21 05:18:15,,178536,"POINT (  576068.458788401,   6136870.56005969)",JUAN PAULLIER 1102 ,0
2026-06-21,B_07,125,S,75,,S,,62079,Matutino,2026-06-21 05:26:06,,178538,"POINT (  576070.073571032,   6136694.49658165)",JUAN PAULLIER 1043 FTE 1046 FTE 1046,0
2026-06-21,B_07,126,S,50,,S,,62079,Matutino,2026-06-21 04:26:52,,178540,"POINT (  575751.282863200,   6136856.94160856)",DR PABLO DE MARIA 1111 EN 1115/1119 EN 1115/1119,0
2026-06-21,B_07,127,S,75,,S,,62079,Matutino,2026-06-21 04:30:06,,178541,"POINT (  575747.554005392,   6136907.12138077)",DR PABLO DE MARIA 1141 FTE 1148 FTE 1148,0
2026-06-21,B_07,128,S,75,,S,,62079,Matutino,2026-06-21 04:33:47,,178542,"POINT (  575746.062462269,   6137085.68040035)",DR PABLO DE MARIA 1214 EN 1216 EN 1216,0
2026-06-21,B_07,129,S,25,,S,,62079,Matutino,2026-06-21 04:33:52,,178543,"POINT (  575745.902654077,   6137087.75790684)",DR PABLO DE MARIA 1214 EN 1216 EN 1216,0
2026-06-21,B_07,130,S,50,,S,Basura Afuera,62079,Matutino,2026-06-21 04:33:57,,178544,"POINT (  575745.583037694,   6137089.78214393)",DR PABLO DE MARIA 1214 EN 1216 EN 1216,0
2026-06-21,B_07,131,S,100,,S,Basura Afuera,62079,Matutino,2026-06-21 04:34:03,,178575,"POINT (  575728.057405999,   6137145.55520285)",DR PABLO DE MARIA 1247 ,0
2026-06-21,B_07,132,S,75,,S,Basura Afuera,62079,Matutino,2026-06-21 04:46:47,,178577,"POINT (  575842.251691198,   6137137.86307779)",DR JOAQUIN DE SALTERAIN 1288 EN 1280/1288 EN 1280/1288,0
2026-06-21,B_07,133,S,75,,S,Basura Afuera,62079,Matutino,2026-06-21 04:46:54,,178578,"POINT (  575852.351388977,   6137024.87204573)",DR JOAQUIN DE SALTERAIN 1236 ,0
2026-06-21,B_07,134,S,50,,S,,62079,Matutino,2026-06-21 04:46:59,,178579,"POINT (  575852.547987368,   6137022.28981762)",DR JOAQUIN DE SALTERAIN 1236 ,0
2026-06-21,B_07,135,S,75,,S,,62079,Matutino,2026-06-21 04:47:03,,178580,"POINT (  575859.952433586,   6136919.16026455)",DR JOAQUIN DE SALTERAIN 1191 FTE 1187/1191. IGLESIA FTE 1187/1191. IGLESIA,0
2026-06-21,B_07,136,S,50,,S,Basura Afuera,62079,Matutino,2026-06-21 04:47:12,,178582,"POINT (  575860.369966075,   6136916.36126509)",DR JOAQUIN DE SALTERAIN 1191 FTE 1187/1191. IGLESIA FTE 1187/1191. IGLESIA,0
2026-06-21,B_07,137,S,75,,S,Basura Afuera,62079,Matutino,2026-06-21 04:47:41,,179068,"POINT (  575873.047072767,   6136774.37761351)",DR JOAQUIN DE SALTERAIN 1124 ,0
2026-06-21,B_07,138,S,75,,S,Basura Afuera,62079,Matutino,2026-06-21 04:47:47,,179069,"POINT (  575873.156005229,   6136772.30789673)",DR JOAQUIN DE SALTERAIN 1124 ,0
2026-06-21,B_07,139,S,50,,S,,62079,Matutino,2026-06-21 04:48:52,,178587,"POINT (  575874.654787226,   6136588.51711583)",DR JOAQUIN DE SALTERAIN 1031 EN 1029/1031. PROV OP (O: DR JOAQUIN DE SALTERAIN 1007) EN 1029/1031. PROV OP (O: DR JOAQUIN DE SALTERAIN 1007),0
2026-06-21,B_07,140,S,75,,S,Basura Afuera,62079,Matutino,2026-06-21 04:47:59,,179502,"POINT (  575879.513785889,   6136509.41945971)",DR JOAQUIN DE SALTERAIN 985 EN 991 EN 991,0
2026-06-21,B_07,141,S,75,,S,,62079,Matutino,2026-06-21 04:48:05,,178591,"POINT (  575880.514420924,   6136495.10922776)",DR JOAQUIN DE SALTERAIN 977 ,0
2026-06-21,B_07,142,S,50,,S,Basura Afuera,62079,Matutino,2026-06-21 04:48:13,,178600,"POINT (  575880.567690321,   6136493.59104993)",DR JOAQUIN DE SALTERAIN 977 ,0
2026-06-21,B_07,143,S,75,,S,Basura Afuera,62079,Matutino,2026-06-21 04:06:49,,178601,"POINT (  575781.699689028,   6136454.91746753)",DR PABLO DE MARIA Esq. AV GONZALO RAMIREZ FTE 954 FTE 954,0
2026-06-21,B_07,144,S,100,,S,Basura Afuera,62079,Matutino,2026-06-21 04:06:57,,178603,"POINT (  575781.593150234,   6136458.85940293)",DR PABLO DE MARIA 967 FTE 954 FTE 954,0
2026-06-21,B_07,145,S,50,,S,,62079,Matutino,2026-06-21 04:25:15,,178605,"POINT (  575786.559680432,   6136565.56041192)",DR PABLO DE MARIA 1010 ESTACIONAMIENTO ESTACIONAMIENTO,0
2026-06-21,B_07,146,S,50,,S,,62079,Matutino,2026-06-21 04:25:48,,178606,"POINT (  575786.501782012,   6136567.28933736)",DR PABLO DE MARIA 1010 ESTACIONAMIENTO ESTACIONAMIENTO,0
2026-06-21,B_07,147,S,75,,S,,62079,Matutino,2026-06-21 04:25:52,,178607,"POINT (  575778.369312785,   6136667.18158613)",DR PABLO DE MARIA 1048 ,0
2026-06-21,B_07,148,S,50,,S,,62079,Matutino,2026-06-21 04:25:56,,178609,"POINT (  575778.175318182,   6136669.41391783)",DR PABLO DE MARIA 1048 ,0
2026-06-21,B_07,149,S,75,,S,,62079,Matutino,2026-06-21 04:26:38,,184168,"POINT (  575763.137640376,   6136705.65831597)",DR PABLO DE MARIA 1051 Pablo de Maria 1057 Pablo de Maria 1057,0
2026-06-21,B_07,150,S,75,,S,,62079,Matutino,2026-06-21 04:26:25,,184169,"POINT (  575774.267132864,   6136751.05227841)",DR PABLO DE MARIA 1084 Pablo de maria 1086 Pablo de maria 1086,0
2026-06-21,B_07,151,S,50,,S,,62079,Matutino,2026-06-21 07:07:48,,183675,"POINT (  575879.252714161,   6136822.17714815)",MALDONADO 2106 ,0
2026-06-21,B_07,152,S,75,,S,,62079,Matutino,2026-06-21 07:07:52,,183676,"POINT (  575882.956417865,   6136821.74141830)",MALDONADO 2112 ,0
2026-06-21,B_07,153,S,75,,S,Basura Afuera,62079,Matutino,2026-06-21 05:31:49,,184010,"POINT (  576075.974380397,   6136854.53560549)",MALDONADO 2203 Maldonado 2203 PROV O en Jaun Paullier 1087 Maldonado 2203 PROV O en Jaun Paullier 1087,0
2026-06-21,B_07,154,S,75,,S,,62079,Matutino,2026-06-21 05:31:41,,178617,"POINT (  576078.490135798,   6136854.41131219)",MALDONADO 2203 ,0
2026-06-21,B_07,155,S,75,,S,,62079,Matutino,2026-06-21 05:31:30,,178618,"POINT (  576082.655290873,   6136854.82202244)",MALDONADO 2203 ,0
2026-06-21,B_07,156,S,50,,S,,62079,Matutino,2026-06-21 06:36:12,,178619,"POINT (  576206.353818898,   6136826.76508814)",ACEVEDO DIAZ 1092 EN 1088/1096. CASA TAPEADA EN 1088/1096. CASA TAPEADA,0
2026-06-21,B_07,157,S,50,,S,,62079,Matutino,2026-06-21 06:36:15,,178626,"POINT (  576206.258263623,   6136821.98877310)",ACEVEDO DIAZ 1092 EN 1088/1096. CASA TAPEADA EN 1088/1096. CASA TAPEADA,0
2026-06-21,B_07,158,S,75,,S,,62079,Matutino,2026-06-21 05:31:04,,178631,"POINT (  576110.435392850,   6136708.26896653)",EDIL HUGO PRATO 2214 EN 2214 EN 2214,0
2026-06-21,B_07,159,S,50,,S,,62079,Matutino,2026-06-21 05:31:08,,178633,"POINT (  576113.328321598,   6136708.87931891)",EDIL HUGO PRATO 2214 EN 2214 EN 2214,0
2026-06-21,B_07,160,S,75,,S,Basura Afuera,62079,Matutino,2026-06-21 05:31:16,,178635,"POINT (  576181.548798070,   6136713.99658037)",EDIL HUGO PRATO 2244 (*)PROV OV (O: ACEVEDO DIAZ 1050). VERIFICAR QUE ESTE (*)PROV OV (O: ACEVEDO DIAZ 1050). VERIFICAR QUE ESTE,0
2026-06-21,B_07,161,S,100,,S,Basura Afuera,62079,Matutino,2026-06-21 05:33:48,,178637,"POINT (  576214.259363923,   6136708.80195552)",ACEVEDO DIAZ 1050 ,0
2026-06-21,B_07,162,S,100,,S,Basura Afuera,62079,Matutino,2026-06-21 06:35:53,,178639,"POINT (  576195.041378612,   6136943.75630356)",ACEVEDO DIAZ 1142 FTE 1145 FTE 1145,0
2026-06-21,B_07,163,S,75,,S,,62079,Matutino,2026-06-21 06:35:58,,178640,"POINT (  576283.418733475,   6137134.49046631)",DR MARIO CASSINONI 1220 ,0
2026-06-21,B_07,164,S,25,,S,,62079,Matutino,2026-06-21 06:36:02,,178641,"POINT (  576279.832081706,   6137190.64817507)",DR MARIO CASSINONI 1246 EN 1248 EN 1248,0
2026-06-21,B_07,165,S,75,,S,Basura Afuera,62079,Matutino,2026-06-21 06:35:38,,178644,"POINT (  576163.002034532,   6137182.04473997)",ACEVEDO DIAZ 1247 ,0
2026-06-21,B_07,166,S,25,,S,,62079,Matutino,2026-06-21 06:35:31,,178645,"POINT (  576165.985120778,   6137134.68824581)",ACEVEDO DIAZ 1221 EN 1217/1221 EN 1217/1221,0
2026-06-21,B_07,167,S,75,,S,,62079,Matutino,2026-06-21 06:35:26,,178646,"POINT (  576166.038390175,   6137131.54535137)",ACEVEDO DIAZ 1217 EN 1217/1221 EN 1217/1221,0
2026-06-21,B_07,168,S,75,,S,Basura Afuera,62079,Matutino,2026-06-21 06:35:22,,178648,"POINT (  576171.378124913,   6137072.95615188)",ACEVEDO DIAZ 1197 ,0
2026-06-21,B_07,169,S,75,,S,,62079,Matutino,2026-06-21 06:01:34,,178649,"POINT (  576378.050591223,   6136986.22643568)",CANELONES 2339 FTE 2348 FTE 2348,0
2026-06-21,B_04,1,S,50,,S,Basura Afuera,62088,Matutino,2026-06-21 02:52:31,,177687,"POINT (  574673.683640346,   6137302.08625601)",TACUAREMBO 1472,0
2026-06-21,B_04,2,S,25,,S,Basura Afuera,62088,Matutino,2026-06-21 02:52:36,,177708,"POINT (  574658.326626828,   6137338.83872040)",TACUAREMBO 1494,0
2026-06-21,B_04,3,S,50,,S,Basura Afuera,62088,Matutino,2026-06-21 02:52:41,,177709,"POINT (  574638.205780252,   6137392.03155299)",TACUAREMBO 1520,0
2026-06-21,B_04,4,S,50,,S,Basura Afuera,62088,Matutino,2026-06-21 02:43:26,,177710,"POINT (  574712.169278165,   6137436.43428950)",CARLOS ROXLO 1475 EN 1469,0
2026-06-21,B_04,5,S,25,,S,,62088,Matutino,2026-06-21 02:44:33,,177711,"POINT (  574752.705166214,   6137320.87250556)",CARLOS ROXLO 1427 MURO SUPERMERCADO,0
2026-06-21,B_04,6,S,25,,S,,62088,Matutino,2026-06-21 02:44:30,,177712,"POINT (  574753.550050453,   6137318.78514450)",CARLOS ROXLO 1427 MURO SUPERMERCADO,0
2026-06-21,B_04,7,S,50,,S,Basura Afuera,62088,Matutino,2026-06-21 03:02:47,,177715,"POINT (  574833.029789288,   6137371.42281815)",MINAS 1463,0
2026-06-21,B_04,8,S,25,,S,,62088,Matutino,2026-06-21 03:06:55,,179373,"POINT (  574714.066719986,   6137377.61359304)",COLONIA 1594,0
2026-06-21,B_04,9,S,25,,S,,62088,Matutino,2026-06-21 03:06:52,,179374,"POINT (  574672.051936797,   6137359.04576950)",COLONIA 1562,0
2026-06-21,B_04,10,N,,Otros,S,,62088,Matutino,2026-06-21 03:32:31,,183778,"POINT (  574877.166716541,   6137554.96052256)",MAGALLANES 1494,0
2026-06-21,B_04,11,S,50,,S,Basura Afuera,62088,Matutino,2026-06-21 03:00:33,,177779,"POINT (  574933.907985908,   6137440.05088231)",MAGALLANES 1420 EN 1418/1424,0
2026-06-21,B_04,12,S,25,,S,,62088,Matutino,2026-06-21 03:22:30,,177780,"POINT (  575028.187127149,   6137467.28597424)",GABOTO 1468 EN 1472,0
2026-06-21,B_04,13,S,50,,S,Basura Afuera,62088,Matutino,2026-06-21 03:22:37,,177781,"POINT (  575007.673253256,   6137506.09751066)",GABOTO 1488 EN 1494,0
2026-06-21,B_04,14,S,50,,S,Basura Afuera,62088,Matutino,2026-06-21 03:22:33,,177782,"POINT (  575006.902917626,   6137507.19089026)",GABOTO 1488 EN 1494,0
2026-06-21,B_04,15,S,50,,S,Basura Afuera,62088,Matutino,2026-06-21 03:26:48,,177783,"POINT (  574969.182290593,   6137589.53977362)",GABOTO 1550 FTE 1543,0
2026-06-21,B_04,16,S,50,,S,Basura Afuera,62088,Matutino,2026-06-21 03:26:54,,180002,"POINT (  574967.900635211,   6137593.24868874)",GABOTO 1550 PROV OV (O: AV URUGUAY 1760/1754),0
2026-06-21,B_04,17,S,25,,S,,62088,Matutino,2026-06-21 08:05:05,,177784,"POINT (  575106.985007189,   6137562.38515018)",COLONIA 1796 EN 1796/1800,0
2026-06-21,B_04,18,S,50,,S,Basura Afuera,62088,Matutino,2026-06-21 03:30:47,,177785,"POINT (  575105.792229440,   6137561.73906224)",COLONIA 1796 EN 1796/1800,0
2026-06-21,B_04,19,S,25,,S,Basura Afuera,62088,Matutino,2026-06-21 02:56:55,,180181,"POINT (  574789.169776836,   6137511.89230904)",MINAS Esq. MERCEDES,0
2026-06-21,B_04,20,S,100,,S,Basura Afuera,62088,Matutino,2026-06-21 03:21:47,,177786,"POINT (  575187.913221098,   6137674.28663310)",EDUARDO ACEVEDO 1595 FTE 1569,0
2026-06-21,B_04,21,S,100,,S,Basura Afuera,62088,Matutino,2026-06-21 03:21:54,,177787,"POINT (  575188.879632207,   6137671.61214654)",EDUARDO ACEVEDO 1551 FTE 1569,0
2026-06-21,B_04,22,S,100,,S,,62088,Matutino,2026-06-21 03:21:59,,177788,"POINT (  575190.093264762,   6137669.29725481)",EDUARDO ACEVEDO 1551 FTE 1569,0
2026-06-21,B_04,23,S,75,,S,Basura Afuera,62088,Matutino,2026-06-21 03:22:05,,177789,"POINT (  575218.366408367,   6137605.04215341)",EDUARDO ACEVEDO 1542,0
2026-06-21,B_04,24,S,75,,S,Basura Afuera,62088,Matutino,2026-06-21 03:22:11,,177790,"POINT (  575218.815901906,   6137603.60377409)",EDUARDO ACEVEDO 1542,0
2026-06-21,B_04,25,S,50,,S,Basura Afuera,62088,Matutino,2026-06-21 03:22:22,,177809,"POINT (  575233.357017894,   6137537.68554659)",EDUARDO ACEVEDO 1503 EN 1507/1511,0
2026-06-21,B_04,26,S,50,,S,Basura Afuera,62088,Matutino,2026-06-21 03:22:16,,177810,"POINT (  575234.098682233,   6137536.29211662)",EDUARDO ACEVEDO 1503 EN 1507/1511,0
2026-06-21,B_04,27,S,50,,S,Basura Afuera,62088,Matutino,2026-06-21 05:37:40,,177816,"POINT (  574883.811719674,   6138231.64757235)",ARENAL GRANDE 1883,0
2026-06-21,B_04,28,S,25,,S,Basura Afuera,62088,Matutino,2026-06-21 05:37:36,,177817,"POINT (  574884.465827862,   6138230.57847201)",ARENAL GRANDE 1883,0
2026-06-21,B_04,29,S,25,,S,Basura Afuera,62088,Matutino,2026-06-21 05:40:18,,177818,"POINT (  575004.025414283,   6138123.71274809)",ARENAL GRANDE 1819 FTE 1816. MURO,0
2026-06-21,B_04,30,S,25,,S,Basura Afuera,62088,Matutino,2026-06-21 05:40:20,,177819,"POINT (  575005.643591023,   6138121.73497652)",ARENAL GRANDE 1819 FTE 1816. MURO,0
2026-06-21,B_04,31,S,25,,S,Basura Afuera,62088,Matutino,2026-06-21 05:45:54,,177820,"POINT (  575140.671450147,   6137999.69748068)",ARENAL GRANDE 1717,0
2026-06-21,B_04,32,S,25,,S,Basura Afuera,62088,Matutino,2026-06-21 05:45:51,,177821,"POINT (  575142.072070031,   6137997.99725370)",ARENAL GRANDE 1717,0
2026-06-21,B_04,33,S,25,,S,Basura Afuera,62088,Matutino,2026-06-21 05:46:07,,177822,"POINT (  575213.804048947,   6137930.56537438)",ARENAL GRANDE 1681 FTE 1678. MURO,0
2026-06-21,B_04,34,S,25,,S,,62088,Matutino,2026-06-21 05:48:25,,177823,"POINT (  575296.355473229,   6137868.82513885)",ARENAL GRANDE 1638 EN 1638,0
2026-06-21,B_04,35,S,50,,S,Basura Afuera,62088,Matutino,2026-06-21 05:48:29,,177824,"POINT (  575356.698045003,   6137814.14654777)",ARENAL GRANDE 1604 (*) UTU. VERIFICAR,0
2026-06-21,B_04,36,S,50,,S,Basura Afuera,62088,Matutino,2026-06-21 05:48:22,,177825,"POINT (  575361.282879101,   6137809.47181496)",ARENAL GRANDE 1604 (*) UTU. VERIFICAR,0
2026-06-21,B_04,37,S,25,,S,,62088,Matutino,2026-06-21 04:35:38,,177826,"POINT (  575464.527548949,   6137658.06227082)",ARENAL GRANDE 1533 FTE 1510,0
2026-06-21,B_04,38,S,25,,S,,62088,Matutino,2026-06-21 04:35:40,,177827,"POINT (  575464.843789252,   6137657.28296436)",ARENAL GRANDE 1533 FTE 1510,0
2026-06-21,B_04,39,S,25,,S,,62088,Matutino,2026-06-21 04:35:29,,177828,"POINT (  575465.103558073,   6137656.65048375)",ARENAL GRANDE 1533 FTE 1510,0
2026-06-21,B_04,40,S,50,,S,Basura Afuera,62088,Matutino,2026-06-21 03:33:26,,181137,"POINT (  575172.154974858,   6137802.95554414)",AV URUGUAY 1884,0
2026-06-21,B_04,41,S,100,,S,Basura Afuera,62088,Matutino,2026-06-21 03:38:45,,177831,"POINT (  575092.485880202,   6137765.88978582)",AV URUGUAY 1830 EN 1832,0
2026-06-21,B_04,42,S,100,,S,Basura Afuera,62088,Matutino,2026-06-21 03:38:40,,177832,"POINT (  575090.715910261,   6137764.81707677)",AV URUGUAY 1830 EN 1832,0
2026-06-21,B_04,43,S,100,,S,Basura Afuera,62088,Matutino,2026-06-21 03:42:25,,181138,"POINT (  575078.867147782,   6137889.41743265)",PAYSANDU 1839,0
2026-06-21,B_04,44,S,100,,S,Basura Afuera,62088,Matutino,2026-06-21 03:42:20,,181139,"POINT (  575083.417773493,   6137891.69274551)",PAYSANDU 1843,0
2026-06-21,B_04,45,S,100,,S,Basura Afuera,62088,Matutino,2026-06-21 03:50:18,,177833,"POINT (  575249.480120848,   6138036.70259187)",PAYSANDU 1940 ESTACIONAMIENTO,0
2026-06-21,B_04,46,S,25,,S,,62088,Matutino,2026-06-21 03:53:14,,182220,"POINT (  575345.900351195,   6138010.84407429)",REPUBLICA 1658,0
2026-06-21,B_04,47,S,25,,S,,62088,Matutino,2026-06-21 03:53:19,,182221,"POINT (  575347.379304551,   6138009.59265222)",REPUBLICA 1658,0
2026-06-21,B_04,48,S,50,,S,Basura Afuera,62088,Matutino,2026-06-21 04:15:47,,177851,"POINT (  575495.505942731,   6137855.20021968)",REPUBLICA 1593 FTE 1593,0
2026-06-21,B_04,49,S,50,,S,Basura Afuera,62088,Matutino,2026-06-21 04:15:42,,177852,"POINT (  575497.651360842,   6137853.37661429)",REPUBLICA 1593 FTE 1593,0
2026-06-21,B_04,50,S,50,,S,Basura Afuera,62088,Matutino,2026-06-21 04:28:15,,177853,"POINT (  575553.967083367,   6137745.06223718)",DR PABLO DE MARIA 1588 EN 1590,0
2026-06-21,B_04,51,S,50,,S,Basura Afuera,62088,Matutino,2026-06-21 04:28:20,,177854,"POINT (  575553.082098397,   6137746.83220712)",DR PABLO DE MARIA 1592 EN 1590,0
2026-06-21,B_04,52,S,25,,S,,62088,Matutino,2026-06-21 04:28:28,,177855,"POINT (  575530.905341563,   6137762.00862048)",DR PABLO DE MARIA 1595,0
2026-06-21,B_04,53,S,25,,S,,62088,Matutino,2026-06-21 04:28:25,,177856,"POINT (  575530.073992045,   6137763.40314226)",DR PABLO DE MARIA 1595,0
2026-06-21,B_04,54,S,25,,S,,62088,Matutino,2026-06-21 03:54:07,,177857,"POINT (  575533.426207843,   6137934.58068979)",DEFENSA 1656,0
2026-06-21,B_04,55,S,25,,S,,62088,Matutino,2026-06-21 03:56:21,,177858,"POINT (  575524.737443883,   6138012.78224272)",DEFENSA 1700 FTE 1693,0
2026-06-21,B_04,56,S,25,,S,,62088,Matutino,2026-06-21 03:56:17,,183531,"POINT (  575524.719635495,   6138014.70699102)",DEFENSA 1700,0
2026-06-21,B_04,57,S,50,,S,Basura Afuera,62088,Matutino,2026-06-21 04:45:31,,183392,"POINT (  575493.553812827,   6138288.30401521)",DEFENSA 1816,0
2026-06-21,B_04,58,S,50,,S,Basura Afuera,62088,Matutino,2026-06-21 04:45:28,,177860,"POINT (  575493.038711903,   6138291.52462801)",DEFENSA 1816,0
2026-06-21,B_04,59,N,,Otros,S,,62088,Matutino,2026-06-21 08:05:36,,175883,"POINT (  579101.970227015,   6137420.40082940)",TTE GRAL PABLO GALARZA 3618 FTE 3641,0
2026-06-21,B_04,60,S,75,,S,Basura Afuera,62088,Matutino,2026-06-21 04:45:21,,177861,"POINT (  575487.031541192,   6138341.83468271)",DEFENSA 1844 EN 1846,0
2026-06-21,B_04,61,S,50,,S,Basura Afuera,62088,Matutino,2026-06-21 04:45:17,,177862,"POINT (  575483.491601309,   6138390.21386112)",DEFENSA 1864 MURO,0
2026-06-21,B_04,62,S,25,,S,,62088,Matutino,2026-06-21 04:45:13,,182183,"POINT (  575470.036824573,   6138510.32200615)",DEFENSA 1926 PROV OV(O: DEFENSA 1944),0
2026-06-21,B_04,63,S,25,,S,,62088,Matutino,2026-06-21 06:05:50,,177864,"POINT (  575569.940623403,   6138413.85284581)",DR MARTIN C MARTINEZ 1916 EN 1914/1930. MURO,0
2026-06-21,B_04,64,S,25,,S,,62088,Matutino,2026-06-21 04:08:30,,177865,"POINT (  575584.093832121,   6138103.33225631)",DR MARTIN C MARTINEZ 1781 EN 1781,0
2026-06-21,B_04,65,S,25,,S,,62088,Matutino,2026-06-21 04:16:11,,179376,"POINT (  575594.852436895,   6137968.32789148)",DR MARTIN C MARTINEZ 1705,0
2026-06-21,B_04,66,S,25,,S,,62088,Matutino,2026-06-21 04:16:23,,177867,"POINT (  575644.011724561,   6137885.66711453)",DR MARTIN C MARTINEZ 1667 REBAJE/EDIFICIO,0
2026-06-21,B_04,67,S,25,,S,,62088,Matutino,2026-06-21 08:05:45,,177868,"POINT (  575700.286101427,   6137824.35983433)",DR MARTIN C MARTINEZ 1642 EN 1644/1650,0
2026-06-21,B_04,68,S,50,,S,Basura Afuera,62088,Matutino,2026-06-21 04:18:05,,177869,"POINT (  575701.680623199,   6137821.78533260)",DR MARTIN C MARTINEZ 1642 EN 1644,0
2026-06-21,B_04,69,S,50,,S,Basura Afuera,62088,Matutino,2026-06-21 04:18:08,,177870,"POINT (  575717.192257177,   6137796.11245761)",DR MARTIN C MARTINEZ 1622 EN 1630,0
2026-06-21,B_04,70,S,75,,S,Basura Afuera,62088,Matutino,2026-06-21 06:38:55,,182172,"POINT (  575773.723330148,   6137934.18713470)",DR JOAQUIN REQUENA 1667,0
2026-06-21,B_04,71,S,50,,S,Basura Afuera,62088,Matutino,2026-06-21 06:38:41,,177872,"POINT (  575746.899923425,   6137991.48157503)",DR JOAQUIN REQUENA 1691,0
2026-06-21,B_04,72,S,50,,S,Basura Afuera,62088,Matutino,2026-06-21 06:38:33,,177873,"POINT (  575745.955179370,   6137993.24359620)",DR JOAQUIN REQUENA 1691,0
2026-06-21,B_04,73,S,25,,S,,62088,Matutino,2026-06-21 06:08:43,,177874,"POINT (  575684.088194689,   6138551.14703717)",DR JOAQUIN REQUENA 1925 EN 1925/1939,0
2026-06-21,B_04,74,S,25,,S,,62088,Matutino,2026-06-21 06:11:01,,177875,"POINT (  575823.647642811,   6138504.26965145)",JUAN PAULLIER 1906,0
2026-06-21,B_04,75,S,25,,S,,62088,Matutino,2026-06-21 06:11:03,,177876,"POINT (  575823.540371906,   6138501.48060790)",JUAN PAULLIER 1906,0
2026-06-21,B_04,76,S,25,,S,,62088,Matutino,2026-06-21 06:13:47,,177908,"POINT (  575828.689375372,   6138430.35999752)",JUAN PAULLIER 1856 EN 1860,0
2026-06-21,B_04,77,S,25,,S,,62088,Matutino,2026-06-21 06:15:29,,177909,"POINT (  575823.483089322,   6138361.37699057)",JUAN PAULLIER 1843,0
2026-06-21,B_04,78,S,25,,S,,62088,Matutino,2026-06-21 06:27:13,,177910,"POINT (  575839.755172317,   6138330.92137282)",JUAN PAULLIER 1822,0
2026-06-21,B_04,79,S,25,,S,,62088,Matutino,2026-06-21 06:27:17,,177911,"POINT (  575845.821703092,   6138253.25297924)",JUAN PAULLIER 1788,0
2026-06-21,B_04,80,S,50,,S,Basura Afuera,62088,Matutino,2026-06-21 06:27:22,,177912,"POINT (  575851.278145875,   6138187.79866213)",JUAN PAULLIER 1752 EN 1754,0
2026-06-21,B_04,81,S,25,,S,,62088,Matutino,2026-06-21 06:27:26,,177913,"POINT (  575845.279703634,   6138110.10069921)",JUAN PAULLIER 1711,0
2026-06-21,B_04,82,S,50,,S,Basura Afuera,62088,Matutino,2026-06-21 06:27:31,,177914,"POINT (  575851.859890971,   6138071.32427664)",JUAN PAULLIER 1693 PDO RESERVADO,0
2026-06-21,B_04,83,S,50,,S,Basura Afuera,62088,Matutino,2026-06-21 06:27:35,,182184,"POINT (  575868.808156428,   6138022.61231286)",JUAN PAULLIER 1675,0
2026-06-21,B_04,84,S,50,,S,Basura Afuera,62088,Matutino,2026-06-21 06:27:39,,182185,"POINT (  575870.628406712,   6138019.42687486)",JUAN PAULLIER 1675,0
2026-06-21,B_04,85,S,50,,S,Basura Afuera,62088,Matutino,2026-06-21 06:27:43,,183673,"POINT (  575873.661785403,   6138012.92959260)",JUAN PAULLIER 1675 PROV O: Juan Paullier 1604,0
2026-06-21,B_04,86,S,75,,S,Basura Afuera,62088,Matutino,2026-06-21 06:38:47,,182192,"POINT (  575816.385082822,   6137873.93952662)",DR JOAQUIN REQUENA 1642 PROV OV(O: DR JOAQUIN REQUENA 1617),0
2026-06-21,B_04,87,S,25,,S,,62088,Matutino,2026-06-21 06:42:38,,177921,"POINT (  575915.073406382,   6138118.59551805)",EDUARDO VICTOR HAEDO 2225,0
2026-06-21,B_04,88,S,25,,S,,62088,Matutino,2026-06-21 07:49:16,,179377,"POINT (  576081.817327152,   6138166.42985304)",ACEVEDO DIAZ 1693 FTE 1698,0
2026-06-21,B_04,89,S,25,,S,,62088,Matutino,2026-06-21 07:51:28,,177923,"POINT (  576085.335016903,   6138124.47701034)",ACEVEDO DIAZ 1675 EN 1681,0
2026-06-21,B_04,90,S,25,,S,,62088,Matutino,2026-06-21 07:51:22,,177924,"POINT (  576085.431502049,   6138123.33081739)",ACEVEDO DIAZ 1675 EN 1681,0
2026-06-21,B_04,91,S,25,,S,,62088,Matutino,2026-06-21 08:00:33,,177925,"POINT (  576103.141987225,   6138066.01436681)",ACEVEDO DIAZ 1658 EN 1658/1654,0
2026-06-21,B_04,92,S,25,,S,,62088,Matutino,2026-06-21 08:00:29,,177926,"POINT (  576103.678341752,   6138060.75809244)",ACEVEDO DIAZ 1652 EN 1658/1654,0
2026-06-21,B_04,93,S,75,,S,Basura Afuera,62088,Matutino,2026-06-21 07:01:34,,177927,"POINT (  576109.256428841,   6137994.14286009)",ACEVEDO DIAZ 1638 EN 638/1628. MURO,0
2026-06-21,B_04,94,S,50,,S,Basura Afuera,62088,Matutino,2026-06-21 07:01:31,,177928,"POINT (  576109.900054274,   6137989.36930480)",ACEVEDO DIAZ 1628 EN 638/1628. MURO,0
2026-06-21,B_04,95,S,75,,S,Basura Afuera,62088,Matutino,2026-06-21 07:08:14,,177929,"POINT (  576009.333580320,   6137945.54913988)",ALEJANDRO BEISSO 1636 FTE 1635. MURO,0
2026-06-21,B_04,96,S,75,,S,Basura Afuera,62088,Matutino,2026-06-21 07:08:19,,177930,"POINT (  576006.651807681,   6137949.19635067)",ALEJANDRO BEISSO 1636 FTE 1635. MURO,0
2026-06-21,B_04,97,S,50,,S,Basura Afuera,62088,Matutino,2026-06-21 06:55:14,,177944,"POINT (  576148.318145266,   6138052.04121753)",COLONIA 2274 EN 2288/2276,0
2026-06-21,B_04,98,S,25,,S,,62088,Matutino,2026-06-21 06:47:19,,177945,"POINT (  576197.177272162,   6138182.69364007)",DR MARIO CASSINONI 1690,0
2026-06-21,B_04,99,S,25,,S,,62088,Matutino,2026-06-21 06:47:23,,177947,"POINT (  576197.267626535,   6138181.15761574)",DR MARIO CASSINONI 1690,0
2026-06-21,B_04,100,S,50,,S,Basura Afuera,62088,Matutino,2026-06-21 06:55:07,,177950,"POINT (  576203.366546674,   6138108.28681437)",DR MARIO CASSINONI 1656 EN 1656,0
2026-06-21,B_04,101,S,75,,S,Basura Afuera,62088,Matutino,2026-06-21 06:55:03,,177953,"POINT (  576203.456901047,   6138106.47972692)",DR MARIO CASSINONI 1656 EN 1656,0
2026-06-21,B_04,102,S,75,,S,Basura Afuera,62088,Matutino,2026-06-21 06:55:05,,177954,"POINT (  576203.592432605,   6138104.22086761)",DR MARIO CASSINONI 1656 EN 1656,0
2026-06-21,B_04,103,S,25,,S,,62088,Matutino,2026-06-21 05:55:34,,177957,"POINT (  575732.923274441,   6138125.52290167)",DR JOAQUIN REQUENA 1738,0
2026-06-21,B_04,104,S,25,,S,,62088,Matutino,2026-06-21 05:55:38,,177958,"POINT (  575732.655097177,   6138126.86378799)",DR JOAQUIN REQUENA 1738,0
2026-06-21,B_04,105,S,75,,S,Basura Afuera,62088,Matutino,2026-06-21 05:58:29,,177959,"POINT (  575722.003627508,   6138244.58638519)",DR JOAQUIN REQUENA 1786 FTE 1791,0
2026-06-21,B_04,106,S,25,,S,,62088,Matutino,2026-06-21 05:59:19,,177962,"POINT (  575713.239253382,   6138350.88830437)",DR JOAQUIN REQUENA 1844 EN 1844/1846,0
2026-06-21,B_04,107,S,25,,S,,62088,Matutino,2026-06-21 05:59:16,,183845,"POINT (  575712.888391720,   6138357.15373567)",DR JOAQUIN REQUENA 1846 Joaquin Requena 1846,0
2026-06-21,B_04,108,S,25,,S,,62088,Matutino,2026-06-21 06:08:37,,177963,"POINT (  575705.252982552,   6138447.33118777)",DR JOAQUIN REQUENA 1880,0
2026-06-21,B_04,109,S,25,,S,,62088,Matutino,2026-06-21 06:03:33,,177965,"POINT (  575670.681494639,   6138469.37599864)",GOES 2092 ESTACIONAMIENTO,0
2026-06-21,B_04,110,S,25,,S,Basura Afuera,62088,Matutino,2026-06-21 04:50:50,,177968,"POINT (  575422.094876792,   6138449.71339922)",GOES 1980 EN 1980,0
2026-06-21,B_04,111,S,25,,S,,62088,Matutino,2026-06-21 05:14:12,,177970,"POINT (  575281.450597080,   6138437.81769188)",GOES 1906 MURO,0
2026-06-21,B_04,112,S,25,,S,,62088,Matutino,2026-06-21 05:14:00,,182140,"POINT (  575277.156779739,   6138437.13763137)",GOES 1906,0
2026-06-21,B_04,113,S,25,,S,,62088,Matutino,2026-06-21 04:46:48,,177972,"POINT (  575547.868163227,   6138519.91874660)",DR MARTIN C MARTINEZ 1963 FTE 1976. UTU,0
2026-06-21,B_04,114,S,25,,S,,62088,Matutino,2026-06-21 04:09:04,,177975,"POINT (  575569.425996462,   6138276.70229718)",DR MARTIN C MARTINEZ 1851 EN 1855,0
2026-06-21,B_04,115,S,25,,S,,62088,Matutino,2026-06-21 04:58:04,,177977,"POINT (  575531.042281088,   6138249.04851432)",DR SALVADOR FERRER SERRA 2072,0
2026-06-21,B_04,116,S,25,,S,,62088,Matutino,2026-06-21 04:04:01,,177979,"POINT (  575465.419798377,   6138257.12305437)",DR SALVADOR FERRER SERRA 2040 EN 2025,0
2026-06-21,B_04,117,S,25,,S,,62088,Matutino,2026-06-21 04:04:44,,177980,"POINT (  575383.739445692,   6138169.29860436)",CONSTITUCION 1757 EN 1775,0
2026-06-21,B_04,118,S,50,,S,Basura Afuera,62088,Matutino,2026-06-21 04:03:08,,179378,"POINT (  575504.633596015,   6138193.73946210)",DEFENSA 1776,0
2026-06-21,B_04,119,S,25,,S,,62088,Matutino,2026-06-21 04:03:49,,177985,"POINT (  575502.465091076,   6138217.27677612)",DEFENSA 1786 EN 1786/1782,0
2026-06-21,B_04,120,S,25,,S,,62088,Matutino,2026-06-21 04:58:44,,177988,"POINT (  575348.169945338,   6138244.55022527)",DR SALVADOR FERRER SERRA 1986 FTE 1986. UTU,0
2026-06-21,B_04,121,S,50,,S,Basura Afuera,62088,Matutino,2026-06-21 05:08:24,,177990,"POINT (  575206.685803364,   6138220.92776878)",DR SALVADOR FERRER SERRA 1912 MURO,0
2026-06-21,B_04,122,S,25,,S,,62088,Matutino,2026-06-21 05:09:35,,177996,"POINT (  575269.667050489,   6138300.71903907)",DEMOCRACIA 1825 EN 1825,0
2026-06-21,B_04,123,S,25,,S,,62088,Matutino,2026-06-21 05:09:32,,183400,"POINT (  575269.046797389,   6138303.91505517)",DEMOCRACIA 1825,0
2026-06-21,B_04,124,S,25,,S,,62088,Matutino,2026-06-21 05:09:38,,177998,"POINT (  575264.336142515,   6138362.34072108)",DEMOCRACIA 1857,0
2026-06-21,B_04,125,S,100,,S,Basura Afuera,62088,Matutino,2026-06-21 05:05:45,,178003,"POINT (  575064.743333798,   6138269.00465435)",JUSTICIA 1828 FTE 1828,0
2026-06-21,B_04,126,S,100,,S,Basura Afuera,62088,Matutino,2026-06-21 05:05:49,,178004,"POINT (  575065.160764378,   6138266.73860265)",JUSTICIA 1828 FTE 1828,0
2026-06-21,B_04,127,S,100,,S,Basura Afuera,62088,Matutino,2026-06-21 05:05:42,,182186,"POINT (  575066.320373151,   6138263.60377429)",JUSTICIA 1828 PROV OV(O: REPUBLICA 1869),0
2026-06-21,B_04,128,S,75,,S,Basura Afuera,62088,Matutino,2026-06-21 05:27:24,,178008,"POINT (  575141.168080610,   6138120.60912811)",CERRO LARGO 1887,0
2026-06-21,B_04,129,S,75,,S,Basura Afuera,62088,Matutino,2026-06-21 05:27:19,,178009,"POINT (  575140.000687563,   6138119.43412822)",CERRO LARGO 1887,0
2026-06-21,B_04,130,S,75,,S,Basura Afuera,62088,Matutino,2026-06-21 05:30:54,,181141,"POINT (  575051.563393516,   6137998.63244972)",CERRO LARGO 1802,0
2026-06-21,B_04,131,S,75,,S,Basura Afuera,62088,Matutino,2026-06-21 05:30:48,,181140,"POINT (  575048.833018089,   6137996.35713686)",CERRO LARGO 1802,0
2026-06-21,B_04,132,S,100,,S,Basura Afuera,62088,Matutino,2026-06-21 03:44:24,,183534,"POINT (  574987.523860524,   6137966.04883868)",CERRO LARGO 1787,0
2026-06-21,B_04,133,S,50,,S,Basura Afuera,62088,Matutino,2026-06-21 05:40:02,,183160,"POINT (  574876.069073238,   6138269.63474636)",ARENAL GRANDE 1896 PROV OV (O: MIGUELETE 1720 - Alta del 13/8/24),0
2026-06-21,B_04,134,S,50,,S,Basura Afuera,62088,Matutino,2026-06-21 05:40:05,,183161,"POINT (  574885.149121028,   6138273.93582163)",MIGUELETE 1814 PROV OV (O: MIGUELETE 1720 - Alta del 13/8/24),0
2026-06-21,B_04,135,S,50,,S,Basura Afuera,62088,Matutino,2026-06-21 05:40:00,,183162,"POINT (  574894.229168817,   6138282.06007491)",MIGUELETE 1818 PROV OV (O: MIGUELETE 1720 - Alta del 13/8/24),0
2026-06-21,B_04,136,S,25,,S,,62088,Matutino,2026-06-21 05:18:13,,178018,"POINT (  575163.179833687,   6138404.96592811)",INCA 1880 EN 1880,0
2026-06-21,B_04,137,S,25,,S,,62088,Matutino,2026-06-21 05:18:05,,178020,"POINT (  575163.357078743,   6138402.85164355)",INCA 1880 EN 1880,0
2026-06-21,B_04,138,S,25,,S,,62088,Matutino,2026-06-21 05:21:39,,178023,"POINT (  575173.528796018,   6138300.76340346)",INCA 1834,0
2026-06-21,B_04,139,S,25,,S,Basura Afuera,62088,Matutino,2026-06-21 07:13:07,,178028,"POINT (  575959.198419690,   6138306.64981603)",CUFRE 1802 EN 1802,0
2026-06-21,B_04,140,S,25,,S,,62088,Matutino,2026-06-21 07:13:12,,179381,"POINT (  575953.896014058,   6138370.38370000)",CUFRE 1838 EN 1838 BIS,0
2026-06-21,B_04,141,S,25,,S,,62088,Matutino,2026-06-21 07:14:40,,178030,"POINT (  575932.543228912,   6138466.27229416)",CUFRE 1881 EN 1883,0
2026-06-21,B_04,142,S,25,,S,,62088,Matutino,2026-06-21 07:28:14,,178031,"POINT (  576166.102184614,   6138554.59311586)",DR DUVIMIOSO TERRA 1866 MURO,0
2026-06-21,B_04,143,S,25,,S,,62088,Matutino,2026-06-21 07:28:17,,178032,"POINT (  576162.967195788,   6138625.47112410)",DR DUVIMIOSO TERRA 1890 FTE 1893,0
2026-06-21,B_04,144,S,75,,S,Basura Afuera,62088,Matutino,2026-06-21 07:21:20,,178034,"POINT (  576055.553838991,   6138543.19537109)",ACEVEDO DIAZ 1865 EN 1869/1865,0
2026-06-21,B_04,145,S,75,,S,Basura Afuera,62088,Matutino,2026-06-21 07:21:11,,178035,"POINT (  576055.686861727,   6138541.09329395)",ACEVEDO DIAZ 1865 EN 1869/1865,0
2026-06-21,B_04,146,S,25,,S,,62088,Matutino,2026-06-21 07:48:35,,178038,"POINT (  576072.264714323,   6138283.64629947)",ACEVEDO DIAZ 1745 EN 1739/1745. MURO,0
2026-06-21,B_04,147,S,25,,S,Basura Afuera,62088,Matutino,2026-06-21 06:44:39,,178039,"POINT (  575973.325722281,   6138239.21659125)",MANUEL FERNANDEZ LUNA 2261,0
2026-06-21,B_04,148,S,25,,S,,62088,Matutino,2026-06-21 07:48:41,,178043,"POINT (  576015.364758272,   6138291.84189236)",DR SALVADOR FERRER SERRA 2278,0
2026-06-21,B_04,149,N,,Otros,S,,62088,Matutino,2026-06-21 07:33:10,,178044,"POINT (  576004.173196558,   6138498.91298823)",GOES 2224 VEREDA. EN 2232,0
2026-06-21,B_04,150,S,25,,S,,62088,Matutino,2026-06-21 07:16:11,,179382,"POINT (  575924.983547214,   6138557.85054351)",CUFRE 1915 EN 1920,0
2026-06-21,B_04,151,S,25,,S,,62088,Matutino,2026-06-21 07:30:24,,180521,"POINT (  576020.423362558,   6138396.08832647)",LA PAZ 2336 EN 2334,0
2026-06-21,B_04,152,S,25,,S,,62088,Matutino,2026-06-21 07:30:20,,180520,"POINT (  576016.928667386,   6138396.08832647)",LA PAZ 2330 EN 2334,0
2026-06-21,B_04,153,S,25,,S,,62088,Matutino,2026-06-21 08:06:04,,178050,"POINT (  575438.478242175,   6138348.46725439)",LA PAZ 2054 FTE 2081. EDIFICIO,0
2026-06-21,B_04,154,S,25,,S,Basura Afuera,62088,Matutino,2026-06-21 04:54:15,,178051,"POINT (  575436.170651918,   6138348.23269097)",LA PAZ 2054 FTE 2081. EDIFICIO,0
2026-06-21,B_02,1,S,50,,S,Basura Afuera,62080,Nocturno,2026-06-21 19:40:23,,178199,"POINT (  573359.749140633,   6136960.37752374)",CONVENCION 1303 EN 1311 EN 1311,0
2026-06-21,B_02,2,S,75,,S,Basura Afuera,62080,Nocturno,2026-06-21 23:36:40,,178200,"POINT (  573359.912539325,   6136958.58013812)",CONVENCION 1303 EN 1311 EN 1311,0
2026-06-21,B_02,3,S,75,,S,"Basura Afuera, Fuera de Lugar",62080,Nocturno,2026-06-21 23:14:32,,178201,"POINT (  573379.574384611,   6136911.50049783)",CONVENCION 1290 EN 1284/CASA TAPEADA EN 1284/CASA TAPEADA,0
2026-06-21,B_02,4,S,75,,S,"Basura Afuera, Fuera de Lugar",62080,Nocturno,2026-06-21 20:52:46,,178202,"POINT (  573379.612294227,   6136910.13242570)",CONVENCION 1278 EN 1284/CASA TAPEADA EN 1284/CASA TAPEADA,0
2026-06-21,B_02,5,S,50,,S,,62080,Nocturno,2026-06-21 22:58:58,,178281,"POINT (  573385.962091538,   6136823.97909946)",CONVENCION 1240 FTE 1245 FTE 1245,0
2026-06-21,B_02,6,S,75,,S,,62080,Nocturno,2026-06-21 21:32:09,,182209,"POINT (  573386.332541297,   6136822.56329486)",CONVENCION 1240 ,0
2026-06-21,B_02,7,S,75,,S,,62080,Nocturno,2026-06-21 19:29:05,,182210,"POINT (  573386.332541297,   6136820.82037547)",CONVENCION 1240 ,0
2026-06-21,B_02,8,S,50,,S,,62080,Nocturno,2026-06-21 19:30:51,,178284,"POINT (  573381.509709642,   6136691.04473090)",CONVENCION 1169 EN 1177 EN 1177,0
2026-06-21,B_02,9,S,50,,S,,62080,Nocturno,2026-06-21 19:30:55,,178285,"POINT (  573381.806734790,   6136688.84674480)",CONVENCION 1169 EN 1177 EN 1177,0
2026-06-21,B_02,10,S,50,,S,,62080,Nocturno,2026-06-21 19:34:26,,178286,"POINT (  573384.499473753,   6136664.86168043)",CONVENCION 1161 EN 1163 EN 1163,0
2026-06-21,B_02,11,S,100,,S,Basura Afuera,62080,Nocturno,2026-06-21 19:34:29,,178287,"POINT (  573389.172958480,   6136613.58057210)",CONVENCION 1147 FTE 1144 FTE 1144,0
2026-06-21,B_02,12,S,50,,S,,62080,Nocturno,2026-06-21 19:00:00,,179398,"POINT (  573412.019782075,   6136496.19875586)",CONVENCION 1060 ,0
2026-06-21,B_02,13,S,25,,S,,62080,Nocturno,2026-06-21 19:35:50,,179364,"POINT (  573413.110368937,   6136490.04409986)",CONVENCION 1060 S/NUM. ESQ RBLA S/NUM. ESQ RBLA,0
2026-06-21,B_02,14,S,50,,S,,62080,Nocturno,2026-06-21 19:35:53,,179365,"POINT (  573413.166866113,   6136488.23619025)",CONVENCION 1060 S/NUM. ESQ RBLA S/NUM. ESQ RBLA,0
2026-06-21,B_02,15,S,50,,S,,62080,Nocturno,2026-06-21 19:40:27,,178414,"POINT (  573344.869647169,   6136525.55317733)",DURAZNO 875 FTE 875 FTE 875,0
2026-06-21,B_02,16,S,25,,S,,62080,Nocturno,2026-06-21 19:40:20,,179576,"POINT (  573347.866801733,   6136526.05912414)",DURAZNO 875 FTE 875 FTE 875,0
2026-06-21,B_02,17,S,50,,S,Basura Afuera,62080,Nocturno,2026-06-21 19:44:37,,178726,"POINT (  573606.001317096,   6136465.89966812)",JULIO HERRERA Y OBES 1053 MURO MURO,0
2026-06-21,B_02,18,S,25,,S,Basura Afuera,62080,Nocturno,2026-06-21 19:44:39,,178727,"POINT (  573606.120127156,   6136462.92941663)",JULIO HERRERA Y OBES 1053 MURO MURO,0
2026-06-21,B_02,19,S,50,,S,Basura Afuera,62080,Nocturno,2026-06-21 19:44:42,,178728,"POINT (  573606.357747275,   6136459.66214000)",JULIO HERRERA Y OBES 1053 MURO MURO,0
2026-06-21,B_02,20,S,25,,S,Basura Afuera,62080,Nocturno,2026-06-21 19:48:38,,178729,"POINT (  573515.402052040,   6136485.96757632)",WILSON FERREIRA ALDUNATE 1074 EN 1080 EN 1080,0
2026-06-21,B_02,21,S,25,,S,Basura Afuera,62080,Nocturno,2026-06-21 19:48:41,,178730,"POINT (  573515.320477401,   6136487.33922994)",WILSON FERREIRA ALDUNATE 1074 EN 1080 EN 1080,0
2026-06-21,B_02,22,S,50,,S,Basura Afuera,62080,Nocturno,2026-06-21 19:48:44,,178731,"POINT (  573515.304696188,   6136489.60546490)",WILSON FERREIRA ALDUNATE 1074 EN 1080 EN 1080,0
2026-06-21,B_02,23,S,50,,S,,62080,Nocturno,2026-06-21 20:02:35,,178732,"POINT (  573499.438052553,   6136691.62602075)",WILSON FERREIRA ALDUNATE 1168 FTE 1171 FTE 1171,0
2026-06-21,B_02,24,S,25,,S,,62080,Nocturno,2026-06-21 20:02:45,,181178,"POINT (  573496.654263823,   6136731.38301229)",WILSON FERREIRA ALDUNATE 1192 ,0
2026-06-21,B_02,25,S,50,,S,,62080,Nocturno,2026-06-21 20:02:47,,181177,"POINT (  573496.711146644,   6136732.97573129)",WILSON FERREIRA ALDUNATE 1192 ,0
2026-06-21,B_02,26,S,50,,S,,62080,Nocturno,2026-06-21 20:02:50,,178735,"POINT (  573491.082044978,   6136803.59654341)",WILSON FERREIRA ALDUNATE 1226 EN 1228 EN 1228,0
2026-06-21,B_02,27,S,50,,S,,62080,Nocturno,2026-06-21 20:02:54,,178736,"POINT (  573491.083189265,   6136804.62736554)",WILSON FERREIRA ALDUNATE 1226 EN 1228 EN 1228,0
2026-06-21,B_02,28,S,50,,S,,62080,Nocturno,2026-06-21 20:05:14,,178737,"POINT (  573488.466460894,   6136834.33585706)",WILSON FERREIRA ALDUNATE 1238 EN 1244 EN 1244,0
2026-06-21,B_02,29,S,50,,S,,62080,Nocturno,2026-06-21 20:06:28,,178738,"POINT (  573486.464826907,   6136863.74762177)",WILSON FERREIRA ALDUNATE 1262 EN 1252 EN 1252,0
2026-06-21,B_02,30,S,50,,S,,62080,Nocturno,2026-06-21 19:00:00,,183405,"POINT (  573460.086132236,   6137021.13736130)",WILSON FERREIRA ALDUNATE 1333 ,0
2026-06-21,B_02,31,S,25,,S,,62080,Nocturno,2026-06-21 20:06:32,,178739,"POINT (  573486.278213057,   6136865.74372265)",WILSON FERREIRA ALDUNATE 1262 EN 1252 EN 1252,0
2026-06-21,B_02,32,S,50,,S,,62080,Nocturno,2026-06-21 19:00:00,,183404,"POINT (  573460.313146992,   6137024.31556788)",WILSON FERREIRA ALDUNATE 1333 ,0
2026-06-21,B_02,33,S,75,,S,Basura Afuera,62080,Nocturno,2026-06-21 20:12:34,,178940,"POINT (  573467.644267244,   6137099.57799815)",RIO BRANCO 1364 EN 1366 EN 1366,0
2026-06-21,B_02,34,S,25,,S,Basura Afuera,62080,Nocturno,2026-06-21 20:31:15,,178742,"POINT (  573422.558585204,   6137497.34919981)",RIO BRANCO 1569 FTE 1558 FTE 1558,0
2026-06-21,B_02,35,S,50,,S,Basura Afuera,62080,Nocturno,2026-06-21 20:31:10,,178743,"POINT (  573422.380370114,   6137499.84421106)",RIO BRANCO 1569 FTE 1558 FTE 1558,0
2026-06-21,B_02,36,S,25,,S,,62080,Nocturno,2026-06-21 20:33:17,,178744,"POINT (  573418.222018031,   6137569.94214617)",RIO BRANCO 1593 S/NUM. ESQ CERRO LARGO S/NUM. ESQ CERRO LARGO,0
2026-06-21,B_02,37,S,25,,S,Basura Afuera,62080,Nocturno,2026-06-21 18:59:40,,178745,"POINT (  573624.522205061,   6137731.93282837)",RIO NEGRO 1660 EN 1664 EN 1664,0
2026-06-21,B_02,38,S,50,,S,Basura Afuera,62080,Nocturno,2026-06-21 20:37:19,,178746,"POINT (  573506.779236612,   6137730.82522798)",JULIO HERRERA Y OBES 1674 FTE 1674 FTE 1674,0
2026-06-21,B_02,39,S,50,,S,Basura Afuera,62080,Nocturno,2026-06-21 20:37:21,,178747,"POINT (  573507.118219663,   6137726.75743137)",JULIO HERRERA Y OBES 1674 FTE 1674 FTE 1674,0
2026-06-21,B_02,40,S,25,,S,,62080,Nocturno,2026-06-21 20:42:30,,183664,"POINT (  573512.901394771,   6137632.04823290)",JULIO HERRERA Y OBES 1629 PROV O: O Julio Herrera y Obeas 1586 PROV O: O Julio Herrera y Obeas 1586,0
2026-06-21,B_02,41,S,25,,S,,62080,Nocturno,2026-06-21 20:42:27,,178749,"POINT (  573527.824297935,   6137461.82499201)",JULIO HERRERA Y OBES 1537 EN 1541 EN 1541,0
2026-06-21,B_02,42,S,50,,S,,62080,Nocturno,2026-06-21 20:42:24,,178750,"POINT (  573527.883702965,   6137460.63689142)",JULIO HERRERA Y OBES 1537 EN 1541 EN 1541,0
2026-06-21,B_02,43,S,50,,S,Basura Afuera,62080,Nocturno,2026-06-21 20:46:29,,183783,"POINT (  573534.284922556,   6137368.32012557)",JULIO HERRERA Y OBES 1495 ,0
2026-06-21,B_02,44,S,50,,S,Basura Afuera,62080,Nocturno,2026-06-21 20:46:32,,183665,"POINT (  573535.060059695,   6137359.68196645)",JULIO HERRERA Y OBES 1495 Nueva ubicación Nueva ubicación,0
2026-06-21,B_02,45,S,25,,S,,62080,Nocturno,2026-06-21 20:50:37,,179142,"POINT (  573545.031272892,   6137246.48477782)",JULIO HERRERA Y OBES 1426 EN 1431 EN 1431,0
2026-06-21,B_02,46,S,25,,S,,62080,Nocturno,2026-06-21 20:50:39,,179143,"POINT (  573545.144267242,   6137242.52997555)",JULIO HERRERA Y OBES 1425 EN 1431 EN 1431,0
2026-06-21,B_02,47,S,50,,S,,62080,Nocturno,2026-06-21 20:52:43,,183533,"POINT (  573558.497188282,   6137087.21408874)",JULIO HERRERA Y OBES 1365 ,0
2026-06-21,B_02,48,S,50,,S,,62080,Nocturno,2026-06-21 20:53:02,,183532,"POINT (  573558.497188282,   6137084.25618203)",JULIO HERRERA Y OBES 1365 ,0
2026-06-21,B_02,49,S,75,,S,Basura Afuera,62080,Nocturno,2026-06-21 21:12:40,,178758,"POINT (  573569.325688161,   6136922.33363436)",JULIO HERRERA Y OBES 1284 FTE 1284 FTE 1284,0
2026-06-21,B_02,50,S,50,,S,Basura Afuera,62080,Nocturno,2026-06-21 21:12:42,,179360,"POINT (  573569.438052553,   6136920.43958008)",JULIO HERRERA Y OBES 1284 FTE 1284 FTE 1284,0
2026-06-21,B_02,51,S,25,,S,,62080,Nocturno,2026-06-21 21:12:45,,178759,"POINT (  573588.534097750,   6136882.02150098)",JULIO HERRERA Y OBES 1258 EN 1262 EN 1262,0
2026-06-21,B_02,52,S,50,,S,,62080,Nocturno,2026-06-21 21:12:47,,178760,"POINT (  573588.816583626,   6136880.66556878)",JULIO HERRERA Y OBES 1258 EN 1262 EN 1262,0
2026-06-21,B_02,53,S,25,,S,Basura Afuera,62080,Nocturno,2026-06-21 21:12:52,,180120,"POINT (  573578.773662309,   6136823.42032179)",JULIO HERRERA Y OBES 1239 ,0
2026-06-21,B_02,54,S,50,,S,Basura Afuera,62080,Nocturno,2026-06-21 21:12:55,,180121,"POINT (  573578.882594771,   6136821.78633486)",JULIO HERRERA Y OBES 1239 ,0
2026-06-21,B_02,55,S,25,,S,"Basura Afuera, Requiere Mantenimiento",62080,Nocturno,2026-06-21 21:13:06,,178763,"POINT (  573602.390029954,   6136696.41415635)",JULIO HERRERA Y OBES 1170 ,0
2026-06-21,B_02,56,S,100,,S,Basura Afuera,62080,Nocturno,2026-06-21 21:13:02,,178764,"POINT (  573602.616018655,   6136693.92828064)",JULIO HERRERA Y OBES 1170 ,0
2026-06-21,B_02,57,S,50,,S,,62080,Nocturno,2026-06-21 21:13:08,,178765,"POINT (  573608.555733375,   6136616.07558334)",JULIO HERRERA Y OBES 1136 EN 1130/1136 EN 1130/1136,0
2026-06-21,B_02,58,S,50,,S,,62080,Nocturno,2026-06-21 21:13:11,,178766,"POINT (  573608.793353494,   6136613.81819221)",JULIO HERRERA Y OBES 1136 EN 1130/1136 EN 1130/1136,0
2026-06-21,B_02,59,S,25,,S,,62080,Nocturno,2026-06-21 21:13:14,,178767,"POINT (  573608.852758524,   6136611.91723126)",JULIO HERRERA Y OBES 1126 EN 1130/1136 EN 1130/1136,0
2026-06-21,B_02,60,S,25,,S,,62080,Nocturno,2026-06-21 21:19:48,,178972,"POINT (  573837.089619375,   6136337.73180098)",PARAGUAY 990 ,0
2026-06-21,B_02,61,S,50,,S,,62080,Nocturno,2026-06-21 21:19:51,,178973,"POINT (  573836.685447865,   6136344.60271667)",PARAGUAY 990 ,0
2026-06-21,B_02,62,S,75,,S,,62080,Nocturno,2026-06-21 21:19:54,,179396,"POINT (  573836.339236601,   6136349.04414488)",PARAGUAY 990 ,0
2026-06-21,B_02,63,S,50,,S,,62080,Nocturno,2026-06-21 19:00:00,,183772,"POINT (  573836.293306015,   6136354.43768572)",PARAGUAY 990 ,0
2026-06-21,B_02,64,S,50,,S,,62080,Nocturno,2026-06-21 21:31:51,,183738,"POINT (  573835.972954466,   6136391.87575229)",PARAGUAY 1020 ,0
2026-06-21,B_02,65,S,50,,S,,62080,Nocturno,2026-06-21 21:31:54,,183737,"POINT (  573835.101494771,   6136394.49013137)",PARAGUAY 1020 ,0
2026-06-21,B_02,66,S,75,,S,,62080,Nocturno,2026-06-21 21:31:57,,183773,"POINT (  573831.782027820,   6136407.82114436)",PARAGUAY 1020 ,0
2026-06-21,B_02,67,S,50,,S,,62080,Nocturno,2026-06-21 19:00:00,,178975,"POINT (  573831.422868291,   6136410.28203657)",PARAGUAY 1020 1024/1034 1024/1034,0
2026-06-21,B_02,68,S,50,,S,,62080,Nocturno,2026-06-21 19:00:00,,179397,"POINT (  573830.892613507,   6136415.05721678)",PARAGUAY 1030 ,0
2026-06-21,B_02,69,S,100,,S,,62080,Nocturno,2026-06-21 21:32:22,,178432,"POINT (  573820.364366977,   6136553.67059958)",PARAGUAY 1094 EN 1102/FARMACIA EN 1102/FARMACIA,0
2026-06-21,B_02,70,S,100,,S,,62080,Nocturno,2026-06-21 21:32:25,,178433,"POINT (  573815.374344477,   6136614.67956514)",PARAGUAY 1120 EN 1122 EN 1122,0
2026-06-21,B_02,71,S,50,,S,Basura Afuera,62080,Nocturno,2026-06-21 21:50:07,,178434,"POINT (  573807.748597655,   6136694.56986167)",PARAGUAY 1164 ,0
2026-06-21,B_02,72,S,75,,S,,62080,Nocturno,2026-06-21 21:50:10,,183758,"POINT (  573801.974048148,   6136788.16204031)",PARAGUAY 1208 ,0
2026-06-21,B_02,73,S,75,,S,,62080,Nocturno,2026-06-21 21:50:13,,178435,"POINT (  573801.224205784,   6136790.21927507)",PARAGUAY 1208 ,0
2026-06-21,B_02,74,S,50,,S,,62080,Nocturno,2026-06-21 21:50:16,,183777,"POINT (  573796.189592481,   6136892.27348120)",PARAGUAY 1254 ,0
2026-06-21,B_02,75,S,50,,S,,62080,Nocturno,2026-06-21 21:50:19,,178436,"POINT (  573794.208754071,   6136896.73640908)",PARAGUAY 1254 FARMACIA FARMACIA,0
2026-06-21,B_02,76,S,25,,S,,62080,Nocturno,2026-06-21 21:50:21,,178437,"POINT (  573787.929220729,   6136963.50589988)",PARAGUAY 1296 ,0
2026-06-21,B_02,77,S,25,,S,,62080,Nocturno,2026-06-21 21:50:24,,178438,"POINT (  573787.810410670,   6136965.94150610)",PARAGUAY 1296 ,0
2026-06-21,B_02,78,S,50,,S,,62080,Nocturno,2026-06-21 21:50:32,,178439,"POINT (  573786.270762037,   6136996.22070822)",PARAGUAY 1306 EN 1308 EN 1308,0
2026-06-21,B_02,79,S,50,,S,,62080,Nocturno,2026-06-21 21:50:34,,178440,"POINT (  573786.064598456,   6136998.33812160)",PARAGUAY 1306 EN 1308 EN 1308,0
2026-06-21,B_02,80,S,75,,S,,62080,Nocturno,2026-06-21 21:50:37,,183759,"POINT (  573781.315348148,   6137054.25924554)",PARAGUAY 1338 ,0
2026-06-21,B_02,81,S,25,,S,,62080,Nocturno,2026-06-21 21:50:39,,178545,"POINT (  573779.720385896,   6137070.61320001)",PARAGUAY 1338 S/NUM. ESQ 18 DE JULIO S/NUM. ESQ 18 DE JULIO,0
2026-06-21,B_02,82,S,25,,S,,62080,Nocturno,2026-06-21 21:50:42,,178546,"POINT (  573761.373080802,   6137108.33506030)",PARAGUAY 1373 EN 1367 EN 1367,0
2026-06-21,B_02,83,S,25,,S,,62080,Nocturno,2026-06-21 21:50:45,,178547,"POINT (  573760.921103401,   6137111.38590776)",PARAGUAY 1373 EN 1367 EN 1367,0
2026-06-21,B_02,84,S,50,,S,,62080,Nocturno,2026-06-21 21:50:48,,178548,"POINT (  573756.919795195,   6137161.97810430)",PARAGUAY 1387 EN 1387 EN 1387,0
2026-06-21,B_02,85,S,50,,S,,62080,Nocturno,2026-06-21 21:50:50,,178549,"POINT (  573756.740312440,   6137165.73619025)",PARAGUAY 1387 EN 1387 EN 1387,0
2026-06-21,B_02,86,S,50,,S,Basura Afuera,62080,Nocturno,2026-06-21 22:07:37,,183760,"POINT (  573766.166631373,   6137211.49184553)",PARAGUAY 1402 ,0
2026-06-21,B_02,87,S,25,,S,Basura Afuera,62080,Nocturno,2026-06-21 22:07:40,,178550,"POINT (  573765.652334570,   6137219.24455299)",PARAGUAY 1402 AL LADO DE 1410 AL LADO DE 1410,0
2026-06-21,B_02,88,S,50,,S,Basura Afuera,62080,Nocturno,2026-06-21 22:07:45,,178551,"POINT (  573741.722739437,   6137354.38455002)",PARAGUAY 1473 EN 1491 EN 1491,0
2026-06-21,B_02,89,S,50,,S,Basura Afuera,62080,Nocturno,2026-06-21 22:07:47,,178552,"POINT (  573741.496750737,   6137356.70093421)",PARAGUAY 1473 EN 1491 EN 1491,0
2026-06-21,B_02,90,S,25,,S,Fuera de Lugar,62080,Nocturno,2026-06-21 19:17:19,,178554,"POINT (  573631.144777767,   6137225.23758137)",AV LIB BRIG GRAL LAVALLEJA 1409 (*) FTE 1409 (*) FTE 1409,0
2026-06-21,B_02,91,S,25,,S,Fuera de Lugar,62080,Nocturno,2026-06-21 19:17:16,,178555,"POINT (  573629.697837662,   6137222.13699543)",AV LIB BRIG GRAL LAVALLEJA 1409 (*) FTE 1409 (*) FTE 1409,0
2026-06-21,B_02,92,S,25,,S,,62080,Nocturno,2026-06-21 18:48:20,,178556,"POINT (  573641.054091276,   6137330.06409288)",RIO NEGRO 1467 ,0
2026-06-21,B_02,93,S,25,,S,Fuera de Lugar,62080,Nocturno,2026-06-21 19:00:04,,178558,"POINT (  573635.940695386,   6137586.43000196)",RIO NEGRO 1598 ,0
2026-06-21,B_02,94,S,25,,S,,62080,Nocturno,2026-06-21 19:00:07,,178559,"POINT (  573633.544773336,   6137617.76025624)",RIO NEGRO 1601 FTE 1607. MURO FTE 1607. MURO,0
2026-06-21,B_02,95,S,25,,S,,62080,Nocturno,2026-06-21 19:00:10,,178560,"POINT (  573633.318784636,   6137620.47212065)",RIO NEGRO 1601 FTE 1607. MURO FTE 1607. MURO,0
2026-06-21,B_02,96,S,25,,S,Fuera de Lugar,62080,Nocturno,2026-06-21 18:23:35,,179357,"POINT (  573919.282685321,   6137781.78138799)",CUAREIM 1678 FTE 1680 FTE 1680,0
2026-06-21,B_02,97,S,50,,S,Fuera de Lugar,62080,Nocturno,2026-06-21 18:23:31,,178562,"POINT (  573922.541018160,   6137736.78117224)",CUAREIM Esq. GALICIA S/NUM. ESQ GALICIA S/NUM. ESQ GALICIA,0
2026-06-21,B_02,98,S,100,,S,,62080,Nocturno,2026-06-21 18:23:26,,178563,"POINT (  573925.582120350,   6137699.49325240)",CUAREIM 1643 EN 1647 EN 1647,0
2026-06-21,B_02,99,S,50,,S,,62080,Nocturno,2026-06-21 18:32:51,,178924,"POINT (  573945.692784520,   6137607.50427075)",CUAREIM 1596 ,0
2026-06-21,B_02,100,S,25,,S,Basura Afuera,62080,Nocturno,2026-06-21 18:32:55,,178564,"POINT (  573936.373080802,   6137539.01302641)",CUAREIM 1552 FTE 1556 FTE 1556,0
2026-06-21,B_02,101,S,50,,S,Basura Afuera,62080,Nocturno,2026-06-21 18:32:57,,178565,"POINT (  573936.599069503,   6137536.35765918)",CUAREIM 1552 FTE 1556 FTE 1556,0
2026-06-21,B_02,102,S,50,,S,,62080,Nocturno,2026-06-21 22:11:46,,184178,"POINT (  573957.745461972,   6137439.79743146)",CUAREIM 1506 CUAREIM 1516 PROV O en Cuareim ftre al 1492 CUAREIM 1516 PROV O en Cuareim ftre al 1492,0
2026-06-21,B_02,103,S,50,,S,,62080,Nocturno,2026-06-21 22:13:57,,178568,"POINT (  573957.785510181,   6137263.25031454)",CUAREIM 1425 FTE 1430 FTE 1430,0
2026-06-21,B_02,104,S,25,,S,,62080,Nocturno,2026-06-21 23:37:35,,183674,"POINT (  573967.372289543,   6137132.59142615)",CUAREIM 1351 ,0
2026-06-21,B_02,105,S,75,,S,Basura Afuera,62080,Nocturno,2026-06-21 23:37:32,,178570,"POINT (  573971.668977770,   6137071.62305404)",ZELMAR MICHELINI 1337 EN 1337 BIS EN 1337 BIS,0
2026-06-21,B_02,106,S,25,,S,Basura Afuera,62080,Nocturno,2026-06-21 23:37:28,,179355,"POINT (  573988.406979107,   6137030.25596426)",ZELMAR MICHELINI 1326 FTE 1317 FTE 1317,0
2026-06-21,B_02,107,S,50,,S,Basura Afuera,62080,Nocturno,2026-06-21 23:37:25,,179356,"POINT (  573988.858956508,   6137028.22206595)",ZELMAR MICHELINI 1326 FTE 1317 FTE 1317,0
2026-06-21,B_02,108,S,50,,S,"Basura Afuera, Requiere Limpieza",62080,Nocturno,2026-06-21 23:37:21,,178571,"POINT (  573985.271385887,   6136923.36330889)",ZELMAR MICHELINI 1273 (*) EN 1275. VERIFICAR (*) EN 1275. VERIFICAR,0
2026-06-21,B_02,109,S,50,,S,"Basura Afuera, Requiere Limpieza",62080,Nocturno,2026-06-21 23:37:19,,179354,"POINT (  573985.384380238,   6136922.23336539)",ZELMAR MICHELINI 1273 (*) EN 1275. VERIFICAR (*) EN 1275. VERIFICAR,0
2026-06-21,B_02,110,S,25,,S,Basura Afuera,62080,Nocturno,2026-06-21 23:37:15,,178597,"POINT (  573991.110210239,   6136838.61545838)",ZELMAR MICHELINI 1223 EN 1225 EN 1225,0
2026-06-21,B_02,111,S,50,,S,Basura Afuera,62080,Nocturno,2026-06-21 23:37:11,,178925,"POINT (  573991.298534156,   6136837.42274024)",ZELMAR MICHELINI 1223 EN 1225 EN 1225,0
2026-06-21,B_02,112,S,50,,S,Basura Afuera,62080,Nocturno,2026-06-21 23:37:08,,178598,"POINT (  574011.606129888,   6136775.93498129)",ZELMAR MICHELINI 1194 EN 1198 EN 1198,0
2026-06-21,B_02,113,S,50,,S,Basura Afuera,62080,Nocturno,2026-06-21 23:37:05,,178934,"POINT (  574011.700291846,   6136774.55393923)",ZELMAR MICHELINI 1194 EN 1198 EN 1198,0
2026-06-21,B_02,114,S,75,,S,Basura Afuera,62080,Nocturno,2026-06-21 23:37:02,,179353,"POINT (  574011.881555379,   6136773.08082301)",ZELMAR MICHELINI 1194 EN 1198 EN 1198,0
2026-06-21,B_02,115,S,50,,S,Basura Afuera,62080,Nocturno,2026-06-21 23:36:58,,183733,"POINT (  574005.546414161,   6136659.33718214)",ZELMAR MICHELINI 1141 ,0
2026-06-21,B_02,116,S,50,,S,Basura Afuera,62080,Nocturno,2026-06-21 23:36:37,,183734,"POINT (  574005.546414161,   6136653.23696427)",ZELMAR MICHELINI 1135 ,0
2026-06-21,B_02,117,S,75,,S,Basura Afuera,62080,Nocturno,2026-06-21 23:36:35,,178622,"POINT (  574012.341431854,   6136567.20128612)",ZELMAR MICHELINI 1099 FTE 1094 FTE 1094,0
2026-06-21,B_02,118,S,50,,S,Basura Afuera,62080,Nocturno,2026-06-21 23:36:30,,178652,"POINT (  574012.455197497,   6136565.38103584)",ZELMAR MICHELINI 1099 FTE 1094 FTE 1094,0
2026-06-21,B_02,119,S,50,,S,Basura Afuera,62080,Nocturno,2026-06-21 23:36:27,,179369,"POINT (  574012.796494426,   6136563.90208248)",ZELMAR MICHELINI 1099 ,0
2026-06-21,B_02,120,S,50,,S,Basura Afuera,62080,Nocturno,2026-06-21 22:59:54,,183785,"POINT (  573928.892687218,   6136482.79576692)",CARLOS GARDEL Esq. HECTOR GUTIERREZ RUIZ ,0
2026-06-21,B_02,121,S,25,,S,Basura Afuera,62080,Nocturno,2026-06-21 22:59:51,,178653,"POINT (  573919.847657074,   6136589.29551228)",HECTOR GUTIERREZ RUIZ 1104 FTE 1103 FTE 1103,0
2026-06-21,B_02,122,S,50,,S,Basura Afuera,62080,Nocturno,2026-06-21 22:59:49,,178654,"POINT (  573919.621668373,   6136591.66839364)",HECTOR GUTIERREZ RUIZ 1104 FTE 1103 FTE 1103,0
2026-06-21,B_02,123,S,75,,S,Basura Afuera,62080,Nocturno,2026-06-21 22:59:42,,183740,"POINT (  573921.279454466,   6136616.21411765)",HECTOR GUTIERREZ RUIZ 1120 ,0
2026-06-21,B_02,124,S,75,,S,Basura Afuera,62080,Nocturno,2026-06-21 22:59:38,,183739,"POINT (  573921.279454466,   6136621.44287582)",HECTOR GUTIERREZ RUIZ 1120 ,0
2026-06-21,B_02,125,S,50,,S,Basura Afuera,62080,Nocturno,2026-06-21 22:59:33,,178655,"POINT (  573909.113193797,   6136758.10907160)",HECTOR GUTIERREZ RUIZ 1189 IGLECIA. FTE 1991 IGLECIA. FTE 1991,0
2026-06-21,B_02,126,S,50,,S,Basura Afuera,62080,Nocturno,2026-06-21 22:59:27,,178656,"POINT (  573908.774210746,   6136760.93393036)",HECTOR GUTIERREZ RUIZ 1189 IGLECIA. FTE 1991 IGLECIA. FTE 1991,0
2026-06-21,B_02,127,S,50,,S,Basura Afuera,62080,Nocturno,2026-06-21 22:59:22,,178657,"POINT (  573881.722739439,   6136901.41844834)",HECTOR GUTIERREZ RUIZ 1257 EN 1255/1257 EN 1255/1257,0
2026-06-21,B_02,128,S,50,,S,Basura Afuera,62080,Nocturno,2026-06-21 22:59:10,,183757,"POINT (  573882.044957081,   6136903.01381307)",HECTOR GUTIERREZ RUIZ 1257 ,0
2026-06-21,B_02,129,S,50,,S,Basura Afuera,62080,Nocturno,2026-06-21 22:59:06,,178659,"POINT (  573891.531284746,   6136962.85467175)",HECTOR GUTIERREZ RUIZ 1290 UTE UTE,0
2026-06-21,B_02,130,S,75,,S,Basura Afuera,62080,Nocturno,2026-06-21 22:59:03,,178660,"POINT (  573891.270762037,   6136966.05121670)",HECTOR GUTIERREZ RUIZ 1290 UTE UTE,0
2026-06-21,B_02,131,S,75,,S,,62080,Nocturno,2026-06-21 22:37:19,,178661,"POINT (  573684.706414136,   6136783.70229194)",RIO NEGRO 1207 EN 1205 EN 1205,0
2026-06-21,B_02,132,S,50,,S,,62080,Nocturno,2026-06-21 22:37:23,,178662,"POINT (  573684.819408486,   6136781.66839364)",RIO NEGRO 1201 EN 1205 EN 1205,0
2026-06-21,B_02,133,S,75,,S,Basura Afuera,62080,Nocturno,2026-06-21 22:37:27,,178663,"POINT (  573702.594565751,   6136739.64493473)",RIO NEGRO 1186 EN 1192 EN 1192,0
2026-06-21,B_02,134,S,50,,S,Basura Afuera,62080,Nocturno,2026-06-21 22:37:30,,183782,"POINT (  573704.330100000,   6136735.61118195)",RIO NEGRO 1186 ,0
2026-06-21,B_02,135,S,50,,S,,62080,Nocturno,2026-06-21 22:39:40,,183784,"POINT (  573691.459884211,   6136680.12407218)",RIO NEGRO 1157 ,0
2026-06-21,B_02,136,S,50,,S,Basura Afuera,62080,Nocturno,2026-06-21 22:39:45,,178664,"POINT (  573693.284007827,   6136673.34094950)",RIO NEGRO 1155 FTE 1152. ESQ MALDONADO FTE 1152. ESQ MALDONADO,0
2026-06-21,B_02,137,S,50,,S,Basura Afuera,62080,Nocturno,2026-06-21 23:15:02,,178667,"POINT (  573712.729013006,   6136594.09777217)",RIO NEGRO 1108 EN 1110 EN 1110,0
2026-06-21,B_02,138,S,50,,S,Basura Afuera,62080,Nocturno,2026-06-21 23:15:05,,178668,"POINT (  573712.842007356,   6136591.83788516)",RIO NEGRO 1108 EN 1110 EN 1110,0
2026-06-21,B_02,139,S,25,,S,,62080,Nocturno,2026-06-21 21:19:42,,182141,"POINT (  573707.332164924,   6136501.21625991)",RIO NEGRO 1073 ,0
2026-06-21,B_02,140,S,50,,S,,62080,Nocturno,2026-06-21 20:18:04,,179363,"POINT (  573494.918278542,   6136579.02715070)",WILSON FERREIRA ALDUNATE 1115 ,0
2026-06-21,B_02,141,S,25,,S,,62080,Nocturno,2026-06-21 20:18:01,,179362,"POINT (  573494.579295491,   6136581.06104900)",WILSON FERREIRA ALDUNATE 1115 ,0
2026-06-21,B_02,142,S,50,,S,Basura Afuera,62080,Nocturno,2026-06-21 20:17:58,,178670,"POINT (  573486.423977234,   6136663.58422308)",WILSON FERREIRA ALDUNATE 1157 FTE 1156 FTE 1156,0
2026-06-21,B_02,143,S,50,,S,Basura Afuera,62080,Nocturno,2026-06-21 20:17:55,,178671,"POINT (  573486.280929378,   6136665.02284577)",WILSON FERREIRA ALDUNATE 1157 FTE 1156. MURO FTE 1156. MURO,0
2026-06-21,B_02,144,S,100,,S,Basura Afuera,62080,Nocturno,2026-06-21 20:17:51,,178673,"POINT (  573463.406979108,   6136968.39155748)",WILSON FERREIRA ALDUNATE 1301 EN 1305 EN 1305,0
2026-06-21,B_02,145,S,25,,S,,62080,Nocturno,2026-06-21 20:17:45,,178674,"POINT (  573449.061885989,   6137148.25010495)",RIO BRANCO 1391 FTE 1394 FTE 1394,0
2026-06-21,B_02,146,S,50,,S,,62080,Nocturno,2026-06-21 20:17:43,,178675,"POINT (  573448.690657810,   6137151.88810151)",RIO BRANCO 1391 FTE 1394 FTE 1394,0
2026-06-21,B_02,147,S,50,,S,Basura Afuera,62080,Nocturno,2026-06-21 20:20:24,,178676,"POINT (  573445.247506646,   6137187.93062831)",RIO BRANCO 1407 ,0
2026-06-21,B_02,148,S,25,,S,Basura Afuera,62080,Nocturno,2026-06-21 20:20:28,,178677,"POINT (  573445.037117770,   6137192.29690154)",RIO BRANCO 1407 ,0
2026-06-21,B_02,149,S,75,,S,,62080,Nocturno,2026-06-21 20:25:03,,178678,"POINT (  573440.864606227,   6137253.81528629)",RIO BRANCO 1445 ,0
2026-06-21,B_02,150,S,25,,S,,62080,Nocturno,2026-06-21 20:25:07,,178679,"POINT (  573436.994007435,   6137301.34230410)",RIO BRANCO 1461 EN 1465/1467 EN 1465/1467,0
2026-06-21,B_02,151,S,50,,S,,62080,Nocturno,2026-06-21 20:25:09,,178680,"POINT (  573437.053412464,   6137303.00564494)",RIO BRANCO 1465 EN 1465/1467 EN 1465/1467,0
2026-06-21,B_02,152,S,50,,S,,62080,Nocturno,2026-06-21 20:26:57,,178681,"POINT (  573433.067996057,   6137352.79833714)",RIO BRANCO 1494 FTE 1494 FTE 1494,0
2026-06-21,B_02,153,S,50,,S,,62080,Nocturno,2026-06-21 20:27:00,,179573,"POINT (  573432.834692264,   6137356.83495212)",RIO BRANCO 1494 FTE 1494 FTE 1494,0
2026-06-21,B_02,154,S,25,,S,,62080,Nocturno,2026-06-21 22:11:20,,180469,"POINT (  573957.276745534,   6137441.48358322)",CUAREIM 1506 EN 1516 EN 1516,0
2026-06-21,B_02,155,S,50,,S,,62080,Nocturno,2026-06-21 18:45:16,,178768,"POINT (  573697.813758770,   6137404.88873262)",AV URUGUAY 1071 ,0
2026-06-21,B_02,156,S,25,,S,,62080,Nocturno,2026-06-21 18:45:12,,178769,"POINT (  573694.649916962,   6137405.11472132)",AV URUGUAY 1071 ,0
2026-06-21,B_02,157,S,25,,S,,62080,Nocturno,2026-06-21 18:58:02,,181981,"POINT (  573633.641944142,   6137436.12602458)",RIO NEGRO 1521 ,0
2026-06-21,B_02,158,S,25,,S,Basura Afuera,62080,Nocturno,2026-06-21 20:03:52,,179358,"POINT (  573633.545866231,   6137438.11326128)",RIO NEGRO 1521 AL LADO DE 1529 AL LADO DE 1529,0
2026-06-21,B_02,159,S,25,,S,Basura Afuera,62080,Nocturno,2026-06-21 20:03:54,,179359,"POINT (  573633.483091592,   6137438.99210622)",RIO NEGRO 1521 AL LADO DE 1529 AL LADO DE 1529,0
2026-06-21,B_02,160,S,50,,S,,62080,Nocturno,2026-06-21 18:40:28,,178690,"POINT (  573865.497374588,   6137698.70229194)",AV LIB BRIG GRAL LAVALLEJA 1638 EN 1640 EN 1640,0
2026-06-21,B_02,161,S,75,,S,,62080,Nocturno,2026-06-21 18:40:25,,178691,"POINT (  573866.401329391,   6137701.41415635)",AV LIB BRIG GRAL LAVALLEJA 1638 EN 1640 EN 1640,0
2026-06-21,B_02,162,S,50,,S,,62080,Nocturno,2026-06-21 18:40:20,,178692,"POINT (  573810.921103402,   6137772.26161397)",AV GRAL RONDEAU 1673 EN 1685/ESTACIONAMIENTO EN 1685/ESTACIONAMIENTO,0
2026-06-21,B_02,163,S,50,,S,,62080,Nocturno,2026-06-21 19:13:30,,178693,"POINT (  573796.572652558,   6137628.66401807)",AV LIB BRIG GRAL LAVALLEJA 1601 EN 1615/FARMACIA EN 1615/FARMACIA,0
2026-06-21,B_02,164,S,50,,S,,62080,Nocturno,2026-06-21 19:12:33,,178694,"POINT (  573725.238885658,   6137776.05617368)",PARAGUAY 1682 S/F S/F,0
2026-06-21,B_02,165,S,25,,S,,62080,Nocturno,2026-06-21 19:12:38,,178695,"POINT (  573725.435349312,   6137773.69860983)",PARAGUAY 1682 S/F S/F,0
2026-06-21,B_02,166,S,50,,S,,62080,Nocturno,2026-06-21 19:12:41,,179350,"POINT (  573725.610368938,   6137772.14861962)",PARAGUAY 1682 ,0
2026-06-21,B_02,167,S,25,,S,Basura Afuera,62080,Nocturno,2026-06-21 19:12:44,,178696,"POINT (  573731.835733788,   6137673.84782686)",PARAGUAY 1635 FTE 1637 FTE 1637,0
2026-06-21,B_02,168,S,25,,S,Basura Afuera,62080,Nocturno,2026-06-21 19:12:47,,178697,"POINT (  573732.231214014,   6137670.62748788)",PARAGUAY 1631 FTE 1637 FTE 1637,0
2026-06-21,B_02,169,S,25,,S,Fuera de Lugar,62080,Nocturno,2026-06-21 18:33:15,,178698,"POINT (  573859.791159899,   6137610.05822414)",CERRO LARGO 1162 FTE 1157 FTE 1157,0
2026-06-21,B_02,170,S,50,,S,Fuera de Lugar,62080,Nocturno,2026-06-21 18:33:11,,178699,"POINT (  573856.514323740,   6137610.17121849)",CERRO LARGO 1162 FTE 1157 FTE 1157,0
2026-06-21,B_02,171,S,50,,S,Basura Afuera,62080,Nocturno,2026-06-21 22:07:51,,178700,"POINT (  573769.056696622,   6137467.91133149)",AV LIB BRIG GRAL LAVALLEJA 1532 EN 1532/AUTOMOVIL CLUB EN 1532/AUTOMOVIL CLUB,0
2026-06-21,B_02,172,S,50,,S,Basura Afuera,62080,Nocturno,2026-06-21 22:07:54,,178701,"POINT (  573767.926753119,   6137464.74748968)",AV LIB BRIG GRAL LAVALLEJA 1532 EN 1532/AUTOMOVIL CLUB EN 1532/AUTOMOVIL CLUB,0
2026-06-21,B_02,173,S,50,,S,Basura Afuera,62080,Nocturno,2026-06-21 22:37:01,,182175,"POINT (  573671.368424573,   6137130.21554414)",RIO NEGRO 1362 ,0
2026-06-21,B_02,174,S,50,,S,Basura Afuera,62080,Nocturno,2026-06-21 22:36:59,,182176,"POINT (  573671.823487145,   6137126.80257486)",RIO NEGRO 1362 ,0
2026-06-21,B_02,175,S,100,,S,,62080,Nocturno,2026-06-21 22:36:55,,178706,"POINT (  573678.139360452,   6137051.28341729)",RIO NEGRO 1338 ,0
2026-06-21,B_02,176,S,25,,S,,62080,Nocturno,2026-06-21 22:36:51,,178707,"POINT (  573682.842007356,   6136991.78138798)",RIO NEGRO 1310 EN 1308/1310 EN 1308/1310,0
2026-06-21,B_02,177,S,25,,S,,62080,Nocturno,2026-06-21 22:36:47,,178708,"POINT (  573683.067996056,   6136988.95652923)",RIO NEGRO 1306 EN 1308/1310 EN 1308/1310,0
2026-06-21,B_02,178,S,50,,S,,62080,Nocturno,2026-06-21 22:36:45,,183781,"POINT (  573683.063000752,   6136985.70353985)",RIO NEGRO 1306 ,0
2026-06-21,B_02,179,S,50,,S,Basura Afuera,62080,Nocturno,2026-06-21 22:36:42,,178709,"POINT (  573673.802459333,   6136920.14296990)",RIO NEGRO 1277 EN 1277/1279 EN 1277/1279,0
2026-06-21,B_02,180,S,50,,S,,62080,Nocturno,2026-06-21 22:36:39,,179351,"POINT (  573693.519973458,   6136848.10907160)",RIO NEGRO 1242 EN 1246 EN 1246,0
2026-06-21,B_02,181,S,50,,S,,62080,Nocturno,2026-06-21 22:36:36,,179352,"POINT (  573693.632967808,   6136845.28421284)",RIO NEGRO 1242 EN 1246 EN 1246,0
2026-06-21,B_02,182,S,50,,S,,62080,Nocturno,2026-06-21 23:14:52,,178716,"POINT (  573869.395679672,   6137235.79268742)",AV GRAL RONDEAU 1414 ,0
2026-06-21,B_02,183,S,50,,S,,62080,Nocturno,2026-06-21 19:00:00,,179348,"POINT (  573869.282685322,   6137237.37460832)",AV GRAL RONDEAU 1414 ,0
2026-06-21,B_02,184,S,50,,S,Basura Afuera,62080,Nocturno,2026-06-21 23:14:46,,183742,"POINT (  573868.741944662,   6137289.26251503)",AV GRAL RONDEAU 1446 ,0
2026-06-21,B_02,185,S,50,,S,,62080,Nocturno,2026-06-21 19:00:00,,183741,"POINT (  573867.870484967,   6137294.05554336)",MERCEDES 1162 ,0
2026-06-21,B_02,186,S,50,,S,Basura Afuera,62080,Nocturno,2026-06-21 23:14:29,,178718,"POINT (  573862.115168297,   6137338.99321510)",AV GRAL RONDEAU 1462 ,0
2026-06-21,B_02,187,S,50,,S,,62080,Nocturno,2026-06-21 19:00:00,,178719,"POINT (  573859.363982377,   6137385.72635795)",AV GRAL RONDEAU 1492 EN 1494 EN 1494,0
2026-06-21,B_02,188,S,50,,S,Basura Afuera,62080,Nocturno,2026-06-21 23:14:09,,178720,"POINT (  573853.064426337,   6137451.76510819)",AV GRAL RONDEAU 1514 ,0
2026-06-21,B_01,1,S,75,,S,Requiere Limpieza,62081,Nocturno,2026-06-21 21:20:52,,177317,"POINT (  571828.384533332,   6136859.70892200)",JUAN LINDOLFO CUESTAS 1464 FTE 1458 FTE 1458,0
2026-06-21,B_01,2,S,50,,S,Requiere Limpieza,62081,Nocturno,2026-06-21 21:20:55,,177316,"POINT (  571829.283226143,   6136856.93114422)",JUAN LINDOLFO CUESTAS 1464 FTE 1458 FTE 1458,0
2026-06-21,B_01,3,S,50,,S,Requiere Limpieza,62081,Nocturno,2026-06-21 21:20:58,,177318,"POINT (  571952.753106551,   6136643.09245435)",JUAN LINDOLFO CUESTAS Esq. SARANDI ,0
2026-06-21,B_01,4,S,75,,S,Requiere Limpieza,62081,Nocturno,2026-06-21 21:21:03,,177319,"POINT (  572045.439271894,   6136547.92379127)",JUAN LINDOLFO CUESTAS 1258 ,0
2026-06-21,B_01,5,S,100,,S,,62081,Nocturno,2026-06-21 21:21:11,,177320,"POINT (  572048.012801306,   6136546.24895467)",JUAN LINDOLFO CUESTAS 1258 ,0
2026-06-21,B_01,6,S,100,,S,Requiere Limpieza,62081,Nocturno,2026-06-21 21:21:15,,180468,"POINT (  572146.732913508,   6136559.23359804)",MACIEL 1277 ,0
2026-06-21,B_01,7,S,100,,S,Requiere Limpieza,62081,Nocturno,2026-06-21 21:21:28,,177521,"POINT (  572008.204794770,   6136694.83964095)",GUARANI 1360 CASA VEIGE. S/N CASA VEIGE. S/N,0
2026-06-21,B_01,8,S,75,,S,Requiere Limpieza,62081,Nocturno,2026-06-21 21:21:32,,181910,"POINT (  572006.997737884,   6136698.39823550)",GUARANI 1360 ,0
2026-06-21,B_01,9,S,100,,S,Requiere Limpieza,62081,Nocturno,2026-06-21 21:21:35,,181911,"POINT (  571915.530161092,   6136936.85102275)",GUARANI Esq. CERRITO ,0
2026-06-21,B_01,10,S,50,,S,,62081,Nocturno,2026-06-21 21:21:39,,177524,"POINT (  571913.798287059,   6136940.95936295)",GUARANI Esq. CERRITO EN 1480 EN 1480,0
2026-06-21,B_01,11,S,75,,S,,62081,Nocturno,2026-06-21 21:21:42,,183108,"POINT (  571933.579059520,   6136956.40101453)",CERRITO 164 PROV OV (O: MACIEL 1515 FTE.) PROV OV (O: MACIEL 1515 FTE.),0
2026-06-21,B_01,12,S,100,,S,Requiere Limpieza,62081,Nocturno,2026-06-21 21:21:47,,183109,"POINT (  571936.964108886,   6136958.09353921)",CERRITO 164 POR OV (O:MACIEL 1515 FTE) POR OV (O:MACIEL 1515 FTE),0
2026-06-21,B_01,13,S,50,,S,Requiere Limpieza,62081,Nocturno,2026-06-21 21:21:50,,177525,"POINT (  571866.522068601,   6137004.27500273)",PIEDRAS 135 EN 141 EN 141,0
2026-06-21,B_01,14,S,50,,S,Requiere Limpieza,62081,Nocturno,2026-06-21 21:21:54,,177527,"POINT (  571958.186708803,   6137040.99474490)",PIEDRAS 192 FTE 165. MURO FTE 165. MURO,0
2026-06-21,B_01,15,S,75,,S,"Basura Afuera, Requiere Limpieza",62081,Nocturno,2026-06-21 21:21:58,,183110,"POINT (  571983.191189280,   6136886.33754485)",25 DE MAYO 175 PROV OV (O: MACIEL FTE 1467) PROV OV (O: MACIEL FTE 1467),0
2026-06-21,B_01,16,S,75,,S,,62081,Nocturno,2026-06-21 21:22:00,,180531,"POINT (  572062.822849268,   6136907.88030123)",25 DE MAYO 224 LABORATORIO LABORATORIO,0
2026-06-21,B_01,17,S,100,,S,"Basura Afuera, Requiere Limpieza",62081,Nocturno,2026-06-21 21:22:04,,183403,"POINT (  572225.510468785,   6136633.80888797)",PEREZ CASTELLANO 1288 ,0
2026-06-21,B_01,18,S,100,,S,,62081,Nocturno,2026-06-21 21:22:06,,183402,"POINT (  572223.921365493,   6136636.30605029)",PEREZ CASTELLANO 1288 ,0
2026-06-21,B_01,19,S,75,,S,,62081,Nocturno,2026-06-21 21:22:08,,183401,"POINT (  572222.218754824,   6136639.37074949)",PEREZ CASTELLANO 1295 ,0
2026-06-21,B_01,20,S,100,,S,,62081,Nocturno,2026-06-21 21:22:12,,183408,"POINT (  572102.023435982,   6136704.70870182)",MACIEL 1343 ,0
2026-06-21,B_01,21,S,75,,S,"Basura Afuera, Requiere Limpieza",62081,Nocturno,2026-06-21 21:22:16,,177532,"POINT (  572036.878823064,   6136857.96180376)",MACIEL 1419 FTE 1430 FTE 1430,0
2026-06-21,B_01,22,S,100,,S,,62081,Nocturno,2026-06-21 21:22:20,,182171,"POINT (  572123.986177930,   6136645.09138100)",MACIEL 1312 ,0
2026-06-21,B_01,23,S,75,,S,"Basura Afuera, Requiere Limpieza",62081,Nocturno,2026-06-21 21:22:23,,180457,"POINT (  572405.910473421,   6136712.09307517)",FRANCISCO DE ALZAIBAR 1299 PDO 1299 PDO 1299,0
2026-06-21,B_01,24,S,100,,S,"Basura Afuera, Requiere Limpieza",62081,Nocturno,2026-06-21 21:22:27,,180458,"POINT (  572406.291737037,   6136711.38501416)",FRANCISCO DE ALZAIBAR 1299 PDO 1299 PDO 1299,0
2026-06-21,B_01,25,S,50,,S,,62081,Nocturno,2026-06-21 21:22:31,,180459,"POINT (  572406.727466885,   6136710.73141939)",FRANCISCO DE ALZAIBAR 1299 PDO 1299 PDO 1299,0
2026-06-21,B_01,26,S,100,,S,,62081,Nocturno,2026-06-21 21:22:34,,180462,"POINT (  572519.028708646,   6136712.56515757)",ZABALA 1270 ANTES 1266 ANTES 1266,0
2026-06-21,B_01,27,S,75,,S,"Basura Afuera, Requiere Limpieza",62081,Nocturno,2026-06-21 21:22:38,,180463,"POINT (  572519.825068146,   6136710.40361035)",ZABALA 1270 ANTES 1266 ANTES 1266,0
2026-06-21,B_01,28,S,100,,S,"Basura Afuera, Requiere Limpieza",62081,Nocturno,2026-06-21 21:22:41,,180464,"POINT (  572520.621427645,   6136708.35582878)",ZABALA 1264 ANTES 1266 ANTES 1266,0
2026-06-21,B_01,29,S,100,,S,Requiere Limpieza,62081,Nocturno,2026-06-21 21:22:44,,180454,"POINT (  572320.888686928,   6136600.38283551)",RECONQUISTA 293 PDO 293 PDO 293,0
2026-06-21,B_01,30,S,75,,S,Requiere Limpieza,62081,Nocturno,2026-06-21 21:22:47,,180455,"POINT (  572357.094252045,   6136612.64365951)",RECONQUISTA 307 307/309 307/309,0
2026-06-21,B_01,31,S,100,,S,Requiere Limpieza,62081,Nocturno,2026-06-21 21:22:51,,180456,"POINT (  572358.355866801,   6136613.08893531)",RECONQUISTA 307 307/309 307/309,0
2026-06-21,B_01,32,S,50,,S,Requiere Limpieza,62081,Nocturno,2026-06-21 21:22:55,,178045,"POINT (  572319.989925489,   6136861.60843180)",CIRCUNVALACION DURANGO 322 EN 322/324 EN 322/324,0
2026-06-21,B_01,33,S,75,,S,Requiere Limpieza,62081,Nocturno,2026-06-21 21:22:58,,183407,"POINT (  572297.751510783,   6136920.46783962)",CIRCUNVALACION DURANGO 1401 ,0
2026-06-21,B_01,34,S,100,,S,Requiere Limpieza,62081,Nocturno,2026-06-21 21:23:03,,183406,"POINT (  572297.070466515,   6136917.51664779)",CIRCUNVALACION DURANGO 1401 ,0
2026-06-21,B_01,35,S,75,,S,"Basura Afuera, Requiere Limpieza",62081,Nocturno,2026-06-21 21:23:07,,178007,"POINT (  572296.328729060,   6136913.64281446)",CIRCUNVALACION DURANGO 1401 EN 1409 EN 1409,0
2026-06-21,B_01,36,S,100,,S,"Basura Afuera, Requiere Limpieza",62081,Nocturno,2026-06-21 21:23:11,,178012,"POINT (  572296.538263202,   6136914.84015242)",CIRCUNVALACION DURANGO 1401 EN 1409 EN 1409,0
2026-06-21,B_01,37,S,50,,S,,62081,Nocturno,2026-06-21 21:23:16,,180529,"POINT (  572166.107272779,   6136947.45876609)",25 DE MAYO 272 FTE 279 FTE 279,0
2026-06-21,B_01,38,S,100,,S,,62081,Nocturno,2026-06-21 21:23:18,,183257,"POINT (  572144.972464664,   6136565.42754642)",MACIEL 1277 ,0
2026-06-21,B_01,39,S,50,,S,,62081,Nocturno,2026-06-21 21:23:21,,180533,"POINT (  572226.001290156,   6136968.53897532)",25 DE MAYO 306 ,0
2026-06-21,B_01,40,S,25,,S,,62081,Nocturno,2026-06-21 21:23:25,,179202,"POINT (  572296.794526144,   6137015.32631089)",SOLIS 1460 EN 1460. CASA TAPIADA EN 1460. CASA TAPIADA,0
2026-06-21,B_01,41,S,100,,S,,62081,Nocturno,2026-06-21 21:23:30,,178024,"POINT (  572272.381969913,   6137057.11383520)",SOLIS 1469 IGLESIA IGLESIA,0
2026-06-21,B_01,42,S,50,,S,,62081,Nocturno,2026-06-21 19:00:00,,178026,"POINT (  572271.723434037,   6137058.43090696)",SOLIS 1469 IGLESIA IGLESIA,0
2026-06-21,B_01,43,S,100,,S,,62081,Nocturno,2026-06-21 21:23:37,,178033,"POINT (  572212.589003328,   6137224.73858556)",SOLIS 1571 MURO. S/F MURO. S/F,0
2026-06-21,B_01,44,S,75,,S,,62081,Nocturno,2026-06-21 21:23:41,,178036,"POINT (  572210.937950558,   6137229.19679039)",SOLIS 1571 MURO. S/F MURO. S/F,0
2026-06-21,B_01,45,S,50,,S,,62081,Nocturno,2026-06-21 21:23:43,,178037,"POINT (  572208.347768626,   6137234.50467363)",SOLIS 1571 MURO. S/F MURO. S/F,0
2026-06-21,B_01,46,S,50,,S,,62081,Nocturno,2026-06-21 21:23:46,,178040,"POINT (  572314.025873201,   6137244.10434683)",ZABALA 1560 EN 1562 EN 1562,0
2026-06-21,B_01,47,S,25,,S,,62081,Nocturno,2026-06-21 21:23:49,,178041,"POINT (  572370.733857784,   6137092.90515428)",ZABALA 1486 ,0
2026-06-21,B_01,48,S,25,,S,,62081,Nocturno,2026-06-21 21:23:51,,178042,"POINT (  572370.954660453,   6137092.24984690)",ZABALA 1486 PROV PROV,0
2026-06-21,B_01,49,S,50,,S,,62081,Nocturno,2026-06-21 21:23:54,,178956,"POINT (  572420.166780392,   6136967.15962354)",ZABALA 1403 MURO. PROV OV. ORIGEN: ZABALA 1266 MURO. PROV OV. ORIGEN: ZABALA 1266,0
2026-06-21,B_01,50,S,100,,S,"Basura Afuera, Requiere Limpieza",62081,Nocturno,2026-06-21 21:23:57,,179347,"POINT (  572467.224228534,   6136844.02762294)",ZABALA 1341 FTE 1345. FTE 1345.,0
2026-06-21,B_01,51,S,75,,S,"Basura Afuera, Requiere Limpieza",62081,Nocturno,2026-06-21 21:24:00,,178958,"POINT (  572468.361884962,   6136841.75231009)",ZABALA 1341 FTE 1345. PROV OV. ORIGEN: ZABALA 1266 FTE 1345. PROV OV. ORIGEN: ZABALA 1266,0
2026-06-21,B_01,52,S,100,,S,Requiere Limpieza,62081,Nocturno,2026-06-21 21:24:03,,178055,"POINT (  572690.148005553,   6136795.50657630)",TREINTA Y TRES 1282 ,0
2026-06-21,B_01,53,S,75,,S,,62081,Nocturno,2026-06-21 21:24:06,,178056,"POINT (  572692.821498159,   6136788.50998927)",TREINTA Y TRES 1278 ,0
2026-06-21,B_01,54,S,100,,S,,62081,Nocturno,2026-06-21 21:24:08,,178057,"POINT (  572693.447209194,   6136787.08791873)",TREINTA Y TRES 1278 ,0
2026-06-21,B_01,55,S,75,,S,,62081,Nocturno,2026-06-21 21:24:11,,180532,"POINT (  572707.862602783,   6136747.37408013)",TREINTA Y TRES 1254 ,0
2026-06-21,B_01,56,S,100,,S,,62081,Nocturno,2026-06-21 21:24:14,,178058,"POINT (  572720.520971241,   6136714.28408538)",TREINTA Y TRES Esq. RECONQUISTA TEMPLO TEMPLO,0
2026-06-21,B_01,57,S,75,,S,,62081,Nocturno,2026-06-21 21:24:17,,179346,"POINT (  572606.018312721,   6136739.02193466)",MISIONES 1267 ,0
2026-06-21,B_01,58,S,50,,S,,62081,Nocturno,2026-06-21 21:24:19,,180453,"POINT (  572592.566246841,   6136772.33272658)",MISIONES 1281 ,0
2026-06-21,B_01,59,S,75,,S,,62081,Nocturno,2026-06-21 21:24:22,,180452,"POINT (  572592.402848148,   6136773.09525381)",MISIONES 1281 ,0
2026-06-21,B_01,60,S,50,,S,,62081,Nocturno,2026-06-21 21:24:29,,178066,"POINT (  572485.475299016,   6137034.72721422)",MISIONES 1429 ,0
2026-06-21,B_01,61,S,75,,S,,62081,Nocturno,2026-06-21 21:24:31,,178067,"POINT (  572411.876894401,   6137226.98085286)",MISIONES 1537 ,0
2026-06-21,B_01,62,S,50,,S,,62081,Nocturno,2026-06-21 21:24:34,,178068,"POINT (  572389.208490322,   6137288.30112118)",MISIONES 1571 EN 1573 EN 1573,0
2026-06-21,B_01,63,S,100,,S,,62081,Nocturno,2026-06-21 21:24:37,,178069,"POINT (  572517.089598692,   6137224.29225532)",TREINTA Y TRES 1509 EN 1513 EN 1513,0
2026-06-21,B_01,64,S,75,,S,,62081,Nocturno,2026-06-21 21:24:39,,178071,"POINT (  572518.110840522,   6137221.84127493)",TREINTA Y TRES 1509 EN 1513 EN 1513,0
2026-06-21,B_01,65,S,75,,S,,62081,Nocturno,2026-06-21 21:24:45,,184075,"POINT (  572559.672933372,   6137143.97652217)",TREINTA Y TRES 1460 Treinta y Tres 1470 Treinta y Tres 1470,0
2026-06-21,B_01,66,S,75,,S,,62081,Nocturno,2026-06-21 21:24:43,,183780,"POINT (  572668.388997745,   6136857.86800677)",TREINTA Y TRES 1314 ,0
2026-06-21,B_01,67,S,75,,S,,62081,Nocturno,2026-06-21 19:14:22,,177691,"POINT (  572755.179784929,   6136890.77985663)",ITUZAINGO 1315 EN 1311 EN 1311,0
2026-06-21,B_01,68,S,100,,S,,62081,Nocturno,2026-06-21 19:14:25,,177692,"POINT (  572754.576793903,   6136892.85682572)",ITUZAINGO 1315 EN 1311 EN 1311,0
2026-06-21,B_01,69,S,50,,S,,62081,Nocturno,2026-06-21 19:14:28,,183769,"POINT (  572653.527422556,   6137151.61271654)",ITUZAINGO 1461 ,0
2026-06-21,B_01,70,S,75,,S,,62081,Nocturno,2026-06-21 19:14:31,,177693,"POINT (  572650.527486854,   6137156.09127575)",ITUZAINGO 1461 ,0
2026-06-21,B_01,71,S,75,,S,,62081,Nocturno,2026-06-21 19:14:38,,177694,"POINT (  572597.201475406,   6137287.25856720)",ITUZAINGO 1533 EN 1543 EN 1543,0
2026-06-21,B_01,72,S,50,,S,,62081,Nocturno,2026-06-21 19:14:41,,177696,"POINT (  572596.348233085,   6137289.42011441)",ITUZAINGO 1533 EN 1543 EN 1543,0
2026-06-21,B_01,73,S,75,,S,,62081,Nocturno,2026-06-21 19:14:48,,177698,"POINT (  572575.769381761,   6137342.02089937)",ITUZAINGO 1575 EN 1571 EN 1571,0
2026-06-21,B_01,74,S,50,,S,,62081,Nocturno,2026-06-21 19:15:06,,177699,"POINT (  572575.055284967,   6137343.65500042)",ITUZAINGO 1575 EN 1571 EN 1571,0
2026-06-21,B_01,75,S,100,,S,Requiere Limpieza,62081,Nocturno,2026-06-21 19:15:10,,177700,"POINT (  572658.862453790,   6137418.48723614)",JUAN CARLOS GOMEZ 1581 EN1576 EN1576,0
2026-06-21,B_01,76,S,75,,S,Requiere Limpieza,62081,Nocturno,2026-06-21 19:15:12,,184176,"POINT (  572687.587983568,   6137350.24923662)",JUAN CARLOS GOMEZ 1544 Juan Carlos Gomez 1544 Juan Carlos Gomez 1544,0
2026-06-21,B_01,77,S,100,,S,Requiere Limpieza,62081,Nocturno,2026-06-21 19:15:19,,184177,"POINT (  572688.526950704,   6137348.72341502)",JUAN CARLOS GOMEZ 1544 Juan Carlos Gomez 1544 Juan Carlos Gomez 1544,0
2026-06-21,B_01,78,S,100,,S,"Basura Afuera, Requiere Limpieza",62081,Nocturno,2026-06-21 19:15:23,,184013,"POINT (  572984.276907351,   6136952.22845927)",BUENOS AIRES 679 Buenos Aires 679 PROV O en Juan Carlos Gomez 1305 Buenos Aires 679 PROV O en Juan Carlos Gomez 1305,0
2026-06-21,B_01,79,S,50,,S,,62081,Nocturno,2026-06-21 19:15:26,,184012,"POINT (  572988.360921354,   6136954.73721074)",BUENOS AIRES 679 Buenos Aires 679 PRO O en Juan Carlos Gomez 1305 es Buenos aires Buenos Aires 679 PRO O en Juan Carlos Gomez 1305 es Buenos aires,0
2026-06-21,B_01,80,S,75,,S,,62081,Nocturno,2026-06-21 19:15:29,,177844,"POINT (  572991.129631372,   6136955.62395465)",BUENOS AIRES 679 SOLIS SOLIS,0
2026-06-21,B_01,81,S,50,,S,,62081,Nocturno,2026-06-21 19:15:32,,183770,"POINT (  573000.271097744,   6136961.31711278)",BUENOS AIRES 679 ,0
2026-06-21,B_01,82,S,75,,S,,62081,Nocturno,2026-06-21 19:15:36,,177896,"POINT (  572826.096951634,   6136787.85434682)",BRECHA 558 ,0
2026-06-21,B_01,83,S,100,,S,,62081,Nocturno,2026-06-21 19:15:39,,177897,"POINT (  572827.322441830,   6136790.06022917)",BRECHA 558 ,0
2026-06-21,B_01,84,S,75,,S,,62081,Nocturno,2026-06-21 20:08:22,,177850,"POINT (  572801.677092897,   6137264.13179993)",BARTOLOME MITRE 1467 EN 1475 EN 1475,0
2026-06-21,B_01,85,S,100,,S,,62081,Nocturno,2026-06-21 20:08:20,,177877,"POINT (  572800.739106857,   6137265.47177999)",BARTOLOME MITRE 1467 EN 1475 EN 1475,0
2026-06-21,B_01,86,S,75,,S,,62081,Nocturno,2026-06-21 20:08:17,,184175,"POINT (  572800.072689202,   6137266.69601596)",BARTOLOME MITRE 1484 ,0
2026-06-21,B_01,87,S,50,,S,,62081,Nocturno,2026-06-21 20:08:14,,177880,"POINT (  572813.811259250,   6137414.53388005)",PIEDRAS 674 EN 676 EN 676,0
2026-06-21,B_01,88,S,25,,S,Requiere Limpieza,62081,Nocturno,2026-06-21 20:08:12,,177883,"POINT (  572869.556424211,   6137437.96960246)",PIEDRAS 696 ESQ JUNCAL ESQ JUNCAL,0
2026-06-21,B_01,89,S,100,,S,,62081,Nocturno,2026-06-21 19:14:14,,177899,"POINT (  573134.172138998,   6137389.45227865)",FLORIDA 1518 ,0
2026-06-21,B_01,90,S,75,,S,,62081,Nocturno,2026-06-21 19:14:12,,178138,"POINT (  573142.096975600,   6137286.06175577)",FLORIDA 1468 ,0
2026-06-21,B_01,91,S,50,,S,,62081,Nocturno,2026-06-21 19:14:10,,178139,"POINT (  573142.178674946,   6137283.61077538)",FLORIDA 1468 ,0
2026-06-21,B_01,92,S,75,,S,,62081,Nocturno,2026-06-21 19:14:07,,178140,"POINT (  573148.242937847,   6137207.19325572)",FLORIDA 1430 EN 1430 EN 1430,0
2026-06-21,B_01,93,S,50,,S,"Basura Afuera, Requiere Limpieza",62081,Nocturno,2026-06-21 19:13:30,,178218,"POINT (  573148.504802226,   6137204.64925533)",FLORIDA 1430 EN 1428 EN 1428,0
2026-06-21,B_01,94,S,75,,S,,62081,Nocturno,2026-06-21 19:13:38,,178142,"POINT (  573040.830599410,   6137279.66471054)",CIUDADELA 1437 EN 1443 EN 1443,0
2026-06-21,B_01,95,S,50,,S,,62081,Nocturno,2026-06-21 19:13:36,,178143,"POINT (  573039.920474267,   6137282.28132032)",CIUDADELA 1437 EN 1443 EN 1443,0
2026-06-21,B_01,96,S,75,,S,Requiere Limpieza,62081,Nocturno,2026-06-21 19:13:33,,178144,"POINT (  573038.782817840,   6137284.89793011)",CIUDADELA 1437 EN 1443 EN 1443,0
2026-06-21,B_01,97,S,100,,S,,62081,Nocturno,2026-06-21 19:13:41,,178162,"POINT (  572995.464177911,   6137393.54227642)",CIUDADELA Esq. CERRITO ESQ CERRITO ESQ CERRITO,0
2026-06-21,B_01,98,S,75,,S,,62081,Nocturno,2026-06-21 19:13:44,,183774,"POINT (  572962.070800752,   6137464.62272557)",CIUDADELA 1546 ,0
2026-06-21,B_01,99,S,75,,S,,62081,Nocturno,2026-06-21 19:02:16,,178164,"POINT (  573330.378225600,   6137540.38160870)",CONVENCION 1576 FTE 1589 FTE 1589,0
2026-06-21,B_01,100,S,50,,S,,62081,Nocturno,2026-06-21 19:02:19,,178219,"POINT (  573341.080839979,   6137393.07768713)",CONVENCION 1516 ,0
2026-06-21,B_01,101,S,75,,S,,62081,Nocturno,2026-06-21 19:02:22,,178222,"POINT (  573341.244238672,   6137391.44370020)",CONVENCION 1516 ,0
2026-06-21,B_01,102,S,75,,S,,62081,Nocturno,2026-06-21 19:02:24,,178223,"POINT (  573344.984379096,   6137347.77728136)",CONVENCION 1490 EN 1496 EN 1496,0
2026-06-21,B_01,103,S,50,,S,,62081,Nocturno,2026-06-21 19:02:27,,178224,"POINT (  573345.153693836,   6137346.18917016)",CONVENCION 1490 EN 1496 EN 1496,0
2026-06-21,B_01,104,S,75,,S,,62081,Nocturno,2026-06-21 19:02:29,,178225,"POINT (  573349.704319547,   6137284.69884024)",CONVENCION 1462 EN 1456 EN 1456,0
2026-06-21,B_01,105,S,100,,S,,62081,Nocturno,2026-06-21 19:02:32,,178226,"POINT (  573349.881058757,   6137282.33257118)",CONVENCION 1462 EN 1456 EN 1456,0
2026-06-21,B_01,106,S,50,,S,,62081,Nocturno,2026-06-21 19:02:35,,178227,"POINT (  573340.887482232,   6137210.38143410)",CONVENCION 1417 EN 1423 EN 1423,0
2026-06-21,B_01,107,S,75,,S,,62081,Nocturno,2026-06-21 19:02:37,,178228,"POINT (  573340.944365053,   6137209.21533626)",CONVENCION 1417 EN 1423 EN 1423,0
2026-06-21,B_01,108,S,50,,S,,62081,Nocturno,2026-06-21 19:02:40,,178229,"POINT (  573347.002385531,   6137138.28245799)",CONVENCION 1391 EN 1391 EN 1391,0
2026-06-21,B_01,109,S,75,,S,,62081,Nocturno,2026-06-21 19:02:42,,178231,"POINT (  573349.879683847,   6137093.23409345)",CONVENCION 1363 ,0
2026-06-21,B_01,110,S,50,,S,,62081,Nocturno,2026-06-21 19:09:30,,178356,"POINT (  573349.879683847,   6137091.62611738)",CONVENCION 1363 ,0
2026-06-21,B_01,111,S,100,,S,"Basura Afuera, Requiere Limpieza",62081,Nocturno,2026-06-21 19:09:33,,183790,"POINT (  573250.758372180,   6137059.45198496)",ANDES Esq. AV 18 DE JULIO ,0
2026-06-21,B_01,112,S,100,,S,"Basura Afuera, Requiere Limpieza",62081,Nocturno,2026-06-21 19:09:37,,178232,"POINT (  573246.206026031,   6137110.06857859)",ANDES 1381 EN 1379 EN 1379,0
2026-06-21,B_01,113,S,50,,S,,62081,Nocturno,2026-06-21 19:09:40,,179734,"POINT (  573252.654245982,   6137204.93480482)",ANDES 1424 EN 1426 EN 1426,0
2026-06-21,B_01,114,S,75,,S,,62081,Nocturno,2026-06-21 19:09:42,,179733,"POINT (  573252.302752133,   6137207.74675561)",ANDES 1424 EN 1426 EN 1426,0
2026-06-21,B_01,115,S,50,,S,,62081,Nocturno,2026-06-21 19:09:45,,183764,"POINT (  573247.987661874,   6137265.66710066)",ANDES 1452 ,0
2026-06-21,B_01,116,S,75,,S,,62081,Nocturno,2026-06-21 19:09:47,,178235,"POINT (  573247.116151174,   6137268.94229872)",ANDES 1452 EN 1452 EN 1452,0
2026-06-21,B_01,117,S,50,,S,,62081,Nocturno,2026-06-21 19:09:50,,178236,"POINT (  573242.508642641,   6137335.21078564)",ANDES 1492 FTE 1499 FTE 1499,0
2026-06-21,B_01,118,S,75,,S,,62081,Nocturno,2026-06-21 19:09:52,,178258,"POINT (  573242.508642641,   6137336.40532489)",ANDES 1492 FTE 1499 FTE 1499,0
2026-06-21,B_01,119,S,50,,S,,62081,Nocturno,2026-06-21 19:09:55,,178259,"POINT (  573235.056993040,   6137436.68973900)",ANDES 1540 ,0
2026-06-21,B_01,120,S,100,,S,,62081,Nocturno,2026-06-21 19:09:58,,178260,"POINT (  573235.000110218,   6137437.82739543)",ANDES 1540 ,0
2026-06-21,B_01,121,S,50,,S,,62081,Nocturno,2026-06-21 19:10:01,,178261,"POINT (  573214.074099783,   6137501.91142897)",ANDES 1569 ,0
2026-06-21,B_01,122,S,75,,S,,62081,Nocturno,2026-06-21 19:10:05,,178262,"POINT (  573214.018687006,   6137503.05411582)",ANDES 1569 ,0
2026-06-21,B_01,123,S,100,,S,,62081,Nocturno,2026-06-21 19:10:08,,182208,"POINT (  573113.674589227,   6137484.32800074)",FLORIDA 1575 ,0
2026-06-21,B_01,124,S,75,,S,"Basura Afuera, Requiere Limpieza",62081,Nocturno,2026-06-21 19:10:16,,183976,"POINT (  572729.870427771,   6137434.29896663)",BARTOLOME MITRE 1583 Bartolome  Mitre 1587 Bartolome  Mitre 1587,0
2026-06-21,B_01,125,S,100,,S,"Basura Afuera, Requiere Limpieza",62081,Nocturno,2026-06-21 19:10:19,,183977,"POINT (  572730.687230572,   6137432.54867491)",BARTOLOME MITRE 1583 Bartolome Mitre 1587 Bartolome Mitre 1587,0
2026-06-21,B_01,126,S,100,,S,Requiere Limpieza,62081,Nocturno,2026-06-21 19:13:50,,178270,"POINT (  572983.313234675,   6137142.42337633)",JUNCAL 1384 FTE 1397 FTE 1397,0
2026-06-21,B_01,127,S,75,,S,"Basura Afuera, Requiere Limpieza",62081,Nocturno,2026-06-21 19:13:53,,178271,"POINT (  572957.241293381,   6137220.64878337)",JUNCAL 1434 EN 1438 EN 1438,0
2026-06-21,B_01,128,S,100,,S,,62081,Nocturno,2026-06-21 19:13:56,,183771,"POINT (  572981.565895489,   6137149.73218346)",JUNCAL Esq. RINCON ,0
2026-06-21,B_01,129,S,50,,S,,62081,Nocturno,2026-06-21 19:13:59,,178272,"POINT (  572903.543909990,   6137382.42352740)",JUNCAL 1514 FTE 1511 FTE 1511,0
2026-06-21,B_01,130,S,75,,S,,62081,Nocturno,2026-06-21 23:19:29,,178276,"POINT (  573169.186685872,   6136767.00828280)",FLORIDA 1217 EN 1221 EN 1221,0
2026-06-21,B_01,131,S,75,,S,,62081,Nocturno,2026-06-21 23:19:34,,178277,"POINT (  573177.377812152,   6136670.30748644)",FLORIDA 1171 EN 1175 EN 1175,0
2026-06-21,B_01,132,S,75,,S,Requiere Limpieza,62081,Nocturno,2026-06-21 23:19:38,,178278,"POINT (  573301.496128421,   6136579.46562068)",JOSE GERMAN ARAUJO 1128 ,0
2026-06-21,B_01,133,S,50,,S,,62081,Nocturno,2026-06-21 23:19:41,,179343,"POINT (  573301.439245599,   6136580.54639429)",JOSE GERMAN ARAUJO 1128 ,0
2026-06-21,B_01,134,S,100,,S,,62081,Nocturno,2026-06-21 23:19:43,,183049,"POINT (  573281.579943441,   6136650.11579972)","JOSE GERMAN ARAUJO 1157 PROV OV (O: JOSE GERMAN ARAUJO 1168, F: 14/07/2021) EN 1169 PROV OV (O: JOSE GERMAN ARAUJO 1168, F: 14/07/2021) EN 1169",0
2026-06-21,B_01,135,S,100,,S,,62081,Nocturno,2026-06-21 23:19:46,,183048,"POINT (  573281.368377856,   6136652.01988999)","JOSE GERMAN ARAUJO 1157 PROV OV (O: JOSE GERMAN ARAUJO 1168, F: 28/05/25) EN 1169 PROV OV (O: JOSE GERMAN ARAUJO 1168, F: 28/05/25) EN 1169",0
2026-06-21,B_01,136,S,75,,S,,62081,Nocturno,2026-06-21 23:19:50,,180764,"POINT (  573269.520328264,   6136801.12688887)",JOSE GERMAN ARAUJO 1229 PROV OP (O: JOSE GERMAN ARAUJO 1193) PROV OP (O: JOSE GERMAN ARAUJO 1193),0
2026-06-21,B_01,137,S,100,,S,Requiere Limpieza,62081,Nocturno,2026-06-21 23:19:53,,178362,"POINT (  573269.413881441,   6136802.99441318)",JOSE GERMAN ARAUJO 1235 EN 1236 EN 1236,0
2026-06-21,B_01,138,S,100,,S,Basura Afuera,62081,Nocturno,2026-06-21 23:19:15,,178364,"POINT (  573269.145885430,   6136805.07138226)",JOSE GERMAN ARAUJO 1235 EN 1236 EN 1236,0
2026-06-21,B_01,139,S,100,,S,Basura Afuera,62081,Nocturno,2026-06-21 22:52:39,,178407,"POINT (  573278.793741838,   6136858.87158154)",JOSE GERMAN ARAUJO 1252 EN 1256 EN 1256,0
2026-06-21,B_01,140,S,75,,S,,62081,Nocturno,2026-06-21 22:52:32,,178408,"POINT (  573278.726742835,   6136860.81455262)",JOSE GERMAN ARAUJO 1252 EN 1256 EN 1256,0
2026-06-21,B_01,141,S,100,,S,"Basura Afuera, Requiere Limpieza",62081,Nocturno,2026-06-21 22:52:29,,178409,"POINT (  573258.595137365,   6136922.85709891)",JOSE GERMAN ARAUJO 1293 ANDES 1297 ANDES 1297,0
2026-06-21,B_01,142,S,75,,S,,62081,Nocturno,2026-06-21 22:52:25,,178410,"POINT (  573256.042032790,   6136967.66919041)",JOSE GERMAN ARAUJO 1313 EN 1311 EN 1311,0
2026-06-21,B_01,143,S,75,,S,,62081,Nocturno,2026-06-21 22:52:23,,178411,"POINT (  573254.510917954,   6136985.26766846)",JOSE GERMAN ARAUJO 1313 EN 1319 EN 1319,0
2026-06-21,B_01,144,S,100,,S,"Basura Afuera, Requiere Limpieza",62081,Nocturno,2026-06-21 22:52:19,,178412,"POINT (  573254.326346515,   6136987.19533420)",JOSE GERMAN ARAUJO 1313 EN 1319 EN 1319,0
2026-06-21,B_01,145,S,100,,S,"Basura Afuera, Requiere Limpieza",62081,Nocturno,2026-06-21 22:52:15,,178421,"POINT (  573254.162947822,   6136988.99271982)",JOSE GERMAN ARAUJO 1321 EN 1319 EN 1319,0
2026-06-21,B_01,146,S,75,,S,,62081,Nocturno,2026-06-21 22:52:05,,178415,"POINT (  573066.171896338,   6136599.82967074)",CIUDADELA 1156 ESQ MALDONADO. FTE PLAZUELA ESQ MALDONADO. FTE PLAZUELA,0
2026-06-21,B_01,147,S,100,,S,,62081,Nocturno,2026-06-21 22:52:02,,178416,"POINT (  573084.943227396,   6136753.64081977)",CIUDADELA 1220 MURO MURO,0
2026-06-21,B_01,148,S,75,,S,,62081,Nocturno,2026-06-21 22:52:00,,178417,"POINT (  573085.284524325,   6136755.57483570)",CIUDADELA 1220 MURO MURO,0
2026-06-21,B_01,149,S,50,,S,,62081,Nocturno,2026-06-21 22:51:57,,183836,"POINT (  573162.953458170,   6136849.27286645)",FLORIDA 1265 ,0
2026-06-21,B_01,150,S,75,,S,,62081,Nocturno,2026-06-21 19:39:09,,180183,"POINT (  573162.611031638,   6136845.39052995)",FLORIDA 1251 PROV OP. (O: FLORIDA 1298) PROV OP. (O: FLORIDA 1298),0
2026-06-21,B_01,151,S,75,,S,Requiere Limpieza,62081,Nocturno,2026-06-21 19:39:07,,180184,"POINT (  573162.724025989,   6136843.58262034)",FLORIDA 1251 PROV OP. (O: FLORIDA 1298) PROV OP. (O: FLORIDA 1298),0
2026-06-21,B_01,152,S,100,,S,"Basura Afuera, Requiere Limpieza",62081,Nocturno,2026-06-21 19:39:02,,180185,"POINT (  573162.950014689,   6136841.54872203)",FLORIDA 1251 PROV OP. (O: FLORIDA 1298) PROV OP. (O: FLORIDA 1298),0
2026-06-21,B_01,153,S,75,,S,,62081,Nocturno,2026-06-21 19:38:59,,178418,"POINT (  573138.564828904,   6136817.46619779)",SORIANO 784 EN 782 EN 782,0
2026-06-21,B_01,154,S,75,,S,,62081,Nocturno,2026-06-21 22:51:38,,178419,"POINT (  573155.128021351,   6136601.13528519)",MALDONADO 776 ,0
2026-06-21,B_01,155,S,75,,S,,62081,Nocturno,2026-06-21 22:51:42,,178420,"POINT (  573205.705457203,   6136628.72614401)",MALDONADO 805 ,0
2026-06-21,B_01,156,S,100,,S,,62081,Nocturno,2026-06-21 22:51:45,,183779,"POINT (  573210.555209774,   6136628.95013684)",MALDONADO 805 ,0
2026-06-21,B_03,1,S,50,,S,,62082,Nocturno,2026-06-21 19:24:50,,183730,"POINT (  574321.551502615,   6136360.45667277)",DOMINGO PETRARCA 946 ,0
2026-06-21,B_03,2,S,50,,S,,62082,Nocturno,2026-06-21 19:24:47,,183729,"POINT (  574321.442570153,   6136359.04055076)",DOMINGO PETRARCA 946 ,0
2026-06-21,B_03,3,S,75,,S,,62082,Nocturno,2026-06-21 19:24:34,,179368,"POINT (  574295.889442701,   6136284.10344706)",DOMINGO PETRARCA 918 FTE 920 FTE 920,0
2026-06-21,B_03,4,S,50,,S,,62082,Nocturno,2026-06-21 19:24:32,,179479,"POINT (  574268.001026360,   6136154.73080064)",DOMINGO PETRARCA 862 ,0
2026-06-21,B_03,5,S,50,,S,,62082,Nocturno,2026-06-21 20:33:32,,179394,"POINT (  573960.195445752,   6136221.26636711)",RBLA REPUBLICA ARGENTINA 1201 ,0
2026-06-21,B_03,6,S,75,,S,,62082,Nocturno,2026-06-21 20:33:35,,179395,"POINT (  573958.452526362,   6136223.00928650)",RBLA REPUBLICA ARGENTINA 1201 ,0
2026-06-21,B_03,7,S,75,,S,,62082,Nocturno,2026-06-21 18:57:44,,179401,"POINT (  574012.184386691,   6136336.42424057)",ZELMAR MICHELINI 953 ,0
2026-06-21,B_03,8,S,50,,S,,62082,Nocturno,2026-06-21 18:57:46,,178777,"POINT (  574011.229304142,   6136331.30265570)",ZELMAR MICHELINI 953 ,0
2026-06-21,B_03,9,S,100,,S,,62082,Nocturno,2026-06-21 18:57:49,,183834,"POINT (  574114.587533115,   6136310.24750436)",17 METROS Esq. JOSE MARIA ROO ,0
2026-06-21,B_03,10,S,50,,S,,62082,Nocturno,2026-06-21 18:57:52,,183833,"POINT (  574114.805398039,   6136313.29761329)",17 METROS Esq. JOSE MARIA ROO ,0
2026-06-21,B_03,11,S,75,,S,,62082,Nocturno,2026-06-21 18:58:04,,179403,"POINT (  574116.378923013,   6136318.31635819)",17 METROS Esq. JOSE MARIA ROO ,0
2026-06-21,B_03,12,S,50,,S,,62082,Nocturno,2026-06-21 18:58:07,,179404,"POINT (  574139.978540214,   6136411.89848803)",17 METROS 997 ,0
2026-06-21,B_03,13,S,50,,S,,62082,Nocturno,2026-06-21 19:24:19,,178782,"POINT (  574141.356240026,   6136417.71549295)",17 METROS 997 ,0
2026-06-21,B_03,14,S,75,,S,,62082,Nocturno,2026-06-21 19:24:21,,183732,"POINT (  574141.426193246,   6136422.26006427)",17 METROS Esq. AV GONZALO RAMIREZ ,0
2026-06-21,B_03,15,S,50,,S,,62082,Nocturno,2026-06-21 19:00:00,,178785,"POINT (  574130.244811308,   6136561.89112425)",CARLOS QUIJANO 1084 ,0
2026-06-21,B_03,16,S,75,,S,,62082,Nocturno,2026-06-21 19:48:08,,178786,"POINT (  574104.717149910,   6136704.39719009)",CARLOS QUIJANO 1151 ,0
2026-06-21,B_03,17,S,50,,S,Basura Afuera,62082,Nocturno,2026-06-21 19:48:18,,179370,"POINT (  574104.647828540,   6136706.05724575)",CARLOS QUIJANO 1151 SUBESTACION SUBESTACION,0
2026-06-21,B_03,18,S,50,,S,Basura Afuera,62082,Nocturno,2026-06-21 19:48:14,,179488,"POINT (  574104.619376471,   6136707.46640370)",CARLOS QUIJANO 1151 ,0
2026-06-21,B_03,19,S,75,,S,,62082,Nocturno,2026-06-21 19:50:12,,179407,"POINT (  574107.844470252,   6136846.11660201)",CARLOS QUIJANO 1226 ,0
2026-06-21,B_03,20,S,75,,S,Basura Afuera,62082,Nocturno,2026-06-21 19:50:09,,179408,"POINT (  574107.696044986,   6136849.08510731)",CARLOS QUIJANO 1230 ,0
2026-06-21,B_03,21,S,50,,S,,62082,Nocturno,2026-06-21 19:00:00,,183409,"POINT (  574076.053091827,   6137077.15234915)",CARLOS QUIJANO 1337 ,0
2026-06-21,B_03,22,S,75,,S,,62082,Nocturno,2026-06-21 19:58:33,,179409,"POINT (  574074.560104482,   6137082.33541192)",CARLOS QUIJANO 1337 ,0
2026-06-21,B_03,23,S,50,,S,,62082,Nocturno,2026-06-21 19:58:31,,183114,"POINT (  574074.363569979,   6137086.28083208)",CARLOS QUIJANO 1337 ,0
2026-06-21,B_03,24,S,75,,S,,62082,Nocturno,2026-06-21 18:31:00,,183685,"POINT (  574081.221075381,   6137186.88094183)",YI 1382 PROV O: O Yaguaron 1391 PROV O: O Yaguaron 1391,0
2026-06-21,B_03,25,S,75,,S,,62082,Nocturno,2026-06-21 20:04:50,,179410,"POINT (  574078.716011914,   6137202.85672743)",YI 1394 ,0
2026-06-21,B_03,26,S,50,,S,,62082,Nocturno,2026-06-21 20:04:54,,178793,"POINT (  574074.260285446,   6137262.39900691)",YI 1428 ,0
2026-06-21,B_03,27,S,75,,S,,62082,Nocturno,2026-06-21 20:04:56,,178794,"POINT (  574073.739312765,   6137265.04394514)",YI 1428 EN 1418 EN 1418,0
2026-06-21,B_03,28,S,50,,S,,62082,Nocturno,2026-06-21 21:12:22,,179411,"POINT (  574066.990415946,   6137364.64026674)",YI 1480 ,0
2026-06-21,B_03,29,S,50,,S,,62082,Nocturno,2026-06-21 18:31:03,,183681,"POINT (  574067.370670152,   6137369.12518584)",YI 1480 PROV O: O Yaguaron 1493 PROV O: O Yaguaron 1493,0
2026-06-21,B_03,30,S,75,,S,,62082,Nocturno,2026-06-21 18:31:06,,183682,"POINT (  574060.298840305,   6137447.24809695)",YI 1504 PROV O: O Yaguaron 1518 PROV O: O Yaguaron 1518,0
2026-06-21,B_03,31,S,50,,S,,62082,Nocturno,2026-06-21 21:12:18,,179412,"POINT (  574060.014428471,   6137454.73440285)",YI 1516 ,0
2026-06-21,B_03,32,S,50,,S,,62082,Nocturno,2026-06-21 18:31:10,,183678,"POINT (  574052.698742920,   6137547.12621198)",YI 1558 PROV  O: Yaguaron 1590 PROV  O: Yaguaron 1590,0
2026-06-21,B_03,33,S,75,,S,,62082,Nocturno,2026-06-21 18:31:12,,183668,"POINT (  574052.154080610,   6137550.17632092)",YI 1558 PROV O: O Yaguaron 1558 PROV O: O Yaguaron 1558,0
2026-06-21,B_03,34,S,75,,S,,62082,Nocturno,2026-06-21 21:12:15,,179413,"POINT (  574050.737849383,   6137553.62273593)",YI 1558 ,0
2026-06-21,B_03,35,S,50,,S,,62082,Nocturno,2026-06-21 21:12:11,,178798,"POINT (  574043.529342939,   6137648.48615735)",YI 1606 ,0
2026-06-21,B_03,36,S,75,,S,,62082,Nocturno,2026-06-21 21:12:09,,182169,"POINT (  574022.699081570,   6137752.31906872)",YI 1661 ,0
2026-06-21,B_03,37,S,50,,S,,62082,Nocturno,2026-06-21 21:12:06,,178800,"POINT (  574016.953673022,   6137821.06874475)",YI 1689 MURO MURO,0
2026-06-21,B_03,38,S,75,,S,,62082,Nocturno,2026-06-21 18:38:47,,184011,"POINT (  574156.059256009,   6137558.03524446)",YAGUARON 1558 Yaguaron 1561 Yaguaron 1561,0
2026-06-21,B_03,39,S,75,,S,,62082,Nocturno,2026-06-21 18:39:13,,179418,"POINT (  574178.643321855,   6137086.97370146)",DR AQUILES R LANZA 1339 ,0
2026-06-21,B_03,40,S,50,,S,,62082,Nocturno,2026-06-21 18:39:18,,178808,"POINT (  574178.615121055,   6137083.62522746)",DR AQUILES R LANZA 1339 EN 1335 EN 1335,0
2026-06-21,B_03,41,S,50,,S,,62082,Nocturno,2026-06-21 19:00:00,,178809,"POINT (  574189.996370407,   6136942.40155592)",DR AQUILES R LANZA 1261 FTE 1266 FTE 1266,0
2026-06-21,B_03,42,S,50,,S,,62082,Nocturno,2026-06-21 18:43:31,,179489,"POINT (  574190.808760567,   6136937.87350218)",DR AQUILES R LANZA 1261 ,0
2026-06-21,B_03,43,S,50,,S,,62082,Nocturno,2026-06-21 18:43:34,,179420,"POINT (  574190.577279085,   6136933.21663943)",DR AQUILES R LANZA 1261 ,0
2026-06-21,B_03,44,S,75,,S,Basura Afuera,62082,Nocturno,2026-06-21 18:44:47,,178810,"POINT (  574198.892980816,   6136825.94412417)",DR AQUILES R LANZA 1209 EN 1211 EN 1211,0
2026-06-21,B_03,45,S,50,,S,,62082,Nocturno,2026-06-21 18:48:59,,178811,"POINT (  574205.064503351,   6136755.73303662)",DR AQUILES R LANZA 1179 ,0
2026-06-21,B_03,46,S,50,,S,,62082,Nocturno,2026-06-21 18:49:02,,183775,"POINT (  574205.038104511,   6136751.67080000)",DR AQUILES R LANZA 1179 ,0
2026-06-21,B_03,47,S,75,,S,Basura Afuera,62082,Nocturno,2026-06-21 18:51:02,,179421,"POINT (  574211.601244227,   6136671.50639978)",DR AQUILES R LANZA 1143 ,0
2026-06-21,B_03,48,S,50,,S,Basura Afuera,62082,Nocturno,2026-06-21 18:51:06,,183731,"POINT (  574211.626316776,   6136666.32663246)",DR AQUILES R LANZA 1135 ,0
2026-06-21,B_03,49,S,50,,S,,62082,Nocturno,2026-06-21 20:27:51,,179424,"POINT (  574446.023902179,   6136375.97263072)",AV GONZALO RAMIREZ 1395 ,0
2026-06-21,B_03,50,S,50,,S,,62082,Nocturno,2026-06-21 20:27:37,,179425,"POINT (  574467.483597168,   6136343.07502723)",SANTIAGO DE CHILE 947 ,0
2026-06-21,B_03,51,S,75,,S,,62082,Nocturno,2026-06-21 20:27:39,,179426,"POINT (  574470.969435948,   6136286.21228214)",SANTIAGO DE CHILE 929 ,0
2026-06-21,B_03,52,S,50,,S,,62082,Nocturno,2026-06-21 20:27:46,,179427,"POINT (  574449.727605883,   6136134.79616013)",LA CUMPARSITA 1389 ,0
2026-06-21,B_03,53,S,75,,S,,62082,Nocturno,2026-06-21 19:25:02,,184015,"POINT (  574377.563422287,   6136049.41326196)",EJIDO Esq. RBLA REPUBLICA ARGENTINA PROV O en Ejido 862 PROV O en Ejido 862,0
2026-06-21,B_03,54,S,50,,S,,62082,Nocturno,2026-06-21 19:24:58,,184014,"POINT (  574376.863305601,   6136053.14721762)",EJIDO Esq. RBLA REPUBLICA ARGENTINA PROV O en Ejido 862 PROV O en Ejido 862,0
2026-06-21,B_03,55,S,50,,S,,62082,Nocturno,2026-06-21 19:25:59,,180781,"POINT (  574344.030020262,   6136314.10370828)",EJIDO 963 PROV OV(O:EJIDO 966) PROV OV(O:EJIDO 966),0
2026-06-21,B_03,56,S,75,,S,,62082,Nocturno,2026-06-21 19:26:02,,180780,"POINT (  574343.703222876,   6136315.73769521)",EJIDO 963 PROV OV(O:EJIDO 966) PROV OV(O:EJIDO 966),0
2026-06-21,B_03,57,S,50,,S,,62082,Nocturno,2026-06-21 19:25:17,,180779,"POINT (  574343.267493029,   6136317.37168214)",EJIDO 967 PROV OV(O:EJIDO 966) PROV OV(O:EJIDO 966),0
2026-06-21,B_03,58,S,75,,S,,62082,Nocturno,2026-06-21 19:24:44,,183728,"POINT (  574321.878300000,   6136354.46538736)",DOMINGO PETRARCA 942 ,0
2026-06-21,B_03,59,S,75,,S,,62082,Nocturno,2026-06-21 19:24:41,,183727,"POINT (  574321.551502614,   6136357.07976645)",DOMINGO PETRARCA 946 ,0
2026-06-21,B_03,60,S,75,,S,,62082,Nocturno,2026-06-21 20:33:26,,183841,"POINT (  574332.689659695,   6136437.87282615)",EJIDO 1015 ,0
2026-06-21,B_03,61,S,75,,S,,62082,Nocturno,2026-06-21 20:27:16,,183726,"POINT (  574386.785735076,   6136618.51574553)",DURAZNO 1373 ,0
2026-06-21,B_03,62,S,50,,S,,62082,Nocturno,2026-06-21 20:36:50,,179434,"POINT (  574327.723248584,   6136667.53036492)",EJIDO 1130 ,0
2026-06-21,B_03,63,S,50,,S,,62082,Nocturno,2026-06-21 20:41:43,,178832,"POINT (  574313.466895948,   6136685.96277210)",EJIDO 1139 ,0
2026-06-21,B_03,64,S,75,,S,,62082,Nocturno,2026-06-21 20:41:36,,179371,"POINT (  574313.329835512,   6136688.38008170)",EJIDO 1149 ,0
2026-06-21,B_03,65,S,50,,S,,62082,Nocturno,2026-06-21 20:41:48,,178833,"POINT (  574304.890884112,   6136790.07715878)",EJIDO 1195 ,0
2026-06-21,B_03,66,S,50,,S,,62082,Nocturno,2026-06-21 20:41:50,,179435,"POINT (  574305.065296514,   6136795.19921024)",EJIDO 1195 ,0
2026-06-21,B_03,67,S,75,,S,,62082,Nocturno,2026-06-21 20:41:52,,183762,"POINT (  574305.037569063,   6136797.92095011)",EJIDO 1195 ,0
2026-06-21,B_03,68,S,75,,S,,62082,Nocturno,2026-06-21 20:50:28,,179436,"POINT (  574312.254838998,   6136888.00966775)",EJIDO 1238 ,0
2026-06-21,B_03,69,S,50,,S,,62082,Nocturno,2026-06-21 20:50:21,,183763,"POINT (  574311.328886492,   6136893.11755839)",EJIDO 1238 ,0
2026-06-21,B_03,70,S,75,,S,,62082,Nocturno,2026-06-21 23:45:53,,180658,"POINT (  574271.361299782,   6137009.50272658)",SAN JOSE 1334 ,0
2026-06-21,B_03,71,S,75,,S,,62082,Nocturno,2026-06-21 20:50:46,,184167,"POINT (  574277.396337559,   6137148.47807183)",EJIDO 1363 ,0
2026-06-21,B_03,72,S,50,,S,,62082,Nocturno,2026-06-21 20:50:48,,184166,"POINT (  574277.631079343,   6137152.70342395)",EJIDO 1363 ,0
2026-06-21,B_03,73,S,75,,S,,62082,Nocturno,2026-06-21 20:50:52,,184165,"POINT (  574276.222628638,   6137157.16351784)",EJIDO 1363 ,0
2026-06-21,B_03,74,S,75,,S,,62082,Nocturno,2026-06-22 00:15:21,,183684,"POINT (  574266.300549238,   6137286.52762092)",EJIDO 1429 PROV O: O Yaguaron 1436 PROV O: O Yaguaron 1436,0
2026-06-21,B_03,75,S,50,,S,,62082,Nocturno,2026-06-22 00:15:25,,183683,"POINT (  574265.646954466,   6137290.88491939)",EJIDO 1429 PROV o: o Yaguaron 1436 PROV o: o Yaguaron 1436,0
2026-06-21,B_03,76,S,75,,S,,62082,Nocturno,2026-06-22 00:19:22,,178840,"POINT (  574265.337035131,   6137295.42065993)",EJIDO 1433 EN1433/1435 EN1433/1435,0
2026-06-21,B_03,77,S,75,,S,,62082,Nocturno,2026-06-21 23:45:40,,179438,"POINT (  574260.947649455,   6137363.66326252)",EJIDO 1463 ,0
2026-06-21,B_03,78,S,50,,S,,62082,Nocturno,2026-06-21 23:45:38,,178842,"POINT (  574259.005213309,   6137391.84068085)",EJIDO 1475 EN 1477 EN 1477,0
2026-06-21,B_03,79,S,50,,S,,62082,Nocturno,2026-06-21 18:30:49,,183679,"POINT (  574253.954715033,   6137453.46722244)",EJIDO Esq. AV URUGUAY PROV O: O Yaguaron 1546 PROV O: O Yaguaron 1546,0
2026-06-21,B_03,80,S,75,,S,,62082,Nocturno,2026-06-21 23:45:35,,179439,"POINT (  574253.295144008,   6137460.64038671)",EJIDO 1502 ,0
2026-06-21,B_03,81,S,50,,S,,62082,Nocturno,2026-06-21 23:45:33,,183776,"POINT (  574251.641463158,   6137468.36296842)",EJIDO 1517 ,0
2026-06-21,B_03,82,S,50,,S,,62082,Nocturno,2026-06-21 23:45:28,,179440,"POINT (  574239.242856426,   6137626.89855665)",EJIDO 1589 ,0
2026-06-21,B_03,83,S,75,,S,,62082,Nocturno,2026-06-21 23:45:26,,178845,"POINT (  574238.727353548,   6137629.96527117)",EJIDO 1589 ,0
2026-06-21,B_03,84,S,75,,S,,62082,Nocturno,2026-06-21 18:39:06,,183677,"POINT (  574235.666837255,   6137686.79750763)",EJIDO 1617 PROV O: Yaguaron 1637 PROV O: Yaguaron 1637,0
2026-06-21,B_03,85,S,50,,S,,62082,Nocturno,2026-06-21 18:18:45,,178846,"POINT (  574234.379027368,   6137692.74163484)",EJIDO 1625 FABRICA FABRICA,0
2026-06-21,B_03,86,S,50,,S,,62082,Nocturno,2026-06-21 18:18:36,,179372,"POINT (  574224.794977123,   6137807.74282679)",EJIDO 1681 ,0
2026-06-21,B_03,87,S,75,,S,Basura Afuera,62082,Nocturno,2026-06-21 18:18:40,,179485,"POINT (  574224.322468410,   6137810.15135447)",EJIDO 1689 ,0
2026-06-21,B_03,88,S,50,,S,,62082,Nocturno,2026-06-21 21:12:35,,184070,"POINT (  574319.421172229,   6137793.81778892)",DR JAVIER BARRIOS AMORIN 1655 Barrios Amorin 1659 PROV O en Barrios amorin 1638 Barrios Amorin 1659 PROV O en Barrios amorin 1638,0
2026-06-21,B_03,89,S,50,,S,,62082,Nocturno,2026-06-21 21:12:45,,184069,"POINT (  574319.887916686,   6137791.48406663)",DR JAVIER BARRIOS AMORIN 1655 Barrios Amorin 1659 PROV O en Barrios Amorin 1638 Barrios Amorin 1659 PROV O en Barrios Amorin 1638,0
2026-06-21,B_03,90,S,75,,S,,62082,Nocturno,2026-06-21 21:12:38,,184068,"POINT (  574321.521522287,   6137789.15034434)",DR JAVIER BARRIOS AMORIN 1655 Barrios Amorin 1659 PROV O en Barrios Amorin 1638 Barrios Amorin 1659 PROV O en Barrios Amorin 1638,0
2026-06-21,B_03,91,S,50,,S,,62082,Nocturno,2026-06-21 21:19:32,,179442,"POINT (  574321.541331372,   6137570.25367647)",AGRIM GERMAN BARBATO 1553 ,0
2026-06-21,B_03,92,S,75,,S,,62082,Nocturno,2026-06-21 21:19:36,,178850,"POINT (  574335.650488931,   6137399.06056648)",AGRIM GERMAN BARBATO 1483 FTE 1480 FTE 1480,0
2026-06-21,B_03,93,S,75,,S,Basura Afuera,62082,Nocturno,2026-06-21 20:11:29,,183399,"POINT (  574532.394740182,   6137360.70754427)",VAZQUEZ 1481 ,0
2026-06-21,B_03,94,S,50,,S,,62082,Nocturno,2026-06-21 21:19:38,,179443,"POINT (  574336.247213725,   6137397.05106209)",AGRIM GERMAN BARBATO 1478 ,0
2026-06-21,B_03,95,S,75,,S,,62082,Nocturno,2026-06-21 21:28:11,,179445,"POINT (  574443.491222439,   6137191.49550653)",DR JAVIER BARRIOS AMORIN 1375 ,0
2026-06-21,B_03,96,S,50,,S,,62082,Nocturno,2026-06-21 20:07:22,,183260,"POINT (  574309.325896584,   6137346.39076220)",MERCEDES 1381 ,0
2026-06-21,B_03,97,S,75,,S,,62082,Nocturno,2026-06-21 20:07:24,,183259,"POINT (  574311.677053201,   6137346.69413725)",MERCEDES 1381 ,0
2026-06-21,B_03,98,S,50,,S,,62082,Nocturno,2026-06-21 19:00:00,,182177,"POINT (  574575.439437429,   6137309.09201286)",COLONIA 1508 ,0
2026-06-21,B_03,99,S,75,,S,Basura Afuera,62082,Nocturno,2026-06-21 21:28:14,,178857,"POINT (  574426.597368978,   6137296.00798711)",DR JAVIER BARRIOS AMORIN 1428 ,0
2026-06-21,B_03,100,S,50,,S,,62082,Nocturno,2026-06-21 21:54:43,,184017,"POINT (  574523.259516569,   6137604.39793372)",PAYSANDU 1551 Paysandu fte al 1540 Paysandu fte al 1540,0
2026-06-21,B_03,101,S,75,,S,,62082,Nocturno,2026-06-21 21:54:45,,184016,"POINT (  574526.059983314,   6137605.56479487)",PAYSANDU 1551 Paysandu fte al 1540 Paysandu fte al 1540,0
2026-06-21,B_03,102,S,50,,S,,62082,Nocturno,2026-06-21 21:54:48,,179448,"POINT (  574529.765732243,   6137607.23624727)",PAYSANDU 1559 ,0
2026-06-21,B_03,103,S,50,,S,Basura Afuera,62082,Nocturno,2026-06-22 00:11:08,,179449,"POINT (  574636.519544879,   6137760.39528866)",CARLOS ROXLO 1644 ,0
2026-06-21,B_03,104,S,75,,S,Basura Afuera,62082,Nocturno,2026-06-21 22:14:32,,183766,"POINT (  574668.319154135,   6137564.29692556)",CARLOS ROXLO Esq. AV URUGUAY ,0
2026-06-21,B_03,105,S,50,,S,Basura Afuera,62082,Nocturno,2026-06-22 00:03:34,,179450,"POINT (  574690.767910892,   6137501.24496186)",CARLOS ROXLO 1507 ,0
2026-06-21,B_03,106,S,75,,S,,62082,Nocturno,2026-06-22 00:08:51,,179451,"POINT (  574757.652442483,   6137580.76565903)",MINAS 1590 ,0
2026-06-21,B_03,107,S,50,,S,,62082,Nocturno,2026-06-22 00:08:54,,179452,"POINT (  574711.574011110,   6137654.73080064)",MINAS 1629 ,0
2026-06-21,B_03,108,S,50,,S,,62082,Nocturno,2026-06-22 00:08:59,,179453,"POINT (  574697.440024182,   6137714.12622548)",MINAS 1668 ,0
2026-06-21,B_03,109,S,75,,S,,62082,Nocturno,2026-06-22 00:15:08,,178872,"POINT (  574640.838114106,   6137812.34578454)",MINAS 1707 ,0
2026-06-21,B_03,110,S,75,,S,,62082,Nocturno,2026-06-21 23:47:27,,179455,"POINT (  574574.564207189,   6137981.88221676)",MINAS 1806 ,0
2026-06-21,B_03,111,S,75,,S,,62082,Nocturno,2026-06-21 23:54:55,,178875,"POINT (  574603.728829247,   6138091.46691742)",MAGALLANES 1793 ,0
2026-06-21,B_03,112,S,75,,S,,62082,Nocturno,2026-06-21 23:54:58,,178876,"POINT (  574643.900890978,   6138012.92715525)",MAGALLANES 1751 MURO. LAVADERO MURO. LAVADERO,0
2026-06-21,B_03,113,S,50,,S,Basura Afuera,62082,Nocturno,2026-06-21 23:55:09,,179483,"POINT (  574645.743490196,   6138009.58443595)",MAGALLANES 1751 ,0
2026-06-21,B_03,114,S,50,,S,,62082,Nocturno,2026-06-21 23:55:13,,178877,"POINT (  574737.567340187,   6137815.51007471)",MAGALLANES 1647 ,0
2026-06-21,B_03,115,S,75,,S,,62082,Nocturno,2026-06-21 23:59:34,,179486,"POINT (  574777.410416776,   6137733.53031416)",MAGALLANES 1601 ,0
2026-06-21,B_03,116,S,50,,S,,62082,Nocturno,2026-06-21 23:59:37,,179456,"POINT (  574778.485775817,   6137731.11968953)",MAGALLANES 1601 ,0
2026-06-21,B_03,117,S,50,,S,Basura Afuera,62082,Nocturno,2026-06-22 00:01:30,,178878,"POINT (  574814.900691283,   6137656.05260278)",MAGALLANES Esq. AV URUGUAY UNIVERSIDAD UNIVERSIDAD,0
2026-06-21,B_03,118,S,75,,S,,62082,Nocturno,2026-06-21 23:26:47,,179457,"POINT (  574826.742856427,   6137631.55541937)",MAGALLANES 1535 ,0
2026-06-21,B_03,119,S,75,,S,,62082,Nocturno,2026-06-21 23:41:10,,178881,"POINT (  574900.589283049,   6137718.13769556)",GABOTO 1622 ,0
2026-06-21,B_03,120,S,75,,S,,62082,Nocturno,2026-06-21 23:41:12,,181606,"POINT (  574898.541501479,   6137720.64053971)",GABOTO 1631 ,0
2026-06-21,B_03,121,S,50,,S,,62082,Nocturno,2026-06-21 19:00:00,,178883,"POINT (  574863.978262824,   6137790.59547147)",GABOTO 1662 FTE 1662 FTE 1662,0
2026-06-21,B_03,122,S,75,,S,Basura Afuera,62082,Nocturno,2026-06-21 23:41:16,,178884,"POINT (  574863.549490562,   6137791.52989929)",GABOTO 1662 FTE 1662 FTE 1662,0
2026-06-21,B_03,123,S,50,,S,,62082,Nocturno,2026-06-21 23:41:18,,178885,"POINT (  574863.253237609,   6137792.37009543)",GABOTO 1662 FTE 1662 FTE 1662,0
2026-06-21,B_03,124,S,75,,S,Basura Afuera,62082,Nocturno,2026-06-21 23:41:30,,179458,"POINT (  574811.819109150,   6137891.57720587)",GABOTO Esq. CERRO LARGO ,0
2026-06-21,B_03,125,S,50,,S,,62082,Nocturno,2026-06-21 23:41:32,,179460,"POINT (  574762.908433769,   6137977.63385075)",GABOTO 1760 ,0
2026-06-21,B_03,126,S,50,,S,,62082,Nocturno,2026-06-21 23:41:35,,179461,"POINT (  574722.167693028,   6138053.34191175)",GABOTO 1803 ,0
2026-06-21,B_03,127,S,75,,S,,62082,Nocturno,2026-06-21 23:41:38,,178889,"POINT (  574720.026109133,   6138056.19770734)",GABOTO 1809 EN 1807/1809 EN 1807/1809,0
2026-06-21,B_03,128,S,25,,S,Basura Afuera,62082,Nocturno,2026-06-21 23:41:46,,178890,"POINT (  574694.098694258,   6138104.74064103)",GABOTO 1827 EN 1831 EN 1831,0
2026-06-21,B_03,129,S,75,,S,Basura Afuera,62082,Nocturno,2026-06-21 23:41:42,,179462,"POINT (  574692.429130936,   6138107.26348038)",GABOTO 1827 ,0
2026-06-21,B_03,130,S,75,,S,Basura Afuera,62082,Nocturno,2026-06-21 23:44:52,,179463,"POINT (  574848.965078649,   6138078.50531044)",LA PAZ 1700 ,0
2026-06-21,B_03,131,S,50,,S,,62082,Nocturno,2026-06-21 23:44:57,,178893,"POINT (  574769.562611640,   6138040.30060625)",LA PAZ 1660 EDIFICIO EDIFICIO,0
2026-06-21,B_03,132,S,50,,S,,62082,Nocturno,2026-06-21 23:54:43,,179464,"POINT (  574658.823466448,   6137978.50531044)",MAGALLANES 1741 ,0
2026-06-21,B_03,133,S,75,,S,,62082,Nocturno,2026-06-21 23:54:46,,178895,"POINT (  574659.229160019,   6137977.23264269)",MAGALLANES 1741 ,0
2026-06-21,B_03,134,S,75,,S,Basura Afuera,62082,Nocturno,2026-06-21 21:52:04,,178898,"POINT (  574366.581372776,   6137633.98768177)",DR JAVIER BARRIOS AMORIN 1583 ,0
2026-06-21,B_03,135,S,50,,S,Basura Afuera,62082,Nocturno,2026-06-21 21:47:17,,178896,"POINT (  574505.228962612,   6137617.55459987)",HERMANO DAMASCENO 1658 ,0
2026-06-21,B_03,136,S,50,,S,Basura Afuera,62082,Nocturno,2026-06-21 22:00:09,,179465,"POINT (  574455.773357516,   6137704.75803375)",HERMANO DAMASCENO 1700 ,0
2026-06-21,B_03,137,S,75,,S,,62082,Nocturno,2026-06-21 22:00:13,,183786,"POINT (  574452.409639850,   6137710.33916391)",HERMANO DAMASCENO Esq. CERRO LARGO ,0
2026-06-21,B_03,138,S,50,,S,,62082,Nocturno,2026-06-21 21:52:01,,179466,"POINT (  574368.899719171,   6137630.03036491)",DR JAVIER BARRIOS AMORIN 1583 ,0
2026-06-21,B_03,139,S,50,,S,,62082,Nocturno,2026-06-21 21:34:23,,183536,"POINT (  574383.338579864,   6137579.12400740)",DR JAVIER BARRIOS AMORIN 1553 ,0
2026-06-21,B_03,140,S,75,,S,,62082,Nocturno,2026-06-21 21:34:21,,183537,"POINT (  574384.134939363,   6137577.18999147)",DR JAVIER BARRIOS AMORIN 1553 ,0
2026-06-21,B_03,141,S,25,,S,,62082,Nocturno,2026-06-21 21:51:58,,179467,"POINT (  574412.036974073,   6137575.56413397)",VAZQUEZ 1628 ,0
2026-06-21,B_03,142,S,75,,S,,62082,Nocturno,2026-06-21 21:34:33,,180528,"POINT (  574467.419288958,   6137493.04751488)",VAZQUEZ 1551 ,0
2026-06-21,B_03,143,S,50,,S,,62082,Nocturno,2026-06-21 21:34:35,,183788,"POINT (  574470.736983459,   6137489.01291654)",VAZQUEZ 1551 ,0
2026-06-21,B_03,144,S,50,,S,Basura Afuera,62082,Nocturno,2026-06-21 21:37:46,,178989,"POINT (  574496.418435167,   6137433.37091395)",VAZQUEZ 1519 FTE 1524 FTE 1524,0
2026-06-21,B_03,145,S,50,,S,,62082,Nocturno,2026-06-21 21:37:49,,179468,"POINT (  574497.276625489,   6137431.88221676)",VAZQUEZ 1519 ,0
2026-06-21,B_03,146,S,25,,S,,62082,Nocturno,2026-06-21 20:11:32,,183397,"POINT (  574508.898712940,   6137412.23989387)",VAZQUEZ 1505 PROV OV(O:Vázquez 1487) PROV OV(O:Vázquez 1487),0
2026-06-21,B_03,147,S,75,,S,Basura Afuera,62082,Nocturno,2026-06-21 21:47:30,,179470,"POINT (  574600.980329193,   6137479.75803375)",TACUAREMBO 1574 ,0
2026-06-21,B_03,148,S,50,,S,,62082,Nocturno,2026-06-21 21:47:36,,178907,"POINT (  574590.909475568,   6137505.16917205)",TACUAREMBO 1586 FTE1587 FTE1587,0
2026-06-21,B_03,149,S,50,,S,,62082,Nocturno,2026-06-21 21:47:43,,183787,"POINT (  574588.995845865,   6137517.68038421)",TACUAREMBO 1590 ,0
2026-06-21,B_03,150,S,75,,S,,62082,Nocturno,2026-06-21 21:47:39,,183765,"POINT (  574587.492086466,   6137520.68790301)",TACUAREMBO 1590 ,0
2026-06-21,B_03,151,S,75,,S,,62082,Nocturno,2026-06-21 23:46:18,,183843,"POINT (  574903.156908348,   6137671.24934001)",AV URUGUAY 1744 ,0
2026-06-21,B_03,152,S,50,,S,,62082,Nocturno,2026-06-21 23:46:13,,183842,"POINT (  574898.825698157,   6137670.73978587)",AV URUGUAY 1740 ,0
2026-06-21,B_03,153,S,50,,S,,62082,Nocturno,2026-06-21 22:14:35,,178908,"POINT (  574662.865141329,   6137562.66815676)",AV URUGUAY 1598 ,0
2026-06-21,B_03,154,S,50,,S,Basura Afuera,62082,Nocturno,2026-06-21 22:00:17,,178912,"POINT (  574435.828519186,   6137767.42956355)",HERMANO DAMASCENO 1734 MURO MURO,0
2026-06-21,B_03,155,S,50,,S,,62082,Nocturno,2026-06-21 21:12:27,,179794,"POINT (  574387.149635211,   6137837.60758451)",HERMANO DAMASCENO 1765 ,0
2026-06-21,B_03,156,S,75,,S,,62082,Nocturno,2026-06-21 22:03:06,,184078,"POINT (  574347.129469078,   6137922.45211914)",HERMANO DAMASCENO 1843 Hermano damaceno fte al 1842 PROV O en Hermano Damaceno 1801 Hermano damaceno fte al 1842 PROV O en Hermano Damaceno 1801,0
2026-06-21,B_03,157,S,75,,S,Basura Afuera,62082,Nocturno,2026-06-21 22:03:04,,184077,"POINT (  574345.729235706,   6137926.18607480)",HERMANO DAMASCENO 1843 Hermano Damaceno Fte al 1824 PROV O en Hermano Damaceno 1801 Hermano Damaceno Fte al 1824 PROV O en Hermano Damaceno 1801,0
2026-06-21,B_03,158,S,75,,S,,62082,Nocturno,2026-06-21 22:07:49,,178916,"POINT (  574476.163113435,   6137945.90011216)",PIEDRA ALTA 1753 FTE 1759. MURO FTE 1759. MURO,0
2026-06-21,B_03,159,S,50,,S,Basura Afuera,62082,Nocturno,2026-06-21 22:07:53,,181892,"POINT (  574482.914527233,   6137900.07122963)",PIEDRA ALTA 1739 ,0
2026-06-21,B_03,160,S,75,,S,Basura Afuera,62082,Nocturno,2026-06-21 22:07:56,,178918,"POINT (  574538.888789707,   6137776.77639326)",PIEDRA ALTA 1656 EN 1656/1652 EN 1656/1652,0
2026-06-21,B_03,161,S,50,,S,,62082,Nocturno,2026-06-21 23:46:00,,178923,"POINT (  574414.711858386,   6136959.04159620)",SANTIAGO DE CHILE 1270 TRANSITO TRANSITO,0
2026-06-21,B_03,162,S,75,,S,,62082,Nocturno,2026-06-21 20:15:10,,179476,"POINT (  574443.926952286,   6136810.39528865)",SANTIAGO DE CHILE 1192 ,0
2026-06-21,B_03,163,S,75,,S,,62082,Nocturno,2026-06-21 20:15:16,,178927,"POINT (  574443.924826454,   6136806.90954344)",SANTIAGO DE CHILE 1192 ,0
2026-06-21,B_03,164,S,50,,S,,62082,Nocturno,2026-06-21 20:15:13,,183767,"POINT (  574444.537266165,   6136804.82945790)",SANTIAGO DE CHILE 1192 ,0
2026-06-21,B_03,165,S,75,,S,,62082,Nocturno,2026-06-21 20:27:04,,178928,"POINT (  574439.515211314,   6136693.74965806)",SANTIAGO DE CHILE 1137 ,0
2026-06-21,B_03,166,S,50,,S,,62082,Nocturno,2026-06-21 20:27:02,,179477,"POINT (  574439.896451196,   6136692.09463506)",SANTIAGO DE CHILE 1137 ,0
2026-06-21,B_03,167,S,50,,S,,62082,Nocturno,2026-06-21 20:27:08,,178930,"POINT (  574446.230205447,   6136604.48319543)",SANTIAGO DE CHILE 1089 ,0
2026-06-21,B_03,168,S,75,,S,,62082,Nocturno,2026-06-21 20:27:10,,179478,"POINT (  574447.957453375,   6136601.35389432)",SANTIAGO DE CHILE 1089 ,0
2026-06-21,B_03,169,S,75,,S,,62082,Nocturno,2026-06-21 20:27:42,,178932,"POINT (  574497.367856325,   6136241.48964307)",CEBOLLATI Esq. SANTIAGO DE CHILE ,0
2026-06-21,A_106,94,S,100,,S,"Basura Afuera, Escombro",62840,Matutino,2026-06-21 06:48:48,26,167292,"POINT (  571628.132936623,   6142144.11907604)",INDIA MUERTA 3998 FTE 4001,0
2026-06-21,A_106,21,S,100,,S,Basura Afuera,62840,Matutino,2026-06-21 06:59:50,26,100344,"POINT (  570339.777014335,   6142026.10440693)",AV CARLOS MARIA RAMIREZ 539,1
2026-06-21,A_105,1,S,100,,S,"Basura Afuera, Fuera de Lugar",62840,Matutino,2026-06-21 07:27:45,26,100498,"POINT (  569288.310255991,   6142460.69841264)",LAS TUNAS 753,2
2026-06-21,A_105,2,S,100,,S,Basura Afuera,62840,Matutino,2026-06-21 07:21:31,26,182931,"POINT (  569367.783309169,   6142531.43245587)",LAS TUNAS 713,2
2026-06-21,A_105,3,S,25,,S,Basura Afuera,62840,Matutino,2026-06-21 07:23:43,26,123094,"POINT (  569437.429117520,   6142596.89486507)",LAS TUNAS 661,2
2026-06-21,A_105,4,S,50,,S,Basura Afuera,62840,Matutino,2026-06-21 07:24:00,26,100499,"POINT (  569440.151416600,   6142598.67654873)",LAS TUNAS 654,2
2026-06-21,A_105,5,N,,Contenedor No Está,S,,62840,Matutino,2026-06-21 07:24:32,,180375,"POINT (  569472.409368715,   6142631.55708772)",LAS TUNAS 639,2
2026-06-21,A_105,6,N,,Fuego,S,,62840,Matutino,2026-06-21 07:15:06,,100500,"POINT (  569518.140153830,   6142677.17235184)",LAS TUNAS 613,2
2026-06-21,A_105,7,N,,Contenedor No Está,S,,62840,Matutino,2026-06-21 07:15:13,,100501,"POINT (  569610.154205040,   6142765.13607408)",LAS TUNAS Esq. FLORENTINO AMEGHINO,2
2026-06-21,A_105,8,N,,Contenedor No Está,S,,62840,Matutino,2026-06-21 07:15:18,,175768,"POINT (  569613.506443788,   6142768.66438118)",LAS TUNAS 537,2
2026-06-21,A_105,9,S,100,,S,Basura Afuera,62840,Matutino,2026-06-21 07:15:23,26,100507,"POINT (  569683.383371710,   6142837.61423267)",LAS TUNAS Esq. VICENTE YAÑEZ PINZON,2
2026-06-21,A_105,10,S,75,,S,Basura Afuera,62840,Matutino,2026-06-21 07:04:03,26,100488,"POINT (  569734.082072760,   6142916.88272661)",PEDRO CELESTINO BAUZA 4817 FTE,2
2026-06-21,A_105,11,S,100,,S,Basura Afuera,62840,Matutino,2026-06-21 07:04:07,26,100489,"POINT (  569680.396900320,   6142972.52441697)",PEDRO CELESTINO BAUZA 4845 FTE,2
2026-06-21,A_105,12,S,100,,S,,62840,Matutino,2026-06-21 07:06:32,26,100446,"POINT (  569616.891035390,   6142937.74410560)",CAMPICHUELO 480,2
2026-06-21,A_105,13,S,75,,S,Basura Afuera,62840,Matutino,2026-06-21 07:09:52,26,180376,"POINT (  569526.193887031,   6142822.88336416)",FLORENTINO AMEGHINO 4825,2
2026-06-21,A_105,14,S,100,,S,"Basura Afuera, Escombro, Poda",62840,Matutino,2026-06-21 07:17:00,26,100491,"POINT (  569745.798506900,   6142774.64304018)",YAPEYU Esq. VICENTE YAÑEZ PINZON,2
2026-06-21,A_105,15,S,100,,S,"Basura Afuera, Escombro",62840,Matutino,2026-06-21 07:11:40,26,100492,"POINT (  569620.647542830,   6142652.53842249)",YAPEYU 572,2
2026-06-21,A_105,16,S,75,,S,,62840,Matutino,2026-06-21 07:29:38,26,100493,"POINT (  569503.785619890,   6142539.99608409)",YAPEYU 654,2
2026-06-21,A_105,17,S,100,,S,"Basura Afuera, Escombro, Poda",62840,Matutino,2026-06-21 07:31:35,26,100494,"POINT (  569427.416484223,   6142466.45049648)",YAPEYU 716,2
2026-06-21,A_105,18,S,100,,S,Basura Afuera,62840,Matutino,2026-06-21 07:35:14,26,179539,"POINT (  569304.952498475,   6142339.65657429)",YAPEYU 786,2
2026-06-21,A_105,19,S,100,,S,,62840,Matutino,2026-06-21 07:36:55,26,183990,"POINT (  569353.922055337,   6142263.64744248)",PEDRO GIRALT 4705,2
2026-06-21,A_105,20,S,100,,S,Basura Afuera,62840,Matutino,2026-06-21 07:38:52,26,100496,"POINT (  569460.255253070,   6142332.18562777)",GOWLAND 745,2
2026-06-21,A_105,21,S,75,,S,Basura Afuera,62840,Matutino,2026-06-21 07:39:54,26,100487,"POINT (  569512.216069100,   6142382.00049499)",GOWLAND 707,2
2026-06-21,A_105,22,S,100,,S,Basura Afuera,62840,Matutino,2026-06-21 07:41:50,26,100477,"POINT (  569586.591155110,   6142454.92406312)",GOWLAND 663,2
2026-06-21,A_105,23,N,,Contenedor No Está,S,,62840,Matutino,2026-06-21 07:45:03,,183989,"POINT (  569651.525541176,   6142523.12456667)",GOWLAND 603,2
2026-06-21,A_105,24,S,100,,S,Basura Afuera,62840,Matutino,2026-06-21 07:45:06,26,100479,"POINT (  569732.786648620,   6142595.99786616)",GOWLAND 559,2
2026-06-21,A_105,25,S,100,,S,,62840,Matutino,2026-06-21 07:47:01,26,100480,"POINT (  569827.065857670,   6142689.24867328)",GOWLAND 497,2
2026-06-21,A_105,26,S,75,,S,Basura Afuera,62840,Matutino,2026-06-21 07:49:17,26,100481,"POINT (  569882.010462810,   6142742.75433744)",GOWLAND 461,2
2026-06-21,A_105,27,S,50,,S,,62840,Matutino,2026-06-21 07:51:17,26,100482,"POINT (  570016.895800000,   6142752.67989976)",ADOLFO VAILLANT 408,2
2026-06-21,A_105,28,S,25,,S,"Basura Afuera, Poda",62840,Matutino,2026-06-21 07:52:07,26,100483,"POINT (  569938.819000440,   6142676.13385870)",ADOLFO VAILLANT 452,2
2026-06-21,A_105,29,S,25,,S,,62840,Matutino,2026-06-21 07:54:24,26,100444,"POINT (  569864.899533080,   6142603.43601754)",ADOLFO VAILLANT 514,2
2026-06-21,A_105,30,S,75,,S,Escombro,62840,Matutino,2026-06-21 07:56:21,26,100484,"POINT (  569789.847159400,   6142532.34440453)",ADOLFO VAILLANT 556,2
2026-06-21,A_105,31,N,,Contenedor No Está,N,,62840,Matutino,2026-06-21 07:56:30,,100485,"POINT (  569715.473276220,   6142459.87824690)",ADOLFO VAILLANT 606,2
2026-06-21,A_105,32,S,100,,S,"Basura Afuera, Poda",62840,Matutino,2026-06-21 07:59:00,26,100486,"POINT (  569597.426470720,   6142342.09939281)",ADOLFO VAILLANT 694,2
2026-06-21,A_105,33,S,25,,S,,62840,Matutino,2026-06-21 08:01:42,26,100475,"POINT (  569499.046516570,   6142247.67804797)",ADOLFO VAILLANT 778,2
2026-06-21,A_105,34,S,75,,S,,62840,Matutino,2026-06-21 08:01:45,26,140012,"POINT (  569494.800439393,   6142244.11862562)",ADOLFO VAILLANT 778,2
2026-06-21,A_105,35,S,100,,S,,62840,Matutino,2026-06-21 08:04:02,26,100476,"POINT (  569497.234614333,   6142113.22736787)",PEDRO GIRALT 4603,2
2026-06-21,A_105,36,S,100,,S,Basura Afuera,62840,Matutino,2026-06-21 09:24:26,26,100474,"POINT (  569601.030593720,   6142182.77439801)",ANTONIO ZUBILLAGA 737,2
2026-06-21,A_105,37,S,75,,S,,62840,Matutino,2026-06-21 09:26:01,26,100443,"POINT (  569679.305413970,   6142256.12243060)",ANTONIO ZUBILLAGA 665,2
2026-06-21,A_105,38,N,,Contenedor No Está,N,,62840,Matutino,2026-06-21 09:26:21,,100442,"POINT (  569783.477570840,   6142358.25744026)",ANTONIO ZUBILLAGA 623,2
2026-06-21,A_105,39,S,100,,S,"Basura Afuera, Escombro, Poda",62840,Matutino,2026-06-21 09:15:40,26,100472,"POINT (  569902.657597810,   6142473.97150936)",ANTONIO ZUBILLAGA 543,2
2026-06-21,A_105,40,S,75,,S,Basura Afuera,62840,Matutino,2026-06-21 09:17:21,26,100473,"POINT (  569973.793986450,   6142542.58116616)",ANTONIO ZUBILLAGA 489,2
2026-06-21,A_105,41,N,,Contenedor No Está,N,,62840,Matutino,2026-06-21 09:19:22,,100441,"POINT (  570063.880115600,   6142630.67366298)",ANTONIO ZUBILLAGA 427,2
2026-06-21,A_105,42,S,25,,S,Basura Afuera,62840,Matutino,2026-06-21 09:10:33,26,100466,"POINT (  570156.499985010,   6142600.29523917)",GREGORIO CAMINO 416,2
2026-06-21,A_105,43,S,75,,S,"Basura Afuera, Poda",62840,Matutino,2026-06-21 09:12:21,26,100467,"POINT (  570083.965315750,   6142528.95848564)",GREGORIO CAMINO 454,2
2026-06-21,A_105,44,S,50,,S,Basura Afuera,62840,Matutino,2026-06-21 09:14:07,26,100438,"POINT (  570003.595517270,   6142452.20420141)",GREGORIO CAMINO 512,2
2026-06-21,A_105,45,S,50,,S,Basura Afuera,62840,Matutino,2026-06-21 09:19:43,26,100468,"POINT (  569932.468294370,   6142384.73650783)",GREGORIO CAMINO 556,2
2026-06-21,A_105,46,S,50,,S,Basura Afuera,62840,Matutino,2026-06-21 09:20:40,26,100439,"POINT (  569840.298277230,   6142293.46596500)",GREGORIO CAMINO 628,2
2026-06-21,A_105,47,S,100,,S,Basura Afuera,62840,Matutino,2026-06-21 09:22:13,26,100469,"POINT (  569711.877941170,   6142168.12448727)",GREGORIO CAMINO 716,2
2026-06-21,A_105,48,S,100,,S,,62840,Matutino,2026-06-21 09:28:36,26,100440,"POINT (  569607.489878000,   6142067.36178667)",GREGORIO CAMINO 786,2
2026-06-21,A_105,49,N,,Contenedor No Está,S,,62840,Matutino,2026-06-21 09:28:41,,183994,"POINT (  569605.214424619,   6142062.59458061)",GREGORIO CAMINO 786,2
2026-06-21,A_105,50,S,100,,N,Fuera de Lugar,62840,Matutino,2026-06-21 09:30:52,26,100470,"POINT (  569517.648081420,   6141979.95326123)",GREGORIO CAMINO 840,2
2026-06-21,A_105,51,S,50,,S,,62840,Matutino,2026-06-21 09:32:29,26,100471,"POINT (  569461.626389550,   6141853.10349765)",RIVERA INDARTE 4525,2
2026-06-21,A_105,52,S,50,,S,,62840,Matutino,2026-06-21 09:33:36,26,100450,"POINT (  569492.161687930,   6141823.59379724)",RIVERA INDARTE 4523,2
2026-06-21,A_105,53,S,75,,S,Basura Afuera,62840,Matutino,2026-06-21 09:35:03,26,100451,"POINT (  569577.372470490,   6141874.97888175)",JUAN C MOLINA 855,2
2026-06-21,A_105,54,S,100,,S,Basura Afuera,62840,Matutino,2026-06-21 09:36:21,26,100453,"POINT (  569650.794165170,   6141943.56902711)",JUAN C MOLINA 803,2
2026-06-21,A_105,55,S,100,,S,Basura Afuera,62840,Matutino,2026-06-21 09:38:41,26,100454,"POINT (  569726.085585560,   6142016.70917860)",JUAN C MOLINA 753,2
2026-06-21,A_105,56,S,75,,S,Basura Afuera,62840,Matutino,2026-06-21 09:40:02,26,100455,"POINT (  569851.717506270,   6142137.39115123)",JUAN C MOLINA 677,2
2026-06-21,A_105,57,S,75,,S,Basura Afuera,62840,Matutino,2026-06-21 09:42:13,26,120112,"POINT (  569984.037218999,   6142265.43344587)",JUAN C MOLINA 582,2
2026-06-21,A_105,58,S,75,,S,Basura Afuera,62840,Matutino,2026-06-21 09:43:44,26,100457,"POINT (  570045.500909190,   6142325.79045093)",JUAN C MOLINA 547,2
2026-06-21,A_105,59,S,100,,S,"Basura Afuera, Escombro",62840,Matutino,2026-06-21 09:45:08,26,100458,"POINT (  570163.523696350,   6142439.68385838)",JUAN C MOLINA 455,2
2026-06-21,A_105,60,S,100,,S,"Basura Afuera, Escombro, Fuera de Lugar, Poda",62840,Matutino,2026-06-21 09:48:55,26,100459,"POINT (  570269.025850726,   6142520.96975747)",CEMENTERIO PASO MOLINO (*) VER DE MOVER PARA OPTIMIZAR,2
2026-06-21,A_105,61,S,75,,S,Basura Afuera,62840,Matutino,2026-06-21 09:51:45,26,100435,"POINT (  570193.060516837,   6142345.35902889)",INCLUSA 488,2
2026-06-21,A_105,62,S,50,,S,Basura Afuera,62840,Matutino,2026-06-21 09:52:29,26,100460,"POINT (  570153.128776222,   6142307.81636677)",INCLUSA 504,2
2026-06-21,A_105,63,S,75,,S,Basura Afuera,62840,Matutino,2026-06-21 09:54:14,26,100461,"POINT (  570030.703199180,   6142189.42782419)",INCLUSA Esq. REAL,2
2026-06-21,A_105,64,S,100,,S,,62840,Matutino,2026-06-21 09:56:22,26,100462,"POINT (  569933.242453400,   6142095.69023367)",INCLUSA 654,2
2026-06-21,A_105,65,S,75,,S,,62840,Matutino,2026-06-21 09:57:02,26,100463,"POINT (  569813.454224139,   6141976.42668377)",INCLUSA 744,2
2026-06-21,A_105,66,S,50,,S,Basura Afuera,62840,Matutino,2026-06-21 09:59:13,26,100464,"POINT (  569731.285772809,   6141897.74810739)",INCLUSA 796,2
2026-06-21,A_105,67,S,50,,S,,62840,Matutino,2026-06-21 10:00:05,26,100436,"POINT (  569661.149254038,   6141831.10988214)",INCLUSA 848,2
2026-06-21,A_105,68,N,,Fuego,S,Basura Afuera,62840,Matutino,2026-06-21 10:01:48,,100465,"POINT (  569566.006025800,   6141736.65656773)",INCLUSA Esq. RIVERA INDARTE,2
2026-06-21,A_105,69,S,75,,S,,62840,Matutino,2026-06-21 10:02:42,26,176349,"POINT (  569531.734297175,   6141702.84056441)",INCLUSA 938,2
2026-06-21,A_105,70,S,25,,S,,62840,Matutino,2026-06-21 10:03:25,26,100437,"POINT (  569447.497376905,   6141622.15083777)",INCLUSA 996,2
2026-06-21,A_105,71,S,50,,S,Basura Afuera,62840,Matutino,2026-06-21 10:06:08,26,100510,"POINT (  569347.012155338,   6141522.38470937)",INCLUSA Esq. ELBIO FERNANDEZ,2
2026-06-21,A_105,72,S,50,,S,Basura Afuera,62840,Matutino,2026-06-21 10:07:28,26,100511,"POINT (  569285.862511340,   6141462.65338612)",CONCORDIA Esq. INCLUSA,2
2026-06-21,A_105,73,S,50,,S,Basura Afuera,62840,Matutino,2026-06-21 10:07:46,26,175343,"POINT (  569282.087526601,   6141459.82314876)",CONCORDIA Esq. INCLUSA,2
2026-06-21,A_105,74,S,50,,S,,62840,Matutino,2026-06-21 10:09:59,26,175914,"POINT (  569170.193622639,   6141349.45459203)",INCLUSA 1175,2
2026-06-21,A_105,75,S,25,,S,Basura Afuera,62840,Matutino,2026-06-21 10:13:25,26,100512,"POINT (  569374.482156800,   6141389.64347884)",JOSE MARMOL 1095,2
2026-06-21,A_105,76,S,50,,S,Basura Afuera,62840,Matutino,2026-06-21 10:14:47,26,100513,"POINT (  569428.982923650,   6141442.62912087)",JOSE MARMOL 1053,2
2026-06-21,A_105,77,S,100,,S,Basura Afuera,62840,Matutino,2026-06-21 10:16:07,26,183882,"POINT (  569524.874826827,   6141536.13801603)",JOSE MARMOL 989,2
2026-06-21,A_105,78,S,25,,S,,62840,Matutino,2026-06-21 10:17:50,26,100433,"POINT (  569600.781019420,   6141606.77170123)",JOSE MARMOL 945,2
2026-06-21,A_105,79,N,,Contenedor No Está,N,,62840,Matutino,2026-06-21 10:23:15,,182939,"POINT (  569675.732167622,   6141682.91800373)",JOSE MARMOL 893,2
2026-06-21,A_105,80,S,75,,S,Basura Afuera,62840,Matutino,2026-06-21 10:23:19,26,100514,"POINT (  569719.721640080,   6141722.70839961)",JOSE MARMOL 861,2
2026-06-21,A_105,81,S,100,,S,,62840,Matutino,2026-06-21 10:27:05,26,100434,"POINT (  569882.642317957,   6141890.84563559)",JOSE MARMOL 750,2
2026-06-21,A_105,82,,,,S,,62840,Matutino,,,100515,"POINT (  569966.600875290,   6141960.90305142)",JOSE MARMOL 691,2
2026-06-21,A_105,83,S,25,,N,,62840,Matutino,2026-06-21 10:30:35,26,180849,"POINT (  569967.668380448,   6141962.25600187)",JOSE MARMOL 691,2
2026-06-21,A_105,84,,,,S,,62840,Matutino,,,183886,"POINT (  570134.303953886,   6142124.96435231)",JOSE MARMOL 581,2
2026-06-21,A_105,85,,,,S,,62840,Matutino,,,100504,"POINT (  570258.327091720,   6142245.88114816)",JOSE MARMOL 497,2
2026-06-21,A_105,86,,,,S,,62840,Matutino,,,100505,"POINT (  570333.624153910,   6142318.79066148)",JOSE MARMOL 441,2
2026-06-21,A_105,87,,,,S,,62840,Matutino,,,100506,"POINT (  570447.582701137,   6142317.11670807)",GDOR DEL PINO 4365,2
2026-06-21,A_105,88,,,,S,,62840,Matutino,,,100508,"POINT (  570373.774078690,   6142233.12772113)",LAURELES 458,2
2026-06-21,A_105,89,,,,S,,62840,Matutino,,,100509,"POINT (  570226.895166470,   6142093.21586989)",LAURELES Esq. FLORENTINO AMEGHINO,2
2026-06-21,A_105,90,,,,N,,62840,Matutino,,,100449,"POINT (  570062.310710457,   6141930.86880676)",LAURELES 660,2
2026-06-21,A_105,91,,,,S,,62840,Matutino,,,100431,"POINT (  570060.349926144,   6141928.25442767)",LAURELES 668,2
2026-06-21,A_105,92,,,,S,,62840,Matutino,,,184192,"POINT (  569782.494441463,   6141659.55473903)",LAURELES 860,2
2026-06-21,A_105,93,,,,S,,62840,Matutino,,,183039,"POINT (  569737.020725490,   6141617.07796645)",LAURELES 892,2
2026-06-21,A_105,94,,,,S,,62840,Matutino,,,183038,"POINT (  569635.876934641,   6141517.35029761)",LAURELES 956,2
2026-06-21,A_105,95,,,,S,,62840,Matutino,,,100452,"POINT (  569552.515334020,   6141439.29586528)",LAURELES 1012,2
2026-06-21,A_105,96,,,,S,,62840,Matutino,,,100503,"POINT (  569477.683217050,   6141365.47096610)",LAURELES 1062,2
2026-06-21,A_105,97,,,,S,,62840,Matutino,,,100293,"POINT (  569345.900385700,   6141111.57619893)",CALERA DE LAS HUERFANAS 4308,2
2026-06-21,A_105,98,,,,S,,62840,Matutino,,,177296,"POINT (  569301.933639501,   6141173.80338616)",LAURELES 1197 PROV A,2
2026-06-21,A_105,99,,,,S,,62840,Matutino,,,143992,"POINT (  569305.628606364,   6141177.26066500)",LAURELES 1197,2
2026-06-21,A_105,100,,,,S,,62840,Matutino,,,100295,"POINT (  569369.584500530,   6141242.37969703)",LAURELES 1141,2
2026-06-21,A_105,101,,,,S,,62840,Matutino,,,100296,"POINT (  569425.923316340,   6141296.03515323)",LAURELES 1107,2
2026-06-21,A_105,102,,,,S,,62840,Matutino,,,100242,"POINT (  569334.787026000,   6141369.52030510)",JOSE MARMOL 1110,2
2026-06-21,A_105,103,S,25,,S,"Basura Afuera, Fuera de Lugar",62840,Matutino,2026-06-21 10:11:40,26,100243,"POINT (  569268.727948000,   6141303.61477714)",JOSE MARMOL 1160,2
2026-06-21,A_105,104,,,,S,,62840,Matutino,,,166352,"POINT (  569229.433941994,   6141266.96805133)",JOSE MARMOL 1186,2
2026-06-21,A_105,105,,,,S,,62840,Matutino,,,100299,"POINT (  569438.676322530,   6140740.75401712)",BENITO RIQUE 1297,2
2026-06-21,A_105,106,,,,S,,62840,Matutino,,,100300,"POINT (  569482.477183350,   6140652.80015682)",CURUZU 4155,2
2026-06-21,A_105,107,,,,S,,62840,Matutino,,,100288,"POINT (  569501.988932610,   6140508.86236571)",DR MARTIN BERINDUAGUE Esq. INDIGENAS,2
2026-06-21,A_105,108,,,,S,,62840,Matutino,,,130016,"POINT (  569638.827142907,   6140498.71716186)",CURUZU Esq. EMILIO ROMERO,2
2026-06-21,A_105,109,,,,S,,62840,Matutino,,,100302,"POINT (  569713.481456870,   6140556.57830835)",EMILIO ROMERO Esq. LEONARDO OLIVERA,2
2026-06-21,A_105,110,,,,S,,62840,Matutino,,,100290,"POINT (  569785.316400740,   6140628.70616867)",EMILIO ROMERO Esq. CALERA DE LAS HUERFANAS,2
2026-06-21,A_105,111,,,,S,,62840,Matutino,,,155752,"POINT (  569832.769469489,   6140749.00342646)",JOAQUIN R SANCHEZ Esq. CAMAMBU,2
2026-06-21,A_105,112,,,,S,,62840,Matutino,,,100303,"POINT (  569732.731474000,   6140706.57413723)",CALERA DE LAS HUERFANAS 4096,2
2026-06-21,A_105,113,,,,S,,62840,Matutino,,,100304,"POINT (  569730.462023930,   6140709.55778167)",CALERA DE LAS HUERFANAS 4096,2
2026-06-21,A_105,114,,,,S,,62840,Matutino,,,100305,"POINT (  569648.667835260,   6140654.04767196)",DR MARTIN BERINDUAGUE Esq. LEONARDO OLIVERA,2
2026-06-21,A_105,115,,,,S,,62840,Matutino,,,100306,"POINT (  569572.446718020,   6140728.55780031)",LEONARDO OLIVERA 4156,2
2026-06-21,G_108,1,S,100,,S,"Poda, Requiere Mantenimiento",62841,Matutino,2026-06-21 07:18:29,,117189,"POINT (  574329.326831958,   6144446.53671315)",BEHERING Esq. CNO EDISON DESCAMPADO,0
2026-06-21,G_108,2,N,,Contenedor No Está,S,,62841,Matutino,2026-06-21 07:18:07,,176619,"POINT (  574327.152206101,   6144444.04602920)",BEHERING 1398 PROV (O: ARQ IGNACIO PEDRALBEZ ESQ. CNO EDISON),0
2026-06-21,G_108,3,S,75,,S,Requiere Mantenimiento,62841,Matutino,2026-06-21 07:20:48,,176370,"POINT (  574241.625402611,   6144330.26784688)",BEHERING 1354,0
2026-06-21,G_108,4,S,100,,S,,62841,Matutino,2026-06-21 07:22:46,,117201,"POINT (  574350.564855019,   6144248.93075946)",PEDRO FUENTES 1355 FTE 1355,0
2026-06-21,G_108,5,S,50,,S,Requiere Mantenimiento,62841,Matutino,2026-06-21 07:24:45,,117200,"POINT (  574431.126572349,   6144352.99750289)",PEDRO FUENTES 1442 FTE 1393,0
2026-06-21,G_108,6,S,75,,S,Requiere Mantenimiento,62841,Matutino,2026-06-21 07:24:54,,176242,"POINT (  574437.458394172,   6144361.73381401)",PEDRO FUENTES 1446 PROV A,0
2026-06-21,G_108,7,N,,Contenedor No Está,N,,62841,Matutino,2026-06-21 07:28:06,,117159,"POINT (  574497.971374882,   6144424.49098473)",PEDRO FUENTES 1470,0
2026-06-21,G_108,8,S,50,,S,Requiere Mantenimiento,62841,Matutino,2026-06-21 07:28:54,,176321,"POINT (  574585.695159501,   6144515.82150330)",PEDRO FUENTES 1507 (*) PROV (O: ARQ IGNACIO PEDRALBEZ 1487) CUMPLE CRITERIOS?,0
2026-06-21,G_108,9,S,50,,S,,62841,Matutino,2026-06-21 07:28:57,,117193,"POINT (  574587.298152367,   6144517.70501992)",PEDRO FUENTES 1507 (*) FTE 1507. CUMPLE CRITERIOS?,0
2026-06-21,G_108,10,S,100,,S,"Requiere Limpieza, Requiere Mantenimiento",62841,Matutino,2026-06-21 07:33:17,,176322,"POINT (  574620.199580952,   6144555.81617532)",PEDRO FUENTES Esq. SARA OTERMIN (*) PROV (O: ARQ IGNACIO PEDRALBEZ 1467) CUMPLE CRITERIOS?,0
2026-06-21,G_108,11,N,,Contenedor No Está,S,,62841,Matutino,2026-06-21 07:32:24,,117206,"POINT (  574621.962873105,   6144558.06036533)",PEDRO FUENTES Esq. SARA OTERMIN (*) CUMPLE CRITERIOS?,0
2026-06-21,G_108,12,S,50,,S,"Requiere Limpieza, Requiere Mantenimiento",62841,Matutino,2026-06-21 07:33:13,,176215,"POINT (  574702.579437739,   6144650.90355549)",PEDRO FUENTES 1553 PROV. (*) CUMPLE CRITERIOS?,0
2026-06-21,G_108,13,N,,Contenedor No Está,S,,62841,Matutino,2026-06-21 07:32:33,,176216,"POINT (  574705.372733828,   6144652.76575288)",PEDRO FUENTES 1553 PROV. (*) CUMPLE CRITERIOS?,0
2026-06-21,G_108,14,S,25,,S,,62841,Matutino,2026-06-21 07:50:15,,129056,"POINT (  569971.105869303,   6146769.97446586)",BV JOSE BATLLE Y ORDOÑEZ 7153 VEREDA. MURETE C/CERCO,0
2026-06-21,G_108,15,S,50,,S,,62841,Matutino,2026-06-21 07:52:31,,129060,"POINT (  570116.182049162,   6146673.89122543)",BV JOSE BATLLE Y ORDOÑEZ 7090 (*) CUMPLE CRITERIOS?,0
2026-06-21,G_108,16,S,100,,S,,62841,Matutino,2026-06-21 07:53:50,,129069,"POINT (  570244.392400589,   6146574.44541732)",CALLE A Esq. BV JOSE BATLLE Y ORDOÑEZ VEREDA,0
2026-06-21,G_108,17,S,50,,S,Requiere Limpieza,62841,Matutino,2026-06-21 10:36:02,,129052,"POINT (  570429.468397993,   6146445.79635669)",BV JOSE BATLLE Y ORDOÑEZ 6879 VEREDA. MURETE,0
2026-06-21,G_108,18,S,75,,S,,62841,Matutino,2026-06-21 07:59:09,,183428,"POINT (  570333.500543771,   6146327.82824646)",SABIA 5623,0
2026-06-21,G_108,19,S,25,,S,,62841,Matutino,2026-06-21 08:01:01,,129154,"POINT (  570198.175134281,   6146391.28358306)",SABIA Esq. PSJE CENTRAL - 5179 FTE 5651,0
2026-06-21,G_108,20,S,50,,S,,62841,Matutino,2026-06-21 08:01:09,,180213,"POINT (  570196.781390785,   6146391.72754619)",SABIA Esq. PSJE CENTRAL - 5179 FTE 5651,0
2026-06-21,G_108,21,S,100,,S,"Requiere Limpieza, Requiere Mantenimiento",62841,Matutino,2026-06-21 08:05:07,,129053,"POINT (  570094.469820976,   6146337.70304570)",GOLONDRINA Esq. PSJE B PDO 5663. MURO,0
2026-06-21,G_108,22,S,25,,S,,62841,Matutino,2026-06-21 08:06:28,,129070,"POINT (  570121.354554221,   6146314.79492816)",GOLONDRINA 5657 REJAS,0
2026-06-21,G_108,23,S,25,,S,,62841,Matutino,2026-06-21 08:09:46,,129071,"POINT (  570234.329056975,   6146261.72116096)",GOLONDRINA 5641 MURO,0
2026-06-21,G_108,24,S,50,,S,,62841,Matutino,2026-06-21 08:11:18,,183426,"POINT (  570291.497176768,   6146225.21881885)",GOLONDRINA 5615,0
2026-06-21,G_108,25,S,50,,S,,62841,Matutino,2026-06-21 08:14:35,,129134,"POINT (  570292.682216449,   6146463.57146380)",CARDENAL 1120 BALDIO,0
2026-06-21,G_108,26,S,75,,S,,62841,Matutino,2026-06-21 08:14:41,,129152,"POINT (  570312.468525662,   6146505.41667516)",CARDENAL 1141 FTE 1141. MURO,0
2026-06-21,G_108,27,N,,Contenedor No Está,N,,62841,Matutino,2026-06-21 08:19:56,,180847,"POINT (  570142.069194416,   6146641.29946928)",BV JOSE BATLLE Y ORDOÑEZ Esq. FRANCISCO ALVAREZ,0
2026-06-21,G_108,28,N,,Contenedor No Está,N,,62841,Matutino,2026-06-21 08:20:01,,180556,"POINT (  570090.106255991,   6146543.83879826)",PICAFLOR 7006,0
2026-06-21,G_108,29,S,50,,S,,62841,Matutino,2026-06-21 08:20:05,,180557,"POINT (  570149.351258170,   6146503.53870958)",PICAFLOR 6322,0
2026-06-21,G_108,30,S,25,,S,,62841,Matutino,2026-06-21 08:20:45,,176676,"POINT (  570173.317032596,   6146486.72127005)",PICAFLOR 6329 EN 6325,0
2026-06-21,G_108,31,N,,Contenedor No Está,N,,62841,Matutino,2026-06-21 08:21:09,,129068,"POINT (  570186.501648923,   6146470.21044353)",PICAFLOR 6317 VEREDA,0
2026-06-21,G_108,32,S,50,,S,,62841,Matutino,2026-06-21 08:23:34,,183427,"POINT (  570309.258119529,   6146380.94272458)",PICAFLOR 6290,0
2026-06-21,G_108,33,S,25,,S,,62841,Matutino,2026-06-21 08:27:42,,129158,"POINT (  569675.868271301,   6146554.12712009)",CNO ARIEL 5847,0
2026-06-21,G_108,34,S,50,,S,"Poda, Requiere Limpieza",62841,Matutino,2026-06-21 08:29:25,,129054,"POINT (  569813.693030544,   6146449.64725166)",CNO ARIEL 5765 MURO,0
2026-06-21,G_108,35,S,25,,S,Requiere Mantenimiento,62841,Matutino,2026-06-21 08:31:41,,129057,"POINT (  570050.487704201,   6146280.81683635)",CNO ARIEL 5702 VEREDA. FTE 5724,0
2026-06-21,G_108,36,S,25,,S,,62841,Matutino,2026-06-21 08:35:12,,129114,"POINT (  570168.723528853,   6146271.90720963)",HUBER CHEDA 1016 FTE - MURO,0
2026-06-21,G_108,37,S,50,,S,,62841,Matutino,2026-06-21 08:37:37,,180081,"POINT (  570194.172270056,   6146123.17825424)",CALLE 2 DE 17 MTS Esq. CALLE 4 DE 15 MTS ESQUINA,0
2026-06-21,G_108,38,N,,Contenedor No Está,N,,62841,Matutino,2026-06-21 08:38:46,,129144,"POINT (  570060.273138663,   6146144.43043519)",CALLE 5 DE 15 MTS Esq. CALLE 3 DE 17 MTS FTE 5643,0
2026-06-21,G_108,39,S,75,,S,,62841,Matutino,2026-06-21 08:39:37,,129146,"POINT (  570101.179864787,   6146212.92541847)",CALLE 3 DE 17 MTS Esq. CNO ARIEL VEREDA. FTE 997,0
2026-06-21,G_108,40,S,25,,S,,62841,Matutino,2026-06-21 08:41:15,,129135,"POINT (  570132.097739184,   6146215.77937611)",CNO ARIEL 5641 EN 5639. REBAJE/REBAJE,0
2026-06-21,G_108,41,S,75,,S,"Requiere Limpieza, Requiere Mantenimiento",62841,Matutino,2026-06-21 08:44:33,,129115,"POINT (  570261.001492436,   6146112.08558198)",CONFEDERADA Esq. CNO ARIEL FTE ESCUELA. BALDIO,0
2026-06-21,G_108,42,S,50,,S,,62841,Matutino,2026-06-21 08:46:04,,129116,"POINT (  570178.236720975,   6145998.40293612)",CONFEDERADA 951 VEREDA,0
2026-06-21,G_108,43,S,50,,S,,62841,Matutino,2026-06-21 08:48:10,,129117,"POINT (  570029.355264267,   6146096.86447459)",PIRIBEBUY Esq. CALLE 7 DE 12 MTS,0
2026-06-21,G_108,44,S,50,,S,,62841,Matutino,2026-06-21 08:49:38,,129145,"POINT (  569977.984026809,   6146247.64856972)",CALLE 8 DE 12 MTS DE ANCHO Esq. CIRC INT SIN DENOM,0
2026-06-21,G_108,45,S,50,,S,,62841,Matutino,2026-06-21 08:52:09,,129118,"POINT (  569879.422391080,   6146360.60293831)",ALFREDO MARIO FERREIRO Esq. CNO ARIEL EN 5745,0
2026-06-21,G_108,46,S,50,,S,,62841,Matutino,2026-06-21 08:53:28,,129061,"POINT (  569844.471235704,   6146315.94312866)",ALFREDO MARIO FERREIRO Esq. CNO ARIEL FTE 5233,0
2026-06-21,G_108,47,S,25,,S,Requiere Limpieza,62841,Matutino,2026-06-21 08:54:52,,129062,"POINT (  569807.578349473,   6146265.45812645)",ALFREDO MARIO FERREIRO Esq. PSJE PLA AL SUR DE A SOTO FTE 5233E,0
2026-06-21,G_108,48,S,50,,S,,62841,Matutino,2026-06-21 08:56:22,,129147,"POINT (  569688.423402736,   6146179.12747718)",ALFREDO MARIO FERREIRO 917 EN 919,0
2026-06-21,G_108,49,S,100,,S,Basura Afuera,62841,Matutino,2026-06-21 08:58:48,,129159,"POINT (  569529.910837319,   6146249.92427962)",EUGENIO ALSINA 905 ANTES 912. CERCO CHAPA,0
2026-06-21,G_108,50,S,75,,S,,62841,Matutino,2026-06-21 09:01:33,,129072,"POINT (  569692.350735259,   6146235.55282607)",JULIO CESAR PUPPO ´EL HACHERO´ 5762 MURO,0
2026-06-21,G_108,51,N,,Contenedor No Está,N,,62841,Matutino,2026-06-21 09:03:22,,129119,"POINT (  569538.944317935,   6146341.27020562)",JULIO CESAR PUPPO ´EL HACHERO´ 5830 5830/5828,0
2026-06-21,G_108,52,S,100,,S,Requiere Limpieza,62841,Matutino,2026-06-21 09:07:06,,129074,"POINT (  569424.255351924,   6146294.17496203)",AV MILLAN 5838,0
2026-06-21,G_108,53,S,50,,N,,62841,Matutino,2026-06-21 09:07:10,,129076,"POINT (  569430.567600721,   6146288.91475470)",AV MILLAN 5828,0
2026-06-21,G_108,54,S,100,,S,Requiere Limpieza,62841,Matutino,2026-06-21 09:12:25,,129121,"POINT (  569545.122317861,   6146201.80926086)",AV MILLAN 5788,0
2026-06-21,G_108,55,S,100,,S,,62841,Matutino,2026-06-21 09:12:29,,129064,"POINT (  569551.038131285,   6146197.25863515)",AV MILLAN 5788,0
2026-06-21,G_108,56,S,100,,S,,62841,Matutino,2026-06-21 09:12:33,,129065,"POINT (  569555.588756996,   6146193.61813458)",AV MILLAN 5782,0
2026-06-21,G_108,57,S,100,,S,,62841,Matutino,2026-06-21 09:16:31,,129123,"POINT (  569602.687733106,   6146159.26091046)",AV MILLAN 5767,0
2026-06-21,G_108,58,S,25,,S,,62841,Matutino,2026-06-21 09:16:49,,129063,"POINT (  569607.920952673,   6146155.39287861)",AV MILLAN 5767,0
2026-06-21,G_108,59,S,25,,S,,62841,Matutino,2026-06-21 09:16:53,,129067,"POINT (  569612.926640955,   6146152.43497190)",AV MILLAN 5762,0
2026-06-21,G_108,60,S,75,,S,,62841,Matutino,2026-06-21 10:11:48,,129073,"POINT (  569515.228391013,   6145954.45657805)",CIRC INT GALERIA CENTRAL Esq. ALBERTO GOMEZ RUANO,0
2026-06-21,G_108,61,S,50,,S,Requiere Mantenimiento,62841,Matutino,2026-06-21 10:15:14,,129106,"POINT (  569407.238358817,   6145886.67843037)",CIRC INT CALLE 6 Esq. MARIA ORTICOCHEA,0
2026-06-21,G_108,62,S,25,,S,,62841,Matutino,2026-06-21 10:15:22,,176668,"POINT (  569403.597858248,   6145888.95374323)",MARIA ORTICOCHEA 5968,0
2026-06-21,G_108,63,S,100,,S,,62841,Matutino,2026-06-21 10:16:35,,129066,"POINT (  569354.906163140,   6145923.08343606)",CIRC INT CALLE 5 Esq. MARIA ORTICOCHEA,0
2026-06-21,G_108,64,S,25,,S,,62841,Matutino,2026-06-21 10:16:39,,129075,"POINT (  569350.128006143,   6145926.26887406)",CIRC INT CALLE 5 Esq. MARIA ORTICOCHEA,0
2026-06-21,G_108,65,S,75,,S,,62841,Matutino,2026-06-21 10:19:38,,129120,"POINT (  569299.616060751,   6145962.67387975)",CIRC INT CALLE 4 Esq. MARIA ORTICOCHEA,0
2026-06-21,G_108,66,S,25,,S,,62841,Matutino,2026-06-21 10:19:42,,129122,"POINT (  569294.610372469,   6145965.40425517)",CIRC INT CALLE 4 Esq. MARIA ORTICOCHEA,0
2026-06-21,G_108,67,N,,Contenedor No Está,N,,62841,Matutino,2026-06-21 10:20:13,,129139,"POINT (  569211.742975758,   6146023.80030522)",MARIA ORTICOCHEA 6042,0
2026-06-21,G_108,68,S,50,,S,,62841,Matutino,2026-06-21 10:23:38,,129141,"POINT (  569060.399160211,   6146129.85498314)",CNO LECOCQ Esq. MARIA ORTICOCHEA,0
2026-06-21,G_108,69,S,50,,S,,62841,Matutino,2026-06-21 10:24:59,,129093,"POINT (  569095.264255057,   6146187.70298821)",CNO LECOCQ Esq. CIRC INT CALLE 1 ANTES DE LOMO BURRO,0
2026-06-21,G_108,70,N,,Contenedor No Está,S,,62841,Matutino,2026-06-21 10:26:48,,129078,"POINT (  569142.619473720,   6146218.41904470)",CNO LECOCQ Esq. CIRC INT CALLE 2 CERCO VEGETAL,0
2026-06-21,G_108,71,S,75,,S,,62841,Matutino,2026-06-21 10:26:44,,129079,"POINT (  569206.482768427,   6146252.09330338)",CIRC INT CALLE 4 6147 MURO,0
2026-06-21,G_108,72,S,25,,S,,62841,Matutino,2026-06-21 10:29:24,,129092,"POINT (  569464.232927639,   6146400.43115011)",CNO LECOCQ 936 VEREDA,0
2026-06-21,G_108,73,S,75,,S,"Poda, Requiere Limpieza",62841,Matutino,2026-06-21 10:31:26,,129090,"POINT (  569515.782959481,   6146444.61689169)",CNO LECOCQ Esq. ANTONIO SOTO - BOY VEREDA,0
2026-06-21,G_108,74,S,100,,S,"Requiere Limpieza, Requiere Mantenimiento",62841,Matutino,2026-06-21 10:33:31,,129091,"POINT (  569614.433569693,   6146540.68201740)",CNO LECOCQ 1000 VEREDA. CERCO VEGETAL,0
2026-06-21,G_108,75,S,50,,N,"Poda, Requiere Limpieza",62841,Matutino,2026-06-21 10:38:27,,129140,"POINT (  571086.480868476,   6145968.04210751)",BV JOSE BATLLE Y ORDOÑEZ 6559 VEREDA,0
2026-06-21,G_108,76,S,25,,S,Requiere Limpieza,62841,Matutino,2026-06-21 10:44:37,,129098,"POINT (  571123.182167893,   6145314.39297534)",PIRIBEBUY 2 FTE 5039,0
2026-06-21,G_108,77,S,100,,S,Requiere Mantenimiento,62841,Matutino,2026-06-21 10:45:49,,129100,"POINT (  570999.065097883,   6145409.52065309)",PIRIBEBUY 5108,0
2026-06-21,G_108,78,S,50,,S,Requiere Limpieza,62841,Matutino,2026-06-21 10:48:31,,129080,"POINT (  570884.314649073,   6145493.67098221)",PIRIBEBUY 5144 VEREDA,0
2026-06-21,G_108,79,S,100,,S,Requiere Mantenimiento,62841,Matutino,2026-06-21 10:50:11,,180496,"POINT (  570795.421288235,   6145477.64231569)",GABITO 919 PDO 919,0
2026-06-21,G_108,80,S,100,,S,Requiere Mantenimiento,62841,Matutino,2026-06-21 10:52:37,,129124,"POINT (  570808.674967487,   6145408.48865660)",SAUCE 5141 EN 5143,0
2026-06-21,G_108,81,S,50,,S,Requiere Limpieza,62841,Matutino,2026-06-21 10:55:20,,129095,"POINT (  570918.628565873,   6145326.49507067)",SAUCE 5105,0
2026-06-21,G_108,82,S,50,,S,,62841,Matutino,2026-06-21 10:57:15,,129097,"POINT (  571007.285783645,   6145263.33765254)",SAUCE 5081 EN 5081,0
2026-06-21,G_108,83,S,75,,S,,62841,Matutino,2026-06-21 10:59:27,,129094,"POINT (  571085.765436984,   6145206.79486019)",SAUCE 5039,0
2026-06-21,G_108,84,S,50,,N,,62841,Matutino,2026-06-21 11:01:01,,129102,"POINT (  571160.990731204,   6145150.69464077)",SAUCE 5009 VEREDA,0
2026-06-21,G_108,85,N,,Contenedor No Está,S,,62841,Matutino,2026-06-21 11:05:29,,129104,"POINT (  571113.815546693,   6145075.46934655)",AV MILLAN 5020 VEREDA,0
2026-06-21,G_108,86,N,,Contenedor No Está,S,,62841,Matutino,2026-06-21 11:05:24,,184030,"POINT (  570979.265299149,   6145176.87109370)",AV MILLAN 5060,0
2026-06-21,G_108,87,N,,Contenedor No Está,S,,62841,Matutino,2026-06-21 11:05:19,,184031,"POINT (  570977.818359043,   6145178.31803381)",AV MILLAN 5060,0
2026-06-21,G_108,88,N,,Contenedor No Está,N,,62841,Matutino,2026-06-21 11:05:14,,129099,"POINT (  570866.101752788,   6145255.80912458)",AV MILLAN 5110 EN 5110,0
2026-06-21,G_108,89,S,100,,S,"Requiere Limpieza, Requiere Mantenimiento",62841,Matutino,2026-06-21 11:05:08,,129101,"POINT (  570779.969682921,   6145321.12504456)",AV MILLAN 5220 EN 5224,0
2026-06-21,G_108,90,S,50,,S,Requiere Limpieza,62841,Matutino,2026-06-21 11:07:34,,180289,"POINT (  570673.569610893,   6145518.76324161)",CARAFI 945 FTE 939.,0
2026-06-21,G_108,91,S,100,,S,"Poda, Requiere Mantenimiento",62841,Matutino,2026-06-21 11:09:23,,179120,"POINT (  570675.067292605,   6145521.54373014)",CARAFI 945 FTE 939,0
2026-06-21,G_108,92,S,75,,S,Requiere Limpieza,62841,Matutino,2026-06-21 11:13:48,,180384,"POINT (  570695.053308497,   6145630.03244837)",PIRIBEBUY 5262,0
2026-06-21,G_108,93,S,50,,S,Requiere Limpieza,62841,Matutino,2026-06-21 11:15:27,,129126,"POINT (  570641.491060438,   6145669.04041831)",PIRIBEBUY 5286 VEREDA,0
2026-06-21,G_108,94,S,75,,S,Requiere Limpieza,62841,Matutino,2026-06-21 11:17:46,,129081,"POINT (  570542.553862370,   6145770.83157402)",HECTOR SUPPICI SEDES 955,0
2026-06-21,G_108,95,S,75,,S,,62841,Matutino,2026-06-21 11:17:50,,129125,"POINT (  570541.982170806,   6145777.80929281)",HECTOR SUPPICI SEDES 954,0
2026-06-21,G_108,96,S,50,,S,Requiere Limpieza,62841,Matutino,2026-06-21 11:22:55,,129131,"POINT (  570884.124144421,   6145665.84866050)",CNO ARIEL 5207,0
2026-06-21,G_108,97,S,50,,S,,62841,Matutino,2026-06-21 11:24:30,,129129,"POINT (  570917.987368726,   6145674.34452270)",OLAZABAL 1008,0
2026-06-21,G_108,98,S,50,,S,,62841,Matutino,2026-06-21 11:26:02,,129130,"POINT (  571017.991519720,   6145812.46694077)",OLAZABAL 1060 EN 1058/1060,0
2026-06-21,G_108,99,S,25,,S,,62841,Matutino,2026-06-21 11:30:14,,129089,"POINT (  571099.802588679,   6145925.21496858)",OLAZABAL 1124,0
2026-06-21,G_108,100,S,25,,S,,62841,Matutino,2026-06-21 11:30:19,,182292,"POINT (  571103.663403704,   6145929.32621111)","OLAZABAL 1124 PROV OBRA , BV JOSE BATLLE Y ORDO¿æEZ 6499",0
2026-06-21,G_108,101,,,,S,,62841,Matutino,,,129132,"POINT (  570966.489615193,   6145995.18404574)",CARAFI 1142 VEREDA. FTE 1142,0
2026-06-21,G_108,102,,,,S,,62841,Matutino,,,129136,"POINT (  571068.551269330,   6145533.57724048)",CNO ARIEL 5151,0
2026-06-21,G_108,103,,,,S,,62841,Matutino,,,129143,"POINT (  571080.462408000,   6145525.98803372)",CNO ARIEL 5147,0
2026-06-21,G_108,104,,,,S,,62841,Matutino,,,129133,"POINT (  571209.892369714,   6145430.28885877)",CNO ARIEL 5108 VEREDA. FTE 5108,0
2026-06-21,G_108,105,,,,S,,62841,Matutino,,,129138,"POINT (  571255.859544529,   6145563.00614304)",AV GRAL EUGENIO GARZON 1077,0
2026-06-21,G_109,1,N,,Contenedor No Está,N,,62842,Matutino,2026-06-21 07:23:11,,117203,"POINT (  574032.005439561,   6143782.12551283)",BV JOSE BATLLE Y ORDOÑEZ 5020 VIVIENDAS,0
2026-06-21,G_109,2,S,75,,S,Basura Afuera,62842,Matutino,2026-06-21 07:22:05,,117210,"POINT (  574007.328917906,   6143812.43001311)",BV JOSE BATLLE Y ORDOÑEZ 5026 VIVIENDAS,0
2026-06-21,G_109,3,S,75,,S,,62842,Matutino,2026-06-21 07:23:00,,117180,"POINT (  573962.150971840,   6143863.36333166)",BV JOSE BATLLE Y ORDOÑEZ 5050 EN 5062,0
2026-06-21,G_109,4,S,100,,S,Basura Afuera,62842,Matutino,2026-06-21 07:26:12,,117174,"POINT (  573783.508537278,   6144021.09814360)",BV JOSE BATLLE Y ORDOÑEZ 5146 SUBESTACION,0
2026-06-21,G_109,5,S,75,,S,Basura Afuera,62842,Matutino,2026-06-21 07:26:20,,117173,"POINT (  573716.838636666,   6144066.12197259)",BV JOSE BATLLE Y ORDOÑEZ Esq. CALLE 12 MTS,0
2026-06-21,G_109,6,S,100,,S,"Basura Afuera, Requiere Limpieza",62842,Matutino,2026-06-21 07:30:17,,117153,"POINT (  573594.321871255,   6144160.93176631)",BV JOSE BATLLE Y ORDOÑEZ Esq. GAMBETTA,0
2026-06-21,G_109,7,S,100,,S,"Basura Afuera, Requiere Limpieza",62842,Matutino,2026-06-21 07:30:23,,177260,"POINT (  573590.843967974,   6144163.58824532)",BV JOSE BATLLE Y ORDOÑEZ 5257 PROV,0
2026-06-21,G_109,8,S,100,,S,Basura Afuera,62842,Matutino,2026-06-21 07:30:28,,183081,"POINT (  573490.655818271,   6144238.20088369)",BV JOSE BATLLE Y ORDOÑEZ Esq. VICTOR HUGO,0
2026-06-21,G_109,9,S,75,,S,Basura Afuera,62842,Matutino,2026-06-21 07:32:44,,117152,"POINT (  573489.554884578,   6144238.85762417)",BV JOSE BATLLE Y ORDOÑEZ Esq. VICTOR HUGO CABINA,0
2026-06-21,G_109,10,S,100,,S,"Basura Afuera, Requiere Limpieza",62842,Matutino,2026-06-21 07:43:09,,129168,"POINT (  570908.930459030,   6146116.08928180)",BV JOSE BATLLE Y ORDOÑEZ 6654 VEREDA,0
2026-06-21,G_109,11,S,100,,S,,62842,Matutino,2026-06-21 07:43:23,,129169,"POINT (  570817.720164926,   6146183.25468290)",BV JOSE BATLLE Y ORDOÑEZ 6718 VEREDA,0
2026-06-21,G_109,12,S,100,,S,Basura Afuera,62842,Matutino,2026-06-21 07:48:05,,129261,"POINT (  570727.712115470,   6146248.45641772)",BV JOSE BATLLE Y ORDOÑEZ 6760 VEREDA. EN 6764,0
2026-06-21,G_109,13,S,75,,S,Basura Afuera,62842,Matutino,2026-06-21 07:49:33,,129262,"POINT (  570622.635933073,   6146327.04314303)",BV JOSE BATLLE Y ORDOÑEZ 6846 VEREDA,0
2026-06-21,G_109,14,S,75,,S,Requiere Limpieza,62842,Matutino,2026-06-21 07:51:18,,129231,"POINT (  570422.072949130,   6146482.39747758)",BV JOSE BATLLE Y ORDOÑEZ 6928 VEREDA,0
2026-06-21,G_109,15,S,100,,S,Basura Afuera,62842,Matutino,2026-06-21 07:55:58,,129225,"POINT (  570283.615338890,   6146582.35350636)",BV JOSE BATLLE Y ORDOÑEZ 6976 VEREDA,0
2026-06-21,G_109,16,S,75,,S,Basura Afuera,62842,Matutino,2026-06-21 07:56:08,,129226,"POINT (  570183.659310108,   6146653.43334905)",BV JOSE BATLLE Y ORDOÑEZ Esq. FRANCISCO ALVAREZ VEREDA. EN 7002,0
2026-06-21,G_109,17,N,,Contenedor No Está,N,,62842,Matutino,2026-06-21 07:57:28,,129264,"POINT (  570209.384372091,   6146697.49479447)",FRANCISCO ALVAREZ Esq. PSJE CURUPI CERCO CHAPA,0
2026-06-21,G_109,18,N,,Contenedor No Está,N,,62842,Matutino,2026-06-21 07:57:33,,129263,"POINT (  570290.014913276,   6146799.60544007)",FRANCISCO ALVAREZ 1166,0
2026-06-21,G_109,19,S,75,,S,,62842,Matutino,2026-06-21 08:00:24,,129185,"POINT (  570157.126804643,   6146940.18791446)",DR ENRIQUE BADARACCO 1246 PDO COLUMNA,0
2026-06-21,G_109,20,S,75,,S,Basura Afuera,62842,Matutino,2026-06-21 08:02:52,,129188,"POINT (  570078.740453472,   6146840.80235674)",DR ENRIQUE BADARACCO Esq. JUAN SALAS MURO,0
2026-06-21,G_109,21,S,75,,S,Basura Afuera,62842,Matutino,2026-06-21 08:05:09,,129173,"POINT (  570026.309284096,   6146774.07078540)",DR ENRIQUE BADARACCO 1158 MURO,0
2026-06-21,G_109,22,S,75,,S,"Basura Afuera, Requiere Limpieza",62842,Matutino,2026-06-21 08:07:03,,129186,"POINT (  570103.666992546,   6146708.47529561)",CNEL JOSE MARIA NAVAJAS 1160 MURO,0
2026-06-21,G_109,23,N,,Contenedor No Está,N,,62842,Matutino,2026-06-21 08:09:43,,129187,"POINT (  570147.588997088,   6146819.24210268)",JUAN SALAS 5760 VEREDA,0
2026-06-21,G_109,24,S,75,,S,,62842,Matutino,2026-06-21 08:09:17,,129176,"POINT (  570032.253660343,   6146903.96027567)",JUAN SALAS 5830,0
2026-06-21,G_109,25,N,,Contenedor No Está,N,,62842,Matutino,2026-06-21 08:10:22,,129189,"POINT (  570127.471436611,   6146978.29906983)",CNEL PEDRO DE LEON 5821 EN 5823,0
2026-06-21,G_109,26,S,75,,S,Basura Afuera,62842,Matutino,2026-06-21 08:13:05,,129174,"POINT (  570226.295946832,   6146905.08237068)",CNEL PEDRO DE LEON 5751 EN 5769,0
2026-06-21,G_109,27,S,75,,S,,62842,Matutino,2026-06-21 08:14:57,,129175,"POINT (  570323.357164899,   6146833.26829026)",CNEL PEDRO DE LEON 5695 PDO 5695. MURO,0
2026-06-21,G_109,28,S,75,,S,,62842,Matutino,2026-06-21 08:16:43,,183030,"POINT (  570373.655919390,   6146796.11905447)",CNEL PEDRO DE LEON 5651,0
2026-06-21,G_109,29,S,75,,S,,62842,Matutino,2026-06-21 08:17:53,,129183,"POINT (  570414.807907932,   6146766.90438558)",CNEL PEDRO DE LEON 6985 EN 6989/6985,0
2026-06-21,G_109,30,S,100,,S,,62842,Matutino,2026-06-21 08:19:53,,183281,"POINT (  570582.014282752,   6146642.81606788)",CNEL PEDRO DE LEON 6855,0
2026-06-21,G_109,31,N,,Contenedor No Está,N,,62842,Matutino,2026-06-21 08:21:23,,181145,"POINT (  570613.050772469,   6146623.03087076)",CNEL PEDRO DE LEON 6827 ALTA POR RELEVAMIENTO. RETIRAR,0
2026-06-21,G_109,32,S,100,,S,,62842,Matutino,2026-06-21 08:21:17,,183282,"POINT (  570647.561728007,   6146597.85256423)",CNEL PEDRO DE LEON 6809,0
2026-06-21,G_109,33,S,75,,S,,62842,Matutino,2026-06-21 08:32:36,,183082,"POINT (  570581.062744204,   6146537.89842770)",RICARDO LORENZO 6997,0
2026-06-21,G_109,34,S,75,,S,,62842,Matutino,2026-06-21 08:32:27,,181269,"POINT (  570577.122901191,   6146540.21454167)",RICARDO LORENZO 6997 ESQ,0
2026-06-21,G_109,35,S,75,,S,,62842,Matutino,2026-06-21 08:30:07,,181270,"POINT (  570452.921771429,   6146633.53137619)",RICARDO LORENZO 255 EN 7016,0
2026-06-21,G_109,36,S,75,,S,,62842,Matutino,2026-06-21 08:29:05,,181268,"POINT (  570290.813377381,   6146663.94966072)",MAXIMO SAENZ Esq. DR TEOFILO DIAZ EN 7001/7005,0
2026-06-21,G_109,37,S,75,,S,,62842,Matutino,2026-06-21 08:25:38,,181266,"POINT (  570368.899976191,   6146605.02799524)",MAXIMO SAENZ Esq. LUIS A SCIUTTO EN 274,0
2026-06-21,G_109,38,S,75,,S,,62842,Matutino,2026-06-21 08:25:43,,181267,"POINT (  570405.378109524,   6146615.67957143)",LUIS A SCIUTTO 6974 EN 6974,0
2026-06-21,G_109,39,N,,Contenedor No Está,N,,62842,Matutino,2026-06-21 08:34:16,,180318,"POINT (  570673.526650545,   6146576.14372615)",CNEL PEDRO DE LEON 5489 PROV OV (O: CONFEDERADA Y CNO PEDRO DE LEON),0
2026-06-21,G_109,40,S,75,,S,,62842,Matutino,2026-06-21 08:37:51,,132832,"POINT (  570789.226966723,   6146492.63230612)",CNEL PEDRO DE LEON 5445,0
2026-06-21,G_109,41,S,75,,S,,62842,Matutino,2026-06-21 08:38:48,,129164,"POINT (  570871.300201486,   6146432.23954986)",CNEL PEDRO DE LEON 5417 FTE 6722 . MURETE PIEDRA,0
2026-06-21,G_109,42,S,75,,N,,62842,Matutino,2026-06-21 08:38:53,,180001,"POINT (  570921.440713766,   6146395.59696155)",CNEL PEDRO DE LEON 5401,0
2026-06-21,G_109,43,N,,No Levantado por Feria,S,,62842,Matutino,2026-06-21 10:41:05,,129161,"POINT (  570841.888270012,   6146335.05488701)",CAPITULARES 1215 EN 1221,0
2026-06-21,G_109,44,N,,No Levantado por Feria,S,,62842,Matutino,2026-06-21 10:40:32,,129162,"POINT (  570878.032771526,   6146238.79838571)",LUIS BRANDI 6667,0
2026-06-21,G_109,45,N,,No Levantado por Feria,S,,62842,Matutino,2026-06-21 10:40:26,,154413,"POINT (  571023.184216055,   6146133.04877043)",LUIS BRANDI 6609,0
2026-06-21,G_109,46,N,,No Levantado por Feria,S,,62842,Matutino,2026-06-21 10:41:34,,129170,"POINT (  571010.840730515,   6146244.64930968)",ADOLFO RODRIGUEZ 6635 FTE 6631,0
2026-06-21,G_109,47,N,,No Levantado por Feria,S,,62842,Matutino,2026-06-21 10:41:20,,129191,"POINT (  570915.222206028,   6146313.77837702)",ADOLFO RODRIGUEZ 6683 FTE 6683,0
2026-06-21,G_109,48,N,,No Levantado por Feria,S,,62842,Matutino,2026-06-21 10:40:38,,129193,"POINT (  570767.586563024,   6146335.57908001)",LUIS BRANDI 6716 FTE 6715,0
2026-06-21,G_109,49,N,,No Levantado por Feria,S,,62842,Matutino,2026-06-21 10:40:45,,129165,"POINT (  570689.600960070,   6146393.48719733)",LUIS BRANDI 6748 BIS. MURO,0
2026-06-21,G_109,50,N,,No Levantado por Feria,S,,62842,Matutino,2026-06-21 10:40:54,,129227,"POINT (  570750.076806538,   6146472.03166719)",MARIN 1243 FTE 1237,0
2026-06-21,G_109,51,S,75,,S,,62842,Matutino,2026-06-21 08:41:43,,129234,"POINT (  571070.071316930,   6146294.30201369)",CNEL PEDRO DE LEON 6632 FTE 6632,0
2026-06-21,G_109,52,S,100,,S,,62842,Matutino,2026-06-21 11:09:27,,129214,"POINT (  571213.069316108,   6146295.37414279)",SANTIAGO DEL ESTERO Esq. CNO GRAL MAXIMO SANTOS,0
2026-06-21,G_109,53,S,100,,S,,62842,Matutino,2026-06-21 11:09:33,,129209,"POINT (  571165.328408905,   6146229.27134821)",SANTIAGO DEL ESTERO 1267,0
2026-06-21,G_109,54,N,,Calle Cerrada,S,,62842,Matutino,2026-06-21 10:41:54,,129211,"POINT (  571200.715235552,   6146124.26454540)",ADOLFO RODRIGUEZ 5177,0
2026-06-21,G_109,55,N,,Calle Cerrada,S,,62842,Matutino,2026-06-21 10:42:02,,129216,"POINT (  571262.590760198,   6146114.00539105)",JURAMENTO 1254 MURO,0
2026-06-21,G_109,56,N,,Calle Cerrada,S,,62842,Matutino,2026-06-21 10:42:09,,129251,"POINT (  571257.220734094,   6146256.31108275)",JURAMENTO 1295 VEREDA. ESQUINA,0
2026-06-21,G_109,57,N,,Calle Cerrada,N,,62842,Matutino,2026-06-21 10:42:17,,129253,"POINT (  571333.033647027,   6146065.23848756)",AV GRAL EUGENIO GARZON 1253,0
2026-06-21,G_109,58,S,100,,S,,62842,Matutino,2026-06-21 08:47:19,,129236,"POINT (  571287.508495023,   6146598.18709629)",ISAAC ALBENIZ 5261 PDO 5268.MURO,0
2026-06-21,G_109,59,S,75,,S,,62842,Matutino,2026-06-21 08:59:58,,129219,"POINT (  571174.914562610,   6146680.60585481)",ISAAC ALBENIZ 5300,0
2026-06-21,G_109,60,S,75,,S,,62842,Matutino,2026-06-21 08:50:51,,129240,"POINT (  571106.218806072,   6146732.92093681)",ISAAC ALBENIZ 5338 FTE 5345. MURO,0
2026-06-21,G_109,61,S,75,,S,,62842,Matutino,2026-06-21 09:01:04,,129182,"POINT (  571009.878934796,   6146805.13576545)",ISAAC ALBENIZ 5404,0
2026-06-21,G_109,62,S,75,,S,,62842,Matutino,2026-06-21 09:03:10,,129181,"POINT (  570930.931536121,   6146862.68320936)",ISAAC ALBENIZ 5437 EN 5447B. MURO C/ REJA,0
2026-06-21,G_109,63,S,100,,S,Basura Afuera,62842,Matutino,2026-06-21 09:03:15,,143012,"POINT (  570824.325958641,   6146939.53571581)",ISAAC ALBENIZ Esq. SARGENTOS PATRICIOS BALDIO,0
2026-06-21,G_109,64,S,75,,S,,62842,Matutino,2026-06-21 09:05:37,,129218,"POINT (  570770.071201968,   6146980.82378362)",ISAAC ALBENIZ Esq. NUEVA CALIFORNIA FTE 5535,0
2026-06-21,G_109,65,S,75,,S,,62842,Matutino,2026-06-21 09:05:55,,129177,"POINT (  570700.661610849,   6147032.68060285)",ISAAC ALBENIZ 5596 FTE 5597,0
2026-06-21,G_109,66,N,,Contenedor No Está,S,,62842,Matutino,2026-06-21 09:09:28,,129178,"POINT (  570636.301447259,   6147079.88874277)",ISAAC ALBENIZ 5640 FTE 5639,0
2026-06-21,G_109,67,S,75,,S,,62842,Matutino,2026-06-21 09:09:18,,129239,"POINT (  570537.476937040,   6147152.50431962)",ISAAC ALBENIZ 5706,0
2026-06-21,G_109,68,S,75,,S,,62842,Matutino,2026-06-21 09:10:00,,129180,"POINT (  570460.853878021,   6147209.08996781)",ISAAC ALBENIZ 5756 FTE 5757,0
2026-06-21,G_109,69,S,75,,S,,62842,Matutino,2026-06-21 10:12:35,,129237,"POINT (  570425.908633532,   6147234.89815296)",ISAAC ALBENIZ 5784 MURETE,0
2026-06-21,G_109,70,S,75,,S,,62842,Matutino,2026-06-21 10:12:48,,180431,"POINT (  570345.175208279,   6147293.94360806)",ISAAC ALBENIZ 5845,0
2026-06-21,G_109,71,N,,Contenedor No Está,S,,62842,Matutino,2026-06-21 10:12:54,,129238,"POINT (  570339.667617314,   6147298.05607190)",ISAAC ALBENIZ 5845 FTE 5845,0
2026-06-21,G_109,72,S,100,,S,Basura Afuera,62842,Matutino,2026-06-21 10:16:06,,129202,"POINT (  570255.270042893,   6147200.27350704)",CNO LECOCQ 1370,0
2026-06-21,G_109,73,S,25,,S,,62842,Matutino,2026-06-21 10:16:22,,129200,"POINT (  570280.677479827,   6147222.15435967)",PINTOS CARDEIROS 5843 VEREDA. SUBESTACION,0
2026-06-21,G_109,74,S,75,,S,Requiere Limpieza,62842,Matutino,2026-06-21 10:17:48,,129241,"POINT (  570383.269023283,   6147146.57324601)",PINTOS CARDEIROS 5761 PDO 5789,0
2026-06-21,G_109,75,S,50,,S,,62842,Matutino,2026-06-21 10:19:15,,129243,"POINT (  570424.065191735,   6147116.99802763)",PINTOS CARDEIROS Esq. CNEL JOSE MARIA NAVAJAS CERCO VEGETAL,0
2026-06-21,G_109,76,S,50,,S,,62842,Matutino,2026-06-21 10:23:00,,129197,"POINT (  570474.238868456,   6147032.84090213)",PINTOS CARDEIROS 5691 BALDIO,0
2026-06-21,G_109,77,S,50,,S,,62842,Matutino,2026-06-21 10:23:06,,129198,"POINT (  570477.685303119,   6147030.75701141)",PINTOS CARDEIROS 5691 BALDIO,0
2026-06-21,G_109,78,S,75,,S,,62842,Matutino,2026-06-21 10:25:22,,129247,"POINT (  570598.470815609,   6146987.39605437)",PINTOS CARDEIROS 5605 FTE 5612,0
2026-06-21,G_109,79,S,75,,S,,62842,Matutino,2026-06-21 10:26:38,,129248,"POINT (  570638.786086201,   6146957.17963883)",PINTOS CARDEIROS 5597 VEREDA,0
2026-06-21,G_109,80,S,75,,S,,62842,Matutino,2026-06-21 10:27:08,,129245,"POINT (  570711.477936800,   6146904.89296818)",PINTOS CARDEIROS 5549 VEREDA. MURO,0
2026-06-21,G_109,81,S,75,,S,,62842,Matutino,2026-06-21 10:27:25,,129246,"POINT (  570784.438805003,   6146850.39750489)",PINTOS CARDEIROS 5486 EN 5485/5487,0
2026-06-21,G_109,82,S,75,,S,,62842,Matutino,2026-06-21 10:28:58,,129201,"POINT (  570834.430510994,   6146814.81782225)",PINTOS CARDEIROS 5455 VEREDA. FTE 5452,0
2026-06-21,G_109,83,S,75,,S,,62842,Matutino,2026-06-21 10:30:39,,129249,"POINT (  570902.558562383,   6146756.64523124)",PINTOS CARDEIROS 5433 VEREDA. EN 5437. REJAS,0
2026-06-21,G_109,84,S,75,,S,Basura Afuera,62842,Matutino,2026-06-21 10:32:47,,129250,"POINT (  571027.271407396,   6146664.95403927)",PINTOS CARDEIROS 5355,0
2026-06-21,G_109,85,N,,Contenedor No Está,S,,62842,Matutino,2026-06-21 10:33:19,,129242,"POINT (  571113.071600576,   6146599.51185549)",PINTOS CARDEIROS 5297 VEREDA,0
2026-06-21,G_109,86,N,,Contenedor No Está,S,,62842,Matutino,2026-06-21 10:33:30,,129244,"POINT (  571219.951149949,   6146521.60640218)",PINTOS CARDEIROS 5229 VEREDA,0
2026-06-21,G_109,87,S,75,,S,Requiere Limpieza,62842,Matutino,2026-06-21 10:34:50,,129199,"POINT (  571298.658099694,   6146464.09903310)",PINTOS CARDEIROS 5207 VEREDA. FTE 5206,0
2026-06-21,G_109,88,N,,Fuego,S,,62842,Matutino,2026-06-21 10:35:35,,129221,"POINT (  571283.455113456,   6146389.66313346)",ANTONIO MARIA MARQUES 5218 REBAJE/REBAJE,0
2026-06-21,G_109,89,S,75,,S,,62842,Matutino,2026-06-21 10:37:00,,129220,"POINT (  571174.013811151,   6146469.83001334)",ANTONIO MARIA MARQUES 5272 VEREDA,0
2026-06-21,G_109,90,S,75,,S,,62842,Matutino,2026-06-21 10:38:47,,129235,"POINT (  570956.539347163,   6146628.36572709)",ANTONIO MARIA MARQUES 5344 VEREDA,0
2026-06-21,G_109,91,S,75,,S,,62842,Matutino,2026-06-21 10:39:24,,129203,"POINT (  570858.516333376,   6146701.14160323)",ANTONIO MARIA MARQUES 5398 VEREDA. PDO ARBOL,0
2026-06-21,G_109,92,S,100,,S,"Basura Afuera, Requiere Limpieza",62842,Matutino,2026-06-21 10:42:26,,129204,"POINT (  570733.996723282,   6146785.09302409)",ANTONIO MARIA MARQUES 5483 VEREDA. PDO REBAJE. MURO. FTE 5483,0
2026-06-21,G_109,93,S,100,,S,"Basura Afuera, Requiere Limpieza",62842,Matutino,2026-06-21 10:43:28,,129228,"POINT (  570661.428360441,   6146839.72033654)",ANTONIO MARIA MARQUES 5530 VEREDA. FTE 5550,0
2026-06-21,G_109,94,S,75,,S,,62842,Matutino,2026-06-21 10:50:33,,129205,"POINT (  570558.275769479,   6146915.66212355)",ANTONIO MARIA MARQUES 5615 VEREDA. EN 5616,0
2026-06-21,G_109,95,S,75,,S,,62842,Matutino,2026-06-21 10:50:41,,182955,"POINT (  570556.089777342,   6146917.54962549)",ANTONIO MARIA MARQUES 5615,0
2026-06-21,G_109,96,N,,Contenedor No Está,S,,62842,Matutino,2026-06-21 10:51:58,,129167,"POINT (  570445.505221324,   6146998.49677996)",ANTONIO MARIA MARQUES 5696 MURO,0
2026-06-21,G_109,97,S,75,,S,,62842,Matutino,2026-06-21 10:51:05,,129206,"POINT (  570348.043255041,   6147071.83370360)",ANTONIO MARIA MARQUES 5752 VEREDA. EN 5754/5752,0
2026-06-21,G_109,98,N,,Contenedor No Está,S,,62842,Matutino,2026-06-21 10:52:29,,129207,"POINT (  570301.035489231,   6147105.73700273)",ANTONIO MARIA MARQUES 5790 CERCO VEGETAL,0
2026-06-21,G_109,99,N,,Contenedor No Está,N,,62842,Matutino,2026-06-21 10:55:48,,129213,"POINT (  570189.387036079,   6147065.26143285)",CNO GRAL MAXIMO SANTOS 5827 EN 5827/5835,0
2026-06-21,G_109,100,N,,Contenedor No Está,N,,62842,Matutino,2026-06-21 10:55:56,,129208,"POINT (  570246.621976710,   6147024.34107200)",CNO GRAL MAXIMO SANTOS 5772,0
2026-06-21,G_109,101,S,75,,S,,62842,Matutino,2026-06-21 10:58:39,,129210,"POINT (  570347.612357331,   6146949.05733372)",CNO GRAL MAXIMO SANTOS 5721,0
2026-06-21,G_109,102,S,75,,S,,62842,Matutino,2026-06-21 10:58:45,,129215,"POINT (  570389.640919926,   6146915.30145019)",CNO GRAL MAXIMO SANTOS 5693 CERCO. PDO COLUMNA,0
2026-06-21,G_109,103,S,75,,S,,62842,Matutino,2026-06-21 10:59:04,,129217,"POINT (  570479.729119023,   6146850.54053838)",CNO GRAL MAXIMO SANTOS 5633 FTE 5630. MURO,0
2026-06-21,G_109,104,S,75,,S,"Basura Afuera, Requiere Limpieza",62842,Matutino,2026-06-21 11:00:36,,129252,"POINT (  570575.908691013,   6146778.88675725)",CNO GRAL MAXIMO SANTOS 5553,0
2026-06-21,G_109,105,S,75,,S,,62842,Matutino,2026-06-21 11:03:28,,180485,"POINT (  570626.325527418,   6146742.24383231)",CNO GRAL MAXIMO SANTOS 5537,0
2026-06-21,G_109,106,S,75,,S,,62842,Matutino,2026-06-21 11:03:40,,184207,"POINT (  570668.801070731,   6146706.66412195)",CNO GRAL MAXIMO SANTOS 5491 POS ORIGEN GRAL MÁXIMO SANTOS 5373,0
2026-06-21,G_109,107,S,25,,S,,62842,Matutino,2026-06-21 11:04:42,,184208,"POINT (  570673.679119512,   6146702.02997561)",CNO GRAL MAXIMO SANTOS 5491 POS ORIGEN GRAL. MÁXIMO SANTOS 5313,0
2026-06-21,G_109,108,S,50,,S,,62842,Matutino,2026-06-21 11:05:02,,180164,"POINT (  570716.286278022,   6146674.43959561)",CNO GRAL MAXIMO SANTOS 5451,0
2026-06-21,G_109,109,S,100,,S,"Basura Afuera, Requiere Limpieza",62842,Matutino,2026-06-21 11:06:14,,129256,"POINT (  570757.607932430,   6146643.43386003)",CNO GRAL MAXIMO SANTOS 5443 MURETE,0
2026-06-21,G_109,110,S,100,,S,"Basura Afuera, Requiere Limpieza",62842,Matutino,2026-06-21 11:07:56,,135572,"POINT (  571123.250605278,   6146376.13479954)",CNO GRAL MAXIMO SANTOS 5267,0
2026-06-21,C_103,99,S,75,,S,,62843,Matutino,2026-06-21 07:14:14,,134190,"POINT (  575473.901921875,   6139700.35411875)",ISLA DE GORRITI 2056,0
2026-06-21,C_103,100,S,75,,S,,62843,Matutino,2026-06-21 07:15:24,,134141,"POINT (  575562.792000000,   6139702.44565000)",ISLA DE GORRITI 2094,0
2026-06-21,C_103,101,S,100,,S,,62843,Matutino,2026-06-21 07:16:54,,176571,"POINT (  575669.608823092,   6139704.33539736)",ISLA DE GORRITI 2138,0
2026-06-21,C_103,106,S,50,,S,,62843,Matutino,2026-06-21 07:39:27,,182136,"POINT (  575966.353319172,   6139508.16932702)",ACEVEDO DIAZ 2311 EN 2311/2307,1
2026-06-21,C_103,107,S,50,,S,,62843,Matutino,2026-06-21 07:22:38,,134117,"POINT (  575824.107449114,   6139591.63684803)",DR DOMINGO ARAMBURU 2143 ARBOL/ARBOL,1
2026-06-21,C_103,108,S,100,,S,,62843,Matutino,2026-06-21 07:22:45,,181904,"POINT (  575821.930134641,   6139591.59322615)",DR DOMINGO ARAMBURU 2143,1
2026-06-21,C_103,109,S,50,,S,,62843,Matutino,2026-06-21 07:25:36,,134192,"POINT (  575733.390481606,   6139588.30192466)",DR DOMINGO ARAMBURU 2109 ARBOL/ARBOL,1
2026-06-21,C_103,110,S,75,,S,,62843,Matutino,2026-06-21 07:26:21,,136779,"POINT (  575681.309765371,   6139586.17127631)",DR DOMINGO ARAMBURU 2081 EN 2091,1
2026-06-21,C_103,111,S,75,,S,,62843,Matutino,2026-06-21 07:28:43,,134153,"POINT (  575627.577806745,   6139584.16979934)",DR DOMINGO ARAMBURU 2057 EN 2059. ANTES ARBOL,1
2026-06-21,C_103,112,S,100,,S,,62843,Matutino,2026-06-21 07:29:52,,134152,"POINT (  575549.802721189,   6139581.43995591)",DR DOMINGO ARAMBURU 2031 EN 2031A,1
2026-06-21,C_103,113,S,100,,S,,62843,Matutino,2026-06-21 07:31:31,,175730,"POINT (  575478.390792678,   6139579.78194598)",DR DOMINGO ARAMBURU 2001 EN 2007,1
2026-06-21,C_103,114,S,100,,S,,62843,Matutino,2026-06-21 07:32:40,,176240,"POINT (  575460.762399375,   6139530.82274013)",DR MARTIN C MARTINEZ 2477,1
2026-06-21,C_103,115,S,25,,S,,62843,Matutino,2026-06-21 07:34:52,,176570,"POINT (  575471.116193695,   6139427.01536734)",DR MARTIN C MARTINEZ 2409 EN 2409B,1
2026-06-21,C_103,116,S,25,,S,,62843,Matutino,2026-06-21 07:35:37,,181900,"POINT (  575471.295976689,   6139425.39423421)",DR MARTIN C MARTINEZ 2409,1
2026-06-21,C_111,1,S,75,,S,,62843,Matutino,2026-06-21 07:56:53,,175377,"POINT (  575376.185965727,   6141090.47006531)",DR MARTIN C MARTINEZ 3228 EN 3224/3228,2
2026-06-21,C_111,2,S,75,,S,,62843,Matutino,2026-06-21 07:58:27,,178686,"POINT (  575244.679671024,   6141127.87152157)",GUALBERTO MENDEZ 1941 EN 1943,2
2026-06-21,C_111,3,S,100,,S,,62843,Matutino,2026-06-21 08:00:20,,177329,"POINT (  575168.893153008,   6141251.58986118)",GUAVIYU 3258,2
2026-06-21,C_111,4,S,100,,S,,62843,Matutino,2026-06-21 08:02:57,,177328,"POINT (  575165.885207491,   6141341.43095085)",GUAVIYU 3296,2
2026-06-21,C_111,5,S,75,,S,,62843,Matutino,2026-06-21 08:04:17,,177327,"POINT (  575163.338794552,   6141439.86700148)",GUAVIYU 3328,2
2026-06-21,C_111,6,S,25,,S,,62843,Matutino,2026-06-21 08:07:44,,138365,"POINT (  575155.946859290,   6141597.23177849)",REGIMIENTO 9 1933 MURO,2
2026-06-21,C_111,7,S,100,,S,,62843,Matutino,2026-06-21 09:56:47,,138368,"POINT (  575114.157341176,   6141689.23326471)",DR JOSE MARIA PENCO 3426 EN 3422. MURO CIEGO. PDO SALIDA CAMIONES,2
2026-06-21,C_111,8,S,100,,N,,62843,Matutino,2026-06-21 09:57:35,,170212,"POINT (  575115.216164705,   6141691.35091177)",DR JOSE MARIA PENCO 3426,2
2026-06-21,C_111,9,S,100,,S,,62843,Matutino,2026-06-21 09:50:35,,138364,"POINT (  575252.460294635,   6141700.89239638)",GUAVIYU 3495,2
2026-06-21,C_111,10,S,25,,S,,62843,Matutino,2026-06-21 09:56:31,,140792,"POINT (  575059.009887202,   6141580.71384552)",DR JOSE MARIA PENCO 3385,2
2026-06-21,C_111,11,S,100,,S,,62843,Matutino,2026-06-21 09:59:09,,177326,"POINT (  575252.442086265,   6141417.27903326)",DR HERMOGENES ALVAREZ 3357,2
2026-06-21,C_111,12,S,100,,S,,62843,Matutino,2026-06-21 10:01:56,,177325,"POINT (  575254.895630908,   6141365.02775907)",DR HERMOGENES ALVAREZ 3347,2
2026-06-21,C_111,13,S,100,,S,,62843,Matutino,2026-06-21 10:00:22,,184048,"POINT (  575255.195118271,   6141239.43725383)",DR HERMOGENES ALVAREZ 3301,2
2026-06-21,C_111,14,S,75,,S,,62843,Matutino,2026-06-21 10:03:55,,183810,"POINT (  575347.900783333,   6141220.81996667)",FERMIN FERREIRA 1998 FERMIN FERREIRA 1998,2
2026-06-21,C_111,15,N,,Fuego,S,,62843,Matutino,2026-06-21 10:06:00,,138312,"POINT (  575361.231750285,   6141156.03250000)",DR MARTIN C MARTINEZ 3263,2
2026-06-21,C_111,16,S,100,,S,,62843,Matutino,2026-06-21 10:06:07,,180838,"POINT (  575362.237979085,   6141138.08177451)",DR MARTIN C MARTINEZ 3257 EN 3255,2
2026-06-21,C_111,17,S,25,,S,,62843,Matutino,2026-06-21 10:07:16,,165192,"POINT (  575259.793271725,   6141103.06999009)",DR HERMOGENES ALVAREZ 3241,2
2026-06-21,C_111,18,S,50,,S,,62843,Matutino,2026-06-21 10:11:14,,138316,"POINT (  575263.379952653,   6141045.06255414)",DR HERMOGENES ALVAREZ 3205,2
2026-06-21,C_111,19,S,50,,S,,62843,Matutino,2026-06-21 10:11:20,,138317,"POINT (  575206.824210561,   6141029.79842687)",BV GRAL ARTIGAS 3436 VEREDA. SECTOR PASTO,2
2026-06-21,C_111,20,S,75,,S,,62843,Matutino,2026-06-21 10:14:23,,138322,"POINT (  575069.386537409,   6141025.03363851)",DR JOSE MARIA PENCO 3158,2
2026-06-21,C_111,21,S,100,,S,,62843,Matutino,2026-06-21 10:15:33,,138358,"POINT (  575066.932179319,   6141104.66557228)",DR JOSE MARIA PENCO 3192 EN 3196,2
2026-06-21,C_111,22,S,100,,S,,62843,Matutino,2026-06-21 10:16:51,,138326,"POINT (  575064.961432591,   6141190.88574164)",DR JOSE MARIA PENCO 3238 FTE 3237. MURO CIEGO,2
2026-06-21,C_111,23,S,25,,S,,62843,Matutino,2026-06-21 10:19:02,,184083,"POINT (  575065.539400000,   6141245.55095752)",DR JOSE MARIA PENCO 3260,2
2026-06-21,C_111,24,S,75,,S,,62843,Matutino,2026-06-21 10:20:31,,138327,"POINT (  575061.445223476,   6141319.39167500)",DR JOSE MARIA PENCO 3282 EN 3284/3284B,2
2026-06-21,C_111,25,S,75,,S,,62843,Matutino,2026-06-21 10:22:11,,138324,"POINT (  575036.692608972,   6141390.43691851)",DR JOSE PUGNALINI 1848 FTE 1848,2
2026-06-21,C_111,26,S,75,,S,,62843,Matutino,2026-06-21 10:28:00,,138376,"POINT (  574958.102258148,   6141082.95228814)",PBRO LORENZO FERNANDEZ 3247 FTE 3244,2
2026-06-21,C_111,27,S,50,,S,,62843,Matutino,2026-06-21 10:29:49,,138377,"POINT (  575000.455932463,   6141011.05692599)",BV GRAL ARTIGAS 3528 VEREDA,2
2026-06-21,C_111,28,S,25,,S,,62843,Matutino,2026-06-21 10:31:27,,181075,"POINT (  574949.122385185,   6141019.73782985)",MARCELINO SOSA 3112 ANTES DEL 3112,2
2026-06-21,C_111,29,S,100,,S,,62843,Matutino,2026-06-21 10:32:35,,177506,"POINT (  574939.371252542,   6141136.38138305)",MARCELINO SOSA 3158,2
2026-06-21,C_111,30,S,100,,S,,62843,Matutino,2026-06-21 10:34:52,,177362,"POINT (  574930.360601472,   6141237.01377846)",MARCELINO SOSA 3202 FTE 3205,2
2026-06-21,C_111,31,S,100,,S,,62843,Matutino,2026-06-21 10:36:19,,177363,"POINT (  574923.054592653,   6141339.50967030)",MARCELINO SOSA 3234 EN 3234/3236,2
2026-06-21,C_111,32,S,100,,S,,62843,Matutino,2026-06-21 10:43:49,,181073,"POINT (  574763.828267538,   6141241.68772091)",FOMENTO 1733,2
2026-06-21,C_111,33,S,25,,S,,62843,Matutino,2026-06-21 10:43:55,,182288,"POINT (  574737.397523964,   6141018.76832614)",EL INICIADOR 1698 ESQ,2
2026-06-21,C_111,34,S,75,,S,,62843,Matutino,2026-06-21 10:45:20,,182287,"POINT (  574740.229767973,   6141018.00579891)",EL INICIADOR 1698 ESQ,2
2026-06-21,C_111,35,S,75,,S,,62843,Matutino,2026-06-21 10:48:43,,138371,"POINT (  574798.428905982,   6141131.02370848)",AV GRAL SAN MARTIN 3100 VEREDA. ARBOL/ARBOL,2
2026-06-21,C_111,36,S,75,,S,,62843,Matutino,2026-06-21 10:48:54,,138388,"POINT (  574821.155532193,   6141198.71560989)",AV GRAL SAN MARTIN 3140 ESTACION DE SERVICIO,2
2026-06-21,C_111,37,S,100,,S,,62843,Matutino,2026-06-21 10:51:36,,138386,"POINT (  574857.512281651,   6141305.30907829)",AV GRAL SAN MARTIN 3182 REBAJE/REBAJE,2
2026-06-21,C_111,38,S,25,,S,,62843,Matutino,2026-06-21 10:54:54,,138385,"POINT (  574891.433126241,   6141401.70733452)",AV GRAL SAN MARTIN 3209 VEREDA. FTE 3209. ANTES CONTENEDOR RECICLAJE,2
2026-06-21,C_111,39,N,,Auto,S,,62843,Matutino,2026-06-21 10:57:10,,182349,"POINT (  574968.740075235,   6141634.45127557)",AV GRAL SAN MARTIN 3290,2
2026-06-21,C_111,40,S,50,,S,,62843,Matutino,2026-06-21 10:57:20,,138384,"POINT (  574980.761473907,   6141670.18598251)",AV GRAL SAN MARTIN 3302 VEREDA. ANTES 3308. MURO CHAPA,2
2026-06-21,C_111,41,N,,Auto,S,,62843,Matutino,2026-06-21 10:59:25,,138383,"POINT (  575018.244475676,   6141779.03492550)",AV GRAL SAN MARTIN 3372 VEREDA. EN 3376,2
2026-06-21,C_111,42,S,75,,S,,62843,Matutino,2026-06-21 11:00:52,,138373,"POINT (  575097.234078273,   6141814.18847518)",AV DR LUIS ALBERTO DE HERRERA 3825 VEREDA,2
2026-06-21,C_111,43,S,75,,S,,62843,Matutino,2026-06-21 11:05:10,,184159,"POINT (  575017.675291749,   6141824.29291965)",AV GRAL SAN MARTIN 3395,2
2026-06-21,C_111,44,S,75,,S,,62843,Matutino,2026-06-21 11:06:57,,138389,"POINT (  574966.572993011,   6141678.65671738)",AV GRAL SAN MARTIN 3313,2
2026-06-21,C_111,45,S,50,,S,,62843,Matutino,2026-06-21 11:08:45,,138391,"POINT (  574937.560726106,   6141598.60827292)",AV GRAL SAN MARTIN 3281 EN 3287,2
2026-06-21,C_111,46,S,50,,S,,62843,Matutino,2026-06-21 11:08:51,,180942,"POINT (  574936.641966212,   6141595.85213686)",AV GRAL SAN MARTIN 3281,2
2026-06-21,C_111,47,S,75,,S,,62843,Matutino,2026-06-21 11:12:38,,138392,"POINT (  574883.083312519,   6141430.19947543)",AV GRAL SAN MARTIN 3223,2
2026-06-21,C_111,48,S,25,,S,,62843,Matutino,2026-06-21 10:24:14,,138360,"POINT (  574861.535880711,   6141363.49243839)",AV GRAL SAN MARTIN 3191 VEREDA,2
2026-06-21,C_111,49,S,50,,S,,62843,Matutino,2026-06-21 11:14:41,,138347,"POINT (  574787.416950660,   6141146.74751008)",AV GRAL SAN MARTIN 3113 VEREDA. EN 3115. ARBOL/ARBOL,2
2026-06-21,C_111,50,S,100,,S,,62843,Matutino,2026-06-21 11:17:04,,138361,"POINT (  574763.275356301,   6141074.21684282)",AV GRAL SAN MARTIN 3075 VEREDA,2
2026-06-21,C_111,51,S,25,,S,,62843,Matutino,2026-06-21 11:18:41,,138362,"POINT (  574640.942859887,   6140987.67406215)",BV GRAL ARTIGAS 3688 VEREDA. EN 3688. PALMERA/PALMERA,2
2026-06-21,C_111,52,S,25,,S,,62843,Matutino,2026-06-21 11:20:34,,138359,"POINT (  574545.263281972,   6140976.63919015)",BV GRAL ARTIGAS 3724 VEREDA. EN 3726. REBAJE/PALMERA,2
2026-06-21,C_111,53,S,25,,S,,62843,Matutino,2026-06-21 11:22:04,,138330,"POINT (  574462.326029247,   6140972.14448771)",BV GRAL ARTIGAS 3760 VEREDA. EN 3762,2
2026-06-21,C_111,54,,,,S,,62843,Matutino,,,138329,"POINT (  574393.845432090,   6141022.22770760)",AV BURGUES 3022 PRE 3024. MURO,2
2026-06-21,C_111,55,,,,S,,62843,Matutino,,,138328,"POINT (  574385.268813041,   6141097.29959532)",AV BURGUES 3056,2
2026-06-21,C_111,56,,,,S,,62843,Matutino,,,138331,"POINT (  574374.468626091,   6141197.46603507)",AV BURGUES 3106 EN 3108,2
2026-06-21,C_111,57,,,,N,,62843,Matutino,,,138332,"POINT (  574360.962588355,   6141347.57124119)",AV BURGUES 3170 FTE 3181,2
2026-06-21,C_111,58,,,,S,,62843,Matutino,,,138374,"POINT (  574344.926938256,   6141568.59010625)",AV BURGUES 3231 EN 3268,2
2026-06-21,C_111,59,,,,S,,62843,Matutino,,,180594,"POINT (  574380.286373494,   6141675.30746747)",DR MAGESTED 1572,2
2026-06-21,C_111,60,,,,S,,62843,Matutino,,,183550,"POINT (  574337.188182352,   6141853.00792070)",REGIMIENTO 9 1609,2
2026-06-21,C_111,61,,,,S,,62843,Matutino,,,183549,"POINT (  574335.254631154,   6141853.49811677)",REGIMIENTO 9 Esq. AV BURGUES,2
2026-06-21,C_111,62,,,,S,,62843,Matutino,,,138351,"POINT (  574436.696068158,   6142009.74279368)",AV DR LUIS ALBERTO DE HERRERA 4083 VEREDA,2
2026-06-21,C_111,63,,,,S,,62843,Matutino,,,177376,"POINT (  574437.972500000,   6142009.02451695)",AV DR LUIS ALBERTO DE HERRERA 4083,2
2026-06-21,C_111,64,,,,S,,62843,Matutino,,,138399,"POINT (  574537.241392856,   6141952.95693482)",AV DR LUIS ALBERTO DE HERRERA 4047 VEREDA,2
2026-06-21,C_111,65,,,,S,,62843,Matutino,,,138397,"POINT (  574628.273019422,   6141902.65471241)",AV DR LUIS ALBERTO DE HERRERA 4003,2
2026-06-21,C_111,66,,,,S,,62843,Matutino,,,138396,"POINT (  574606.566761336,   6141803.54711451)",DARWIN 3313,2
2026-06-21,C_111,67,,,,S,,62843,Matutino,,,183938,"POINT (  574558.186109524,   6141646.36136667)",DARWIN Esq. DR MAGESTED,2
2026-06-21,C_111,68,,,,S,,62843,Matutino,,,138350,"POINT (  574557.277672852,   6141640.69723677)",DARWIN Esq. DR MAGESTED MURO,2
2026-06-21,C_111,69,,,,S,,62843,Matutino,,,138349,"POINT (  574520.218207827,   6141525.17759008)",DARWIN Esq. LIROPEYA SECTOR VERDE,2
2026-06-21,C_111,70,,,,S,,62843,Matutino,,,138398,"POINT (  574599.382426215,   6141481.04585521)",LIROPEYA 1694 FTE 1693,2
2026-06-21,C_111,71,,,,S,,62843,Matutino,,,138395,"POINT (  574589.075687035,   6141286.04508841)",FOMENTO 1660 FTE 1659. MURO,2
2026-06-21,C_111,72,,,,S,,62843,Matutino,,,183809,"POINT (  574665.287387500,   6141261.74707084)",FOMENTO 1697,2
2026-06-21,C_111,73,,,,N,,62843,Matutino,,,138335,"POINT (  574667.563135618,   6141260.68312289)",FOMENTO 1697 FTE 1697. ARBOL/COLUMNA,2
2026-06-21,C_111,74,S,100,,S,,62843,Matutino,2026-06-21 10:41:02,,138336,"POINT (  574648.232188443,   6141167.60669467)",CARABELA 3101,2
2026-06-21,C_111,75,,,,S,,62843,Matutino,,,183980,"POINT (  574602.915031953,   6141060.28320474)",EL INICIADOR 1646,2
2026-06-21,C_111,76,,,,S,,62843,Matutino,,,181788,"POINT (  574492.225094118,   6141033.94921569)",RAMON MARQUEZ 3028 VEREDA,2
2026-06-21,C_111,77,,,,S,,62843,Matutino,,,152374,"POINT (  574458.275959141,   6141394.72827318)",LUISA DOMINGUEZ 1603 FTE 1603,2
2026-06-21,C_111,78,,,,N,,62843,Matutino,,,152352,"POINT (  574508.994484133,   6141194.60716204)",RAMON DE SANTIAGO 1629,2
2026-06-21,C_111,79,,,,S,,62843,Matutino,,,152392,"POINT (  574429.581344793,   6141445.02326143)",PEDRO MARGAT Esq. RAMON MARQUEZ,2
2026-06-21,C_111,80,,,,S,,62843,Matutino,,,138338,"POINT (  574433.904703390,   6141631.05841526)",RAMON MARQUEZ 3233 VEREDA. FTE 3233,2
2026-06-21,C_111,81,,,,S,,62843,Matutino,,,138403,"POINT (  574450.362529807,   6141714.92727065)",RAMON MARQUEZ 3274 EN 3274/3270,2
2026-06-21,C_111,82,,,,S,,62843,Matutino,,,138340,"POINT (  574470.288884180,   6141782.01886724)",RAMON MARQUEZ 3296 EN 3292/3296,2
2026-06-21,C_111,83,,,,S,,62843,Matutino,,,177377,"POINT (  574348.593968927,   6141933.88327403)",FLORENCIO ESCARDO 1602,2
2026-06-21,C_111,84,,,,S,,62843,Matutino,,,138341,"POINT (  574499.780409604,   6141876.82112713)",RAMON MARQUEZ 3330,2
2026-06-21,C_111,85,,,,S,,62843,Matutino,,,138342,"POINT (  574687.515121153,   6141882.77832637)",AV DR LUIS ALBERTO DE HERRERA 3981 VEREDA,2
2026-06-21,C_111,86,,,,S,,62843,Matutino,,,182844,"POINT (  574837.558373796,   6141778.34586114)",CARABELA 3333 FTE 3334,2
2026-06-21,C_111,87,,,,S,,62843,Matutino,,,183478,"POINT (  574805.911555157,   6141683.00533319)",CARABELA 3297,2
2026-06-21,C_111,88,,,,S,,62843,Matutino,,,183479,"POINT (  574805.687339910,   6141682.10847220)",CARABELA 3297,2
2026-06-21,C_111,89,,,,S,,62843,Matutino,,,183751,"POINT (  574732.586433333,   6141440.76300878)",CARABELA 3205,2
2026-06-21,C_111,90,,,,S,,62843,Matutino,,,138402,"POINT (  574732.253483921,   6141437.38316876)",CARABELA 3205 EN 3211,2
2026-06-21,C_111,91,,,,S,,62843,Matutino,,,138406,"POINT (  574596.219698494,   6141356.86157254)",MARIANO SOLER 3172 EDIFICIO.,2
2026-06-21,C_111,92,,,,S,,62843,Matutino,,,138382,"POINT (  574616.449073245,   6141424.75352853)",MARIANO SOLER 3188 ANTES ARBOLES,2
2026-06-21,C_111,93,,,,S,,62843,Matutino,,,138404,"POINT (  574649.841268388,   6141526.88956984)",MARIANO SOLER 3224,2
2026-06-21,C_111,94,,,,S,,62843,Matutino,,,138407,"POINT (  574681.850417431,   6141633.49711213)",MARIANO SOLER 3266,2
2026-06-21,C_111,95,,,,S,,62843,Matutino,,,138363,"POINT (  574707.941604091,   6141720.28237766)",MARIANO SOLER 3296,2
2026-06-21,C_111,96,,,,S,,62843,Matutino,,,138357,"POINT (  574731.676292779,   6141797.16104123)",MARIANO SOLER 3330 EN 3332,2
2026-06-21,D_102,56,,,,S,,62844,Matutino,,,114298,"POINT (  577885.561249153,   6140559.40898701)",MARIA STAGNERO DE MUNAR 2767,0
2026-06-21,D_102,57,,,,S,,62844,Matutino,,,114299,"POINT (  577950.871983616,   6140465.62367627)",MARIA STAGNERO DE MUNAR 2707,0
2026-06-21,D_102,58,,,,S,,62844,Matutino,,,176221,"POINT (  578006.578198306,   6140382.34684012)",MARIA STAGNERO DE MUNAR 2653,0
2026-06-21,D_102,59,,,,S,,62844,Matutino,,,176222,"POINT (  578048.612096611,   6140321.55587966)",MARIA STAGNERO DE MUNAR 2623,0
2026-06-21,D_102,60,,,,S,,62844,Matutino,,,114306,"POINT (  578085.222266103,   6140267.65757458)",MARIA STAGNERO DE MUNAR 2594,0
2026-06-21,C_104,1,S,100,,S,Requiere Limpieza,62844,Matutino,2026-06-21 07:36:46,,134248,"POINT (  576620.414079748,   6140098.57428556)",CADIZ 2852,1
2026-06-21,C_104,2,S,100,,S,Requiere Limpieza,62844,Matutino,2026-06-21 07:37:10,,134247,"POINT (  576667.381770736,   6140167.50297882)",CADIZ 2894,1
2026-06-21,C_104,3,S,100,,S,,62844,Matutino,2026-06-21 07:37:24,,134246,"POINT (  576697.197438053,   6140209.34109264)",CADIZ 2908 EN 2908/2916,1
2026-06-21,C_104,4,S,100,,S,Requiere Limpieza,62844,Matutino,2026-06-21 07:40:01,,134245,"POINT (  576799.057672621,   6140352.69846550)",CADIZ 2992 ARBOL/COLUMNA,1
2026-06-21,C_104,5,S,100,,S,Requiere Limpieza,62844,Matutino,2026-06-21 07:42:26,,134262,"POINT (  576861.904955085,   6140437.44697754)",CADIZ 3028 EN 3032,1
2026-06-21,C_104,6,S,100,,S,Requiere Limpieza,62844,Matutino,2026-06-21 07:42:19,,134203,"POINT (  576880.499672336,   6140463.73606055)",CADIZ 3040 EN 3042. COMERCIOS,1
2026-06-21,C_104,7,S,75,,S,,62844,Matutino,2026-06-21 07:49:21,,180198,"POINT (  576919.171875240,   6140515.95355318)",CADIZ 3062 VEREDA,1
2026-06-21,C_104,8,S,75,,S,,62844,Matutino,2026-06-21 07:49:16,,180391,"POINT (  576921.574758703,   6140517.97993675)",CADIZ 3062 VEREDA,1
2026-06-21,C_104,9,S,75,,S,,62844,Matutino,2026-06-21 07:49:07,,180194,"POINT (  577014.028978115,   6140616.46120591)",CADIZ 3100 VEREDA. ARBOL/ARBOL,1
2026-06-21,C_104,10,S,75,,S,,62844,Matutino,2026-06-21 07:48:58,,183865,"POINT (  576974.567829470,   6140665.17573752)",TOMAS GOMENSORO 2976,1
2026-06-21,C_104,11,S,75,,S,Requiere Limpieza,62844,Matutino,2026-06-21 07:52:53,,179227,"POINT (  577141.135646405,   6140683.85848170)",BV JOSE BATLLE Y ORDOÑEZ 3293 EN 3285. MURO. Frigorífico.,1
2026-06-21,C_104,12,S,75,,S,,62844,Matutino,2026-06-21 07:55:42,,177273,"POINT (  577351.850215455,   6140485.41178452)",BV JOSE BATLLE Y ORDOÑEZ 3191,1
2026-06-21,C_104,13,S,75,,S,,62844,Matutino,2026-06-21 07:59:53,,180343,"POINT (  577512.673435076,   6140269.61776928)",MONTE CASEROS 3341,1
2026-06-21,C_104,14,S,75,,S,Requiere Limpieza,62844,Matutino,2026-06-21 08:00:03,,134244,"POINT (  577509.901523108,   6140267.77981813)",MONTE CASEROS 3341,1
2026-06-21,C_104,15,S,75,,S,,62844,Matutino,2026-06-21 08:00:07,,134193,"POINT (  577507.340134544,   6140265.41545946)",MONTE CASEROS 3341,1
2026-06-21,C_104,16,S,100,,S,,62844,Matutino,2026-06-21 08:02:22,,134227,"POINT (  577444.687954858,   6140280.49133484)",AV DAMASO ANTONIO LARRAÑAGA 3355 EN 3357. VIVIENDA C/REJAS,1
2026-06-21,C_104,17,S,100,,S,Requiere Limpieza,62844,Matutino,2026-06-21 08:04:51,,134229,"POINT (  577361.735046156,   6140323.93333666)",TOMAS GOMENSORO 2790 MURO,1
2026-06-21,C_104,18,S,100,,S,,62844,Matutino,2026-06-21 08:08:45,,180546,"POINT (  577275.665147213,   6140281.69226200)",GRAL JULIO AMADEO ROLETTI 3267 EN 3267,1
2026-06-21,C_104,19,S,100,,S,,62844,Matutino,2026-06-21 08:09:04,,140612,"POINT (  577254.008783628,   6140233.91850537)",JOAQUIN CAMPANA 2785,1
2026-06-21,C_104,20,S,100,,N,Requiere Limpieza,62844,Matutino,2026-06-21 08:09:13,,183329,"POINT (  577328.201362310,   6140150.69981002)",JOAQUIN CAMPANA 2761,1
2026-06-21,C_104,21,S,100,,S,Requiere Limpieza,62844,Matutino,2026-06-21 08:10:43,,139612,"POINT (  577339.456454223,   6140139.38720853)",JOAQUIN CAMPANA Esq. MONTE CASEROS,1
2026-06-21,C_104,22,S,100,,N,Requiere Limpieza,62844,Matutino,2026-06-21 08:16:19,,183480,"POINT (  577273.044030045,   6140094.54221525)",ECHEANDIA 2752,1
2026-06-21,C_104,23,S,100,,S,Requiere Limpieza,62844,Matutino,2026-06-21 08:16:37,,134197,"POINT (  577200.170536712,   6140191.13519109)",ECHEANDIA 2796,1
2026-06-21,C_104,24,S,100,,S,Requiere Limpieza,62844,Matutino,2026-06-21 08:16:43,,134272,"POINT (  577142.637808959,   6140179.11636783)",GRAL JULIO AMADEO ROLETTI 3185 MURO DE PIEDRA,1
2026-06-21,C_104,25,S,100,,S,Requiere Limpieza,62844,Matutino,2026-06-21 08:16:50,,180491,"POINT (  577140.779456428,   6140178.07045017)",GRAL JULIO AMADEO ROLETTI 3185,1
2026-06-21,C_104,26,S,100,,S,Requiere Limpieza,62844,Matutino,2026-06-21 08:19:47,,134273,"POINT (  577058.900105894,   6140287.87686687)",EMILIO RAÑA 3012 ANTES CORDON ROJO,1
2026-06-21,C_104,27,S,100,,S,Requiere Limpieza,62844,Matutino,2026-06-21 08:19:42,,134220,"POINT (  577098.700143586,   6140316.64323075)",EMILIO RAÑA 3024 FTE SALIDA EDIFICIO,1
2026-06-21,C_104,28,S,75,,S,,62844,Matutino,2026-06-21 08:20:51,,134224,"POINT (  577162.143768026,   6140364.91555369)",EMILIO RAÑA 3054 ANTES ARBOL,1
2026-06-21,C_104,29,S,75,,S,Requiere Limpieza,62844,Matutino,2026-06-21 08:23:23,,134267,"POINT (  577233.074528270,   6140444.12156929)",TOMAS GOMENSORO 2866 MURO LADRILLO,1
2026-06-21,C_104,30,S,75,,S,Requiere Limpieza,62844,Matutino,2026-06-21 08:23:31,,134268,"POINT (  577230.316109816,   6140447.07701764)",TOMAS GOMENSORO 2866 MURO LADRILLO,1
2026-06-21,C_104,31,S,75,,S,,62844,Matutino,2026-06-21 08:26:59,,134221,"POINT (  577102.049651709,   6140500.66914760)",THOMPSON 3095,1
2026-06-21,C_104,32,S,75,,S,,62844,Matutino,2026-06-21 08:26:55,,134216,"POINT (  577062.634401820,   6140471.85178777)",THOMPSON 3083,1
2026-06-21,C_104,33,S,75,,S,,62844,Matutino,2026-06-21 08:26:48,,134215,"POINT (  576997.032720571,   6140425.20669990)",THOMPSON 3061 EDIFICIO,1
2026-06-21,C_104,34,S,75,,S,Requiere Limpieza,62844,Matutino,2026-06-21 08:30:32,,134254,"POINT (  577063.133751546,   6140144.81204662)",DR LUIS ALBERTO SURRACO 2979 EN 2979/2981,1
2026-06-21,C_104,35,S,75,,S,,62844,Matutino,2026-06-21 08:30:38,,137352,"POINT (  577041.544305391,   6140115.90834410)",DR LUIS ALBERTO SURRACO 2963 FTE 2933,1
2026-06-21,C_104,36,S,75,,S,,62844,Matutino,2026-06-21 08:33:03,,134250,"POINT (  576987.897881482,   6140039.18401917)",DR LUIS ALBERTO SURRACO 2927 CASA ABANDONADA,1
2026-06-21,C_104,37,S,75,,S,,62844,Matutino,2026-06-21 08:33:09,,134249,"POINT (  576966.861272889,   6140007.81358565)",DR LUIS ALBERTO SURRACO 2907,1
2026-06-21,C_104,38,S,75,,S,,62844,Matutino,2026-06-21 08:34:35,,170092,"POINT (  576899.593400366,   6139922.38091719)",DR LUIS ALBERTO SURRACO 2871,1
2026-06-21,C_104,39,S,75,,S,Requiere Limpieza,62844,Matutino,2026-06-21 08:38:20,,171772,"POINT (  576845.974679856,   6139869.96882735)",DR LUIS ALBERTO SURRACO 2769,1
2026-06-21,C_104,40,S,75,,S,,62844,Matutino,2026-06-21 08:38:24,,176236,"POINT (  576822.151637647,   6139849.25002794)",DR LUIS ALBERTO SURRACO 2745,1
2026-06-21,C_104,41,S,75,,S,,62844,Matutino,2026-06-21 08:38:29,,176237,"POINT (  576789.501077014,   6139815.24766012)",DR LUIS ALBERTO SURRACO 2721,1
2026-06-21,C_104,42,S,75,,S,,62844,Matutino,2026-06-21 08:38:34,,180590,"POINT (  576788.565914458,   6139814.30491566)",DR LUIS ALBERTO SURRACO 2721,1
2026-06-21,C_104,43,S,75,,S,,62844,Matutino,2026-06-21 08:40:00,,180591,"POINT (  576661.407279917,   6139691.13724498)",DR LUIS ALBERTO SURRACO 2613,1
2026-06-21,C_104,44,S,75,,S,Requiere Limpieza,62844,Matutino,2026-06-21 08:40:05,,176238,"POINT (  576660.339922699,   6139690.20958880)",DR LUIS ALBERTO SURRACO 2613,1
2026-06-21,C_104,45,S,75,,S,,62844,Matutino,2026-06-21 08:42:25,,180592,"POINT (  576585.855071080,   6139613.32600000)",DR LUIS ALBERTO SURRACO 2559,1
2026-06-21,C_104,46,S,75,,S,,62844,Matutino,2026-06-21 08:42:29,,183489,"POINT (  576585.351340523,   6139612.96275469)",DR LUIS ALBERTO SURRACO 2559,1
2026-06-21,C_104,47,S,75,,S,,62844,Matutino,2026-06-21 08:45:02,,161433,"POINT (  576493.847135895,   6139490.18040969)",DR LUIS ALBERTO SURRACO 2493 EN 2493/2495,1
2026-06-21,C_104,48,S,75,,S,,62844,Matutino,2026-06-21 08:45:07,,180593,"POINT (  576480.232581118,   6139476.65431325)",DR LUIS ALBERTO SURRACO 2489 EN 2489 BIS,1
2026-06-21,C_104,49,S,75,,N,Requiere Limpieza,62844,Matutino,2026-06-21 08:48:44,,183490,"POINT (  576426.691209804,   6139391.31242789)",JOSE HERNANDEZ 2510,1
2026-06-21,C_104,50,S,75,,S,Requiere Limpieza,62844,Matutino,2026-06-21 08:48:39,,183491,"POINT (  576425.819750109,   6139392.18388758)",JOSE HERNANDEZ 2510,1
2026-06-21,C_104,51,S,75,,S,Requiere Limpieza,62844,Matutino,2026-06-21 08:48:50,,183838,"POINT (  576425.327219047,   6139393.11665714)",JOSE HERNANDEZ 2510,1
2026-06-21,C_104,52,S,75,,S,Requiere Limpieza,62844,Matutino,2026-06-21 08:53:58,,180298,"POINT (  576251.858635495,   6139406.58006200)",EMILIO RAÑA 2403 EN 2404,1
2026-06-21,C_104,53,S,75,,S,Requiere Limpieza,62844,Matutino,2026-06-21 08:54:03,,134289,"POINT (  576295.517861205,   6139449.23633233)",EMILIO RAÑA 2428 FTE 2423,1
2026-06-21,C_104,54,S,75,,S,,62844,Matutino,2026-06-21 10:46:02,,134284,"POINT (  576347.957163985,   6139501.11177164)",EMILIO RAÑA 2452 EN 2454. ARBOL/ARBOL,1
2026-06-21,C_104,55,S,75,,S,Requiere Limpieza,62844,Matutino,2026-06-21 10:45:56,,180276,"POINT (  576349.027313538,   6139501.94729568)",EMILIO RAÑA 2452 PROV A. EN 2454,1
2026-06-21,C_104,56,S,100,,S,,62844,Matutino,2026-06-21 10:47:34,,176512,"POINT (  576428.480959085,   6139575.54748561)",EMILIO RAÑA 2498 REJAS,1
2026-06-21,C_104,57,S,75,,S,Requiere Limpieza,62844,Matutino,2026-06-21 10:52:24,,179181,"POINT (  576493.162482571,   6139641.19755120)",EMILIO RAÑA 2540,1
2026-06-21,C_104,58,S,75,,S,Requiere Limpieza,62844,Matutino,2026-06-21 10:52:30,,181636,"POINT (  576497.152074699,   6139646.00050603)",EMILIO RAÑA 2540,1
2026-06-21,C_104,59,S,75,,S,Requiere Limpieza,62844,Matutino,2026-06-21 10:52:35,,179182,"POINT (  576538.641785403,   6139684.66160349)",EMILIO RAÑA 2566,1
2026-06-21,C_104,60,S,75,,S,Requiere Limpieza,62844,Matutino,2026-06-21 10:54:29,,159832,"POINT (  576556.417080083,   6139704.52784711)",EMILIO RAÑA 2578 EN 2578/2584,1
2026-06-21,C_104,61,S,75,,S,Requiere Limpieza,62844,Matutino,2026-06-21 10:54:17,,155819,"POINT (  576645.980050673,   6139793.58220342)",EMILIO RAÑA 2632 EN 2634,1
2026-06-21,C_104,62,S,75,,S,Requiere Limpieza,62844,Matutino,2026-06-21 10:56:51,,134285,"POINT (  576715.852855747,   6139863.11610248)",EMILIO RAÑA 2700 EN 2696. MURO,1
2026-06-21,C_104,63,S,75,,S,Requiere Limpieza,62844,Matutino,2026-06-21 10:56:46,,134293,"POINT (  576741.533866573,   6139892.62097484)",EMILIO RAÑA 2722,1
2026-06-21,C_104,64,S,100,,S,Requiere Limpieza,62844,Matutino,2026-06-21 10:59:10,,134291,"POINT (  576856.638625418,   6140034.92550674)",EMILIO RAÑA 2892 EN 2896/2894,1
2026-06-21,C_104,65,S,100,,S,Requiere Limpieza,62844,Matutino,2026-06-21 10:59:47,,134257,"POINT (  576912.790315777,   6140114.14040004)",EMILIO RAÑA 2934 EN 2934/2936,1
2026-06-21,C_104,66,S,75,,S,Requiere Limpieza,62844,Matutino,2026-06-21 10:59:56,,134256,"POINT (  576979.806438889,   6140211.51735931)",EMILIO RAÑA 2976 FTE 2959. MURO DE PIEDRA,1
2026-06-21,C_104,67,S,75,,S,Requiere Limpieza,62844,Matutino,2026-06-21 11:07:17,,173452,"POINT (  577029.381483811,   6140260.93844446)",EMILIO RAÑA 3001,1
2026-06-21,C_104,68,S,75,,S,Requiere Limpieza,62844,Matutino,2026-06-21 11:07:06,,183481,"POINT (  577160.600083857,   6139999.13862781)",PEDRO VIDAL 2595,1
2026-06-21,C_104,69,S,75,,S,Requiere Limpieza,62844,Matutino,2026-06-21 11:06:58,,183482,"POINT (  577159.366900000,   6140000.03548879)",PEDRO VIDAL 2595,1
2026-06-21,C_104,70,S,75,,S,,62844,Matutino,2026-06-21 11:09:16,,183484,"POINT (  577043.828481046,   6139920.39384445)",JUAN CABAL 2548,1
2026-06-21,C_104,71,,,,S,,62844,Matutino,,,183483,"POINT (  577009.732620480,   6139944.68578344)",JUAN CABAL 2532,1
2026-06-21,C_104,72,,,,S,,62844,Matutino,,,183485,"POINT (  576960.495147713,   6139853.40038039)",MARIANO MORENO 2593,1
2026-06-21,C_104,73,,,,S,,62844,Matutino,,,183870,"POINT (  576763.281663458,   6139716.72193693)",JAIME CIBILS 2510,1
2026-06-21,C_104,74,,,,S,,62844,Matutino,,,183487,"POINT (  576718.466808933,   6139611.62833203)",AZAMBUYA 2545 FTE 2548,1
2026-06-21,C_104,75,,,,S,,62844,Matutino,,,183488,"POINT (  576715.852429848,   6139614.24271111)",AZAMBUYA 2545,1
2026-06-21,C_104,76,,,,S,,62844,Matutino,,,180371,"POINT (  576248.833172810,   6139103.12244903)",BV GRAL ARTIGAS 2168,1
2026-06-21,C_104,77,,,,S,,62844,Matutino,,,177086,"POINT (  576248.766975997,   6139103.89230672)",BV GRAL ARTIGAS 2168,1
2026-06-21,C_104,78,,,,S,,62844,Matutino,,,180428,"POINT (  576240.525112418,   6139209.31744793)",BV GRAL ARTIGAS 2202 EN 2208,1
2026-06-21,C_104,79,,,,S,,62844,Matutino,,,180427,"POINT (  576240.416179956,   6139210.62463747)",BV GRAL ARTIGAS 2202 EN 2208,1
2026-06-21,C_104,80,,,,S,,62844,Matutino,,,137074,"POINT (  576234.004430912,   6139285.29910339)",BV GRAL ARTIGAS Esq. COQUIMBO,1
2026-06-21,C_104,81,,,,S,,62844,Matutino,,,137072,"POINT (  576233.654650951,   6139288.44712304)",BV GRAL ARTIGAS Esq. COQUIMBO,1
2026-06-21,C_104,82,,,,S,,62844,Matutino,,,137075,"POINT (  576232.780201049,   6139299.20285683)",BV GRAL ARTIGAS 2256 EN 2258,1
2026-06-21,C_104,83,,,,S,,62844,Matutino,,,137076,"POINT (  576232.605311068,   6139301.12664662)",BV GRAL ARTIGAS 2256 EN 2258,1
2026-06-21,C_104,84,,,,S,,62844,Matutino,,,137092,"POINT (  576232.485730655,   6139303.61661426)",BV GRAL ARTIGAS 2256 EN 2258,1
2026-06-21,C_104,85,,,,S,,62844,Matutino,,,134258,"POINT (  576214.178182230,   6139535.18481392)",BV GRAL ARTIGAS 2372 VEREDA. EN 2372.,1
2026-06-21,C_104,86,,,,S,,62844,Matutino,,,134297,"POINT (  576211.573888477,   6139562.39811375)",BV GRAL ARTIGAS 2388 VEREDA,1
2026-06-21,C_104,87,,,,S,,62844,Matutino,,,134210,"POINT (  576207.929147844,   6139617.15567942)",BV GRAL ARTIGAS 2412 VEREDA,1
2026-06-21,C_104,88,,,,S,,62844,Matutino,,,134209,"POINT (  576207.775188077,   6139620.08091499)",BV GRAL ARTIGAS 2412 VEREDA,1
2026-06-21,C_104,89,,,,S,,62844,Matutino,,,134269,"POINT (  576200.697132227,   6139708.08536999)",BV GRAL ARTIGAS 2440 VEREDA. PDO REBAJE,1
2026-06-21,C_104,90,,,,S,,62844,Matutino,,,134261,"POINT (  576191.352313477,   6139805.97617624)",BV GRAL ARTIGAS 2456,1
2026-06-21,C_104,91,,,,S,,62844,Matutino,,,134211,"POINT (  576189.360794727,   6139826.35094499)",BV GRAL ARTIGAS 2474,1
2026-06-21,C_104,92,,,,S,,62844,Matutino,,,134270,"POINT (  576183.278625825,   6139871.97190034)",BV GRAL ARTIGAS 2474,1
2026-06-21,C_104,93,,,,S,,62844,Matutino,,,182123,"POINT (  576274.443209784,   6140102.21703607)",QUIJOTE 2561 EN 2621,1
2026-06-21,C_104,94,,,,S,,62844,Matutino,,,134214,"POINT (  576274.842907227,   6140094.44000749)",QUIJOTE 2561 SALIDA VIVIENDAS,1
2026-06-21,C_104,95,,,,S,,62844,Matutino,,,134213,"POINT (  576276.068457227,   6140080.65256999)",QUIJOTE 2561 VEREDA. SALIDA VIVIENDAS,1
2026-06-21,C_104,96,,,,S,,62844,Matutino,,,134212,"POINT (  576283.268563477,   6139986.13202624)",QUIJOTE 2526,1
2026-06-21,C_104,97,,,,S,,62844,Matutino,,,134298,"POINT (  576291.387832227,   6139885.17734499)",QUIJOTE 2496 PDO REBAJE. ARBOL/ARBOL,1
2026-06-21,C_104,98,,,,S,,62844,Matutino,,,134219,"POINT (  576297.995611445,   6139815.91773841)",QUIJOTE 2480 PARADA/COLUMNA,1
2026-06-21,C_104,99,,,,S,,62844,Matutino,,,134266,"POINT (  576298.303530978,   6139811.45290517)",QUIJOTE 2480 PARADA/COLUMNA,1
2026-06-21,C_104,100,,,,S,,62844,Matutino,,,134300,"POINT (  576378.086151977,   6139723.74533231)",MARTIN FIERRO 2518 VEREDA,1
2026-06-21,C_104,101,,,,S,,62844,Matutino,,,176267,"POINT (  576440.963120668,   6139778.21576196)",MARTIN FIERRO Esq. CNEL LUCAS PIRIZ,1
2026-06-21,C_104,102,,,,S,,62844,Matutino,,,134299,"POINT (  576442.525342564,   6139779.50625355)",MARTIN FIERRO Esq. CNEL LUCAS PIRIZ VEREDA. ARBOL/CARTEL,1
2026-06-21,C_104,103,,,,S,,62844,Matutino,,,172112,"POINT (  576447.336585278,   6139783.54769743)",MARTIN FIERRO 2580,1
2026-06-21,C_104,104,,,,S,,62844,Matutino,,,182302,"POINT (  576563.865997386,   6139879.44895556)",MARTIN FIERRO 2640 EN 2638,1
2026-06-21,C_104,105,,,,S,,62844,Matutino,,,134239,"POINT (  576712.301344007,   6140032.46215047)",THOMPSON Esq. MARIANO MORENO PDO BT,1
2026-06-21,C_104,106,,,,S,,62844,Matutino,,,134202,"POINT (  576763.573594431,   6140108.04115979)",THOMPSON Esq. JUAN CABAL,1
2026-06-21,C_104,107,,,,S,,62844,Matutino,,,181905,"POINT (  576764.631977778,   6140109.56087168)",THOMPSON Esq. JUAN CABAL,1
2026-06-21,C_104,108,,,,S,,62844,Matutino,,,184111,"POINT (  576849.919493757,   6140215.55430022)",PEDRO VIDAL 2403,1
2026-06-21,C_104,109,,,,S,,62844,Matutino,,,184198,"POINT (  576848.212119512,   6140216.82204634)",PEDRO VIDAL 2403 JUNTO A POS 108,1
2026-06-21,C_104,110,,,,S,,62844,Matutino,,,134241,"POINT (  576888.097358685,   6140317.76539433)",JOSE CATALA 2388,1
2026-06-21,E_105,1,S,50,,S,"Basura Afuera, Poda",62846,Matutino,2026-06-21 07:00:27,,183906,"POINT (  580343.856408661,   6138860.67510525)",NANCY 4431,0
2026-06-21,E_105,2,S,75,,S,Basura Afuera,62846,Matutino,2026-06-21 07:00:32,,183907,"POINT (  580342.412839108,   6138859.23153570)",NANCY 4431,0
2026-06-21,E_105,3,S,75,,S,Basura Afuera,62846,Matutino,2026-06-21 07:04:22,,107504,"POINT (  580181.796137325,   6138733.95072367)",NANCY 4352 FTE 4354,0
2026-06-21,E_105,4,S,75,,S,Basura Afuera,62846,Matutino,2026-06-21 07:04:27,,150172,"POINT (  580177.455838096,   6138731.16053131)",NANCY 4352 FTE 4354,0
2026-06-21,E_105,5,S,75,,S,,62846,Matutino,2026-06-21 07:06:41,,107454,"POINT (  580273.806962200,   6138898.12479486)",CHAMIZO 4228,0
2026-06-21,E_105,6,S,75,,S,Basura Afuera,62846,Matutino,2026-06-21 07:08:56,,180243,"POINT (  580150.622622222,   6138940.20436275)",SAMUEL BLIXEN 4227 FTE. 4220,0
2026-06-21,E_105,7,S,75,,S,Basura Afuera,62846,Matutino,2026-06-21 07:10:56,,172352,"POINT (  580134.014143795,   6139024.72936433)",DR JOSE MA DELGADO 1876,0
2026-06-21,E_105,8,S,75,,S,Basura Afuera,62846,Matutino,2026-06-21 07:12:18,,181803,"POINT (  580140.418198368,   6139084.39970629)",DR JOSE MA DELGADO 1890,0
2026-06-21,E_105,9,S,50,,S,Basura Afuera,62846,Matutino,2026-06-21 07:14:29,,107410,"POINT (  580285.496969679,   6139061.99894847)",MATAOJO 1851 EN 1873,0
2026-06-21,E_105,10,S,50,,S,Basura Afuera,62846,Matutino,2026-06-21 07:16:54,,175736,"POINT (  580287.260261832,   6139020.00053537)",MATAOJO 1851 EN 1851,0
2026-06-21,E_105,11,S,75,,S,Basura Afuera,62846,Matutino,2026-06-21 07:20:35,,183984,"POINT (  580389.633771709,   6138787.05483949)",YACABU 1657,0
2026-06-21,E_105,12,S,75,,S,Basura Afuera,62846,Matutino,2026-06-21 07:20:40,,183985,"POINT (  580389.732003536,   6138785.48313026)",YACABU 1651,0
2026-06-21,E_105,13,S,50,,S,,62846,Matutino,2026-06-21 07:22:12,,107447,"POINT (  580410.382765060,   6138610.22717783)",YACABU 1601,0
2026-06-21,E_105,14,S,100,,N,,62846,Matutino,2026-06-21 07:24:25,,107408,"POINT (  580448.200745628,   6138548.72063262)",AMBROSIO VELAZCO 1571,0
2026-06-21,E_105,15,S,75,,S,,62846,Matutino,2026-06-21 07:28:13,,107446,"POINT (  580476.376170620,   6138494.03216377)",AMBROSIO VELAZCO 1521,0
2026-06-21,E_105,16,S,75,,S,Basura Afuera,62846,Matutino,2026-06-21 07:28:18,,163832,"POINT (  580500.057564859,   6138447.09088489)",AMBROSIO VELAZCO 1503 EN 1505,0
2026-06-21,E_105,17,S,75,,S,,62846,Matutino,2026-06-21 07:30:22,,107473,"POINT (  580551.856032500,   6138347.45775512)",AMBROSIO VELAZCO 1457 VEREDA,0
2026-06-21,E_105,18,N,,Buzonera Girada,S,,62846,Matutino,2026-06-21 07:31:45,,107444,"POINT (  580638.398763190,   6138248.29472348)",VERDI 4408 VEREDA,0
2026-06-21,E_105,19,S,75,,S,,62846,Matutino,2026-06-21 07:35:24,,107443,"POINT (  580784.909397235,   6138286.87174788)",9 DE JUNIO 4493,0
2026-06-21,E_105,20,S,75,,S,,62846,Matutino,2026-06-21 08:05:27,,181957,"POINT (  580767.512738908,   6138171.12141946)",VELSEN 4416,0
2026-06-21,E_105,21,S,75,,S,,62846,Matutino,2026-06-21 08:05:33,,107406,"POINT (  580848.067316176,   6138157.34992426)",VELSEN 4444 FTE 4446,0
2026-06-21,E_105,22,S,75,,S,,62846,Matutino,2026-06-21 08:05:37,,107442,"POINT (  580936.552522406,   6138183.63900727)",VELSEN 4462,0
2026-06-21,E_105,23,S,75,,S,Basura Afuera,62846,Matutino,2026-06-21 08:06:31,,166252,"POINT (  581000.832536353,   6138229.88535147)",VELSEN 4498,0
2026-06-21,E_105,24,S,75,,S,,62846,Matutino,2026-06-21 08:07:37,,107441,"POINT (  581004.439270302,   6138232.45014006)",VELSEN 4498,0
2026-06-21,E_105,25,S,75,,S,,62846,Matutino,2026-06-21 08:07:42,,107461,"POINT (  581072.190820470,   6138278.84002798)",VELSEN 4512 VEREDA,0
2026-06-21,E_105,26,S,75,,S,Basura Afuera,62846,Matutino,2026-06-21 08:11:51,,169752,"POINT (  581227.736176605,   6138392.18837920)",VELSEN 4586,0
2026-06-21,E_105,27,S,75,,S,,62846,Matutino,2026-06-21 08:11:58,,107459,"POINT (  581229.659768045,   6138393.47077350)",VELSEN 4586,0
2026-06-21,E_105,28,S,100,,S,Basura Afuera,62846,Matutino,2026-06-21 08:15:58,,107489,"POINT (  581442.296771786,   6138292.24177398)",ALMERIA 4654 VEREDA,0
2026-06-21,E_105,29,S,100,,S,,62846,Matutino,2026-06-21 08:24:44,,107488,"POINT (  581392.924591497,   6138154.38438746)",RBLA REPUBLICA DE CHILE 4609 VEREDA,0
2026-06-21,E_105,30,S,75,,S,,62846,Matutino,2026-06-21 08:24:49,,107430,"POINT (  581383.306634298,   6138151.33870101)",RBLA REPUBLICA DE CHILE 4609 EN 4605 VEREDA,0
2026-06-21,E_105,31,S,75,,S,,62846,Matutino,2026-06-21 08:24:53,,107487,"POINT (  581379.780049992,   6138151.01810244)",RBLA REPUBLICA DE CHILE 4609 EN 4605 VEREDA,0
2026-06-21,E_105,32,S,75,,S,,62846,Matutino,2026-06-21 08:27:24,,181667,"POINT (  581250.014908061,   6138133.56825447)",RBLA REPUBLICA DE CHILE 4571,0
2026-06-21,E_105,33,S,50,,S,,62846,Matutino,2026-06-21 08:27:31,,107397,"POINT (  581248.174335652,   6138133.22488162)",RBLA REPUBLICA DE CHILE 4571,0
2026-06-21,E_105,34,S,75,,S,,62846,Matutino,2026-06-21 08:31:52,,107439,"POINT (  581076.173201077,   6138071.50965626)",RBLA REPUBLICA DE CHILE 4525 EN 4521,0
2026-06-21,E_105,35,S,50,,S,,62846,Matutino,2026-06-21 08:31:57,,107404,"POINT (  581072.806916058,   6138069.90666340)",RBLA REPUBLICA DE CHILE 4519 EN 4521,0
2026-06-21,E_105,36,S,75,,S,,62846,Matutino,2026-06-21 08:35:54,,109012,"POINT (  580994.580864173,   6138031.75543317)",RBLA REPUBLICA DE CHILE 4511 ELN 4511,0
2026-06-21,E_105,37,S,75,,S,,62846,Matutino,2026-06-21 08:35:58,,109013,"POINT (  580981.756921241,   6138026.46555671)",RBLA REPUBLICA DE CHILE 4509,0
2026-06-21,E_105,38,S,75,,S,,62846,Matutino,2026-06-21 07:40:45,,182262,"POINT (  580664.759726144,   6138066.77834750)",9 DE JUNIO 4377,0
2026-06-21,E_105,39,S,75,,N,,62846,Matutino,2026-06-21 07:40:49,,182253,"POINT (  580653.067517975,   6138043.90401763)",9 DE JUNIO 4351,0
2026-06-21,E_105,40,S,75,,S,,62846,Matutino,2026-06-21 07:40:53,,182254,"POINT (  580651.929861547,   6138041.40117349)",9 DE JUNIO 4351,0
2026-06-21,E_105,41,S,75,,S,Basura Afuera,62846,Matutino,2026-06-21 07:43:32,,107437,"POINT (  580619.039710375,   6138124.44849568)",MAHOMA 4372 4472/4488,0
2026-06-21,E_105,42,S,75,,S,,62846,Matutino,2026-06-21 07:45:07,,177498,"POINT (  580655.533750283,   6138178.12506271)",AMBROSIO VELAZCO 1372 EN 1370,0
2026-06-21,E_105,43,S,50,,S,,62846,Matutino,2026-06-21 07:47:28,,107501,"POINT (  580584.415064459,   6138313.20090571)",AMBROSIO VELAZCO 1436 EN 1440,0
2026-06-21,E_105,44,S,75,,S,Basura Afuera,62846,Matutino,2026-06-21 07:49:40,,107500,"POINT (  580780.060343814,   6138426.53250137)",AV COLOMBES 1441 ANTES. ESQ,0
2026-06-21,E_105,45,S,75,,S,Basura Afuera,62846,Matutino,2026-06-21 07:55:36,,177418,"POINT (  580908.530132882,   6138312.39403479)",AMSTERDAM 1487,0
2026-06-21,E_105,46,S,50,,S,,62846,Matutino,2026-06-21 08:44:49,,107405,"POINT (  581036.258678697,   6138231.16774577)",AMSTERDAM 1447,0
2026-06-21,E_105,47,S,75,,S,,62846,Matutino,2026-06-21 08:44:54,,107440,"POINT (  581140.453215017,   6138143.88478419)",AMSTERDAM 1409 UTE,0
2026-06-21,E_105,48,S,75,,S,,62846,Matutino,2026-06-21 08:41:02,,107499,"POINT (  580931.823693444,   6138025.42361135)",AV COLOMBES Esq. RBLA REPUBLICA DE CHILE,0
2026-06-21,E_105,49,S,75,,S,,62846,Matutino,2026-06-21 08:40:58,,107498,"POINT (  580930.701598437,   6138029.43109352)",AV COLOMBES 1304,0
2026-06-21,E_105,50,S,75,,S,Basura Afuera,62846,Matutino,2026-06-21 08:41:08,,181712,"POINT (  580930.044098039,   6138032.58781046)",AV COLOMBES 1304,0
2026-06-21,E_105,51,S,50,,S,,62846,Matutino,2026-06-21 08:44:23,,107497,"POINT (  580879.245527423,   6138217.18163301)",AV COLOMBES 1362,0
2026-06-21,E_105,52,S,50,,S,,62846,Matutino,2026-06-21 08:44:30,,107496,"POINT (  580862.414102325,   6138281.34142249)",AV COLOMBES 1386,0
2026-06-21,E_105,53,S,100,,S,Basura Afuera,62846,Matutino,2026-06-21 08:56:47,,107392,"POINT (  580918.518852652,   6138394.51271886)",VERDI 4528,0
2026-06-21,E_105,54,S,75,,S,,62846,Matutino,2026-06-21 08:59:20,,107505,"POINT (  581062.184147619,   6138469.06857143)",VERDI 4560 FTE 4567,0
2026-06-21,E_105,55,S,75,,S,,62846,Matutino,2026-06-21 09:01:25,,107494,"POINT (  581118.251763817,   6138529.16411965)",ATLANTICO 1514 EN 1510,0
2026-06-21,E_105,56,S,50,,S,Basura Afuera,62846,Matutino,2026-06-21 09:02:46,,107472,"POINT (  581127.068224583,   6138604.50478437)",ATLANTICO Esq. AV GRAL RIVERA,0
2026-06-21,E_105,57,S,75,,S,Basura Afuera,62846,Matutino,2026-06-21 10:52:19,,107493,"POINT (  581252.021518526,   6138740.27828017)",CANDELARIA 1643 VEREDA,0
2026-06-21,E_105,58,S,100,,S,Basura Afuera,62846,Matutino,2026-06-21 10:52:26,,183276,"POINT (  581253.103471791,   6138738.98448660)",CANDELARIA 1643 PROV OV. (ASAMBLEA 4616),0
2026-06-21,E_105,59,S,75,,S,Basura Afuera,62846,Matutino,2026-06-21 10:55:26,,107471,"POINT (  581301.073100241,   6138663.65522115)",CANDELARIA 1613 VEREDA,0
2026-06-21,E_105,60,S,75,,S,Basura Afuera,62846,Matutino,2026-06-21 10:55:30,,107492,"POINT (  581319.099193950,   6138619.17860589)",CANDELARIA 1598,0
2026-06-21,E_105,61,S,100,,S,,62846,Matutino,2026-06-21 10:57:14,,107434,"POINT (  581302.435644178,   6138490.53199157)",VERDI 4648,0
2026-06-21,E_105,62,S,100,,S,Basura Afuera,62846,Matutino,2026-06-21 08:14:35,,167052,"POINT (  581348.521689089,   6138355.47984256)",YACO 1461,0
2026-06-21,E_105,63,S,100,,S,Basura Afuera,62846,Matutino,2026-06-21 11:01:11,,182198,"POINT (  581336.963804209,   6138226.28130683)",YACO 1427,0
2026-06-21,E_105,64,S,100,,S,Basura Afuera,62846,Matutino,2026-06-21 11:01:16,,107431,"POINT (  581333.774154718,   6138187.96708801)",YACO 1405,0
2026-06-21,E_105,65,S,75,,S,Basura Afuera,62846,Matutino,2026-06-21 11:05:08,,169592,"POINT (  581174.436663788,   6138299.13464330)",SANTIAGO DE ANCA 1438 EN 1440,0
2026-06-21,E_105,66,S,100,,S,Basura Afuera,62846,Matutino,2026-06-21 11:05:12,,107491,"POINT (  581171.150528412,   6138301.77958153)",SANTIAGO DE ANCA 1438 EN 1440,0
2026-06-21,E_105,67,S,50,,S,Basura Afuera,62846,Matutino,2026-06-21 11:07:55,,107429,"POINT (  581105.427820885,   6138360.76971902)",SANTIAGO DE ANCA 1460 EN 1464,0
2026-06-21,E_105,68,S,50,,S,,62846,Matutino,2026-06-21 11:08:00,,177417,"POINT (  581061.806990333,   6138401.56098427)",SANTIAGO DE ANCA 1480,0
2026-06-21,E_105,69,S,75,,S,Basura Afuera,62846,Matutino,2026-06-21 11:09:34,,107486,"POINT (  580967.730733653,   6138523.23304604)",SANTIAGO DE ANCA 1546 VEREDA,0
2026-06-21,E_105,70,S,50,,S,Basura Afuera,62846,Matutino,2026-06-21 11:11:07,,107485,"POINT (  580946.410928529,   6138566.99475129)",SANTIAGO DE ANCA 1562 EN 1552,0
2026-06-21,E_105,71,S,75,,S,Basura Afuera,62846,Matutino,2026-06-21 11:12:26,,107427,"POINT (  580940.579701000,   6138677.58982235)",SANTIAGO DE ANCA 1602 FTE 1609,0
2026-06-21,E_105,72,S,75,,S,Basura Afuera,62846,Matutino,2026-06-21 11:14:15,,107426,"POINT (  580985.967901810,   6138768.06610255)",SANTIAGO DE ANCA 1648,0
2026-06-21,E_105,73,S,75,,S,,62846,Matutino,2026-06-21 11:15:28,,107484,"POINT (  581004.724247880,   6138808.25827270)",SANTIAGO DE ANCA 1652,0
2026-06-21,E_105,74,S,50,,S,,62846,Matutino,2026-06-21 11:17:06,,107483,"POINT (  581016.942614655,   6138898.17307751)",SANTIAGO DE ANCA 1682,0
2026-06-21,E_105,75,S,75,,S,Basura Afuera,62846,Matutino,2026-06-21 11:21:43,,107482,"POINT (  581087.474300780,   6139057.83116701)",ATLANTICO 1732 EN 1740,0
2026-06-21,E_105,76,S,50,,S,,62846,Matutino,2026-06-21 11:37:20,,107425,"POINT (  581139.250970368,   6139063.92253990)",AV ESTANISLAO LOPEZ Esq. AV ITALIA,0
2026-06-21,E_105,77,S,50,,S,Basura Afuera,62846,Matutino,2026-06-21 11:39:31,,177398,"POINT (  581215.072532953,   6139032.34358043)",AV ESTANISLAO LOPEZ 4440 EN 4532,0
2026-06-21,E_105,78,S,50,,S,Basura Afuera,62846,Matutino,2026-06-21 10:49:28,,182202,"POINT (  581242.760102503,   6138903.39607258)",CANDELARIA 1721 1721 EN CALLE,0
2026-06-21,E_105,79,S,50,,S,,62846,Matutino,2026-06-21 10:49:34,,182203,"POINT (  581245.376712287,   6138835.47798385)",CANDELARIA 1675,0
2026-06-21,E_105,80,,,,S,,62846,Matutino,,,107479,"POINT (  581383.736412370,   6138826.88064487)",HIPOLITO YRIGOYEN 1680 EN 1686,0
2026-06-21,E_105,81,,,,S,,62846,Matutino,,,179251,"POINT (  581361.415240143,   6138936.79029534)",HIPOLITO YRIGOYEN 1728 EN 1844,0
2026-06-21,E_105,82,,,,S,,62846,Matutino,,,179250,"POINT (  581360.877605735,   6138939.12004445)",HIPOLITO YRIGOYEN 1742 EN 1844,0
2026-06-21,E_105,83,,,,S,,62846,Matutino,,,176130,"POINT (  580887.741389615,   6138931.51532913)",FRANCISCO DE CALDAS 1709,0
2026-06-21,E_105,84,,,,S,,62846,Matutino,,,177399,"POINT (  580724.396416519,   6138947.70555707)",SAMUEL BLIXEN 4651,0
2026-06-21,E_105,85,,,,S,,62846,Matutino,,,177400,"POINT (  580665.686802782,   6138950.51079459)",SAMUEL BLIXEN 4460 FTE 4480,0
2026-06-21,E_105,86,,,,S,,62846,Matutino,,,107419,"POINT (  580412.413929876,   6139061.91879881)",MARISCALA 1888,0
2026-06-21,E_105,87,,,,S,,62846,Matutino,,,177401,"POINT (  580703.036536571,   6139052.46114089)",SANTANA 1745 VEREDA,0
2026-06-21,E_105,88,,,,S,,62846,Matutino,,,179029,"POINT (  580698.512287006,   6139029.20391130)",SANTANA 1735,0
2026-06-21,E_105,89,,,,S,,62846,Matutino,,,138054,"POINT (  580553.156703554,   6138914.52360473)",AV COLOMBES 1733 EN 1737,0
2026-06-21,E_105,90,,,,S,,62846,Matutino,,,138052,"POINT (  580554.519247490,   6138912.03896578)",AV COLOMBES 1733 EN 1737,0
2026-06-21,E_105,91,,,,S,,62846,Matutino,,,167792,"POINT (  580597.479456312,   6138829.80543173)",AV COLOMBES 1691 EN 1693,0
2026-06-21,E_105,92,,,,S,,62846,Matutino,,,107398,"POINT (  580621.444199666,   6138783.39878825)",AV COLOMBES 1653,0
2026-06-21,E_105,93,,,,S,,62846,Matutino,,,177402,"POINT (  580622.245696099,   6138781.79579538)",AV COLOMBES 1653,0
2026-06-21,E_105,94,,,,S,,62846,Matutino,,,107416,"POINT (  580693.418579371,   6138647.46499317)",AV COLOMBES 1605,0
2026-06-21,E_105,95,,,,S,,62846,Matutino,,,107422,"POINT (  580864.904678281,   6138862.17698214)",DALMIRO COSTA 4591,0
2026-06-21,E_105,96,,,,S,,62846,Matutino,,,107421,"POINT (  580701.593842990,   6138788.04746756)",DALMIRO COSTA 4503,0
2026-06-21,E_105,97,,,,S,,62846,Matutino,,,107463,"POINT (  580668.732489226,   6138608.75271543)",PEREZ GOMAR 4495 FTE 4498,0
2026-06-21,E_105,98,,,,S,,62846,Matutino,,,107474,"POINT (  580551.313261756,   6138649.06798602)",PEREZ GOMAR 4459 FTE 4466,0
2026-06-21,E_105,99,,,,S,,62846,Matutino,,,183999,"POINT (  580517.531194118,   6138528.35778235)",RAMOS 4416,0
2026-06-21,E_105,100,,,,S,,62846,Matutino,,,107415,"POINT (  580697.025313320,   6138568.59774412)",AV COLOMBES 1541,0
2026-06-21,E_105,101,,,,S,,62846,Matutino,,,107400,"POINT (  580742.790759659,   6138497.34471121)",AV COLOMBES 1489,0
2026-06-21,E_105,102,,,,S,,62846,Matutino,,,177314,"POINT (  580591.067484845,   6138454.62495132)",ASAMBLEA 4434,0
2026-06-21,E_105,103,,,,S,,62846,Matutino,,,177313,"POINT (  580671.778175673,   6138495.74171834)",ASAMBLEA 4474,0
2026-06-21,E_105,104,,,,S,,62846,Matutino,,,180760,"POINT (  580831.879779096,   6138579.44250395)",ASAMBLEA 4530 VEREDA,0
2026-06-21,E_105,105,,,,S,,62846,Matutino,,,107413,"POINT (  580999.269618298,   6138667.58255364)",ASAMBLEA 4576,0
2026-06-21,E_105,106,,,,S,,62846,Matutino,,,177416,"POINT (  581117.849742655,   6138652.66425331)",ATLANTICO 1559,0
2026-06-21,E_105,107,,,,S,,62846,Matutino,,,177403,"POINT (  581520.162150265,   6138246.63662689)",HIPOLITO YRIGOYEN 1420 FTE 1425,0
2026-06-21,E_105,108,,,,S,,62846,Matutino,,,177404,"POINT (  581520.242299909,   6138249.04111619)",HIPOLITO YRIGOYEN 1420 FTE 1425,0
2026-06-21,E_105,109,,,,S,,62846,Matutino,,,173592,"POINT (  581499.104431200,   6138383.16343606)",HIPOLITO YRIGOYEN 1486,0
2026-06-21,E_105,110,,,,S,,62846,Matutino,,,107468,"POINT (  581465.740542448,   6138509.92820521)",HIPOLITO YRIGOYEN 1550 FTE 1539. CERCO VEGETAL,0
2026-06-21,E_105,111,S,75,,S,,62846,Matutino,2026-06-21 11:25:43,,107467,"POINT (  581443.338845300,   6138595.46202377)",HIPOLITO YRIGOYEN 1566,0
2026-06-21,E_105,112,S,75,,S,Basura Afuera,62846,Matutino,2026-06-21 11:28:06,,133632,"POINT (  581421.818537905,   6138683.21173407)",HIPOLITO YRIGOYEN 1602 EN 1604,0
2026-06-21,E_105,113,S,50,,S,,62846,Matutino,2026-06-21 11:28:10,,173812,"POINT (  581412.891011483,   6138714.72939852)",HIPOLITO YRIGOYEN 1618 EN 1622,0
2026-06-21,E_105,114,S,75,,S,Basura Afuera,62846,Matutino,2026-06-21 11:29:58,,107455,"POINT (  581363.877813400,   6138797.88080293)",ASAMBLEA 4693 EN 4697,0
2026-06-21,E_105,115,S,50,,S,Basura Afuera,62846,Matutino,2026-06-21 11:32:17,,107395,"POINT (  581100.017719956,   6138815.37849591)",ATLANTICO 1630,0
2026-06-21,E_105,116,S,75,,S,,62846,Matutino,2026-06-21 11:18:48,,182201,"POINT (  581111.815847668,   6138922.96376314)",RUBENS 4488 RUBENS 4488 CALLE,0
2026-06-21,A_114,1,S,50,,S,Basura Afuera,62847,Matutino,2026-06-21 09:08:49,14,181742,"POINT (  567003.448030375,   6141380.09748771)",SAMUEL LAFONE 2357,0
2026-06-21,A_114,2,S,50,,S,,62847,Matutino,2026-06-21 09:08:53,14,181773,"POINT (  567188.282940741,   6141410.91353878)",SAMUEL LAFONE 2251,0
2026-06-21,A_114,3,S,50,,S,,62847,Matutino,2026-06-21 09:08:56,14,181743,"POINT (  567392.412763026,   6141442.72547406)",SAMUEL LAFONE 2127,0
2026-06-21,A_114,4,S,100,,S,,62847,Matutino,2026-06-21 09:09:00,14,181744,"POINT (  567537.122660636,   6141465.42171979)",SAMUEL LAFONE 2058,0
2026-06-21,A_114,5,S,50,,S,Basura Afuera,62847,Matutino,2026-06-21 09:09:05,14,104406,"POINT (  567627.076710207,   6141480.11254594)",SAMUEL LAFONE 2001,0
2026-06-21,A_114,6,S,75,,S,Basura Afuera,62847,Matutino,2026-06-21 09:10:14,14,104394,"POINT (  567809.304579686,   6141510.13372340)",SAMUEL LAFONE 1939,0
2026-06-21,A_114,7,N,,Contenedor No Está,S,,62847,Matutino,2026-06-21 09:15:47,,104395,"POINT (  568251.964469398,   6141485.50009359)",AV DR SANTIN CARLOS ROSSI Esq. PSJE MARTORI,0
2026-06-21,A_114,8,S,75,,S,Basura Afuera,62847,Matutino,2026-06-21 09:16:03,14,155592,"POINT (  568105.382512655,   6141404.17861967)",PERNAMBUCO 1811,0
2026-06-21,A_114,9,S,50,,S,Basura Afuera,62847,Matutino,2026-06-21 09:16:07,14,143533,"POINT (  567963.002165398,   6141381.47637487)",PERNAMBUCO 1876 EN 1876,0
2026-06-21,A_114,10,S,50,,S,Basura Afuera,62847,Matutino,2026-06-21 09:16:11,14,182246,"POINT (  567852.634591525,   6141365.29243673)",PERNAMBUCO 1950,0
2026-06-21,A_114,11,S,50,,S,Fuera de Lugar,62847,Matutino,2026-06-21 09:16:21,14,182244,"POINT (  567643.055485311,   6141331.80844181)",PERNAMBUCO Esq. PSJE C ESQ PSJE C,0
2026-06-21,A_114,12,S,75,,S,Basura Afuera,62847,Matutino,2026-06-21 09:18:01,14,143293,"POINT (  567567.237658980,   6141318.52000047)",PERNAMBUCO 2084,0
2026-06-21,A_114,13,S,100,,S,"Basura Afuera, Poda",62847,Matutino,2026-06-21 09:20:47,14,143272,"POINT (  567481.104664518,   6141304.89865359)",PERNAMBUCO 2032,0
2026-06-21,A_114,14,S,75,,S,Basura Afuera,62847,Matutino,2026-06-21 09:20:53,14,104373,"POINT (  567366.915761553,   6141287.68560828)",PERNAMBUCO 2198,0
2026-06-21,A_114,15,N,,Fuego,S,Basura Afuera,62847,Matutino,2026-06-21 09:22:26,,104374,"POINT (  567249.507883579,   6141269.32050875)",PERNAMBUCO 2256,0
2026-06-21,A_114,16,S,50,,S,Basura Afuera,62847,Matutino,2026-06-21 09:22:32,14,133692,"POINT (  567205.729823451,   6141262.54371926)",PERNAMBUCO 2222 En 2270. ,0
2026-06-21,A_114,17,S,100,,S,Basura Afuera,62847,Matutino,2026-06-21 09:25:01,14,176369,"POINT (  567049.586240279,   6141237.64325337)",PERNAMBUCO 2341 FTE AL 2377,0
2026-06-21,A_114,18,S,50,,S,Basura Afuera,62847,Matutino,2026-06-21 09:27:27,14,181762,"POINT (  567035.595242317,   6141098.27069952)",CNO LA PALOMA 2357 EN 2358,0
2026-06-21,A_114,19,S,50,,S,Basura Afuera,62847,Matutino,2026-06-21 09:27:31,14,181763,"POINT (  567040.205171395,   6141098.38890283)",CNO LA PALOMA 2357 en 2358,0
2026-06-21,A_114,20,N,,Contenedor No Está,N,,62847,Matutino,2026-06-21 09:27:36,,152972,"POINT (  567290.202504487,   6141138.93507890)",CNO LA PALOMA 2201 fte 2208,0
2026-06-21,A_114,21,S,50,,S,Basura Afuera,62847,Matutino,2026-06-21 09:56:20,14,104393,"POINT (  567320.562521418,   6141116.97828094)",CNO DE LAS TROPAS 4527,0
2026-06-21,A_114,22,S,25,,S,Basura Afuera,62847,Matutino,2026-06-21 09:56:24,14,152973,"POINT (  567319.139395624,   6141113.25104672)",CNO DE LAS TROPAS 4527,0
2026-06-21,A_114,23,S,50,,S,Basura Afuera,62847,Matutino,2026-06-21 10:49:03,14,104392,"POINT (  567264.545314370,   6141024.09578113)",CNO DE LAS TROPAS 4493,0
2026-06-21,A_114,24,S,50,,S,Basura Afuera,62847,Matutino,2026-06-21 10:49:06,14,183391,"POINT (  567198.099403704,   6140911.96367168)",CNO DE LAS TROPAS 4455,0
2026-06-21,A_114,25,S,75,,S,Basura Afuera,62847,Matutino,2026-06-21 10:49:09,14,113332,"POINT (  567161.675064414,   6140855.53586876)","CNO DE LAS TROPAS 4419 Provisior  4419, origen en Cno de las Tropas FTe 4384. Repuesto 12/05",0
2026-06-21,A_114,26,S,75,,S,Basura Afuera,62847,Matutino,2026-06-21 11:00:59,14,166872,"POINT (  567048.948798520,   6140869.15108916)",JOSE FERNANDEZ CUTIELLO 4417,0
2026-06-21,A_114,27,S,75,,S,Basura Afuera,62847,Matutino,2026-06-21 11:01:04,14,166873,"POINT (  567124.577769267,   6141015.25867064)",JOSE FERNANDEZ CUTIELLO Esq. ORFILIA RICO,0
2026-06-21,A_114,28,N,,Contenedor No Está,N,,62847,Matutino,2026-06-21 11:01:08,,104425,"POINT (  567155.974215840,   6141026.20917016)",ORFILIA RICO 2308,0
2026-06-21,A_114,29,S,75,,S,Basura Afuera,62847,Matutino,2026-06-21 11:01:16,14,135034,"POINT (  567061.233953533,   6140666.77209520)",CNO DE LAS TROPAS 4384 vivtor contants 2313,0
2026-06-21,A_114,30,N,,"Contenedor Roto (choque, desfonde, etc.)",S,Basura Afuera,62847,Matutino,2026-06-21 11:01:39,,180691,"POINT (  567059.504552962,   6140660.97102399)",CNO DE LAS TROPAS 4376,0
2026-06-21,A_114,31,S,75,,S,Basura Afuera,62847,Matutino,2026-06-21 11:01:43,14,184193,"POINT (  567057.860295122,   6140658.09132439)",CNO DE LAS TROPAS 4376 JUNTO A POS 29 Y 30 (QUEDAN 4 EN EL LUGAR),0
2026-06-21,A_114,32,S,75,,S,Fuera de Lugar,62847,Matutino,2026-06-21 11:01:55,14,140852,"POINT (  567209.073893722,   6140573.36385059)",CNO DE LAS TROPAS 4376 JUNTO A POS 29 Y 30 (QUEDAN 4 EN EL LUGAR),0
2026-06-21,A_114,33,N,,Contenedor No Está,S,,62847,Matutino,2026-06-21 11:02:52,,183693,"POINT (  567221.289386576,   6140489.52682071)",GIBRALTAR Esq. AV CARLOS MARIA RAMIREZ,0
2026-06-21,A_114,34,S,75,,N,Basura Afuera,62847,Matutino,2026-06-21 07:03:23,14,104379,"POINT (  567514.039582110,   6140621.40551959)",FILIPINAS Esq. AV ING FEDERICO E CAPURRO,0
2026-06-21,A_114,35,N,,Contenedor No Está,S,,62847,Matutino,2026-06-21 07:03:19,,104376,"POINT (  567501.048621850,   6140720.89853824)",FILIPINAS 4395,0
2026-06-21,A_114,36,S,75,,S,Basura Afuera,62847,Matutino,2026-06-21 07:03:35,14,145272,"POINT (  567599.162357224,   6140756.20614596)",HAITI 2088,0
2026-06-21,A_114,37,S,75,,S,"Basura Afuera, Fuera de Lugar",62847,Matutino,2026-06-21 07:18:05,14,182097,"POINT (  567690.268926941,   6140768.47870174)",PUERTO RICO Esq. HAITI EN 4379,0
2026-06-21,A_114,38,N,,Contenedor No Está,N,,62847,Matutino,2026-06-21 07:02:22,,166432,"POINT (  567706.094253543,   6140660.21274410)",PUERTO RICO Esq. DR PEDRO CASTELLINO Vuelve a lugar,0
2026-06-21,A_114,39,S,100,,S,Basura Afuera,62847,Matutino,2026-06-21 07:02:30,14,104352,"POINT (  567757.530809450,   6140658.87017461)",DR PEDRO CASTELLINO 2033,0
2026-06-21,A_114,40,S,100,,S,Basura Afuera,62847,Matutino,2026-06-21 07:02:34,14,104436,"POINT (  567886.810770250,   6140680.03357523)",DR PEDRO CASTELLINO 1961,0
2026-06-21,A_114,41,N,,Contenedor No Está,S,,62847,Matutino,2026-06-21 07:02:58,,104366,"POINT (  567992.939413330,   6140697.18209424)",DR PEDRO CASTELLINO Esq. RIO DE JANEIRO muro,0
2026-06-21,A_114,42,N,,Fuego,S,,62847,Matutino,2026-06-21 07:02:46,,104368,"POINT (  568075.307020090,   6140709.12530988)",DR PEDRO CASTELLINO 1879,0
2026-06-21,A_114,43,S,75,,S,Basura Afuera,62847,Matutino,2026-06-21 07:03:05,14,164492,"POINT (  568205.624898372,   6140727.86297293)",DR PEDRO CASTELLINO 1807 Prov desde Haiti y Cuzco ,0
2026-06-21,A_114,44,S,75,,S,,62847,Matutino,2026-06-21 07:05:03,14,104369,"POINT (  568278.080872700,   6140739.90045444)",DR PEDRO CASTELLINO 1767,0
2026-06-21,A_114,45,S,75,,S,,62847,Matutino,2026-06-21 07:06:35,14,104358,"POINT (  568170.812415213,   6140842.11169908)",HAITI 1817 1834,0
2026-06-21,A_114,46,S,25,,S,,62847,Matutino,2026-06-21 07:07:31,14,180090,"POINT (  568087.195476471,   6140833.10428715)",BOGOTA Esq. HAITI,0
2026-06-21,A_114,47,S,50,,S,Basura Afuera,62847,Matutino,2026-06-21 07:11:34,14,150392,"POINT (  568012.574380541,   6140820.35820481)",HAITI 1891 PROVISORIO POR CALLE CERRADA,0
2026-06-21,A_114,48,S,50,,S,Basura Afuera,62847,Matutino,2026-06-21 07:11:38,14,150393,"POINT (  568008.101699475,   6140819.68052586)",HAITI 1895 PROVISORIO POR CALLE CERRADA,0
2026-06-21,A_114,49,S,50,,S,Basura Afuera,62847,Matutino,2026-06-21 07:11:43,14,104361,"POINT (  567967.576498304,   6140815.20784479)",HAITI Esq. PSJE 45,0
2026-06-21,A_114,50,S,75,,S,Basura Afuera,62847,Matutino,2026-06-21 07:17:50,14,104362,"POINT (  567904.145748645,   6140805.31373213)",HAITI Esq. VIZCAYA,0
2026-06-21,A_114,51,S,50,,S,,62847,Matutino,2026-06-21 07:17:54,14,104363,"POINT (  567839.495176878,   6140792.97997525)",HAITI 1975,0
2026-06-21,A_114,52,S,100,,S,Basura Afuera,62847,Matutino,2026-06-21 07:17:59,14,104364,"POINT (  567744.213516600,   6140780.51068258)",PSJE 59 Esq. HAITI,0
2026-06-21,A_114,53,S,75,,S,,62847,Matutino,2026-06-21 07:18:10,14,104410,"POINT (  567687.695092225,   6140804.22944581)",PUERTO RICO 4425 4408,0
2026-06-21,A_114,54,S,100,,S,Basura Afuera,62847,Matutino,2026-06-21 07:20:02,14,179123,"POINT (  567676.177292655,   6140935.02688757)",PUERTO RICO Esq. PORTO ALEGRE,0
2026-06-21,A_114,55,S,100,,S,Basura Afuera,62847,Matutino,2026-06-21 07:20:06,14,112872,"POINT (  567675.490876253,   6140937.19404423)",PUERTO RICO Esq. PORTO ALEGRE,0
2026-06-21,A_114,56,S,75,,S,Basura Afuera,62847,Matutino,2026-06-21 07:27:52,14,147232,"POINT (  567732.449366222,   6140953.99811600)",PORTO ALEGRE 1936 se agrega de apoyo al 43,0
2026-06-21,A_114,57,S,50,,S,Basura Afuera,62847,Matutino,2026-06-21 07:27:58,14,104353,"POINT (  567736.591086480,   6140953.92437266)",PORTO ALEGRE 1936,0
2026-06-21,A_114,58,S,75,,N,"Basura Afuera, Fuera de Lugar",62847,Matutino,2026-06-21 07:28:10,14,104357,"POINT (  567884.768203071,   6140964.91745570)",PORTO ALEGRE Esq. CALLE 7,0
2026-06-21,A_114,59,S,100,,S,Basura Afuera,62847,Matutino,2026-06-21 07:28:23,14,104356,"POINT (  567977.538378860,   6140981.71356265)",PORTO ALEGRE Esq. RIO DE JANEIRO 2/cont,0
2026-06-21,A_114,60,S,100,,S,Basura Afuera,62847,Matutino,2026-06-21 07:28:17,14,183133,"POINT (  567980.792255446,   6140982.37735029)",PORTO ALEGRE Esq. RIO DE JANEIRO,0
2026-06-21,A_114,61,S,75,,N,Basura Afuera,62847,Matutino,2026-06-21 07:30:07,14,104431,"POINT (  568042.460022207,   6140992.82749742)",PORTO ALEGRE Esq. CALLE 105,0
2026-06-21,A_114,62,S,75,,N,Basura Afuera,62847,Matutino,2026-06-21 07:30:17,14,126932,"POINT (  568183.146172091,   6141015.05536696)",PORTO ALEGRE Esq. PSJE BELO HORIZONTE 1826,0
2026-06-21,A_114,63,S,75,,S,Basura Afuera,62847,Matutino,2026-06-21 07:32:20,14,104435,"POINT (  568246.000894643,   6141019.59581591)",PORTO ALEGRE Esq. AV DR SANTIN CARLOS ROSSI,0
2026-06-21,A_114,64,S,75,,S,Basura Afuera,62847,Matutino,2026-06-21 07:35:17,14,145352,"POINT (  568259.723893367,   6140948.77836571)",AV DR SANTIN CARLOS ROSSI Esq. SANTA CRUZ DE LA SIERRA OS 3442197 EXPEDIENTE,0
2026-06-21,A_114,65,S,75,,S,Basura Afuera,62847,Matutino,2026-06-21 07:46:29,14,183088,"POINT (  568176.044686444,   6141292.59951317)",CNO LA PALOMA 1784 MURO,0
2026-06-21,A_114,66,S,75,,S,Basura Afuera,62847,Matutino,2026-06-21 07:50:12,14,104428,"POINT (  567968.423596991,   6141258.54541346)",CNO LA PALOMA 1910 en 1910,0
2026-06-21,A_114,67,N,,Contenedor No Está,N,,62847,Matutino,2026-06-21 07:50:19,,104430,"POINT (  567870.295685126,   6141242.55219025)",CNO LA PALOMA 1946 1906,0
2026-06-21,A_114,68,S,75,,S,"Basura Afuera, Poda",62847,Matutino,2026-06-21 09:31:00,14,104417,"POINT (  567711.989882559,   6141217.47806913)",CNO LA PALOMA 1982,0
2026-06-21,A_114,69,S,100,,S,"Basura Afuera, Poda",62847,Matutino,2026-06-21 09:31:05,14,104418,"POINT (  567613.319827535,   6141201.21377434)",CNO LA PALOMA Esq. PSJE B,0
2026-06-21,A_114,70,N,,Contenedor No Está,N,,62847,Matutino,2026-06-21 09:35:34,,104421,"POINT (  567546.024094790,   6141102.63546359)",CUBA 4540,0
2026-06-21,A_114,71,S,75,,S,Basura Afuera,62847,Matutino,2026-06-21 09:35:48,14,104420,"POINT (  567536.064427309,   6141027.99903489)",CUBA Esq. PSJE 2,0
2026-06-21,A_114,72,S,75,,S,Basura Afuera,62847,Matutino,2026-06-21 09:37:37,14,104422,"POINT (  567480.798238200,   6140931.37439468)",ALFREDO MONES QUINTELA 1510,0
2026-06-21,A_114,73,S,100,,S,Basura Afuera,62847,Matutino,2026-06-21 09:37:41,14,183813,"POINT (  567466.072135021,   6140909.61446243)",FILIPINAS Esq. ALFREDO MONES QUINTELA,0
2026-06-21,A_114,74,N,,Contenedor No Está,N,,62847,Matutino,2026-06-21 09:38:24,,104380,"POINT (  567417.064003804,   6140829.03249536)",ALFREDO MONES QUINTELA 1428,0
2026-06-21,A_114,75,S,100,,S,Basura Afuera,62847,Matutino,2026-06-21 09:41:13,14,104375,"POINT (  567385.699417250,   6140728.27818195)",HAITI Esq. DINAMARCA,0
2026-06-21,A_114,76,S,100,,S,,62847,Matutino,2026-06-21 09:41:07,14,183390,"POINT (  567385.439694069,   6140725.97645995)",HAITI Esq. DINAMARCA,0
2026-06-21,A_114,77,N,,Contenedor No Está,S,,62847,Matutino,2026-06-21 11:02:00,,183692,"POINT (  567217.999562571,   6140608.83444301)",GIBRALTAR 4357,0
2026-06-21,A_114,78,S,50,,S,Basura Afuera,62847,Matutino,2026-06-21 09:43:50,14,183701,"POINT (  567312.979870390,   6140830.63257775)",PSJE CENTRAL Esq. PSJE 6 ANTES PSJE 6,0
2026-06-21,A_114,79,S,50,,S,Basura Afuera,62847,Matutino,2026-06-21 09:43:53,14,183700,"POINT (  567344.891837377,   6140886.20341681)",PSJE CENTRAL 4462 ANTES PSJE 5,0
2026-06-21,A_114,80,S,50,,S,Basura Afuera,62847,Matutino,2026-06-21 09:45:56,14,183699,"POINT (  567375.153185383,   6140937.37260526)",PSJE CENTRAL 4476 ANTES PSJE 4,0
2026-06-21,A_114,81,S,75,,S,Basura Afuera,62847,Matutino,2026-06-21 09:46:00,14,183698,"POINT (  567408.165565025,   6140990.74261901)",PSJE CENTRAL 4492 ANTES PSJE 3,0
2026-06-21,A_114,82,S,50,,S,Basura Afuera,62847,Matutino,2026-06-21 09:57:18,14,183697,"POINT (  567443.378769977,   6141048.51428339)",PSJE CENTRAL 4514 ANTES PSJE 2,0
2026-06-21,A_114,83,S,50,,S,,62847,Matutino,2026-06-21 09:57:22,14,183702,"POINT (  567455.057894222,   6141114.62809904)",PSJE CENTRAL Esq. PSJE 1 PDO PSJE 1,0
2026-06-21,A_114,84,S,75,,S,Basura Afuera,62847,Matutino,2026-06-21 09:37:47,14,104419,"POINT (  567527.154050069,   6141183.40778039)",CNO LA PALOMA 2085,0
2026-06-21,A_114,85,N,,Contenedor No Está,N,,62847,Matutino,2026-06-21 07:18:16,,104412,"POINT (  567667.343951700,   6140878.87958495)",PUERTO RICO Esq. PSJE BELICE,0
2026-06-21,A_114,86,N,,Contenedor No Está,N,,62847,Matutino,2026-06-21 07:03:46,,144772,"POINT (  567714.819875836,   6140562.42072511)",PUERTO RICO Esq. AV CARLOS MARIA RAMIREZ EN 4379,0
2026-06-21,A_114,87,S,75,,S,,62847,Matutino,2026-06-21 07:03:13,14,179148,"POINT (  567613.995614379,   6140649.12671438)",CUBA 4380,0
2026-06-21,A_114,88,N,,Contenedor No Está,N,,62847,Matutino,2026-06-21 07:03:31,,104416,"POINT (  567589.344122004,   6140778.46982201)",CUBA 4402,0
2026-06-21,A_114,89,S,75,,S,Basura Afuera,62847,Matutino,2026-06-21 07:40:11,14,104408,"POINT (  567878.557150160,   6140893.30972423)",VIZCAYA 4401,0
2026-06-21,A_114,90,S,75,,S,Basura Afuera,62847,Matutino,2026-06-21 07:40:15,14,139933,"POINT (  567864.264258003,   6141017.84228469)",VIZCAYA 4524 contenedor de apoyo en 4522,0
2026-06-21,A_114,91,S,75,,S,Fuera de Lugar,62847,Matutino,2026-06-21 07:41:37,14,104385,"POINT (  568012.391321520,   6141082.44330076)",BAHIA 1832,0
2026-06-21,A_114,92,S,75,,S,,62847,Matutino,2026-06-21 07:41:48,14,104384,"POINT (  568079.294283730,   6141114.23227025)",BAHIA 1810,0
2026-06-21,A_114,93,S,75,,S,,62847,Matutino,2026-06-21 07:45:17,14,104383,"POINT (  568196.901518590,   6141139.66455438)",BAHIA Esq. CALLE 101,0
2026-06-21,C_110,74,S,50,,S,,62848,Matutino,2026-06-21 07:08:57,,138446,"POINT (  576267.168834846,   6141514.15610894)",BV JOSE BATLLE Y ORDOÑEZ 3789 EN 3793/3791,0
2026-06-21,C_110,75,S,50,,S,,62848,Matutino,2026-06-21 07:09:06,,138447,"POINT (  576366.972826911,   6141414.21397701)",BV JOSE BATLLE Y ORDOÑEZ 3721 EN 3725,0
2026-06-21,C_110,76,S,50,,S,,62848,Matutino,2026-06-21 07:12:51,,138448,"POINT (  576463.007719691,   6141326.83003905)",BV JOSE BATLLE Y ORDOÑEZ 3667,0
2026-06-21,C_110,77,S,50,,S,,62848,Matutino,2026-06-21 07:15:08,,138449,"POINT (  576361.236132233,   6141223.46887897)",AV JOSE PEDRO VARELA 3210,0
2026-06-21,C_110,78,S,50,,S,,62848,Matutino,2026-06-21 07:17:25,,138422,"POINT (  576229.586032133,   6141250.93754888)",ANDRES LAMAS 3286 ANTES REBAJE,0
2026-06-21,C_110,79,S,50,,S,,62848,Matutino,2026-06-21 07:19:49,,138450,"POINT (  576137.943269339,   6141308.43266177)",ANDRES LAMAS 3330 FTE PLAZA,0
2026-06-21,C_110,80,S,50,,S,,62848,Matutino,2026-06-21 07:20:53,,138455,"POINT (  576147.155193502,   6141364.86893279)",JUAN CRUZ VARELA 3422 EN 3422/3424,0
2026-06-21,C_110,81,S,50,,S,,62848,Matutino,2026-06-21 07:23:34,,138453,"POINT (  576247.600566013,   6141323.87859739)",CARDOSO 3295 EN 3295/3297,0
2026-06-21,C_110,82,S,50,,S,,62848,Matutino,2026-06-21 07:25:46,,138454,"POINT (  576372.582625033,   6141336.80962355)",JUAN JOSE QUESADA 3258 MURO,0
2026-06-21,C_110,83,S,50,,S,,62848,Matutino,2026-06-21 07:27:20,,138452,"POINT (  576266.169018322,   6141408.91675407)",JUAN JOSE QUESADA 3308,0
2026-06-21,C_110,84,S,50,,S,,62848,Matutino,2026-06-21 07:31:21,,177295,"POINT (  576191.097130602,   6141458.47055302)",JUAN JOSE QUESADA Esq. JUAN CRUZ VARELA,0
2026-06-21,C_110,85,S,50,,S,,62848,Matutino,2026-06-21 07:31:25,,177293,"POINT (  576129.154881919,   6141499.65950129)",JUAN JOSE QUESADA 3410 MURO,0
2026-06-21,C_110,86,S,100,,S,,62848,Matutino,2026-06-21 07:36:09,,177294,"POINT (  576126.932436158,   6141501.56287345)",JUAN JOSE QUESADA 3410 MURO,0
2026-06-21,C_110,87,S,100,,S,,62848,Matutino,2026-06-21 07:36:21,,138457,"POINT (  576035.157159293,   6141563.38547853)",JUAN JOSE QUESADA 3446,0
2026-06-21,C_113,29,S,50,,S,Basura Afuera,62848,Matutino,2026-06-21 08:03:04,,183578,"POINT (  574750.250315871,   6142710.87589619)",RAMON MARQUEZ 3691 MURO CON REJAS,1
2026-06-21,C_113,30,S,50,,S,Basura Afuera,62848,Matutino,2026-06-21 08:03:09,,183579,"POINT (  574734.476075640,   6142649.08139547)",RAMON MARQUEZ 3661 MURO BAJO,1
2026-06-21,C_113,31,S,50,,S,Basura Afuera,62848,Matutino,2026-06-21 08:03:15,,183580,"POINT (  574715.228608201,   6142593.50976016)",RAMON MARQUEZ 3635 MURO,1
2026-06-21,C_113,32,S,50,,S,"Basura Afuera, Dos Ciclos, Requiere Limpieza",62848,Matutino,2026-06-21 08:09:06,,138563,"POINT (  574682.604512746,   6142487.44370711)",RAMON MARQUEZ 3595 MURO CARTEL/COLUMNA,1
2026-06-21,C_113,33,S,50,,S,"Basura Afuera, Dos Ciclos, Escombro, Requiere Limpieza",62848,Matutino,2026-06-21 08:09:17,,138557,"POINT (  574664.846479330,   6142431.57087027)",RAMON MARQUEZ Esq. HUASCAR FTE 3562 MURO,1
2026-06-21,C_113,34,S,75,,S,Basura Afuera,62848,Matutino,2026-06-21 08:09:22,,138555,"POINT (  574638.959344084,   6142358.13360349)",RAMON MARQUEZ 3531 FTE 3538 MURO,1
2026-06-21,C_113,35,S,50,,S,,62848,Matutino,2026-06-21 08:16:14,,138559,"POINT (  574595.870925653,   6142224.38516015)",RAMON MARQUEZ 3477 EN 3471/3477,1
2026-06-21,C_113,36,S,75,,S,,62848,Matutino,2026-06-21 08:16:04,,138558,"POINT (  574586.468684060,   6142190.13858481)",RAMON MARQUEZ 3459 EN 3453/3459,1
2026-06-21,C_113,37,S,75,,S,,62848,Matutino,2026-06-21 08:16:10,,138561,"POINT (  574558.731401603,   6142101.53132240)",RAMON MARQUEZ 3417 EN 3417/3421. ARBOL/ARBOL,1
2026-06-21,C_113,38,S,100,,S,"Basura Afuera, Dos Ciclos, Poda, Requiere Limpieza",62848,Matutino,2026-06-21 08:18:44,,138560,"POINT (  574533.610281161,   6142018.80487405)",RAMON MARQUEZ 3381 FTE 3372/3380. MURO,1
2026-06-21,C_113,39,S,75,,S,,62848,Matutino,2026-06-21 08:21:47,,138562,"POINT (  574767.528215829,   6141904.45787954)",MARIANO SOLER 3366 EN 3372. MURO BAJO,1
2026-06-21,C_113,40,S,50,,S,"Basura Afuera, Requiere Limpieza",62848,Matutino,2026-06-21 08:23:48,,138570,"POINT (  574793.640609978,   6141994.12685568)",MARIANO SOLER 3408 MURO BAJO,1
2026-06-21,C_113,41,S,75,,S,,62848,Matutino,2026-06-21 08:27:38,,138571,"POINT (  574833.548231226,   6142124.19613974)",MARIANO SOLER 3462 MURO BAJO CON REJAS,1
2026-06-21,C_113,42,S,50,,S,,62848,Matutino,2026-06-21 08:35:19,,138573,"POINT (  574838.475098046,   6142211.89436915)",DR PABLO EHRLICH 3974 VEREDA. FTE 3951.,1
2026-06-21,C_113,43,S,50,,S,,62848,Matutino,2026-06-21 08:35:23,,182069,"POINT (  574823.333739818,   6142217.29710319)",DR PABLO EHRLICH 3974,1
2026-06-21,C_113,44,S,50,,S,,62848,Matutino,2026-06-21 08:35:28,,138587,"POINT (  574731.407377336,   6142208.89584401)",DARWIN Esq. DR PABLO EHRLICH FTE 3482/3496.,1
2026-06-21,C_113,45,S,100,,S,"Basura Afuera, Requiere Limpieza",62848,Matutino,2026-06-21 08:35:34,,138574,"POINT (  574714.503118153,   6142155.06912397)",DARWIN 3457 PDO EL 3457,1
2026-06-21,C_113,46,S,75,,S,"Basura Afuera, Dos Ciclos, Poda, Requiere Limpieza",62848,Matutino,2026-06-21 08:35:49,,138575,"POINT (  574673.766317934,   6142025.10122491)",DARWIN 3413 ANTES DE ARBOL.MURO,1
2026-06-21,C_113,47,S,75,,S,,62848,Matutino,2026-06-21 08:40:50,,138576,"POINT (  574646.069909037,   6141930.73848135)",DARWIN 3359 ARBOL/ARBOL,1
2026-06-21,C_113,48,S,50,,S,"Basura Afuera, Requiere Limpieza",62848,Matutino,2026-06-21 08:44:07,,182068,"POINT (  574422.549684187,   6142136.12323777)",AV BURGUES 3428,1
2026-06-21,C_113,49,S,50,,S,,62848,Matutino,2026-06-21 08:48:13,,182064,"POINT (  574483.186771786,   6142245.02539932)",AV BURGUES 3488,1
2026-06-21,C_113,50,S,100,,S,"Basura Afuera, Dos Ciclos, Escombro, Poda, Requiere Limpieza",62848,Matutino,2026-06-21 08:50:04,,138535,"POINT (  574519.328376190,   6142339.47509524)",AV BURGUES 3510 EN 3510,1
2026-06-21,C_113,51,S,50,,S,,62848,Matutino,2026-06-21 10:13:15,,182067,"POINT (  574502.458051198,   6142450.36666841)",ROBERTO KOCH 4160,1
2026-06-21,C_113,52,N,,Contenedor No Está,N,,62848,Matutino,2026-06-21 10:14:35,,182062,"POINT (  574491.449566894,   6142454.55460557)",ROBERTO KOCH 4162,1
2026-06-21,C_113,53,N,,Contenedor No Está,N,,62848,Matutino,2026-06-21 10:14:50,,182056,"POINT (  574231.292957299,   6142546.13910719)",ROBERTO KOCH 4300,1
2026-06-21,C_113,54,S,100,,S,"Basura Afuera, Dos Ciclos, Requiere Limpieza",62848,Matutino,2026-06-21 10:16:22,,138512,"POINT (  574174.350349495,   6142559.02595195)",PATRIOTAS 4312,1
2026-06-21,C_113,55,S,50,,S,"Basura Afuera, Dos Ciclos, Requiere Limpieza",62848,Matutino,2026-06-21 10:18:24,,138514,"POINT (  574108.500913590,   6142623.43370609)",BUCEO 3858 EN 3858/3862,1
2026-06-21,C_113,56,S,50,,S,"Basura Afuera, Requiere Limpieza",62848,Matutino,2026-06-21 10:20:05,,138596,"POINT (  574156.176105959,   6142703.88559321)",BUCEO 3570 ANTES DE ARBOL.,1
2026-06-21,C_113,57,S,50,,S,,62848,Matutino,2026-06-21 10:23:20,,181320,"POINT (  574277.398042048,   6142746.33338083)",ING MANUEL RODRIGUEZ CORREA 1442 EN 1446,1
2026-06-21,C_113,58,S,50,,S,,62848,Matutino,2026-06-21 10:25:15,,181299,"POINT (  574281.320930501,   6142688.33472604)",DR CARLOS VAZ FERREIRA 3871,1
2026-06-21,C_113,59,S,75,,S,Basura Afuera,62848,Matutino,2026-06-21 10:26:52,,181298,"POINT (  574228.732188841,   6142595.27640462)",DR CARLOS VAZ FERREIRA 3819,1
2026-06-21,C_113,60,S,50,,S,,62848,Matutino,2026-06-21 10:28:44,,182149,"POINT (  574142.259876687,   6142430.07106380)",DR CARLOS VAZ FERREIRA 3757 FTE 3751,1
2026-06-21,C_113,61,S,50,,S,Basura Afuera,62848,Matutino,2026-06-21 10:32:39,,182071,"POINT (  574015.168817647,   6142657.07329695)",AV COSTANERA FELIPE CARAPE Esq. BAYONA,1
2026-06-21,C_113,62,S,50,,S,Basura Afuera,62848,Matutino,2026-06-21 10:34:48,,183540,"POINT (  573924.609316384,   6142547.74272599)","REYES 1469 1469/1479 VEREDA, EDIFICIO",1
2026-06-21,C_113,63,S,50,,S,Basura Afuera,62848,Matutino,2026-06-21 10:40:41,,138508,"POINT (  573878.430666149,   6142473.94569176)",REYES 1439 VEREDA.FTE 1436,1
2026-06-21,C_113,64,S,50,,S,,62848,Matutino,2026-06-21 10:40:46,,138591,"POINT (  573875.967232739,   6142470.00419830)",REYES 1439 FTE 1436.,1
2026-06-21,C_113,65,S,50,,S,"Basura Afuera, Poda, Requiere Limpieza",62848,Matutino,2026-06-21 10:40:53,,138529,"POINT (  573844.435285087,   6142421.72090346)",REYES 1425 COLUMNA/ARBOL.MURO BAJO,1
2026-06-21,C_113,66,S,50,,S,,62848,Matutino,2026-06-21 10:45:28,,182063,"POINT (  573983.647066013,   6142380.08088998)",CUBO DEL NORTE 3776,1
2026-06-21,C_113,67,S,50,,S,,62848,Matutino,2026-06-21 10:45:32,,182059,"POINT (  573984.763078432,   6142382.54391918)",CUBO DEL NORTE 3776,1
2026-06-21,C_113,68,S,50,,S,,62848,Matutino,2026-06-21 10:48:30,,182058,"POINT (  574044.102392593,   6142496.70559651)",CUBO DEL NORTE 3826,1
2026-06-21,C_113,69,S,50,,S,,62848,Matutino,2026-06-21 10:51:34,,180570,"POINT (  574020.715715586,   6142668.31415358)",BAYONA 3510,1
2026-06-21,C_113,70,S,50,,S,,62848,Matutino,2026-06-21 10:53:13,,180569,"POINT (  574066.221972696,   6142732.59174175)",BAYONA 3544,1
2026-06-21,C_113,71,S,50,,S,"Basura Afuera, Requiere Limpieza",62848,Matutino,2026-06-21 10:57:44,,138528,"POINT (  574121.462457409,   6142847.85963088)",BAYONA Esq. PEDRO TRAPANI MURO,1
2026-06-21,C_113,72,S,50,,S,"Basura Afuera, Requiere Limpieza",62848,Matutino,2026-06-21 10:58:04,,182065,"POINT (  574184.004271678,   6142885.12459063)",BAYONA 3633,1
2026-06-21,C_113,73,S,50,,S,,62848,Matutino,2026-06-21 10:59:23,,138527,"POINT (  574260.262844743,   6142963.67625373)",ANDRES SPIKERMAN 3692 MURO BAJO.PDO REBAJE,1
2026-06-21,C_113,74,S,50,,S,,62848,Matutino,2026-06-21 11:03:09,,182054,"POINT (  574377.645950980,   6142982.02265294)",PANTALEON ARTIGAS 3712,1
2026-06-21,C_113,75,S,50,,S,,62848,Matutino,2026-06-21 11:03:14,,138515,"POINT (  574379.058970485,   6142986.65166078)",PANTALEON ARTIGAS 3712,1
2026-06-21,C_113,76,S,50,,S,,62848,Matutino,2026-06-21 11:06:10,,138534,"POINT (  574400.603179701,   6143049.66535941)",PANTALEON ARTIGAS 3744 EN 3744/3748.,1
2026-06-21,C_113,77,S,50,,S,,62848,Matutino,2026-06-21 11:11:25,,138594,"POINT (  574429.681635491,   6143137.02525978)",PANTALEON ARTIGAS 3772 EN 3772,1
2026-06-21,C_113,78,S,50,,S,,62848,Matutino,2026-06-21 11:11:30,,140312,"POINT (  574458.822357783,   6143222.14356613)",PANTALEON ARTIGAS 3798,1
2026-06-21,C_113,79,S,50,,S,,62848,Matutino,2026-06-21 11:11:42,,138600,"POINT (  574460.067687795,   6143224.19836065)",PANTALEON ARTIGAS 3798,1
2026-06-21,C_113,80,,,,S,,62848,Matutino,,,138601,"POINT (  574529.121236986,   6143157.26187249)",GREGORIO SANABRIA 3795 MURO,1
2026-06-21,C_113,81,,,,S,,62848,Matutino,,,138599,"POINT (  574500.852245703,   6143074.44742666)",GREGORIO SANABRIA 3761 EN 3761/3765,1
2026-06-21,C_113,82,,,,S,,62848,Matutino,,,138597,"POINT (  574479.260668533,   6143001.85554552)",GREGORIO SANABRIA 3733 EN 3735/3739. MURO,1
2026-06-21,C_113,83,,,,S,,62848,Matutino,,,152412,"POINT (  574444.213743645,   6142904.19422529)",GREGORIO SANABRIA 3691,1
2026-06-21,C_113,84,,,,S,,62848,Matutino,,,138607,"POINT (  574401.362809573,   6142771.99301088)",GREGORIO SANABRIA 3615 EN 3615/3621,1
2026-06-21,C_113,85,,,,S,,62848,Matutino,,,138602,"POINT (  574360.924030331,   6142648.54831635)",GREGORIO SANABRIA 3555 FTE 3562. CERCO VEGETAL,1
2026-06-21,C_113,86,,,,S,,62848,Matutino,,,138603,"POINT (  574321.762265170,   6142531.91436359)",GREGORIO SANABRIA 3511 FTE 3508. MURO,1
2026-06-21,C_113,87,,,,S,,62848,Matutino,,,169972,"POINT (  574402.215419939,   6142409.06536050)",IBIROCAHY 3460,1
2026-06-21,C_113,88,,,,S,,62848,Matutino,,,157912,"POINT (  574429.725308377,   6142489.97192970)",IBIROCAHY 3502,1
2026-06-21,C_113,89,,,,S,,62848,Matutino,,,138517,"POINT (  574447.335316500,   6142548.51554665)",IBIROCAHY 3534 UTE,1
2026-06-21,C_113,90,,,,S,,62848,Matutino,,,184148,"POINT (  574485.850975381,   6142654.71636231)",IBIROCAHY 3582,1
2026-06-21,C_113,91,,,,S,,62848,Matutino,,,138604,"POINT (  574529.126142612,   6142787.45621496)",IBIROCAHY 3630 MURO CIEGO,1
2026-06-21,C_113,92,,,,N,,62848,Matutino,,,151692,"POINT (  574529.539554071,   6142790.04003657)",IBIROCAHY 3630 JUNTO A POS 40,1
2026-06-21,C_113,93,,,,S,,62848,Matutino,,,182052,"POINT (  574555.950816776,   6142869.99134989)",IBIROCAHY 3694,1
2026-06-21,C_113,94,,,,S,,62848,Matutino,,,138609,"POINT (  574556.456230760,   6142872.45489863)",IBIROCAHY 3694 PDO 3690. ESQ IPIRANGA.CERCO VEGETAL.,1
2026-06-21,C_113,95,,,,S,,62848,Matutino,,,169812,"POINT (  574587.552416384,   6142959.41227344)",IBIROCAHY 3736,1
2026-06-21,C_113,96,,,,S,,62848,Matutino,,,138519,"POINT (  574614.624161153,   6143049.95640925)",IBIROCAHY 3772 EN 3764/3772,1
2026-06-21,C_113,97,,,,S,,62848,Matutino,,,138520,"POINT (  574733.386470716,   6142983.12600566)",BV JOSE BATLLE Y ORDOÑEZ Esq. CELEDONIO ROJAS,1
2026-06-21,C_113,98,,,,S,,62848,Matutino,,,138569,"POINT (  574932.047762516,   6142780.33161096)",BV JOSE BATLLE Y ORDOÑEZ 4493 GOMERIA,1
2026-06-21,C_113,99,,,,S,,62848,Matutino,,,138568,"POINT (  575001.061703128,   6142688.81507739)",MARIANO SOLER 3747 MURO,1
2026-06-21,C_113,100,,,,S,,62848,Matutino,,,138590,"POINT (  574969.401552681,   6142582.56894174)",MARIANO SOLER 3667 EN 3667/3669.,1
2026-06-21,C_113,101,,,,S,,62848,Matutino,,,138589,"POINT (  574933.368789685,   6142466.90822102)",MARIANO SOLER 3613 ARBOL/COLUMNA,1
2026-06-21,C_113,102,,,,S,,62848,Matutino,,,138588,"POINT (  574912.905739094,   6142397.06693965)",MARIANO SOLER 3591 FTE 3594,1
2026-06-21,C_113,103,,,,S,,62848,Matutino,,,138567,"POINT (  574806.728970806,   6142398.10385665)",DARWIN Esq. HUASCAR ESPACIO LIBRE,1
2026-06-21,C_113,104,,,,S,,62848,Matutino,,,138566,"POINT (  574822.183190471,   6142447.91621626)",DARWIN Esq. FELIPE CONTUCCI,1
2026-06-21,C_113,105,,,,S,,62848,Matutino,,,138539,"POINT (  574869.225037721,   6142592.76328802)",DARWIN 3664 MURO,1
2026-06-21,C_113,106,,,,S,,62848,Matutino,,,180387,"POINT (  574869.932110466,   6142594.90270307)",DARWIN 3664 PROV A,1
2026-06-21,C_113,107,,,,S,,62848,Matutino,,,175375,"POINT (  574907.036800000,   6142704.13742542)",DARWIN 3702 EN 3704,1
2026-06-21,C_113,1,,,,S,,62848,Matutino,,,138549,"POINT (  575256.906319295,   6142469.60410041)",BV JOSE BATLLE Y ORDOÑEZ 4311 EN 4311. MURO,2
2026-06-21,C_113,2,,,,S,,62848,Matutino,,,138544,"POINT (  575259.692360704,   6142466.81805900)",BV JOSE BATLLE Y ORDOÑEZ 4311 EN 4311. MURO,2
2026-06-21,C_113,3,,,,S,,62848,Matutino,,,142912,"POINT (  575175.723842883,   6142158.19825082)",AV GRAL SAN MARTIN 3523,2
2026-06-21,C_113,4,,,,S,,62848,Matutino,,,182845,"POINT (  575136.228586562,   6142075.71778163)",AV GRAL SAN MARTIN 3485,2
2026-06-21,C_113,5,,,,S,,62848,Matutino,,,138543,"POINT (  575057.704358602,   6141905.43071523)",AV GRAL SAN MARTIN 3417 VEREDA.EN 3419,2
2026-06-21,C_113,6,,,,S,,62848,Matutino,,,182846,"POINT (  574969.606246136,   6141872.65927099)",MARIA JOSEFA ORIBE 3309 EN 3870,2
2026-06-21,C_113,7,,,,S,,62848,Matutino,,,182847,"POINT (  574869.830210302,   6141843.68390705)",CARABELA 3356,2
2026-06-21,C_113,8,,,,N,,62848,Matutino,,,138585,"POINT (  574904.453609503,   6141952.66286270)",CARABELA 3404 CERCO VEGETAL BAJO,2
2026-06-21,C_113,9,,,,S,,62848,Matutino,,,183462,"POINT (  574940.225354902,   6142068.58387952)",CARABELA 3456 MURO,2
2026-06-21,C_113,10,,,,S,,62848,Matutino,,,138578,"POINT (  574940.931221425,   6142070.99267698)",CARABELA 3456 MURO,2
2026-06-21,C_113,11,,,,S,,62848,Matutino,,,182066,"POINT (  574962.603679636,   6142141.89146349)",CARABELA 3488,2
2026-06-21,C_113,12,,,,S,,62848,Matutino,,,138579,"POINT (  574993.423394678,   6142234.69708171)",CARABELA 3528 FTE 3531.,2
2026-06-21,C_113,13,,,,S,,62848,Matutino,,,138582,"POINT (  575016.543403860,   6142301.59562092)",CARABELA Esq. HUASCAR MURO,2
2026-06-21,C_113,14,,,,S,,62848,Matutino,,,138581,"POINT (  575056.591942153,   6142433.98940050)",CARABELA 3622 MURO BAJO,2
2026-06-21,C_113,15,,,,S,,62848,Matutino,,,138547,"POINT (  575077.554903636,   6142508.26042495)",CARABELA Esq. ING MANUEL RODRIGUEZ CORREA MURO,2
2026-06-21,C_113,16,,,,S,,62848,Matutino,,,138548,"POINT (  575104.022297015,   6142594.62770861)",CARABELA 3688 FTE 3689,2
2026-06-21,C_113,17,,,,N,,62848,Matutino,,,138580,"POINT (  575166.469626845,   6142433.98940050)",GUILLAPI 3643 FTE 3640. MURO CALADO,2
2026-06-21,C_113,18,,,,S,,62848,Matutino,,,182057,"POINT (  575151.250918316,   6142382.45520569)",GUILLAPI 3611,2
2026-06-21,C_113,19,,,,S,,62848,Matutino,,,138584,"POINT (  575139.395209590,   6142343.15851009)",GUILLAPI Esq. FELIPE CONTUCCI MURO BAJO,2
2026-06-21,C_113,20,,,,S,,62848,Matutino,,,182055,"POINT (  575113.368242321,   6142260.83681968)",GUILLAPI 3557,2
2026-06-21,C_113,21,,,,S,,62848,Matutino,,,138583,"POINT (  575112.247015318,   6142256.48354122)",GUILLAPI 3557 FTE 3558,2
2026-06-21,C_113,22,S,50,,S,"Basura Afuera, Dos Ciclos, Escombro, Poda, Requiere Limpieza",62848,Matutino,2026-06-21 07:46:45,,184200,"POINT (  574578.426797561,   6142499.42051708)",AV BURGUES 3580,2
2026-06-21,C_113,23,S,75,,S,"Basura Afuera, Dos Ciclos, Escombro, Poda, Requiere Limpieza",62848,Matutino,2026-06-21 07:46:54,,182039,"POINT (  574608.166691068,   6142581.50105599)",AV BURGUES 3620,2
2026-06-21,C_113,24,S,50,,S,,62848,Matutino,2026-06-21 07:48:20,,182045,"POINT (  574669.117716558,   6142727.54039085)",AV BURGUES 3682,2
2026-06-21,C_113,25,S,50,,S,"Basura Afuera, Requiere Limpieza",62848,Matutino,2026-06-21 07:50:33,,183940,"POINT (  574723.824523809,   6142809.48641429)",AV BURGUES 3742,2
2026-06-21,C_113,26,S,50,,S,,62848,Matutino,2026-06-21 07:52:13,,138611,"POINT (  574775.073914445,   6142877.31168568)",AV BURGUES 3786 EN 3786/3788. ANTES DE COLUMNA,2
2026-06-21,C_113,27,S,50,,S,"Basura Afuera, Requiere Limpieza",62848,Matutino,2026-06-21 07:54:13,,183576,"POINT (  574806.364642933,   6142868.76301631)",RAMON MARQUEZ 3789,2
2026-06-21,C_113,28,S,50,,S,,62848,Matutino,2026-06-21 07:55:37,,183577,"POINT (  574778.434107477,   6142790.90483976)",RAMON MARQUEZ 3723 EN 3711,2
2026-06-21,D_114,64,S,100,,S,"Basura Afuera, Requiere Limpieza",62849,Matutino,2026-06-21 07:27:35,,124415,"POINT (  577370.610176837,   6144189.56032930)",SALUSTIO 3867 FTE 3872. MURO,0
2026-06-21,D_114,65,S,100,,S,,62849,Matutino,2026-06-21 07:31:52,,124451,"POINT (  577388.639189661,   6143994.92522210)",ITACUMBU 3804 MURO,0
2026-06-21,D_114,66,S,75,,S,Requiere Mantenimiento,62849,Matutino,2026-06-21 07:33:38,,124452,"POINT (  577340.121909840,   6144037.73458664)",ITACUMBU 3846 FTE 3843,0
2026-06-21,D_114,67,S,100,,S,,62849,Matutino,2026-06-21 07:36:08,,124459,"POINT (  577227.866242802,   6144135.24480589)",ITACUMBU 3912,0
2026-06-21,D_114,68,S,100,,S,,62849,Matutino,2026-06-21 07:38:37,,124478,"POINT (  577128.929044735,   6144219.43655617)",ITACUMBU 3958 FTE 3955. MURO,0
2026-06-21,D_114,69,S,100,,S,Requiere Mantenimiento,62849,Matutino,2026-06-21 07:41:23,,124460,"POINT (  577001.452270303,   6144329.78958479)",ITACUMBU 4028 EN 4020/4028,0
2026-06-21,D_114,70,S,100,,S,,62849,Matutino,2026-06-21 07:43:31,,124461,"POINT (  576915.833541206,   6144404.46814294)",ITACUMBU 4084 FTE 4071,0
2026-06-21,D_114,71,S,100,,S,,62849,Matutino,2026-06-21 07:45:48,,124463,"POINT (  576836.237031820,   6144476.54817788)",ITACUMBU 4134 CERCO VEGETAL,0
2026-06-21,D_114,72,S,100,,S,Requiere Mantenimiento,62849,Matutino,2026-06-21 07:48:09,,124464,"POINT (  576768.991481070,   6144534.09562179)",ITACUMBU 4186,0
2026-06-21,D_114,73,S,50,,S,,62849,Matutino,2026-06-21 07:51:10,,124462,"POINT (  576678.671941446,   6144610.63950554)",ITACUMBU 4224,0
2026-06-21,D_114,74,S,50,,S,,62849,Matutino,2026-06-21 07:51:15,,124466,"POINT (  576676.811589882,   6144612.49985711)",ITACUMBU 4224,0
2026-06-21,D_114,83,S,100,,S,,62849,Matutino,2026-06-21 07:55:55,,181244,"POINT (  576580.615681725,   6144548.20422895)",CARRERAS NACIONALES 4253,1
2026-06-21,D_114,84,S,100,,S,"Basura Afuera, Requiere Limpieza",62849,Matutino,2026-06-21 07:58:46,,124429,"POINT (  576746.709880225,   6144402.73035637)",CARRERAS NACIONALES 4143 FTE 4136,1
2026-06-21,D_114,85,S,100,,S,,62849,Matutino,2026-06-21 08:03:08,,124430,"POINT (  576842.007806138,   6144318.41293160)",CARRERAS NACIONALES 4079 MURO,1
2026-06-21,D_114,86,S,100,,S,,62849,Matutino,2026-06-21 08:05:13,,124431,"POINT (  576947.725185683,   6144228.48503178)",CARRERAS NACIONALES 4015 FTE 4020. MURO,1
2026-06-21,D_114,87,S,100,,S,,62849,Matutino,2026-06-21 08:07:32,,124432,"POINT (  577052.400619866,   6144136.95413911)",CARRERAS NACIONALES 3951 EN 3951/3955,1
2026-06-21,D_114,88,N,,Contenedor No Está,S,,62849,Matutino,2026-06-21 08:07:44,,124468,"POINT (  577126.779488871,   6144070.75053372)",CARRERAS NACIONALES 3911 EN 3915,1
2026-06-21,D_114,89,S,100,,S,,62849,Matutino,2026-06-21 08:10:21,,124482,"POINT (  577274.896029732,   6143944.43469581)",CARRERAS NACIONALES 3835 FTE 3838. MURO,1
2026-06-21,D_119,1,S,50,,S,,62849,Matutino,2026-06-21 08:25:04,,181890,"POINT (  577114.116891067,   6146860.96900371)",ARQ CARLOS PEREZ MONTERO 4685,2
2026-06-21,D_119,2,S,75,,S,,62849,Matutino,2026-06-21 08:25:11,,181891,"POINT (  577118.038459695,   6146861.62259848)",ARQ CARLOS PEREZ MONTERO 4685,2
2026-06-21,D_119,3,N,,Contenedor No Está,N,,62849,Matutino,2026-06-21 08:25:17,,124637,"POINT (  577308.375574731,   6146885.86129893)",ARQ CARLOS PEREZ MONTERO 4609,2
2026-06-21,D_119,4,N,,Contenedor No Está,N,,62849,Matutino,2026-06-21 08:25:24,,124639,"POINT (  577475.094254109,   6146908.49615191)",ARQ CARLOS PEREZ MONTERO 4583,2
2026-06-21,D_119,5,S,100,,S,"Basura Afuera, Requiere Limpieza",62849,Matutino,2026-06-21 08:27:38,,124638,"POINT (  577564.854628668,   6146920.54186638)",ARQ CARLOS PEREZ MONTERO 4569,2
2026-06-21,D_119,6,S,100,,S,,62849,Matutino,2026-06-21 08:36:56,,124601,"POINT (  577541.811410914,   6147033.98971382)",ARTILLEROS ORIENTALES 4551 FTE 4535,2
2026-06-21,D_119,7,,,,N,,62849,Matutino,,,176256,"POINT (  577306.372561538,   6147045.49599231)",ARTILLEROS ORIENTALES 4608,2
2026-06-21,D_119,8,,,,S,,62849,Matutino,,,176257,"POINT (  577103.337953364,   6147020.86653736)",ARTILLEROS ORIENTALES 4720,2
2026-06-21,D_119,9,,,,N,,62849,Matutino,,,177336,"POINT (  577073.158635362,   6147015.88183144)",ARTILLEROS ORIENTALES 4748,2
2026-06-21,D_119,10,,,,N,,62849,Matutino,,,177337,"POINT (  577069.596428992,   6147015.51076827)",ARTILLEROS ORIENTALES 4748,2
2026-06-21,D_119,11,,,,S,,62849,Matutino,,,181256,"POINT (  577083.734933470,   6147145.44775311)",EDUARDO SALTERAIN Y HERRERA 4717,2
2026-06-21,D_119,12,,,,S,,62849,Matutino,,,181257,"POINT (  577227.708777630,   6147163.33799410)",EDUARDO SALTERAIN Y HERRERA 4643,2
2026-06-21,D_119,13,,,,S,,62849,Matutino,,,181255,"POINT (  577421.141670130,   6147191.09785726)",EDUARDO SALTERAIN Y HERRERA 4581,2
2026-06-21,D_119,14,,,,N,,62849,Matutino,,,181489,"POINT (  577541.747826340,   6147248.99932378)",LUIS E AZAROLA GIL 4912 PROV OV (O: EDUARDO SALTERAIN Y HERRERA FTE 4550),2
2026-06-21,D_119,15,,,,S,,62849,Matutino,,,181487,"POINT (  577540.474422222,   6147256.48175861)",LUIS E AZAROLA GIL 4916 PROV OV (O:  EDUARDO SALTERAIN Y HERRERA 4517),2
2026-06-21,D_119,16,,,,S,,62849,Matutino,,,181486,"POINT (  577539.820827451,   6147258.76934031)",LUIS E AZAROLA GIL 4916 PROV OV (O:  EDUARDO SALTERAIN Y HERRERA 4503),2
2026-06-21,D_119,17,,,,S,,62849,Matutino,,,181488,"POINT (  577626.912330719,   6147092.62918054)",LUIS E AZAROLA GIL 4858 PROV OV (O: ARTILLEROS ORIENTALES 4504),2
2026-06-21,D_119,18,,,,S,,62849,Matutino,,,181637,"POINT (  577622.434656314,   6147095.75902355)",LUIS E AZAROLA GIL 4858 PROV OV (O: LUIS GERONA CASALE 4874),2
2026-06-21,D_119,19,,,,S,,62849,Matutino,,,181329,"POINT (  577531.726594118,   6147109.70667560)",ARTILLEROS ORIENTALES 4554,2
2026-06-21,D_119,20,,,,S,,62849,Matutino,,,124657,"POINT (  577355.018214387,   6147088.38757360)",ARTILLEROS ORIENTALES 4583,2
2026-06-21,D_119,21,,,,S,,62849,Matutino,,,181660,"POINT (  577338.652436601,   6147119.54394292)",HORACIO ARREDONDO 4882,2
2026-06-21,D_119,22,,,,S,,62849,Matutino,,,124659,"POINT (  577097.203528343,   6147284.42024287)",CNO CAP CORALIO C LACOSTA 4709,2
2026-06-21,D_119,23,,,,S,,62849,Matutino,,,124658,"POINT (  577256.909113931,   6147308.46513587)",CNO CAP CORALIO C LACOSTA 4611,2
2026-06-21,D_119,24,,,,N,,62849,Matutino,,,124590,"POINT (  577391.530829680,   6147323.93846981)",CNO CAP CORALIO C LACOSTA 4579 4583/4559,2
2026-06-21,D_119,25,,,,N,,62849,Matutino,,,177510,"POINT (  577492.014734367,   6147339.67154794)",CNO CAP CORALIO C LACOSTA 4553,2
2026-06-21,D_119,26,,,,N,,62849,Matutino,,,124594,"POINT (  577825.823156288,   6147380.78534647)",ARTURO SCARONE 4947 FTE 4842,2
2026-06-21,D_119,27,,,,S,,62849,Matutino,,,181390,"POINT (  577855.079972355,   6147157.57578157)",ARTURO SCARONE 4863 PROV OV (O: ARTILLEROS ORIENTALES 4482),2
2026-06-21,D_119,28,,,,S,,62849,Matutino,,,181391,"POINT (  577855.876331855,   6147154.16281229)",ARTURO SCARONE 4863 PROV OV (O: ARTILLEROS ORIENTALES 4482),2
2026-06-21,D_119,29,,,,S,,62849,Matutino,,,180205,"POINT (  577875.681626130,   6146993.73492192)",ARTURO SCARONE 4809 PROV A,2
2026-06-21,D_119,30,,,,S,,62849,Matutino,,,124597,"POINT (  577875.990895999,   6146989.68477209)",ARTURO SCARONE 4805 4805/4809,2
2026-06-21,D_119,31,,,,S,,62849,Matutino,,,124662,"POINT (  577792.754851068,   6146900.86716712)",LUIS GERONA CASALE 4782,2
2026-06-21,D_119,32,N,,Fuego,S,"Basura Afuera, Requiere Limpieza",62849,Matutino,2026-06-21 08:27:58,,181388,"POINT (  577598.993233789,   6146953.35700307)",LUIS E AZAROLA GIL 4800 PROV OV (O: ARQ CARLOS PEREZ MONTERO 4507),2
2026-06-21,D_119,33,,,,S,,62849,Matutino,,,181389,"POINT (  577621.787473151,   6147050.07928965)",LUIS E AZAROLA GIL 4846 PROV OV (O: LUIS E AZAROLA GIL FTE 4846),2
2026-06-21,D_119,34,,,,S,,62849,Matutino,,,177512,"POINT (  578014.454254597,   6147419.05262418)",CNO CAP CORALIO C LACOSTA Esq. PSJE CELIASTER,2
2026-06-21,D_119,35,,,,S,,62849,Matutino,,,177511,"POINT (  578016.951416913,   6147419.73366845)",PSJE CELIASTER Esq. CNO CAP CORALIO C LACOSTA,2
2026-06-21,D_119,36,,,,S,,62849,Matutino,,,124665,"POINT (  578137.961489458,   6147393.40149402)",LAS PRIMICIAS 4881 4885/4881,2
2026-06-21,D_119,37,,,,S,,62849,Matutino,,,124668,"POINT (  578150.226632026,   6147256.08575456)",LAS PRIMICIAS 4807,2
2026-06-21,D_119,38,,,,S,,62849,Matutino,,,124667,"POINT (  578068.354251418,   6147140.03364224)",ARTILLEROS ORIENTALES 4380,2
2026-06-21,D_119,39,,,,S,,62849,Matutino,,,124669,"POINT (  577998.367527334,   6147132.76672795)",ARTILLEROS ORIENTALES 4336 FTE 4353,2
2026-06-21,D_119,40,,,,N,,62849,Matutino,,,124641,"POINT (  577953.891894062,   6147083.59734104)",ZAPADORES 4845,2
2026-06-21,D_119,41,,,,S,,62849,Matutino,,,168772,"POINT (  577980.325310052,   6146859.60315819)",ZAPADORES 4751,2
2026-06-21,D_119,42,,,,S,,62849,Matutino,,,124664,"POINT (  577980.111219688,   6146855.73097005)",ZAPADORES 4751,2
2026-06-21,D_119,43,,,,S,,62849,Matutino,,,124607,"POINT (  578185.728809808,   6146854.55373063)",LAS PRIMICIAS Esq. CNO DOMINGO ARENA,2
2026-06-21,D_119,44,,,,S,,62849,Matutino,,,167193,"POINT (  578173.657765791,   6147042.15310342)",LAS PRIMICIAS 4816,2
2026-06-21,D_119,45,,,,S,,62849,Matutino,,,179020,"POINT (  578168.095810734,   6147121.25954181)",LAS PRIMICIAS 4884,2
2026-06-21,D_119,46,,,,S,,62849,Matutino,,,124624,"POINT (  577949.917506654,   6147180.57239380)",ZAPADORES 4864 FTE 4861,2
2026-06-21,D_119,47,,,,N,,62849,Matutino,,,124625,"POINT (  577926.071182205,   6147376.90713177)",ZAPADORES 4942,2
2026-06-21,D_119,48,,,,S,,62849,Matutino,,,124642,"POINT (  578219.595385437,   6147434.29265465)",GUADALQUIVIR 5031,2
2026-06-21,D_119,49,,,,S,,62849,Matutino,,,183312,"POINT (  578221.138690850,   6147418.72898998)",GUADALQUIVIR 5031 PROV OV. GUADALQUIVIR 4921,2
2026-06-21,D_119,50,,,,S,,62849,Matutino,,,124598,"POINT (  578262.490287143,   6147123.04487307)",GUADALQUIVIR 4883,2
2026-06-21,D_119,51,,,,S,,62849,Matutino,,,124627,"POINT (  578286.683605406,   6146914.06209937)",GUADALQUIVIR 4765,2
2026-06-21,D_119,52,,,,S,,62849,Matutino,,,124644,"POINT (  578390.878141728,   6146903.96918132)",MASOLLER 4654 FTE 4663,2
2026-06-21,D_119,53,,,,S,,62849,Matutino,,,124643,"POINT (  578421.156895873,   6147065.45587009)",MASOLLER 4756,2
2026-06-21,D_119,54,,,,S,,62849,Matutino,,,124615,"POINT (  578436.889974007,   6147151.24567350)",MASOLLER 4820 4818/4820,2
2026-06-21,D_119,55,,,,S,,62849,Matutino,,,124645,"POINT (  578461.083292270,   6147279.63352809)",MASOLLER 4896,2
2026-06-21,D_119,56,,,,S,,62849,Matutino,,,124616,"POINT (  578472.066761910,   6147328.61386567)",MASOLLER 4906,2
2026-06-21,D_119,57,,,,S,,62849,Matutino,,,124651,"POINT (  578495.203459055,   6147467.52316467)",MASOLLER 4994,2
2026-06-21,D_119,58,,,,S,,62849,Matutino,,,124618,"POINT (  578567.504207573,   6147512.21591900)",CNO CAP CORALIO C LACOSTA 4205 4205/4207,2
2026-06-21,D_119,59,,,,N,,62849,Matutino,,,124617,"POINT (  578497.150631766,   6147582.01290006)",TENIENTE DURAN 5134 FTE 5134,2
2026-06-21,D_119,60,,,,S,,62849,Matutino,,,124602,"POINT (  578391.074508961,   6147500.11314142)",TENIENTE DURAN Esq. CNO CAP CORALIO C LACOSTA,2
2026-06-21,D_119,61,,,,N,,62849,Matutino,,,124628,"POINT (  578371.202571920,   6147427.77929059)",PICHINANGO 5075,2
2026-06-21,D_119,62,,,,S,,62849,Matutino,,,124672,"POINT (  578424.273826447,   6147310.98836541)",PREVISION 4265 4271/4265,2
2026-06-21,D_119,63,,,,S,,62849,Matutino,,,124647,"POINT (  578591.326462673,   6147484.86856385)",TUPAMBAE 4989 FTE 4992,2
2026-06-21,D_119,64,,,,S,,62849,Matutino,,,124646,"POINT (  578559.588535068,   6147304.57328094)",TUPAMBAE Esq. PREVISION,2
2026-06-21,D_119,65,,,,S,,62849,Matutino,,,124649,"POINT (  578544.498291434,   6147230.24502102)",TUPAMBAE 4883 FTE 4880,2
2026-06-21,D_119,66,,,,S,,62849,Matutino,,,160732,"POINT (  578528.057362622,   6147143.11977441)",TUPAMBAE 4851 EN 4835,2
2026-06-21,D_119,67,,,,S,,62849,Matutino,,,124673,"POINT (  578482.901806286,   6146900.14723074)",TUPAMBAE 4655,2
2026-06-21,D_119,68,,,,S,,62849,Matutino,,,124608,"POINT (  578604.313673397,   6146920.92676790)",MANANTIALES 4712 EN 4708,2
2026-06-21,D_119,69,,,,S,,62849,Matutino,,,124629,"POINT (  578627.947998488,   6147053.39199674)",MANANTIALES 4788,2
2026-06-21,D_119,70,,,,S,,62849,Matutino,,,124609,"POINT (  578657.358465309,   6147213.95724803)",MANANTIALES 4868,2
2026-06-21,D_119,71,,,,S,,62849,Matutino,,,124599,"POINT (  578680.409912276,   6147333.98374776)",MANANTIALES 4922,2
2026-06-21,D_119,72,,,,N,,62849,Matutino,,,124632,"POINT (  578715.864237936,   6147529.64142710)",MANANTIALES 4998,2
2026-06-21,D_119,73,,,,N,,62849,Matutino,,,124631,"POINT (  578680.150728550,   6147604.38659413)",CAP RUIZ DE ALDA 5170,2
2026-06-21,D_119,74,,,,N,,62849,Matutino,,,124633,"POINT (  578702.274348572,   6147782.09015784)",TENIENTE DURAN 5232 5232/5236,2
2026-06-21,D_119,75,,,,S,,62849,Matutino,,,124612,"POINT (  578801.782139080,   6147827.86248716)",CNO BOISO LANZA 4123,2
2026-06-21,D_119,76,,,,S,,62849,Matutino,,,124634,"POINT (  578856.487175395,   6147729.50981549)",RAMON FRANCO Esq. AV JOSE BELLONI,2
2026-06-21,D_119,77,,,,S,,62849,Matutino,,,124610,"POINT (  578685.799144110,   6147701.27260082)",RAMON FRANCO 4144,2
2026-06-21,D_119,78,,,,S,,62849,Matutino,,,124630,"POINT (  578805.855918380,   6147553.75533711)",CNO CAP CORALIO C LACOSTA 4113,2
2026-06-21,D_119,79,,,,S,,62849,Matutino,,,124611,"POINT (  578803.574592218,   6147417.55770598)",AV JOSE BELLONI 5017 5015/5017,2
2026-06-21,D_119,80,,,,S,,62849,Matutino,,,124670,"POINT (  578785.487021880,   6147316.31220077)",AV JOSE BELLONI 4975,2
2026-06-21,D_119,81,,,,S,,62849,Matutino,,,172474,"POINT (  578767.209777525,   6147229.15033785)",AV JOSE BELLONI 4939 ESQ. MURO VEGETAL,2
2026-06-21,D_119,82,,,,N,,62849,Matutino,,,124671,"POINT (  578766.035873666,   6147223.09652600)",AV JOSE BELLONI 4939 ESQ. MURO VEGETAL,2
2026-06-21,A_108,43,S,50,,S,,62850,Matutino,2026-06-21 07:12:04,,177488,"POINT (  571287.697788701,   6142831.64137910)",ATANASILDO SUAREZ 107,1
2026-06-21,A_108,81,S,75,,S,,62850,Matutino,2026-06-21 07:23:01,,182018,"POINT (  571743.743238983,   6142676.61090396)",CAP FLORENCIO 4075 EN 4077,2
2026-06-21,A_108,82,S,50,,S,,62850,Matutino,2026-06-21 07:27:17,,182094,"POINT (  571856.538352787,   6142628.24772822)",JACQUARD 184,2
2026-06-21,A_108,96,S,75,,S,,62850,Matutino,2026-06-21 07:30:56,,100806,"POINT (  572130.646369970,   6142893.25449884)",GRAL HORNOS 4300,3
2026-06-21,A_108,97,S,75,,S,,62850,Matutino,2026-06-21 07:32:10,,100807,"POINT (  572024.857885270,   6142914.58568303)",CNO MOLINOS DE RAFFO 339,3
2026-06-21,A_108,98,S,100,,S,,62850,Matutino,2026-06-21 07:35:01,,176135,"POINT (  572061.295280175,   6142740.48532222)",CNO MOLINOS DE RAFFO 255 VUELVE AL LUGAR 255,3
2026-06-21,A_108,99,S,75,,S,,62850,Matutino,2026-06-21 07:36:15,,100809,"POINT (  572058.203500320,   6142679.51760977)",CNO CASTRO 241 En 241,3
2026-06-21,A_108,100,S,75,,S,,62850,Matutino,2026-06-21 07:36:52,,100804,"POINT (  571997.474997400,   6142526.81524696)",CNO CASTRO 175 152 B,3
2026-06-21,A_108,101,S,50,,S,,62850,Matutino,2026-06-21 07:38:42,,100805,"POINT (  571963.471632580,   6142439.87169865)",CNO CASTRO 143,3
2026-06-21,A_108,102,S,50,,S,,62850,Matutino,2026-06-21 07:39:34,,175767,"POINT (  571962.203245115,   6142434.07209481)",CNO CASTRO 139 TRASLADO PROVISORIO DESDE CNO CASTRO 69 POR CALLE CERRADA,3
2026-06-21,A_108,103,S,50,,S,,62850,Matutino,2026-06-21 07:40:53,,181997,"POINT (  571899.292195526,   6142277.32292198)",CNO CASTRO 55 EN 112,3
2026-06-21,A_108,104,N,,Contenedor No Está,S,,62850,Matutino,2026-06-21 07:42:14,,183057,"POINT (  571804.652164053,   6142357.85233922)","FELIPE CABALLERO 3994 ANTES DE MARCELINO DIAZ Y GARCIA (PROV POR EVENTO, O: MARCELINO DIAZ Y GARCIA 38)",3
2026-06-21,A_108,105,S,100,,S,,62850,Matutino,2026-06-21 07:14:36,,180220,"POINT (  571501.069542938,   6142686.84180057)",MARIANO SAGASTA 112 VEREDA. EN 110,3
2026-06-21,A_108,106,S,100,,S,Requiere Limpieza,62850,Matutino,2026-06-21 07:19:27,,171552,"POINT (  571548.571523605,   6142757.33916063)",MARIANO SAGASTA 140 En 144,3
2026-06-21,G_103,39,S,50,,S,,62850,Matutino,2026-06-21 08:15:53,,116591,"POINT (  571795.084953053,   6145134.69697422)",LUIS GIRALT 1046,4
2026-06-21,G_103,40,S,25,,S,,62850,Matutino,2026-06-21 08:17:14,,116592,"POINT (  571854.155240183,   6145244.10123736)",LUIS GIRALT 1110 EN 1108/1110,4
2026-06-21,G_103,41,N,,Contenedor No Está,S,,62850,Matutino,2026-06-21 08:20:16,,116647,"POINT (  571965.883842978,   6145175.17254409)",VEDIA 1103,4
2026-06-21,G_103,42,S,100,,S,,62850,Matutino,2026-06-21 08:21:27,,116602,"POINT (  571902.645774393,   6145085.16449462)",VEDIA 1063 EN 1065,4
2026-06-21,G_103,68,S,75,,S,,62850,Matutino,2026-06-21 09:32:13,,116609,"POINT (  571778.013079024,   6145454.81464965)",BV JOSE BATLLE Y ORDOÑEZ 3,5
2026-06-21,G_103,69,S,75,,S,,62850,Matutino,2026-06-21 09:28:34,,116610,"POINT (  571729.201946239,   6145347.57442688)",IGNACIO RIVAS 1118,5
2026-06-21,G_103,70,S,75,,S,,62850,Matutino,2026-06-21 07:54:19,,180702,"POINT (  571319.086484314,   6145171.17891046)",QUICUYO 929,5
2026-06-21,G_103,71,S,75,,S,,62850,Matutino,2026-06-21 07:54:28,,180700,"POINT (  571330.352144009,   6145113.56173878)",QUICUYO 4983 EN 4987,5
2026-06-21,G_103,72,S,100,,S,,62850,Matutino,2026-06-21 07:56:11,,180701,"POINT (  571435.217644009,   6145039.19813878)",QUICUYO 4927 EN 4927,5
2026-06-21,G_103,73,S,50,,S,,62850,Matutino,2026-06-21 07:56:40,,180705,"POINT (  571490.872886928,   6144950.42700000)",QUICUYO 917,5
2026-06-21,G_103,74,S,50,,S,,62850,Matutino,2026-06-21 08:01:13,,180706,"POINT (  571494.031928323,   6144825.26360131)",QUICUYO 867 EN 4812,5
2026-06-21,G_103,75,S,100,,S,Requiere Limpieza,62850,Matutino,2026-06-21 08:01:23,,180704,"POINT (  571394.460311983,   6144900.44165294)",GABRIEL VELAZCO 857,5
2026-06-21,G_103,76,S,25,,S,,62850,Matutino,2026-06-21 08:02:23,,180703,"POINT (  571462.216303268,   6144999.35232832)",GABRIEL VELAZCO 897 FTE 897,5
2026-06-21,G_103,77,S,75,,S,,62850,Matutino,2026-06-21 09:20:29,,116630,"POINT (  571456.212261075,   6145507.55311495)",REIMS Esq. DANUBIO,5
2026-06-21,G_103,78,S,75,,S,,62850,Matutino,2026-06-21 09:20:36,,170012,"POINT (  571452.685676769,   6145597.64131405)",REIMS Esq. AMIENS,5
2026-06-21,G_103,79,S,50,,S,,62850,Matutino,2026-06-21 09:23:22,,116632,"POINT (  571637.510754276,   6145566.54325244)",BV JOSE BATLLE Y ORDOÑEZ Esq. PAYAGUAS ANTES BT,5
2026-06-21,G_103,80,S,50,,S,,62850,Matutino,2026-06-21 09:24:47,,116659,"POINT (  571589.100369706,   6145463.79140968)",28 DE FEBRERO 1123 FTE 1124,5
2026-06-21,G_103,81,S,75,,S,,62850,Matutino,2026-06-21 09:26:23,,116660,"POINT (  571511.532552083,   6145313.29687500)",28 DE FEBRERO 1056,5
2026-06-21,G_103,82,S,50,,S,,62850,Matutino,2026-06-21 08:07:39,,181850,"POINT (  571569.836693246,   6144767.82001852)",AV SAYAGO 854,5
2026-06-21,G_103,83,S,50,,S,,62850,Matutino,2026-06-21 08:09:47,,181807,"POINT (  571580.130810893,   6144923.92023639)",AV SAYAGO 920,5
2026-06-21,G_103,84,S,100,,S,Requiere Limpieza,62850,Matutino,2026-06-21 08:14:14,,169352,"POINT (  571620.662849621,   6145007.19617377)",AV SAYAGO 954,5
2026-06-21,G_103,85,S,100,,S,,62850,Matutino,2026-06-21 08:14:21,,172892,"POINT (  571625.648607063,   6145014.79310779)",AV SAYAGO 954 PROV (O: SAYAGO 972),5
2026-06-21,G_103,86,S,100,,S,Requiere Limpieza,62850,Matutino,2026-06-21 08:14:29,,172893,"POINT (  571630.297286376,   6145021.52567783)",AV SAYAGO 964 PROV (O: SAYAGO 978),5
2026-06-21,G_103,87,S,100,,S,,62850,Matutino,2026-06-21 09:34:16,,116633,"POINT (  571736.014665921,   6145189.83992880)",AV SAYAGO 1070 EN 1066,5
2026-06-21,G_103,88,S,75,,S,,62850,Matutino,2026-06-21 09:35:47,,116634,"POINT (  571799.865184027,   6145307.02381864)",AV SAYAGO 1122,5
2026-06-21,G_103,89,S,75,,S,,62850,Matutino,2026-06-21 08:19:31,,116648,"POINT (  571977.665840546,   6145316.79696384)",BV JOSE BATLLE Y ORDOÑEZ 6073,5
2026-06-21,G_103,90,S,50,,S,,62850,Matutino,2026-06-21 08:31:12,,116594,"POINT (  572083.303070448,   6145240.81510197)",BV JOSE BATLLE Y ORDOÑEZ 6037,5
2026-06-21,G_103,91,S,25,,S,,62850,Matutino,2026-06-21 08:24:46,,116651,"POINT (  572057.494885296,   6144990.50776585)",BELL 1044 VEREDA. FTE 1073. MURO C/REJAS.,5
2026-06-21,G_103,92,S,100,,S,,62850,Matutino,2026-06-21 08:27:28,,116636,"POINT (  572115.683526351,   6145072.34055170)",BELL 1108 LEÑERA.,5
2026-06-21,G_103,93,S,100,,S,,62850,Matutino,2026-06-21 08:27:37,,116637,"POINT (  572118.248314938,   6145075.70683672)",BELL 1108 LEÑERA.,5
2026-06-21,G_103,94,S,100,,S,Requiere Limpieza,62850,Matutino,2026-06-21 09:47:03,,116705,"POINT (  572694.965073468,   6144972.83476947)",OLIVERAS Esq. PASTOR MURO. FTE 4540,5
2026-06-21,G_103,95,N,,Contenedor No Está,S,,62850,Matutino,2026-06-21 09:48:28,,116741,"POINT (  572812.785049156,   6144887.87614754)",OLIVERAS 4505 ARBOL/ARBOL,5
2026-06-21,G_103,96,N,,Contenedor No Está,N,,62850,Matutino,2026-06-21 09:50:27,,116742,"POINT (  572846.768497925,   6144860.30467024)",OLIVERAS 4489 EN 4497. CERCO VEGETAL,5
2026-06-21,G_103,97,S,100,,S,Requiere Limpieza,62850,Matutino,2026-06-21 09:49:37,,116714,"POINT (  572948.291585334,   6144786.17392032)",OLIVERAS 4441 EN 4447/4441. MURO,5
2026-06-21,G_103,98,S,50,,S,Requiere Limpieza,62850,Matutino,2026-06-21 09:53:07,,173212,"POINT (  573023.258438780,   6144729.17643508)",OLIVERAS 4407,5
2026-06-21,G_103,99,S,100,,S,Requiere Limpieza,62850,Matutino,2026-06-21 09:54:39,,184206,"POINT (  573079.691724391,   6144713.04965366)",OLIVERAS Esq. CNO CORONEL RAIZ,5
2026-06-21,G_103,100,S,50,,S,,62850,Matutino,2026-06-21 09:56:22,,116663,"POINT (  573156.241891516,   6144532.77362627)",SORIA 1163 EN 1153,5
2026-06-21,G_103,101,S,100,,S,,62850,Matutino,2026-06-21 09:58:10,,116712,"POINT (  572984.281518700,   6144604.29403161)",BV JOSE BATLLE Y ORDOÑEZ 5580 PDO EL 5580,5
2026-06-21,G_103,102,S,100,,S,,62850,Matutino,2026-06-21 10:00:52,,130272,"POINT (  572763.309957926,   6144768.23679562)",BV JOSE BATLLE Y ORDOÑEZ 5152 MURO,5
2026-06-21,G_103,103,S,100,,S,Requiere Limpieza,62850,Matutino,2026-06-21 10:02:26,,116711,"POINT (  572688.016493449,   6144820.56750004)",BV JOSE BATLLE Y ORDOÑEZ 5748 MURO C/REJA,5
2026-06-21,G_103,104,N,,"Contenedor Roto (choque, desfonde, etc.)",S,,62850,Matutino,2026-06-21 10:04:44,,176524,"POINT (  572558.276943572,   6144920.65968408)",BV JOSE BATLLE Y ORDOÑEZ 5822,5
2026-06-21,G_103,105,N,,Contenedor No Está,S,,62850,Matutino,2026-06-21 10:06:34,,116665,"POINT (  572463.492903546,   6144997.20026104)",GUSTAVO A BECQUER 1175 MURO. PDO REBAJE,5
2026-06-21,G_103,106,S,100,,S,Requiere Limpieza,62850,Matutino,2026-06-21 10:07:29,,159872,"POINT (  572521.681544600,   6145083.12067868)",GUSTAVO A BECQUER Esq. OLIVERAS,5
2026-06-21,G_103,107,S,100,,S,Requiere Limpieza,62850,Matutino,2026-06-21 10:09:32,,180605,"POINT (  572384.798369511,   6145158.36018464)",LAFAYETTE 1193 FTE 1196,5
2026-06-21,G_104,79,S,75,,S,,62850,Matutino,2026-06-21 09:39:27,,180249,"POINT (  572089.480311966,   6145507.76760781)",OLEGARIO ANDRADE Esq. AV SAYAGO,6
2026-06-21,G_104,80,S,100,,S,,62850,Matutino,2026-06-21 09:40:38,,116679,"POINT (  572201.804318090,   6145428.32519248)",OLEGARIO ANDRADE 4701 EN 4701/4705,6
2026-06-21,G_104,81,S,100,,S,Requiere Limpieza,62850,Matutino,2026-06-21 09:42:25,,116748,"POINT (  572326.196564530,   6145340.48118339)",ARANGUA 4743 FTE 4748,6
2026-06-21,G_104,82,S,75,,S,,62850,Matutino,2026-06-21 09:45:01,,116707,"POINT (  572478.160288274,   6145237.24844279)",ARANGUA 4647 CERCO VEGETAL,6
2026-06-21,G_104,83,S,50,,S,,62850,Matutino,2026-06-21 09:45:09,,180434,"POINT (  572482.211822004,   6145235.07222201)",ARANGUA 4647,6
2026-06-21,G_104,84,N,,Contenedor No Está,S,,62850,Matutino,2026-06-21 09:45:59,,184214,"POINT (  572563.602767875,   6145185.99524300)",ARANGUA 4611,6
2026-06-21,G_104,85,S,75,,S,,62850,Matutino,2026-06-21 10:13:23,,116704,"POINT (  572348.266316178,   6145513.08222970)",CNO GRAL MAXIMO SANTOS 4682,6
2026-06-21,G_104,86,S,50,,S,,62850,Matutino,2026-06-21 10:14:26,,116736,"POINT (  572145.623197486,   6145657.00191482)",CNO GRAL MAXIMO SANTOS 4781 FTE 4781,6
2026-06-21,G_104,87,S,75,,S,,62850,Matutino,2026-06-21 10:16:36,,116737,"POINT (  571975.702174271,   6145772.08701267)",CNO GRAL MAXIMO SANTOS 4873 FTE 4873/4875. COVIGU,6
2026-06-21,G_104,88,S,75,,S,Requiere Limpieza,62850,Matutino,2026-06-21 10:18:54,,131492,"POINT (  571860.206538240,   6145855.44264175)",CNO GRAL MAXIMO SANTOS 4900 PROV OV (O: ARAURE 1294),6
2026-06-21,G_104,89,S,50,,S,,62850,Matutino,2026-06-21 10:20:51,,179816,"POINT (  571719.375878431,   6145956.88009565)",CNO GRAL MAXIMO SANTOS 4976 EN 4970/4976,6
2026-06-21,G_104,90,N,,Contenedor No Está,S,,62850,Matutino,2026-06-21 10:21:22,,179944,"POINT (  571559.429800000,   6146072.12710000)",CNO GRAL MAXIMO SANTOS 5084,6
2026-06-21,G_105,94,S,100,,S,Requiere Limpieza,62850,Matutino,2026-06-21 10:27:40,,168033,"POINT (  572754.856971618,   6145924.45818793)",SCHILLER Esq. AV SAYAGO,7
2026-06-21,G_105,95,S,75,,S,,62850,Matutino,2026-06-21 10:30:55,,175897,"POINT (  572892.774393196,   6145808.55510043)",SCHILLER 4656 PROV A.,7
2026-06-21,G_105,96,S,50,,S,,62850,Matutino,2026-06-21 10:31:02,,116762,"POINT (  572895.259032139,   6145806.23076078)",SCHILLER 4656 VEREDA. FTE 4652,7
2026-06-21,G_105,97,S,75,,S,,62850,Matutino,2026-06-21 10:32:32,,116763,"POINT (  572719.713283497,   6145685.16939755)",CNO EDISON 4650 VEREDA. FTE 4652,7
2026-06-21,G_105,98,S,75,,S,,62850,Matutino,2026-06-21 10:34:05,,116830,"POINT (  572623.015641108,   6145754.23914211)",CNO EDISON 4673 EN 4672. MURO,7
2026-06-21,G_105,99,S,75,,S,,62850,Matutino,2026-06-21 10:35:04,,137832,"POINT (  572546.087110997,   6145835.36515615)",BELL 1470,7
2026-06-21,G_105,83,S,25,,S,,62850,Matutino,2026-06-21 10:40:51,,116775,"POINT (  571501.376585079,   6146555.71007551)",CNO EDISON 5172 EN 5172/5174,8
2026-06-21,G_111,85,S,50,,S,,62850,Matutino,2026-06-21 11:22:41,,157412,"POINT (  568261.931552187,   6149020.43062495)",LISTER 6395 FTE 6395,9
2026-06-21,G_111,86,S,75,,S,,62850,Matutino,2026-06-21 11:23:03,,129320,"POINT (  568260.272766916,   6149021.70213108)",LISTER 6395 FTE 6395,9
2026-06-21,G_111,87,S,75,,S,,62850,Matutino,2026-06-21 11:23:57,,129308,"POINT (  568193.600805072,   6149093.84890547)",LISTER 6420 FTE 6435,9
2026-06-21,G_111,88,S,100,,S,,62850,Matutino,2026-06-21 11:24:39,,129357,"POINT (  568126.916301826,   6149165.42253696)",LISTER 6448 MURO,9
2026-06-21,G_111,89,S,75,,S,,62850,Matutino,2026-06-21 11:26:55,,182027,"POINT (  568038.767242266,   6149112.80812419)",PEABODY 1709,9
2026-06-21,G_111,90,S,75,,S,,62850,Matutino,2026-06-21 11:27:52,,129358,"POINT (  568108.525259314,   6148885.23444358)",JULIO VERNE 6396 FTE 6396,9
2026-06-21,G_111,91,S,50,,S,,62850,Matutino,2026-06-21 11:29:19,,129292,"POINT (  568194.910381663,   6148668.40778648)",JULIO VERNE 6318 FTE 6318. CANCHA,9
2026-06-21,G_111,92,S,50,,S,,62850,Matutino,2026-06-21 11:09:50,,129293,"POINT (  568325.351916410,   6148578.56725924)",JULIO CESAR TRIAY ANGLADA 6377 6385/6377. MURETE,9
2026-06-21,G_111,93,S,75,,S,,62850,Matutino,2026-06-21 11:10:42,,129301,"POINT (  568374.418400413,   6148433.89674233)",JULIO CESAR TRIAY ANGLADA 6321 MURETE,9
2026-06-21,G_111,94,S,50,,S,,62850,Matutino,2026-06-21 11:13:26,,129313,"POINT (  568466.159665838,   6148309.04567751)",JULIO CESAR TRIAY ANGLADA 6263 MURO,9
2026-06-21,G_111,95,S,50,,S,,62850,Matutino,2026-06-21 11:15:35,,129314,"POINT (  568600.920456703,   6148231.29906740)",ISOLICA 6209 BALDIO,9
2026-06-21,G_111,96,S,50,,S,,62850,Matutino,2026-06-21 10:58:51,,180323,"POINT (  568742.741961905,   6148159.82713334)",ISOLICA 6171 MURO,9
2026-06-21,G_111,97,S,75,,S,Requiere Limpieza,62850,Matutino,2026-06-21 11:02:31,,129317,"POINT (  568910.179194712,   6147904.76330492)",GALILEO 1663 EN 1363/1365,9
2026-06-21,G_111,98,N,,Fuego,S,,62850,Matutino,2026-06-21 10:49:18,,129360,"POINT (  568692.412110303,   6147941.13673517)",ANTONIO RUBIO Esq. JUAN P LAMOLLE,9
2026-06-21,G_111,99,S,25,,S,,62850,Matutino,2026-06-21 10:49:44,,131552,"POINT (  568550.286367590,   6148022.14700970)",ANTONIO RUBIO 6436,9
2026-06-21,G_111,100,S,50,,S,,62850,Matutino,2026-06-21 10:51:02,,129315,"POINT (  568407.480128284,   6148098.83115841)",ANTONIO RUBIO 6458 EN 6462/6458,9
2026-06-21,G_111,101,S,50,,S,,62850,Matutino,2026-06-21 10:56:05,,129318,"POINT (  568353.434745098,   6148225.21191546)",TACUATY Esq. JULIO VERNE,9
2026-06-21,G_111,102,S,50,,S,,62850,Matutino,2026-06-21 10:55:53,,183835,"POINT (  568355.624838095,   6148224.24760952)",TACUATY Esq. JULIO VERNE JUNTO A POS 101,9
2026-06-21,G_111,103,S,50,,S,,62850,Matutino,2026-06-21 10:56:56,,129312,"POINT (  568567.773509586,   6148112.59401198)",TACUATY 6215,9
2026-06-21,G_111,104,N,,Contenedor Volcado,S,,62850,Matutino,2026-06-21 11:06:22,,129362,"POINT (  568273.165059727,   6148467.18454493)",JULIO VERNE 6244,9
2026-06-21,G_111,105,S,50,,S,,62850,Matutino,2026-06-21 11:07:34,,132492,"POINT (  568227.086691346,   6148602.04666969)",JULIO VERNE 6296,9
2026-06-21,G_111,106,S,50,,S,,62850,Matutino,2026-06-21 11:32:31,,180122,"POINT (  568425.202388309,   6148590.95740125)",APOLO XI 6371,9
2026-06-21,G_111,107,N,,Contenedor No Está,N,,62850,Matutino,2026-06-21 11:33:02,,181552,"POINT (  568463.732379085,   6148482.65750000)",APOLO XI 6329 Opt de ruta,9
2026-06-21,G_111,108,S,50,,S,,62850,Matutino,2026-06-21 11:34:18,,181551,"POINT (  568590.354155991,   6148448.53689216)",SPUTNIK I 1648 Opt de ruta,9
2026-06-21,G_111,109,S,75,,S,,62850,Matutino,2026-06-21 11:19:09,,129365,"POINT (  568542.358391068,   6148549.59442985)",DOMINGO BASSO 6292,9
2026-06-21,E_112,102,S,100,,S,,62851,Matutino,2026-06-21 07:22:50,,147755,"POINT (  584057.340606767,   6138287.02034016)",AV GRAL JOSE MARIA PAZ 1380,0
2026-06-21,E_112,103,S,75,,S,,62851,Matutino,2026-06-21 07:14:15,,147756,"POINT (  584078.129691867,   6138521.20976825)",AV GRAL JOSE MARIA PAZ 1466,0
2026-06-21,E_112,104,S,75,,S,,62851,Matutino,2026-06-21 07:14:23,,147758,"POINT (  584078.314389539,   6138528.51846750)",AV GRAL JOSE MARIA PAZ 1466,0
2026-06-21,E_112,105,S,75,,S,,62851,Matutino,2026-06-21 07:16:50,,147759,"POINT (  584072.839815408,   6138671.57049913)",AV GRAL JOSE MARIA PAZ 1546,0
2026-06-21,E_111,54,S,50,,S,,62851,Matutino,2026-06-21 07:38:19,,107858,"POINT (  585584.462088514,   6140666.81572005)",ORLEANS 2383,1
2026-06-21,E_111,55,S,50,,S,,62851,Matutino,2026-06-21 07:39:44,,107879,"POINT (  585603.587583460,   6140465.87757841)",ORLEANS 2319,1
2026-06-21,E_111,56,S,50,,S,,62851,Matutino,2026-06-21 07:39:51,,175434,"POINT (  585604.061110544,   6140461.18727435)",ORLEANS 2319,1
2026-06-21,E_111,57,S,50,,S,,62851,Matutino,2026-06-21 07:41:40,,107867,"POINT (  585611.911439290,   6140347.57032962)",ORLEANS 2267,1
2026-06-21,E_111,58,S,50,,S,,62851,Matutino,2026-06-21 07:47:29,,107859,"POINT (  585725.789424210,   6140397.24699455)",EDMUNDO BIANCHI 2277,1
2026-06-21,E_111,59,S,50,,S,,62851,Matutino,2026-06-21 08:17:59,,107890,"POINT (  585817.504189480,   6140475.03871376)",DR ALVARO VARGAS GUILLEMETTE 2298,1
2026-06-21,E_111,60,S,50,,S,,62851,Matutino,2026-06-21 08:18:03,,183139,"POINT (  585830.504269499,   6140319.53968911)",DR ALVARO VARGAS GUILLEMETTE 2260,1
2026-06-21,E_111,61,S,75,,S,,62851,Matutino,2026-06-21 08:18:06,,183138,"POINT (  585830.939999346,   6140315.18239063)",DR ALVARO VARGAS GUILLEMETTE Esq. GRAL MAXIMO TAJES,1
2026-06-21,E_111,62,S,75,,S,,62851,Matutino,2026-06-21 08:18:13,,175696,"POINT (  585640.799690961,   6140191.37867571)",ORLEANS 2224 EN 2222 PDO ARBOL,1
2026-06-21,E_111,63,S,50,,S,,62851,Matutino,2026-06-21 07:51:54,,107866,"POINT (  585957.673745120,   6140376.24842095)",DR ENRIQUE AZAROLA 2268,1
2026-06-21,E_111,64,S,75,,S,,62851,Matutino,2026-06-21 07:55:09,,179124,"POINT (  585940.301261017,   6140573.80400283)",DR ENRIQUE AZAROLA 2342,1
2026-06-21,E_111,65,S,50,,S,,62851,Matutino,2026-06-21 08:00:14,,107864,"POINT (  585961.087951630,   6140681.82697790)",DR ALFREDO VASQUEZ ACEVEDO 7215,1
2026-06-21,E_111,66,S,75,,S,,62851,Matutino,2026-06-21 08:03:30,,107865,"POINT (  585917.552304920,   6140811.70102896)",DR ENRIQUE AZAROLA 2404,1
2026-06-21,E_111,67,S,75,,S,,62851,Matutino,2026-06-21 08:05:49,,107856,"POINT (  585787.244705600,   6140817.89011018)",DR ALVARO VARGAS GUILLEMETTE 2433,1
2026-06-21,E_111,68,S,75,,S,,62851,Matutino,2026-06-21 08:10:08,,107883,"POINT (  585797.660139758,   6140684.44864158)",DR ALVARO VARGAS GUILLEMETTE 2353,1
2026-06-21,E_111,69,S,75,,S,,62851,Matutino,2026-06-21 08:17:35,,107868,"POINT (  585720.590012090,   6140660.64108954)",DR ALFREDO VASQUEZ ACEVEDO 7109,1
2026-06-21,E_111,70,S,50,,S,,62851,Matutino,2026-06-21 08:17:40,,107869,"POINT (  585701.039744730,   6140712.46094192)",EDMUNDO BIANCHI 2370,1
2026-06-21,E_111,71,S,50,,S,,62851,Matutino,2026-06-21 08:17:44,,107884,"POINT (  585687.794773420,   6140855.45678143)",EDMUNDO BIANCHI 2448,1
2026-06-21,E_111,72,S,75,,S,,62851,Matutino,2026-06-21 08:17:24,,107861,"POINT (  585683.763207020,   6140924.57481756)",EDMUNDO BIANCHI 2454,1
2026-06-21,E_111,73,S,50,,S,,62851,Matutino,2026-06-21 08:20:38,,107885,"POINT (  585660.415122990,   6141162.61972530)",EDMUNDO BIANCHI 2546,1
2026-06-21,E_111,74,S,100,,S,"Basura Afuera, Requiere Limpieza",62851,Matutino,2026-06-21 08:23:37,,107862,"POINT (  585758.199990850,   6141180.02318169)",DR ALVARO VARGAS GUILLEMETTE 2543,1
2026-06-21,E_111,75,S,75,,S,,62851,Matutino,2026-06-21 08:47:38,,180868,"POINT (  585769.780154466,   6141011.04164553)",DR ALVARO VARGAS GUILLEMETTE 2475,1
2026-06-21,E_108,1,S,75,,S,,62851,Matutino,2026-06-21 08:46:47,,180093,"POINT (  582141.905975599,   6137990.41695272)",AMAZONAS 1360 EN 1360,2
2026-06-21,E_108,2,S,75,,S,,62851,Matutino,2026-06-21 08:52:59,,107657,"POINT (  582036.071698240,   6138039.39873485)",RIO DE LA PLATA Esq. MAL ABRIGO,2
2026-06-21,E_108,3,S,50,,S,,62851,Matutino,2026-06-21 08:53:04,,179167,"POINT (  582035.965179879,   6138036.72471106)",RIO DE LA PLATA Esq. MAL ABRIGO,2
2026-06-21,E_108,4,S,75,,S,,62851,Matutino,2026-06-21 08:54:47,,107623,"POINT (  581959.321962900,   6138089.29313001)",RIMAC 1368,2
2026-06-21,E_108,5,N,,Fuego,S,,62851,Matutino,2026-06-21 08:55:28,,181070,"POINT (  581906.067117514,   6138156.53931695)",ORINOCO 4883,2
2026-06-21,E_108,6,S,50,,S,,62851,Matutino,2026-06-21 08:59:42,,107653,"POINT (  581805.525490770,   6138132.66836882)",RBLA O´HIGGINS 4741 EN 4741,2
2026-06-21,E_108,7,S,50,,S,,62851,Matutino,2026-06-21 09:53:43,,107654,"POINT (  581701.420568641,   6138171.53641113)",RBLA CONCEPCION DEL URUGUAY 1406,2
2026-06-21,E_108,8,S,50,,S,,62851,Matutino,2026-06-21 09:53:39,,180094,"POINT (  581701.274167321,   6138173.31455621)",RBLA CONCEPCION DEL URUGUAY 1406 EN 4705,2
2026-06-21,E_108,9,S,50,,S,,62851,Matutino,2026-06-21 09:57:56,,107650,"POINT (  581620.629728170,   6138171.61656078)",RBLA REPUBLICA DE CHILE 4673 EN 4697,2
2026-06-21,E_108,10,S,75,,S,Poda,62851,Matutino,2026-06-21 09:57:51,,179731,"POINT (  581617.072218083,   6138171.45888845)",RBLA REPUBLICA DE CHILE 4673 EN 4697,2
2026-06-21,E_108,11,S,50,,S,,62851,Matutino,2026-06-21 10:01:31,,111832,"POINT (  581619.026735304,   6138270.84181921)",ALMERIA 4746 VEREDA,2
2026-06-21,E_108,12,N,,Auto,S,Requiere Limpieza,62851,Matutino,2026-06-21 10:04:54,,107642,"POINT (  581820.963761660,   6138229.04378022)",AV 18 DE DICIEMBRE 1433 FTE 1446,2
2026-06-21,E_108,13,S,75,,S,Requiere Limpieza,62851,Matutino,2026-06-21 10:07:27,,181068,"POINT (  582094.541693785,   6138135.74835650)",ORINOCO 4978,2
2026-06-21,E_108,14,S,75,,S,,62851,Matutino,2026-06-21 10:10:08,,181072,"POINT (  582218.157512995,   6138132.58451469)",ORINOCO 5034,2
2026-06-21,E_108,15,S,75,,S,,62851,Matutino,2026-06-21 10:14:01,,107649,"POINT (  582228.016708540,   6138249.22374795)",ACONCAGUA 5039 VEREDA,2
2026-06-21,E_108,16,S,50,,S,,62851,Matutino,2026-06-21 10:17:44,,181949,"POINT (  582123.581546075,   6138253.95749613)",ACONCAGUA 4996,2
2026-06-21,E_108,17,S,50,,S,,62851,Matutino,2026-06-21 10:17:39,,107640,"POINT (  582114.941592020,   6138254.31212819)",ACONCAGUA 4992 VEREDA. MURO. FTE 4992,2
2026-06-21,E_108,18,S,75,,S,,62851,Matutino,2026-06-21 10:19:20,,107641,"POINT (  581971.685165932,   6138256.97593091)",ACONCAGUA 4905 VEREDA. FTE 4906,2
2026-06-21,E_108,19,S,75,,S,,62851,Matutino,2026-06-21 10:20:53,,107643,"POINT (  581765.483573370,   6138268.36896643)",ALMERIA 4803 EN 4803,2
2026-06-21,E_108,20,S,75,,S,,62851,Matutino,2026-06-21 10:23:01,,179170,"POINT (  581688.997373925,   6138277.49423961)",ALMERIA 4757 VEREDA. EN 4757,2
2026-06-21,E_108,21,S,50,,S,,62851,Matutino,2026-06-21 10:27:42,,107718,"POINT (  581569.766089362,   6138402.96325393)",ACEGUA 4732,2
2026-06-21,E_108,22,S,50,,S,,62851,Matutino,2026-06-21 10:31:25,,179171,"POINT (  581683.867796752,   6138376.87979733)",PILCOMAYO 4754 EN 4758 BIS,2
2026-06-21,E_108,23,S,75,,S,,62851,Matutino,2026-06-21 10:31:16,,180099,"POINT (  581688.361896732,   6138376.46191918)",PILCOMAYO 4754 EN 4758 BIS,2
2026-06-21,E_108,24,S,75,,S,Requiere Limpieza,62851,Matutino,2026-06-21 10:33:27,,180100,"POINT (  581804.810698475,   6138353.58610219)",PILCOMAYO 4838 ESQ.,2
2026-06-21,E_108,25,S,50,,S,,62851,Matutino,2026-06-21 10:38:43,,173992,"POINT (  581861.151836645,   6138350.37332059)",PILCOMAYO 4858 EN 4858,2
2026-06-21,E_108,26,S,75,,S,Requiere Limpieza,62851,Matutino,2026-06-21 10:38:32,,107715,"POINT (  582041.619183400,   6138344.82692951)",PILCOMAYO 4948,2
2026-06-21,E_108,27,S,75,,S,Requiere Limpieza,62851,Matutino,2026-06-21 10:41:01,,107716,"POINT (  582170.897629060,   6138339.45051022)",PILCOMAYO 5094 MURO,2
2026-06-21,E_108,28,S,100,,S,,62851,Matutino,2026-06-21 10:46:53,,107712,"POINT (  582260.097312700,   6138452.84408070)",DR DECROLY 5043 EN 5047,2
2026-06-21,E_108,29,S,100,,S,,62851,Matutino,2026-06-21 10:48:39,,107713,"POINT (  582133.018311330,   6138457.97611730)",DR DECROLY 4989 EN 4991,2
2026-06-21,E_108,30,S,75,,S,,62851,Matutino,2026-06-21 10:50:57,,107719,"POINT (  582024.503780883,   6138460.55602496)",DR DECROLY 4935,2
2026-06-21,E_108,31,S,75,,S,,62851,Matutino,2026-06-21 10:52:48,,179174,"POINT (  581974.330104162,   6138547.67868725)",RIMAC 1592,2
2026-06-21,E_108,32,S,75,,S,Requiere Limpieza,62851,Matutino,2026-06-21 10:54:14,,158572,"POINT (  581979.463259012,   6138695.26742005)",RIMAC 1652,2
2026-06-21,E_108,33,S,75,,S,,62851,Matutino,2026-06-21 10:56:47,,180939,"POINT (  581838.735786348,   6138757.11083902)",AV 18 DE DICIEMBRE 1693,2
2026-06-21,E_108,34,S,75,,S,,62851,Matutino,2026-06-21 10:59:09,,180124,"POINT (  581837.834152941,   6138614.41035011)",AV 18 DE DICIEMBRE 1627,2
2026-06-21,E_108,35,S,75,,S,,62851,Matutino,2026-06-21 11:02:24,,179173,"POINT (  581818.358898252,   6138524.75588925)",VERDI 4837,2
2026-06-21,E_108,36,S,50,,S,,62851,Matutino,2026-06-21 11:01:59,,107708,"POINT (  581814.766518028,   6138524.84918170)",VERDI 4837,2
2026-06-21,E_108,37,S,75,,S,,62851,Matutino,2026-06-21 11:03:53,,107709,"POINT (  581713.168841320,   6138529.58024693)",VERDI 4791,2
2026-06-21,E_108,38,S,50,,S,,62851,Matutino,2026-06-21 11:05:59,,165734,"POINT (  581554.265823497,   6138535.17534289)",VERDI 4727,2
2026-06-21,E_108,39,,,,S,,62851,Matutino,,,180679,"POINT (  581620.553185876,   6138619.44752769)",RBLA CONCEPCION DEL URUGUAY 1583 EN 1585,2
2026-06-21,E_108,40,,,,S,,62851,Matutino,,,179190,"POINT (  581670.387611571,   6138660.47276665)",RBLA CONCEPCION DEL URUGUAY 1580 EN 1584,2
2026-06-21,E_108,41,,,,S,,62851,Matutino,,,182851,"POINT (  582057.337399346,   6138637.50792157)",RIO DE LA PLATA 1637 EN 1939,2
2026-06-21,E_108,42,,,,S,,62851,Matutino,,,107691,"POINT (  582274.271509050,   6138714.45575570)",MICHIGAN 1665,2
2026-06-21,E_108,43,,,,S,,62851,Matutino,,,183961,"POINT (  582272.549880952,   6138703.79875238)",MICHIGAN 1655,2
2026-06-21,E_108,44,,,,S,,62851,Matutino,,,179178,"POINT (  582166.889605204,   6138755.37495368)",AMAZONAS 1676 EN 1678,2
2026-06-21,E_108,45,,,,S,,62851,Matutino,,,107699,"POINT (  582085.738091338,   6138792.24378961)",DR JOSE DE AGUIRRE Y LECUBE 4962,2
2026-06-21,E_108,46,,,,S,,62851,Matutino,,,107700,"POINT (  581999.585359860,   6138795.71300179)",DR JOSE DE AGUIRRE Y LECUBE 4909,2
2026-06-21,E_108,47,,,,S,,62851,Matutino,,,180103,"POINT (  581756.604873332,   6138805.53264238)",DR JOSE DE AGUIRRE Y LECUBE 4811 ESQ,2
2026-06-21,E_108,48,,,,S,,62851,Matutino,,,107703,"POINT (  581682.621004440,   6138808.29871058)",DR JOSE DE AGUIRRE Y LECUBE 4785,2
2026-06-21,E_108,49,,,,S,,62851,Matutino,,,166992,"POINT (  581513.670012108,   6138807.57240890)",ASAMBLEA 4741 VEREDA. FTE 4740,2
2026-06-21,E_108,50,,,,S,,62851,Matutino,,,107632,"POINT (  581450.358553400,   6138866.42539530)",QUIEBRAYUGOS 4644,2
2026-06-21,E_108,51,,,,S,,62851,Matutino,,,107693,"POINT (  581613.949467140,   6138867.19494008)",QUIEBRAYUGOS 4736,2
2026-06-21,E_108,52,,,,S,,62851,Matutino,,,120174,"POINT (  581691.401846181,   6138867.98520256)",QUIEBRAYUGOS 4756 EN 4764,2
2026-06-21,E_108,53,,,,S,,62851,Matutino,,,165812,"POINT (  581758.326798357,   6138868.28576372)",QUIEBRAYUGOS 4808,2
2026-06-21,E_108,54,,,,S,,62851,Matutino,,,107636,"POINT (  581419.028194453,   6138966.86336975)",AV ESTANISLAO LOPEZ 4540,2
2026-06-21,E_108,55,,,,S,,62851,Matutino,,,107678,"POINT (  581547.631791545,   6138972.66310708)",AV ESTANISLAO LOPEZ 4606 EN 4606,2
2026-06-21,E_108,56,,,,S,,62851,Matutino,,,180104,"POINT (  581563.254306954,   6138972.33684651)",AV ESTANISLAO LOPEZ 4716 EN 4716,2
2026-06-21,E_108,57,,,,S,,62851,Matutino,,,181530,"POINT (  581817.117020879,   6138994.18372528)",AV ESTANISLAO LOPEZ 4836 EN 4836,2
2026-06-21,E_108,58,,,,S,,62851,Matutino,,,107697,"POINT (  581820.283173163,   6138994.19937517)",AV ESTANISLAO LOPEZ 4836 EN 4826,2
2026-06-21,E_108,59,,,,S,,62851,Matutino,,,179022,"POINT (  581823.280406239,   6138994.40608090)",AV ESTANISLAO LOPEZ 4836 EN 4826,2
2026-06-21,E_108,60,,,,S,,62851,Matutino,,,107698,"POINT (  582011.804494610,   6138933.17826773)",AV ENRIQUE LEGRAND 4910,2
2026-06-21,E_108,61,,,,S,,62851,Matutino,,,180105,"POINT (  582119.599009896,   6138878.46672015)",AV ENRIQUE LEGRAND 4972,2
2026-06-21,E_108,62,,,,S,,62851,Matutino,,,107616,"POINT (  582225.150587350,   6138827.11617810)",AV ENRIQUE LEGRAND 5026,2
2026-06-21,E_108,63,,,,S,,62851,Matutino,,,180106,"POINT (  582334.432972540,   6138774.81275410)",AV ENRIQUE LEGRAND 5076 EN 5076,2
2026-06-21,E_108,64,,,,S,,62851,Matutino,,,109872,"POINT (  582329.693568193,   6139013.25643108)",MICHIGAN 1796 1796 FTE PROA,2
2026-06-21,E_108,65,,,,S,,62851,Matutino,,,107690,"POINT (  582291.522300560,   6138910.16395236)",MICHIGAN 1757 EN 1763,2
2026-06-21,E_108,66,,,,S,,62851,Matutino,,,180065,"POINT (  582186.476833987,   6138914.42122920)",AMAZONAS 1706 EN 1706,2
2026-06-21,E_108,67,,,,S,,62851,Matutino,,,107628,"POINT (  582200.223552460,   6139009.67005127)",AMAZONAS 1744,2
2026-06-21,E_108,68,,,,S,,62851,Matutino,,,107684,"POINT (  582041.372386114,   6139098.75010707)",AV ESTANISLAO LOPEZ 4895 EN 4897,2
2026-06-21,E_108,69,,,,S,,62851,Matutino,,,107627,"POINT (  581990.103783757,   6139061.10694407)",AV ESTANISLAO LOPEZ 4881 4869/4871,2
2026-06-21,E_108,70,,,,S,,62851,Matutino,,,181529,"POINT (  581985.578559340,   6139059.01889011)",AV ESTANISLAO LOPEZ 4881 EN 4881,2
2026-06-21,E_108,71,,,,S,,62851,Matutino,,,107681,"POINT (  581665.047170397,   6138998.59187192)",AV ESTANISLAO LOPEZ Esq. RBLA CONCEPCION DEL URUGUAY,2
2026-06-21,E_108,72,,,,S,,62851,Matutino,,,107682,"POINT (  581662.256643050,   6138998.59187192)",AV ESTANISLAO LOPEZ Esq. RBLA CONCEPCION DEL URUGUAY,2
2026-06-21,E_108,73,,,,S,,62851,Matutino,,,179183,"POINT (  581659.466115703,   6138998.54019549)",AV ESTANISLAO LOPEZ Esq. RBLA CONCEPCION DEL URUGUAY,2
2026-06-21,E_108,74,,,,S,,62851,Matutino,,,180107,"POINT (  581557.986085578,   6139007.77760850)",AV ESTANISLAO LOPEZ 4711 EN 4703,2
2026-06-21,E_108,75,,,,S,,62851,Matutino,,,107676,"POINT (  581434.518677235,   6139000.88549973)",AV ESTANISLAO LOPEZ 4639 EN 4653,2
2026-06-21,E_108,76,,,,S,,62851,Matutino,,,181285,"POINT (  582092.070631373,   6139199.69965186)",SEGOVIA 1883,2
2026-06-21,E_108,77,,,,S,,62851,Matutino,,,168352,"POINT (  582092.106940538,   6139160.52646353)",SEGOVIA 1851,2
2026-06-21,E_108,78,,,,N,,62851,Matutino,,,179186,"POINT (  582004.811998335,   6139131.75266938)",VALIENTE 4905,2
2026-06-21,E_108,79,,,,S,,62851,Matutino,,,107689,"POINT (  582001.649054713,   6139131.88211037)",VALIENTE 4905,2
2026-06-21,E_108,80,,,,S,,62851,Matutino,,,183625,"POINT (  581915.333215254,   6139136.42285989)",VALIENTE 4865 PDO PORTON,2
2026-06-21,E_108,81,,,,S,,62851,Matutino,,,183624,"POINT (  581912.395362147,   6139136.64884859)",VALIENTE 4865 PDO PORTON,2
2026-06-21,E_108,82,,,,S,,62851,Matutino,,,179187,"POINT (  581748.333139702,   6139079.25465301)",VICTOR RAUL HAYA DE LA TORRE 1879 FTE 1824,2
2026-06-21,E_108,83,,,,S,,62851,Matutino,,,107683,"POINT (  581745.235585839,   6139021.50079407)",VICTOR RAUL HAYA DE LA TORRE 1809,2
2026-06-21,E_108,84,,,,S,,62851,Matutino,,,107680,"POINT (  581745.581995314,   6139016.53559159)",VICTOR RAUL HAYA DE LA TORRE 1809,2
2026-06-21,E_108,85,,,,S,,62851,Matutino,,,184118,"POINT (  581669.156065440,   6139133.36685920)",OVIEDO 4779,2
2026-06-21,E_108,86,,,,S,,62851,Matutino,,,176246,"POINT (  581667.329198752,   6139133.06564506)",OVIEDO 4779,2
2026-06-21,E_108,87,,,,S,,62851,Matutino,,,176245,"POINT (  581665.967110216,   6139133.00889138)",OVIEDO 4779,2
2026-06-21,E_108,88,,,,S,,62851,Matutino,,,184119,"POINT (  581664.808239354,   6139132.80944560)",OVIEDO 4779,2
2026-06-21,E_108,89,,,,S,,62851,Matutino,,,179021,"POINT (  581597.599851412,   6139129.39924916)",OVIEDO 4730 EN 4729,2
2026-06-21,E_108,90,,,,S,,62851,Matutino,,,176243,"POINT (  581579.305447123,   6139127.50209354)",OVIEDO 4716 FTE 4716,2
2026-06-21,E_108,91,,,,S,,62851,Matutino,,,107671,"POINT (  581447.647043190,   6139124.04115253)",OVIEDO 4677 PDO 4677,2
2026-06-21,C_108,28,S,100,,S,,62854,Matutino,2026-06-21 07:15:22,,134620,"POINT (  573731.327367230,   6140671.34936106)",GRAL ENRIQUE MARTINEZ 1214,0
2026-06-21,C_108,29,S,75,,S,,62854,Matutino,2026-06-21 07:15:26,,134645,"POINT (  573793.107028247,   6140677.45105597)",GRAL ENRIQUE MARTINEZ 1228,0
2026-06-21,C_108,30,S,100,,S,"Basura Afuera, Requiere Limpieza",62854,Matutino,2026-06-21 07:17:33,,134676,"POINT (  573887.768045196,   6140684.90868309)",GRAL ENRIQUE MARTINEZ 1294,0
2026-06-21,C_108,31,S,100,,S,,62854,Matutino,2026-06-21 07:18:58,,134678,"POINT (  573948.954485874,   6140690.24766614)",GRAL ENRIQUE MARTINEZ 1312,0
2026-06-21,C_108,32,S,100,,S,,62854,Matutino,2026-06-21 07:20:40,,135312,"POINT (  574044.702685069,   6140699.22886341)",GRAL ENRIQUE MARTINEZ 1348,0
2026-06-21,C_108,33,S,100,,S,,62854,Matutino,2026-06-21 07:21:41,,134679,"POINT (  574083.276519772,   6140701.77308987)",GRAL ENRIQUE MARTINEZ 1352 EN 1384. ANTES DE CARGA Y DESCARGA,0
2026-06-21,C_108,34,S,100,,S,"Basura Afuera, Requiere Limpieza",62854,Matutino,2026-06-21 07:24:50,,170392,"POINT (  574222.980402300,   6140711.51927901)",GRAL ENRIQUE MARTINEZ 1432,0
2026-06-21,C_108,35,S,100,,S,"Basura Afuera, Requiere Limpieza",62854,Matutino,2026-06-21 07:28:40,,134621,"POINT (  574313.361265535,   6140718.29851360)",GRAL ENRIQUE MARTINEZ 1464 EN 1458/1464. PDO SALIDA GARAJE,0
2026-06-21,C_108,36,S,100,,S,,62854,Matutino,2026-06-21 07:28:51,,134624,"POINT (  574396.920587569,   6140724.31546275)",GRAL ENRIQUE MARTINEZ 1494 EN 1496,0
2026-06-21,C_108,37,S,100,,S,"Basura Afuera, Requiere Limpieza",62854,Matutino,2026-06-21 07:30:52,,134718,"POINT (  574456.012242543,   6140730.29060609)",GRAL ENRIQUE MARTINEZ 1506 EN 1516,0
2026-06-21,C_108,38,S,100,,S,,62854,Matutino,2026-06-21 07:30:56,,134623,"POINT (  574499.632451976,   6140735.75614071)",GRAL ENRIQUE MARTINEZ 1544,0
2026-06-21,C_108,39,S,100,,S,"Basura Afuera, Requiere Limpieza",62854,Matutino,2026-06-21 07:33:33,,134650,"POINT (  574566.073129942,   6140743.38325936)",GRAL ENRIQUE MARTINEZ 1572,0
2026-06-21,C_108,40,S,100,,S,"Basura Afuera, Requiere Limpieza",62854,Matutino,2026-06-21 07:33:28,,134633,"POINT (  574603.954485874,   6140746.68834410)",GRAL ENRIQUE MARTINEZ 1586 ARBOL/ARBOL,0
2026-06-21,C_108,41,S,50,,S,,62854,Matutino,2026-06-21 07:36:26,,134626,"POINT (  574610.318648657,   6140693.40755332)",AV GRAL SAN MARTIN 2853 VEREDA. EN 2855. ANTES CRUCE PEATONAL,0
2026-06-21,C_108,42,S,75,,S,,62854,Matutino,2026-06-21 07:38:22,,134625,"POINT (  574568.427901695,   6140629.00122938)",AV GRAL SAN MARTIN 2817 EN 2819,0
2026-06-21,C_108,43,S,50,,S,,62854,Matutino,2026-06-21 07:42:43,,134615,"POINT (  574512.005333332,   6140543.46800512)",AV GRAL SAN MARTIN 2781 EN 2783,0
2026-06-21,C_108,44,S,75,,S,,62854,Matutino,2026-06-21 07:42:38,,134680,"POINT (  574454.462960450,   6140488.72224241)",AV BURGUES 2764 EN 2760,0
2026-06-21,C_108,45,S,75,,S,,62854,Matutino,2026-06-21 07:45:43,,134659,"POINT (  574429.324585881,   6140534.46008405)",ALEJANDRO FIOL DE PEREDA Esq. AV BURGUES MURO,0
2026-06-21,C_108,46,S,75,,S,,62854,Matutino,2026-06-21 07:48:43,,183522,"POINT (  574359.529723747,   6140410.02692985)",ENRIQUE GARCIA PEÑA 2713,0
2026-06-21,C_108,47,S,75,,S,,62854,Matutino,2026-06-21 07:49:12,,183523,"POINT (  574361.054778214,   6140404.58030675)",ENRIQUE GARCIA PEÑA 2709,0
2026-06-21,C_109,9,N,,Auto,S,,62854,Matutino,2026-06-21 07:50:31,,183472,"POINT (  573156.655513901,   6140111.38581345)",GRAL FARIAS 4,1
2026-06-21,C_109,28,S,100,,S,"Basura Afuera, Requiere Limpieza",62854,Matutino,2026-06-21 08:02:44,,134781,"POINT (  573020.120359731,   6140475.04018174)",RIO GRANDE 946 FTE 947,2
2026-06-21,C_109,29,N,,Contenedor No Está,N,,62854,Matutino,2026-06-21 08:04:01,,134820,"POINT (  572932.054919837,   6140559.73028019)",URUGUAYANA 3152 VEREDA.EN 3154,2
2026-06-21,C_109,30,S,100,,S,"Basura Afuera, Requiere Limpieza",62854,Matutino,2026-06-21 08:08:38,,180068,"POINT (  572801.946985403,   6140637.91820654)",URUGUAYANA 3230 PROV OV. (O: VEREDA. URUGUAYANA 3208),2
2026-06-21,C_109,31,S,100,,S,"Basura Afuera, Requiere Limpieza",62854,Matutino,2026-06-21 08:08:30,,159853,"POINT (  572784.075161991,   6140648.82549248)",URUGUAYANA 3236,2
2026-06-21,C_109,32,S,100,,S,"Basura Afuera, Requiere Limpieza",62854,Matutino,2026-06-21 08:09:04,,134782,"POINT (  572749.129901276,   6140670.43555116)",URUGUAYANA 3248 VEREDA,2
2026-06-21,C_109,33,S,75,,S,,62854,Matutino,2026-06-21 08:13:51,,181628,"POINT (  572669.949308434,   6140568.63567590)",HERVIDERO 3096,2
2026-06-21,C_109,34,S,50,,S,,62854,Matutino,2026-06-21 08:13:56,,134765,"POINT (  572673.001715664,   6140566.33961677)",HERVIDERO 3096,2
2026-06-21,C_109,35,S,75,,S,"Basura Afuera, Requiere Limpieza",62854,Matutino,2026-06-21 07:58:01,,134763,"POINT (  572797.973467076,   6140620.91588796)",URUGUAYANA 3223 VEREDA,2
2026-06-21,C_109,36,S,75,,S,"Basura Afuera, Requiere Limpieza",62854,Matutino,2026-06-21 07:59:41,,137592,"POINT (  572860.947750374,   6140581.48092957)",URUGUAYANA 3193,2
2026-06-21,C_109,37,S,75,,S,,62854,Matutino,2026-06-21 08:24:07,,134772,"POINT (  572859.555387980,   6140449.50345858)",PROGRESO 901,2
2026-06-21,C_109,38,S,50,,S,,62854,Matutino,2026-06-21 08:24:14,,138133,"POINT (  572979.280005508,   6140328.62811427)",HERVIDERO 2879,2
2026-06-21,C_109,39,S,75,,S,,62854,Matutino,2026-06-21 08:24:21,,134796,"POINT (  573036.391546173,   6140276.17012525)",HERVIDERO 2853,2
2026-06-21,C_109,40,S,50,,S,,62854,Matutino,2026-06-21 08:24:31,,134771,"POINT (  573111.871772161,   6140206.90458853)",HERVIDERO 2803 EN 2807. SALIDA VIVIENDAS,2
2026-06-21,C_109,41,S,75,,S,"Basura Afuera, Requiere Limpieza",62854,Matutino,2026-06-21 08:29:15,,181296,"POINT (  572796.695978661,   6140693.28016506)",12 DE DICIEMBRE 976,2
2026-06-21,C_109,42,S,75,,S,,62854,Matutino,2026-06-21 08:29:09,,184039,"POINT (  572875.216628291,   6140795.00661061)",12 DE DICIEMBRE 1040,2
2026-06-21,C_109,43,S,75,,S,,62854,Matutino,2026-06-21 08:31:08,,134822,"POINT (  573096.730529223,   6140490.40741339)",CAP MANUEL ANTONIO ARTIGAS Esq. AV AGRACIADA VEREDA,2
2026-06-21,C_109,44,S,75,,S,,62854,Matutino,2026-06-21 08:31:11,,134743,"POINT (  573093.905670466,   6140486.90458853)",CAP MANUEL ANTONIO ARTIGAS Esq. URUGUAYANA VEREDA,2
2026-06-21,C_109,45,S,75,,S,,62854,Matutino,2026-06-21 08:31:26,,183211,"POINT (  573084.898090196,   6140476.16383944)",CAP MANUEL ANTONIO ARTIGAS Esq. URUGUAYANA,2
2026-06-21,C_109,46,S,75,,S,,62854,Matutino,2026-06-21 08:33:46,,183209,"POINT (  573083.155170806,   6140474.42092004)",CAP MANUEL ANTONIO ARTIGAS Esq. URUGUAYANA,2
2026-06-21,C_109,47,S,50,,S,,62854,Matutino,2026-06-21 08:37:31,,183210,"POINT (  573147.790951634,   6140430.79581961)",GRAL FRANCISCO URDANETA Esq. URUGUAYANA,2
2026-06-21,C_109,48,S,25,,S,,62854,Matutino,2026-06-21 08:37:35,,134797,"POINT (  573149.950868206,   6140433.11927779)",GRAL FRANCISCO URDANETA Esq. URUGUAYANA VEREDA,2
2026-06-21,C_109,49,S,75,,S,,62854,Matutino,2026-06-21 08:39:01,,180341,"POINT (  573407.003588017,   6140139.77027800)",NERSES OUNANIAN 1035 en 1037,2
2026-06-21,C_109,50,S,25,,S,,62854,Matutino,2026-06-21 08:39:05,,181157,"POINT (  573382.420729848,   6140131.60447212)",NERSES OUNANIAN 1019 EN 1023,2
2026-06-21,C_109,51,S,100,,S,,62854,Matutino,2026-06-21 08:40:32,,134800,"POINT (  573233.679681766,   6140147.24357158)",CARLOS PRINCIVALLE 907 MURO CIEGO. PDO ENTRADA,2
2026-06-21,C_109,52,S,50,,S,,62854,Matutino,2026-06-21 08:45:27,,134801,"POINT (  573238.501683367,   6140089.34039460)",SAN JUAN 2775 MURO BLOQUES,2
2026-06-21,C_109,53,S,75,,S,,62854,Matutino,2026-06-21 08:45:21,,183185,"POINT (  573276.522708932,   6139977.69033072)",SAN JUAN 2707,2
2026-06-21,C_109,54,S,75,,S,,62854,Matutino,2026-06-21 08:45:16,,134784,"POINT (  573278.538438828,   6139973.57125520)",SAN JUAN Esq. TAPES,2
2026-06-21,C_109,55,S,75,,S,,62854,Matutino,2026-06-21 08:50:15,,134785,"POINT (  573427.013015100,   6140283.74074672)",AV JOAQUIN SUAREZ 2878 VEREDA,2
2026-06-21,C_109,56,S,75,,S,,62854,Matutino,2026-06-21 08:50:25,,183186,"POINT (  573427.003726144,   6140287.35861416)",AV JOAQUIN SUAREZ 2878,2
2026-06-21,C_109,57,S,75,,S,,62854,Matutino,2026-06-21 08:54:02,,134823,"POINT (  573465.138654414,   6140353.51262920)",DR EVARISTO CIGANDA 1060,2
2026-06-21,C_109,58,S,50,,S,,62854,Matutino,2026-06-21 08:54:24,,183187,"POINT (  573466.725164924,   6140353.71167778)",DR EVARISTO CIGANDA 1060,2
2026-06-21,C_109,59,S,75,,S,,62854,Matutino,2026-06-21 08:56:48,,134824,"POINT (  573584.414145043,   6140361.36786536)",DR EVARISTO CIGANDA 1135 FTE 1135,2
2026-06-21,C_109,60,S,75,,S,,62854,Matutino,2026-06-21 09:03:09,,134747,"POINT (  573699.377704154,   6140370.61730626)",DR EVARISTO CIGANDA 1192,2
2026-06-21,C_109,61,S,75,,S,,62854,Matutino,2026-06-21 09:03:12,,134791,"POINT (  573724.527139394,   6140417.86504051)",ZAPICAN 2770 EN 2776,2
2026-06-21,C_109,62,S,75,,N,,62854,Matutino,2026-06-21 09:02:48,,179328,"POINT (  573719.112707190,   6140447.97123072)",ZAPICAN 2796,2
2026-06-21,C_109,63,S,75,,S,,62854,Matutino,2026-06-21 09:03:54,,179329,"POINT (  573716.498328105,   6140547.09977103)",ZAPICAN 2838 PDO 2840,2
2026-06-21,C_109,64,S,100,,S,,62854,Matutino,2026-06-21 09:06:08,,134751,"POINT (  573707.738616075,   6140644.16909132)",ZAPICAN 2886,2
2026-06-21,C_109,65,S,75,,S,,62854,Matutino,2026-06-21 10:27:59,,182044,"POINT (  573611.927966098,   6140621.09948487)",GRITO DE ASENCIO 1261,2
2026-06-21,C_109,66,S,75,,S,,62854,Matutino,2026-06-21 10:28:03,,182046,"POINT (  573598.597382252,   6140607.81044926)",GRITO DE ASENCIO 1261,2
2026-06-21,C_109,67,S,100,,S,,62854,Matutino,2026-06-21 10:29:55,,182051,"POINT (  573539.696236519,   6140568.42072037)",GRITO DE ASENCIO 1242,2
2026-06-21,C_109,68,S,100,,S,,62854,Matutino,2026-06-21 10:31:22,,182050,"POINT (  573535.515349147,   6140567.42527099)",GRITO DE ASENCIO 1242,2
2026-06-21,C_109,69,S,100,,S,,62854,Matutino,2026-06-21 10:31:47,,182043,"POINT (  573466.893534357,   6140550.25995199)",GRITO DE ASENCIO 1208,2
2026-06-21,C_109,70,S,100,,S,,62854,Matutino,2026-06-21 10:31:42,,134810,"POINT (  573344.557788188,   6140526.41310004)",GRITO DE ASENCIO 1141 EN 1143. PDO CORDON ROJO,2
2026-06-21,C_109,71,S,100,,S,,62854,Matutino,2026-06-21 10:41:20,,134811,"POINT (  573289.479325345,   6140514.60551271)",GRITO DE ASENCIO 1115 EN 1117,2
2026-06-21,C_109,72,S,75,,S,,62854,Matutino,2026-06-21 10:42:09,,183295,"POINT (  573286.585195769,   6140513.99126206)",GRITO DE ASENCIO 1115,2
2026-06-21,C_109,73,S,100,,S,,62854,Matutino,2026-06-21 10:45:20,,134813,"POINT (  573210.026197774,   6140497.21920026)",GRITO DE ASENCIO 1097 MURO CIEGO. PDO ENTRADA,2
2026-06-21,C_109,74,S,75,,S,,62854,Matutino,2026-06-21 10:45:24,,171853,"POINT (  573206.050162916,   6140496.62007172)",GRITO DE ASENCIO 1097 EN 1091,2
2026-06-21,C_109,75,S,25,,S,,62854,Matutino,2026-06-21 10:47:13,,134814,"POINT (  573079.906372066,   6140831.96865559)",BV GRAL ARTIGAS Esq. BURICAYUPI VEREDA.,2
2026-06-21,C_109,76,S,75,,S,,62854,Matutino,2026-06-21 10:47:58,,134815,"POINT (  573109.536001696,   6140706.80525690)",BURICAYUPI 3147 EN 3147/3145,2
2026-06-21,C_109,77,S,75,,S,,62854,Matutino,2026-06-21 10:49:36,,134792,"POINT (  573141.958790125,   6140652.03163238)",BURICAYUPI 3107,2
2026-06-21,C_109,78,S,75,,S,"Basura Afuera, Requiere Limpieza",62854,Matutino,2026-06-21 10:52:19,,179316,"POINT (  573213.663646405,   6140525.98217909)",BURICAYUPI 3061 FTE 3064,2
2026-06-21,C_109,79,S,75,,S,,62854,Matutino,2026-06-21 10:55:39,,151013,"POINT (  573296.464106271,   6140682.40438544)",CUARO 3100,2
2026-06-21,C_109,80,S,100,,S,"Basura Afuera, Requiere Limpieza",62854,Matutino,2026-06-21 10:55:35,,156312,"POINT (  573247.172315412,   6140783.75283538)",CUARO 3156,2
2026-06-21,C_109,81,S,75,,S,,62854,Matutino,2026-06-21 10:58:15,,149312,"POINT (  573240.501992610,   6140842.46803707)",BV GRAL ARTIGAS 4295,2
2026-06-21,C_109,82,S,75,,S,,62854,Matutino,2026-06-21 11:01:15,,147272,"POINT (  573472.716829582,   6140860.29109568)",BV GRAL ARTIGAS 4189,2
2026-06-21,C_109,83,S,75,,S,,62854,Matutino,2026-06-21 11:01:53,,159132,"POINT (  573658.195114852,   6140874.97436343)",BV GRAL ARTIGAS 4101,2
2026-06-21,C_109,84,S,75,,S,"Basura Afuera, Requiere Limpieza",62854,Matutino,2026-06-21 11:06:11,,134737,"POINT (  573677.094888028,   6140796.11267517)",ZAPICAN 2963,2
2026-06-21,C_109,85,S,75,,S,,62854,Matutino,2026-06-21 11:14:01,,160298,"POINT (  573677.154534983,   6140795.05278284)",ZAPICAN 2963,2
2026-06-21,C_109,86,N,,Contenedor Fuera de Alcance,N,,62854,Matutino,2026-06-21 10:30:41,,181481,"POINT (  573660.496052942,   6140699.21722615)",GRAL ENRIQUE MARTINEZ 1196 PROV OV. (O: GRITO DE ASENCIO 1261 BIS),2
2026-06-21,C_109,87,S,75,,S,"Basura Afuera, Requiere Limpieza",62854,Matutino,2026-06-21 11:06:15,,180495,"POINT (  573528.958790785,   6140774.41677054)",GRAL ENRIQUE MARTINEZ 1167,2
2026-06-21,C_109,88,S,75,,S,,62854,Matutino,2026-06-21 11:06:20,,180676,"POINT (  573527.234072549,   6140774.23186754)",GRAL ENRIQUE MARTINEZ 1167,2
2026-06-21,C_109,89,N,,Auto,S,,62854,Matutino,2026-06-21 11:08:20,,134734,"POINT (  573417.542537643,   6140748.47192356)",AV JOAQUIN SUAREZ 3091 VEREDA. EN 3093,2
2026-06-21,C_109,90,N,,Auto,S,,62854,Matutino,2026-06-21 11:08:27,,134808,"POINT (  573417.597003874,   6140746.89240287)",AV JOAQUIN SUAREZ 3091,2
2026-06-21,C_109,91,N,,Auto,S,,62854,Matutino,2026-06-21 11:08:31,,134735,"POINT (  573415.418354637,   6140632.73118282)",AV JOAQUIN SUAREZ 3045 VEREDA,2
2026-06-21,C_109,92,N,,Auto,S,,62854,Matutino,2026-06-21 11:08:50,,134736,"POINT (  573414.764759866,   6140605.38913489)",AV JOAQUIN SUAREZ 3035 VEREDA,2
2026-06-21,C_109,93,S,75,,S,,62854,Matutino,2026-06-21 11:10:15,,134740,"POINT (  573415.418354637,   6140517.26277324)",AV JOAQUIN SUAREZ 2987 VEREDA. PDO KIOSKO,2
2026-06-21,C_109,94,S,75,,S,,62854,Matutino,2026-06-21 11:11:55,,177441,"POINT (  573416.188125946,   6140476.53587732)",AV JOAQUIN SUAREZ 2967 VEREDA,2
2026-06-21,C_109,95,S,75,,S,,62854,Matutino,2026-06-21 11:11:59,,179326,"POINT (  573415.463469717,   6140451.29367081)",AV JOAQUIN SUAREZ 2959 VEREDA,2
2026-06-21,C_109,96,S,75,,S,,62854,Matutino,2026-06-21 11:11:50,,134741,"POINT (  573414.655827404,   6140395.36734840)",AV JOAQUIN SUAREZ 2927 VEREDA. EN 2927/2933,2
2026-06-21,C_109,97,S,75,,S,,62854,Matutino,2026-06-21 11:14:24,,134742,"POINT (  573398.528946027,   6140360.77699244)",DR EVARISTO CIGANDA 1039,2
2026-06-21,C_109,98,S,75,,S,,62854,Matutino,2026-06-21 11:14:27,,183188,"POINT (  573396.040080610,   6140360.04339107)",DR EVARISTO CIGANDA 1039,2
2026-06-21,F_115,18,S,100,,S,,62884,Matutino,2026-06-21 07:23:09,,182229,"POINT (  583173.257914597,   6147846.35073551)",MIGUEL ESTEVEZ 3370,0
2026-06-21,F_115,31,S,100,,S,,62884,Matutino,2026-06-21 07:33:41,,141630,"POINT (  584498.768058789,   6148452.41194013)",PROF DR JUSTO M ALONSO GONZALEZ 3231 FTE 3231,0
2026-06-21,F_115,93,S,25,,S,,62884,Matutino,2026-06-21 07:45:59,,143692,"POINT (  583227.225589636,   6149216.05896433)",ORESTES ACQUARONE Esq. PSJE C - 7983 PASAJE D ESQ. ORESTES ACQUARONE,0
2026-06-21,F_115,94,S,25,,S,,62884,Matutino,2026-06-21 07:45:51,,143693,"POINT (  583226.310057767,   6149217.95542320)",ORESTES ACQUARONE Esq. PSJE C - 7983 PASAJE D ESQ. ORESTES ACQUARONE,0
2026-06-21,F_115,95,S,25,,S,,62884,Matutino,2026-06-21 07:45:43,,143694,"POINT (  582986.342615529,   6149361.59583384)",PSJE CAMICACHI Esq. PSJE COLMAR PASAJE D ESQ. ORESTES ACQUARONE,0
2026-06-21,F_115,96,S,25,,S,,62884,Matutino,2026-06-21 07:45:39,,143712,"POINT (  582982.615092921,   6149363.00182921)",PSJE CAMICACHI Esq. PSJE COLMAR PASAJE D y CAMICACHI,0
2026-06-21,F_115,97,S,25,,S,,62884,Matutino,2026-06-21 07:45:35,,143713,"POINT (  582925.623234110,   6149391.28522443)",PSJE CONRADO PEREIRA Esq. PSJE COLMAR PASAJE D y CAMICACHI,0
2026-06-21,F_115,98,S,25,,S,,62884,Matutino,2026-06-21 07:45:31,,143714,"POINT (  582854.211748370,   6149398.34789885)",PSJE PEREZ NAPOLI Esq. PSJE - 7973 - CONT DON BOSCO,0
2026-06-21,F_115,99,S,25,,S,,62884,Matutino,2026-06-21 07:45:28,,143715,"POINT (  582848.456976625,   6149395.47051297)",PSJE PEREZ NAPOLI Esq. PSJE - 7973 - CONT DON BOSCO,0
2026-06-21,F_115,100,S,25,,S,,62884,Matutino,2026-06-21 07:41:31,,143718,"POINT (  582778.091813020,   6149351.52498329)",PSJE - 7973 - CONT DON BOSCO Esq. PSJE PEREZ NAPOLI,0
2026-06-21,F_114,5,S,100,,S,,62884,Matutino,2026-06-21 08:04:35,,183339,"POINT (  581435.012225055,   6146576.87261242)",CNO GRAL LEANDRO GOMEZ 2800,1
2026-06-21,F_114,35,S,100,,S,Basura Afuera,62884,Matutino,2026-06-21 08:17:19,,141248,"POINT (  582419.971713478,   6146354.74939571)",ESCORPION 6881 EN 6881/6889,1
2026-06-21,F_114,41,,,,S,,62884,Matutino,2026-06-21 08:35:19,,141194,"POINT (  582538.554888845,   6146296.32974314)",CNO GUERRA 6945,1
2026-06-21,F_113,43,S,100,,S,Basura Afuera,62884,Matutino,2026-06-21 09:27:15,,141334,"POINT (  581699.687914940,   6145770.63279735)",CNO MALDONADO 6585,2
2026-06-21,F_113,60,S,75,,S,,62884,Matutino,2026-06-21 09:34:23,,141296,"POINT (  581252.316726055,   6145339.44705387)",ABIPONES 6311,2
2026-06-21,F_113,64,S,100,,S,Basura Afuera,62884,Matutino,2026-06-21 09:41:44,,180504,"POINT (  581129.199215250,   6145147.03280828)",ANDRES LERENA ACEVEDO 3454,2
2026-06-21,F_113,69,S,50,,S,,62884,Matutino,2026-06-21 09:46:24,,180486,"POINT (  580966.615562315,   6145398.16566277)",CIRC INT PSJE 12 3507 N° 6198,2
2026-06-21,F_113,71,S,50,,S,,62884,Matutino,2026-06-21 09:46:28,,180512,"POINT (  581054.666254902,   6145462.20099368)",CIRC INT PSJE 13 3508,2
2026-06-21,F_108,26,S,100,,S,Basura Afuera,62886,Matutino,2026-06-21 10:23:36,,142536,"POINT (  578960.443971812,   6144382.06542111)",VIENA 3531 ANTES 3531,0
2026-06-21,F_108,59,S,100,,S,Basura Afuera,62886,Matutino,2026-06-21 10:23:26,,146173,"POINT (  579780.554216784,   6143784.37585825)",BARROS ARANA 5510,0
2026-06-21,F_102,75,S,100,,S,,62886,Matutino,2026-06-21 11:14:56,,179058,"POINT (  580857.235993714,   6141984.17090066)",DR PANTALEON PEREZ 5062 FTE. 5062,1
2026-06-21,F_101,109,S,100,,S,Basura Afuera,62886,Matutino,2026-06-21 10:57:00,,142278,"POINT (  581097.927815918,   6141483.85888662)",NUÑEZ DE ARCE 4965 MURO BAJO,2
2026-06-21,E_136,1,S,50,,S,,62887,Matutino,2026-06-21 10:36:26,,105244,"POINT (  580541.506481130,   6140802.93692075)",CNO CARRASCO 4636,0
2026-06-21,E_136,2,S,50,,S,,62887,Matutino,2026-06-21 10:36:31,,105245,"POINT (  580546.554629970,   6140803.44173563)",CNO CARRASCO 4636,0
2026-06-21,E_136,3,S,75,,S,,62887,Matutino,2026-06-21 10:40:03,,163272,"POINT (  580613.796659790,   6140758.65115653)",DR ROBERTO BERRO 2490 FTE 2490,0
2026-06-21,E_136,4,S,100,,S,"Basura Afuera, Requiere Limpieza",62887,Matutino,2026-06-21 10:43:12,,118712,"POINT (  580632.069824025,   6140661.64496420)",DR ROBERTO BERRO 2462 FTE 2462,0
2026-06-21,E_136,5,S,75,,N,,62887,Matutino,2026-06-21 10:46:32,,180648,"POINT (  580651.632189107,   6140557.60792810)",DR ROBERTO BERRO 2424 PROVISORIO EN RESPUESTA A OS 5182625 - GENERA DUDAS,0
2026-06-21,E_136,6,S,75,,S,"Basura Afuera, Requiere Limpieza",62887,Matutino,2026-06-21 10:46:39,,105197,"POINT (  580655.177409804,   6140534.40489368)",DR ROBERTO BERRO 2412 FTE 2414,0
2026-06-21,E_136,7,S,50,,S,"Basura Afuera, Poda, Requiere Limpieza",62887,Matutino,2026-06-21 10:53:46,,180599,"POINT (  580774.284323529,   6140643.31757059)",VERACIERTO 2443,0
2026-06-21,E_136,8,S,50,,S,"Basura Afuera, Requiere Limpieza",62887,Matutino,2026-06-21 10:49:09,,180174,"POINT (  580784.793383878,   6140515.22720632)",ING FELIX DE MEDINA Esq. ING R V MESURES,0
2026-06-21,E_136,9,S,50,,S,Requiere Mantenimiento,62887,Matutino,2026-06-21 10:57:37,,182223,"POINT (  580826.645435076,   6140819.64736013)",HIPOLITO YRIGOYEN 2487 fte 2480,0
2026-06-21,E_136,10,S,50,,S,,62887,Matutino,2026-06-21 10:57:43,,182224,"POINT (  580827.734759695,   6140817.57764336)",HIPOLITO YRIGOYEN 2487 fte 2480,0
2026-06-21,E_136,11,S,50,,S,,62887,Matutino,2026-06-21 11:00:00,,105230,"POINT (  580863.287597596,   6140763.50161330)",HIPOLITO YRIGOYEN 2462,0
2026-06-21,E_136,12,S,50,,S,,62887,Matutino,2026-06-21 11:01:19,,182225,"POINT (  580917.821905664,   6140678.57982201)",HIPOLITO YRIGOYEN 2428 FTE 2428,0
2026-06-21,E_136,13,S,50,,S,,62887,Matutino,2026-06-21 11:03:20,,180867,"POINT (  581160.911414816,   6140296.51936514)",HIPOLITO YRIGOYEN 2311 EN 2323,0
2026-06-21,E_136,14,S,50,,S,,62887,Matutino,2026-06-21 11:10:11,,176373,"POINT (  581199.381768604,   6139878.07899421)",HIPOLITO YRIGOYEN 2073 *,0
2026-06-21,E_136,15,S,50,,S,,62887,Matutino,2026-06-21 11:10:18,,176371,"POINT (  581198.919889304,   6139872.07456331)",HIPOLITO YRIGOYEN 2073 *,0
2026-06-21,E_136,16,S,50,,S,,62887,Matutino,2026-06-21 11:10:42,,176372,"POINT (  581198.458010003,   6139864.37657497)",HIPOLITO YRIGOYEN Esq. CIRC INT CALLE DIAGONAL *,0
2026-06-21,E_136,17,S,50,,S,"Basura Afuera, Requiere Limpieza",62887,Matutino,2026-06-21 11:15:47,,182855,"POINT (  580659.751876123,   6139764.82923074)",CIRC INT SDA 5 Esq. IGUA antes de parada,0
2026-06-21,E_136,18,S,50,,S,"Basura Afuera, Poda, Requiere Limpieza",62887,Matutino,2026-06-21 11:15:57,,182856,"POINT (  580650.295611347,   6139767.19329693)",IGUA Esq. CIRC INT SDA 5,0
2026-06-21,E_136,19,S,50,,S,Requiere Mantenimiento,62887,Matutino,2026-06-21 11:17:34,,105212,"POINT (  580528.886984022,   6139825.57871372)",CIRC INT SDA 4 Esq. CIRC INT SDA 11,0
2026-06-21,E_136,20,N,,Contenedor No Está,S,,62887,Matutino,2026-06-21 11:22:55,,176376,"POINT (  580564.451690162,   6139998.09063246)",CIRC INT SDA 4 Esq. CIRC INT SDA 7,0
2026-06-21,E_136,21,S,50,,S,"Poda, Requiere Limpieza",62887,Matutino,2026-06-21 11:20:28,,176375,"POINT (  580565.683368297,   6140003.63318407)",CIRC INT SDA 4 Esq. CIRC INT SDA 7,0
2026-06-21,E_136,22,S,50,,S,"Basura Afuera, Requiere Limpieza",62887,Matutino,2026-06-21 11:20:15,,176374,"POINT (  580565.991287830,   6140008.40593684)",MATAOJO Esq. CALLE 5,0
2026-06-21,E_136,23,S,50,,S,,62887,Matutino,2026-06-21 11:22:49,,183869,"POINT (  580763.855566798,   6140338.23227191)",ENRIQUE CHIANCONE 4668,0
2026-06-21,E_136,24,S,25,,S,,62887,Matutino,2026-06-21 11:24:04,,183868,"POINT (  580832.617845776,   6140349.62716385)",ENRIQUE CHIANCONE 4686,0
2026-06-21,E_136,25,S,25,,S,,62887,Matutino,2026-06-21 11:24:10,,105232,"POINT (  580868.794797330,   6140368.79612090)",ENRIQUE CHIANCONE Esq. VERACIERTO,0
2026-06-21,E_136,26,S,50,,S,,62887,Matutino,2026-06-21 11:27:28,,105195,"POINT (  581029.872065315,   6140457.35261694)",ENRIQUE CHIANCONE 4747,0
2026-06-21,E_136,27,S,50,,S,,62887,Matutino,2026-06-21 11:27:42,,166652,"POINT (  581032.951260651,   6140459.04617438)",ENRIQUE CHIANCONE 4747 PROV FELIX MEDINA,0
2026-06-21,E_136,28,S,50,,S,"Basura Afuera, Requiere Limpieza",62887,Matutino,2026-06-21 11:31:08,,105231,"POINT (  580905.229478790,   6140560.64087541)",ING R V MESURES 4707,0
2026-06-21,G_113,81,S,50,,S,,62852,Vespertino,2026-06-21 12:11:10,,129532,"POINT (  570882.234878764,   6148256.75340577)",IGNACIO AMANDAU 5736 EN 5738. MURO,0
2026-06-21,G_113,82,S,75,,S,,62852,Vespertino,2026-06-21 12:12:13,,129499,"POINT (  570750.407567989,   6148289.13204350)",IGNACIO AMANDAU 5772 EN 5776/5772,0
2026-06-21,G_113,83,N,,Contenedor No Está,S,,62852,Vespertino,2026-06-21 12:14:31,,129529,"POINT (  570724.967209769,   6148224.37476803)",LANUS 5779,0
2026-06-21,G_113,84,S,75,,S,,62852,Vespertino,2026-06-21 12:15:36,,129535,"POINT (  570835.979682001,   6148198.93440981)",LANUS 5743,0
2026-06-21,G_113,85,S,100,,S,,62852,Vespertino,2026-06-21 12:17:48,,129536,"POINT (  571016.374949377,   6148153.83559297)",LANUS 5689 VEREDA. FTE 5682,0
2026-06-21,G_113,86,N,,Contenedor No Está,S,,62852,Vespertino,2026-06-21 12:19:43,,129534,"POINT (  571123.918281851,   6148127.23885483)",LANUS 5661 VEREDA,0
2026-06-21,G_113,87,S,100,,S,,62852,Vespertino,2026-06-21 12:22:21,,129526,"POINT (  571112.354482660,   6148042.82312074)",19 DE JUNIO 5614 EN 5632/5626,0
2026-06-21,G_113,88,S,100,,S,,62852,Vespertino,2026-06-21 12:25:40,,129528,"POINT (  571010.593049782,   6148064.79433920)",19 DE JUNIO 5678,0
2026-06-21,G_113,89,S,100,,S,,62852,Vespertino,2026-06-21 12:29:40,,129523,"POINT (  570796.662764752,   6148119.14419540)",19 DE JUNIO 5746 VEREDA. EN 5744/5750,0
2026-06-21,G_113,90,S,100,,S,,62852,Vespertino,2026-06-21 12:32:45,,129531,"POINT (  570657.897174463,   6148150.36645321)",19 DE JUNIO 5786 VEREDA,0
2026-06-21,G_113,91,S,100,,S,,62852,Vespertino,2026-06-21 12:36:35,,129533,"POINT (  570645.497486812,   6148041.31450650)",CARVE 5785 EN 5783,0
2026-06-21,G_113,92,N,,Auto,S,,62852,Vespertino,2026-06-21 12:37:24,,129547,"POINT (  570905.362477145,   6147979.22222519)",CARVE 5703,0
2026-06-21,G_113,93,S,100,,S,,62852,Vespertino,2026-06-21 12:39:16,,129530,"POINT (  570992.599781149,   6147955.40495660)",CARVE 5665 EN 5667,0
2026-06-21,G_113,94,S,100,,S,,62852,Vespertino,2026-06-21 12:41:57,,129488,"POINT (  571183.586871913,   6147908.52420760)",CARVE 5607,0
2026-06-21,G_113,95,N,,Contenedor No Está,N,,62852,Vespertino,2026-06-21 12:44:24,,129489,"POINT (  571165.610514181,   6147566.54435461)",CNO CASAVALLE 5507 VEREDA. EN 5468,0
2026-06-21,G_113,96,S,100,,S,,62852,Vespertino,2026-06-21 12:49:38,,129541,"POINT (  571058.683371199,   6147657.00991683)",CNO CASAVALLE 5554 VEREDA,0
2026-06-21,G_113,97,S,100,,S,Basura Afuera,62852,Vespertino,2026-06-21 12:51:06,,129580,"POINT (  570860.844624290,   6147799.40437923)",CNO CASAVALLE 5679 VEREDA,0
2026-06-21,G_113,98,N,,Contenedor Fuera de Alcance,S,,62852,Vespertino,2026-06-21 12:56:13,,129504,"POINT (  570657.237767184,   6147850.19111067)",DR VALENTIN ALVAREZ 5744,0
2026-06-21,G_113,99,S,25,,S,,62852,Vespertino,2026-06-21 12:57:42,,129539,"POINT (  570572.982436632,   6147871.57386356)",DR VALENTIN ALVAREZ 5792 EN 5790. FTE 5799,0
2026-06-21,G_113,100,N,,Sobrepeso,S,,62852,Vespertino,2026-06-21 13:08:37,,132852,"POINT (  570707.389313082,   6147934.85132773)",MATTO GROSSO 5745 FTE 5754,0
2026-06-21,G_113,101,S,50,,S,,62852,Vespertino,2026-06-21 13:08:52,,181674,"POINT (  570800.846113072,   6147912.01375730)",MATTO GROSSO 5731 FTE 5730,0
2026-06-21,G_113,102,S,100,,S,,62852,Vespertino,2026-06-21 13:16:46,,129501,"POINT (  571026.776567412,   6147833.94764693)",MATTO GROSSO 5627 EN 5631/5635,0
2026-06-21,G_113,103,S,75,,S,,62852,Vespertino,2026-06-21 13:19:17,,129502,"POINT (  571091.750422397,   6147809.00232760)",MATTO GROSSO 5599 FTE 5602. CERCO,0
2026-06-21,G_113,104,S,100,,S,,62852,Vespertino,2026-06-21 13:24:16,,129540,"POINT (  571212.416153083,   6147759.11168895)",MATTO GROSSO Esq. AV GRAL EUGENIO GARZON,0
2026-06-21,G_113,105,N,,Contenedor No Está,N,,62852,Vespertino,2026-06-21 13:25:40,,129542,"POINT (  571167.166504076,   6147689.49684432)",YAMANDU 5534 EN 5534/5536,0
2026-06-21,G_113,106,S,100,,S,,62852,Vespertino,2026-06-21 13:27:23,,129506,"POINT (  571031.417557054,   6147746.92909114)",YAMANDU 5590 MURO,0
2026-06-21,G_113,1,S,25,,S,,62852,Vespertino,2026-06-21 14:20:26,,136473,"POINT (  570739.107276870,   6149273.70210714)",CNO COLMAN 5815 FTE 5777. UTE,1
2026-06-21,G_113,2,S,50,,S,,62852,Vespertino,2026-06-21 14:23:24,,161392,"POINT (  570623.451846156,   6149331.23019703)",CNO COLMAN 6023 FTE 6023,1
2026-06-21,G_113,3,S,75,,S,,62852,Vespertino,2026-06-21 14:26:05,,136493,"POINT (  570249.461279956,   6149393.82291699)",CALLE 2213 Esq. VICTORIANO ALVAREZ EN 6284,1
2026-06-21,G_113,4,S,100,,S,"Basura Afuera, Requiere Limpieza",62852,Vespertino,2026-06-21 14:29:43,,181437,"POINT (  570241.945962459,   6149396.97526467)",CALLE 2213 Esq. VICTORIANO ALVAREZ,1
2026-06-21,G_113,5,N,,Contenedor Fuera de Alcance,S,,62852,Vespertino,2026-06-21 14:34:59,,146712,"POINT (  570157.668858198,   6149401.60075305)",VICTORIANO ALVAREZ 6236,1
2026-06-21,G_113,6,N,,Contenedor Fuera de Alcance,S,,62852,Vespertino,2026-06-21 14:35:04,,146752,"POINT (  570149.407469315,   6149401.19374933)",VICTORIANO ALVAREZ 6236,1
2026-06-21,G_113,7,S,50,,S,,62852,Vespertino,2026-06-21 14:43:39,,129546,"POINT (  570140.660155062,   6149013.48446025)",JUAN BONMESADRI Esq. CIRC INT SIN DENOM 2072/2080 BIS. VEREDA,1
2026-06-21,G_113,8,S,75,,S,,62852,Vespertino,2026-06-21 14:44:03,,129565,"POINT (  570141.745360141,   6149017.36019268)",JUAN BONMESADRI Esq. CIRC INT SIN DENOM 2072/2080 BIS. VEREDA,1
2026-06-21,G_113,9,N,,Contenedor No Está,S,,62852,Vespertino,2026-06-21 14:44:37,,162912,"POINT (  570142.985594517,   6149021.08089581)",JUAN BONMESADRI Esq. CIRC INT SIN DENOM,1
2026-06-21,G_113,10,N,,Contenedor Fuera de Alcance,S,,62852,Vespertino,2026-06-21 14:45:43,,129550,"POINT (  570162.718147948,   6149098.32528573)",JUAN BONMESADRI Esq. JUAN DE LA COSA REBAJE,1
2026-06-21,G_113,11,N,,Contenedor Fuera de Alcance,S,,62852,Vespertino,2026-06-21 14:45:37,,129571,"POINT (  570163.410966899,   6149101.44297101)",JUAN BONMESADRI Esq. JUAN DE LA COSA REBAJE,1
2026-06-21,G_113,12,N,,Contenedor Fuera de Alcance,S,,62852,Vespertino,2026-06-21 14:56:13,,129569,"POINT (  570163.872846199,   6149104.32971664)",JUAN BONMESADRI Esq. JUAN DE LA COSA REBAJE,1
2026-06-21,G_113,13,S,100,,S,,62852,Vespertino,2026-06-21 14:53:48,,129574,"POINT (  570165.027544451,   6149107.33193209)",JUAN BONMESADRI Esq. JUAN DE LA COSA FTE 2080. VEREDA,1
2026-06-21,G_113,14,S,100,,S,,62852,Vespertino,2026-06-21 14:58:08,,129511,"POINT (  570289.619485765,   6149241.62333871)",PSJE 6476 Esq. CIRC INT 6,1
2026-06-21,G_113,15,S,100,,S,Basura Afuera,62852,Vespertino,2026-06-21 15:01:00,,129514,"POINT (  570299.549890726,   6149234.69514921)",CNO JOSE DURAN Esq. PSJE 6476,1
2026-06-21,G_113,16,N,,Contenedor No Está,S,,62852,Vespertino,2026-06-21 15:01:27,,129515,"POINT (  570319.810003694,   6149220.60362666)",CNO JOSE DURAN 6146 REBAJE COMPLEJO,1
2026-06-21,G_113,17,S,100,,S,Basura Afuera,62852,Vespertino,2026-06-21 15:03:46,,129512,"POINT (  570394.235147332,   6149169.80110749)",CNO JOSE DURAN 5980,1
2026-06-21,G_113,18,S,100,,S,Basura Afuera,62852,Vespertino,2026-06-21 15:07:18,,129513,"POINT (  570399.315819637,   6149166.68342221)",CNO JOSE DURAN 5980,1
2026-06-21,G_113,19,S,100,,S,,62852,Vespertino,2026-06-21 15:13:19,,129496,"POINT (  570403.241793692,   6149163.56573693)",CNO JOSE DURAN 5976,1
2026-06-21,G_113,20,N,,Contenedor No Está,N,,62852,Vespertino,2026-06-21 15:13:55,,129508,"POINT (  570516.494640118,   6149086.76496874)",CNO JOSE DURAN 5934,1
2026-06-21,G_113,21,N,,Contenedor No Está,N,,62852,Vespertino,2026-06-21 15:14:03,,129472,"POINT (  570522.313712202,   6149083.27352549)",CNO JOSE DURAN 5934,1
2026-06-21,G_113,22,S,100,,S,,62852,Vespertino,2026-06-21 15:18:29,,129494,"POINT (  570794.646285711,   6148906.37373415)",CNO JOSE DURAN 5807 PDO COMPLEJO. MURO,1
2026-06-21,G_113,23,S,75,,S,,62852,Vespertino,2026-06-21 15:19:56,,183658,"POINT (  570795.322650237,   6148905.95784123)",CNO JOSE DURAN 5807 PDO COMPLEJO. MURO,1
2026-06-21,G_113,24,S,50,,S,,62852,Vespertino,2026-06-21 15:26:10,,181037,"POINT (  570759.522372811,   6148691.39100034)",ANDRE GIOT DE BADET 5785,1
2026-06-21,G_113,25,N,,Calle Cerrada,S,,62852,Vespertino,2026-06-21 15:26:37,,181038,"POINT (  570864.300529807,   6148617.50021536)",PLAZUELA PERFECTO GIOT,1
2026-06-21,G_113,26,N,,Calle Cerrada,S,,62852,Vespertino,2026-06-21 15:26:44,,182095,"POINT (  570866.368082935,   6148616.26444733)",PLAZUELA PERFECTO GIOT,1
2026-06-21,G_113,27,S,50,,S,,62852,Vespertino,2026-06-21 15:27:10,,129518,"POINT (  570712.008106086,   6148620.74208900)",CALDERON DE LA BARCA 1994 MURO,1
2026-06-21,G_113,28,S,100,,S,,62852,Vespertino,2026-06-21 15:38:07,,136292,"POINT (  570737.700796949,   6148568.21378628)",CARNOT 5791 EN 5788,1
2026-06-21,G_113,29,S,100,,S,"Basura Afuera, Poda",62852,Vespertino,2026-06-21 15:40:53,,129563,"POINT (  570882.798836164,   6148533.57326340)",CARNOT 5739 PDO 5738,1
2026-06-21,G_113,30,S,75,,S,,62852,Vespertino,2026-06-21 15:44:57,,180321,"POINT (  570722.662096296,   6148664.71875185)",CALDERON DE LA BARCA 2032 EN 2052,1
2026-06-21,G_113,31,S,100,,S,Basura Afuera,62852,Vespertino,2026-06-21 15:46:26,,129491,"POINT (  570694.803102142,   6148725.70416004)",ANDRE GIOT DE BADET 5811 FTE 5807,1
2026-06-21,G_113,32,S,25,,S,,62852,Vespertino,2026-06-21 15:49:37,,129517,"POINT (  570689.153807965,   6148834.11556358)",SANTIAGO DE COMPOSTELA 5809 FTE 5809,1
2026-06-21,G_113,33,,,,S,,62852,Vespertino,,,183659,"POINT (  570590.633591549,   6148995.17647277)",YEGROS 2144 PDO CARTEL,1
2026-06-21,G_113,34,S,25,,S,,62852,Vespertino,2026-06-21 15:49:42,,129568,"POINT (  570586.936135148,   6148757.40304200)",ANDRE GIOT DE BADET 5836 EN 5836/34,1
2026-06-21,G_113,35,,,,N,,62852,Vespertino,,,129570,"POINT (  570493.654666768,   6148778.58933995)",CIRC INT 12 Esq. ANDRE GIOT DE BADET VEREDA,1
2026-06-21,G_113,36,,,,S,,62852,Vespertino,,,129551,"POINT (  570489.959632364,   6148779.97497785)",ANDRE GIOT DE BADET Esq. CIRC INT 12 VEREDA,1
2026-06-21,G_113,37,,,,N,,62852,Vespertino,,,182030,"POINT (  570486.466394335,   6148780.65633922)",ANDRE GIOT DE BADET Esq. CIRC INT 12 PROV OV (O: YERGOS 2060),1
2026-06-21,G_113,38,,,,S,,62852,Vespertino,,,129564,"POINT (  570408.342508866,   6148803.24955342)",ANDRE GIOT DE BADET Esq. CIRC INT 10 VEREDA. ANTES REBAJE,1
2026-06-21,G_113,39,,,,S,,62852,Vespertino,,,129545,"POINT (  570361.008698877,   6148815.58092200)",ANDRE GIOT DE BADET Esq. CIRC INT 4 VEREDA,1
2026-06-21,G_113,40,,,,S,,62852,Vespertino,,,129556,"POINT (  570303.801318855,   6148830.97747613)",ANDRE GIOT DE BADET Esq. CIRC INT SIN DENOM VEREDA,1
2026-06-21,G_113,41,,,,S,,62852,Vespertino,,,129566,"POINT (  570299.665360551,   6148832.16733881)",ANDRE GIOT DE BADET Esq. CIRC INT SIN DENOM VEREDA,1
2026-06-21,G_113,42,,,,S,,62852,Vespertino,,,150852,"POINT (  570214.822472770,   6148853.63019744)",CIRC INT 1 Esq. ANDRE GIOT DE BADET,1
2026-06-21,G_113,43,,,,S,,62852,Vespertino,,,149392,"POINT (  570458.620910364,   6149267.03302608)",VICTORIANO ALVAREZ 6003,1
2026-06-21,G_113,44,,,,S,,62852,Vespertino,,,129567,"POINT (  570512.938127565,   6149239.66035169)",VICTORIANO ALVAREZ 5923,1
2026-06-21,G_113,45,,,,S,,62852,Vespertino,,,129553,"POINT (  570655.889771074,   6149164.83590500)",VICTORIANO ALVAREZ 5871,1
2026-06-21,G_113,46,,,,S,,62852,Vespertino,,,129555,"POINT (  570751.036906981,   6149115.18388020)",VICTORIANO ALVAREZ 5811 EN 5817,1
2026-06-21,G_113,47,,,,S,,62852,Vespertino,,,129573,"POINT (  570865.352033858,   6149054.67769183)",VICTORIANO ALVAREZ 5735 EN 5731. MURO,1
2026-06-21,G_113,48,,,,S,,62852,Vespertino,,,181180,"POINT (  570594.982068828,   6149012.31024994)",YEGROS Esq. CIRC INT SIN DENOM ALTA POR RELEVAMIENTO,1
2026-06-21,G_113,49,,,,S,,62852,Vespertino,,,129548,"POINT (  570593.049579383,   6149004.16388201)",YEGROS 2144 FTE 2144. PDO CARTEL,1
2026-06-21,G_113,50,,,,S,,62852,Vespertino,,,182956,"POINT (  570564.353104575,   6148882.29032614)",CIRC INT 9 Esq. YEGROS,1
2026-06-21,G_113,51,,,,S,,62852,Vespertino,,,182957,"POINT (  570564.353104575,   6148879.02235229)",CIRC INT 9 Esq. YEGROS,1
2026-06-21,G_113,52,,,,S,,62852,Vespertino,,,183648,"POINT (  570555.117441830,   6148819.27215708)",YEGROS 2066,1
2026-06-21,G_113,53,,,,S,,62852,Vespertino,,,129473,"POINT (  570506.349824783,   6148666.81291379)",YEGROS 2010 FTE MURO CIEGO. ESPACIO LIBRE,1
2026-06-21,G_113,54,,,,S,,62852,Vespertino,,,129485,"POINT (  570472.447997665,   6148512.30950496)",YEGROS 1955 ESQ AV LEZICA. VEREDA,1
2026-06-21,G_113,55,,,,S,,62852,Vespertino,,,129575,"POINT (  570131.206655845,   6148681.81864055)",CALLE B Esq. CALLE C VIVIENDAS,1
2026-06-21,G_113,56,,,,S,,62852,Vespertino,,,129576,"POINT (  570224.019854679,   6148747.39922416)",CALLE D Esq. CALLE A VIVIENDAS,1
2026-06-21,G_113,57,,,,S,,62852,Vespertino,,,180634,"POINT (  570182.320409524,   6148780.04670000)",CALLE A 5976 EN 5970,1
2026-06-21,G_113,58,,,,S,,62852,Vespertino,,,129476,"POINT (  570158.439271072,   6148784.07988957)",CALLE A 6012 VIVIENDAS,1
2026-06-21,G_113,59,,,,S,,62852,Vespertino,,,129477,"POINT (  570091.704205494,   6148761.84621530)",CAACUPE 2028 FTE 2028,1
2026-06-21,G_113,60,,,,S,,62852,Vespertino,,,175347,"POINT (  570001.624970057,   6148621.40472939)",AV LEZICA 5920,1
2026-06-21,G_113,61,,,,N,,62852,Vespertino,,,129578,"POINT (  569917.575709200,   6148526.51871169)",FRAY ANTONIO DE MARCHENA 1920 ANTES DE 5993. APTO 6,1
2026-06-21,G_113,62,,,,N,,62852,Vespertino,,,129481,"POINT (  569902.786148536,   6148467.29232468)",FRAY ANTONIO DE MARCHENA Esq. LANUS FTE PUERTA B 123,1
2026-06-21,G_113,63,,,,N,,62852,Vespertino,,,180645,"POINT (  569902.048212418,   6148463.70226253)",FRAY ANTONIO DE MARCHENA Esq. LANUS ALTA POR RELEVAMIENTO,1
2026-06-21,G_113,64,,,,S,,62852,Vespertino,,,166912,"POINT (  570073.397287485,   6148449.89296266)",CAACUPE 1918 FTE 1921,1
2026-06-21,G_113,65,,,,S,,62852,Vespertino,,,129486,"POINT (  570085.237895287,   6148500.65347086)",CAACUPE 1933 FTE MURO,1
2026-06-21,G_113,66,,,,S,,62852,Vespertino,,,129483,"POINT (  570135.582739043,   6148566.00939188)",AV LEZICA 5935 EN 5933,1
2026-06-21,G_113,67,,,,S,,62852,Vespertino,,,129484,"POINT (  570287.377367655,   6148530.64983766)",AV LEZICA Esq. ITURBE,1
2026-06-21,G_113,68,,,,S,,62852,Vespertino,,,129478,"POINT (  570428.542352707,   6148496.19224288)",AV LEZICA 5853 EN 5867/5853,1
2026-06-21,G_113,69,,,,S,,62852,Vespertino,,,129521,"POINT (  570418.059243887,   6148281.95288399)",YEGROS Esq. LANUS,1
2026-06-21,G_113,70,,,,S,,62852,Vespertino,,,181452,"POINT (  570415.782492811,   6148268.79940959)",YEGROS 1884 Estaba de mas en territorio,1
2026-06-21,G_113,71,,,,S,,62852,Vespertino,,,129543,"POINT (  570533.521800000,   6148070.74380476)",CARVE 5809 PDO 5811. MURO,1
2026-06-21,G_113,72,,,,S,,62852,Vespertino,,,129559,"POINT (  570494.506325989,   6147894.17309097)",DR VALENTIN ALVAREZ 5808,1
2026-06-21,G_113,73,,,,S,,62852,Vespertino,,,165232,"POINT (  570415.932015094,   6147913.93311132)",DR VALENTIN ALVAREZ 5826 EN 5826,1
2026-06-21,G_113,74,,,,S,,62852,Vespertino,,,129497,"POINT (  570528.554810125,   6148273.85376838)",LANUS 5819 VEREDA. EN 5821,1
2026-06-21,G_113,75,,,,S,,62852,Vespertino,,,129498,"POINT (  570532.422841980,   6148272.82987759)",LANUS 5819 VEREDA. EN 5821,1
2026-06-21,G_113,76,,,,S,,62852,Vespertino,,,129500,"POINT (  570632.456816243,   6148283.35014390)",CALDERON DE LA BARCA 1913,1
2026-06-21,G_113,77,,,,S,,62852,Vespertino,,,129525,"POINT (  570665.579772317,   6148420.72676328)",CALDERON DE LA BARCA 1946,1
2026-06-21,G_113,78,,,,S,,62852,Vespertino,,,129527,"POINT (  570764.284127018,   6148415.17745468)",AV LEZICA 5773,1
2026-06-21,G_113,79,,,,S,,62852,Vespertino,,,129522,"POINT (  570833.666922163,   6148397.83175589)",AV LEZICA 5743 EN 5759. CERCO MADERA,1
2026-06-21,G_113,80,,,,S,,62852,Vespertino,,,129524,"POINT (  570978.214412047,   6148360.82759848)",AV LEZICA 5681 EN 5685. SUB ESTACION,1
2026-06-21,G_103,29,S,25,,S,,62888,Vespertino,2026-06-21 16:48:10,,116642,"POINT (  572854.979233487,   6144023.70163875)",3 DE FEBRERO 4323 SUBESTACION,0
2026-06-21,G_111,50,S,25,,S,Dos Ciclos,62888,Vespertino,2026-06-21 16:19:15,,129283,"POINT (  568030.776804659,   6149597.38903965)",MEDIODIA 1815 PDO 1815,1
2026-06-21,G_111,104,S,25,,S,,62888,Vespertino,2026-06-21 16:31:27,,129362,"POINT (  568273.165059727,   6148467.18454493)",JULIO VERNE 6244,2
2026-06-21,D_120,59,S,25,,S,,62888,Vespertino,2026-06-21 14:40:34,,124538,"POINT (  578553.189937812,   6147919.69325070)",LAS FLORES 4298,3
2026-06-21,D_116,28,S,25,,S,"Basura Afuera, Poda, Requiere Limpieza",62888,Vespertino,2026-06-21 14:40:43,,176346,"POINT (  576823.976322064,   6145551.33824442)",CNO TTE GALEANO 4881,4
2026-06-21,D_114,58,N,,Fuego,S,,62888,Vespertino,2026-06-21 14:14:42,,124416,"POINT (  577204.284193964,   6144562.86934371)",DR ABEL CHIFFLET 4937 EN 4939/4937,5
2026-06-21,E_105,18,S,25,,S,,62888,Vespertino,2026-06-21 17:12:47,,107444,"POINT (  580638.398763190,   6138248.29472348)",VERDI 4408 VEREDA,6
2026-06-21,CH_101,1,S,25,,S,,62839,Nocturno,2026-06-21 22:42:13,20,175380,"POINT (  576783.184780077,   6134713.16203109)",TABARE 2425 PDO 2425,0
2026-06-21,CH_101,2,S,25,,S,,62839,Nocturno,2026-06-21 22:42:19,20,180708,"POINT (  576782.176882294,   6134713.73880978)",TABARE 2425,0
2026-06-21,CH_101,3,S,100,,N,,62839,Nocturno,2026-06-21 22:46:21,20,175381,"POINT (  576663.128313290,   6134745.17970458)",TABARE 2373 FTE 2374. SUB ESTACION,0
2026-06-21,CH_101,4,S,100,,S,,62839,Nocturno,2026-06-21 22:49:18,20,175382,"POINT (  576633.716548584,   6134623.66554336)","MANUEL J ERRAZQUIN 2366 EN 2360. EDIFICIO, MURO DE PIEDRA",0
2026-06-21,CH_101,5,S,100,,S,,62839,Nocturno,2026-06-21 22:53:18,20,175498,"POINT (  576708.771014815,   6134577.69604445)",MANUEL J ERRAZQUIN 2394 FTE 2399,0
2026-06-21,CH_101,6,S,100,,S,,62839,Nocturno,2026-06-21 22:56:44,20,179030,"POINT (  576713.209093177,   6134575.10261863)",MANUEL J ERRAZQUIN Esq. JOSE LUIS ZORRILLA DE SAN MARTIN FTE 2399. ESQ,0
2026-06-21,CH_101,7,S,75,,S,,62839,Nocturno,2026-06-21 22:56:05,20,176426,"POINT (  576617.836767782,   6134611.03628235)",BV GRAL ARTIGAS 42 PDO 42. ARBOL/COLUMNA,0
2026-06-21,CH_101,8,S,25,,S,,62839,Nocturno,2026-06-21 22:56:30,20,176427,"POINT (  576617.626374967,   6134612.96832707)",BV GRAL ARTIGAS 42 PDO 42. ARBOL/COLUMNA,0
2026-06-21,CH_101,9,S,25,,S,,62839,Nocturno,2026-06-21 22:59:15,20,176428,"POINT (  576603.982776673,   6134784.25249835)",BV GRAL ARTIGAS 118 EN 122. ARBOL/ARBOL,0
2026-06-21,CH_101,10,S,75,,S,,62839,Nocturno,2026-06-21 23:00:20,20,176429,"POINT (  576596.228298668,   6134883.37756991)",BV GRAL ARTIGAS 160 ANTES DE PARADA,0
2026-06-21,CH_101,11,S,25,,S,,62839,Nocturno,2026-06-21 23:02:52,20,183948,"POINT (  576583.714947619,   6135022.82823333)",BV GRAL ARTIGAS 254,0
2026-06-21,CH_101,12,S,25,,S,,62839,Nocturno,2026-06-21 23:02:59,20,183965,"POINT (  576583.357577603,   6135025.14004813)",BV GRAL ARTIGAS 254,0
2026-06-21,CH_101,13,S,100,,S,,62839,Nocturno,2026-06-21 23:05:48,20,176432,"POINT (  576570.530319231,   6135195.57044992)",BV GRAL ARTIGAS 336 PDO REBAJE,0
2026-06-21,CH_101,14,S,50,,S,,62839,Nocturno,2026-06-21 23:07:27,20,176434,"POINT (  576549.551150053,   6135463.40050227)",BV GRAL ARTIGAS 456 ANTES DE COLUMNA,0
2026-06-21,CH_101,15,S,50,,S,,62839,Nocturno,2026-06-21 23:09:05,20,176435,"POINT (  576536.867468974,   6135611.78754844)",BV GRAL ARTIGAS 516 ARBOL/ARBOL,0
2026-06-21,CH_101,16,S,25,,S,,62839,Nocturno,2026-06-21 23:10:27,20,176436,"POINT (  576526.197547688,   6135738.35385418)",BV GRAL ARTIGAS 574 ANTES DE COLUMNA,0
2026-06-21,CH_101,17,S,50,,S,,62839,Nocturno,2026-06-22 01:46:29,26,182034,"POINT (  576800.039219385,   6135781.15530082)",AGRIM FRANCISCO ROS 2718,0
2026-06-21,CH_101,18,S,100,,S,,62839,Nocturno,2026-06-22 01:46:35,26,182035,"POINT (  576801.961214894,   6135778.82144913)",AGRIM FRANCISCO ROS 2718,0
2026-06-21,CH_101,19,S,75,,S,,62839,Nocturno,2026-06-22 01:50:32,26,183159,"POINT (  576945.585711464,   6135752.46927707)",LUIS DE LA TORRE 644,0
2026-06-21,CH_101,20,S,25,,S,,62839,Nocturno,2026-06-22 01:50:37,26,175658,"POINT (  576950.090298872,   6135756.50251974)",LUIS DE LA TORRE 644 PDO ANTEL,0
2026-06-21,CH_101,21,S,100,,S,,62839,Nocturno,2026-06-22 01:50:46,26,175659,"POINT (  576954.075241769,   6135759.87439449)",LUIS DE LA TORRE 644 PDO ANTEL,0
2026-06-21,CH_101,22,S,50,,S,,62839,Nocturno,2026-06-22 01:55:46,26,181869,"POINT (  577022.835564278,   6135665.15526929)",CORONEL MORA 641,0
2026-06-21,CH_101,23,S,100,,S,,62839,Nocturno,2026-06-22 01:55:53,26,175679,"POINT (  577020.248283905,   6135663.39279628)",CORONEL MORA 641 EN 635,0
2026-06-21,CH_101,24,S,25,,S,,62839,Nocturno,2026-06-22 01:55:59,26,175680,"POINT (  577016.876409147,   6135660.63398966)",CORONEL MORA 635,0
2026-06-21,CH_101,25,S,100,,S,,62839,Nocturno,2026-06-22 01:58:23,26,175655,"POINT (  576920.596707910,   6135586.55155480)",CORONEL MORA 581 EN 583. EDIFICIO,0
2026-06-21,CH_101,26,S,50,,S,,62839,Nocturno,2026-06-22 01:58:30,26,181655,"POINT (  576918.802681570,   6135585.19253743)",CORONEL MORA 581 EN 583,0
2026-06-21,CH_101,27,S,75,,S,,62839,Nocturno,2026-06-22 02:01:01,26,175654,"POINT (  576832.611116944,   6135599.17390885)",GRAL GREGORIO SUAREZ 2773,0
2026-06-21,CH_101,28,S,100,,S,,62839,Nocturno,2026-06-22 02:03:21,26,184060,"POINT (  576754.782011085,   6135695.11281109)",GRAL GREGORIO SUAREZ 2727 Gral Gregorio Suarez 2727,0
2026-06-21,CH_101,29,S,75,,S,,62839,Nocturno,2026-06-22 02:06:20,26,175574,"POINT (  576664.516081366,   6135622.31830798)",DR JOSE MARIA MONTERO 2730,0
2026-06-21,CH_101,30,S,100,,S,Basura Afuera,62839,Nocturno,2026-06-22 02:08:40,26,175576,"POINT (  576740.957105592,   6135527.01721231)",DR JOSE MARIA MONTERO 2770,0
2026-06-21,CH_101,31,S,100,,S,,62839,Nocturno,2026-06-22 02:10:24,26,175577,"POINT (  576797.460340016,   6135457.73531724)",DR JOSE MARIA MONTERO 2804 EN 2804/2806,0
2026-06-21,CH_101,32,S,75,,S,,62839,Nocturno,2026-06-22 02:12:00,26,175578,"POINT (  576879.059016431,   6135386.45194521)",DR JOSE MARIA MONTERO 2860 EN 2860/2864,0
2026-06-21,CH_101,33,S,50,,S,,62839,Nocturno,2026-06-22 02:13:24,26,179955,"POINT (  576969.430630986,   6135329.79771409)",DR JOSE MARIA MONTERO 2928 SUBESTACION,0
2026-06-21,CH_101,34,S,25,,S,,62839,Nocturno,2026-06-22 02:14:27,26,179934,"POINT (  577033.591616902,   6135291.35141549)",DR JOSE MARIA MONTERO 2972,0
2026-06-21,CH_101,35,S,100,,S,,62839,Nocturno,2026-06-22 02:16:24,26,179262,"POINT (  577120.969988453,   6135236.07634270)",DR JOSE MARIA MONTERO 3034,0
2026-06-21,CH_101,36,S,100,,S,,62839,Nocturno,2026-06-22 02:16:31,26,175582,"POINT (  577123.661858606,   6135235.30986187)",DR JOSE MARIA MONTERO 3034,0
2026-06-21,CH_101,37,S,100,,S,,62839,Nocturno,2026-06-22 02:21:16,26,175640,"POINT (  577218.616498425,   6135177.93222193)",DR JOSE MARIA MONTERO 3072,0
2026-06-21,CH_101,38,S,75,,S,,62839,Nocturno,2026-06-22 02:21:30,26,175583,"POINT (  577222.466276327,   6135176.37384338)",DR JOSE MARIA MONTERO 3072 EDIFICIO,0
2026-06-21,CH_101,39,S,100,,S,,62839,Nocturno,2026-06-22 02:23:39,26,175585,"POINT (  577312.224820384,   6135121.87208592)",DR JOSE MARIA MONTERO 3100,0
2026-06-21,CH_101,40,S,50,,S,,62839,Nocturno,2026-06-22 02:29:42,26,175559,"POINT (  577019.624283540,   6134980.07514069)",GUIPUZCOA 358 TINTORERIA,0
2026-06-21,CH_101,41,S,100,,S,,62839,Nocturno,2026-06-22 02:32:32,26,175564,"POINT (  577085.057184440,   6135087.46207805)",GUIPUZCOA 434,0
2026-06-21,CH_101,42,S,75,,S,,62839,Nocturno,2026-06-22 02:34:05,26,175566,"POINT (  577088.598259077,   6135137.96088156)",JOAQUIN NUÑEZ 3043,0
2026-06-21,CH_101,43,S,75,,S,,62839,Nocturno,2026-06-22 02:35:33,26,175567,"POINT (  576968.240211364,   6135213.13173771)",JOAQUIN NUÑEZ 2957 PDO 2957. MURO LADRILLO,0
2026-06-21,CH_101,44,S,75,,S,,62839,Nocturno,2026-06-22 02:37:20,26,175568,"POINT (  576849.498741202,   6135285.91621748)",JOAQUIN NUÑEZ 2893 FTE 2890. REJAS,0
2026-06-21,CH_101,45,S,100,,S,,62839,Nocturno,2026-06-22 02:38:42,26,175569,"POINT (  576728.447874539,   6135397.61402831)",JOAQUIN NUÑEZ 2807,0
2026-06-21,CH_101,46,S,100,,S,,62839,Nocturno,2026-06-22 02:41:03,26,175571,"POINT (  576659.165979469,   6135483.48508825)",JOAQUIN NUÑEZ 2763 EDIFICIO,0
2026-06-21,CH_101,47,S,100,,S,,62839,Nocturno,2026-06-22 02:43:43,26,175573,"POINT (  576607.397007875,   6135553.15188273)",JOAQUIN NUÑEZ 2725 VENTANA TAPIADA,0
2026-06-21,CH_101,48,S,100,,S,,62839,Nocturno,2026-06-22 02:50:03,26,175542,"POINT (  576606.030614945,   6135302.77481196)",SOLANO GARCIA 2406 VEREDA. MURO,0
2026-06-21,CH_101,49,S,100,,S,,62839,Nocturno,2026-06-22 02:50:09,26,175544,"POINT (  576615.152731129,   6135297.65564971)",SOLANO GARCIA 2414 VEREDA. MURO,0
2026-06-21,CH_101,50,S,100,,S,,62839,Nocturno,2026-06-22 02:51:40,26,175547,"POINT (  576759.874911941,   6135210.70687139)",SOLANO GARCIA 2490 VEREDA,0
2026-06-21,CH_101,51,S,50,,S,,62839,Nocturno,2026-06-22 02:53:01,26,175555,"POINT (  576942.182520829,   6135099.39395998)",SOLANO GARCIA 2555 VEREDA. FTE 2555,0
2026-06-21,CH_101,52,S,100,,S,,62839,Nocturno,2026-06-22 02:54:52,26,175557,"POINT (  577127.550080083,   6134988.54292787)",SOLANO GARCIA 2634 VEREDA. MURO,0
2026-06-21,CH_101,53,S,100,,S,,62839,Nocturno,2026-06-22 02:59:16,26,175529,"POINT (  576756.795716620,   6135015.49069830)",FRANCISCO GARCIA CORTINAS 2416 FTE 2412,0
2026-06-21,CH_101,54,S,75,,S,,62839,Nocturno,2026-06-22 03:00:59,26,175539,"POINT (  576611.169022162,   6135105.95649505)",FRANCISCO GARCIA CORTINAS 2365,0
2026-06-21,CH_101,55,S,25,,S,,62839,Nocturno,2026-06-22 03:05:47,26,175510,"POINT (  576727.372196078,   6134857.61452288)",PARVA DOMUS 2402 EN 2406. CERCO VEGETAL,0
2026-06-21,CH_101,56,S,75,,S,,62839,Nocturno,2026-06-22 03:05:53,26,175512,"POINT (  576732.827391642,   6134857.89344403)",PARVA DOMUS 2402 EN 2406. CERCO VEGETAL,0
2026-06-21,CH_101,57,S,100,,S,,62839,Nocturno,2026-06-22 03:07:07,26,175521,"POINT (  576835.931036775,   6134934.04598164)",ARIOSTO 260 FTE 291,0
2026-06-21,CH_101,58,S,75,,S,,62839,Nocturno,2026-06-22 03:13:23,26,175550,"POINT (  576665.382105055,   6135179.79944820)",DR HECTOR MIRANDA 2421 PROV OP. ORIGEN 2445,0
2026-06-21,CH_101,59,S,100,,S,,62839,Nocturno,2026-06-22 03:58:15,12,180638,"POINT (  576663.329567103,   6135180.11456188)",DR HECTOR MIRANDA 2421,0
2026-06-21,CH_101,60,S,25,,S,,62839,Nocturno,2026-06-22 04:00:10,12,179038,"POINT (  576574.932575482,   6135236.23816856)",DR HECTOR MIRANDA 2355 EST 45,0
2026-06-21,CH_101,61,S,50,,S,,62839,Nocturno,2026-06-22 04:03:43,12,175641,"POINT (  576979.706927931,   6135393.30646925)",JOSE ELLAURI 526 DROGUERIA,0
2026-06-21,CH_101,62,S,100,,S,,62839,Nocturno,2026-06-22 04:05:14,12,175642,"POINT (  577042.839283330,   6135491.07235134)",JOSE ELLAURI 558,0
2026-06-21,CH_101,63,S,100,,S,,62839,Nocturno,2026-06-22 04:07:07,12,180162,"POINT (  577082.021973979,   6135497.25313241)",LEYENDA PATRIA 2872,0
2026-06-21,CH_101,64,S,100,,S,,62839,Nocturno,2026-06-22 04:08:47,12,180163,"POINT (  577109.740667082,   6135381.08097617)",LEYENDA PATRIA 2942,0
2026-06-21,CH_101,65,S,75,,S,,62839,Nocturno,2026-06-22 04:11:43,12,175646,"POINT (  577051.717425811,   6135388.84545790)",BLANCA DEL TABARE 2941,0
2026-06-21,CH_101,66,S,50,,S,,62839,Nocturno,2026-06-22 04:11:50,12,175643,"POINT (  577041.198983577,   6135432.72454585)",BLANCA DEL TABARE 2917 EDIFICIO,0
2026-06-21,CH_101,67,S,100,,S,,62839,Nocturno,2026-06-22 04:14:45,12,179737,"POINT (  577231.393518453,   6135259.37292425)",LEYENDA PATRIA 3022 EDIFICIO,0
2026-06-21,CH_101,68,S,75,,S,,62839,Nocturno,2026-06-22 04:14:51,12,179722,"POINT (  577234.178103806,   6135258.03019343)",LEYENDA PATRIA 3022 EDIFICIO,0
2026-06-21,CH_101,69,S,100,,S,,62839,Nocturno,2026-06-22 04:17:32,12,175649,"POINT (  577349.341008554,   6135243.97291002)",LEYENDA PATRIA 3096,0
2026-06-21,CH_101,70,S,25,,S,,62839,Nocturno,2026-06-22 04:17:44,12,175650,"POINT (  577375.252053460,   6135248.79525272)",LEYENDA PATRIA 3088 EDIFICIO,0
2026-06-21,CH_101,71,S,75,,S,,62839,Nocturno,2026-06-22 04:20:02,12,175651,"POINT (  577459.006763451,   6135300.73899789)",LEYENDA PATRIA 3132 ARBOL/ARBOL,0
2026-06-21,CH_101,72,S,75,,S,,62839,Nocturno,2026-06-22 04:20:08,12,181650,"POINT (  577460.879109101,   6135303.13208180)",LEYENDA PATRIA 3132,0
2026-06-21,B_103,1,S,100,,S,,62839,Nocturno,2026-06-21 23:14:00,20,176379,"POINT (  576425.631564924,   6135985.56362614)",JOSE H FIGUEIRA 2335 EN 2335/2327,1
2026-06-21,B_103,2,S,100,,S,,62839,Nocturno,2026-06-21 23:18:03,20,176380,"POINT (  576293.879229462,   6135974.15839099)",JOSE H FIGUEIRA 2263 FTE 2260,1
2026-06-21,B_103,3,S,50,,S,,62839,Nocturno,2026-06-21 23:20:32,20,181607,"POINT (  576243.243926735,   6135855.36076929)",IBIRAY 2230,1
2026-06-21,B_103,4,S,100,,S,,62839,Nocturno,2026-06-21 23:23:41,20,176383,"POINT (  576479.770998475,   6135861.70741699)",BV GRAL ARTIGAS 641 ARBOL/ARBOL,1
2026-06-21,B_103,5,S,25,,S,,62839,Nocturno,2026-06-21 23:27:23,20,176384,"POINT (  576484.564026797,   6135803.97321220)",BV GRAL ARTIGAS 607 PDO LOMA DE BURRO,1
2026-06-21,B_103,6,S,25,,S,,62839,Nocturno,2026-06-21 23:27:29,20,176385,"POINT (  576486.947380392,   6135765.35034401)",BV GRAL ARTIGAS 589 PDO COLUMNA. EDIFICIO ITAPUA,1
2026-06-21,B_103,7,S,75,,S,,62839,Nocturno,2026-06-21 23:27:35,20,176386,"POINT (  576489.235732790,   6135748.14554610)",BV GRAL ARTIGAS 581,1
2026-06-21,B_103,8,S,25,,S,,62839,Nocturno,2026-06-21 23:31:59,20,176387,"POINT (  576497.573904575,   6135660.99136296)",BV GRAL ARTIGAS 541,1
2026-06-21,B_103,9,S,100,,S,,62839,Nocturno,2026-06-21 23:32:05,20,176388,"POINT (  576501.277608279,   6135612.18962005)",BV GRAL ARTIGAS 529 NATAL. PDO COLUMNA,1
2026-06-21,B_103,10,S,25,,S,,62839,Nocturno,2026-06-21 23:34:58,20,176389,"POINT (  576506.857236158,   6135541.56650735)",BV GRAL ARTIGAS 493 MAPFRE,1
2026-06-21,B_103,11,S,25,,S,,62839,Nocturno,2026-06-21 23:35:04,20,179338,"POINT (  576507.159006931,   6135537.23256733)",BV GRAL ARTIGAS 493 PROV OV (O: BV GRAL ARTIGAS 417),1
2026-06-21,B_103,12,S,25,,S,,62839,Nocturno,2026-06-21 23:38:48,20,180364,"POINT (  576516.044250740,   6135404.41292219)",BV GRAL ARTIGAS 417,1
2026-06-21,B_103,13,S,75,,S,,62839,Nocturno,2026-06-21 23:38:53,20,176392,"POINT (  576481.134037062,   6135393.30932459)",AV JULIO MARIA SOSA 2333 REBAJE/REBAJE,1
2026-06-21,B_103,14,S,25,,S,,62839,Nocturno,2026-06-21 23:38:59,20,176393,"POINT (  576443.624401118,   6135416.36444556)",AV JULIO MARIA SOSA 2305 EN 2305. PDO REBAJE,1
2026-06-21,B_103,15,S,50,,S,,62839,Nocturno,2026-06-21 23:39:05,20,176394,"POINT (  576442.533361616,   6135417.04634525)",AV JULIO MARIA SOSA 2305 EN 2305. PDO REBAJE,1
2026-06-21,B_103,16,S,100,,S,,62839,Nocturno,2026-06-21 23:42:24,20,176395,"POINT (  576421.582852072,   6135481.31363296)",ING CARLOS MARIA MAGGIOLO 456 ANTES ARBOL,1
2026-06-21,B_103,17,S,75,,S,,62839,Nocturno,2026-06-21 23:46:47,20,176396,"POINT (  576413.137083409,   6135583.49440947)",ING CARLOS MARIA MAGGIOLO 514 EN 508. ARBOL/ARBOL,1
2026-06-21,B_103,18,S,50,,S,,62839,Nocturno,2026-06-21 23:46:53,20,176397,"POINT (  576413.137083409,   6135584.73672894)",ING CARLOS MARIA MAGGIOLO 514 EN 508. ARBOL/ARBOL,1
2026-06-21,B_103,19,S,100,,S,,62839,Nocturno,2026-06-21 23:49:11,20,176398,"POINT (  576407.436440025,   6135648.74623786)",ING CARLOS MARIA MAGGIOLO 546 ANTES SE?AL DE TRANSITO,1
2026-06-21,B_103,20,S,100,,S,,62839,Nocturno,2026-06-21 23:52:04,20,176399,"POINT (  576397.698258360,   6135759.11229672)",ING CARLOS MARIA MAGGIOLO 594 PDO ARBOL,1
2026-06-21,B_103,21,S,100,,S,,62839,Nocturno,2026-06-21 23:54:39,20,176400,"POINT (  576389.282545812,   6135861.22294231)",ING CARLOS MARIA MAGGIOLO 642 FTE 647. MURO,1
2026-06-21,B_103,22,S,50,,S,,62839,Nocturno,2026-06-21 23:56:04,20,176401,"POINT (  576382.560283987,   6135935.73334353)",ING CARLOS MARIA MAGGIOLO 684 ARBOL/ARBOL,1
2026-06-21,B_103,23,N,,Contenedor No Está,N,,62839,Nocturno,2026-06-21 23:56:12,,176402,"POINT (  576376.286806850,   6136019.06148550)",ING CARLOS MARIA MAGGIOLO 720 EN 724/726. CASA LADRILLO. PDO ARBOL,1
2026-06-21,B_103,24,S,100,,S,Basura Afuera,62839,Nocturno,2026-06-21 23:58:34,20,181516,"POINT (  576373.905058930,   6136052.10656257)",ING CARLOS MARIA MAGGIOLO 740 PROV(O:ING CARLOS MARIA MAGGIOLO 720),1
2026-06-21,B_103,25,S,100,,S,Basura Afuera,62839,Nocturno,2026-06-22 00:01:05,20,176404,"POINT (  576369.740569837,   6136101.29858797)",ING CARLOS MARIA MAGGIOLO 778 FTE 761,1
2026-06-21,B_103,26,S,50,,S,,62839,Nocturno,2026-06-22 00:04:09,20,176405,"POINT (  576254.199952358,   6136108.83893137)",PATRIA 765 PDO REBAJE,1
2026-06-21,B_103,27,S,75,,S,Basura Afuera,62839,Nocturno,2026-06-22 00:06:46,20,176406,"POINT (  576258.923005364,   6136047.85740036)",PATRIA 741 FTE 746. PDO COLUMNA,1
2026-06-21,B_103,28,S,25,,S,,62839,Nocturno,2026-06-22 00:07:58,20,176407,"POINT (  576267.707577630,   6135938.68642592)",PATRIA 685 REJA CON VEGETACION,1
2026-06-21,B_103,29,S,75,,S,Basura Afuera,62839,Nocturno,2026-06-22 00:10:53,20,176408,"POINT (  576274.808127832,   6135851.63646470)",PATRIA 647 FARMACIA. ANTES COLUMNA,1
2026-06-21,B_103,30,S,75,,S,,62839,Nocturno,2026-06-22 00:13:14,20,176440,"POINT (  576278.968015292,   6135797.11435678)",PATRIA 617,1
2026-06-21,B_103,31,S,100,,S,,62839,Nocturno,2026-06-22 00:22:29,20,176409,"POINT (  576286.443961072,   6135711.67117538)",PATRIA 571 EN 579/581. EDIFICIO,1
2026-06-21,B_103,32,S,100,,S,,62839,Nocturno,2026-06-22 00:22:35,20,176410,"POINT (  576289.711934929,   6135683.34873529)",PATRIA 553 REDPAGOS,1
2026-06-21,B_103,33,S,100,,S,Basura Afuera,62839,Nocturno,2026-06-22 00:22:42,20,176411,"POINT (  576289.929799852,   6135680.29862636)",PATRIA 553 REDPAGOS,1
2026-06-21,B_103,34,S,100,,S,,62839,Nocturno,2026-06-22 00:23:41,20,180000,"POINT (  576296.566251522,   6135572.82861402)",PATRIA 505,1
2026-06-21,B_103,35,S,100,,S,Basura Afuera,62839,Nocturno,2026-06-22 00:27:50,20,176413,"POINT (  576305.148532958,   6135510.63922286)",PATRIA 458 FTE 458. ARBOL/ARBOL,1
2026-06-21,B_103,36,S,100,,S,,62839,Nocturno,2026-06-22 00:27:55,20,176414,"POINT (  576305.451908005,   6135506.69534724)",PATRIA 458 FTE 458. ARBOL/ARBOL,1
2026-06-21,B_103,37,S,50,,S,Basura Afuera,62839,Nocturno,2026-06-22 00:30:04,20,176415,"POINT (  576250.237649378,   6135534.60585160)",AV JULIO MARIA SOSA 2223 CASA LADRILLOS,1
2026-06-21,B_103,38,S,25,,S,,62839,Nocturno,2026-06-22 00:33:49,20,176416,"POINT (  576211.948981849,   6135608.83063272)",AV JULIO HERRERA Y REISSIG 522 VEREDA. PDO REBAJE,1
2026-06-21,B_103,39,S,100,,S,Basura Afuera,62839,Nocturno,2026-06-22 00:37:16,20,176417,"POINT (  576208.312846893,   6135711.66158475)",AV JULIO HERRERA Y REISSIG 572 VEREDA. EN 574 BIS. PDO COLUMNA,1
2026-06-21,B_103,40,S,50,,S,,62839,Nocturno,2026-06-22 00:40:22,20,176418,"POINT (  576208.198533561,   6135845.85896455)",AV JULIO HERRERA Y REISSIG 650 VEREDA,1
2026-06-21,B_103,41,S,25,,S,,62839,Nocturno,2026-06-22 00:43:24,20,176419,"POINT (  576208.880433249,   6135886.09104619)",AV JULIO HERRERA Y REISSIG 660 VEREDA. ANTES CARTEL,1
2026-06-21,B_103,42,S,50,,S,,62839,Nocturno,2026-06-22 00:50:07,20,176420,"POINT (  576212.903641413,   6136042.99616458)",AV JULIO HERRERA Y REISSIG 750 VEREDA. PDO COLUMNA. EDIFICIO,1
2026-06-21,B_103,43,S,25,,S,,62839,Nocturno,2026-06-22 00:50:14,20,176421,"POINT (  576212.971831382,   6136045.17824358)",AV JULIO HERRERA Y REISSIG 750 RETIRO PROVISORIO POR FERIA PQE RODO // VEREDA. PDO COLUMNA. EDIFICIO,1
2026-06-21,B_103,44,S,25,,S,,62839,Nocturno,2026-06-22 00:50:21,20,176422,"POINT (  576214.267440791,   6136100.07116853)",AV JULIO HERRERA Y REISSIG 780 RETIRO PROVISORIO POR FERIA PQE RODO // VEREDA. ANTES 780. MURO VEGETAL,1
2026-06-21,B_103,45,S,25,,S,,62839,Nocturno,2026-06-22 00:50:36,20,176423,"POINT (  576214.335630760,   6136103.13971713)",AV JULIO HERRERA Y REISSIG 780 VEREDA. ANTES 780. MURO VEGETAL,1
2026-06-21,B_103,46,S,25,,S,,62839,Nocturno,2026-06-22 00:50:42,20,176424,"POINT (  576306.898523312,   6136134.80030650)",AV TOMAS GIRIBALDI 2270 ARBOL/ARBOL,1
2026-06-21,B_103,47,S,100,,S,,62839,Nocturno,2026-06-22 00:57:44,20,176425,"POINT (  576421.189488588,   6136154.47691721)",AV TOMAS GIRIBALDI 2336,1
2026-06-21,CH_102,1,S,75,,S,,62855,Nocturno,2026-06-21 22:59:51,36,175449,"POINT (  577139.564468152,   6136678.15534173)",LUIS B CAVIA 2768 FTE 2761. ARBOL/ARBOL,0
2026-06-21,CH_102,2,S,75,,S,,62855,Nocturno,2026-06-21 23:02:25,36,175450,"POINT (  577223.170422276,   6136555.94720235)",LUIS B CAVIA 2805 CERCO COLEGIO,0
2026-06-21,CH_102,3,S,75,,S,,62855,Nocturno,2026-06-21 23:05:43,36,175451,"POINT (  577299.905966093,   6136469.72749019)",LUIS B CAVIA 2872 EN 2870/2872. CERCO VERDE,0
2026-06-21,CH_102,4,S,50,,S,Basura Afuera,62855,Nocturno,2026-06-21 23:05:53,36,175505,"POINT (  577325.742740647,   6136440.86825579)",LUIS B CAVIA 2888,0
2026-06-21,CH_102,5,S,75,,S,Basura Afuera,62855,Nocturno,2026-06-21 23:07:01,36,176023,"POINT (  577365.668104492,   6136397.43356547)",LUIS B CAVIA 2912 EN 2908/2912. ARBOL/ARBOL,0
2026-06-21,CH_102,6,S,50,,S,,62855,Nocturno,2026-06-21 23:11:48,36,175506,"POINT (  577306.186167348,   6136269.14424873)",PLAZOLETA LEÓN TOLSTOI FTE 2892. MURO. VENTANA/VENTANA,0
2026-06-21,CH_102,7,S,75,,S,,62855,Nocturno,2026-06-21 23:11:56,36,175509,"POINT (  577218.646548489,   6136306.95318917)",JOSE BENITO LAMAS 2857 FTE 2862. PDO 2875. MURO VEGETAL,0
2026-06-21,CH_102,8,S,100,,S,Basura Afuera,62855,Nocturno,2026-06-21 23:18:43,36,180048,"POINT (  577103.503241605,   6136358.96448659)",LUIS DE LA TORRE 1004 MURO BLANCO,0
2026-06-21,CH_102,9,S,100,,S,,62855,Nocturno,2026-06-21 23:16:40,36,175536,"POINT (  577104.128950606,   6136361.48395988)",LUIS DE LA TORRE 1004 MURO BLANCO,0
2026-06-21,CH_102,10,S,50,,S,,62855,Nocturno,2026-06-21 23:19:16,36,182146,"POINT (  577131.833027986,   6136514.04645461)",TRABAJO 2797 FTE 2790,0
2026-06-21,CH_102,11,S,50,,S,,62855,Nocturno,2026-06-21 23:20:22,36,182145,"POINT (  577086.554302162,   6136577.07262071)",TRABAJO 2767 FTE 2770,0
2026-06-21,CH_102,12,S,50,,S,,62855,Nocturno,2026-06-21 23:20:29,36,182075,"POINT (  576994.654202781,   6136561.13994557)",CARLOS M MAESO 2710,0
2026-06-21,CH_102,13,S,75,,S,,62855,Nocturno,2026-06-21 23:21:55,36,181677,"POINT (  577014.053809586,   6136463.65085120)",DR ENRIQUE MUÑOZ 1085 EN 1087,0
2026-06-21,CH_102,14,S,75,,S,,62855,Nocturno,2026-06-21 23:24:33,36,175558,"POINT (  576899.054541177,   6136496.23724581)",QUEBRACHO 2703 FTE 2702,0
2026-06-21,CH_102,15,S,75,,S,,62855,Nocturno,2026-06-21 23:27:22,36,175562,"POINT (  576831.235263885,   6136484.61328341)",LIBERTAD 2507 VEREDA. PDO ARBOL,0
2026-06-21,CH_102,16,S,75,,S,,62855,Nocturno,2026-06-21 23:27:27,36,175565,"POINT (  576787.864757516,   6136452.61941220)",LIBERTAD 2485 EN 2493 VEREDA. LOCAL DE CARNES,0
2026-06-21,CH_102,17,S,75,,S,,62855,Nocturno,2026-06-21 23:30:49,36,183655,"POINT (  576799.898783201,   6136320.96174461)",DR JUAN C DIGHIERO 2485,0
2026-06-21,CH_102,18,S,50,,S,,62855,Nocturno,2026-06-21 23:30:52,36,183654,"POINT (  576797.401620885,   6136320.50771510)",DR JUAN C DIGHIERO 2485,0
2026-06-21,CH_102,19,S,75,,S,,62855,Nocturno,2026-06-21 23:41:21,36,180541,"POINT (  576683.439545752,   6136129.14307103)",21 DE SETIEMBRE 2535 FTE ANCAP,0
2026-06-21,CH_102,20,S,50,,S,,62855,Nocturno,2026-06-21 23:41:25,36,180540,"POINT (  576681.696626362,   6136130.77705795)",21 DE SETIEMBRE 2535 FTE ANCAP,0
2026-06-21,CH_102,21,S,75,,S,,62855,Nocturno,2026-06-21 23:41:31,36,180539,"POINT (  576679.844774510,   6136131.64851765)",21 DE SETIEMBRE 2535 FTE ANCAP,0
2026-06-21,CH_102,22,S,75,,S,,62855,Nocturno,2026-06-21 23:44:37,36,182996,"POINT (  576532.552949149,   6136251.47239762)",LIBERTAD 2358 EN 2358,0
2026-06-21,CH_102,23,S,50,,S,,62855,Nocturno,2026-06-21 23:44:55,36,182995,"POINT (  576535.390633599,   6136253.06150091)",LIBERTAD 2 EN 2358,0
2026-06-21,CH_102,24,S,75,,S,,62855,Nocturno,2026-06-21 23:46:08,36,177380,"POINT (  576695.196462963,   6136355.14746166)",OBLIGADO 1037 EN 1045,0
2026-06-21,CH_102,25,S,75,,S,,62855,Nocturno,2026-06-21 23:36:24,36,175638,"POINT (  576707.130461042,   6136228.91377537)",OBLIGADO 955,0
2026-06-21,CH_102,26,S,50,,S,,62855,Nocturno,2026-06-21 23:36:21,36,180620,"POINT (  576707.133553356,   6136227.07873618)",OBLIGADO 955,0
2026-06-21,CH_102,27,S,75,,S,,62855,Nocturno,2026-06-21 23:36:15,36,175637,"POINT (  576707.284420808,   6136224.75686167)",OBLIGADO 955,0
2026-06-21,CH_102,28,S,50,,S,,62855,Nocturno,2026-06-22 02:45:26,3,180023,"POINT (  576887.954146198,   6136217.96227696)",CARLOS BERG 2530,0
2026-06-21,CH_102,29,S,75,,S,,62855,Nocturno,2026-06-22 02:45:32,3,175604,"POINT (  577017.051471518,   6136226.91229840)",CARLOS BERG 2580 SUBESTACION,0
2026-06-21,CH_102,30,S,100,,S,Basura Afuera,62855,Nocturno,2026-06-22 02:46:33,3,181305,"POINT (  577177.778407168,   6136190.93149659)",FRANCISCO AGUILAR 943,0
2026-06-21,CH_102,31,S,75,,S,,62855,Nocturno,2026-06-22 02:47:44,3,181304,"POINT (  577178.290352560,   6136181.85868657)",FRANCISCO AGUILAR 931 EN 945,0
2026-06-21,CH_102,32,S,75,,S,,62855,Nocturno,2026-06-22 02:47:53,3,183802,"POINT (  577179.363323779,   6136176.86658886)",FRANCISCO AGUILAR 931,0
2026-06-21,CH_102,33,S,100,,S,Basura Afuera,62855,Nocturno,2026-06-22 02:53:41,3,183968,"POINT (  577186.305054814,   6136102.36293615)",FRANCISCO AGUILAR 871,0
2026-06-21,CH_102,34,S,100,,S,Basura Afuera,62855,Nocturno,2026-06-22 02:54:27,3,181383,"POINT (  577187.735082139,   6136070.33908726)",FRANCISCO AGUILAR 863,0
2026-06-21,CH_102,35,S,100,,S,,62855,Nocturno,2026-06-22 02:54:23,3,181303,"POINT (  577204.172036291,   6135890.98837941)",FRANCISCO AGUILAR 777,0
2026-06-21,CH_102,36,N,,Contenedor No Está,S,,62855,Nocturno,2026-06-22 03:00:18,,183712,"POINT (  577062.006495425,   6135831.81043726)",FRANCISCO SOLANO ANTUÑA 2657,0
2026-06-21,CH_102,37,S,100,,S,,62855,Nocturno,2026-06-22 03:00:27,3,183711,"POINT (  577061.026103268,   6135832.35509957)",FRANCISCO SOLANO ANTUÑA 2657,0
2026-06-21,CH_102,38,S,100,,S,,62855,Nocturno,2026-06-22 03:00:31,3,180623,"POINT (  577060.060859841,   6135833.77653003)",FRANCISCO SOLANO ANTUÑA 2656 ESQ. VEREDA,0
2026-06-21,CH_102,39,N,,Auto,S,,62855,Nocturno,2026-06-22 03:01:32,,180625,"POINT (  577005.407930444,   6135895.46930239)",FRANCISCO SOLANO ANTUÑA 2609,0
2026-06-21,CH_102,40,S,100,,S,,62855,Nocturno,2026-06-22 03:20:42,3,175673,"POINT (  576973.233621080,   6136000.42700510)",DR ENRIQUE MUÑOZ 842,0
2026-06-21,CH_102,41,S,100,,S,,62855,Nocturno,2026-06-22 03:20:47,3,175672,"POINT (  576973.080354045,   6136004.71848206)",DR ENRIQUE MUÑOZ 846,0
2026-06-21,CH_102,42,N,,Contenedor No Está,S,,62855,Nocturno,2026-06-22 03:20:59,,183794,"POINT (  576965.512730827,   6136101.15890978)",DR ENRIQUE MUÑOZ 894 PROV O: Luis Franzini 889,0
2026-06-21,CH_102,43,S,100,,S,Basura Afuera,62855,Nocturno,2026-06-22 03:21:13,3,175639,"POINT (  576964.012331871,   6136112.44321182)",DR ENRIQUE MUÑOZ 894 PDO 894,0
2026-06-21,CH_102,44,S,75,,S,Basura Afuera,62855,Nocturno,2026-06-22 03:24:20,3,183127,"POINT (  576950.526770989,   6136269.23025063)",DR ENRIQUE MUÑOZ 975,0
2026-06-21,CH_102,45,S,100,,S,Basura Afuera,62855,Nocturno,2026-06-22 03:24:47,3,175602,"POINT (  576949.688059509,   6136272.02371288)",DR ENRIQUE MUÑOZ 975,0
2026-06-21,CH_102,46,S,100,,S,,62855,Nocturno,2026-06-21 23:49:36,36,175572,"POINT (  576824.538014028,   6136203.02086987)",LUIS FRANZINI 945 FTE 946. ANTES DE REBAJE,0
2026-06-21,CH_102,47,S,100,,S,,62855,Nocturno,2026-06-21 23:57:36,36,183969,"POINT (  576833.589381925,   6136096.11387937)",LUIS FRANZINI 889,0
2026-06-21,CH_102,48,S,100,,S,,62855,Nocturno,2026-06-21 23:57:39,36,183966,"POINT (  576834.129656974,   6136094.24747466)",LUIS FRANZINI 889,0
2026-06-21,CH_102,49,S,100,,N,Basura Afuera,62855,Nocturno,2026-06-22 03:06:42,3,175669,"POINT (  576866.636398599,   6136007.40065517)",DR JOSE SCOSERIA 2506 EN 2502/2506. EST 45,0
2026-06-21,CH_102,50,S,75,,S,,62855,Nocturno,2026-06-22 03:06:38,3,175671,"POINT (  576903.880287978,   6136011.00243048)",DR JOSE SCOSERIA 2524 EST 45,0
2026-06-21,CH_102,51,S,75,,S,,62855,Nocturno,2026-06-22 03:08:14,3,181894,"POINT (  577001.576579181,   6136019.45301536)",DR JOSE SCOSERIA 2562,0
2026-06-21,CH_102,52,S,50,,S,,62855,Nocturno,2026-06-22 03:10:55,3,182991,"POINT (  577126.648093857,   6136031.89771286)",DR JOSE SCOSERIA 2622,0
2026-06-21,CH_102,53,S,75,,S,,62855,Nocturno,2026-06-22 03:12:23,3,183987,"POINT (  577254.501490963,   6135968.67675423)",JOSE ELLAURI 809 José Ellauri 809,0
2026-06-21,CH_102,54,S,75,,S,,62855,Nocturno,2026-06-22 03:15:25,3,181384,"POINT (  577136.760933902,   6135939.12511513)",JAIME ZUDAÑEZ 2621,0
2026-06-21,CH_102,55,S,50,,S,,62855,Nocturno,2026-06-22 03:15:31,3,175676,"POINT (  577043.391606112,   6135932.52970882)",JAIME ZUDAÑEZ 2581 EN 2577,0
2026-06-21,CH_102,56,S,100,,S,,62855,Nocturno,2026-06-22 03:03:17,3,175674,"POINT (  576950.205249149,   6135925.55605876)",JAIME ZUDAÑEZ 2549 FTE 2544,0
2026-06-21,CH_102,57,S,100,,S,,62855,Nocturno,2026-06-22 00:01:36,36,178304,"POINT (  576844.858184519,   6135973.90187204)",LUIS FRANZINI 831 EN 831,0
2026-06-21,CH_102,58,S,100,,S,Basura Afuera,62855,Nocturno,2026-06-22 00:01:41,36,175668,"POINT (  576846.251883014,   6135952.99085793)",LUIS FRANZINI 827 EN 803,0
2026-06-21,CH_102,59,S,100,,S,,62855,Nocturno,2026-06-22 00:05:56,36,182012,"POINT (  576831.487925926,   6135862.22872571)",WILLIMAN 637 MURO LADRILLO CON REJA,0
2026-06-21,CH_102,60,S,100,,S,,62855,Nocturno,2026-06-22 00:06:04,36,182013,"POINT (  576830.207969499,   6135861.11216798)",WILLIMAN 631 MURO LADRILLO CON REJA,0
2026-06-21,CH_102,61,S,75,,S,,62855,Nocturno,2026-06-22 00:07:21,36,183092,"POINT (  576761.688176678,   6135807.62571229)",WILLIMAN 597,0
2026-06-21,CH_102,62,S,75,,S,Basura Afuera,62855,Nocturno,2026-06-22 00:07:32,36,177032,"POINT (  576642.038631804,   6135710.34761279)",WILLIMAN 515 FTE 516,0
2026-06-21,CH_102,63,S,75,,S,Basura Afuera,62855,Nocturno,2026-06-22 00:10:42,36,175678,"POINT (  576543.434539641,   6135790.60443490)",DR JOSE MARIA MONTERO 2613 FTE 2612. MURO CON REJA,0
2026-06-21,CH_102,64,S,75,,S,,62855,Nocturno,2026-06-22 00:13:22,36,175662,"POINT (  576607.691743847,   6135888.77197048)",ECHEVERRIA 538 FTE 541. COLEGIO. ANTES LOMA DE BURRO,0
2026-06-21,CH_102,65,S,100,,S,,62855,Nocturno,2026-06-22 00:15:20,36,175661,"POINT (  576677.581511569,   6135972.14923724)",ECHEVERRIA 592 SUBESTACION,0
2026-06-21,CH_102,66,S,100,,S,Basura Afuera,62855,Nocturno,2026-06-22 00:15:28,36,180044,"POINT (  576678.058328722,   6135972.84024425)",ECHEVERRIA 592 SUBESTACION,0
2026-06-21,CH_102,67,S,100,,S,Basura Afuera,62855,Nocturno,2026-06-22 00:19:19,36,175664,"POINT (  576789.083279153,   6135968.77736248)",AMADO BONPLAND 645 ANTES DE 645,0
2026-06-21,CH_102,68,S,100,,S,Basura Afuera,62855,Nocturno,2026-06-22 00:19:23,36,180661,"POINT (  576785.224547712,   6135963.58777124)",AMADO BONPLAND 645,0
2026-06-21,CH_102,69,S,100,,S,,62855,Nocturno,2026-06-22 00:20:42,36,175663,"POINT (  576688.386837500,   6135847.46650469)",AMADO BONPLAND 581 REJAS VERDES,0
2026-06-21,CH_102,70,S,75,,S,,62855,Nocturno,2026-06-22 00:24:57,36,176437,"POINT (  576516.729871054,   6135847.17202325)",BV GRAL ARTIGAS 628 PDO COLUMNA,0
2026-06-21,CH_102,71,S,75,,S,,62855,Nocturno,2026-06-22 00:28:09,36,180110,"POINT (  576568.762009804,   6135982.79381656)",JOSE H FIGUEIRA 2380 EN 2378,0
2026-06-21,CH_102,72,S,100,,S,Basura Afuera,62855,Nocturno,2026-06-22 00:34:33,36,183972,"POINT (  576598.649611085,   6135983.60312497)",JOSE H FIGUEIRA 2392 Jose H Figueira 2392,0
2026-06-21,CH_102,73,S,100,,S,,62855,Nocturno,2026-06-22 00:35:16,36,183973,"POINT (  576579.674371995,   6136109.08594434)",AV SARMIENTO 2385 Av Sarmiento 2389,0
2026-06-21,CH_102,74,S,100,,S,,62855,Nocturno,2026-06-22 02:34:19,3,183945,"POINT (  576575.984342857,   6136109.40969524)",AV SARMIENTO 2385,0
2026-06-21,CH_102,75,S,75,,S,,62855,Nocturno,2026-06-22 02:21:26,3,175627,"POINT (  576480.424704496,   6136257.43482216)",PLAZOLETA MANUEL MAGARIÑOS CASTAÑO VEREDA,0
2026-06-21,CH_102,76,S,25,,S,,62855,Nocturno,2026-06-22 02:21:43,3,176438,"POINT (  576478.273070247,   6136340.07730252)",BV GRAL ARTIGAS 898 ARBOL/ARBOL,0
2026-06-21,CH_102,77,S,50,,S,,62855,Nocturno,2026-06-22 02:25:47,3,176439,"POINT (  576472.718470876,   6136400.56006426)",BV GRAL ARTIGAS 928 EDIFICIO ORLEANS,0
2026-06-21,CH_102,78,S,75,,S,,62855,Nocturno,2026-06-22 02:25:42,3,183123,"POINT (  576470.549524118,   6136404.27006860)",BV GRAL ARTIGAS 928,0
2026-06-21,CH_123,1,S,75,,S,Basura Afuera,62855,Nocturno,2026-06-22 03:36:44,3,176627,"POINT (  577203.130934859,   6138746.89167843)",AV CENTENARIO 2754 EN 2756. EDIFICIO,1
2026-06-21,CH_123,2,S,50,,S,,62855,Nocturno,2026-06-22 03:39:23,3,176628,"POINT (  577304.002394554,   6138941.22719041)",AV CENTENARIO 2854 EDIFICIO,1
2026-06-21,CH_123,3,S,75,,S,,62855,Nocturno,2026-06-22 03:39:27,3,176629,"POINT (  577317.074289979,   6138969.98536035)",AV CENTENARIO 2872 CCZ. ANTES DE CORDON RESERVADO,1
2026-06-21,CH_123,4,S,50,,S,,62855,Nocturno,2026-06-22 03:42:50,3,176630,"POINT (  577373.501305229,   6139097.00061089)",AV CENTENARIO 2908 VEREDA. EN 2910,1
2026-06-21,CH_123,5,S,75,,S,,62855,Nocturno,2026-06-22 03:42:56,3,176631,"POINT (  577411.409801961,   6139228.37315991)",AV CENTENARIO 2946 ESQ,1
2026-06-21,CH_123,6,S,75,,S,Basura Afuera,62855,Nocturno,2026-06-22 03:45:49,3,176632,"POINT (  577446.921784532,   6139379.57141699)",AV CENTENARIO 2992,1
2026-06-21,CH_123,7,S,75,,S,Basura Afuera,62855,Nocturno,2026-06-22 03:47:53,3,176633,"POINT (  577478.076468627,   6139564.97446710)",AV CENTENARIO 3090 EN 3090 BIS,1
2026-06-21,CH_123,8,S,75,,S,,62855,Nocturno,2026-06-22 01:41:01,3,176644,"POINT (  577684.817289543,   6138333.03012201)",AV DR ALFREDO NAVARRO 3100 VEREDA. EN 3102. EDIFICIO,1
2026-06-21,CH_123,9,S,50,,S,,62855,Nocturno,2026-06-22 01:41:04,3,176645,"POINT (  577846.146265578,   6138195.77522005)",AV DR ALFREDO NAVARRO 3190 EN 3192,1
2026-06-21,CH_123,10,S,50,,S,,62855,Nocturno,2026-06-22 01:48:05,3,176646,"POINT (  579556.371994771,   6138376.95894031)",AV SANTIAGO RIVAS 1679 PDO EDIFICIO. ESTACION UTE,1
2026-06-21,CH_123,11,S,50,,S,,62855,Nocturno,2026-06-22 01:52:04,3,176647,"POINT (  579269.626759695,   6137977.46172985)",AV SANTIAGO RIVAS 1487 REJA CON ESTERILLA,1
2026-06-21,CH_123,12,S,75,,S,,62855,Nocturno,2026-06-22 01:52:52,3,176648,"POINT (  579225.400180174,   6137829.96717647)",AV SANTIAGO RIVAS 1419,1
2026-06-21,CH_123,13,S,75,,S,,62855,Nocturno,2026-06-22 01:57:04,3,177413,"POINT (  578653.910732203,   6137666.36398305)",AV DR LUIS ALBERTO DE HERRERA 1437 VEREDA,1
2026-06-21,CH_123,14,S,75,,S,,62855,Nocturno,2026-06-22 01:57:24,3,176649,"POINT (  578659.861689543,   6137657.61556493)",AV DR LUIS ALBERTO DE HERRERA 1431 VEREDA. EDIFICIO,1
2026-06-21,CH_123,15,S,100,,S,,62855,Nocturno,2026-06-22 01:59:03,3,176657,"POINT (  578724.411986128,   6137468.08445143)",AV DR LUIS ALBERTO DE HERRERA 1361,1
2026-06-21,CH_123,16,S,75,,S,,62855,Nocturno,2026-06-22 02:01:04,3,176658,"POINT (  578744.773788417,   6137397.49687016)",AV DR LUIS ALBERTO DE HERRERA 1339,1
2026-06-21,CH_123,17,S,50,,S,Basura Afuera,62855,Nocturno,2026-06-22 02:03:33,3,176659,"POINT (  578828.034518301,   6137112.14020435)",AV DR LUIS ALBERTO DE HERRERA 1223 EN ARBOL/COLUMNA. ANTES DE LA ESPAÑOLA,1
2026-06-21,CH_123,18,S,50,,S,,62855,Nocturno,2026-06-22 02:04:59,3,181280,"POINT (  578856.812011604,   6137006.85637532)",AV DR LUIS ALBERTO DE HERRERA 1175 EN 1183,1
2026-06-21,CH_123,19,S,75,,S,,62855,Nocturno,2026-06-22 02:07:46,3,182116,"POINT (  578910.818817179,   6136820.27397645)",AV DR LUIS ALBERTO DE HERRERA 1087,1
2026-06-21,CH_103,1,S,75,,S,,62856,Nocturno,2026-06-21 22:50:30,33,176453,"POINT (  577593.738073182,   6135392.87743479)",FRANCISCO A VIDAL 630 FTE 627/629. MURO CON CHAPAS,0
2026-06-21,CH_103,2,S,50,,S,,62856,Nocturno,2026-06-21 22:51:28,33,176454,"POINT (  577594.501640769,   6135395.50750092)",FRANCISCO A VIDAL 630 FTE 627/629. MURO CON CHAPAS,0
2026-06-21,CH_103,3,S,100,,S,,62856,Nocturno,2026-06-21 22:53:54,33,176456,"POINT (  577619.402428151,   6135484.03892046)",FRANCISCO A VIDAL 656 ANTES COLUMNA,0
2026-06-21,CH_103,4,S,75,,S,,62856,Nocturno,2026-06-21 22:55:21,33,179079,"POINT (  577620.345404519,   6135486.26388664)",FRANCISCO A VIDAL 656 PDO COLUMNA,0
2026-06-21,CH_103,5,S,75,,S,,62856,Nocturno,2026-06-21 22:56:59,33,176457,"POINT (  577632.849701747,   6135532.61030300)",FRANCISCO A VIDAL 678 MURO REJADO ARBOLES,0
2026-06-21,CH_103,6,S,50,,S,,62856,Nocturno,2026-06-21 22:58:16,33,176458,"POINT (  577642.860921205,   6135567.39504858)",FRANCISCO A VIDAL 690 COLUMNA/ARBOL,0
2026-06-21,CH_103,7,S,75,,S,,62856,Nocturno,2026-06-21 23:02:11,33,176265,"POINT (  577655.545060268,   6135607.86420287)",FRANCISCO A VIDAL 710 PDO ARBOL,0
2026-06-21,CH_103,8,S,75,,S,,62856,Nocturno,2026-06-21 23:03:25,33,176266,"POINT (  577664.423055910,   6135635.45134884)",FRANCISCO A VIDAL 720 EN 722. OPTICA,0
2026-06-21,CH_103,9,S,100,,S,,62856,Nocturno,2026-06-21 23:05:04,33,176268,"POINT (  577685.246552441,   6135715.05107265)",FRANCISCO A VIDAL 754 ANTES DE ZAPATERIA,0
2026-06-21,CH_103,10,S,50,,S,,62856,Nocturno,2026-06-21 23:06:14,33,176269,"POINT (  577693.290158307,   6135738.71932270)",FRANCISCO A VIDAL 768 EDIFICIO,0
2026-06-21,CH_103,11,S,50,,S,,62856,Nocturno,2026-06-21 23:07:31,33,176270,"POINT (  577698.192119091,   6135759.74328784)",FRANCISCO A VIDAL 782 MURO Y CERCO VEGETAL,0
2026-06-21,CH_103,12,S,100,,S,,62856,Nocturno,2026-06-21 23:09:55,33,176271,"POINT (  577641.111509070,   6135892.31409394)",JUAN BENITO BLANCO 822 VEREDA,0
2026-06-21,CH_103,13,S,75,,S,,62856,Nocturno,2026-06-21 23:11:14,33,181870,"POINT (  577642.136824005,   6135894.74401673)",JUAN BENITO BLANCO 822,0
2026-06-21,CH_103,14,S,100,,S,,62856,Nocturno,2026-06-21 23:15:41,33,176273,"POINT (  577563.373057757,   6135860.42826993)",JAIME ZUDAÑEZ 2863,0
2026-06-21,CH_103,15,N,,Auto,S,,62856,Nocturno,2026-06-21 23:16:51,,176274,"POINT (  577496.028424988,   6135878.05538857)",JAIME ZUDAÑEZ 2833 REBAJE/REBAJE,0
2026-06-21,CH_103,16,S,100,,S,,62856,Nocturno,2026-06-21 23:17:51,33,176275,"POINT (  577463.034074706,   6135888.22488010)",JAIME ZUDAÑEZ 2809 PDO 2809. PARED FARMACIA,0
2026-06-21,CH_103,17,S,75,,S,,62856,Nocturno,2026-06-21 23:18:46,33,176276,"POINT (  577371.282662276,   6135913.30962586)",JAIME ZUDAÑEZ 2755 ARBOL/ARBOL,0
2026-06-21,CH_103,18,S,75,,S,,62856,Nocturno,2026-06-21 23:21:58,33,176277,"POINT (  577313.881532333,   6135930.25877840)",JAIME ZUDAÑEZ 2725 ANTES DE 2727. MURO BAJO CON REJAS,0
2026-06-21,CH_103,19,S,100,,S,,62856,Nocturno,2026-06-21 23:48:59,33,176278,"POINT (  577246.310910864,   6135815.45651851)",JUAN MARIA PEREZ 2720 EDIFICIO,0
2026-06-21,CH_103,20,S,50,,S,,62856,Nocturno,2026-06-21 23:50:36,33,176279,"POINT (  577282.469102954,   6135804.38307219)",JUAN MARIA PEREZ 2738 MURO CON CERCO VEGETAL,0
2026-06-21,CH_103,21,S,100,,S,,62856,Nocturno,2026-06-21 23:52:27,33,176280,"POINT (  577352.299611429,   6135784.27007784)",JUAN MARIA PEREZ 2762 EDIFICIO,0
2026-06-21,CH_103,22,S,50,,S,,62856,Nocturno,2026-06-21 23:53:52,33,176281,"POINT (  577443.486052107,   6135756.19098180)",JUAN MARIA PEREZ 2824 EN 2820,0
2026-06-21,CH_103,23,S,100,,S,,62856,Nocturno,2026-06-21 23:55:35,33,176282,"POINT (  577551.960628378,   6135727.60341117)",JUAN MARIA PEREZ 2870 EN 2880. EDIFICIO,0
2026-06-21,CH_103,24,S,50,,S,,62856,Nocturno,2026-06-21 23:56:58,33,176283,"POINT (  577555.463453237,   6135726.36047332)",JUAN MARIA PEREZ 2896 EN 2880. EDIFICIO,0
2026-06-21,CH_103,25,S,75,,S,,62856,Nocturno,2026-06-21 23:58:13,33,176284,"POINT (  577569.022775271,   6135722.17968236)",JUAN MARIA PEREZ 2896 EN 2892. EDIFICIO,0
2026-06-21,CH_103,26,S,100,,S,,62856,Nocturno,2026-06-21 23:59:55,33,180659,"POINT (  577624.469859695,   6135706.18491678)",JUAN MARIA PEREZ 2924,0
2026-06-21,CH_103,27,S,75,,S,,62856,Nocturno,2026-06-22 00:01:58,33,180639,"POINT (  577711.549454030,   6135679.70374619)",JUAN MARIA PEREZ 2970,0
2026-06-21,CH_103,28,S,50,,S,,62856,Nocturno,2026-06-22 00:04:50,33,176471,"POINT (  577435.115188453,   6135379.11840959)",JOSE VAZQUEZ LEDESMA 3021 PROV OP. ORIGEN: JOSE VAZQUEZ LEDESMA 3033,0
2026-06-21,CH_103,29,S,100,,S,,62856,Nocturno,2026-06-22 00:06:15,33,176472,"POINT (  577432.936539216,   6135380.42559913)",JOSE VAZQUEZ LEDESMA 3021 PROV OP. ORIGEN: JOSE VAZQUEZ LEDESMA 3033,0
2026-06-21,CH_103,30,S,50,,S,,62856,Nocturno,2026-06-22 00:08:06,33,176294,"POINT (  577342.017125553,   6135434.38307220)",JOSE VAZQUEZ LEDESMA 2967 EN 2969. FTE CLUB BIGUA,0
2026-06-21,CH_103,31,S,50,,S,,62856,Nocturno,2026-06-22 00:09:52,33,176295,"POINT (  577256.028424988,   6135485.00454112)",JOSE VAZQUEZ LEDESMA 2905,0
2026-06-21,CH_103,32,S,100,,S,,62856,Nocturno,2026-06-21 23:35:38,33,181708,"POINT (  577181.074594539,   6135528.33717031)",JOSE VAZQUEZ LEDESMA 2881,0
2026-06-21,CH_103,33,S,75,,S,,62856,Nocturno,2026-06-21 23:37:58,33,176296,"POINT (  577178.514300695,   6135530.20228124)",JOSE VAZQUEZ LEDESMA 2881,0
2026-06-21,CH_103,34,S,100,,S,,62856,Nocturno,2026-06-22 00:14:36,33,181306,"POINT (  577531.401148009,   6135506.64425688)",JUAN BENITO BLANCO Esq. 21 DE SETIEMBRE VEREDA. EN 660,0
2026-06-21,CH_103,35,S,75,,S,,62856,Nocturno,2026-06-22 00:14:40,33,181307,"POINT (  577532.993867008,   6135510.96735131)",JUAN BENITO BLANCO 664 VEREDA. EN 660,0
2026-06-21,CH_103,36,S,50,,S,,62856,Nocturno,2026-06-22 00:17:16,33,180834,"POINT (  577549.745250361,   6135565.87773931)",JUAN BENITO BLANCO 684,0
2026-06-21,CH_103,37,S,100,,S,,62856,Nocturno,2026-06-22 00:19:17,33,176326,"POINT (  577583.419573420,   6135683.85424488)",JUAN BENITO BLANCO 734 VEREDA. EN 736,0
2026-06-21,CH_103,38,S,75,,S,,62856,Nocturno,2026-06-22 00:22:11,33,176461,"POINT (  577451.205457158,   6135597.38628653)",ROQUE GRASERAS 683,0
2026-06-21,CH_103,39,S,75,,S,,62856,Nocturno,2026-06-22 00:23:08,33,176462,"POINT (  577450.950934630,   6135596.02883305)",ROQUE GRASERAS 683,0
2026-06-21,CH_103,40,S,100,,S,,62856,Nocturno,2026-06-22 00:31:07,33,176463,"POINT (  577436.273468813,   6135547.49987093)",ROQUE GRASERAS 655 HELADERIA FREDO,0
2026-06-21,CH_103,41,S,100,,S,,62856,Nocturno,2026-06-22 00:31:11,33,176464,"POINT (  577424.268489547,   6135508.68518531)",ROQUE GRASERAS 646 FTE A 646. MURO GRIS,0
2026-06-21,CH_103,42,S,100,,S,,62856,Nocturno,2026-06-22 00:34:07,33,176465,"POINT (  577397.183050460,   6135412.85745329)",ROQUE GRASERAS 607 PARED AMARILLA,0
2026-06-21,CH_103,43,S,100,,S,,62856,Nocturno,2026-06-22 00:43:29,33,176466,"POINT (  577329.140694476,   6135476.65776713)",TOMAS DIAGO 612 EN 620,0
2026-06-21,CH_103,44,S,100,,S,,62856,Nocturno,2026-06-22 00:45:29,33,176467,"POINT (  577360.404545074,   6135578.93340321)",TOMAS DIAGO 658 ANTES DE 658. PINTURERIA INCA,0
2026-06-21,CH_103,45,S,50,,S,Requiere Limpieza,62856,Nocturno,2026-06-22 00:49:52,33,176469,"POINT (  577375.675896791,   6135630.85599905)",TOMAS DIAGO 684 PDO 684. MURO REJA,0
2026-06-21,CH_103,46,S,100,,S,,62856,Nocturno,2026-06-22 00:51:44,33,176287,"POINT (  577391.169667926,   6135685.79550157)",TOMAS DIAGO 712 FTE 709,0
2026-06-21,CH_103,47,S,50,,S,,62856,Nocturno,2026-06-21 23:26:54,33,176288,"POINT (  577291.734639678,   6135706.69945638)",PEDRO F BERRO 708 FTE 706,0
2026-06-21,CH_103,48,S,75,,S,,62856,Nocturno,2026-06-21 23:27:58,33,176289,"POINT (  577291.056673576,   6135703.53561457)",PEDRO F BERRO 704 FTE 706,0
2026-06-21,CH_103,49,S,50,,S,,62856,Nocturno,2026-06-21 23:29:00,33,179201,"POINT (  577279.916222004,   6135670.34470523)",PEDRO F BERRO 697 MURO SUPERMERCADO,0
2026-06-21,CH_103,50,S,100,,S,,62856,Nocturno,2026-06-21 23:31:29,33,176470,"POINT (  577241.627365054,   6135538.20979864)",PEDRO F BERRO 631 ANTES DE 631. BAR ORO DEL RHIN,0
2026-06-21,CH_103,51,S,100,,S,,62856,Nocturno,2026-06-21 23:33:32,33,180041,"POINT (  577241.028066209,   6135536.25155069)",PEDRO F BERRO 631,0
2026-06-21,CH_103,52,S,100,,S,,62856,Nocturno,2026-06-21 23:40:45,33,176447,"POINT (  577109.887514869,   6135636.43805914)",JOSE ELLAURI 660 VEREDA. BROU,0
2026-06-21,CH_103,53,S,100,,S,,62856,Nocturno,2026-06-21 23:40:48,33,179153,"POINT (  577112.114830307,   6135641.52310000)",JOSE ELLAURI 660 VEREDA. PDO ARBOL. BROU,0
2026-06-21,CH_103,54,S,100,,S,,62856,Nocturno,2026-06-21 23:44:51,33,183568,"POINT (  577180.108123530,   6135775.18086667)",JOSE ELLAURI 728,0
2026-06-21,CH_103,55,S,50,,S,,62856,Nocturno,2026-06-21 23:45:53,33,180042,"POINT (  577179.914897994,   6135782.86554055)",JOSE ELLAURI 732 VEREDA,0
2026-06-21,CH_103,56,S,50,,S,,62856,Nocturno,2026-06-21 23:46:54,33,176290,"POINT (  577180.435204649,   6135784.32657502)",JOSE ELLAURI 732 VEREDA. EN 734. CLINICA ESTETICA,0
2026-06-21,CH_106,1,S,50,,S,,62856,Nocturno,2026-06-22 03:44:51,37,176063,"POINT (  577220.915474058,   6137175.38373296)",CHARRUA 2724 VEREDA,1
2026-06-21,CH_106,2,S,100,,S,,62856,Nocturno,2026-06-22 03:44:57,37,176064,"POINT (  577267.184537239,   6137190.52534516)",CHARRUA 2770 VEREDA. CASA ROSADA,1
2026-06-21,CH_106,3,S,100,,S,"Basura Afuera, Requiere Limpieza",62856,Nocturno,2026-06-22 03:51:56,37,176065,"POINT (  577375.572336803,   6137229.52316651)",MANUEL HAEDO 2866 CASA ROSADA,1
2026-06-21,CH_106,4,S,100,,S,"Basura Afuera, Requiere Limpieza",62856,Nocturno,2026-06-22 03:54:37,37,176066,"POINT (  577377.750986041,   6137229.63209897)",MANUEL HAEDO 2866 CASA ROSADA,1
2026-06-21,CH_106,5,S,100,,S,,62856,Nocturno,2026-06-22 03:56:44,37,176068,"POINT (  577404.875169048,   6137080.72142359)",GUAYAQUI 2944 VEREDA. FTE 2947. MURO LADRILLOS,1
2026-06-21,CH_106,6,S,100,,S,,62856,Nocturno,2026-06-22 03:58:42,37,176448,"POINT (  577389.351800000,   6137066.58935338)",PTE GRAL OSCAR DIEGO GESTIDO 2841,1
2026-06-21,CH_106,7,S,100,,S,,62856,Nocturno,2026-06-22 03:59:15,37,176070,"POINT (  577292.347935932,   6137057.19201183)",PTE GRAL OSCAR DIEGO GESTIDO 2781,1
2026-06-21,CH_106,8,S,50,,S,,62856,Nocturno,2026-06-22 04:02:11,37,176262,"POINT (  577256.912086777,   6137056.91145207)",PTE GRAL OSCAR DIEGO GESTIDO 2761 EN 2763. MURO DISCO,1
2026-06-21,CH_106,13,S,100,,S,,62856,Nocturno,2026-06-22 04:09:11,37,176072,"POINT (  577196.814166869,   6137328.43384189)",GABRIEL A PEREIRA 2768 ANTES DE ARBOL,1
2026-06-21,CH_106,14,,,,S,,62856,Nocturno,,,176074,"POINT (  577256.509155976,   6137285.29658699)",GABRIEL A PEREIRA 2804 FTE 2799. COLEGIO,1
2026-06-21,CH_106,15,,,,S,,62856,Nocturno,,,176075,"POINT (  577502.369722425,   6137232.68220791)",MANUEL HAEDO 2964,1
2026-06-21,CH_106,16,,,,S,,62856,Nocturno,,,176076,"POINT (  577506.182358590,   6137232.90007283)",MANUEL HAEDO 2964,1
2026-06-21,CH_106,17,,,,S,,62856,Nocturno,,,180322,"POINT (  577603.654833898,   6137233.13281074)",MANUEL HAEDO 3008 3008,1
2026-06-21,CH_106,18,,,,S,,62856,Nocturno,,,176079,"POINT (  577756.727020900,   6137235.07872207)",MANUEL HAEDO 3090 EN 3088/3090. MURO VEGETAL,1
2026-06-21,CH_106,19,S,100,,S,,62856,Nocturno,2026-06-22 03:30:14,37,176081,"POINT (  577728.785844429,   6137152.34451728)",CIPRIANO PAYAN 3053 MURO BAJO CON REJAS,1
2026-06-21,CH_106,20,S,50,,S,,62856,Nocturno,2026-06-22 03:30:49,37,176263,"POINT (  577726.808066942,   6137150.81274463)",CIPRIANO PAYAN 3053,1
2026-06-21,CH_106,21,S,75,,S,"Basura Afuera, Requiere Limpieza",62856,Nocturno,2026-06-22 03:33:36,37,176083,"POINT (  577593.164929396,   6137027.22196826)",CIPRIANO PAYAN 2963 PDO 2965. COLUMNA/ARBOL,1
2026-06-21,CH_106,22,S,100,,S,"Basura Afuera, Requiere Limpieza",62856,Nocturno,2026-06-22 03:35:53,37,176084,"POINT (  577590.305452272,   6137024.10377654)",CIPRIANO PAYAN 2952 PDO 2965. COLUMNA/ARBOL,1
2026-06-21,CH_106,23,S,50,,S,,62856,Nocturno,2026-06-22 03:39:57,37,176085,"POINT (  577489.433992577,   6137156.91968068)",RAFAEL PASTORIZA 1322,1
2026-06-21,CH_106,24,S,75,,S,,62856,Nocturno,2026-06-22 03:40:05,37,176086,"POINT (  577489.488458808,   6137165.30748024)",RAFAEL PASTORIZA 1328 EN 1330. PDO ARBOL,1
2026-06-21,CH_106,25,S,75,,S,,62856,Nocturno,2026-06-22 03:16:56,37,176087,"POINT (  577584.423099331,   6137277.04495301)",FRANCISCO LLAMBI 1367 EN 1367/1363,1
2026-06-21,CH_106,26,S,50,,S,,62856,Nocturno,2026-06-22 03:18:04,37,176088,"POINT (  577588.249352055,   6137141.54658699)",FRANCISCO LLAMBI 1307,1
2026-06-21,CH_106,27,S,100,,S,"Basura Afuera, Requiere Limpieza",62856,Nocturno,2026-06-22 03:23:44,37,176089,"POINT (  577656.386606956,   6137058.64898349)",MIGUEL BARREIRO 3004 EDIFICIO,1
2026-06-21,CH_106,28,S,75,,S,,62856,Nocturno,2026-06-22 03:25:03,37,176090,"POINT (  577700.885517631,   6137013.38754559)",MIGUEL BARREIRO 3040,1
2026-06-21,CH_106,29,S,75,,S,,62856,Nocturno,2026-06-22 03:25:55,37,176091,"POINT (  577773.347517648,   6137027.68173529)",FRANCISCO JOAQUIN MUÑOZ 3030 VEREDA,1
2026-06-21,CH_106,30,S,50,,S,,62856,Nocturno,2026-06-22 03:26:52,37,176092,"POINT (  577829.288694118,   6137079.56408824)",FRANCISCO JOAQUIN MUÑOZ 3064 VEREDA,1
2026-06-21,CH_106,31,S,75,,S,,62856,Nocturno,2026-06-22 02:42:59,37,183442,"POINT (  578269.152110580,   6136738.05218043)",FELIX BUXAREO 1114,1
2026-06-21,CH_106,32,S,25,,S,,62856,Nocturno,2026-06-22 02:44:03,37,183443,"POINT (  578273.702736291,   6136732.59142958)",FELIX BUXAREO 1115,1
2026-06-21,CH_106,33,S,25,,S,,62856,Nocturno,2026-06-22 02:44:25,37,183444,"POINT (  578277.343236860,   6136725.31042844)",FELIX BUXAREO 1115,1
2026-06-21,CH_106,34,S,100,,S,,62856,Nocturno,2026-06-22 01:01:48,33,179671,"POINT (  578401.554272529,   6136832.17766416)",JOSE L OSORIO 1154,1
2026-06-21,CH_106,35,S,100,,S,,62856,Nocturno,2026-06-22 01:01:59,33,179672,"POINT (  578400.214239029,   6136837.87280654)",JOSE L OSORIO 1154,1
2026-06-21,CH_106,36,S,100,,S,,62856,Nocturno,2026-06-22 01:08:09,33,179673,"POINT (  578383.808024623,   6136904.86667488)",JOSE L OSORIO 1178 EN 1174. EDIFICIO,1
2026-06-21,CH_106,37,S,100,,S,,62856,Nocturno,2026-06-22 01:08:21,33,179738,"POINT (  578383.396655658,   6136907.46807011)",JOSE L OSORIO 1178 EN 1174. EDIFICIO,1
2026-06-21,CH_106,38,S,100,,S,,62856,Nocturno,2026-06-22 01:09:47,33,181431,"POINT (  578365.586420915,   6136974.96575076)",JOSE L OSORIO 1220,1
2026-06-21,CH_106,39,S,75,,S,,62856,Nocturno,2026-06-22 01:11:24,33,176097,"POINT (  578363.625636601,   6136983.24461786)",JOSE L OSORIO 1220 EN 1212,1
2026-06-21,CH_106,40,S,100,,S,,62856,Nocturno,2026-06-22 01:15:11,33,176098,"POINT (  578340.206732228,   6137087.54331901)",JOSE L OSORIO 1256 EN 1252,1
2026-06-21,CH_106,41,S,100,,S,,62856,Nocturno,2026-06-22 01:18:41,33,176099,"POINT (  578339.117407609,   6137090.81129287)",JOSE L OSORIO 1256 EN 1260,1
2026-06-21,CH_106,42,S,100,,S,,62856,Nocturno,2026-06-22 02:26:09,37,176120,"POINT (  578309.748307083,   6137204.20047889)",JOSE L OSORIO 1308,1
2026-06-21,CH_106,43,S,75,,S,,62856,Nocturno,2026-06-22 02:28:13,37,176100,"POINT (  578291.867952272,   6137288.16968067)",JOSE L OSORIO 1340,1
2026-06-21,CH_106,44,S,50,,S,,62856,Nocturno,2026-06-22 02:29:09,37,176101,"POINT (  578291.459455540,   6137290.53896172)",JOSE L OSORIO 1340,1
2026-06-21,CH_106,45,S,50,,S,,62856,Nocturno,2026-06-22 02:30:15,37,176102,"POINT (  578272.096710442,   6137364.66750202)",JOSE L OSORIO 1364 ARBOL/ARBOL,1
2026-06-21,CH_106,46,S,50,,S,,62856,Nocturno,2026-06-22 02:32:05,37,176103,"POINT (  578266.650087348,   6137387.02588982)",JOSE L OSORIO 1376,1
2026-06-21,CH_106,47,S,100,,S,,62856,Nocturno,2026-06-22 02:15:26,37,176104,"POINT (  578116.050958808,   6137378.52915779)",FELIX BUXAREO 1387 EN 1389. UTE,1
2026-06-21,CH_106,48,S,100,,S,,62856,Nocturno,2026-06-22 02:16:07,37,176105,"POINT (  578115.942026346,   6137375.37011640)",FELIX BUXAREO 1387 UTE,1
2026-06-21,CH_106,49,S,100,,S,,62856,Nocturno,2026-06-22 02:17:38,37,176106,"POINT (  578129.286252925,   6137249.44419047)",FELIX BUXAREO 1341,1
2026-06-21,CH_106,50,S,100,,S,,62856,Nocturno,2026-06-22 02:20:04,37,176107,"POINT (  578148.077102598,   6137188.98667413)",FELIX BUXAREO 1323 EN 1325. EDIFICIO,1
2026-06-21,CH_106,51,S,75,,S,,62856,Nocturno,2026-06-22 02:22:12,37,176108,"POINT (  578168.270457718,   6137130.74184842)",FELIX BUXAREO 1295 EDIFICIO,1
2026-06-21,CH_106,52,S,75,,S,,62856,Nocturno,2026-06-22 02:23:37,37,176109,"POINT (  578177.454825910,   6137082.83879831)",FELIX BUXAREO 1269 FTE EDIFICIO,1
2026-06-21,CH_106,53,S,100,,S,,62856,Nocturno,2026-06-22 02:35:48,37,184155,"POINT (  578201.408705164,   6136961.84219108)",FELIX BUXAREO 1217 Felix Buxareo 1217,1
2026-06-21,CH_106,54,S,100,,S,,62856,Nocturno,2026-06-22 02:36:57,37,184156,"POINT (  578207.459251174,   6136938.26799343)",FELIX BUXAREO 1208 Felix Buxareo 1208,1
2026-06-21,CH_106,55,S,100,,S,,62856,Nocturno,2026-06-22 02:40:26,37,184157,"POINT (  578209.473776526,   6136932.42675681)",FELIX BUXAREO 1204 Felix buxareo 1204,1
2026-06-21,CH_106,56,S,100,,S,,62856,Nocturno,2026-06-22 02:40:33,37,184158,"POINT (  578209.825889202,   6136930.37276620)",FELIX BUXAREO 1204 Feliz Buxareo 1204,1
2026-06-21,CH_106,57,S,75,,S,,62856,Nocturno,2026-06-22 02:47:51,37,182256,"POINT (  578131.459613197,   6136953.22062617)",LA GACETA 1216 EN 1218,1
2026-06-21,CH_106,58,S,75,,S,,62856,Nocturno,2026-06-22 02:49:06,37,176113,"POINT (  578103.497624704,   6137034.62712690)",LA GACETA 1256 EN 1256/1258,1
2026-06-21,CH_106,59,S,100,,S,,62856,Nocturno,2026-06-22 03:01:11,37,176114,"POINT (  578090.883729488,   6137076.88225219)",LA GACETA 1270 EDIFICIO,1
2026-06-21,CH_106,60,S,100,,S,,62856,Nocturno,2026-06-22 03:05:01,37,181872,"POINT (  577999.933166667,   6137273.50786678)",SAN LORENZO 3191,1
2026-06-21,CH_106,61,S,50,,S,,62856,Nocturno,2026-06-22 03:07:57,37,183335,"POINT (  577991.438911010,   6137273.21373156)",SAN LORENZO 3189,1
2026-06-21,CH_106,62,S,100,,S,,62856,Nocturno,2026-06-22 03:09:32,37,176116,"POINT (  577840.331095754,   6137257.82248326)",CIPRIANO PAYAN 3137 MURO CIEGO,1
2026-06-21,CH_106,63,S,100,,S,,62856,Nocturno,2026-06-22 03:09:53,37,176117,"POINT (  577837.989047824,   6137255.80723271)",CIPRIANO PAYAN 3137 MURO CIEGO,1
2026-06-21,CH_106,64,S,50,,S,,62856,Nocturno,2026-06-22 03:11:33,37,176118,"POINT (  577791.774450874,   6137304.14601267)",14 DE JULIO 1378 CASA BLANCA,1
2026-06-21,CH_106,65,S,100,,S,,62856,Nocturno,2026-06-22 03:12:15,37,176119,"POINT (  577785.361052181,   6137360.02836561)",14 DE JULIO 1392 PDO 1394. MURO,1
2026-06-21,CH_104,1,S,100,,S,,62857,Nocturno,2026-06-21 22:55:41,37,176011,"POINT (  577361.472700874,   6136025.08186934)",DR JOSE SCOSERIA 2738 EN 2738/2740. REJA,0
2026-06-21,CH_104,2,S,100,,S,Requiere Limpieza,62857,Nocturno,2026-06-21 22:55:49,37,176781,"POINT (  577363.981922807,   6136024.50387193)",DR JOSE SCOSERIA 2738 EN 2738/2740. REJA,0
2026-06-21,CH_104,3,S,100,,S,,62857,Nocturno,2026-06-21 22:57:58,37,176012,"POINT (  577433.063992454,   6136004.45126058)",DR JOSE SCOSERIA 2780 EDIFICIO. COLUMNA/ARBOL,0
2026-06-21,CH_104,4,S,50,,S,,62857,Nocturno,2026-06-21 23:00:03,37,176013,"POINT (  577522.206697453,   6135978.12414045)",DR JOSE SCOSERIA 2824,0
2026-06-21,CH_104,5,S,75,,S,,62857,Nocturno,2026-06-21 23:00:09,37,176836,"POINT (  577576.774508173,   6135964.22672463)",DR JOSE SCOSERIA 2852,0
2026-06-21,CH_104,6,S,50,,S,,62857,Nocturno,2026-06-21 23:00:16,37,176014,"POINT (  577579.479730718,   6135963.34400284)",DR JOSE SCOSERIA 2852,0
2026-06-21,CH_104,7,S,100,,S,,62857,Nocturno,2026-06-21 23:02:25,37,176015,"POINT (  577630.440413541,   6135948.40990545)",DR JOSE SCOSERIA 2882 EDIFICIO,0
2026-06-21,CH_104,8,S,100,,S,,62857,Nocturno,2026-06-21 23:06:01,37,176016,"POINT (  577669.315254672,   6136002.29582385)",JUAN BENITO BLANCO 870 VEREDA. ITAU,0
2026-06-21,CH_104,9,S,50,,S,,62857,Nocturno,2026-06-21 23:09:47,37,176017,"POINT (  577334.991620946,   6136200.90392309)",JOSE ELLAURI 914 VEREDA. MURO CIEGO,0
2026-06-21,CH_104,10,S,75,,S,,62857,Nocturno,2026-06-21 23:11:17,37,176018,"POINT (  577329.295109572,   6136338.38999489)",JOSE ELLAURI 988 PDO 990. ARBOL/COLUMNA,0
2026-06-21,CH_104,11,S,50,,S,,62857,Nocturno,2026-06-21 23:14:14,37,181843,"POINT (  577436.567490899,   6136504.25052025)",JOSE ELLAURI 1091 PROV A,0
2026-06-21,CH_104,12,S,50,,S,,62857,Nocturno,2026-06-21 23:14:20,37,181842,"POINT (  577437.932678612,   6136507.43595825)",JOSE ELLAURI 1091,0
2026-06-21,CH_104,13,S,25,,S,,62857,Nocturno,2026-06-21 23:53:53,37,176020,"POINT (  577515.163038109,   6136595.96468484)",JOSE ELLAURI 1142,0
2026-06-21,CH_104,14,S,50,,S,,62857,Nocturno,2026-06-21 23:54:01,37,176021,"POINT (  577573.975669047,   6136660.24288750)",JOSE ELLAURI 1185,0
2026-06-21,CH_104,15,S,50,,S,,62857,Nocturno,2026-06-21 23:54:20,37,180118,"POINT (  577615.226348148,   6136708.39075185)",JOSE ELLAURI 1224,0
2026-06-21,CH_104,16,S,75,,S,Requiere Limpieza,62857,Nocturno,2026-06-21 23:18:37,37,176024,"POINT (  577430.138756862,   6136330.30710713)",LUIS B CAVIA 2966 MURO. FTE EDIFICIO LADRILLO,0
2026-06-21,CH_104,17,S,75,,S,,62857,Nocturno,2026-06-21 23:18:42,37,176025,"POINT (  577431.562884706,   6136329.19089881)",LUIS B CAVIA 2966 MURO. FTE EDIFICIO LADRILLO,0
2026-06-21,CH_104,18,S,75,,S,,62857,Nocturno,2026-06-21 23:23:39,37,176026,"POINT (  577521.937267850,   6136234.58262208)",LUIS B CAVIA 3052 REJA GRIS,0
2026-06-21,CH_104,19,S,50,,S,,62857,Nocturno,2026-06-21 23:23:43,37,180820,"POINT (  577572.215796587,   6136178.98090410)",LUIS B CAVIA 3082 CASA ANTES DE EDIFICIO,0
2026-06-21,CH_104,20,S,50,,S,,62857,Nocturno,2026-06-21 23:23:49,37,176027,"POINT (  577573.706239455,   6136178.07938765)",LUIS B CAVIA 3082 CASA ANTES DE EDIFICIO,0
2026-06-21,CH_104,21,S,75,,S,,62857,Nocturno,2026-06-21 23:24:01,37,182861,"POINT (  577602.482208419,   6136127.00267247)",ROQUE GRASERAS 945 VEREDA,0
2026-06-21,CH_104,22,S,75,,S,,62857,Nocturno,2026-06-21 23:24:06,37,182862,"POINT (  577602.027145848,   6136125.18242219)",ROQUE GRASERAS 945 VEREDA,0
2026-06-21,CH_104,23,S,100,,S,,62857,Nocturno,2026-06-21 23:27:41,37,176031,"POINT (  577434.757549868,   6136163.10680032)",PEDRO F BERRO 914,0
2026-06-21,CH_104,24,S,100,,S,,62857,Nocturno,2026-06-21 23:29:13,37,176032,"POINT (  577457.582085305,   6136234.73658185)",PEDRO F BERRO 968 REJA,0
2026-06-21,CH_104,25,S,100,,S,,62857,Nocturno,2026-06-21 23:06:22,37,176033,"POINT (  577698.375160666,   6136101.33044387)",JUAN BENITO BLANCO 920 VEREDA,0
2026-06-21,CH_104,26,S,100,,S,,62857,Nocturno,2026-06-22 00:00:53,37,176034,"POINT (  577749.027923962,   6136198.94093605)",JUAN BENITO BLANCO 972 VEREDA. KIOSCO,0
2026-06-21,CH_104,27,S,100,,S,,62857,Nocturno,2026-06-21 23:37:32,37,176035,"POINT (  577843.097341511,   6136301.40116090)",JUAN BENITO BLANCO 1030 VEREDA,0
2026-06-21,CH_104,28,S,100,,S,Requiere Limpieza,62857,Nocturno,2026-06-21 23:39:15,37,176036,"POINT (  577750.990910989,   6136372.26114359)",ALEJANDRO CHUCARRO 1061 FTE 1070,0
2026-06-21,CH_104,29,S,75,,S,Requiere Limpieza,62857,Nocturno,2026-06-21 23:41:34,37,176037,"POINT (  577659.885218953,   6136267.95340155)",ALEJANDRO CHUCARRO 1017 BROU,0
2026-06-21,CH_104,30,S,75,,S,,62857,Nocturno,2026-06-21 23:41:39,37,176038,"POINT (  577658.076191692,   6136264.02742749)",ALEJANDRO CHUCARRO 1017 BROU,0
2026-06-21,CH_104,31,S,100,,S,,62857,Nocturno,2026-06-21 23:47:07,37,181652,"POINT (  577634.945703982,   6136422.40406906)",PEDRO F BERRO 1086 EN 1088. PROV OV(O:PEDRO F BERRO 1076),0
2026-06-21,CH_104,32,S,75,,S,,62857,Nocturno,2026-06-21 23:47:12,37,176040,"POINT (  577640.948167629,   6136426.16630696)",PEDRO F BERRO 1096 EDIFICIO,0
2026-06-21,CH_104,33,S,75,,S,,62857,Nocturno,2026-06-21 23:47:33,37,176041,"POINT (  577669.892603797,   6136449.60668146)",PEDRO F BERRO 1102 ANTES DE 1104. SUB ESTACION,0
2026-06-21,CH_104,34,S,75,,S,,62857,Nocturno,2026-06-21 23:47:27,37,176042,"POINT (  577708.536505277,   6136483.16991064)",PEDRO F BERRO 1133,0
2026-06-21,CH_104,35,S,50,,S,,62857,Nocturno,2026-06-21 22:50:07,37,176043,"POINT (  577633.866018352,   6136573.15939437)",26 DE MARZO 1133 VEREDA. EDIFICIO,0
2026-06-21,CH_104,36,S,50,,S,,62857,Nocturno,2026-06-21 22:50:12,37,183915,"POINT (  577523.871761027,   6136489.14755554)",26 DE MARZO 1065 26 de marzo 1065,0
2026-06-21,CH_104,37,S,50,,S,,62857,Nocturno,2026-06-22 00:06:52,37,180131,"POINT (  577304.555297616,   6136937.80328854)",BARTOLITO MITRE 2778,0
2026-06-21,CH_104,38,S,100,,S,,62857,Nocturno,2026-06-22 00:06:58,37,179593,"POINT (  577406.994863366,   6136945.84714060)",BARTOLITO MITRE 2812 EN 2812/2808,0
2026-06-21,CH_104,39,N,,Auto,S,,62857,Nocturno,2026-06-22 00:11:42,,176048,"POINT (  577497.111255443,   6136939.07685524)",GUAYAQUI 3024 VEREDA. ANTES DE 3024,0
2026-06-21,CH_104,40,S,75,,S,,62857,Nocturno,2026-06-21 23:54:40,37,176049,"POINT (  577504.090764874,   6136903.35818933)",LIBERTAD 2893 VEREDA. FTE 2886. COLEGIO/NICHO UTE,0
2026-06-21,CH_104,41,S,50,,S,,62857,Nocturno,2026-06-21 23:55:58,37,176050,"POINT (  577392.315974136,   6136841.46636305)",LIBERTAD 2831 EN 2831,0
2026-06-21,CH_104,42,S,50,,S,,62857,Nocturno,2026-06-22 00:15:03,37,176051,"POINT (  577377.638476362,   6136801.64210336)",JOSE MARTI 3062,0
2026-06-21,CH_104,43,S,50,,S,,62857,Nocturno,2026-06-22 00:15:38,37,176052,"POINT (  577479.457202177,   6136784.29596963)",DR MARCELINO IZCUA BARBAT Esq. RAMON MASINI FTE A EDIFICIO. MURO Y CERCO VEGETAL,0
2026-06-21,CH_104,44,S,50,,S,,62857,Nocturno,2026-06-22 00:16:10,37,176053,"POINT (  577548.328537885,   6136837.56604896)",DR MARCELINO IZCUA BARBAT 1234 PDO 1234. MURO BAJO CON CAÑAS,0
2026-06-21,CH_104,45,S,75,,S,,62857,Nocturno,2026-06-22 00:17:58,37,176054,"POINT (  577583.149105156,   6136786.04084698)",SANTIAGO VAZQUEZ 1233 ANTES DE PELUQUERIA,0
2026-06-21,CH_104,46,S,50,,S,,62857,Nocturno,2026-06-22 00:19:36,37,176055,"POINT (  577499.138392374,   6136642.96090365)",JOSE MARTI 3188 EDIFICIO,0
2026-06-21,CH_104,47,S,25,,S,,62857,Nocturno,2026-06-22 00:23:09,37,176056,"POINT (  577576.426195336,   6136539.49994032)",JOSE MARTI 3244 FTE 3249. EDIFICIO,0
2026-06-21,CH_104,48,S,75,,S,Requiere Limpieza,62857,Nocturno,2026-06-22 00:23:15,37,176057,"POINT (  577613.941058527,   6136489.77093562)",JOSE MARTI 3254 FTE 3263/3269,0
2026-06-21,CH_104,49,S,50,,S,,62857,Nocturno,2026-06-22 00:23:33,37,176058,"POINT (  577667.673017161,   6136416.17816706)",JOSE MARTI 3310 EN 3312/3314. EDIFICIO IBIZA,0
2026-06-21,CH_104,50,S,75,,S,,62857,Nocturno,2026-06-22 00:24:44,37,176059,"POINT (  577703.040458825,   6136369.36766473)",JOSE MARTI 3336 EN 3336/3338. EDIFICIO,0
2026-06-21,CH_104,51,S,75,,S,,62857,Nocturno,2026-06-22 00:28:17,37,176060,"POINT (  577784.785079817,   6136263.70667795)",JOSE MARTI 3392 EDIFICIO. FALSO REBAJE,0
2026-06-21,CH_104,52,S,75,,S,,62857,Nocturno,2026-06-22 00:02:34,37,176061,"POINT (  577815.705332996,   6136223.67713857)",JOSE MARTI 3424 EDIFICIO,0
2026-06-21,CH_107,1,S,100,,S,,62857,Nocturno,2026-06-22 01:13:06,32,175949,"POINT (  577872.392473707,   6136323.37659568)",RAMON MASINI 3409,1
2026-06-21,CH_107,2,S,100,,S,,62857,Nocturno,2026-06-22 01:13:12,32,175950,"POINT (  577833.191673678,   6136367.16136023)",RAMON MASINI 3377 EDIFICIO,1
2026-06-21,CH_107,3,S,100,,S,,62857,Nocturno,2026-06-22 01:13:18,32,175951,"POINT (  577829.872251094,   6136369.69044410)",RAMON MASINI 3377,1
2026-06-21,CH_107,4,S,75,,S,,62857,Nocturno,2026-06-22 01:23:32,32,175952,"POINT (  577773.600134923,   6136445.28634174)",RAMON MASINI 3337,1
2026-06-21,CH_107,5,S,75,,S,,62857,Nocturno,2026-06-22 01:23:41,32,175953,"POINT (  577766.882255885,   6136454.29620304)",RAMON MASINI 3325 EDIFICIO LEBLON,1
2026-06-21,CH_107,6,S,100,,S,,62857,Nocturno,2026-06-22 01:23:47,32,175954,"POINT (  577716.537680040,   6136515.42890228)",RAMON MASINI 3285 EN 3279/3281. PDO REBAJE,1
2026-06-21,CH_107,7,S,50,,S,,62857,Nocturno,2026-06-22 01:23:53,32,175955,"POINT (  577670.302865489,   6136575.77126281)",RAMON MASINI 3251 FTE 3260,1
2026-06-21,CH_107,8,S,50,,S,,62857,Nocturno,2026-06-22 01:25:44,32,175956,"POINT (  577631.615785621,   6136623.31013623)",RAMON MASINI 3234 FTE 3234. MURO,1
2026-06-21,CH_107,9,S,50,,S,,62857,Nocturno,2026-06-22 01:25:51,32,175957,"POINT (  577640.349028370,   6136693.29462903)",MONS DOMINGO TAMBURINI 1216 FTE 1223. MURO REJAS,1
2026-06-21,CH_107,10,S,75,,S,,62857,Nocturno,2026-06-21 22:49:25,37,184161,"POINT (  577714.031823944,   6136637.91092770)",26 DE MARZO 1195 26 de marzo 1195,1
2026-06-21,CH_107,11,S,100,,S,,62857,Nocturno,2026-06-21 22:49:33,37,184160,"POINT (  577715.557645540,   6136638.49778216)",26 DE MARZO 1195 26 de marzo 1195,1
2026-06-21,CH_107,12,S,100,,S,,62857,Nocturno,2026-06-22 01:27:29,32,175961,"POINT (  577808.710932127,   6136547.99085714)",GUAYAQUI 3306 VEREDA. EN 3306,1
2026-06-21,CH_107,13,S,100,,S,,62857,Nocturno,2026-06-22 01:27:39,32,182994,"POINT (  577811.070301551,   6136543.65531270)",GUAYAQUI 3310,1
2026-06-21,CH_107,14,S,100,,S,,62857,Nocturno,2026-06-22 01:31:51,32,180502,"POINT (  577844.358757081,   6136501.32429848)",GUAYAQUI 3338 VEREDA,1
2026-06-21,CH_107,15,N,,Auto,S,Requiere Limpieza,62857,Nocturno,2026-06-22 01:32:18,,180503,"POINT (  577846.319541394,   6136498.92778432)",GUAYAQUI 3338 VEREDA,1
2026-06-21,CH_107,16,S,100,,S,Requiere Limpieza,62857,Nocturno,2026-06-22 01:32:34,32,182993,"POINT (  577911.792135684,   6136414.49831425)",GUAYAQUI 3382,1
2026-06-21,CH_107,17,S,75,,S,,62857,Nocturno,2026-06-22 01:33:56,32,175964,"POINT (  577914.306590414,   6136412.50573464)",GUAYAQUI 3382 VEREDA. FTE 3395. ARBOL/ARBOL,1
2026-06-21,CH_107,18,S,100,,S,,62857,Nocturno,2026-06-22 01:34:11,32,180501,"POINT (  577915.896200872,   6136411.30075229)",GUAYAQUI 3382 VEREDA. FTE 3395,1
2026-06-21,CH_107,19,S,100,,S,Requiere Limpieza,62857,Nocturno,2026-06-22 01:39:32,32,176353,"POINT (  577996.981264924,   6136496.03942876)",GABRIEL A PEREIRA 3285,1
2026-06-21,CH_107,20,S,100,,S,Requiere Limpieza,62857,Nocturno,2026-06-22 01:39:38,32,175967,"POINT (  577992.061744444,   6136502.01176863)",GABRIEL A PEREIRA 3285 EN 3285. EDIFICIO,1
2026-06-21,CH_107,21,S,75,,S,,62857,Nocturno,2026-06-22 01:51:21,32,180613,"POINT (  577916.723978840,   6136596.78929966)",GABRIEL A PEREIRA 3221,1
2026-06-21,CH_107,22,S,50,,S,,62857,Nocturno,2026-06-22 01:51:27,32,175969,"POINT (  577914.398976159,   6136599.20480557)",GABRIEL A PEREIRA 3221 EN 3221/3227. EDIFICIO,1
2026-06-21,CH_107,23,S,75,,S,,62857,Nocturno,2026-06-22 01:51:33,32,177410,"POINT (  577912.721127684,   6136601.10454746)",GABRIEL A PEREIRA 3215 EN 3221/3227. EDIFICIO,1
2026-06-21,CH_107,24,S,100,,S,Requiere Limpieza,62857,Nocturno,2026-06-22 01:51:39,32,175970,"POINT (  577879.992379067,   6136641.94496394)",GABRIEL A PEREIRA 3185 FTE 3195,1
2026-06-21,CH_107,25,S,100,,S,Requiere Limpieza,62857,Nocturno,2026-06-22 01:51:45,32,175971,"POINT (  577859.668020473,   6136668.02354876)",GABRIEL A PEREIRA 3181 EDIFICIO,1
2026-06-21,CH_107,26,S,100,,S,Requiere Limpieza,62857,Nocturno,2026-06-22 01:51:51,32,182147,"POINT (  577796.267473265,   6136749.52801798)",GABRIEL A PEREIRA 3129 EN 3129,1
2026-06-21,CH_107,27,S,75,,S,,62857,Nocturno,2026-06-22 01:51:57,32,183556,"POINT (  577784.264064924,   6136766.09871700)",GABRIEL A PEREIRA 3119,1
2026-06-21,CH_107,28,S,100,,S,Requiere Limpieza,62857,Nocturno,2026-06-22 01:52:03,32,182148,"POINT (  577782.615596132,   6136768.18558339)",GABRIEL A PEREIRA 3119 EN 3119,1
2026-06-21,CH_107,29,S,75,,S,,62857,Nocturno,2026-06-22 01:54:07,32,175974,"POINT (  577698.280855834,   6136899.67182474)",JOSE ELLAURI 1312 EDIFICIO,1
2026-06-21,CH_107,30,S,50,,S,,62857,Nocturno,2026-06-22 01:54:13,32,177151,"POINT (  577701.455959913,   6136919.15943116)",JOSE ELLAURI 1316 EN 1320,1
2026-06-21,CH_107,31,S,50,,S,,62857,Nocturno,2026-06-22 01:54:19,32,177411,"POINT (  577701.823962712,   6136923.03607514)",JOSE ELLAURI 1316 EN 1320,1
2026-06-21,CH_107,32,S,100,,S,Requiere Limpieza,62857,Nocturno,2026-06-22 01:57:58,32,176473,"POINT (  577775.091899319,   6136923.39144847)",MIGUEL BARREIRO 3110,1
2026-06-21,CH_107,33,S,100,,S,Requiere Limpieza,62857,Nocturno,2026-06-22 01:58:25,32,176474,"POINT (  577861.130491827,   6136811.70018854)",MIGUEL BARREIRO 3176,1
2026-06-21,CH_107,34,S,100,,S,Requiere Limpieza,62857,Nocturno,2026-06-22 02:03:45,32,183334,"POINT (  577918.043870337,   6136738.19281211)",MIGUEL BARREIRO 3214,1
2026-06-21,CH_107,35,S,50,,S,,62857,Nocturno,2026-06-22 02:03:51,32,183094,"POINT (  577919.165780887,   6136737.12428840)",MIGUEL BARREIRO 3214 VEREDA,1
2026-06-21,CH_107,36,S,75,,S,Requiere Limpieza,62857,Nocturno,2026-06-22 02:03:58,32,183382,"POINT (  577920.175904427,   6136735.87294143)",MIGUEL BARREIRO 3214,1
2026-06-21,CH_107,37,S,50,,S,,62857,Nocturno,2026-06-22 02:08:22,32,183095,"POINT (  577936.003096018,   6136715.96387884)",MIGUEL BARREIRO 3236 VEREDA,1
2026-06-21,CH_107,38,S,75,,S,,62857,Nocturno,2026-06-22 02:08:28,32,175979,"POINT (  577991.516275801,   6136641.10263646)",MIGUEL BARREIRO 3278 VEREDA,1
2026-06-21,CH_107,39,S,100,,S,Requiere Limpieza,62857,Nocturno,2026-06-22 02:09:24,32,175980,"POINT (  578040.797249238,   6136582.24451787)",MIGUEL BARREIRO 3316 VEREDA. EN 3318/3316,1
2026-06-21,CH_107,40,S,50,,S,,62857,Nocturno,2026-06-22 02:09:30,32,176516,"POINT (  578042.649101089,   6136578.97654401)",MIGUEL BARREIRO 3316 VEREDA. EN 3318/3316. OS 4731736,1
2026-06-21,CH_107,41,S,50,,S,,62857,Nocturno,2026-06-22 02:16:23,32,181962,"POINT (  578068.471624837,   6136540.17617168)",MIGUEL BARREIRO 3336,1
2026-06-21,CH_107,42,S,50,,S,,62857,Nocturno,2026-06-22 02:16:29,32,181963,"POINT (  578070.432409150,   6136537.34392767)",MIGUEL BARREIRO 3336,1
2026-06-21,CH_107,43,S,50,,S,,62857,Nocturno,2026-06-22 03:10:29,32,176445,"POINT (  578266.411691285,   6136662.93110131)",PLAZA RUBÉN DARÍO VEREDA. FTE 1289. PLAZA RUBEN DARIO,1
2026-06-21,CH_107,44,S,50,,S,,62857,Nocturno,2026-06-22 03:10:47,32,176446,"POINT (  578270.115394989,   6136665.54548039)",PLAZA RUBÉN DARÍO VEREDA. FTE 1289. PLAZA RUBEN DARIO,1
2026-06-21,CH_107,45,S,75,,S,,62857,Nocturno,2026-06-22 03:12:46,32,178774,"POINT (  578163.436338252,   6136610.01053496)",MANUEL V PAGOLA 3347,1
2026-06-21,CH_107,46,S,75,,S,,62857,Nocturno,2026-06-22 03:12:56,32,175986,"POINT (  578159.804102157,   6136614.09680057)",MANUEL V PAGOLA 3347,1
2026-06-21,CH_107,47,S,100,,S,,62857,Nocturno,2026-06-22 03:16:47,32,175987,"POINT (  578131.541321871,   6136655.56783302)",MANUEL V PAGOLA 3315 EN 3319/3315,1
2026-06-21,CH_107,48,S,100,,S,Requiere Limpieza,62857,Nocturno,2026-06-22 03:19:12,32,175988,"POINT (  578080.959644414,   6136716.26584596)",MANUEL V PAGOLA 3281,1
2026-06-21,CH_107,49,S,100,,S,,62857,Nocturno,2026-06-22 03:19:02,32,175989,"POINT (  578072.898189569,   6136723.69502984)",MANUEL V PAGOLA 3269,1
2026-06-21,CH_107,50,S,75,,S,,62857,Nocturno,2026-06-22 03:20:15,32,175990,"POINT (  578016.072836302,   6136795.81343715)",MANUEL V PAGOLA 3225,1
2026-06-21,CH_107,51,S,100,,S,Requiere Limpieza,62857,Nocturno,2026-06-22 03:22:56,32,175991,"POINT (  577992.204607251,   6136829.36331540)",MANUEL V PAGOLA 3201 FTE 3208/3210,1
2026-06-21,CH_107,52,S,100,,S,,62857,Nocturno,2026-06-22 03:24:52,32,179078,"POINT (  577942.907109234,   6136897.19560864)",MANUEL V PAGOLA 3167 EN 3163/3161,1
2026-06-21,CH_107,53,S,75,,S,,62857,Nocturno,2026-06-22 03:25:05,32,175992,"POINT (  577942.023022790,   6136898.17792692)",MANUEL V PAGOLA 3159 EN 3163/3161,1
2026-06-21,CH_107,54,S,100,,S,Requiere Limpieza,62857,Nocturno,2026-06-22 03:26:28,32,175993,"POINT (  577869.160732917,   6136990.06381306)",MANUEL V PAGOLA 3107 FTE 3108. MURO Y CERCO VEGETAL,1
2026-06-21,CH_107,55,S,75,,S,Requiere Limpieza,62857,Nocturno,2026-06-22 03:26:15,32,180049,"POINT (  577868.015524709,   6136991.19702809)",MANUEL V PAGOLA 3107 FTE 3108. MURO Y CERCO VEGETAL,1
2026-06-21,CH_107,56,S,100,,S,,62857,Nocturno,2026-06-22 02:50:14,32,175995,"POINT (  577904.793145894,   6137086.93470108)",LORENZO JUSTINIANO PEREZ 3072 EN 3070/3074,1
2026-06-21,CH_107,57,S,75,,S,,62857,Nocturno,2026-06-22 02:50:50,32,176483,"POINT (  577917.275772767,   6137071.37997190)",LORENZO JUSTINIANO PEREZ 3086 EN 3088. OS 4691496,1
2026-06-21,CH_107,58,S,100,,S,,62857,Nocturno,2026-06-22 02:53:51,32,183093,"POINT (  577982.578490785,   6136989.99602207)",LORENZO JUSTINIANO PEREZ 3146,1
2026-06-21,CH_107,59,S,100,,S,Requiere Limpieza,62857,Nocturno,2026-06-22 02:53:59,32,179046,"POINT (  577984.354220825,   6136987.05157702)",LORENZO JUSTINIANO PEREZ 3146 PDO 3146. ESQ,1
2026-06-21,CH_107,60,S,100,,S,Requiere Limpieza,62857,Nocturno,2026-06-22 02:56:37,32,182115,"POINT (  578068.890683276,   6136881.02346246)",LORENZO JUSTINIANO PEREZ 3209,1
2026-06-21,CH_107,61,S,50,,S,,62857,Nocturno,2026-06-22 02:56:45,32,180631,"POINT (  578102.384244938,   6136836.71699340)",LORENZO JUSTINIANO PEREZ 3242,1
2026-06-21,CH_107,62,S,100,,S,,62857,Nocturno,2026-06-22 02:58:04,32,178771,"POINT (  578150.719759024,   6136806.59089183)",ECHEVARRIARZA 3216,1
2026-06-21,CH_107,63,S,75,,S,,62857,Nocturno,2026-06-22 02:59:11,32,182990,"POINT (  578201.583643018,   6136791.94888265)",ECHEVARRIARZA 3238,1
2026-06-21,CH_107,64,S,100,,S,Requiere Limpieza,62857,Nocturno,2026-06-22 03:00:56,32,176002,"POINT (  578206.030745317,   6136790.63671860)",ECHEVARRIARZA 3238 FTE ABITAB,1
2026-06-21,CH_107,65,S,100,,S,,62857,Nocturno,2026-06-22 03:01:33,32,184139,"POINT (  578311.591346948,   6136770.82507465)",ECHEVARRIARZA 3274 Echevarriarza 3280,1
2026-06-21,CH_107,66,S,100,,S,,62857,Nocturno,2026-06-22 03:02:41,32,176191,"POINT (  578343.462940070,   6136767.98892232)",ECHEVARRIARZA 3298 MURO VEGETAL,1
2026-06-21,CH_107,67,S,100,,S,,62857,Nocturno,2026-06-22 03:02:47,32,176005,"POINT (  578346.913519378,   6136767.26111286)",ECHEVARRIARZA 3298 EDIFICIO,1
2026-06-21,CH_107,68,S,50,,S,,62857,Nocturno,2026-06-22 03:25:50,32,176006,"POINT (  578454.829371313,   6136748.66973308)",ECHEVARRIARZA 3324 EN 3324/3328,1
2026-06-21,CH_107,69,S,75,,S,,62857,Nocturno,2026-06-22 03:25:56,32,176007,"POINT (  578526.829227820,   6136738.15822823)",ECHEVARRIARZA Esq. BASILIO PEREIRA DE LA LUZ,1
2026-06-21,CH_105,1,S,75,,S,,62858,Nocturno,2026-06-22 01:05:38,14,175453,"POINT (  576978.808062446,   6137033.84863734)",PTE GRAL OSCAR DIEGO GESTIDO 2599 EDIFICIO,0
2026-06-21,CH_105,2,S,100,,S,,62858,Nocturno,2026-06-22 01:05:42,14,175454,"POINT (  576970.946867423,   6137033.18351503)",PTE GRAL OSCAR DIEGO GESTIDO 2587 MURO CASA,0
2026-06-21,CH_105,3,S,100,,S,,62858,Nocturno,2026-06-22 01:07:20,14,175483,"POINT (  576840.545708590,   6137021.75919012)",PTE GRAL OSCAR DIEGO GESTIDO 2531 EN 2527/2529. OFICINA,0
2026-06-21,CH_105,4,S,100,,S,,62858,Nocturno,2026-06-22 01:09:13,14,175484,"POINT (  576777.234011578,   6137015.38705670)",PTE GRAL OSCAR DIEGO GESTIDO 2501 FTE A EDIFICIO,0
2026-06-21,CH_105,5,S,100,,S,,62858,Nocturno,2026-06-22 01:10:19,14,175485,"POINT (  576714.878134580,   6137011.38171570)",PTE GRAL OSCAR DIEGO GESTIDO 2481 ARBOL/ARBOL,0
2026-06-21,CH_105,6,S,75,,S,,62858,Nocturno,2026-06-21 23:35:11,3,175486,"POINT (  576489.213581178,   6137106.87268646)",CHARRUA 2370 FTE 2371. MURO CIEGO,0
2026-06-21,CH_105,7,S,75,,S,,62858,Nocturno,2026-06-21 23:37:43,3,176368,"POINT (  576552.184997386,   6137111.43061939)",CHARRUA 2392,0
2026-06-21,CH_105,8,S,100,,S,,62858,Nocturno,2026-06-21 23:37:51,3,175495,"POINT (  576596.492998760,   6137115.79367325)",CHARRUA 2414 EN 2414/2424. COLUMNA/ARBOL,0
2026-06-21,CH_105,9,S,100,,S,,62858,Nocturno,2026-06-21 23:39:51,3,175496,"POINT (  576701.587684884,   6137123.53126382)",CHARRUA 2464,0
2026-06-21,CH_105,10,S,100,,S,,62858,Nocturno,2026-06-21 23:42:53,3,183068,"POINT (  576891.537774894,   6137140.16337447)",CHARRUA 2544,0
2026-06-21,CH_105,11,S,75,,S,,62858,Nocturno,2026-06-21 23:42:56,3,180187,"POINT (  576898.198680952,   6137140.05383810)",CHARRUA 2544 ESQUINA BRITO DEL PINO,0
2026-06-21,CH_105,12,S,100,,S,,62858,Nocturno,2026-06-21 23:46:32,3,175501,"POINT (  577074.688891419,   6137154.01716019)",CHARRUA 2644 MURO DE PIEDRA,0
2026-06-21,CH_105,13,S,100,,S,,62858,Nocturno,2026-06-21 23:46:37,3,183338,"POINT (  577077.079957208,   6137154.10098876)",CHARRUA 2644,0
2026-06-21,CH_105,14,S,100,,S,,62858,Nocturno,2026-06-21 23:50:14,3,183792,"POINT (  577088.990039850,   6137249.41373158)",CNEL ALEGRE 1344 Coronel alegre 1348,0
2026-06-21,CH_105,15,S,100,,S,,62858,Nocturno,2026-06-21 23:50:18,3,175888,"POINT (  577031.544746651,   6137277.34802407)",SILVESTRE BLANCO 2593 EN 2589,0
2026-06-21,CH_105,16,S,75,,S,,62858,Nocturno,2026-06-21 23:53:10,3,175514,"POINT (  576857.340831665,   6137260.48661703)",SILVESTRE BLANCO 2517 FTE 2520,0
2026-06-21,CH_105,17,S,100,,S,,62858,Nocturno,2026-06-21 23:53:14,3,180262,"POINT (  576854.333218706,   6137260.35515029)",SILVESTRE BLANCO 2517,0
2026-06-21,CH_105,18,S,100,,S,,62858,Nocturno,2026-06-21 23:57:10,3,183613,"POINT (  576650.561145970,   6137245.70034706)",SILVESTRE BLANCO 2435,0
2026-06-21,CH_105,19,S,100,,S,,62858,Nocturno,2026-06-21 23:57:15,3,179023,"POINT (  576647.087990963,   6137245.64222711)",SILVESTRE BLANCO 2435 MURO GRAFFITI,0
2026-06-21,CH_105,20,S,100,,S,,62858,Nocturno,2026-06-21 23:58:36,3,175633,"POINT (  576558.253391827,   6137236.73332293)",SILVESTRE BLANCO 2379 FTE 2396,0
2026-06-21,CH_105,21,S,100,,S,,62858,Nocturno,2026-06-21 23:58:41,3,178772,"POINT (  576553.032052440,   6137236.50630817)",SILVESTRE BLANCO 2379 FTE 2396,0
2026-06-21,CH_105,22,S,75,,S,,62858,Nocturno,2026-06-22 02:38:37,20,175518,"POINT (  576537.596279901,   6136742.65974651)",GRAL ARQ ALFREDO BALDOMIR 2400 FTE 2405. CASA ABANDONADA,0
2026-06-21,CH_105,23,S,75,,S,,62858,Nocturno,2026-06-22 02:38:43,20,175524,"POINT (  576575.925952605,   6136747.00692375)",GRAL ARQ ALFREDO BALDOMIR 2406 VEREDA,0
2026-06-21,CH_105,24,S,50,,S,,62858,Nocturno,2026-06-22 02:38:47,20,175526,"POINT (  576626.305480099,   6136750.03321517)",GRAL ARQ ALFREDO BALDOMIR 2438 MURO GRIS,0
2026-06-21,CH_105,25,S,75,,S,,62858,Nocturno,2026-06-22 02:38:52,20,181971,"POINT (  576646.167493156,   6136752.70360658)",GRAL ARQ ALFREDO BALDOMIR 2442,0
2026-06-21,CH_105,26,S,75,,S,,62858,Nocturno,2026-06-22 03:06:59,20,180033,"POINT (  576739.835513621,   6136760.00679932)",GRAL ARQ ALFREDO BALDOMIR 2480,0
2026-06-21,CH_105,27,S,50,,S,,62858,Nocturno,2026-06-22 03:07:05,20,181974,"POINT (  576753.461874852,   6136760.42767857)",GRAL ARQ ALFREDO BALDOMIR 2482,0
2026-06-21,CH_105,28,S,75,,S,,62858,Nocturno,2026-06-22 03:07:44,20,175535,"POINT (  576787.664649871,   6136667.09409705)",GRAL JOSE ESTEBAN BRITO DEL PINO 1123 EN 1123/1125,0
2026-06-21,CH_105,29,S,75,,S,,62858,Nocturno,2026-06-22 01:28:34,14,181935,"POINT (  576828.049312854,   6136741.26543028)",EUFEMIO MASCULINO 2541 PROV OV(O: EL VIEJO PANCHO 2540),0
2026-06-21,CH_105,30,S,50,,S,,62858,Nocturno,2026-06-22 03:10:11,20,181973,"POINT (  576796.014489583,   6136573.08382361)",GRAL JOSE ESTEBAN BRITO DEL PINO 1091,0
2026-06-21,CH_105,31,S,100,,S,,62858,Nocturno,2026-06-22 03:10:16,20,175528,"POINT (  576796.363376696,   6136570.56132324)",GRAL JOSE ESTEBAN BRITO DEL PINO 1091 EN 1093/1099. LABORATORIO,0
2026-06-21,CH_105,32,S,75,,S,,62858,Nocturno,2026-06-22 02:40:50,20,183122,"POINT (  576688.069433106,   6136447.27348157)",OBLIGADO 1057 EN 1051,0
2026-06-21,CH_105,33,S,75,,S,,62858,Nocturno,2026-06-22 02:40:54,20,183124,"POINT (  576687.386839249,   6136452.50670114)",OBLIGADO 1057,0
2026-06-21,CH_105,34,S,50,,S,,62858,Nocturno,2026-06-22 03:01:19,20,181972,"POINT (  576691.809736679,   6136552.43948577)",OBLIGADO 1094,0
2026-06-21,CH_105,35,S,75,,S,,62858,Nocturno,2026-06-22 03:01:23,20,179011,"POINT (  576691.207398976,   6136556.29080603)",OBLIGADO 1094,0
2026-06-21,CH_105,36,S,100,,S,,62858,Nocturno,2026-06-22 03:03:16,20,175519,"POINT (  576683.664827371,   6136673.09852795)",OBLIGADO 1118,0
2026-06-21,CH_105,37,S,100,,S,,62858,Nocturno,2026-06-22 01:36:14,14,183336,"POINT (  576557.860727582,   6136620.07723644)",PRUDENCIO VAZQUEZ Y VEGA 1113,0
2026-06-21,CH_105,38,S,100,,S,,62858,Nocturno,2026-06-22 01:39:48,14,183125,"POINT (  576567.705383049,   6136485.95380012)",PRUDENCIO VAZQUEZ Y VEGA 1053,0
2026-06-21,CH_105,39,S,100,,S,,62858,Nocturno,2026-06-22 01:39:53,14,180542,"POINT (  576565.640464924,   6136481.62363922)",PRUDENCIO VAZQUEZ Y VEGA 1053 VEREDA.ESQ,0
2026-06-21,CH_105,40,S,50,,S,,62858,Nocturno,2026-06-22 01:41:48,14,175546,"POINT (  576458.399764588,   6136869.69277767)",MALDONADO 2361 MURO CIEGO,0
2026-06-21,CH_105,41,S,50,,S,,62858,Nocturno,2026-06-22 01:41:53,14,181970,"POINT (  576460.228014929,   6136869.54775000)",MALDONADO 2366,0
2026-06-21,CH_105,42,S,100,,S,,62858,Nocturno,2026-06-22 01:46:34,14,175610,"POINT (  576552.183186491,   6136941.83530098)",FRANCISCO ARAUCHO 1228,0
2026-06-21,CH_105,43,S,100,,S,,62858,Nocturno,2026-06-22 01:46:38,14,176573,"POINT (  576552.722153672,   6136944.91521074)",FRANCISCO ARAUCHO 1228,0
2026-06-21,CH_105,44,S,75,,S,,62858,Nocturno,2026-06-22 03:17:39,20,175561,"POINT (  577069.396328700,   6136747.80296847)",LUIS B CAVIA 2716 FTE 2717,0
2026-06-21,CH_105,45,S,50,,S,,62858,Nocturno,2026-06-22 03:17:43,20,175545,"POINT (  577082.420623483,   6136736.60693178)",LUIS B CAVIA 2724 MURO EDIFICIO,0
2026-06-21,CH_105,46,S,75,,S,,62858,Nocturno,2026-06-22 03:17:47,20,175543,"POINT (  577110.749220581,   6136713.51296676)",LUIS B CAVIA 2742 FTE 2670,0
2026-06-21,CH_105,47,S,100,,S,,62858,Nocturno,2026-06-22 01:24:25,14,175540,"POINT (  577090.580491125,   6136672.25174924)",LIBERTAD 2667 VEREDA. FTE 2670/2680,0
2026-06-21,CH_105,48,S,75,,S,,62858,Nocturno,2026-06-22 01:26:28,14,176140,"POINT (  576956.176151198,   6136635.87382811)",EUFEMIO MASCULINO 2657 EN 2655,0
2026-06-21,CH_105,49,S,75,,S,,62858,Nocturno,2026-06-22 01:26:24,14,175533,"POINT (  576968.259456372,   6136613.74703784)",EUFEMIO MASCULINO 2687,0
2026-06-21,CH_105,50,S,75,,S,,62858,Nocturno,2026-06-22 01:33:16,14,175608,"POINT (  576727.389401153,   6136845.91836624)",SIMON BOLIVAR 1182 EDIFICIO,0
2026-06-21,CH_105,51,S,75,,S,,62858,Nocturno,2026-06-22 01:33:20,14,175609,"POINT (  576743.555176672,   6136893.03005489)",SIMON BOLIVAR 1194 MURO GRIS,0
2026-06-21,CH_105,52,S,75,,S,,62858,Nocturno,2026-06-22 01:33:25,14,175611,"POINT (  576750.329406412,   6136917.20173829)",SIMON BOLIVAR 1206 LOCAL,0
2026-06-21,CH_105,53,S,100,,S,,62858,Nocturno,2026-06-22 00:48:40,14,175616,"POINT (  577018.835239779,   6136870.09004963)",BALTASAR VARGAS 1178 ANTES DE 1178. MURO BAJO CON REJAS,0
2026-06-21,CH_105,54,S,100,,S,,62858,Nocturno,2026-06-22 00:48:44,14,175618,"POINT (  577018.527320245,   6136872.01454672)",BALTASAR VARGAS 1178 ANTES DE 1178. MURO BAJO CON REJAS,0
2026-06-21,CH_105,55,S,100,,S,,62858,Nocturno,2026-06-22 00:50:36,14,175622,"POINT (  577035.154975064,   6136915.35422109)",BARTOLITO MITRE 2608,0
2026-06-21,CH_105,56,S,100,,S,,62858,Nocturno,2026-06-22 00:52:28,14,175628,"POINT (  577134.256952493,   6136922.91268337)",BARTOLITO MITRE 2651 FTE 2651,0
2026-06-21,CH_105,57,S,100,,S,,62858,Nocturno,2026-06-22 00:53:58,14,180043,"POINT (  577235.300844456,   6136931.64439187)",BARTOLITO MITRE Esq. AV DR FRANCISCO SOCA,0
2026-06-21,CH_105,58,S,75,,S,,62858,Nocturno,2026-06-22 00:54:02,14,175630,"POINT (  577237.409996264,   6136931.53443032)",BARTOLITO MITRE Esq. AV DR FRANCISCO SOCA,0
2026-06-21,CH_105,59,S,100,,S,,62858,Nocturno,2026-06-22 00:57:34,14,175623,"POINT (  577251.285620248,   6136768.62575204)",LIBERTAD 2757 FTE A IGLESIA,0
2026-06-21,CH_105,60,S,100,,S,,62858,Nocturno,2026-06-22 01:00:42,14,175625,"POINT (  577131.716616340,   6136863.48421338)",CNEL ALEGRE 1176 EN 1176/1180 ,0
2026-06-21,CH_105,61,S,75,,S,,62858,Nocturno,2026-06-22 01:03:21,14,175631,"POINT (  577120.455586446,   6136976.22898800)",CNEL ALEGRE 1222 PDO 1222,0
2026-06-21,CH_105,62,S,100,,S,,62858,Nocturno,2026-06-22 01:03:25,14,181969,"POINT (  577117.546540491,   6136991.44764963)",CNEL ALEGRE 1230,0
2026-06-21,CH_105,63,S,100,,S,,62858,Nocturno,2026-06-22 00:41:20,14,175615,"POINT (  576876.730374987,   6136991.87222520)",GRAL JOSE ESTEBAN BRITO DEL PINO 1239,0
2026-06-21,CH_105,64,S,100,,S,,62858,Nocturno,2026-06-22 00:41:24,14,175614,"POINT (  576867.492788977,   6136945.37637562)",GRAL JOSE ESTEBAN BRITO DEL PINO 1221 PDO REBAJE,0
2026-06-21,CH_122,1,S,100,,S,,62858,Nocturno,2026-06-22 02:46:09,20,180045,"POINT (  577307.695318268,   6136150.63316822)",BV ESPAÑA Esq. JOSE ELLAURI VEREDA. EN 2698,1
2026-06-21,CH_122,2,S,100,,S,,62858,Nocturno,2026-06-22 02:46:13,20,177239,"POINT (  577309.866145530,   6136150.65433355)",BV ESPAÑA Esq. JOSE ELLAURI VEREDA. AV SARMIENTO 2698. EL QUIJOTE,1
2026-06-21,CH_122,3,N,,Auto,S,,62858,Nocturno,2026-06-22 02:51:06,,177240,"POINT (  577448.061525296,   6136108.32407209)",BV ESPAÑA 2812 VEREDA,1
2026-06-21,CH_122,4,S,100,,S,,62858,Nocturno,2026-06-22 02:51:11,20,177242,"POINT (  577453.775975417,   6136106.30720734)",BV ESPAÑA 2818 VEREDA. EN 2820,1
2026-06-21,CH_122,5,S,75,,S,,62858,Nocturno,2026-06-22 02:53:34,20,177243,"POINT (  577524.618349699,   6136082.86115464)",BV ESPAÑA 2866 VEREDA. EN 2868,1
2026-06-21,CH_122,6,S,75,,S,,62858,Nocturno,2026-06-22 02:53:39,20,177244,"POINT (  577526.601762740,   6136082.10497255)",BV ESPAÑA 2866 VEREDA. EN 2868,1
2026-06-21,CH_122,7,S,75,,S,,62858,Nocturno,2026-06-22 02:55:23,20,181099,"POINT (  577564.738239591,   6135991.31535620)",ROQUE GRASERAS 853,1
2026-06-21,CH_122,8,S,50,,S,,62858,Nocturno,2026-06-22 02:55:28,20,181100,"POINT (  577564.055645734,   6135988.81251206)",ROQUE GRASERAS 853,1
2026-06-21,CH_122,9,S,100,,S,,62858,Nocturno,2026-06-21 22:56:31,3,177202,"POINT (  577736.522205297,   6136118.20530880)","PLAZA JOAQUÍN DA SILVA XAVIER, TIRADENTES EN 3139. INMOB. PARK",1
2026-06-21,CH_122,10,S,50,,S,,62858,Nocturno,2026-06-21 22:57:07,3,177203,"POINT (  577688.722875326,   6136191.93200577)",AV BRASIL 3091 PDO 3099. FTE ABITAB,1
2026-06-21,CH_122,11,S,100,,S,,62858,Nocturno,2026-06-21 22:58:40,3,177204,"POINT (  577616.637803838,   6136301.18676364)",AV BRASIL 3029 EN 3033/3031. EDIFICIO,1
2026-06-21,CH_122,12,S,100,,S,,62858,Nocturno,2026-06-21 23:01:19,3,177206,"POINT (  577489.659360730,   6136492.87295075)",AV BRASIL 2939 EN 2939/2941. EDIFICIO,1
2026-06-21,CH_122,13,S,75,,S,,62858,Nocturno,2026-06-21 23:04:08,3,177207,"POINT (  577438.210287571,   6136567.62403107)",AV BRASIL 2887 EDIFICIO. BETTER LIFE,1
2026-06-21,CH_122,14,S,100,,S,,62858,Nocturno,2026-06-21 23:08:51,3,177208,"POINT (  577382.617450686,   6136650.33356082)",AV BRASIL 2835,1
2026-06-21,CH_122,15,S,100,,S,,62858,Nocturno,2026-06-21 23:08:55,3,180040,"POINT (  577381.561484477,   6136651.70631690)",AV BRASIL 2835,1
2026-06-21,CH_122,16,N,,Auto,S,,62858,Nocturno,2026-06-21 23:09:56,,177209,"POINT (  577329.380363375,   6136751.12208235)",AV DR FRANCISCO SOCA 1126 EN 1128. EDIFICIO/REBAJE,1
2026-06-21,CH_122,17,S,100,,S,,62858,Nocturno,2026-06-21 23:11:16,3,177210,"POINT (  577303.458017648,   6136823.42273529)",AV DR FRANCISCO SOCA 1158,1
2026-06-21,CH_122,18,S,100,,S,,62858,Nocturno,2026-06-21 23:12:53,3,183616,"POINT (  577250.753892157,   6136982.14682615)",AV DR FRANCISCO SOCA 1270,1
2026-06-21,CH_122,19,S,100,,S,,62858,Nocturno,2026-06-21 23:14:05,3,183615,"POINT (  577214.596859695,   6137084.29802244)",AV DR FRANCISCO SOCA 1312,1
2026-06-21,CH_122,20,S,100,,S,,62858,Nocturno,2026-06-21 23:16:53,3,183640,"POINT (  577168.564563941,   6137213.92039108)",AV DR FRANCISCO SOCA 1360,1
2026-06-21,CH_122,21,S,50,,S,,62858,Nocturno,2026-06-21 23:16:57,3,183649,"POINT (  577146.757011691,   6137255.07472736)",AV DR FRANCISCO SOCA 1374,1
2026-06-21,CH_122,22,S,100,,S,,62858,Nocturno,2026-06-21 23:17:53,3,177216,"POINT (  577071.093974675,   6137529.21460243)",AV DR FRANCISCO SOCA 1480 PDO REBAJE,1
2026-06-21,CH_122,23,S,100,,S,,62858,Nocturno,2026-06-21 23:22:56,3,177217,"POINT (  576999.435172859,   6137747.19475211)",AV DR FRANCISCO SOCA 1562 VEREDA. FTE 1553. MEDPOINT,1
2026-06-21,CH_122,24,S,100,,S,,62858,Nocturno,2026-06-21 23:29:16,3,177778,"POINT (  576622.637154617,   6137447.27474519)",AV ING LUIS P PONCE 1367 VEREDA. EN 1367/1369,1
2026-06-21,CH_122,25,S,100,,S,,62858,Nocturno,2026-06-21 23:29:20,3,177218,"POINT (  576620.672518075,   6137443.34547210)",AV ING LUIS P PONCE 1363 VEREDA. EN 1367/1369,1
2026-06-21,CH_122,26,S,100,,S,,62858,Nocturno,2026-06-21 23:29:25,3,182998,"POINT (  576617.619988293,   6137439.22028956)",AV ING LUIS P PONCE 1363,1
2026-06-21,CH_122,27,S,100,,S,,62858,Nocturno,2026-06-21 23:30:50,3,177219,"POINT (  576540.430370570,   6137321.35617012)",AV ING LUIS P PONCE 1325 PDO REBAJE,1
2026-06-21,CH_122,28,S,50,,S,,62858,Nocturno,2026-06-21 23:32:26,3,177220,"POINT (  576467.480418375,   6137195.05053678)",AV ING LUIS P PONCE 1282 FTE 1296. ANTES OBRA,1
2026-06-21,CH_122,29,S,100,,S,,62858,Nocturno,2026-06-22 01:12:54,14,177221,"POINT (  576665.917174124,   6136956.56276177)",AV BRASIL 2452 EDIFICIO,1
2026-06-21,CH_122,30,S,100,,S,,62858,Nocturno,2026-06-22 01:12:58,14,177222,"POINT (  576670.266038738,   6136955.28121231)",AV BRASIL 2452 EN 2454,1
2026-06-21,CH_122,31,S,100,,S,,62858,Nocturno,2026-06-22 01:15:23,14,177223,"POINT (  576802.034535623,   6136904.60748551)",AV BRASIL 2524 EDIFICIO,1
2026-06-21,CH_122,32,S,100,,S,,62858,Nocturno,2026-06-22 00:43:49,14,179040,"POINT (  576879.561718048,   6136876.61763610)",AV BRASIL 2560 EN 2564,1
2026-06-21,CH_122,33,S,100,,S,,62858,Nocturno,2026-06-22 00:43:54,14,177224,"POINT (  576887.450480817,   6136873.26916845)",AV BRASIL 2570 EN COLUMNA/CARTEL. ANTES REBAJE,1
2026-06-21,CH_122,34,S,100,,S,,62858,Nocturno,2026-06-22 01:22:16,14,177225,"POINT (  577029.057873848,   6136814.77296818)",AV BRASIL 2652 EN 2666. ARBOL/ARBOL,1
2026-06-21,CH_122,35,S,50,,S,,62858,Nocturno,2026-06-22 01:22:20,14,177226,"POINT (  577072.077754067,   6136797.68723037)",AV BRASIL 2666 EN 2670,1
2026-06-21,CH_122,36,S,100,,S,,62858,Nocturno,2026-06-22 01:22:24,14,177227,"POINT (  577098.345581553,   6136787.25116797)",AV BRASIL 2686 EDIFICIO,1
2026-06-21,CH_122,37,S,100,,S,,62858,Nocturno,2026-06-22 01:22:31,14,177228,"POINT (  577167.752135295,   6136760.77567647)",AV BRASIL 2728 EN 2722,1
2026-06-21,CH_108,1,S,100,,S,"Basura Afuera, Requiere Limpieza",62859,Nocturno,2026-06-22 02:53:07,,175857,"POINT (  578501.775713952,   6137398.86486883)",JULIO CESAR 1365 EN 1365/1375,0
2026-06-21,CH_108,2,S,100,,S,Requiere Limpieza,62859,Nocturno,2026-06-22 02:54:49,,175900,"POINT (  578525.259660452,   6137292.38999887)",JULIO CESAR 1319 EN 1319,0
2026-06-21,CH_108,3,S,100,,S,"Basura Afuera, Requiere Limpieza",62859,Nocturno,2026-06-22 03:01:12,,179725,"POINT (  578550.097319377,   6137210.42952076)",JULIO CESAR 1287,0
2026-06-21,CH_108,4,S,100,,S,"Basura Afuera, Requiere Limpieza",62859,Nocturno,2026-06-22 03:01:23,,179724,"POINT (  578560.616934948,   6137173.86192734)",JULIO CESAR 1267 EN 1265. SUBESTACION,0
2026-06-21,CH_108,5,S,50,,S,,62859,Nocturno,2026-06-22 03:14:59,,175832,"POINT (  578581.795951604,   6137103.79008325)",JULIO CESAR 1243 EN 1237/1245. EDIFICIO,0
2026-06-21,CH_108,6,S,100,,S,"Basura Afuera, Requiere Limpieza",62859,Nocturno,2026-06-22 03:01:31,,175833,"POINT (  578582.247929005,   6137101.98217365)",JULIO CESAR 1243 EN 1237/1245. EDIFICIO,0
2026-06-21,CH_108,7,S,100,,S,"Basura Afuera, Requiere Limpieza",62859,Nocturno,2026-06-22 03:01:38,,175834,"POINT (  578590.457400565,   6137068.20920791)",JULIO CESAR 1222 EN 1215,0
2026-06-21,CH_108,8,S,50,,S,,62859,Nocturno,2026-06-22 03:03:40,,179723,"POINT (  578626.898483045,   6136929.75982284)",JULIO CESAR 1179 EN 1175,0
2026-06-21,CH_108,9,S,100,,S,Requiere Limpieza,62859,Nocturno,2026-06-22 03:05:49,,175836,"POINT (  578640.666008102,   6136863.76183467)",JULIO CESAR 1139 EN 1141. ANTES DE ESCUELA,0
2026-06-21,CH_108,10,S,50,,S,Requiere Limpieza,62859,Nocturno,2026-06-22 03:07:46,,175837,"POINT (  578668.349623921,   6136740.14601546)",JULIO CESAR 1063 ARBOL/ARBOL,0
2026-06-21,CH_108,11,S,50,,S,,62859,Nocturno,2026-06-22 03:09:33,,175838,"POINT (  578756.446101130,   6136687.07926441)",ECHEVARRIARZA 3420 EN 3422. MURO CHAPA,0
2026-06-21,CH_108,12,S,50,,S,,62859,Nocturno,2026-06-22 02:27:39,,183559,"POINT (  578811.839432462,   6136679.14608214)",MARCO BRUTO 1041,0
2026-06-21,CH_108,13,S,50,,S,,62859,Nocturno,2026-06-22 02:30:28,,182864,"POINT (  578833.839475430,   6136615.34456467)",MARCO BRUTO 1001,0
2026-06-21,CH_108,14,S,50,,S,,62859,Nocturno,2026-06-22 02:30:35,,182865,"POINT (  578834.351420822,   6136613.69496285)",MARCO BRUTO 1001,0
2026-06-21,CH_108,15,S,50,,S,,62859,Nocturno,2026-06-22 02:32:53,,181966,"POINT (  578537.509147276,   6136677.14256100)",BASILIO PEREIRA DE LA LUZ 1035,0
2026-06-21,CH_108,16,S,50,,S,,62859,Nocturno,2026-06-22 02:32:46,,181965,"POINT (  578538.053809586,   6136679.86587255)",BASILIO PEREIRA DE LA LUZ 1040,0
2026-06-21,CH_108,17,S,75,,S,,62859,Nocturno,2026-06-22 02:35:42,,179598,"POINT (  578551.676890099,   6136758.78131023)",BASILIO PEREIRA DE LA LUZ 1058,0
2026-06-21,CH_108,18,S,100,,S,"Basura Afuera, Requiere Limpieza",62859,Nocturno,2026-06-22 02:40:45,,179674,"POINT (  578519.561841374,   6136888.18957488)",BASILIO PEREIRA DE LA LUZ 1148,0
2026-06-21,CH_108,19,S,100,,S,"Basura Afuera, Requiere Limpieza",62859,Nocturno,2026-06-22 02:40:34,,179675,"POINT (  578490.258614406,   6136956.13449582)",BASILIO PEREIRA DE LA LUZ 1190,0
2026-06-21,CH_108,20,S,100,,S,"Basura Afuera, Requiere Limpieza",62859,Nocturno,2026-06-22 02:43:24,,175847,"POINT (  578464.846799062,   6137066.58669342)",BASILIO PEREIRA DE LA LUZ 1240 EDIFICIO. ARBOL/ARBOL,0
2026-06-21,CH_108,21,S,75,,S,,62859,Nocturno,2026-06-22 02:48:03,,175848,"POINT (  578462.699906407,   6137073.14036574)",BASILIO PEREIRA DE LA LUZ 1240 EDIFICIO. ARBOL/ARBOL,0
2026-06-21,CH_108,22,S,100,,S,"Basura Afuera, Requiere Limpieza",62859,Nocturno,2026-06-22 02:48:16,,183496,"POINT (  578434.670455221,   6137191.63570031)",BASILIO PEREIRA DE LA LUZ 1294,0
2026-06-21,CH_108,23,S,100,,S,"Basura Afuera, Requiere Limpieza",62859,Nocturno,2026-06-22 02:48:09,,175850,"POINT (  578416.590437853,   6137268.55975989)",BASILIO PEREIRA DE LA LUZ 1330 FABRICA,0
2026-06-21,CH_108,24,S,100,,S,"Basura Afuera, Requiere Limpieza",62859,Nocturno,2026-06-22 02:49:56,,175851,"POINT (  578390.383522226,   6137375.28725840)",BASILIO PEREIRA DE LA LUZ 1378 EDIFICIO,0
2026-06-21,CH_108,25,S,75,,S,,62859,Nocturno,2026-06-22 02:09:59,,175858,"POINT (  578588.963319210,   6137458.61625706)",MARCO BRUTO 1369 EN 1375. VOPERO,0
2026-06-21,CH_108,26,S,100,,S,"Basura Afuera, Requiere Limpieza",62859,Nocturno,2026-06-22 02:12:11,,175859,"POINT (  578629.292890835,   6137332.58518921)",MARCO BRUTO 1333,0
2026-06-21,CH_108,27,S,100,,S,"Basura Afuera, Requiere Limpieza",62859,Nocturno,2026-06-22 02:14:18,,175860,"POINT (  578643.087612995,   6137281.55411017)",MARCO BRUTO 1305 FTE 1306,0
2026-06-21,CH_108,28,S,75,,S,Requiere Limpieza,62859,Nocturno,2026-06-22 02:17:01,,175861,"POINT (  578674.518572347,   6137175.46924715)",MARCO BRUTO 1259 EN 1263 BIS. EDIFICIO,0
2026-06-21,CH_108,29,S,75,,S,Requiere Limpieza,62859,Nocturno,2026-06-22 02:17:07,,175862,"POINT (  578688.624336159,   6137124.83094633)",MARCO BRUTO 1237 EN 1239,0
2026-06-21,CH_108,30,S,75,,S,"Basura Afuera, Requiere Limpieza",62859,Nocturno,2026-06-22 02:22:55,,179163,"POINT (  578707.003618468,   6137063.97300000)",MARCO BRUTO 1207 FTE 1208,0
2026-06-21,CH_108,31,S,75,,S,"Basura Afuera, Requiere Limpieza",62859,Nocturno,2026-06-22 02:22:48,,175863,"POINT (  578708.235761285,   6137058.61378412)",MARCO BRUTO 1207 FTE 1208,0
2026-06-21,CH_108,32,S,75,,S,Requiere Limpieza,62859,Nocturno,2026-06-22 02:23:03,,175864,"POINT (  578725.864154588,   6137013.65753220)",MARCO BRUTO 1193 ANTES DE 1197. CASA GRIS,0
2026-06-21,CH_108,33,S,50,,S,"Basura Afuera, Requiere Limpieza",62859,Nocturno,2026-06-22 02:23:09,,176189,"POINT (  578726.765744068,   6137008.85575932)",MARCO BRUTO 1193 ANTES DE 1197. CASA GRIS,0
2026-06-21,CH_108,34,S,75,,S,,62859,Nocturno,2026-06-22 02:24:10,,175865,"POINT (  578751.611758590,   6136905.44085097)",MARCO BRUTO 1139 FTE 1144C,0
2026-06-21,CH_108,35,S,50,,S,,62859,Nocturno,2026-06-22 02:25:58,,175866,"POINT (  578796.993566867,   6136751.31008951)",MARCO BRUTO 1057 FTE 1074. PDO EMBAJADA,0
2026-06-21,CH_108,36,S,50,,S,,62859,Nocturno,2026-06-22 03:11:46,,181215,"POINT (  578924.951395677,   6136725.91329579)",ECHEVARRIARZA 3494 VEREDA,0
2026-06-21,CH_108,37,S,50,,S,,62859,Nocturno,2026-06-22 03:11:25,,175867,"POINT (  578926.544114676,   6136726.25459272)",ECHEVARRIARZA 3494 VEREDA. EN 3496,0
2026-06-21,CH_108,38,S,50,,S,,62859,Nocturno,2026-06-22 03:14:31,,181921,"POINT (  578982.544261874,   6136570.72490000)",AV DR LUIS ALBERTO DE HERRERA 989,0
2026-06-21,CH_108,39,S,50,,S,,62859,Nocturno,2026-06-21 23:46:55,,181923,"POINT (  578988.208749891,   6136649.15627255)",AV DR LUIS ALBERTO DE HERRERA Esq. RBLA ARMENIA,0
2026-06-21,CH_108,40,S,100,,S,,62859,Nocturno,2026-06-21 23:47:56,,181922,"POINT (  578987.228357734,   6136650.89919194)",AV DR LUIS ALBERTO DE HERRERA Esq. RBLA ARMENIA,0
2026-06-21,CH_108,41,S,100,,S,,62859,Nocturno,2026-06-21 23:52:24,,181284,"POINT (  578963.031595222,   6136731.98769864)",AV DR LUIS ALBERTO DE HERRERA Esq. PSJE CRISTOBAL ECHEVARRIARZA FTE PANAMERICANO,0
2026-06-21,CH_108,42,S,75,,S,,62859,Nocturno,2026-06-21 23:52:34,,181283,"POINT (  578962.121470080,   6136735.17313664)",AV DR LUIS ALBERTO DE HERRERA Esq. PSJE CRISTOBAL ECHEVARRIARZA FTE PANAMERICANO,0
2026-06-21,CH_108,43,S,75,,S,,62859,Nocturno,2026-06-21 23:52:29,,181282,"POINT (  578961.211344937,   6136737.90351206)",AV DR LUIS ALBERTO DE HERRERA Esq. PSJE CRISTOBAL ECHEVARRIARZA FTE PANAMERICANO,0
2026-06-21,CH_108,44,S,25,,S,,62859,Nocturno,2026-06-21 23:40:31,,175874,"POINT (  579156.027743135,   6137063.69445642)",TOMAS DE TEZANOS 1065 MURO LADRILLOS,0
2026-06-21,CH_108,45,S,25,,S,,62859,Nocturno,2026-06-21 23:40:39,,175875,"POINT (  578976.741594652,   6136989.71678846)",JOSE A ITURRIAGA 3531 EN 3527,0
2026-06-21,CH_108,46,S,75,,S,,62859,Nocturno,2026-06-22 02:01:46,,175876,"POINT (  579017.502442922,   6137544.31835855)",TIBURCIO GOMEZ 1332 EDIFICIO,0
2026-06-21,CH_108,47,S,50,,S,,62859,Nocturno,2026-06-22 02:04:30,,175877,"POINT (  579008.957675863,   6137588.58179152)",TIBURCIO GOMEZ 1354 FTE 1355,0
2026-06-21,CH_108,48,S,50,,S,,62859,Nocturno,2026-06-22 02:04:34,,176230,"POINT (  579006.310858388,   6137617.44628475)",TIBURCIO GOMEZ 1372,0
2026-06-21,CH_108,49,S,100,,S,"Basura Afuera, Requiere Limpieza",62859,Nocturno,2026-06-22 01:54:30,,175879,"POINT (  578866.590437855,   6137583.24902543)",MAGARIÑOS CERVANTES 1383,0
2026-06-21,CH_108,50,S,100,,S,"Basura Afuera, Requiere Limpieza",62859,Nocturno,2026-06-22 01:54:36,,175880,"POINT (  578887.175500294,   6137520.14667515)",MAGARIÑOS CERVANTES 1355 EDIFICIO,0
2026-06-21,CH_108,51,S,75,,S,,62859,Nocturno,2026-06-22 03:14:47,,175881,"POINT (  578958.227932689,   6137469.30146216)",TTE GRAL PABLO GALARZA 3585 FTE 3571,0
2026-06-21,CH_108,52,S,50,,S,,62859,Nocturno,2026-06-22 01:56:26,,175882,"POINT (  578960.075449892,   6137468.83958285)",TTE GRAL PABLO GALARZA 3585 FTE 3571,0
2026-06-21,CH_108,53,S,50,,S,,62859,Nocturno,2026-06-22 01:58:22,,175884,"POINT (  579100.154108967,   6137420.74135153)",TTE GRAL PABLO GALARZA 3618 FTE 3641,0
2026-06-21,CH_109,1,S,100,,S,,62859,Nocturno,2026-06-21 22:49:51,,175769,"POINT (  579209.822709040,   6137192.76235311)",TOMAS DE TEZANOS 1102 VEREDA. FTE 1107,1
2026-06-21,CH_109,2,S,100,,S,,62859,Nocturno,2026-06-21 22:49:40,,175770,"POINT (  579210.557172317,   6137198.63805932)",TOMAS DE TEZANOS 1102 VEREDA. FTE 1107,1
2026-06-21,CH_109,3,S,75,,S,,62859,Nocturno,2026-06-21 22:51:21,,175771,"POINT (  579231.489375707,   6137313.86404802)",TOMAS DE TEZANOS 1170 VEREDA,1
2026-06-21,CH_109,4,S,75,,S,,62859,Nocturno,2026-06-21 22:52:40,,175772,"POINT (  579251.867697987,   6137423.96031082)",TOMAS DE TEZANOS 1220,1
2026-06-21,CH_109,5,S,100,,S,"Basura Afuera, Requiere Limpieza",62859,Nocturno,2026-06-21 22:56:44,,175904,"POINT (  579294.108253672,   6137644.89398870)",TOMAS DE TEZANOS 1336 CASA VERDE,1
2026-06-21,CH_109,6,S,100,,S,"Basura Afuera, Requiere Limpieza",62859,Nocturno,2026-06-21 23:07:13,,175774,"POINT (  579073.813227639,   6137706.78440250)",PEDRO BUSTAMANTE 1389,1
2026-06-21,CH_109,7,S,100,,S,,62859,Nocturno,2026-06-21 23:08:16,,175775,"POINT (  579092.188689513,   6137643.37298123)",PEDRO BUSTAMANTE 1311 MURO CIEGO,1
2026-06-21,CH_109,8,S,100,,S,,62859,Nocturno,2026-06-21 23:09:40,,175776,"POINT (  579124.465990930,   6137530.57744936)",PEDRO BUSTAMANTE 1251 EN 1255. PELUQUERIA/MURO,1
2026-06-21,CH_109,9,S,75,,S,,62859,Nocturno,2026-06-21 23:12:38,,175777,"POINT (  579200.983995048,   6137381.15949564)",MIGUEL GRAU 3731 EN 3750. EDIFICIO,1
2026-06-21,CH_109,10,S,75,,S,,62859,Nocturno,2026-06-21 23:13:51,,175778,"POINT (  579205.756747820,   6137380.38969681)",MIGUEL GRAU 3731 EN 3750. EDIFICIO,1
2026-06-21,CH_109,11,S,75,,S,,62859,Nocturno,2026-06-21 23:15:13,,181961,"POINT (  579389.626145752,   6137346.75414946)",MIGUEL GRAU 3828 PROV OV(O: MIGUEL GRAU 3789),1
2026-06-21,CH_109,12,S,75,,S,,62859,Nocturno,2026-06-21 23:16:14,,175779,"POINT (  579392.534573447,   6137346.32167514)",MIGUEL GRAU 3828 FTE EDIFICIO,1
2026-06-21,CH_109,13,S,75,,S,,62859,Nocturno,2026-06-21 23:19:49,,175780,"POINT (  579476.571977689,   6137327.42753701)",MIGUEL GRAU 3868 EN 3862. FTE EDIFICIO,1
2026-06-21,CH_109,14,S,75,,S,,62859,Nocturno,2026-06-21 23:19:52,,175781,"POINT (  579613.325533898,   6137305.10698588)",MIGUEL GRAU 3939 FTE 3975. MURO COLEGIO,1
2026-06-21,CH_109,15,S,75,,S,,62859,Nocturno,2026-06-21 22:38:21,,175782,"POINT (  579808.692765537,   6137358.86404803)",AV TOMAS BASAÑEZ 1241 CASA DE LADRILLOS,1
2026-06-21,CH_109,16,S,50,,S,,62859,Nocturno,2026-06-21 22:40:03,,175783,"POINT (  579870.867906780,   6137259.17478249)",AV TOMAS BASAÑEZ 1211 FTE ECOCENTRO,1
2026-06-21,CH_109,17,S,50,,S,,62859,Nocturno,2026-06-21 22:41:30,,175784,"POINT (  579724.031748588,   6137211.63240961)",DR JUAN A GOLFARINI 4003,1
2026-06-21,CH_109,18,S,100,,S,Requiere Limpieza,62859,Nocturno,2026-06-21 23:23:26,,175785,"POINT (  579619.810455708,   6137418.30034109)",SALDANHA DA GAMA 3922 EN 3925. VIVIENDAS,1
2026-06-21,CH_109,19,S,75,,S,Requiere Limpieza,62859,Nocturno,2026-06-21 23:24:36,,175786,"POINT (  579480.950522470,   6137445.42860620)",SALDANHA DA GAMA Esq. NICOLAS PIAGGIO PDO ESTACIONAMIENTO,1
2026-06-21,CH_109,20,S,100,,S,,62859,Nocturno,2026-06-21 23:26:10,,175787,"POINT (  579420.716577919,   6137456.69373323)",SALDANHA DA GAMA 3829 ANTES DE ARBOL,1
2026-06-21,CH_109,21,N,,Fuego,S,,62859,Nocturno,2026-06-21 23:27:41,,175788,"POINT (  579290.867906780,   6137574.79625142)",RIZAL 3760,1
2026-06-21,CH_109,22,S,75,,S,,62859,Nocturno,2026-06-21 23:29:01,,175789,"POINT (  579416.630618644,   6137551.40642091)",RIZAL 3820 ESTERILLA,1
2026-06-21,CH_109,23,S,50,,S,,62859,Nocturno,2026-06-21 23:30:39,,175790,"POINT (  579487.478076271,   6137567.45161865)",CEMENTERIO BRITÁNICO FTE 1311. MURO CEMENTERIO,1
2026-06-21,CH_109,24,S,50,,S,,62859,Nocturno,2026-06-21 23:32:17,,175791,"POINT (  579510.980901130,   6137695.02224012)",CEMENTERIO BRITÁNICO FTE 1393. MURO CEMENTERIO,1
2026-06-21,CH_109,25,S,50,,S,,62859,Nocturno,2026-06-21 22:35:23,,175792,"POINT (  579711.093895480,   6137519.31602543)",AV TOMAS BASAÑEZ Esq. RIZAL MURO CEMENTERIO,1
2026-06-21,CH_109,26,S,50,,S,,62859,Nocturno,2026-06-21 22:43:45,,175793,"POINT (  579446.461127118,   6137249.25952825)",RBLA ARMENIA 3853 VEREDA. EN 3857. COLUMNA/PALMERA,1
2026-06-21,CH_109,27,S,50,,S,,62859,Nocturno,2026-06-21 22:46:23,,175794,"POINT (  579348.495025424,   6137246.32167515)",RBLA ARMENIA 3801 FTE 3807. EDIFICIO,1
2026-06-21,CH_109,28,S,50,,S,,62859,Nocturno,2026-06-21 22:45:04,,175795,"POINT (  579344.879206215,   6137245.41772034)",RBLA ARMENIA 3801 FTE 3807. EDIFICIO,1
2026-06-21,CH_109,29,S,100,,S,,62859,Nocturno,2026-06-21 23:36:23,,175804,"POINT (  579285.500675141,   6137227.28212713)",RBLA ARMENIA 3795 VEREDA. EDIFICIO,1
2026-06-21,CH_109,30,S,25,,S,,62859,Nocturno,2026-06-21 23:45:12,,183889,"POINT (  579147.611073856,   6136878.01131198)",RBLA ARMENIA 3641 PROV O: Antonio D Costa 3592,1
2026-06-21,CH_109,31,S,100,,S,,62859,Nocturno,2026-06-21 23:54:59,,181968,"POINT (  578743.391500218,   6136606.77219063)",RBLA REPUBLICA DEL PERU 1503 REBAJE/ENTRADA PRINCIPAL,1
2026-06-21,CH_109,32,S,100,,S,,62859,Nocturno,2026-06-21 23:56:23,,181967,"POINT (  578598.947055773,   6136632.37131917)",RBLA REPUBLICA DEL PERU 1419 EN 1421. EDIFICIO ARCADIA. REBAJE/PUERTA,1
2026-06-21,CH_109,33,S,100,,S,,62859,Nocturno,2026-06-21 23:59:02,,181964,"POINT (  578444.154027451,   6136658.40617756)",RBLA REPUBLICA DEL PERU 1383,1
2026-06-21,CH_109,34,S,50,,S,,62859,Nocturno,2026-06-22 00:01:16,,175805,"POINT (  578079.794460452,   6136468.18608193)",RBLA REPUBLICA DEL PERU 1175 VEREDA. EN 1179. REBAJE/REBAJE,1
2026-06-21,CH_109,35,S,50,,S,,62859,Nocturno,2026-06-22 00:02:51,,175806,"POINT (  577990.585420904,   6136375.36122317)",RBLA REPUBLICA DEL PERU 1105 VEREDA,1
2026-06-21,CH_109,36,S,50,,S,,62859,Nocturno,2026-06-22 00:03:53,,175807,"POINT (  577923.271890055,   6136296.12803885)",RBLA REPUBLICA DEL PERU 1057 EN 1069. URBAN HAUS,1
2026-06-21,CH_109,37,S,50,,S,,62859,Nocturno,2026-06-22 00:07:27,,175808,"POINT (  577861.489375706,   6136224.96574295)",RBLA REPUBLICA DEL PERU 1003 EN 1017. BIGG FITNESS,1
2026-06-21,CH_109,38,S,75,,S,,62859,Nocturno,2026-06-22 00:07:31,,175809,"POINT (  577828.212539548,   6136182.14088419)",RBLA REPUBLICA DEL PERU 999,1
2026-06-21,CH_109,39,S,50,,S,,62859,Nocturno,2026-06-22 00:09:36,,175810,"POINT (  577731.828358757,   6135963.55331357)",RBLA REPUBLICA DEL PERU 877,1
2026-06-21,CH_109,40,S,50,,S,,62859,Nocturno,2026-06-22 03:15:26,,175811,"POINT (  577724.047951766,   6135859.19022056)",RBLA REPUBLICA DEL PERU 809 EN 811,1
2026-06-21,CH_109,41,S,75,,S,,62859,Nocturno,2026-06-22 00:11:03,,176843,"POINT (  577722.037919527,   6135854.03652189)",RBLA REPUBLICA DEL PERU 809 PROV PELIGRO DERRUMBE DESDE RBLA REPUBLICA DEL PERU 765,1
2026-06-21,CH_109,42,S,100,,S,,62859,Nocturno,2026-06-22 00:15:11,,175813,"POINT (  577749.454517198,   6135605.30459024)",RBLA REPUBLICA DEL PERU 727 EN 727/735,1
2026-06-21,CH_109,43,S,100,,S,,62859,Nocturno,2026-06-22 00:19:22,,175814,"POINT (  577717.119762258,   6135504.77483730)",RBLA MAHATMA GANDHI 669 ESTACIONAMIENTO,1
2026-06-21,CH_109,44,S,75,,S,,62859,Nocturno,2026-06-22 00:19:30,,175816,"POINT (  577615.557172318,   6135344.62675990)",RBLA MAHATMA GANDHI 617 ESTACIONAMIENTO,1
2026-06-21,CH_109,45,S,75,,S,,62859,Nocturno,2026-06-22 00:22:38,,175817,"POINT (  577505.133443504,   6135249.20303108)",RBLA MAHATMA GANDHI 567,1
2026-06-21,CH_109,46,S,75,,S,,62859,Nocturno,2026-06-22 00:22:46,,175818,"POINT (  577502.802935030,   6135247.66348306)",RBLA MAHATMA GANDHI 567,1
2026-06-21,CH_109,47,S,75,,S,,62859,Nocturno,2026-06-22 00:23:53,,175819,"POINT (  577399.716776837,   6135161.32167515)",RBLA MAHATMA GANDHI 519,1
2026-06-21,CH_109,48,S,100,,S,,62859,Nocturno,2026-06-22 00:28:25,,175820,"POINT (  577306.383443504,   6135078.96291809)",RBLA MAHATMA GANDHI 485,1
2026-06-21,CH_109,49,S,100,,S,,62859,Nocturno,2026-06-22 00:28:32,,175821,"POINT (  577218.925816386,   6135003.59568645)",RBLA MAHATMA GANDHI 421,1
2026-06-21,CH_109,50,S,100,,S,,62859,Nocturno,2026-06-22 00:31:01,,175822,"POINT (  577130.840970137,   6134926.34799328)",RBLA MAHATMA GANDHI 371 EN 365. CERCO VEGETAL,1
2026-06-21,CH_109,51,S,100,,S,"Basura Afuera, Requiere Limpieza",62859,Nocturno,2026-06-22 00:34:16,,175823,"POINT (  577087.922991528,   6134887.97421753)",RBLA MAHATMA GANDHI 343 PDO COLUMNA,1
2026-06-21,CH_109,52,S,100,,S,,62859,Nocturno,2026-06-22 00:35:23,,175824,"POINT (  576968.233725991,   6134786.56178815)",RBLA MAHATMA GANDHI 211,1
2026-06-21,CH_109,53,S,100,,S,,62859,Nocturno,2026-06-22 00:37:10,,175825,"POINT (  576905.211127121,   6134730.12111019)",RBLA MAHATMA GANDHI 181 EN 183,1
2026-06-21,CH_109,54,S,50,,N,,62859,Nocturno,2026-06-22 00:41:28,,175826,"POINT (  576863.473838985,   6134693.20020623)",RBLA MAHATMA GANDHI 161 EN 155,1
2026-06-21,CH_109,55,S,50,,S,,62859,Nocturno,2026-06-22 00:41:34,,175827,"POINT (  576811.990293014,   6134635.44101384)",RBLA MAHATMA GANDHI 129 EN 137,1
2026-06-21,CH_121,1,S,100,,S,Basura Afuera,62860,Nocturno,2026-06-21 23:11:08,8,183263,"POINT (  577705.302370535,   6138896.16431855)",JUAN SPIKERMAN 2108,0
2026-06-21,CH_121,2,S,100,,S,,62860,Nocturno,2026-06-21 22:59:23,8,176580,"POINT (  577475.134315033,   6138887.02287843)",BELGRANO 2908 AL LADO DE ARBOL,0
2026-06-21,CH_121,3,S,75,,S,,62860,Nocturno,2026-06-21 22:59:29,8,176581,"POINT (  577554.328214815,   6138921.33660392)",BELGRANO 2942 FTE 2947. ESQ,0
2026-06-21,CH_121,4,S,100,,S,Basura Afuera,62860,Nocturno,2026-06-21 22:59:34,8,176578,"POINT (  577597.574402179,   6138939.47385882)",BELGRANO 2964 EN 2960. ANTES DE EDIFICIO,0
2026-06-21,CH_121,5,S,75,,S,Basura Afuera,62860,Nocturno,2026-06-21 23:11:16,8,180682,"POINT (  577712.952685185,   6138991.92723181)",BELGRANO 3024 FTE 3015,0
2026-06-21,CH_121,6,S,100,,S,,62860,Nocturno,2026-06-21 23:11:25,8,180615,"POINT (  577807.848935722,   6139028.82471536)",BELGRANO 3060,0
2026-06-21,CH_121,7,S,75,,S,Basura Afuera,62860,Nocturno,2026-06-21 23:11:31,8,180653,"POINT (  577809.788825142,   6139029.30310671)",BELGRANO 3060,0
2026-06-21,CH_121,8,S,75,,S,Basura Afuera,62860,Nocturno,2026-06-21 23:11:40,8,183264,"POINT (  577603.767487165,   6138853.13679323)",DR PEDRO ESCUDER NUÑEZ 2110,0
2026-06-21,CH_121,9,S,100,,S,Basura Afuera,62860,Nocturno,2026-06-21 23:11:45,8,176577,"POINT (  577601.495970806,   6138857.99237734)",DR PEDRO ESCUDER NUÑEZ 2110 VEREDA. EN 2112,0
2026-06-21,CH_121,10,S,100,,S,Basura Afuera,62860,Nocturno,2026-06-21 23:30:45,8,183498,"POINT (  577520.687625529,   6139040.11371947)",DR PEDRO ESCUDER NUÑEZ 2202,0
2026-06-21,CH_121,11,S,100,,S,Basura Afuera,62860,Nocturno,2026-06-21 23:30:39,8,183499,"POINT (  577476.431988293,   6139145.82645670)",DR PEDRO ESCUDER NUÑEZ 2292,0
2026-06-21,CH_121,12,S,75,,S,,62860,Nocturno,2026-06-21 23:30:50,8,176583,"POINT (  577487.007953377,   6139169.70261699)",REPUBLICA DOMINICANA 2960,0
2026-06-21,CH_121,13,S,75,,S,Basura Afuera,62860,Nocturno,2026-06-21 23:30:55,8,176584,"POINT (  577520.014489325,   6139188.33006798)",REPUBLICA DOMINICANA 2976 FTE 2975,0
2026-06-21,CH_121,14,S,100,,S,,62860,Nocturno,2026-06-21 23:31:01,8,176586,"POINT (  577660.428432680,   6139267.41503529)",REPUBLICA DOMINICANA 3040 ANTES DE ESQ,0
2026-06-21,CH_121,15,S,75,,S,,62860,Nocturno,2026-06-21 23:29:11,8,180865,"POINT (  577751.315892575,   6139126.45376311)",GREGORIO FUNES 3047 EN 3047 BIS,0
2026-06-21,CH_121,16,N,,Auto,S,,62860,Nocturno,2026-06-21 23:29:18,,176587,"POINT (  577749.317321569,   6139125.80283486)",GREGORIO FUNES 3047 EDIFICIO/CASA,0
2026-06-21,CH_121,17,S,75,,S,Basura Afuera,62860,Nocturno,2026-06-21 23:30:22,8,176588,"POINT (  577680.907735512,   6139098.35185447)",GREGORIO FUNES 3019 EN 3021. EDIFICIO,0
2026-06-21,CH_121,18,S,100,,S,,62860,Nocturno,2026-06-21 23:36:47,8,176589,"POINT (  577584.829304140,   6139059.35403312)",GREGORIO FUNES 2981,0
2026-06-21,CH_121,19,S,100,,S,,62860,Nocturno,2026-06-21 23:37:03,8,176590,"POINT (  577537.988345534,   6139039.09259521)",GREGORIO FUNES 2957,0
2026-06-21,CH_121,20,S,75,,S,Basura Afuera,62860,Nocturno,2026-06-21 23:36:57,8,176591,"POINT (  577451.278105883,   6139216.43464314)",DR PEDRO ESCUDER NUÑEZ 2318 VEREDA,0
2026-06-21,CH_121,21,S,100,,S,,62860,Nocturno,2026-06-21 23:37:08,8,176592,"POINT (  577433.195317212,   6139258.04684357)",DR PEDRO ESCUDER NUÑEZ 2340 VEREDA,0
2026-06-21,CH_121,22,N,,Contenedor No Está,S,,62860,Nocturno,2026-06-21 23:39:05,,183887,"POINT (  577446.626477995,   6139374.94849630)",AV CENTENARIO 2988 PROV O: AV CENTENARIO 3105 EN 4109,0
2026-06-21,CH_121,23,S,100,,S,,62860,Nocturno,2026-06-21 23:39:09,8,183819,"POINT (  577495.224595238,   6139385.50812381)",JUAN SPIKERMAN 2443,0
2026-06-21,CH_121,24,S,100,,S,,62860,Nocturno,2026-06-21 23:42:35,8,176594,"POINT (  577528.620153813,   6139306.84858649)",JUAN SPIKERMAN 2391 EN 2397. MURO CIEGO,0
2026-06-21,CH_121,25,S,100,,S,,62860,Nocturno,2026-06-21 23:42:52,8,176595,"POINT (  577573.718193029,   6139197.15359738)",JUAN SPIKERMAN 2289 MURO,0
2026-06-21,CH_121,26,S,100,,S,,62860,Nocturno,2026-06-21 23:52:11,8,176596,"POINT (  577352.803160349,   6139314.80065621)",FEDERICO SUSVIELA GUARCH 2987 VEREDA,0
2026-06-21,CH_121,27,S,75,,S,,62860,Nocturno,2026-06-21 23:52:22,8,176597,"POINT (  577263.587474074,   6139253.68954509)",FEDERICO SUSVIELA GUARCH 2961 EN 2961BIS/2963. VEREDA,0
2026-06-21,CH_121,28,S,75,,S,,62860,Nocturno,2026-06-21 23:52:45,8,176598,"POINT (  577174.371787800,   6139280.70479564)",JAIME CIBILS 2807 FTE 2810. MURO,0
2026-06-21,CH_121,29,S,75,,S,,62860,Nocturno,2026-06-21 23:52:59,8,180815,"POINT (  577171.032275427,   6139281.96979272)",JAIME CIBILS 2807,0
2026-06-21,CH_121,30,N,,Contenedor No Está,S,,62860,Nocturno,2026-06-21 23:58:31,,176599,"POINT (  577102.258498040,   6139358.26470849)",JAIME CIBILS 2747 EN 2751. EDIFICIO,0
2026-06-21,CH_121,31,S,75,,S,Basura Afuera,62860,Nocturno,2026-06-21 23:58:36,8,176600,"POINT (  577037.770480611,   6139432.77451241)",JAIME CIBILS 2723,0
2026-06-21,CH_121,32,S,75,,S,,62860,Nocturno,2026-06-22 00:00:29,8,180816,"POINT (  577036.902582594,   6139433.33498043)",JAIME CIBILS 2723,0
2026-06-21,CH_121,33,S,100,,S,,62860,Nocturno,2026-06-22 00:00:45,8,183115,"POINT (  576967.804018770,   6139506.91505059)",JAIME CIBILS 2671,0
2026-06-21,CH_121,34,S,75,,S,Basura Afuera,62860,Nocturno,2026-06-22 00:20:09,8,176601,"POINT (  576843.652833552,   6139649.11438169)",JAIME CIBILS 2583,0
2026-06-21,CH_121,35,S,75,,S,,62860,Nocturno,2026-06-22 00:20:14,8,183497,"POINT (  576840.583927080,   6139653.18825825)",JAIME CIBILS 2571,0
2026-06-21,CH_121,36,S,100,,S,,62860,Nocturno,2026-06-22 00:20:25,8,176603,"POINT (  576892.563508933,   6139688.98366274)",PEDRO OLMIDA 2590 FTE 2597. MURO ESQ,0
2026-06-21,CH_121,37,S,100,,S,Basura Afuera,62860,Nocturno,2026-06-22 00:20:31,8,183112,"POINT (  576894.718702737,   6139688.21364583)",PEDRO OLMIDA 2590,0
2026-06-21,CH_121,38,S,100,,S,,62860,Nocturno,2026-06-22 00:20:39,8,176604,"POINT (  576978.184423966,   6139630.37799825)",PEDRO OLMIDA 2642 EN 2648,0
2026-06-21,CH_121,39,S,75,,S,Basura Afuera,62860,Nocturno,2026-06-22 00:20:46,8,176605,"POINT (  577042.672441395,   6139582.88344488)",PEDRO OLMIDA 2676 EN 2678/2682,0
2026-06-21,CH_121,40,S,100,,S,Basura Afuera,62860,Nocturno,2026-06-22 00:20:50,8,176606,"POINT (  577109.556972986,   6139537.13181089)",PEDRO OLMIDA 2730 FTE 2717. MURO CIEGO,0
2026-06-21,CH_121,41,S,100,,S,Basura Afuera,62860,Nocturno,2026-06-22 00:20:57,8,176607,"POINT (  577115.112528541,   6139532.99237733)",PEDRO OLMIDA 2730 FTE 2717. MURO CIEGO,0
2026-06-21,CH_121,42,S,100,,S,Basura Afuera,62860,Nocturno,2026-06-22 00:24:33,8,183272,"POINT (  577135.276139351,   6139521.84084584)",PEDRO OLMIDA 2736,0
2026-06-21,CH_121,43,S,100,,S,Basura Afuera,62860,Nocturno,2026-06-22 00:24:38,8,183113,"POINT (  577138.238057546,   6139520.28936488)",PEDRO OLMIDA 2742 FTE 2747,0
2026-06-21,CH_121,44,S,75,,S,Basura Afuera,62860,Nocturno,2026-06-22 00:24:43,8,184058,"POINT (  577415.174127772,   6139478.81379428)",AV CENTENARIO 3047 Av Centenario 3109,0
2026-06-21,CH_121,45,S,75,,S,Basura Afuera,62860,Nocturno,2026-06-22 00:24:48,8,184059,"POINT (  577414.007266628,   6139472.74611634)",AV CENTENARIO 3043 Av Centenario 3109,0
2026-06-21,CH_121,46,S,100,,S,Basura Afuera,62860,Nocturno,2026-06-22 00:32:18,8,176608,"POINT (  577281.125600437,   6139629.17974117)",MARIANO MORENO 2745 SUBESTACION UTE,0
2026-06-21,CH_121,47,S,100,,S,Basura Afuera,62860,Nocturno,2026-06-22 00:32:25,8,183111,"POINT (  577278.283450250,   6139630.10000371)",MARIANO MORENO 2745,0
2026-06-21,CH_121,48,S,100,,S,Basura Afuera,62860,Nocturno,2026-06-22 00:36:04,8,180935,"POINT (  577204.301729851,   6139682.37204478)",MARIANO MORENO 2715 FTE 2708,0
2026-06-21,CH_121,49,S,100,,S,Basura Afuera,62860,Nocturno,2026-06-22 00:36:09,8,176609,"POINT (  577202.912092811,   6139683.21024226)",MARIANO MORENO 2715 FTE 2708,0
2026-06-21,CH_121,50,S,100,,S,Basura Afuera,62860,Nocturno,2026-06-22 00:41:09,8,184145,"POINT (  576982.339838028,   6139818.41178826)",MARIANO MORENO 2602 Mariano Moreno 2693,0
2026-06-21,CH_121,51,S,100,,S,Basura Afuera,62860,Nocturno,2026-06-22 00:41:18,8,184144,"POINT (  576979.405565728,   6139820.75920610)",MARIANO MORENO 2602 Mariano Moreno 2693,0
2026-06-21,CH_121,52,S,100,,S,,62860,Nocturno,2026-06-22 00:49:56,8,176612,"POINT (  577098.336929413,   6139881.24945794)",JUAN CABAL 2562 ANTES DE ARBOL,0
2026-06-21,CH_121,53,S,75,,S,Basura Afuera,62860,Nocturno,2026-06-22 00:50:01,8,176613,"POINT (  577170.232354249,   6139866.65250805)",JUAN RAMON GOMEZ 3105 FTE 3105. MURO,0
2026-06-21,CH_121,54,S,100,,S,Basura Afuera,62860,Nocturno,2026-06-22 00:50:13,8,176614,"POINT (  577222.846733334,   6139939.85512243)",JUAN RAMON GOMEZ 3141 EN 3144. CASA LADRILLOS. PDO ARBOL,0
2026-06-21,CH_121,55,S,100,,S,Basura Afuera,62860,Nocturno,2026-06-22 00:55:11,8,176615,"POINT (  577279.709478432,   6139856.52178910)",GRAL URQUIZA 3194 FTE 3194. MURO,0
2026-06-21,CH_121,56,S,100,,S,Basura Afuera,62860,Nocturno,2026-06-22 00:55:18,8,176616,"POINT (  577216.746515469,   6139769.37581960)",GRAL URQUIZA 3141,0
2026-06-21,CH_121,57,S,100,,S,,62860,Nocturno,2026-06-22 00:55:22,8,176617,"POINT (  577138.750872768,   6139656.84858648)",GRAL URQUIZA 3087 VEREDA,0
2026-06-21,CH_120,1,S,75,,S,,62860,Nocturno,2026-06-22 01:02:21,8,180291,"POINT (  576430.084450763,   6139267.83942462)",MONTE CASEROS 2708,1
2026-06-21,CH_120,2,S,100,,S,,62860,Nocturno,2026-06-22 01:02:28,8,179606,"POINT (  576432.535431155,   6139270.67166863)",MONTE CASEROS 2708,1
2026-06-21,CH_120,3,S,100,,S,,62860,Nocturno,2026-06-22 01:09:45,8,179605,"POINT (  576434.441749238,   6139273.66731133)",MONTE CASEROS 2708,1
2026-06-21,CH_120,4,S,100,,S,,62860,Nocturno,2026-06-22 01:09:54,8,183831,"POINT (  576556.360086928,   6139267.03762985)",ESTERO BELLACO 2584,1
2026-06-21,CH_120,5,S,100,,S,,62860,Nocturno,2026-06-22 01:09:59,8,176526,"POINT (  576557.705930562,   6139265.85664519)",ESTERO BELLACO 2584 MMURO CIEGO,1
2026-06-21,CH_120,6,S,100,,S,,62860,Nocturno,2026-06-22 01:10:07,8,176527,"POINT (  576603.658887070,   6139225.11484870)",ESTERO BELLACO 2604 CASA NARANJA,1
2026-06-21,CH_120,7,S,100,,S,Basura Afuera,62860,Nocturno,2026-06-22 01:10:20,8,180267,"POINT (  576607.261385269,   6139223.61794786)",ESTERO BELLACO 2608,1
2026-06-21,CH_120,8,S,75,,S,,62860,Nocturno,2026-06-22 02:06:51,30,176528,"POINT (  576709.487231593,   6139132.71564539)",ESTERO BELLACO 2674 EN 2666. CHAPA AZUL. ANTES DE MURO,1
2026-06-21,CH_120,9,S,100,,S,,62860,Nocturno,2026-06-22 02:06:59,30,183129,"POINT (  576803.495239249,   6139056.44779374)",ESTERO BELLACO 2724 EN 2734,1
2026-06-21,CH_120,10,S,100,,S,,62860,Nocturno,2026-06-22 02:17:33,30,176529,"POINT (  576811.730096226,   6139051.33515280)",ESTERO BELLACO 2744 EN 2734/2744,1
2026-06-21,CH_120,11,S,100,,S,,62860,Nocturno,2026-06-22 02:17:48,30,176530,"POINT (  576818.342888353,   6139046.43522572)",ESTERO BELLACO 2744,1
2026-06-21,CH_120,12,S,100,,S,,62860,Nocturno,2026-06-22 02:17:54,30,176531,"POINT (  576868.282641926,   6139011.85182059)",ESTERO BELLACO 2775 FTE 2773. EST 45,1
2026-06-21,CH_120,13,S,100,,S,Basura Afuera,62860,Nocturno,2026-06-22 02:18:01,30,183128,"POINT (  576904.234715927,   6138988.87100193)",ESTERO BELLACO 2782,1
2026-06-21,CH_120,14,S,100,,S,,62860,Nocturno,2026-06-22 02:20:46,30,176533,"POINT (  576990.863867685,   6138940.23810114)",ESTERO BELLACO 2842 FTE 2841. ESQ,1
2026-06-21,CH_120,15,S,100,,S,,62860,Nocturno,2026-06-22 02:20:56,30,180817,"POINT (  577078.807706143,   6138895.51748464)",ESTERO BELLACO 2878,1
2026-06-21,CH_120,16,S,75,,S,,62860,Nocturno,2026-06-22 02:25:25,30,176534,"POINT (  577080.699520894,   6138894.78115434)",ESTERO BELLACO 2878 FTE 2889 BIS. ARBOL/ARBOL,1
2026-06-21,CH_120,17,S,100,,S,,62860,Nocturno,2026-06-22 02:25:30,30,180266,"POINT (  577082.595861327,   6138893.87169223)",ESTERO BELLACO 2878,1
2026-06-21,CH_120,18,S,100,,S,,62860,Nocturno,2026-06-22 02:25:36,30,176535,"POINT (  577184.861142841,   6138843.35789902)",ESTERO BELLACO 2956 MURO,1
2026-06-21,CH_120,19,S,100,,S,,62860,Nocturno,2026-06-22 02:31:16,30,176536,"POINT (  577248.806701284,   6139031.07882186)",JOAQUIN SECCO ILLA Esq. TUYUTI FTE 2948. MURO,1
2026-06-21,CH_120,20,N,,Contenedor No Está,N,,62860,Nocturno,2026-06-22 02:31:23,,176537,"POINT (  577242.883094480,   6139034.71055699)",JOAQUIN SECCO ILLA 2955 FTE 2948. MURO,1
2026-06-21,CH_120,21,S,75,,S,,62860,Nocturno,2026-06-22 02:31:30,30,182247,"POINT (  577095.094305665,   6139083.15049499)",JOAQUIN SECCO ILLA Esq. HUMAITA EN 2835,1
2026-06-21,CH_120,22,S,75,,S,,62860,Nocturno,2026-06-22 02:31:36,30,182260,"POINT (  577026.939902958,   6139080.29609545)",JOAQUIN SECCO ILLA 2805,1
2026-06-21,CH_120,23,S,100,,S,,62860,Nocturno,2026-06-22 02:31:46,30,176540,"POINT (  576966.166033803,   6139107.27474033)",JOAQUIN SECCO ILLA 2775 ARBOL/ARBOL,1
2026-06-21,CH_120,24,S,75,,S,,62860,Nocturno,2026-06-22 02:36:49,30,176541,"POINT (  576892.967178302,   6139165.87613620)",CDTE BRAGA 2715 FTE 2748,1
2026-06-21,CH_120,25,S,100,,S,,62860,Nocturno,2026-06-22 02:37:04,30,180347,"POINT (  576855.554023965,   6139199.58286885)",CDTE BRAGA 2711,1
2026-06-21,CH_120,26,S,75,,S,,62860,Nocturno,2026-06-22 02:37:10,30,176542,"POINT (  576852.066083706,   6139202.40504482)",CDTE BRAGA 2711 FTE 2704,1
2026-06-21,CH_120,27,S,75,,S,,62860,Nocturno,2026-06-22 02:41:06,30,176543,"POINT (  576785.848621939,   6139258.29145425)",CDTE BRAGA 2663 MURO,1
2026-06-21,CH_120,28,S,100,,S,Basura Afuera,62860,Nocturno,2026-06-22 02:41:12,30,176544,"POINT (  576778.726189949,   6139265.59018406)",CDTE BRAGA 2663 MURO,1
2026-06-21,CH_120,29,S,75,,S,,62860,Nocturno,2026-06-22 02:43:55,30,177150,"POINT (  576653.379337691,   6139379.99461438)",CDTE BRAGA 2589,1
2026-06-21,CH_120,30,S,100,,S,,62860,Nocturno,2026-06-22 02:44:00,30,176545,"POINT (  576611.736893393,   6139414.80866020)",CDTE BRAGA 2565 EN 2569 BIS,1
2026-06-21,CH_120,31,S,100,,S,,62860,Nocturno,2026-06-22 02:47:06,30,182080,"POINT (  576715.606605287,   6139444.31459471)",CNEL LUCAS PIRIZ 2596,1
2026-06-21,CH_120,32,S,100,,S,,62860,Nocturno,2026-06-22 02:56:58,30,181728,"POINT (  576719.217450853,   6139441.75328328)",CNEL LUCAS PIRIZ 2596 EN 2598. ESQ.,1
2026-06-21,CH_120,33,S,75,,S,,62860,Nocturno,2026-06-22 02:57:05,30,181730,"POINT (  576790.093446303,   6139507.39605916)",CARLOS ANAYA 2898,1
2026-06-21,CH_120,34,S,75,,S,,62860,Nocturno,2026-06-22 02:57:10,30,181729,"POINT (  576792.141227873,   6139510.80902844)",CARLOS ANAYA 2898,1
2026-06-21,CH_120,35,S,100,,S,,62860,Nocturno,2026-06-22 02:57:18,30,181731,"POINT (  576843.563298407,   6139584.07410239)",CARLOS ANAYA 2930 FTE 2935. ARBOL/ARBOL,1
2026-06-21,CH_120,36,S,75,,S,,62860,Nocturno,2026-06-22 02:57:24,30,176550,"POINT (  576895.576386060,   6139571.14956833)",JAIME CIBILS 2629 FTE 2629. MURO,1
2026-06-21,CH_120,37,S,75,,S,,62860,Nocturno,2026-06-22 02:57:29,30,177280,"POINT (  576977.273963616,   6139479.71813355)",JAIME CIBILS 2680 ANTES DE 2680. REJA,1
2026-06-21,CH_120,38,S,75,,S,,62860,Nocturno,2026-06-22 00:58:16,8,176552,"POINT (  576968.739981996,   6139411.03588682)",GRAL URQUIZA 2982 VEREDA. FTE 2982. MURO DE NACIONAL,1
2026-06-21,CH_120,39,S,75,,S,,62860,Nocturno,2026-06-22 03:00:32,30,176554,"POINT (  576960.022054720,   6139020.60673124)",CORNELIO CANTERA 2770,1
2026-06-21,CH_120,40,S,100,,S,,62860,Nocturno,2026-06-22 03:01:58,30,176555,"POINT (  577038.080135712,   6139127.68194780)",CORNELIO CANTERA 2814 REJAS,1
2026-06-21,CH_120,41,S,75,,S,,62860,Nocturno,2026-06-22 03:05:03,30,176556,"POINT (  577134.644509956,   6139264.75124762)",CORNELIO CANTERA 2884 EN 2888. MURO,1
2026-06-21,CH_120,42,S,75,,S,,62860,Nocturno,2026-06-22 03:05:08,30,176557,"POINT (  577137.408003904,   6139268.93596703)",CORNELIO CANTERA 2884 EN 2888. MURO,1
2026-06-21,CH_120,43,S,100,,S,Basura Afuera,62860,Nocturno,2026-06-22 03:25:43,30,176558,"POINT (  577297.493260469,   6139115.16726806)",JAIME CIBILS 2878 LICEO. ARBOL/ARBOL,1
2026-06-21,CH_120,44,S,75,,S,Basura Afuera,62860,Nocturno,2026-06-22 03:25:48,30,176559,"POINT (  577300.098840477,   6139112.08794624)",JAIME CIBILS 2884 LICEO. ARBOL/ARBOL,1
2026-06-21,CH_120,45,S,100,,S,Basura Afuera,62860,Nocturno,2026-06-22 03:25:56,30,176560,"POINT (  577388.267093004,   6138961.56459080)",DR JOSE BRITO FORESTI Esq. GREGORIO FUNES EN 2952. ACDE,1
2026-06-21,CH_120,46,S,100,,S,Basura Afuera,62860,Nocturno,2026-06-22 03:26:01,30,180265,"POINT (  577390.296135286,   6138957.74895010)",DR JOSE BRITO FORESTI 2956,1
2026-06-21,CH_120,47,S,100,,S,Basura Afuera,62860,Nocturno,2026-06-22 03:26:08,30,176561,"POINT (  577424.937039883,   6138896.12283945)",DR JOSE BRITO FORESTI 2998 PDO 2996. MURO VEGETAL,1
2026-06-21,CH_120,48,S,100,,S,Basura Afuera,62860,Nocturno,2026-06-22 03:26:15,30,176562,"POINT (  577445.774450027,   6138853.34595573)",DR JOSE BRITO FORESTI 3010 EN 3020. REJAS CON VEGETACION,1
2026-06-21,CH_120,49,S,75,,S,Basura Afuera,62860,Nocturno,2026-06-22 03:30:49,30,183265,"POINT (  577451.651831312,   6138843.40477631)",DR JOSE BRITO FORESTI 3026,1
2026-06-21,CH_120,50,N,,Contenedor No Está,S,,62860,Nocturno,2026-06-22 03:26:31,,184179,"POINT (  577147.235914145,   6138742.99484892)",AV CENTENARIO 2757,1
2026-06-21,CH_120,51,S,100,,S,,62860,Nocturno,2026-06-22 03:27:48,30,183267,"POINT (  577251.998461918,   6138819.46656150)",BELGRANO 2850,1
2026-06-21,CH_120,52,S,100,,S,,62860,Nocturno,2026-06-22 03:27:54,30,176563,"POINT (  577258.018262456,   6138821.16100573)",BELGRANO 2854 PDO 2852. MURO CHAPA,1
2026-06-21,CH_120,53,S,75,,S,,62860,Nocturno,2026-06-22 03:30:56,30,176564,"POINT (  577418.660837436,   6138871.08854879)",BELGRANO 2898 FTE 2897,1
2026-06-21,CH_120,54,S,75,,S,,62860,Nocturno,2026-06-22 03:31:16,30,183266,"POINT (  577420.212806488,   6138871.40318378)",BELGRANO 2898,1
2026-06-21,CH_119,1,S,100,,S,,62861,Nocturno,2026-06-22 02:56:06,,180448,"POINT (  576458.428927202,   6138565.32773144)",PTE LORENZO BATLLE 2587,0
2026-06-21,CH_119,2,S,75,,S,,62861,Nocturno,2026-06-22 03:06:01,,183708,"POINT (  576457.416788453,   6138566.04366754)",PTE LORENZO BATLLE 2587,0
2026-06-21,CH_119,3,S,75,,S,,62861,Nocturno,2026-06-22 03:07:39,,180449,"POINT (  576421.753777342,   6138590.84344249)",PTE LORENZO BATLLE 2559,0
2026-06-21,CH_119,4,S,50,,S,,62861,Nocturno,2026-06-22 02:59:01,,176910,"POINT (  576383.830122635,   6138616.84716176)",PTE LORENZO BATLLE 2541 CASA TAPEADA,0
2026-06-21,CH_119,5,S,50,,S,,62861,Nocturno,2026-06-22 03:08:24,,176911,"POINT (  576382.541665011,   6138617.81350498)",PTE LORENZO BATLLE 2541 CASA TAPEADA,0
2026-06-21,CH_119,6,S,75,,S,,62861,Nocturno,2026-06-22 03:07:01,,176912,"POINT (  576326.010586795,   6138656.95040528)",PTE LORENZO BATLLE Esq. JUAN RAMON GOMEZ,0
2026-06-21,CH_119,7,S,100,,S,,62861,Nocturno,2026-06-22 03:00:20,,176913,"POINT (  576348.236480795,   6138689.32290306)",JUAN RAMON GOMEZ 2524 VEREDA,0
2026-06-21,CH_119,8,S,100,,S,Requiere Limpieza,62861,Nocturno,2026-06-22 02:58:33,,181432,"POINT (  576369.766987800,   6138725.68781939)",JUAN RAMON GOMEZ 2548,0
2026-06-21,CH_119,9,S,75,,S,,62861,Nocturno,2026-06-22 02:57:16,,180793,"POINT (  576421.957419453,   6138696.40847732)",PTE BERRO 2534 VEREDA,0
2026-06-21,CH_119,10,S,75,,S,,62861,Nocturno,2026-06-22 02:58:39,,176915,"POINT (  576423.171011686,   6138695.68032198)",PTE BERRO 2534 VEREDA,0
2026-06-21,CH_119,11,S,75,,S,,62861,Nocturno,2026-06-22 02:57:35,,180628,"POINT (  576524.519875130,   6138626.53942021)",PTE BERRO 2592 VEREDA. EN 2600 (FARMACIA),0
2026-06-21,CH_119,12,S,50,,S,,62861,Nocturno,2026-06-22 02:57:43,,180629,"POINT (  576525.361844042,   6138626.05366892)",PTE BERRO 2592 VEREDA. EN 2600 (FARMACIA),0
2026-06-21,CH_119,13,S,75,,S,,62861,Nocturno,2026-06-22 02:57:51,,180630,"POINT (  576526.236196373,   6138625.50315078)",PTE BERRO 2592 VEREDA. EN 2600 (FARMACIA),0
2026-06-21,CH_119,14,S,100,,S,,62861,Nocturno,2026-06-22 02:58:12,,181875,"POINT (  576607.026151081,   6138570.46536564)",PTE BERRO 2620 VEREDA,0
2026-06-21,CH_119,15,S,100,,S,Requiere Limpieza,62861,Nocturno,2026-06-22 02:58:19,,181874,"POINT (  576608.334455973,   6138569.66900615)",PTE BERRO 2620 VEREDA,0
2026-06-21,CH_119,16,S,75,,S,,62861,Nocturno,2026-06-22 02:58:27,,181876,"POINT (  576609.130815472,   6138568.87264664)",PTE BERRO 2620 VEREDA,0
2026-06-21,CH_119,17,S,100,,S,,62861,Nocturno,2026-06-22 02:58:55,,183651,"POINT (  576655.278521340,   6138596.67590114)",GERARDO GRASSO 2566 CASA CON RETIRO,0
2026-06-21,CH_119,18,S,100,,S,,62861,Nocturno,2026-06-22 02:59:09,,183652,"POINT (  576655.959565608,   6138597.24343803)",GERARDO GRASSO 2566 CASA CON RETIRO,0
2026-06-21,CH_119,19,S,75,,S,,62861,Nocturno,2026-06-22 02:59:15,,183650,"POINT (  576745.176364699,   6138681.57941986)",GERARDO GRASSO 2622,0
2026-06-21,CH_119,20,S,75,,S,,62861,Nocturno,2026-06-22 02:59:31,,183653,"POINT (  576746.708714302,   6138683.05501578)",GERARDO GRASSO 2622,0
2026-06-21,CH_119,21,S,100,,S,,62861,Nocturno,2026-06-22 02:59:57,,176924,"POINT (  576984.211288889,   6138669.86888936)",LUIS SAMBUCETTI 2652 2652 EDIFICIO,0
2026-06-21,CH_119,22,S,75,,S,,62861,Nocturno,2026-06-22 03:00:03,,176925,"POINT (  576983.265662412,   6138671.52373570)",LUIS SAMBUCETTI 2652 2652 EDIFICIO,0
2026-06-21,CH_119,23,S,100,,S,,62861,Nocturno,2026-06-22 03:00:08,,183791,"POINT (  576935.636152632,   6138780.21739925)",LUIS SAMBUCETTI 2691,0
2026-06-21,CH_119,24,S,100,,S,,62861,Nocturno,2026-06-22 03:00:14,,176926,"POINT (  576933.029255792,   6138784.40789645)",LUIS SAMBUCETTI 2695 FTE 2695,0
2026-06-21,CH_119,25,S,75,,S,,62861,Nocturno,2026-06-22 03:00:30,,176927,"POINT (  576932.438239244,   6138785.82633617)",LUIS SAMBUCETTI 2695 FTE 2695,0
2026-06-21,CH_119,26,S,100,,S,Requiere Limpieza,62861,Nocturno,2026-06-22 03:00:38,,181387,"POINT (  576806.457676223,   6138862.76821252)",AV GRAL GARIBALDI 2789,0
2026-06-21,CH_119,27,S,75,,S,,62861,Nocturno,2026-06-22 03:00:48,,179177,"POINT (  576804.116035293,   6138863.58471177)",AV GRAL GARIBALDI 2789 PDO 2789. MURO OBRA,0
2026-06-21,CH_119,28,S,75,,S,,62861,Nocturno,2026-06-22 03:00:53,,181386,"POINT (  576409.420557793,   6139136.23584938)",TTE JUAN S WALCALDE 2653,0
2026-06-21,CH_119,29,S,75,,S,,62861,Nocturno,2026-06-22 03:01:13,,181877,"POINT (  576408.671525142,   6139134.53579636)",TTE JUAN S WALCALDE 2653,0
2026-06-21,CH_119,30,S,100,,S,,62861,Nocturno,2026-06-22 03:01:19,,180414,"POINT (  576370.445505006,   6139061.45433515)",TTE JUAN S WALCALDE 2601,0
2026-06-21,CH_119,31,S,75,,S,,62861,Nocturno,2026-06-22 03:01:24,,181295,"POINT (  576369.689116724,   6139059.52189420)",TTE JUAN S WALCALDE 2601,0
2026-06-21,CH_119,32,S,50,,S,,62861,Nocturno,2026-06-22 03:01:31,,176928,"POINT (  576388.584811348,   6139012.71758913)",RAMON Y CAJAL 2589 FTE 2585 Y 2589,0
2026-06-21,CH_119,33,S,25,,S,,62861,Nocturno,2026-06-22 03:01:36,,176929,"POINT (  576389.648641135,   6139011.53555603)",RAMON Y CAJAL 2589 FTE A 2585 Y 2589,0
2026-06-21,CH_119,34,S,100,,S,,62861,Nocturno,2026-06-22 03:01:43,,176930,"POINT (  576470.026891726,   6138951.60647801)",RAMON Y CAJAL 2474 REJA VERDE,0
2026-06-21,CH_119,35,S,75,,S,,62861,Nocturno,2026-06-22 03:01:48,,176931,"POINT (  576549.511900000,   6138983.76352353)",JUAN RAMON GOMEZ 2674 FTE A 2673,0
2026-06-21,CH_119,36,S,100,,S,,62861,Nocturno,2026-06-22 03:01:54,,176932,"POINT (  576584.511900000,   6139036.23411177)",JUAN RAMON GOMEZ 2699,0
2026-06-21,CH_119,37,S,100,,S,,62861,Nocturno,2026-06-22 03:02:10,,176933,"POINT (  576644.494976833,   6138959.88070969)",GRAL URQUIZA 2743 VEREDA. ANTES 2747. MURO,0
2026-06-21,CH_119,38,S,75,,S,,62861,Nocturno,2026-06-22 03:02:17,,176934,"POINT (  576564.707742790,   6138849.00600520)",GRAL URQUIZA 2689 VEREDA,0
2026-06-21,CH_119,39,S,50,,S,,62861,Nocturno,2026-06-22 03:02:28,,176935,"POINT (  576504.542258157,   6138784.23059149)",PTE GIRO 2541 FTE A 2544 MURO VEGETAL,0
2026-06-21,CH_119,40,S,75,,S,,62861,Nocturno,2026-06-22 03:02:33,,176936,"POINT (  576475.582447282,   6138804.08874752)",PTE GIRO 2527 MURO,0
2026-06-21,CH_119,41,S,100,,S,,62861,Nocturno,2026-06-22 03:02:51,,176937,"POINT (  576395.617908275,   6138858.93508322)",PTE GIRO 2475 2477 ANTES DE VENTANA,0
2026-06-21,CH_119,42,S,50,,S,,62861,Nocturno,2026-06-22 03:02:57,,176938,"POINT (  576402.072644226,   6138950.66139739)",CARLOS ANAYA 2636 MURO LADRILLO CON REJAS,0
2026-06-21,CH_119,43,S,75,,S,,62861,Nocturno,2026-06-22 03:03:02,,176939,"POINT (  576468.154613907,   6139072.04102451)",CARLOS ANAYA 2673,0
2026-06-21,CH_119,44,S,75,,S,,62861,Nocturno,2026-06-22 03:03:07,,176940,"POINT (  576466.697660265,   6139069.98804437)",CARLOS ANAYA 2673,0
2026-06-21,CH_110,1,S,100,,S,Requiere Limpieza,62861,Nocturno,2026-06-22 03:03:14,,176997,"POINT (  576524.482049460,   6137485.88296258)",PEDRO CAMPBELL 1415 CASA ABANDONADA,1
2026-06-21,CH_110,2,S,100,,S,,62861,Nocturno,2026-06-22 03:05:29,,180261,"POINT (  576524.010912486,   6137484.03087624)",PEDRO CAMPBELL 1415,1
2026-06-21,CH_110,3,S,100,,S,,62861,Nocturno,2026-06-22 03:05:37,,176998,"POINT (  576443.589919969,   6137505.53869876)",20 DE SETIEMBRE 1420 REJAS GRISES,1
2026-06-21,CH_110,4,S,75,,S,,62861,Nocturno,2026-06-22 03:05:43,,180800,"POINT (  576486.352107395,   6137618.39080615)",20 DE SETIEMBRE 1498,1
2026-06-21,CH_110,5,S,100,,S,,62861,Nocturno,2026-06-22 03:05:51,,176999,"POINT (  576486.594893703,   6137619.54613499)",20 DE SETIEMBRE 1498,1
2026-06-21,CH_110,6,S,75,,S,,62861,Nocturno,2026-06-22 03:06:15,,181925,"POINT (  576593.113626580,   6137589.96664336)",PALMAR 2460,1
2026-06-21,CH_110,7,S,100,,S,,62861,Nocturno,2026-06-22 03:06:24,,181924,"POINT (  576594.638681046,   6137589.31304859)",PALMAR 2460,1
2026-06-21,CH_110,8,S,75,,S,,62861,Nocturno,2026-06-22 03:06:33,,177000,"POINT (  576674.905690663,   6137560.06028540)",PALMAR 2498 EST 45,1
2026-06-21,CH_110,9,S,100,,S,,62861,Nocturno,2026-06-22 03:06:51,,177001,"POINT (  576681.495824714,   6137558.22117822)",PALMAR 2498 EST 45,1
2026-06-21,CH_110,10,S,75,,S,,62861,Nocturno,2026-06-22 03:07:15,,177002,"POINT (  576764.389437197,   6137694.84596739)",DR ENRIQUE POUEY 2547 EN 2549,1
2026-06-21,CH_110,11,S,100,,S,,62861,Nocturno,2026-06-22 03:07:33,,177003,"POINT (  576759.731937914,   6137696.96301252)",DR ENRIQUE POUEY 2547 EN 2549,1
2026-06-21,CH_110,12,S,100,,S,,62861,Nocturno,2026-06-22 03:07:52,,177004,"POINT (  576652.146739344,   6137755.61868191)",DR ENRIQUE POUEY 2503 ANTES DE CORDON ROJO,1
2026-06-21,CH_110,13,S,75,,S,,62861,Nocturno,2026-06-22 03:07:58,,177005,"POINT (  576544.482340011,   6137763.89466420)",DR GASTON RAMON 2383 FTE 2358. MURO HOSPITAL,1
2026-06-21,CH_110,14,S,75,,S,,62861,Nocturno,2026-06-22 03:08:05,,177008,"POINT (  576567.471179726,   6138040.98681224)",LORD PONSOMBY 2490 EDIFICIO,1
2026-06-21,CH_110,15,S,50,,S,,62861,Nocturno,2026-06-22 03:08:14,,177009,"POINT (  576639.196359638,   6138010.79480274)",DR PRUDENCIO DE PENA 2506 ARBOL/ARBOL,1
2026-06-21,CH_110,16,S,75,,S,,62861,Nocturno,2026-06-22 03:08:47,,177010,"POINT (  576734.349067551,   6137953.05325636)",DR PRUDENCIO DE PENA 2546 PDO 2546. CERCO VEGETAL,1
2026-06-21,CH_110,17,S,50,,S,,62861,Nocturno,2026-06-22 03:08:56,,177011,"POINT (  576829.178033393,   6137895.39821893)",DR PRUDENCIO DE PENA 2576 PROVISORIO POR OBRA,1
2026-06-21,CH_110,18,S,25,,S,,62861,Nocturno,2026-06-22 03:09:03,,177012,"POINT (  576832.546864111,   6137893.71380357)",DR PRUDENCIO DE PENA 2576 PROVISORIO POR OBRA,1
2026-06-21,CH_110,19,S,75,,S,Requiere Limpieza,62861,Nocturno,2026-06-22 03:09:11,,177013,"POINT (  576827.053973002,   6137799.00458772)",DR ISABELINO J BOSCH 2595 ARBOL/ARBOL,1
2026-06-21,CH_110,20,S,75,,S,,62861,Nocturno,2026-06-22 03:09:19,,177014,"POINT (  576820.279428591,   6137802.39185993)",DR ISABELINO J BOSCH 2595 ARBOL/ARBOL,1
2026-06-21,CH_110,21,S,75,,S,,62861,Nocturno,2026-06-22 03:09:27,,182162,"POINT (  576630.145279104,   6137873.64334777)",SOMME 1596 PROV OV (O: DR ISABELINO J BOSCH 2519),1
2026-06-21,CH_110,22,S,75,,S,,62861,Nocturno,2026-06-22 03:09:32,,182161,"POINT (  576629.846771642,   6137876.47916866)",SOMME 1596 PROV OV (O: DR ISABELINO J BOSCH 2535),1
2026-06-21,CH_110,23,S,25,,S,,62861,Nocturno,2026-06-22 03:09:40,,177017,"POINT (  576679.886605933,   6138085.12538449)",LORD PONSOMBY 2542 ANTES DE 2542. CERCO VEGETAL,1
2026-06-21,CH_110,24,S,100,,S,,62861,Nocturno,2026-06-22 03:05:13,,177018,"POINT (  576618.736732353,   6138206.32407045)",JORGE CANNING 2405 ESQ. EDIFICIO,1
2026-06-21,CH_110,25,S,100,,S,,62861,Nocturno,2026-06-22 03:05:06,,177019,"POINT (  576542.566603368,   6138254.47650372)",MORALES 2611 FTE 2614. GINECOLOGIA HOSPITAL BRITANICO,1
2026-06-21,CH_110,26,S,50,,S,,62861,Nocturno,2026-06-22 03:04:54,,177020,"POINT (  576433.264886062,   6138330.25470895)",MORALES 2554 FTE 2560. ESQ. MURO VEGETAL,1
2026-06-21,CH_110,27,S,50,,S,,62861,Nocturno,2026-06-22 03:04:48,,177021,"POINT (  576429.896306886,   6138332.49996012)",MORALES 2554 FTE 2560. ESQ. MURO VEGETAL,1
2026-06-21,CH_110,28,S,75,,S,,62861,Nocturno,2026-06-22 03:04:38,,183379,"POINT (  576679.826069239,   6138401.55794325)",PTE LORENZO BATLLE 2686,1
2026-06-21,CH_110,29,S,75,,S,,62861,Nocturno,2026-06-22 03:04:31,,177023,"POINT (  576625.604064850,   6138327.46489600)",AVELINO MIRANDA 2681 EN 2685,1
2026-06-21,CH_110,30,S,75,,S,,62861,Nocturno,2026-06-22 03:04:26,,180268,"POINT (  576551.920019573,   6138374.81695762)",AVELINO MIRANDA 2625 VEREDA,1
2026-06-21,CH_110,31,S,100,,S,,62861,Nocturno,2026-06-22 03:04:16,,177024,"POINT (  576549.457365209,   6138376.54081567)",AVELINO MIRANDA 2617 VEREDA. ESQ. CASA AMARILLA,1
2026-06-21,CH_110,32,S,100,,S,,62861,Nocturno,2026-06-22 03:03:54,,177025,"POINT (  576812.995273521,   6138547.10564040)",CIUDAD DE BAHIA BLANCA 2595 EN 2593. MURO CIEGO,1
2026-06-21,CH_110,33,S,100,,S,,62861,Nocturno,2026-06-22 03:04:00,,177026,"POINT (  576773.165868682,   6138490.85318581)",CIUDAD DE BAHIA BLANCA 2557 EN 2557/2559. ANTES DE CORDON ROJO,1
2026-06-21,CH_110,34,S,100,,S,,62861,Nocturno,2026-06-22 03:03:42,,177027,"POINT (  576728.177941805,   6138428.10871370)",CIUDAD DE BAHIA BLANCA 2525 PDO GARAJE. ANTES DE ARBOL.,1
2026-06-21,CH_110,35,S,75,,S,,62861,Nocturno,2026-06-22 03:03:33,,177028,"POINT (  576762.133719742,   6138339.78215724)",PTE LORENZO BATLLE 2747 VEREDA. FTE 2747,1
2026-06-21,CH_110,36,S,50,,S,,62861,Nocturno,2026-06-22 03:03:27,,177029,"POINT (  576416.912020282,   6138124.98413307)",JORGE CANNING 2363 MURO EST HOSPITAL,1
2026-06-21,CH_111,8,S,75,,S,,62862,Nocturno,2026-06-22 02:14:25,,178830,"POINT (  577036.369828976,   6137772.40705970)",GRAL JOSE ESTEBAN BRITO DEL PINO 1590 FTE 1569,0
2026-06-21,CH_111,9,S,100,,S,,62862,Nocturno,2026-06-22 01:54:21,,177049,"POINT (  577345.296359493,   6137819.19264208)",BRIG GRAL DIEGO LAMAS 1591 ARBOL/COLUMNA,0
2026-06-21,CH_111,10,S,75,,S,,62862,Nocturno,2026-06-22 01:56:46,,177050,"POINT (  577354.498725948,   6137731.62173548)",BRIG GRAL DIEGO LAMAS 1548 FTE 1546/1548. COLUMNA/ARBOL,0
2026-06-21,CH_111,11,S,50,,S,,62862,Nocturno,2026-06-22 02:14:05,,182204,"POINT (  577355.334240959,   6137727.72610065)",BRIG GRAL DIEGO LAMAS 1537,0
2026-06-21,CH_111,12,S,100,,S,,62862,Nocturno,2026-06-22 02:00:10,,177051,"POINT (  577366.818022978,   6137629.65357814)",BRIG GRAL DIEGO LAMAS 1503 COLUMNA/ARBOL,0
2026-06-21,CH_111,13,S,100,,S,,62862,Nocturno,2026-06-22 02:06:07,,177053,"POINT (  577392.495593895,   6137448.87160487)",BRIG GRAL DIEGO LAMAS 1425 FTE 1432. MURO VEGETAL,0
2026-06-21,CH_111,14,S,100,,S,,62862,Nocturno,2026-06-22 02:13:43,,177054,"POINT (  577399.620006635,   6137395.88378511)",BRIG GRAL DIEGO LAMAS 1409 MURO,0
2026-06-21,CH_111,15,S,100,,S,,62862,Nocturno,2026-06-22 02:13:51,,180306,"POINT (  577400.933514124,   6137391.87605142)",BRIG GRAL DIEGO LAMAS 1409,0
2026-06-21,CH_111,16,S,75,,S,,62862,Nocturno,2026-06-22 02:13:59,,183645,"POINT (  577310.873953159,   6137438.96421852)",PEDRO DE ALARCON 1372,0
2026-06-21,CH_111,17,S,50,,S,,62862,Nocturno,2026-06-22 02:14:34,,183644,"POINT (  577310.002493464,   6137441.36073268)",PEDRO DE ALARCON 1372,0
2026-06-21,CH_111,18,S,100,,S,,62862,Nocturno,2026-06-22 02:16:05,,183612,"POINT (  577269.874997604,   6137610.70128148)",CAP VIDELA 2841,0
2026-06-21,CH_111,19,S,50,,S,,62862,Nocturno,2026-06-22 02:18:02,,177058,"POINT (  577261.139234002,   6137609.61616731)",CAP VIDELA 2835 EN 2845. ARBOL/COLUMNA,0
2026-06-21,CH_111,20,S,50,,S,,62862,Nocturno,2026-06-22 02:20:34,,177059,"POINT (  577205.628184736,   6137603.23388090)",CAP VIDELA 2783 EN 2785. PDO GARAGE,0
2026-06-21,CH_111,21,S,50,,S,,62862,Nocturno,2026-06-22 02:20:41,,177060,"POINT (  577161.694306173,   6137598.03899661)",CAP VIDELA 2743 EN 2747. ARBOL/COLUMNA,0
2026-06-21,CH_111,22,S,50,,S,,62862,Nocturno,2026-06-22 02:22:38,,177061,"POINT (  577067.295837368,   6137585.71969958)",CAP VIDELA 2635,0
2026-06-21,CH_111,23,S,25,,S,,62862,Nocturno,2026-06-22 02:22:46,,177062,"POINT (  577062.843079406,   6137584.97757325)",CAP VIDELA 2635,0
2026-06-21,CH_111,24,S,50,,S,,62862,Nocturno,2026-06-22 02:33:33,,180263,"POINT (  576983.100869615,   6137533.04446912)",GRAL JOSE ESTEBAN BRITO DEL PINO 1489 PDO 1491,0
2026-06-21,CH_111,25,S,50,,S,,62862,Nocturno,2026-06-22 02:33:39,,177063,"POINT (  576982.545010815,   6137528.72439766)",GRAL JOSE ESTEBAN BRITO DEL PINO 1489 PDO 1491. COLUMNA/ARBOL,0
2026-06-21,CH_111,26,S,100,,S,,62862,Nocturno,2026-06-22 02:33:47,,179127,"POINT (  576961.315050763,   6137397.66511591)",GRAL JOSE ESTEBAN BRITO DEL PINO 1407 FTE 1404,0
2026-06-21,CH_111,27,S,100,,S,,62862,Nocturno,2026-06-22 02:33:56,,177065,"POINT (  576960.429646268,   6137392.32157874)",GRAL JOSE ESTEBAN BRITO DEL PINO 1407 FTE 1404,0
2026-06-21,CH_111,28,S,100,,S,,62862,Nocturno,2026-06-22 02:33:16,,180797,"POINT (  576944.111189796,   6137312.87508181)",GRAL JOSE ESTEBAN BRITO DEL PINO 1365 EN 1367,0
2026-06-21,CH_111,29,S,100,,S,,62862,Nocturno,2026-06-22 02:35:13,,180796,"POINT (  576826.022452595,   6137318.10830138)",SIMON BOLIVAR 1378,0
2026-06-21,CH_111,30,S,100,,S,,62862,Nocturno,2026-06-22 02:40:51,,180795,"POINT (  576831.986000000,   6137343.14300000)",SIMON BOLIVAR 1388,0
2026-06-21,CH_111,31,S,25,,S,,62862,Nocturno,2026-06-22 02:41:03,,183582,"POINT (  576858.441362341,   6137471.79097701)",SIMON BOLIVAR 1440,0
2026-06-21,CH_111,32,S,50,,S,,62862,Nocturno,2026-06-22 02:41:14,,183581,"POINT (  576859.005537236,   6137475.74020127)",SIMON BOLIVAR 1440,0
2026-06-21,CH_111,33,S,25,,S,,62862,Nocturno,2026-06-22 03:09:47,,177068,"POINT (  576876.420946042,   6137488.94642653)",PALMAR 2606 MURO LADRILLO,0
2026-06-21,CH_111,34,S,25,,S,,62862,Nocturno,2026-06-22 03:11:17,,180545,"POINT (  576993.232640959,   6137454.91528628)",MENDEZ NUÑEZ 2656 PDO 2656. MURO CIEGO,0
2026-06-21,CH_111,35,S,25,,S,,62862,Nocturno,2026-06-22 03:12:34,,177071,"POINT (  577044.289921228,   6137461.93302822)",MENDEZ NUÑEZ 2684 EDIFICIO,0
2026-06-21,CH_111,36,S,25,,S,,62862,Nocturno,2026-06-22 03:12:42,,177072,"POINT (  577046.961576005,   6137461.93302822)",MENDEZ NUÑEZ 2690 EDIFICIO,0
2026-06-21,CH_111,37,S,100,,S,,62862,Nocturno,2026-06-22 03:14:48,,177073,"POINT (  577108.186997989,   6137469.79956729)",MENDEZ NUÑEZ 2708 EN 2712,0
2026-06-21,CH_111,38,S,50,,S,,62862,Nocturno,2026-06-22 03:18:16,,177074,"POINT (  577138.020476338,   6137472.76807259)",MENDEZ NUÑEZ 2726 ANTES 2734. MURO LAVADERO,0
2026-06-21,CH_111,39,N,,Auto,S,,62862,Nocturno,2026-06-22 03:18:30,,183891,"POINT (  577210.257615686,   6137478.71007015)",MENDEZ NUÑEZ 2776 Alta por dirección,0
2026-06-21,CH_111,40,N,,Auto,S,,62862,Nocturno,2026-06-22 03:18:38,,182257,"POINT (  577231.351310011,   6137483.74696462)",MENDEZ NUÑEZ 2788,0
2026-06-21,CH_111,41,N,,Auto,S,,62862,Nocturno,2026-06-22 03:18:46,,177077,"POINT (  577248.448873808,   6137451.09798384)",LEPANTO 1381 REJA,0
2026-06-21,CH_111,42,N,,Auto,S,,62862,Nocturno,2026-06-22 03:18:53,,181349,"POINT (  577251.889290960,   6137419.75978870)",LEPANTO 1363,0
2026-06-21,CH_111,43,S,25,,S,,62862,Nocturno,2026-06-22 02:54:57,,181273,"POINT (  577109.446540976,   6137411.25576720)",AV DR FRANCISCO SOCA 1402 EN 1420,0
2026-06-21,CH_111,44,S,25,,S,,62862,Nocturno,2026-06-22 02:55:04,,177076,"POINT (  577050.894845539,   6137678.04021466)",FELICIANO RODRIGUEZ 2658,0
2026-06-21,CH_111,45,S,25,,S,,62862,Nocturno,2026-06-22 02:55:11,,177078,"POINT (  577057.573982482,   6137679.37604205)",FELICIANO RODRIGUEZ 2658,0
2026-06-21,CH_111,46,S,100,,S,,62862,Nocturno,2026-06-22 02:56:47,,177079,"POINT (  577149.746072306,   6137698.22605076)",FELICIANO RODRIGUEZ 2710 FTE 2715. ARBOL/ARBOL,0
2026-06-21,CH_111,47,S,100,,S,,62862,Nocturno,2026-06-22 02:56:54,,177080,"POINT (  577153.605129207,   6137698.37447602)",FELICIANO RODRIGUEZ 2710 FTE 2715. ARBOL/ARBOL,0
2026-06-21,CH_111,48,S,100,,S,,62862,Nocturno,2026-06-22 02:59:34,,177082,"POINT (  577419.731630098,   6137753.29182423)",FELICIANO RODRIGUEZ 2946 EN 2948. ESQ,0
2026-06-21,CH_111,1,S,25,,S,,62862,Nocturno,2026-06-22 03:08:28,,177042,"POINT (  576759.233261983,   6137530.17896525)",PALMAR 2528 CASA RETIRO,1
2026-06-21,CH_111,2,S,25,,S,,62862,Nocturno,2026-06-22 03:08:35,,177043,"POINT (  576761.156853422,   6137529.21716953)",PALMAR 2528 CASA RETIRO,1
2026-06-21,CH_111,3,S,100,,S,,62862,Nocturno,2026-06-22 02:42:52,,181926,"POINT (  576866.845729194,   6137544.68373246)",SIMON BOLIVAR 1468,1
2026-06-21,CH_111,4,S,25,,S,,62862,Nocturno,2026-06-22 02:48:48,,181927,"POINT (  576891.682330501,   6137658.40922266)",SIMON BOLIVAR 1518,1
2026-06-21,CH_111,5,S,25,,S,,62862,Nocturno,2026-06-22 02:48:59,,177045,"POINT (  576892.154024177,   6137660.97130914)",SIMON BOLIVAR 1518 COLUMNA/ARBOL,1
2026-06-21,CH_111,6,S,25,,S,,62862,Nocturno,2026-06-22 02:50:08,,177046,"POINT (  576937.720580659,   6137697.48392443)",LEONOR HORTICOU 2574 FTE 2561. MURO CHAPA,1
2026-06-21,CH_111,7,S,25,,S,,62862,Nocturno,2026-06-22 02:50:22,,181802,"POINT (  576940.308996951,   6137698.13971809)",LEONOR HORTICOU 2574,1
2026-06-21,CH_116,1,S,100,,S,,62862,Nocturno,2026-06-22 03:24:34,,176941,"POINT (  577643.342187402,   6138759.61670274)",GRAL LAS HERAS 1984 VEREDA EN 1990. PASANDO ARBOL,2
2026-06-21,CH_116,2,S,75,,S,,62862,Nocturno,2026-06-22 03:28:02,,176942,"POINT (  577681.190630083,   6138667.97515429)",GRAL LAS HERAS 1925 VEREDA EN 1948. ENTRE ARBOLES,2
2026-06-21,CH_116,3,S,25,,S,,62862,Nocturno,2026-06-22 03:28:49,,176943,"POINT (  577733.936864032,   6138561.91898618)",GRAL LAS HERAS 1906 VEREDA EN 1904. ENTRE ARBOL Y CARTEL DE NO ESTACIONAR,2
2026-06-21,CH_116,4,S,100,,S,,62862,Nocturno,2026-06-22 03:31:41,,176944,"POINT (  577762.363460344,   6138487.67161565)",GRAL LAS HERAS 1892 VEREDA EN 1892. ENTRE ARBOLES,2
2026-06-21,CH_116,5,S,75,,S,,62862,Nocturno,2026-06-22 03:32:42,,176945,"POINT (  577810.841678416,   6138377.99166047)",GRAL LAS HERAS 1845 VEREDA. EN 1845. CARTEL/ARBOL,2
2026-06-21,CH_116,6,S,75,,S,,62862,Nocturno,2026-06-22 03:34:00,,176946,"POINT (  577831.295943184,   6138336.47916642)",GRAL LAS HERAS 1815 VEREDA. FTE 1812. MURO NEGRO,2
2026-06-21,CH_116,7,S,25,,S,,62862,Nocturno,2026-06-22 03:36:15,,176947,"POINT (  577861.010997119,   6138272.37839967)",GRAL LAS HERAS 1783 VEREDA. FTE 1780. MURO VEGETAL,2
2026-06-21,CH_116,8,S,100,,S,,62862,Nocturno,2026-06-22 03:38:01,,176948,"POINT (  577884.047533939,   6138225.19290863)",GRAL LAS HERAS Esq. AYACUCHO VEREDA. ESQ,2
2026-06-21,CH_116,9,,,,S,,62862,Nocturno,,,176949,"POINT (  578051.219553742,   6138189.67552598)",NAVARRA 1748 FTE PORTON,2
2026-06-21,CH_116,10,,,,S,,62862,Nocturno,,,176950,"POINT (  578050.655853532,   6138190.56134060)",NAVARRA 1748 EN 1750. FTE PROTON,2
2026-06-21,CH_116,11,,,,S,,62862,Nocturno,,,176951,"POINT (  577991.869974474,   6138315.21961564)",NAVARRA 1820 1820/1826,2
2026-06-21,CH_116,12,,,,S,,62862,Nocturno,,,176952,"POINT (  577973.428924742,   6138355.00074476)",NAVARRA 1844 FTE 1847. MURO LADRILLO,2
2026-06-21,CH_116,13,,,,S,,62862,Nocturno,,,176953,"POINT (  577956.759504242,   6138387.37324254)",NAVARRA 1856 1856/1860. VEREDA,2
2026-06-21,CH_116,14,,,,S,,62862,Nocturno,,,176954,"POINT (  577942.022770177,   6138419.34309732)",NAVARRA 1876 VEREDA. EN 1880. MURO LADRILLO,2
2026-06-21,CH_116,15,,,,S,,62862,Nocturno,,,176955,"POINT (  577889.598650634,   6138530.79468172)",NAVARRA 1936 VEREDA. PASANDO 1934,2
2026-06-21,CH_116,16,,,,S,,62862,Nocturno,,,176956,"POINT (  577877.519360416,   6138555.19484796)",NAVARRA 1940 EN 1942. ANTES DE PUERTA. VEREDA,2
2026-06-21,CH_116,17,,,,S,,62862,Nocturno,,,176957,"POINT (  577823.082025836,   6138671.31709125)",NAVARRA 1998 MURO AMARILLO,2
2026-06-21,CH_116,18,,,,S,,62862,Nocturno,,,176958,"POINT (  577838.785103119,   6138722.29169597)",DR MANUEL QUINTELA 3280 3270/3280. ENTRE ARBOLES,2
2026-06-21,CH_116,19,,,,S,,62862,Nocturno,,,176959,"POINT (  577763.974032373,   6138843.08459814)",JUAN SPIKERMAN 2093 EN 2098.,2
2026-06-21,CH_116,20,,,,S,,62862,Nocturno,,,176960,"POINT (  577763.007689156,   6138843.88988416)",JUAN SPIKERMAN 2093 EN 2098,2
2026-06-21,CH_116,21,,,,S,,62862,Nocturno,,,176961,"POINT (  577816.881323525,   6138855.08335976)",MAIPU 2083,2
2026-06-21,CH_116,22,,,,S,,62862,Nocturno,,,176962,"POINT (  577841.039903960,   6138811.03421477)",MAIPU 2067 2067/2065,2
2026-06-21,CH_116,23,,,,S,,62862,Nocturno,,,176963,"POINT (  577880.659975873,   6138737.51160164)",MAIPU 2037 2037/2031,2
2026-06-21,CH_116,24,,,,S,,62862,Nocturno,,,176964,"POINT (  577926.722335902,   6138651.66811250)",MAIPU 1951 EN 1963. REJAS,2
2026-06-21,CH_116,25,,,,S,,62862,Nocturno,,,176965,"POINT (  578004.432436300,   6138647.72221103)",REPUBLICA DE EL SALVADOR 3382,2
2026-06-21,CH_116,26,,,,S,,62862,Nocturno,,,176968,"POINT (  578064.788623085,   6138544.92745127)",SANTIAGO GADEA 3087 EN 3087. REBAJE MAL HECHO,2
2026-06-21,CH_116,27,,,,S,,62862,Nocturno,,,176966,"POINT (  578032.778504010,   6138526.32534434)",SANTIAGO GADEA 3361 EN 3061. FTE EDIFICIO ENTRE COLUMNA Y ARBUSTO,2
2026-06-21,CH_116,28,,,,S,,62862,Nocturno,,,176969,"POINT (  577942.626734687,   6138478.16924067)",SANTIAGO GADEA 3319 EN 3319. MURO CON REJAS,2
2026-06-21,CH_116,29,,,,S,,62862,Nocturno,,,176970,"POINT (  577837.617438397,   6138420.59129063)",SANTIAGO GADEA 3235 EN 3235,2
2026-06-21,CH_116,30,,,,S,,62862,Nocturno,,,176971,"POINT (  577734.621357144,   6138365.75131304)",SANTIAGO GADEA 3169 EN 3165,2
2026-06-21,CH_116,31,,,,S,,62862,Nocturno,,,176972,"POINT (  577699.833001318,   6138373.07941578)",DR MANUEL QUINTELA 3156 EN 3156,2
2026-06-21,CH_116,32,,,,S,,62862,Nocturno,,,176973,"POINT (  577713.683920767,   6138402.87499831)",DR MANUEL QUINTELA 3160 EN 3166. FTE A EDIFICIO,2
2026-06-21,CH_116,33,,,,S,,62862,Nocturno,,,176974,"POINT (  577801.460096346,   6138556.52356988)",REPUBLICA DE EL SALVADOR 3272 3272/3274,2
2026-06-21,CH_116,34,,,,S,,62862,Nocturno,,,176975,"POINT (  577885.934599267,   6138592.43932613)",REPUBLICA DE EL SALVADOR 3018 EN 3310. MURO CIEGO,2
2026-06-21,CH_116,35,,,,S,,62862,Nocturno,,,176976,"POINT (  577946.894750564,   6138617.64477838)",MAIPU 1947 ESQ. MURO CIEGO,2
2026-06-21,CH_116,36,,,,S,,62862,Nocturno,,,176977,"POINT (  578017.759919839,   6138485.57787200)",MAIPU 1887 MURO VEGETAL,2
2026-06-21,CH_116,37,,,,S,,62862,Nocturno,,,176978,"POINT (  578044.978587129,   6138437.09965393)",MAIPU 1859 MURO. PDO ARBOL,2
2026-06-21,CH_116,38,,,,S,,62862,Nocturno,,,176979,"POINT (  578060.601135810,   6138404.56609894)",MAIPU 1845 ESQ. MURO. COHCERA,2
2026-06-21,CH_116,39,,,,S,,62862,Nocturno,,,176980,"POINT (  578086.209231071,   6138356.24893808)",MAIPU 1809 REJA GRIS. PASANDO REBAJE,2
2026-06-21,CH_116,40,,,,S,,62862,Nocturno,,,180837,"POINT (  578095.088023436,   6138266.24668180)",MAIPU 1767 EN 1765. PROV OV(O: MAIPU fte 1776),2
2026-06-21,CH_116,41,,,,S,,62862,Nocturno,,,176982,"POINT (  578090.718832752,   6138217.25657197)",MAIPU 1741 MURO MADERA,2
2026-06-21,CH_116,42,,,,S,,62862,Nocturno,,,176983,"POINT (  578091.040947158,   6138214.67965673)",MAIPU 1741 MURO MADERA,2
2026-06-21,CH_117,1,S,100,,S,Basura Afuera,62863,Nocturno,2026-06-21 23:21:45,,177090,"POINT (  578040.520302694,   6138766.29426069)",D AZEGLIO 2016 BIS,0
2026-06-21,CH_117,2,S,100,,S,Basura Afuera,62863,Nocturno,2026-06-21 23:23:35,,177091,"POINT (  578004.007687402,   6138847.33445560)",D AZEGLIO 2038 CASA TAPEADA,0
2026-06-21,CH_117,3,S,100,,S,Basura Afuera,62863,Nocturno,2026-06-21 23:27:36,,177092,"POINT (  577970.463577418,   6138922.14078937)",D AZEGLIO 2068 REJA,0
2026-06-21,CH_117,4,S,100,,S,Basura Afuera,62863,Nocturno,2026-06-21 23:27:42,,177093,"POINT (  577960.073808839,   6138947.07623396)",D AZEGLIO 2070 MURO. ANTES SUPER,0
2026-06-21,CH_117,5,S,100,,S,Basura Afuera,62863,Nocturno,2026-06-21 23:28:01,,183944,"POINT (  577958.696561905,   6138949.99565238)",D AZEGLIO 2070,0
2026-06-21,CH_117,6,S,100,,S,Basura Afuera,62863,Nocturno,2026-06-21 23:33:43,,180588,"POINT (  578094.784443791,   6138952.80562092)",ABALOS 3176,0
2026-06-21,CH_117,7,S,100,,S,Basura Afuera,62863,Nocturno,2026-06-21 23:33:53,,180589,"POINT (  578097.834552723,   6138954.11281046)",ABALOS 3176,0
2026-06-21,CH_117,8,S,75,,S,Basura Afuera,62863,Nocturno,2026-06-21 23:36:12,,177096,"POINT (  578143.007948464,   6138973.68146279)",ABALOS 3194 EN 3196. CERCO MADERA,0
2026-06-21,CH_117,9,S,75,,S,Basura Afuera,62863,Nocturno,2026-06-21 23:40:28,,177097,"POINT (  578202.378054630,   6139029.78621312)",ABALOS 3245 FTE 3245,0
2026-06-21,CH_117,10,S,75,,S,Basura Afuera,62863,Nocturno,2026-06-21 23:40:37,,177098,"POINT (  578214.845776925,   6139058.87756514)",DR FRANCISCO SIMON 2048 VEREDA. FTE 2053,0
2026-06-21,CH_117,11,S,100,,S,Basura Afuera,62863,Nocturno,2026-06-21 23:41:40,,177099,"POINT (  578213.509949536,   6139060.36181779)",DR FRANCISCO SIMON 2048 VEREDA. FTE 2053,0
2026-06-21,CH_117,12,S,100,,S,Basura Afuera,62863,Nocturno,2026-06-21 23:48:03,,177100,"POINT (  578424.867527489,   6139095.39018043)",MAGARIÑOS CERVANTES 2033,0
2026-06-21,CH_117,13,S,100,,S,Basura Afuera,62863,Nocturno,2026-06-21 23:47:05,,177101,"POINT (  578437.335249784,   6139058.58071461)",MAGARIÑOS CERVANTES 2017 2013/2017,0
2026-06-21,CH_117,14,S,100,,S,Basura Afuera,62863,Nocturno,2026-06-21 23:48:26,,181079,"POINT (  578389.608317747,   6138986.96287020)",DR JULIO CESAR GRAUERT 3331,0
2026-06-21,CH_117,15,S,100,,S,Basura Afuera,62863,Nocturno,2026-06-21 23:49:46,,177103,"POINT (  578346.498987349,   6138962.54956789)",DR JULIO CESAR GRAUERT 3311,0
2026-06-21,CH_117,16,S,75,,S,Basura Afuera,62863,Nocturno,2026-06-21 23:51:05,,177104,"POINT (  578262.490287124,   6138973.53303753)",CAVOUR 3247 FTE 3250. EDIFICIO,0
2026-06-21,CH_117,17,S,100,,S,Basura Afuera,62863,Nocturno,2026-06-21 23:56:49,,177105,"POINT (  578156.217797086,   6138846.33258506)",CAVOUR 3159 FTE 3154. MURO VEGETAL,0
2026-06-21,CH_117,18,S,100,,S,Basura Afuera,62863,Nocturno,2026-06-21 23:56:57,,177106,"POINT (  578072.654372656,   6138746.29395617)",CAVOUR 3107 EN 3111. MURO CIEGO,0
2026-06-21,CH_117,19,S,100,,S,Basura Afuera,62863,Nocturno,2026-06-22 00:01:15,,177107,"POINT (  578102.747595220,   6138693.49166800)",REPUBLICA DE EL SALVADOR 3442 EN 3446,0
2026-06-21,CH_117,20,S,75,,S,Basura Afuera,62863,Nocturno,2026-06-22 00:03:21,,177108,"POINT (  578199.001379842,   6138738.79848027)",REPUBLICA DE EL SALVADOR 3496 PDO REBAJE,0
2026-06-21,CH_117,21,S,75,,S,Basura Afuera,62863,Nocturno,2026-06-22 00:06:46,,177109,"POINT (  578235.142931971,   6138822.62164891)",DR JULIO CESAR GRAUERT 3220,0
2026-06-21,CH_117,22,S,100,,S,Basura Afuera,62863,Nocturno,2026-06-22 00:06:52,,177110,"POINT (  578269.800231445,   6138862.84489584)",DR JULIO CESAR GRAUERT 3244,0
2026-06-21,CH_117,23,S,75,,S,Basura Afuera,62863,Nocturno,2026-06-22 00:10:41,,177111,"POINT (  578333.845733472,   6138891.41675944)",ALICANTE 1991 ARBOL/ARBOL,0
2026-06-21,CH_117,24,S,75,,S,Basura Afuera,62863,Nocturno,2026-06-22 00:10:46,,177112,"POINT (  578449.320589966,   6138836.05413544)",PROF CLEMENTE ESTABLE 3334 EN 3332,0
2026-06-21,CH_117,25,S,100,,S,Basura Afuera,62863,Nocturno,2026-06-22 00:11:25,,177113,"POINT (  578476.333988272,   6138863.36438427)",PROF CLEMENTE ESTABLE 3346 EN 3348,0
2026-06-21,CH_117,26,S,75,,S,Basura Afuera,62863,Nocturno,2026-06-22 00:12:54,,177114,"POINT (  578411.768997816,   6138726.36786430)",SANTIAGO GADEA 3561 FTE 3556,0
2026-06-21,CH_117,27,S,75,,S,Basura Afuera,62863,Nocturno,2026-06-22 00:14:15,,177115,"POINT (  578349.133535810,   6138693.41745537)",SANTIAGO GADEA 3537 GIMNASIO,0
2026-06-21,CH_117,28,S,75,,S,Basura Afuera,62863,Nocturno,2026-06-22 00:18:00,,177116,"POINT (  578290.505555971,   6138663.73240229)",SANTIAGO GADEA 3517 FTE 3504. MURO,0
2026-06-21,CH_117,29,S,75,,S,Basura Afuera,62863,Nocturno,2026-06-22 00:18:05,,177117,"POINT (  578196.700788228,   6138613.86151311)",SANTIAGO GADEA 3455,0
2026-06-21,CH_117,30,S,75,,S,Basura Afuera,62863,Nocturno,2026-06-22 00:19:50,,177118,"POINT (  578114.918466984,   6138570.07605981)",SANTIAGO GADEA 3407 ANTES CORDON ROJO,0
2026-06-21,CH_117,31,S,75,,S,Basura Afuera,62863,Nocturno,2026-06-22 00:25:25,,177119,"POINT (  578185.717318587,   6138486.66106065)",TALCAHUANO 3428,0
2026-06-21,CH_117,32,S,100,,S,Basura Afuera,62863,Nocturno,2026-06-22 00:28:18,,177120,"POINT (  578305.199657247,   6138547.36699420)",TALCAHUANO 3494,0
2026-06-21,CH_117,33,S,100,,S,Basura Afuera,62863,Nocturno,2026-06-22 00:28:26,,177121,"POINT (  578404.793010342,   6138595.75363073)",TALCAHUANO 3546 EN 3548,0
2026-06-21,CH_117,34,S,75,,S,Basura Afuera,62863,Nocturno,2026-06-22 00:29:45,,177122,"POINT (  578435.517040283,   6138609.55718041)",TALCAHUANO 3552,0
2026-06-21,CH_117,35,S,100,,S,Basura Afuera,62863,Nocturno,2026-06-22 00:33:36,,177123,"POINT (  578533.032439661,   6138653.78790951)",TALCAHUANO 3590 MURO CIEGO,0
2026-06-21,CH_117,36,S,75,,S,Basura Afuera,62863,Nocturno,2026-06-22 00:36:10,,177124,"POINT (  578555.593080004,   6138585.36386215)",AYACUCHO 3593,0
2026-06-21,CH_117,37,S,75,,S,Basura Afuera,62863,Nocturno,2026-06-22 00:45:41,,177125,"POINT (  578494.145020122,   6138550.63235004)",AYACUCHO 3569 FABRICA,0
2026-06-21,CH_117,38,S,75,,S,Basura Afuera,62863,Nocturno,2026-06-22 00:45:52,,177126,"POINT (  578384.755599510,   6138490.96539334)",AYACUCHO 3507 MURO,0
2026-06-21,CH_117,39,S,100,,S,Basura Afuera,62863,Nocturno,2026-06-22 00:45:58,,177127,"POINT (  578314.402023703,   6138452.37482434)",AYACUCHO 3467 MURO,0
2026-06-21,CH_117,40,S,100,,S,Basura Afuera,62863,Nocturno,2026-06-22 00:46:06,,177128,"POINT (  578277.740983145,   6138404.73031414)",CHACABUCO 1789 FTE 1796,0
2026-06-21,CH_117,41,S,75,,S,Basura Afuera,62863,Nocturno,2026-06-22 00:46:24,,177252,"POINT (  578280.672382136,   6138400.57440671)",CHACABUCO 1789 FTE 1796,0
2026-06-21,CH_117,42,S,100,,S,Basura Afuera,62863,Nocturno,2026-06-22 00:52:27,,177129,"POINT (  578358.039051736,   6138254.37552027)",CHACABUCO 1701 EN 1709. MURO,0
2026-06-21,CH_117,43,S,100,,S,Basura Afuera,62863,Nocturno,2026-06-22 00:55:33,,177130,"POINT (  578512.104477238,   6138311.66767272)",ALICANTE 1710 EN 1710/1714,0
2026-06-21,CH_117,44,S,100,,S,Basura Afuera,62863,Nocturno,2026-06-22 03:23:30,,177131,"POINT (  578489.989112691,   6138392.26259184)",ALICANTE 1746,0
2026-06-21,CH_117,45,S,100,,S,Basura Afuera,62863,Nocturno,2026-06-22 03:23:37,,177132,"POINT (  578488.208009506,   6138397.16062560)",ALICANTE 1746,0
2026-06-21,CH_117,46,S,100,,S,Basura Afuera,62863,Nocturno,2026-06-22 03:23:44,,183495,"POINT (  578391.673408011,   6138366.21132121)",CDRO COE 3449,0
2026-06-21,CH_117,47,,,,S,,62863,Nocturno,,,177134,"POINT (  578336.814238781,   6138338.38422050)",CDRO COE 3429,0
2026-06-21,CH_117,48,,,,S,,62863,Nocturno,,,177135,"POINT (  578291.396107564,   6138313.30035064)",CDRO COE 3417 VEREDA,0
2026-06-21,CH_118,1,S,75,,S,Basura Afuera,62863,Nocturno,2026-06-22 02:15:41,,177157,"POINT (  578603.520560354,   6139154.68367385)",FRANCISCO ANZANI 2096 PDO 2096. MURO NEGRO,1
2026-06-21,CH_118,2,S,75,,S,Basura Afuera,62863,Nocturno,2026-06-22 02:15:49,,181766,"POINT (  578768.622873947,   6139136.53197133)",DR HUGO ANTUÑA 3515 FTE 3514,1
2026-06-21,CH_118,3,S,100,,S,Basura Afuera,62863,Nocturno,2026-06-22 02:14:22,,177158,"POINT (  578764.172712407,   6139134.25544953)",DR HUGO ANTUÑA Esq. ESTIVAO PDO 3515. REJA BLANCA,1
2026-06-21,CH_118,4,S,100,,S,Basura Afuera,62863,Nocturno,2026-06-22 02:08:26,,177159,"POINT (  578661.529998573,   6139088.46100798)",DR HUGO ANTUÑA 3455,1
2026-06-21,CH_118,5,S,75,,S,Basura Afuera,62863,Nocturno,2026-06-22 02:15:09,,177160,"POINT (  578603.102607622,   6139062.01077018)",DR HUGO ANTUÑA 3382 FTE  3436. CONT ROJO. MANTIENE POS,1
2026-06-21,CH_118,6,S,100,,S,Basura Afuera,62863,Nocturno,2026-06-22 02:19:16,,177161,"POINT (  578496.408656289,   6139014.05274557)",DR HUGO ANTUÑA 3363 FTE 3384,1
2026-06-21,CH_118,7,S,75,,S,Basura Afuera,62863,Nocturno,2026-06-22 02:20:56,,177162,"POINT (  578483.089588370,   6138893.43985169)",MAGARIÑOS CERVANTES 1953 CONT ROJO,1
2026-06-21,CH_118,8,S,75,,S,Basura Afuera,62863,Nocturno,2026-06-22 02:22:41,,177163,"POINT (  578616.525116354,   6138929.36480154)",PROF CLEMENTE ESTABLE 3412 ANTES 3412. MURO  LADRILLO,1
2026-06-21,CH_118,9,S,100,,S,Basura Afuera,62863,Nocturno,2026-06-22 02:36:04,,177164,"POINT (  578685.611558357,   6138961.73673436)",PROF CLEMENTE ESTABLE 3450 ARBOL/ARBOL. CASA VERDE,1
2026-06-21,CH_118,10,S,75,,S,Basura Afuera,62863,Nocturno,2026-06-22 02:36:21,,177165,"POINT (  578791.807289208,   6139009.11029459)",PROF CLEMENTE ESTABLE 3490 PDO REBAJE. MURO CIEGO,1
2026-06-21,CH_118,11,S,100,,S,Basura Afuera,62863,Nocturno,2026-06-22 02:36:29,,177166,"POINT (  578858.525053200,   6139040.29788841)",PROF CLEMENTE ESTABLE 3530 EDIFICIO OILUJ,1
2026-06-21,CH_118,12,S,100,,S,Basura Afuera,62863,Nocturno,2026-06-22 02:36:36,,181765,"POINT (  578862.138232309,   6139041.19636268)",PROF CLEMENTE ESTABLE 3530 FTE 3529,1
2026-06-21,CH_118,13,S,100,,S,Basura Afuera,62863,Nocturno,2026-06-22 02:36:42,,177167,"POINT (  578957.219970348,   6138979.50181945)",FLORENCIO VARELA 3793 PDO 3797. MURO CIEGO,1
2026-06-21,CH_118,14,S,100,,S,Basura Afuera,62863,Nocturno,2026-06-22 02:35:56,,177168,"POINT (  578842.733866457,   6138926.60134385)",FLORENCIO VARELA 3741 MURO VIOLETA,1
2026-06-21,CH_118,15,S,100,,S,Basura Afuera,62863,Nocturno,2026-06-22 02:35:47,,177169,"POINT (  578774.831763459,   6138895.80852971)",FLORENCIO VARELA 3711 FTE EDIFICIO,1
2026-06-21,CH_118,16,S,75,,S,Basura Afuera,62863,Nocturno,2026-06-22 02:39:12,,177170,"POINT (  578671.399490288,   6138849.22452881)",FLORENCIO VARELA 3661 ARBOL/ARBOL,1
2026-06-21,CH_118,17,S,100,,S,Basura Afuera,62863,Nocturno,2026-06-22 02:40:35,,177171,"POINT (  578615.340777348,   6138823.16907068)",FLORENCIO VARELA 3640 FTE 3640. MURO ENFOQUE,1
2026-06-21,CH_118,18,S,75,,S,Basura Afuera,62863,Nocturno,2026-06-22 02:45:08,,177172,"POINT (  578524.664463470,   6138754.17566343)",MAGARIÑOS CERVANTES 1919,1
2026-06-21,CH_118,19,S,75,,S,Basura Afuera,62863,Nocturno,2026-06-22 02:45:14,,177173,"POINT (  578575.073251152,   6138675.12669496)",NEYRA 3608 FTE 3557. ARBOL/ARBOL,1
2026-06-21,CH_118,20,S,100,,S,Basura Afuera,62863,Nocturno,2026-06-22 02:48:27,,177174,"POINT (  578633.895421772,   6138703.55083110)",NEYRA 3626 EN 3626/3628,1
2026-06-21,CH_118,21,S,75,,S,Basura Afuera,62863,Nocturno,2026-06-22 02:51:50,,177175,"POINT (  578710.482677479,   6138736.71232326)",NEYRA 3660 FTE AL 3655. ARBOL/ARBOL,1
2026-06-21,CH_118,22,S,75,,S,Basura Afuera,62863,Nocturno,2026-06-22 02:51:57,,177176,"POINT (  578736.280977110,   6138749.06083513)",NEYRA 3670 EDIFICIO,1
2026-06-21,CH_118,23,S,100,,S,Basura Afuera,62863,Nocturno,2026-06-22 02:54:07,,177177,"POINT (  578826.153120376,   6138790.00757852)",NEYRA 3708 EN ARBOL/REBAJE,1
2026-06-21,CH_118,24,S,100,,S,,62863,Nocturno,2026-06-22 02:56:18,,177178,"POINT (  578936.691427581,   6138840.14459643)",NEYRA 3762 REJA NEGRA,1
2026-06-21,CH_118,25,S,75,,S,Basura Afuera,62863,Nocturno,2026-06-22 02:57:15,,177179,"POINT (  579029.859429369,   6138883.17558031)",NEYRA 3816 EN 3826/3816,1
2026-06-21,CH_118,26,S,100,,S,Basura Afuera,62863,Nocturno,2026-06-22 03:03:06,,177180,"POINT (  579102.104108721,   6138753.68784901)",CDRO COE 3813 FTE 3808,1
2026-06-21,CH_118,27,S,100,,S,Basura Afuera,62863,Nocturno,2026-06-22 03:03:12,,177181,"POINT (  579098.945871372,   6138751.31917100)",CDRO COE 3813 FTE 3808,1
2026-06-21,CH_118,28,S,100,,S,Basura Afuera,62863,Nocturno,2026-06-22 03:05:56,,177182,"POINT (  579002.224852567,   6138699.20825475)",CDRO COE 3761,1
2026-06-21,CH_118,29,S,100,,S,Basura Afuera,62863,Nocturno,2026-06-22 03:12:36,,177183,"POINT (  578926.427156198,   6138656.17727087)",CDRO COE 3723 MURO CON REJAS,1
2026-06-21,CH_118,30,S,100,,S,Basura Afuera,62863,Nocturno,2026-06-22 03:12:43,,177184,"POINT (  578831.290147495,   6138605.64788889)",CDRO COE 3677 MURO CON REJAS,1
2026-06-21,CH_118,31,S,100,,S,Basura Afuera,62863,Nocturno,2026-06-22 03:12:59,,177185,"POINT (  578736.932915274,   6138553.13977737)",CDRO COE 3625 EDIFICIO,1
2026-06-21,CH_118,32,S,75,,S,Basura Afuera,62863,Nocturno,2026-06-22 03:23:56,,177186,"POINT (  578618.104235029,   6138464.31435193)",MAGARIÑOS CERVANTES 1791 MURO VEGETAL,1
2026-06-21,CH_118,33,,,,S,,62863,Nocturno,,,177187,"POINT (  578689.164575375,   6138383.38451987)",TOMAS GOMEZ 3566 EN ARBOL/GARAGE,1
2026-06-21,CH_118,34,,,,S,,62863,Nocturno,,,177188,"POINT (  578782.727356831,   6138433.12675812)",TOMAS GOMEZ 3620 MURO VEGETAL,1
2026-06-21,CH_118,35,,,,S,,62863,Nocturno,,,177189,"POINT (  578821.415764353,   6138454.44486022)",TOMAS GOMEZ 3636 VENTANA/VENTANA,1
2026-06-21,CH_118,36,,,,S,,62863,Nocturno,,,177190,"POINT (  578926.821935867,   6138512.08269183)",TOMAS GOMEZ 3692 FTE 3693. MANTIENE POS,1
2026-06-21,CH_118,37,,,,S,,62863,Nocturno,,,177191,"POINT (  579034.991565061,   6138570.90486245)",TOMAS GOMEZ 3744 FTE REJA,1
2026-06-21,CH_118,38,,,,S,,62863,Nocturno,,,177192,"POINT (  579093.813735680,   6138478.52642000)",ESTIVAO 1725 MANTIENE POS,1
2026-06-21,CH_118,39,,,,S,,62863,Nocturno,,,177194,"POINT (  578977.353733446,   6138474.57862332)",FRANCISCO ANZANI 1732 SUBESTACION,1
2026-06-21,CH_118,40,,,,S,,62863,Nocturno,,,177193,"POINT (  579111.184041098,   6138447.73360585)",ESTIVAO 1715 MURO REJAS,1
2026-06-21,CH_118,41,,,,S,,62863,Nocturno,,,177195,"POINT (  579126.185668505,   6138621.04188037)",TOMAS GOMEZ 3796 PDO 3796. PDO REBAJE,1
2026-06-21,CH_118,42,,,,S,,62863,Nocturno,,,177196,"POINT (  579187.376517137,   6138654.59815220)",TOMAS GOMEZ 3816 PDO COLUMNA,1
2026-06-21,CH_118,43,,,,S,,62863,Nocturno,,,177197,"POINT (  579299.099163348,   6138634.66177893)",PTE ORIBE 1793 PDO REBAJE,1
2026-06-21,CH_118,44,,,,S,,62863,Nocturno,,,177198,"POINT (  579235.342246870,   6138516.62265802)",PTE ORIBE 1753 EDIFICIO,1
2026-06-21,CH_118,45,,,,S,,62863,Nocturno,,,177199,"POINT (  579232.381399356,   6138512.28008167)",PTE ORIBE 1753 EDIFICIO,1
2026-06-21,CH_118,46,,,,S,,62863,Nocturno,,,177200,"POINT (  579363.843028997,   6138498.26540343)",ANDRES AGUIAR 1712 REJA MADERA,1
2026-06-21,CH_118,47,,,,S,,62863,Nocturno,,,177201,"POINT (  579342.722316727,   6138578.80045583)",ANDRES AGUIAR 1746 PDO 1740. MURO CALADO,1
2026-06-21,CH_114,1,S,50,,S,,62864,Nocturno,2026-06-22 02:27:15,,176793,"POINT (  578810.383601267,   6138272.64110451)",TIBURCIO GOMEZ 1666 EDIFICIO,0
2026-06-21,CH_114,2,S,75,,S,,62864,Nocturno,2026-06-22 02:28:36,,176794,"POINT (  578893.204899360,   6138340.61987606)",PEDRO BUSTAMANTE 1697 EN 1697BIS. REJAS GRISES,0
2026-06-21,CH_114,3,S,50,,S,Requiere Limpieza,62864,Nocturno,2026-06-22 02:30:29,,176795,"POINT (  578911.646738587,   6138277.94730775)",PEDRO BUSTAMANTE 1661 MURO CON REJA. ARBOL/COLUMNA,0
2026-06-21,CH_114,4,S,25,,S,,62864,Nocturno,2026-06-22 02:31:40,,176796,"POINT (  578932.611807324,   6138203.77178136)",PEDRO BUSTAMANTE 1627 MURO CON REJA. ARBOL/COLUMNA,0
2026-06-21,CH_114,5,S,50,,S,Requiere Limpieza,62864,Nocturno,2026-06-22 02:33:10,,177270,"POINT (  578955.900260613,   6138119.83597151)",PEDRO BUSTAMANTE 1581,0
2026-06-21,CH_114,6,S,100,,S,Requiere Limpieza,62864,Nocturno,2026-06-22 02:34:28,,176798,"POINT (  579028.865591936,   6138052.11826644)",JACINTO VERA 3664 CASA NARANJA,0
2026-06-21,CH_114,7,S,75,,S,,62864,Nocturno,2026-06-22 00:05:37,,176799,"POINT (  579099.664443533,   6138059.46531709)",FRANCISCO ANZANI 1547 EN 1549. COLUMNA/ARBOL,0
2026-06-21,CH_114,8,S,100,,S,,62864,Nocturno,2026-06-22 00:07:10,,176800,"POINT (  579118.440239606,   6137993.26764872)",FRANCISCO ANZANI 1505 CASA LADRILLOS,0
2026-06-21,CH_114,9,S,100,,S,,62864,Nocturno,2026-06-22 00:08:46,,176801,"POINT (  579142.410919968,   6137904.73197791)",FRANCISCO ANZANI 1463 SUB ESTACION,0
2026-06-21,CH_114,10,S,100,,S,,62864,Nocturno,2026-06-22 00:10:00,,176802,"POINT (  579158.811911794,   6137839.35064850)",FRANCISCO ANZANI 1439 EDIFICIO DE DOS PISOS,0
2026-06-21,CH_114,11,S,100,,S,Requiere Limpieza,62864,Nocturno,2026-06-22 00:11:57,,176803,"POINT (  579175.806604683,   6137776.56676123)",FRANCISCO ANZANI 1405 CONSULTORIO ODONTOLOGICO,0
2026-06-21,CH_114,12,S,100,,S,Requiere Limpieza,62864,Nocturno,2026-06-22 00:17:33,,176804,"POINT (  578970.905525798,   6137694.71022737)",TIBURCIO GOMEZ 1408 VEREDA. EN 1406,0
2026-06-21,CH_114,13,S,75,,S,,62864,Nocturno,2026-06-22 00:17:37,,176805,"POINT (  578957.547251912,   6137738.49568066)",TIBURCIO GOMEZ 1426 ANTES 1426. MURO,0
2026-06-21,CH_114,14,S,100,,S,Requiere Limpieza,62864,Nocturno,2026-06-22 00:17:41,,176806,"POINT (  578948.344885457,   6137769.29392323)",TIBURCIO GOMEZ 1440 ANTES 1444. CASA TAPEADA,0
2026-06-21,CH_114,15,S,100,,S,,62864,Nocturno,2026-06-22 00:19:43,,180565,"POINT (  578936.758490632,   6137818.93976079)",TIBURCIO GOMEZ 1454,0
2026-06-21,CH_114,16,S,100,,S,,62864,Nocturno,2026-06-22 00:21:05,,176807,"POINT (  578914.503924946,   6137889.14732504)",TIBURCIO GOMEZ 1494 PARED ALTA CON VENTANAS. ARBOL/ARBOL,0
2026-06-21,CH_114,17,S,100,,S,Requiere Limpieza,62864,Nocturno,2026-06-22 00:23:19,,176808,"POINT (  578892.611198299,   6137973.15602526)",TIBURCIO GOMEZ 1532 CASA LADRILLOS Y REJAS GRISES,0
2026-06-21,CH_114,18,S,100,,S,,62864,Nocturno,2026-06-22 00:24:29,,180209,"POINT (  578949.116217763,   6138028.95588115)",JACINTO VERA 3642,0
2026-06-21,CH_114,19,S,100,,S,Requiere Limpieza,62864,Nocturno,2026-06-22 00:27:05,,176810,"POINT (  578990.646086096,   6138006.32907208)",PEDRO BUSTAMANTE 1545 FTE 1536. CASA TAPEADA,0
2026-06-21,CH_114,20,S,100,,S,Requiere Limpieza,62864,Nocturno,2026-06-22 00:29:40,,176811,"POINT (  579021.518541299,   6137898.42390413)",PEDRO BUSTAMANTE 1483 EN 1483/1485,0
2026-06-21,CH_114,21,S,100,,S,Requiere Limpieza,62864,Nocturno,2026-06-22 00:32:09,,176812,"POINT (  579055.359501811,   6137777.01203704)",PEDRO BUSTAMANTE 1425 ANTES GARAJE. REJA GRIS,0
2026-06-21,CH_114,22,S,100,,S,Requiere Limpieza,62864,Nocturno,2026-06-22 01:43:54,,176813,"POINT (  578801.255447446,   6137729.96122790)",PTE ORIBE 1437,0
2026-06-21,CH_114,23,S,100,,S,Requiere Limpieza,62864,Nocturno,2026-06-22 01:48:55,,176814,"POINT (  578767.794826677,   6137647.65941824)",PTE ORIBE 1411 EN 1413,0
2026-06-21,CH_114,24,S,100,,S,Requiere Limpieza,62864,Nocturno,2026-06-22 01:49:38,,176815,"POINT (  578767.915422206,   6137645.21967794)",PTE ORIBE 1411 EN 1413. CASA LADRILLOS,0
2026-06-21,CH_114,25,S,100,,S,Requiere Limpieza,62864,Nocturno,2026-06-22 01:50:55,,176816,"POINT (  578688.841862064,   6137699.20936822)",JUAN JOSE DE HERRERA 1440,0
2026-06-21,CH_114,26,S,100,,S,Requiere Limpieza,62864,Nocturno,2026-06-22 01:53:41,,179002,"POINT (  578658.637696071,   6137805.55615147)",JUAN JOSE DE HERRERA 1484,0
2026-06-21,CH_114,27,S,100,,S,Requiere Limpieza,62864,Nocturno,2026-06-22 01:55:42,,176818,"POINT (  578707.543445505,   6137844.51770305)",DEMOSTENES 3518 PDO 3514. CASA LADRILLOS,0
2026-06-21,CH_114,28,S,100,,S,,62864,Nocturno,2026-06-22 01:57:16,,176819,"POINT (  578744.093167109,   6137854.46219584)",DEMOSTENES 3532 EDIFICIO,0
2026-06-21,CH_114,29,S,100,,S,,62864,Nocturno,2026-06-22 01:58:50,,176820,"POINT (  578875.078463825,   6137892.60748904)",DEMOSTENES 3592 FTE 3593. MURO CIEGO ENTRE ARBOLES,0
2026-06-21,CH_114,30,S,100,,S,Requiere Limpieza,62864,Nocturno,2026-06-22 02:05:02,,176823,"POINT (  578817.118397686,   6137800.88067503)",MAGARIÑOS CERVANTES 1460 EDIFICIO. REJA CON ESTERILLA,0
2026-06-21,CH_114,31,S,100,,S,Requiere Limpieza,62864,Nocturno,2026-06-22 02:05:06,,181736,"POINT (  578790.847174289,   6137900.71464357)",MAGARIÑOS CERVANTES 1502 EN 1506. SUB ESTACION,0
2026-06-21,CH_114,32,S,100,,S,Requiere Limpieza,62864,Nocturno,2026-06-22 02:09:11,,182102,"POINT (  578752.564609015,   6138095.43292790)",MIGUEL MARTINEZ 3569,0
2026-06-21,CH_114,33,S,50,,S,,62864,Nocturno,2026-06-22 02:09:20,,176825,"POINT (  578754.779786218,   6138096.84065424)",MIGUEL MARTINEZ 3569 FTE 3569,0
2026-06-21,CH_114,34,S,100,,S,Requiere Limpieza,62864,Nocturno,2026-06-22 02:09:25,,176826,"POINT (  578758.193567323,   6138097.80541846)",MIGUEL MARTINEZ 3569 FTE 3569,0
2026-06-21,CH_114,35,S,75,,S,Requiere Limpieza,62864,Nocturno,2026-06-22 02:11:05,,176828,"POINT (  578827.211315733,   6138189.53223248)",TIBURCIO GOMEZ 1638 MURO CON REJA,0
2026-06-21,CH_114,36,S,100,,S,Requiere Limpieza,62864,Nocturno,2026-06-22 02:12:26,,176829,"POINT (  578779.269955009,   6138217.13933184)",JOSE LEGUIZAMON 3589 EN 3585. CASA AZUL,0
2026-06-21,CH_114,37,S,100,,S,Requiere Limpieza,62864,Nocturno,2026-06-22 02:14:12,,176830,"POINT (  578714.259688764,   6138198.28932314)",JOSE LEGUIZAMON 3553,0
2026-06-21,CH_114,38,S,100,,S,Requiere Limpieza,62864,Nocturno,2026-06-22 02:17:47,,176831,"POINT (  578670.919511267,   6138275.76731167)",MAGARIÑOS CERVANTES 1685,0
2026-06-21,CH_114,39,S,50,,S,,62864,Nocturno,2026-06-22 02:19:07,,176832,"POINT (  578576.966318269,   6138159.36479728)",JOSE LEGUIZAMON 3489 CENTRAL UTE,0
2026-06-21,CH_114,40,S,100,,S,Requiere Limpieza,62864,Nocturno,2026-06-22 02:21:05,,176833,"POINT (  578444.570981533,   6138129.82816947)",JOSE LEGUIZAMON Esq. ALBERTO LASPLACES CENTRAL UTE,0
2026-06-21,CH_114,41,S,75,,S,,62864,Nocturno,2026-06-22 02:22:32,,176834,"POINT (  578413.698526329,   6138176.95319124)",ALBERTO LASPLACES 1673 FTE 1673,0
2026-06-21,CH_114,42,S,100,,S,Requiere Limpieza,62864,Nocturno,2026-06-22 02:25:12,,176835,"POINT (  578586.836598418,   6138280.99930228)",LYON 1695 FTE 1675,0
2026-06-21,CH_115,1,S,25,,S,,62864,Nocturno,2026-06-21 23:42:30,,176851,"POINT (  579464.190696680,   6137842.16261414)",VANGUARDIA 1425 FTE MURO VEGETAL,1
2026-06-21,CH_115,2,S,50,,S,,62864,Nocturno,2026-06-21 23:43:10,,176852,"POINT (  579428.585937782,   6137901.12188193)",VANGUARDIA 1477 FTE 1475,1
2026-06-21,CH_115,3,S,25,,S,,62864,Nocturno,2026-06-21 23:44:53,,176853,"POINT (  579339.791383682,   6137918.98353678)",CAP ANTONIO PEREZ 3815 FTE 3818,1
2026-06-21,CH_115,4,S,50,,S,Requiere Limpieza,62864,Nocturno,2026-06-21 23:46:25,,176854,"POINT (  579331.097657869,   6137858.12745609)",MOLLES 1476 FTE 1476,1
2026-06-21,CH_115,5,S,50,,S,Requiere Limpieza,62864,Nocturno,2026-06-21 23:48:10,,180555,"POINT (  579379.876752070,   6137808.93737996)",MOLLES 1424 FTE 1424,1
2026-06-21,CH_115,6,S,50,,S,,62864,Nocturno,2026-06-21 23:38:19,,176856,"POINT (  579394.957025659,   6138111.90521596)",MANGARIPE 1588 FTE 1594,1
2026-06-21,CH_115,7,S,75,,S,,62864,Nocturno,2026-06-21 23:38:09,,176857,"POINT (  579397.565143403,   6138108.74386112)",MANGARIPE 1588 FTE 1594,1
2026-06-21,CH_115,8,S,75,,S,,62864,Nocturno,2026-06-21 23:39:45,,176858,"POINT (  579436.133672464,   6137986.55749651)",MANGARIPE 1485 ANTES 1495,1
2026-06-21,CH_115,9,S,25,,S,,62864,Nocturno,2026-06-21 22:58:15,,176859,"POINT (  579587.246433870,   6137917.71899484)",GRACIELA DE GOUVEIA DE MICHELENA 1436 EN 1444,1
2026-06-21,CH_115,10,S,25,,S,,62864,Nocturno,2026-06-21 22:58:19,,181656,"POINT (  579584.947825711,   6137920.55934187)",GRACIELA DE GOUVEIA DE MICHELENA 1436,1
2026-06-21,CH_115,11,S,50,,S,,62864,Nocturno,2026-06-21 22:59:04,,176860,"POINT (  579553.261869328,   6137968.93294327)",GRACIELA DE GOUVEIA DE MICHELENA Esq. JAZMIN DEL PAIS EN 1482. JUNTO A ARBOL,1
2026-06-21,CH_115,12,S,50,,S,,62864,Nocturno,2026-06-21 23:00:28,,176861,"POINT (  579511.690053167,   6138038.00854654)",GRACIELA DE GOUVEIA DE MICHELENA Esq. JOSE ENRIQUE MICHELENA ANTES 1618,1
2026-06-21,CH_115,13,S,75,,S,Requiere Limpieza,62864,Nocturno,2026-06-21 23:02:30,,176862,"POINT (  579503.391496709,   6138119.09729822)",GRACIELA DE GOUVEIA DE MICHELENA 1620 EN 1636,1
2026-06-21,CH_115,14,S,25,,S,,62864,Nocturno,2026-06-21 23:03:43,,176863,"POINT (  579482.842690242,   6138213.62180797)",GRACIELA DE GOUVEIA DE MICHELENA Esq. AV SANTIAGO RIVAS EN 1648,1
2026-06-21,CH_115,15,S,25,,S,,62864,Nocturno,2026-06-21 23:03:46,,176864,"POINT (  579479.839403143,   6138216.30895958)",GRACIELA DE GOUVEIA DE MICHELENA Esq. AV SANTIAGO RIVAS EN 1648,1
2026-06-21,CH_115,16,S,25,,S,,62864,Nocturno,2026-06-21 23:17:21,,176865,"POINT (  579520.462812851,   6138284.43615641)",CHALCHAL 1668 EN 1664,1
2026-06-21,CH_115,17,S,75,,S,Requiere Limpieza,62864,Nocturno,2026-06-21 23:19:19,,176866,"POINT (  579534.688909636,   6138242.39013702)",CHALCHAL 1668 FTE A CENTRAL UTE,1
2026-06-21,CH_115,18,S,50,,S,,62864,Nocturno,2026-06-21 23:21:16,,176867,"POINT (  579536.032485444,   6138172.52419504)",GRACIELA DE GOUVEIA DE MICHELENA Esq. AV SANTIAGO RIVAS FTE 1676,1
2026-06-21,CH_115,19,S,50,,S,,62864,Nocturno,2026-06-21 23:21:19,,176868,"POINT (  579539.272874156,   6138155.92708212)",CHALCHAL Esq. JOSE ENRIQUE MICHELENA EN 1636,1
2026-06-21,CH_115,20,S,50,,S,,62864,Nocturno,2026-06-21 23:23:37,,176869,"POINT (  579619.176117765,   6138014.21935137)",CHALCHAL Esq. JAZMIN DEL PAIS EN 1477,1
2026-06-21,CH_115,21,S,100,,S,,62864,Nocturno,2026-06-21 23:24:54,,176870,"POINT (  579661.538272636,   6137946.17118841)",CHALCHAL 1443,1
2026-06-21,CH_115,22,S,75,,S,,62864,Nocturno,2026-06-21 23:24:59,,176871,"POINT (  579662.802814573,   6137944.11630777)",CHALCHAL 1443,1
2026-06-21,CH_115,23,S,100,,S,Requiere Limpieza,62864,Nocturno,2026-06-21 23:29:34,,176872,"POINT (  579811.860695331,   6137966.64096101)",JOSE GESTAL Esq. AV GRAL RIVERA FTE 1411. MURO CIEGO,1
2026-06-21,CH_115,24,S,75,,S,Requiere Limpieza,62864,Nocturno,2026-06-21 23:32:56,,176873,"POINT (  579714.016762999,   6138077.36741432)",JOSE ENRIQUE MICHELENA Esq. JOSE GESTAL BLOCK Q. PDO CURVA,1
2026-06-21,CH_115,25,S,75,,S,,62864,Nocturno,2026-06-21 23:32:59,,176874,"POINT (  579685.090366203,   6138077.36741432)",JOSE ENRIQUE MICHELENA Esq. JOSE GESTAL ANTES 4028,1
2026-06-21,CH_115,26,S,25,,S,,62864,Nocturno,2026-06-21 23:33:58,,176875,"POINT (  579619.808388734,   6138077.05127883)",JOSE ENRIQUE MICHELENA 1605 EN 1603,1
2026-06-21,CH_115,27,S,25,,S,,62864,Nocturno,2026-06-21 23:34:02,,176876,"POINT (  579616.172830666,   6138076.73514335)",JOSE ENRIQUE MICHELENA 1605 EN 1603,1
2026-06-21,CH_115,28,S,75,,S,,62864,Nocturno,2026-06-22 01:34:27,,176877,"POINT (  579367.690340155,   6138431.28108878)",ANDRES AGUIAR 1688 PDO 1685. PUERTA/PUERTA,1
2026-06-21,CH_115,29,S,50,,S,,62864,Nocturno,2026-06-22 01:35:30,,176878,"POINT (  579316.718017166,   6138372.95409196)",JOSE LEGUIZAMON 3813 PDO REBAJE,1
2026-06-21,CH_115,30,S,25,,S,,62864,Nocturno,2026-06-22 01:36:30,,176879,"POINT (  579228.328522743,   6138346.95718184)",JOSE LEGUIZAMON 3777 3777/3773,1
2026-06-21,CH_115,31,S,75,,S,,62864,Nocturno,2026-06-22 01:38:09,,176880,"POINT (  579109.354428174,   6138311.32612267)",JOSE LEGUIZAMON 3741,1
2026-06-21,CH_115,32,S,50,,S,,62864,Nocturno,2026-06-22 01:39:13,,176881,"POINT (  579058.431068930,   6138298.17474461)",JOSE LEGUIZAMON 3711 MURO CIEGO,1
2026-06-21,CH_115,33,S,50,,S,,62864,Nocturno,2026-06-22 01:40:26,,176882,"POINT (  579042.527076854,   6138266.97845246)",FRANCISCO ANZANI 1642 FTE 1640. MURO CIEGO,1
2026-06-21,CH_115,34,S,25,,S,,62864,Nocturno,2026-06-22 02:37:41,,179676,"POINT (  579122.523805863,   6138201.38537270)",MIGUEL MARTINEZ 3720 PDO REBAJE,1
2026-06-21,CH_115,35,N,,Calle Cerrada,S,,62864,Nocturno,2026-06-22 02:38:35,,176884,"POINT (  579228.634368745,   6138232.72370029)",MIGUEL MARTINEZ 3766 MURO LADRILLO,1
2026-06-21,CH_115,36,S,50,,S,,62864,Nocturno,2026-06-21 23:09:30,,176885,"POINT (  579319.547092680,   6138260.70860943)",MIGUEL MARTINEZ 3810 EN 3804. PDO TUNAS,1
2026-06-21,CH_115,37,S,50,,S,,62864,Nocturno,2026-06-21 23:11:10,,176886,"POINT (  579385.533367495,   6138278.90644652)",MIGUEL MARTINEZ 3844 PDO 3844. CERCO MADERA,1
2026-06-21,CH_115,38,S,25,,S,,62864,Nocturno,2026-06-21 23:12:35,,176887,"POINT (  579473.464092916,   6138305.59151014)",MIGUEL MARTINEZ 3874 FTE 3871. PDO REBAJE,1
2026-06-21,CH_115,39,S,25,,S,,62864,Nocturno,2026-06-21 23:13:41,,176888,"POINT (  579513.071150106,   6138348.86871935)",JAIME ESTRAZULAS 1630 FTE 1607,1
2026-06-21,CH_115,40,S,50,,S,,62864,Nocturno,2026-06-21 23:15:01,,176889,"POINT (  579510.624382094,   6138411.26130365)",JOSE LEGUIZAMON 3888 PDO COLUMNA,1
2026-06-21,CH_115,41,S,50,,S,,62864,Nocturno,2026-06-21 23:06:26,,176890,"POINT (  579394.938132040,   6138173.61896051)",AV SANTIAGO RIVAS 1593 EDIFICIO. EN ESQUINA,1
2026-06-21,CH_115,42,S,25,,S,,62864,Nocturno,2026-06-21 23:06:30,,176891,"POINT (  579390.962134021,   6138172.54849950)",JACINTO VERA 3841 EDIFICIO. EN ESQUINA,1
2026-06-21,CH_115,43,S,75,,S,Requiere Limpieza,62864,Nocturno,2026-06-22 00:01:40,,179506,"POINT (  579309.628332013,   6138147.88645248)",JACINTO VERA 3797 EN 3799,1
2026-06-21,CH_115,44,S,25,,S,,62864,Nocturno,2026-06-22 00:02:28,,176893,"POINT (  579226.187600732,   6138123.00144727)",JACINTO VERA 3753,1
2026-06-21,CH_115,45,S,25,,S,,62864,Nocturno,2026-06-22 00:03:39,,176894,"POINT (  579158.825018910,   6138104.42130268)",JACINTO VERA 3725 FTE 3726,1
2026-06-21,CH_115,46,S,50,,S,,62864,Nocturno,2026-06-21 23:57:24,,176895,"POINT (  579183.522083528,   6137980.01844158)",DEMOSTENES 3716 ARBOL/ARBOL,1
2026-06-21,CH_115,47,S,50,,S,,62864,Nocturno,2026-06-21 23:50:56,,176896,"POINT (  579233.374981767,   6137976.42475107)",ESTIVAO 1489 EN 1497. JUNTO A COLUMNA,1
2026-06-21,CH_115,48,S,25,,S,,62864,Nocturno,2026-06-21 23:52:23,,176897,"POINT (  579247.138051832,   6137923.58985431)",ESTIVAO 1459 PDO ARBOL,1
2026-06-21,CH_115,49,S,25,,S,,62864,Nocturno,2026-06-21 23:53:36,,176898,"POINT (  579229.246060747,   6137896.67540618)",FRANCISCO BAUZA 3785,1
2026-06-21,CH_115,50,S,75,,S,,62864,Nocturno,2026-06-21 23:55:09,,176899,"POINT (  579178.781470505,   6137881.30664461)",FRANCISCO BAUZA 3755,1
2026-06-21,E_108,39,S,100,,S,,62864,Nocturno,2026-06-22 02:59:03,,180679,"POINT (  581620.553185876,   6138619.44752769)",RBLA CONCEPCION DEL URUGUAY 1583 EN 1585,2
2026-06-21,E_108,40,S,100,,S,,62864,Nocturno,2026-06-22 03:01:34,,179190,"POINT (  581670.387611571,   6138660.47276665)",RBLA CONCEPCION DEL URUGUAY 1580 EN 1584,2
2026-06-21,E_108,41,S,100,,S,,62864,Nocturno,2026-06-22 03:03:39,,182851,"POINT (  582057.337399346,   6138637.50792157)",RIO DE LA PLATA 1637 EN 1939,2
2026-06-21,E_108,42,S,100,,S,Requiere Limpieza,62864,Nocturno,2026-06-22 03:13:23,,107691,"POINT (  582274.271509050,   6138714.45575570)",MICHIGAN 1665,2
2026-06-21,E_108,43,S,100,,S,Requiere Limpieza,62864,Nocturno,2026-06-22 03:13:29,,183961,"POINT (  582272.549880952,   6138703.79875238)",MICHIGAN 1655,2
2026-06-21,E_108,44,S,100,,S,Requiere Limpieza,62864,Nocturno,2026-06-22 03:07:27,,179178,"POINT (  582166.889605204,   6138755.37495368)",AMAZONAS 1676 EN 1678,2
2026-06-21,E_108,45,,,,S,,62864,Nocturno,,,107699,"POINT (  582085.738091338,   6138792.24378961)",DR JOSE DE AGUIRRE Y LECUBE 4962,2
2026-06-21,E_108,46,,,,S,,62864,Nocturno,,,107700,"POINT (  581999.585359860,   6138795.71300179)",DR JOSE DE AGUIRRE Y LECUBE 4909,2
2026-06-21,E_108,47,,,,S,,62864,Nocturno,,,180103,"POINT (  581756.604873332,   6138805.53264238)",DR JOSE DE AGUIRRE Y LECUBE 4811 ESQ,2
2026-06-21,E_108,48,,,,S,,62864,Nocturno,,,107703,"POINT (  581682.621004440,   6138808.29871058)",DR JOSE DE AGUIRRE Y LECUBE 4785,2
2026-06-21,E_108,49,,,,S,,62864,Nocturno,,,166992,"POINT (  581513.670012108,   6138807.57240890)",ASAMBLEA 4741 VEREDA. FTE 4740,2
2026-06-21,E_108,50,,,,S,,62864,Nocturno,,,107632,"POINT (  581450.358553400,   6138866.42539530)",QUIEBRAYUGOS 4644,2
2026-06-21,E_108,51,,,,S,,62864,Nocturno,,,107693,"POINT (  581613.949467140,   6138867.19494008)",QUIEBRAYUGOS 4736,2
2026-06-21,E_108,52,,,,S,,62864,Nocturno,,,120174,"POINT (  581691.401846181,   6138867.98520256)",QUIEBRAYUGOS 4756 EN 4764,2
2026-06-21,E_108,53,,,,S,,62864,Nocturno,,,165812,"POINT (  581758.326798357,   6138868.28576372)",QUIEBRAYUGOS 4808,2
2026-06-21,E_108,54,,,,S,,62864,Nocturno,,,107636,"POINT (  581419.028194453,   6138966.86336975)",AV ESTANISLAO LOPEZ 4540,2
2026-06-21,E_108,55,,,,S,,62864,Nocturno,,,107678,"POINT (  581547.631791545,   6138972.66310708)",AV ESTANISLAO LOPEZ 4606 EN 4606,2
2026-06-21,E_108,56,,,,S,,62864,Nocturno,,,180104,"POINT (  581563.254306954,   6138972.33684651)",AV ESTANISLAO LOPEZ 4716 EN 4716,2
2026-06-21,E_108,57,,,,S,,62864,Nocturno,,,181530,"POINT (  581817.117020879,   6138994.18372528)",AV ESTANISLAO LOPEZ 4836 EN 4836,2
2026-06-21,E_108,58,,,,S,,62864,Nocturno,,,107697,"POINT (  581820.283173163,   6138994.19937517)",AV ESTANISLAO LOPEZ 4836 EN 4826,2
2026-06-21,E_108,59,,,,S,,62864,Nocturno,,,179022,"POINT (  581823.280406239,   6138994.40608090)",AV ESTANISLAO LOPEZ 4836 EN 4826,2
2026-06-21,E_108,60,,,,S,,62864,Nocturno,,,107698,"POINT (  582011.804494610,   6138933.17826773)",AV ENRIQUE LEGRAND 4910,2
2026-06-21,E_108,61,,,,S,,62864,Nocturno,,,180105,"POINT (  582119.599009896,   6138878.46672015)",AV ENRIQUE LEGRAND 4972,2
2026-06-21,E_108,62,,,,S,,62864,Nocturno,,,107616,"POINT (  582225.150587350,   6138827.11617810)",AV ENRIQUE LEGRAND 5026,2
2026-06-21,CH_113,1,S,100,,S,,62870,Nocturno,2026-06-21 23:51:04,,176729,"POINT (  578571.327038624,   6137575.91860069)",MARCO BRUTO 1418 EN 1412. MURO. ARBOL/COLUMNA,0
2026-06-21,CH_113,2,S,100,,S,,62870,Nocturno,2026-06-21 23:51:13,,177268,"POINT (  578570.711199557,   6137577.76611789)",MARCO BRUTO 1418 EN 1412,0
2026-06-21,CH_113,3,S,100,,S,,62870,Nocturno,2026-06-21 23:57:09,,176730,"POINT (  578547.891972014,   6137657.78029660)",MARCO BRUTO 1440 EDIFICIO,0
2026-06-21,CH_113,4,S,75,,S,,62870,Nocturno,2026-06-21 23:59:32,,180652,"POINT (  578514.726966781,   6137769.48455996)",MARCO BRUTO 1496,0
2026-06-21,CH_113,5,S,100,,S,,62870,Nocturno,2026-06-22 00:04:23,,176732,"POINT (  578502.576067874,   6137814.64304169)",MARCO BRUTO 1508 EN 1508/1504,0
2026-06-21,CH_113,6,S,75,,S,,62870,Nocturno,2026-06-22 00:07:08,,176733,"POINT (  578478.175196415,   6137895.47092841)",MARCO BRUTO Esq. LIBER ARCE ESQ,0
2026-06-21,CH_113,7,S,100,,S,,62870,Nocturno,2026-06-22 00:09:31,,176734,"POINT (  578377.957331491,   6137888.71711577)",LIBER ARCE 3401 ARBOL/COLUMNA,0
2026-06-21,CH_113,8,S,50,,S,,62870,Nocturno,2026-06-22 00:10:58,,176735,"POINT (  578369.896329312,   6137856.90883690)",JULIO CESAR 1539 EN 1541. MURO,0
2026-06-21,CH_113,9,S,100,,S,,62870,Nocturno,2026-06-22 00:12:26,,176736,"POINT (  578390.375632144,   6137776.73454496)",JULIO CESAR 1507 CASA DE LADRILLOS,0
2026-06-21,CH_113,10,S,75,,S,,62870,Nocturno,2026-06-22 00:15:11,,176737,"POINT (  578421.748181164,   6137676.73454496)",JULIO CESAR 1455 VEREDA. FTE 1456,0
2026-06-21,CH_113,11,S,100,,S,,62870,Nocturno,2026-06-22 00:18:39,,176738,"POINT (  578455.735109268,   6137567.14848832)",JULIO CESAR 1421,0
2026-06-21,CH_113,12,S,100,,S,,62870,Nocturno,2026-06-22 00:18:44,,176739,"POINT (  578465.974760685,   6137529.02212666)",JULIO CESAR 1402 EN 1407. EDIFICIO,0
2026-06-21,CH_113,13,S,75,,S,,62870,Nocturno,2026-06-22 00:21:38,,176740,"POINT (  578365.212233452,   6137486.75633145)",BERNARDINA FRAGOSO DE RIVERA 1406 EN 1408,0
2026-06-21,CH_113,14,S,100,,S,,62870,Nocturno,2026-06-22 00:28:43,,176741,"POINT (  578342.663213844,   6137571.72365171)",BERNARDINA FRAGOSO DE RIVERA 1432 EN 1430. MURO BLANCO,0
2026-06-21,CH_113,15,S,100,,S,,62870,Nocturno,2026-06-22 00:28:49,,176742,"POINT (  578321.203518855,   6137663.11798722)",BERNARDINA FRAGOSO DE RIVERA 1460 EN 1460/1462,0
2026-06-21,CH_113,16,S,100,,S,Basura Afuera,62870,Nocturno,2026-06-22 00:31:35,,176743,"POINT (  578289.830969835,   6137776.84347742)",BERNARDINA FRAGOSO DE RIVERA 1520,0
2026-06-21,CH_113,17,S,75,,S,,62870,Nocturno,2026-06-22 00:33:52,,176744,"POINT (  578263.905043909,   6137880.11145128)",BERNARDINA FRAGOSO DE RIVERA 1562 MURO VEGETAL,0
2026-06-21,CH_113,18,S,100,,S,,62870,Nocturno,2026-06-22 00:35:56,,176745,"POINT (  578230.571710576,   6138006.90883690)",BERNARDINA FRAGOSO DE RIVERA 1624,0
2026-06-21,CH_113,19,S,100,,S,,62870,Nocturno,2026-06-22 00:46:38,,176746,"POINT (  578209.112015587,   6138091.65829223)",BERNARDINA FRAGOSO DE RIVERA 1654 EN 1656,0
2026-06-21,CH_113,20,S,100,,S,,62870,Nocturno,2026-06-22 00:46:24,,176747,"POINT (  578192.881078768,   6138152.33367350)",BERNARDINA FRAGOSO DE RIVERA 1688 EN 1690/1692,0
2026-06-21,CH_113,21,S,100,,S,Basura Afuera,62870,Nocturno,2026-06-22 00:53:10,,176748,"POINT (  578270.485567538,   6138184.26075665)",JULIO CESAR 1697 EN 1699. ESQ,0
2026-06-21,CH_113,22,S,100,,S,,62870,Nocturno,2026-06-22 00:49:04,,176749,"POINT (  578291.945262527,   6138109.53308780)",JULIO CESAR 1651,0
2026-06-21,CH_113,23,S,100,,S,,62870,Nocturno,2026-06-22 00:53:20,,176750,"POINT (  578322.446351852,   6138001.58101809)",JULIO CESAR 1613,0
2026-06-21,CH_113,24,S,100,,S,,62870,Nocturno,2026-06-22 00:57:59,,177006,"POINT (  578194.182137037,   6137840.89091198)",LIBER ARCE 3311 FTE 3322,0
2026-06-21,CH_113,25,S,75,,S,,62870,Nocturno,2026-06-22 01:01:38,,176752,"POINT (  578108.611929194,   6137817.26729260)",LIBER ARCE 3281 MURO,0
2026-06-21,CH_113,26,S,50,,S,,62870,Nocturno,2026-06-22 01:01:44,,176753,"POINT (  578073.753541395,   6137808.33483072)",LIBER ARCE 3243 EN 3247. EDIFICIO,0
2026-06-21,CH_113,27,S,50,,S,,62870,Nocturno,2026-06-22 01:02:50,,176754,"POINT (  578017.685620915,   6137793.05276536)",LIBER ARCE 3223 EN 3223/MURO,0
2026-06-21,CH_113,28,,,,S,,62870,Nocturno,,,176755,"POINT (  578235.877342048,   6137488.91333181)",DOLORES PEREIRA DE ROSELL 1420 EN 1420/1422. EDIFICIO,0
2026-06-21,CH_113,29,,,,S,,62870,Nocturno,,,176756,"POINT (  578220.844662310,   6137545.34034706)",DOLORES PEREIRA DE ROSELL 1430 CERCO TABLAS,0
2026-06-21,CH_113,30,,,,S,,62870,Nocturno,,,177289,"POINT (  578215.473649238,   6137569.95737103)",DOLORES PEREIRA DE ROSELL 1436 EN 1438,0
2026-06-21,CH_113,31,,,,S,,62870,Nocturno,,,176758,"POINT (  578193.611546841,   6137654.70853878)",DOLORES PEREIRA DE ROSELL 1474 MURO GRIS,0
2026-06-21,CH_113,32,,,,S,,62870,Nocturno,,,176759,"POINT (  578167.685620915,   6137755.79786340)",DOLORES PEREIRA DE ROSELL 1524 MURO,0
2026-06-21,CH_113,33,,,,S,,62870,Nocturno,,,176760,"POINT (  578136.095206972,   6137879.54514009)",DOLORES PEREIRA DE ROSELL 1590 EN 1592. MURO,0
2026-06-21,CH_113,34,N,,Auto,S,,62870,Nocturno,2026-06-22 00:45:45,,176761,"POINT (  578114.526579521,   6137969.30548867)",DOLORES PEREIRA DE ROSELL 1618,0
2026-06-21,CH_113,35,,,,S,,62870,Nocturno,,,176762,"POINT (  578061.422004358,   6138055.25320109)",4 DE JULIO 3279 EN 3281,0
2026-06-21,CH_113,36,,,,S,,62870,Nocturno,,,177481,"POINT (  578059.537457775,   6138054.98942826)",4 DE JULIO 3279 EN 3281. PROV A,0
2026-06-21,CH_112,1,S,100,,S,,62870,Nocturno,2026-06-22 01:18:46,,177030,"POINT (  577490.435055556,   6137417.69121111)",RAFAEL PASTORIZA 1416 FTE 1413. EDIFICIO,1
2026-06-21,CH_112,2,S,100,,S,,62870,Nocturno,2026-06-22 01:19:17,,177384,"POINT (  577489.920467797,   6137422.41588305)",RAFAEL PASTORIZA 1416 FTE 1413. EDIFICIO,1
2026-06-21,CH_112,3,S,100,,S,,62870,Nocturno,2026-06-22 01:20:52,,177031,"POINT (  577479.879500000,   6137496.02454445)",RAFAEL PASTORIZA 1444 FTE 1443. EDIFICIO,1
2026-06-21,CH_112,4,S,75,,S,,62870,Nocturno,2026-06-22 01:22:26,,176681,"POINT (  577461.000645098,   6137667.43885294)",RAFAEL PASTORIZA 1508 PDO COLUMNA,1
2026-06-21,CH_112,5,S,50,,S,,62870,Nocturno,2026-06-22 01:24:09,,176682,"POINT (  577445.238955806,   6137788.32874736)",RAFAEL PASTORIZA 1552 EN 1554. ARBOL/COLUMNA,1
2026-06-21,CH_112,6,S,50,,S,,62870,Nocturno,2026-06-22 01:25:54,,176683,"POINT (  577474.198231825,   6137836.44337782)",FRANCISCO LLAMBI 1585,1
2026-06-21,CH_112,7,S,75,,S,,62870,Nocturno,2026-06-22 01:27:14,,176684,"POINT (  577487.094159426,   6137800.01803845)",FRANCISCO LLAMBI 1551 ESQ. ARBOL/COLUMNA,1
2026-06-21,CH_112,8,S,100,,S,,62870,Nocturno,2026-06-22 01:30:19,,176685,"POINT (  577531.136391704,   6137671.66208069)",FRANCISCO LLAMBI 1515 MURO VEGETAL,1
2026-06-21,CH_112,9,S,100,,S,,62870,Nocturno,2026-06-22 02:35:28,,176686,"POINT (  577558.339154778,   6137541.30382183)",FRANCISCO LLAMBI 1459 CASA ABANDONADA,1
2026-06-21,CH_112,10,S,100,,S,,62870,Nocturno,2026-06-22 02:38:45,,176687,"POINT (  577575.889193792,   6137404.35867844)",FRANCISCO LLAMBI 1403 EN 1405. MURO VEGETAL,1
2026-06-21,CH_112,11,S,100,,S,,62870,Nocturno,2026-06-22 02:38:51,,176688,"POINT (  577576.038894391,   6137401.21496587)",FRANCISCO LLAMBI 1403 EN 1405. MURO VEGETAL,1
2026-06-21,CH_112,12,S,100,,S,,62870,Nocturno,2026-06-22 02:42:24,,176689,"POINT (  577669.802870659,   6137423.21995270)",EDUARDO MAC EACHEN 1412 EN 1414. EST 45,1
2026-06-21,CH_112,13,S,100,,S,,62870,Nocturno,2026-06-22 02:42:30,,176690,"POINT (  577666.060355688,   6137451.43851557)",EDUARDO MAC EACHEN 1426 EDIFICIO. EST 45,1
2026-06-21,CH_112,14,S,75,,S,,62870,Nocturno,2026-06-22 02:44:29,,176691,"POINT (  577651.901437875,   6137559.00947637)",EDUARDO MAC EACHEN 1460 FTE 1461. CASA GRIS/CASA ROJA,1
2026-06-21,CH_112,15,S,100,,S,,62870,Nocturno,2026-06-22 02:46:13,,176692,"POINT (  577644.499625186,   6137612.67261836)",EDUARDO MAC EACHEN 1488 ARBUSTO/ARBUSTO. MURO ROJO Y REJA MARRON,1
2026-06-21,CH_112,16,S,100,,S,,62870,Nocturno,2026-06-22 02:48:09,,176693,"POINT (  577626.467429668,   6137741.92614930)",EDUARDO MAC EACHEN Esq. LIBER ARCE FTE 1557. MURO CIEGO,1
2026-06-21,CH_112,17,S,75,,S,,62870,Nocturno,2026-06-22 02:49:50,,176694,"POINT (  577698.672810252,   6137813.25597583)",FELICIANO RODRIGUEZ 3086 EN 3088. ANTES DE ARBUSTO,1
2026-06-21,CH_112,18,S,100,,S,,62870,Nocturno,2026-06-22 02:53:25,,176695,"POINT (  577826.865749060,   6137821.55453229)",2 DE MAYO 1583 EN 1591,1
2026-06-21,CH_112,19,S,50,,S,,62870,Nocturno,2026-06-22 02:54:54,,176696,"POINT (  577835.638508744,   6137745.44491449)",2 DE MAYO 1539 EN 1541. ESQ,1
2026-06-21,CH_112,20,S,100,,S,,62870,Nocturno,2026-06-22 02:56:42,,176697,"POINT (  577845.596776493,   6137663.56582410)",2 DE MAYO 1495 FTE 1496. ESQ,1
2026-06-21,CH_112,21,S,100,,S,,62870,Nocturno,2026-06-22 02:58:53,,176698,"POINT (  577860.139008762,   6137545.96342401)",2 DE MAYO 1447 ESQ,1
2026-06-21,CH_112,22,S,100,,S,,62870,Nocturno,2026-06-22 03:00:28,,180277,"POINT (  577871.195647458,   6137451.88637062)",2 DE MAYO 1421,1
2026-06-21,CH_112,23,S,100,,S,,62870,Nocturno,2026-06-22 03:06:28,,182258,"POINT (  577780.434678840,   6137416.88391081)",14 DE JULIO 1410,1
2026-06-21,CH_112,24,N,,Buzonera Girada,S,,62870,Nocturno,2026-06-22 03:06:47,,182259,"POINT (  577780.320913197,   6137417.85091877)",14 DE JULIO 1410,1
2026-06-21,CH_112,25,S,100,,S,,62870,Nocturno,2026-06-22 03:12:31,,176702,"POINT (  577767.432278047,   6137526.40254093)",14 DE JULIO 1448,1
2026-06-21,CH_112,26,S,100,,S,,62870,Nocturno,2026-06-22 03:12:37,,176703,"POINT (  577764.626575625,   6137566.63078128)",14 DE JULIO 1458 FTE 1451. MURO VERDE,1
2026-06-21,CH_112,27,,,,S,,62870,Nocturno,,,176704,"POINT (  577751.190817550,   6137690.79299267)",14 DE JULIO 1516 1510/1516,1
2026-06-21,CH_112,28,,,,S,,62870,Nocturno,,,176705,"POINT (  577741.469651414,   6137760.02666369)",14 DE JULIO 1554 ESQ,1
2026-06-21,CH_112,29,,,,S,,62870,Nocturno,,,176706,"POINT (  577922.173620999,   6137843.41584416)",FELICIANO RODRIGUEZ 3186 PDO 3186. GARAJE/COLUMNA,1
2026-06-21,CH_112,30,S,75,,S,,62870,Nocturno,2026-06-22 03:17:02,,176707,"POINT (  577966.948793956,   6137744.37084143)",ALEJO ROSELL Y RIUS 1529 EN 1533,1
2026-06-21,CH_112,31,S,50,,S,,62870,Nocturno,2026-06-22 01:07:46,,176708,"POINT (  577975.003803779,   6137666.37477071)",ALEJO ROSELL Y RIUS 1489,1
2026-06-21,CH_112,32,S,75,,S,,62870,Nocturno,2026-06-22 01:09:56,,176709,"POINT (  577987.528361736,   6137542.70090037)",ALEJO ROSELL Y RIUS 1437 1439/1437. ESQ,1
2026-06-21,CH_112,33,S,100,,S,Basura Afuera,62870,Nocturno,2026-06-22 01:11:58,,176710,"POINT (  577993.422271362,   6137484.54765872)",ALEJO ROSELL Y RIUS 1429 VENTANA/VENTANA,1
2026-06-21,CH_112,34,,,,S,,62870,Nocturno,,,176711,"POINT (  577613.068636785,   6137851.44353299)",EDUARDO MAC EACHEN 1646 FTE 1641,1
2026-06-21,CH_112,35,,,,S,,62870,Nocturno,,,176712,"POINT (  577598.039167237,   6137950.65767837)",EDUARDO MAC EACHEN 1678 EN 1680,1
2026-06-21,CH_112,36,,,,S,,62870,Nocturno,,,177370,"POINT (  577681.972734423,   6138026.13440937)",DR ALFREDO VIDAL Y FUENTES 3092 FTE 3115,1
2026-06-21,CH_112,37,,,,S,,62870,Nocturno,,,176713,"POINT (  577685.170797885,   6138027.67143083)",DR ALFREDO VIDAL Y FUENTES 3092 FTE 3115,1
2026-06-21,CH_112,38,,,,S,,62870,Nocturno,,,176714,"POINT (  577817.734648573,   6138094.02703004)",DR ALFREDO VIDAL Y FUENTES 3158 EN 3160,1
2026-06-21,CH_112,39,,,,S,,62870,Nocturno,,,176715,"POINT (  577613.918672888,   6138244.49540020)",DR ATILIO NARANCIO 3106 3108/3106,1
2026-06-21,CH_112,40,,,,S,,62870,Nocturno,,,176716,"POINT (  577725.117101179,   6138252.15748271)",DR ATILIO NARANCIO 3146 EN 3150. ESQ,1
2026-06-21,CH_112,41,,,,S,,62870,Nocturno,,,176717,"POINT (  577739.753643418,   6138177.99245324)",MANUEL ALONSO 1705 ANTES 1705. MURO,1
2026-06-21,CH_112,42,,,,S,,62870,Nocturno,,,176718,"POINT (  577932.680951866,   6138115.71347486)",ALEJO ROSELL Y RIUS Esq. CDRO COE,1
2026-06-21,CH_112,43,,,,S,,62870,Nocturno,,,176719,"POINT (  577926.394114932,   6138025.92958488)",4 DE JULIO Esq. ALEJO ROSELL Y RIUS EN 3191. VENTANA TAPEADA. MURO,1
2026-06-21,CH_112,44,,,,S,,62870,Nocturno,,,180833,"POINT (  577841.715372332,   6137984.14298288)",4 DE JULIO 3155 EN 3153,1
2026-06-21,CH_112,45,,,,S,,62870,Nocturno,,,176720,"POINT (  577822.268378193,   6138007.06907407)",MANUEL ALONSO 1662 ANTES 1666,1
2026-06-21,E_108,63,,,,S,,62870,Nocturno,,,180106,"POINT (  582334.432972540,   6138774.81275410)",AV ENRIQUE LEGRAND 5076 EN 5076,2
2026-06-21,E_108,64,,,,S,,62870,Nocturno,,,109872,"POINT (  582329.693568193,   6139013.25643108)",MICHIGAN 1796 1796 FTE PROA,2
2026-06-21,E_108,65,,,,S,,62870,Nocturno,,,107690,"POINT (  582291.522300560,   6138910.16395236)",MICHIGAN 1757 EN 1763,2
2026-06-21,E_108,66,,,,S,,62870,Nocturno,,,180065,"POINT (  582186.476833987,   6138914.42122920)",AMAZONAS 1706 EN 1706,2
2026-06-21,E_108,67,,,,S,,62870,Nocturno,,,107628,"POINT (  582200.223552460,   6139009.67005127)",AMAZONAS 1744,2
2026-06-21,E_108,68,,,,S,,62870,Nocturno,,,107684,"POINT (  582041.372386114,   6139098.75010707)",AV ESTANISLAO LOPEZ 4895 EN 4897,2
2026-06-21,E_108,69,,,,S,,62870,Nocturno,,,107627,"POINT (  581990.103783757,   6139061.10694407)",AV ESTANISLAO LOPEZ 4881 4869/4871,2
2026-06-21,E_108,70,,,,S,,62870,Nocturno,,,181529,"POINT (  581985.578559340,   6139059.01889011)",AV ESTANISLAO LOPEZ 4881 EN 4881,2
2026-06-21,E_108,71,,,,S,,62870,Nocturno,,,107681,"POINT (  581665.047170397,   6138998.59187192)",AV ESTANISLAO LOPEZ Esq. RBLA CONCEPCION DEL URUGUAY,2
2026-06-21,E_108,72,,,,S,,62870,Nocturno,,,107682,"POINT (  581662.256643050,   6138998.59187192)",AV ESTANISLAO LOPEZ Esq. RBLA CONCEPCION DEL URUGUAY,2
2026-06-21,E_108,73,,,,S,,62870,Nocturno,,,179183,"POINT (  581659.466115703,   6138998.54019549)",AV ESTANISLAO LOPEZ Esq. RBLA CONCEPCION DEL URUGUAY,2
2026-06-21,E_108,74,,,,S,,62870,Nocturno,,,180107,"POINT (  581557.986085578,   6139007.77760850)",AV ESTANISLAO LOPEZ 4711 EN 4703,2
2026-06-21,E_108,75,,,,S,,62870,Nocturno,,,107676,"POINT (  581434.518677235,   6139000.88549973)",AV ESTANISLAO LOPEZ 4639 EN 4653,2
2026-06-21,E_108,76,,,,S,,62870,Nocturno,,,181285,"POINT (  582092.070631373,   6139199.69965186)",SEGOVIA 1883,2
2026-06-21,E_108,77,,,,S,,62870,Nocturno,,,168352,"POINT (  582092.106940538,   6139160.52646353)",SEGOVIA 1851,2
2026-06-21,E_108,78,,,,N,,62870,Nocturno,,,179186,"POINT (  582004.811998335,   6139131.75266938)",VALIENTE 4905,2
2026-06-21,E_108,79,,,,S,,62870,Nocturno,,,107689,"POINT (  582001.649054713,   6139131.88211037)",VALIENTE 4905,2
2026-06-21,E_108,80,,,,S,,62870,Nocturno,,,183625,"POINT (  581915.333215254,   6139136.42285989)",VALIENTE 4865 PDO PORTON,2
2026-06-21,E_108,81,,,,S,,62870,Nocturno,,,183624,"POINT (  581912.395362147,   6139136.64884859)",VALIENTE 4865 PDO PORTON,2
2026-06-21,E_108,82,,,,S,,62870,Nocturno,,,179187,"POINT (  581748.333139702,   6139079.25465301)",VICTOR RAUL HAYA DE LA TORRE 1879 FTE 1824,2
2026-06-21,E_108,83,,,,S,,62870,Nocturno,,,107683,"POINT (  581745.235585839,   6139021.50079407)",VICTOR RAUL HAYA DE LA TORRE 1809,2
2026-06-21,E_108,84,,,,S,,62870,Nocturno,,,107680,"POINT (  581745.581995314,   6139016.53559159)",VICTOR RAUL HAYA DE LA TORRE 1809,2
2026-06-21,E_108,85,,,,S,,62870,Nocturno,,,184118,"POINT (  581669.156065440,   6139133.36685920)",OVIEDO 4779,2
2026-06-21,E_108,86,,,,S,,62870,Nocturno,,,176246,"POINT (  581667.329198752,   6139133.06564506)",OVIEDO 4779,2
2026-06-21,E_108,87,,,,S,,62870,Nocturno,,,176245,"POINT (  581665.967110216,   6139133.00889138)",OVIEDO 4779,2
2026-06-21,E_108,88,,,,S,,62870,Nocturno,,,184119,"POINT (  581664.808239354,   6139132.80944560)",OVIEDO 4779,2
2026-06-21,E_108,89,,,,S,,62870,Nocturno,,,179021,"POINT (  581597.599851412,   6139129.39924916)",OVIEDO 4730 EN 4729,2
2026-06-21,E_108,90,,,,S,,62870,Nocturno,,,176243,"POINT (  581579.305447123,   6139127.50209354)",OVIEDO 4716 FTE 4716,2
2026-06-21,E_108,91,,,,S,,62870,Nocturno,,,107671,"POINT (  581447.647043190,   6139124.04115253)",OVIEDO 4677 PDO 4677,2
2026-06-21,C_102,100,S,100,,S,,62871,Nocturno,2026-06-21 22:33:39,26,181039,"POINT (  575171.079244662,   6139404.76607995)",DEMOCRACIA 2388 MURO. ESQ,0
2026-06-21,C_102,101,S,100,,S,,62871,Nocturno,2026-06-21 22:37:01,26,181615,"POINT (  575157.861986567,   6139523.98983731)",DEMOCRACIA 2444,0
2026-06-21,C_102,102,S,100,,S,,62871,Nocturno,2026-06-21 22:38:15,26,134033,"POINT (  575157.624103302,   6139525.90449668)",DEMOCRACIA 2444 PDO 2444,0
2026-06-21,C_102,103,S,100,,S,,62871,Nocturno,2026-06-21 22:39:33,26,134034,"POINT (  575153.388809185,   6139566.72802609)",DEMOCRACIA 2452 ARBOL/COLUMNA,0
2026-06-21,C_102,104,S,100,,S,"Basura Afuera, Requiere Limpieza",62871,Nocturno,2026-06-21 22:43:58,26,134035,"POINT (  575144.447632714,   6139647.55155550)",DEMOCRACIA 2490,0
2026-06-21,C_102,105,S,100,,S,,62871,Nocturno,2026-06-21 22:46:11,26,181571,"POINT (  575230.366110458,   6139669.17920872)",CONSTITUCION 2443 FTE 2448,0
2026-06-21,C_102,106,S,100,,S,,62871,Nocturno,2026-06-21 22:48:55,26,181722,"POINT (  575240.934727451,   6139582.08168802)",CONSTITUCION 2407 PDO 2407,0
2026-06-21,C_102,107,S,100,,S,"Basura Afuera, Requiere Limpieza",62871,Nocturno,2026-06-21 22:50:39,26,134031,"POINT (  575245.407167448,   6139543.40312980)",CONSTITUCION 2393,0
2026-06-21,C_102,108,S,100,,S,"Basura Afuera, Requiere Limpieza",62871,Nocturno,2026-06-21 22:51:07,26,134032,"POINT (  575250.905786848,   6139503.31642062)",CONSTITUCION 2377,0
2026-06-21,C_102,109,S,100,,S,"Basura Afuera, Requiere Limpieza",62871,Nocturno,2026-06-21 22:53:58,26,134029,"POINT (  575262.212338597,   6139398.02214374)",CONSTITUCION 2341 BIS,0
2026-06-21,C_102,110,S,100,,S,Basura Afuera,62871,Nocturno,2026-06-21 22:55:14,26,183014,"POINT (  575273.606607910,   6139314.19680622)",CONSTITUCION 2307 EN 2303/2307,0
2026-06-21,C_102,111,S,100,,S,,62871,Nocturno,2026-06-21 22:56:51,26,183747,"POINT (  575279.801691228,   6139226.00594035)",CONSTITUCION 2267,0
2026-06-21,C_102,112,S,100,,S,,62871,Nocturno,2026-06-21 22:57:49,26,183748,"POINT (  575280.130638596,   6139225.12874737)",CONSTITUCION 2261,0
2026-06-21,C_102,1,S,50,,S,Requiere Mantenimiento,62871,Nocturno,2026-06-22 01:00:37,22,134664,"POINT (  574335.824558786,   6140230.42512798)",GUADALUPE 1469,1
2026-06-21,C_102,2,S,75,,S,,62871,Nocturno,2026-06-22 01:02:20,22,180420,"POINT (  574334.219297838,   6140229.65569659)",GUADALUPE 1469,1
2026-06-21,C_102,3,S,75,,S,,62871,Nocturno,2026-06-22 01:03:50,22,181755,"POINT (  574281.420595093,   6140091.64560914)",CONCEPCION ARENAL 1468 ANTES DE GOMERIA,1
2026-06-21,C_102,4,N,,Contenedor No Está,S,,62871,Nocturno,2026-06-22 01:02:37,,180193,"POINT (  574340.397176104,   6140078.13612653)",CONCEPCION ARENAL Esq. AV GRAL SAN MARTIN ESQ.,1
2026-06-21,C_102,5,N,,Contenedor No Está,S,,62871,Nocturno,2026-06-22 01:02:44,,180192,"POINT (  574346.809147570,   6140078.13612653)",CONCEPCION ARENAL Esq. AV GRAL SAN MARTIN ESQ. (RETIRAR VIEJO DE  AV GRAL SAN MARTIN 2515),1
2026-06-21,C_102,6,S,75,,S,,62871,Nocturno,2026-06-22 01:05:37,22,183874,"POINT (  574351.901415049,   6139999.08508277)",AV GRAL SAN MARTIN 2523,1
2026-06-21,C_102,7,S,100,,S,,62871,Nocturno,2026-06-22 01:06:40,22,183873,"POINT (  574351.683312541,   6139986.54418855)",AV GRAL SAN MARTIN 2515,1
2026-06-21,C_102,8,S,75,,S,,62871,Nocturno,2026-06-22 01:07:57,22,134004,"POINT (  574384.974872885,   6139941.29743222)",CARLOS REYLES 1508 COLUMNA/ARBOL,1
2026-06-21,C_102,9,S,75,,S,,62871,Nocturno,2026-06-22 01:09:00,22,183024,"POINT (  574397.205805085,   6139935.74678927)",CARLOS REYLES 1518 FTE 1513,1
2026-06-21,C_102,10,S,100,,S,"Basura Afuera, Requiere Limpieza",62871,Nocturno,2026-06-22 01:11:17,22,134002,"POINT (  574472.305381360,   6139899.94150002)",CARLOS REYLES 1546 ANTES COLUMNA,1
2026-06-21,C_102,11,S,100,,S,,62871,Nocturno,2026-06-22 01:14:29,22,134005,"POINT (  574582.239834828,   6139848.31067706)",CARLOS REYLES Esq. ROCHA MURO. BAJAR A CALLE,1
2026-06-21,C_102,12,S,75,,S,,62871,Nocturno,2026-06-22 01:14:34,22,181895,"POINT (  574584.414528540,   6139847.11503878)",CARLOS REYLES 1603,1
2026-06-21,C_102,13,S,100,,S,,62871,Nocturno,2026-06-22 01:17:39,22,173372,"POINT (  574746.588514125,   6139770.24598136)",CARLOS REYLES 1715 FTE 1715,1
2026-06-21,C_102,14,S,75,,S,,62871,Nocturno,2026-06-22 01:18:53,22,134064,"POINT (  574788.897836159,   6139750.65558588)",CARLOS REYLES 1742,1
2026-06-21,C_102,15,S,100,,S,"Basura Afuera, Requiere Limpieza",62871,Nocturno,2026-06-22 01:22:41,22,134006,"POINT (  574934.547553674,   6139681.61603786)",CARLOS REYLES 1806 ARBOL/ARBOL,1
2026-06-21,C_102,16,S,100,,S,,62871,Nocturno,2026-06-22 01:24:04,22,181896,"POINT (  574938.197098039,   6139679.89671917)",CARLOS REYLES 1806,1
2026-06-21,C_102,17,N,,Contenedor No Está,S,,62871,Nocturno,2026-06-22 01:25:04,,133994,"POINT (  574996.807440679,   6139652.74598136)",CARLOS REYLES 1846 EN 1844. ANTES ARBOL,1
2026-06-21,C_102,18,S,100,,S,"Basura Afuera, Requiere Limpieza",62871,Nocturno,2026-06-22 01:26:19,22,134007,"POINT (  575042.005180792,   6139630.88157458)",CARLOS REYLES 1868,1
2026-06-21,C_102,19,S,100,,S,,62871,Nocturno,2026-06-22 01:28:26,22,181897,"POINT (  574959.295570370,   6139567.29593856)",DR DOMINGO ARAMBURU 1747,1
2026-06-21,C_102,20,S,100,,S,,62871,Nocturno,2026-06-22 01:29:17,22,134084,"POINT (  574957.250023251,   6139568.22259888)",DR DOMINGO ARAMBURU 1747 EN 1749,1
2026-06-21,C_102,21,S,100,,S,,62871,Nocturno,2026-06-22 01:30:43,22,134083,"POINT (  574908.370529193,   6139590.35426761)",DR DOMINGO ARAMBURU 1715 EN 1715/1719,1
2026-06-21,C_102,22,S,100,,S,,62871,Nocturno,2026-06-22 01:32:04,22,136972,"POINT (  574833.747177029,   6139625.56142392)",DR DOMINGO ARAMBURU 1677 EN 1679,1
2026-06-21,C_102,23,S,100,,S,"Basura Afuera, Requiere Limpieza",62871,Nocturno,2026-06-22 01:34:57,22,182087,"POINT (  574759.878862309,   6139660.42641416)",DR DOMINGO ARAMBURU 1643 EN 1643,1
2026-06-21,C_102,24,S,100,,S,"Basura Afuera, Requiere Limpieza",62871,Nocturno,2026-06-22 01:36:42,22,179074,"POINT (  574590.159319607,   6139740.19788736)",DR DOMINGO ARAMBURU 1529 EN 1537,1
2026-06-21,C_102,25,S,100,,S,,62871,Nocturno,2026-06-22 01:37:54,22,134082,"POINT (  574510.695211868,   6139777.22963561)",DR DOMINGO ARAMBURU 1489,1
2026-06-21,C_102,26,S,100,,S,,62871,Nocturno,2026-06-22 01:39:41,22,134039,"POINT (  574445.781075393,   6139807.39758208)",DR DOMINGO ARAMBURU 1445 EN 1447,1
2026-06-21,C_102,27,S,100,,S,"Basura Afuera, Requiere Limpieza",62871,Nocturno,2026-06-22 01:41:55,22,181898,"POINT (  574318.876905664,   6139867.53179608)",DR DOMINGO ARAMBURU 1385,1
2026-06-21,C_102,28,S,100,,S,"Basura Afuera, Requiere Limpieza",62871,Nocturno,2026-06-22 01:43:00,22,134038,"POINT (  574312.051144071,   6139870.44997459)",DR DOMINGO ARAMBURU 1381 EN 1389,1
2026-06-21,C_102,29,S,100,,S,,62871,Nocturno,2026-06-22 01:44:16,22,180419,"POINT (  574266.528740387,   6139893.25069090)",DR DOMINGO ARAMBURU 1361 EN 1359/1361,1
2026-06-21,C_102,30,S,100,,S,,62871,Nocturno,2026-06-22 01:45:50,22,133996,"POINT (  574278.830805088,   6139753.50082205)",BLANDENGUES 1414 EN 1412. MURO,1
2026-06-21,C_102,31,S,75,,S,,62871,Nocturno,2026-06-22 01:47:00,22,133997,"POINT (  574329.547970152,   6139730.62679586)",BLANDENGUES 1440 (AJUSTAR POSICION FTE AL 1477),1
2026-06-21,C_102,32,S,100,,S,"Basura Afuera, Requiere Limpieza",62871,Nocturno,2026-06-22 01:48:06,22,133995,"POINT (  574427.474872885,   6139684.17878815)",BLANDENGUES 1508 PDO 1508. MURO,1
2026-06-21,C_102,33,S,75,,S,,62871,Nocturno,2026-06-22 01:50:11,22,133998,"POINT (  574547.220635597,   6139628.67031358)",BLANDENGUES 1592 EN 1600. PDO REBAJE,1
2026-06-21,C_102,34,S,100,,S,,62871,Nocturno,2026-06-22 01:50:46,22,133999,"POINT (  574548.830805089,   6139628.16183900)",BLANDENGUES 1592 EN 1600. PDO REBAJE,1
2026-06-21,C_102,35,S,100,,S,,62871,Nocturno,2026-06-22 01:52:10,22,134065,"POINT (  574597.813855936,   6139605.06861866)",BLANDENGUES 1618,1
2026-06-21,C_102,36,S,100,,S,"Basura Afuera, Requiere Limpieza",62871,Nocturno,2026-06-22 03:12:48,15,175355,"POINT (  574711.203686445,   6139552.10251696)",BLANDENGUES 1694,1
2026-06-21,C_102,37,S,100,,S,"Basura Afuera, Requiere Limpieza",62871,Nocturno,2026-06-22 03:13:32,15,181899,"POINT (  574714.155962527,   6139550.81935643)",BLANDENGUES 1694,1
2026-06-21,C_102,38,S,100,,S,"Basura Afuera, Requiere Limpieza",62871,Nocturno,2026-06-22 03:17:11,15,134014,"POINT (  574801.997529328,   6139509.64653272)",BLANDENGUES 1738 ARBOL/ARBOL,1
2026-06-21,C_102,39,S,100,,S,,62871,Nocturno,2026-06-22 03:18:44,15,182971,"POINT (  574877.406585906,   6139473.87775571)",BLANDENGUES 1778 EN 1780/1782. ANTES ARBOL,1
2026-06-21,C_102,40,S,100,,S,"Basura Afuera, Requiere Limpieza",62871,Nocturno,2026-06-22 02:55:25,15,134040,"POINT (  574953.283429378,   6139436.77140509)",BLANDENGUES 1818,1
2026-06-21,C_102,41,S,100,,S,"Basura Afuera, Requiere Limpieza",62871,Nocturno,2026-06-22 00:21:29,26,181686,"POINT (  575102.268551413,   6139404.80784520)",BLANDENGUES 1916 EN 1918,1
2026-06-21,C_102,42,S,75,,S,"Basura Afuera, Requiere Limpieza",62871,Nocturno,2026-06-22 02:04:24,22,181699,"POINT (  575214.788024859,   6139416.61296836)",BLANDENGUES 1982 EN 1980,1
2026-06-21,C_102,43,S,75,,S,"Basura Afuera, Requiere Limpieza",62871,Nocturno,2026-06-22 02:04:55,22,181700,"POINT (  575220.098759322,   6139417.29093447)",BLANDENGUES 1982 EN 1982,1
2026-06-21,C_102,44,S,100,,S,"Basura Afuera, Requiere Limpieza",62871,Nocturno,2026-06-21 23:41:16,26,134092,"POINT (  574992.153515067,   6139183.37508492)",JUSTICIA 2310 EN 2314/2318. PDO REBAJE,1
2026-06-21,C_102,45,S,75,,S,"Basura Afuera, Requiere Limpieza",62871,Nocturno,2026-06-21 23:43:13,26,134077,"POINT (  574984.094691537,   6139259.02214374)",JUSTICIA 2372,1
2026-06-21,C_102,46,S,100,,S,,62871,Nocturno,2026-06-21 23:44:20,26,134076,"POINT (  575046.873354022,   6139306.11697951)",DR JUAN C PATRON 1838,1
2026-06-21,C_102,47,S,75,,S,,62871,Nocturno,2026-06-22 00:15:50,26,181685,"POINT (  575078.087760452,   6139347.51970961)",INCA 2316 VEREDA,1
2026-06-21,C_102,48,S,100,,S,"Basura Afuera, Requiere Limpieza",62871,Nocturno,2026-06-22 00:18:40,26,134078,"POINT (  575066.800573891,   6139462.78684963)",INCA 2370,1
2026-06-21,C_102,49,S,100,,S,"Basura Afuera, Requiere Limpieza",62871,Nocturno,2026-06-22 00:18:48,26,134036,"POINT (  575061.824707286,   6139507.48911011)",INCA 2390,1
2026-06-21,C_102,50,S,75,,S,"Basura Afuera, Requiere Limpieza",62871,Nocturno,2026-06-22 02:56:29,15,134041,"POINT (  574972.729110173,   6139367.78048307)",ARENAL GRANDE 2369 EN 2367,1
2026-06-21,C_102,51,S,100,,S,"Basura Afuera, Requiere Limpieza",62871,Nocturno,2026-06-22 03:00:25,15,181411,"POINT (  574910.074519608,   6139352.82168845)",MARCELINO BERTHELOT 1769 EN 1771,1
2026-06-21,C_102,52,S,100,,S,"Basura Afuera, Requiere Limpieza",62871,Nocturno,2026-06-22 03:00:34,15,134043,"POINT (  574908.393437101,   6139353.35729427)",MARCELINO BERTHELOT 1769 EN 1771,1
2026-06-21,C_102,53,S,100,,S,,62871,Nocturno,2026-06-22 03:02:21,15,134042,"POINT (  574865.886911218,   6139373.44421961)",MARCELINO BERTHELOT 1735 REBAJE/REBAJE. (RETIRAR VIEJO DE MARCELINO 1727),1
2026-06-21,C_102,54,S,100,,S,"Basura Afuera, Requiere Limpieza",62871,Nocturno,2026-06-22 03:03:42,15,134058,"POINT (  574803.552646129,   6139403.12103189)",MARCELINO BERTHELOT 1705 EN 1707/1713,1
2026-06-21,C_102,55,S,100,,S,"Basura Afuera, Requiere Limpieza",62871,Nocturno,2026-06-22 03:06:37,15,164053,"POINT (  574704.339279665,   6139450.23811018)",MARCELINO BERTHELOT 1657,1
2026-06-21,C_102,56,S,100,,S,"Basura Afuera, Requiere Limpieza",62871,Nocturno,2026-06-22 03:09:03,15,178984,"POINT (  574622.006072316,   6139490.16189661)",MARCELINO BERTHELOT 1603,1
2026-06-21,C_102,57,S,100,,S,"Basura Afuera, Requiere Limpieza",62871,Nocturno,2026-06-22 01:54:57,22,134068,"POINT (  574576.764779379,   6139510.29449806)",MARCELINO BERTHELOT 1581 FTE 1590,1
2026-06-21,C_102,58,S,100,,S,,62871,Nocturno,2026-06-22 01:56:09,22,134073,"POINT (  574513.828197034,   6139540.25349354)",MARCELINO BERTHELOT 1547,1
2026-06-21,C_102,59,S,100,,S,"Basura Afuera, Requiere Limpieza",62871,Nocturno,2026-06-22 01:59:49,22,180991,"POINT (  574479.250028322,   6139556.14223050)",MARCELINO BERTHELOT 1521,1
2026-06-21,C_102,60,S,100,,S,"Basura Afuera, Requiere Limpieza",62871,Nocturno,2026-06-22 02:00:20,22,134072,"POINT (  574484.820623410,   6139630.84390979)",ROCHA 2384 EN 2386. MURO,1
2026-06-21,C_102,61,S,100,,S,"Basura Afuera, Requiere Limpieza",62871,Nocturno,2026-06-22 00:09:51,26,183904,"POINT (  574716.536348330,   6139315.73985678)",LIBRES 1694 PDO 1694,1
2026-06-21,C_102,62,S,100,,S,"Basura Afuera, Requiere Limpieza",62871,Nocturno,2026-06-22 00:09:56,26,183905,"POINT (  574717.746780357,   6139314.98736317)",LIBRES 1694 PDO 1694,1
2026-06-21,C_102,63,S,75,,S,"Basura Afuera, Requiere Limpieza",62871,Nocturno,2026-06-22 00:12:29,26,134021,"POINT (  574838.638634535,   6139259.53983729)",LIBRES Esq. PORONGOS,1
2026-06-21,C_102,64,S,100,,S,"Basura Afuera, Requiere Limpieza",62871,Nocturno,2026-06-22 00:13:16,26,134070,"POINT (  574898.007959535,   6139230.28538729)",LIBRES 1794 ANTES 1796,1
2026-06-21,C_102,65,S,75,,S,"Basura Afuera, Requiere Limpieza",62871,Nocturno,2026-06-21 23:52:26,26,145053,"POINT (  574819.524467813,   6139168.91776348)",DR JUAN J DE AMEZAGA 1721 FTE 1726,1
2026-06-21,C_102,66,S,100,,S,"Basura Afuera, Requiere Limpieza",62871,Nocturno,2026-06-21 23:54:07,26,145072,"POINT (  574817.146169783,   6139169.86908269)",DR JUAN J DE AMEZAGA 1721 FTE 1726,1
2026-06-21,C_102,67,S,100,,S,"Basura Afuera, Requiere Limpieza",62871,Nocturno,2026-06-22 02:34:57,15,145092,"POINT (  574664.406310765,   6139087.15276109)",MARTIN GARCIA 1662 EN 1664,1
2026-06-21,C_102,68,S,100,,S,"Basura Afuera, Requiere Limpieza",62871,Nocturno,2026-06-22 02:35:21,15,182038,"POINT (  574666.540290785,   6139086.30711593)",MARTIN GARCIA 1662,1
2026-06-21,C_102,69,S,50,,S,,62871,Nocturno,2026-06-22 02:35:56,15,136912,"POINT (  574693.322330512,   6139074.64488985)",MARTIN GARCIA 1682,1
2026-06-21,C_102,70,S,50,,S,,62871,Nocturno,2026-06-22 02:37:15,15,134010,"POINT (  574767.729110173,   6139039.47539832)",MARTIN GARCIA 1725 EN 1718. MURO,1
2026-06-21,C_102,71,S,75,,S,,62871,Nocturno,2026-06-22 02:37:59,15,134044,"POINT (  574787.729110173,   6139030.15336443)",MARTIN GARCIA 1732 ANTES ARBOL,1
2026-06-21,C_102,72,S,75,,S,"Basura Afuera, Requiere Limpieza",62871,Nocturno,2026-06-22 02:42:32,15,134045,"POINT (  574508.235434535,   6139079.49590604)",JOSE L TERRA 2151,1
2026-06-21,C_102,73,S,100,,S,"Basura Afuera, Requiere Limpieza",62871,Nocturno,2026-06-22 02:42:45,15,134074,"POINT (  574509.865407018,   6139082.04305343)",JOSE L TERRA 2151,1
2026-06-21,C_102,74,S,75,,S,"Basura Afuera, Requiere Limpieza",62871,Nocturno,2026-06-22 02:45:13,15,134001,"POINT (  574507.918220949,   6139047.08096728)",ISIDORO DE MARIA 1614,1
2026-06-21,C_102,75,S,100,,S,"Basura Afuera, Requiere Limpieza",62871,Nocturno,2026-06-22 02:45:45,15,181614,"POINT (  574511.703753731,   6139045.70939403)",ISIDORO DE MARIA 1614,1
2026-06-21,C_102,76,S,75,,S,"Basura Afuera, Requiere Limpieza",62871,Nocturno,2026-06-22 02:50:33,15,134000,"POINT (  574577.565279772,   6139016.37508493)",ISIDORO DE MARIA 1632 PDO 1632,1
2026-06-21,C_102,77,S,100,,S,"Basura Afuera, Requiere Limpieza",62871,Nocturno,2026-06-22 02:51:33,15,134063,"POINT (  574581.565279772,   6139014.37508493)",ISIDORO DE MARIA 1636 PDO 1632,1
2026-06-21,C_102,78,S,75,,S,,62871,Nocturno,2026-06-21 23:59:32,26,136892,"POINT (  574716.682926831,   6138950.25743787)",ISIDORO DE MARIA 1728 EN 1728/1732,1
2026-06-21,C_102,79,S,75,,S,"Basura Afuera, Requiere Limpieza",62871,Nocturno,2026-06-22 00:00:36,26,134046,"POINT (  574754.506456243,   6138932.37508493)",ISIDORO DE MARIA 1744 PDO CARTEL,1
2026-06-21,C_102,80,S,100,,S,"Basura Afuera, Requiere Limpieza",62871,Nocturno,2026-06-21 23:12:47,26,167972,"POINT (  574913.050378524,   6138949.54447484)",REPUBLICA 2210,1
2026-06-21,C_102,81,S,100,,S,"Basura Afuera, Requiere Limpieza",62871,Nocturno,2026-06-21 23:12:54,26,177292,"POINT (  574911.807795480,   6138963.73105085)",REPUBLICA 2210,1
2026-06-21,C_102,82,S,75,,S,"Basura Afuera, Requiere Limpieza",62871,Nocturno,2026-06-21 23:17:07,26,177291,"POINT (  574919.870408475,   6139041.99521243)",MARTIN GARCIA 1810,1
2026-06-21,C_102,83,S,75,,S,"Basura Afuera, Requiere Limpieza",62871,Nocturno,2026-06-21 23:19:40,26,177274,"POINT (  575021.763611299,   6139053.10277853)",MARTIN GARCIA 1858,1
2026-06-21,C_102,84,S,50,,S,,62871,Nocturno,2026-06-21 23:20:37,26,161497,"POINT (  575061.271162126,   6139057.66920257)",MARTIN GARCIA 1884 EN 1876,1
2026-06-21,C_102,85,S,75,,S,"Basura Afuera, Requiere Limpieza",62871,Nocturno,2026-06-21 23:23:20,26,134048,"POINT (  575214.329985655,   6139073.66920257)",MARTIN GARCIA 1954,1
2026-06-21,C_102,86,S,100,,S,,62871,Nocturno,2026-06-21 23:24:45,26,181721,"POINT (  575288.763835294,   6139082.64688954)",MARTIN GARCIA 2000 PDO 1990,1
2026-06-21,C_102,87,S,50,,S,,62871,Nocturno,2026-06-21 22:59:00,26,183746,"POINT (  575299.867480702,   6139044.04322105)",CONSTITUCION 2181,1
2026-06-21,C_102,88,S,50,,S,,62871,Nocturno,2026-06-21 23:00:16,26,134028,"POINT (  575305.035868008,   6139007.55155551)",CONSTITUCION 2159 EN 2161,1
2026-06-21,C_102,89,S,75,,S,"Basura Afuera, Requiere Limpieza",62871,Nocturno,2026-06-21 23:02:58,26,161472,"POINT (  575225.825210958,   6138975.64099910)",NUEVA PALMIRA 1801,1
2026-06-21,C_102,90,S,100,,S,"Basura Afuera, Requiere Limpieza",62871,Nocturno,2026-06-21 23:05:23,26,181723,"POINT (  575163.345522440,   6138968.04263137)",NUEVA PALMIRA 1771 EN 1771,1
2026-06-21,C_102,91,S,50,,S,,62871,Nocturno,2026-06-21 23:06:16,26,181836,"POINT (  575080.540432195,   6138959.48283265)",NUEVA PALMIRA 1735,1
2026-06-21,C_102,92,S,100,,S,"Basura Afuera, Requiere Limpieza",62871,Nocturno,2026-06-21 23:38:11,26,181724,"POINT (  575015.197374292,   6138963.24960305)",JUSTICIA 2202 FTE 2205,1
2026-06-21,C_102,93,S,75,,S,,62871,Nocturno,2026-06-21 23:45:12,26,134011,"POINT (  575073.329985655,   6139272.96332021)",INCA 2287 MURO,1
2026-06-21,C_102,94,S,75,,S,,62871,Nocturno,2026-06-21 23:46:28,26,144972,"POINT (  575075.271162126,   6139253.66920256)",INCA 2277,1
2026-06-21,C_102,95,S,100,,S,,62871,Nocturno,2026-06-21 23:33:55,26,134013,"POINT (  575090.890250398,   6139103.98795358)",INCA 2215 EN 2117/2115,1
2026-06-21,C_102,96,S,100,,S,"Basura Afuera, Requiere Limpieza",62871,Nocturno,2026-06-21 23:31:27,26,134015,"POINT (  575193.791095017,   6139177.83362711)",DEMOCRACIA 2284 EN 2282/2284. MEDIANERA,1
2026-06-21,C_102,97,S,75,,S,,62871,Nocturno,2026-06-21 22:29:16,26,183015,"POINT (  575184.756312994,   6139264.10899153)",DEMOCRACIA 2310 EN 2310,1
2026-06-21,C_102,98,S,50,,S,,62871,Nocturno,2026-06-21 22:29:46,26,134049,"POINT (  575184.333437108,   6139266.63943192)",DEMOCRACIA 2310 PDO REBAJE,1
2026-06-21,C_102,99,S,100,,S,,62871,Nocturno,2026-06-21 22:32:36,26,181040,"POINT (  575171.242643355,   6139403.89462026)",DEMOCRACIA 2388 MURO. ESQ,1
2026-06-21,C_108,1,S,100,,S,,62872,Nocturno,2026-06-21 23:03:39,,155798,"POINT (  573720.734146892,   6140879.65444580)",BV GRAL ARTIGAS 4085 EN 4087,0
2026-06-21,C_108,2,S,75,,S,,62872,Nocturno,2026-06-21 23:03:44,,134708,"POINT (  573833.361265536,   6140887.95953055)",BV GRAL ARTIGAS 4043,0
2026-06-21,C_108,3,S,100,,S,Requiere Mantenimiento,62872,Nocturno,2026-06-21 23:14:19,,134706,"POINT (  573901.327367231,   6140893.80698818)",BV GRAL ARTIGAS 4009,0
2026-06-21,C_108,4,S,100,,S,,62872,Nocturno,2026-06-21 23:16:46,,134707,"POINT (  573987.683299434,   6140900.41715767)",BV GRAL ARTIGAS 3967,0
2026-06-21,C_108,5,S,100,,S,,62872,Nocturno,2026-06-21 23:20:02,,180772,"POINT (  574044.691836246,   6140902.75502007)",BV GRAL ARTIGAS 3931 VEREDA. EN 3931,0
2026-06-21,C_108,6,S,100,,S,,62872,Nocturno,2026-06-21 23:20:05,,161532,"POINT (  574125.225672315,   6140910.84088648)",BV GRAL ARTIGAS 3905 VEREDA,0
2026-06-21,C_108,7,S,100,,S,,62872,Nocturno,2026-06-21 23:24:00,,134669,"POINT (  574230.528433294,   6140919.33669138)",BV GRAL ARTIGAS 3861 VEREDA.,0
2026-06-21,C_108,8,S,50,,S,,62872,Nocturno,2026-06-21 23:25:16,,134671,"POINT (  574322.845820968,   6140927.06199579)",BV GRAL ARTIGAS 3821 VEREDA. BSE,0
2026-06-21,C_108,9,S,50,,S,,62872,Nocturno,2026-06-21 23:26:36,,179095,"POINT (  574472.373867974,   6140936.99481939)",BV GRAL ARTIGAS 3763 EN 3763,0
2026-06-21,C_108,10,S,75,,S,,62872,Nocturno,2026-06-21 23:28:32,,134617,"POINT (  574563.615502824,   6140944.73919156)",BV GRAL ARTIGAS 3713 VEREDA. MURO BAJO. CERCO VEGETAL,0
2026-06-21,C_108,11,S,25,,S,,62872,Nocturno,2026-06-21 23:33:54,,137512,"POINT (  574720.988384180,   6140951.01037800)",AV GRAL SAN MARTIN 2993 EN ESQUINA/PALMERA,0
2026-06-21,C_108,12,S,25,,S,,62872,Nocturno,2026-06-21 23:34:00,,140932,"POINT (  574720.395163841,   6140947.87478478)",AV GRAL SAN MARTIN 2993 EN 2995,0
2026-06-21,C_108,13,S,100,,S,,62872,Nocturno,2026-06-21 23:38:49,,181756,"POINT (  574686.435695262,   6140863.45789882)",ANTONIO MACHADO 1597 ANTES DE 1597,0
2026-06-21,C_108,14,S,100,,S,,62872,Nocturno,2026-06-21 23:38:45,,134657,"POINT (  574629.717197739,   6140857.87478478)",ANTONIO MACHADO 1581 REBAJE/COLUMNA,0
2026-06-21,C_108,15,S,100,,S,,62872,Nocturno,2026-06-21 23:38:42,,134618,"POINT (  574577.852790959,   6140854.06122546)",ANTONIO MACHADO 1569 EN 1567/1569,0
2026-06-21,C_108,16,S,100,,S,,62872,Nocturno,2026-06-21 23:49:40,,134712,"POINT (  574466.810995596,   6140845.38469478)",ANTONIO MACHADO 1527 FTE 1528. MURO,0
2026-06-21,C_108,17,S,100,,S,,62872,Nocturno,2026-06-21 23:49:36,,134716,"POINT (  574372.735271765,   6140837.30748617)",ANTONIO MACHADO 1481 EN 1495,0
2026-06-21,C_108,18,S,100,,S,,62872,Nocturno,2026-06-21 23:49:32,,181634,"POINT (  574370.689254217,   6140837.40963735)",ANTONIO MACHADO 1481 EN 1493,0
2026-06-21,C_108,19,S,100,,S,,62872,Nocturno,2026-06-21 23:49:29,,134715,"POINT (  574294.971435027,   6140831.60359834)",ANTONIO MACHADO 1457 MURO,0
2026-06-21,C_108,20,S,100,,S,,62872,Nocturno,2026-06-21 23:49:26,,183021,"POINT (  574282.041380226,   6140830.51759435)",ANTONIO MACHADO 1453 EN 1455,0
2026-06-21,C_108,21,S,100,,S,,62872,Nocturno,2026-06-21 23:51:03,,134713,"POINT (  574100.310418078,   6140817.19681868)",ANTONIO MACHADO 1409,0
2026-06-21,C_108,22,S,100,,S,,62872,Nocturno,2026-06-21 23:50:59,,134714,"POINT (  574097.598553671,   6140817.02732716)",ANTONIO MACHADO 1409,0
2026-06-21,C_108,23,S,100,,S,,62872,Nocturno,2026-06-21 23:59:10,,184026,"POINT (  573898.970655381,   6140795.79228661)",GUAYCURU 2939 POR FERIA,0
2026-06-21,C_108,24,S,100,,S,,62872,Nocturno,2026-06-21 23:59:07,,184025,"POINT (  573898.708188189,   6140796.84215538)",GUAYCURU 2949 POR FERIA,0
2026-06-21,C_108,25,S,50,,S,,62872,Nocturno,2026-06-22 00:03:08,,184028,"POINT (  573809.994277427,   6140754.58493753)",ABAYUBA 2941 PDO 2918 FERIA,0
2026-06-21,C_108,26,S,100,,S,,62872,Nocturno,2026-06-22 00:03:11,,184027,"POINT (  573809.863043832,   6140752.48520000)",ABAYUBA 2941 PDO 2918 FERIA,0
2026-06-21,C_108,27,S,100,,S,,62872,Nocturno,2026-06-22 00:06:00,,183930,"POINT (  573751.825991159,   6140748.67522692)",GRITO DE ASENCIO 1337 MURO,0
2026-06-21,C_108,28,S,50,,S,,62872,Nocturno,2026-06-22 00:12:00,,134620,"POINT (  573731.327367230,   6140671.34936106)",GRAL ENRIQUE MARTINEZ 1214,0
2026-06-21,C_108,29,S,50,,S,,62872,Nocturno,2026-06-22 00:11:57,,134645,"POINT (  573793.107028247,   6140677.45105597)",GRAL ENRIQUE MARTINEZ 1228,0
2026-06-21,C_108,30,S,50,,S,,62872,Nocturno,2026-06-22 00:11:54,,134676,"POINT (  573887.768045196,   6140684.90868309)",GRAL ENRIQUE MARTINEZ 1294,0
2026-06-21,C_108,31,S,50,,S,,62872,Nocturno,2026-06-22 00:11:50,,134678,"POINT (  573948.954485874,   6140690.24766614)",GRAL ENRIQUE MARTINEZ 1312,0
2026-06-21,C_108,32,S,50,,S,,62872,Nocturno,2026-06-22 00:15:22,,135312,"POINT (  574044.702685069,   6140699.22886341)",GRAL ENRIQUE MARTINEZ 1348,0
2026-06-21,C_108,33,S,50,,S,,62872,Nocturno,2026-06-22 00:15:24,,134679,"POINT (  574083.276519772,   6140701.77308987)",GRAL ENRIQUE MARTINEZ 1352 EN 1384. ANTES DE CARGA Y DESCARGA,0
2026-06-21,C_108,34,S,75,,S,,62872,Nocturno,2026-06-22 00:16:53,,170392,"POINT (  574222.980402300,   6140711.51927901)",GRAL ENRIQUE MARTINEZ 1432,0
2026-06-21,C_108,35,S,75,,S,,62872,Nocturno,2026-06-22 00:18:48,,134621,"POINT (  574313.361265535,   6140718.29851360)",GRAL ENRIQUE MARTINEZ 1464 EN 1458/1464. PDO SALIDA GARAJE,0
2026-06-21,C_108,36,S,75,,S,,62872,Nocturno,2026-06-22 00:20:01,,134624,"POINT (  574396.920587569,   6140724.31546275)",GRAL ENRIQUE MARTINEZ 1494 EN 1496,0
2026-06-21,C_108,37,S,50,,S,,62872,Nocturno,2026-06-22 00:25:39,,134718,"POINT (  574456.012242543,   6140730.29060609)",GRAL ENRIQUE MARTINEZ 1506 EN 1516,0
2026-06-21,C_108,38,S,50,,S,,62872,Nocturno,2026-06-22 00:25:36,,134623,"POINT (  574499.632451976,   6140735.75614071)",GRAL ENRIQUE MARTINEZ 1544,0
2026-06-21,C_108,39,S,25,,S,,62872,Nocturno,2026-06-22 00:25:32,,134650,"POINT (  574566.073129942,   6140743.38325936)",GRAL ENRIQUE MARTINEZ 1572,0
2026-06-21,C_108,40,S,50,,S,,62872,Nocturno,2026-06-22 00:25:29,,134633,"POINT (  574603.954485874,   6140746.68834410)",GRAL ENRIQUE MARTINEZ 1586 ARBOL/ARBOL,0
2026-06-21,C_108,41,S,25,,S,,62872,Nocturno,2026-06-22 00:28:23,,134626,"POINT (  574610.318648657,   6140693.40755332)",AV GRAL SAN MARTIN 2853 VEREDA. EN 2855. ANTES CRUCE PEATONAL,0
2026-06-21,C_108,42,S,50,,S,,62872,Nocturno,2026-06-22 00:28:27,,134625,"POINT (  574568.427901695,   6140629.00122938)",AV GRAL SAN MARTIN 2817 EN 2819,0
2026-06-21,C_108,43,S,25,,S,,62872,Nocturno,2026-06-22 00:29:49,,134615,"POINT (  574512.005333332,   6140543.46800512)",AV GRAL SAN MARTIN 2781 EN 2783,0
2026-06-21,C_108,44,S,25,,S,,62872,Nocturno,2026-06-22 00:31:29,,134680,"POINT (  574454.462960450,   6140488.72224241)",AV BURGUES 2764 EN 2760,0
2026-06-21,C_108,45,S,25,,S,,62872,Nocturno,2026-06-22 00:33:09,,134659,"POINT (  574429.324585881,   6140534.46008405)",ALEJANDRO FIOL DE PEREDA Esq. AV BURGUES MURO,0
2026-06-21,C_108,46,S,100,,S,,62872,Nocturno,2026-06-22 00:35:17,,183522,"POINT (  574359.529723747,   6140410.02692985)",ENRIQUE GARCIA PEÑA 2713,0
2026-06-21,C_108,47,S,50,,S,,62872,Nocturno,2026-06-22 00:35:21,,183523,"POINT (  574361.054778214,   6140404.58030675)",ENRIQUE GARCIA PEÑA 2709,0
2026-06-21,C_108,48,S,100,,S,,62872,Nocturno,2026-06-22 00:39:25,,183524,"POINT (  574255.971002614,   6140499.56485338)",ALEJANDRO FIOL DE PEREDA 1420,0
2026-06-21,C_108,49,S,50,,S,,62872,Nocturno,2026-06-22 00:41:15,,134681,"POINT (  574322.895484173,   6140538.73625332)",ENRIQUE GARCIA PEÑA 2756 FTE 2757. MURO,0
2026-06-21,C_108,50,S,100,,S,,62872,Nocturno,2026-06-22 00:42:46,,134698,"POINT (  574282.513807907,   6140623.80698817)",SITIO GRANDE 1445,0
2026-06-21,C_108,51,S,100,,S,,62872,Nocturno,2026-06-22 00:44:53,,174412,"POINT (  574209.378214687,   6140618.89173394)",SITIO GRANDE 1421 FTE 1416.,0
2026-06-21,C_108,52,S,100,,S,,62872,Nocturno,2026-06-22 00:47:19,,134720,"POINT (  574088.538811478,   6140607.44634735)",SITIO GRANDE 1359 EN 1359/1365,0
2026-06-21,C_108,53,S,100,,S,,62872,Nocturno,2026-06-22 00:51:08,,134719,"POINT (  574011.496858755,   6140602.79003902)",SITIO GRANDE 1335 EN 1335 BIS,0
2026-06-21,C_108,54,S,100,,S,,62872,Nocturno,2026-06-22 00:51:35,,183544,"POINT (  573969.637820339,   6140600.42023560)",SITIO GRANDE 1323 EDIFICIO,0
2026-06-21,C_108,55,S,100,,S,,62872,Nocturno,2026-06-22 00:01:57,,134634,"POINT (  573827.692486310,   6140587.01576087)",SITIO GRANDE 1251 ENTRE ARBOL/COLUMNA,0
2026-06-21,C_108,56,S,100,,S,,62872,Nocturno,2026-06-22 00:53:05,,139492,"POINT (  573777.916789011,   6140583.01135785)",SITIO GRANDE 1223,0
2026-06-21,C_108,57,S,100,,S,Requiere Limpieza,62872,Nocturno,2026-06-22 00:56:28,,180441,"POINT (  573740.523629373,   6140460.54712336)",ALEJANDRO FIOL DE PEREDA 1210,0
2026-06-21,C_108,58,S,75,,S,,62872,Nocturno,2026-06-22 01:03:06,,175340,"POINT (  573865.988384179,   6140468.80698817)",ALEJANDRO FIOL DE PEREDA 1268 EN 1272,0
2026-06-21,C_108,59,S,100,,S,,62872,Nocturno,2026-06-22 01:03:02,,175341,"POINT (  573917.852790958,   6140474.23071699)",ALEJANDRO FIOL DE PEREDA 1296,0
2026-06-21,C_108,60,S,25,,S,,62872,Nocturno,2026-06-22 02:16:08,,175339,"POINT (  574049.844316382,   6140484.69681868)",ALEJANDRO FIOL DE PEREDA 1344,0
2026-06-21,C_108,61,S,100,,S,,62872,Nocturno,2026-06-22 02:16:18,,175342,"POINT (  574052.005333331,   6140484.90868309)",ALEJANDRO FIOL DE PEREDA 1344,0
2026-06-21,C_108,62,S,100,,S,,62872,Nocturno,2026-06-22 02:19:41,,175338,"POINT (  574162.895163840,   6140494.31546275)",ALEJANDRO FIOL DE PEREDA 1390,0
2026-06-21,C_108,63,S,100,,S,,62872,Nocturno,2026-06-22 02:21:10,,134723,"POINT (  574212.496523491,   6140421.69790059)",DR EVARISTO CIGANDA 1436 MURO,0
2026-06-21,C_108,64,S,50,,S,,62872,Nocturno,2026-06-22 02:24:05,,134691,"POINT (  574136.369740111,   6140417.53580173)",DR EVARISTO CIGANDA 1385,0
2026-06-21,C_108,65,S,100,,S,,62872,Nocturno,2026-06-22 02:24:58,,134652,"POINT (  574043.827367230,   6140409.73919156)",DR EVARISTO CIGANDA 1345,0
2026-06-21,C_108,66,S,100,,S,,62872,Nocturno,2026-06-22 02:26:58,,134684,"POINT (  573961.200248586,   6140402.95953055)",DR EVARISTO CIGANDA 1309,0
2026-06-21,C_108,67,S,100,,S,,62872,Nocturno,2026-06-22 02:28:01,,134686,"POINT (  573870.946011297,   6140394.56970004)",DR EVARISTO CIGANDA 1267 ARBOL/COLUMNA,0
2026-06-21,C_108,68,S,100,,S,Requiere Limpieza,62872,Nocturno,2026-06-22 02:30:37,,134648,"POINT (  573805.076804180,   6140389.97254402)",DR EVARISTO CIGANDA 1239 EN 1239/1249,0
2026-06-21,C_108,69,S,50,,S,,62872,Nocturno,2026-06-22 02:34:51,,139452,"POINT (  573753.234146891,   6140217.45105597)",VILARDEBO 1202,0
2026-06-21,C_108,70,S,100,,S,,62872,Nocturno,2026-06-22 02:34:55,,154292,"POINT (  573790.183299433,   6140226.85783563)",VILARDEBO 1218,0
2026-06-21,C_108,71,S,75,,S,,62872,Nocturno,2026-06-22 02:34:58,,134646,"POINT (  573854.696004452,   6140249.03573964)",VILARDEBO 1256 EN 1256/1258,0
2026-06-21,C_108,72,S,50,,S,,62872,Nocturno,2026-06-22 02:35:02,,134647,"POINT (  573928.341141794,   6140275.16788515)",VILARDEBO 1295 FTE 1297. MURO LADRILLO,0
2026-06-21,C_108,73,S,100,,S,,62872,Nocturno,2026-06-22 02:38:00,,183469,"POINT (  574026.711556502,   6140309.23843139)",VILARDEBO 1356,0
2026-06-21,C_108,74,N,,Auto,S,,62872,Nocturno,2026-06-22 02:38:10,,183866,"POINT (  574210.024576228,   6140411.71908664)",DR EVARISTO CIGANDA 1436,0
2026-06-21,C_108,75,S,100,,S,,62872,Nocturno,2026-06-22 02:41:37,,181853,"POINT (  574237.224011111,   6140314.28136580)",TOMAS TORIBIO 1441 en 1441,0
2026-06-21,C_108,76,S,100,,S,,62872,Nocturno,2026-06-22 02:41:40,,135452,"POINT (  574234.771319586,   6140313.19576309)",TOMAS TORIBIO 1441,0
2026-06-21,C_108,77,S,100,,S,,62872,Nocturno,2026-06-22 02:45:42,,134661,"POINT (  574142.783259964,   6140241.03957380)",BERNARDO ETCHEPARE 2625 MURO BAJO,0
2026-06-21,C_108,78,S,100,,S,,62872,Nocturno,2026-06-22 02:49:07,,134654,"POINT (  574118.361265535,   6140198.46800512)",DR ALFREDO GARCIA MORALES 1385 EN 1385/1387,0
2026-06-21,C_108,79,S,100,,S,,62872,Nocturno,2026-06-22 02:50:42,,134639,"POINT (  574017.259570620,   6140165.84088647)",DR ALFREDO GARCIA MORALES 1349,0
2026-06-21,C_108,80,S,50,,S,,62872,Nocturno,2026-06-22 02:51:46,,134641,"POINT (  573907.593950386,   6140129.85917291)",DR ALFREDO GARCIA MORALES 1317 EN 1319. FACHADA AZUL,0
2026-06-21,C_108,81,S,50,,S,,62872,Nocturno,2026-06-22 02:53:28,,134642,"POINT (  573812.683299433,   6140098.55275088)",DR ALFREDO GARCIA MORALES 1267,0
2026-06-21,C_108,82,S,50,,S,,62872,Nocturno,2026-06-22 02:55:12,,134640,"POINT (  573698.446011297,   6140061.43410681)",DR ALFREDO GARCIA MORALES 1209 EN 1211. MURO,0
2026-06-21,C_108,83,S,50,,S,,62872,Nocturno,2026-06-22 02:57:05,,134667,"POINT (  573608.022282484,   6140032.11207291)",DR ALFREDO GARCIA MORALES 1153 EN 1155. MURO,0
2026-06-21,C_108,84,S,100,,S,,62872,Nocturno,2026-06-22 03:02:18,,167692,"POINT (  573504.808744809,   6139998.16427545)",DR ALFREDO GARCIA MORALES 1115,0
2026-06-21,C_108,85,S,100,,S,,62872,Nocturno,2026-06-22 03:02:26,,134699,"POINT (  573500.225672315,   6139996.94258139)",DR ALFREDO GARCIA MORALES 1115 VEREDA,0
2026-06-21,C_108,86,S,100,,S,,62872,Nocturno,2026-06-22 03:05:51,,161914,"POINT (  573540.479909603,   6140088.29851359)",DR SALVADOR GARCIA PINTOS 1082 EN 1098,0
2026-06-21,C_108,87,S,100,,S,,62872,Nocturno,2026-06-22 03:05:55,,134701,"POINT (  573572.152228040,   6140122.25709422)",DR SALVADOR GARCIA PINTOS 1108 VEREDA. EN 1104/1108,0
2026-06-21,C_108,88,S,75,,S,,62872,Nocturno,2026-06-22 03:08:26,,134693,"POINT (  573669.510282353,   6140198.76267647)",VILARDEBO Esq. CASTILLOS VEREDA,0
2026-06-21,C_108,89,S,75,,S,,62872,Nocturno,2026-06-22 03:08:30,,134692,"POINT (  573696.333811764,   6140207.58620589)",VILARDEBO 1173 VEREDA. FTE 1173.,0
2026-06-21,C_108,90,S,75,,S,,62872,Nocturno,2026-06-22 03:12:16,,134630,"POINT (  573747.005333331,   6140173.63749664)",ZAPICAN 2678 FTE 2678,0
2026-06-21,C_108,91,S,75,,S,,62872,Nocturno,2026-06-22 03:14:33,,184007,"POINT (  573939.730212113,   6140021.05382208)",SAN FRUCTUOSO 1307,0
2026-06-21,C_108,92,S,100,,S,,62872,Nocturno,2026-06-22 03:16:44,,134702,"POINT (  573733.869740111,   6139953.21376783)",SAN FRUCTUOSO 1211,0
2026-06-21,C_108,93,S,100,,S,,62872,Nocturno,2026-06-22 03:18:47,,134703,"POINT (  573638.206637764,   6139925.36728056)",SAN FRUCTUOSO 1159,0
2026-06-21,C_108,94,S,75,,S,,62872,Nocturno,2026-06-22 03:21:27,,139652,"POINT (  573564.185119395,   6139903.19313723)",SAN FRUCTUOSO 1120 FTE 1118.,0
2026-06-21,C_108,95,S,50,,S,,62872,Nocturno,2026-06-22 03:21:30,,182331,"POINT (  573549.839822423,   6139899.12109808)",SAN FRUCTUOSO 1112 FTE 1112,0
2026-06-21,C_108,96,S,25,,S,,62872,Nocturno,2026-06-22 03:30:44,,136174,"POINT (  573640.988384179,   6139819.14597122)",GRAL PALLEJAS 2559 EN 2561.,0
2026-06-21,C_108,97,S,50,,S,,62872,Nocturno,2026-06-22 03:30:41,,134704,"POINT (  573648.784994348,   6139793.38325935)",GRAL PALLEJAS 2553 FTE 2554,0
2026-06-21,C_108,98,S,50,,S,,62872,Nocturno,2026-06-22 03:30:36,,134695,"POINT (  573682.513807907,   6139749.65444579)",ENTRE RIOS Esq. GRAL PALLEJAS MURO,0
2026-06-21,C_108,99,S,50,,S,,62872,Nocturno,2026-06-22 03:30:31,,137552,"POINT (  573746.581604517,   6139766.77308986)",ENTRE RIOS 1193 FTE 1197,0
2026-06-21,C_108,100,S,75,,S,,62872,Nocturno,2026-06-22 03:30:27,,134644,"POINT (  573834.844316382,   6139827.53580173)",ZAPICAN 2556 FTE 2557. MURO BAJO,0
2026-06-21,C_108,101,N,,Contenedor No Está,N,,62872,Nocturno,2026-06-22 03:31:13,,134694,"POINT (  573834.674824857,   6139829.06122546)",ZAPICAN 2556 FTE 2557. MURO BAJO,0
2026-06-21,C_108,102,N,,Contenedor No Está,N,,62872,Nocturno,2026-06-22 03:31:20,,134636,"POINT (  573824.251096043,   6139881.01037800)",ZAPICAN 2586 EN 2574,0
2026-06-21,C_108,103,N,,Contenedor No Está,N,,62872,Nocturno,2026-06-22 03:31:30,,134638,"POINT (  573818.022282484,   6139911.77308986)",ZAPICAN 2596 FTE 2577,0
2026-06-21,C_108,104,N,,Contenedor No Está,N,,62872,Nocturno,2026-06-22 03:31:38,,134631,"POINT (  573817.344316382,   6139916.34936105)",ZAPICAN 2596 FTE 2577,0
2026-06-21,C_108,105,N,,Contenedor No Está,S,,62872,Nocturno,2026-06-22 03:31:48,,139472,"POINT (  573809.293468924,   6139952.62054749)",ZAPICAN 2599,0
2026-06-21,C_108,106,S,100,,S,,62872,Nocturno,2026-06-22 03:32:19,,180642,"POINT (  573725.956503640,   6139881.81585950)",CASTILLOS 2577 EN 2575/2577,0
2026-06-21,C_108,107,S,100,,S,,62872,Nocturno,2026-06-22 03:36:49,,181240,"POINT (  574067.381166965,   6139868.95591114)",CIRC INT CONT MELO Esq. SANTA FE REJA. PDO 1299,0
2026-06-21,C_108,108,N,,Contenedor No Está,S,,62872,Nocturno,2026-06-22 03:39:44,,181241,"POINT (  574066.484880154,   6139868.57178822)",CIRC INT CONT MELO Esq. SANTA FE REJA. PDO 1299,0
2026-06-21,C_108,109,S,50,,S,,62872,Nocturno,2026-06-22 03:39:37,,181414,"POINT (  573926.836914053,   6139793.97792865)",SANTA FE 1223,0
2026-06-21,C_108,110,S,100,,S,,62872,Nocturno,2026-06-22 03:41:56,,155772,"POINT (  573786.327367229,   6139717.66292037)",SANTA FE 1177,0
2026-06-21,C_108,111,S,100,,S,,62872,Nocturno,2026-06-22 03:43:52,,134649,"POINT (  573666.671915369,   6139651.16996170)",SANTA FE 1123,0
2026-06-21,E_113,1,S,25,,S,,62873,Nocturno,2026-06-21 23:11:07,,180240,"POINT (  584330.049412372,   6139641.15309160)",LOMBARDIA 6113,0
2026-06-21,E_113,2,S,25,,S,,62873,Nocturno,2026-06-21 23:11:11,,179104,"POINT (  584334.365555556,   6139642.54699434)",LOMBARDIA 6113,0
2026-06-21,E_113,3,S,50,,S,,62873,Nocturno,2026-06-21 23:14:12,,179103,"POINT (  584525.215228759,   6139720.54263704)",LOMBARDIA 6196,0
2026-06-21,E_113,4,S,25,,S,,62873,Nocturno,2026-06-21 23:18:17,,107115,"POINT (  584713.340307611,   6139804.21035919)",LOMBARDIA 6266,0
2026-06-21,E_113,5,S,75,,S,Basura Afuera,62873,Nocturno,2026-06-21 23:22:45,,107116,"POINT (  584835.095783550,   6139789.35717620)",DR MANUEL B OTERO 6326,0
2026-06-21,E_113,6,S,25,,S,,62873,Nocturno,2026-06-21 23:24:17,,107103,"POINT (  585035.276009670,   6139876.16573360)",DR MANUEL B OTERO 6392,0
2026-06-21,E_113,7,S,75,,S,,62873,Nocturno,2026-06-21 23:25:08,,175427,"POINT (  585042.554355875,   6139878.75115054)",DR MANUEL B OTERO 6392,0
2026-06-21,E_113,8,S,75,,S,Basura Afuera,62873,Nocturno,2026-06-21 23:27:29,,107104,"POINT (  585122.468415950,   6139895.47589100)",COSTA RICA 2285,0
2026-06-21,E_113,9,S,50,,S,Basura Afuera,62873,Nocturno,2026-06-21 23:29:25,,183572,"POINT (  585274.410816361,   6139969.96862497)",COSTA RICA 2243,0
2026-06-21,E_113,10,S,50,,S,,62873,Nocturno,2026-06-21 23:30:37,,107105,"POINT (  585276.295934810,   6139970.43420790)",COSTA RICA 2243,0
2026-06-21,E_113,11,S,75,,S,,62873,Nocturno,2026-06-21 23:32:41,,183574,"POINT (  585419.262720451,   6140009.60191129)",COSTA RICA 2193,0
2026-06-21,E_113,12,S,75,,S,,62873,Nocturno,2026-06-21 23:33:37,,183573,"POINT (  585420.955245134,   6140009.31982384)",COSTA RICA 2193,0
2026-06-21,E_113,13,S,100,,S,Basura Afuera,62873,Nocturno,2026-06-21 23:36:22,,107040,"POINT (  585626.209277890,   6139985.92495440)",COSTA RICA 2105,0
2026-06-21,E_113,14,S,75,,S,Basura Afuera,62873,Nocturno,2026-06-21 23:38:34,,107108,"POINT (  585520.938263110,   6139901.82268773)",AV DR JUAN BAUTISTA ALBERDI 6579,0
2026-06-21,E_113,15,S,75,,S,,62873,Nocturno,2026-06-21 23:39:57,,107109,"POINT (  585329.371119700,   6139875.98712587)",AV DR JUAN BAUTISTA ALBERDI 6523,0
2026-06-21,E_113,16,S,75,,S,,62873,Nocturno,2026-06-21 23:42:08,,107044,"POINT (  585160.856804750,   6139805.60041149)",AV DR JUAN BAUTISTA ALBERDI 6463,0
2026-06-21,E_113,17,S,75,,S,,62873,Nocturno,2026-06-21 23:43:59,,107048,"POINT (  584948.813164946,   6139717.53747812)",AV DR JUAN BAUTISTA ALBERDI 6337,0
2026-06-21,E_113,18,S,75,,S,,62873,Nocturno,2026-06-21 23:46:18,,153073,"POINT (  584859.688878213,   6139690.51416928)",CORCEGA 2105 PROV OV (O: CORCEGA FTE 2105),0
2026-06-21,E_113,19,S,25,,S,Basura Afuera,62873,Nocturno,2026-06-21 23:15:45,,175691,"POINT (  584520.944220904,   6139814.99561299)",DUBLIN 2196,0
2026-06-21,E_113,20,S,50,,S,,62873,Nocturno,2026-06-21 23:20:52,,175692,"POINT (  584751.390222034,   6139911.72170678)",CORCEGA 2190,0
2026-06-21,E_113,21,S,100,,S,Basura Afuera,62873,Nocturno,2026-06-21 23:48:44,,107045,"POINT (  584733.966163970,   6139726.01168581)",RAUL MONTERO BUSTAMANTE 6273,0
2026-06-21,E_113,22,S,50,,S,,62873,Nocturno,2026-06-21 23:51:10,,107110,"POINT (  584628.071402740,   6139684.36410249)",RAUL MONTERO BUSTAMANTE 6221,0
2026-06-21,E_113,23,S,100,,S,,62873,Nocturno,2026-06-21 23:53:18,,107111,"POINT (  584561.719958310,   6139658.71904116)",RAUL MONTERO BUSTAMANTE 6195,0
2026-06-21,E_113,24,S,75,,S,,62873,Nocturno,2026-06-21 23:58:13,,107046,"POINT (  584388.764584950,   6139588.53167647)",RAUL MONTERO BUSTAMANTE 6137,0
2026-06-21,E_113,25,S,75,,S,,62873,Nocturno,2026-06-22 00:02:25,,107112,"POINT (  584381.211418960,   6139456.63058133)",AV DR JUAN BAUTISTA ALBERDI 6102,0
2026-06-21,E_113,26,S,100,,S,,62873,Nocturno,2026-06-22 00:06:01,,107047,"POINT (  584574.472612600,   6139537.37123517)",AV DR JUAN BAUTISTA ALBERDI 6190,0
2026-06-21,E_113,27,S,100,,S,,62873,Nocturno,2026-06-22 00:08:19,,180071,"POINT (  584655.011937691,   6139571.27388039)",AV DR JUAN BAUTISTA ALBERDI 6216,0
2026-06-21,E_113,28,S,100,,S,,62873,Nocturno,2026-06-22 00:10:55,,107086,"POINT (  584781.143383230,   6139623.09967346)",AV DR JUAN BAUTISTA ALBERDI 6270,0
2026-06-21,E_113,29,S,75,,S,,62873,Nocturno,2026-06-22 01:10:25,,107087,"POINT (  584908.030726460,   6139675.12202199)",AV DR JUAN BAUTISTA ALBERDI 6318,0
2026-06-21,E_113,30,S,50,,S,,62873,Nocturno,2026-06-22 01:12:46,,107029,"POINT (  585048.681147350,   6139733.49445758)",AV DR JUAN BAUTISTA ALBERDI 6380,0
2026-06-21,E_113,31,S,50,,S,,62873,Nocturno,2026-06-22 01:14:53,,107088,"POINT (  585258.466113700,   6139821.57250025)",AV DR JUAN BAUTISTA ALBERDI 6494,0
2026-06-21,E_113,32,S,75,,S,,62873,Nocturno,2026-06-22 01:16:22,,180552,"POINT (  585441.255077299,   6139856.27203655)",JAMAICA 2095,0
2026-06-21,E_113,33,S,50,,S,,62873,Nocturno,2026-06-22 01:18:07,,107030,"POINT (  585438.476095890,   6139802.16124437)",PEDRO DOMINGO MURILLO 6541,0
2026-06-21,E_113,34,S,100,,S,,62873,Nocturno,2026-06-22 01:19:48,,107090,"POINT (  585340.625049290,   6139760.27582149)",PEDRO DOMINGO MURILLO 6507,0
2026-06-21,E_113,35,S,100,,S,,62873,Nocturno,2026-06-22 01:21:25,,107091,"POINT (  585270.122378850,   6139730.58205835)",PEDRO DOMINGO MURILLO 6487,0
2026-06-21,E_113,36,S,100,,S,,62873,Nocturno,2026-06-22 01:23:33,,107031,"POINT (  585159.733947450,   6139684.89016044)",PEDRO DOMINGO MURILLO 6443,0
2026-06-21,E_113,37,S,100,,S,,62873,Nocturno,2026-06-22 01:26:36,,107092,"POINT (  585013.753688700,   6139624.35264256)",PEDRO DOMINGO MURILLO 6331,0
2026-06-21,E_113,38,S,100,,S,,62873,Nocturno,2026-06-22 01:28:42,,107032,"POINT (  584863.646101930,   6139561.80545890)",PEDRO DOMINGO MURILLO 6291,0
2026-06-21,E_113,39,S,100,,S,,62873,Nocturno,2026-06-22 01:30:44,,107033,"POINT (  584683.800110570,   6139487.42565000)",PEDRO DOMINGO MURILLO 6211,0
2026-06-21,E_113,40,S,75,,S,,62873,Nocturno,2026-06-22 01:33:05,,107093,"POINT (  584595.427479690,   6139451.07287767)",PEDRO DOMINGO MURILLO 6177,0
2026-06-21,E_113,41,S,100,,S,Requiere Mantenimiento,62873,Nocturno,2026-06-22 01:37:20,,107094,"POINT (  584411.728263871,   6139374.75325156)",PEDRO DOMINGO MURILLO 6055,0
2026-06-21,E_113,42,S,100,,S,,62873,Nocturno,2026-06-22 01:41:21,,180238,"POINT (  584518.575635294,   6139253.44302462)",MONES ROSES 6130,0
2026-06-21,E_113,43,S,100,,S,Basura Afuera,62873,Nocturno,2026-06-22 01:43:30,,180233,"POINT (  584670.267287005,   6139316.14482373)",MONES ROSES 6182,0
2026-06-21,E_113,44,S,50,,S,,62873,Nocturno,2026-06-22 01:46:21,,107034,"POINT (  584808.260222080,   6139370.16065302)",MONES ROSES 6238,0
2026-06-21,E_113,45,S,75,,S,,62873,Nocturno,2026-06-22 01:48:02,,107097,"POINT (  584942.216625630,   6139427.57159170)",MONES ROSES 6296,0
2026-06-21,E_113,46,S,100,,S,,62873,Nocturno,2026-06-22 01:50:15,,107035,"POINT (  584996.880552000,   6139448.88865818)",MONES ROSES 6312,0
2026-06-21,E_113,47,S,100,,S,Basura Afuera,62873,Nocturno,2026-06-22 01:52:03,,107098,"POINT (  585194.267237080,   6139530.60109063)",MONES ROSES 6434,0
2026-06-21,E_113,48,S,100,,S,,62873,Nocturno,2026-06-22 01:54:09,,107036,"POINT (  585273.705642670,   6139563.62161837)",MONES ROSES 6478,0
2026-06-21,E_113,49,S,100,,S,,62873,Nocturno,2026-06-22 01:56:11,,107037,"POINT (  585480.377626510,   6139648.65274772)",MONES ROSES 6566,0
2026-06-21,E_113,50,S,100,,S,,62873,Nocturno,2026-06-22 01:58:49,,107099,"POINT (  585592.822542700,   6139694.32141916)",MONES ROSES 6588,0
2026-06-21,E_113,51,S,100,,S,Basura Afuera,62873,Nocturno,2026-06-22 02:01:05,,107100,"POINT (  585703.555933020,   6139740.00500084)",MONES ROSES 6632,0
2026-06-21,E_113,52,S,75,,S,Basura Afuera,62873,Nocturno,2026-06-22 02:05:05,,107018,"POINT (  585697.374112890,   6139628.55017173)",DIVINA COMEDIA 1959,0
2026-06-21,E_113,53,S,75,,S,,62873,Nocturno,2026-06-22 02:05:09,,181125,"POINT (  585698.965156209,   6139624.54257909)",DIVINA COMEDIA 1959 PROV OV (O: MARIANO URIARTE 6539) - MOV OPERATIVA 23/03 (no se modificó ruta),0
2026-06-21,E_113,54,S,75,,S,Basura Afuera,62873,Nocturno,2026-06-22 02:08:40,,181126,"POINT (  585236.332698475,   6139399.19486449)",MARIANO URIARTE 6397 PROV OV (O: MARIANO URIARTE 6463) - Mov operativa 23/03 (no se modifica la ruta),0
2026-06-21,E_113,55,S,100,,S,,62873,Nocturno,2026-06-22 02:10:00,,107020,"POINT (  585201.135925440,   6139385.26759882)",MARIANO URIARTE 6381,0
2026-06-21,E_113,56,S,50,,S,,62873,Nocturno,2026-06-22 02:11:21,,107066,"POINT (  585074.923135860,   6139331.88074755)",MARIANO URIARTE 6327,0
2026-06-21,E_113,57,S,100,,S,,62873,Nocturno,2026-06-22 02:15:15,,107067,"POINT (  584988.986743355,   6139300.94492092)",MARIANO URIARTE 6289 EN 6293,0
2026-06-21,E_113,58,S,50,,S,,62873,Nocturno,2026-06-22 02:17:10,,107021,"POINT (  584823.207665200,   6139227.31283328)",MARIANO URIARTE 6223,0
2026-06-21,E_113,59,S,100,,S,,62873,Nocturno,2026-06-22 02:22:46,,107068,"POINT (  584748.261300730,   6139197.99915976)",MARIANO URIARTE 6196,0
2026-06-21,E_113,60,S,100,,S,,62873,Nocturno,2026-06-22 02:26:33,,107069,"POINT (  584517.552101500,   6139104.65341888)",MARIANO URIARTE 6107,0
2026-06-21,E_113,61,S,75,,S,,62873,Nocturno,2026-06-22 02:32:54,,107070,"POINT (  584873.383679960,   6139097.26886268)",AV SAN CARLOS DE BOLIVAR 6222,0
2026-06-21,E_113,62,S,75,,S,,62873,Nocturno,2026-06-22 02:33:44,,107071,"POINT (  585047.090165740,   6139175.10860208)",AV SAN CARLOS DE BOLIVAR 6298,0
2026-06-21,E_113,63,S,50,,S,,62873,Nocturno,2026-06-22 02:36:58,,107072,"POINT (  585133.416499540,   6139212.49792784)",AV SAN CARLOS DE BOLIVAR 6328,0
2026-06-21,E_113,64,S,25,,S,,62873,Nocturno,2026-06-22 02:39:21,,107073,"POINT (  585289.211663780,   6139279.24770931)",AV SAN CARLOS DE BOLIVAR 6396,0
2026-06-21,E_113,65,S,25,,S,,62873,Nocturno,2026-06-22 02:40:13,,107074,"POINT (  585299.247020220,   6139326.89458938)",HAVRE 1910,0
2026-06-21,E_113,66,S,100,,S,Basura Afuera,62873,Nocturno,2026-06-22 02:42:56,,107075,"POINT (  585485.217883180,   6139359.94217817)",DR EVANGELIO BONILLA 6512,0
2026-06-21,E_113,67,S,75,,S,,62873,Nocturno,2026-06-22 02:44:21,,107076,"POINT (  585646.540124660,   6139431.06862405)",DR EVANGELIO BONILLA 6590,0
2026-06-21,E_113,68,S,50,,S,,62873,Nocturno,2026-06-22 02:47:00,,107023,"POINT (  585737.003304800,   6139507.28994056)",PARQUE DR JULIO CÉSAR GRAUERT,0
2026-06-21,E_113,69,S,100,,S,,62873,Nocturno,2026-06-22 02:53:27,,107079,"POINT (  585668.902102400,   6139368.11410902)",HORACIO QUIROGA 6593,0
2026-06-21,E_113,70,S,75,,S,,62873,Nocturno,2026-06-22 02:55:20,,107080,"POINT (  585556.761828670,   6139318.01222430)",HORACIO QUIROGA 6533,0
2026-06-21,E_113,71,S,100,,N,Fuera de Lugar,62873,Nocturno,2026-06-22 02:58:20,,107081,"POINT (  585449.459449000,   6139272.29714662)",HORACIO QUIROGA 6486,0
2026-06-21,E_113,72,S,50,,S,,62873,Nocturno,2026-06-22 03:00:56,,107082,"POINT (  585268.719585540,   6139193.84754797)",HORACIO QUIROGA 6471,0
2026-06-21,E_113,73,S,50,,S,,62873,Nocturno,2026-06-22 03:03:14,,107025,"POINT (  585105.343180510,   6139122.05364975)",HORACIO QUIROGA 6311,0
2026-06-21,E_113,74,S,100,,S,,62873,Nocturno,2026-06-22 03:05:43,,107083,"POINT (  584932.683673900,   6139046.25172281)",HORACIO QUIROGA 6237,0
2026-06-21,E_113,75,,,,S,,62873,Nocturno,,,107026,"POINT (  584723.569898980,   6138954.41729951)",HORACIO QUIROGA Esq. CECILIA FONTANA DE HEBER,0
2026-06-21,E_113,76,,,,S,,62873,Nocturno,,,183983,"POINT (  584787.124681729,   6138788.82547289)",AV ALM HARWOOD 6142,0
2026-06-21,E_113,77,,,,S,,62873,Nocturno,,,107084,"POINT (  584917.982592020,   6138846.22752887)",AV ALM HARWOOD 6200,0
2026-06-21,E_113,78,,,,S,,62873,Nocturno,,,107028,"POINT (  585123.796228270,   6138914.72938889)",AV ALM HARWOOD 6290,0
2026-06-21,E_113,79,,,,S,,62873,Nocturno,,,107049,"POINT (  585198.770154820,   6138947.10769690)",AV ALM HARWOOD 6302,0
2026-06-21,E_113,80,,,,S,,62873,Nocturno,,,107050,"POINT (  585485.060026490,   6139086.29106576)",AV ALM HARWOOD Esq. CANADA,0
2026-06-21,E_113,81,,,,S,,62873,Nocturno,,,107051,"POINT (  585620.649685030,   6139135.15013656)",AV ALM HARWOOD 6548,0
2026-06-21,E_113,82,,,,S,,62873,Nocturno,,,107052,"POINT (  585667.477187400,   6139051.16806656)",SANLUCAR Esq. AV GRAL RIVERA,0
2026-06-21,E_113,83,,,,S,,62873,Nocturno,,,181668,"POINT (  585807.174224619,   6139118.18175883)",DR LEONEL AGUIRRE 1708,0
2026-06-21,E_113,84,,,,S,,62873,Nocturno,,,181669,"POINT (  585778.416054684,   6139183.32337103)",DR LEONEL AGUIRRE 1726,0
2026-06-21,E_113,85,,,,S,,62873,Nocturno,,,181670,"POINT (  585758.590346623,   6139233.65016841)",DR LEONEL AGUIRRE 1744,0
2026-06-21,E_113,86,,,,S,,62873,Nocturno,,,107056,"POINT (  585690.196169000,   6139246.00604874)",AV ALM HARWOOD 6527,0
2026-06-21,E_113,87,,,,S,,62873,Nocturno,,,107057,"POINT (  585504.787780510,   6139126.34430187)",AV ALM HARWOOD 6485,0
2026-06-21,E_113,88,,,,S,,62873,Nocturno,,,107011,"POINT (  585126.012964450,   6138987.33954818)",AV ALM HARWOOD Esq. DR RAUL LEON JUDE,0
2026-06-21,E_113,89,,,,S,,62873,Nocturno,,,107059,"POINT (  585015.307486160,   6138943.35784349)",AV ALM HARWOOD 6225,0
2026-06-21,E_113,90,,,,S,,62873,Nocturno,,,107060,"POINT (  584826.047639030,   6138849.97845336)",AV ALM HARWOOD 6161,0
2026-06-21,C_106,1,S,50,,S,,62874,Nocturno,2026-06-21 22:58:21,,134500,"POINT (  575479.507000987,   6140588.94972780)",DR LUIS MELIAN LAFINUR 1986 MURO,0
2026-06-21,C_106,2,S,50,,S,,62874,Nocturno,2026-06-22 00:19:12,,134489,"POINT (  575533.238959613,   6140591.41308407)",DR LUIS MELIAN LAFINUR 2004 ARBOL/ARBOL,0
2026-06-21,C_106,3,N,,Contenedor No Está,N,,62874,Nocturno,2026-06-21 22:58:51,,134458,"POINT (  575604.368371893,   6140596.18583684)",DR LUIS MELIAN LAFINUR 2044 ARBOL/ARBOL,0
2026-06-21,C_106,4,S,100,,N,"Basura Afuera, Dos Ciclos, Requiere Limpieza",62874,Nocturno,2026-06-21 22:58:39,,134462,"POINT (  575705.827858240,   6140602.49818728)",DR LUIS MELIAN LAFINUR 2080,0
2026-06-21,C_106,5,S,100,,S,Dos Ciclos,62874,Nocturno,2026-06-22 02:47:51,,134457,"POINT (  575846.701044897,   6140610.35013539)",DR LUIS MELIAN LAFINUR 2134 EN 2134/2134A,0
2026-06-21,C_106,6,S,100,,S,Basura Afuera,62874,Nocturno,2026-06-21 23:02:41,,134424,"POINT (  575916.611160960,   6140612.51797805)",DR LUIS MELIAN LAFINUR 2166 CASA C/RETIRO,0
2026-06-21,C_106,7,S,50,,S,,62874,Nocturno,2026-06-21 23:04:43,,183919,"POINT (  576030.340890965,   6140615.46552050)",DR LUIS MELIAN LAFINUR 2221,0
2026-06-21,C_106,8,S,50,,S,,62874,Nocturno,2026-06-21 23:06:51,,134423,"POINT (  576083.799085828,   6140520.12971202)",PEDERNAL 2243 VEREDA. MURO C/ REJAS,0
2026-06-21,C_106,9,S,50,,S,,62874,Nocturno,2026-06-21 23:11:00,,134410,"POINT (  576002.465043775,   6140516.45423976)",PEDERNAL 2202 VEREDA. FTE 2204,0
2026-06-21,C_106,10,S,100,,S,"Basura Afuera, Dos Ciclos",62874,Nocturno,2026-06-21 23:11:08,,134409,"POINT (  575937.691267098,   6140514.58716041)",PEDERNAL 2177,0
2026-06-21,C_106,11,S,100,,S,Dos Ciclos,62874,Nocturno,2026-06-21 23:18:37,,134494,"POINT (  575733.863853775,   6140507.82543643)",PEDERNAL 2087 VEREDA,0
2026-06-21,C_106,12,S,50,,S,,62874,Nocturno,2026-06-21 23:18:43,,181990,"POINT (  575705.748200000,   6140507.27118408)",PEDERNAL 2069 VEREDA. EN 2075,0
2026-06-21,C_106,13,S,100,,S,Dos Ciclos,62874,Nocturno,2026-06-21 23:18:50,,179864,"POINT (  575619.680521787,   6140502.43027952)",PEDERNAL 2043,0
2026-06-21,C_106,14,S,100,,S,Basura Afuera,62874,Nocturno,2026-06-21 23:20:35,,134411,"POINT (  575502.706920441,   6140495.95093643)",PEDERNAL 1989 VEREDA. FTE 1996. MURO,0
2026-06-21,C_106,15,S,50,,S,,62874,Nocturno,2026-06-21 23:22:11,,134437,"POINT (  575398.370203863,   6140491.33923562)",PEDERNAL 1952 PLAZA,0
2026-06-21,C_106,16,S,75,,S,,62874,Nocturno,2026-06-21 23:25:04,,134413,"POINT (  575307.187531952,   6140489.29926873)",PEDERNAL 1905 EN 1907. REBAJE/ARBOL,0
2026-06-21,C_106,17,S,50,,S,,62874,Nocturno,2026-06-21 23:27:39,,134445,"POINT (  575180.363174020,   6140468.39923036)",GUAVIYU Esq. PEDERNAL,0
2026-06-21,C_106,18,S,75,,S,Dos Ciclos,62874,Nocturno,2026-06-21 23:34:27,,151872,"POINT (  575233.325333813,   6140372.48229562)",YAGUARI 1872,0
2026-06-21,C_106,19,S,50,,S,,62874,Nocturno,2026-06-21 23:36:07,,134501,"POINT (  575313.427390441,   6140376.17681310)",YAGUARI 1908,0
2026-06-21,C_106,20,S,100,,S,Dos Ciclos,62874,Nocturno,2026-06-21 23:41:52,,141112,"POINT (  575392.211813190,   6140265.94213697)",DR MARTIN C MARTINEZ 2833,0
2026-06-21,C_106,21,S,50,,S,,62874,Nocturno,2026-06-21 23:41:57,,181795,"POINT (  575397.564812418,   6140186.82608257)",DR MARTIN C MARTINEZ 2803 FTE 2812,0
2026-06-21,C_106,22,S,50,,S,,62874,Nocturno,2026-06-21 23:42:02,,141092,"POINT (  575397.754364796,   6140184.03554101)",DR MARTIN C MARTINEZ 2803 FTE 2812,0
2026-06-21,C_106,23,S,100,,S,Dos Ciclos,62874,Nocturno,2026-06-21 23:45:06,,175751,"POINT (  575299.374073786,   6140222.83340226)",AV GRAL GARIBALDI 2001 FTE 2004,0
2026-06-21,C_106,24,S,100,,S,Dos Ciclos,62874,Nocturno,2026-06-21 23:45:11,,143652,"POINT (  575296.140918682,   6140249.00656262)",PORONGOS 2854,0
2026-06-21,C_106,25,S,75,,S,,62874,Nocturno,2026-06-21 23:47:38,,134495,"POINT (  575406.222151973,   6140378.17880700)",YAGUARI 1954 PDO ARBOL.,0
2026-06-21,C_106,26,S,100,,S,Dos Ciclos,62874,Nocturno,2026-06-21 23:49:14,,179041,"POINT (  575547.520858170,   6140385.97887168)",YAGUARI 2008,0
2026-06-21,C_106,27,S,100,,S,"Basura Afuera, Dos Ciclos, Requiere Limpieza",62874,Nocturno,2026-06-21 23:52:16,,134491,"POINT (  575620.343633774,   6140388.60545643)",YAGUARI 2040 FTE 2041. ARBOL/ARBOL,0
2026-06-21,C_106,28,S,100,,S,"Basura Afuera, Dos Ciclos, Requiere Limpieza",62874,Nocturno,2026-06-21 23:52:51,,179242,"POINT (  575752.688732203,   6140392.08116667)",YAGUARI 2100,0
2026-06-21,C_106,29,S,100,,S,Basura Afuera,62874,Nocturno,2026-06-21 23:58:51,,184117,"POINT (  575831.076034560,   6140395.95557168)",YAGUARI 2132,0
2026-06-21,C_106,30,S,75,,S,,62874,Nocturno,2026-06-22 00:04:18,,134503,"POINT (  575909.448127108,   6140400.16330310)",YAGUARI 2156,0
2026-06-21,C_106,31,S,50,,S,,62874,Nocturno,2026-06-22 00:04:26,,134464,"POINT (  575980.030202979,   6140402.50445016)",YAGUARI Esq. DR JUAN CAMPISTEGUY PDO REBAJE,0
2026-06-21,C_106,32,S,50,,S,,62874,Nocturno,2026-06-22 00:07:12,,134463,"POINT (  576092.473753775,   6140406.57553310)",YAGUARI 2248 ANTES CARTEL PE,0
2026-06-21,C_106,33,S,100,,S,"Basura Afuera, Dos Ciclos, Requiere Limpieza",62874,Nocturno,2026-06-22 00:13:58,,134504,"POINT (  576102.448333775,   6140319.41670310)",CARAGUATA 2245 VEREDA. ANTES ARBOL,0
2026-06-21,C_106,34,S,75,,S,,62874,Nocturno,2026-06-22 00:13:43,,176352,"POINT (  576020.121629848,   6140316.96742614)",CARAGUATA 2205 PROV OV. (O: CARAGATUA 2091),0
2026-06-21,C_106,35,S,75,,S,,62874,Nocturno,2026-06-22 00:13:37,,134450,"POINT (  575988.215643774,   6140313.40028977)",CARAGUATA 2191,0
2026-06-21,C_106,36,S,100,,S,"Basura Afuera, Dos Ciclos, Requiere Limpieza",62874,Nocturno,2026-06-22 00:16:01,,180275,"POINT (  575810.321193288,   6140308.96549818)",CARAGUATA 2115 EN 2115,0
2026-06-21,C_106,37,S,50,,S,,62874,Nocturno,2026-06-22 00:19:22,,176364,"POINT (  575740.185418083,   6140304.18808475)",CARAGUATA 2091,0
2026-06-21,C_106,38,S,50,,S,,62874,Nocturno,2026-06-22 00:19:27,,134449,"POINT (  575667.129163774,   6140300.89248310)",CARAGUATA 2053 ANTES ARBOL,0
2026-06-21,C_106,39,S,50,,S,,62874,Nocturno,2026-06-22 00:30:03,,178994,"POINT (  575573.048086737,   6140102.37712679)",COLORADO 2104,0
2026-06-21,C_106,40,S,75,,S,Basura Afuera,62874,Nocturno,2026-06-22 00:31:36,,178946,"POINT (  575640.087861583,   6140107.00135537)",COLORADO 2138,0
2026-06-21,C_106,41,S,100,,S,"Basura Afuera, Dos Ciclos, Requiere Limpieza",62874,Nocturno,2026-06-22 00:34:21,,178945,"POINT (  575750.539838984,   6140114.93920848)",COLORADO 2188,0
2026-06-21,C_106,42,S,100,,S,Dos Ciclos,62874,Nocturno,2026-06-22 00:37:57,,178944,"POINT (  575895.172607345,   6140126.40813503)",COLORADO 2230 EN 2240,0
2026-06-21,C_106,43,S,75,,S,,62874,Nocturno,2026-06-22 00:41:21,,178995,"POINT (  576015.376754111,   6140212.92360902)",DR JUAN CAMPISTEGUY 2694,0
2026-06-21,C_106,44,S,100,,S,Dos Ciclos,62874,Nocturno,2026-06-22 00:44:14,,180299,"POINT (  575920.788064391,   6140232.68395074)",ITAPEBI 2153 EN 2155,0
2026-06-21,C_106,45,S,100,,S,Dos Ciclos,62874,Nocturno,2026-06-22 00:48:12,,179239,"POINT (  575792.816774011,   6140225.26024689)",ITAPEBI 2105,0
2026-06-21,C_106,46,S,75,,S,,62874,Nocturno,2026-06-22 00:56:04,,178996,"POINT (  575708.281263395,   6140217.56551883)",ITAPEBI 2071,0
2026-06-21,C_106,47,S,100,,S,"Basura Afuera, Dos Ciclos, Requiere Limpieza",62874,Nocturno,2026-06-22 00:56:12,,178997,"POINT (  575674.594260743,   6140214.71405995)",ITAPEBI 2051 EN 2055,0
2026-06-21,C_106,48,S,50,,S,,62874,Nocturno,2026-06-22 02:51:47,,134506,"POINT (  575339.739841099,   6140146.40108605)",ARENAL GRANDE 2777 EN 2773/2777,0
2026-06-21,C_106,49,S,50,,S,,62874,Nocturno,2026-06-22 02:25:58,,134473,"POINT (  575309.756319526,   6140081.59459732)",ARENAL GRANDE 2747 EN 2749/2747,0
2026-06-21,C_106,50,S,75,,S,,62874,Nocturno,2026-06-22 02:28:12,,134475,"POINT (  575251.682972481,   6139962.81776976)",ARENAL GRANDE 2681,0
2026-06-21,C_106,51,S,100,,S,"Basura Afuera, Dos Ciclos",62874,Nocturno,2026-06-22 02:30:51,,177381,"POINT (  575215.378998305,   6139885.51616497)",ARENAL GRANDE 2641,0
2026-06-21,C_106,52,S,50,,S,"Basura Afuera, Requiere Limpieza",62874,Nocturno,2026-06-22 02:57:01,,134451,"POINT (  575168.046392673,   6139785.12578513)",ARENAL GRANDE 2591,0
2026-06-21,C_106,53,N,,Contenedor No Está,N,,62874,Nocturno,2026-06-22 02:56:54,,176566,"POINT (  575161.711357189,   6139771.89673195)",ARENAL GRANDE 2588 FTE 2588B,0
2026-06-21,C_106,54,S,50,,S,,62874,Nocturno,2026-06-22 02:55:39,,177485,"POINT (  575144.213257803,   6139735.03177294)",ARENAL GRANDE 2559,0
2026-06-21,C_106,55,S,50,,S,"Basura Afuera, Requiere Limpieza",62874,Nocturno,2026-06-22 02:56:46,,134505,"POINT (  575105.973578173,   6139724.10685591)",CONCEPCION ARENAL 1921 FTE 1930,0
2026-06-21,C_106,56,S,75,,S,"Basura Afuera, Dos Ciclos, Requiere Limpieza",62874,Nocturno,2026-06-22 02:59:54,,134480,"POINT (  575002.661935421,   6139772.60651712)",CONCEPCION ARENAL 1869 EN 1871. MURO,0
2026-06-21,C_106,57,S,100,,S,"Basura Afuera, Dos Ciclos, Poda, Requiere Limpieza",62874,Nocturno,2026-06-22 03:02:40,,134414,"POINT (  574884.095518536,   6139829.94342679)",CONCEPCION ARENAL 1807,0
2026-06-21,C_106,58,S,100,,S,"Basura Afuera, Dos Ciclos, Poda, Requiere Limpieza",62874,Nocturno,2026-06-22 03:03:04,,183656,"POINT (  574914.334571396,   6139945.63297866)",JOSE L TERRA 2603,0
2026-06-21,C_106,59,S,75,,S,"Basura Afuera, Dos Ciclos, Requiere Limpieza",62874,Nocturno,2026-06-22 03:14:07,,177040,"POINT (  574960.292334641,   6140043.06187625)",JOSE L TERRA 2658 PROV OV (O: JOSE L TERRA 2634),0
2026-06-21,C_106,60,S,75,,S,"Basura Afuera, Dos Ciclos, Requiere Limpieza",62874,Nocturno,2026-06-22 03:14:13,,134477,"POINT (  574967.898695783,   6140057.63457244)",JOSE L TERRA 2666 ARBOL/REBAJE,0
2026-06-21,C_106,61,S,75,,S,"Basura Afuera, Dos Ciclos, Poda, Requiere Limpieza",62874,Nocturno,2026-06-22 03:14:34,,134479,"POINT (  574985.142189669,   6140094.58491648)",JOSE L TERRA 2692 EN 2692 BIS,0
2026-06-21,C_106,62,S,75,,S,"Basura Afuera, Dos Ciclos, Requiere Limpieza",62874,Nocturno,2026-06-22 03:14:27,,134415,"POINT (  575014.086625834,   6140157.32352147)",JOSE L TERRA 2730,0
2026-06-21,C_106,63,S,50,,S,"Basura Afuera, Requiere Limpieza",62874,Nocturno,2026-06-22 03:14:20,,134452,"POINT (  575015.010384435,   6140159.24801855)",JOSE L TERRA 2730,0
2026-06-21,C_106,64,S,50,,S,Basura Afuera,62874,Nocturno,2026-06-21 23:32:53,,180440,"POINT (  575099.655174713,   6140367.63524598)",YAGUARI 1802 FTE 1803,0
2026-06-21,C_106,65,S,50,,S,,62874,Nocturno,2026-06-21 23:32:59,,144312,"POINT (  575140.665017179,   6140367.76918555)",YAGUARI 1828,0
2026-06-21,C_106,66,S,75,,S,"Basura Afuera, Escombro, Requiere Limpieza",62874,Nocturno,2026-06-21 23:29:53,,134441,"POINT (  575183.750288890,   6140354.00712360)",GUAVIYU 2843 GARAJE/GARAJE,0
2026-06-21,C_106,67,,,,S,,62874,Nocturno,,,134497,"POINT (  575176.244750256,   6140246.42773653)",RAMON DEL VALLE INCLAN 2779 FTE 2786,0
2026-06-21,C_106,68,,,,S,,62874,Nocturno,,,134492,"POINT (  575146.825957972,   6140186.31674031)",RAMON DEL VALLE INCLAN 2761,0
2026-06-21,C_106,69,,,,S,,62874,Nocturno,,,134482,"POINT (  575110.657889583,   6140106.78622801)",RAMON DEL VALLE INCLAN 2711 MURO,0
2026-06-21,C_106,70,,,,S,,62874,Nocturno,,,134416,"POINT (  575068.794107042,   6140019.65537721)",RAMON DEL VALLE INCLAN 2667 EN 2667,0
2026-06-21,C_106,71,,,,S,,62874,Nocturno,,,181328,"POINT (  575043.013542048,   6139964.86146558)",RAMON DEL VALLE INCLAN 2641,0
2026-06-21,C_106,72,,,,S,,62874,Nocturno,,,181234,"POINT (  575042.545707555,   6139963.70147196)",RAMON DEL VALLE INCLAN 2641,0
2026-06-21,C_106,73,,,,S,,62874,Nocturno,,,165032,"POINT (  574993.494507019,   6139858.98798328)",RAMON DEL VALLE INCLAN 2589 EN 2589/2591,0
2026-06-21,C_106,74,,,,S,,62874,Nocturno,,,155022,"POINT (  574964.819500446,   6139797.28860672)",RAMON DEL VALLE INCLAN 2551,0
2026-06-21,C_106,75,,,,S,,62874,Nocturno,,,134429,"POINT (  574807.197350129,   6139865.50993973)",CONCEPCION ARENAL 1757 EN 1769. MURO,0
2026-06-21,C_106,76,,,,S,,62874,Nocturno,,,134453,"POINT (  574808.700441131,   6139927.40996011)",AV GRAL FLORES 2580,0
2026-06-21,C_106,77,,,,S,,62874,Nocturno,,,134455,"POINT (  574852.544340478,   6140037.15792347)",AV GRAL FLORES 2638 EN 2642,0
2026-06-21,C_106,78,,,,N,,62874,Nocturno,,,134456,"POINT (  574888.364264269,   6140128.00428663)",AV GRAL FLORES 2688,0
2026-06-21,C_106,79,,,,S,,62874,Nocturno,,,134483,"POINT (  574914.463389860,   6140175.41997553)",AV GRAL FLORES 2710,0
2026-06-21,C_106,80,,,,S,,62874,Nocturno,,,134454,"POINT (  574938.376201266,   6140253.99064158)",AV GRAL FLORES 2748 VEREDA. AUTOMOTORA. ARBOL/COLUMNA.,0
2026-06-21,C_106,81,S,50,,S,,62874,Nocturno,2026-06-22 03:16:44,,149572,"POINT (  575031.599549312,   6140418.93965527)",AV GRAL FLORES 2828,0
2026-06-21,C_106,82,S,50,,S,"Basura Afuera, Requiere Limpieza",62874,Nocturno,2026-06-22 03:19:29,,175313,"POINT (  575117.509099207,   6140542.72330781)",AV GRAL FLORES 2880,0
2026-06-21,C_106,83,S,50,,S,"Basura Afuera, Requiere Limpieza",62874,Nocturno,2026-06-22 03:19:52,,159532,"POINT (  575130.441719622,   6140561.96827867)",AV GRAL FLORES 2886 EN 2890,0
2026-06-21,C_106,84,S,100,,S,"Basura Afuera, Dos Ciclos, Poda, Requiere Limpieza",62874,Nocturno,2026-06-22 02:16:30,,134509,"POINT (  575241.415820547,   6140582.66894209)",DR LUIS MELIAN LAFINUR 1884,0
2026-06-21,C_106,85,S,75,,S,"Basura Afuera, Dos Ciclos, Requiere Limpieza",62874,Nocturno,2026-06-22 02:16:37,,134508,"POINT (  575345.946718678,   6140570.15915915)",PBRO LORENZO FERNANDEZ 2995 FTE 2992,0
2026-06-21,C_106,86,S,50,,S,,62874,Nocturno,2026-06-22 02:16:53,,134507,"POINT (  575375.237748895,   6140532.25404367)",PBRO LORENZO FERNANDEZ 2955,0
2026-06-21,C_106,87,S,50,,S,"Basura Afuera, Requiere Limpieza",62874,Nocturno,2026-06-22 02:18:38,,134484,"POINT (  575457.050553607,   6140423.85830781)",PBRO LORENZO FERNANDEZ 2921 FTE 2922. MURO,0
2026-06-21,C_106,88,S,75,,S,Basura Afuera,62874,Nocturno,2026-06-22 00:25:16,,180200,"POINT (  575536.214004096,   6140258.53944301)",DR JOAQUIN REQUENA 2735 EN 2737,0
2026-06-21,C_106,89,S,100,,S,"Basura Afuera, Dos Ciclos, Requiere Limpieza",62874,Nocturno,2026-06-22 00:25:04,,180674,"POINT (  575541.735147712,   6140196.87922375)",DR JOAQUIN REQUENA Esq. ITAPEBI EN 2707,0
2026-06-21,C_106,90,S,75,,S,"Basura Afuera, Dos Ciclos, Requiere Limpieza",62874,Nocturno,2026-06-22 00:27:17,,134488,"POINT (  575555.644605596,   6140063.19490473)",DR JOAQUIN REQUENA 2628 FTE 2628,0
2026-06-21,C_106,91,N,,Otros,S,,62874,Nocturno,2026-06-22 02:22:09,,134487,"POINT (  575442.518167004,   6140105.32361023)",COLORADO 2066 MURO,0
2026-06-21,C_106,92,S,50,,S,,62874,Nocturno,2026-06-22 02:24:29,,134418,"POINT (  575438.207293532,   6140104.55381139)",COLORADO 2051 MURO,0
2026-06-21,C_106,93,S,100,,S,Dos Ciclos,62874,Nocturno,2026-06-22 02:24:35,,134511,"POINT (  575394.328759983,   6140101.47461605)",COLORADO 2041 VEREDA,0
2026-06-21,C_106,94,S,75,,S,,62874,Nocturno,2026-06-22 02:33:06,,134419,"POINT (  575225.089493659,   6139726.70294665)",CONSTITUCION 2463,0
2026-06-21,C_106,95,S,50,,S,"Basura Afuera, Poda, Requiere Limpieza",62874,Nocturno,2026-06-22 02:35:45,,134434,"POINT (  575032.566054506,   6139684.29690278)",PORONGOS 2524 ANTES ARBOL,0
2026-06-21,C_106,96,S,75,,S,,62874,Nocturno,2026-06-22 02:37:37,,134428,"POINT (  575103.808208202,   6139837.80678158)",PORONGOS Esq. RIVADAVIA PDO PARADA,0
2026-06-21,C_106,97,S,100,,S,"Basura Afuera, Dos Ciclos, Requiere Limpieza",62874,Nocturno,2026-06-22 02:49:52,,134422,"POINT (  575147.685213508,   6139927.80799906)",PORONGOS 2642 PDO 2642,0
2026-06-21,C_106,98,S,75,,S,"Basura Afuera, Requiere Limpieza",62874,Nocturno,2026-06-22 02:50:00,,134421,"POINT (  575168.053364659,   6139972.87003129)",PORONGOS 2668,0
2026-06-21,C_106,99,S,75,,S,"Basura Afuera, Dos Ciclos, Requiere Limpieza",62874,Nocturno,2026-06-22 02:48:15,,134433,"POINT (  575201.978199752,   6140041.77985257)",PORONGOS 2704,0
2026-06-21,C_106,100,S,75,,S,,62874,Nocturno,2026-06-22 02:48:08,,134432,"POINT (  575236.327095284,   6140115.56636890)",PORONGOS 2746 PDO COLUMNA,0
2026-06-21,C_106,101,S,75,,S,"Basura Afuera, Dos Ciclos, Poda, Requiere Limpieza",62874,Nocturno,2026-06-22 02:50:14,,177469,"POINT (  575284.938297335,   6140210.43285698)",PORONGOS 2796,0
2026-06-21,C_110,1,S,50,,S,,62875,Nocturno,2026-06-21 23:09:56,,138408,"POINT (  575321.470312785,   6142402.63983764)",BV JOSE BATLLE Y ORDOÑEZ 4297,0
2026-06-21,C_110,2,S,50,,S,,62875,Nocturno,2026-06-21 23:11:00,,138473,"POINT (  575380.263848441,   6142346.10060416)",BV JOSE BATLLE Y ORDOÑEZ 4267,0
2026-06-21,C_110,3,S,75,,S,,62875,Nocturno,2026-06-21 23:12:44,,138472,"POINT (  575394.424516788,   6142227.40151017)",DR JOSE MARIA PENCO 3639 EN 3639/3641,0
2026-06-21,C_110,4,S,100,,S,"Basura Afuera, Requiere Limpieza",62875,Nocturno,2026-06-21 23:14:59,,138474,"POINT (  575357.894472694,   6142152.54139082)",DR JOSE MARIA PENCO 3617 EN 3615,0
2026-06-21,C_110,5,S,100,,S,,62875,Nocturno,2026-06-21 23:16:29,,138475,"POINT (  575307.599484448,   6142060.84568594)",DR JOSE MARIA PENCO 3557 REBAJE/REBAJE,0
2026-06-21,C_110,6,S,75,,S,,62875,Nocturno,2026-06-21 23:20:32,,138409,"POINT (  575266.463478253,   6141988.79149752)",DR JOSE MARIA PENCO 3527 EN 3529.,0
2026-06-21,C_110,7,S,100,,S,,62875,Nocturno,2026-06-21 23:20:37,,138476,"POINT (  575230.515797200,   6141925.41981233)",DR JOSE MARIA PENCO 3501 EN 3503,0
2026-06-21,C_110,8,S,100,,S,,62875,Nocturno,2026-06-21 23:22:11,,138477,"POINT (  575274.064946416,   6141871.22944820)",ANDRES LAMAS 3775 EN FTE 3774/3772,0
2026-06-21,C_110,9,S,75,,S,,62875,Nocturno,2026-06-21 23:26:02,,138478,"POINT (  575337.321135120,   6141869.94335412)",SENAQUE 3508,0
2026-06-21,C_110,10,S,75,,S,,62875,Nocturno,2026-06-21 23:27:36,,138479,"POINT (  575398.742695247,   6141992.60757002)",SENAQUE 3552 EN 3554. MURO Y CERCO,0
2026-06-21,C_110,11,S,100,,S,,62875,Nocturno,2026-06-21 23:29:19,,138480,"POINT (  575458.590333371,   6142109.23475884)",SENAQUE 3604 FTE 3611. MURO BAJO,0
2026-06-21,C_110,12,S,75,,S,,62875,Nocturno,2026-06-21 23:30:34,,138481,"POINT (  575537.016365283,   6142199.92258792)",BV JOSE BATLLE Y ORDOÑEZ 4195 PDO CORDON ROJO.,0
2026-06-21,C_110,13,S,50,,S,,62875,Nocturno,2026-06-21 23:35:33,,138482,"POINT (  575587.276598923,   6142150.98738855)",BV JOSE BATLLE Y ORDOÑEZ 4159 VEREDA. EN 4157,0
2026-06-21,C_110,14,S,75,,S,"Basura Afuera, Requiere Limpieza",62875,Nocturno,2026-06-21 23:35:40,,138438,"POINT (  575551.556648487,   6142056.29266595)",TERMOPILAS 3609 ANTES ARBOL,0
2026-06-21,C_110,15,S,100,,S,,62875,Nocturno,2026-06-21 23:36:34,,138437,"POINT (  575499.327313516,   6141966.99170993)",TERMOPILAS 3563 MURO BAJO Y CERCO VEGETAL,0
2026-06-21,C_110,16,S,100,,S,"Basura Afuera, Requiere Limpieza",62875,Nocturno,2026-06-21 23:39:04,,138410,"POINT (  575627.263841320,   6141949.56140668)",MARGARITA URIARTE DE HERRERA 3568 FTE 3599,0
2026-06-21,C_110,17,S,50,,S,,62875,Nocturno,2026-06-21 23:40:05,,138441,"POINT (  575722.665492708,   6142006.84475119)",MARGARITA URIARTE DE HERRERA 3643 FTE 3643,0
2026-06-21,C_110,18,S,50,,S,,62875,Nocturno,2026-06-21 23:42:34,,138484,"POINT (  575785.348930691,   6141949.66729087)",DR HOMERO DE GREGORIO 3593,0
2026-06-21,C_110,19,S,75,,S,,62875,Nocturno,2026-06-21 23:44:17,,138485,"POINT (  575700.853350437,   6141875.44247664)",DR HOMERO DE GREGORIO 3575,0
2026-06-21,C_110,20,S,75,,S,,62875,Nocturno,2026-06-21 23:45:56,,138412,"POINT (  575651.299551492,   6141831.50053954)",DR HOMERO DE GREGORIO 3551 EN 3551/3557.,0
2026-06-21,C_110,21,S,100,,S,,62875,Nocturno,2026-06-21 23:50:06,,138439,"POINT (  575495.024792507,   6141876.63876875)",MARGARITA URIARTE DE HERRERA 3535 COLUMNA/REBAJE,0
2026-06-21,C_110,22,S,100,,S,"Basura Afuera, Requiere Limpieza",62875,Nocturno,2026-06-21 23:52:08,,138440,"POINT (  575367.106396857,   6141784.38207687)",MARGARITA URIARTE DE HERRERA Esq. ANDRES LAMAS,0
2026-06-21,C_110,23,S,25,,S,,62875,Nocturno,2026-06-21 23:53:00,,138483,"POINT (  575298.599328657,   6141729.63995282)",MARGARITA URIARTE DE HERRERA Esq. AV DR LUIS ALBERTO DE HERRERA,0
2026-06-21,C_110,24,S,100,,S,"Basura Afuera, Requiere Limpieza",62875,Nocturno,2026-06-21 23:55:04,,138486,"POINT (  575146.231985319,   6141815.30025912)",AV DR LUIS ALBERTO DE HERRERA 3810 VEREDA. EN 3804/3806.,0
2026-06-21,C_110,25,S,75,,S,"Basura Afuera, Requiere Limpieza",62875,Nocturno,2026-06-21 23:58:19,,138487,"POINT (  575060.332902629,   6141885.92801895)",AV GRAL SAN MARTIN 3410,0
2026-06-21,C_110,26,S,100,,S,"Basura Afuera, Requiere Limpieza",62875,Nocturno,2026-06-21 23:51:55,,138488,"POINT (  575139.298057562,   6142049.81588066)",AV GRAL SAN MARTIN 3476,0
2026-06-21,C_110,27,S,100,,S,"Basura Afuera, Requiere Limpieza",62875,Nocturno,2026-06-22 00:05:01,,138411,"POINT (  575179.186508499,   6142094.91251494)",JUAN JOSE QUESADA 3897 FTE 3896,0
2026-06-21,C_110,28,S,100,,S,"Basura Afuera, Requiere Limpieza",62875,Nocturno,2026-06-22 00:05:10,,181787,"POINT (  575182.044450763,   6142093.44822026)",JUAN JOSE QUESADA 3897 FTE 3896,0
2026-06-21,C_110,29,S,100,,S,"Basura Afuera, Requiere Limpieza",62875,Nocturno,2026-06-22 00:09:20,,182061,"POINT (  575137.303939818,   6141978.02633846)",ANDRES LAMAS 3846,0
2026-06-21,C_110,30,S,75,,S,,62875,Nocturno,2026-06-22 00:18:39,,183477,"POINT (  575243.254943947,   6142264.14239866)",AV GRAL SAN MARTIN 3576,0
2026-06-21,C_110,31,S,100,,S,,62875,Nocturno,2026-06-22 00:54:10,,183474,"POINT (  575267.694405830,   6142315.03925964)",AV GRAL SAN MARTIN 3606,0
2026-06-21,C_110,32,S,100,,S,,62875,Nocturno,2026-06-22 00:18:49,,183476,"POINT (  575268.479159193,   6142316.16033588)",AV GRAL SAN MARTIN 3606,0
2026-06-21,C_110,33,S,100,,S,,62875,Nocturno,2026-06-22 00:54:05,,179911,"POINT (  575501.024992264,   6141703.79112526)",DR HOMERO DE GREGORIO 3489 ANTES DEL 3491,0
2026-06-21,C_110,34,S,100,,S,,62875,Nocturno,2026-06-22 00:24:07,,179913,"POINT (  575500.285515586,   6141702.93788294)",DR HOMERO DE GREGORIO 3489 ANTES DEL 3491,0
2026-06-21,C_110,35,S,75,,S,,62875,Nocturno,2026-06-22 00:27:37,,138462,"POINT (  575431.166329254,   6141638.05013212)",DR HOMERO DE GREGORIO 3451,0
2026-06-21,C_110,36,S,100,,S,,62875,Nocturno,2026-06-22 00:33:24,,138463,"POINT (  575392.095064701,   6141599.29652012)",DR MANUEL LANDEIRA 3445 EN 3447.,0
2026-06-21,C_110,37,S,75,,S,,62875,Nocturno,2026-06-22 00:33:27,,138465,"POINT (  575389.667468965,   6141596.70195275)",DR MANUEL LANDEIRA 3445 EN 3447.,0
2026-06-21,C_110,38,S,75,,S,,62875,Nocturno,2026-06-22 00:52:08,,138464,"POINT (  575337.458824838,   6141541.69552306)",DR MANUEL LANDEIRA 3423,0
2026-06-21,C_110,39,S,100,,S,,62875,Nocturno,2026-06-22 00:52:37,,181106,"POINT (  575480.262134926,   6141520.57841547)",DR FRANCISCO LAVANDEIRA 3341 FTE 3343/3345. MURO,0
2026-06-21,C_110,40,S,100,,S,"Basura Afuera, Requiere Limpieza",62875,Nocturno,2026-06-22 02:12:54,,138471,"POINT (  575491.520315149,   6141538.94253423)",DR FRANCISCO LAVANDEIRA Esq. AV DR LUIS ALBERTO DE HERRERA ANTES ARBOLES,0
2026-06-21,C_110,41,S,100,,S,,62875,Nocturno,2026-06-22 02:14:15,,138469,"POINT (  575553.039027088,   6141528.35411565)",DR FRANCISCO LAVANDEIRA 3354 VEREDA,0
2026-06-21,C_110,42,S,100,,S,,62875,Nocturno,2026-06-22 02:20:13,,176304,"POINT (  575554.716125405,   6141530.73460897)",DR FRANCISCO LAVANDEIRA 3354,0
2026-06-21,C_110,43,S,100,,S,"Basura Afuera, Requiere Limpieza",62875,Nocturno,2026-06-22 02:21:44,,138470,"POINT (  575628.428567364,   6141618.56744193)",DR FRANCISCO LAVANDEIRA 3382 EN 3398.,0
2026-06-21,C_110,44,S,75,,S,,62875,Nocturno,2026-06-22 02:23:56,,138468,"POINT (  575709.959390415,   6141715.13381936)",DR FRANCISCO LAVANDEIRA 3442,0
2026-06-21,C_110,45,S,100,,S,"Basura Afuera, Requiere Limpieza",62875,Nocturno,2026-06-22 02:27:08,,138416,"POINT (  575762.160294005,   6141776.75841549)",DR FRANCISCO LAVANDEIRA 3458 EN 3458/3504,0
2026-06-21,C_110,46,S,100,,S,,62875,Nocturno,2026-06-22 02:27:11,,138414,"POINT (  575852.903041219,   6141864.21875294)",CNEL JUSTO ARECHAGA 3534 EN 3543.,0
2026-06-21,C_110,47,S,100,,S,"Basura Afuera, Requiere Limpieza",62875,Nocturno,2026-06-22 02:29:19,,138489,"POINT (  575879.282703264,   6141745.29631917)",AV GRAL FLORES 3475 VEREDA. EN 3479,0
2026-06-21,C_110,48,S,100,,S,,62875,Nocturno,2026-06-22 02:33:12,,138491,"POINT (  575831.661780740,   6141699.04019074)",JUAN JOSE QUESADA 3510,0
2026-06-21,C_110,49,S,100,,S,,62875,Nocturno,2026-06-22 02:34:01,,138490,"POINT (  575720.786762627,   6141644.97923254)",CNEL JUSTO ARECHAGA 3425 FTE 3424,0
2026-06-21,C_110,50,S,100,,S,,62875,Nocturno,2026-06-22 02:35:07,,138494,"POINT (  575673.293522134,   6141562.32412781)",CNEL JUSTO ARECHAGA 3389 EN 3391/3393,0
2026-06-21,C_110,51,S,75,,S,,62875,Nocturno,2026-06-22 00:41:05,,182090,"POINT (  575593.566428322,   6141426.08074510)",CNEL JUSTO ARECHAGA 3341 MURO CIEGO,0
2026-06-21,C_110,52,S,100,,S,,62875,Nocturno,2026-06-22 00:41:17,,182091,"POINT (  575556.529391285,   6141376.51647495)",CNEL JUSTO ARECHAGA 3295,0
2026-06-21,C_110,53,S,100,,S,,62875,Nocturno,2026-06-22 00:46:05,,182088,"POINT (  575479.146493682,   6141274.16081046)",CNEL JUSTO ARECHAGA 3212 FTE 3214,0
2026-06-21,C_110,54,S,100,,S,,62875,Nocturno,2026-06-22 00:46:00,,182089,"POINT (  575477.880153813,   6141272.63575599)",CNEL JUSTO ARECHAGA 3212 FTE 3214,0
2026-06-21,C_110,55,S,100,,S,"Basura Afuera, Requiere Limpieza",62875,Nocturno,2026-06-22 00:47:33,,181688,"POINT (  575453.569012429,   6141261.73467684)",CONSULADO 3254 PROV OV. (O: CNEL JUSTO ARECHAGA FTE 3214),0
2026-06-21,C_110,56,S,75,,S,,62875,Nocturno,2026-06-22 00:36:21,,144132,"POINT (  575437.731148772,   6141335.11547659)",JUANA DE ARCO 3302 EN 3264,0
2026-06-21,C_110,57,N,,Contenedor No Está,N,,62875,Nocturno,2026-06-22 00:37:15,,138445,"POINT (  575458.060912442,   6141362.32771234)",JUANA DE ARCO 3304 EN 3302,0
2026-06-21,C_110,58,S,100,,S,"Basura Afuera, Requiere Limpieza",62875,Nocturno,2026-06-22 00:38:35,,138443,"POINT (  575528.473895986,   6141453.49399630)",JUANA DE ARCO 3338 EN 3338/3342,0
2026-06-21,C_110,59,S,100,,S,,62875,Nocturno,2026-06-22 02:39:37,,151712,"POINT (  575597.510385115,   6141264.80837723)",AV GRAL FLORES 3269,0
2026-06-21,C_110,60,S,50,,S,,62875,Nocturno,2026-06-22 02:39:46,,138442,"POINT (  575544.325589981,   6141186.05746527)",AV GRAL FLORES 3201,0
2026-06-21,C_110,61,S,100,,S,"Basura Afuera, Requiere Limpieza",62875,Nocturno,2026-06-22 02:41:40,,138420,"POINT (  575506.116333967,   6141130.76053980)",AV GRAL FLORES 3155,0
2026-06-21,C_110,62,S,100,,S,"Basura Afuera, Requiere Limpieza",62875,Nocturno,2026-06-22 02:41:09,,138419,"POINT (  575542.729045252,   6141122.67246536)",AV GRAL FLORES 3190,0
2026-06-21,C_110,63,S,25,,S,,62875,Nocturno,2026-06-22 02:43:13,,138418,"POINT (  575568.544171302,   6141161.39515444)",AV GRAL FLORES 3200,0
2026-06-21,C_110,64,S,75,,S,"Basura Afuera, Requiere Limpieza",62875,Nocturno,2026-06-22 02:45:47,,138421,"POINT (  575656.539595104,   6141287.57025420)",AV GRAL FLORES 3274 EN 3276/3284. EDIFICIO,0
2026-06-21,C_110,65,S,100,,S,"Basura Afuera, Requiere Limpieza",62875,Nocturno,2026-06-22 02:47:43,,138499,"POINT (  575721.315106939,   6141270.38016756)",CUFRE 3179,0
2026-06-21,C_110,66,S,100,,S,,62875,Nocturno,2026-06-22 02:49:45,,138498,"POINT (  575726.689091768,   6141164.00663237)",CUFRE Esq. PAMPILLO Y NOVAS MURO,0
2026-06-21,C_110,67,S,50,,S,,62875,Nocturno,2026-06-22 02:51:40,,138497,"POINT (  575708.900548557,   6141066.91083401)",BV GRAL ARTIGAS Esq. CUFRE VEREDA. MURO,0
2026-06-21,C_110,68,S,50,,S,,62875,Nocturno,2026-06-22 02:53:00,,138500,"POINT (  575619.488776407,   6141059.55663815)",BV GRAL ARTIGAS 3262 VEREDA. EDIFICIO,0
2026-06-21,C_110,69,S,75,,S,,62875,Nocturno,2026-06-22 02:55:33,,138505,"POINT (  576010.988130589,   6141732.28705745)",AV GRAL FLORES 3484 EN 3486. VIVIENDAS,0
2026-06-21,C_110,70,S,75,,S,,62875,Nocturno,2026-06-22 02:55:36,,138502,"POINT (  576014.694077091,   6141732.92236257)",AV GRAL FLORES 3484 EN 3486. VIVIENDAS,0
2026-06-21,C_110,71,S,100,,S,"Basura Afuera, Requiere Limpieza",62875,Nocturno,2026-06-22 02:57:57,,138501,"POINT (  576118.404293318,   6141651.08273827)",BV JOSE BATLLE Y ORDOÑEZ 3885,0
2026-06-21,C_110,72,S,75,,S,,62875,Nocturno,2026-06-22 02:59:22,,138503,"POINT (  576162.754389722,   6141607.06354119)",BV JOSE BATLLE Y ORDOÑEZ 3865,0
2026-06-21,C_110,73,S,75,,S,,62875,Nocturno,2026-06-22 02:59:28,,183273,"POINT (  576164.819752327,   6141605.47005980)",BV JOSE BATLLE Y ORDOÑEZ 3865,0
2026-06-21,C_110,74,S,50,,S,,62875,Nocturno,2026-06-22 03:01:51,,138446,"POINT (  576267.168834846,   6141514.15610894)",BV JOSE BATLLE Y ORDOÑEZ 3789 EN 3793/3791,0
2026-06-21,C_110,75,S,25,,S,,62875,Nocturno,2026-06-22 03:03:07,,138447,"POINT (  576366.972826911,   6141414.21397701)",BV JOSE BATLLE Y ORDOÑEZ 3721 EN 3725,0
2026-06-21,C_110,76,S,25,,S,,62875,Nocturno,2026-06-22 03:04:33,,138448,"POINT (  576463.007719691,   6141326.83003905)",BV JOSE BATLLE Y ORDOÑEZ 3667,0
2026-06-21,C_110,77,S,25,,S,,62875,Nocturno,2026-06-22 03:06:45,,138449,"POINT (  576361.236132233,   6141223.46887897)",AV JOSE PEDRO VARELA 3210,0
2026-06-21,C_110,78,S,25,,S,,62875,Nocturno,2026-06-22 03:08:00,,138422,"POINT (  576229.586032133,   6141250.93754888)",ANDRES LAMAS 3286 ANTES REBAJE,0
2026-06-21,C_110,79,S,50,,S,,62875,Nocturno,2026-06-22 03:09:16,,138450,"POINT (  576137.943269339,   6141308.43266177)",ANDRES LAMAS 3330 FTE PLAZA,0
2026-06-21,C_110,80,S,100,,S,,62875,Nocturno,2026-06-22 03:10:52,,138455,"POINT (  576147.155193502,   6141364.86893279)",JUAN CRUZ VARELA 3422 EN 3422/3424,0
2026-06-21,C_110,81,S,50,,S,,62875,Nocturno,2026-06-22 03:12:18,,138453,"POINT (  576247.600566013,   6141323.87859739)",CARDOSO 3295 EN 3295/3297,0
2026-06-21,C_110,82,S,75,,S,,62875,Nocturno,2026-06-22 03:14:06,,138454,"POINT (  576372.582625033,   6141336.80962355)",JUAN JOSE QUESADA 3258 MURO,0
2026-06-21,C_110,83,S,50,,S,,62875,Nocturno,2026-06-22 03:15:04,,138452,"POINT (  576266.169018322,   6141408.91675407)",JUAN JOSE QUESADA 3308,0
2026-06-21,C_110,84,S,50,,S,,62875,Nocturno,2026-06-22 03:17:03,,177295,"POINT (  576191.097130602,   6141458.47055302)",JUAN JOSE QUESADA Esq. JUAN CRUZ VARELA,0
2026-06-21,C_110,85,S,75,,S,"Basura Afuera, Requiere Limpieza",62875,Nocturno,2026-06-22 03:17:07,,177293,"POINT (  576129.154881919,   6141499.65950129)",JUAN JOSE QUESADA 3410 MURO,0
2026-06-21,C_110,86,S,50,,S,,62875,Nocturno,2026-06-22 03:17:10,,177294,"POINT (  576126.932436158,   6141501.56287345)",JUAN JOSE QUESADA 3410 MURO,0
2026-06-21,C_110,87,S,100,,S,,62875,Nocturno,2026-06-22 03:21:22,,138457,"POINT (  576035.157159293,   6141563.38547853)",JUAN JOSE QUESADA 3446,0
2026-06-21,C_110,88,S,100,,S,,62875,Nocturno,2026-06-22 03:21:32,,143412,"POINT (  576001.464501997,   6141584.18927787)",JUAN JOSE QUESADA 3453 ANTES BOCA DE TORMENTA,0
2026-06-21,C_110,89,S,100,,S,"Basura Afuera, Requiere Limpieza",62875,Nocturno,2026-06-22 03:24:20,,138458,"POINT (  575904.045102944,   6141647.79147719)",JUAN JOSE QUESADA 3492 3494 bis,0
2026-06-21,C_110,90,,,,S,,62875,Nocturno,,,138459,"POINT (  575821.561322220,   6141636.25010094)",AV GRAL FLORES 3431,0
2026-06-21,C_110,91,,,,S,,62875,Nocturno,,,138425,"POINT (  575747.971813101,   6141505.05959476)",AV GRAL FLORES 3385 EN 3374.,0
2026-06-21,C_110,92,,,,S,,62875,Nocturno,,,182968,"POINT (  575675.133582571,   6141597.73228888)",ANDRES LAMAS 3563 PDO 3565,0
2026-06-21,C_110,93,,,,S,,62875,Nocturno,,,161734,"POINT (  575751.105076396,   6141546.98653347)",ANDRES LAMAS 3521 EN 3501.MURO,0
2026-06-21,C_110,94,,,,S,,62875,Nocturno,,,182306,"POINT (  575808.563273421,   6141511.35153050)",ANDRES LAMAS 3491 VEREDA,0
2026-06-21,C_110,95,,,,S,,62875,Nocturno,,,138426,"POINT (  575809.823771148,   6141510.25157413)",ANDRES LAMAS 3491 VEREDA. PDO ARBOL,0
2026-06-21,C_110,96,,,,S,,62875,Nocturno,,,138461,"POINT (  575934.433864264,   6141428.71709681)",ANDRES LAMAS 3446 VEREDA,0
2026-06-21,C_110,97,,,,S,,62875,Nocturno,,,184130,"POINT (  575970.341792810,   6141406.34033224)",ANDRES LAMAS 3435,0
2026-06-21,C_110,98,,,,S,,62875,Nocturno,,,138433,"POINT (  575859.106038490,   6141350.54606979)",GUALEGUAY 3357 EN 3362,0
2026-06-21,C_110,99,,,,S,,62875,Nocturno,,,180941,"POINT (  575862.501503185,   6141354.24638498)",GUALEGUAY 3361,0
2026-06-21,C_110,100,,,,S,,62875,Nocturno,,,138429,"POINT (  575882.054477124,   6141382.79007851)",GUALEGUAY 3371 EN 3386,0
2026-06-21,C_110,101,,,,S,,62875,Nocturno,,,138428,"POINT (  575883.750593029,   6141385.17909427)",GUALEGUAY 3375 EN 3386,0
2026-06-21,C_110,102,,,,S,,62875,Nocturno,,,138434,"POINT (  575904.546111236,   6141416.73091500)",GUALEGUAY 3389 EN 3394,0
2026-06-21,G_101,1,,,,S,,62876,Nocturno,,,183167,"POINT (  572753.792376035,   6143676.70753530)",JULIO A MILLOT 791,0
2026-06-21,G_101,2,,,,S,,62876,Nocturno,,,177504,"POINT (  572729.188240068,   6143663.13908774)",JULIO A MILLOT 769,0
2026-06-21,G_101,3,,,,S,,62876,Nocturno,,,118032,"POINT (  572602.100847978,   6143595.62043166)",JULIO A MILLOT 713 EN 711. MURO,0
2026-06-21,G_101,4,,,,S,,62876,Nocturno,,,181775,"POINT (  572522.760142919,   6143636.45631939)",PEDRO 1RO 706,0
2026-06-21,G_101,5,,,,S,,62876,Nocturno,,,181776,"POINT (  572646.725284531,   6143705.73736514)",PEDRO 1RO 764,0
2026-06-21,G_101,6,,,,S,,62876,Nocturno,,,182934,"POINT (  572752.870005229,   6143761.12372985)",PEDRO 1RO 814,0
2026-06-21,G_101,7,,,,S,,62876,Nocturno,,,183566,"POINT (  572759.368655992,   6143764.97987015)",PEDRO 1RO 818,0
2026-06-21,G_101,8,,,,N,,62876,Nocturno,,,183250,"POINT (  572798.712114245,   6143786.63979097)",PEDRO 1RO 840,0
2026-06-21,G_101,9,,,,S,,62876,Nocturno,,,183174,"POINT (  572982.312938998,   6143673.35525447)",LORETO GOMENSORO 838,0
2026-06-21,G_101,10,,,,S,,62876,Nocturno,,,183173,"POINT (  572978.592033987,   6143672.49207015)",LORETO GOMENSORO 838,0
2026-06-21,G_101,11,,,,S,,62876,Nocturno,,,117955,"POINT (  572843.587372079,   6143559.36681339)",ALBARDON 4281 EN 4278,0
2026-06-21,G_101,12,,,,S,,62876,Nocturno,,,118030,"POINT (  572892.168529854,   6143632.91959432)",LORETO GOMENSORO 780 CERCO,0
2026-06-21,G_101,13,,,,N,,62876,Nocturno,,,183163,"POINT (  573068.395978432,   6143601.92697233)",ERNESTO HERRERA 843,0
2026-06-21,G_101,14,,,,S,,62876,Nocturno,,,183165,"POINT (  573065.345869499,   6143599.74832310)",ERNESTO HERRERA 843,0
2026-06-21,G_101,15,,,,S,,62876,Nocturno,,,180133,"POINT (  573199.813546084,   6143332.40950318)",CNO CASTRO 809 EN 809,0
2026-06-21,G_101,16,,,,N,,62876,Nocturno,,,117999,"POINT (  572643.959317882,   6143148.08331732)",CNO CASTRO 575,0
2026-06-21,G_101,17,,,,S,,62876,Nocturno,,,180776,"POINT (  572426.458028869,   6143240.26098990)",AV ISLAS CANARIAS 4308 VEREDA,0
2026-06-21,G_101,18,,,,S,,62876,Nocturno,,,117980,"POINT (  572532.463649036,   6143465.09893598)",DOMINGO TORRES 4298,0
2026-06-21,G_101,19,,,,S,,62876,Nocturno,,,117966,"POINT (  572687.060697844,   6143351.13752849)",DOMINGO TORRES 4253,0
2026-06-21,G_101,20,,,,S,,62876,Nocturno,,,183079,"POINT (  572764.741491159,   6143420.60313713)",JUAN LAVALLE 690,0
2026-06-21,G_101,21,,,,S,,62876,Nocturno,,,117988,"POINT (  572765.721310784,   6143423.10120613)",JUAN LAVALLE 690 VEREDA,0
2026-06-21,G_101,22,,,,S,,62876,Nocturno,,,117968,"POINT (  572475.066307931,   6143388.50205553)",FRANCISCO MIRANDA 4297 4295. FTE 4300,0
2026-06-21,G_101,23,,,,S,,62876,Nocturno,,,183446,"POINT (  572614.570919390,   6143282.27746122)",FRANCISCO MIRANDA 4261,0
2026-06-21,G_101,24,,,,S,,62876,Nocturno,,,117936,"POINT (  572569.296793190,   6143229.34411192)",GRAL ANTONIO DIAZ 4258 FTE 4259. MURO CALADO,0
2026-06-21,G_101,25,,,,S,,62876,Nocturno,,,117935,"POINT (  572449.205987288,   6143317.53934461)",GRAL ANTONIO DIAZ 4296 MURO,0
2026-06-21,G_101,26,,,,S,,62876,Nocturno,,,180775,"POINT (  572409.412122503,   6143189.71414501)",CAP BASEDAS 532 FTE 534,0
2026-06-21,G_101,27,,,,S,,62876,Nocturno,,,180774,"POINT (  572318.083911745,   6143102.44740516)",CAP BASEDAS 483,0
2026-06-21,G_101,28,,,,S,,62876,Nocturno,,,183065,"POINT (  572193.648833004,   6143177.14718886)",PALOMEQUE 482,0
2026-06-21,G_101,29,,,,S,,62876,Nocturno,,,117989,"POINT (  572267.872424139,   6143281.44419130)",PALOMEQUE 538,0
2026-06-21,G_101,30,,,,S,,62876,Nocturno,,,183080,"POINT (  572498.749500000,   6143172.13270943)",AV ISLAS CANARIAS 4277,0
2026-06-21,G_101,31,,,,S,,62876,Nocturno,,,180773,"POINT (  572500.515037158,   6143171.06804026)",AV ISLAS CANARIAS 4277,0
2026-06-21,G_101,32,,,,N,,62876,Nocturno,,,117971,"POINT (  572880.133697598,   6143362.41129431)",MARIA ORTICOCHEA 4199 FTE 4199,0
2026-06-21,G_101,33,,,,S,,62876,Nocturno,,,179226,"POINT (  572684.972308696,   6143535.39240298)",LORETO GOMENSORO 714 ANTES DEL 714,0
2026-06-21,G_101,34,,,,S,,62876,Nocturno,,,117984,"POINT (  572771.829466885,   6143578.43685229)",LORETO GOMENSORO 738,0
2026-06-21,G_101,35,,,,S,,62876,Nocturno,,,117983,"POINT (  572923.493515987,   6143523.53501736)",ERNESTO HERRERA 781 FTE 781,0
2026-06-21,G_101,36,,,,S,,62876,Nocturno,,,118014,"POINT (  573024.174560255,   6143524.10255425)",HOPA HOPA 4238 FTE 4238. MURO DE BLOQUE,0
2026-06-21,G_101,37,,,,S,,62876,Nocturno,,,117985,"POINT (  573100.410962839,   6143344.11230883)",HOPA HOPA 4167 FTE 4164. CERCO,0
2026-06-21,G_101,39,,,,S,,62876,Nocturno,,,117949,"POINT (  573304.016534602,   6143229.77029253)",ANGEL MUÑIZ Esq. AV MILLAN,0
2026-06-21,G_101,40,,,,N,,62876,Nocturno,,,117940,"POINT (  572887.143316247,   6143877.28142531)",CNO CORONEL RAIZ 884 ESQ,0
2026-06-21,G_101,41,,,,S,,62876,Nocturno,,,117939,"POINT (  572947.943303214,   6143955.85371616)",CNO CORONEL RAIZ 920 ENTRE ARBOL/COLUMNA,0
2026-06-21,G_101,42,,,,S,,62876,Nocturno,,,117953,"POINT (  573036.557183511,   6144167.39322579)",CNO CORONEL RAIZ 1021 FTE 1021. ENTRE BOLARDOS,0
2026-06-21,G_101,43,,,,S,,62876,Nocturno,,,117954,"POINT (  573042.417129117,   6144274.35210943)",CNO CORONEL RAIZ 1051 FTE 1051. MURO,0
2026-06-21,G_101,44,,,,S,,62876,Nocturno,,,118017,"POINT (  573051.303281058,   6144507.26282873)",CNO CORONEL RAIZ 1139 FTE 1139,0
2026-06-21,G_101,45,,,,S,,62876,Nocturno,,,143972,"POINT (  573304.916576760,   6144195.46054725)",AV DE LAS INSTRUCCIONES 1078 FTE 1078,0
2026-06-21,G_101,46,,,,S,,62876,Nocturno,,,118013,"POINT (  573238.343195891,   6144118.14272833)",AV DE LAS INSTRUCCIONES 1048 FTE 1048,0
2026-06-21,G_101,47,,,,S,,62876,Nocturno,,,118018,"POINT (  573182.303577818,   6144018.07198178)",PEDRO TRAPANI Esq. AV DE LAS INSTRUCCIONES,0
2026-06-21,G_101,48,,,,S,,62876,Nocturno,,,117941,"POINT (  573298.385643826,   6143985.41731711)",VICTOR HUGO 1016 EN 1016/1018,0
2026-06-21,G_101,49,,,,S,,62876,Nocturno,,,173132,"POINT (  573341.784746545,   6144036.40072904)",VICTOR HUGO 1042,0
2026-06-21,G_101,50,,,,S,,62876,Nocturno,,,118015,"POINT (  573414.257034579,   6144121.51353243)",VICTOR HUGO 1097 FTE 1097. ARBOL/ARBOL,0
2026-06-21,G_101,51,,,,S,,62876,Nocturno,,,117982,"POINT (  573461.469346982,   6144176.60443807)",VICTOR HUGO 1130,0
2026-06-21,G_101,52,,,,S,,62876,Nocturno,,,117987,"POINT (  573486.229622440,   6144014.23049390)",GAMBETTA 1083 EN 1143. ESQ,0
2026-06-21,G_101,53,,,,S,,62876,Nocturno,,,117986,"POINT (  573483.179513508,   6144012.05184466)",GAMBETTA 1075 MURO,0
2026-06-21,G_101,54,,,,S,,62876,Nocturno,,,117942,"POINT (  573478.407650004,   6144003.11403860)",GAMBETTA 1075 FTE 1074. MURO,0
2026-06-21,G_101,55,,,,S,,62876,Nocturno,,,117943,"POINT (  573379.811630237,   6143886.82129734)",GAMBETTA 1004 ESQ,0
2026-06-21,G_101,56,,,,S,,62876,Nocturno,,,183508,"POINT (  573425.773632290,   6143827.56529984)",PEDRO TRAPANI 794,0
2026-06-21,G_101,57,,,,S,,62876,Nocturno,,,171912,"POINT (  573490.416139591,   6143818.98386494)",JOFFRE 1010,0
2026-06-21,G_101,58,,,,S,,62876,Nocturno,,,118027,"POINT (  573610.501035462,   6143961.18966268)",JOFFRE 1087 ESQ. CERCO VEGETAL,0
2026-06-21,G_101,59,,,,S,,62876,Nocturno,,,175761,"POINT (  573680.051201748,   6144042.44378596)",JOFFRE 1138 FTE 1135,0
2026-06-21,G_101,60,,,,S,,62876,Nocturno,,,126312,"POINT (  573731.955320495,   6143939.54278014)",DR ALBERTO ZUBIRIA 1117,0
2026-06-21,G_101,61,,,,S,,62876,Nocturno,,,118019,"POINT (  573637.718222134,   6143828.14488120)",DR ALBERTO ZUBIRIA 1055 VEREDA. FTE 1054. MURO,0
2026-06-21,G_101,62,,,,S,,62876,Nocturno,,,122992,"POINT (  573567.339202832,   6143746.22953137)",DR ALBERTO ZUBIRIA 1005 ARBOL/ARBOL,0
2026-06-21,G_101,63,,,,S,,62876,Nocturno,,,180287,"POINT (  573529.103908715,   6143693.50621983)",DR ALBERTO ZUBIRIA 985,0
2026-06-21,G_101,64,,,,S,,62876,Nocturno,,,117945,"POINT (  573464.347283828,   6143577.09236164)",DR ALBERTO ZUBIRIA 931,0
2026-06-21,G_101,65,,,,S,,62876,Nocturno,,,143092,"POINT (  573463.790435344,   6143575.09490281)",DR ALBERTO ZUBIRIA 931,0
2026-06-21,G_101,66,,,,S,,62876,Nocturno,,,120312,"POINT (  573402.587010318,   6143490.24653135)",CARLOS CASARAVILLA 889,0
2026-06-21,G_101,67,,,,S,,62876,Nocturno,,,117946,"POINT (  573281.184764590,   6143623.70678794)",BOLOCUA 4196 FTE 4195,0
2026-06-21,G_101,68,,,,S,,62876,Nocturno,,,117974,"POINT (  573349.696189944,   6143561.29287944)",CNEL JUAN ARENAS 935,0
2026-06-21,G_101,69,,,,S,,62876,Nocturno,,,173012,"POINT (  573338.884962351,   6143515.70941296)",CNEL JUAN ARENAS 907,0
2026-06-21,G_101,70,,,,S,,62876,Nocturno,,,172952,"POINT (  573296.105773227,   6143438.02133011)",CARLOS CASARAVILLA 841,0
2026-06-21,G_101,71,,,,S,,62876,Nocturno,,,182933,"POINT (  573293.740354902,   6143436.97272157)",CARLOS CASARAVILLA 841,0
2026-06-21,G_101,72,,,,S,,62876,Nocturno,,,183507,"POINT (  573335.461058843,   6143706.03497969)",CLEMENCEAU 946,0
2026-06-21,G_101,73,,,,S,,62876,Nocturno,,,117963,"POINT (  573367.245395500,   6143723.19246708)",CAYETANO SILVA 4147 FTE 4146,0
2026-06-21,G_101,74,,,,S,,62876,Nocturno,,,117951,"POINT (  573443.284167545,   6143663.11095721)",CAYETANO SILVA 4115,0
2026-06-21,G_101,75,,,,S,,62876,Nocturno,,,117952,"POINT (  573421.403376225,   6143401.87123322)",DR ALBERTO ZUBIRIA 881 CERCO DE MADERA,0
2026-06-21,G_101,76,,,,S,,62876,Nocturno,,,181011,"POINT (  573515.870133551,   6143248.03511264)",RBLA COST MA ABELLA DE RAMIREZ Esq. LAUTREAMONT : RBLA COST MA ABELLA DE RAMIREZ ESQ LAUTREAMONT),0
2026-06-21,G_101,77,,,,S,,62876,Nocturno,,,130292,"POINT (  573456.098332628,   6143270.58648530)",LAUTREAMONT 4075,0
2026-06-21,G_101,78,,,,S,,62876,Nocturno,,,155992,"POINT (  573557.886323188,   6143412.87207305)",RBLA COST MA ABELLA DE RAMIREZ 945,0
2026-06-21,G_101,79,,,,S,,62876,Nocturno,,,145153,"POINT (  573556.930915262,   6143418.46521737)",RBLA COST MA ABELLA DE RAMIREZ 945 FTE 945,0
2026-06-21,G_101,80,,,,S,,62876,Nocturno,,,118005,"POINT (  573594.220529948,   6143564.60352550)",RBLA COST MA ABELLA DE RAMIREZ Esq. CAYETANO SILVA,0
2026-06-21,G_101,81,,,,S,,62876,Nocturno,,,118004,"POINT (  573710.712053510,   6143721.65135726)",MCAL FOCH 1040 FTE 1049,0
2026-06-21,G_101,82,,,,S,,62876,Nocturno,,,120412,"POINT (  573861.037883308,   6143898.16417952)",MCAL FOCH 1139 FTE 1139,0
2026-06-21,D_101,1,S,100,,S,Requiere Limpieza,62877,Nocturno,2026-06-21 23:29:21,,184221,"POINT (  577484.889100000,   6139835.44316645)",AV DAMASO ANTONIO LARRAÑAGA 3178,0
2026-06-21,D_101,2,S,100,,S,Requiere Limpieza,62877,Nocturno,2026-06-21 23:29:25,,184150,"POINT (  577484.746956047,   6139839.65002432)",AV DAMASO ANTONIO LARRAÑAGA 3178,0
2026-06-21,D_101,3,S,100,,S,Requiere Limpieza,62877,Nocturno,2026-06-21 23:31:40,,114488,"POINT (  577529.901455521,   6140047.53990520)",JUAN JACOBO ROUSSEAU 3310 VEREDA,0
2026-06-21,D_101,4,N,,Contenedor No Está,N,,62877,Nocturno,2026-06-21 23:29:35,,114490,"POINT (  577648.764885249,   6140115.75717791)",JUAN JACOBO ROUSSEAU 3368 VEREDA,0
2026-06-21,D_101,5,S,100,,S,Requiere Limpieza,62877,Nocturno,2026-06-21 23:41:58,,179307,"POINT (  577726.604832418,   6140040.08295407)",JOANICO 3337 VEREDA,0
2026-06-21,D_101,6,S,100,,S,Requiere Limpieza,62877,Nocturno,2026-06-21 23:42:04,,175891,"POINT (  577725.130363582,   6140039.02587865)",JOANICO 3337 VEREDA,0
2026-06-21,D_101,7,S,50,,S,,62877,Nocturno,2026-06-21 23:48:29,,114516,"POINT (  577527.820319390,   6139915.60395076)",JOANICO 3267 VEREDA,0
2026-06-21,D_101,8,S,50,,S,,62877,Nocturno,2026-06-21 23:48:32,,183132,"POINT (  577507.574172014,   6139903.29286530)",JOANICO 3259 EN 3255,0
2026-06-21,D_101,9,S,100,,S,Requiere Limpieza,62877,Nocturno,2026-06-21 23:48:38,,114517,"POINT (  577391.924099216,   6139831.62942589)",JOANICO 3205 VEREDA,0
2026-06-21,D_101,10,S,100,,S,Requiere Limpieza,62877,Nocturno,2026-06-21 23:54:04,,114502,"POINT (  577365.995399436,   6139925.62340508)",GRAL URQUIZA 3238,0
2026-06-21,D_101,11,S,100,,S,Requiere Limpieza,62877,Nocturno,2026-06-21 23:54:08,,114504,"POINT (  577412.588418354,   6139971.57066968)",GRAL URQUIZA 3278,0
2026-06-21,D_101,12,S,75,,S,Requiere Limpieza,62877,Nocturno,2026-06-21 23:56:41,,114505,"POINT (  577700.961434825,   6140121.44195064)",FAMAILLA 3387 ANTES 3387,0
2026-06-21,D_101,13,S,100,,S,,62877,Nocturno,2026-06-21 23:59:04,,114533,"POINT (  577634.695964408,   6140066.52735989)",FAMAILLA 3335,0
2026-06-21,D_101,14,S,75,,S,Requiere Limpieza,62877,Nocturno,2026-06-22 00:00:42,,114528,"POINT (  577509.837207346,   6139965.05843333)",FAMAILLA 3253,0
2026-06-21,D_101,15,S,75,,S,Requiere Limpieza,62877,Nocturno,2026-06-22 00:02:35,,176839,"POINT (  577485.204438984,   6140074.88894181)",AV DAMASO ANTONIO LARRAÑAGA 3288 EN 3288/3264,0
2026-06-21,D_101,16,S,100,,S,Requiere Limpieza,62877,Nocturno,2026-06-22 00:04:35,,177358,"POINT (  577485.882405085,   6140182.00758588)",AV DAMASO ANTONIO LARRAÑAGA 3350,0
2026-06-21,D_101,17,S,100,,S,,62877,Nocturno,2026-06-22 00:09:46,,128592,"POINT (  577362.492574578,   6140040.31267062)",JUAN RAMON GOMEZ 3225,0
2026-06-21,D_101,18,S,100,,S,,62877,Nocturno,2026-06-22 00:09:50,,128612,"POINT (  577315.938902261,   6139995.34091921)",JUAN RAMON GOMEZ 3191 EN 3185/3189,0
2026-06-21,D_101,19,S,75,,S,,62877,Nocturno,2026-06-22 00:12:56,,114536,"POINT (  577579.686968955,   6140139.31861415)",GLORIA 3283 VEREDA. EN 3279/3283,0
2026-06-21,D_101,20,S,100,,S,,62877,Nocturno,2026-06-22 00:25:20,,179236,"POINT (  577582.908688168,   6140508.65496553)",GRAL JULIO AMADEO ROLETTI Esq. QUICHUAS EN 3409,0
2026-06-21,D_101,21,S,100,,S,Requiere Limpieza,62877,Nocturno,2026-06-22 00:25:24,,179237,"POINT (  577543.090713197,   6140455.64017599)",GRAL JULIO AMADEO ROLETTI 3371,0
2026-06-21,D_101,22,S,75,,S,Requiere Limpieza,62877,Nocturno,2026-06-22 00:33:37,,179238,"POINT (  577405.661816723,   6140468.38192798)",BV JOSE BATLLE Y ORDOÑEZ 3164,0
2026-06-21,D_101,23,S,100,,S,,62877,Nocturno,2026-06-22 00:33:34,,114522,"POINT (  577383.896791052,   6140535.25947429)",EMILIO RAÑA 3158,0
2026-06-21,D_101,24,S,75,,S,,62877,Nocturno,2026-06-22 00:36:30,,114523,"POINT (  577611.645116951,   6140606.64035424)",CARLOS CROCKER 2867,0
2026-06-21,D_101,25,S,100,,S,,62877,Nocturno,2026-06-22 00:38:19,,114492,"POINT (  577678.198789266,   6140509.01323559)",CARLOS CROCKER 2783,0
2026-06-21,D_101,26,S,100,,S,,62877,Nocturno,2026-06-22 00:41:01,,114530,"POINT (  577732.436077401,   6140415.22792486)",MARCOS DE AVELLANEDA Esq. CARLOS CROCKER MURO,0
2026-06-21,D_101,27,S,75,,S,Requiere Limpieza,62877,Nocturno,2026-06-21 23:16:27,,114493,"POINT (  577811.532122600,   6140316.47086271)",CARLOS CROCKER 2687,0
2026-06-21,D_101,28,S,100,,S,Requiere Limpieza,62877,Nocturno,2026-06-21 23:19:02,,114495,"POINT (  577860.571670622,   6140243.92848983)",CARLOS CROCKER 2649,0
2026-06-21,D_101,29,S,100,,S,Requiere Limpieza,62877,Nocturno,2026-06-21 23:22:59,,179591,"POINT (  577956.305373073,   6140096.84623506)",CARLOS CROCKER 2567 ESQ,0
2026-06-21,D_101,30,S,100,,S,Requiere Limpieza,62877,Nocturno,2026-06-21 23:23:03,,114494,"POINT (  577958.068251418,   6140094.19537840)",CARLOS CROCKER Esq. AV 8 DE OCTUBRE ESQ,0
2026-06-21,D_101,31,S,100,,S,,62877,Nocturno,2026-06-21 23:34:39,,114509,"POINT (  577760.444126316,   6140183.27835601)",JUAN JACOBO ROUSSEAU 3414,0
2026-06-21,D_101,32,N,,Contenedor No Está,S,,62877,Nocturno,2026-06-21 23:34:44,,114511,"POINT (  577880.246229092,   6140158.30332481)",JOANICO 3441 VEREDA,0
2026-06-21,D_101,33,S,100,,S,Requiere Limpieza,62877,Nocturno,2026-06-21 23:38:05,,114512,"POINT (  577800.232687573,   6140104.49346158)",JOANICO 3409 EN 3407,0
2026-06-21,D_101,34,S,100,,S,Requiere Limpieza,62877,Nocturno,2026-06-22 00:25:08,,177259,"POINT (  577713.511646075,   6140309.67885631)",QUICHUAS 2710 PDO 2710,0
2026-06-21,D_101,35,S,100,,S,Requiere Limpieza,62877,Nocturno,2026-06-22 00:25:12,,114525,"POINT (  577663.622518081,   6140384.26747288)",QUICHUAS 2752,0
2026-06-21,D_101,36,S,50,,S,Requiere Mantenimiento,62877,Nocturno,2026-06-22 00:25:03,,114499,"POINT (  577611.645116951,   6140464.04148418)",QUICHUAS 2786,0
2026-06-21,D_101,37,S,75,,S,,62877,Nocturno,2026-06-22 00:43:08,,114497,"POINT (  577521.475625426,   6140696.92284012)",JUAN FRANCISCO MARTINEZ 3455,0
2026-06-21,D_101,38,S,75,,S,Requiere Limpieza,62877,Nocturno,2026-06-22 00:46:35,,114496,"POINT (  577498.083251712,   6140800.47522073)",AV DAMASO ANTONIO LARRAÑAGA 3502 VEREDA,0
2026-06-21,D_101,39,N,,Sobrepeso,S,,62877,Nocturno,2026-06-22 00:58:19,,179245,"POINT (  577571.966550285,   6140845.92200796)",FELIPE SANGUINETTI 2953,0
2026-06-21,D_101,40,S,100,,S,Requiere Limpieza,62877,Nocturno,2026-06-22 00:50:36,,114498,"POINT (  577624.519347150,   6140768.73611858)",FELIPE SANGUINETTI 2931 EN 2929,0
2026-06-21,D_101,41,N,,Contenedor No Está,S,,62877,Nocturno,2026-06-21 23:42:23,,114527,"POINT (  577691.419128250,   6140672.06408305)",FELIPE SANGUINETTI 2869,0
2026-06-21,D_101,42,N,,Sobrepeso,S,Requiere Limpieza,62877,Nocturno,2026-06-22 00:59:19,,117352,"POINT (  577710.407915327,   6140643.72075871)",FELIPE SANGUINETTI 2855 EN 2851. CERRAMIENTO DE CHAPA,0
2026-06-21,D_101,43,S,100,,S,Requiere Limpieza,62877,Nocturno,2026-06-22 00:55:43,,114531,"POINT (  577795.147941809,   6140520.08668192)",FELIPE SANGUINETTI 2775,0
2026-06-21,D_101,44,S,100,,S,,62877,Nocturno,2026-06-22 00:57:05,,114500,"POINT (  577843.848506781,   6140446.75334859)",FELIPE SANGUINETTI 2737 EN 2739. MURO,0
2026-06-21,D_101,45,S,100,,S,Requiere Limpieza,62877,Nocturno,2026-06-22 01:00:16,,157712,"POINT (  577886.705180555,   6140383.50951145)",FELIPE SANGUINETTI 2697,0
2026-06-21,D_101,46,N,,Contenedor No Está,N,,62877,Nocturno,2026-06-21 23:12:23,,114532,"POINT (  578020.827206161,   6140203.07486733)",FELIPE SANGUINETTI 2589 FTE 2589,0
2026-06-21,D_101,47,N,,Sobrepeso,N,,62877,Nocturno,2026-06-21 23:12:31,,180957,"POINT (  578019.137404778,   6140205.83337350)",FELIPE SANGUINETTI 2589 FTE 2589,0
2026-06-21,D_101,48,S,100,,S,Requiere Limpieza,62877,Nocturno,2026-06-21 23:16:17,,114501,"POINT (  577957.916303391,   6140298.16577797)",FELIPE SANGUINETTI 2636,0
2026-06-21,D_103,1,S,100,,S,,62877,Nocturno,2026-06-22 02:05:40,,114276,"POINT (  579100.472458471,   6141394.25938335)",20 DE FEBRERO 2656 VEREDA. EN 2656/2658,1
2026-06-21,D_103,2,N,,Contenedor No Está,N,,62877,Nocturno,2026-06-22 02:05:47,,183130,"POINT (  579062.756352901,   6141401.66299568)",20 DE FEBRERO 2684,1
2026-06-21,D_103,3,S,100,,S,,62877,Nocturno,2026-06-22 02:07:35,,114250,"POINT (  578909.793651607,   6141432.75583217)",20 DE FEBRERO 2752 ANTES 2752,1
2026-06-21,D_103,4,S,75,,S,,62877,Nocturno,2026-06-22 02:10:59,,181117,"POINT (  579012.889783561,   6141352.58342333)",JUAN JACOBO ROUSSEAU 4273,1
2026-06-21,D_103,5,S,50,,S,,62877,Nocturno,2026-06-22 02:12:05,,183562,"POINT (  579012.730383357,   6141350.42631580)",JUAN JACOBO ROUSSEAU 4273 PROV OV.(O:20 DE FEBRERO ANTES DE 2720),1
2026-06-21,D_103,6,S,75,,S,,62877,Nocturno,2026-06-22 02:15:30,,177279,"POINT (  578926.316810169,   6141323.23480113)",21 DE ABRIL 2700 FTE 2681. MURO,1
2026-06-21,D_103,7,S,75,,S,,62877,Nocturno,2026-06-22 02:15:33,,114232,"POINT (  578884.406804276,   6141330.09863532)",21 DE ABRIL 2716 CERCO VEGETAL,1
2026-06-21,D_103,8,S,100,,S,,62877,Nocturno,2026-06-22 02:17:13,,114256,"POINT (  578811.503874015,   6141342.64317913)",21 DE ABRIL 2752 ANTES 2760. MURO LADRILLO,1
2026-06-21,D_103,9,S,75,,S,Requiere Mantenimiento,62877,Nocturno,2026-06-22 02:20:30,,114255,"POINT (  578695.184619799,   6141347.85555586)",FRAY MANUEL DE UBEDA Esq. 21 DE ABRIL MURO,1
2026-06-21,D_103,10,S,75,,S,Requiere Mantenimiento,62877,Nocturno,2026-06-22 02:20:53,,177476,"POINT (  578694.768441974,   6141342.44524413)",FRAY MANUEL DE UBEDA Esq. 21 DE ABRIL,1
2026-06-21,D_103,11,N,,Sobrepeso,S,,62877,Nocturno,2026-06-22 02:25:05,,177477,"POINT (  578706.698872960,   6141248.66650754)",GRAL IGNACIO ORIBE 2785 EN 2789. CASA TEPAEADA (RETIRAR VIEJO DE 2769),1
2026-06-21,D_103,12,S,100,,S,,62877,Nocturno,2026-06-22 02:25:09,,177478,"POINT (  578732.224446233,   6141197.19918317)",GRAL IGNACIO ORIBE 2767 MURO. (RETIRAR VIEJO DE 2769),1
2026-06-21,D_103,13,S,100,,S,,62877,Nocturno,2026-06-22 02:29:20,,114244,"POINT (  578974.347456477,   6141199.92746003)",GRAL JOSE VILLAGRAN 2653 EN 2655,1
2026-06-21,D_103,14,S,100,,S,,62877,Nocturno,2026-06-22 02:29:24,,121172,"POINT (  578977.491911155,   6141199.46504022)",GRAL JOSE VILLAGRAN 2653 EN 2655,1
2026-06-21,D_103,15,S,25,,S,,62877,Nocturno,2026-06-22 02:30:53,,177479,"POINT (  579063.964414814,   6141184.02021871)",GRAL JOSE VILLAGRAN 2610 VEREDA. (SOLAMENTE RETIRAR VIEJO) FTE 2610,1
2026-06-21,D_103,16,S,25,,S,,62877,Nocturno,2026-06-22 02:30:58,,114246,"POINT (  579065.515173451,   6141183.71662546)",GRAL JOSE VILLAGRAN 2610 VEREDA. EN 2625 FTE 2610,1
2026-06-21,D_103,17,S,100,,S,,62877,Nocturno,2026-06-22 02:31:06,,114245,"POINT (  579066.645116954,   6141183.49063676)",GRAL JOSE VILLAGRAN 2610 VEREDA. EN 2625 FTE 2610,1
2026-06-21,D_103,18,S,100,,S,,62877,Nocturno,2026-06-22 02:33:44,,176778,"POINT (  579038.300115600,   6141100.78465369)",ENRIQUE CLAY 2602 MURO ESTACION,1
2026-06-21,D_103,19,S,100,,S,,62877,Nocturno,2026-06-22 02:35:35,,114275,"POINT (  578896.811979924,   6141132.90752587)",ENRIQUE CLAY 2690 VEREDA,1
2026-06-21,D_103,20,S,75,,S,,62877,Nocturno,2026-06-22 02:37:03,,114259,"POINT (  578799.321560038,   6141154.98025491)",ENRIQUE CLAY 2738,1
2026-06-21,D_103,21,S,100,,S,,62877,Nocturno,2026-06-22 02:39:17,,183451,"POINT (  578821.434214161,   6141055.81552048)",PAN DE AZUCAR 2687,1
2026-06-21,D_103,22,S,50,,S,,62877,Nocturno,2026-06-22 02:42:04,,183164,"POINT (  578920.800162309,   6140967.72916907)",PAN DE AZUCAR 2623,1
2026-06-21,D_103,23,S,100,,N,,62877,Nocturno,2026-06-22 02:46:29,,114247,"POINT (  578966.306133903,   6140925.01606049)",PAN DE AZUCAR 2600 VIVIENDAS,1
2026-06-21,D_103,24,N,,Fuego,S,,62877,Nocturno,2026-06-22 02:46:46,,114240,"POINT (  578906.510470988,   6140849.13579545)",DR SILVESTRE PEREZ 2595 FTE 2597. VIVIENDAS,1
2026-06-21,D_103,25,S,100,,S,,62877,Nocturno,2026-06-22 02:49:13,,114263,"POINT (  578904.753275726,   6140850.52305486)",DR SILVESTRE PEREZ 2595 FTE 2597. VIVIENDAS,1
2026-06-21,D_103,26,S,75,,S,,62877,Nocturno,2026-06-22 02:49:21,,114253,"POINT (  578837.887371828,   6140904.53368816)",DR SILVESTRE PEREZ 2646 EN 2634. SUB-ESTACION,1
2026-06-21,D_103,27,S,75,,S,,62877,Nocturno,2026-06-22 02:51:01,,152953,"POINT (  578891.250617401,   6141012.55495476)",JUAN JACOBO ROUSSEAU Esq. PAN DE AZUCAR,1
2026-06-21,D_103,28,S,75,,S,,62877,Nocturno,2026-06-22 02:51:12,,114254,"POINT (  578894.210104157,   6141016.06934529)",JUAN JACOBO ROUSSEAU 4051,1
2026-06-21,D_103,29,S,75,,S,,62877,Nocturno,2026-06-22 02:56:23,,114264,"POINT (  578954.208336645,   6141024.89504415)",PASCUAL PALADINO 4127 FTE 4126. MURO,1
2026-06-21,D_103,30,S,100,,S,,62877,Nocturno,2026-06-22 02:56:28,,114251,"POINT (  579027.387008185,   6140992.11599936)",PASCUAL PALADINO 2559 EN 2955,1
2026-06-21,D_103,31,S,100,,S,,62877,Nocturno,2026-06-22 03:02:26,,179192,"POINT (  578797.946420904,   6140781.72243560)",JOANICO 3937 FTE 3936,1
2026-06-21,D_103,32,N,,Contenedor No Está,N,,62877,Nocturno,2026-06-22 03:03:03,,114241,"POINT (  578824.893704525,   6140838.91436557)",GRAL FELIX LABORDE 2618 EN 2614/2618,1
2026-06-21,D_103,33,S,100,,S,,62877,Nocturno,2026-06-22 03:03:18,,114242,"POINT (  578779.808958762,   6140904.67707744)",GRAL FELIX LABORDE 2652,1
2026-06-21,D_103,34,S,100,,S,Requiere Limpieza,62877,Nocturno,2026-06-22 03:04:50,,114243,"POINT (  578728.917944011,   6140981.80258649)",GRAL FELIX LABORDE 2704,1
2026-06-21,D_103,35,N,,Fuego,S,Requiere Limpieza,62877,Nocturno,2026-06-22 03:16:37,,114272,"POINT (  578674.485365925,   6140956.09831351)",PAMPLONA 2703 MURO FABRICA,1
2026-06-21,D_103,36,N,,Contenedor No Está,S,,62877,Nocturno,2026-06-22 03:07:17,,183366,"POINT (  578675.778725708,   6140954.43106754)",PAMPLONA 2703,1
2026-06-21,D_103,37,S,75,,S,Requiere Limpieza,62877,Nocturno,2026-06-22 03:16:46,,176918,"POINT (  578604.780710174,   6140901.96521303)",LINDORO FORTEZA 2701,1
2026-06-21,D_103,38,S,75,,S,Requiere Limpieza,62877,Nocturno,2026-06-22 03:16:51,,114265,"POINT (  578606.066639302,   6140900.53172338)",LINDORO FORTEZA 2701,1
2026-06-21,D_103,39,S,100,,S,Requiere Limpieza,62877,Nocturno,2026-06-22 03:16:56,,114266,"POINT (  578641.599016664,   6140849.87918544)",LINDORO FORTEZA 2677 EN 2677/2675,1
2026-06-21,D_103,40,S,100,,S,Requiere Limpieza,62877,Nocturno,2026-06-22 03:17:02,,114267,"POINT (  578695.275586721,   6140771.63235444)",LINDORO FORTEZA 2641,1
2026-06-21,D_103,41,S,100,,S,,62877,Nocturno,2026-06-22 03:17:09,,114234,"POINT (  578747.807993687,   6140693.30032094)",LINDORO FORTEZA 2583 EN 2589,1
2026-06-21,D_103,42,N,,Contenedor No Está,N,,62877,Nocturno,2026-06-22 03:17:17,,114268,"POINT (  578750.027608754,   6140690.61828607)",LINDORO FORTEZA 2583 EN 2589,1
2026-06-21,D_103,43,S,75,,S,Requiere Limpieza,62877,Nocturno,2026-06-22 03:22:46,,180803,"POINT (  578612.719763181,   6140731.33130414)",LARRAVIDE 2648,1
2026-06-21,D_103,44,S,75,,S,Requiere Limpieza,62877,Nocturno,2026-06-22 03:23:15,,114235,"POINT (  578610.746763291,   6140734.08574780)",LARRAVIDE 2648 VEREDA. FTE 2643.,1
2026-06-21,D_103,45,S,100,,S,Requiere Limpieza,62877,Nocturno,2026-06-22 03:25:42,,114257,"POINT (  578565.176190400,   6140801.06125823)",LARRAVIDE 2678 VEREDA,1
2026-06-21,D_103,46,S,100,,S,Requiere Limpieza,62877,Nocturno,2026-06-22 03:29:11,,114273,"POINT (  578516.249636728,   6140874.16860286)",LARRAVIDE 2720 VEREDA,1
2026-06-21,D_103,47,S,100,,S,Requiere Limpieza,62877,Nocturno,2026-06-22 03:30:42,,114269,"POINT (  578427.210088705,   6140818.34939382)",CIPRIANO MIRO 2725,1
2026-06-21,D_103,48,S,100,,S,Requiere Limpieza,62877,Nocturno,2026-06-22 03:31:37,,177482,"POINT (  578445.755376634,   6140788.00389714)",CIPRIANO MIRO 2707 EN 2705 (RETIRAR VIEJO EN 2737),1
2026-06-21,D_103,49,S,100,,S,Requiere Limpieza,62877,Nocturno,2026-06-22 03:33:09,,114238,"POINT (  578487.928062909,   6140722.52525266)",CIPRIANO MIRO 2665,1
2026-06-21,D_103,50,S,100,,S,Requiere Limpieza,62877,Nocturno,2026-06-22 03:37:26,,119492,"POINT (  578570.938902265,   6140601.28724693)",CIPRIANO MIRO 2592 PROV OV. ORIGEN: CIPRIANO MIRO FTE 2573,1
2026-06-21,D_103,51,S,100,,S,Requiere Limpieza,62877,Nocturno,2026-06-22 03:40:08,,177483,"POINT (  578569.036496820,   6140605.07062202)",CIPRIANO MIRO 2592,1
2026-06-21,C_116,1,S,100,,S,Basura Afuera,62878,Nocturno,2026-06-21 23:47:28,,179548,"POINT (  571531.038872985,   6140756.45760262)",CAPURRO 652 EN 612. MURO ROJO,0
2026-06-21,C_116,2,S,75,,S,Basura Afuera,62878,Nocturno,2026-06-21 23:47:40,,183219,"POINT (  571534.846403065,   6140758.34323167)",CAPURRO 660,0
2026-06-21,C_116,3,S,100,,S,"Basura Afuera, Requiere Limpieza",62878,Nocturno,2026-06-21 23:54:32,,184022,"POINT (  572176.949698425,   6140801.16726247)",SOLIS GRANDE 832 ENTRE ENTRADAS DEL COMPLEJO Y PROPIEDAD LINDERA,0
2026-06-21,C_116,4,S,100,,S,"Basura Afuera, Requiere Limpieza",62878,Nocturno,2026-06-21 23:54:51,,184023,"POINT (  572179.836837533,   6140802.74206562)",SOLIS GRANDE 832 ENTRE ENTRADAS DEL COMPLEJO Y PROPIEDAD LINDERA,0
2026-06-21,C_116,5,S,50,,S,"Basura Afuera, Requiere Limpieza",62878,Nocturno,2026-06-22 00:44:28,,184024,"POINT (  572182.461509449,   6140803.79193438)",SOLIS GRANDE 832 ENTRE ENTRADAS DEL COMPLEJO Y PROPIEDAD LINDERA,0
2026-06-21,C_116,6,S,75,,S,,62878,Nocturno,2026-06-22 00:03:37,,183317,"POINT (  572138.626058794,   6140625.67602069)",HERMANOS GIL 815,0
2026-06-21,C_116,7,S,50,,S,,62878,Nocturno,2026-06-22 00:03:46,,183318,"POINT (  572138.005941606,   6140624.90087421)",HERMANOS GIL 815,0
2026-06-21,C_116,8,S,100,,S,Basura Afuera,62878,Nocturno,2026-06-22 00:08:33,,183464,"POINT (  572474.991848148,   6140910.50767647)",HERMANOS GIL 912,0
2026-06-21,C_116,9,S,75,,S,,62878,Nocturno,2026-06-22 00:08:42,,181449,"POINT (  572577.460156646,   6140941.50127298)",HERMANOS GIL 942,0
2026-06-21,C_116,10,S,75,,S,,62878,Nocturno,2026-06-22 00:11:10,,181450,"POINT (  572727.351224184,   6140985.94571742)",HERMANOS GIL 988 EN 984/988,0
2026-06-21,C_116,11,N,,Auto,S,,62878,Nocturno,2026-06-22 00:11:20,,183208,"POINT (  572751.288375381,   6140991.55297909)",HERMANOS GIL 992,0
2026-06-21,C_116,12,S,75,,S,,62878,Nocturno,2026-06-22 00:14:45,,183246,"POINT (  572840.682256135,   6140859.64733329)",MATURANA 979 ANTES DE 981,0
2026-06-21,C_116,13,S,75,,S,,62878,Nocturno,2026-06-22 00:14:53,,183245,"POINT (  572838.637122144,   6140858.44846164)",MATURANA 979 ANTES DE 981,0
2026-06-21,C_116,14,S,75,,S,,62878,Nocturno,2026-06-22 00:17:28,,183226,"POINT (  572653.995118567,   6140774.03905795)",BV GRAL ARTIGAS 4538 VEREDA,0
2026-06-21,C_116,15,S,100,,S,,62878,Nocturno,2026-06-22 00:17:35,,183225,"POINT (  572652.754884191,   6140773.52229363)",BV GRAL ARTIGAS 4538 VEREDA,0
2026-06-21,C_116,16,S,75,,S,,62878,Nocturno,2026-06-22 00:25:53,,183243,"POINT (  572799.731449488,   6140944.57066677)",LARROBLA 991,0
2026-06-21,C_116,17,S,75,,S,,62878,Nocturno,2026-06-22 00:26:00,,183224,"POINT (  572683.037273544,   6140871.50080936)",LARROBLA 942,0
2026-06-21,C_116,18,S,100,,S,,62878,Nocturno,2026-06-22 00:26:13,,183244,"POINT (  572641.142143458,   6140844.22936984)",LARROBLA 928 FTE 928,0
2026-06-21,C_116,19,S,100,,S,,62878,Nocturno,2026-06-22 00:29:54,,183629,"POINT (  572394.084941706,   6141011.28215261)",SOLIS GRANDE 916,0
2026-06-21,C_116,20,S,100,,S,,62878,Nocturno,2026-06-22 00:33:22,,181451,"POINT (  572386.392618519,   6141198.36401808)",MANUEL CORREA 3503 FTE 3503,0
2026-06-21,C_116,21,S,100,,S,,62878,Nocturno,2026-06-22 00:39:34,,184021,"POINT (  572374.787582415,   6141221.62289921)",MANUEL CORREA 3510,0
2026-06-21,C_116,22,S,100,,S,,62878,Nocturno,2026-06-22 00:39:41,,181445,"POINT (  572327.266121133,   6141293.78248432)",MANUEL CORREA 3524 FTE 3529,0
2026-06-21,C_116,23,S,75,,S,,62878,Nocturno,2026-06-22 00:39:49,,181444,"POINT (  572326.067864052,   6141295.74326863)",MANUEL CORREA 3524 FTE 3529,0
2026-06-21,C_116,24,S,100,,S,Basura Afuera,62878,Nocturno,2026-06-22 00:39:59,,181420,"POINT (  572267.508277124,   6141393.08114183)",MANUEL CORREA 3552 EN 3552,0
2026-06-21,C_116,25,S,100,,S,Basura Afuera,62878,Nocturno,2026-06-22 00:44:14,,181447,"POINT (  572225.499372331,   6141483.76706819)",FRANCISCO GOMEZ 958,0
2026-06-21,C_116,26,S,75,,S,,62878,Nocturno,2026-06-22 00:44:21,,183203,"POINT (  572271.127694771,   6141560.55867909)",FRANCISCO GOMEZ 986,0
2026-06-21,C_116,27,S,100,,S,,62878,Nocturno,2026-06-22 00:48:47,,183204,"POINT (  572271.999154466,   6141563.28199063)",FRANCISCO GOMEZ 986,0
2026-06-21,C_116,28,S,75,,S,,62878,Nocturno,2026-06-22 00:48:57,,183205,"POINT (  572336.204871024,   6141485.29509194)",ENRIQUE TURINI 997,0
2026-06-21,C_116,29,S,100,,S,Basura Afuera,62878,Nocturno,2026-06-22 00:49:06,,181446,"POINT (  572220.052749238,   6141318.40759107)",ENRIQUE TURINI 929,0
2026-06-21,C_116,30,S,100,,S,Basura Afuera,62878,Nocturno,2026-06-22 00:51:51,,183319,"POINT (  572143.638672731,   6141393.63948176)",AMADO NERVO 3616,0
2026-06-21,C_116,31,S,100,,S,Basura Afuera,62878,Nocturno,2026-06-22 00:59:20,,183320,"POINT (  572028.090170009,   6141569.33935174)",AMADO NERVO 3696,0
2026-06-21,C_116,32,S,100,,S,Basura Afuera,62878,Nocturno,2026-06-22 00:59:39,,183254,"POINT (  572010.123555853,   6141605.82893244)",AMADO NERVO 3702,0
2026-06-21,C_116,33,S,100,,S,,62878,Nocturno,2026-06-22 00:59:48,,183256,"POINT (  571957.091115796,   6141699.19987743)",AMADO NERVO 3746 PROV OV (O: PABLO ZUFRIATEGUI 960),0
2026-06-21,C_116,34,S,100,,S,,62878,Nocturno,2026-06-22 00:59:28,,183255,"POINT (  571955.398591114,   6141702.02075190)",AMADO NERVO 3746,0
2026-06-21,C_116,35,S,100,,S,Basura Afuera,62878,Nocturno,2026-06-22 01:04:00,,183252,"POINT (  571969.711702344,   6141870.58942307)",PABLO ZUFRIATEGUI 980,0
2026-06-21,C_116,36,S,100,,S,Basura Afuera,62878,Nocturno,2026-06-22 01:04:07,,183253,"POINT (  571976.340757351,   6141873.55134127)",PABLO ZUFRIATEGUI 980,0
2026-06-21,C_116,37,S,100,,S,,62878,Nocturno,2026-06-22 01:10:12,,183304,"POINT (  572165.783239775,   6141697.63953385)",VALENTIN GOMEZ 985 PDO 987,0
2026-06-21,C_116,38,S,100,,S,Basura Afuera,62878,Nocturno,2026-06-22 01:10:36,,183202,"POINT (  572164.205331155,   6141696.49775556)",VALENTIN GOMEZ 985 PDO 987,0
2026-06-21,C_116,39,S,100,,S,,62878,Nocturno,2026-06-22 01:10:45,,183321,"POINT (  572114.389812025,   6141664.42398725)",VALENTIN GOMEZ 967,0
2026-06-21,C_116,41,S,100,,S,,62878,Nocturno,2026-06-22 01:14:21,,183240,"POINT (  572014.862279977,   6141741.27146313)",INOCENCIO RAFFO ARROSA 962,1
2026-06-21,C_116,42,S,100,,S,Basura Afuera,62878,Nocturno,2026-06-22 01:14:32,,183241,"POINT (  572093.219331594,   6141785.75518138)",INOCENCIO RAFFO ARROSA 990,1
2026-06-21,C_107,85,,,,S,,62878,Nocturno,,,152512,"POINT (  574371.387376926,   6140072.55074123)",AV GRAL SAN MARTIN 2552,2
2026-06-21,C_107,86,,,,S,,62878,Nocturno,,,183468,"POINT (  574388.585667713,   6140137.37403946)",RIVADAVIA 1504 EN 1506,2
2026-06-21,C_107,87,,,,S,,62878,Nocturno,,,134529,"POINT (  574372.595975340,   6140181.52487741)",AV GRAL SAN MARTIN 2602 EN 2618,2
2026-06-21,C_107,88,,,,S,,62878,Nocturno,,,171115,"POINT (  574392.764667565,   6140276.79818529)",AV GRAL SAN MARTIN 2656 PROV OV (O: SAN MARTIN 2660),2
2026-06-21,C_107,89,,,,S,,62878,Nocturno,,,134530,"POINT (  574496.270870057,   6140479.00472827)",COLORADO 1552 MURO,2
2026-06-21,C_107,90,,,,S,,62878,Nocturno,,,134603,"POINT (  574355.719194264,   6140174.28885447)",AV GRAL SAN MARTIN 2615 VEREDA. PDO PARADA,2
2026-06-21,C_107,91,,,,S,,62878,Nocturno,,,134578,"POINT (  574399.688716937,   6140246.49867040)",GUADALUPE 1510 FTE 1510,2
2026-06-21,C_107,92,,,,S,,62878,Nocturno,,,134579,"POINT (  574523.728013431,   6140533.12651918)",AV GRAL SAN MARTIN 2768 PDO REBAJE,2
2026-06-21,C_107,93,,,,S,,62878,Nocturno,,,158412,"POINT (  574531.948532113,   6140543.56689877)",AV GRAL SAN MARTIN 2768 EN 2790,2
2026-06-21,C_107,94,,,,S,,62878,Nocturno,,,134593,"POINT (  574624.930686038,   6140686.11835288)",AV GRAL SAN MARTIN 2852,2
2026-06-21,C_107,95,,,,S,,62878,Nocturno,,,134594,"POINT (  574719.956669708,   6140896.60090670)",AV GRAL SAN MARTIN 2972 VEREDA. EN 2966,2
2026-06-21,C_107,96,,,,S,,62878,Nocturno,,,134534,"POINT (  574783.926598471,   6140961.01565088)",BV GRAL ARTIGAS 3623 VEREDA. EN 3629.,2
2026-06-21,C_107,97,,,,S,,62878,Nocturno,,,134597,"POINT (  574890.395163842,   6140970.19116896)",BV GRAL ARTIGAS 3577 VEREDA. PALMERA/CARTEL,2
2026-06-21,C_107,98,,,,S,,62878,Nocturno,,,134596,"POINT (  574988.474259887,   6140977.98777913)",BV GRAL ARTIGAS 3535 VEREDA. PDO PALMERA,2
2026-06-21,C_107,99,,,,S,,62878,Nocturno,,,134533,"POINT (  575043.841491525,   6140983.07252489)",BV GRAL ARTIGAS 3503 VEREDA,2
2026-06-21,C_107,100,,,,S,,62878,Nocturno,,,134555,"POINT (  575237.739796610,   6140997.42280738)",BV GRAL ARTIGAS 3413 VEREDA,2
2026-06-21,C_107,101,,,,S,,62878,Nocturno,,,175456,"POINT (  575367.683299435,   6140955.04992602)",DR MARTIN C MARTINEZ 3151,2
2026-06-21,C_107,102,,,,S,,62878,Nocturno,,,134556,"POINT (  575367.683299435,   6140952.67704466)",DR MARTIN C MARTINEZ 3151 ANTES CRUCE PEATONAL,2
2026-06-21,C_107,30,,,,S,,62878,Nocturno,,,134558,"POINT (  574960.090743791,   6140346.16866449)",AV GRAL FLORES 2793 VEREDA. EN 2789,3
2026-06-21,C_107,31,,,,S,,62878,Nocturno,,,134517,"POINT (  574943.306534454,   6140304.68275453)",AV GRAL FLORES 2767 EN 2771. EDIFICIO,3
2026-06-21,C_107,32,,,,S,,62878,Nocturno,,,174573,"POINT (  574904.028811070,   6140207.25452434)",AV GRAL FLORES 2725,3
2026-06-21,C_107,33,,,,S,,62878,Nocturno,,,134559,"POINT (  574898.644322129,   6140193.97748356)",AV GRAL FLORES 2717,3
2026-06-21,C_107,34,,,,S,,62878,Nocturno,,,134567,"POINT (  574862.937536723,   6140105.16292036)",AV GRAL FLORES 2669 EN 2665,3
2026-06-21,C_107,35,,,,S,,62878,Nocturno,,,134561,"POINT (  574861.694598870,   6140101.99907855)",AV GRAL FLORES 2669 EN 2665,3
2026-06-21,C_107,36,,,,S,,62878,Nocturno,,,177322,"POINT (  574792.196414124,   6139928.80236780)",AV GRAL FLORES 2577,3
2026-06-21,C_107,37,,,,S,,62878,Nocturno,,,134584,"POINT (  574761.186121686,   6139887.36398400)",CONCEPCION ARENAL Esq. AV GRAL FLORES FTE 1740. ARBOL/ARBOL,3
2026-06-21,C_107,38,,,,S,,62878,Nocturno,,,134598,"POINT (  574690.510358013,   6139919.46814475)",CONCEPCION ARENAL 1695,3
2026-06-21,C_107,39,,,,S,,62878,Nocturno,,,134518,"POINT (  574641.694598870,   6139942.56405030)",CONCEPCION ARENAL 1655 EN 1659,3
2026-06-21,C_107,40,,,,S,,62878,Nocturno,,,134585,"POINT (  574639.999683616,   6140000.64314634)",ROCHA 2552 FTE 2583. PDO PORTON ACCESO PEATONAL,3
2026-06-21,C_107,41,,,,S,,62878,Nocturno,,,155024,"POINT (  574671.136056127,   6140074.11845474)",ROCHA 2612,3
2026-06-21,C_107,42,,,,S,,62878,Nocturno,,,137492,"POINT (  574698.963946575,   6140145.51106270)",ROCHA 2658,3
2026-06-21,C_107,43,,,,S,,62878,Nocturno,,,135832,"POINT (  574766.779344632,   6140303.91998250)",ROCHA 2742 FTE 2745B.,3
2026-06-21,C_107,44,,,,S,,62878,Nocturno,,,155312,"POINT (  574781.807593220,   6140340.30416329)",ROCHA 2756 ARBOL/ARBOL,3
2026-06-21,C_107,45,,,,S,,62878,Nocturno,,,134587,"POINT (  574804.745446328,   6140391.82958702)",ROCHA 2782 FTE 2777,3
2026-06-21,C_107,46,,,,S,,62878,Nocturno,,,134586,"POINT (  574848.911870954,   6140479.92292585)",ROCHA 2822,3
2026-06-21,C_107,47,,,,S,,62878,Nocturno,,,183636,"POINT (  574954.340662309,   6140636.23163943)",ROCHA 2924 FTE 2945. MURO,3
2026-06-21,C_107,48,,,,S,,62878,Nocturno,,,134589,"POINT (  574964.406463277,   6140816.34936103)",MARCELINO SOSA 3016,3
2026-06-21,C_107,49,,,,S,,62878,Nocturno,,,134546,"POINT (  574924.971435028,   6140881.66009550)",ANTONIO MACHADO 1739 EN 1739/1741,3
2026-06-21,C_107,50,,,,S,,62878,Nocturno,,,174372,"POINT (  574845.484143332,   6140851.73195695)",PANDO 2995,3
2026-06-21,C_107,51,,,,S,,62878,Nocturno,,,152294,"POINT (  574845.592903955,   6140848.72224239)",PANDO 2995,3
2026-06-21,C_107,52,,,,S,,62878,Nocturno,,,174392,"POINT (  574854.519457627,   6140756.29286386)",PANDO 2947,3
2026-06-21,C_107,53,,,,S,,62878,Nocturno,,,180201,"POINT (  574843.806246623,   6140643.88923552)",PANDO 2891 EN 2891BIS/2891,3
2026-06-21,C_107,54,,,,S,,62878,Nocturno,,,180211,"POINT (  574827.691095159,   6140619.76584642)",PANDO 2877,3
2026-06-21,C_107,55,,,,S,,62878,Nocturno,,,134612,"POINT (  574708.304768362,   6140408.83523674)",PANDO 2767 MURO.,3
2026-06-21,C_107,56,,,,S,,62878,Nocturno,,,134611,"POINT (  574657.033419915,   6140290.54672203)",PANDO 2711 MURO,3
2026-06-21,C_107,57,,,,S,,62878,Nocturno,,,134540,"POINT (  574637.077963345,   6140244.93424987)",PANDO 2691,3
2026-06-21,C_107,58,,,,S,,62878,Nocturno,,,134521,"POINT (  574587.676722548,   6140128.07172050)",PANDO 2633 EN 2631,3
2026-06-21,C_107,59,,,,S,,62878,Nocturno,,,134520,"POINT (  574555.843018019,   6140050.62554381)",PANDO 2591 EN 2583/2591,3
2026-06-21,C_107,60,,,,S,,62878,Nocturno,,,134571,"POINT (  574506.597316080,   6140002.22153892)",CONCEPCION ARENAL 1595 FTE 1586,3
2026-06-21,C_107,61,,,,S,,62878,Nocturno,,,183467,"POINT (  574457.483356772,   6140032.39360702)",MARSELLA Esq. CONCEPCION ARENAL,3
2026-06-21,C_107,62,,,,S,,62878,Nocturno,,,183465,"POINT (  574489.946938344,   6140114.61423835)",MARSELLA 2606 MURO,3
2026-06-21,C_107,63,,,,S,,62878,Nocturno,,,140352,"POINT (  574526.496858757,   6140205.33241188)",MARSELLA 2654 EN 2658. CASA TAPEADA,3
2026-06-21,C_107,64,,,,S,,62878,Nocturno,,,134572,"POINT (  574573.163525424,   6140318.32676217)",MARSELLA 2708 EN 2706,3
2026-06-21,C_107,65,,,,S,,62878,Nocturno,,,140332,"POINT (  574574.285710698,   6140321.20422231)",MARSELLA 2708,3
2026-06-21,C_107,66,,,,N,,62878,Nocturno,,,134576,"POINT (  574606.609853108,   6140402.16857008)",MARSELLA 2746,3
2026-06-21,C_107,67,,,,S,,62878,Nocturno,,,175460,"POINT (  574635.649401130,   6140468.04427629)",MARSELLA 2774 REBAJE/ARBOL. FTE MURO.,3
2026-06-21,C_107,68,,,,S,,62878,Nocturno,,,135812,"POINT (  574641.864090396,   6140482.95953053)",MARSELLA 2780,3
2026-06-21,C_107,69,,,,S,,62878,Nocturno,,,134591,"POINT (  574713.954485876,   6140609.28721413)",MARSELLA Esq. CEIBAL MURO,3
2026-06-21,C_107,70,,,,S,,62878,Nocturno,,,171172,"POINT (  574726.383864407,   6140629.28721413)",MARSELLA 2870,3
2026-06-21,C_107,71,,,,S,,62878,Nocturno,,,181992,"POINT (  574765.666655859,   6140706.13290569)",MARSELLA 2924,3
2026-06-21,C_107,72,,,,N,,62878,Nocturno,,,134613,"POINT (  574813.446011300,   6140759.17421979)",GRAL ENRIQUE MARTINEZ 1676,3
2026-06-21,C_107,73,,,,S,,62878,Nocturno,,,153552,"POINT (  574981.299118644,   6140771.26461527)",GRAL ENRIQUE MARTINEZ 1758,3
2026-06-21,C_107,74,,,,S,,62878,Nocturno,,,134554,"POINT (  574984.010983051,   6140771.43410680)",GRAL ENRIQUE MARTINEZ 1758 MURO LADRILLO,3
2026-06-21,C_107,75,,,,S,,62878,Nocturno,,,134526,"POINT (  575011.299118644,   6140587.08382431)",DR LUIS MELIAN LAFINUR 1765,3
2026-06-21,C_107,76,,,,S,,62878,Nocturno,,,181991,"POINT (  574951.088222412,   6140504.88792241)",MARCELINO SOSA 2859 PDO 2859. ANTES DE CORDON ROJO,3
2026-06-21,C_107,77,,,,S,,62878,Nocturno,,,134525,"POINT (  574935.935946135,   6140481.66391666)",MARCELINO SOSA 2845,3
2026-06-21,C_107,78,,,,S,,62878,Nocturno,,,134524,"POINT (  574905.527631361,   6140436.05144450)",MARCELINO SOSA 2813,3
2026-06-21,C_107,79,,,,S,,62878,Nocturno,,,134602,"POINT (  574864.191328465,   6140351.95344896)",MARCELINO SOSA 2775,3
2026-06-21,C_107,80,,,,S,,62878,Nocturno,,,183603,"POINT (  574824.427569284,   6140249.58125586)",MARCELINO SOSA 2729,3
2026-06-21,C_107,81,,,,S,,62878,Nocturno,,,158175,"POINT (  574779.092265114,   6140133.98304051)",MARCELINO SOSA 2665 EN 2667. MURO,3
2026-06-21,C_107,82,,,,S,,62878,Nocturno,,,134523,"POINT (  574762.824542373,   6140086.74484126)",MARCELINO SOSA Esq. GUADALUPE,3
2026-06-21,C_107,83,,,,S,,62878,Nocturno,,,134565,"POINT (  574719.966746346,   6139975.61702305)",MARCELINO SOSA 2583 MURO. PDO REBAJE,3
2026-06-21,C_107,84,,,,S,,62878,Nocturno,,,134952,"POINT (  574419.927986160,   6140041.48931268)",CONCEPCION ARENAL 1533,3
2026-06-21,E_109,1,S,50,,S,,62879,Nocturno,2026-06-21 23:32:48,,179112,"POINT (  580431.659209012,   6138184.98098548)",ARRASCAETA 1495 EN 1485/1475,0
2026-06-21,E_109,2,S,50,,S,"Basura Afuera, Requiere Limpieza",62879,Nocturno,2026-06-21 23:32:45,,184149,"POINT (  580432.248168410,   6138184.26405251)",ARRASCAETA 1495,0
2026-06-21,E_109,3,S,100,,S,"Basura Afuera, Requiere Limpieza",62879,Nocturno,2026-06-21 23:40:47,,107765,"POINT (  580515.606595664,   6138090.66542102)",ARRASCAETA 1395,0
2026-06-21,E_109,4,S,50,,S,,62879,Nocturno,2026-06-21 23:40:51,,184129,"POINT (  580561.815061438,   6138027.40404096)",ARRASCAETA 1359,0
2026-06-21,E_109,5,S,75,,S,"Basura Afuera, Requiere Limpieza",62879,Nocturno,2026-06-21 23:40:56,,107764,"POINT (  580572.072019386,   6138014.28281094)",ARRASCAETA 1357,0
2026-06-21,E_109,6,S,75,,S,"Basura Afuera, Requiere Limpieza",62879,Nocturno,2026-06-21 23:45:14,,107761,"POINT (  580132.771824323,   6137823.20606125)",BV JOSE BATLLE Y ORDOÑEZ 1302,0
2026-06-21,E_109,7,S,75,,S,"Basura Afuera, Requiere Limpieza",62879,Nocturno,2026-06-21 23:50:37,,107762,"POINT (  580083.559943321,   6137887.16547662)",BV JOSE BATLLE Y ORDOÑEZ Esq. VERDI,0
2026-06-21,E_109,8,S,100,,S,"Basura Afuera, Requiere Limpieza",62879,Nocturno,2026-06-21 23:50:47,,175336,"POINT (  580149.202501204,   6137956.17431952)",VERDI 4128 VIVIENDAS,0
2026-06-21,E_109,9,S,75,,S,"Basura Afuera, Requiere Limpieza",62879,Nocturno,2026-06-21 23:50:54,,107759,"POINT (  580150.885643714,   6137957.13611524)",VERDI 4128 VIVIENDAS,0
2026-06-21,E_109,10,S,75,,S,"Basura Afuera, Requiere Limpieza",62879,Nocturno,2026-06-21 23:50:58,,107760,"POINT (  580152.889384797,   6137958.33835989)",VERDI 4128 VIVIENDAS,0
2026-06-21,E_109,11,S,75,,S,,62879,Nocturno,2026-06-21 23:57:23,,156413,"POINT (  580329.939946901,   6138035.48239159)",AV MCAL FRANCISCO SOLANO LOPEZ 1415,0
2026-06-21,E_109,12,N,,Auto,S,,62879,Nocturno,2026-06-21 23:58:10,,107748,"POINT (  580342.042543044,   6138019.21201400)",AV MCAL FRANCISCO SOLANO LOPEZ 1405,0
2026-06-21,E_109,13,S,75,,S,"Basura Afuera, Requiere Limpieza",62879,Nocturno,2026-06-22 00:00:43,,177349,"POINT (  580411.371984520,   6137932.89084813)",AV MCAL FRANCISCO SOLANO LOPEZ 1352 FTE 1352,0
2026-06-21,E_109,14,S,75,,S,"Basura Afuera, Requiere Limpieza",62879,Nocturno,2026-06-22 00:00:53,,177350,"POINT (  580413.215426316,   6137930.32605955)",AV MCAL FRANCISCO SOLANO LOPEZ 1352 FTE 1352,0
2026-06-21,E_109,15,S,75,,S,"Basura Afuera, Requiere Limpieza",62879,Nocturno,2026-06-22 00:03:03,,179086,"POINT (  580285.692037223,   6137932.65195234)",DONIZETTI 1348 SOLAMENTE RETIRAR,0
2026-06-21,E_109,16,N,,Contenedor No Está,S,,62879,Nocturno,2026-06-22 00:07:41,,180910,"POINT (  580233.189500872,   6137933.11208020)",DONIZETTI 1372,0
2026-06-21,E_109,17,S,100,,S,"Basura Afuera, Requiere Limpieza",62879,Nocturno,2026-06-22 00:07:45,,181105,"POINT (  580215.594895073,   6137959.49083010)",DONIZETTI 1384,0
2026-06-21,E_109,18,S,50,,S,,62879,Nocturno,2026-06-22 00:10:40,,177348,"POINT (  580202.902762232,   6138094.23208015)",JUAN M ESPINOSA 1443 FTE 1443,0
2026-06-21,E_109,19,N,,Contenedor No Está,N,,62879,Nocturno,2026-06-22 00:10:45,,179087,"POINT (  580201.780667225,   6138096.23582123)",JUAN M ESPINOSA 1443 FTE 1443,0
2026-06-21,E_109,20,S,50,,S,,62879,Nocturno,2026-06-22 00:11:11,,179921,"POINT (  580198.906061220,   6138103.39739129)",JUAN M ESPINOSA 1447 FTE 1447,0
2026-06-21,E_109,21,S,100,,S,,62879,Nocturno,2026-06-22 00:13:09,,177346,"POINT (  580286.076623351,   6138093.09901229)",AV MCAL FRANCISCO SOLANO LOPEZ 1435,0
2026-06-21,E_109,22,S,100,,S,"Basura Afuera, Requiere Limpieza",62879,Nocturno,2026-06-22 00:18:47,,107754,"POINT (  580334.326569600,   6138073.18750846)",VERDI 4252,0
2026-06-21,E_109,23,S,75,,S,,62879,Nocturno,2026-06-22 01:09:06,,181580,"POINT (  583205.217264924,   6138477.40925970)",CARAMURU 5524 VEREDA,0
2026-06-21,E_109,24,S,50,,S,,62879,Nocturno,2026-06-22 00:36:06,,107530,"POINT (  583250.418163550,   6138397.18216418)",NATIVA 1409 EN 1409/1403,0
2026-06-21,E_109,25,S,50,,S,,62879,Nocturno,2026-06-22 00:41:41,,179113,"POINT (  583349.443327221,   6138356.64931724)",PALMAS Y OMBUES 5580 (RETIRA VIEJO DE GRITO DE GLORIA 1410),0
2026-06-21,E_109,26,S,75,,S,,62879,Nocturno,2026-06-22 00:41:46,,107531,"POINT (  583353.345517060,   6138356.23778867)",PALMAS Y OMBUES 5580,0
2026-06-21,E_109,27,S,50,,S,,62879,Nocturno,2026-06-22 00:42:04,,107532,"POINT (  583350.257739080,   6138246.02418710)",ISMAEL 5565,0
2026-06-21,E_109,28,S,50,,S,,62879,Nocturno,2026-06-22 00:49:40,,107507,"POINT (  583307.740347930,   6138529.72338193)",RENE 1468,0
2026-06-21,E_109,29,S,75,,S,,62879,Nocturno,2026-06-22 00:49:52,,107576,"POINT (  583311.412181360,   6138638.74961254)",RENE 1534,0
2026-06-21,E_109,30,S,75,,S,,62879,Nocturno,2026-06-22 00:51:31,,107552,"POINT (  583312.423810030,   6138749.87588983)",RENE 1558 1562/1558,0
2026-06-21,E_109,31,S,75,,S,"Basura Afuera, Requiere Limpieza",62879,Nocturno,2026-06-22 00:53:32,,107553,"POINT (  583323.809648830,   6138931.19473051)",RENE 1652 EN 1660,0
2026-06-21,E_109,32,S,75,,S,,62879,Nocturno,2026-06-22 00:55:12,,107554,"POINT (  583341.864142570,   6138975.14291503)",RENE 1707 EN 1692,0
2026-06-21,E_109,33,S,75,,S,"Basura Afuera, Requiere Limpieza",62879,Nocturno,2026-06-22 00:58:45,,107556,"POINT (  583260.161648660,   6139059.16693965)",ING JOSE ACQUISTAPACE Esq. PALERMO,0
2026-06-21,E_109,34,S,75,,S,,62879,Nocturno,2026-06-22 00:59:53,,107557,"POINT (  583185.631663739,   6138861.30424153)",ING JOSE ACQUISTAPACE 1597 EN 1591,0
2026-06-21,E_109,35,S,100,,S,,62879,Nocturno,2026-06-22 01:02:02,,107506,"POINT (  583183.605520650,   6138759.64218476)",ING JOSE ACQUISTAPACE 1559,0
2026-06-21,E_109,36,S,75,,S,"Basura Afuera, Requiere Limpieza",62879,Nocturno,2026-06-22 01:04:19,,158432,"POINT (  583181.843073862,   6138725.56245408)",ING JOSE ACQUISTAPACE 1555 EN 1543,0
2026-06-21,E_109,37,S,50,,S,"Basura Afuera, Requiere Limpieza",62879,Nocturno,2026-06-22 01:07:22,,179094,"POINT (  583179.219692272,   6138575.00971557)",ING JOSE ACQUISTAPACE 1491,0
2026-06-21,E_109,38,S,50,,S,,62879,Nocturno,2026-06-22 01:55:23,,107567,"POINT (  583424.397451204,   6138542.06821218)",GRITO DE GLORIA 1466 (TRAER DESDE LA ESQUINA),0
2026-06-21,E_109,39,S,100,,S,,62879,Nocturno,2026-06-22 01:57:40,,107508,"POINT (  583428.816106610,   6138681.61159451)",GRITO DE GLORIA 1548 EN 1448/1446,0
2026-06-21,E_109,40,S,75,,S,"Basura Afuera, Requiere Limpieza",62879,Nocturno,2026-06-22 02:00:28,,107565,"POINT (  583428.244634083,   6138729.77867684)",GRITO DE GLORIA 1556 FTE 1551 (ALEJAR BOCA DE TORMENTA),0
2026-06-21,E_109,41,S,100,,S,"Basura Afuera, Requiere Limpieza",62879,Nocturno,2026-06-22 02:01:39,,107562,"POINT (  583430.618830660,   6138815.77748465)",GRITO DE GLORIA 1580 1580/1582,0
2026-06-21,E_109,42,S,75,,S,"Basura Afuera, Requiere Limpieza",62879,Nocturno,2026-06-22 02:05:28,,107563,"POINT (  583432.412415536,   6138927.82844550)",GRITO DE GLORIA 1660 EN 1690 (RETIRAR VIEJO DE PALERMO 5570/60),0
2026-06-21,E_109,43,S,50,,S,,62879,Nocturno,2026-06-22 02:05:33,,107564,"POINT (  583432.252116249,   6138932.95802267)",GRITO DE GLORIA 1660 EN 1690 (RETIRAR VIEJO DE PALERMO 5570/60),0
2026-06-21,E_109,44,S,75,,S,,62879,Nocturno,2026-06-22 02:09:17,,180646,"POINT (  583517.172767974,   6139059.59819172)",GRITO DE GLORIA 1825 POS PROVISORIA - APOYO,0
2026-06-21,E_109,45,S,50,,S,,62879,Nocturno,2026-06-22 02:09:21,,107561,"POINT (  583519.076250622,   6139064.44275088)",GRITO DE GLORIA 1825 EN 1830,0
2026-06-21,E_109,46,S,50,,S,"Basura Afuera, Requiere Limpieza",62879,Nocturno,2026-06-22 02:11:54,,179114,"POINT (  583247.655123780,   6139225.38636704)",AV ARQ EUGENIO P BAROFFIO 2064 CERCO VEGETAL (RETIRAR VIEJO VEREDA DE ENFRENTE),0
2026-06-21,E_109,47,S,50,,S,,62879,Nocturno,2026-06-22 02:12:44,,179115,"POINT (  583281.728905358,   6139312.59214701)",AV ARQ EUGENIO P BAROFFIO 2088 (RETIRAR VIEJO VEREDA DE ENFRENTE),0
2026-06-21,E_109,48,S,50,,S,,62879,Nocturno,2026-06-22 02:14:15,,179116,"POINT (  583317.535252100,   6139409.03827452)",AV ARQ EUGENIO P BAROFFIO 2134 EN 2130. MURO. (RETIRAR VIEJO VEREDA DE ENFRENTE),0
2026-06-21,E_109,49,S,75,,S,,62879,Nocturno,2026-06-22 02:17:26,,180595,"POINT (  583586.504058824,   6139426.66808235)",EMILIO ORIBE 2121,0
2026-06-21,E_109,50,S,100,,S,,62879,Nocturno,2026-06-22 02:19:32,,179305,"POINT (  583553.970642919,   6139372.13788889)",SARA DE IBAÑEZ 5636,0
2026-06-21,E_109,51,S,100,,S,"Basura Afuera, Requiere Limpieza",62879,Nocturno,2026-06-22 02:28:28,,179303,"POINT (  583460.775604357,   6139382.19548279)",SARA DE IBAÑEZ 5593 EN 5593/5595,0
2026-06-21,E_109,52,S,100,,S,,62879,Nocturno,2026-06-22 02:30:07,,180670,"POINT (  583342.786512510,   6139225.74562876)",ING JOSE ACQUISTAPACE 2045,0
2026-06-21,E_109,53,S,75,,S,,62879,Nocturno,2026-06-22 02:34:22,,179109,"POINT (  583569.334722740,   6139160.41517335)",ESTHER DE CACERES 5639 FTE 5639. (RETIRAR VIEJO DE AV ESC LEDO ARROYO TORRES FTE 5630),0
2026-06-21,E_109,54,S,50,,S,,62879,Nocturno,2026-06-22 02:34:26,,107574,"POINT (  583572.754440998,   6139160.18226151)",ESTHER DE CACERES 5639 FTE 5639,0
2026-06-21,E_109,55,S,100,,S,,62879,Nocturno,2026-06-22 02:36:54,,107521,"POINT (  583772.367127698,   6139278.00223719)",JUSTINO ZAVALA MUNIZ 5719,0
2026-06-21,E_109,56,S,50,,S,,62879,Nocturno,2026-06-22 02:39:30,,179304,"POINT (  583661.813780174,   6139269.63244227)",JUSTINO ZAVALA MUNIZ 5671,0
2026-06-21,E_109,57,S,75,,S,,62879,Nocturno,2026-06-22 02:43:39,,107579,"POINT (  583583.801142850,   6139265.23676685)",JUSTINO ZAVALA MUNIZ 5647,0
2026-06-21,E_109,58,S,75,,S,"Basura Afuera, Requiere Limpieza",62879,Nocturno,2026-06-22 02:43:46,,107580,"POINT (  583450.606384571,   6139223.66077902)",JUSTINO ZAVALA MUNIZ 5591 FTE 5566,0
2026-06-21,E_109,59,S,75,,S,,62879,Nocturno,2026-06-22 02:44:30,,107555,"POINT (  583307.138523019,   6139133.49243026)",ING JOSE ACQUISTAPACE 1807,0
2026-06-21,E_109,60,S,75,,S,"Basura Afuera, Requiere Limpieza",62879,Nocturno,2026-06-22 02:47:16,,180004,"POINT (  583362.397432462,   6138998.88920000)",RENE 1707,0
2026-06-21,E_109,61,S,100,,S,,62879,Nocturno,2026-06-22 02:50:07,,107570,"POINT (  583535.034090000,   6138872.17192667)",HERNANI 1641,0
2026-06-21,E_109,62,S,75,,S,,62879,Nocturno,2026-06-22 02:53:12,,107571,"POINT (  583534.923809348,   6138767.44900921)",HERNANI 1571,0
2026-06-21,E_109,63,S,75,,S,,62879,Nocturno,2026-06-22 02:53:17,,109092,"POINT (  583530.759363670,   6138723.21678273)",HERNANI 1553,0
2026-06-21,E_109,64,S,75,,S,"Basura Afuera, Requiere Limpieza",62879,Nocturno,2026-06-22 02:57:21,,180986,"POINT (  582984.068213311,   6138811.06094892)",ALBERTO ZUM FELDE 1608 EN 1571,0
2026-06-21,E_109,65,S,75,,S,"Basura Afuera, Requiere Limpieza",62879,Nocturno,2026-06-22 02:57:26,,180987,"POINT (  582979.972650171,   6138815.61157463)",ALBERTO ZUM FELDE 1608 EN 1571,0
2026-06-21,E_109,66,S,100,,S,"Basura Afuera, Requiere Limpieza",62879,Nocturno,2026-06-22 03:00:37,,107591,"POINT (  582920.673537960,   6138906.26985426)",ALBERTO ZUM FELDE 1634 EN 1636,0
2026-06-21,E_109,67,S,75,,S,"Basura Afuera, Requiere Limpieza",62879,Nocturno,2026-06-22 03:02:39,,113812,"POINT (  582865.449047333,   6139001.35082666)",ALBERTO ZUM FELDE 1694,0
2026-06-21,E_109,68,S,75,,S,"Basura Afuera, Requiere Limpieza",62879,Nocturno,2026-06-22 03:02:43,,107592,"POINT (  582861.711173100,   6139006.39811859)",ALBERTO ZUM FELDE 1694,0
2026-06-21,E_109,69,S,100,,S,"Basura Afuera, Requiere Limpieza",62879,Nocturno,2026-06-22 03:08:15,,107516,"POINT (  583068.505637750,   6139223.09977919)",SEPEE 1704,0
2026-06-21,E_109,70,S,100,,S,"Basura Afuera, Requiere Limpieza",62879,Nocturno,2026-06-22 03:09:59,,107586,"POINT (  582990.908105283,   6139338.55529274)",SEPEE 1764 EN 1764/1778,0
2026-06-21,E_109,71,S,50,,S,"Basura Afuera, Requiere Limpieza",62879,Nocturno,2026-06-22 03:12:57,,107517,"POINT (  583193.045505748,   6139449.32209981)",ALMIRON 5568 FTE 5568,0
2026-06-21,E_109,72,S,50,,S,"Basura Afuera, Requiere Limpieza",62879,Nocturno,2026-06-22 03:14:38,,107587,"POINT (  583159.222356265,   6139361.39794108)",ALMIRON 5529,0
2026-06-21,E_109,73,S,50,,S,"Basura Afuera, Requiere Limpieza",62879,Nocturno,2026-06-22 03:18:28,,183911,"POINT (  583111.165716536,   6139222.97763937)",ALMIRON 5458,0
2026-06-21,E_109,74,S,75,,S,"Basura Afuera, Requiere Limpieza",62879,Nocturno,2026-06-22 03:18:35,,183910,"POINT (  583110.115847769,   6139221.14036903)",ALMIRON 5463,0
2026-06-21,E_109,75,S,75,,S,,62879,Nocturno,2026-06-22 03:20:42,,179098,"POINT (  582786.245991050,   6139107.84454439)",ALBERTO ZUM FELDE 1718,0
2026-06-21,E_109,76,S,50,,S,,62879,Nocturno,2026-06-22 03:22:23,,113972,"POINT (  582731.784308414,   6139193.32413903)",ALBERTO ZUM FELDE 1736 EN 1738,0
2026-06-21,E_109,77,S,75,,S,"Basura Afuera, Requiere Limpieza",62879,Nocturno,2026-06-22 03:25:12,,113992,"POINT (  582671.542912600,   6139283.76649721)",ALBERTO ZUM FELDE 1788,0
2026-06-21,E_109,78,,,,S,,62879,Nocturno,,,107590,"POINT (  582814.487692140,   6139315.05622183)",VOLTEADORES 1771,0
2026-06-21,E_109,79,,,,S,,62879,Nocturno,,,107588,"POINT (  582874.130074959,   6139226.58624101)",VOLTEADORES 1753,0
2026-06-21,E_109,80,,,,S,,62879,Nocturno,,,107589,"POINT (  582944.741910728,   6139120.94901111)",VOLTEADORES 1703 EN 1715,0
2026-06-21,E_109,81,,,,S,,62879,Nocturno,,,107538,"POINT (  582487.608420026,   6138814.25640094)",GRAL ANDRES GOMEZ 1660,0
2026-06-21,E_109,82,,,,S,,62879,Nocturno,,,107514,"POINT (  582415.233292104,   6138923.66066408)",GRAL ANDRES GOMEZ 1762 EN 1764,0
2026-06-21,E_109,83,,,,S,,62879,Nocturno,,,107511,"POINT (  582315.051804100,   6139074.68021675)",GRAL ANDRES GOMEZ 1824,0
2026-06-21,E_109,84,,,,S,,62879,Nocturno,,,160632,"POINT (  582245.245138778,   6139181.22201107)",GRAL ANDRES GOMEZ 1848,0
2026-06-21,E_109,85,,,,S,,62879,Nocturno,,,121932,"POINT (  582570.603375689,   6139151.40587558)",ALEJANDRO FLEMING 1739,0
2026-06-21,E_109,86,,,,S,,62879,Nocturno,,,107526,"POINT (  582686.959460880,   6138974.19233825)",ALEJANDRO FLEMING 1651,0
2026-06-21,E_109,87,,,,S,,62879,Nocturno,,,107599,"POINT (  582729.266858580,   6138911.86899117)",ALEJANDRO FLEMING Esq. ALMIRON,0
2026-06-21,E_109,88,,,,S,,62879,Nocturno,,,107600,"POINT (  582787.418139710,   6138823.91513301)",ALEJANDRO FLEMING 1623,0
2026-06-21,E_109,89,,,,S,,62879,Nocturno,,,107601,"POINT (  582862.668675964,   6138712.50642873)",ALEJANDRO FLEMING 1555,0
2026-06-21,E_109,90,,,,S,,62879,Nocturno,,,181579,"POINT (  582651.937837095,   6138788.11376297)",DR ALEJANDRO GALLINAL 1626 VEREDA,0
2026-06-21,E_109,91,,,,S,,62879,Nocturno,,,181578,"POINT (  582630.337088375,   6138819.11962237)",DR ALEJANDRO GALLINAL 1642 VEREDA,0
2026-06-21,E_109,92,,,,S,,62879,Nocturno,,,181577,"POINT (  582564.087902110,   6138919.37190112)",DR ALEJANDRO GALLINAL 1666 1668/66 VEREDA,0
2026-06-21,E_109,93,,,,S,,62879,Nocturno,,,181576,"POINT (  582490.293956722,   6139029.02929056)",DR ALEJANDRO GALLINAL 1706 VEREDA,0
2026-06-21,E_109,94,,,,S,,62879,Nocturno,,,181575,"POINT (  582442.441580371,   6139101.37629584)",DR ALEJANDRO GALLINAL 1730 VEREDA,0
2026-06-21,E_109,95,,,,N,,62879,Nocturno,,,181574,"POINT (  582440.787934536,   6139103.85676459)",DR ALEJANDRO GALLINAL 1730 VEREDA,0
2026-06-21,E_109,96,,,,S,,62879,Nocturno,,,181573,"POINT (  582368.130870660,   6139212.99738970)",DR ALEJANDRO GALLINAL 1782 1782,0
2026-06-21,C_101,1,S,100,,S,"Basura Afuera, Requiere Limpieza",62880,Nocturno,2026-06-21 23:23:15,,176904,"POINT (  574732.884193221,   6138897.07284747)",DR LUIS P LENGUAS 1581,0
2026-06-21,C_101,2,S,100,,S,"Basura Afuera, Requiere Limpieza",62880,Nocturno,2026-06-21 23:24:31,,136832,"POINT (  574630.737300565,   6138860.57567233)",DR LUIS P LENGUAS 1535,0
2026-06-21,C_101,3,S,100,,S,Basura Afuera,62880,Nocturno,2026-06-21 23:25:29,,183917,"POINT (  574543.297026523,   6138829.75863753)",DR LUIS P LENGUAS 1489,0
2026-06-21,C_101,4,S,100,,S,Basura Afuera,62880,Nocturno,2026-06-21 23:26:55,,136813,"POINT (  574491.415266667,   6138810.51917516)",DR LUIS P LENGUAS 1455 EN 1457,0
2026-06-21,C_101,5,S,75,,S,,62880,Nocturno,2026-06-21 23:29:31,,183928,"POINT (  574488.120034381,   6138907.04164579)",DR ANGEL FLORO COSTA 1528,0
2026-06-21,C_101,6,S,75,,S,,62880,Nocturno,2026-06-21 23:30:12,,183542,"POINT (  574493.712783051,   6138908.66190791)",DR ANGEL FLORO COSTA 1528,0
2026-06-21,C_101,7,S,75,,S,,62880,Nocturno,2026-06-21 23:32:11,,136852,"POINT (  574600.755032853,   6138945.54017132)",DR ANGEL FLORO COSTA 1584 EN 1580/1584,0
2026-06-21,C_101,8,S,100,,S,Basura Afuera,62880,Nocturno,2026-06-21 23:45:12,,176984,"POINT (  574656.381941612,   6138964.07058824)",DR ANGEL FLORO COSTA 1616,0
2026-06-21,C_101,9,S,100,,S,Basura Afuera,62880,Nocturno,2026-06-21 23:41:02,,133955,"POINT (  574400.827351187,   6139110.78441793)",ISIDORO DE MARIA 1537 EN 1547,0
2026-06-21,C_101,10,S,100,,S,Basura Afuera,62880,Nocturno,2026-06-21 23:42:03,,133917,"POINT (  574398.113420041,   6139112.36754443)",ISIDORO DE MARIA 1537 EN 1547,0
2026-06-21,C_101,11,S,100,,S,"Basura Afuera, Requiere Limpieza",62880,Nocturno,2026-06-21 23:45:25,,133954,"POINT (  574280.057415181,   6139168.00313293)",ISIDORO DE MARIA 1455 EN 1457,0
2026-06-21,C_101,12,S,100,,S,"Basura Afuera, Requiere Limpieza",62880,Nocturno,2026-06-21 23:46:22,,181792,"POINT (  574323.192982789,   6139281.13209826)",ROCHA 2211 FTE 2211,0
2026-06-21,C_101,13,N,,Buzonera Girada,S,,62880,Nocturno,2026-06-21 23:48:00,,133973,"POINT (  574377.245123531,   6139393.33723532)",ROCHA 2254,0
2026-06-21,C_101,14,S,100,,S,Basura Afuera,62880,Nocturno,2026-06-21 23:49:10,,180673,"POINT (  574452.131221569,   6139473.65310676)",LIBRES 1538 FTE 1527. MURO,0
2026-06-21,C_101,15,S,100,,S,,62880,Nocturno,2026-06-21 23:50:25,,133919,"POINT (  574566.421594119,   6139385.17547061)",LIBRES 1610 EN 1604,0
2026-06-21,C_101,16,S,100,,S,,62880,Nocturno,2026-06-21 23:52:12,,133918,"POINT (  574612.568652943,   6139362.76370591)",LIBRES 1642,0
2026-06-21,C_101,17,S,100,,S,"Basura Afuera, Requiere Limpieza",62880,Nocturno,2026-06-21 23:55:14,,180340,"POINT (  574543.262378649,   6139301.40623421)",DR JUAN J DE AMEZAGA 1557 EN 1573,0
2026-06-21,C_101,18,S,100,,S,,62880,Nocturno,2026-06-21 23:59:20,,180339,"POINT (  574540.756932026,   6139302.38662636)",DR JUAN J DE AMEZAGA 1557 EN 1573,0
2026-06-21,C_101,19,S,100,,S,,62880,Nocturno,2026-06-22 00:00:41,,133922,"POINT (  574502.712654940,   6139317.91644894)",DR JUAN J DE AMEZAGA 1535,0
2026-06-21,C_101,20,S,100,,S,,62880,Nocturno,2026-06-22 00:00:32,,133892,"POINT (  574462.292788273,   6139337.22415311)",DR JUAN J DE AMEZAGA 1517,0
2026-06-21,C_101,21,S,100,,S,,62880,Nocturno,2026-06-22 00:01:19,,182031,"POINT (  574408.896512854,   6139302.98763508)",MARCELINO SOSA 2235,0
2026-06-21,C_101,22,S,100,,S,Basura Afuera,62880,Nocturno,2026-06-22 00:03:18,,182032,"POINT (  574424.908645098,   6139199.00295076)",MARTIN GARCIA 1526,0
2026-06-21,C_101,23,S,100,,S,,62880,Nocturno,2026-06-22 00:04:04,,182033,"POINT (  574425.780104793,   6139198.51275468)",MARTIN GARCIA 1526,0
2026-06-21,C_101,24,S,100,,S,,62880,Nocturno,2026-06-22 00:06:23,,133893,"POINT (  574339.409175774,   6138990.22681561)",YATAY 1496,0
2026-06-21,C_101,25,S,100,,S,"Basura Afuera, Requiere Limpieza",62880,Nocturno,2026-06-22 00:07:50,,182277,"POINT (  574296.518758606,   6139012.34544793)",YATAY Esq. MARCELINO SOSA FTE 1458,0
2026-06-21,C_101,26,S,100,,S,"Basura Afuera, Requiere Limpieza",62880,Nocturno,2026-06-22 00:09:07,,133896,"POINT (  574183.138430509,   6139063.57002262)",YATAY 1414 EN 1417,0
2026-06-21,C_101,27,S,100,,S,"Basura Afuera, Requiere Limpieza",62880,Nocturno,2026-06-22 00:09:59,,133897,"POINT (  574181.158179940,   6139064.57049894)",YATAY 1414 EN 1417,0
2026-06-21,C_101,28,S,100,,S,,62880,Nocturno,2026-06-22 00:11:37,,134832,"POINT (  574183.251424859,   6139156.50787573)",AV GRAL SAN MARTIN 2130 VEREDA. EN 2134,0
2026-06-21,C_101,29,S,100,,S,,62880,Nocturno,2026-06-22 00:13:05,,182276,"POINT (  574211.166429847,   6139228.70681504)",AV GRAL SAN MARTIN 2164 VEREDA. PDO ARBOLES,0
2026-06-21,C_101,30,S,100,,S,Basura Afuera,62880,Nocturno,2026-06-22 00:13:14,,182275,"POINT (  574246.583096514,   6139314.50474532)",AV GRAL SAN MARTIN 2206 VEREDA,0
2026-06-21,C_101,31,S,100,,S,,62880,Nocturno,2026-06-22 00:14:09,,182274,"POINT (  574266.790068192,   6139363.72860153)",AV GRAL SAN MARTIN 2232 VEREDA. EN 2234,0
2026-06-21,C_101,32,S,100,,S,Basura Afuera,62880,Nocturno,2026-06-22 00:16:44,,133986,"POINT (  574294.303947061,   6139428.23429415)",AV GRAL SAN MARTIN 2252 VEREDA. EN 2252/2262,0
2026-06-21,C_101,33,S,75,,S,,62880,Nocturno,2026-06-22 00:19:09,,133988,"POINT (  574253.892182355,   6139720.55782356)",GRAL FAUSTO AGUILAR 1389 PDO ARBUSTO,0
2026-06-21,C_101,34,S,100,,S,,62880,Nocturno,2026-06-22 00:20:02,,133911,"POINT (  574195.413400773,   6139687.10862394)",GRAL FAUSTO AGUILAR 1357,0
2026-06-21,C_101,35,S,100,,S,"Basura Afuera, Requiere Limpieza",62880,Nocturno,2026-06-22 00:24:37,,177360,"POINT (  574188.110784337,   6139557.39455060)",CLEMENTE CESAR 2313,0
2026-06-21,C_101,36,S,100,,S,"Basura Afuera, Requiere Limpieza",62880,Nocturno,2026-06-22 00:24:52,,177361,"POINT (  574189.884422034,   6139556.60100226)",CLEMENTE CESAR 2313,0
2026-06-21,C_101,37,S,100,,S,Basura Afuera,62880,Nocturno,2026-06-22 00:25:02,,133910,"POINT (  574191.198133735,   6139556.11443012)",CLEMENTE CESAR 2313,0
2026-06-21,C_101,38,S,100,,S,Basura Afuera,62880,Nocturno,2026-06-22 00:29:45,,133956,"POINT (  574163.003765111,   6139425.07036834)",MARMARAJA 2246 FTE 2246,0
2026-06-21,C_101,39,S,100,,S,Basura Afuera,62880,Nocturno,2026-06-22 00:31:05,,133901,"POINT (  574134.435457513,   6139350.95259128)",MARMARAJA Esq. MARTIN GARCIA,0
2026-06-21,C_101,40,S,100,,S,,62880,Nocturno,2026-06-22 00:32:30,,133899,"POINT (  574102.127476473,   6139265.44017650)",MARMARAJA 2157,0
2026-06-21,C_101,41,S,100,,S,,62880,Nocturno,2026-06-22 00:34:18,,133900,"POINT (  574087.833358826,   6139232.44017650)",MARMARAJA 2148 EN 2147. EDIFICIO,0
2026-06-21,C_101,42,S,100,,S,,62880,Nocturno,2026-06-22 00:35:20,,133898,"POINT (  574086.245123532,   6139229.35194121)",MARMARAJA 2135 EN 2147. EDIFICIO,0
2026-06-21,C_101,43,S,100,,S,"Basura Afuera, Requiere Limpieza",62880,Nocturno,2026-06-22 00:39:07,,133909,"POINT (  574050.128983343,   6139146.77909223)",MARMARAJA 2103,0
2026-06-21,C_101,44,S,100,,S,,62880,Nocturno,2026-06-22 01:56:37,,181187,"POINT (  573996.263240959,   6139248.79104357)",AREQUITA 2134 ANTES DE REBAJE,0
2026-06-21,C_101,45,S,100,,S,Basura Afuera,62880,Nocturno,2026-06-22 01:57:52,,133908,"POINT (  574006.377519259,   6139275.23658723)",AREQUITA 2145 FTE 2145,0
2026-06-21,C_101,46,S,100,,S,"Basura Afuera, Requiere Limpieza",62880,Nocturno,2026-06-22 01:58:51,,133907,"POINT (  574059.119010209,   6139414.88167122)",AREQUITA 2213 FTE 2213,0
2026-06-21,C_101,47,S,100,,S,"Basura Afuera, Requiere Limpieza",62880,Nocturno,2026-06-22 02:00:10,,179532,"POINT (  574052.980774074,   6139499.06884815)",ENRIQUETA COMPTE Y RIQUE 1291,0
2026-06-21,C_101,48,S,100,,S,Basura Afuera,62880,Nocturno,2026-06-22 02:02:04,,133939,"POINT (  573941.049990695,   6139509.37684251)",GRAL FELIPE FRAGA 2243,0
2026-06-21,C_101,49,S,100,,S,,62880,Nocturno,2026-06-22 02:03:48,,133924,"POINT (  573955.436300002,   6139326.49900003)",GRAL FELIPE FRAGA 2163 FTE 3154,0
2026-06-21,C_101,50,S,100,,S,,62880,Nocturno,2026-06-22 02:05:41,,133902,"POINT (  573961.921594120,   6139254.41076474)",GRAL FELIPE FRAGA 2125 EN 2129/2125,0
2026-06-21,C_101,51,S,100,,S,Basura Afuera,62880,Nocturno,2026-06-22 02:08:24,,183249,"POINT (  573744.756506536,   6139428.74345817)",GRAL FAUSTO AGUILAR 1180,0
2026-06-21,C_101,52,S,100,,S,Basura Afuera,62880,Nocturno,2026-06-22 02:09:04,,184008,"POINT (  573828.643254913,   6139473.13834024)",GRAL FAUSTO AGUILAR 1194,0
2026-06-21,C_101,53,S,100,,S,Basura Afuera,62880,Nocturno,2026-06-22 02:11:25,,133974,"POINT (  573830.172992675,   6139475.21474042)",GRAL FAUSTO AGUILAR 1198 EN SUBESTACION,0
2026-06-21,C_101,54,S,100,,S,Basura Afuera,62880,Nocturno,2026-06-22 02:11:31,,133957,"POINT (  573936.654866449,   6139566.51345770)",ZAPICAN 2406 PDO CORDON ROJO,0
2026-06-21,C_101,55,S,100,,S,"Basura Afuera, Requiere Limpieza",62880,Nocturno,2026-06-22 02:12:52,,143472,"POINT (  573904.932500004,   6139632.69573730)",ZAPICAN 2444 EN 2450,0
2026-06-21,C_101,56,S,100,,S,"Basura Afuera, Requiere Limpieza",62880,Nocturno,2026-06-22 02:13:02,,143473,"POINT (  573904.254533902,   6139634.22116103)",ZAPICAN 2444 EN 2450,0
2026-06-21,C_101,57,S,100,,S,"Basura Afuera, Requiere Limpieza",62880,Nocturno,2026-06-22 02:15:51,,183261,"POINT (  574001.431871460,   6139692.66016362)",GRAL JOSE MARIA LUNA 1276 EN 1292. FTE 1293,0
2026-06-21,C_101,58,S,100,,S,Basura Afuera,62880,Nocturno,2026-06-22 02:18:05,,183262,"POINT (  574111.399191721,   6139752.08282157)",GRAL JOSE MARIA LUNA 1344 FTE 1345,0
2026-06-21,C_101,59,N,,Fuego,S,,62880,Nocturno,2026-06-22 02:19:15,,183184,"POINT (  574215.935965795,   6139809.84438867)",GRAL JOSE MARIA LUNA 1396,0
2026-06-21,C_101,60,S,75,,S,,62880,Nocturno,2026-06-22 02:19:54,,183183,"POINT (  574218.332479956,   6139811.58730806)",GRAL JOSE MARIA LUNA 1396,0
2026-06-21,C_101,61,S,100,,S,Basura Afuera,62880,Nocturno,2026-06-22 02:21:25,,182953,"POINT (  574242.531577658,   6139766.58949442)",AV MILLAN 2371 PROV OV. (O: GRAL JOSE MARIA LUNA 1398),0
2026-06-21,C_101,62,S,75,,S,Basura Afuera,62880,Nocturno,2026-06-22 02:24:41,,182278,"POINT (  574243.373333769,   6139346.56385752)",AV GRAL SAN MARTIN 2215,0
2026-06-21,C_101,63,S,100,,S,"Basura Afuera, Requiere Limpieza",62880,Nocturno,2026-06-22 02:25:33,,133943,"POINT (  574166.759829414,   6139163.39605885)",AV GRAL SAN MARTIN 2123 EN COMERCIO. PDO CARTEL,0
2026-06-21,C_101,64,S,100,,S,"Basura Afuera, Requiere Limpieza",62880,Nocturno,2026-06-22 02:29:22,,133946,"POINT (  573710.230417649,   6139535.48429415)",GRAL JOSE MARIA LUNA 1176 FTE 1171,0
2026-06-21,C_101,65,S,100,,S,"Basura Afuera, Requiere Limpieza",62880,Nocturno,2026-06-22 02:30:33,,135132,"POINT (  573712.789241178,   6139536.80782356)",GRAL JOSE MARIA LUNA 1176 FTE 1171,0
2026-06-21,C_101,66,S,100,,S,,62880,Nocturno,2026-06-22 02:33:05,,136254,"POINT (  573577.335888528,   6139495.59517666)",PARAGUAY 2496 FTE 2496/2498,0
2026-06-21,C_101,67,S,100,,S,"Basura Afuera, Requiere Limpieza",62880,Nocturno,2026-06-22 02:34:32,,180811,"POINT (  573613.517164052,   6139301.19400937)",GRAL FRANCISCO CARABALLO 1114 EN 1106,0
2026-06-21,C_101,68,S,75,,S,Basura Afuera,62880,Nocturno,2026-06-22 02:36:42,,133962,"POINT (  573798.888157581,   6139236.61813171)",CUAREIM 2386 FTE ACCESO ESCUELA. MURO,0
2026-06-21,C_101,69,S,75,,S,,62880,Nocturno,2026-06-22 02:37:56,,133964,"POINT (  573804.460282581,   6139154.53644421)",CUAREIM 2301 EN 2305. MURO,0
2026-06-21,C_101,70,S,75,,S,,62880,Nocturno,2026-06-22 02:39:02,,183913,"POINT (  573821.258942702,   6138970.07816405)",CUAREIM 2224,0
2026-06-21,C_101,71,S,75,,S,,62880,Nocturno,2026-06-22 02:39:58,,183916,"POINT (  573821.523975622,   6138967.53250773)",CUAREIM 2224,0
2026-06-21,C_101,72,S,75,,S,Basura Afuera,62880,Nocturno,2026-06-22 02:42:21,,183912,"POINT (  573827.903822876,   6138902.32217277)",CUAREIM 2197,0
2026-06-21,C_101,73,S,75,,S,"Basura Afuera, Requiere Limpieza",62880,Nocturno,2026-06-22 02:43:22,,184215,"POINT (  573840.175946597,   6138764.44595696)",CUAREIM 2117,0
2026-06-21,C_101,74,S,75,,S,"Basura Afuera, Requiere Limpieza",62880,Nocturno,2026-06-22 02:43:29,,184216,"POINT (  573840.175946597,   6138763.10236971)",CUAREIM 2117,0
2026-06-21,C_101,75,S,100,,S,"Basura Afuera, Requiere Limpieza",62880,Nocturno,2026-06-22 02:54:07,,133912,"POINT (  573749.671594119,   6138758.57252944)",AV GRAL RONDEAU 2110 EN 2120,0
2026-06-21,C_101,76,S,100,,S,Basura Afuera,62880,Nocturno,2026-06-22 02:54:48,,133914,"POINT (  573749.230417648,   6138761.21958826)",AV GRAL RONDEAU 2110 EN 2120,0
2026-06-21,C_101,77,S,100,,S,Basura Afuera,62880,Nocturno,2026-06-22 02:46:43,,133915,"POINT (  573729.879532581,   6138995.73088171)",AV GRAL RONDEAU 2246,0
2026-06-21,C_101,78,S,75,,S,,62880,Nocturno,2026-06-22 02:47:46,,133993,"POINT (  573708.730417648,   6139255.16076473)",AV GRAL RONDEAU 2372,0
2026-06-21,C_101,79,S,75,,S,,62880,Nocturno,2026-06-22 02:47:53,,133965,"POINT (  573708.553947060,   6139257.54311768)",AV GRAL RONDEAU 2372,0
2026-06-21,C_101,80,S,75,,S,"Basura Afuera, Requiere Limpieza",62880,Nocturno,2026-06-22 02:48:25,,133948,"POINT (  573699.661470081,   6139335.41619421)",AV GRAL RONDEAU 2402,0
2026-06-21,C_101,81,S,75,,S,Basura Afuera,62880,Nocturno,2026-06-22 02:49:07,,180548,"POINT (  573697.526490780,   6139397.04030733)",AV GRAL RONDEAU 2434 EN 2436,0
2026-06-21,C_101,82,S,100,,S,,62880,Nocturno,2026-06-22 02:51:17,,133930,"POINT (  573616.293907581,   6139415.78338171)",GRAL FAUSTO AGUILAR 1109 EN 1123,0
2026-06-21,C_101,83,S,75,,S,,62880,Nocturno,2026-06-22 02:51:23,,133975,"POINT (  573613.936470081,   6139415.99769421)",GRAL FAUSTO AGUILAR 1109 EN 1123,0
2026-06-21,C_101,84,S,75,,S,,62880,Nocturno,2026-06-22 02:54:29,,180675,"POINT (  573633.969605882,   6139105.18794793)",CNEL FRANCISCO TAJES Esq. PARAGUAY ESQ. MURO,0
2026-06-21,C_101,85,S,75,,S,,62880,Nocturno,2026-06-22 02:54:35,,133949,"POINT (  573831.642182354,   6139120.07252944)",CNEL FRANCISCO TAJES 1246,0
2026-06-21,C_101,86,S,100,,S,,62880,Nocturno,2026-06-22 02:56:16,,164073,"POINT (  574087.855417648,   6139066.02841180)",GRAL MANUEL FREIRE Esq. AV AGRACIADA FTE MURO AZUL,0
2026-06-21,C_101,87,S,75,,S,,62880,Nocturno,2026-06-22 02:56:23,,179534,"POINT (  574084.049061438,   6139063.23015534)",GRAL MANUEL FREIRE 1339,0
2026-06-21,C_101,88,S,75,,S,,62880,Nocturno,2026-06-22 02:56:27,,179533,"POINT (  574080.127492811,   6139061.48723595)",GRAL MANUEL FREIRE 1339,0
2026-06-21,C_101,89,S,75,,S,,62880,Nocturno,2026-06-22 02:56:34,,133967,"POINT (  574012.071944264,   6139044.03756496)",GRAL MANUEL FREIRE 1309 PDO REBAJE DEL 1313,0
2026-06-21,C_101,90,S,75,,S,,62880,Nocturno,2026-06-22 02:56:41,,133903,"POINT (  573936.192090098,   6139035.53650246)",GRAL MANUEL FREIRE Esq. ARTURO LEZAMA,0
2026-06-21,C_101,91,S,100,,S,,62880,Nocturno,2026-06-22 02:56:47,,183643,"POINT (  573846.843881917,   6139030.62599651)",GRAL MANUEL FREIRE 1208,0
2026-06-21,C_101,92,S,100,,S,"Basura Afuera, Requiere Limpieza",62880,Nocturno,2026-06-22 02:58:35,,184164,"POINT (  573663.925060118,   6138797.64942633)",COLOMBIA 1106,0
2026-06-21,C_101,93,S,100,,S,"Basura Afuera, Requiere Limpieza",62880,Nocturno,2026-06-22 02:58:41,,184163,"POINT (  573662.156887230,   6138797.45296267)",COLOMBIA 1106,0
2026-06-21,C_101,94,S,100,,S,"Basura Afuera, Requiere Limpieza",62880,Nocturno,2026-06-22 03:01:27,,133905,"POINT (  573956.027902598,   6138736.42504413)",ARTURO LEZAMA 2101,0
2026-06-21,C_101,95,S,75,,S,Basura Afuera,62880,Nocturno,2026-06-22 03:02:39,,133934,"POINT (  573948.786256765,   6138813.56431496)",ARTURO LEZAMA 2149 MURO,0
2026-06-21,C_101,96,S,100,,S,Basura Afuera,62880,Nocturno,2026-06-22 03:03:57,,183929,"POINT (  573934.973980354,   6138964.87668861)",ARTURO LEZAMA 2216,0
2026-06-21,C_101,97,S,100,,S,,62880,Nocturno,2026-06-22 03:10:24,,133971,"POINT (  574002.576005883,   6138927.91811768)",GRAL CESAR DIAZ 1286 EN 1296,0
2026-06-21,C_101,98,S,100,,S,,62880,Nocturno,2026-06-22 03:10:32,,133972,"POINT (  574122.928947059,   6138937.44752945)",GRAL CESAR DIAZ 1342,0
2026-06-21,C_101,99,S,100,,S,,62880,Nocturno,2026-06-22 03:10:39,,133952,"POINT (  574178.164241177,   6138940.97694121)",GRAL CESAR DIAZ Esq. AV AGRACIADA,0
2026-06-21,C_101,100,,,,S,,62880,Nocturno,,,133969,"POINT (  574113.046594118,   6138843.21223533)",COLOMBIA 1335 PDO REBAJE,0
2026-06-21,C_101,101,,,,S,,62880,Nocturno,,,133970,"POINT (  574017.424465098,   6138836.86352330)",COLOMBIA 1281 MURO,0
2026-06-21,C_104,71,S,25,,S,,62881,Nocturno,2026-06-22 02:56:10,,183483,"POINT (  577009.732620480,   6139944.68578344)",JUAN CABAL 2532,0
2026-06-21,C_104,72,S,100,,S,Requiere Limpieza,62881,Nocturno,2026-06-22 02:59:22,,183485,"POINT (  576960.495147713,   6139853.40038039)",MARIANO MORENO 2593,0
2026-06-21,C_104,73,S,100,,S,Requiere Limpieza,62881,Nocturno,2026-06-22 03:02:19,,183870,"POINT (  576763.281663458,   6139716.72193693)",JAIME CIBILS 2510,0
2026-06-21,C_104,74,S,100,,S,Requiere Limpieza,62881,Nocturno,2026-06-22 03:04:51,,183487,"POINT (  576718.466808933,   6139611.62833203)",AZAMBUYA 2545 FTE 2548,0
2026-06-21,C_104,75,S,100,,S,,62881,Nocturno,2026-06-22 03:05:02,,183488,"POINT (  576715.852429848,   6139614.24271111)",AZAMBUYA 2545,0
2026-06-21,C_104,76,S,100,,S,Requiere Limpieza,62881,Nocturno,2026-06-22 03:13:13,,180371,"POINT (  576248.833172810,   6139103.12244903)",BV GRAL ARTIGAS 2168,0
2026-06-21,C_104,77,S,100,,S,,62881,Nocturno,2026-06-22 03:13:23,,177086,"POINT (  576248.766975997,   6139103.89230672)",BV GRAL ARTIGAS 2168,0
2026-06-21,C_104,78,S,100,,S,Requiere Limpieza,62881,Nocturno,2026-06-22 03:17:59,,180428,"POINT (  576240.525112418,   6139209.31744793)",BV GRAL ARTIGAS 2202 EN 2208,0
2026-06-21,C_104,79,S,100,,S,,62881,Nocturno,2026-06-22 03:18:05,,180427,"POINT (  576240.416179956,   6139210.62463747)",BV GRAL ARTIGAS 2202 EN 2208,0
2026-06-21,C_104,80,S,25,,S,,62881,Nocturno,2026-06-22 03:20:17,,137074,"POINT (  576234.004430912,   6139285.29910339)",BV GRAL ARTIGAS Esq. COQUIMBO,0
2026-06-21,C_104,81,S,25,,S,,62881,Nocturno,2026-06-22 03:20:23,,137072,"POINT (  576233.654650951,   6139288.44712304)",BV GRAL ARTIGAS Esq. COQUIMBO,0
2026-06-21,C_104,82,S,100,,S,Requiere Mantenimiento,62881,Nocturno,2026-06-22 03:22:47,,137075,"POINT (  576232.780201049,   6139299.20285683)",BV GRAL ARTIGAS 2256 EN 2258,0
2026-06-21,C_104,83,S,100,,S,,62881,Nocturno,2026-06-22 03:22:53,,137076,"POINT (  576232.605311068,   6139301.12664662)",BV GRAL ARTIGAS 2256 EN 2258,0
2026-06-21,C_104,84,S,50,,S,,62881,Nocturno,2026-06-22 03:22:59,,137092,"POINT (  576232.485730655,   6139303.61661426)",BV GRAL ARTIGAS 2256 EN 2258,0
2026-06-21,C_104,85,S,25,,S,,62881,Nocturno,2026-06-22 03:26:45,,134258,"POINT (  576214.178182230,   6139535.18481392)",BV GRAL ARTIGAS 2372 VEREDA. EN 2372.,0
2026-06-21,C_104,86,S,75,,S,,62881,Nocturno,2026-06-22 03:28:03,,134297,"POINT (  576211.573888477,   6139562.39811375)",BV GRAL ARTIGAS 2388 VEREDA,0
2026-06-21,C_104,87,S,50,,S,,62881,Nocturno,2026-06-22 03:29:26,,134210,"POINT (  576207.929147844,   6139617.15567942)",BV GRAL ARTIGAS 2412 VEREDA,0
2026-06-21,C_104,88,S,75,,S,,62881,Nocturno,2026-06-22 03:29:33,,134209,"POINT (  576207.775188077,   6139620.08091499)",BV GRAL ARTIGAS 2412 VEREDA,0
2026-06-21,C_104,89,S,75,,S,,62881,Nocturno,2026-06-22 03:31:42,,134269,"POINT (  576200.697132227,   6139708.08536999)",BV GRAL ARTIGAS 2440 VEREDA. PDO REBAJE,0
2026-06-21,C_104,90,S,25,,S,Requiere Limpieza,62881,Nocturno,2026-06-22 03:33:15,,134261,"POINT (  576191.352313477,   6139805.97617624)",BV GRAL ARTIGAS 2456,0
2026-06-21,C_104,91,S,75,,S,,62881,Nocturno,2026-06-22 03:33:22,,134211,"POINT (  576189.360794727,   6139826.35094499)",BV GRAL ARTIGAS 2474,0
2026-06-21,C_104,92,S,75,,S,,62881,Nocturno,2026-06-22 03:35:30,,134270,"POINT (  576183.278625825,   6139871.97190034)",BV GRAL ARTIGAS 2474,0
2026-06-21,C_104,93,,,,S,,62881,Nocturno,,,182123,"POINT (  576274.443209784,   6140102.21703607)",QUIJOTE 2561 EN 2621,0
2026-06-21,C_104,94,,,,S,,62881,Nocturno,,,134214,"POINT (  576274.842907227,   6140094.44000749)",QUIJOTE 2561 SALIDA VIVIENDAS,0
2026-06-21,C_104,95,,,,S,,62881,Nocturno,,,134213,"POINT (  576276.068457227,   6140080.65256999)",QUIJOTE 2561 VEREDA. SALIDA VIVIENDAS,0
2026-06-21,C_104,96,,,,S,,62881,Nocturno,,,134212,"POINT (  576283.268563477,   6139986.13202624)",QUIJOTE 2526,0
2026-06-21,C_104,97,,,,S,,62881,Nocturno,,,134298,"POINT (  576291.387832227,   6139885.17734499)",QUIJOTE 2496 PDO REBAJE. ARBOL/ARBOL,0
2026-06-21,C_104,98,,,,S,,62881,Nocturno,,,134219,"POINT (  576297.995611445,   6139815.91773841)",QUIJOTE 2480 PARADA/COLUMNA,0
2026-06-21,C_104,99,,,,S,,62881,Nocturno,,,134266,"POINT (  576298.303530978,   6139811.45290517)",QUIJOTE 2480 PARADA/COLUMNA,0
2026-06-21,C_104,100,,,,S,,62881,Nocturno,,,134300,"POINT (  576378.086151977,   6139723.74533231)",MARTIN FIERRO 2518 VEREDA,0
2026-06-21,C_104,101,,,,S,,62881,Nocturno,,,176267,"POINT (  576440.963120668,   6139778.21576196)",MARTIN FIERRO Esq. CNEL LUCAS PIRIZ,0
2026-06-21,C_104,102,,,,S,,62881,Nocturno,,,134299,"POINT (  576442.525342564,   6139779.50625355)",MARTIN FIERRO Esq. CNEL LUCAS PIRIZ VEREDA. ARBOL/CARTEL,0
2026-06-21,C_104,103,,,,S,,62881,Nocturno,,,172112,"POINT (  576447.336585278,   6139783.54769743)",MARTIN FIERRO 2580,0
2026-06-21,C_104,104,,,,S,,62881,Nocturno,,,182302,"POINT (  576563.865997386,   6139879.44895556)",MARTIN FIERRO 2640 EN 2638,0
2026-06-21,C_104,105,,,,S,,62881,Nocturno,,,134239,"POINT (  576712.301344007,   6140032.46215047)",THOMPSON Esq. MARIANO MORENO PDO BT,0
2026-06-21,C_104,106,,,,S,,62881,Nocturno,,,134202,"POINT (  576763.573594431,   6140108.04115979)",THOMPSON Esq. JUAN CABAL,0
2026-06-21,C_104,107,,,,S,,62881,Nocturno,,,181905,"POINT (  576764.631977778,   6140109.56087168)",THOMPSON Esq. JUAN CABAL,0
2026-06-21,C_104,108,,,,S,,62881,Nocturno,,,184111,"POINT (  576849.919493757,   6140215.55430022)",PEDRO VIDAL 2403,0
2026-06-21,C_104,109,,,,S,,62881,Nocturno,,,184198,"POINT (  576848.212119512,   6140216.82204634)",PEDRO VIDAL 2403 JUNTO A POS 108,0
2026-06-21,B_102,1,,,,S,,62881,Nocturno,,,182857,"POINT (  574628.844509442,   6138405.68630478)",BATOVI 2097,1
2026-06-21,B_102,2,,,,S,,62881,Nocturno,,,182858,"POINT (  574653.645419568,   6138360.29381331)",BATOVI 2075,1
2026-06-21,B_102,3,,,,S,,62881,Nocturno,,,183567,"POINT (  574654.957591939,   6138358.38718584)",BATOVI 2075,1
2026-06-21,B_102,4,,,,S,,62881,Nocturno,,,182859,"POINT (  574719.913906485,   6138303.75228885)",ESTRELLA DEL NORTE 1800,1
2026-06-21,B_102,5,,,,N,,62881,Nocturno,,,183509,"POINT (  574813.017460062,   6138348.27725627)",ARENAL GRANDE 1939,1
2026-06-21,B_102,6,,,,S,,62881,Nocturno,,,181511,"POINT (  574739.020204778,   6138446.57246701)",PROF CARLOS BACIGALUPI 2086 EN 2090,1
2026-06-21,B_102,7,,,,S,,62881,Nocturno,,,181523,"POINT (  574718.958378157,   6138491.58744277)",PROF CARLOS BACIGALUPI 2102,1
2026-06-21,B_102,8,,,,S,,62881,Nocturno,,,181512,"POINT (  574705.231808874,   6138519.83754096)",PROF CARLOS BACIGALUPI 2126,1
2026-06-21,B_102,9,,,,S,,62881,Nocturno,,,178985,"POINT (  574685.268864440,   6138563.39935167)",PROF CARLOS BACIGALUPI 2145 FTE 2145. MURO LADRILLOS. PROV OP (O: PROF CARLOS BACIGALUPI 2158),1
2026-06-21,B_102,10,,,,S,,62881,Nocturno,,,181509,"POINT (  574673.604960182,   6138594.24027133)",PROF CARLOS BACIGALUPI 2158,1
2026-06-21,B_102,11,,,,S,,62881,Nocturno,,,181508,"POINT (  574622.013357679,   6138707.65539397)",PROF CARLOS BACIGALUPI 2244,1
2026-06-21,B_102,12,,,,S,,62881,Nocturno,,,139278,"POINT (  574619.317934870,   6138712.78695249)",PROF CARLOS BACIGALUPI 2244,1
2026-06-21,B_102,13,,,,S,,62881,Nocturno,,,139281,"POINT (  574657.789763666,   6138736.67154620)",HOCQUART 1570 VEREDA. FTE 1575,1
2026-06-21,B_102,14,,,,S,,62881,Nocturno,,,139280,"POINT (  574758.618014968,   6138765.36511851)",HOCQUART 1632 EN 1634,1
2026-06-21,B_102,15,,,,S,,62881,Nocturno,,,139237,"POINT (  574877.560085662,   6138796.14258155)",HOCQUART 1684 PANADERIA,1
2026-06-21,B_102,16,,,,S,,62881,Nocturno,,,139238,"POINT (  574965.042754817,   6138827.65767156)",HOCQUART 1724 VENTANAS,1
2026-06-21,B_102,17,,,,S,,62881,Nocturno,,,140672,"POINT (  575048.599424517,   6138850.96493759)",HOCQUART 1762 EN 1760,1
2026-06-21,B_102,18,,,,S,,62881,Nocturno,,,139264,"POINT (  575146.061390800,   6138860.74319407)",HOCQUART 1810,1
2026-06-21,B_102,19,,,,S,,62881,Nocturno,,,139198,"POINT (  575192.548183929,   6138865.07127481)",HOCQUART 1842,1
2026-06-21,B_102,20,,,,S,,62881,Nocturno,,,181835,"POINT (  575252.212787144,   6138871.65575643)",HOCQUART 1864,1
2026-06-21,B_102,21,,,,S,,62881,Nocturno,,,139239,"POINT (  575255.225205008,   6138872.60534128)",HOCQUART 1864 FABRICA,1
2026-06-21,B_102,22,,,,S,,62881,Nocturno,,,139224,"POINT (  575349.481185558,   6138883.18509420)",HOCQUART 1910,1
2026-06-21,B_102,23,,,,S,,62881,Nocturno,,,181519,"POINT (  575464.348744937,   6138890.84376394)",HOCQUART 1970,1
2026-06-21,B_102,24,,,,S,,62881,Nocturno,,,179105,"POINT (  575486.103956893,   6138891.68084101)",HOCQUART 1980 PDO COLUMNA. TALLER,1
2026-06-21,B_102,25,,,,S,,62881,Nocturno,,,181525,"POINT (  575549.186656996,   6138895.10155471)",HOCQUART 2006,1
2026-06-21,B_102,26,,,,S,,62881,Nocturno,,,139202,"POINT (  575604.677649905,   6138895.84873784)",HOCQUART 2032 EN 2032,1
2026-06-21,B_102,27,,,,S,,62881,Nocturno,,,139201,"POINT (  575691.880461842,   6138899.37532215)",HOCQUART 2056 EN 2054/2056,1
2026-06-21,B_102,28,,,,S,,62881,Nocturno,,,181518,"POINT (  575708.717345620,   6138901.53773436)",HOCQUART 2062,1
2026-06-21,B_102,29,,,,S,,62881,Nocturno,,,139242,"POINT (  575791.907216711,   6138911.39776865)",HOCQUART 2102 ANTES 2106,1
2026-06-21,B_102,30,,,,S,,62881,Nocturno,,,139243,"POINT (  575859.232917104,   6138917.97003940)",HOCQUART 2132,1
2026-06-21,B_102,31,,,,S,,62881,Nocturno,,,139199,"POINT (  575937.298669702,   6138926.78650017)",HOCQUART 2160 EN 2162,1
2026-06-21,B_102,32,,,,S,,62881,Nocturno,,,139200,"POINT (  576000.937486502,   6138933.99996807)",HOCQUART 2196 VEREDA. ESQ. ALEJADO BOCA TORMENTA,1
2026-06-21,B_102,33,,,,S,,62881,Nocturno,,,181838,"POINT (  576079.289010125,   6138942.64551752)",HOCQUART 2238 EN 2236,1
2026-06-21,B_102,34,,,,S,,62881,Nocturno,,,139241,"POINT (  576213.200649238,   6138957.48565185)",HOCQUART 2290,1
2026-06-21,B_102,35,,,,S,,62881,Nocturno,,,178724,"POINT (  576225.997684951,   6138949.94974710)",BV GRAL ARTIGAS 2087 2095/2097,1
2026-06-21,B_102,36,,,,S,,62881,Nocturno,,,180345,"POINT (  576238.255046758,   6138801.83414198)",BV GRAL ARTIGAS 2025,1
2026-06-21,B_102,37,,,,S,,62881,Nocturno,,,180882,"POINT (  576238.368812401,   6138799.21753220)",BV GRAL ARTIGAS 2025,1
2026-06-21,B_102,38,,,,S,,62881,Nocturno,,,139209,"POINT (  576198.687771957,   6138769.58565034)",NICARAGUA 2429 VENTANA. ARBOL/ARBOL,1
2026-06-21,B_102,39,,,,S,,62881,Nocturno,,,182290,"POINT (  576028.349182821,   6138750.19943629)",NICARAGUA 2341 PROV OV(O: NICARAGUA 2367),1
2026-06-21,B_102,40,,,,S,,62881,Nocturno,,,181210,"POINT (  575999.451991127,   6138746.22263652)",NICARAGUA 2331,1
2026-06-21,B_102,41,,,,S,,62881,Nocturno,,,139225,"POINT (  575901.712228066,   6138738.03409015)",NICARAGUA 2297,1
2026-06-21,B_102,42,,,,S,,62881,Nocturno,,,139267,"POINT (  575786.296741678,   6138727.37418759)",NICARAGUA Esq. JUAN PAULLIER,1
2026-06-21,B_102,43,,,,S,,62881,Nocturno,,,182936,"POINT (  575781.239961128,   6138725.55247448)",NICARAGUA 2250,1
2026-06-21,B_102,44,,,,S,,62881,Nocturno,,,155492,"POINT (  575715.604756266,   6138720.56146791)",NICARAGUA 2215 EN 2215/2219,1
2026-06-21,B_102,45,,,,S,,62881,Nocturno,,,144172,"POINT (  575578.869464754,   6138706.29483139)",NICARAGUA 2163 EN 2161,1
2026-06-21,B_102,46,,,,S,,62881,Nocturno,,,181536,"POINT (  575476.573753356,   6138696.05339636)",NICARAGUA 2109,1
2026-06-21,B_102,47,,,,S,,62881,Nocturno,,,139265,"POINT (  575475.100109332,   6138696.09627835)",NICARAGUA 2109 COLUMNA/ARBOL,1
2026-06-21,B_102,48,,,,S,,62881,Nocturno,,,139269,"POINT (  575400.456358713,   6138690.42520202)",NICARAGUA 2077 EN 2079/2075,1
2026-06-21,B_102,49,,,,S,,62881,Nocturno,,,139268,"POINT (  575298.314487213,   6138679.13719251)",NICARAGUA 2031 EN 2031/2021. COLUMNA/ARBOL,1
2026-06-21,B_102,50,,,,S,,62881,Nocturno,,,184136,"POINT (  575191.547285446,   6138670.93789108)",NICARAGUA 1975 Nicaragua 1975,1
2026-06-21,B_102,51,,,,S,,62881,Nocturno,,,144153,"POINT (  575085.869008663,   6138659.32714040)",NICARAGUA 1925,1
2026-06-21,B_102,52,,,,S,,62881,Nocturno,,,139249,"POINT (  575040.504310542,   6138654.99905966)",NICARAGUA 1909,1
2026-06-21,B_102,53,,,,S,,62881,Nocturno,,,139250,"POINT (  574952.451918358,   6138647.78857929)",NICARAGUA 1859 EN 1853/1859,1
2026-06-21,B_102,54,,,,S,,62881,Nocturno,,,139282,"POINT (  574868.557574052,   6138641.79614136)",NICARAGUA 1819 EN 1825/1819,1
2026-06-21,B_102,55,,,,S,,62881,Nocturno,,,181507,"POINT (  574814.001838794,   6138609.41006997)",ARENAL GRANDE 2045 EN 2045,1
2026-06-21,B_102,56,,,,S,,62881,Nocturno,,,139217,"POINT (  574818.810397105,   6138580.45989137)",ARENAL GRANDE 2027,1
2026-06-21,B_102,57,,,,S,,62881,Nocturno,,,139261,"POINT (  574882.901661535,   6138523.93555588)",LIMA 1720,1
2026-06-21,B_102,58,,,,S,,62881,Nocturno,,,181513,"POINT (  575016.180038453,   6138535.32092059)",LIMA 1788 FTE 1789,1
2026-06-21,B_102,59,,,,S,,62881,Nocturno,,,181524,"POINT (  575139.436193856,   6138539.93784095)",INCA 1941 FTE 1948,1
2026-06-21,B_102,60,,,,S,,62881,Nocturno,,,181526,"POINT (  575139.914757109,   6138537.19484254)",INCA 1941 FTE 1948,1
2026-06-21,B_102,61,,,,S,,62881,Nocturno,,,139213,"POINT (  575144.397935397,   6138484.62161701)",INCA 1917 EN 1917/1911,1
2026-06-21,B_102,62,,,,S,,62881,Nocturno,,,181537,"POINT (  575257.375444824,   6138556.23368749)",DEMOCRACIA 1994,1
2026-06-21,B_102,63,,,,S,,62881,Nocturno,,,139255,"POINT (  575257.201551836,   6138557.08316561)",DEMOCRACIA 1994 MURO,1
2026-06-21,B_102,64,,,,S,,62881,Nocturno,,,139270,"POINT (  575239.214642609,   6138723.59055389)",DEMOCRACIA 2072 FTE 2075. REJA,1
2026-06-21,B_102,65,,,,S,,62881,Nocturno,,,139271,"POINT (  575130.008408015,   6138736.69530204)",INCA 2041 EN 2041,1
2026-06-21,B_102,66,,,,S,,62881,Nocturno,,,139253,"POINT (  575033.906921573,   6138559.65272408)",JUSTICIA 2001 EN 2005/2001,1
2026-06-21,B_102,67,,,,S,,62881,Nocturno,,,139283,"POINT (  575041.872552802,   6138478.71163255)",JUSTICIA 1967,1
2026-06-21,B_102,68,,,,S,,62881,Nocturno,,,139232,"POINT (  574946.493782709,   6138507.91799152)",REPUBLICA 1988 ARBOL/ARBOL,1
2026-06-21,B_102,69,,,,S,,62881,Nocturno,,,139234,"POINT (  574940.756147716,   6138595.41692517)",REPUBLICA 2030 EN 2030/2038,1
2026-06-21,B_102,70,,,,S,,62881,Nocturno,,,139254,"POINT (  574950.139315743,   6138741.06355142)",GRAL PAGOLA 1760 EN 1756/1760,1
2026-06-21,B_102,71,,,,S,,62881,Nocturno,,,181457,"POINT (  575056.312605041,   6138746.37709232)",GRAL PAGOLA 1810 EN 1812,1
2026-06-21,B_102,72,,,,S,,62881,Nocturno,,,163552,"POINT (  575334.092454039,   6138751.49923021)",CONSTITUCION 2037,1
2026-06-21,B_102,73,,,,S,,62881,Nocturno,,,139211,"POINT (  575401.096825654,   6138592.02916069)",PEDRO ERRAZQUIN 2086 FTE 2073,1
2026-06-21,B_102,74,,,,S,,62881,Nocturno,,,182989,"POINT (  575404.114822285,   6138592.88653992)",PEDRO ERRAZQUIN 2086,1
2026-06-21,B_102,75,,,,S,,62881,Nocturno,,,139212,"POINT (  575441.172377522,   6138772.65873605)",DEFENSA 2050 EN 2050,1
2026-06-21,B_102,76,,,,S,,62881,Nocturno,,,171472,"POINT (  575540.718234531,   6138604.18418580)",DR MARTIN C MARTINEZ 2001,1
2026-06-21,B_102,77,,,,S,,62881,Nocturno,,,171473,"POINT (  575541.038833105,   6138601.77969650)",DR MARTIN C MARTINEZ 2001,1
2026-06-21,B_102,78,,,,S,,62881,Nocturno,,,181515,"POINT (  575656.737490102,   6138591.29361684)",MIGUELETE 2194,1
2026-06-21,B_102,79,,,,S,,62881,Nocturno,,,181506,"POINT (  575894.576355291,   6138609.18253868)",MIGUELETE 2288 EN 2288,1
2026-06-21,B_102,80,,,,S,,62881,Nocturno,,,181521,"POINT (  576159.117650057,   6138657.34398430)",DR DUVIMIOSO TERRA 1904,1
2026-06-21,B_102,81,,,,S,,62881,Nocturno,,,139290,"POINT (  576149.609205352,   6138740.80659558)",DR DUVIMIOSO TERRA 1946 ESQ,1
2026-06-21,B_102,82,,,,S,,62881,Nocturno,,,183047,"POINT (  576144.363479085,   6138798.14903704)",DR DUVIMIOSO TERRA 1962,1
2026-06-21,B_102,83,,,,N,,62881,Nocturno,,,182937,"POINT (  575901.795652950,   6138849.81028278)",CUFRE 2055,1
2026-06-21,B_102,84,,,,S,,62881,Nocturno,,,181793,"POINT (  575902.967121569,   6138942.97288976)",CUFRE 2102,1
2026-06-21,B_102,85,,,,S,,62881,Nocturno,,,139207,"POINT (  575897.792476171,   6138986.19942861)",CUFRE 2138 EN 2136/2138,1
2026-06-21,B_102,86,,,,S,,62881,Nocturno,,,181839,"POINT (  575421.432311490,   6138972.98126542)",DEFENSA 2146 EN 2146,1
2026-06-21,B_102,87,,,,S,,62881,Nocturno,,,139273,"POINT (  575309.887261755,   6138962.29279216)",CONSTITUCION 2133,1
2026-06-21,B_102,88,,,,S,,62881,Nocturno,,,181840,"POINT (  575427.461890557,   6138918.25999124)",DEFENSA 2114 FTE 2111,1
2026-06-21,B_102,89,,,,S,,62881,Nocturno,,,139222,"POINT (  575575.826801004,   6138795.02427911)",GRAL PAGOLA 2068 MURO CIEGO,1
2026-06-21,B_102,90,,,,S,,62881,Nocturno,,,155517,"POINT (  575717.524354324,   6138807.59048720)",GRAL PAGOLA 2116 EN 2120,1
2026-06-21,B_102,91,,,,S,,62881,Nocturno,,,181458,"POINT (  575819.656357547,   6138817.27171270)",GRAL PAGOLA 2164,1
2026-06-21,B_102,92,,,,S,,62881,Nocturno,,,182226,"POINT (  575828.104018316,   6138819.15554972)",GRAL PAGOLA 2170 PROV OV(O: GRAL PAGOLA 2188),1
2026-06-21,B_102,93,,,,S,,62881,Nocturno,,,139289,"POINT (  576242.113309949,   6138754.68221127)",BV GRAL ARTIGAS 1997,1
2026-06-21,B_102,94,,,,S,,62881,Nocturno,,,181290,"POINT (  576242.367534926,   6138752.91100125)",BV GRAL ARTIGAS 1997,1
2026-06-21,B_102,95,,,,S,,62881,Nocturno,,,181893,"POINT (  576242.765714676,   6138750.74945404)",BV GRAL ARTIGAS 1997 PROV OV(O: BV GRAL ARTIGAS 1975),1
2026-06-21,E_105,80,S,75,,S,,62883,Nocturno,2026-06-21 23:36:28,,107479,"POINT (  581383.736412370,   6138826.88064487)",HIPOLITO YRIGOYEN 1680 EN 1686,0
2026-06-21,E_105,81,S,25,,S,,62883,Nocturno,2026-06-21 23:38:18,,179251,"POINT (  581361.415240143,   6138936.79029534)",HIPOLITO YRIGOYEN 1728 EN 1844,0
2026-06-21,E_105,82,S,100,,S,Requiere Limpieza,62883,Nocturno,2026-06-21 23:39:43,,179250,"POINT (  581360.877605735,   6138939.12004445)",HIPOLITO YRIGOYEN 1742 EN 1844,0
2026-06-21,E_105,83,S,100,,S,Requiere Limpieza,62883,Nocturno,2026-06-21 23:46:22,,176130,"POINT (  580887.741389615,   6138931.51532913)",FRANCISCO DE CALDAS 1709,0
2026-06-21,E_105,84,S,75,,S,Requiere Limpieza,62883,Nocturno,2026-06-21 23:48:44,,177399,"POINT (  580724.396416519,   6138947.70555707)",SAMUEL BLIXEN 4651,0
2026-06-21,E_105,85,S,100,,S,Requiere Limpieza,62883,Nocturno,2026-06-21 23:50:32,,177400,"POINT (  580665.686802782,   6138950.51079459)",SAMUEL BLIXEN 4460 FTE 4480,0
2026-06-21,E_105,86,S,100,,S,Requiere Limpieza,62883,Nocturno,2026-06-21 23:52:50,,107419,"POINT (  580412.413929876,   6139061.91879881)",MARISCALA 1888,0
2026-06-21,E_105,87,S,100,,S,,62883,Nocturno,2026-06-21 23:54:21,,177401,"POINT (  580703.036536571,   6139052.46114089)",SANTANA 1745 VEREDA,0
2026-06-21,E_105,88,S,25,,S,,62883,Nocturno,2026-06-21 23:56:03,,179029,"POINT (  580698.512287006,   6139029.20391130)",SANTANA 1735,0
2026-06-21,E_105,89,S,100,,S,"Poda, Requiere Limpieza",62883,Nocturno,2026-06-21 23:58:25,,138054,"POINT (  580553.156703554,   6138914.52360473)",AV COLOMBES 1733 EN 1737,0
2026-06-21,E_105,90,S,100,,S,Requiere Limpieza,62883,Nocturno,2026-06-22 00:00:02,,138052,"POINT (  580554.519247490,   6138912.03896578)",AV COLOMBES 1733 EN 1737,0
2026-06-21,E_105,91,S,100,,S,Requiere Limpieza,62883,Nocturno,2026-06-22 00:01:32,,167792,"POINT (  580597.479456312,   6138829.80543173)",AV COLOMBES 1691 EN 1693,0
2026-06-21,E_105,92,S,100,,S,,62883,Nocturno,2026-06-22 00:03:30,,107398,"POINT (  580621.444199666,   6138783.39878825)",AV COLOMBES 1653,0
2026-06-21,E_105,93,S,50,,S,,62883,Nocturno,2026-06-22 00:04:15,,177402,"POINT (  580622.245696099,   6138781.79579538)",AV COLOMBES 1653,0
2026-06-21,E_105,94,S,100,,S,Requiere Limpieza,62883,Nocturno,2026-06-22 00:05:40,,107416,"POINT (  580693.418579371,   6138647.46499317)",AV COLOMBES 1605,0
2026-06-21,E_105,95,S,100,,S,Requiere Limpieza,62883,Nocturno,2026-06-22 00:10:17,,107422,"POINT (  580864.904678281,   6138862.17698214)",DALMIRO COSTA 4591,0
2026-06-21,E_105,96,S,75,,S,Requiere Limpieza,62883,Nocturno,2026-06-22 00:12:35,,107421,"POINT (  580701.593842990,   6138788.04746756)",DALMIRO COSTA 4503,0
2026-06-21,E_105,97,S,100,,S,,62883,Nocturno,2026-06-22 00:14:09,,107463,"POINT (  580668.732489226,   6138608.75271543)",PEREZ GOMAR 4495 FTE 4498,0
2026-06-21,E_105,98,S,100,,S,Requiere Limpieza,62883,Nocturno,2026-06-22 00:16:35,,107474,"POINT (  580551.313261756,   6138649.06798602)",PEREZ GOMAR 4459 FTE 4466,0
2026-06-21,E_105,99,S,100,,S,Requiere Limpieza,62883,Nocturno,2026-06-22 00:18:41,,183999,"POINT (  580517.531194118,   6138528.35778235)",RAMOS 4416,0
2026-06-21,E_105,100,S,50,,S,,62883,Nocturno,2026-06-22 00:08:34,,107415,"POINT (  580697.025313320,   6138568.59774412)",AV COLOMBES 1541,0
2026-06-21,E_105,101,S,50,,S,Requiere Limpieza,62883,Nocturno,2026-06-22 00:21:01,,107400,"POINT (  580742.790759659,   6138497.34471121)",AV COLOMBES 1489,0
2026-06-21,E_105,102,S,50,,S,,62883,Nocturno,2026-06-22 00:24:30,,177314,"POINT (  580591.067484845,   6138454.62495132)",ASAMBLEA 4434,0
2026-06-21,E_105,103,S,100,,S,Requiere Limpieza,62883,Nocturno,2026-06-22 00:25:52,,177313,"POINT (  580671.778175673,   6138495.74171834)",ASAMBLEA 4474,0
2026-06-21,E_105,104,S,75,,S,Requiere Limpieza,62883,Nocturno,2026-06-22 00:27:36,,180760,"POINT (  580831.879779096,   6138579.44250395)",ASAMBLEA 4530 VEREDA,0
2026-06-21,E_105,105,S,100,,S,,62883,Nocturno,2026-06-22 00:29:29,,107413,"POINT (  580999.269618298,   6138667.58255364)",ASAMBLEA 4576,0
2026-06-21,E_105,106,S,25,,S,,62883,Nocturno,2026-06-22 00:31:31,,177416,"POINT (  581117.849742655,   6138652.66425331)",ATLANTICO 1559,0
2026-06-21,E_105,107,S,25,,S,,62883,Nocturno,2026-06-22 00:36:52,,177403,"POINT (  581520.162150265,   6138246.63662689)",HIPOLITO YRIGOYEN 1420 FTE 1425,0
2026-06-21,E_105,108,S,50,,S,,62883,Nocturno,2026-06-22 00:36:56,,177404,"POINT (  581520.242299909,   6138249.04111619)",HIPOLITO YRIGOYEN 1420 FTE 1425,0
2026-06-21,E_105,109,S,100,,S,,62883,Nocturno,2026-06-22 00:38:46,,173592,"POINT (  581499.104431200,   6138383.16343606)",HIPOLITO YRIGOYEN 1486,0
2026-06-21,E_105,110,S,100,,S,Requiere Limpieza,62883,Nocturno,2026-06-22 00:40:34,,107468,"POINT (  581465.740542448,   6138509.92820521)",HIPOLITO YRIGOYEN 1550 FTE 1539. CERCO VEGETAL,0
2026-06-21,E_111,1,S,50,,S,,62883,Nocturno,2026-06-22 00:52:57,,107906,"POINT (  584825.725646500,   6140096.66404234)",DR FRUCTUOSO PITTALUGA 6414,1
2026-06-21,E_111,2,S,75,,S,Requiere Limpieza,62883,Nocturno,2026-06-22 00:56:42,,180077,"POINT (  584978.928941177,   6140099.38732855)",HAVRE 2208,1
2026-06-21,E_111,3,S,25,,S,Requiere Limpieza,62883,Nocturno,2026-06-22 02:17:12,,107908,"POINT (  584750.862639310,   6140462.95148928)",PROF FRANCISCO GAMEZ MARIN 2355,1
2026-06-21,E_111,4,S,50,,S,,62883,Nocturno,2026-06-22 02:18:42,,181804,"POINT (  584765.480243124,   6140624.78564010)",PROF FRANCISCO GAMEZ MARIN Esq. DR AGUSTIN MUSSO,1
2026-06-21,E_111,5,S,50,,S,Requiere Limpieza,62883,Nocturno,2026-06-22 02:19:22,,107910,"POINT (  584765.536117650,   6140630.20988543)",PROF FRANCISCO GAMEZ MARIN 2410,1
2026-06-21,E_111,6,S,25,,S,,62883,Nocturno,2026-06-22 02:20:58,,107911,"POINT (  584911.885334590,   6140708.97759985)",PROF FRANCISCO GAMEZ MARIN 7046,1
2026-06-21,E_111,7,S,100,,S,Requiere Limpieza,62883,Nocturno,2026-06-22 01:05:22,,107904,"POINT (  584848.760409470,   6140818.77829752)",JUAN PEDRO BERANGER 7017,1
2026-06-21,E_111,8,S,100,,S,Requiere Limpieza,62883,Nocturno,2026-06-22 01:07:05,,107881,"POINT (  584692.069588540,   6140773.38660459)",JUAN PEDRO BERANGER 2439,1
2026-06-21,E_111,9,S,75,,S,,62883,Nocturno,2026-06-22 01:09:05,,174092,"POINT (  584530.333979505,   6140408.41326997)",JUAN PEDRO BERANGER 2315,1
2026-06-21,E_111,10,S,75,,S,Requiere Limpieza,62883,Nocturno,2026-06-22 02:08:57,,179247,"POINT (  584382.307372566,   6140427.37355074)",DR JOSE F ARIAS 6867 PROV. Posicion de apoyo al 11,1
2026-06-21,E_111,11,S,100,,S,Escombro,62883,Nocturno,2026-06-22 02:10:22,,107901,"POINT (  584380.433433640,   6140428.03734992)",DR JOSE F ARIAS 6867,1
2026-06-21,E_111,12,S,75,,S,Requiere Limpieza,62883,Nocturno,2026-06-22 02:11:02,,179212,"POINT (  584385.494186167,   6140536.50458310)",AV DRA MA LUISA SALDUN DE RODRIGUEZ 2350,1
2026-06-21,E_111,13,S,25,,S,,62883,Nocturno,2026-06-22 02:22:29,,107847,"POINT (  584866.574673936,   6140606.73414108)",DR AGUSTIN MUSSO 7035,1
2026-06-21,E_111,14,S,75,,S,,62883,Nocturno,2026-06-22 02:24:24,,181196,"POINT (  584566.461274915,   6140640.60546743)",DR AGUSTIN MUSSO 6873,1
2026-06-21,E_111,15,S,50,,S,,62883,Nocturno,2026-06-22 02:24:27,,107896,"POINT (  584560.233012850,   6140643.57169022)",DR AGUSTIN MUSSO 6873,1
2026-06-21,E_111,16,S,25,,S,,62883,Nocturno,2026-06-22 01:11:51,,107903,"POINT (  583952.763311630,   6139862.26275820)",AV DRA MA LUISA SALDUN DE RODRIGUEZ 1865,1
2026-06-21,E_111,17,S,50,,S,Requiere Limpieza,62883,Nocturno,2026-06-22 01:13:13,,107917,"POINT (  583874.418918301,   6139800.40602808)",SIRACUSA 2106,1
2026-06-21,E_111,18,S,75,,S,,62883,Nocturno,2026-06-22 01:14:19,,107918,"POINT (  583872.238339085,   6139804.04032677)",SIRACUSA 2106,1
2026-06-21,E_111,19,S,25,,S,Requiere Limpieza,62883,Nocturno,2026-06-22 01:15:46,,107849,"POINT (  583862.588593460,   6139817.60796539)",SIRACUSA 2112,1
2026-06-21,E_111,20,S,50,,S,Requiere Limpieza,62883,Nocturno,2026-06-22 01:17:03,,107952,"POINT (  583709.646398900,   6140027.00854435)",SIRACUSA 2222,1
2026-06-21,E_111,21,S,25,,S,Requiere Limpieza,62883,Nocturno,2026-06-22 01:18:35,,107953,"POINT (  583678.730259002,   6140068.36611853)",SIRACUSA 2236,1
2026-06-21,E_111,22,S,25,,S,,62883,Nocturno,2026-06-22 02:13:58,,107900,"POINT (  584463.073660969,   6140146.13009137)",GRAL MAXIMO TAJES Esq. JUAN PEDRO BERANGER,1
2026-06-21,E_111,23,S,25,,S,Requiere Limpieza,62883,Nocturno,2026-06-22 02:16:01,,107897,"POINT (  584880.741385680,   6140194.51563693)",GRAL MAXIMO TAJES 6378,1
2026-06-21,E_111,24,S,75,,S,Requiere Limpieza,62883,Nocturno,2026-06-22 00:56:51,,107898,"POINT (  584936.738337750,   6140251.18947912)",HAVRE 2258,1
2026-06-21,E_111,25,S,25,,S,,62883,Nocturno,2026-06-22 00:58:30,,107899,"POINT (  584952.470378710,   6140532.20708337)",HAVRE 2308,1
2026-06-21,E_111,26,S,50,,S,,62883,Nocturno,2026-06-22 00:59:54,,107848,"POINT (  584962.103378930,   6140743.02681048)",HAVRE 2424,1
2026-06-21,E_111,27,S,25,,S,Requiere Limpieza,62883,Nocturno,2026-06-22 01:01:35,,107894,"POINT (  584974.734740000,   6140903.28264682)",HAVRE 2480,1
2026-06-21,E_111,28,S,75,,S,,62883,Nocturno,2026-06-22 01:03:32,,107873,"POINT (  585047.396073666,   6140852.11733303)",COOPER 2357,1
2026-06-21,E_111,29,S,75,,N,,62883,Nocturno,2026-06-22 02:30:02,,107874,"POINT (  585057.505058530,   6140748.92098273)",COOPER 2341,1
2026-06-21,E_111,30,S,25,,S,,62883,Nocturno,2026-06-22 02:30:35,,107843,"POINT (  585068.306040010,   6140631.96323506)",COOPER 2319,1
2026-06-21,E_111,31,S,25,,S,,62883,Nocturno,2026-06-22 02:32:10,,181805,"POINT (  585074.706366231,   6140511.49700763)",COOPER 2297,1
2026-06-21,E_111,32,S,25,,S,,62883,Nocturno,2026-06-22 02:33:05,,107844,"POINT (  585095.052715370,   6140325.52568156)",COOPER 2265,1
2026-06-21,E_111,33,S,25,,S,Poda,62883,Nocturno,2026-06-22 02:35:26,,175436,"POINT (  585229.448919073,   6140310.15483243)",ADOLFO LAPUENTE 2262,1
2026-06-21,E_111,34,S,25,,S,,62883,Nocturno,2026-06-22 02:35:30,,107845,"POINT (  585229.974481850,   6140320.81948841)",ADOLFO LAPUENTE 2272,1
2026-06-21,E_111,35,S,25,,S,Requiere Limpieza,62883,Nocturno,2026-06-22 02:37:06,,107895,"POINT (  585218.254493100,   6140471.80307098)",ADOLFO LAPUENTE 2334,1
2026-06-21,E_111,36,S,25,,S,,62883,Nocturno,2026-06-22 02:37:32,,107870,"POINT (  585206.910036810,   6140609.96588899)",ADOLFO LAPUENTE 2374,1
2026-06-21,E_111,37,S,25,,S,,62883,Nocturno,2026-06-22 02:38:43,,107871,"POINT (  585195.225814540,   6140738.27245791)",ADOLFO LAPUENTE 2422,1
2026-06-21,E_111,38,S,50,,S,,62883,Nocturno,2026-06-22 02:40:00,,107872,"POINT (  585187.595113600,   6140863.09152491)",ADOLFO LAPUENTE 2458,1
2026-06-21,E_111,39,S,75,,S,Requiere Limpieza,62883,Nocturno,2026-06-22 02:41:38,,107893,"POINT (  585174.050863520,   6140990.38876560)",ADOLFO LAPUENTE Esq. CNO CARRASCO,1
2026-06-21,E_111,40,S,50,,S,,62883,Nocturno,2026-06-22 02:43:32,,107876,"POINT (  585280.123901600,   6140981.40930990)",LANCASTERIANA 2489,1
2026-06-21,E_111,41,S,75,,S,Requiere Limpieza,62883,Nocturno,2026-06-22 02:44:11,,107877,"POINT (  585297.214777750,   6140805.03866708)",LANCASTERIANA 2447,1
2026-06-21,E_111,42,S,50,,S,Requiere Limpieza,62883,Nocturno,2026-06-22 02:45:58,,107878,"POINT (  585316.801915150,   6140582.09112199)",LANCASTERIANA 2357,1
2026-06-21,E_111,43,S,25,,S,,62883,Nocturno,2026-06-22 02:46:49,,107852,"POINT (  585325.898868100,   6140464.28301235)",LANCASTERIANA 2319,1
2026-06-21,E_111,44,S,75,,S,Requiere Limpieza,62883,Nocturno,2026-06-22 02:48:02,,180113,"POINT (  585340.071039013,   6140266.70516334)",LANCASTERIANA 2253 EN ESQ.,1
2026-06-21,E_111,45,S,25,,S,Requiere Limpieza,62883,Nocturno,2026-06-22 02:49:20,,175694,"POINT (  585346.787840678,   6140139.75059830)",LANCASTERIANA 2230,1
2026-06-21,E_111,46,S,75,,S,,62883,Nocturno,2026-06-22 02:54:16,,175433,"POINT (  585469.568200000,   6140423.03003334)",CAPRI 2318,1
2026-06-21,E_111,47,S,25,,S,Requiere Limpieza,62883,Nocturno,2026-06-22 02:55:39,,183638,"POINT (  585476.701049455,   6140585.09874423)",CAPRI 2354,1
2026-06-21,E_111,48,S,25,,S,,62883,Nocturno,2026-06-22 02:55:43,,181952,"POINT (  585472.599643117,   6140591.37474403)",CAPRI 2356,1
2026-06-21,E_111,49,S,25,,S,Requiere Limpieza,62883,Nocturno,2026-06-22 02:57:18,,183800,"POINT (  585437.461180952,   6140776.40690476)",CAPRI 2420,1
2026-06-21,E_111,50,S,50,,S,Requiere Limpieza,62883,Nocturno,2026-06-22 02:58:56,,183637,"POINT (  585413.084491721,   6141071.37325403)",CAPRI 2540,1
2026-06-21,E_111,51,S,75,,S,Requiere Limpieza,62883,Nocturno,2026-06-22 02:59:04,,107891,"POINT (  585412.380804295,   6141079.42608389)",CAPRI 2540,1
2026-06-21,E_111,52,S,25,,S,Requiere Limpieza,62883,Nocturno,2026-06-22 03:01:41,,183982,"POINT (  585557.755081925,   6140965.24419096)",ORLEANS 2485,1
2026-06-21,E_111,53,S,25,,S,,62883,Nocturno,2026-06-22 03:02:01,,107880,"POINT (  585562.894429412,   6140920.00608236)",ORLEANS 2465,1
2026-06-21,E_111,54,S,25,,S,,62883,Nocturno,2026-06-22 03:03:09,,107858,"POINT (  585584.462088514,   6140666.81572005)",ORLEANS 2383,1
2026-06-21,E_111,55,S,25,,S,,62883,Nocturno,2026-06-22 03:05:13,,107879,"POINT (  585603.587583460,   6140465.87757841)",ORLEANS 2319,1
2026-06-21,E_111,56,S,25,,S,,62883,Nocturno,2026-06-22 03:05:22,,175434,"POINT (  585604.061110544,   6140461.18727435)",ORLEANS 2319,1
2026-06-21,E_111,57,S,25,,S,,62883,Nocturno,2026-06-22 03:05:37,,107867,"POINT (  585611.911439290,   6140347.57032962)",ORLEANS 2267,1
2026-06-21,E_111,58,S,25,,S,,62883,Nocturno,2026-06-22 03:07:31,,107859,"POINT (  585725.789424210,   6140397.24699455)",EDMUNDO BIANCHI 2277,1
2026-06-21,E_111,59,S,25,,S,,62883,Nocturno,2026-06-22 03:08:02,,107890,"POINT (  585817.504189480,   6140475.03871376)",DR ALVARO VARGAS GUILLEMETTE 2298,1
2026-06-21,E_111,60,S,25,,S,,62883,Nocturno,2026-06-22 03:09:26,,183139,"POINT (  585830.504269499,   6140319.53968911)",DR ALVARO VARGAS GUILLEMETTE 2260,1
2026-06-21,E_111,61,S,25,,S,,62883,Nocturno,2026-06-22 03:09:22,,183138,"POINT (  585830.939999346,   6140315.18239063)",DR ALVARO VARGAS GUILLEMETTE Esq. GRAL MAXIMO TAJES,1
2026-06-21,E_111,62,S,25,,S,,62883,Nocturno,2026-06-22 02:51:16,,175696,"POINT (  585640.799690961,   6140191.37867571)",ORLEANS 2224 EN 2222 PDO ARBOL,1
2026-06-21,E_111,63,S,50,,S,,62883,Nocturno,2026-06-22 03:10:36,,107866,"POINT (  585957.673745120,   6140376.24842095)",DR ENRIQUE AZAROLA 2268,1
2026-06-21,E_111,64,S,75,,S,,62883,Nocturno,2026-06-22 03:12:39,,179124,"POINT (  585940.301261017,   6140573.80400283)",DR ENRIQUE AZAROLA 2342,1
2026-06-21,E_111,65,S,50,,S,,62883,Nocturno,2026-06-22 03:13:45,,107864,"POINT (  585961.087951630,   6140681.82697790)",DR ALFREDO VASQUEZ ACEVEDO 7215,1
2026-06-21,E_111,66,S,25,,S,Requiere Limpieza,62883,Nocturno,2026-06-22 03:15:13,,107865,"POINT (  585917.552304920,   6140811.70102896)",DR ENRIQUE AZAROLA 2404,1
2026-06-21,E_111,67,S,25,,S,,62883,Nocturno,2026-06-22 03:16:42,,107856,"POINT (  585787.244705600,   6140817.89011018)",DR ALVARO VARGAS GUILLEMETTE 2433,1
2026-06-21,E_111,68,S,25,,S,Requiere Limpieza,62883,Nocturno,2026-06-22 03:17:04,,107883,"POINT (  585797.660139758,   6140684.44864158)",DR ALVARO VARGAS GUILLEMETTE 2353,1
2026-06-21,E_111,69,S,25,,S,,62883,Nocturno,2026-06-22 03:17:30,,107868,"POINT (  585720.590012090,   6140660.64108954)",DR ALFREDO VASQUEZ ACEVEDO 7109,1
2026-06-21,E_111,70,S,25,,S,,62883,Nocturno,2026-06-22 03:17:53,,107869,"POINT (  585701.039744730,   6140712.46094192)",EDMUNDO BIANCHI 2370,1
2026-06-21,E_111,71,S,25,,S,,62883,Nocturno,2026-06-22 03:18:17,,107884,"POINT (  585687.794773420,   6140855.45678143)",EDMUNDO BIANCHI 2448,1
2026-06-21,E_111,72,S,50,,S,Requiere Limpieza,62883,Nocturno,2026-06-22 03:19:16,,107861,"POINT (  585683.763207020,   6140924.57481756)",EDMUNDO BIANCHI 2454,1
2026-06-21,E_111,73,S,25,,S,Requiere Limpieza,62883,Nocturno,2026-06-22 03:20:50,,107885,"POINT (  585660.415122990,   6141162.61972530)",EDMUNDO BIANCHI 2546,1
2026-06-21,E_111,74,S,75,,S,"Escombro, Requiere Limpieza",62883,Nocturno,2026-06-22 03:23:16,,107862,"POINT (  585758.199990850,   6141180.02318169)",DR ALVARO VARGAS GUILLEMETTE 2543,1
2026-06-21,E_111,75,S,50,,S,,62883,Nocturno,2026-06-22 03:23:59,,180868,"POINT (  585769.780154466,   6141011.04164553)",DR ALVARO VARGAS GUILLEMETTE 2475,1
2026-06-21,C_111,54,S,100,,S,,62919,Nocturno,2026-06-21 22:49:13,,138329,"POINT (  574393.845432090,   6141022.22770760)",AV BURGUES 3022 PRE 3024. MURO,0
2026-06-21,C_111,55,S,75,,S,,62919,Nocturno,2026-06-21 22:50:45,,138328,"POINT (  574385.268813041,   6141097.29959532)",AV BURGUES 3056,0
2026-06-21,C_111,56,S,100,,S,,62919,Nocturno,2026-06-21 22:52:28,,138331,"POINT (  574374.468626091,   6141197.46603507)",AV BURGUES 3106 EN 3108,0
2026-06-21,C_111,57,N,,Contenedor No Está,N,,62919,Nocturno,2026-06-21 22:52:35,,138332,"POINT (  574360.962588355,   6141347.57124119)",AV BURGUES 3170 FTE 3181,0
2026-06-21,C_111,58,S,50,,S,,62919,Nocturno,2026-06-21 23:12:19,,138374,"POINT (  574344.926938256,   6141568.59010625)",AV BURGUES 3231 EN 3268,0
2026-06-21,C_111,59,S,100,,S,,62919,Nocturno,2026-06-21 23:12:24,,180594,"POINT (  574380.286373494,   6141675.30746747)",DR MAGESTED 1572,0
2026-06-21,C_111,60,S,100,,S,,62919,Nocturno,2026-06-21 23:18:27,,183550,"POINT (  574337.188182352,   6141853.00792070)",REGIMIENTO 9 1609,0
2026-06-21,C_111,61,S,100,,S,,62919,Nocturno,2026-06-21 23:18:34,,183549,"POINT (  574335.254631154,   6141853.49811677)",REGIMIENTO 9 Esq. AV BURGUES,0
2026-06-21,C_111,62,S,25,,S,,62919,Nocturno,2026-06-21 23:36:22,,138351,"POINT (  574436.696068158,   6142009.74279368)",AV DR LUIS ALBERTO DE HERRERA 4083 VEREDA,0
2026-06-21,C_111,63,S,100,,S,,62919,Nocturno,2026-06-21 23:36:43,,177376,"POINT (  574437.972500000,   6142009.02451695)",AV DR LUIS ALBERTO DE HERRERA 4083,0
2026-06-21,C_111,64,S,100,,S,,62919,Nocturno,2026-06-21 23:26:26,,138399,"POINT (  574537.241392856,   6141952.95693482)",AV DR LUIS ALBERTO DE HERRERA 4047 VEREDA,0
2026-06-21,C_111,65,S,50,,S,,62919,Nocturno,2026-06-21 23:28:53,,138397,"POINT (  574628.273019422,   6141902.65471241)",AV DR LUIS ALBERTO DE HERRERA 4003,0
2026-06-21,C_111,66,S,100,,S,,62919,Nocturno,2026-06-21 23:30:34,,138396,"POINT (  574606.566761336,   6141803.54711451)",DARWIN 3313,0
2026-06-21,C_111,67,S,100,,S,,62919,Nocturno,2026-06-21 23:38:43,,183938,"POINT (  574558.186109524,   6141646.36136667)",DARWIN Esq. DR MAGESTED,0
2026-06-21,C_111,68,S,100,,S,,62919,Nocturno,2026-06-21 23:38:48,,138350,"POINT (  574557.277672852,   6141640.69723677)",DARWIN Esq. DR MAGESTED MURO,0
2026-06-21,C_111,69,S,50,,S,,62919,Nocturno,2026-06-21 23:43:09,,138349,"POINT (  574520.218207827,   6141525.17759008)",DARWIN Esq. LIROPEYA SECTOR VERDE,0
2026-06-21,C_111,70,S,75,,S,,62919,Nocturno,2026-06-21 23:45:36,,138398,"POINT (  574599.382426215,   6141481.04585521)",LIROPEYA 1694 FTE 1693,0
2026-06-21,C_111,71,S,100,,S,,62919,Nocturno,2026-06-21 23:47:53,,138395,"POINT (  574589.075687035,   6141286.04508841)",FOMENTO 1660 FTE 1659. MURO,0
2026-06-21,C_111,72,S,100,,S,,62919,Nocturno,2026-06-21 23:51:52,,183809,"POINT (  574665.287387500,   6141261.74707084)",FOMENTO 1697,0
2026-06-21,C_111,73,S,100,,N,,62919,Nocturno,2026-06-21 23:52:01,,138335,"POINT (  574667.563135618,   6141260.68312289)",FOMENTO 1697 FTE 1697. ARBOL/COLUMNA,0
2026-06-21,C_111,75,S,100,,S,Requiere Limpieza,62919,Nocturno,2026-06-21 22:47:20,,183980,"POINT (  574602.915031953,   6141060.28320474)",EL INICIADOR 1646,1
2026-06-21,C_111,76,S,100,,S,Requiere Limpieza,62919,Nocturno,2026-06-21 22:47:29,,181788,"POINT (  574492.225094118,   6141033.94921569)",RAMON MARQUEZ 3028 VEREDA,1
2026-06-21,C_111,77,S,100,,S,Requiere Limpieza,62919,Nocturno,2026-06-21 23:01:21,,152374,"POINT (  574458.275959141,   6141394.72827318)",LUISA DOMINGUEZ 1603 FTE 1603,1
2026-06-21,C_111,78,S,100,,N,,62919,Nocturno,2026-06-21 23:02:48,,152352,"POINT (  574508.994484133,   6141194.60716204)",RAMON DE SANTIAGO 1629,1
2026-06-21,C_111,79,S,100,,S,Requiere Limpieza,62919,Nocturno,2026-06-21 22:57:46,,152392,"POINT (  574429.581344793,   6141445.02326143)",PEDRO MARGAT Esq. RAMON MARQUEZ,1
2026-06-21,C_111,80,S,50,,S,,62919,Nocturno,2026-06-21 23:12:09,,138338,"POINT (  574433.904703390,   6141631.05841526)",RAMON MARQUEZ 3233 VEREDA. FTE 3233,1
2026-06-21,C_111,81,S,100,,S,,62919,Nocturno,2026-06-21 23:13:18,,138403,"POINT (  574450.362529807,   6141714.92727065)",RAMON MARQUEZ 3274 EN 3274/3270,1
2026-06-21,C_111,82,S,100,,S,,62919,Nocturno,2026-06-21 23:15:23,,138340,"POINT (  574470.288884180,   6141782.01886724)",RAMON MARQUEZ 3296 EN 3292/3296,1
2026-06-21,C_111,83,S,100,,S,,62919,Nocturno,2026-06-21 23:25:56,,177377,"POINT (  574348.593968927,   6141933.88327403)",FLORENCIO ESCARDO 1602,1
2026-06-21,C_111,84,S,100,,S,,62919,Nocturno,2026-06-21 23:26:01,,138341,"POINT (  574499.780409604,   6141876.82112713)",RAMON MARQUEZ 3330,1
2026-06-21,C_111,85,S,100,,S,,62919,Nocturno,2026-06-22 00:12:01,,138342,"POINT (  574687.515121153,   6141882.77832637)",AV DR LUIS ALBERTO DE HERRERA 3981 VEREDA,1
2026-06-21,C_111,86,S,75,,S,,62919,Nocturno,2026-06-22 00:14:25,,182844,"POINT (  574837.558373796,   6141778.34586114)",CARABELA 3333 FTE 3334,1
2026-06-21,C_111,87,S,100,,S,Requiere Limpieza,62919,Nocturno,2026-06-22 00:19:45,,183478,"POINT (  574805.911555157,   6141683.00533319)",CARABELA 3297,1
2026-06-21,C_111,88,S,100,,S,,62919,Nocturno,2026-06-22 01:33:47,,183479,"POINT (  574805.687339910,   6141682.10847220)",CARABELA 3297,1
2026-06-21,C_111,89,S,100,,S,,62919,Nocturno,2026-06-22 01:37:07,,183751,"POINT (  574732.586433333,   6141440.76300878)",CARABELA 3205,1
2026-06-21,C_111,90,S,75,,S,,62919,Nocturno,2026-06-22 01:37:13,,138402,"POINT (  574732.253483921,   6141437.38316876)",CARABELA 3205 EN 3211,1
2026-06-21,C_111,91,S,100,,S,Basura Afuera,62919,Nocturno,2026-06-22 00:04:14,,138406,"POINT (  574596.219698494,   6141356.86157254)",MARIANO SOLER 3172 EDIFICIO.,1
2026-06-21,C_111,92,S,100,,S,,62919,Nocturno,2026-06-22 00:04:19,,138382,"POINT (  574616.449073245,   6141424.75352853)",MARIANO SOLER 3188 ANTES ARBOLES,1
2026-06-21,C_111,93,S,100,,S,Requiere Limpieza,62919,Nocturno,2026-06-22 00:04:24,,138404,"POINT (  574649.841268388,   6141526.88956984)",MARIANO SOLER 3224,1
2026-06-21,C_111,94,S,100,,S,,62919,Nocturno,2026-06-22 00:04:32,,138407,"POINT (  574681.850417431,   6141633.49711213)",MARIANO SOLER 3266,1
2026-06-21,C_111,95,S,100,,S,,62919,Nocturno,2026-06-22 00:07:16,,138363,"POINT (  574707.941604091,   6141720.28237766)",MARIANO SOLER 3296,1
2026-06-21,C_111,96,S,50,,S,,62919,Nocturno,2026-06-22 00:10:15,,138357,"POINT (  574731.676292779,   6141797.16104123)",MARIANO SOLER 3330 EN 3332,1
2026-06-21,C_105,1,S,50,,S,,62919,Nocturno,2026-06-22 01:43:49,,134343,"POINT (  575547.614011958,   6141020.91314968)",BV GRAL ARTIGAS 3283 VEREDA. PDO EDIFICIO,2
2026-06-21,C_105,2,S,25,,S,,62919,Nocturno,2026-06-22 01:44:24,,134390,"POINT (  575664.786328625,   6141029.46130802)",BV GRAL ARTIGAS 3249 VEREDA. EN 3243,2
2026-06-21,C_105,3,S,50,,S,,62919,Nocturno,2026-06-22 01:46:05,,134376,"POINT (  575815.525803625,   6141041.97080802)",BV GRAL ARTIGAS 3171 VEREDA. ANTES 3167,2
2026-06-21,C_105,4,S,50,,S,,62919,Nocturno,2026-06-22 01:48:05,,134377,"POINT (  575910.806495292,   6141049.05952468)",BV GRAL ARTIGAS 3123 VEREDA,2
2026-06-21,C_105,5,S,25,,S,,62919,Nocturno,2026-06-22 01:49:52,,134378,"POINT (  576001.930979814,   6141056.29460003)",BV GRAL ARTIGAS 3087 VEREDA. EN 3071. ANTES CARTEL,2
2026-06-21,C_105,6,S,100,,S,,62919,Nocturno,2026-06-22 01:52:19,,134381,"POINT (  576030.897695292,   6140967.33079135)",ANTONIO MACHADO 2181,2
2026-06-21,C_105,7,S,100,,S,Requiere Limpieza,62919,Nocturno,2026-06-22 01:55:45,,180179,"POINT (  575928.645036158,   6140959.99289209)",ANTONIO MACHADO 2139,2
2026-06-21,C_105,8,S,100,,S,,62919,Nocturno,2026-06-22 01:56:18,,134383,"POINT (  575824.107449115,   6140950.63971002)",ANTONIO MACHADO 2085 MURO,2
2026-06-21,C_105,9,S,100,,S,Requiere Limpieza,62919,Nocturno,2026-06-22 01:57:58,,134402,"POINT (  575710.029020292,   6140940.43536635)",ANTONIO MACHADO 2044 FTE 2048. MURO,2
2026-06-21,C_105,10,S,100,,S,Requiere Limpieza,62919,Nocturno,2026-06-22 02:01:30,,134403,"POINT (  575597.443520292,   6140931.88720802)",ANTONIO MACHADO 1981 ARBOL/COLUMNA,2
2026-06-21,C_105,11,S,50,,S,,62919,Nocturno,2026-06-22 02:02:31,,134404,"POINT (  575609.744528625,   6140818.88472468)",GRAL ENRIQUE MARTINEZ 2048 EN 2040,2
2026-06-21,C_105,12,S,75,,S,Requiere Limpieza,62919,Nocturno,2026-06-22 02:05:29,,137132,"POINT (  575687.699095696,   6140825.16250004)",GRAL ENRIQUE MARTINEZ 2072,2
2026-06-21,C_105,13,S,75,,S,Requiere Limpieza,62919,Nocturno,2026-06-22 02:06:04,,134362,"POINT (  575816.776753625,   6140835.98104135)",GRAL ENRIQUE MARTINEZ 2130 ANTES ARBOL. MURO BAJO C/REJA,2
2026-06-21,C_105,14,S,100,,S,Requiere Limpieza,62919,Nocturno,2026-06-22 02:09:25,,181251,"POINT (  575885.110070588,   6140840.81007059)",GRAL ENRIQUE MARTINEZ 2154,2
2026-06-21,C_105,15,S,50,,S,Basura Afuera,62919,Nocturno,2026-06-22 02:12:27,,180729,"POINT (  575952.739943137,   6140845.97382353)",GRAL ENRIQUE MARTINEZ 2192,2
2026-06-21,C_105,16,S,25,,S,,62919,Nocturno,2026-06-22 02:12:32,,134396,"POINT (  576013.871714916,   6140852.25838425)",GRAL ENRIQUE MARTINEZ 2218,2
2026-06-21,C_105,17,S,50,,S,,62919,Nocturno,2026-06-22 02:12:37,,183106,"POINT (  576017.691622223,   6140852.63937654)",GRAL ENRIQUE MARTINEZ 2220,2
2026-06-21,C_105,18,S,100,,S,,62919,Nocturno,2026-06-22 02:16:54,,134302,"POINT (  575646.470239916,   6140701.85609425)",DR GUSTAVO GALLINAL 2056 VEREDA,2
2026-06-21,C_105,19,S,100,,S,Requiere Limpieza,62919,Nocturno,2026-06-22 02:18:46,,134303,"POINT (  575720.294704916,   6140707.36281425)",DR GUSTAVO GALLINAL 2084 VEREDA,2
2026-06-21,C_105,20,S,100,,S,Requiere Limpieza,62919,Nocturno,2026-06-22 02:21:43,,180728,"POINT (  575959.384823312,   6140714.49234205)",DR GUSTAVO GALLINAL 2194 FTE 2197,2
2026-06-21,C_105,21,S,50,,S,,62919,Nocturno,2026-06-22 02:24:00,,170472,"POINT (  576018.008121049,   6140718.38505535)",DR GUSTAVO GALLINAL 2218,2
2026-06-21,C_105,22,S,25,,S,,62919,Nocturno,2026-06-22 02:25:38,,170452,"POINT (  576074.565564091,   6140720.06277599)",DR GUSTAVO GALLINAL 2242 EN 2244,2
2026-06-21,C_105,23,S,50,,S,,62919,Nocturno,2026-06-22 02:27:52,,184135,"POINT (  576129.833955148,   6140724.57637574)",DR GUSTAVO GALLINAL 2262 ESQ BV GRAL ARTIGAS,2
2026-06-21,C_105,24,S,50,,S,,62919,Nocturno,2026-06-22 02:30:10,,181412,"POINT (  576230.010522658,   6140655.04876540)",QUIJOTE 2863,2
2026-06-21,C_105,25,S,100,,S,,62919,Nocturno,2026-06-22 02:35:18,,134346,"POINT (  576235.000939917,   6140586.04288925)",QUIJOTE 2829,2
2026-06-21,C_105,26,S,100,,S,,62919,Nocturno,2026-06-22 02:35:24,,183752,"POINT (  576236.061302362,   6140554.88188399)",QUIJOTE 2811,2
2026-06-21,C_105,27,S,50,,S,,62919,Nocturno,2026-06-22 02:35:28,,134347,"POINT (  576241.540169917,   6140503.61417425)",QUIJOTE 2789 VEREDA. EN 2793,2
2026-06-21,C_105,28,S,50,,S,,62919,Nocturno,2026-06-22 02:36:47,,134345,"POINT (  576250.832759917,   6140388.31722425)",QUIJOTE 2725 MURETE PIEDRA,2
2026-06-21,C_105,29,S,25,,S,,62919,Nocturno,2026-06-22 02:36:59,,183755,"POINT (  576251.177671916,   6140384.59610315)",QUIJOTE 2725,2
2026-06-21,C_105,30,S,25,,S,,62919,Nocturno,2026-06-22 02:41:02,,183754,"POINT (  576257.168701575,   6140277.37463360)",QUIJOTE 2675,2
2026-06-21,C_105,31,N,,Contenedor No Está,N,,62919,Nocturno,2026-06-22 02:41:15,,134344,"POINT (  576262.534539917,   6140241.01246425)",QUIJOTE 2669,2
2026-06-21,C_105,32,S,50,,S,,62919,Nocturno,2026-06-22 02:41:07,,135632,"POINT (  576264.182977297,   6140220.33349089)",QUIJOTE 2665,2
2026-06-21,C_105,33,S,50,,S,,62919,Nocturno,2026-06-22 02:43:31,,183753,"POINT (  576322.806709187,   6140156.65353754)",COLORADO 2411,2
2026-06-21,C_105,34,S,50,,S,,62919,Nocturno,2026-06-22 02:43:36,,179043,"POINT (  576324.210990196,   6140156.94926166)",COLORADO 2411 FTE 2413. MURO,2
2026-06-21,C_105,35,S,50,,S,Requiere Limpieza,62919,Nocturno,2026-06-22 02:52:06,,134276,"POINT (  576417.735497889,   6140040.81771065)",INGAVI 2648 VIVIENDAS. ARBOL/ARBOL,2
2026-06-21,C_105,36,S,50,,S,Requiere Limpieza,62919,Nocturno,2026-06-22 02:52:12,,168952,"POINT (  576422.164163400,   6139954.40454869)",INGAVI 2601,2
2026-06-21,C_105,37,S,75,,S,Requiere Limpieza,62919,Nocturno,2026-06-22 02:52:19,,134277,"POINT (  576422.626042701,   6139950.40159475)",INGAVI 2601,2
2026-06-21,C_105,38,S,75,,S,Requiere Limpieza,62919,Nocturno,2026-06-22 02:52:26,,134282,"POINT (  576501.974597889,   6139941.80533565)",CHIRIGUANOS 2774 VIVIENDAS,2
2026-06-21,C_105,39,S,50,,S,,62919,Nocturno,2026-06-22 02:55:08,,134281,"POINT (  576568.887821197,   6140025.53396097)",CADIZ 2824,2
2026-06-21,C_105,40,S,50,,S,,62919,Nocturno,2026-06-22 02:57:21,,134274,"POINT (  576467.713172889,   6140097.39621065)",CHIAVARI 2829 VEREDA,2
2026-06-21,C_105,41,N,,Contenedor No Está,N,,62919,Nocturno,2026-06-22 02:57:27,,134399,"POINT (  576147.753844917,   6140341.85427425)",BV GRAL ARTIGAS 2758 VEREDA,2
2026-06-21,C_105,42,S,50,,S,Requiere Limpieza,62919,Nocturno,2026-06-22 03:03:49,,183806,"POINT (  576136.639166667,   6141071.51551667)",BV EMILIO MIRA Y LOPEZ Esq. AV JOSE PEDRO VARELA,2
2026-06-21,C_105,43,S,50,,S,Requiere Limpieza,62919,Nocturno,2026-06-22 03:03:55,,134387,"POINT (  576139.340071717,   6141072.11396604)",BV EMILIO MIRA Y LOPEZ Esq. AV JOSE PEDRO VARELA,2
2026-06-21,C_105,44,S,75,,S,Requiere Limpieza,62919,Nocturno,2026-06-22 03:06:22,,134388,"POINT (  576205.465791574,   6140944.63527912)",QUIJOTE 2983 EN 2981,2
2026-06-21,C_105,45,S,50,,S,,62919,Nocturno,2026-06-22 03:10:11,,180726,"POINT (  576212.005235076,   6140841.35936101)",QUIJOTE 2941,2
2026-06-21,C_105,46,S,50,,S,Basura Afuera,62919,Nocturno,2026-06-22 03:10:16,,183756,"POINT (  576215.054636746,   6140811.40586719)",QUIJOTE 2927,2
2026-06-21,C_105,47,S,25,,S,,62919,Nocturno,2026-06-22 03:10:21,,183804,"POINT (  576217.654233333,   6140766.85759167)",QUIJOTE 2903,2
2026-06-21,C_105,48,S,50,,S,,62919,Nocturno,2026-06-22 03:10:27,,183805,"POINT (  576217.784441667,   6140764.38363333)",QUIJOTE 2903,2
2026-06-21,C_105,49,,,,S,,62919,Nocturno,,,180731,"POINT (  576273.163887800,   6140728.28797604)",DR GUSTAVO GALLINAL 2332,2
2026-06-21,C_105,50,,,,S,,62919,Nocturno,,,134323,"POINT (  576365.891868620,   6140800.83685689)",GALATEA 3040 EN 3042,2
2026-06-21,C_105,51,,,,S,,62919,Nocturno,,,134328,"POINT (  576419.706471761,   6140873.81614823)",GALATEA 3096 PDO 3096,2
2026-06-21,C_105,52,,,,S,,62919,Nocturno,,,134324,"POINT (  576429.246312674,   6140777.51195221)",DULCINEA 3055 EN 3059,2
2026-06-21,C_105,53,,,,S,,62919,Nocturno,,,134322,"POINT (  576355.622271761,   6140677.02118156)",DULCINEA 2997,2
2026-06-21,C_105,54,,,,S,,62919,Nocturno,,,180727,"POINT (  576283.994757734,   6140584.46204488)",DULCINEA 2949 FTE 2946,2
2026-06-21,C_105,55,,,,S,,62919,Nocturno,,,134357,"POINT (  576433.003050980,   6140582.33141722)",FRANCISCO RODRIGO 2976 MURO,2
2026-06-21,C_105,56,,,,S,,62919,Nocturno,,,134358,"POINT (  576486.214992646,   6140655.11723388)",FRANCISCO RODRIGO 3023 FTE 3023,2
2026-06-21,C_105,57,,,,S,,62919,Nocturno,,,134330,"POINT (  576572.124525683,   6140771.36631546)",FRANCISCO RODRIGO 3085,2
2026-06-21,C_105,58,,,,S,,62919,Nocturno,,,134368,"POINT (  576656.490928529,   6140720.16193906)",JUAN ARRIETA 3092 MURO,2
2026-06-21,C_105,59,,,,S,,62919,Nocturno,,,134367,"POINT (  576655.259250394,   6140718.31442186)",JUAN ARRIETA 3092 MURO,2
2026-06-21,C_105,60,,,,S,,62919,Nocturno,,,134366,"POINT (  576566.830359313,   6140599.00545889)",JUAN ARRIETA 3010 FTE 3010,2
2026-06-21,C_105,61,,,,S,,62919,Nocturno,,,183839,"POINT (  576562.834852381,   6140591.64831429)",JUAN ARRIETA 3010,2
2026-06-21,C_105,62,,,,S,,62919,Nocturno,,,134374,"POINT (  576434.162984313,   6140412.40118389)",JUAN ARRIETA 2921 EN 2925. COLUMNA/ARBOL,2
2026-06-21,C_105,63,,,,S,,62919,Nocturno,,,180730,"POINT (  576437.226722440,   6140346.76375381)",JUAN CABAL 2231 FTE 2231,2
2026-06-21,C_105,64,,,,S,,62919,Nocturno,,,181946,"POINT (  576517.248688671,   6140288.50939608)",JUAN CABAL 2258 EN 2258/2260,2
2026-06-21,C_105,65,,,,S,,62919,Nocturno,,,134394,"POINT (  576563.396520061,   6140223.87416863)",CHIAVARI 2889,2
2026-06-21,C_105,66,,,,S,,62919,Nocturno,,,134391,"POINT (  576489.858863394,   6140179.50735363)",MARIANO MORENO 2251 EN 2275,2
2026-06-21,C_105,67,,,,S,,62919,Nocturno,,,134392,"POINT (  576401.260911728,   6140241.64803030)",MARIANO MORENO 2237 EN 2239/2241,2
2026-06-21,C_105,68,,,,S,,62919,Nocturno,,,134317,"POINT (  576325.323470058,   6140295.27147254)",MARIANO MORENO 2187 EN 2189,2
2026-06-21,C_105,69,,,,S,,62919,Nocturno,,,134359,"POINT (  576290.911217646,   6140392.53732555)",FRANCISCO RODRIGO 2870,2
2026-06-21,C_105,70,,,,S,,62919,Nocturno,,,134369,"POINT (  576331.508884313,   6140447.63415888)",FRANCISCO RODRIGO 2936 EN 2932,2
2026-06-21,C_105,71,,,,S,,62919,Nocturno,,,180733,"POINT (  576566.274320261,   6140390.99353747)",ING EDUARDO CANSTATT 2940,2
2026-06-21,C_105,72,,,,S,,62919,Nocturno,,,134401,"POINT (  576593.049530037,   6140430.00261413)",ING EDUARDO CANSTATT 2966,2
2026-06-21,C_105,73,,,,S,,62919,Nocturno,,,136534,"POINT (  576662.088551608,   6140524.09847229)",ING EDUARDO CANSTATT 3014,2
2026-06-21,C_105,74,,,,S,,62919,Nocturno,,,134373,"POINT (  576703.294697647,   6140582.59888738)",ING EDUARDO CANSTATT 3050,2
2026-06-21,C_105,75,,,,S,,62919,Nocturno,,,134365,"POINT (  576746.711351895,   6140644.02883435)",ING EDUARDO CANSTATT 3084 ARBOL/ARBOL,2
2026-06-21,C_105,76,,,,S,,62919,Nocturno,,,134405,"POINT (  576774.670993257,   6140683.67391056)",ING EDUARDO CANSTATT 3124 FTE 3105 (EN 3124. EDIFICIOS). ARBOL/COLUMNA,2
2026-06-21,C_105,77,,,,S,,62919,Nocturno,,,134406,"POINT (  576777.265585589,   6140687.06683900)",ING EDUARDO CANSTATT 3124 FTE 3105 (EN 3124. EDIFICIOS). ARBOL/COLUMNA,2
2026-06-21,C_105,78,,,,S,,62919,Nocturno,,,183022,"POINT (  576836.039609039,   6140767.17248475)",ING EDUARDO CANSTATT 3156 ANTES 3156,2
2026-06-21,C_105,79,,,,S,,62919,Nocturno,,,134320,"POINT (  576869.872573429,   6140816.79645559)",ING EDUARDO CANSTATT 3194 EN 3190/3194,2
2026-06-21,C_105,80,,,,S,,62919,Nocturno,,,135732,"POINT (  576837.345499945,   6140873.20095833)",BONAPARTE 3068,2
2026-06-21,C_105,81,,,,S,,62919,Nocturno,,,134318,"POINT (  576775.038392647,   6140913.20240055)",BONAPARTE Esq. JUAN ARRIETA,2
2026-06-21,C_105,82,,,,S,,62919,Nocturno,,,137133,"POINT (  576566.809364345,   6141073.03772465)",SETEMBRINO PEREDA 3206 EN 3206/3204.,2
2026-06-21,C_105,83,,,,S,,62919,Nocturno,,,134348,"POINT (  576580.627668394,   6141143.23055529)",SETEMBRINO PEREDA 3228,2
2026-06-21,C_105,84,,,,S,,62919,Nocturno,,,181633,"POINT (  576631.342432530,   6141084.97094940)",IGNACIO MANUEL ALTAMIRANO 3219,2
2026-06-21,C_105,85,,,,S,,62919,Nocturno,,,181632,"POINT (  576630.137613253,   6141082.56131084)",IGNACIO MANUEL ALTAMIRANO 3219,2
2026-06-21,C_105,86,,,,S,,62919,Nocturno,,,181330,"POINT (  576605.969335948,   6141031.42487103)",IGNACIO MANUEL ALTAMIRANO 3201,2
2026-06-21,C_105,87,,,,S,,62919,Nocturno,,,134313,"POINT (  576565.181680174,   6140943.20069630)",IGNACIO MANUEL ALTAMIRANO 3159 MURO,2
2026-06-21,C_105,88,,,,S,,62919,Nocturno,,,134350,"POINT (  576526.763370060,   6140960.74319696)",SETEMBRINO PEREDA 3162 MURO,2
2026-06-21,C_105,89,,,,S,,62919,Nocturno,,,145032,"POINT (  576412.849739326,   6141105.29323554)",SANCHO PANZA 3187,2
2026-06-21,C_105,90,,,,S,,62919,Nocturno,,,134408,"POINT (  576374.160038428,   6141005.05371490)",SANCHO PANZA 3115 FTE 3114. SALIDA EDIFICO,2
2026-06-21,C_105,91,,,,S,,62919,Nocturno,,,183023,"POINT (  576372.514610170,   6141000.27773672)",SANCHO PANZA 3107,2
2026-06-21,C_105,92,,,,S,,62919,Nocturno,,,137134,"POINT (  576325.246490174,   6140995.28804238)",AV DR LUIS ALBERTO DE HERRERA 3264,2
2026-06-21,C_105,93,,,,S,,62919,Nocturno,,,134327,"POINT (  576229.483515201,   6141066.18651501)",AV DR LUIS ALBERTO DE HERRERA 3298 VEREDA,2
2026-06-21,C_105,94,,,,S,,62919,Nocturno,,,134307,"POINT (  576290.004678394,   6141152.32100362)",AV JOSE PEDRO VARELA 3178,2
2026-06-21,C_105,95,,,,S,,62919,Nocturno,,,134306,"POINT (  576369.512181727,   6141185.83355196)",AV JOSE PEDRO VARELA 3210 MURO CALADO,2
2026-06-21,C_105,96,,,,S,,62919,Nocturno,,,137154,"POINT (  576440.947254954,   6141216.60520723)",AV JOSE PEDRO VARELA Esq. SANCHO PANZA,2
2026-06-21,C_105,97,,,,S,,62919,Nocturno,,,134305,"POINT (  576566.347485043,   6141229.30688800)",BV JOSE BATLLE Y ORDOÑEZ 3609 EN 3609/3611,2
2026-06-21,C_105,98,,,,S,,62919,Nocturno,,,134349,"POINT (  576804.225561728,   6141002.66780196)",BV JOSE BATLLE Y ORDOÑEZ Esq. JUAN ARRIETA,2
2026-06-21,C_105,99,,,,S,,62919,Nocturno,,,134336,"POINT (  576738.705444020,   6140889.51768258)",JUAN ARRIETA 3179,2
2026-06-21,C_105,100,,,,S,,62919,Nocturno,,,134334,"POINT (  576693.105006728,   6140817.73823363)",JUAN ARRIETA 3147,2
2026-06-21,C_105,101,,,,S,,62919,Nocturno,,,177277,"POINT (  576583.206079513,   6140815.61699450)",FRANCISCO RODRIGO 3106 ESQ.,2
2026-06-21,C_105,102,,,,S,,62919,Nocturno,,,181989,"POINT (  576583.892713652,   6140816.65380080)",FRANCISCO RODRIGO 3106 ESQ,2
2026-06-21,C_105,103,,,,S,,62919,Nocturno,,,134338,"POINT (  576652.265828395,   6140925.87386529)",FRANCISCO RODRIGO 3172 EN 3170/3172,2
2026-06-21,C_105,104,,,,S,,62919,Nocturno,,,134337,"POINT (  576687.949230061,   6140982.18037363)",FRANCISCO RODRIGO 3202 FTE 3203. ARBOL/ARBOL,2
2026-06-21,C_105,105,,,,S,,62919,Nocturno,,,134332,"POINT (  576730.959261728,   6141049.47682696)",FRANCISCO RODRIGO 3246 CERCO VEGETAL. ARBOL/REBAJE,2
2026-06-21,C_105,106,,,,S,,62919,Nocturno,,,176841,"POINT (  576992.585099536,   6140822.54518400)",BV JOSE BATLLE Y ORDOÑEZ 3363 PROV OV (O: BV JOSE BATTLE Y ORDOÑEZ 3373),2
2026-06-21,C_105,107,,,,S,,62919,Nocturno,,,134353,"POINT (  577006.114921728,   6140775.54227196)",CHIAVARI 3241 ANTES ARBOL,2
2026-06-21,C_105,108,,,,S,,62919,Nocturno,,,181252,"POINT (  576938.801394118,   6140707.70921177)","CHIAVARI 3153 VEREDA. EN 3155. PROV OP. (REBAJE, O:CHIAVARI 3165, FECHA ALTA: 25/09/2020)",2
2026-06-21,C_105,109,,,,S,,62919,Nocturno,,,181705,"POINT (  576849.859191526,   6140619.48594237)",CHIAVARI 3121,2
2026-06-21,C_105,110,,,,S,,62919,Nocturno,,,181706,"POINT (  576846.568231074,   6140616.12436045)",CHIAVARI 3121,2
2026-06-21,C_105,111,,,,S,,62919,Nocturno,,,134315,"POINT (  576788.351196728,   6140539.32629363)",CHIAVARI 3055 EN 3057,2
2026-06-21,C_105,112,,,,S,,62919,Nocturno,,,134316,"POINT (  576738.964283394,   6140470.67305696)",CHIAVARI 3009 MURO C/ REJAS,2
2026-06-21,C_105,113,,,,S,,62919,Nocturno,,,134393,"POINT (  576681.436670061,   6140392.38665863)",CHIAVARI 2973 FTE 2978. MURO,2
2026-06-21,C_105,114,,,,S,,62919,Nocturno,,,134395,"POINT (  576639.783421728,   6140332.55251363)",CHIAVARI 2949,2
