dia_viaje,circuito,posicion,levantado,porcentaje_llenado,motivo_no_levante,contenedor_activo,condiciones_contenedor,id_viaje,turno,fecha_pasaje,numero_caja,contenedor_gid,the_geom,ubicacion,prioridad
2026-05-24,B_07,1,S,75,,S,Basura Afuera,57906,Matutino,2026-05-24 02:52:57,,178166,"POINT (  575423.643166976,   6136881.99273395)",EDUARDO ACEVEDO 1194 FTE 1194 FTE 1194,0
2026-05-24,B_07,2,S,75,,S,Basura Afuera,57906,Matutino,2026-05-24 02:53:08,,178167,"POINT (  575429.983405520,   6136825.05613633)",EDUARDO ACEVEDO 1160 FTE 1160 FTE 1160,0
2026-05-24,B_07,3,S,75,,S,,57906,Matutino,2026-05-24 02:53:14,,178168,"POINT (  575430.234504076,   6136823.42399572)",EDUARDO ACEVEDO 1160 FTE 1160 FTE 1160,0
2026-05-24,B_07,4,S,75,,S,Basura Afuera,57906,Matutino,2026-05-24 02:56:27,,178169,"POINT (  575454.794423518,   6136671.21007303)",EDUARDO ACEVEDO 1104 ,0
2026-05-24,B_07,5,S,50,,S,,57906,Matutino,2026-05-24 02:56:34,,178496,"POINT (  575412.532055864,   6136662.21872264)",DURAZNO 1867 FTE 1878 FTE 1878,0
2026-05-24,B_07,6,S,75,,S,Basura Afuera,57906,Matutino,2026-05-24 02:59:51,,183066,"POINT (  575475.625266291,   6136467.71620508)","EDUARDO ACEVEDO 985 EN 979 FTE, MURO FACULTAD EN 979 FTE, MURO FACULTAD",0
2026-05-24,B_07,7,S,75,,S,,57906,Matutino,2026-05-24 03:00:02,,178171,"POINT (  575476.064864442,   6136440.28685505)",EDUARDO ACEVEDO 963 FTE 963 FTE 963,0
2026-05-24,B_07,8,S,50,,S,,57906,Matutino,2026-05-24 03:00:53,,178172,"POINT (  575475.846166669,   6136437.76851707)",EDUARDO ACEVEDO 963 FTE 963 FTE 963,0
2026-05-24,B_07,9,S,75,,S,,57906,Matutino,2026-05-24 03:02:47,,178173,"POINT (  575480.328666038,   6136378.03793166)",EDUARDO ACEVEDO 935 FTE 935/MURO FTE 935/MURO,0
2026-05-24,B_07,10,S,50,,S,,57906,Matutino,2026-05-24 03:02:54,,178174,"POINT (  575480.705313873,   6136374.77365043)",EDUARDO ACEVEDO 935 FTE 935/MURO FTE 935/MURO,0
2026-05-24,B_07,11,S,75,,S,,57906,Matutino,2026-05-24 03:07:30,,178252,"POINT (  575494.688364676,   6136228.35180490)",EDUARDO ACEVEDO 858 EN 854 EN 854,0
2026-05-24,B_07,12,S,25,,S,,57906,Matutino,2026-05-24 03:07:38,,178253,"POINT (  575495.692758901,   6136223.32983378)",EDUARDO ACEVEDO 852 EN 854 EN 854,0
2026-05-24,B_07,13,S,50,,S,,57906,Matutino,2026-05-24 03:10:56,,178291,"POINT (  575567.556712090,   6136213.92671439)",DR LUIS PIERA 1935 FTE 1937/1939 FTE 1937/1939,0
2026-05-24,B_07,14,S,75,,S,,57906,Matutino,2026-05-24 03:11:00,,178292,"POINT (  575572.883651815,   6136214.56594715)",DR LUIS PIERA 1943 FTE 1937/1939 FTE 1937/1939,0
2026-05-24,B_07,15,S,75,,S,,57906,Matutino,2026-05-24 04:02:33,,178296,"POINT (  575562.361920804,   6136532.90357877)",JUAN D JACKSON 1015 EN 1012 EN 1012,0
2026-05-24,B_07,16,S,50,,S,,57906,Matutino,2026-05-24 04:03:50,,178297,"POINT (  575573.852899069,   6136555.26874764)",JUAN D JACKSON 1028 EN 1022/1028 EN 1022/1028,0
2026-05-24,B_07,17,S,50,,S,,57906,Matutino,2026-05-24 04:05:37,,178298,"POINT (  575570.887508576,   6136584.67714814)",JUAN D JACKSON 1048 EN 1042/1048 EN 1042/1048,0
2026-05-24,B_07,18,S,75,,S,,57906,Matutino,2026-05-24 04:07:00,,178299,"POINT (  575553.887468702,   6136773.83518551)",JUAN D JACKSON 1142 EN 1142/1144 EN 1142/1144,0
2026-05-24,B_07,19,S,50,,S,,57906,Matutino,2026-05-24 04:10:54,,178511,"POINT (  575551.598402935,   6136792.30507722)",JUAN D JACKSON 1146 EN 1146 EN 1146,0
2026-05-24,B_07,20,S,25,,S,,57906,Matutino,2026-05-24 04:11:01,,178301,"POINT (  575551.752459230,   6136792.98442479)",JUAN D JACKSON 1146 EN 1146 EN 1146,0
2026-05-24,B_07,21,S,75,,S,,57906,Matutino,2026-05-24 04:16:51,,178305,"POINT (  575531.067174975,   6136868.18145139)",JUAN D JACKSON 1187 ,0
2026-05-24,B_07,22,S,50,,S,,57906,Matutino,2026-05-24 04:16:59,,178306,"POINT (  575531.067174975,   6136872.65608076)",JUAN D JACKSON 1187 ,0
2026-05-24,B_07,23,S,75,,S,,57906,Matutino,2026-05-24 04:17:04,,179081,"POINT (  575524.432427505,   6136966.79340039)",JUAN D JACKSON 1203 FTE 1230. EDIFICIO CORDON DESIGN FTE 1230. EDIFICIO CORDON DESIGN,0
2026-05-24,B_07,24,S,100,,S,,57906,Matutino,2026-05-24 04:17:08,,179082,"POINT (  575524.137732024,   6136970.62444165)",JUAN D JACKSON 1203 FTE 1230. EDIFICIO CORDON DESIGN FTE 1230. EDIFICIO CORDON DESIGN,0
2026-05-24,B_07,25,S,75,,S,,57906,Matutino,2026-05-24 04:22:54,,178309,"POINT (  575525.207541278,   6137096.70716558)",JUAN D JACKSON 1278 ,0
2026-05-24,B_07,26,S,50,,S,,57906,Matutino,2026-05-24 04:22:58,,178310,"POINT (  575524.994463689,   6137099.69025183)",JUAN D JACKSON 1282 ,0
2026-05-24,B_07,27,S,75,,S,Basura Afuera,57906,Matutino,2026-05-24 02:47:39,,179010,"POINT (  575402.119059024,   6137084.76125869)",EDUARDO ACEVEDO 1265 CASA TAPIADA CASA TAPIADA,0
2026-05-24,B_07,28,S,50,,S,,57906,Matutino,2026-05-24 02:47:44,,178312,"POINT (  575422.133203410,   6137035.48028058)",EDUARDO ACEVEDO 1250 ALMACEN ALMACEN,0
2026-05-24,B_07,29,S,75,,S,Basura Afuera,57906,Matutino,2026-05-24 02:47:49,,178313,"POINT (  575422.007616738,   6137034.02489164)",EDUARDO ACEVEDO 1250 ALMACEN ALMACEN,0
2026-05-24,B_07,30,S,50,,S,,57906,Matutino,2026-05-24 07:27:45,,183847,"POINT (  575524.680947771,   6136960.56037197)",JUAN D JACKSON 1203 JJackson 1209 JJackson 1209,0
2026-05-24,B_07,31,S,75,,S,,57906,Matutino,2026-05-24 07:27:52,,183846,"POINT (  575524.426170701,   6136963.74508535)",JUAN D JACKSON 1203 Jakson 1209 Jakson 1209,0
2026-05-24,B_07,32,S,75,,S,,57906,Matutino,2026-05-24 04:30:54,,178314,"POINT (  575516.258282540,   6137049.29740203)",JUAN D JACKSON 1251 EN 1253 EN 1253,0
2026-05-24,B_07,33,S,50,,S,,57906,Matutino,2026-05-24 04:30:57,,178315,"POINT (  575515.938666157,   6137052.06741069)",JUAN D JACKSON 1251 EN 1253 EN 1253,0
2026-05-24,B_07,34,S,75,,S,,57906,Matutino,2026-05-24 04:31:09,,178316,"POINT (  575631.831467555,   6137117.00809153)",JUAN MANUEL BLANES 1284 ,0
2026-05-24,B_07,35,S,50,,S,,57906,Matutino,2026-05-24 04:31:15,,178317,"POINT (  575623.862464981,   6137056.64857885)",JUAN MANUEL BLANES 1253 ,0
2026-05-24,B_07,36,S,75,,S,,57906,Matutino,2026-05-24 04:32:50,,178318,"POINT (  575624.182081365,   6137054.09164779)",JUAN MANUEL BLANES 1253 ,0
2026-05-24,B_07,37,S,75,,S,,57906,Matutino,2026-05-24 04:34:35,,178319,"POINT (  575646.981383387,   6136939.45590491)",JUAN MANUEL BLANES 1208 EN 1208B EN 1208B,0
2026-05-24,B_07,38,S,50,,S,,57906,Matutino,2026-05-24 04:35:02,,178321,"POINT (  575634.196728047,   6136932.74396085)",JUAN MANUEL BLANES 1205 EN 1208B EN 1208B,0
2026-05-24,B_07,39,S,75,,S,,57906,Matutino,2026-05-24 04:41:45,,178322,"POINT (  575643.891758346,   6136832.49095523)",JUAN MANUEL BLANES Esq. BV ESPA?A ,0
2026-05-24,B_07,40,S,50,,S,,57906,Matutino,2026-05-24 04:41:48,,182180,"POINT (  575644.890912287,   6136828.51135358)",JUAN MANUEL BLANES Esq. MALDONADO ,0
2026-05-24,B_07,41,S,75,,S,,57906,Matutino,2026-05-24 04:52:44,,182181,"POINT (  575667.416509556,   6136698.36345825)",JUAN MANUEL BLANES 1116 ,0
2026-05-24,B_07,42,S,50,,S,,57906,Matutino,2026-05-24 04:52:48,,178327,"POINT (  575667.809717711,   6136693.24475082)",JUAN MANUEL BLANES 1116 FTE 1101. MURO FTE 1101. MURO,0
2026-05-24,B_07,43,S,75,,S,,57906,Matutino,2026-05-24 04:52:54,,178328,"POINT (  575668.235872889,   6136689.72897061)",JUAN MANUEL BLANES 1101 FTE 1101. MURO FTE 1101. MURO,0
2026-05-24,B_07,44,S,50,,S,,57906,Matutino,2026-05-24 04:53:00,,178329,"POINT (  575669.727416012,   6136662.34850042)",JUAN MANUEL BLANES 1096 ,0
2026-05-24,B_07,45,S,50,,S,,57906,Matutino,2026-05-24 04:53:04,,178330,"POINT (  575670.153571190,   6136658.51310382)",JUAN MANUEL BLANES 1096 ,0
2026-05-24,B_07,46,S,75,,S,,57906,Matutino,2026-05-24 04:53:09,,178331,"POINT (  575681.365425156,   6136543.03818505)",JUAN MANUEL BLANES 1008 ,0
2026-05-24,B_07,47,S,50,,S,,57906,Matutino,2026-05-24 04:53:13,,178332,"POINT (  575688.563344829,   6136448.50351171)",JUAN MANUEL BLANES 966 FERRETERIA FERRETERIA,0
2026-05-24,B_07,48,S,75,,S,Basura Afuera,57906,Matutino,2026-05-24 03:25:52,,179796,"POINT (  575680.371709859,   6136382.44879859)",JUAN MANUEL BLANES 925 CASA TAPIADA CASA TAPIADA,0
2026-05-24,B_07,49,S,75,,S,Basura Afuera,57906,Matutino,2026-05-24 03:17:47,,178949,"POINT (  575587.734232462,   6136366.23216384)",JUAN D JACKSON 926 ,0
2026-05-24,B_07,50,S,75,,S,Basura Afuera,57906,Matutino,2026-05-24 03:19:38,,178516,"POINT (  575616.158477061,   6136501.81965703)",SAN SALVADOR 1968 EN 1972. FERRETERIA EN 1972. FERRETERIA,0
2026-05-24,B_07,51,S,50,,S,,57906,Matutino,2026-05-24 02:00:00,,183789,"POINT (  575690.671753383,   6136439.17598120)",AV GONZALO RAMIREZ 2001 ,0
2026-05-24,B_07,52,S,75,,S,,57906,Matutino,2026-05-24 04:53:35,,178335,"POINT (  575794.439531506,   6136304.33925534)",DR PABLO DE MARIA 855 ,0
2026-05-24,B_07,53,S,75,,S,Basura Afuera,57906,Matutino,2026-05-24 03:16:14,,178338,"POINT (  575598.825848275,   6136259.04589386)",JUAN D JACKSON 858 EN 872/868 EN 872/868,0
2026-05-24,B_07,54,S,50,,S,,57906,Matutino,2026-05-24 03:16:19,,178339,"POINT (  575598.399693097,   6136261.70936372)",JUAN D JACKSON 858 EN 868/872 EN 868/872,0
2026-05-24,B_07,55,S,75,,S,,57906,Matutino,2026-05-24 03:16:24,,178340,"POINT (  575595.310068057,   6136295.53543097)",JUAN D JACKSON 888 ,0
2026-05-24,B_07,56,S,25,,S,,57906,Matutino,2026-05-24 03:16:32,,178341,"POINT (  575594.990451673,   6136297.02697409)",JUAN D JACKSON 888 ,0
2026-05-24,B_07,57,S,50,,S,,57906,Matutino,2026-05-24 03:33:35,,178365,"POINT (  575838.911021672,   6136335.48747890)",DR LAURO MULLER 2069 ,0
2026-05-24,B_07,58,S,75,,S,,57906,Matutino,2026-05-24 03:33:43,,178366,"POINT (  575842.533340685,   6136336.12671167)",DR LAURO MULLER 2069 ,0
2026-05-24,B_07,59,S,25,,S,,57906,Matutino,2026-05-24 03:33:47,,178367,"POINT (  575845.303349342,   6136336.02017288)",DR LAURO MULLER 2089 ,0
2026-05-24,B_07,60,S,75,,S,Basura Afuera,57906,Matutino,2026-05-24 03:35:59,,178368,"POINT (  575887.173095579,   6136387.15879423)",DR JOAQUIN DE SALTERAIN 925 SUBESTACION SUBESTACION,0
2026-05-24,B_07,61,S,25,,S,,57906,Matutino,2026-05-24 03:36:11,,178369,"POINT (  575888.345022319,   6136395.14920382)",DR JOAQUIN DE SALTERAIN 925 SUBESTACION SUBESTACION,0
2026-05-24,B_07,62,S,25,,S,,57906,Matutino,2026-05-24 03:38:54,,178370,"POINT (  575884.829242100,   6136619.46663563)",DR JOAQUIN DE SALTERAIN 1054 ,0
2026-05-24,B_07,63,S,25,,S,,57906,Matutino,2026-05-24 03:38:57,,178371,"POINT (  575884.616164512,   6136622.87587705)",DR JOAQUIN DE SALTERAIN 1054 EN 1044 EN 1044,0
2026-05-24,B_07,64,S,75,,S,,57906,Matutino,2026-05-24 06:48:14,,178372,"POINT (  575875.666905774,   6136729.09505517)",DR JOAQUIN DE SALTERAIN 1116 ,0
2026-05-24,B_07,65,S,50,,S,,57906,Matutino,2026-05-24 06:48:18,,178373,"POINT (  575875.421862356,   6136732.20326430)",DR JOAQUIN DE SALTERAIN 1116 ,0
2026-05-24,B_07,66,S,50,,S,,57906,Matutino,2026-05-24 06:31:04,,178374,"POINT (  576076.625706894,   6136595.52204156)",JUAN PAULLIER 1011 EN 1013 EN 1013,0
2026-05-24,B_07,67,S,50,,S,,57906,Matutino,2026-05-24 06:31:50,,178375,"POINT (  576076.708861873,   6136592.82690647)",JUAN PAULLIER 1011 EN 1013 EN 1013,0
2026-05-24,B_07,68,S,75,,S,,57906,Matutino,2026-05-24 06:31:55,,178376,"POINT (  576096.761539054,   6136526.96432731)",JUAN PAULLIER 990 ,0
2026-05-24,B_07,69,S,75,,S,,57906,Matutino,2026-05-24 06:34:57,,178377,"POINT (  576085.988020641,   6136487.56295290)",JUAN PAULLIER 951 EN 961 EN 961,0
2026-05-24,B_07,70,S,75,,S,,57906,Matutino,2026-05-24 06:35:09,,178378,"POINT (  576086.220536671,   6136484.23022313)",JUAN PAULLIER 951 EN 961 EN 961,0
2026-05-24,B_07,71,S,75,,S,,57906,Matutino,2026-05-24 05:38:07,,178518,"POINT (  575949.497072004,   6136527.52002668)",SAN SALVADOR 2122 EN 2126 EN 2126,0
2026-05-24,B_07,72,S,75,,S,,57906,Matutino,2026-05-24 03:46:53,,178379,"POINT (  576131.610577004,   6136604.78866027)",21 DE SETIEMBRE 2276 EN 2276/2280. MURO EN 2276/2280. MURO,0
2026-05-24,B_07,73,S,50,,S,,57906,Matutino,2026-05-24 03:46:59,,178380,"POINT (  576132.401781047,   6136603.57708559)",21 DE SETIEMBRE 2276 EN 2276/2280. MURO EN 2276/2280. MURO,0
2026-05-24,B_07,74,S,75,,S,Basura Afuera,57906,Matutino,2026-05-24 03:47:08,,178381,"POINT (  576133.626829007,   6136601.15553931)",21 DE SETIEMBRE 2280 EN 2276/2280. MURO EN 2276/2280. MURO,0
2026-05-24,B_07,75,S,50,,S,,57906,Matutino,2026-05-24 07:04:46,,178382,"POINT (  576459.156572294,   6136581.60079904)",BV GRAL ARTIGAS 996 ,0
2026-05-24,B_07,76,S,25,,S,,57906,Matutino,2026-05-24 07:04:50,,178383,"POINT (  576459.418013945,   6136582.15977913)",BV GRAL ARTIGAS 996 ,0
2026-05-24,B_07,77,S,50,,S,,57906,Matutino,2026-05-24 07:05:36,,178384,"POINT (  576437.259526265,   6136793.20477475)",BV GRAL ARTIGAS 1118 ,0
2026-05-24,B_07,78,S,25,,S,,57906,Matutino,2026-05-24 07:07:50,,178385,"POINT (  576437.174923180,   6136794.28810667)",BV GRAL ARTIGAS 1118 ,0
2026-05-24,B_07,79,S,50,,S,,57906,Matutino,2026-05-24 07:07:57,,178386,"POINT (  576435.448366758,   6136820.69178373)",BV GRAL ARTIGAS 1132 ,0
2026-05-24,B_07,80,S,75,,S,,57906,Matutino,2026-05-24 07:08:02,,178387,"POINT (  576407.641741395,   6136723.42186436)",BV GRAL ARTIGAS 1097 ,0
2026-05-24,B_07,81,S,50,,S,,57906,Matutino,2026-05-24 07:08:09,,178388,"POINT (  576407.854818984,   6136718.73415740)",BV GRAL ARTIGAS 1093 ,0
2026-05-24,B_07,82,S,25,,S,,57906,Matutino,2026-05-24 07:02:36,,178392,"POINT (  576435.093656003,   6136405.30848312)",BV GRAL ARTIGAS 917 EN 931 EN 931,0
2026-05-24,B_07,83,S,25,,S,,57906,Matutino,2026-05-24 07:02:46,,178393,"POINT (  576435.217878811,   6136401.43230510)",BV GRAL ARTIGAS 917 EN 931 EN 931,0
2026-05-24,B_07,84,S,75,,S,,57906,Matutino,2026-05-24 07:08:25,,178394,"POINT (  576343.611925902,   6136391.97967468)",21 DE SETIEMBRE Esq. PSJE 18 EN 2357/2363 EN 2357/2363,0
2026-05-24,B_07,85,S,25,,S,,57906,Matutino,2026-05-24 07:08:31,,178395,"POINT (  576341.873554948,   6136393.82797572)",21 DE SETIEMBRE Esq. PSJE 18 EN 2357/2363 EN 2357/2363,0
2026-05-24,B_07,86,S,50,,S,,57906,Matutino,2026-05-24 02:00:00,,183844,"POINT (  576325.577388535,   6136404.94606369)",21 DE SETIEMBRE 2357 ,0
2026-05-24,B_07,87,S,50,,S,Basura Afuera,57906,Matutino,2026-05-24 04:00:08,,178396,"POINT (  576253.554573015,   6136515.15485513)",JAVIER DE VIANA 1035 ,0
2026-05-24,B_07,88,S,25,,S,,57906,Matutino,2026-05-24 03:56:05,,178405,"POINT (  576337.260343860,   6136510.34952384)",JAVIER DE VIANA 1005 ,0
2026-05-24,B_07,89,S,50,,S,,57906,Matutino,2026-05-24 03:59:52,,178406,"POINT (  576340.360557594,   6136508.48939560)",JAVIER DE VIANA 1005 ,0
2026-05-24,B_07,90,S,75,,S,,57906,Matutino,2026-05-24 03:59:56,,178455,"POINT (  576397.869522378,   6136432.68916978)",JAVIER DE VIANA 971 EN 971 EN 971,0
2026-05-24,B_07,91,S,25,,S,,57906,Matutino,2026-05-24 04:00:03,,178456,"POINT (  576303.553339172,   6136459.41873160)",PSJE 15 Esq. GURI EN 978 EN 978,0
2026-05-24,B_07,92,S,75,,S,,57906,Matutino,2026-05-24 06:38:25,,178467,"POINT (  576315.574743624,   6136586.42464250)",DR MARIO CASSINONI 1001 MURO MURO,0
2026-05-24,B_07,93,S,75,,S,,57906,Matutino,2026-05-24 06:17:54,,178468,"POINT (  576318.387889836,   6136716.86101421)",DR MARIO CASSINONI 1046 ,0
2026-05-24,B_07,94,S,75,,S,,57906,Matutino,2026-05-24 06:19:19,,178469,"POINT (  576305.696308861,   6136849.36049270)",DR MARIO CASSINONI 1094 FTE 1095 FTE 1095,0
2026-05-24,B_07,95,S,75,,S,,57906,Matutino,2026-05-24 06:41:18,,178470,"POINT (  576284.688912950,   6136942.42485509)",DR MARIO CASSINONI 1139 ,0
2026-05-24,B_07,96,S,75,,S,,57906,Matutino,2026-05-24 06:45:41,,178471,"POINT (  576274.842450631,   6137063.93666727)",DR MARIO CASSINONI 1191 MURO MURO,0
2026-05-24,B_07,97,S,50,,S,,57906,Matutino,2026-05-24 06:51:22,,178472,"POINT (  576356.849371118,   6137209.21213256)",GUANA 2344 ,0
2026-05-24,B_07,98,S,25,,S,,57906,Matutino,2026-05-24 06:51:34,,178475,"POINT (  576359.459571584,   6137209.53174894)",GUANA 2344 ,0
2026-05-24,B_07,99,S,75,,S,,57906,Matutino,2026-05-24 06:53:55,,178476,"POINT (  576375.174043772,   6137131.75842896)",BV GRAL ARTIGAS 1259 EN 1259 EN 1259,0
2026-05-24,B_07,100,S,75,,S,,57906,Matutino,2026-05-24 07:00:52,,178941,"POINT (  576392.401058388,   6136888.60377930)",BV GRAL ARTIGAS 1153 EN 1157 EN 1157,0
2026-05-24,B_07,101,S,50,,S,,57906,Matutino,2026-05-24 07:01:08,,178480,"POINT (  576392.564457081,   6136886.91532615)",BV GRAL ARTIGAS 1153 ,0
2026-05-24,B_07,102,S,75,,S,,57906,Matutino,2026-05-24 07:01:19,,178481,"POINT (  576399.729650619,   6136822.69605764)",BV GRAL ARTIGAS 1133 ,0
2026-05-24,B_07,103,S,50,,S,,57906,Matutino,2026-05-24 02:00:00,,178482,"POINT (  576399.884661306,   6136820.13838131)",BV GRAL ARTIGAS 1133 ,0
2026-05-24,B_07,104,S,75,,S,Basura Afuera,57906,Matutino,2026-05-24 07:25:57,,178483,"POINT (  576210.935147075,   6136591.71765425)",ACEVEDO DIAZ 1011 VEREDA VEREDA,0
2026-05-24,B_07,105,S,75,,S,,57906,Matutino,2026-05-24 05:38:50,,178484,"POINT (  575997.440747884,   6136565.13185044)",DR JOAQUIN REQUENA 1004 EN 1006. FTE 1007. MURO EN 1006. FTE 1007. MURO,0
2026-05-24,B_07,106,S,50,,S,,57906,Matutino,2026-05-24 05:38:56,,178488,"POINT (  575997.348204421,   6136567.29767975)",DR JOAQUIN REQUENA 1006 EN 1006. FTE 1007. MURO EN 1006. FTE 1007. MURO,0
2026-05-24,B_07,107,S,50,,S,,57906,Matutino,2026-05-24 05:48:45,,178489,"POINT (  575988.350714403,   6136669.64033038)",DR JOAQUIN REQUENA 1040 ESQ BV ESPA?A ESQ BV ESPAÑA,0
2026-05-24,B_07,108,S,25,,S,,57906,Matutino,2026-05-24 05:48:49,,178490,"POINT (  575988.041823762,   6136677.15321736)",DR JOAQUIN REQUENA 1040 ESQ BV ESPA?A ESQ BV ESPAÑA,0
2026-05-24,B_07,109,S,75,,S,,57906,Matutino,2026-05-24 05:48:56,,178491,"POINT (  575987.426101201,   6136682.21798559)",DR JOAQUIN REQUENA 1040 ESQ BV ESPA?A ESQ BV ESPAÑA,0
2026-05-24,B_07,110,S,50,,S,,57906,Matutino,2026-05-24 05:49:05,,178523,"POINT (  575977.411454519,   6136801.27508844)",DR JOAQUIN REQUENA 1090 EN 1092 EN 1092,0
2026-05-24,B_07,111,S,50,,S,,57906,Matutino,2026-05-24 05:49:11,,178524,"POINT (  575977.248023885,   6136803.97851721)",DR JOAQUIN REQUENA 1090 EN 1092 EN 1092,0
2026-05-24,B_07,112,S,75,,S,,57906,Matutino,2026-05-24 05:53:41,,178525,"POINT (  575958.847069577,   6136861.44287263)",DR JOAQUIN REQUENA 1108 FTE 1108 FTE 1108,0
2026-05-24,B_07,113,S,50,,S,,57906,Matutino,2026-05-24 05:53:48,,178526,"POINT (  575954.159362620,   6136919.93267081)",DR JOAQUIN REQUENA 1142 FTE 1144 FTE 1144,0
2026-05-24,B_07,114,S,75,,S,,57906,Matutino,2026-05-24 05:53:58,,178527,"POINT (  575950.377235415,   6136960.68375970)",DR JOAQUIN REQUENA 1153 ,0
2026-05-24,B_07,115,S,75,,S,,57906,Matutino,2026-05-24 05:56:56,,178528,"POINT (  575955.757444538,   6137051.61462080)",DR JOAQUIN REQUENA 1192 EN 1194 EN 1194,0
2026-05-24,B_07,116,S,50,,S,,57906,Matutino,2026-05-24 05:57:00,,178529,"POINT (  575955.650905743,   6137054.91732343)",DR JOAQUIN REQUENA 1192 EN 1194 EN 1194,0
2026-05-24,B_07,117,S,75,,S,,57906,Matutino,2026-05-24 06:00:22,,178530,"POINT (  575940.587996469,   6137081.29263580)",DR JOAQUIN REQUENA 1203 ,0
2026-05-24,B_07,118,S,75,,S,,57906,Matutino,2026-05-24 06:00:47,,178531,"POINT (  575946.910254154,   6137154.59045885)",DR JOAQUIN REQUENA 1248 ,0
2026-05-24,B_07,119,S,75,,S,,57906,Matutino,2026-05-24 06:05:57,,178532,"POINT (  576040.569889421,   6137045.48516717)",JUAN PAULLIER 1189 EN 1195 EN 1195,0
2026-05-24,B_07,120,S,50,,S,,57906,Matutino,2026-05-24 06:06:02,,178534,"POINT (  576040.647394764,   6137043.70254427)",JUAN PAULLIER 1185 EN 1195 EN 1195,0
2026-05-24,B_07,121,S,75,,S,,57906,Matutino,2026-05-24 06:06:06,,178535,"POINT (  576046.954652627,   6136968.30128351)",JUAN PAULLIER 1155 S/N ESQ CANELONES S/N ESQ CANELONES,0
2026-05-24,B_07,122,S,50,,S,,57906,Matutino,2026-05-24 06:10:18,,178536,"POINT (  576068.458788401,   6136870.56005969)",JUAN PAULLIER 1102 ,0
2026-05-24,B_07,123,S,75,,S,,57906,Matutino,2026-05-24 06:13:34,,178537,"POINT (  576059.206613994,   6136813.60695390)",JUAN PAULLIER 1087 ,0
2026-05-24,B_07,124,S,75,,S,,57906,Matutino,2026-05-24 06:26:12,,178538,"POINT (  576070.073571032,   6136694.49658165)",JUAN PAULLIER 1043 FTE 1046 FTE 1046,0
2026-05-24,B_07,125,S,75,,S,,57906,Matutino,2026-05-24 05:05:49,,178540,"POINT (  575751.282863200,   6136856.94160856)",DR PABLO DE MARIA 1111 EN 1115/1119 EN 1115/1119,0
2026-05-24,B_07,126,S,50,,S,,57906,Matutino,2026-05-24 05:06:00,,178541,"POINT (  575747.554005392,   6136907.12138077)",DR PABLO DE MARIA 1141 FTE 1148 FTE 1148,0
2026-05-24,B_07,127,S,75,,S,,57906,Matutino,2026-05-24 05:10:25,,178542,"POINT (  575746.062462269,   6137085.68040035)",DR PABLO DE MARIA 1214 EN 1216 EN 1216,0
2026-05-24,B_07,128,S,75,,S,,57906,Matutino,2026-05-24 05:11:06,,178543,"POINT (  575745.902654077,   6137087.75790684)",DR PABLO DE MARIA 1214 EN 1216 EN 1216,0
2026-05-24,B_07,129,S,50,,S,,57906,Matutino,2026-05-24 05:11:52,,178544,"POINT (  575745.583037694,   6137089.78214393)",DR PABLO DE MARIA 1214 EN 1216 EN 1216,0
2026-05-24,B_07,130,S,100,,S,,57906,Matutino,2026-05-24 05:15:29,,178575,"POINT (  575728.057405999,   6137145.55520285)",DR PABLO DE MARIA 1247 ,0
2026-05-24,B_07,131,S,75,,S,,57906,Matutino,2026-05-24 05:17:56,,178577,"POINT (  575842.251691198,   6137137.86307779)",DR JOAQUIN DE SALTERAIN 1288 EN 1280/1288 EN 1280/1288,0
2026-05-24,B_07,132,S,75,,S,,57906,Matutino,2026-05-24 05:22:18,,178578,"POINT (  575852.351388977,   6137024.87204573)",DR JOAQUIN DE SALTERAIN 1236 ,0
2026-05-24,B_07,133,S,75,,S,,57906,Matutino,2026-05-24 05:22:25,,178579,"POINT (  575852.547987368,   6137022.28981762)",DR JOAQUIN DE SALTERAIN 1236 ,0
2026-05-24,B_07,134,S,50,,S,,57906,Matutino,2026-05-24 05:22:55,,178580,"POINT (  575859.952433586,   6136919.16026455)",DR JOAQUIN DE SALTERAIN 1191 FTE 1187/1191. IGLESIA FTE 1187/1191. IGLESIA,0
2026-05-24,B_07,135,S,50,,S,,57906,Matutino,2026-05-24 05:23:10,,178582,"POINT (  575860.369966075,   6136916.36126509)",DR JOAQUIN DE SALTERAIN 1191 FTE 1187/1191. IGLESIA FTE 1187/1191. IGLESIA,0
2026-05-24,B_07,136,S,75,,S,,57906,Matutino,2026-05-24 05:28:02,,179068,"POINT (  575873.047072767,   6136774.37761351)",DR JOAQUIN DE SALTERAIN 1124 ,0
2026-05-24,B_07,137,S,75,,S,,57906,Matutino,2026-05-24 05:28:29,,179069,"POINT (  575873.156005229,   6136772.30789673)",DR JOAQUIN DE SALTERAIN 1124 ,0
2026-05-24,B_07,138,S,50,,S,,57906,Matutino,2026-05-24 05:33:56,,178587,"POINT (  575874.654787226,   6136588.51711583)",DR JOAQUIN DE SALTERAIN 1031 EN 1029/1031. PROV OP (O: DR JOAQUIN DE SALTERAIN 1007) EN 1029/1031. PROV OP (O: DR JOAQUIN DE SALTERAIN 1007),0
2026-05-24,B_07,139,S,75,,S,,57906,Matutino,2026-05-24 05:34:01,,179502,"POINT (  575879.513785889,   6136509.41945971)",DR JOAQUIN DE SALTERAIN 985 EN 991 EN 991,0
2026-05-24,B_07,140,S,50,,S,,57906,Matutino,2026-05-24 05:34:05,,178591,"POINT (  575880.514420924,   6136495.10922776)",DR JOAQUIN DE SALTERAIN 977 ,0
2026-05-24,B_07,141,S,75,,S,,57906,Matutino,2026-05-24 05:34:10,,178600,"POINT (  575880.567690321,   6136493.59104993)",DR JOAQUIN DE SALTERAIN 977 ,0
2026-05-24,B_07,142,S,75,,S,,57906,Matutino,2026-05-24 03:20:47,,178601,"POINT (  575781.699689028,   6136454.91746753)",DR PABLO DE MARIA Esq. AV GONZALO RAMIREZ FTE 954 FTE 954,0
2026-05-24,B_07,143,S,75,,S,,57906,Matutino,2026-05-24 03:20:52,,178603,"POINT (  575781.593150234,   6136458.85940293)",DR PABLO DE MARIA 967 FTE 954 FTE 954,0
2026-05-24,B_07,144,S,75,,S,,57906,Matutino,2026-05-24 04:58:37,,178605,"POINT (  575786.559680432,   6136565.56041192)",DR PABLO DE MARIA 1010 ESTACIONAMIENTO ESTACIONAMIENTO,0
2026-05-24,B_07,145,S,25,,S,,57906,Matutino,2026-05-24 04:58:52,,178606,"POINT (  575786.501782012,   6136567.28933736)",DR PABLO DE MARIA 1010 ESTACIONAMIENTO ESTACIONAMIENTO,0
2026-05-24,B_07,146,S,75,,S,,57906,Matutino,2026-05-24 04:59:01,,178607,"POINT (  575778.369312785,   6136667.18158613)",DR PABLO DE MARIA 1048 ,0
2026-05-24,B_07,147,S,25,,S,,57906,Matutino,2026-05-24 04:59:05,,178609,"POINT (  575778.175318182,   6136669.41391783)",DR PABLO DE MARIA 1048 ,0
2026-05-24,B_07,148,S,75,,S,,57906,Matutino,2026-05-24 05:01:07,,178610,"POINT (  575762.895591800,   6136707.46767988)",DR PABLO DE MARIA 1057 ,0
2026-05-24,B_07,149,S,50,,S,,57906,Matutino,2026-05-24 05:01:16,,178616,"POINT (  575770.107390456,   6136773.42105112)",DR PABLO DE MARIA 1092 EN 1086/1092 EN 1086/1092,0
2026-05-24,B_07,150,S,75,,S,,57906,Matutino,2026-05-24 06:21:52,,183675,"POINT (  575879.252714161,   6136822.17714815)",MALDONADO 2106 ,0
2026-05-24,B_07,151,S,50,,S,,57906,Matutino,2026-05-24 06:21:57,,183676,"POINT (  575882.956417865,   6136821.74141830)",MALDONADO 2112 ,0
2026-05-24,B_07,152,S,25,,S,,57906,Matutino,2026-05-24 06:22:02,,178617,"POINT (  576078.490135798,   6136854.41131219)",MALDONADO 2203 ,0
2026-05-24,B_07,153,S,50,,S,,57906,Matutino,2026-05-24 06:22:06,,178618,"POINT (  576082.655290873,   6136854.82202244)",MALDONADO 2203 ,0
2026-05-24,B_07,154,S,75,,S,,57906,Matutino,2026-05-24 07:26:57,,178619,"POINT (  576206.353818898,   6136826.76508814)",ACEVEDO DIAZ 1092 EN 1088/1096. CASA TAPEADA EN 1088/1096. CASA TAPEADA,0
2026-05-24,B_07,155,S,50,,S,,57906,Matutino,2026-05-24 07:27:01,,178626,"POINT (  576206.258263623,   6136821.98877310)",ACEVEDO DIAZ 1092 EN 1088/1096. CASA TAPEADA EN 1088/1096. CASA TAPEADA,0
2026-05-24,B_07,156,S,75,,S,,57906,Matutino,2026-05-24 06:15:50,,178631,"POINT (  576110.435392850,   6136708.26896653)",EDIL HUGO PRATO 2214 EN 2214 EN 2214,0
2026-05-24,B_07,157,S,50,,S,,57906,Matutino,2026-05-24 06:15:56,,178633,"POINT (  576113.328321598,   6136708.87931891)",EDIL HUGO PRATO 2214 EN 2214 EN 2214,0
2026-05-24,B_07,158,S,75,,S,,57906,Matutino,2026-05-24 06:13:56,,178635,"POINT (  576181.548798070,   6136713.99658037)",EDIL HUGO PRATO 2244 (*)PROV OV (O: ACEVEDO DIAZ 1050). VERIFICAR QUE ESTE (*)PROV OV (O: ACEVEDO DIAZ 1050). VERIFICAR QUE ESTE,0
2026-05-24,B_07,159,S,100,,S,Basura Afuera,57906,Matutino,2026-05-24 07:26:31,,178637,"POINT (  576214.259363923,   6136708.80195552)",ACEVEDO DIAZ 1050 ,0
2026-05-24,B_07,160,S,100,,S,Basura Afuera,57906,Matutino,2026-05-24 07:26:49,,178639,"POINT (  576195.041378612,   6136943.75630356)",ACEVEDO DIAZ 1142 FTE 1145 FTE 1145,0
2026-05-24,B_07,161,S,75,,S,,57906,Matutino,2026-05-24 06:49:33,,178640,"POINT (  576283.418733475,   6137134.49046631)",DR MARIO CASSINONI 1220 ,0
2026-05-24,B_07,162,S,75,,S,,57906,Matutino,2026-05-24 06:49:39,,178641,"POINT (  576279.832081706,   6137190.64817507)",DR MARIO CASSINONI 1246 EN 1248 EN 1248,0
2026-05-24,B_07,163,S,75,,S,,57906,Matutino,2026-05-24 07:26:07,,178644,"POINT (  576163.002034532,   6137182.04473997)",ACEVEDO DIAZ 1247 ,0
2026-05-24,B_07,164,S,75,,S,,57906,Matutino,2026-05-24 07:26:11,,178645,"POINT (  576165.985120778,   6137134.68824581)",ACEVEDO DIAZ 1221 EN 1217/1221 EN 1217/1221,0
2026-05-24,B_07,165,S,50,,S,,57906,Matutino,2026-05-24 07:26:15,,178646,"POINT (  576166.038390175,   6137131.54535137)",ACEVEDO DIAZ 1217 EN 1217/1221 EN 1217/1221,0
2026-05-24,B_07,166,S,100,,S,Basura Afuera,57906,Matutino,2026-05-24 07:26:21,,178648,"POINT (  576171.378124913,   6137072.95615188)",ACEVEDO DIAZ 1197 ,0
2026-05-24,B_07,167,S,75,,S,Basura Afuera,57906,Matutino,2026-05-24 06:43:27,,178649,"POINT (  576378.050591223,   6136986.22643568)",CANELONES 2339 FTE 2348 FTE 2348,0
2026-05-24,B_04,1,S,50,,S,,57907,Matutino,2026-05-24 02:00:00,,177687,"POINT (  574673.683640346,   6137302.08625601)",TACUAREMBO 1472 ,0
2026-05-24,B_04,2,S,75,,S,,57907,Matutino,2026-05-24 02:53:30,,177708,"POINT (  574658.326626828,   6137338.83872040)",TACUAREMBO 1494 ,0
2026-05-24,B_04,3,S,100,,S,,57907,Matutino,2026-05-24 02:53:34,,177709,"POINT (  574638.205780252,   6137392.03155299)",TACUAREMBO 1520 ,0
2026-05-24,B_04,4,S,100,,S,Requiere Limpieza,57907,Matutino,2026-05-24 02:39:18,,177710,"POINT (  574712.169278165,   6137436.43428950)",CARLOS ROXLO 1475 EN 1469 EN 1469,0
2026-05-24,B_04,5,S,75,,S,,57907,Matutino,2026-05-24 02:39:21,,177711,"POINT (  574752.705166214,   6137320.87250556)",CARLOS ROXLO 1427 MURO SUPERMERCADO MURO SUPERMERCADO,0
2026-05-24,B_04,6,S,100,,S,,57907,Matutino,2026-05-24 02:39:26,,177712,"POINT (  574753.550050453,   6137318.78514450)",CARLOS ROXLO 1427 MURO SUPERMERCADO MURO SUPERMERCADO,0
2026-05-24,B_04,7,S,50,,S,,57907,Matutino,2026-05-24 02:58:35,,177715,"POINT (  574833.029789288,   6137371.42281815)",MINAS 1463 ,0
2026-05-24,B_04,8,S,75,,S,,57907,Matutino,2026-05-24 02:47:35,,179373,"POINT (  574714.066719986,   6137377.61359304)",COLONIA 1594 ,0
2026-05-24,B_04,9,S,100,,S,,57907,Matutino,2026-05-24 02:47:43,,179374,"POINT (  574672.051936797,   6137359.04576950)",COLONIA 1562 ,0
2026-05-24,B_04,10,S,50,,S,,57907,Matutino,2026-05-24 02:00:00,,183778,"POINT (  574877.166716541,   6137554.96052256)",MAGALLANES 1494 ,0
2026-05-24,B_04,11,S,100,,S,"Basura Afuera, Requiere Limpieza",57907,Matutino,2026-05-24 02:55:24,,177779,"POINT (  574933.907985908,   6137440.05088231)",MAGALLANES 1420 EN 1418/1424 EN 1418/1424,0
2026-05-24,B_04,12,S,100,,S,,57907,Matutino,2026-05-24 03:10:15,,177780,"POINT (  575028.187127149,   6137467.28597424)",GABOTO 1468 EN 1472 EN 1472,0
2026-05-24,B_04,13,S,75,,S,,57907,Matutino,2026-05-24 03:10:12,,177781,"POINT (  575007.673253256,   6137506.09751066)",GABOTO 1488 EN 1494 EN 1494,0
2026-05-24,B_04,14,S,100,,S,"Basura Afuera, Requiere Limpieza",57907,Matutino,2026-05-24 03:10:07,,177782,"POINT (  575006.902917626,   6137507.19089026)",GABOTO 1488 EN 1494 EN 1494,0
2026-05-24,B_04,15,S,75,,S,"Basura Afuera, Requiere Limpieza",57907,Matutino,2026-05-24 03:09:45,,177783,"POINT (  574969.182290593,   6137589.53977362)",GABOTO 1550 FTE 1543 FTE 1543,0
2026-05-24,B_04,16,S,100,,S,,57907,Matutino,2026-05-24 03:09:41,,180002,"POINT (  574967.900635211,   6137593.24868874)",GABOTO 1550 PROV OV (O: AV URUGUAY 1760/1754) PROV OV (O: AV URUGUAY 1760/1754),0
2026-05-24,B_04,17,S,75,,S,,57907,Matutino,2026-05-24 03:09:55,,177784,"POINT (  575106.985007189,   6137562.38515018)",COLONIA 1796 EN 1796/1800 EN 1796/1800,0
2026-05-24,B_04,18,S,75,,S,,57907,Matutino,2026-05-24 03:10:02,,177785,"POINT (  575105.792229440,   6137561.73906224)",COLONIA 1796 EN 1796/1800 EN 1796/1800,0
2026-05-24,B_04,19,S,100,,S,,57907,Matutino,2026-05-24 03:10:00,,180181,"POINT (  574789.169776836,   6137511.89230904)",MINAS Esq. MERCEDES ,0
2026-05-24,B_04,20,S,75,,S,,57907,Matutino,2026-05-24 03:20:38,,177786,"POINT (  575187.913221098,   6137674.28663310)",EDUARDO ACEVEDO 1595 FTE 1569 FTE 1569,0
2026-05-24,B_04,21,S,100,,S,,57907,Matutino,2026-05-24 03:20:34,,177787,"POINT (  575188.879632207,   6137671.61214654)",EDUARDO ACEVEDO 1551 FTE 1569 FTE 1569,0
2026-05-24,B_04,22,S,75,,S,,57907,Matutino,2026-05-24 03:20:32,,177788,"POINT (  575190.093264762,   6137669.29725481)",EDUARDO ACEVEDO 1551 FTE 1569 FTE 1569,0
2026-05-24,B_04,23,S,100,,S,,57907,Matutino,2026-05-24 03:20:30,,177789,"POINT (  575218.366408367,   6137605.04215341)",EDUARDO ACEVEDO 1542 ,0
2026-05-24,B_04,24,S,75,,S,,57907,Matutino,2026-05-24 03:20:14,,177790,"POINT (  575218.815901906,   6137603.60377409)",EDUARDO ACEVEDO 1542 ,0
2026-05-24,B_04,25,S,100,,S,,57907,Matutino,2026-05-24 03:20:17,,177809,"POINT (  575233.357017894,   6137537.68554659)",EDUARDO ACEVEDO 1503 EN 1507/1511 EN 1507/1511,0
2026-05-24,B_04,26,S,75,,S,,57907,Matutino,2026-05-24 03:20:25,,177810,"POINT (  575234.098682233,   6137536.29211662)",EDUARDO ACEVEDO 1503 EN 1507/1511 EN 1507/1511,0
2026-05-24,B_04,27,S,75,,S,,57907,Matutino,2026-05-24 04:57:16,,177816,"POINT (  574883.811719674,   6138231.64757235)",ARENAL GRANDE 1883 ,0
2026-05-24,B_04,28,S,100,,S,,57907,Matutino,2026-05-24 04:57:19,,177817,"POINT (  574884.465827862,   6138230.57847201)",ARENAL GRANDE 1883 ,0
2026-05-24,B_04,29,S,100,,S,,57907,Matutino,2026-05-24 04:07:33,,177818,"POINT (  575004.025414283,   6138123.71274809)",ARENAL GRANDE 1819 FTE 1816. MURO FTE 1816. MURO,0
2026-05-24,B_04,30,S,75,,S,,57907,Matutino,2026-05-24 04:07:31,,177819,"POINT (  575005.643591023,   6138121.73497652)",ARENAL GRANDE 1819 FTE 1816. MURO FTE 1816. MURO,0
2026-05-24,B_04,31,S,100,,S,,57907,Matutino,2026-05-24 04:07:28,,177820,"POINT (  575140.671450147,   6137999.69748068)",ARENAL GRANDE 1717 ,0
2026-05-24,B_04,32,S,75,,S,,57907,Matutino,2026-05-24 04:07:24,,177821,"POINT (  575142.072070031,   6137997.99725370)",ARENAL GRANDE 1717 ,0
2026-05-24,B_04,33,S,50,,S,Requiere Limpieza,57907,Matutino,2026-05-24 04:07:37,,177822,"POINT (  575213.804048947,   6137930.56537438)",ARENAL GRANDE 1681 FTE 1678. MURO FTE 1678. MURO,0
2026-05-24,B_04,34,S,50,,S,,57907,Matutino,2026-05-24 02:00:00,,177823,"POINT (  575296.355473229,   6137868.82513885)",ARENAL GRANDE 1638 EN 1638 EN 1638,0
2026-05-24,B_04,35,S,100,,S,,57907,Matutino,2026-05-24 04:07:43,,177824,"POINT (  575356.698045003,   6137814.14654777)",ARENAL GRANDE 1604 (*) UTU. VERIFICAR (*) UTU. VERIFICAR,0
2026-05-24,B_04,36,S,75,,S,,57907,Matutino,2026-05-24 04:07:46,,177825,"POINT (  575361.282879101,   6137809.47181496)",ARENAL GRANDE 1604 (*) UTU. VERIFICAR (*) UTU. VERIFICAR,0
2026-05-24,B_04,37,S,75,,S,,57907,Matutino,2026-05-24 04:07:50,,177826,"POINT (  575464.527548949,   6137658.06227082)",ARENAL GRANDE 1533 FTE 1510 FTE 1510,0
2026-05-24,B_04,38,S,50,,S,,57907,Matutino,2026-05-24 04:07:56,,177827,"POINT (  575464.843789252,   6137657.28296436)",ARENAL GRANDE 1533 FTE 1510 FTE 1510,0
2026-05-24,B_04,39,S,100,,S,,57907,Matutino,2026-05-24 04:08:02,,177828,"POINT (  575465.103558073,   6137656.65048375)",ARENAL GRANDE 1533 FTE 1510 FTE 1510,0
2026-05-24,B_04,40,S,75,,S,,57907,Matutino,2026-05-24 03:20:48,,181137,"POINT (  575172.154974858,   6137802.95554414)",AV URUGUAY 1884 ,0
2026-05-24,B_04,41,S,75,,S,,57907,Matutino,2026-05-24 03:20:50,,177831,"POINT (  575092.485880202,   6137765.88978582)",AV URUGUAY 1830 EN 1832 EN 1832,0
2026-05-24,B_04,42,S,75,,S,,57907,Matutino,2026-05-24 03:20:54,,177832,"POINT (  575090.715910261,   6137764.81707677)",AV URUGUAY 1830 EN 1832 EN 1832,0
2026-05-24,B_04,43,S,75,,S,,57907,Matutino,2026-05-24 03:36:49,,181138,"POINT (  575078.867147782,   6137889.41743265)",PAYSANDU 1839 ,0
2026-05-24,B_04,44,S,100,,S,,57907,Matutino,2026-05-24 03:36:54,,181139,"POINT (  575083.417773493,   6137891.69274551)",PAYSANDU 1843 ,0
2026-05-24,B_04,45,S,75,,S,Requiere Limpieza,57907,Matutino,2026-05-24 04:10:46,,177833,"POINT (  575249.480120848,   6138036.70259187)",PAYSANDU 1940 ESTACIONAMIENTO ESTACIONAMIENTO,0
2026-05-24,B_04,46,S,100,,S,,57907,Matutino,2026-05-24 04:10:51,,182220,"POINT (  575345.900351195,   6138010.84407429)",REPUBLICA 1658 ,0
2026-05-24,B_04,47,S,75,,S,,57907,Matutino,2026-05-24 04:10:54,,182221,"POINT (  575347.379304551,   6138009.59265222)",REPUBLICA 1658 ,0
2026-05-24,B_04,48,S,50,,S,,57907,Matutino,2026-05-24 06:25:40,,177851,"POINT (  575495.505942731,   6137855.20021968)",REPUBLICA 1593 FTE 1593 FTE 1593,0
2026-05-24,B_04,49,S,75,,S,,57907,Matutino,2026-05-24 06:25:42,,177852,"POINT (  575497.651360842,   6137853.37661429)",REPUBLICA 1593 FTE 1593 FTE 1593,0
2026-05-24,B_04,50,S,75,,S,,57907,Matutino,2026-05-24 04:29:36,,177853,"POINT (  575553.967083367,   6137745.06223718)",DR PABLO DE MARIA 1588 EN 1590 EN 1590,0
2026-05-24,B_04,51,S,100,,S,,57907,Matutino,2026-05-24 04:29:39,,177854,"POINT (  575553.082098397,   6137746.83220712)",DR PABLO DE MARIA 1592 EN 1590 EN 1590,0
2026-05-24,B_04,52,S,75,,S,,57907,Matutino,2026-05-24 04:29:42,,177855,"POINT (  575530.905341563,   6137762.00862048)",DR PABLO DE MARIA 1595 ,0
2026-05-24,B_04,53,S,100,,S,,57907,Matutino,2026-05-24 04:29:47,,177856,"POINT (  575530.073992045,   6137763.40314226)",DR PABLO DE MARIA 1595 ,0
2026-05-24,B_04,54,S,75,,S,,57907,Matutino,2026-05-24 04:42:45,,177857,"POINT (  575533.426207843,   6137934.58068979)",DEFENSA 1656 ,0
2026-05-24,B_04,55,S,100,,S,,57907,Matutino,2026-05-24 04:42:49,,177858,"POINT (  575524.737443883,   6138012.78224272)",DEFENSA 1700 FTE 1693 FTE 1693,0
2026-05-24,B_04,56,S,75,,S,,57907,Matutino,2026-05-24 04:42:51,,183531,"POINT (  575524.719635495,   6138014.70699102)",DEFENSA 1700 ,0
2026-05-24,B_04,57,S,50,,S,,57907,Matutino,2026-05-24 04:42:57,,183392,"POINT (  575493.553812827,   6138288.30401521)",DEFENSA 1816 ,0
2026-05-24,B_04,58,S,75,,S,,57907,Matutino,2026-05-24 04:43:01,,177860,"POINT (  575493.038711903,   6138291.52462801)",DEFENSA 1816 ,0
2026-05-24,B_04,59,S,75,,S,,57907,Matutino,2026-05-24 05:01:53,,175883,"POINT (  579101.970227015,   6137420.40082940)",TTE GRAL PABLO GALARZA 3618 FTE 3641 FTE 3641,0
2026-05-24,B_04,60,S,100,,S,,57907,Matutino,2026-05-24 04:43:14,,177861,"POINT (  575487.031541192,   6138341.83468271)",DEFENSA 1844 EN 1846 EN 1846,0
2026-05-24,B_04,61,S,75,,S,,57907,Matutino,2026-05-24 04:43:18,,177862,"POINT (  575483.491601309,   6138390.21386112)",DEFENSA 1864 MURO MURO,0
2026-05-24,B_04,62,S,75,,S,,57907,Matutino,2026-05-24 04:43:22,,182183,"POINT (  575470.036824573,   6138510.32200615)",DEFENSA 1926 PROV OV(O: DEFENSA 1944) PROV OV(O: DEFENSA 1944),0
2026-05-24,B_04,63,S,100,,S,,57907,Matutino,2026-05-24 04:43:26,,177864,"POINT (  575569.940623403,   6138413.85284581)",DR MARTIN C MARTINEZ 1916 EN 1914/1930. MURO EN 1914/1930. MURO,0
2026-05-24,B_04,64,S,75,,S,,57907,Matutino,2026-05-24 04:43:29,,177865,"POINT (  575584.093832121,   6138103.33225631)",DR MARTIN C MARTINEZ 1781 EN 1781 EN 1781,0
2026-05-24,B_04,65,S,75,,S,,57907,Matutino,2026-05-24 04:43:33,,179376,"POINT (  575594.852436895,   6137968.32789148)",DR MARTIN C MARTINEZ 1705 ,0
2026-05-24,B_04,66,S,100,,S,,57907,Matutino,2026-05-24 04:43:36,,177867,"POINT (  575644.011724561,   6137885.66711453)",DR MARTIN C MARTINEZ 1667 REBAJE/EDIFICIO REBAJE/EDIFICIO,0
2026-05-24,B_04,67,S,75,,S,,57907,Matutino,2026-05-24 04:43:39,,177868,"POINT (  575700.286101427,   6137824.35983433)",DR MARTIN C MARTINEZ 1642 EN 1644/1650 EN 1644/1650,0
2026-05-24,B_04,68,S,50,,S,,57907,Matutino,2026-05-24 04:43:41,,177869,"POINT (  575701.680623199,   6137821.78533260)",DR MARTIN C MARTINEZ 1642 EN 1644 EN 1644,0
2026-05-24,B_04,69,S,50,,S,,57907,Matutino,2026-05-24 04:43:44,,177870,"POINT (  575717.192257177,   6137796.11245761)",DR MARTIN C MARTINEZ 1622 EN 1630 EN 1630,0
2026-05-24,B_04,70,S,75,,S,,57907,Matutino,2026-05-24 05:39:49,,182172,"POINT (  575773.723330148,   6137934.18713470)",DR JOAQUIN REQUENA 1667 ,0
2026-05-24,B_04,71,S,100,,S,,57907,Matutino,2026-05-24 05:39:52,,177872,"POINT (  575746.899923425,   6137991.48157503)",DR JOAQUIN REQUENA 1691 ,0
2026-05-24,B_04,72,S,75,,S,,57907,Matutino,2026-05-24 05:39:55,,177873,"POINT (  575745.955179370,   6137993.24359620)",DR JOAQUIN REQUENA 1691 ,0
2026-05-24,B_04,73,S,75,,S,,57907,Matutino,2026-05-24 05:39:58,,177874,"POINT (  575684.088194689,   6138551.14703717)",DR JOAQUIN REQUENA 1925 EN 1925/1939 EN 1925/1939,0
2026-05-24,B_04,74,S,50,,S,,57907,Matutino,2026-05-24 07:26:21,,177875,"POINT (  575823.647642811,   6138504.26965145)",JUAN PAULLIER 1906 ,0
2026-05-24,B_04,75,S,50,,S,,57907,Matutino,2026-05-24 07:26:19,,177876,"POINT (  575823.540371906,   6138501.48060790)",JUAN PAULLIER 1906 ,0
2026-05-24,B_04,76,S,100,,S,,57907,Matutino,2026-05-24 07:26:17,,177908,"POINT (  575828.689375372,   6138430.35999752)",JUAN PAULLIER 1856 EN 1860 EN 1860,0
2026-05-24,B_04,77,S,50,,S,,57907,Matutino,2026-05-24 02:00:00,,177909,"POINT (  575823.483089322,   6138361.37699057)",JUAN PAULLIER 1843 ,0
2026-05-24,B_04,78,S,75,,S,,57907,Matutino,2026-05-24 07:30:39,,177910,"POINT (  575839.755172317,   6138330.92137282)",JUAN PAULLIER 1822 ,0
2026-05-24,B_04,79,S,100,,S,,57907,Matutino,2026-05-24 07:30:42,,177911,"POINT (  575845.821703092,   6138253.25297924)",JUAN PAULLIER 1788 ,0
2026-05-24,B_04,80,S,50,,S,,57907,Matutino,2026-05-24 02:00:00,,177912,"POINT (  575851.278145875,   6138187.79866213)",JUAN PAULLIER 1752 EN 1754 EN 1754,0
2026-05-24,B_04,81,S,50,,S,,57907,Matutino,2026-05-24 02:00:00,,177913,"POINT (  575845.279703634,   6138110.10069921)",JUAN PAULLIER 1711 ,0
2026-05-24,B_04,82,S,50,,S,,57907,Matutino,2026-05-24 02:00:00,,177914,"POINT (  575851.859890971,   6138071.32427664)",JUAN PAULLIER 1693 PDO RESERVADO PDO RESERVADO,0
2026-05-24,B_04,83,S,50,,S,,57907,Matutino,2026-05-24 02:00:00,,182184,"POINT (  575868.808156428,   6138022.61231286)",JUAN PAULLIER 1675 ,0
2026-05-24,B_04,84,S,50,,S,,57907,Matutino,2026-05-24 02:00:00,,182185,"POINT (  575870.628406712,   6138019.42687486)",JUAN PAULLIER 1675 ,0
2026-05-24,B_04,85,S,50,,S,,57907,Matutino,2026-05-24 02:00:00,,183673,"POINT (  575873.661785403,   6138012.92959260)",JUAN PAULLIER 1675 PROV O: Juan Paullier 1604 PROV O: Juan Paullier 1604,0
2026-05-24,B_04,86,S,75,,S,,57907,Matutino,2026-05-24 05:52:42,,182192,"POINT (  575816.385082822,   6137873.93952662)",DR JOAQUIN REQUENA 1642 PROV OV(O: DR JOAQUIN REQUENA 1617) PROV OV(O: DR JOAQUIN REQUENA 1617),0
2026-05-24,B_04,87,S,75,,S,,57907,Matutino,2026-05-24 05:52:29,,177921,"POINT (  575915.073406382,   6138118.59551805)",EDUARDO VICTOR HAEDO 2225 ,0
2026-05-24,B_04,88,S,50,,S,,57907,Matutino,2026-05-24 02:00:00,,179377,"POINT (  576081.817327152,   6138166.42985304)",ACEVEDO DIAZ 1693 FTE 1698 FTE 1698,0
2026-05-24,B_04,89,S,50,,S,,57907,Matutino,2026-05-24 02:00:00,,177923,"POINT (  576085.335016903,   6138124.47701034)",ACEVEDO DIAZ 1675 EN 1681 EN 1681,0
2026-05-24,B_04,90,S,50,,S,,57907,Matutino,2026-05-24 02:00:00,,177924,"POINT (  576085.431502049,   6138123.33081739)",ACEVEDO DIAZ 1675 EN 1681 EN 1681,0
2026-05-24,B_04,91,S,50,,S,,57907,Matutino,2026-05-24 02:00:00,,177925,"POINT (  576103.141987225,   6138066.01436681)",ACEVEDO DIAZ 1658 EN 1658/1654 EN 1658/1654,0
2026-05-24,B_04,92,S,50,,S,,57907,Matutino,2026-05-24 02:00:00,,177926,"POINT (  576103.678341752,   6138060.75809244)",ACEVEDO DIAZ 1652 EN 1658/1654 EN 1658/1654,0
2026-05-24,B_04,93,S,100,,S,Requiere Limpieza,57907,Matutino,2026-05-24 06:15:58,,177927,"POINT (  576109.256428841,   6137994.14286009)",ACEVEDO DIAZ 1638 EN 638/1628. MURO EN 638/1628. MURO,0
2026-05-24,B_04,94,S,100,,S,"Basura Afuera, Requiere Limpieza",57907,Matutino,2026-05-24 06:15:51,,177928,"POINT (  576109.900054274,   6137989.36930480)",ACEVEDO DIAZ 1628 EN 638/1628. MURO EN 638/1628. MURO,0
2026-05-24,B_04,95,S,100,,S,"Basura Afuera, Requiere Limpieza",57907,Matutino,2026-05-24 06:25:17,,177929,"POINT (  576009.333580320,   6137945.54913988)",ALEJANDRO BEISSO 1636 FTE 1635. MURO FTE 1635. MURO,0
2026-05-24,B_04,96,S,100,,S,"Basura Afuera, Requiere Limpieza",57907,Matutino,2026-05-24 06:25:13,,177930,"POINT (  576006.651807681,   6137949.19635067)",ALEJANDRO BEISSO 1636 FTE 1635. MURO FTE 1635. MURO,0
2026-05-24,B_04,97,S,100,,S,,57907,Matutino,2026-05-24 05:56:59,,177944,"POINT (  576148.318145266,   6138052.04121753)",COLONIA 2274 EN 2288/2276 EN 2288/2276,0
2026-05-24,B_04,98,S,75,,S,"Basura Afuera, Requiere Limpieza",57907,Matutino,2026-05-24 05:57:04,,177945,"POINT (  576197.177272162,   6138182.69364007)",DR MARIO CASSINONI 1690 ,0
2026-05-24,B_04,99,S,100,,S,Requiere Limpieza,57907,Matutino,2026-05-24 05:57:07,,177947,"POINT (  576197.267626535,   6138181.15761574)",DR MARIO CASSINONI 1690 ,0
2026-05-24,B_04,100,S,75,,S,"Basura Afuera, Requiere Limpieza",57907,Matutino,2026-05-24 05:57:13,,177950,"POINT (  576203.366546674,   6138108.28681437)",DR MARIO CASSINONI 1656 EN 1656 EN 1656,0
2026-05-24,B_04,101,S,100,,S,"Basura Afuera, Requiere Limpieza",57907,Matutino,2026-05-24 05:57:19,,177953,"POINT (  576203.456901047,   6138106.47972692)",DR MARIO CASSINONI 1656 EN 1656 EN 1656,0
2026-05-24,B_04,102,S,75,,S,"Basura Afuera, Requiere Limpieza",57907,Matutino,2026-05-24 05:57:22,,177954,"POINT (  576203.592432605,   6138104.22086761)",DR MARIO CASSINONI 1656 EN 1656 EN 1656,0
2026-05-24,B_04,103,S,75,,S,,57907,Matutino,2026-05-24 06:26:03,,177957,"POINT (  575732.923274441,   6138125.52290167)",DR JOAQUIN REQUENA 1738 ,0
2026-05-24,B_04,104,S,75,,S,,57907,Matutino,2026-05-24 06:34:01,,177958,"POINT (  575732.655097177,   6138126.86378799)",DR JOAQUIN REQUENA 1738 ,0
2026-05-24,B_04,105,S,100,,S,,57907,Matutino,2026-05-24 06:33:56,,177959,"POINT (  575722.003627508,   6138244.58638519)",DR JOAQUIN REQUENA 1786 FTE 1791 FTE 1791,0
2026-05-24,B_04,106,S,100,,S,,57907,Matutino,2026-05-24 07:18:25,,177962,"POINT (  575713.239253382,   6138350.88830437)",DR JOAQUIN REQUENA 1844 EN 1844/1846 EN 1844/1846,0
2026-05-24,B_04,107,S,75,,S,,57907,Matutino,2026-05-24 07:18:28,,183845,"POINT (  575712.888391720,   6138357.15373567)",DR JOAQUIN REQUENA 1846 Joaquin Requena 1846 Joaquin Requena 1846,0
2026-05-24,B_04,108,S,50,,S,,57907,Matutino,2026-05-24 07:18:33,,177963,"POINT (  575705.252982552,   6138447.33118777)",DR JOAQUIN REQUENA 1880 ,0
2026-05-24,B_04,109,S,100,,S,,57907,Matutino,2026-05-24 06:26:12,,177965,"POINT (  575670.681494639,   6138469.37599864)",GOES 2092 ESTACIONAMIENTO ESTACIONAMIENTO,0
2026-05-24,B_04,110,S,75,,S,,57907,Matutino,2026-05-24 05:53:02,,177968,"POINT (  575422.094876792,   6138449.71339922)",GOES 1980 EN 1980 EN 1980,0
2026-05-24,B_04,111,S,75,,S,,57907,Matutino,2026-05-24 04:56:55,,177970,"POINT (  575281.450597080,   6138437.81769188)",GOES 1906 MURO MURO,0
2026-05-24,B_04,112,S,75,,S,,57907,Matutino,2026-05-24 04:56:51,,182140,"POINT (  575277.156779739,   6138437.13763137)",GOES 1906 ,0
2026-05-24,B_04,113,S,75,,S,,57907,Matutino,2026-05-24 04:57:02,,177972,"POINT (  575547.868163227,   6138519.91874660)",DR MARTIN C MARTINEZ 1963 FTE 1976. UTU FTE 1976. UTU,0
2026-05-24,B_04,114,S,50,,S,,57907,Matutino,2026-05-24 04:57:05,,177975,"POINT (  575569.425996462,   6138276.70229718)",DR MARTIN C MARTINEZ 1851 EN 1855 EN 1855,0
2026-05-24,B_04,115,S,50,,S,,57907,Matutino,2026-05-24 06:26:23,,177977,"POINT (  575531.042281088,   6138249.04851432)",DR SALVADOR FERRER SERRA 2072 ,0
2026-05-24,B_04,116,S,100,,S,,57907,Matutino,2026-05-24 06:26:25,,177979,"POINT (  575465.419798377,   6138257.12305437)",DR SALVADOR FERRER SERRA 2040 EN 2025 EN 2025,0
2026-05-24,B_04,117,S,100,,S,,57907,Matutino,2026-05-24 05:28:43,,177980,"POINT (  575383.739445692,   6138169.29860436)",CONSTITUCION 1757 EN 1775 EN 1775,0
2026-05-24,B_04,118,S,75,,S,,57907,Matutino,2026-05-24 05:28:38,,179378,"POINT (  575504.633596015,   6138193.73946210)",DEFENSA 1776 ,0
2026-05-24,B_04,119,S,75,,S,,57907,Matutino,2026-05-24 05:04:28,,177985,"POINT (  575502.465091076,   6138217.27677612)",DEFENSA 1786 EN 1786/1782 EN 1786/1782,0
2026-05-24,B_04,120,S,75,,S,,57907,Matutino,2026-05-24 05:28:31,,177988,"POINT (  575348.169945338,   6138244.55022527)",DR SALVADOR FERRER SERRA 1986 FTE 1986. UTU FTE 1986. UTU,0
2026-05-24,B_04,121,S,50,,S,,57907,Matutino,2026-05-24 05:28:34,,177990,"POINT (  575206.685803364,   6138220.92776878)",DR SALVADOR FERRER SERRA 1912 MURO MURO,0
2026-05-24,B_04,122,S,100,,S,,57907,Matutino,2026-05-24 05:04:33,,177996,"POINT (  575269.667050489,   6138300.71903907)",DEMOCRACIA 1825 EN 1825 EN 1825,0
2026-05-24,B_04,123,S,75,,S,,57907,Matutino,2026-05-24 05:04:36,,183400,"POINT (  575269.046797389,   6138303.91505517)",DEMOCRACIA 1825 ,0
2026-05-24,B_04,124,S,100,,S,,57907,Matutino,2026-05-24 05:04:39,,177998,"POINT (  575264.336142515,   6138362.34072108)",DEMOCRACIA 1857 ,0
2026-05-24,B_04,125,S,100,,S,,57907,Matutino,2026-05-24 03:54:45,,178003,"POINT (  575064.743333798,   6138269.00465435)",JUSTICIA 1828 FTE 1828 FTE 1828,0
2026-05-24,B_04,126,S,75,,S,,57907,Matutino,2026-05-24 03:54:48,,178004,"POINT (  575065.160764378,   6138266.73860265)",JUSTICIA 1828 FTE 1828 FTE 1828,0
2026-05-24,B_04,127,S,50,,S,,57907,Matutino,2026-05-24 03:54:51,,182186,"POINT (  575066.320373151,   6138263.60377429)",JUSTICIA 1828 PROV OV(O: REPUBLICA 1869) PROV OV(O: REPUBLICA 1869),0
2026-05-24,B_04,128,S,75,,S,,57907,Matutino,2026-05-24 03:54:34,,178008,"POINT (  575141.168080610,   6138120.60912811)",CERRO LARGO 1887 ,0
2026-05-24,B_04,129,S,100,,S,,57907,Matutino,2026-05-24 03:54:27,,178009,"POINT (  575140.000687563,   6138119.43412822)",CERRO LARGO 1887 ,0
2026-05-24,B_04,130,S,75,,S,"Basura Afuera, Requiere Limpieza",57907,Matutino,2026-05-24 03:54:23,,181141,"POINT (  575051.563393516,   6137998.63244972)",CERRO LARGO 1802 ,0
2026-05-24,B_04,131,S,75,,S,"Basura Afuera, Requiere Limpieza",57907,Matutino,2026-05-24 03:54:14,,181140,"POINT (  575048.833018089,   6137996.35713686)",CERRO LARGO 1802 ,0
2026-05-24,B_04,132,S,50,,S,"Basura Afuera, Requiere Limpieza",57907,Matutino,2026-05-24 03:54:18,,183534,"POINT (  574987.523860524,   6137966.04883868)",CERRO LARGO 1787 ,0
2026-05-24,B_04,133,S,100,,S,,57907,Matutino,2026-05-24 05:04:53,,183160,"POINT (  574876.069073238,   6138269.63474636)",ARENAL GRANDE 1896 PROV OV (O: MIGUELETE 1720 - Alta del 13/8/24) PROV OV (O: MIGUELETE 1720 - Alta del 13/8/24),0
2026-05-24,B_04,134,S,75,,S,,57907,Matutino,2026-05-24 05:05:03,,183161,"POINT (  574885.149121028,   6138273.93582163)",MIGUELETE 1814 PROV OV (O: MIGUELETE 1720 - Alta del 13/8/24) PROV OV (O: MIGUELETE 1720 - Alta del 13/8/24),0
2026-05-24,B_04,135,S,50,,S,,57907,Matutino,2026-05-24 05:05:00,,183162,"POINT (  574894.229168817,   6138282.06007491)",MIGUELETE 1818 PROV OV (O: MIGUELETE 1720 - Alta del 13/8/24) PROV OV (O: MIGUELETE 1720 - Alta del 13/8/24),0
2026-05-24,B_04,136,S,75,,S,,57907,Matutino,2026-05-24 03:58:44,,178018,"POINT (  575163.179833687,   6138404.96592811)",INCA 1880 EN 1880 EN 1880,0
2026-05-24,B_04,137,S,100,,S,Requiere Limpieza,57907,Matutino,2026-05-24 05:39:03,,178020,"POINT (  575163.357078743,   6138402.85164355)",INCA 1880 EN 1880 EN 1880,0
2026-05-24,B_04,138,S,50,,S,,57907,Matutino,2026-05-24 03:58:42,,178023,"POINT (  575173.528796018,   6138300.76340346)",INCA 1834 ,0
2026-05-24,B_04,139,S,50,,S,,57907,Matutino,2026-05-24 02:00:00,,178028,"POINT (  575959.198419690,   6138306.64981603)",CUFRE 1802 EN 1802 EN 1802,0
2026-05-24,B_04,140,S,50,,S,,57907,Matutino,2026-05-24 02:00:00,,179381,"POINT (  575953.896014058,   6138370.38370000)",CUFRE 1838 EN 1838 BIS EN 1838 BIS,0
2026-05-24,B_04,141,S,50,,S,,57907,Matutino,2026-05-24 02:00:00,,178030,"POINT (  575932.543228912,   6138466.27229416)",CUFRE 1881 EN 1883 EN 1883,0
2026-05-24,B_04,142,S,50,,S,,57907,Matutino,2026-05-24 02:00:00,,178031,"POINT (  576166.102184614,   6138554.59311586)",DR DUVIMIOSO TERRA 1866 MURO MURO,0
2026-05-24,B_04,143,S,50,,S,,57907,Matutino,2026-05-24 02:00:00,,178032,"POINT (  576162.967195788,   6138625.47112410)",DR DUVIMIOSO TERRA 1890 FTE 1893 FTE 1893,0
2026-05-24,B_04,144,S,50,,S,,57907,Matutino,2026-05-24 02:00:00,,178034,"POINT (  576055.553838991,   6138543.19537109)",ACEVEDO DIAZ 1865 EN 1869/1865 EN 1869/1865,0
2026-05-24,B_04,145,S,50,,S,,57907,Matutino,2026-05-24 02:00:00,,178035,"POINT (  576055.686861727,   6138541.09329395)",ACEVEDO DIAZ 1865 EN 1869/1865 EN 1869/1865,0
2026-05-24,B_04,146,S,50,,S,,57907,Matutino,2026-05-24 02:00:00,,178038,"POINT (  576072.264714323,   6138283.64629947)",ACEVEDO DIAZ 1745 EN 1739/1745. MURO EN 1739/1745. MURO,0
2026-05-24,B_04,147,S,75,,S,,57907,Matutino,2026-05-24 05:54:10,,178039,"POINT (  575973.325722281,   6138239.21659125)",MANUEL FERNANDEZ LUNA 2261 ,0
2026-05-24,B_04,148,S,75,,S,,57907,Matutino,2026-05-24 06:15:39,,178043,"POINT (  576015.364758272,   6138291.84189236)",DR SALVADOR FERRER SERRA 2278 ,0
2026-05-24,B_04,149,S,100,,S,,57907,Matutino,2026-05-24 06:15:34,,178044,"POINT (  576004.173196558,   6138498.91298823)",GOES 2224 VEREDA. EN 2232 VEREDA. EN 2232,0
2026-05-24,B_04,150,S,50,,S,,57907,Matutino,2026-05-24 02:00:00,,179382,"POINT (  575924.983547214,   6138557.85054351)",CUFRE 1915 EN 1920 EN 1920,0
2026-05-24,B_04,151,S,100,,S,,57907,Matutino,2026-05-24 05:01:31,,180521,"POINT (  576020.423362558,   6138396.08832647)",LA PAZ 2336 EN 2334 EN 2334,0
2026-05-24,B_04,152,S,75,,S,"Basura Afuera, Requiere Limpieza",57907,Matutino,2026-05-24 05:01:29,,180520,"POINT (  576016.928667386,   6138396.08832647)",LA PAZ 2330 EN 2334 EN 2334,0
2026-05-24,B_04,153,S,100,,S,,57907,Matutino,2026-05-24 05:01:25,,178050,"POINT (  575438.478242175,   6138348.46725439)",LA PAZ 2054 FTE 2081. EDIFICIO FTE 2081. EDIFICIO,0
2026-05-24,B_04,154,S,75,,S,,57907,Matutino,2026-05-24 05:01:35,,178051,"POINT (  575436.170651918,   6138348.23269097)",LA PAZ 2054 FTE 2081. EDIFICIO FTE 2081. EDIFICIO,0
2026-05-24,B_05,1,S,75,,S,,57908,Matutino,2026-05-24 03:04:32,,178078,"POINT (  574543.289270425,   6136380.57580249)",DR JAVIER BARRIOS AMORIN 973 EN 961/ 973 EN 961/ 973,0
2026-05-24,B_05,2,S,50,,S,Basura Afuera,57908,Matutino,2026-05-24 03:07:40,,178079,"POINT (  574533.522677507,   6136509.62627427)",DR JAVIER BARRIOS AMORIN 1043 FTE 1050 FTE 1050,0
2026-05-24,B_05,3,S,75,,S,Basura Afuera,57908,Matutino,2026-05-24 05:35:39,,178080,"POINT (  574543.955080196,   6136540.72877707)",DR JAVIER BARRIOS AMORIN 1058 ,0
2026-05-24,B_05,4,S,75,,S,"Basura Afuera, Escombro",57908,Matutino,2026-05-24 03:11:08,,178081,"POINT (  574532.631330114,   6136705.78671268)",DR JAVIER BARRIOS AMORIN 1144 ,0
2026-05-24,B_05,5,S,50,,S,"Basura Afuera, Escombro",57908,Matutino,2026-05-24 03:11:14,,178082,"POINT (  574532.429003416,   6136708.22440847)",DR JAVIER BARRIOS AMORIN 1146 EN 1144/1146 EN 1144/1146,0
2026-05-24,B_05,6,S,75,,S,Basura Afuera,57908,Matutino,2026-05-24 03:13:43,,178083,"POINT (  574521.581635439,   6136817.42784860)",DR JAVIER BARRIOS AMORIN Esq. CANELONES PDO 1192. ESQ SORIANO PDO 1192. ESQ SORIANO,0
2026-05-24,B_05,7,S,50,,S,Basura Afuera,57908,Matutino,2026-05-24 06:30:39,,178084,"POINT (  574516.279871279,   6136885.29042985)",DR JAVIER BARRIOS AMORIN 1223 FTE 1225. MURO FTE 1225. MURO,0
2026-05-24,B_05,8,S,75,,S,Basura Afuera,57908,Matutino,2026-05-24 03:16:08,,178085,"POINT (  574500.223850888,   6136949.24213544)",DR JAVIER BARRIOS AMORIN 1251 FTE 1251. ARBOL/ARBOL FTE 1251. ARBOL/ARBOL,0
2026-05-24,B_05,9,S,75,,S,,57908,Matutino,2026-05-24 02:33:33,,179497,"POINT (  574491.974214676,   6137134.00837565)",CONSTITUYENTE 1459 EN 1459. VEREDA EN 1459. VEREDA,0
2026-05-24,B_05,10,S,50,,S,,57908,Matutino,2026-05-24 02:33:42,,178086,"POINT (  574491.803566212,   6137135.77174311)",CONSTITUYENTE 1459 EN 1459. VEREDA EN 1459. VEREDA,0
2026-05-24,B_05,11,S,75,,S,,57908,Matutino,2026-05-24 02:33:38,,178087,"POINT (  574491.519152105,   6137137.42134494)",CONSTITUYENTE 1459 EN 1459. VEREDA EN 1459. VEREDA,0
2026-05-24,B_05,12,S,75,,S,,57908,Matutino,2026-05-24 02:30:58,,178088,"POINT (  574612.908703636,   6137187.04609241)",VAZQUEZ 1385 EN 1385. FTE 1390 EN 1385. FTE 1390,0
2026-05-24,B_05,13,S,50,,S,,57908,Matutino,2026-05-24 02:30:44,,178089,"POINT (  574613.787548583,   6137185.66505035)",VAZQUEZ 1385 EN 1385. FTE 1390 EN 1385. FTE 1390,0
2026-05-24,B_05,14,S,75,,S,,57908,Matutino,2026-05-24 02:30:51,,179574,"POINT (  574614.387420916,   6137184.16459404)",VAZQUEZ 1385 EN 1385. FTE 1390 EN 1385. FTE 1390,0
2026-05-24,B_05,15,S,75,,S,,57908,Matutino,2026-05-24 03:22:13,,179003,"POINT (  574625.751855206,   6137010.45180982)",Q F ANDRES MARTINEZ TRUEBA 1278 ,0
2026-05-24,B_05,16,S,75,,S,"Basura Afuera, Escombro",57908,Matutino,2026-05-24 03:23:51,,178091,"POINT (  574620.378885683,   6136925.08752365)",Q F ANDRES MARTINEZ TRUEBA 1227 EN 1245 EN 1245,0
2026-05-24,B_05,17,S,75,,S,Basura Afuera,57908,Matutino,2026-05-24 03:25:00,,178092,"POINT (  574626.405251032,   6136856.97704028)",Q F ANDRES MARTINEZ TRUEBA 1204 FTE 1206 FTE 1206,0
2026-05-24,B_05,18,S,75,,S,"Basura Afuera, Escombro",57908,Matutino,2026-05-24 03:27:18,,178093,"POINT (  574635.005376582,   6136755.09380110)",Q F ANDRES MARTINEZ TRUEBA 1151 FTE 1058 FTE 1058,0
2026-05-24,B_05,19,S,75,,S,Basura Afuera,57908,Matutino,2026-05-24 03:36:26,,183723,"POINT (  574677.322708061,   6136412.09412244)",Q F ANDRES MARTINEZ TRUEBA 984 ,0
2026-05-24,B_05,20,S,75,,S,,57908,Matutino,2026-05-24 02:59:59,,178098,"POINT (  574699.522202125,   6136345.61326538)",AV GONZALO RAMIREZ 1513 EN 1510/1520 EN 1510/1520,0
2026-05-24,B_05,21,N,,Contenedor Fuera de Alcance,S,,57908,Matutino,2026-05-24 02:53:32,,178099,"POINT (  574767.159351349,   6136232.74929699)",SALTO Esq. CEBOLLATI (*) (*),0
2026-05-24,B_05,22,S,75,,S,,57908,Matutino,2026-05-24 02:55:48,,179496,"POINT (  574692.538333272,   6136263.63115198)",DR CARLOS MARIA MORALES Esq. CEBOLLATI EN 926 EN 926,0
2026-05-24,B_05,23,S,75,,S,,57908,Matutino,2026-05-24 02:54:01,,178100,"POINT (  574655.647496203,   6136288.86924437)",DR CARLOS MARIA MORALES Esq. CEBOLLATI EN 932 EN 932,0
2026-05-24,B_05,24,S,75,,S,,57908,Matutino,2026-05-24 02:54:25,,179493,"POINT (  574652.739212114,   6136290.49869749)",AV GONZALO RAMIREZ Esq. Q F ANDRES MARTINEZ TRUEBA EN 932 EN 932,0
2026-05-24,B_05,25,S,75,,S,,57908,Matutino,2026-05-24 02:58:22,,178102,"POINT (  574627.252708659,   6136341.97390151)",AV GONZALO RAMIREZ 1485 FTE 1485 FTE 1485,0
2026-05-24,B_05,26,S,75,,S,,57908,Matutino,2026-05-24 03:02:28,,178103,"POINT (  574773.517617647,   6136293.76297872)",SALTO 918 FTE 913 FTE 913,0
2026-05-24,B_05,27,N,,Contenedor Fuera de Alcance,S,,57908,Matutino,2026-05-24 03:00:21,,178104,"POINT (  574897.683822957,   6136222.28390418)",DR LORENZO CARNELLI 896 (*) (*),0
2026-05-24,B_05,28,N,,Contenedor Fuera de Alcance,S,,57908,Matutino,2026-05-24 03:00:35,,178105,"POINT (  575102.867057985,   6136246.53388381)",MAGALLANES 895 (*) (*),0
2026-05-24,B_05,29,N,,Contenedor Fuera de Alcance,S,,57908,Matutino,2026-05-24 03:42:15,,178106,"POINT (  575103.185163834,   6136244.09507229)",MAGALLANES 895 (*) (*),0
2026-05-24,B_05,30,S,75,,S,,57908,Matutino,2026-05-24 04:34:56,,178107,"POINT (  574893.040530399,   6136399.97766800)",DR LORENZO CARNELLI 962 EN 964/MURO EN 964/MURO,0
2026-05-24,B_05,31,S,50,,S,,57908,Matutino,2026-05-24 04:35:01,,178108,"POINT (  574892.852206482,   6136401.35871005)",DR LORENZO CARNELLI 962 EN 964/MURO EN 964/MURO,0
2026-05-24,B_05,32,S,75,,S,,57908,Matutino,2026-05-24 04:24:45,,178110,"POINT (  574866.361308802,   6136721.66630581)",DR LORENZO CARNELLI 1164 ,0
2026-05-24,B_05,33,S,50,,S,,57908,Matutino,2026-05-24 04:24:39,,178111,"POINT (  574866.110210246,   6136722.63931271)",DR LORENZO CARNELLI 1164 ,0
2026-05-24,B_05,34,S,75,,S,Basura Afuera,57908,Matutino,2026-05-24 04:54:57,,178112,"POINT (  574963.097027579,   6136786.98331774)",MINAS 1159 FTE 1159 FTE 1159,0
2026-05-24,B_05,35,S,50,,S,Basura Afuera,57908,Matutino,2026-05-24 04:55:09,,179572,"POINT (  574962.902490676,   6136790.33001210)",MINAS 1159 FTE 1159 FTE 1159,0
2026-05-24,B_05,36,S,50,,S,Basura Afuera,57908,Matutino,2026-05-24 04:57:26,,178113,"POINT (  574952.986185170,   6136912.06433886)",MINAS 1226 ,0
2026-05-24,B_05,37,S,75,,S,Basura Afuera,57908,Matutino,2026-05-24 04:57:48,,179491,"POINT (  574946.650072148,   6136991.25199321)",MINAS 1258 FTE 1259 FTE 1259,0
2026-05-24,B_05,38,S,75,,S,,57908,Matutino,2026-05-24 04:09:00,,180346,"POINT (  574955.327155119,   6137088.34543464)",MINAS 1318 EN 1324 EN 1324,0
2026-05-24,B_05,39,S,75,,S,,57908,Matutino,2026-05-24 04:10:39,,178114,"POINT (  574909.915188391,   6137257.74687802)",MINAS 1401 EN 1402 EN 1402,0
2026-05-24,B_05,40,S,50,,S,,57908,Matutino,2026-05-24 04:10:44,,178115,"POINT (  574908.451366223,   6137260.60231477)",MINAS 1401 EN 1402 EN 1402,0
2026-05-24,B_05,41,S,75,,S,,57908,Matutino,2026-05-24 05:19:25,,180654,"POINT (  575050.842470153,   6136962.49657320)",MAGALLANES 1222 ,0
2026-05-24,B_05,42,S,50,,S,,57908,Matutino,2026-05-24 05:19:32,,180655,"POINT (  575051.060335076,   6136960.97151874)",MAGALLANES 1222 ,0
2026-05-24,B_05,43,S,50,,S,,57908,Matutino,2026-05-24 05:19:38,,178116,"POINT (  575054.029806455,   6136920.17423715)",MAGALLANES 1215 FTE 1215. FTE 1215.,0
2026-05-24,B_05,44,S,25,,S,,57908,Matutino,2026-05-24 05:19:48,,178117,"POINT (  575054.154565848,   6136916.04039927)",MAGALLANES 1215 FTE 1215. FTE 1215.,0
2026-05-24,B_05,45,S,50,,S,Basura Afuera,57908,Matutino,2026-05-24 05:26:37,,182178,"POINT (  575046.992687145,   6136851.00149318)",MAGALLANES 1191 ANTES 1185 ANTES 1185,0
2026-05-24,B_05,46,S,25,,S,Basura Afuera,57908,Matutino,2026-05-24 05:26:43,,182179,"POINT (  575047.106452787,   6136848.72618032)",MAGALLANES 1191 ANTES 1185 ANTES 1185,0
2026-05-24,B_05,47,S,50,,S,,57908,Matutino,2026-05-24 05:28:47,,178120,"POINT (  575079.867871411,   6136426.95927469)",MAGALLANES 979 ,0
2026-05-24,B_05,48,S,75,,S,,57908,Matutino,2026-05-24 05:28:53,,178121,"POINT (  575080.007998304,   6136423.65144771)",MAGALLANES 979 ,0
2026-05-24,B_05,49,S,75,,S,,57908,Matutino,2026-05-24 05:32:42,,178122,"POINT (  575087.527803492,   6136314.02348877)",MAGALLANES 919 ,0
2026-05-24,B_05,50,S,75,,S,,57908,Matutino,2026-05-24 04:37:24,,181084,"POINT (  574932.069333334,   6136260.84226030)",CEBOLLATI 1604 ,0
2026-05-24,B_05,51,S,75,,S,,57908,Matutino,2026-05-24 03:41:31,,178126,"POINT (  574739.022953489,   6136720.63052426)",SALTO 1135 FTE 1135 FTE 1135,0
2026-05-24,B_05,52,S,100,,S,,57908,Matutino,2026-05-24 03:41:39,,178127,"POINT (  574738.834629572,   6136722.95318591)",SALTO 1135 FTE 1135 FTE 1135,0
2026-05-24,B_05,53,S,50,,S,,57908,Matutino,2026-05-24 04:02:18,,178130,"POINT (  574813.159802208,   6137066.89543327)",CONSTITUYENTE 1641 FTE 1641 FTE 1641,0
2026-05-24,B_05,54,S,75,,S,,57908,Matutino,2026-05-24 04:02:09,,178131,"POINT (  574825.840279296,   6137065.63994049)",CONSTITUYENTE 1645 FTE 1647 FTE 1647,0
2026-05-24,B_05,55,N,,Contenedor Fuera de Alcance,S,,57908,Matutino,2026-05-24 03:21:40,,181369,"POINT (  574294.618492634,   6137083.92837711)",EJIDO 1323 SOTERRADO SOTERRADO,0
2026-05-24,B_05,56,S,75,,S,,57908,Matutino,2026-05-24 03:17:14,,178132,"POINT (  574471.320911198,   6137038.82951994)",MANUEL FLORES MORA 1427 ,0
2026-05-24,B_05,57,S,75,,S,Basura Afuera,57908,Matutino,2026-05-24 03:19:55,,178133,"POINT (  574522.262124848,   6137043.35494362)",MANUEL FLORES MORA 1457 ,0
2026-05-24,B_05,58,S,75,,S,,57908,Matutino,2026-05-24 02:43:48,,178134,"POINT (  574699.851578722,   6137042.47609868)",SALTO 1287 ,0
2026-05-24,B_05,59,S,100,,S,,57908,Matutino,2026-05-24 02:43:53,,178135,"POINT (  574699.882966042,   6137041.34615518)",SALTO 1287 ,0
2026-05-24,B_05,60,S,75,,S,,57908,Matutino,2026-05-24 02:43:20,,178136,"POINT (  574702.833374077,   6137003.33611123)",SALTO 1265 EN 1269 EN 1269,0
2026-05-24,B_05,61,S,100,,S,,57908,Matutino,2026-05-24 02:43:28,,178137,"POINT (  574702.833374077,   6137001.45287206)",SALTO 1265 EN 1269 EN 1269,0
2026-05-24,B_05,62,S,75,,S,,57908,Matutino,2026-05-24 02:46:16,,178145,"POINT (  574714.070034467,   6136868.30786263)",SALTO 1205 EN 1205/1207 EN 1205/1207,0
2026-05-24,B_05,63,S,75,,S,Basura Afuera,57908,Matutino,2026-05-24 03:33:24,,183725,"POINT (  574669.568367538,   6136638.78742615)",DURAZNO 1509 ,0
2026-05-24,B_05,64,S,75,,S,Basura Afuera,57908,Matutino,2026-05-24 03:33:32,,183724,"POINT (  574670.984489542,   6136638.89635861)",DURAZNO 1509 ,0
2026-05-24,B_05,65,S,50,,S,Basura Afuera,57908,Matutino,2026-05-24 03:30:00,,183515,"POINT (  574678.522655732,   6136638.17540488)",DURAZNO 1515 ,0
2026-05-24,B_05,66,S,75,,S,Basura Afuera,57908,Matutino,2026-05-24 03:29:52,,183516,"POINT (  574682.154891827,   6136638.17540488)",DURAZNO 1515 ,0
2026-05-24,B_05,67,S,75,,S,,57908,Matutino,2026-05-24 03:33:50,,183837,"POINT (  574710.077919826,   6136642.33395251)",DURAZNO 1539 ,0
2026-05-24,B_05,68,S,75,,S,,57908,Matutino,2026-05-24 02:50:42,,183669,"POINT (  574748.579064924,   6136418.16772353)",SALTO 997 ,0
2026-05-24,B_05,69,S,100,,S,,57908,Matutino,2026-05-24 02:50:47,,183670,"POINT (  574748.905862309,   6136416.64266907)",SALTO 997 ,0
2026-05-24,B_05,70,S,75,,S,,57908,Matutino,2026-05-24 03:38:42,,183722,"POINT (  574752.546214161,   6136389.72028214)",SALTO 963 ,0
2026-05-24,B_05,71,S,75,,S,,57908,Matutino,2026-05-24 04:45:18,,183718,"POINT (  574994.026820044,   6136400.86454183)",MINAS 955 ,0
2026-05-24,B_05,72,S,75,,S,,57908,Matutino,2026-05-24 04:45:29,,183717,"POINT (  574993.591090196,   6136403.47892092)",MINAS 963 ,0
2026-05-24,B_05,73,S,75,,S,,57908,Matutino,2026-05-24 04:45:32,,178147,"POINT (  574992.914981130,   6136406.85149098)",MINAS 963 FTE 963 FTE 963,0
2026-05-24,B_05,74,S,75,,S,,57908,Matutino,2026-05-24 04:49:57,,178148,"POINT (  575057.196211518,   6136459.83328634)",SAN SALVADOR 1689 FTE 1689 FTE 1689,0
2026-05-24,B_05,75,S,75,,S,,57908,Matutino,2026-05-24 04:46:35,,183719,"POINT (  575023.995009368,   6136667.21772005)",PLAZA JUAN RAM?N G?MEZ ,0
2026-05-24,B_05,76,S,75,,S,,57908,Matutino,2026-05-24 04:46:41,,178152,"POINT (  575026.344430889,   6136666.24644987)",DURAZNO Esq. NUESTRA SE?ORA DE LA ENCINA (*) FTE 1686 (*) FTE 1686,0
2026-05-24,B_05,77,S,75,,S,,57908,Matutino,2026-05-24 04:46:56,,178153,"POINT (  575028.476756563,   6136666.79430087)",DURAZNO Esq. NUESTRA SE?ORA DE LA ENCINA (*) FTE 1686 (*) FTE 1686,0
2026-05-24,B_05,78,S,75,,S,,57908,Matutino,2026-05-24 04:28:56,,178154,"POINT (  574910.308062518,   6136550.35529339)",ISLA DE FLORES 1617 EN 1614 EN 1614,0
2026-05-24,B_05,79,S,75,,S,,57908,Matutino,2026-05-24 02:49:04,,183851,"POINT (  574758.331182803,   6136552.15420382)",ISLA DE FLORES 1553 ,0
2026-05-24,B_05,80,S,75,,S,,57908,Matutino,2026-05-24 04:33:16,,183720,"POINT (  574843.327445534,   6136636.24161569)",DURAZNO 1596 ,0
2026-05-24,B_05,81,S,75,,S,,57908,Matutino,2026-05-24 04:27:33,,178156,"POINT (  574955.269838805,   6136711.36184515)",MINAS 1123 ,0
2026-05-24,B_05,82,S,75,,S,Basura Afuera,57908,Matutino,2026-05-24 04:20:42,,178157,"POINT (  574820.316111061,   6136912.43843389)",DR LORENZO CARNELLI 1284 FTE 1280. MURO FTE 1280. MURO,0
2026-05-24,B_05,83,S,50,,S,Basura Afuera,57908,Matutino,2026-05-24 04:20:47,,179482,"POINT (  574820.629984256,   6136911.24571575)",DR LORENZO CARNELLI 1284 ,0
2026-05-24,B_05,84,S,75,,S,,57908,Matutino,2026-05-24 03:48:05,,179481,"POINT (  574776.923141821,   6137083.40516336)",CONSTITUYENTE 1607 FTE 1586 FTE 1586,0
2026-05-24,B_05,85,S,75,,S,Basura Afuera,57908,Matutino,2026-05-24 04:07:49,,178158,"POINT (  574922.030307319,   6137041.20499995)",CONSTITUYENTE 1694 EN 1698 EN 1698,0
2026-05-24,B_05,86,S,50,,S,Basura Afuera,57908,Matutino,2026-05-24 04:07:57,,178159,"POINT (  574923.446429323,   6137040.98713503)",CONSTITUYENTE 1694 EN 1698 EN 1698,0
2026-05-24,B_05,87,S,50,,S,Basura Afuera,57908,Matutino,2026-05-24 05:04:28,,178160,"POINT (  574987.547749491,   6137035.47672643)",CONSTITUYENTE 1724 EN 1726 EN 1726,0
2026-05-24,B_05,88,S,50,,S,Basura Afuera,57908,Matutino,2026-05-24 05:04:35,,178163,"POINT (  575080.014792813,   6137011.99901142)",CONSTITUYENTE 1768 EN 1770/1772 EN 1770/1772,0
2026-05-24,B_05,89,S,75,,S,Basura Afuera,57908,Matutino,2026-05-24 05:04:40,,178165,"POINT (  575082.902426209,   6137010.99461720)",CONSTITUYENTE 1774 EN 1770/1772 EN 1770/1772,0
2026-05-24,B_05,90,S,50,,S,,57908,Matutino,2026-05-24 05:04:52,,180656,"POINT (  575085.591925490,   6137010.64472135)",CONSTITUYENTE 1774 ,0
2026-05-24,B_05,91,N,,Contenedor Fuera de Alcance,S,,57908,Matutino,2026-05-24 03:50:16,,178175,"POINT (  575426.781898928,   6136203.96385757)",DR LUIS PIERA 1863 (*) FTE 1863 (*) FTE 1863,0
2026-05-24,B_05,92,S,50,,S,,57908,Matutino,2026-05-24 06:19:58,,178177,"POINT (  575385.915608907,   6136266.29907415)",DR EMILIO FRUGONI 859 FTE 880/886 FTE 880/886,0
2026-05-24,B_05,93,S,75,,S,,57908,Matutino,2026-05-24 06:19:50,,178178,"POINT (  575385.727284989,   6136268.11953868)",DR EMILIO FRUGONI 859 FTE 880/886 FTE 880/886,0
2026-05-24,B_05,94,S,75,,S,,57908,Matutino,2026-05-24 06:22:21,,178179,"POINT (  575391.000354670,   6136355.18796304)",DR EMILIO FRUGONI 920 EN 934 EN 934,0
2026-05-24,B_05,95,S,75,,S,,57908,Matutino,2026-05-24 06:24:48,,178180,"POINT (  575371.295377426,   6136457.49107975)",DR EMILIO FRUGONI 975 EN 981 EN 981,0
2026-05-24,B_05,96,S,75,,S,,57908,Matutino,2026-05-24 06:30:34,,178181,"POINT (  575376.333872881,   6136571.23560565)",DR EMILIO FRUGONI 1044 FTE 1043/1049 FTE 1043/1049,0
2026-05-24,B_05,97,S,50,,S,,57908,Matutino,2026-05-24 06:30:47,,178494,"POINT (  575374.476435923,   6136608.48532304)",DR EMILIO FRUGONI 1064 ,0
2026-05-24,B_05,98,S,75,,S,Basura Afuera,57908,Matutino,2026-05-24 06:41:08,,178183,"POINT (  575368.151993971,   6136681.84430570)",DR EMILIO FRUGONI 1110 ,0
2026-05-24,B_05,99,S,50,,S,Basura Afuera,57908,Matutino,2026-05-24 06:41:13,,178184,"POINT (  575349.820191453,   6136770.69329892)",DR EMILIO FRUGONI 1143 EN 1145 EN 1145,0
2026-05-24,B_05,100,S,50,,S,Basura Afuera,57908,Matutino,2026-05-24 06:41:19,,178185,"POINT (  575346.398973624,   6136817.77427821)",DR EMILIO FRUGONI 1157 FTE 1154 FTE 1154,0
2026-05-24,B_05,101,S,75,,S,Basura Afuera,57908,Matutino,2026-05-24 06:41:25,,183258,"POINT (  575345.579214753,   6136826.33008719)",DR EMILIO FRUGONI 1163 ,0
2026-05-24,B_05,102,S,50,,S,Basura Afuera,57908,Matutino,2026-05-24 06:43:24,,178186,"POINT (  575336.303733968,   6136937.72487740)",DR EMILIO FRUGONI 1900 FTE 1250 FTE 1250,0
2026-05-24,B_05,103,S,75,,S,Basura Afuera,57908,Matutino,2026-05-24 06:44:15,,178187,"POINT (  575341.879199613,   6136989.65123993)",DR EMILIO FRUGONI 1266 EN 1269 EN 1269,0
2026-05-24,B_05,104,S,75,,S,,57908,Matutino,2026-05-24 03:54:25,,178195,"POINT (  574780.516989904,   6137259.67634981)",CARLOS ROXLO 1380 EN 1386 EN 1386,0
2026-05-24,B_05,105,S,100,,S,,57908,Matutino,2026-05-24 03:54:32,,178196,"POINT (  574781.144736294,   6137258.29530775)",CARLOS ROXLO 1380 EN 1386 EN 1386,0
2026-05-24,B_05,106,S,75,,S,,57908,Matutino,2026-05-24 03:57:15,,178204,"POINT (  574809.832746341,   6137176.37440378)",CARLOS ROXLO 1346 FTE 1345 FTE 1345,0
2026-05-24,B_05,107,S,100,,S,,57908,Matutino,2026-05-24 03:57:20,,178205,"POINT (  574810.209394175,   6137175.27584760)",CARLOS ROXLO 1346 FTE 1345 FTE 1345,0
2026-05-24,B_05,108,S,75,,S,,57908,Matutino,2026-05-24 03:57:27,,179571,"POINT (  574810.587951793,   6137174.42383779)",CARLOS ROXLO 1346 FTE 1345 FTE 1345,0
2026-05-24,B_05,109,S,75,,S,,57908,Matutino,2026-05-24 05:06:29,,178206,"POINT (  575147.030753443,   6137021.73133052)",GABOTO 1253 ,0
2026-05-24,B_05,110,S,75,,S,,57908,Matutino,2026-05-24 05:09:06,,178207,"POINT (  575163.042081207,   6137097.97069915)",GABOTO 1295 ,0
2026-05-24,B_05,111,S,75,,S,,57908,Matutino,2026-05-24 05:10:51,,178209,"POINT (  575162.484974843,   6137124.96197441)",GABOTO 1301 FTE 1304 FTE 1304,0
2026-05-24,B_05,112,S,50,,S,,57908,Matutino,2026-05-24 05:10:57,,183075,"POINT (  575162.082641831,   6137127.73309889)",GABOTO 1301 ,0
2026-05-24,B_05,113,S,75,,S,,57908,Matutino,2026-05-24 05:11:13,,183076,"POINT (  575161.597204937,   6137130.88843869)",GABOTO 1301 ,0
2026-05-24,B_05,114,S,50,,S,,57908,Matutino,2026-05-24 05:13:02,,183529,"POINT (  575160.880270080,   6137166.59214744)",GABOTO 1328 ,0
2026-05-24,B_05,115,S,50,,S,,57908,Matutino,2026-05-24 05:13:11,,183530,"POINT (  575159.742613652,   6137169.09499158)",GABOTO 1328 ,0
2026-05-24,B_05,116,S,75,,S,,57908,Matutino,2026-05-24 03:47:31,,179480,"POINT (  574742.836512819,   6137130.73724120)",TACUAREMBO 1384 ,0
2026-05-24,B_05,117,S,75,,S,,57908,Matutino,2026-05-24 03:47:42,,178217,"POINT (  574742.585414262,   6137131.20805099)",TACUAREMBO 1384 FTE 1384/1378 FTE 1384/1378,0
2026-05-24,B_05,118,S,75,,S,,57908,Matutino,2026-05-24 03:49:21,,178220,"POINT (  574714.022953496,   6137201.76674528)",TACUAREMBO 1424 FTE 1429. FTE 1429.,0
2026-05-24,B_05,119,S,75,,S,,57908,Matutino,2026-05-24 03:49:28,,178221,"POINT (  574713.206883189,   6137203.27333662)",TACUAREMBO 1424 FTE 1429 FTE 1429,0
2026-05-24,B_05,120,S,50,,S,,57908,Matutino,2026-05-24 04:16:10,,178237,"POINT (  574960.037531505,   6137349.40686445)",MAGALLANES 1353 VEREDA. FTE 1396. VEREDA. FTE 1396.,0
2026-05-24,B_05,121,S,75,,S,,57908,Matutino,2026-05-24 04:15:59,,178238,"POINT (  574960.885813771,   6137347.49822935)",MAGALLANES 1353 VEREDA. FTE 1396. VEREDA. FTE 1396.,0
2026-05-24,B_05,122,S,75,,S,,57908,Matutino,2026-05-24 05:14:10,,183527,"POINT (  575121.744888965,   6137254.87428623)",GABOTO 1365 ,0
2026-05-24,B_05,123,S,50,,S,,57908,Matutino,2026-05-24 05:14:17,,183528,"POINT (  575120.379701252,   6137257.60466166)",GABOTO 1365 ,0
2026-05-24,B_05,124,S,50,,S,,57908,Matutino,2026-05-24 05:53:23,,178239,"POINT (  575287.280957268,   6137005.28212506)",YARO 1264 EN 1262/1264 EN 1262/1264,0
2026-05-24,B_05,125,S,75,,S,,57908,Matutino,2026-05-24 05:53:17,,178240,"POINT (  575286.402112321,   6137004.40328011)",YARO 1264 EN 1262/1264 EN 1262/1264,0
2026-05-24,B_05,126,S,75,,S,Basura Afuera,57908,Matutino,2026-05-24 05:56:06,,178241,"POINT (  575249.804497757,   6136955.81570949)",YARO 1243 ,0
2026-05-24,B_05,127,S,50,,S,Basura Afuera,57908,Matutino,2026-05-24 05:59:10,,178242,"POINT (  575266.125903909,   6136876.15469254)",YARO 1191 FTE 1191 FTE 1191,0
2026-05-24,B_05,128,S,75,,S,Basura Afuera,57908,Matutino,2026-05-24 05:59:16,,178243,"POINT (  575266.251453187,   6136873.51815770)",YARO 1194 FTE 1191 FTE 1191,0
2026-05-24,B_05,129,S,75,,S,,57908,Matutino,2026-05-24 06:02:05,,183396,"POINT (  575267.513458904,   6136709.37759548)",YARO 1121 PROV OV(O: YARO 1144) PROV OV(O: YARO 1144),0
2026-05-24,B_05,130,S,50,,S,,57908,Matutino,2026-05-24 06:04:41,,178245,"POINT (  575272.717241009,   6136631.45914954)",YARO 1095 ,0
2026-05-24,B_05,131,S,75,,S,,57908,Matutino,2026-05-24 06:04:48,,178246,"POINT (  575275.165451932,   6136597.65500641)",YARO 1067 FTE 1058 FTE 1058,0
2026-05-24,B_05,132,S,50,,S,Basura Afuera,57908,Matutino,2026-05-24 06:09:44,,178247,"POINT (  575280.940718724,   6136532.24383253)",YARO 1021 ,0
2026-05-24,B_05,133,S,75,,S,Basura Afuera,57908,Matutino,2026-05-24 06:09:50,,178248,"POINT (  575298.266519101,   6136428.66567810)",YARO 960 ,0
2026-05-24,B_05,134,S,50,,S,"Basura Afuera, Escombro",57908,Matutino,2026-05-24 06:09:59,,178249,"POINT (  575302.911842390,   6136364.69832091)",YARO 934 EN 934/MURO EN 934/MURO,0
2026-05-24,B_05,135,S,75,,S,,57908,Matutino,2026-05-24 06:14:52,,178250,"POINT (  575341.329921486,   6136293.26078168)",DR LAURO MULLER 1824 FTE 1815 FTE 1815,0
2026-05-24,B_05,136,S,75,,S,,57908,Matutino,2026-05-24 06:15:34,,178251,"POINT (  575343.903681687,   6136293.38633095)",DR LAURO MULLER 1824 FTE 1815 FTE 1815,0
2026-05-24,B_05,137,S,75,,S,,57908,Matutino,2026-05-24 06:11:47,,178254,"POINT (  575252.001610123,   6136319.75167935)",DR HORACIO ABADIE SANTOS 923 FTE 923 FTE 923,0
2026-05-24,B_05,138,S,100,,S,,57908,Matutino,2026-05-24 06:11:54,,178255,"POINT (  575253.633750739,   6136322.89041130)",DR HORACIO ABADIE SANTOS 923 FTE 923 FTE 923,0
2026-05-24,B_05,139,S,75,,S,,57908,Matutino,2026-05-24 05:35:34,,178256,"POINT (  575195.316111064,   6136371.28965801)",GABOTO 945 FTE 945 FTE 945,0
2026-05-24,B_05,140,S,50,,S,,57908,Matutino,2026-05-24 05:35:48,,178257,"POINT (  575195.002237869,   6136373.29844645)",GABOTO 945 FTE 945 FTE 945,0
2026-05-24,B_05,141,S,75,,S,Basura Afuera,57908,Matutino,2026-05-24 05:39:56,,178263,"POINT (  575181.819563670,   6136407.82449793)",GABOTO 955 PDO 957 PDO 957,0
2026-05-24,B_05,142,S,50,,S,Basura Afuera,57908,Matutino,2026-05-24 05:40:07,,178264,"POINT (  575181.694014392,   6136409.20553999)",GABOTO 955 PDO 957 PDO 957,0
2026-05-24,B_05,143,S,75,,S,Basura Afuera,57908,Matutino,2026-05-24 05:43:18,,178265,"POINT (  575165.272863680,   6136622.15998467)",GABOTO 1083 ,0
2026-05-24,B_05,144,S,75,,S,,57908,Matutino,2026-05-24 05:43:38,,178266,"POINT (  575155.579764549,   6136759.92744834)",GABOTO 1141 EN 1147 EN 1147,0
2026-05-24,B_05,145,S,75,,S,Basura Afuera,57908,Matutino,2026-05-24 05:48:07,,178267,"POINT (  575147.921258585,   6136861.12016649)",GABOTO 1191 ,0
2026-05-24,B_05,146,S,75,,S,Basura Afuera,57908,Matutino,2026-05-24 05:48:25,,178268,"POINT (  575153.633750738,   6136936.57528262)",GABOTO 1216 EN 1216/MURO EN 1216/MURO,0
2026-05-24,B_05,147,S,50,,S,Basura Afuera,57908,Matutino,2026-05-24 05:48:21,,178269,"POINT (  575153.508201460,   6136938.33297251)",GABOTO 1216 EN 1216/MURO EN 1216/MURO,0
2026-05-24,B_06,1,S,75,,S,,58758,Matutino,2026-05-24 07:12:16,,178188,"POINT (  575353.668634085,   6137077.72388476)",DR EMILIO FRUGONI 1302 COMERCIO,0
2026-05-24,B_06,2,S,75,,S,,58758,Matutino,2026-05-24 07:17:00,,178189,"POINT (  575329.623511126,   6137147.25059702)",DR EMILIO FRUGONI 1334 EN 1336,0
2026-05-24,B_06,3,S,75,,S,,58758,Matutino,2026-05-24 07:17:19,,179080,"POINT (  575328.811823183,   6137149.72585717)",DR EMILIO FRUGONI 1334 EN 1336,0
2026-05-24,B_06,4,S,75,,S,,58758,Matutino,2026-05-24 07:22:03,,178191,"POINT (  575285.812884854,   6137252.49844251)",DR EMILIO FRUGONI 1386 FTE 1393,0
2026-05-24,B_06,5,S,100,,S,,58758,Matutino,2026-05-24 07:22:11,,183535,"POINT (  575283.740220364,   6137256.49338658)",DR EMILIO FRUGONI 1393,0
2026-05-24,B_06,6,S,75,,S,,58758,Matutino,2026-05-24 07:22:22,,178192,"POINT (  575263.536450078,   6137293.85714077)",DR EMILIO FRUGONI 1409 FTE 1411,0
2026-05-24,B_06,7,S,50,,S,,58758,Matutino,2026-05-24 07:22:31,,178193,"POINT (  575262.657605131,   6137295.48928139)",DR EMILIO FRUGONI 1409 FTE 1411,0
2026-05-24,B_06,8,S,75,,S,,58758,Matutino,2026-05-24 07:23:55,,178194,"POINT (  575224.118404334,   6137370.87900930)",DR EMILIO FRUGONI 1447 FTE 1447,0
2026-05-24,B_06,9,S,75,,S,,58758,Matutino,2026-05-24 06:47:36,,177549,"POINT (  575313.549713608,   6137397.90581784)",EDUARDO ACEVEDO 1442 EN 1444,0
2026-05-24,B_06,10,S,75,,S,,58758,Matutino,2026-05-24 06:47:55,,183894,"POINT (  575316.351245534,   6137394.02320523)",EDUARDO ACEVEDO 1442 PROV por filmación: Eduardo Acevedo y Guayabos,0
2026-05-24,B_06,11,S,75,,S,,58758,Matutino,2026-05-24 07:03:16,,183895,"POINT (  575318.312029848,   6137390.75523137)",EDUARDO ACEVEDO 1442 Prov por filmación en Eduardo acevedo y Guayabos,0
2026-05-24,B_06,12,S,75,,S,,58758,Matutino,2026-05-24 06:49:31,,183896,"POINT (  575319.401354466,   6137388.14085229)",EDUARDO ACEVEDO 1438 PROV por filmación Eduardo Acevedo y Guayabos,0
2026-05-24,B_06,13,S,75,,S,,58758,Matutino,2026-05-24 07:03:22,,179164,"POINT (  575345.994452630,   6137327.17044088)",EDUARDO ACEVEDO 1402,0
2026-05-24,B_06,14,S,75,,S,,58758,Matutino,2026-05-24 07:08:20,,177564,"POINT (  575389.195441630,   6137238.07076696)",EDUARDO ACEVEDO 1360 EN 1360,0
2026-05-24,B_06,15,S,75,,S,,58758,Matutino,2026-05-24 07:08:44,,177565,"POINT (  575409.057087262,   6137150.69736714)",EDUARDO ACEVEDO 1312 FTE 1307,0
2026-05-24,B_06,16,S,50,,S,,58758,Matutino,2026-05-24 07:08:49,,178053,"POINT (  575409.568603418,   6137146.97060658)",EDUARDO ACEVEDO 1312 FTE 1307,0
2026-05-24,B_06,17,S,75,,S,,58758,Matutino,2026-05-24 06:37:46,,178070,"POINT (  575510.921875994,   6137270.17292638)",JUAN D JACKSON Esq. CHANA EN1356,0
2026-05-24,B_06,18,S,100,,S,,58758,Matutino,2026-05-24 06:37:51,,178705,"POINT (  575510.483433575,   6137274.77657178)",JUAN D JACKSON Esq. CHANA EN1356,0
2026-05-24,B_06,19,S,75,,S,,58758,Matutino,2026-05-24 06:40:00,,178303,"POINT (  575493.164958016,   6137334.25859332)",JUAN D JACKSON 1387 EN 1391 (*),0
2026-05-24,B_06,20,S,75,,S,,58758,Matutino,2026-05-24 06:40:31,,178320,"POINT (  575504.512380446,   6137372.03004526)",JUAN D JACKSON 1404,0
2026-05-24,B_06,21,S,100,,S,,58758,Matutino,2026-05-24 06:40:36,,178325,"POINT (  575487.359634532,   6137392.27241622)",JUAN D JACKSON 1411 (*),0
2026-05-24,B_06,22,S,75,,S,,58758,Matutino,2026-05-24 06:44:44,,178326,"POINT (  575483.524237930,   6137433.82254607)",JUAN D JACKSON 1429 EN 1429,0
2026-05-24,B_06,23,S,100,,S,,58758,Matutino,2026-05-24 06:44:48,,178333,"POINT (  575483.311160341,   6137435.84678317)",JUAN D JACKSON 1429 EN 1429,0
2026-05-24,B_06,24,S,75,,S,,58758,Matutino,2026-05-24 06:17:11,,178342,"POINT (  575502.481859425,   6137556.76812108)",ARENAL GRANDE 1435 FTE 1439,0
2026-05-24,B_06,25,S,100,,S,,58758,Matutino,2026-05-24 06:17:14,,178343,"POINT (  575502.847228107,   6137555.05088827)",ARENAL GRANDE 1435 FTE 1439,0
2026-05-24,B_06,26,S,75,,S,,58758,Matutino,2026-05-24 06:21:34,,178344,"POINT (  575534.926598447,   6137429.36406143)",ARENAL GRANDE 1376 FTE 1379,0
2026-05-24,B_06,27,S,75,,S,,58758,Matutino,2026-05-24 06:21:40,,178345,"POINT (  575549.687493227,   6137371.70888330)",ARENAL GRANDE 1356 EN 1354. FARMACIA,0
2026-05-24,B_06,28,S,100,,S,,58758,Matutino,2026-05-24 06:21:45,,178347,"POINT (  575549.906714437,   6137369.73589241)",ARENAL GRANDE 1352 EN 1354. FARMACIA,0
2026-05-24,B_06,29,S,75,,S,,58758,Matutino,2026-05-24 06:22:45,,180522,"POINT (  575587.051058774,   6137255.60691539)",CHANA 2034 PROV OV(O:ARENAL GRANDE1310 ),0
2026-05-24,B_06,30,S,75,,S,,58758,Matutino,2026-05-24 07:05:07,,183974,"POINT (  575585.139636173,   6137254.75918892)",CHANA 2034 Chana al lado de 2036,0
2026-05-24,B_06,31,S,100,,S,,58758,Matutino,2026-05-24 06:55:18,,183716,"POINT (  575388.808744009,   6137356.85893813)",DR JUAN A RODRIGUEZ 1407 PROV O: O Juan a Rodriguez  entre Rodo y Guayabos,0
2026-05-24,B_06,32,S,75,,S,,58758,Matutino,2026-05-24 06:55:12,,183715,"POINT (  575387.719419390,   6137360.12691199)",DR JUAN A RODRIGUEZ 1407 PROV O: O Juan a Rodriguez  entre Rodo y Guayabos,0
2026-05-24,B_06,33,S,100,,S,,58758,Matutino,2026-05-24 06:55:05,,183714,"POINT (  575386.630094771,   6137362.52342615)",DR JUAN A RODRIGUEZ 1411 PROV O: O JUAN A RODRIGUEZ entre Rodo y Guayabos,0
2026-05-24,B_06,34,S,75,,S,,58758,Matutino,2026-05-24 06:54:59,,180981,"POINT (  575365.425283049,   6137489.82350228)",DR JUAN A RODRIGUEZ 1472 EN 1482,0
2026-05-24,B_06,35,S,75,,S,,58758,Matutino,2026-05-24 06:54:53,,180982,"POINT (  575364.628923550,   6137491.98504949)",DR JUAN A RODRIGUEZ 1472 EN 1482,0
2026-05-24,B_06,36,S,100,,S,,58758,Matutino,2026-05-24 03:42:06,,178723,"POINT (  576020.866946415,   6137811.94160906)",CNEL FEDERICO BRANDSEN 2164,0
2026-05-24,B_06,37,S,75,,S,,58758,Matutino,2026-05-24 03:42:14,,178363,"POINT (  576094.652382307,   6137846.60246531)",CNEL FEDERICO BRANDSEN 2194 EN 2196,0
2026-05-24,B_06,38,S,100,,S,,58758,Matutino,2026-05-24 03:42:18,,178389,"POINT (  576096.116916254,   6137847.45393853)",CNEL FEDERICO BRANDSEN 2194 EN 2196,0
2026-05-24,B_06,39,S,75,,S,,58758,Matutino,2026-05-24 03:42:22,,178390,"POINT (  576097.411155556,   6137848.16917604)",CNEL FEDERICO BRANDSEN 2194 EN 2196,0
2026-05-24,B_06,40,S,100,,S,,58758,Matutino,2026-05-24 04:42:05,,178391,"POINT (  576120.795281129,   6137712.48825364)",ACEVEDO DIAZ 1493,0
2026-05-24,B_06,41,S,50,,S,,58758,Matutino,2026-05-24 04:42:10,,178397,"POINT (  576122.512513938,   6137675.33025861)",ACEVEDO DIAZ 1479 EN 1471. MURO IGLESIA,0
2026-05-24,B_06,42,S,75,,S,,58758,Matutino,2026-05-24 04:42:14,,178398,"POINT (  576122.731735148,   6137672.91882530)",ACEVEDO DIAZ 1479 EN 1471. MURO IGLESIA,0
2026-05-24,B_06,43,S,75,,S,,58758,Matutino,2026-05-24 06:01:35,,178400,"POINT (  576341.806797285,   6137534.51716831)",BV GRAL ARTIGAS 1461,0
2026-05-24,B_06,44,S,75,,S,,58758,Matutino,2026-05-24 04:14:39,,178401,"POINT (  576341.806797285,   6137531.66729258)",BV GRAL ARTIGAS 1461,0
2026-05-24,B_06,45,S,100,,S,,58758,Matutino,2026-05-24 04:16:21,,178402,"POINT (  576355.902645388,   6137347.23999507)",BV GRAL ARTIGAS 1353,0
2026-05-24,B_06,46,S,100,,S,,58758,Matutino,2026-05-24 04:17:46,,178403,"POINT (  576363.694488664,   6137266.53000402)",BV GRAL ARTIGAS 1327,0
2026-05-24,B_06,47,S,75,,S,,58758,Matutino,2026-05-24 05:02:38,,179793,"POINT (  576259.507676056,   6137258.09978451)",DR MARIO CASSINONI 1275 PROV OP (O: DR MARIO CASSINONI 1269),0
2026-05-24,B_06,48,S,100,,S,,58758,Matutino,2026-05-24 05:02:46,,178422,"POINT (  576268.513839539,   6137304.70026690)",DR MARIO CASSINONI 1294,0
2026-05-24,B_06,49,S,100,,S,,58758,Matutino,2026-05-24 04:21:04,,178423,"POINT (  576265.006300185,   6137358.70175820)",DR MARIO CASSINONI 1316 MURO,0
2026-05-24,B_06,50,S,100,,S,,58758,Matutino,2026-05-24 04:19:30,,178425,"POINT (  576296.866449315,   6137329.83763227)",CHANA 2371 EN 2373,0
2026-05-24,B_06,51,S,100,,S,,58758,Matutino,2026-05-24 04:25:10,,183661,"POINT (  576245.876422004,   6137418.92998323)",DR MARIO CASSINONI 1355,0
2026-05-24,B_06,52,S,75,,S,,58758,Matutino,2026-05-24 04:24:47,,178427,"POINT (  576242.353441859,   6137490.30755770)",DR MARIO CASSINONI 1393,0
2026-05-24,B_06,53,S,75,,S,,58758,Matutino,2026-05-24 04:25:56,,178428,"POINT (  576238.553607559,   6137534.00565215)",DR MARIO CASSINONI 1411,0
2026-05-24,B_06,54,S,100,,S,,58758,Matutino,2026-05-24 04:28:10,,178441,"POINT (  576233.876888421,   6137595.09529590)",DR MARIO CASSINONI 1441 EN 1447,0
2026-05-24,B_06,55,S,75,,S,,58758,Matutino,2026-05-24 04:29:07,,178442,"POINT (  576219.758869757,   6137756.53635990)",DR MARIO CASSINONI 1505,0
2026-05-24,B_06,56,S,75,,S,,58758,Matutino,2026-05-24 04:33:09,,178443,"POINT (  576229.076887256,   6137805.77849853)",DR MARIO CASSINONI 1532 EN 1536,0
2026-05-24,B_06,57,S,100,,S,,58758,Matutino,2026-05-24 04:33:16,,178444,"POINT (  576228.790179026,   6137808.35887261)",DR MARIO CASSINONI 1536 EN 1536,0
2026-05-24,B_06,58,S,75,,S,,58758,Matutino,2026-05-24 03:52:07,,178721,"POINT (  576211.772083118,   6137858.05113683)",DR MARIO CASSINONI 1559 EN 1559 (*),0
2026-05-24,B_06,59,S,100,,S,,58758,Matutino,2026-05-24 03:52:12,,178722,"POINT (  576211.041345753,   6137862.14326607)",DR MARIO CASSINONI 1559 EN 1559 (*),0
2026-05-24,B_06,60,S,100,,S,,58758,Matutino,2026-05-24 03:55:53,,179145,"POINT (  576220.688483301,   6137901.99469489)",DR MARIO CASSINONI 1574 EN 1578. PROV OP (O: DR MARIO CASSINONI 1581),0
2026-05-24,B_06,61,S,75,,S,,58758,Matutino,2026-05-24 03:56:48,,179146,"POINT (  576220.393787819,   6137904.45049057)",DR MARIO CASSINONI 1574 EN 1578. PROV OP (O: DR MARIO CASSINONI 1581),0
2026-05-24,B_06,62,S,75,,S,,58758,Matutino,2026-05-24 03:57:07,,180608,"POINT (  576220.604570421,   6137908.10208453)",DR MARIO CASSINONI 1578,0
2026-05-24,B_06,63,S,100,,S,,58758,Matutino,2026-05-24 03:57:15,,177933,"POINT (  576214.848538930,   6137984.97544180)",AV 8 DE OCTUBRE 2250 FTE 2285,0
2026-05-24,B_06,64,S,100,,S,,58758,Matutino,2026-05-24 03:57:22,,177934,"POINT (  576216.902026384,   6137990.58009143)",AV 8 DE OCTUBRE 2250 FTE 2285,0
2026-05-24,B_06,65,S,75,,S,,58758,Matutino,2026-05-24 03:57:30,,177935,"POINT (  576219.743407610,   6137996.22279186)",AV 8 DE OCTUBRE 2250 FTE 2285,0
2026-05-24,B_06,66,S,75,,S,,58758,Matutino,2026-05-24 03:03:06,,179380,"POINT (  576280.340942408,   6138191.97755185)",AV 8 DE OCTUBRE 2339,0
2026-05-24,B_06,67,S,100,,S,,58758,Matutino,2026-05-24 03:03:11,,177942,"POINT (  576280.770211596,   6138193.57247590)",AV 8 DE OCTUBRE 2339 FTE 2339. SOBRE TUNEL,0
2026-05-24,B_06,68,S,75,,S,,58758,Matutino,2026-05-24 03:03:16,,177941,"POINT (  576281.473456862,   6138195.36255476)",AV 8 DE OCTUBRE 2339 FTE 2339. SOBRE TUNEL,0
2026-05-24,B_06,69,S,100,,S,,58758,Matutino,2026-05-24 03:03:21,,177939,"POINT (  576282.496359066,   6138197.28049639)",AV 8 DE OCTUBRE 2339 FTE 2339. SOBRE TUNEL,0
2026-05-24,B_06,70,S,100,,S,,58758,Matutino,2026-05-24 04:06:38,,177931,"POINT (  576301.340135619,   6138019.87089525)",BV GRAL ARTIGAS 1653 EN 1657,0
2026-05-24,B_06,71,S,75,,S,,58758,Matutino,2026-05-24 04:06:42,,177932,"POINT (  576301.579878324,   6138015.84321782)",BV GRAL ARTIGAS 1653 EN 1657,0
2026-05-24,B_06,72,S,100,,S,,58758,Matutino,2026-05-24 04:09:02,,178450,"POINT (  576308.448636557,   6137936.89769855)",BV GRAL ARTIGAS 1629 EN 1629/1631,0
2026-05-24,B_06,73,S,100,,S,,58758,Matutino,2026-05-24 04:09:23,,178451,"POINT (  576308.887078976,   6137933.24401173)",BV GRAL ARTIGAS 1629 EN 1629/1631,0
2026-05-24,B_06,74,S,75,,S,,58758,Matutino,2026-05-24 04:11:48,,178452,"POINT (  576321.455761660,   6137770.14343178)",BV GRAL ARTIGAS 1555 EN 1555,0
2026-05-24,B_06,75,S,100,,S,,58758,Matutino,2026-05-24 04:11:54,,178453,"POINT (  576321.821130343,   6137767.29355605)",BV GRAL ARTIGAS 1555 EN 1555,0
2026-05-24,B_06,76,S,100,,S,,58758,Matutino,2026-05-24 04:35:21,,183662,"POINT (  576210.896805229,   6137726.30224684)",ANA MONTERROSO DE LAVALLEJA 2242 PROV O: O Acevedo Diaz 1501,0
2026-05-24,B_06,77,S,75,,S,,58758,Matutino,2026-05-24 04:35:30,,183663,"POINT (  576142.420014161,   6137714.87855229)",ANA MONTERROSO DE LAVALLEJA 2206 PROV O: O Acevedo diaz 1501,0
2026-05-24,B_06,78,S,100,,S,,58758,Matutino,2026-05-24 03:18:47,,180524,"POINT (  575886.068248610,   6137694.75162801)",DR JOAQUIN REQUENA 1519 EN 1519,0
2026-05-24,B_06,79,S,75,,S,,58758,Matutino,2026-05-24 03:18:53,,180523,"POINT (  575884.882510731,   6137696.67845206)",DR JOAQUIN REQUENA 1519 EN 1519,0
2026-05-24,B_06,80,S,100,,S,,58758,Matutino,2026-05-24 03:48:14,,178864,"POINT (  576141.194426303,   6137844.03229854)",FRANCISCO CANARO 2209,0
2026-05-24,B_06,81,S,75,,S,,58758,Matutino,2026-05-24 03:48:11,,178865,"POINT (  576143.598825824,   6137844.26687410)",FRANCISCO CANARO 2209 EN 2209,0
2026-05-24,B_06,82,S,75,,S,,58758,Matutino,2026-05-24 03:15:21,,178461,"POINT (  575923.313508141,   6137685.26828679)",ANA MONTERROSO DE LAVALLEJA 2105,0
2026-05-24,B_06,83,S,100,,S,,58758,Matutino,2026-05-24 03:15:25,,178462,"POINT (  575921.413590991,   6137684.09910700)",ANA MONTERROSO DE LAVALLEJA 2105,0
2026-05-24,B_06,84,S,75,,S,,58758,Matutino,2026-05-24 06:01:19,,180527,"POINT (  575856.550779095,   6137754.12690009)",DR JOAQUIN REQUENA Esq. CNEL FEDERICO BRANDSEN FTE 1568,0
2026-05-24,B_06,85,S,75,,S,,58758,Matutino,2026-05-24 03:23:21,,180526,"POINT (  575855.847241948,   6137755.62191653)",DR JOAQUIN REQUENA 1556 FTE 1568,0
2026-05-24,B_06,86,S,100,,S,,58758,Matutino,2026-05-24 03:23:27,,180525,"POINT (  575855.219276127,   6137756.80438129)",DR JOAQUIN REQUENA 1556 FTE 1568,0
2026-05-24,B_06,87,S,75,,S,,58758,Matutino,2026-05-24 05:16:16,,182219,"POINT (  576007.889816496,   6137519.56415154)",JUAN PAULLIER 1411,0
2026-05-24,B_06,88,S,75,,S,,58758,Matutino,2026-05-24 05:16:21,,182218,"POINT (  576008.117347782,   6137517.28883868)",JUAN PAULLIER 1411,0
2026-05-24,B_06,89,S,100,,S,,58758,Matutino,2026-05-24 05:16:26,,178486,"POINT (  576008.599328214,   6137514.60810171)",JUAN PAULLIER 1411 FTE 1411 (*),0
2026-05-24,B_06,90,S,75,,S,,58758,Matutino,2026-05-24 05:19:01,,178863,"POINT (  576012.609614188,   6137468.89695290)",JUAN PAULLIER 1389 EN 1391,0
2026-05-24,B_06,91,S,75,,S,,58758,Matutino,2026-05-24 05:19:15,,178492,"POINT (  576013.454251568,   6137430.08865550)",JUAN PAULLIER 1365 EN 1365,0
2026-05-24,B_06,92,S,75,,S,,58758,Matutino,2026-05-24 05:23:05,,178493,"POINT (  576029.186670650,   6137369.08767579)",JUAN PAULLIER 1346,0
2026-05-24,B_06,93,S,100,,S,,58758,Matutino,2026-05-24 05:23:13,,178495,"POINT (  576021.045646294,   6137315.31445737)",JUAN PAULLIER 1307,0
2026-05-24,B_06,94,S,75,,S,,58758,Matutino,2026-05-24 05:23:19,,178497,"POINT (  576021.638998862,   6137311.13509557)",JUAN PAULLIER 1307 EN 1294/1298,0
2026-05-24,B_06,95,S,75,,S,,58758,Matutino,2026-05-24 05:27:39,,178498,"POINT (  576028.709388191,   6137204.32744003)",JUAN PAULLIER 1257 FTE 1256,0
2026-05-24,B_06,96,S,75,,S,,58758,Matutino,2026-05-24 05:27:16,,178499,"POINT (  575940.120467543,   6137213.79653865)",DR JOAQUIN REQUENA 1262,0
2026-05-24,B_06,97,S,100,,S,,58758,Matutino,2026-05-24 05:28:27,,179558,"POINT (  575937.416739291,   6137250.66223874)",DR JOAQUIN REQUENA 1286,0
2026-05-24,B_06,98,S,75,,S,,58758,Matutino,2026-05-24 05:28:22,,179559,"POINT (  575937.197518082,   6137252.63522963)",DR JOAQUIN REQUENA 1286,0
2026-05-24,B_06,99,S,75,,S,,58758,Matutino,2026-05-24 05:04:37,,178501,"POINT (  575933.397683782,   6137308.02512192)",DR JOAQUIN REQUENA 1304 EN 1304/1310,0
2026-05-24,B_06,100,S,50,,S,,58758,Matutino,2026-05-24 05:04:52,,178502,"POINT (  575933.032315099,   6137311.09421886)",DR JOAQUIN REQUENA 1310 EN 1304/1310,0
2026-05-24,B_06,101,S,75,,S,,58758,Matutino,2026-05-24 05:12:09,,178503,"POINT (  575922.541328896,   6137443.49939380)",DR JOAQUIN REQUENA 1378 EN 1384,0
2026-05-24,B_06,102,S,75,,S,,58758,Matutino,2026-05-24 05:12:15,,178504,"POINT (  575922.477655001,   6137445.91900180)",DR JOAQUIN REQUENA 1378 EN 1384,0
2026-05-24,B_06,103,S,100,,S,,58758,Matutino,2026-05-24 05:12:20,,178505,"POINT (  575903.218230592,   6137522.56961240)",DR JOAQUIN REQUENA 1415,0
2026-05-24,B_06,104,S,75,,S,,58758,Matutino,2026-05-24 05:12:25,,178508,"POINT (  575902.860933069,   6137525.84542982)",DR JOAQUIN REQUENA 1415,0
2026-05-24,B_06,105,S,75,,S,,58758,Matutino,2026-05-24 05:35:16,,178509,"POINT (  575892.914833740,   6137636.85693634)",DR JOAQUIN REQUENA 1495,0
2026-05-24,B_06,106,S,100,,S,,58758,Matutino,2026-05-24 05:35:20,,178510,"POINT (  575892.622538794,   6137639.85295954)",DR JOAQUIN REQUENA 1495,0
2026-05-24,B_06,107,S,75,,S,,58758,Matutino,2026-05-24 05:35:24,,178512,"POINT (  575892.184096375,   6137642.33746658)",DR JOAQUIN REQUENA 1495,0
2026-05-24,B_06,108,S,100,,S,,58758,Matutino,2026-05-24 03:11:41,,183466,"POINT (  575965.741262179,   6137773.06034871)",JUAN PAULLIER 1541 PROV OV(O:ANA MONTERROSO DE LAVALLEJA 2155),0
2026-05-24,B_06,109,S,75,,S,,58758,Matutino,2026-05-24 03:12:58,,178513,"POINT (  575986.493400027,   6137732.83472365)",JUAN PAULLIER 1509 EN 1509,0
2026-05-24,B_06,110,S,75,,S,,58758,Matutino,2026-05-24 06:03:29,,179560,"POINT (  575987.691470028,   6137731.04898273)",JUAN PAULLIER 1503 EN 1509,0
2026-05-24,B_06,111,S,75,,S,,58758,Matutino,2026-05-24 04:48:17,,178514,"POINT (  576145.327900944,   6137544.68304143)",ACEVEDO DIAZ 1417 FTE 1417,0
2026-05-24,B_06,112,S,75,,S,,58758,Matutino,2026-05-24 04:48:05,,179797,"POINT (  576137.832532394,   6137481.35634506)",ACEVEDO DIAZ 1391,0
2026-05-24,B_06,113,S,100,,S,,58758,Matutino,2026-05-24 04:48:21,,178515,"POINT (  576137.857998612,   6137479.09073916)",ACEVEDO DIAZ 1391,0
2026-05-24,B_06,114,S,75,,S,,58758,Matutino,2026-05-24 04:48:34,,178517,"POINT (  576144.069266217,   6137414.05511364)",ACEVEDO DIAZ 1357 EN 1355,0
2026-05-24,B_06,115,S,100,,S,,58758,Matutino,2026-05-24 04:48:39,,178519,"POINT (  576159.238443292,   6137383.63151865)",ACEVEDO DIAZ 1348 EN 1348/1350,0
2026-05-24,B_06,116,S,75,,S,,58758,Matutino,2026-05-24 04:52:24,,178520,"POINT (  576159.381180386,   6137382.08995804)",ACEVEDO DIAZ 1348 EN 1348/1350,0
2026-05-24,B_06,117,S,75,,S,,58758,Matutino,2026-05-24 04:54:19,,178521,"POINT (  576162.593458429,   6137347.74069773)",ACEVEDO DIAZ 1314,0
2026-05-24,B_06,118,S,75,,S,,58758,Matutino,2026-05-24 04:59:46,,178522,"POINT (  576167.306714436,   6137294.25072259)",ACEVEDO DIAZ 1292 FTE 1295,0
2026-05-24,B_06,119,S,100,,S,,58758,Matutino,2026-05-24 04:59:51,,178533,"POINT (  576173.225687096,   6137222.20001836)",ACEVEDO DIAZ 1260,0
2026-05-24,B_06,120,S,75,,S,,58758,Matutino,2026-05-24 06:00:39,,183909,"POINT (  575712.493779618,   6137298.41225605)",DR PABLO DE MARIA 1301 fte al 1318,0
2026-05-24,B_06,121,S,100,,S,,58758,Matutino,2026-05-24 06:00:50,,183908,"POINT (  575711.984225478,   6137300.83263822)",DR PABLO DE MARIA 1323 1318,0
2026-05-24,B_06,122,S,75,,S,,58758,Matutino,2026-05-24 06:03:42,,181733,"POINT (  575702.198581001,   6137411.06981536)",DR PABLO DE MARIA 1372,0
2026-05-24,B_06,123,S,100,,S,,58758,Matutino,2026-05-24 06:03:47,,181732,"POINT (  575701.402221502,   6137413.00383129)",DR PABLO DE MARIA 1372,0
2026-05-24,B_06,124,S,100,,S,,58758,Matutino,2026-05-24 06:08:36,,178581,"POINT (  575678.490231860,   6137434.99447281)",DR PABLO DE MARIA 1379 EN 1381/1383,0
2026-05-24,B_06,125,S,75,,S,,58758,Matutino,2026-05-24 06:08:04,,178585,"POINT (  575678.024124634,   6137436.32620774)",DR PABLO DE MARIA 1379 EN 1381/1383,0
2026-05-24,B_06,126,S,75,,S,,58758,Matutino,2026-05-24 06:09:07,,178586,"POINT (  575650.456175912,   6137504.11849393)",DR PABLO DE MARIA 1411 EN 1403,0
2026-05-24,B_06,127,S,100,,S,,58758,Matutino,2026-05-24 06:09:11,,178588,"POINT (  575649.140848654,   6137507.33373834)",DR PABLO DE MARIA 1411 EN 1403,0
2026-05-24,B_06,128,S,100,,S,,58758,Matutino,2026-05-24 03:29:41,,178590,"POINT (  575768.968888103,   6137716.17934666)",DR MARTIN C MARTINEZ 1552 FTE 1533,0
2026-05-24,B_06,129,S,75,,S,,58758,Matutino,2026-05-24 03:29:46,,178594,"POINT (  575770.490026131,   6137713.28254351)",DR MARTIN C MARTINEZ 1552 FTE 1533,0
2026-05-24,B_06,130,S,75,,S,,58758,Matutino,2026-05-24 03:29:53,,180378,"POINT (  575783.406114597,   6137672.90447843)",DR MARTIN C MARTINEZ 1533,0
2026-05-24,B_06,131,S,75,,S,,58758,Matutino,2026-05-24 03:30:29,,182188,"POINT (  575720.909722412,   6137587.40267793)",ANA MONTERROSO DE LAVALLEJA 2023,0
2026-05-24,B_06,132,S,100,,S,,58758,Matutino,2026-05-24 03:30:39,,182187,"POINT (  575719.317003413,   6137586.60631843)",ANA MONTERROSO DE LAVALLEJA 2023,0
2026-05-24,B_06,133,S,100,,S,,58758,Matutino,2026-05-24 05:43:07,,178602,"POINT (  575755.939339465,   6137662.86453147)",DR JOAQUIN DE SALTERAIN 1536 EN 1538,0
2026-05-24,B_06,134,S,75,,S,,58758,Matutino,2026-05-24 05:42:56,,178604,"POINT (  575756.762372360,   6137661.57630607)",DR JOAQUIN DE SALTERAIN 1536 EN 1538,0
2026-05-24,B_06,135,S,75,,S,,58758,Matutino,2026-05-24 05:44:17,,178608,"POINT (  575812.022207394,   6137515.22570188)",DR JOAQUIN DE SALTERAIN 1454,0
2026-05-24,B_06,136,S,100,,S,,58758,Matutino,2026-05-24 05:44:20,,178611,"POINT (  575812.095281131,   6137512.74119484)",DR JOAQUIN DE SALTERAIN 1454,0
2026-05-24,B_06,137,S,75,,S,,58758,Matutino,2026-05-24 05:47:17,,178614,"POINT (  575816.479705323,   6137464.87789741)",DR JOAQUIN DE SALTERAIN 1448,0
2026-05-24,B_06,138,S,50,,S,,58758,Matutino,2026-05-24 05:47:21,,178615,"POINT (  575816.479705323,   6137462.97798026)",DR JOAQUIN DE SALTERAIN 1448,0
2026-05-24,B_06,139,S,75,,S,,58758,Matutino,2026-05-24 05:47:29,,178624,"POINT (  575823.153326107,   6137389.91086908)",DR JOAQUIN DE SALTERAIN 1408 FTE 1403,0
2026-05-24,B_06,140,S,75,,S,,58758,Matutino,2026-05-24 05:53:33,,178625,"POINT (  575818.287137293,   6137261.75509817)",DR JOAQUIN DE SALTERAIN 1345 EN 1347,0
2026-05-24,B_06,141,S,100,,S,,58758,Matutino,2026-05-24 05:54:14,,178627,"POINT (  575818.425264532,   6137260.51195302)",DR JOAQUIN DE SALTERAIN 1345,0
2026-05-24,B_06,142,S,75,,S,,58758,Matutino,2026-05-24 05:56:47,,178628,"POINT (  575837.906518795,   6137192.74601054)",DR JOAQUIN DE SALTERAIN 1306,0
2026-05-24,B_06,143,S,75,,S,,58758,Matutino,2026-05-24 06:47:02,,178629,"POINT (  575500.298728215,   6137238.42675712)",JUAN D JACKSON 1345,0
2026-05-24,B_06,144,S,100,,S,,58758,Matutino,2026-05-24 06:47:07,,178630,"POINT (  575499.967222841,   6137240.41578936)",JUAN D JACKSON 1345,0
2026-05-24,B_06,145,S,75,,S,,58758,Matutino,2026-05-24 06:25:54,,178632,"POINT (  575612.465758536,   6137340.32579374)",JUAN MANUEL BLANES 1392 FTE 1395,0
2026-05-24,B_06,146,S,75,,S,,58758,Matutino,2026-05-24 06:27:20,,178634,"POINT (  575607.693090993,   6137238.92987748)",JUAN MANUEL BLANES 1345 EN 1345,0
2026-05-24,B_06,147,S,75,,S,,58758,Matutino,2026-05-24 05:38:02,,178638,"POINT (  575741.798346582,   6137515.81029178)",MIGUEL DEL CORRO 1420 MURO,0
2026-05-24,B_06,148,S,75,,S,,58758,Matutino,2026-05-24 03:33:29,,178642,"POINT (  575649.433143600,   6137552.85867620)",ANA MONTERROSO DE LAVALLEJA 2001 EN 2001,0
2026-05-24,B_06,149,S,100,,S,,58758,Matutino,2026-05-24 03:33:23,,178643,"POINT (  575647.825521396,   6137551.83564389)",ANA MONTERROSO DE LAVALLEJA 2001 EN 2001,0
2026-05-24,B_06,150,S,75,,S,,58758,Matutino,2026-05-24 03:39:14,,183848,"POINT (  575603.030878344,   6137640.04228408)",DR PABLO DE MARIA 1518,0
2026-05-24,B_06,151,S,75,,S,,58758,Matutino,2026-05-24 03:39:19,,178647,"POINT (  575601.935214850,   6137641.24136054)",DR PABLO DE MARIA 1518,0
2026-05-24,B_06,152,S,100,,S,,58758,Matutino,2026-05-24 03:39:23,,178650,"POINT (  575601.167940617,   6137643.14127769)",DR PABLO DE MARIA 1518,0
2026-05-24,B_06,153,S,75,,S,,58758,Matutino,2026-05-24 06:47:18,,183672,"POINT (  575960.281251634,   6137815.51116144)",JUAN PAULLIER 1574 PROV O: Juan Paullier 1624,0
2026-05-24,B_06,154,S,75,,S,,58758,Matutino,2026-05-24 06:47:23,,183671,"POINT (  575961.479508715,   6137814.20397190)",JUAN PAULLIER 1574 PROV O: Juan Paullier 1624,0
2026-05-24,B_06,155,S,75,,S,,58758,Matutino,2026-05-24 03:07:14,,178651,"POINT (  575962.362849795,   6137812.40815232)",JUAN PAULLIER 1574 EN 1586,0
2026-05-24,B_02,1,S,50,,S,,57873,Nocturno,2026-05-24 19:35:05,,178199,"POINT (  573359.749140633,   6136960.37752374)",CONVENCION 1303 EN 1311 EN 1311,0
2026-05-24,B_02,2,S,50,,S,,57873,Nocturno,2026-05-24 19:35:10,,178200,"POINT (  573359.912539325,   6136958.58013812)",CONVENCION 1303 EN 1311 EN 1311,0
2026-05-24,B_02,3,S,75,,S,,57873,Nocturno,2026-05-24 20:42:34,,178201,"POINT (  573379.574384611,   6136911.50049783)",CONVENCION 1290 EN 1284/CASA TAPEADA EN 1284/CASA TAPEADA,0
2026-05-24,B_02,4,S,100,,S,,57873,Nocturno,2026-05-24 23:24:06,,178202,"POINT (  573379.612294227,   6136910.13242570)",CONVENCION 1278 EN 1284/CASA TAPEADA EN 1284/CASA TAPEADA,0
2026-05-24,B_02,5,S,50,,S,Basura Afuera,57873,Nocturno,2026-05-24 21:19:12,,178281,"POINT (  573385.962091538,   6136823.97909946)",CONVENCION 1240 FTE 1245 FTE 1245,0
2026-05-24,B_02,6,S,75,,S,Basura Afuera,57873,Nocturno,2026-05-24 20:42:19,,182209,"POINT (  573386.332541297,   6136822.56329486)",CONVENCION 1240 ,0
2026-05-24,B_02,7,S,75,,S,Basura Afuera,57873,Nocturno,2026-05-24 19:35:30,,182210,"POINT (  573386.332541297,   6136820.82037547)",CONVENCION 1240 ,0
2026-05-24,B_02,8,S,50,,S,Basura Afuera,57873,Nocturno,2026-05-24 19:35:33,,178284,"POINT (  573381.509709642,   6136691.04473090)",CONVENCION 1169 EN 1177 EN 1177,0
2026-05-24,B_02,9,S,75,,S,Basura Afuera,57873,Nocturno,2026-05-24 19:35:36,,178285,"POINT (  573381.806734790,   6136688.84674480)",CONVENCION 1169 EN 1177 EN 1177,0
2026-05-24,B_02,10,S,50,,S,,57873,Nocturno,2026-05-24 19:35:39,,178286,"POINT (  573384.499473753,   6136664.86168043)",CONVENCION 1161 EN 1163 EN 1163,0
2026-05-24,B_02,11,S,100,,S,,57873,Nocturno,2026-05-24 19:35:42,,178287,"POINT (  573389.172958480,   6136613.58057210)",CONVENCION 1147 FTE 1144 FTE 1144,0
2026-05-24,B_02,12,N,,Contenedor No Está,S,,57873,Nocturno,2026-05-24 19:35:46,,179398,"POINT (  573412.019782075,   6136496.19875586)",CONVENCION 1060 ,0
2026-05-24,B_02,13,S,50,,S,,57873,Nocturno,2026-05-24 19:35:48,,179364,"POINT (  573413.110368937,   6136490.04409986)",CONVENCION 1060 S/NUM. ESQ RBLA S/NUM. ESQ RBLA,0
2026-05-24,B_02,14,S,25,,S,Basura Afuera,57873,Nocturno,2026-05-24 19:35:54,,179365,"POINT (  573413.166866113,   6136488.23619025)",CONVENCION 1060 S/NUM. ESQ RBLA S/NUM. ESQ RBLA,0
2026-05-24,B_02,15,S,75,,S,Basura Afuera,57873,Nocturno,2026-05-24 19:43:12,,178414,"POINT (  573344.869647169,   6136525.55317733)",DURAZNO 875 FTE 875 FTE 875,0
2026-05-24,B_02,16,S,50,,S,Basura Afuera,57873,Nocturno,2026-05-24 19:43:16,,179576,"POINT (  573347.866801733,   6136526.05912414)",DURAZNO 875 FTE 875 FTE 875,0
2026-05-24,B_02,17,S,50,,S,Basura Afuera,57873,Nocturno,2026-05-24 19:43:20,,178726,"POINT (  573606.001317096,   6136465.89966812)",JULIO HERRERA Y OBES 1053 MURO MURO,0
2026-05-24,B_02,18,S,25,,S,,57873,Nocturno,2026-05-24 19:43:22,,178727,"POINT (  573606.120127156,   6136462.92941663)",JULIO HERRERA Y OBES 1053 MURO MURO,0
2026-05-24,B_02,19,S,50,,S,Basura Afuera,57873,Nocturno,2026-05-24 19:43:25,,178728,"POINT (  573606.357747275,   6136459.66214000)",JULIO HERRERA Y OBES 1053 MURO MURO,0
2026-05-24,B_02,20,S,50,,S,,57873,Nocturno,2026-05-24 19:53:02,,178729,"POINT (  573515.402052040,   6136485.96757632)",WILSON FERREIRA ALDUNATE 1074 EN 1080 EN 1080,0
2026-05-24,B_02,21,S,25,,S,,57873,Nocturno,2026-05-24 19:53:11,,178730,"POINT (  573515.320477401,   6136487.33922994)",WILSON FERREIRA ALDUNATE 1074 EN 1080 EN 1080,0
2026-05-24,B_02,22,S,25,,S,,57873,Nocturno,2026-05-24 19:53:05,,178731,"POINT (  573515.304696188,   6136489.60546490)",WILSON FERREIRA ALDUNATE 1074 EN 1080 EN 1080,0
2026-05-24,B_02,23,S,50,,S,,57873,Nocturno,2026-05-24 20:04:07,,178732,"POINT (  573499.438052553,   6136691.62602075)",WILSON FERREIRA ALDUNATE 1168 FTE 1171 FTE 1171,0
2026-05-24,B_02,24,S,50,,S,,57873,Nocturno,2026-05-24 20:04:04,,181178,"POINT (  573496.654263823,   6136731.38301229)",WILSON FERREIRA ALDUNATE 1192 ,0
2026-05-24,B_02,25,S,25,,S,,57873,Nocturno,2026-05-24 20:04:01,,181177,"POINT (  573496.711146644,   6136732.97573129)",WILSON FERREIRA ALDUNATE 1192 ,0
2026-05-24,B_02,26,S,50,,S,,57873,Nocturno,2026-05-24 20:03:58,,178735,"POINT (  573491.082044978,   6136803.59654341)",WILSON FERREIRA ALDUNATE 1226 EN 1228 EN 1228,0
2026-05-24,B_02,27,S,50,,S,,57873,Nocturno,2026-05-24 20:03:55,,178736,"POINT (  573491.083189265,   6136804.62736554)",WILSON FERREIRA ALDUNATE 1226 EN 1228 EN 1228,0
2026-05-24,B_02,28,S,75,,S,,57873,Nocturno,2026-05-24 20:03:53,,178737,"POINT (  573488.466460894,   6136834.33585706)",WILSON FERREIRA ALDUNATE 1238 EN 1244 EN 1244,0
2026-05-24,B_02,29,S,50,,S,,57873,Nocturno,2026-05-24 20:03:47,,178738,"POINT (  573486.464826907,   6136863.74762177)",WILSON FERREIRA ALDUNATE 1262 EN 1252 EN 1252,0
2026-05-24,B_02,30,N,,Contenedor No Está,S,,57873,Nocturno,2026-05-24 20:03:44,,183405,"POINT (  573460.086132236,   6137021.13736130)",WILSON FERREIRA ALDUNATE 1333 ,0
2026-05-24,B_02,31,S,75,,S,,57873,Nocturno,2026-05-24 20:03:34,,178739,"POINT (  573486.278213057,   6136865.74372265)",WILSON FERREIRA ALDUNATE 1262 EN 1252 EN 1252,0
2026-05-24,B_02,32,N,,Contenedor No Está,S,,57873,Nocturno,2026-05-24 20:03:38,,183404,"POINT (  573460.313146992,   6137024.31556788)",WILSON FERREIRA ALDUNATE 1333 ,0
2026-05-24,B_02,33,S,100,,S,,57873,Nocturno,2026-05-24 20:17:28,,178940,"POINT (  573467.644267244,   6137099.57799815)",RIO BRANCO 1364 EN 1366 EN 1366,0
2026-05-24,B_02,34,S,50,,S,Basura Afuera,57873,Nocturno,2026-05-24 20:30:50,,178742,"POINT (  573422.558585204,   6137497.34919981)",RIO BRANCO 1569 FTE 1558 FTE 1558,0
2026-05-24,B_02,35,S,75,,S,Basura Afuera,57873,Nocturno,2026-05-24 20:30:48,,178743,"POINT (  573422.380370114,   6137499.84421106)",RIO BRANCO 1569 FTE 1558 FTE 1558,0
2026-05-24,B_02,36,S,50,,S,Basura Afuera,57873,Nocturno,2026-05-24 20:30:42,,178744,"POINT (  573418.222018031,   6137569.94214617)",RIO BRANCO 1593 S/NUM. ESQ CERRO LARGO S/NUM. ESQ CERRO LARGO,0
2026-05-24,B_02,37,S,25,,S,,57873,Nocturno,2026-05-24 19:00:56,,178745,"POINT (  573624.522205061,   6137731.93282837)",RIO NEGRO 1660 EN 1664 EN 1664,0
2026-05-24,B_02,38,S,75,,S,,57873,Nocturno,2026-05-24 20:42:45,,178746,"POINT (  573506.779236612,   6137730.82522798)",JULIO HERRERA Y OBES 1674 FTE 1674 FTE 1674,0
2026-05-24,B_02,39,S,50,,S,Basura Afuera,57873,Nocturno,2026-05-24 20:42:49,,178747,"POINT (  573507.118219663,   6137726.75743137)",JULIO HERRERA Y OBES 1674 FTE 1674 FTE 1674,0
2026-05-24,B_02,40,S,25,,S,,57873,Nocturno,2026-05-24 20:42:43,,183664,"POINT (  573512.901394771,   6137632.04823290)",JULIO HERRERA Y OBES 1629 PROV O: O Julio Herrera y Obeas 1586 PROV O: O Julio Herrera y Obeas 1586,0
2026-05-24,B_02,41,S,25,,S,,57873,Nocturno,2026-05-24 20:42:30,,178749,"POINT (  573527.824297935,   6137461.82499201)",JULIO HERRERA Y OBES 1537 EN 1541 EN 1541,0
2026-05-24,B_02,42,S,50,,S,,57873,Nocturno,2026-05-24 20:42:28,,178750,"POINT (  573527.883702965,   6137460.63689142)",JULIO HERRERA Y OBES 1537 EN 1541 EN 1541,0
2026-05-24,B_02,43,S,50,,S,,57873,Nocturno,2026-05-24 20:42:24,,183783,"POINT (  573534.284922556,   6137368.32012557)",JULIO HERRERA Y OBES 1495 ,0
2026-05-24,B_02,44,S,50,,S,,57873,Nocturno,2026-05-24 20:50:44,,183665,"POINT (  573535.060059695,   6137359.68196645)",JULIO HERRERA Y OBES 1495 Nueva ubicaci?n Nueva ubicación,0
2026-05-24,B_02,45,S,25,,S,,57873,Nocturno,2026-05-24 20:50:40,,179142,"POINT (  573545.031272892,   6137246.48477782)",JULIO HERRERA Y OBES 1426 EN 1431 EN 1431,0
2026-05-24,B_02,46,S,25,,S,,57873,Nocturno,2026-05-24 20:50:37,,179143,"POINT (  573545.144267242,   6137242.52997555)",JULIO HERRERA Y OBES 1425 EN 1431 EN 1431,0
2026-05-24,B_02,47,S,50,,S,,57873,Nocturno,2026-05-24 20:50:35,,183533,"POINT (  573558.497188282,   6137087.21408874)",JULIO HERRERA Y OBES 1365 ,0
2026-05-24,B_02,48,S,75,,S,,57873,Nocturno,2026-05-24 20:50:32,,183532,"POINT (  573558.497188282,   6137084.25618203)",JULIO HERRERA Y OBES 1365 ,0
2026-05-24,B_02,49,S,50,,S,,57873,Nocturno,2026-05-24 21:00:17,,178758,"POINT (  573569.325688161,   6136922.33363436)",JULIO HERRERA Y OBES 1284 FTE 1284 FTE 1284,0
2026-05-24,B_02,50,S,75,,S,,57873,Nocturno,2026-05-24 21:00:19,,179360,"POINT (  573569.438052553,   6136920.43958008)",JULIO HERRERA Y OBES 1284 FTE 1284 FTE 1284,0
2026-05-24,B_02,51,S,50,,S,,57873,Nocturno,2026-05-24 21:00:22,,178759,"POINT (  573588.534097750,   6136882.02150098)",JULIO HERRERA Y OBES 1258 EN 1262 EN 1262,0
2026-05-24,B_02,52,S,25,,S,,57873,Nocturno,2026-05-24 21:00:24,,178760,"POINT (  573588.816583626,   6136880.66556878)",JULIO HERRERA Y OBES 1258 EN 1262 EN 1262,0
2026-05-24,B_02,53,S,50,,S,,57873,Nocturno,2026-05-24 21:00:27,,180120,"POINT (  573578.773662309,   6136823.42032179)",JULIO HERRERA Y OBES 1239 ,0
2026-05-24,B_02,54,S,25,,S,,57873,Nocturno,2026-05-24 21:00:30,,180121,"POINT (  573578.882594771,   6136821.78633486)",JULIO HERRERA Y OBES 1239 ,0
2026-05-24,B_02,55,S,25,,S,"Basura Afuera, Requiere Mantenimiento",57873,Nocturno,2026-05-24 21:09:38,,178763,"POINT (  573602.390029954,   6136696.41415635)",JULIO HERRERA Y OBES 1170 ,0
2026-05-24,B_02,56,S,75,,S,"Basura Afuera, Requiere Mantenimiento",57873,Nocturno,2026-05-24 21:09:58,,178764,"POINT (  573602.616018655,   6136693.92828064)",JULIO HERRERA Y OBES 1170 ,0
2026-05-24,B_02,57,S,50,,S,Basura Afuera,57873,Nocturno,2026-05-24 21:10:08,,178765,"POINT (  573608.555733375,   6136616.07558334)",JULIO HERRERA Y OBES 1136 EN 1130/1136 EN 1130/1136,0
2026-05-24,B_02,58,S,50,,S,Basura Afuera,57873,Nocturno,2026-05-24 21:10:11,,178766,"POINT (  573608.793353494,   6136613.81819221)",JULIO HERRERA Y OBES 1136 EN 1130/1136 EN 1130/1136,0
2026-05-24,B_02,59,S,25,,S,Basura Afuera,57873,Nocturno,2026-05-24 21:10:14,,178767,"POINT (  573608.852758524,   6136611.91723126)",JULIO HERRERA Y OBES 1126 EN 1130/1136 EN 1130/1136,0
2026-05-24,B_02,60,S,50,,S,,57873,Nocturno,2026-05-24 21:18:55,,178972,"POINT (  573837.089619375,   6136337.73180098)",PARAGUAY 990 ,0
2026-05-24,B_02,61,S,25,,S,,57873,Nocturno,2026-05-24 21:18:58,,178973,"POINT (  573836.685447865,   6136344.60271667)",PARAGUAY 990 ,0
2026-05-24,B_02,62,S,75,,S,,57873,Nocturno,2026-05-24 21:19:01,,179396,"POINT (  573836.339236601,   6136349.04414488)",PARAGUAY 990 ,0
2026-05-24,B_02,63,N,,Contenedor No Está,S,,57873,Nocturno,2026-05-24 21:19:06,,183772,"POINT (  573836.293306015,   6136354.43768572)",PARAGUAY 990 ,0
2026-05-24,B_02,64,S,75,,S,,57873,Nocturno,2026-05-24 21:19:09,,183738,"POINT (  573835.972954466,   6136391.87575229)",PARAGUAY 1020 ,0
2026-05-24,B_02,65,S,75,,S,Basura Afuera,57873,Nocturno,2026-05-24 21:19:19,,183737,"POINT (  573835.101494771,   6136394.49013137)",PARAGUAY 1020 ,0
2026-05-24,B_02,66,S,100,,S,Basura Afuera,57873,Nocturno,2026-05-24 21:19:23,,183773,"POINT (  573831.782027820,   6136407.82114436)",PARAGUAY 1020 ,0
2026-05-24,B_02,67,N,,Contenedor No Está,S,,57873,Nocturno,2026-05-24 21:20:14,,178975,"POINT (  573831.422868291,   6136410.28203657)",PARAGUAY 1020 1024/1034 1024/1034,0
2026-05-24,B_02,68,N,,Contenedor No Está,S,,57873,Nocturno,2026-05-24 21:20:17,,179397,"POINT (  573830.892613507,   6136415.05721678)",PARAGUAY 1030 ,0
2026-05-24,B_02,69,S,100,,S,,57873,Nocturno,2026-05-24 21:20:23,,178432,"POINT (  573820.364366977,   6136553.67059958)",PARAGUAY 1094 EN 1102/FARMACIA EN 1102/FARMACIA,0
2026-05-24,B_02,70,S,75,,S,Basura Afuera,57873,Nocturno,2026-05-24 21:46:31,,178433,"POINT (  573815.374344477,   6136614.67956514)",PARAGUAY 1120 EN 1122 EN 1122,0
2026-05-24,B_02,71,S,50,,S,Basura Afuera,57873,Nocturno,2026-05-24 21:46:27,,178434,"POINT (  573807.748597655,   6136694.56986167)",PARAGUAY 1164 ,0
2026-05-24,B_02,72,S,50,,S,Basura Afuera,57873,Nocturno,2026-05-24 21:46:25,,183758,"POINT (  573801.974048148,   6136788.16204031)",PARAGUAY 1208 ,0
2026-05-24,B_02,73,S,75,,S,Basura Afuera,57873,Nocturno,2026-05-24 21:46:22,,178435,"POINT (  573801.224205784,   6136790.21927507)",PARAGUAY 1208 ,0
2026-05-24,B_02,74,S,50,,S,,57873,Nocturno,2026-05-24 21:46:18,,183777,"POINT (  573796.189592481,   6136892.27348120)",PARAGUAY 1254 ,0
2026-05-24,B_02,75,S,50,,S,,57873,Nocturno,2026-05-24 21:46:15,,178436,"POINT (  573794.208754071,   6136896.73640908)",PARAGUAY 1254 FARMACIA FARMACIA,0
2026-05-24,B_02,76,S,25,,S,,57873,Nocturno,2026-05-24 21:46:10,,178437,"POINT (  573787.929220729,   6136963.50589988)",PARAGUAY 1296 ,0
2026-05-24,B_02,77,S,25,,S,,57873,Nocturno,2026-05-24 21:46:07,,178438,"POINT (  573787.810410670,   6136965.94150610)",PARAGUAY 1296 ,0
2026-05-24,B_02,78,S,25,,S,,57873,Nocturno,2026-05-24 21:45:51,,178439,"POINT (  573786.270762037,   6136996.22070822)",PARAGUAY 1306 EN 1308 EN 1308,0
2026-05-24,B_02,79,S,50,,S,,57873,Nocturno,2026-05-24 21:45:49,,178440,"POINT (  573786.064598456,   6136998.33812160)",PARAGUAY 1306 EN 1308 EN 1308,0
2026-05-24,B_02,80,S,50,,S,,57873,Nocturno,2026-05-24 21:45:37,,183759,"POINT (  573781.315348148,   6137054.25924554)",PARAGUAY 1338 ,0
2026-05-24,B_02,81,S,75,,S,,57873,Nocturno,2026-05-24 21:45:34,,178545,"POINT (  573779.720385896,   6137070.61320001)",PARAGUAY 1338 S/NUM. ESQ 18 DE JULIO S/NUM. ESQ 18 DE JULIO,0
2026-05-24,B_02,82,S,25,,S,,57873,Nocturno,2026-05-24 21:45:30,,178546,"POINT (  573761.373080802,   6137108.33506030)",PARAGUAY 1373 EN 1367 EN 1367,0
2026-05-24,B_02,83,S,25,,S,,57873,Nocturno,2026-05-24 21:45:25,,178547,"POINT (  573760.921103401,   6137111.38590776)",PARAGUAY 1373 EN 1367 EN 1367,0
2026-05-24,B_02,84,S,75,,S,Basura Afuera,57873,Nocturno,2026-05-24 21:45:21,,178548,"POINT (  573756.919795195,   6137161.97810430)",PARAGUAY 1387 EN 1387 EN 1387,0
2026-05-24,B_02,85,S,50,,S,Basura Afuera,57873,Nocturno,2026-05-24 21:45:16,,178549,"POINT (  573756.740312440,   6137165.73619025)",PARAGUAY 1387 EN 1387 EN 1387,0
2026-05-24,B_02,86,S,50,,S,Basura Afuera,57873,Nocturno,2026-05-24 22:08:24,,183760,"POINT (  573766.166631373,   6137211.49184553)",PARAGUAY 1402 ,0
2026-05-24,B_02,87,S,50,,S,Basura Afuera,57873,Nocturno,2026-05-24 22:08:26,,178550,"POINT (  573765.652334570,   6137219.24455299)",PARAGUAY 1402 AL LADO DE 1410 AL LADO DE 1410,0
2026-05-24,B_02,88,S,50,,S,,57873,Nocturno,2026-05-24 22:08:29,,178551,"POINT (  573741.722739437,   6137354.38455002)",PARAGUAY 1473 EN 1491 EN 1491,0
2026-05-24,B_02,89,S,50,,S,,57873,Nocturno,2026-05-24 22:08:32,,178552,"POINT (  573741.496750737,   6137356.70093421)",PARAGUAY 1473 EN 1491 EN 1491,0
2026-05-24,B_02,90,S,50,,S,Basura Afuera,57873,Nocturno,2026-05-24 19:13:17,,178554,"POINT (  573631.144777767,   6137225.23758137)",AV LIB BRIG GRAL LAVALLEJA 1409 (*) FTE 1409 (*) FTE 1409,0
2026-05-24,B_02,91,S,25,,S,Basura Afuera,57873,Nocturno,2026-05-24 19:13:22,,178555,"POINT (  573629.697837662,   6137222.13699543)",AV LIB BRIG GRAL LAVALLEJA 1409 (*) FTE 1409 (*) FTE 1409,0
2026-05-24,B_02,92,S,25,,S,,57873,Nocturno,2026-05-24 22:25:41,,178556,"POINT (  573641.054091276,   6137330.06409288)",RIO NEGRO 1467 ,0
2026-05-24,B_02,93,S,25,,S,Fuera de Lugar,57873,Nocturno,2026-05-24 22:25:45,,178558,"POINT (  573635.940695386,   6137586.43000196)",RIO NEGRO 1598 ,0
2026-05-24,B_02,94,S,25,,S,,57873,Nocturno,2026-05-24 22:25:48,,178559,"POINT (  573633.544773336,   6137617.76025624)",RIO NEGRO 1601 FTE 1607. MURO FTE 1607. MURO,0
2026-05-24,B_02,95,S,25,,S,,57873,Nocturno,2026-05-24 22:25:50,,178560,"POINT (  573633.318784636,   6137620.47212065)",RIO NEGRO 1601 FTE 1607. MURO FTE 1607. MURO,0
2026-05-24,B_02,96,S,25,,S,,57873,Nocturno,2026-05-24 18:25:21,,179357,"POINT (  573919.282685321,   6137781.78138799)",CUAREIM 1678 FTE 1680 FTE 1680,0
2026-05-24,B_02,97,S,50,,S,Fuera de Lugar,57873,Nocturno,2026-05-24 18:25:26,,178562,"POINT (  573922.541018160,   6137736.78117224)",CUAREIM Esq. GALICIA S/NUM. ESQ GALICIA S/NUM. ESQ GALICIA,0
2026-05-24,B_02,98,S,75,,S,,57873,Nocturno,2026-05-24 18:25:29,,178563,"POINT (  573925.582120350,   6137699.49325240)",CUAREIM 1643 EN 1647 EN 1647,0
2026-05-24,B_02,99,S,50,,S,,57873,Nocturno,2026-05-24 18:31:43,,178924,"POINT (  573945.692784520,   6137607.50427075)",CUAREIM 1596 ,0
2026-05-24,B_02,100,S,25,,S,,57873,Nocturno,2026-05-24 18:31:45,,178564,"POINT (  573936.373080802,   6137539.01302641)",CUAREIM 1552 FTE 1556 FTE 1556,0
2026-05-24,B_02,101,S,50,,S,,57873,Nocturno,2026-05-24 18:31:48,,178565,"POINT (  573936.599069503,   6137536.35765918)",CUAREIM 1552 FTE 1556 FTE 1556,0
2026-05-24,B_02,102,S,75,,S,,57873,Nocturno,2026-05-24 23:00:54,,178567,"POINT (  573946.778270302,   6137388.78650792)",CUAREIM 1489 FTE 1492 FTE 1492,0
2026-05-24,B_02,103,S,75,,S,,57873,Nocturno,2026-05-24 23:09:14,,178568,"POINT (  573957.785510181,   6137263.25031454)",CUAREIM 1425 FTE 1430 FTE 1430,0
2026-05-24,B_02,104,S,25,,S,,57873,Nocturno,2026-05-24 23:09:18,,183674,"POINT (  573967.372289543,   6137132.59142615)",CUAREIM 1351 ,0
2026-05-24,B_02,105,S,100,,S,Basura Afuera,57873,Nocturno,2026-05-24 23:09:22,,178570,"POINT (  573971.668977770,   6137071.62305404)",ZELMAR MICHELINI 1337 EN 1337 BIS EN 1337 BIS,0
2026-05-24,B_02,106,S,50,,S,Basura Afuera,57873,Nocturno,2026-05-24 23:09:25,,179355,"POINT (  573988.406979107,   6137030.25596426)",ZELMAR MICHELINI 1326 FTE 1317 FTE 1317,0
2026-05-24,B_02,107,S,25,,S,Basura Afuera,57873,Nocturno,2026-05-24 23:09:28,,179356,"POINT (  573988.858956508,   6137028.22206595)",ZELMAR MICHELINI 1326 FTE 1317 FTE 1317,0
2026-05-24,B_02,108,S,50,,S,Basura Afuera,57873,Nocturno,2026-05-24 23:23:43,,178571,"POINT (  573985.271385887,   6136923.36330889)",ZELMAR MICHELINI 1273 (*) EN 1275. VERIFICAR (*) EN 1275. VERIFICAR,0
2026-05-24,B_02,109,S,50,,S,Basura Afuera,57873,Nocturno,2026-05-24 23:23:48,,179354,"POINT (  573985.384380238,   6136922.23336539)",ZELMAR MICHELINI 1273 (*) EN 1275. VERIFICAR (*) EN 1275. VERIFICAR,0
2026-05-24,B_02,110,S,25,,S,,57873,Nocturno,2026-05-24 23:23:53,,178597,"POINT (  573991.110210239,   6136838.61545838)",ZELMAR MICHELINI 1223 EN 1225 EN 1225,0
2026-05-24,B_02,111,S,50,,S,,57873,Nocturno,2026-05-24 23:23:57,,178925,"POINT (  573991.298534156,   6136837.42274024)",ZELMAR MICHELINI 1223 EN 1225 EN 1225,0
2026-05-24,B_02,112,S,75,,S,Basura Afuera,57873,Nocturno,2026-05-24 23:24:01,,178598,"POINT (  574011.606129888,   6136775.93498129)",ZELMAR MICHELINI 1194 EN 1198 EN 1198,0
2026-05-24,B_02,113,S,50,,S,Basura Afuera,57873,Nocturno,2026-05-24 23:24:04,,178934,"POINT (  574011.700291846,   6136774.55393923)",ZELMAR MICHELINI 1194 EN 1198 EN 1198,0
2026-05-24,B_02,114,S,75,,S,Basura Afuera,57873,Nocturno,2026-05-24 23:24:14,,179353,"POINT (  574011.881555379,   6136773.08082301)",ZELMAR MICHELINI 1194 EN 1198 EN 1198,0
2026-05-24,B_02,115,S,50,,S,,57873,Nocturno,2026-05-24 23:24:19,,183733,"POINT (  574005.546414161,   6136659.33718214)",ZELMAR MICHELINI 1141 ,0
2026-05-24,B_02,116,S,25,,S,,57873,Nocturno,2026-05-24 23:24:21,,183734,"POINT (  574005.546414161,   6136653.23696427)",ZELMAR MICHELINI 1135 ,0
2026-05-24,B_02,117,S,50,,S,,57873,Nocturno,2026-05-24 23:26:32,,178622,"POINT (  574012.341431854,   6136567.20128612)",ZELMAR MICHELINI 1099 FTE 1094 FTE 1094,0
2026-05-24,B_02,118,S,50,,S,,57873,Nocturno,2026-05-24 23:26:29,,178652,"POINT (  574012.455197497,   6136565.38103584)",ZELMAR MICHELINI 1099 FTE 1094 FTE 1094,0
2026-05-24,B_02,119,S,50,,S,,57873,Nocturno,2026-05-24 23:26:26,,179369,"POINT (  574012.796494426,   6136563.90208248)",ZELMAR MICHELINI 1099 ,0
2026-05-24,B_02,120,S,75,,S,,57873,Nocturno,2026-05-24 22:26:03,,183785,"POINT (  573928.892687218,   6136482.79576692)",CARLOS GARDEL Esq. HECTOR GUTIERREZ RUIZ ,0
2026-05-24,B_02,121,S,50,,S,,57873,Nocturno,2026-05-24 22:26:07,,178653,"POINT (  573919.847657074,   6136589.29551228)",HECTOR GUTIERREZ RUIZ 1104 FTE 1103 FTE 1103,0
2026-05-24,B_02,122,S,50,,S,,57873,Nocturno,2026-05-24 22:26:09,,178654,"POINT (  573919.621668373,   6136591.66839364)",HECTOR GUTIERREZ RUIZ 1104 FTE 1103 FTE 1103,0
2026-05-24,B_02,123,S,100,,S,Basura Afuera,57873,Nocturno,2026-05-24 22:42:11,,183740,"POINT (  573921.279454466,   6136616.21411765)",HECTOR GUTIERREZ RUIZ 1120 ,0
2026-05-24,B_02,124,S,75,,S,Basura Afuera,57873,Nocturno,2026-05-24 22:42:07,,183739,"POINT (  573921.279454466,   6136621.44287582)",HECTOR GUTIERREZ RUIZ 1120 ,0
2026-05-24,B_02,125,S,50,,S,,57873,Nocturno,2026-05-24 22:42:03,,178655,"POINT (  573909.113193797,   6136758.10907160)",HECTOR GUTIERREZ RUIZ 1189 IGLECIA. FTE 1991 IGLECIA. FTE 1991,0
2026-05-24,B_02,126,S,50,,S,,57873,Nocturno,2026-05-24 22:42:00,,178656,"POINT (  573908.774210746,   6136760.93393036)",HECTOR GUTIERREZ RUIZ 1189 IGLECIA. FTE 1991 IGLECIA. FTE 1991,0
2026-05-24,B_02,127,S,50,,S,,57873,Nocturno,2026-05-24 22:47:59,,178657,"POINT (  573881.722739439,   6136901.41844834)",HECTOR GUTIERREZ RUIZ 1257 EN 1255/1257 EN 1255/1257,0
2026-05-24,B_02,128,S,50,,S,,57873,Nocturno,2026-05-24 22:48:01,,183757,"POINT (  573882.044957081,   6136903.01381307)",HECTOR GUTIERREZ RUIZ 1257 ,0
2026-05-24,B_02,129,S,50,,S,Basura Afuera,57873,Nocturno,2026-05-24 22:47:53,,178659,"POINT (  573891.531284746,   6136962.85467175)",HECTOR GUTIERREZ RUIZ 1290 UTE UTE,0
2026-05-24,B_02,130,S,50,,S,Basura Afuera,57873,Nocturno,2026-05-24 22:47:49,,178660,"POINT (  573891.270762037,   6136966.05121670)",HECTOR GUTIERREZ RUIZ 1290 UTE UTE,0
2026-05-24,B_02,131,S,75,,S,,57873,Nocturno,2026-05-24 22:24:09,,178661,"POINT (  573684.706414136,   6136783.70229194)",RIO NEGRO 1207 EN 1205 EN 1205,0
2026-05-24,B_02,132,S,50,,S,,57873,Nocturno,2026-05-24 22:24:06,,178662,"POINT (  573684.819408486,   6136781.66839364)",RIO NEGRO 1201 EN 1205 EN 1205,0
2026-05-24,B_02,133,S,75,,S,Requiere Mantenimiento,57873,Nocturno,2026-05-24 22:24:03,,178663,"POINT (  573702.594565751,   6136739.64493473)",RIO NEGRO 1186 EN 1192 EN 1192,0
2026-05-24,B_02,134,S,50,,S,,57873,Nocturno,2026-05-24 22:23:45,,183782,"POINT (  573704.330100000,   6136735.61118195)",RIO NEGRO 1186 ,0
2026-05-24,B_02,135,S,50,,S,,57873,Nocturno,2026-05-24 22:48:24,,183784,"POINT (  573691.459884211,   6136680.12407218)",RIO NEGRO 1157 ,0
2026-05-24,B_02,136,S,50,,S,,57873,Nocturno,2026-05-24 22:48:27,,178664,"POINT (  573693.284007827,   6136673.34094950)",RIO NEGRO 1155 FTE 1152. ESQ MALDONADO FTE 1152. ESQ MALDONADO,0
2026-05-24,B_02,137,S,75,,S,Basura Afuera,57873,Nocturno,2026-05-24 22:48:30,,178667,"POINT (  573712.729013006,   6136594.09777217)",RIO NEGRO 1108 EN 1110 EN 1110,0
2026-05-24,B_02,138,S,50,,S,Basura Afuera,57873,Nocturno,2026-05-24 22:48:33,,178668,"POINT (  573712.842007356,   6136591.83788516)",RIO NEGRO 1108 EN 1110 EN 1110,0
2026-05-24,B_02,139,S,25,,S,,57873,Nocturno,2026-05-24 22:25:26,,182141,"POINT (  573707.332164924,   6136501.21625991)",RIO NEGRO 1073 ,0
2026-05-24,B_02,140,S,50,,S,,57873,Nocturno,2026-05-24 19:54:06,,179363,"POINT (  573494.918278542,   6136579.02715070)",WILSON FERREIRA ALDUNATE 1115 ,0
2026-05-24,B_02,141,S,50,,S,,57873,Nocturno,2026-05-24 19:54:09,,179362,"POINT (  573494.579295491,   6136581.06104900)",WILSON FERREIRA ALDUNATE 1115 ,0
2026-05-24,B_02,142,S,25,,S,,57873,Nocturno,2026-05-24 19:54:12,,178670,"POINT (  573486.423977234,   6136663.58422308)",WILSON FERREIRA ALDUNATE 1157 FTE 1156 FTE 1156,0
2026-05-24,B_02,143,S,75,,S,Requiere Mantenimiento,57873,Nocturno,2026-05-24 19:54:21,,178671,"POINT (  573486.280929378,   6136665.02284577)",WILSON FERREIRA ALDUNATE 1157 FTE 1156. MURO FTE 1156. MURO,0
2026-05-24,B_02,144,S,75,,S,,57873,Nocturno,2026-05-24 20:17:54,,178673,"POINT (  573463.406979108,   6136968.39155748)",WILSON FERREIRA ALDUNATE 1301 EN 1305 EN 1305,0
2026-05-24,B_02,145,S,25,,S,,57873,Nocturno,2026-05-24 20:17:50,,178674,"POINT (  573449.061885989,   6137148.25010495)",RIO BRANCO 1391 FTE 1394 FTE 1394,0
2026-05-24,B_02,146,S,75,,S,,57873,Nocturno,2026-05-24 20:17:47,,178675,"POINT (  573448.690657810,   6137151.88810151)",RIO BRANCO 1391 FTE 1394 FTE 1394,0
2026-05-24,B_02,147,S,25,,S,,57873,Nocturno,2026-05-24 20:17:44,,178676,"POINT (  573445.247506646,   6137187.93062831)",RIO BRANCO 1407 ,0
2026-05-24,B_02,148,S,50,,S,,57873,Nocturno,2026-05-24 20:17:41,,178677,"POINT (  573445.037117770,   6137192.29690154)",RIO BRANCO 1407 ,0
2026-05-24,B_02,149,S,100,,S,,57873,Nocturno,2026-05-24 20:19:58,,178678,"POINT (  573440.864606227,   6137253.81528629)",RIO BRANCO 1445 ,0
2026-05-24,B_02,150,S,50,,S,,57873,Nocturno,2026-05-24 20:22:15,,178679,"POINT (  573436.994007435,   6137301.34230410)",RIO BRANCO 1461 EN 1465/1467 EN 1465/1467,0
2026-05-24,B_02,151,S,50,,S,,57873,Nocturno,2026-05-24 20:22:26,,178680,"POINT (  573437.053412464,   6137303.00564494)",RIO BRANCO 1465 EN 1465/1467 EN 1465/1467,0
2026-05-24,B_02,152,S,50,,S,,57873,Nocturno,2026-05-24 20:24:27,,178681,"POINT (  573433.067996057,   6137352.79833714)",RIO BRANCO 1494 FTE 1494 FTE 1494,0
2026-05-24,B_02,153,S,50,,S,,57873,Nocturno,2026-05-24 20:24:30,,179573,"POINT (  573432.834692264,   6137356.83495212)",RIO BRANCO 1494 FTE 1494 FTE 1494,0
2026-05-24,B_02,154,S,50,,S,Basura Afuera,57873,Nocturno,2026-05-24 22:26:38,,180469,"POINT (  573957.276745534,   6137441.48358322)",CUAREIM 1506 EN 1516 EN 1516,0
2026-05-24,B_02,155,S,50,,S,,57873,Nocturno,2026-05-24 18:46:13,,178768,"POINT (  573697.813758770,   6137404.88873262)",AV URUGUAY 1071 ,0
2026-05-24,B_02,156,S,25,,S,,57873,Nocturno,2026-05-24 18:46:16,,178769,"POINT (  573694.649916962,   6137405.11472132)",AV URUGUAY 1071 ,0
2026-05-24,B_02,157,S,25,,S,,57873,Nocturno,2026-05-24 18:53:50,,181981,"POINT (  573633.641944142,   6137436.12602458)",RIO NEGRO 1521 ,0
2026-05-24,B_02,158,S,25,,S,,57873,Nocturno,2026-05-24 18:53:46,,179358,"POINT (  573633.545866231,   6137438.11326128)",RIO NEGRO 1521 AL LADO DE 1529 AL LADO DE 1529,0
2026-05-24,B_02,159,S,50,,S,,57873,Nocturno,2026-05-24 18:53:44,,179359,"POINT (  573633.483091592,   6137438.99210622)",RIO NEGRO 1521 AL LADO DE 1529 AL LADO DE 1529,0
2026-05-24,B_02,160,S,100,,S,,57873,Nocturno,2026-05-24 18:53:40,,178690,"POINT (  573865.497374588,   6137698.70229194)",AV LIB BRIG GRAL LAVALLEJA 1638 EN 1640 EN 1640,0
2026-05-24,B_02,161,S,75,,S,,57873,Nocturno,2026-05-24 18:53:38,,178691,"POINT (  573866.401329391,   6137701.41415635)",AV LIB BRIG GRAL LAVALLEJA 1638 EN 1640 EN 1640,0
2026-05-24,B_02,162,S,50,,S,"Basura Afuera, Requiere Mantenimiento",57873,Nocturno,2026-05-24 18:41:20,,178692,"POINT (  573810.921103402,   6137772.26161397)",AV GRAL RONDEAU 1673 EN 1685/ESTACIONAMIENTO EN 1685/ESTACIONAMIENTO,0
2026-05-24,B_02,163,S,50,,S,,57873,Nocturno,2026-05-24 19:00:51,,178693,"POINT (  573796.572652558,   6137628.66401807)",AV LIB BRIG GRAL LAVALLEJA 1601 EN 1615/FARMACIA EN 1615/FARMACIA,0
2026-05-24,B_02,164,S,50,,S,Basura Afuera,57873,Nocturno,2026-05-24 19:07:08,,178694,"POINT (  573725.238885658,   6137776.05617368)",PARAGUAY 1682 S/F S/F,0
2026-05-24,B_02,165,S,50,,S,Basura Afuera,57873,Nocturno,2026-05-24 19:07:11,,178695,"POINT (  573725.435349312,   6137773.69860983)",PARAGUAY 1682 S/F S/F,0
2026-05-24,B_02,166,S,75,,S,Basura Afuera,57873,Nocturno,2026-05-24 19:07:15,,179350,"POINT (  573725.610368938,   6137772.14861962)",PARAGUAY 1682 ,0
2026-05-24,B_02,167,S,25,,S,,57873,Nocturno,2026-05-24 19:07:18,,178696,"POINT (  573731.835733788,   6137673.84782686)",PARAGUAY 1635 FTE 1637 FTE 1637,0
2026-05-24,B_02,168,S,25,,S,,57873,Nocturno,2026-05-24 19:07:20,,178697,"POINT (  573732.231214014,   6137670.62748788)",PARAGUAY 1631 FTE 1637 FTE 1637,0
2026-05-24,B_02,169,S,50,,S,"Basura Afuera, Fuera de Lugar",57873,Nocturno,2026-05-24 18:34:51,,178698,"POINT (  573859.791159899,   6137610.05822414)",CERRO LARGO 1162 FTE 1157 FTE 1157,0
2026-05-24,B_02,170,S,25,,S,"Basura Afuera, Fuera de Lugar",57873,Nocturno,2026-05-24 18:34:56,,178699,"POINT (  573856.514323740,   6137610.17121849)",CERRO LARGO 1162 FTE 1157 FTE 1157,0
2026-05-24,B_02,171,S,50,,S,,57873,Nocturno,2026-05-24 21:58:44,,178700,"POINT (  573769.056696622,   6137467.91133149)",AV LIB BRIG GRAL LAVALLEJA 1532 EN 1532/AUTOMOVIL CLUB EN 1532/AUTOMOVIL CLUB,0
2026-05-24,B_02,172,S,50,,S,,57873,Nocturno,2026-05-24 21:58:46,,178701,"POINT (  573767.926753119,   6137464.74748968)",AV LIB BRIG GRAL LAVALLEJA 1532 EN 1532/AUTOMOVIL CLUB EN 1532/AUTOMOVIL CLUB,0
2026-05-24,B_02,173,S,75,,S,Basura Afuera,57873,Nocturno,2026-05-24 22:08:10,,182175,"POINT (  573671.368424573,   6137130.21554414)",RIO NEGRO 1362 ,0
2026-05-24,B_02,174,S,50,,S,Basura Afuera,57873,Nocturno,2026-05-24 22:08:13,,182176,"POINT (  573671.823487145,   6137126.80257486)",RIO NEGRO 1362 ,0
2026-05-24,B_02,175,S,100,,S,Basura Afuera,57873,Nocturno,2026-05-24 22:24:46,,178706,"POINT (  573678.139360452,   6137051.28341729)",RIO NEGRO 1338 ,0
2026-05-24,B_02,176,S,25,,S,,57873,Nocturno,2026-05-24 22:24:36,,178707,"POINT (  573682.842007356,   6136991.78138798)",RIO NEGRO 1310 EN 1308/1310 EN 1308/1310,0
2026-05-24,B_02,177,S,25,,S,,57873,Nocturno,2026-05-24 22:24:32,,178708,"POINT (  573683.067996056,   6136988.95652923)",RIO NEGRO 1306 EN 1308/1310 EN 1308/1310,0
2026-05-24,B_02,178,S,50,,S,,57873,Nocturno,2026-05-24 22:24:29,,183781,"POINT (  573683.063000752,   6136985.70353985)",RIO NEGRO 1306 ,0
2026-05-24,B_02,179,S,50,,S,,57873,Nocturno,2026-05-24 22:24:25,,178709,"POINT (  573673.802459333,   6136920.14296990)",RIO NEGRO 1277 EN 1277/1279 EN 1277/1279,0
2026-05-24,B_02,180,S,75,,S,,57873,Nocturno,2026-05-24 22:24:22,,179351,"POINT (  573693.519973458,   6136848.10907160)",RIO NEGRO 1242 EN 1246 EN 1246,0
2026-05-24,B_02,181,S,50,,S,,57873,Nocturno,2026-05-24 22:24:19,,179352,"POINT (  573693.632967808,   6136845.28421284)",RIO NEGRO 1242 EN 1246 EN 1246,0
2026-05-24,B_02,182,S,50,,S,Basura Afuera,57873,Nocturno,2026-05-24 23:00:47,,178716,"POINT (  573869.395679672,   6137235.79268742)",AV GRAL RONDEAU 1414 ,0
2026-05-24,B_02,183,N,,Contenedor No Está,S,,57873,Nocturno,2026-05-24 23:00:42,,179348,"POINT (  573869.282685322,   6137237.37460832)",AV GRAL RONDEAU 1414 ,0
2026-05-24,B_02,184,S,50,,S,,57873,Nocturno,2026-05-24 23:00:38,,183742,"POINT (  573868.741944662,   6137289.26251503)",AV GRAL RONDEAU 1446 ,0
2026-05-24,B_02,185,N,,Contenedor No Está,S,,57873,Nocturno,2026-05-24 23:00:31,,183741,"POINT (  573867.870484967,   6137294.05554336)",MERCEDES 1162 ,0
2026-05-24,B_02,186,S,50,,S,,57873,Nocturno,2026-05-24 23:00:26,,178718,"POINT (  573862.115168297,   6137338.99321510)",AV GRAL RONDEAU 1462 ,0
2026-05-24,B_02,187,N,,Contenedor No Está,S,,57873,Nocturno,2026-05-24 23:00:24,,178719,"POINT (  573859.363982377,   6137385.72635795)",AV GRAL RONDEAU 1492 EN 1494 EN 1494,0
2026-05-24,B_02,188,S,75,,S,Basura Afuera,57873,Nocturno,2026-05-24 23:00:20,,178720,"POINT (  573853.064426337,   6137451.76510819)",AV GRAL RONDEAU 1514 ,0
2026-05-24,B_01,1,S,75,,S,,57874,Nocturno,2026-05-24 21:21:58,,177317,"POINT (  571828.384533332,   6136859.70892200)",JUAN LINDOLFO CUESTAS 1464 FTE 1458 FTE 1458,0
2026-05-24,B_01,2,S,50,,S,,57874,Nocturno,2026-05-24 21:22:01,,177316,"POINT (  571829.283226143,   6136856.93114422)",JUAN LINDOLFO CUESTAS 1464 FTE 1458 FTE 1458,0
2026-05-24,B_01,3,S,100,,S,,57874,Nocturno,2026-05-24 21:22:04,,177318,"POINT (  571952.753106551,   6136643.09245435)",JUAN LINDOLFO CUESTAS Esq. SARANDI ,0
2026-05-24,B_01,4,S,50,,S,,57874,Nocturno,2026-05-24 21:22:07,,177319,"POINT (  572045.439271894,   6136547.92379127)",JUAN LINDOLFO CUESTAS 1258 ,0
2026-05-24,B_01,5,S,75,,S,,57874,Nocturno,2026-05-24 21:22:10,,177320,"POINT (  572048.012801306,   6136546.24895467)",JUAN LINDOLFO CUESTAS 1258 ,0
2026-05-24,B_01,6,S,100,,S,"Basura Afuera, Requiere Limpieza",57874,Nocturno,2026-05-24 21:22:14,,180468,"POINT (  572146.732913508,   6136559.23359804)",MACIEL 1277 ,0
2026-05-24,B_01,7,S,75,,S,,57874,Nocturno,2026-05-24 21:22:16,,177521,"POINT (  572008.204794770,   6136694.83964095)",GUARANI 1360 CASA VEIGE. S/N CASA VEIGE. S/N,0
2026-05-24,B_01,8,S,100,,S,"Basura Afuera, Requiere Limpieza",57874,Nocturno,2026-05-24 21:22:20,,181910,"POINT (  572006.997737884,   6136698.39823550)",GUARANI 1360 ,0
2026-05-24,B_01,9,S,75,,S,,57874,Nocturno,2026-05-24 21:22:22,,181911,"POINT (  571915.530161092,   6136936.85102275)",GUARANI Esq. CERRITO ,0
2026-05-24,B_01,10,S,100,,S,"Basura Afuera, Requiere Limpieza",57874,Nocturno,2026-05-24 21:22:30,,177524,"POINT (  571913.798287059,   6136940.95936295)",GUARANI Esq. CERRITO EN 1480 EN 1480,0
2026-05-24,B_01,11,S,75,,S,,57874,Nocturno,2026-05-24 21:22:33,,183108,"POINT (  571933.579059520,   6136956.40101453)",CERRITO 164 PROV OV (O: MACIEL 1515 FTE.) PROV OV (O: MACIEL 1515 FTE.),0
2026-05-24,B_01,12,S,100,,S,"Basura Afuera, Requiere Limpieza",57874,Nocturno,2026-05-24 21:22:36,,183109,"POINT (  571936.964108886,   6136958.09353921)",CERRITO 164 POR OV (O:MACIEL 1515 FTE) POR OV (O:MACIEL 1515 FTE),0
2026-05-24,B_01,13,S,50,,S,Requiere Limpieza,57874,Nocturno,2026-05-24 21:22:39,,177525,"POINT (  571866.522068601,   6137004.27500273)",PIEDRAS 135 EN 141 EN 141,0
2026-05-24,B_01,14,S,25,,S,Requiere Limpieza,57874,Nocturno,2026-05-24 21:22:42,,177527,"POINT (  571958.186708803,   6137040.99474490)",PIEDRAS 192 FTE 165. MURO FTE 165. MURO,0
2026-05-24,B_01,15,S,75,,S,"Basura Afuera, Requiere Limpieza",57874,Nocturno,2026-05-24 21:22:46,,183110,"POINT (  571983.191189280,   6136886.33754485)",25 DE MAYO 175 PROV OV (O: MACIEL FTE 1467) PROV OV (O: MACIEL FTE 1467),0
2026-05-24,B_01,16,S,100,,S,"Basura Afuera, Requiere Limpieza",57874,Nocturno,2026-05-24 21:22:49,,180531,"POINT (  572062.822849268,   6136907.88030123)",25 DE MAYO 224 LABORATORIO LABORATORIO,0
2026-05-24,B_01,17,S,100,,S,"Basura Afuera, Requiere Limpieza",57874,Nocturno,2026-05-24 21:22:55,,183403,"POINT (  572225.510468785,   6136633.80888797)",PEREZ CASTELLANO 1288 ,0
2026-05-24,B_01,18,S,100,,S,,57874,Nocturno,2026-05-24 21:22:57,,183402,"POINT (  572223.921365493,   6136636.30605029)",PEREZ CASTELLANO 1288 ,0
2026-05-24,B_01,19,S,75,,S,,57874,Nocturno,2026-05-24 21:23:01,,183401,"POINT (  572222.218754824,   6136639.37074949)",PEREZ CASTELLANO 1295 ,0
2026-05-24,B_01,20,S,100,,S,,57874,Nocturno,2026-05-24 21:23:05,,183408,"POINT (  572102.023435982,   6136704.70870182)",MACIEL 1343 ,0
2026-05-24,B_01,21,S,75,,S,,57874,Nocturno,2026-05-24 21:23:08,,177532,"POINT (  572036.878823064,   6136857.96180376)",MACIEL 1419 FTE 1430 FTE 1430,0
2026-05-24,B_01,22,S,100,,S,,57874,Nocturno,2026-05-24 21:23:11,,182171,"POINT (  572123.986177930,   6136645.09138100)",MACIEL 1312 ,0
2026-05-24,B_01,23,S,75,,S,"Basura Afuera, Requiere Limpieza",57874,Nocturno,2026-05-24 21:23:14,,180457,"POINT (  572405.910473421,   6136712.09307517)",FRANCISCO DE ALZAIBAR 1299 PDO 1299 PDO 1299,0
2026-05-24,B_01,24,S,75,,S,,57874,Nocturno,2026-05-24 21:31:55,,180458,"POINT (  572406.291737037,   6136711.38501416)",FRANCISCO DE ALZAIBAR 1299 PDO 1299 PDO 1299,0
2026-05-24,B_01,25,S,100,,S,,57874,Nocturno,2026-05-24 21:32:01,,180459,"POINT (  572406.727466885,   6136710.73141939)",FRANCISCO DE ALZAIBAR 1299 PDO 1299 PDO 1299,0
2026-05-24,B_01,26,S,75,,S,"Basura Afuera, Requiere Limpieza",57874,Nocturno,2026-05-24 21:32:05,,180462,"POINT (  572519.028708646,   6136712.56515757)",ZABALA 1270 ANTES 1266 ANTES 1266,0
2026-05-24,B_01,27,S,100,,S,,57874,Nocturno,2026-05-24 21:32:09,,180463,"POINT (  572519.825068146,   6136710.40361035)",ZABALA 1270 ANTES 1266 ANTES 1266,0
2026-05-24,B_01,28,S,75,,S,,57874,Nocturno,2026-05-24 21:32:13,,180464,"POINT (  572520.621427645,   6136708.35582878)",ZABALA 1264 ANTES 1266 ANTES 1266,0
2026-05-24,B_01,29,S,75,,S,,57874,Nocturno,2026-05-24 21:11:41,,180454,"POINT (  572320.888686928,   6136600.38283551)",RECONQUISTA 293 PDO 293 PDO 293,0
2026-05-24,B_01,30,S,100,,S,"Basura Afuera, Requiere Limpieza",57874,Nocturno,2026-05-24 21:11:38,,180455,"POINT (  572357.094252045,   6136612.64365951)",RECONQUISTA 307 307/309 307/309,0
2026-05-24,B_01,31,S,100,,S,"Basura Afuera, Requiere Limpieza",57874,Nocturno,2026-05-24 21:11:34,,180456,"POINT (  572358.355866801,   6136613.08893531)",RECONQUISTA 307 307/309 307/309,0
2026-05-24,B_01,32,S,100,,S,,57874,Nocturno,2026-05-24 21:11:31,,178045,"POINT (  572319.989925489,   6136861.60843180)",CIRCUNVALACION DURANGO 322 EN 322/324 EN 322/324,0
2026-05-24,B_01,33,S,75,,S,,57874,Nocturno,2026-05-24 21:11:29,,183407,"POINT (  572297.751510783,   6136920.46783962)",CIRCUNVALACION DURANGO 1401 ,0
2026-05-24,B_01,34,S,75,,S,Requiere Limpieza,57874,Nocturno,2026-05-24 21:11:26,,183406,"POINT (  572297.070466515,   6136917.51664779)",CIRCUNVALACION DURANGO 1401 ,0
2026-05-24,B_01,35,S,100,,S,"Basura Afuera, Requiere Limpieza",57874,Nocturno,2026-05-24 21:11:20,,178007,"POINT (  572296.328729060,   6136913.64281446)",CIRCUNVALACION DURANGO 1401 EN 1409 EN 1409,0
2026-05-24,B_01,36,S,100,,S,Requiere Limpieza,57874,Nocturno,2026-05-24 21:11:23,,178012,"POINT (  572296.538263202,   6136914.84015242)",CIRCUNVALACION DURANGO 1401 EN 1409 EN 1409,0
2026-05-24,B_01,37,S,75,,S,,57874,Nocturno,2026-05-24 21:33:33,,180529,"POINT (  572166.107272779,   6136947.45876609)",25 DE MAYO 272 FTE 279 FTE 279,0
2026-05-24,B_01,38,S,100,,S,"Basura Afuera, Requiere Limpieza",57874,Nocturno,2026-05-24 21:33:26,,183257,"POINT (  572144.972464664,   6136565.42754642)",MACIEL 1277 ,0
2026-05-24,B_01,39,S,75,,S,,57874,Nocturno,2026-05-24 21:33:23,,180533,"POINT (  572226.001290156,   6136968.53897532)",25 DE MAYO 306 ,0
2026-05-24,B_01,40,S,50,,S,,57874,Nocturno,2026-05-24 21:33:09,,179202,"POINT (  572296.794526144,   6137015.32631089)",SOLIS 1460 EN 1460. CASA TAPIADA EN 1460. CASA TAPIADA,0
2026-05-24,B_01,41,S,75,,S,,57874,Nocturno,2026-05-24 21:33:14,,178024,"POINT (  572272.381969913,   6137057.11383520)",SOLIS 1469 IGLESIA IGLESIA,0
2026-05-24,B_01,42,S,100,,S,,57874,Nocturno,2026-05-24 21:33:20,,178026,"POINT (  572271.723434037,   6137058.43090696)",SOLIS 1469 IGLESIA IGLESIA,0
2026-05-24,B_01,43,S,75,,S,,57874,Nocturno,2026-05-24 21:33:06,,178033,"POINT (  572212.589003328,   6137224.73858556)",SOLIS 1571 MURO. S/F MURO. S/F,0
2026-05-24,B_01,44,S,50,,S,,57874,Nocturno,2026-05-24 21:33:02,,178036,"POINT (  572210.937950558,   6137229.19679039)",SOLIS 1571 MURO. S/F MURO. S/F,0
2026-05-24,B_01,45,S,50,,S,,57874,Nocturno,2026-05-24 21:32:53,,178037,"POINT (  572208.347768626,   6137234.50467363)",SOLIS 1571 MURO. S/F MURO. S/F,0
2026-05-24,B_01,46,S,75,,S,,57874,Nocturno,2026-05-24 21:32:48,,178040,"POINT (  572314.025873201,   6137244.10434683)",ZABALA 1560 EN 1562 EN 1562,0
2026-05-24,B_01,47,S,25,,S,,57874,Nocturno,2026-05-24 21:32:43,,178041,"POINT (  572370.733857784,   6137092.90515428)",ZABALA 1486 ,0
2026-05-24,B_01,48,S,25,,S,,57874,Nocturno,2026-05-24 20:48:04,,178042,"POINT (  572370.954660453,   6137092.24984690)",ZABALA 1486 PROV PROV,0
2026-05-24,B_01,49,S,50,,S,,57874,Nocturno,2026-05-24 20:48:01,,178956,"POINT (  572420.166780392,   6136967.15962354)",ZABALA 1403 MURO. PROV OV. ORIGEN: ZABALA 1266 MURO. PROV OV. ORIGEN: ZABALA 1266,0
2026-05-24,B_01,50,S,100,,S,"Basura Afuera, Requiere Limpieza",57874,Nocturno,2026-05-24 20:47:58,,179347,"POINT (  572467.224228534,   6136844.02762294)",ZABALA 1341 FTE 1345. FTE 1345.,0
2026-05-24,B_01,51,S,100,,S,,57874,Nocturno,2026-05-24 20:47:55,,178958,"POINT (  572468.361884962,   6136841.75231009)",ZABALA 1341 FTE 1345. PROV OV. ORIGEN: ZABALA 1266 FTE 1345. PROV OV. ORIGEN: ZABALA 1266,0
2026-05-24,B_01,52,S,50,,S,,57874,Nocturno,2026-05-24 20:47:51,,178055,"POINT (  572690.148005553,   6136795.50657630)",TREINTA Y TRES 1282 ,0
2026-05-24,B_01,53,S,75,,S,,57874,Nocturno,2026-05-24 20:47:48,,178056,"POINT (  572692.821498159,   6136788.50998927)",TREINTA Y TRES 1278 ,0
2026-05-24,B_01,54,S,75,,S,,57874,Nocturno,2026-05-24 20:47:45,,178057,"POINT (  572693.447209194,   6136787.08791873)",TREINTA Y TRES 1278 ,0
2026-05-24,B_01,55,S,75,,S,,57874,Nocturno,2026-05-24 20:47:42,,180532,"POINT (  572707.862602783,   6136747.37408013)",TREINTA Y TRES 1254 ,0
2026-05-24,B_01,56,S,100,,S,,57874,Nocturno,2026-05-24 20:47:40,,178058,"POINT (  572720.520971241,   6136714.28408538)",TREINTA Y TRES Esq. RECONQUISTA TEMPLO TEMPLO,0
2026-05-24,B_01,57,S,50,,S,,57874,Nocturno,2026-05-24 20:47:37,,179346,"POINT (  572606.018312721,   6136739.02193466)",MISIONES 1267 ,0
2026-05-24,B_01,58,S,75,,S,,57874,Nocturno,2026-05-24 20:47:35,,180453,"POINT (  572592.566246841,   6136772.33272658)",MISIONES 1281 ,0
2026-05-24,B_01,59,S,75,,S,,57874,Nocturno,2026-05-24 20:47:32,,180452,"POINT (  572592.402848148,   6136773.09525381)",MISIONES 1281 ,0
2026-05-24,B_01,60,S,50,,S,,57874,Nocturno,2026-05-24 20:47:30,,178066,"POINT (  572485.475299016,   6137034.72721422)",MISIONES 1429 ,0
2026-05-24,B_01,61,S,75,,S,,57874,Nocturno,2026-05-24 20:27:16,,178067,"POINT (  572411.876894401,   6137226.98085286)",MISIONES 1537 ,0
2026-05-24,B_01,62,S,100,,S,,57874,Nocturno,2026-05-24 20:27:14,,178068,"POINT (  572389.208490322,   6137288.30112118)",MISIONES 1571 EN 1573 EN 1573,0
2026-05-24,B_01,63,S,75,,S,,57874,Nocturno,2026-05-24 20:27:11,,178069,"POINT (  572517.089598692,   6137224.29225532)",TREINTA Y TRES 1509 EN 1513 EN 1513,0
2026-05-24,B_01,64,S,100,,S,,57874,Nocturno,2026-05-24 20:27:09,,178071,"POINT (  572518.110840522,   6137221.84127493)",TREINTA Y TRES 1509 EN 1513 EN 1513,0
2026-05-24,B_01,65,S,75,,S,"Basura Afuera, Requiere Limpieza",57874,Nocturno,2026-05-24 20:27:06,,183713,"POINT (  572585.703781699,   6137079.90522876)",TREINTA Y TRES 1426 PROV O: O Treinta y tres 1470 PROV O: O Treinta y tres 1470,0
2026-05-24,B_01,66,S,100,,S,"Basura Afuera, Requiere Limpieza",57874,Nocturno,2026-05-24 20:27:04,,183780,"POINT (  572668.388997745,   6136857.86800677)",TREINTA Y TRES 1314 ,0
2026-05-24,B_01,67,S,75,,S,,57874,Nocturno,2026-05-24 20:27:00,,177691,"POINT (  572755.179784929,   6136890.77985663)",ITUZAINGO 1315 EN 1311 EN 1311,0
2026-05-24,B_01,68,S,100,,S,,57874,Nocturno,2026-05-24 20:26:58,,177692,"POINT (  572754.576793903,   6136892.85682572)",ITUZAINGO 1315 EN 1311 EN 1311,0
2026-05-24,B_01,69,S,75,,S,,57874,Nocturno,2026-05-24 20:26:55,,183769,"POINT (  572653.527422556,   6137151.61271654)",ITUZAINGO 1461 ,0
2026-05-24,B_01,70,S,50,,S,,57874,Nocturno,2026-05-24 20:26:50,,177693,"POINT (  572650.527486854,   6137156.09127575)",ITUZAINGO 1461 ,0
2026-05-24,B_01,71,S,100,,S,,57874,Nocturno,2026-05-24 20:26:52,,177694,"POINT (  572597.201475406,   6137287.25856720)",ITUZAINGO 1533 EN 1543 EN 1543,0
2026-05-24,B_01,72,S,75,,S,,57874,Nocturno,2026-05-24 20:26:48,,177696,"POINT (  572596.348233085,   6137289.42011441)",ITUZAINGO 1533 EN 1543 EN 1543,0
2026-05-24,B_01,73,S,75,,S,"Basura Afuera, Requiere Limpieza",57874,Nocturno,2026-05-24 20:26:45,,177698,"POINT (  572575.769381761,   6137342.02089937)",ITUZAINGO 1575 EN 1571 EN 1571,0
2026-05-24,B_01,74,S,100,,S,,57874,Nocturno,2026-05-24 20:26:40,,177699,"POINT (  572575.055284967,   6137343.65500042)",ITUZAINGO 1575 EN 1571 EN 1571,0
2026-05-24,B_01,75,S,75,,S,,57874,Nocturno,2026-05-24 20:26:38,,177700,"POINT (  572658.862453790,   6137418.48723614)",JUAN CARLOS GOMEZ 1581 EN1576 EN1576,0
2026-05-24,B_01,76,S,100,,S,"Basura Afuera, Requiere Limpieza",57874,Nocturno,2026-05-24 20:26:35,,183849,"POINT (  572659.771766242,   6137415.16401338)",JUAN CARLOS GOMEZ 1581 PROV POR GRBACIONES EN JUAN CARLOS COMEZ 1544 PROV POR GRBACIONES EN JUAN CARLOS COMEZ 1544,0
2026-05-24,B_01,77,S,100,,S,"Basura Afuera, Requiere Limpieza",57874,Nocturno,2026-05-24 20:26:32,,183850,"POINT (  572660.790874522,   6137413.25318535)",JUAN CARLOS GOMEZ 1581 PROV O EN JUAN CARLOS GOMEZ 1544 PROV O EN JUAN CARLOS GOMEZ 1544,0
2026-05-24,B_01,78,S,100,,S,"Basura Afuera, Requiere Limpieza",57874,Nocturno,2026-05-24 20:26:29,,177705,"POINT (  572863.515252287,   6136915.14192852)",JUAN CARLOS GOMEZ 1301 EN 1306 EN 1306,0
2026-05-24,B_01,79,S,75,,S,,57874,Nocturno,2026-05-24 20:26:25,,177706,"POINT (  572863.923749019,   6136913.58964094)",JUAN CARLOS GOMEZ 1301 EN 1306 EN 1306,0
2026-05-24,B_01,80,S,100,,S,,57874,Nocturno,2026-05-24 20:26:23,,177844,"POINT (  572991.129631372,   6136955.62395465)",BUENOS AIRES 679 SOLIS SOLIS,0
2026-05-24,B_01,81,S,75,,S,"Basura Afuera, Requiere Limpieza",57874,Nocturno,2026-05-24 20:26:20,,183770,"POINT (  573000.271097744,   6136961.31711278)",BUENOS AIRES 679 ,0
2026-05-24,B_01,82,S,75,,S,,57874,Nocturno,2026-05-24 20:26:17,,177896,"POINT (  572826.096951634,   6136787.85434682)",BRECHA 558 ,0
2026-05-24,B_01,83,S,100,,S,Requiere Limpieza,57874,Nocturno,2026-05-24 20:26:14,,177897,"POINT (  572827.322441830,   6136790.06022917)",BRECHA 558 ,0
2026-05-24,B_01,84,S,100,,S,,57874,Nocturno,2026-05-24 20:26:11,,177850,"POINT (  572801.677092897,   6137264.13179993)",BARTOLOME MITRE 1467 EN 1475 EN 1475,0
2026-05-24,B_01,85,S,100,,S,,57874,Nocturno,2026-05-24 20:26:05,,177877,"POINT (  572800.739106857,   6137265.47177999)",BARTOLOME MITRE 1467 EN 1475 EN 1475,0
2026-05-24,B_01,86,S,75,,S,,57874,Nocturno,2026-05-24 20:26:08,,183768,"POINT (  572782.884472180,   6137306.13704812)",BARTOLOME MITRE Esq. CERRITO ,0
2026-05-24,B_01,87,S,100,,S,"Basura Afuera, Requiere Limpieza",57874,Nocturno,2026-05-24 20:26:03,,177879,"POINT (  572781.501816702,   6137309.30066049)",BARTOLOME MITRE 1501 EN 1507 EN 1507,0
2026-05-24,B_01,88,S,50,,S,,57874,Nocturno,2026-05-24 20:25:58,,177880,"POINT (  572813.811259250,   6137414.53388005)",PIEDRAS 674 EN 676 EN 676,0
2026-05-24,B_01,89,S,25,,S,,57874,Nocturno,2026-05-24 20:25:56,,177883,"POINT (  572869.556424211,   6137437.96960246)",PIEDRAS 696 ESQ JUNCAL ESQ JUNCAL,0
2026-05-24,B_01,90,S,75,,S,,57874,Nocturno,2026-05-24 20:25:51,,177899,"POINT (  573134.172138998,   6137389.45227865)",FLORIDA 1518 ,0
2026-05-24,B_01,91,S,100,,S,,57874,Nocturno,2026-05-24 20:25:49,,178138,"POINT (  573142.096975600,   6137286.06175577)",FLORIDA 1468 ,0
2026-05-24,B_01,92,S,50,,S,,57874,Nocturno,2026-05-24 20:25:46,,178139,"POINT (  573142.178674946,   6137283.61077538)",FLORIDA 1468 ,0
2026-05-24,B_01,93,S,50,,S,,57874,Nocturno,2026-05-24 20:25:43,,178140,"POINT (  573148.242937847,   6137207.19325572)",FLORIDA 1430 EN 1430 EN 1430,0
2026-05-24,B_01,94,S,75,,S,,57874,Nocturno,2026-05-24 20:25:40,,178218,"POINT (  573148.504802226,   6137204.64925533)",FLORIDA 1430 EN 1428 EN 1428,0
2026-05-24,B_01,95,S,100,,S,Requiere Limpieza,57874,Nocturno,2026-05-24 20:25:36,,178142,"POINT (  573040.830599410,   6137279.66471054)",CIUDADELA 1437 EN 1443 EN 1443,0
2026-05-24,B_01,96,S,75,,S,,57874,Nocturno,2026-05-24 20:25:33,,178143,"POINT (  573039.920474267,   6137282.28132032)",CIUDADELA 1437 EN 1443 EN 1443,0
2026-05-24,B_01,97,S,100,,S,,57874,Nocturno,2026-05-24 20:25:31,,178144,"POINT (  573038.782817840,   6137284.89793011)",CIUDADELA 1437 EN 1443 EN 1443,0
2026-05-24,B_01,98,S,75,,S,"Basura Afuera, Requiere Limpieza",57874,Nocturno,2026-05-24 20:25:28,,178162,"POINT (  572995.464177911,   6137393.54227642)",CIUDADELA Esq. CERRITO ESQ CERRITO ESQ CERRITO,0
2026-05-24,B_01,99,S,100,,S,"Basura Afuera, Requiere Limpieza",57874,Nocturno,2026-05-24 20:25:25,,183774,"POINT (  572962.070800752,   6137464.62272557)",CIUDADELA 1546 ,0
2026-05-24,B_01,100,S,75,,S,,57874,Nocturno,2026-05-24 19:01:59,,178164,"POINT (  573330.378225600,   6137540.38160870)",CONVENCION 1576 FTE 1589 FTE 1589,0
2026-05-24,B_01,101,S,50,,S,,57874,Nocturno,2026-05-24 19:02:02,,178219,"POINT (  573341.080839979,   6137393.07768713)",CONVENCION 1516 ,0
2026-05-24,B_01,102,S,75,,S,,57874,Nocturno,2026-05-24 19:02:05,,178222,"POINT (  573341.244238672,   6137391.44370020)",CONVENCION 1516 ,0
2026-05-24,B_01,103,S,50,,S,,57874,Nocturno,2026-05-24 19:02:07,,178223,"POINT (  573344.984379096,   6137347.77728136)",CONVENCION 1490 EN 1496 EN 1496,0
2026-05-24,B_01,104,S,50,,S,,57874,Nocturno,2026-05-24 19:02:09,,178224,"POINT (  573345.153693836,   6137346.18917016)",CONVENCION 1490 EN 1496 EN 1496,0
2026-05-24,B_01,105,S,50,,S,,57874,Nocturno,2026-05-24 19:02:11,,178225,"POINT (  573349.704319547,   6137284.69884024)",CONVENCION 1462 EN 1456 EN 1456,0
2026-05-24,B_01,106,S,25,,S,,57874,Nocturno,2026-05-24 19:02:14,,178226,"POINT (  573349.881058757,   6137282.33257118)",CONVENCION 1462 EN 1456 EN 1456,0
2026-05-24,B_01,107,S,25,,S,,57874,Nocturno,2026-05-24 19:02:16,,178227,"POINT (  573340.887482232,   6137210.38143410)",CONVENCION 1417 EN 1423 EN 1423,0
2026-05-24,B_01,108,S,75,,S,,57874,Nocturno,2026-05-24 19:02:19,,178228,"POINT (  573340.944365053,   6137209.21533626)",CONVENCION 1417 EN 1423 EN 1423,0
2026-05-24,B_01,109,S,100,,S,,57874,Nocturno,2026-05-24 19:02:24,,178229,"POINT (  573347.002385531,   6137138.28245799)",CONVENCION 1391 EN 1391 EN 1391,0
2026-05-24,B_01,110,S,75,,S,,57874,Nocturno,2026-05-24 19:02:26,,178231,"POINT (  573349.879683847,   6137093.23409345)",CONVENCION 1363 ,0
2026-05-24,B_01,111,S,50,,S,,57874,Nocturno,2026-05-24 19:02:29,,178356,"POINT (  573349.879683847,   6137091.62611738)",CONVENCION 1363 ,0
2026-05-24,B_01,112,S,100,,S,"Basura Afuera, Requiere Limpieza",57874,Nocturno,2026-05-24 19:02:33,,183790,"POINT (  573250.758372180,   6137059.45198496)",ANDES Esq. AV 18 DE JULIO ,0
2026-05-24,B_01,113,S,75,,S,"Basura Afuera, Requiere Limpieza",57874,Nocturno,2026-05-24 19:02:37,,178232,"POINT (  573246.206026031,   6137110.06857859)",ANDES 1381 EN 1379 EN 1379,0
2026-05-24,B_01,114,S,50,,S,,57874,Nocturno,2026-05-24 20:25:20,,179734,"POINT (  573252.654245982,   6137204.93480482)",ANDES 1424 EN 1426 EN 1426,0
2026-05-24,B_01,115,S,75,,S,,57874,Nocturno,2026-05-24 20:25:18,,179733,"POINT (  573252.302752133,   6137207.74675561)",ANDES 1424 EN 1426 EN 1426,0
2026-05-24,B_01,116,S,50,,S,,57874,Nocturno,2026-05-24 20:25:15,,183764,"POINT (  573247.987661874,   6137265.66710066)",ANDES 1452 ,0
2026-05-24,B_01,117,S,25,,S,,57874,Nocturno,2026-05-24 20:25:13,,178235,"POINT (  573247.116151174,   6137268.94229872)",ANDES 1452 EN 1452 EN 1452,0
2026-05-24,B_01,118,S,50,,S,,57874,Nocturno,2026-05-24 20:25:10,,178236,"POINT (  573242.508642641,   6137335.21078564)",ANDES 1492 FTE 1499 FTE 1499,0
2026-05-24,B_01,119,S,75,,S,,57874,Nocturno,2026-05-24 20:25:08,,178258,"POINT (  573242.508642641,   6137336.40532489)",ANDES 1492 FTE 1499 FTE 1499,0
2026-05-24,B_01,120,S,75,,S,,57874,Nocturno,2026-05-24 20:25:03,,178259,"POINT (  573235.056993040,   6137436.68973900)",ANDES 1540 ,0
2026-05-24,B_01,121,S,75,,S,,57874,Nocturno,2026-05-24 20:25:06,,178260,"POINT (  573235.000110218,   6137437.82739543)",ANDES 1540 ,0
2026-05-24,B_01,122,S,75,,S,,57874,Nocturno,2026-05-24 19:41:51,,178261,"POINT (  573214.074099783,   6137501.91142897)",ANDES 1569 ,0
2026-05-24,B_01,123,S,100,,S,,57874,Nocturno,2026-05-24 19:41:49,,178262,"POINT (  573214.018687006,   6137503.05411582)",ANDES 1569 ,0
2026-05-24,B_01,124,S,75,,S,,57874,Nocturno,2026-05-24 19:41:26,,182208,"POINT (  573113.674589227,   6137484.32800074)",FLORIDA 1575 ,0
2026-05-24,B_01,125,S,100,,S,"Basura Afuera, Requiere Limpieza",57874,Nocturno,2026-05-24 19:41:36,,178270,"POINT (  572983.313234675,   6137142.42337633)",JUNCAL 1384 FTE 1397 FTE 1397,0
2026-05-24,B_01,126,S,100,,S,,57874,Nocturno,2026-05-24 19:41:33,,178271,"POINT (  572957.241293381,   6137220.64878337)",JUNCAL 1434 EN 1438 EN 1438,0
2026-05-24,B_01,127,S,75,,S,Requiere Limpieza,57874,Nocturno,2026-05-24 19:41:39,,183771,"POINT (  572981.565895489,   6137149.73218346)",JUNCAL Esq. RINCON ,0
2026-05-24,B_01,128,S,75,,S,,57874,Nocturno,2026-05-24 19:41:42,,178272,"POINT (  572903.543909990,   6137382.42352740)",JUNCAL 1514 FTE 1511 FTE 1511,0
2026-05-24,B_01,129,S,75,,S,,57874,Nocturno,2026-05-24 22:30:04,,178276,"POINT (  573169.186685872,   6136767.00828280)",FLORIDA 1217 EN 1221 EN 1221,0
2026-05-24,B_01,130,S,50,,S,,57874,Nocturno,2026-05-24 22:30:16,,178277,"POINT (  573177.377812152,   6136670.30748644)",FLORIDA 1171 EN 1175 EN 1175,0
2026-05-24,B_01,131,,,,S,,57874,Nocturno,,,178278,"POINT (  573301.496128421,   6136579.46562068)",JOSE GERMAN ARAUJO 1128 ,0
2026-05-24,B_01,132,,,,S,,57874,Nocturno,,,179343,"POINT (  573301.439245599,   6136580.54639429)",JOSE GERMAN ARAUJO 1128 ,0
2026-05-24,B_01,133,S,50,,S,Requiere Limpieza,57874,Nocturno,2026-05-24 22:48:10,,183049,"POINT (  573281.579943441,   6136650.11579972)","JOSE GERMAN ARAUJO 1157 PROV OV (O: JOSE GERMAN ARAUJO 1168, F: 14/07/2021) EN 1169 PROV OV (O: JOSE GERMAN ARAUJO 1168, F: 14/07/2021) EN 1169",0
2026-05-24,B_01,134,S,75,,S,,57874,Nocturno,2026-05-24 22:48:08,,183048,"POINT (  573281.368377856,   6136652.01988999)","JOSE GERMAN ARAUJO 1157 PROV OV (O: JOSE GERMAN ARAUJO 1168, F: 28/05/25) EN 1169 PROV OV (O: JOSE GERMAN ARAUJO 1168, F: 28/05/25) EN 1169",0
2026-05-24,B_01,135,S,75,,S,,57874,Nocturno,2026-05-24 22:48:05,,180764,"POINT (  573269.520328264,   6136801.12688887)",JOSE GERMAN ARAUJO 1229 PROV OP (O: JOSE GERMAN ARAUJO 1193) PROV OP (O: JOSE GERMAN ARAUJO 1193),0
2026-05-24,B_01,136,S,75,,S,"Basura Afuera, Requiere Limpieza",57874,Nocturno,2026-05-24 22:48:03,,178362,"POINT (  573269.413881441,   6136802.99441318)",JOSE GERMAN ARAUJO 1235 EN 1236 EN 1236,0
2026-05-24,B_01,137,S,100,,S,,57874,Nocturno,2026-05-24 22:48:00,,178364,"POINT (  573269.145885430,   6136805.07138226)",JOSE GERMAN ARAUJO 1235 EN 1236 EN 1236,0
2026-05-24,B_01,138,S,75,,S,,57874,Nocturno,2026-05-24 22:47:57,,178407,"POINT (  573278.793741838,   6136858.87158154)",JOSE GERMAN ARAUJO 1252 EN 1256 EN 1256,0
2026-05-24,B_01,139,S,100,,S,"Basura Afuera, Requiere Limpieza",57874,Nocturno,2026-05-24 22:47:55,,178408,"POINT (  573278.726742835,   6136860.81455262)",JOSE GERMAN ARAUJO 1252 EN 1256 EN 1256,0
2026-05-24,B_01,140,S,75,,S,,57874,Nocturno,2026-05-24 22:47:52,,178409,"POINT (  573258.595137365,   6136922.85709891)",JOSE GERMAN ARAUJO 1293 ANDES 1297 ANDES 1297,0
2026-05-24,B_01,141,S,100,,S,Basura Afuera,57874,Nocturno,2026-05-24 22:47:49,,178410,"POINT (  573256.042032790,   6136967.66919041)",JOSE GERMAN ARAUJO 1313 EN 1311 EN 1311,0
2026-05-24,B_01,142,S,100,,S,"Basura Afuera, Requiere Limpieza",57874,Nocturno,2026-05-24 22:47:47,,178411,"POINT (  573254.510917954,   6136985.26766846)",JOSE GERMAN ARAUJO 1313 EN 1319 EN 1319,0
2026-05-24,B_01,143,S,75,,S,,57874,Nocturno,2026-05-24 22:47:43,,178412,"POINT (  573254.326346515,   6136987.19533420)",JOSE GERMAN ARAUJO 1313 EN 1319 EN 1319,0
2026-05-24,B_01,144,S,100,,S,"Basura Afuera, Requiere Limpieza",57874,Nocturno,2026-05-24 22:47:41,,178421,"POINT (  573254.162947822,   6136988.99271982)",JOSE GERMAN ARAUJO 1321 EN 1319 EN 1319,0
2026-05-24,B_01,145,S,50,,S,,57874,Nocturno,2026-05-24 22:29:58,,178415,"POINT (  573066.171896338,   6136599.82967074)",CIUDADELA 1156 ESQ MALDONADO. FTE PLAZUELA ESQ MALDONADO. FTE PLAZUELA,0
2026-05-24,B_01,146,S,75,,S,"Basura Afuera, Requiere Limpieza",57874,Nocturno,2026-05-24 22:29:55,,178416,"POINT (  573084.943227396,   6136753.64081977)",CIUDADELA 1220 MURO MURO,0
2026-05-24,B_01,147,S,100,,S,,57874,Nocturno,2026-05-24 22:29:52,,178417,"POINT (  573085.284524325,   6136755.57483570)",CIUDADELA 1220 MURO MURO,0
2026-05-24,B_01,148,S,75,,S,,57874,Nocturno,2026-05-24 22:29:49,,183836,"POINT (  573162.953458170,   6136849.27286645)",FLORIDA 1265 ,0
2026-05-24,B_01,149,S,100,,S,,57874,Nocturno,2026-05-24 21:32:37,,180183,"POINT (  573162.611031638,   6136845.39052995)",FLORIDA 1251 PROV OP. (O: FLORIDA 1298) PROV OP. (O: FLORIDA 1298),0
2026-05-24,B_01,150,S,100,,S,,57874,Nocturno,2026-05-24 21:32:26,,180184,"POINT (  573162.724025989,   6136843.58262034)",FLORIDA 1251 PROV OP. (O: FLORIDA 1298) PROV OP. (O: FLORIDA 1298),0
2026-05-24,B_01,151,S,75,,S,,57874,Nocturno,2026-05-24 21:32:22,,180185,"POINT (  573162.950014689,   6136841.54872203)",FLORIDA 1251 PROV OP. (O: FLORIDA 1298) PROV OP. (O: FLORIDA 1298),0
2026-05-24,B_01,152,S,100,,S,,57874,Nocturno,2026-05-24 21:32:20,,178418,"POINT (  573138.564828904,   6136817.46619779)",SORIANO 784 EN 782 EN 782,0
2026-05-24,B_01,153,S,75,,S,,57874,Nocturno,2026-05-24 22:29:47,,178419,"POINT (  573155.128021351,   6136601.13528519)",MALDONADO 776 ,0
2026-05-24,B_01,154,S,100,,S,"Basura Afuera, Requiere Limpieza",57874,Nocturno,2026-05-24 22:29:44,,178420,"POINT (  573205.705457203,   6136628.72614401)",MALDONADO 805 ,0
2026-05-24,B_01,155,S,75,,S,,57874,Nocturno,2026-05-24 22:29:41,,183779,"POINT (  573210.555209774,   6136628.95013684)",MALDONADO 805 ,0
2026-05-24,B_03,1,S,50,,S,,57875,Nocturno,2026-05-24 19:20:14,,178077,"POINT (  574533.561559876,   6136240.65563409)",CEBOLLATI 1441 EN 1447 EN 1447,0
2026-05-24,B_03,2,S,50,,S,,57875,Nocturno,2026-05-24 19:08:47,,183730,"POINT (  574321.551502615,   6136360.45667277)",DOMINGO PETRARCA 946 ,0
2026-05-24,B_03,3,S,25,,S,,57875,Nocturno,2026-05-24 19:08:49,,183729,"POINT (  574321.442570153,   6136359.04055076)",DOMINGO PETRARCA 946 ,0
2026-05-24,B_03,4,S,50,,S,,57875,Nocturno,2026-05-24 19:11:33,,179368,"POINT (  574295.889442701,   6136284.10344706)",DOMINGO PETRARCA 918 FTE 920 FTE 920,0
2026-05-24,B_03,5,S,50,,S,,57875,Nocturno,2026-05-24 19:11:38,,179479,"POINT (  574268.001026360,   6136154.73080064)",DOMINGO PETRARCA 862 ,0
2026-05-24,B_03,6,S,75,,S,,57875,Nocturno,2026-05-24 19:38:10,,179394,"POINT (  573960.195445752,   6136221.26636711)",RBLA REPUBLICA ARGENTINA 1201 ,0
2026-05-24,B_03,7,S,50,,S,,57875,Nocturno,2026-05-24 19:38:13,,179395,"POINT (  573958.452526362,   6136223.00928650)",RBLA REPUBLICA ARGENTINA 1201 ,0
2026-05-24,B_03,8,N,,Auto,S,,57875,Nocturno,2026-05-24 18:53:21,,179401,"POINT (  574012.184386691,   6136336.42424057)",ZELMAR MICHELINI 953 ,0
2026-05-24,B_03,9,S,100,,S,Basura Afuera,57875,Nocturno,2026-05-24 18:53:28,,178777,"POINT (  574011.229304142,   6136331.30265570)",ZELMAR MICHELINI 953 ,0
2026-05-24,B_03,10,S,75,,S,,57875,Nocturno,2026-05-24 18:53:37,,183834,"POINT (  574114.587533115,   6136310.24750436)",17 METROS Esq. JOSE MARIA ROO ,0
2026-05-24,B_03,11,S,50,,S,,57875,Nocturno,2026-05-24 18:53:40,,183833,"POINT (  574114.805398039,   6136313.29761329)",17 METROS Esq. JOSE MARIA ROO ,0
2026-05-24,B_03,12,S,50,,S,,57875,Nocturno,2026-05-24 18:53:44,,179403,"POINT (  574116.378923013,   6136318.31635819)",17 METROS Esq. JOSE MARIA ROO ,0
2026-05-24,B_03,13,S,50,,S,,57875,Nocturno,2026-05-24 19:01:55,,179404,"POINT (  574139.978540214,   6136411.89848803)",17 METROS 997 ,0
2026-05-24,B_03,14,S,75,,S,,57875,Nocturno,2026-05-24 19:01:58,,178782,"POINT (  574141.356240026,   6136417.71549295)",17 METROS 997 ,0
2026-05-24,B_03,15,S,50,,S,,57875,Nocturno,2026-05-24 19:02:00,,183732,"POINT (  574141.426193246,   6136422.26006427)",17 METROS Esq. AV GONZALO RAMIREZ ,0
2026-05-24,B_03,16,N,,Contenedor No Está,S,,57875,Nocturno,2026-05-24 19:04:57,,178785,"POINT (  574130.244811308,   6136561.89112425)",CARLOS QUIJANO 1084 ,0
2026-05-24,B_03,17,S,50,,S,,57875,Nocturno,2026-05-24 19:44:22,,178786,"POINT (  574104.717149910,   6136704.39719009)",CARLOS QUIJANO 1151 ,0
2026-05-24,B_03,18,S,50,,S,,57875,Nocturno,2026-05-24 19:44:27,,179370,"POINT (  574104.647828540,   6136706.05724575)",CARLOS QUIJANO 1151 SUBESTACION SUBESTACION,0
2026-05-24,B_03,19,S,75,,S,,57875,Nocturno,2026-05-24 19:44:24,,179488,"POINT (  574104.619376471,   6136707.46640370)",CARLOS QUIJANO 1151 ,0
2026-05-24,B_03,20,S,50,,S,,57875,Nocturno,2026-05-24 19:48:57,,179407,"POINT (  574107.844470252,   6136846.11660201)",CARLOS QUIJANO 1226 ,0
2026-05-24,B_03,21,S,75,,S,Basura Afuera,57875,Nocturno,2026-05-24 19:49:00,,179408,"POINT (  574107.696044986,   6136849.08510731)",CARLOS QUIJANO 1230 ,0
2026-05-24,B_03,22,N,,Contenedor No Está,S,,57875,Nocturno,2026-05-24 19:49:06,,183409,"POINT (  574076.053091827,   6137077.15234915)",CARLOS QUIJANO 1337 ,0
2026-05-24,B_03,23,S,50,,S,,57875,Nocturno,2026-05-24 19:52:40,,179409,"POINT (  574074.560104482,   6137082.33541192)",CARLOS QUIJANO 1337 ,0
2026-05-24,B_03,24,S,75,,S,,57875,Nocturno,2026-05-24 19:52:42,,183114,"POINT (  574074.363569979,   6137086.28083208)",CARLOS QUIJANO 1337 ,0
2026-05-24,B_03,25,S,75,,S,,57875,Nocturno,2026-05-24 18:31:59,,183685,"POINT (  574081.221075381,   6137186.88094183)",YI 1382 PROV O: O Yaguaron 1391 PROV O: O Yaguaron 1391,0
2026-05-24,B_03,26,S,75,,S,,57875,Nocturno,2026-05-24 19:54:49,,179410,"POINT (  574078.716011914,   6137202.85672743)",YI 1394 ,0
2026-05-24,B_03,27,S,75,,S,Basura Afuera,57875,Nocturno,2026-05-24 19:58:08,,178793,"POINT (  574074.260285446,   6137262.39900691)",YI 1428 ,0
2026-05-24,B_03,28,S,50,,S,,57875,Nocturno,2026-05-24 19:58:03,,178794,"POINT (  574073.739312765,   6137265.04394514)",YI 1428 EN 1418 EN 1418,0
2026-05-24,B_03,29,S,50,,S,,57875,Nocturno,2026-05-24 19:59:24,,179411,"POINT (  574066.990415946,   6137364.64026674)",YI 1480 ,0
2026-05-24,B_03,30,S,50,,S,,57875,Nocturno,2026-05-24 18:32:15,,183681,"POINT (  574067.370670152,   6137369.12518584)",YI 1480 PROV O: O Yaguaron 1493 PROV O: O Yaguaron 1493,0
2026-05-24,B_03,31,S,50,,S,,57875,Nocturno,2026-05-24 18:32:25,,183682,"POINT (  574060.298840305,   6137447.24809695)",YI 1504 PROV O: O Yaguaron 1518 PROV O: O Yaguaron 1518,0
2026-05-24,B_03,32,S,75,,S,,57875,Nocturno,2026-05-24 20:05:20,,179412,"POINT (  574060.014428471,   6137454.73440285)",YI 1516 ,0
2026-05-24,B_03,33,S,75,,S,,57875,Nocturno,2026-05-24 18:32:40,,183678,"POINT (  574052.698742920,   6137547.12621198)",YI 1558 PROV  O: Yaguaron 1590 PROV  O: Yaguaron 1590,0
2026-05-24,B_03,34,S,50,,S,,57875,Nocturno,2026-05-24 18:32:33,,183668,"POINT (  574052.154080610,   6137550.17632092)",YI 1558 PROV O: O Yaguaron 1558 PROV O: O Yaguaron 1558,0
2026-05-24,B_03,35,S,50,,S,Basura Afuera,57875,Nocturno,2026-05-24 20:05:31,,179413,"POINT (  574050.737849383,   6137553.62273593)",YI 1558 ,0
2026-05-24,B_03,36,S,50,,S,,57875,Nocturno,2026-05-24 20:05:28,,178798,"POINT (  574043.529342939,   6137648.48615735)",YI 1606 ,0
2026-05-24,B_03,37,S,50,,S,,57875,Nocturno,2026-05-24 20:05:34,,182169,"POINT (  574022.699081570,   6137752.31906872)",YI 1661 ,0
2026-05-24,B_03,38,S,25,,S,,57875,Nocturno,2026-05-24 20:05:36,,178800,"POINT (  574016.953673022,   6137821.06874475)",YI 1689 MURO MURO,0
2026-05-24,B_03,39,S,50,,S,,57875,Nocturno,2026-05-24 18:36:37,,179418,"POINT (  574178.643321855,   6137086.97370146)",DR AQUILES R LANZA 1339 ,0
2026-05-24,B_03,40,S,75,,S,,57875,Nocturno,2026-05-24 18:36:41,,178808,"POINT (  574178.615121055,   6137083.62522746)",DR AQUILES R LANZA 1339 EN 1335 EN 1335,0
2026-05-24,B_03,41,N,,Contenedor No Está,S,,57875,Nocturno,2026-05-24 18:36:51,,178809,"POINT (  574189.996370407,   6136942.40155592)",DR AQUILES R LANZA 1261 FTE 1266 FTE 1266,0
2026-05-24,B_03,42,S,50,,S,,57875,Nocturno,2026-05-24 18:36:58,,179489,"POINT (  574190.808760567,   6136937.87350218)",DR AQUILES R LANZA 1261 ,0
2026-05-24,B_03,43,S,50,,S,,57875,Nocturno,2026-05-24 18:36:55,,179420,"POINT (  574190.577279085,   6136933.21663943)",DR AQUILES R LANZA 1261 ,0
2026-05-24,B_03,44,S,75,,S,,57875,Nocturno,2026-05-24 18:41:06,,178810,"POINT (  574198.892980816,   6136825.94412417)",DR AQUILES R LANZA 1209 EN 1211 EN 1211,0
2026-05-24,B_03,45,S,75,,S,,57875,Nocturno,2026-05-24 18:42:02,,178811,"POINT (  574205.064503351,   6136755.73303662)",DR AQUILES R LANZA 1179 ,0
2026-05-24,B_03,46,S,50,,S,,57875,Nocturno,2026-05-24 18:42:04,,183775,"POINT (  574205.038104511,   6136751.67080000)",DR AQUILES R LANZA 1179 ,0
2026-05-24,B_03,47,S,50,,S,,57875,Nocturno,2026-05-24 18:46:21,,179421,"POINT (  574211.601244227,   6136671.50639978)",DR AQUILES R LANZA 1143 ,0
2026-05-24,B_03,48,S,75,,S,,57875,Nocturno,2026-05-24 18:47:40,,183731,"POINT (  574211.626316776,   6136666.32663246)",DR AQUILES R LANZA 1135 ,0
2026-05-24,B_03,49,S,50,,S,,57875,Nocturno,2026-05-25 00:12:47,,179424,"POINT (  574446.023902179,   6136375.97263072)",AV GONZALO RAMIREZ 1395 ,0
2026-05-24,B_03,50,S,75,,S,,57875,Nocturno,2026-05-25 00:17:11,,179425,"POINT (  574467.483597168,   6136343.07502723)",SANTIAGO DE CHILE 947 ,0
2026-05-24,B_03,51,S,50,,S,,57875,Nocturno,2026-05-25 00:17:14,,179426,"POINT (  574470.969435948,   6136286.21228214)",SANTIAGO DE CHILE 929 ,0
2026-05-24,B_03,52,S,75,,S,,57875,Nocturno,2026-05-25 00:17:16,,179427,"POINT (  574449.727605883,   6136134.79616013)",LA CUMPARSITA 1389 ,0
2026-05-24,B_03,53,S,50,,S,,57875,Nocturno,2026-05-24 19:14:27,,179429,"POINT (  574373.202551416,   6136137.41053922)",EJIDO 862 ,0
2026-05-24,B_03,54,S,75,,S,,57875,Nocturno,2026-05-24 19:14:20,,183761,"POINT (  574372.625403704,   6136140.90022898)",EJIDO 862 ,0
2026-05-24,B_03,55,S,50,,S,,57875,Nocturno,2026-05-24 19:25:00,,180781,"POINT (  574344.030020262,   6136314.10370828)",EJIDO 963 PROV OV(O:EJIDO 966) PROV OV(O:EJIDO 966),0
2026-05-24,B_03,56,S,75,,S,,57875,Nocturno,2026-05-24 19:25:03,,180780,"POINT (  574343.703222876,   6136315.73769521)",EJIDO 963 PROV OV(O:EJIDO 966) PROV OV(O:EJIDO 966),0
2026-05-24,B_03,57,S,50,,S,,57875,Nocturno,2026-05-24 19:25:05,,180779,"POINT (  574343.267493029,   6136317.37168214)",EJIDO 967 PROV OV(O:EJIDO 966) PROV OV(O:EJIDO 966),0
2026-05-24,B_03,58,S,50,,S,,57875,Nocturno,2026-05-24 19:08:55,,183728,"POINT (  574321.878300000,   6136354.46538736)",DOMINGO PETRARCA 942 ,0
2026-05-24,B_03,59,S,75,,S,,57875,Nocturno,2026-05-24 19:08:52,,183727,"POINT (  574321.551502614,   6136357.07976645)",DOMINGO PETRARCA 946 ,0
2026-05-24,B_03,60,S,75,,S,,57875,Nocturno,2026-05-25 00:17:22,,183841,"POINT (  574332.689659695,   6136437.87282615)",EJIDO 1015 ,0
2026-05-24,B_03,61,S,75,,S,,57875,Nocturno,2026-05-25 00:12:43,,183726,"POINT (  574386.785735076,   6136618.51574553)",DURAZNO 1373 ,0
2026-05-24,B_03,62,S,50,,S,,57875,Nocturno,2026-05-25 00:23:36,,179434,"POINT (  574327.723248584,   6136667.53036492)",EJIDO 1130 ,0
2026-05-24,B_03,63,S,50,,S,,57875,Nocturno,2026-05-25 00:23:46,,178832,"POINT (  574313.466895948,   6136685.96277210)",EJIDO 1139 ,0
2026-05-24,B_03,64,S,75,,S,,57875,Nocturno,2026-05-25 00:23:39,,179371,"POINT (  574313.329835512,   6136688.38008170)",EJIDO 1149 ,0
2026-05-24,B_03,65,S,75,,S,,57875,Nocturno,2026-05-25 00:24:03,,178833,"POINT (  574304.890884112,   6136790.07715878)",EJIDO 1195 ,0
2026-05-24,B_03,66,S,50,,S,,57875,Nocturno,2026-05-25 00:24:40,,179435,"POINT (  574305.065296514,   6136795.19921024)",EJIDO 1195 ,0
2026-05-24,B_03,67,S,50,,S,,57875,Nocturno,2026-05-25 00:24:43,,183762,"POINT (  574305.037569063,   6136797.92095011)",EJIDO 1195 ,0
2026-05-24,B_03,68,S,50,,S,,57875,Nocturno,2026-05-25 00:30:43,,179436,"POINT (  574312.254838998,   6136888.00966775)",EJIDO 1238 ,0
2026-05-24,B_03,69,S,75,,S,Basura Afuera,57875,Nocturno,2026-05-25 00:30:48,,183763,"POINT (  574311.328886492,   6136893.11755839)",EJIDO 1238 ,0
2026-05-24,B_03,70,S,50,,S,,57875,Nocturno,2026-05-24 23:54:17,,180658,"POINT (  574271.361299782,   6137009.50272658)",SAN JOSE 1334 ,0
2026-05-24,B_03,71,S,75,,S,,57875,Nocturno,2026-05-24 23:52:49,,178837,"POINT (  574276.998808235,   6137157.32282449)",EJIDO 1363 ,0
2026-05-24,B_03,72,S,50,,S,,57875,Nocturno,2026-05-24 23:52:55,,178838,"POINT (  574272.149754814,   6137213.58787410)",EJIDO 1395 EN 1393 EN 1393,0
2026-05-24,B_03,73,S,75,,S,,57875,Nocturno,2026-05-24 23:52:58,,179437,"POINT (  574272.058760566,   6137215.67851307)",EJIDO 1395 ,0
2026-05-24,B_03,74,S,50,,S,,57875,Nocturno,2026-05-24 18:13:29,,183684,"POINT (  574266.300549238,   6137286.52762092)",EJIDO 1429 PROV O: O Yaguaron 1436 PROV O: O Yaguaron 1436,0
2026-05-24,B_03,75,S,75,,S,,57875,Nocturno,2026-05-24 18:31:39,,183683,"POINT (  574265.646954466,   6137290.88491939)",EJIDO 1429 PROV o: o Yaguaron 1436 PROV o: o Yaguaron 1436,0
2026-05-24,B_03,76,S,75,,S,,57875,Nocturno,2026-05-24 23:53:02,,178840,"POINT (  574265.337035131,   6137295.42065993)",EJIDO 1433 EN1433/1435 EN1433/1435,0
2026-05-24,B_03,77,S,50,,S,,57875,Nocturno,2026-05-24 23:53:05,,179438,"POINT (  574260.947649455,   6137363.66326252)",EJIDO 1463 ,0
2026-05-24,B_03,78,S,75,,S,,57875,Nocturno,2026-05-24 23:53:08,,178842,"POINT (  574259.005213309,   6137391.84068085)",EJIDO 1475 EN 1477 EN 1477,0
2026-05-24,B_03,79,S,75,,S,,57875,Nocturno,2026-05-24 18:13:09,,183679,"POINT (  574253.954715033,   6137453.46722244)",EJIDO Esq. AV URUGUAY PROV O: O Yaguaron 1546 PROV O: O Yaguaron 1546,0
2026-05-24,B_03,80,S,75,,S,,57875,Nocturno,2026-05-24 23:53:12,,179439,"POINT (  574253.295144008,   6137460.64038671)",EJIDO 1502 ,0
2026-05-24,B_03,81,S,75,,S,,57875,Nocturno,2026-05-24 23:53:16,,183776,"POINT (  574251.641463158,   6137468.36296842)",EJIDO 1517 ,0
2026-05-24,B_03,82,S,75,,S,,57875,Nocturno,2026-05-24 23:53:21,,179440,"POINT (  574239.242856426,   6137626.89855665)",EJIDO 1589 ,0
2026-05-24,B_03,83,S,100,,S,,57875,Nocturno,2026-05-24 23:53:26,,178845,"POINT (  574238.727353548,   6137629.96527117)",EJIDO 1589 ,0
2026-05-24,B_03,84,S,50,,S,,57875,Nocturno,2026-05-24 18:12:54,,183677,"POINT (  574235.666837255,   6137686.79750763)",EJIDO 1617 PROV O: Yaguaron 1637 PROV O: Yaguaron 1637,0
2026-05-24,B_03,85,S,75,,S,,57875,Nocturno,2026-05-24 18:11:09,,178846,"POINT (  574234.379027368,   6137692.74163484)",EJIDO 1625 FABRICA FABRICA,0
2026-05-24,B_03,86,S,50,,S,,57875,Nocturno,2026-05-24 18:10:56,,179372,"POINT (  574224.794977123,   6137807.74282679)",EJIDO 1681 ,0
2026-05-24,B_03,87,S,75,,S,,57875,Nocturno,2026-05-24 18:10:52,,179485,"POINT (  574224.322468410,   6137810.15135447)",EJIDO 1689 ,0
2026-05-24,B_03,88,S,50,,S,,57875,Nocturno,2026-05-24 20:18:44,,181135,"POINT (  574345.317211832,   6137756.91397565)",DR JAVIER BARRIOS AMORIN 1638 ,0
2026-05-24,B_03,89,S,75,,S,Basura Afuera,57875,Nocturno,2026-05-24 20:18:51,,181136,"POINT (  574346.682399545,   6137750.99816223)",DR JAVIER BARRIOS AMORIN 1638 ,0
2026-05-24,B_03,90,S,50,,S,,57875,Nocturno,2026-05-24 23:47:58,,179442,"POINT (  574321.541331372,   6137570.25367647)",AGRIM GERMAN BARBATO 1553 ,0
2026-05-24,B_03,91,S,75,,S,,57875,Nocturno,2026-05-24 23:48:04,,178850,"POINT (  574335.650488931,   6137399.06056648)",AGRIM GERMAN BARBATO 1483 FTE 1480 FTE 1480,0
2026-05-24,B_03,92,S,75,,S,Basura Afuera,57875,Nocturno,2026-05-24 20:39:20,,183399,"POINT (  574532.394740182,   6137360.70754427)",VAZQUEZ 1481 ,0
2026-05-24,B_03,93,S,25,,S,,57875,Nocturno,2026-05-24 23:48:06,,179443,"POINT (  574336.247213725,   6137397.05106209)",AGRIM GERMAN BARBATO 1478 ,0
2026-05-24,B_03,94,S,75,,S,,57875,Nocturno,2026-05-24 20:39:29,,179445,"POINT (  574443.491222439,   6137191.49550653)",DR JAVIER BARRIOS AMORIN 1375 ,0
2026-05-24,B_03,95,S,50,,S,,57875,Nocturno,2026-05-25 00:37:50,,183260,"POINT (  574309.325896584,   6137346.39076220)",MERCEDES 1381 ,0
2026-05-24,B_03,96,S,75,,S,,57875,Nocturno,2026-05-25 00:37:35,,183259,"POINT (  574311.677053201,   6137346.69413725)",MERCEDES 1381 ,0
2026-05-24,B_03,97,N,,Contenedor No Está,S,,57875,Nocturno,2026-05-24 20:39:23,,182177,"POINT (  574575.439437429,   6137309.09201286)",COLONIA 1508 ,0
2026-05-24,B_03,98,S,50,,S,Basura Afuera,57875,Nocturno,2026-05-24 20:39:32,,178857,"POINT (  574426.597368978,   6137296.00798711)",DR JAVIER BARRIOS AMORIN 1428 ,0
2026-05-24,B_03,99,S,50,,S,Basura Afuera,57875,Nocturno,2026-05-24 20:59:07,,179448,"POINT (  574529.765732243,   6137607.23624727)",PAYSANDU 1559 ,0
2026-05-24,B_03,100,S,75,,S,,57875,Nocturno,2026-05-24 21:26:36,,179449,"POINT (  574636.519544879,   6137760.39528866)",CARLOS ROXLO 1644 ,0
2026-05-24,B_03,101,S,50,,S,,57875,Nocturno,2026-05-24 20:52:07,,183766,"POINT (  574668.319154135,   6137564.29692556)",CARLOS ROXLO Esq. AV URUGUAY ,0
2026-05-24,B_03,102,S,75,,S,Basura Afuera,57875,Nocturno,2026-05-24 21:29:50,,179450,"POINT (  574690.767910892,   6137501.24496186)",CARLOS ROXLO 1507 ,0
2026-05-24,B_03,103,S,75,,S,,57875,Nocturno,2026-05-24 21:32:04,,179451,"POINT (  574757.652442483,   6137580.76565903)",MINAS 1590 ,0
2026-05-24,B_03,104,S,75,,S,,57875,Nocturno,2026-05-24 21:33:26,,179452,"POINT (  574711.574011110,   6137654.73080064)",MINAS 1629 ,0
2026-05-24,B_03,105,S,50,,S,,57875,Nocturno,2026-05-24 21:35:33,,179453,"POINT (  574697.440024182,   6137714.12622548)",MINAS 1668 ,0
2026-05-24,B_03,106,S,75,,S,,57875,Nocturno,2026-05-24 21:37:54,,178872,"POINT (  574640.838114106,   6137812.34578454)",MINAS 1707 ,0
2026-05-24,B_03,107,S,75,,S,,57875,Nocturno,2026-05-24 21:44:21,,179455,"POINT (  574574.564207189,   6137981.88221676)",MINAS 1806 ,0
2026-05-24,B_03,108,S,75,,S,,57875,Nocturno,2026-05-24 21:46:42,,178875,"POINT (  574603.728829247,   6138091.46691742)",MAGALLANES 1793 ,0
2026-05-24,B_03,109,S,75,,S,,57875,Nocturno,2026-05-24 21:53:24,,178876,"POINT (  574643.900890978,   6138012.92715525)",MAGALLANES 1751 MURO. LAVADERO MURO. LAVADERO,0
2026-05-24,B_03,110,S,50,,S,,57875,Nocturno,2026-05-24 21:53:27,,179483,"POINT (  574645.743490196,   6138009.58443595)",MAGALLANES 1751 ,0
2026-05-24,B_03,111,S,75,,S,,57875,Nocturno,2026-05-24 21:56:19,,178877,"POINT (  574737.567340187,   6137815.51007471)",MAGALLANES 1647 ,0
2026-05-24,B_03,112,S,75,,S,,57875,Nocturno,2026-05-24 22:00:39,,179486,"POINT (  574777.410416776,   6137733.53031416)",MAGALLANES 1601 ,0
2026-05-24,B_03,113,S,50,,S,,57875,Nocturno,2026-05-24 22:00:41,,179456,"POINT (  574778.485775817,   6137731.11968953)",MAGALLANES 1601 ,0
2026-05-24,B_03,114,S,50,,S,,57875,Nocturno,2026-05-24 23:23:02,,178878,"POINT (  574814.900691283,   6137656.05260278)",MAGALLANES Esq. AV URUGUAY UNIVERSIDAD UNIVERSIDAD,0
2026-05-24,B_03,115,S,75,,S,,57875,Nocturno,2026-05-24 23:23:05,,179457,"POINT (  574826.742856427,   6137631.55541937)",MAGALLANES 1535 ,0
2026-05-24,B_03,116,S,75,,S,,57875,Nocturno,2026-05-24 23:25:06,,178881,"POINT (  574900.589283049,   6137718.13769556)",GABOTO 1622 ,0
2026-05-24,B_03,117,S,50,,S,,57875,Nocturno,2026-05-24 23:25:09,,181606,"POINT (  574898.541501479,   6137720.64053971)",GABOTO 1631 ,0
2026-05-24,B_03,118,N,,Contenedor No Está,S,,57875,Nocturno,2026-05-24 23:25:13,,178883,"POINT (  574863.978262824,   6137790.59547147)",GABOTO 1662 FTE 1662 FTE 1662,0
2026-05-24,B_03,119,S,50,,S,,57875,Nocturno,2026-05-24 23:40:21,,178884,"POINT (  574863.549490562,   6137791.52989929)",GABOTO 1662 FTE 1662 FTE 1662,0
2026-05-24,B_03,120,S,75,,S,,57875,Nocturno,2026-05-24 23:40:18,,178885,"POINT (  574863.253237609,   6137792.37009543)",GABOTO 1662 FTE 1662 FTE 1662,0
2026-05-24,B_03,121,S,100,,S,,57875,Nocturno,2026-05-24 23:40:13,,179458,"POINT (  574811.819109150,   6137891.57720587)",GABOTO Esq. CERRO LARGO ,0
2026-05-24,B_03,122,S,75,,S,,57875,Nocturno,2026-05-24 23:40:10,,179460,"POINT (  574762.908433769,   6137977.63385075)",GABOTO 1760 ,0
2026-05-24,B_03,123,S,75,,S,,57875,Nocturno,2026-05-24 23:40:05,,179461,"POINT (  574722.167693028,   6138053.34191175)",GABOTO 1803 ,0
2026-05-24,B_03,124,S,50,,S,,57875,Nocturno,2026-05-24 23:40:03,,178889,"POINT (  574720.026109133,   6138056.19770734)",GABOTO 1809 EN 1807/1809 EN 1807/1809,0
2026-05-24,B_03,125,S,100,,S,,57875,Nocturno,2026-05-24 23:40:00,,178890,"POINT (  574694.098694258,   6138104.74064103)",GABOTO 1827 EN 1831 EN 1831,0
2026-05-24,B_03,126,S,75,,S,Basura Afuera,57875,Nocturno,2026-05-24 23:39:56,,179462,"POINT (  574692.429130936,   6138107.26348038)",GABOTO 1827 ,0
2026-05-24,B_03,127,S,75,,S,,57875,Nocturno,2026-05-24 23:42:35,,179463,"POINT (  574848.965078649,   6138078.50531044)",LA PAZ 1700 ,0
2026-05-24,B_03,128,S,100,,S,,57875,Nocturno,2026-05-24 23:44:06,,178893,"POINT (  574769.562611640,   6138040.30060625)",LA PAZ 1660 EDIFICIO EDIFICIO,0
2026-05-24,B_03,129,S,50,,S,,57875,Nocturno,2026-05-24 21:53:47,,179464,"POINT (  574658.823466448,   6137978.50531044)",MAGALLANES 1741 ,0
2026-05-24,B_03,130,S,75,,S,,57875,Nocturno,2026-05-24 21:53:43,,178895,"POINT (  574659.229160019,   6137977.23264269)",MAGALLANES 1741 ,0
2026-05-24,B_03,131,S,50,,S,,57875,Nocturno,2026-05-24 20:20:21,,178898,"POINT (  574366.581372776,   6137633.98768177)",DR JAVIER BARRIOS AMORIN 1583 ,0
2026-05-24,B_03,132,S,75,,S,,57875,Nocturno,2026-05-24 20:59:11,,178896,"POINT (  574505.228962612,   6137617.55459987)",HERMANO DAMASCENO 1658 ,0
2026-05-24,B_03,133,S,50,,S,Basura Afuera,57875,Nocturno,2026-05-24 21:12:51,,179465,"POINT (  574455.773357516,   6137704.75803375)",HERMANO DAMASCENO 1700 ,0
2026-05-24,B_03,134,S,75,,S,,57875,Nocturno,2026-05-24 21:12:53,,183786,"POINT (  574452.409639850,   6137710.33916391)",HERMANO DAMASCENO Esq. CERRO LARGO ,0
2026-05-24,B_03,135,S,75,,S,,57875,Nocturno,2026-05-24 20:20:23,,179466,"POINT (  574368.899719171,   6137630.03036491)",DR JAVIER BARRIOS AMORIN 1583 ,0
2026-05-24,B_03,136,S,75,,S,,57875,Nocturno,2026-05-24 20:55:59,,183536,"POINT (  574383.338579864,   6137579.12400740)",DR JAVIER BARRIOS AMORIN 1553 ,0
2026-05-24,B_03,137,S,25,,S,,57875,Nocturno,2026-05-24 20:56:04,,183537,"POINT (  574384.134939363,   6137577.18999147)",DR JAVIER BARRIOS AMORIN 1553 ,0
2026-05-24,B_03,138,S,25,,S,,57875,Nocturno,2026-05-24 20:28:12,,179467,"POINT (  574412.036974073,   6137575.56413397)",VAZQUEZ 1628 ,0
2026-05-24,B_03,139,S,50,,S,,57875,Nocturno,2026-05-24 20:28:18,,180528,"POINT (  574467.419288958,   6137493.04751488)",VAZQUEZ 1551 ,0
2026-05-24,B_03,140,S,75,,S,Basura Afuera,57875,Nocturno,2026-05-24 20:28:22,,183788,"POINT (  574470.736983459,   6137489.01291654)",VAZQUEZ 1551 ,0
2026-05-24,B_03,141,S,50,,S,,57875,Nocturno,2026-05-24 20:31:25,,178989,"POINT (  574496.418435167,   6137433.37091395)",VAZQUEZ 1519 FTE 1524 FTE 1524,0
2026-05-24,B_03,142,S,75,,S,,57875,Nocturno,2026-05-24 20:31:27,,179468,"POINT (  574497.276625489,   6137431.88221676)",VAZQUEZ 1519 ,0
2026-05-24,B_03,143,S,75,,S,,57875,Nocturno,2026-05-24 20:34:12,,183397,"POINT (  574508.898712940,   6137412.23989387)",VAZQUEZ 1505 PROV OV(O:V?zquez 1487) PROV OV(O:Vázquez 1487),0
2026-05-24,B_03,144,S,50,,S,,57875,Nocturno,2026-05-24 20:46:30,,179470,"POINT (  574600.980329193,   6137479.75803375)",TACUAREMBO 1574 ,0
2026-05-24,B_03,145,S,50,,S,Basura Afuera,57875,Nocturno,2026-05-24 20:46:27,,178907,"POINT (  574590.909475568,   6137505.16917205)",TACUAREMBO 1586 FTE1587 FTE1587,0
2026-05-24,B_03,146,S,50,,S,,57875,Nocturno,2026-05-24 20:46:24,,183787,"POINT (  574588.995845865,   6137517.68038421)",TACUAREMBO 1590 ,0
2026-05-24,B_03,147,S,75,,S,,57875,Nocturno,2026-05-24 20:46:22,,183765,"POINT (  574587.492086466,   6137520.68790301)",TACUAREMBO 1590 ,0
2026-05-24,B_03,148,S,75,,S,,57875,Nocturno,2026-05-24 23:13:21,,183843,"POINT (  574903.156908348,   6137671.24934001)",AV URUGUAY 1744 ,0
2026-05-24,B_03,149,S,50,,S,,57875,Nocturno,2026-05-24 23:13:18,,183842,"POINT (  574898.825698157,   6137670.73978587)",AV URUGUAY 1740 ,0
2026-05-24,B_03,150,S,75,,S,Basura Afuera,57875,Nocturno,2026-05-24 20:52:04,,178908,"POINT (  574662.865141329,   6137562.66815676)",AV URUGUAY 1598 ,0
2026-05-24,B_03,151,S,100,,S,Basura Afuera,57875,Nocturno,2026-05-24 21:12:56,,178912,"POINT (  574435.828519186,   6137767.42956355)",HERMANO DAMASCENO 1734 MURO MURO,0
2026-05-24,B_03,152,S,50,,S,,57875,Nocturno,2026-05-24 21:13:01,,179794,"POINT (  574387.149635211,   6137837.60758451)",HERMANO DAMASCENO 1765 ,0
2026-05-24,B_03,153,S,100,,S,,57875,Nocturno,2026-05-24 21:13:09,,178914,"POINT (  574360.623602856,   6137893.38312106)",HERMANO DAMASCENO 1801 ,0
2026-05-24,B_03,154,S,75,,S,,57875,Nocturno,2026-05-24 21:13:11,,178915,"POINT (  574360.066892501,   6137893.91652998)",HERMANO DAMASCENO 1801 ,0
2026-05-24,B_03,155,S,50,,S,,57875,Nocturno,2026-05-24 21:19:00,,178916,"POINT (  574476.163113435,   6137945.90011216)",PIEDRA ALTA 1753 FTE 1759. MURO FTE 1759. MURO,0
2026-05-24,B_03,156,S,75,,S,,57875,Nocturno,2026-05-24 21:19:03,,181892,"POINT (  574482.914527233,   6137900.07122963)",PIEDRA ALTA 1739 ,0
2026-05-24,B_03,157,S,75,,S,Basura Afuera,57875,Nocturno,2026-05-24 21:23:01,,178918,"POINT (  574538.888789707,   6137776.77639326)",PIEDRA ALTA 1656 EN 1656/1652 EN 1656/1652,0
2026-05-24,B_03,158,S,50,,S,,57875,Nocturno,2026-05-24 21:29:46,,180338,"POINT (  574573.139484096,   6137687.85217081)",PIEDRA ALTA 1624 ,0
2026-05-24,B_03,159,S,75,,S,,57875,Nocturno,2026-05-24 23:56:53,,178923,"POINT (  574414.711858386,   6136959.04159620)",SANTIAGO DE CHILE 1270 TRANSITO TRANSITO,0
2026-05-24,B_03,160,S,50,,S,,57875,Nocturno,2026-05-24 23:58:55,,179476,"POINT (  574443.926952286,   6136810.39528865)",SANTIAGO DE CHILE 1192 ,0
2026-05-24,B_03,161,S,75,,S,,57875,Nocturno,2026-05-24 23:58:59,,178927,"POINT (  574443.924826454,   6136806.90954344)",SANTIAGO DE CHILE 1192 ,0
2026-05-24,B_03,162,S,50,,S,,57875,Nocturno,2026-05-24 23:59:02,,183767,"POINT (  574444.537266165,   6136804.82945790)",SANTIAGO DE CHILE 1192 ,0
2026-05-24,B_03,163,S,75,,S,,57875,Nocturno,2026-05-25 00:04:04,,178928,"POINT (  574439.515211314,   6136693.74965806)",SANTIAGO DE CHILE 1137 ,0
2026-05-24,B_03,164,S,50,,S,,57875,Nocturno,2026-05-25 00:04:06,,179477,"POINT (  574439.896451196,   6136692.09463506)",SANTIAGO DE CHILE 1137 ,0
2026-05-24,B_03,165,S,75,,S,,57875,Nocturno,2026-05-25 00:06:14,,178930,"POINT (  574446.230205447,   6136604.48319543)",SANTIAGO DE CHILE 1089 ,0
2026-05-24,B_03,166,S,75,,S,,57875,Nocturno,2026-05-25 00:06:18,,179478,"POINT (  574447.957453375,   6136601.35389432)",SANTIAGO DE CHILE 1089 ,0
2026-05-24,B_03,167,S,50,,S,,57875,Nocturno,2026-05-24 19:20:18,,178932,"POINT (  574497.367856325,   6136241.48964307)",CEBOLLATI Esq. SANTIAGO DE CHILE ,0
2026-05-24,F_105,47,S,100,,S,Basura Afuera,58748,Matutino,2026-05-24 08:05:51,,141846,"POINT (  578232.919250977,   6143077.98426826)",GERONIMO PICCIOLI 3447,0
2026-05-24,F_107,10,S,100,,S,,58748,Matutino,2026-05-24 11:14:24,,173632,"POINT (  579440.730214188,   6142778.46287322)",CNO MALDONADO 4963,1
2026-05-24,F_108,28,S,100,,S,,58748,Matutino,2026-05-24 08:22:29,,142538,"POINT (  578778.305992364,   6144535.42986100)",AV JOSE BELLONI 3680 EN 3680/3684,2
2026-05-24,F_108,46,S,100,,S,Basura Afuera,58748,Matutino,2026-05-24 11:01:08,,142564,"POINT (  579974.131399602,   6143937.71579852)",CNO MALDONADO 5589 ANTES 5589,3
2026-05-24,D_104,3,,,,S,,58748,Matutino,2026-05-24 07:47:53,,114433,"POINT (  578631.208331472,   6141346.58438178)",CNEL LASALA 4031 EN 4003. CERCO VEGETAL,4
2026-05-24,D_104,15,,,,S,,58748,Matutino,2026-05-24 07:42:11,,177386,"POINT (  578221.643654083,   6141570.36218594)",20 DE FEBRERO 2996 VEREDA. ANTES DE 2996,5
2026-05-24,D_105,16,S,100,,S,"Escombro, Poda",58748,Matutino,2026-05-24 07:36:01,,114375,"POINT (  577602.590608820,   6141153.42683349)",PERNAS Esq. BRAZO LARGO,6
2026-05-24,D_109,48,S,100,,S,,58748,Matutino,2026-05-24 07:22:34,,115741,"POINT (  577386.331948362,   6142047.11230187)",SAN GABRIEL 4043,7
2026-05-24,D_119,53,S,100,,S,Basura Afuera,58748,Matutino,2026-05-24 10:41:30,,124643,"POINT (  578421.156895873,   6147065.45587009)",MASOLLER 4756,8
2026-05-24,D_115,54,S,100,,S,"Basura Afuera, Escombro, Poda",58748,Matutino,2026-05-24 10:23:49,,124876,"POINT (  575252.054841329,   6145226.42972526)",DR BENIGNO VARELA FUENTES 5498,9
2026-05-24,D_115,56,S,100,,S,Basura Afuera,58748,Matutino,2026-05-24 10:11:08,,124944,"POINT (  575221.924512449,   6145388.36168983)",DR JUSTO MONTES PAREJA 5154,10
2026-05-24,D_111,101,S,100,,S,Basura Afuera,58748,Matutino,2026-05-24 07:08:22,,124099,"POINT (  576388.710648933,   6143136.60231350)",ESTANISLAO VEGA Esq. JUAN ROSAS,11
2026-05-24,F_101,1,S,100,,S,,58773,Matutino,2026-05-24 06:58:20,,145732,"POINT (  584440.875898367,   6141694.42659706)",CALLE 1 7095 FTE AL 7096 POR CENSO,0
2026-05-24,F_101,2,S,75,,S,,58773,Matutino,2026-05-24 07:34:29,,142187,"POINT (  584200.426968392,   6141787.43976339)",AV DEL LAGO 3010 FTE. 3025. EN CERCO DE POSTES DE MADERA. / ESQ Y LUMINARIA,0
2026-05-24,F_101,3,S,100,,S,,58773,Matutino,2026-05-24 07:34:51,,142188,"POINT (  584429.447152930,   6142124.56301624)",AV DAYMAN 3184 FTE. 3195,0
2026-05-24,F_101,4,S,100,,S,,58773,Matutino,2026-05-24 07:41:03,,142199,"POINT (  584479.070666668,   6142253.69299715)",ARAPEY Nº8 3212 FTE. 3171. MURO BAJO CON VEGETACION,0
2026-05-24,F_101,5,S,100,,S,,58773,Matutino,2026-05-24 07:41:19,,142173,"POINT (  584322.347237426,   6142267.24949011)",CALLE 7 7061 PPO 7061. TERRENO BALDIO,0
2026-05-24,F_101,6,S,100,,S,,58773,Matutino,2026-05-24 07:42:50,,142252,"POINT (  584255.029795126,   6142045.92523736)",AV DEL LAGO 3135 ANTES DEL 3125. PASANDO LA COLUMNA DE ILUM,0
2026-05-24,F_101,7,S,100,,S,,58773,Matutino,2026-05-24 07:43:14,,161252,"POINT (  584387.948366190,   6141901.62011413)",BAYCURU Esq. AV DAYMAN,0
2026-05-24,F_101,8,S,100,,S,,58773,Matutino,2026-05-24 07:40:21,,142198,"POINT (  584385.110938253,   6141824.62872247)",AV DEL OMBU 7072 FTE A ROTONDA. AL LADO DE COLUMNA DE ILUM. TERRENO BALDIO,0
2026-05-24,F_101,9,S,100,,S,Basura Afuera,58773,Matutino,2026-05-24 07:40:06,,180766,"POINT (  584694.059935512,   6142012.08132440)",CALLE 8 7064,0
2026-05-24,F_101,10,S,100,,S,,58773,Matutino,2026-05-24 07:34:09,,142174,"POINT (  584807.219118976,   6142099.91652094)",CALLE 8 7090 CURITIBA PASANDO EL 7090. TERRENO BALDIO,0
2026-05-24,F_101,11,S,100,,S,,58773,Matutino,2026-05-24 07:36:25,,181745,"POINT (  584843.715783660,   6142335.19346580)",CALLE 14 - 8740 3227,0
2026-05-24,F_101,12,S,75,,S,,58773,Matutino,2026-05-24 07:40:41,,181738,"POINT (  584756.179162174,   6142523.70892388)",CALLE 11 - 8848 7133,0
2026-05-24,F_101,13,S,100,,S,,58773,Matutino,2026-05-24 07:43:27,,181737,"POINT (  584604.997129077,   6142325.36377022)",CALLE 12 - 8737 3205,0
2026-05-24,F_101,14,S,100,,S,,58773,Matutino,2026-05-24 07:45:43,,142254,"POINT (  584583.473375502,   6142190.96457240)",CALLE 12 - 8737 3161 GUADALAJARA ESQ. CNODR MIGUEL C RUBINO. TERRENO BALDIO,0
2026-05-24,F_101,15,S,100,,S,,58773,Matutino,2026-05-24 07:56:20,,150292,"POINT (  584733.705520161,   6141902.26325742)",CALLE 1 Esq. CALLE 2 RIO BAMBA Y CORDOBA,0
2026-05-24,F_101,16,S,100,,S,,58773,Matutino,2026-05-24 07:56:03,,177369,"POINT (  584736.424415751,   6141897.94948865)",CALLE 1 Esq. CALLE 2,0
2026-05-24,F_101,17,S,100,,S,,58773,Matutino,2026-05-24 07:55:47,,150293,"POINT (  584872.132486452,   6141825.55913756)",CALLE 1 Esq. CALLE 3 RIO BAMBA Y ROSARIO,0
2026-05-24,F_101,18,S,100,,S,,58773,Matutino,2026-05-24 08:05:44,,142201,"POINT (  585192.946718230,   6142074.04895091)",PAPIROS 7064 ANTES DEL 7072. TERRENO BALDIO,0
2026-05-24,F_101,19,S,100,,S,,58773,Matutino,2026-05-24 08:13:04,,175400,"POINT (  585245.730860184,   6142086.35199093)",PAPIROS 7094 RESERVA FUTURAS VIVIENDAS,0
2026-05-24,F_101,20,S,100,,S,,58773,Matutino,2026-05-24 08:06:20,,142175,"POINT (  585257.717107031,   6141974.63477207)",CALAS 7093 ESQ. LA CHACRA,0
2026-05-24,F_101,21,S,100,,S,,58773,Matutino,2026-05-24 08:06:02,,175401,"POINT (  585238.250334569,   6141970.89170426)",CALAS 7093 RESERVA FUTURAS VIVIENDAS,0
2026-05-24,F_101,22,S,100,,S,,58773,Matutino,2026-05-24 08:13:57,,175399,"POINT (  585100.063885847,   6141899.25754050)",MARTIN PESCADOR 3097 RESERVA FUTURAS VIVIENDAS,0
2026-05-24,F_101,23,S,100,,S,,58773,Matutino,2026-05-24 08:13:38,,142255,"POINT (  585121.108889769,   6141860.36604380)",EL OLIVAR Esq. GAVIOTAS ESQ.,0
2026-05-24,F_101,24,S,100,,S,,58773,Matutino,2026-05-24 08:13:24,,161274,"POINT (  585105.696247087,   6141692.75743317)",GAVIOTAS 3015 ESQ. LAVANDAS,0
2026-05-24,F_101,25,S,100,,S,,58773,Matutino,2026-05-24 08:14:41,,175402,"POINT (  585236.624133348,   6141826.64765599)",CISNES 3096 RESERVA FUTURAS VIVIENDAS,0
2026-05-24,F_101,26,S,25,,N,,58773,Matutino,2026-05-24 08:14:27,,142202,"POINT (  585238.831066016,   6141836.49687207)",CISNES 3096 ESQ. EL OLIVAR,0
2026-05-24,F_101,27,S,100,,S,,58773,Matutino,2026-05-24 08:18:42,,142203,"POINT (  585279.169428665,   6141602.48951390)",CNO GIGANTES 2985 PPO EL 2985. TERRENO BALDIO,0
2026-05-24,F_101,28,S,100,,S,,58773,Matutino,2026-05-24 08:25:10,,142189,"POINT (  585241.071379133,   6141482.35422135)",AV DEL POLO Esq. CNO GIGANTES PPO ESQ CNO GIGANTES. FTE A VIVIENDAS,0
2026-05-24,F_101,29,S,100,,S,,58773,Matutino,2026-05-24 08:33:20,,142204,"POINT (  585051.531785106,   6141505.46880598)",AV DEL POLO 7060 FTE 7062. FTE A VIVIENDAS,0
2026-05-24,F_101,30,S,100,,S,,58773,Matutino,2026-05-24 08:33:48,,142215,"POINT (  584936.654409765,   6141429.09798730)",Nº 3 DE 17 METROS 2788 PPO EL 2789. TERRENO BALDIO,0
2026-05-24,F_101,31,S,100,,S,,58773,Matutino,2026-05-24 08:38:13,,142216,"POINT (  584990.074925781,   6141265.05923105)",Nº 3 DE 17 METROS 2691 FTE 2692,0
2026-05-24,F_101,32,S,100,,S,,58773,Matutino,2026-05-24 08:43:02,,175405,"POINT (  584927.789712373,   6141242.44938082)",Nº 2 DE 17 METROS 2682 RESERVA FUTURAS VIVIENDAS,0
2026-05-24,F_101,33,S,100,,S,,58773,Matutino,2026-05-24 08:42:17,,142218,"POINT (  584928.811278775,   6141256.41078831)",Nº 2 DE 17 METROS 2682 FTE 2681,0
2026-05-24,F_101,34,S,75,,S,,58773,Matutino,2026-05-24 08:47:37,,180189,"POINT (  585246.377151279,   6141303.37919583)",CNO GIGANTES 2829,0
2026-05-24,F_101,35,,,,S,,58773,Matutino,,,183557,"POINT (  584845.839898475,   6141532.88953747)",CALLE 9582 2943,0
2026-05-24,F_101,36,,,,S,,58773,Matutino,,,176723,"POINT (  584842.978881670,   6141538.87021114)",CALLE 9582 3004 ESPACIO VERDE,0
2026-05-24,F_101,37,,,,S,,58773,Matutino,,,182988,"POINT (  584796.661044009,   6141576.24357887)",CALLE 9576 6897,0
2026-05-24,F_101,38,,,,S,,58773,Matutino,,,182987,"POINT (  584667.467144227,   6141547.48540893)",CALLE 9574 2958,0
2026-05-24,F_101,39,,,,S,,58773,Matutino,,,182986,"POINT (  584816.176035076,   6141444.30662201)",CALLE 9578 6836,0
2026-05-24,F_101,40,,,,S,,58773,Matutino,,,183558,"POINT (  584812.308932680,   6141438.53320153)",CALLE 9583 Esq. CALLE 9578,0
2026-05-24,F_101,41,,,,S,,58773,Matutino,,,181339,"POINT (  584732.720135076,   6141304.13152396)",CALLE 9583 2773,0
2026-05-24,F_101,42,,,,S,,58773,Matutino,,,176724,"POINT (  584731.702837178,   6141298.95984610)",CALLE 9583 2773,0
2026-05-24,F_101,43,,,,S,,58773,Matutino,,,182107,"POINT (  584734.257446187,   6141122.15848693)",CALLE Nº 1 - 9552 6869,0
2026-05-24,F_101,44,,,,S,,58773,Matutino,,,182109,"POINT (  584729.678878649,   6141120.96022985)",CALLE Nº 1 - 9552 6833,0
2026-05-24,F_101,45,,,,S,,58773,Matutino,,,142265,"POINT (  584764.521635937,   6140981.22901465)",CNO CARRASCO 6955 PPO EL 6955. PASANDO COLUMNA DE ILUM. SOBRE VEREDA,0
2026-05-24,F_101,46,,,,S,,58773,Matutino,,,160652,"POINT (  584266.903279472,   6140999.87663746)",CNO CARRASCO Esq. SERVIDUMBRE,0
2026-05-24,F_101,47,,,,S,,58773,Matutino,,,142219,"POINT (  583631.762470603,   6140931.66617991)",CNO CARRASCO 6105 / ENTRADA VEHICULAR Y ARBOL. SOBRE VEREDA,0
2026-05-24,F_101,48,,,,S,,58773,Matutino,,,142205,"POINT (  583388.516159593,   6140881.83644098)",CNO PAVIA 2772 / COLUMNA DE ILUM Y ARBOL. SOBRE VEREDA,0
2026-05-24,F_101,49,,,,S,,58773,Matutino,,,142206,"POINT (  583229.356301953,   6140846.46362197)",CNO CARRASCO 5911 EN 5915. SOBRE VEREDA,0
2026-05-24,F_101,50,,,,N,,58773,Matutino,,,142220,"POINT (  582659.624288108,   6140807.83301166)",DIEGO ESPINOSA 2714 FTE 2721. PREDIO LIBRE,0
2026-05-24,F_101,51,,,,S,,58773,Matutino,,,142224,"POINT (  582700.816954102,   6140897.18613213)",DIEGO ESPINOSA 2772 PREDIO CON RETIRO,0
2026-05-24,F_101,52,,,,S,,58773,Matutino,,,142223,"POINT (  582745.064250196,   6140984.06192080)",DIEGO ESPINOSA 2794,0
2026-05-24,F_101,53,,,,N,,58773,Matutino,,,142222,"POINT (  582799.563968555,   6141093.60095869)",DIEGO ESPINOSA 2832 MURO BAJO CON VEGETACION,0
2026-05-24,F_101,54,,,,S,,58773,Matutino,,,181748,"POINT (  582832.930295425,   6141183.46663726)",DIEGO ESPINOSA 2852,0
2026-05-24,F_101,55,,,,S,,58773,Matutino,,,145772,"POINT (  582862.608220484,   6141270.51379720)",DIEGO ESPINOSA 2884,0
2026-05-24,F_101,56,,,,S,,58773,Matutino,,,178967,"POINT (  582864.202284532,   6141273.46503290)",DIEGO ESPINOSA 2884,0
2026-05-24,F_101,57,,,,S,,58773,Matutino,,,181749,"POINT (  582926.752312313,   6141271.75990276)",SAN BORJAS 2939,0
2026-05-24,F_101,58,,,,S,,58773,Matutino,,,142226,"POINT (  582870.882915884,   6141097.26227923)",SAN BORJAS 2885 EN 2881. PREDIO CON RETIRO,0
2026-05-24,F_101,59,,,,S,,58773,Matutino,,,142207,"POINT (  582823.135909876,   6140941.76833655)",SAN BORJAS 2777 2777/2775. MURO BAJO CON REJAS,0
2026-05-24,F_101,60,,,,S,,58773,Matutino,,,142256,"POINT (  582775.576318503,   6140789.32792792)",SAN BORJAS 2711 PPO 2711. MURO CIEGO,0
2026-05-24,F_101,61,,,,S,,58773,Matutino,,,142234,"POINT (  582709.965190629,   6141312.87471480)",EXODO 5653 5653/5653 BIS. CERCO VEGETAL,0
2026-05-24,F_101,62,,,,S,,58773,Matutino,,,145833,"POINT (  582644.732286477,   6141197.54828354)",JUAN AGAZZI 2843 POR JUAN AGAZZI,0
2026-05-24,F_101,63,,,,S,,58773,Matutino,,,142236,"POINT (  582631.208402930,   6141149.17987939)",JUAN AGAZZI 2831 2831/2835,0
2026-05-24,F_101,64,,,,S,,58773,Matutino,,,142270,"POINT (  582609.894156641,   6141079.57132822)",JUAN AGAZZI 2822 ESQ. ANTES DE COLUMNA DE ILUM.,0
2026-05-24,F_101,65,,,,S,,58773,Matutino,,,145852,"POINT (  582598.083071627,   6141043.70979260)",JUAN AGAZZI 2785 EN EL 2785,0
2026-05-24,F_101,66,,,,S,,58773,Matutino,,,176330,"POINT (  582589.765281925,   6141011.02233615)",JUAN AGAZZI 2777,0
2026-05-24,F_101,67,,,,S,,58773,Matutino,,,142261,"POINT (  582573.471077539,   6140954.11405576)",JUAN AGAZZI 2763 EN 2763/2765. ANTES DE ARBOL. MURO CIEGO,0
2026-05-24,F_101,68,,,,S,,58773,Matutino,,,145872,"POINT (  582552.548509195,   6140891.27174177)",JUAN AGAZZI 2747,0
2026-05-24,F_101,69,,,,S,,58773,Matutino,,,145892,"POINT (  582551.299928038,   6140887.86652043)",JUAN AGAZZI 2747,0
2026-05-24,F_101,70,,,,S,,58773,Matutino,,,142228,"POINT (  582371.597689008,   6140761.73295467)",CNO CARRASCO 5391 FTE 5410/5413. SALIDA PEATONAL VIVIENDAS. SOBRE VEREDA,0
2026-05-24,F_101,71,,,,S,,58773,Matutino,,,142191,"POINT (  582369.007618423,   6140762.16750501)",CNO CARRASCO 5391 FTE 5410/5416. SALIDA PEATONAL VIVIENDAS. SOBRE VEREDA,0
2026-05-24,F_101,72,,,,S,,58773,Matutino,,,142230,"POINT (  582253.829612460,   6140787.39980013)",CNO CARRASCO 5357 FTE 5378. VIVIENDAS. SOBRE VEREDA,0
2026-05-24,F_101,73,,,,S,,58773,Matutino,,,142229,"POINT (  582252.193798639,   6140787.62531726)",CNO CARRASCO 5357 FTE 5378. VIVIENDAS. SOBRE VEREDA,0
2026-05-24,F_101,74,,,,S,,58773,Matutino,,,142257,"POINT (  582196.636410186,   6140812.63209525)",CNO ONCATIVO 2725 EN 2710 ANTES DE ACCESO PEATONAL A VIVIENDAS,0
2026-05-24,F_101,75,,,,S,,58773,Matutino,,,142258,"POINT (  582219.691801415,   6140875.73757060)",CNO ONCATIVO 2741 FTE 2741. ENTRE SALIDAS VEHICULARES DE VIVIENDAS,0
2026-05-24,F_101,76,,,,S,,58773,Matutino,,,181401,"POINT (  582240.452866371,   6140937.41231661)",CNO ONCATIVO 2773,0
2026-05-24,F_101,77,,,,S,,58773,Matutino,,,181402,"POINT (  582241.202841096,   6140939.50153192)",CNO ONCATIVO Esq. CALLE 2,0
2026-05-24,F_101,78,,,,S,,58773,Matutino,,,181406,"POINT (  582271.153242856,   6141015.36499525)",CNO ONCATIVO 2797,0
2026-05-24,F_101,79,,,,S,,58773,Matutino,,,181407,"POINT (  582271.778242856,   6141017.77570954)",CNO ONCATIVO 2797,0
2026-05-24,F_101,80,,,,S,,58773,Matutino,,,181403,"POINT (  582286.865576906,   6141059.22169739)",CNO ONCATIVO 2795,0
2026-05-24,F_101,81,,,,S,,58773,Matutino,,,181404,"POINT (  582287.954901525,   6141061.61821155)",CNO ONCATIVO 2795,0
2026-05-24,F_101,82,,,,S,,58773,Matutino,,,181405,"POINT (  582289.044226144,   6141064.23259063)",CNO ONCATIVO 2795,0
2026-05-24,F_101,83,,,,S,,58773,Matutino,,,142269,"POINT (  582312.878997013,   6141138.61982156)",CNO ONCATIVO 2819 ANTES DE VICENTE MARTINEZ CUITIÑO,0
2026-05-24,F_101,84,,,,S,,58773,Matutino,,,142268,"POINT (  582314.593224957,   6141143.86964464)",CNO ONCATIVO 2819 ANTES DE VICENTE MARTINEZ CUITIÑO,0
2026-05-24,F_101,85,,,,S,,58773,Matutino,,,142195,"POINT (  582353.456568219,   6141242.69058400)",CIRC INT OFICIAL 15 MTS Esq. CNO ONCATIVO ANTES DE OFICIAL 15MTS,0
2026-05-24,F_101,86,,,,S,,58773,Matutino,,,142194,"POINT (  582354.307873554,   6141245.07423893)",CIRC INT OFICIAL 15 MTS Esq. CNO ONCATIVO ANTES DE OFICIAL 15MTS,0
2026-05-24,F_101,87,,,,S,,58773,Matutino,,,183026,"POINT (  582342.416711547,   6141289.87713399)",MONZONI 5339,0
2026-05-24,F_101,88,,,,S,,58773,Matutino,,,180060,"POINT (  582340.394620132,   6141290.33012047)",MONZONI 5339,0
2026-05-24,F_101,89,,,,S,,58773,Matutino,,,180063,"POINT (  582273.562936964,   6141307.73936139)",MONZONI 5331,0
2026-05-24,F_101,90,,,,S,,58773,Matutino,,,181753,"POINT (  582179.684344304,   6141246.72376985)",JOAQUIN DE LA SAGRA 2829,0
2026-05-24,F_101,91,,,,S,,58773,Matutino,,,181752,"POINT (  582145.852353510,   6141153.16795857)",JOAQUIN DE LA SAGRA 2803,0
2026-05-24,F_101,92,,,,S,,58773,Matutino,,,181751,"POINT (  582144.528993326,   6141151.49937399)",JOAQUIN DE LA SAGRA 2803,0
2026-05-24,F_101,93,,,,S,,58773,Matutino,,,181750,"POINT (  582112.825886306,   6141050.98153740)",JOAQUIN DE LA SAGRA 2784 EN 2781,0
2026-05-24,F_101,94,,,,S,,58773,Matutino,,,142238,"POINT (  581871.449952930,   6140892.32972158)",CNO CARRASCO 5185 PPO PARADA Y COLUMNA DE ILUM.,0
2026-05-24,F_101,95,,,,S,,58773,Matutino,,,145912,"POINT (  581839.670020061,   6140945.94190235)",LUGO 2758 EN EL 2758,0
2026-05-24,F_101,96,,,,S,,58773,Matutino,,,142209,"POINT (  581932.513650379,   6141011.57142601)",ANTONIO LOINAZ 5172 FTE 5171,0
2026-05-24,F_101,97,,,,S,,58773,Matutino,,,161032,"POINT (  582065.065046283,   6140952.93015188)",ANTONIO LOINAZ 5229 ESQ. JOAQUÍN DE LA SAGRA,0
2026-05-24,F_101,98,,,,S,,58773,Matutino,,,142180,"POINT (  581268.604356152,   6141304.70152451)",DR FRANCISCO NICOLA REYES 4983 EN 4979/4983,0
2026-05-24,F_101,99,,,,S,,58773,Matutino,,,142179,"POINT (  581150.562130081,   6141213.00840466)",DR FRANCISCO NICOLA REYES 4933,0
2026-05-24,F_101,100,,,,S,,58773,Matutino,,,183620,"POINT (  581096.671311547,   6141170.43355185)",DR FRANCISCO NICOLA REYES 4915,0
2026-05-24,F_101,101,,,,S,,58773,Matutino,,,142178,"POINT (  581088.814116461,   6141166.69739444)",DR FRANCISCO NICOLA REYES Esq. CAMBAY,0
2026-05-24,F_101,102,,,,S,,58773,Matutino,,,142262,"POINT (  581317.934101378,   6141170.68331054)",DR ANDRES CROVETTO 4982 FTE 4969,0
2026-05-24,F_101,103,,,,S,,58773,Matutino,,,183619,"POINT (  581358.109220044,   6141201.80610087)",DR ANDRES CROVETTO 5040,0
2026-05-24,F_101,104,,,,S,,58773,Matutino,,,142273,"POINT (  581361.893396777,   6141203.46171338)",DR ANDRES CROVETTO 4985 ESQ. EMILIO RAVIGNANI. ENTRE ARBOLES. CERCO VEGETAL,0
2026-05-24,F_101,105,,,,S,,58773,Matutino,,,183622,"POINT (  581243.512270152,   6141579.14814880)",NUÑEZ DE ARCE 5040,0
2026-05-24,F_101,106,,,,S,,58773,Matutino,,,142277,"POINT (  581193.337062012,   6141557.53602666)",NUÑEZ DE ARCE 5039 EN 5039. TERRENO LIBRE,0
2026-05-24,F_101,107,,,,S,,58773,Matutino,,,142278,"POINT (  581097.927815918,   6141483.85888662)",NUÑEZ DE ARCE 4965 MURO BAJO,0
2026-05-24,F_101,108,,,,S,,58773,Matutino,,,142279,"POINT (  581015.239802637,   6141418.13251709)",NUÑEZ DE ARCE 4937 REJAS_PADRON CON RETIRO,0
2026-05-24,F_101,109,,,,S,,58773,Matutino,,,142276,"POINT (  580941.254525087,   6141360.22747390)",NUÑEZ DE ARCE 4911 ESQ CAMBAY,0
2026-05-24,F_101,110,,,,S,,58773,Matutino,,,142247,"POINT (  581035.919678322,   6141247.96867707)",DR LUIS BRUSCO 4904 CERCO VEGETAL,0
2026-05-24,F_101,111,,,,S,,58773,Matutino,,,145932,"POINT (  581156.661835380,   6141341.56279391)",DR LUIS BRUSCO 4966,0
2026-05-24,F_101,112,,,,S,,58773,Matutino,,,142246,"POINT (  581294.693178567,   6141446.64298521)",DR LUIS BRUSCO 5044 PPO EL 5046. ESQ. EMILIO RAVIGNANI,0
2026-05-24,F_101,113,,,,S,,58773,Matutino,,,183621,"POINT (  581035.233403050,   6141679.80174357)",CAMPOAMOR 5043,0
2026-05-24,F_101,114,,,,S,,58773,Matutino,,,142250,"POINT (  581023.985650195,   6141673.88230176)",CAMPOAMOR 5037,0
2026-05-24,F_101,115,,,,S,,58773,Matutino,,,142249,"POINT (  580925.396095898,   6141596.49480215)",CAMPOAMOR 4985,0
2026-05-24,F_101,116,,,,S,,58773,Matutino,,,142251,"POINT (  580858.609623633,   6141547.73007637)",CAMPOAMOR 4937 FTE. 4928 Y 4926,0
2026-05-24,F_101,117,,,,S,,58773,Matutino,,,142248,"POINT (  580778.614947673,   6141563.91182180)",ARIOSTO D GONZALEZ 4920,0
2026-05-24,F_101,118,,,,S,,58773,Matutino,,,180058,"POINT (  580947.913566667,   6141698.55559406)",ARIOSTO D GONZALEZ 5016,0
2026-05-24,F_101,119,,,,S,,58773,Matutino,,,142181,"POINT (  581091.900838965,   6141811.46716620)",ARIOSTO D GONZALEZ 5094 FTE 5085,0
2026-05-24,F_102,1,S,75,,S,,58774,Matutino,2026-05-24 06:49:31,,142309,"POINT (  580765.055557324,   6140962.28834131)",HIPOLITO YRIGOYEN 2528,0
2026-05-24,F_102,2,S,100,,S,,58774,Matutino,2026-05-24 11:09:43,,178961,"POINT (  580875.595467961,   6140952.09202928)",MURILLO 2567,0
2026-05-24,F_102,3,N,,Contenedor No Está,N,,58774,Matutino,2026-05-24 11:28:00,,142366,"POINT (  581015.239802637,   6141014.23337529)",FELIPE FERREIRO 2536 FTE 2529,0
2026-05-24,F_102,4,S,100,,S,,58774,Matutino,2026-05-24 11:28:24,,142307,"POINT (  580944.742970801,   6141138.26539522)",FELIPE FERREIRO 2578,0
2026-05-24,F_102,5,S,75,,S,,58774,Matutino,2026-05-24 06:57:52,,142352,"POINT (  580941.963166231,   6141141.85670022)",FELIPE FERREIRO 2586,0
2026-05-24,F_102,6,S,75,,S,,58774,Matutino,2026-05-24 06:57:45,,142331,"POINT (  580940.111314379,   6141144.68894423)",FELIPE FERREIRO 2586 ENTRADA/ENTRADA,0
2026-05-24,F_102,7,S,100,,S,,58774,Matutino,2026-05-24 06:58:00,,142330,"POINT (  580881.814321739,   6141141.74139136)",ISIDORO LARRAYA 4841 ENTRADA/ENTRADA,0
2026-05-24,F_102,8,S,100,,S,,58774,Matutino,2026-05-24 06:58:43,,142332,"POINT (  580879.017118942,   6141140.90223052)",ISIDORO LARRAYA 4841 PDO REBAJE,0
2026-05-24,F_102,9,S,75,,S,,58774,Matutino,2026-05-24 07:01:45,,142310,"POINT (  580776.186636035,   6141076.77943662)",ISIDORO LARRAYA 4787,0
2026-05-24,F_102,10,S,75,,S,,58774,Matutino,2026-05-24 07:01:57,,142334,"POINT (  580599.149479394,   6141067.23851201)",GARCILASO DE LA VEGA 4704 FTE 4705,0
2026-05-24,F_102,11,S,100,,S,,58774,Matutino,2026-05-24 07:07:17,,142311,"POINT (  580757.134524016,   6141153.63405130)",GARCILASO DE LA VEGA 4797,0
2026-05-24,F_102,12,S,75,,S,,58774,Matutino,2026-05-24 07:07:25,,142367,"POINT (  580686.198773035,   6141212.07243672)",NUÑEZ DE ARCE 4781,0
2026-05-24,F_102,13,S,75,,S,,58774,Matutino,2026-05-24 07:07:36,,142369,"POINT (  580595.020810237,   6141161.55491679)",NUÑEZ DE ARCE 4723,0
2026-05-24,F_102,14,N,,Contenedor No Está,S,,58774,Matutino,2026-05-24 11:41:20,,149892,"POINT (  580439.253303342,   6141340.92569630)",VERACIERTO 2742,0
2026-05-24,F_102,15,S,100,,S,,58774,Matutino,2026-05-24 07:11:18,,142326,"POINT (  580496.185159209,   6141442.41957050)",CANOVAS DEL CASTILLO 4792,0
2026-05-24,F_102,16,S,100,,S,,58774,Matutino,2026-05-24 07:11:29,,142327,"POINT (  580564.983177592,   6141495.76893206)",CANOVAS DEL CASTILLO 4836 EN 4832,0
2026-05-24,F_102,17,S,75,,S,,58774,Matutino,2026-05-24 07:14:34,,149912,"POINT (  580716.474081147,   6141610.05192299)",CAMBAY Esq. CANOVAS DEL CASTILLO,0
2026-05-24,F_102,18,S,100,,S,,58774,Matutino,2026-05-24 07:14:41,,154932,"POINT (  580777.376735835,   6141533.30753731)",CAMBAY 2722,0
2026-05-24,F_102,19,N,,Contenedor No Está,N,,58774,Matutino,2026-05-24 07:20:39,,154952,"POINT (  580854.302529360,   6141433.74628518)",CAMBAY 2697 FTE 2712,0
2026-05-24,F_102,20,S,100,,S,,58774,Matutino,2026-05-24 07:21:04,,154953,"POINT (  580857.298784041,   6141429.55152863)",CAMBAY 2689 FTE 2712,0
2026-05-24,F_102,21,S,100,,S,,58774,Matutino,2026-05-24 07:26:29,,142329,"POINT (  580702.759255088,   6141280.79402503)",MURILLO 2677 EN 2679,0
2026-05-24,F_102,22,S,100,,S,,58774,Matutino,2026-05-24 07:28:37,,181772,"POINT (  580639.891105883,   6140930.54482702)",VERACIERTO 2573,0
2026-05-24,F_102,23,S,75,,S,,58774,Matutino,2026-05-24 07:31:45,,142346,"POINT (  580420.924979721,   6140803.75332521)",CNO CARRASCO 4569 EN 4569,0
2026-05-24,F_102,24,S,100,,S,,58774,Matutino,2026-05-24 07:33:19,,142354,"POINT (  580374.663752295,   6140792.53722986)",CNO CARRASCO 4517 EN 4521,0
2026-05-24,F_102,25,S,100,,S,,58774,Matutino,2026-05-24 07:46:08,,142294,"POINT (  580462.011691992,   6141012.93058349)",ISIDORO LARRAYA 4634 FTE 4634/4636,0
2026-05-24,F_102,26,S,100,,S,,58774,Matutino,2026-05-24 07:48:28,,142296,"POINT (  580408.591175976,   6140918.23057783)",ESTADO DE ISRAEL 2617,0
2026-05-24,F_102,27,S,100,,S,,58774,Matutino,2026-05-24 07:51:14,,142348,"POINT (  580179.087362181,   6140830.28671990)",CARPINTERIA 4455,0
2026-05-24,F_102,28,S,50,,S,,58774,Matutino,2026-05-24 07:52:57,,142347,"POINT (  580178.718612011,   6140753.36792051)",PIRAN 2207 EN 2217,0
2026-05-24,F_102,29,S,75,,S,,58774,Matutino,2026-05-24 07:55:09,,142301,"POINT (  580085.202983995,   6140754.63638525)",PAES 2224 EN 2224,0
2026-05-24,F_102,30,S,75,,S,,58774,Matutino,2026-05-24 07:56:13,,142302,"POINT (  580055.521860473,   6140797.89918099)",CARPINTERIA 4395 EN 4397,0
2026-05-24,F_102,31,S,75,,S,,58774,Matutino,2026-05-24 07:57:58,,142312,"POINT (  579980.537667129,   6140778.18502688)",CARPINTERIA 4363,0
2026-05-24,F_102,32,S,100,,S,,58774,Matutino,2026-05-24 08:04:35,,142349,"POINT (  579889.697199071,   6140755.94552539)",CARPINTERIA 4327 FTE 4322,0
2026-05-24,F_102,33,S,100,,S,,58774,Matutino,2026-05-24 08:04:43,,142376,"POINT (  579591.455573950,   6140762.26020662)",DR JOSE SANCHEZ FONTANS 4208 EN 4208/4210. FTE 4217,0
2026-05-24,F_102,34,S,100,,S,,58774,Matutino,2026-05-24 08:05:44,,142375,"POINT (  579665.265226831,   6140845.21324558)",DR JOSE SANCHEZ FONTANS 4288 EN 4288/4292,0
2026-05-24,F_102,35,S,100,,S,,58774,Matutino,2026-05-24 08:08:41,,142377,"POINT (  579704.057700794,   6140751.71697091)",JUAN A ARCAS 4263,0
2026-05-24,F_102,36,S,100,,S,,58774,Matutino,2026-05-24 08:10:58,,142378,"POINT (  579666.391585986,   6140706.67106948)",JUAN A ARCAS 4229 EN 4237,0
2026-05-24,F_102,37,S,100,,S,,58774,Matutino,2026-05-24 11:39:17,,142342,"POINT (  579811.890686280,   6140832.02821782)",ISIDORO LARRAYA 4330 PDO 4328,0
2026-05-24,F_102,38,S,100,,S,,58774,Matutino,2026-05-24 11:38:49,,142380,"POINT (  579961.232658985,   6140868.99930068)",ISIDORO LARRAYA 4408,0
2026-05-24,F_102,39,S,75,,S,,58774,Matutino,2026-05-24 11:39:38,,142344,"POINT (  580074.133600196,   6140898.28463872)",ISIDORO LARRAYA 4474 EN 4472/4474,0
2026-05-24,F_102,40,S,75,,S,,58774,Matutino,2026-05-24 07:35:48,,142343,"POINT (  580162.387152832,   6140921.20936035)",ISIDORO LARRAYA 4504,0
2026-05-24,F_102,41,S,100,,S,,58774,Matutino,2026-05-24 07:40:07,,142345,"POINT (  580254.423593991,   6140947.16349075)",ISIDORO LARRAYA 4556,0
2026-05-24,F_102,42,S,100,,S,,58774,Matutino,2026-05-24 07:42:34,,142381,"POINT (  580342.604617676,   6140970.37162466)",ISIDORO LARRAYA 4590 EN 4596/4598,0
2026-05-24,F_102,43,S,100,,S,"Basura Afuera, Requiere Limpieza",58774,Matutino,2026-05-24 08:31:18,,142368,"POINT (  580210.224288721,   6141292.90788159)",HERNAN F GOMEZ 4527 FTE 4566,0
2026-05-24,F_102,44,S,100,,S,,58774,Matutino,2026-05-24 08:26:37,,182082,"POINT (  580105.940195865,   6141132.58055220)",AV CORRIENTES 4502,0
2026-05-24,F_102,45,S,100,,S,,58774,Matutino,2026-05-24 08:30:59,,181797,"POINT (  580189.708714379,   6141151.56900937)",AV CORRIENTES 4550,0
2026-05-24,F_102,46,S,100,,S,,58774,Matutino,2026-05-24 08:42:02,,142338,"POINT (  580306.693637549,   6141109.24508286)",ESTADO DE ISRAEL 2713,0
2026-05-24,F_102,47,S,100,,S,,58774,Matutino,2026-05-24 08:43:10,,142340,"POINT (  580183.721720361,   6141045.90394448)",NUÑEZ DE ARCE 4519 4511. FTE 4522,0
2026-05-24,F_102,48,S,100,,S,,58774,Matutino,2026-05-24 10:06:53,,142373,"POINT (  580040.077799854,   6141005.88506626)",NUÑEZ DE ARCE 4477,0
2026-05-24,F_102,49,S,75,,S,,58774,Matutino,2026-05-24 10:07:07,,142341,"POINT (  579925.586704541,   6140974.87706128)",NUÑEZ DE ARCE 4351 EN 4357,0
2026-05-24,F_102,50,S,75,,S,"Basura Afuera, Requiere Limpieza",58774,Matutino,2026-05-24 10:07:20,,142374,"POINT (  579836.538074853,   6140952.08485249)",NUÑEZ DE ARCE 4368 EN 4351. MURO,0
2026-05-24,F_102,51,S,50,,S,,58774,Matutino,2026-05-24 11:40:50,,142300,"POINT (  579540.912491602,   6141010.30002778)",GRAL TIMOTEO APARICIO 4312,0
2026-05-24,F_102,52,S,75,,S,,58774,Matutino,2026-05-24 10:29:00,,142306,"POINT (  579738.406520508,   6141086.38379302)",AV CORRIENTES 4331 FTE 4329/4331,0
2026-05-24,F_102,53,N,,Contenedor No Está,N,,58774,Matutino,2026-05-24 10:13:05,,142372,"POINT (  579852.043626891,   6141108.22108913)",AV CORRIENTES 4361,0
2026-05-24,F_102,54,S,75,,S,,58774,Matutino,2026-05-24 10:13:17,,142371,"POINT (  579859.700463535,   6141107.42900258)",AV CORRIENTES Esq. GURMENDEZ,0
2026-05-24,F_102,55,S,100,,S,,58774,Matutino,2026-05-24 10:29:15,,182083,"POINT (  579871.184951110,   6141091.74139135)",GURMENDEZ 4442,0
2026-05-24,F_102,56,N,,Contenedor No Está,N,,58774,Matutino,2026-05-24 10:29:33,,142336,"POINT (  579988.282513389,   6141111.12540648)",AV CORRIENTES Esq. MARIANO A PELLIZA,0
2026-05-24,F_102,57,S,100,,S,,58774,Matutino,2026-05-24 10:29:49,,142361,"POINT (  579982.529017207,   6141204.96727573)",HERNAN F GOMEZ 4424,0
2026-05-24,F_102,58,S,100,,S,,58774,Matutino,2026-05-24 11:45:55,,142291,"POINT (  580330.317783515,   6141337.87317776)",HERNAN F GOMEZ 4710,0
2026-05-24,F_102,59,S,100,,S,,58774,Matutino,2026-05-24 11:57:19,,142290,"POINT (  580336.284618945,   6141340.53594497)",HERNAN F GOMEZ 4716 FTE 4711,0
2026-05-24,F_102,60,S,100,,S,,58774,Matutino,2026-05-24 10:33:06,,175104,"POINT (  580727.040053503,   6141866.27520255)",DR PANTALEON PEREZ 4964 PROV (O:PANTALEON PEREZ 5004),0
2026-05-24,F_102,61,S,75,,S,,58774,Matutino,2026-05-24 10:35:02,,175105,"POINT (  580730.861709554,   6141869.07775032)",DR PANTALEON PEREZ 4964 PROV (O:PANTALEON PEREZ 5004),0
2026-05-24,F_102,62,S,100,,S,,58774,Matutino,2026-05-24 10:38:06,,176846,"POINT (  580979.182786701,   6142062.55336675)",DR PANTALEON PEREZ 5114 MURO,0
2026-05-24,F_102,63,S,75,,S,,58774,Matutino,2026-05-24 10:44:54,,179060,"POINT (  581000.242399435,   6142078.81081243)",DR PANTALEON PEREZ 5124 EN 3122,0
2026-05-24,F_102,64,S,75,,S,,58774,Matutino,2026-05-24 10:45:04,,176847,"POINT (  581028.308037123,   6142075.71522043)",CLEMENTE FREGEIRO 2893,0
2026-05-24,F_102,65,S,75,,S,,58774,Matutino,2026-05-24 10:45:16,,142318,"POINT (  581041.273550000,   6142039.92651386)",CLEMENTE FREGEIRO 2867,0
2026-05-24,F_102,66,S,75,,S,"Basura Afuera, Requiere Limpieza",58774,Matutino,2026-05-24 10:45:31,,142317,"POINT (  581060.968992774,   6141971.12736445)",CLEMENTE FREGEIRO 2843 EN 2843/2845,0
2026-05-24,F_102,67,S,75,,S,,58774,Matutino,2026-05-24 10:46:42,,142281,"POINT (  581105.157975739,   6141911.33612916)",CANOVAS DEL CASTILLO 5110 FTE 5111,0
2026-05-24,F_102,68,S,75,,S,,58774,Matutino,2026-05-24 10:48:51,,181113,"POINT (  581134.945696950,   6142072.69120828)",EMILIO RAVIGNANI 2861,0
2026-05-24,F_102,69,S,50,,S,,58774,Matutino,2026-05-24 10:53:31,,142283,"POINT (  581112.838155421,   6142147.91419837)",EMILIO RAVIGNANI 2852 FTE 2853,0
2026-05-24,F_102,70,S,100,,S,,58774,Matutino,2026-05-24 10:51:23,,142282,"POINT (  581110.949551319,   6142154.11961185)",EMILIO RAVIGNANI Esq. DR PANTALEON PEREZ FTE 2853,0
2026-05-24,F_102,71,S,100,,S,"Basura Afuera, Requiere Limpieza",58774,Matutino,2026-05-24 10:53:51,,142319,"POINT (  580940.765405479,   6142045.22972419)",DR PANTALEON PEREZ Esq. CIRC INT SDA Q VIVIENDAS,0
2026-05-24,F_102,72,S,100,,S,"Basura Afuera, Requiere Limpieza",58774,Matutino,2026-05-24 10:56:11,,142320,"POINT (  580938.765405479,   6142043.70031242)",DR PANTALEON PEREZ Esq. CIRC INT SDA Q VIVIENDAS,0
2026-05-24,F_102,73,S,100,,S,"Basura Afuera, Requiere Limpieza",58774,Matutino,2026-05-24 10:58:46,,142321,"POINT (  580935.824229008,   6142041.70031242)",DR PANTALEON PEREZ Esq. CIRC INT SDA P VIVIENDAS,0
2026-05-24,F_102,74,S,100,,S,"Basura Afuera, Requiere Limpieza",58774,Matutino,2026-05-24 10:58:59,,179310,"POINT (  580860.412464302,   6141985.93560654)",DR PANTALEON PEREZ Esq. CIRC INT SDA N,0
2026-05-24,F_102,75,S,100,,S,"Basura Afuera, Requiere Limpieza",58774,Matutino,2026-05-24 10:59:19,,179058,"POINT (  580857.235993714,   6141984.17090066)",DR PANTALEON PEREZ 5062 FTE. 5062,0
2026-05-24,F_102,76,S,75,,S,"Basura Afuera, Requiere Limpieza",58774,Matutino,2026-05-24 11:01:29,,142299,"POINT (  580641.423880590,   6141698.82062253)",SPENCER 4895 MURO. PDO COLUMNA,0
2026-05-24,F_102,77,S,100,,S,,58774,Matutino,2026-05-24 11:03:40,,142287,"POINT (  580499.918674316,   6141586.05447818)",SPENCER 4815 EN 4811,0
2026-05-24,F_102,78,S,75,,S,,58774,Matutino,2026-05-24 11:10:41,,142286,"POINT (  580381.476217090,   6141493.64777749)",SPENCER 4757,0
2026-05-24,F_102,79,S,100,,S,"Basura Afuera, Requiere Limpieza",58774,Matutino,2026-05-24 11:11:01,,142288,"POINT (  580325.897296387,   6141464.23951362)",SPENCER 4742,0
2026-05-24,F_102,80,S,75,,S,,58774,Matutino,2026-05-24 11:11:10,,142360,"POINT (  580196.797716015,   6141412.84250200)",SPENCER 4697 EN 4695/4697,0
2026-05-24,F_102,81,S,100,,S,"Basura Afuera, Requiere Limpieza",58774,Matutino,2026-05-24 11:14:36,,142324,"POINT (  580115.317939062,   6141379.52212964)",SPENCER 4649 4635,0
2026-05-24,F_102,82,S,100,,S,"Basura Afuera, Escombro, Requiere Limpieza",58774,Matutino,2026-05-24 11:15:32,,142323,"POINT (  579962.745707714,   6141317.87269575)",SPENCER 4575,0
2026-05-24,F_102,83,S,100,,S,"Basura Afuera, Requiere Limpieza",58774,Matutino,2026-05-24 11:17:09,,142322,"POINT (  579847.675757812,   6141271.33209467)",SPENCER 4511,0
2026-05-24,F_102,84,S,100,,S,"Basura Afuera, Requiere Limpieza",58774,Matutino,2026-05-24 11:19:26,,142325,"POINT (  579758.776464746,   6141236.12311821)",SPENCER 4449 EN 4451/4459,0
2026-05-24,F_102,85,S,75,,S,,58774,Matutino,2026-05-24 11:20:03,,142289,"POINT (  579684.851104199,   6141207.11955522)",SPENCER 4417,0
2026-05-24,F_102,86,S,75,,N,,58774,Matutino,2026-05-24 11:23:45,,142314,"POINT (  579795.334444141,   6141377.16137451)",CAP VILLADEMOROS 2409 FTE 2420. GALPON,0
2026-05-24,F_102,87,S,75,,S,,58774,Matutino,2026-05-24 11:29:23,,183376,"POINT (  579797.551092592,   6141377.56424205)",CAP VILLADEMOROS 2409,0
2026-05-24,F_102,88,S,100,,S,"Basura Afuera, Requiere Limpieza",58774,Matutino,2026-05-24 11:29:43,,183419,"POINT (  579899.947606754,   6141410.67971046)",CAP VILLADEMOROS 2381,0
2026-05-24,F_102,89,S,100,,S,"Basura Afuera, Requiere Limpieza",58774,Matutino,2026-05-24 11:30:00,,183377,"POINT (  579903.215580610,   6141411.87796754)",CAP VILLADEMOROS 2381,0
2026-05-24,F_102,90,S,100,,S,"Basura Afuera, Requiere Limpieza",58774,Matutino,2026-05-24 11:30:38,,183440,"POINT (  580055.494885839,   6141471.15781046)",CAP VILLADEMOROS 4632,0
2026-05-24,F_102,91,N,,Contenedor No Está,S,,58774,Matutino,2026-05-24 11:30:57,,183214,"POINT (  580058.109264924,   6141473.77218954)",CAP VILLADEMOROS 4632,0
2026-05-24,F_102,92,N,,Contenedor No Está,S,,58774,Matutino,2026-05-24 11:31:24,,182286,"POINT (  580206.150196296,   6141524.71942985)",CAP VILLADEMOROS 4720,0
2026-05-24,F_102,93,N,,Contenedor No Está,N,,58774,Matutino,2026-05-24 11:06:47,,142357,"POINT (  580518.960840035,   6141704.75139751)",DR PANTALEON PEREZ 4824,0
2026-05-24,F_102,94,S,100,,S,,58774,Matutino,2026-05-24 12:18:53,,163012,"POINT (  580528.452536482,   6141712.08807224)",DR PANTALEON PEREZ 4828,0
2026-05-24,F_102,95,S,100,,S,,58774,Matutino,2026-05-24 11:56:03,,142284,"POINT (  581030.211725977,   6141878.58576347)",CANOVAS DEL CASTILLO 5087,0
2026-05-24,F_102,96,N,,Sobrepeso,S,,58774,Matutino,2026-05-24 11:56:49,,142280,"POINT (  580861.291968659,   6141747.67421605)",CANOVAS DEL CASTILLO 4997,0
2026-05-24,F_102,97,S,100,,S,,58774,Matutino,2026-05-24 11:57:38,,142285,"POINT (  580775.250172266,   6141676.50512461)",CANOVAS DEL CASTILLO 4948 FTE 4948,0
2026-05-24,F_102,98,S,100,,S,"Basura Afuera, Escombro, Poda, Requiere Limpieza",58774,Matutino,2026-05-24 11:58:20,,156632,"POINT (  580626.704272214,   6141437.02501675)",OROSMAN MORATORIO Esq. MURILLO,0
2026-05-24,F_103,1,S,100,,S,"Basura Afuera, Requiere Limpieza",58775,Matutino,2026-05-24 06:41:21,11,142415,"POINT (  579194.758339844,   6142125.79055034)",AV 8 DE OCTUBRE 4634 EN 4630,0
2026-05-24,F_103,2,N,,Fuego,S,,58775,Matutino,2026-05-24 06:41:55,,142416,"POINT (  579212.430278223,   6142282.13998989)",MARCOS SASTRE 2840 EN CENTRO COMUNAL NUM 9,0
2026-05-24,F_103,3,S,75,,S,,58775,Matutino,2026-05-24 06:43:18,11,142417,"POINT (  579327.365327832,   6142225.61676714)",MARCOS SASTRE 2801 En 2809,0
2026-05-24,F_103,4,S,75,,S,,58775,Matutino,2026-05-24 06:45:10,11,142454,"POINT (  579457.004509375,   6142163.29283179)",MARCOS SASTRE 2735 ENTRE EL 2743/2747,0
2026-05-24,F_103,5,S,75,,S,,58775,Matutino,2026-05-24 06:46:43,11,142382,"POINT (  579547.252805371,   6142117.69653276)",MARCOS SASTRE 2693,0
2026-05-24,F_103,6,S,75,,S,,58775,Matutino,2026-05-24 06:47:30,11,142430,"POINT (  579642.627312500,   6142071.02103140)",MARCOS SASTRE 2633 EN 2635,0
2026-05-24,F_103,7,S,75,,S,"Basura Afuera, Requiere Limpieza",58775,Matutino,2026-05-24 06:48:38,11,181798,"POINT (  579756.292840523,   6142014.85082898)",MARCOS SASTRE 2589,0
2026-05-24,F_103,8,S,75,,S,,58775,Matutino,2026-05-24 06:50:07,11,142453,"POINT (  579957.619496582,   6141917.50449800)",MARCOS SASTRE 2515 FTE 2510,0
2026-05-24,F_103,9,S,100,,S,"Basura Afuera, Requiere Limpieza",58775,Matutino,2026-05-24 06:52:47,11,142431,"POINT (  580056.482055690,   6141864.54553560)",MARCOS SASTRE 2479,0
2026-05-24,F_103,10,N,,Contenedor No Está,N,,58775,Matutino,2026-05-24 06:58:36,,142432,"POINT (  580265.404225711,   6141616.25494414)",VERACIERTO 2889,0
2026-05-24,F_103,11,S,100,,S,,58775,Matutino,2026-05-24 06:54:31,11,142455,"POINT (  580086.181494553,   6141784.10704182)",MANDISOVI 4713 EN 4715,0
2026-05-24,F_103,12,S,75,,N,,58775,Matutino,2026-05-24 06:58:19,11,181801,"POINT (  579955.304956863,   6141676.63496318)",DR CAPDEHOURAT 2477,0
2026-05-24,F_103,13,S,75,,S,,58775,Matutino,2026-05-24 06:56:11,11,142434,"POINT (  579965.443713574,   6141669.82756010)",DR CAPDEHOURAT 2477 fte 2452 ,0
2026-05-24,F_103,14,S,100,,S,"Basura Afuera, Requiere Limpieza",58775,Matutino,2026-05-24 07:01:01,11,181799,"POINT (  580197.242763399,   6141717.41149826)",LUIS SACARELLO 4694 FTE 2955,0
2026-05-24,F_103,15,S,100,,S,"Basura Afuera, Requiere Limpieza",58775,Matutino,2026-05-24 07:00:47,11,181800,"POINT (  580199.094615251,   6141718.06509303)",LUIS SACARELLO 4694 FTE 2955,0
2026-05-24,F_103,16,N,,"Contenedor Roto (choque, desfonde, etc.)",S,,58775,Matutino,2026-05-24 07:05:07,,142456,"POINT (  579910.809094922,   6141842.23013452)",GDOR VIGODET 2524 FTE 2517,0
2026-05-24,F_103,17,N,,Contenedor No Está,N,,58775,Matutino,2026-05-24 07:06:55,,142457,"POINT (  579849.429461621,   6141872.04309926)",GDOR VIGODET 2538,0
2026-05-24,F_103,18,S,100,,S,"Basura Afuera, Requiere Limpieza",58775,Matutino,2026-05-24 07:07:15,11,142402,"POINT (  579660.838852051,   6141961.75179409)",GDOR VIGODET 2602 FTE 2607,0
2026-05-24,F_103,19,S,100,,S,"Basura Afuera, Requiere Limpieza",58775,Matutino,2026-05-24 07:09:29,11,142458,"POINT (  579530.660069336,   6142024.88513120)",GDOR VIGODET 2692,0
2026-05-24,F_103,20,S,75,,S,"Basura Afuera, Requiere Limpieza",58775,Matutino,2026-05-24 07:10:43,11,142403,"POINT (  579427.731145801,   6142075.60764136)",GDOR VIGODET 2727 FTE 2731,0
2026-05-24,F_103,21,S,100,,S,"Basura Afuera, Requiere Limpieza",58775,Matutino,2026-05-24 07:12:03,11,142436,"POINT (  579347.600371777,   6142114.45892573)",GDOR VIGODET 2782 ENTRE EL 2776/2782,0
2026-05-24,F_103,22,N,,Contenedor No Está,N,,58775,Matutino,2026-05-24 07:16:05,,142459,"POINT (  579272.056207714,   6142150.88200483)",GDOR VIGODET 2824,0
2026-05-24,F_103,23,S,100,,S,"Basura Afuera, Requiere Limpieza",58775,Matutino,2026-05-24 07:16:22,11,142460,"POINT (  579213.578008714,   6142052.89789150)",DR CAPDEHOURAT 2819 EN 2827,0
2026-05-24,F_103,24,S,75,,S,"Basura Afuera, Requiere Limpieza",58775,Matutino,2026-05-24 07:16:37,11,142437,"POINT (  579316.843104980,   6142002.49168256)",DR CAPDEHOURAT Esq. CIRC INT IRMA HELENA SCHINCA FTE 2762/2764 ,0
2026-05-24,F_103,25,S,100,,S,,58775,Matutino,2026-05-24 07:19:51,11,142462,"POINT (  579415.859920019,   6141954.87187915)",DR CAPDEHOURAT 2725 EN 2725 BIS,0
2026-05-24,F_103,26,S,100,,S,,58775,Matutino,2026-05-24 07:21:53,11,142404,"POINT (  579487.761776172,   6141918.98840122)",DR CAPDEHOURAT 2681,0
2026-05-24,F_103,27,S,100,,S,"Basura Afuera, Requiere Limpieza",58775,Matutino,2026-05-24 07:23:53,11,142461,"POINT (  579593.523605859,   6141867.59138960)",DR CAPDEHOURAT 2617 FTE 2624,0
2026-05-24,F_103,28,S,100,,S,"Basura Afuera, Requiere Limpieza",58775,Matutino,2026-05-24 07:25:48,11,142439,"POINT (  579737.057517578,   6141799.73654223)",DR CAPDEHOURAT 2571 FTE 2558 ,0
2026-05-24,F_103,29,S,100,,S,"Basura Afuera, Requiere Limpieza",58775,Matutino,2026-05-24 07:28:07,11,142438,"POINT (  579860.491285644,   6141731.20719340)",DR CAPDEHOURAT 2513,0
2026-05-24,F_103,30,S,50,,S,"Basura Afuera, Requiere Limpieza",58775,Matutino,2026-05-24 07:30:00,11,142405,"POINT (  579843.806766884,   6141654.96760827)",GRAL TIMOTEO APARICIO 4581 EN 4581/4583,0
2026-05-24,F_103,31,N,,Contenedor No Está,N,,58775,Matutino,2026-05-24 07:32:37,,166852,"POINT (  579847.438363047,   6141536.62142779)",ALFEREZ REAL 2488 FTE 2486,0
2026-05-24,F_103,32,S,100,,S,"Basura Afuera, Requiere Limpieza",58775,Matutino,2026-05-24 07:32:27,11,142463,"POINT (  579852.728595238,   6141533.04396191)",ALFEREZ REAL 2488 EN 2485,0
2026-05-24,F_103,33,S,50,,S,,58775,Matutino,2026-05-24 07:34:18,11,181217,"POINT (  579826.092597386,   6141499.49805621)",PERNAMBUCANOS 2374,0
2026-05-24,F_103,34,S,50,,S,,58775,Matutino,2026-05-24 07:34:34,11,142441,"POINT (  579784.688686658,   6141536.71645524)",GRAL TIMOTEO APARICIO 4538 EN 4540,0
2026-05-24,F_103,35,S,50,,S,,58775,Matutino,2026-05-24 07:34:43,11,181886,"POINT (  579796.522939651,   6141556.94843856)",GRAL TIMOTEO APARICIO 4544 PROV OV. (O:cap villademoros 4720),0
2026-05-24,F_103,36,S,75,,S,,58775,Matutino,2026-05-24 08:17:10,24,142465,"POINT (  579755.943558594,   6141616.67684467)",ALFEREZ REAL 2542,0
2026-05-24,F_103,37,S,100,,S,Dos Ciclos,58775,Matutino,2026-05-24 08:18:36,24,142386,"POINT (  579695.508227344,   6141658.36103520)",ALFEREZ REAL 2552 FTE 2561 ,0
2026-05-24,F_103,38,N,,Contenedor No Está,N,,58775,Matutino,2026-05-24 08:20:56,,181648,"POINT (  579617.647899346,   6141710.65531765)",ALFEREZ REAL 2588,0
2026-05-24,F_103,39,N,,Contenedor No Está,N,,58775,Matutino,2026-05-24 08:20:44,,142385,"POINT (  579614.702951855,   6141712.05135180)",ALFEREZ REAL 2588 FTE 2593,0
2026-05-24,F_103,40,S,100,,S,"Basura Afuera, Requiere Limpieza",58775,Matutino,2026-05-24 08:21:51,24,181649,"POINT (  579436.702225766,   6141839.27414677)",ALFEREZ REAL 2694,0
2026-05-24,F_103,41,N,,Contenedor No Está,N,,58775,Matutino,2026-05-24 08:23:31,,181053,"POINT (  579360.767026362,   6141882.52317800)",ALFEREZ REAL 2724,0
2026-05-24,F_103,42,N,,Contenedor No Está,N,,58775,Matutino,2026-05-24 08:23:46,,180998,"POINT (  579355.541366942,   6141884.96423522)",ALFEREZ REAL 2730,0
2026-05-24,F_103,43,S,75,,S,,58775,Matutino,2026-05-24 08:24:03,24,181000,"POINT (  579274.631201458,   6141923.97132742)",CIRC INT IRMA HELENA SCHINCA Esq. ALFEREZ REAL EN 2780,0
2026-05-24,F_103,44,S,75,,S,,58775,Matutino,2026-05-24 08:24:14,24,180999,"POINT (  579272.503541883,   6141924.91695389)",CIRC INT IRMA HELENA SCHINCA Esq. ALFEREZ REAL,0
2026-05-24,F_103,45,S,100,,S,"Basura Afuera, Requiere Limpieza",58775,Matutino,2026-05-24 08:29:33,24,142418,"POINT (  579054.596935449,   6141890.11973852)",JUAN JACOBO ROUSSEAU 4524 FTE 4524,0
2026-05-24,F_103,46,S,100,,S,"Basura Afuera, Requiere Limpieza",58775,Matutino,2026-05-24 08:30:23,24,142422,"POINT (  579036.655196484,   6141815.78967710)",CAP VILLADEMOROS 2865 FTE 2865,0
2026-05-24,F_103,47,S,75,,S,,58775,Matutino,2026-05-24 08:32:18,24,142424,"POINT (  578955.130145631,   6141781.62916140)",FRAY BENTOS 4475 EN 4477,0
2026-05-24,F_103,48,S,75,,S,,58775,Matutino,2026-05-24 08:32:28,24,142423,"POINT (  578955.198806328,   6141780.04996537)",FRAY BENTOS 4475 EN 4477,0
2026-05-24,F_103,49,S,75,,S,,58775,Matutino,2026-05-24 08:37:35,24,171452,"POINT (  579031.480840683,   6141698.06909317)",VERA 2751,0
2026-05-24,F_103,50,S,75,,S,,58775,Matutino,2026-05-24 08:38:07,24,142467,"POINT (  579041.711284534,   6141696.62721853)",VERA Esq. JUAN JACOBO ROUSSEAU,0
2026-05-24,F_103,51,S,100,,S,"Basura Afuera, Requiere Limpieza",58775,Matutino,2026-05-24 08:45:51,24,181715,"POINT (  579335.640278649,   6141701.78190719)",CAP VILLADEMOROS 2699,0
2026-05-24,F_103,52,,,,S,,58775,Matutino,,,182092,"POINT (  579425.947924619,   6141623.78498824)",CAP VILLADEMOROS 2627,0
2026-05-24,F_103,53,S,100,,S,"Basura Afuera, Requiere Limpieza",58775,Matutino,2026-05-24 08:49:34,24,142409,"POINT (  579426.854293896,   6141623.11833366)",CAP VILLADEMOROS 2627,0
2026-05-24,F_103,54,S,100,,S,"Basura Afuera, Requiere Limpieza",58775,Matutino,2026-05-24 08:49:51,24,181598,"POINT (  579533.491780392,   6141527.44678627)",CAP VILLADEMOROS 2571,0
2026-05-24,F_103,55,S,100,,S,,58775,Matutino,2026-05-24 08:51:12,24,182285,"POINT (  579605.851740305,   6141464.71362985)",CAP VILLADEMOROS 2547,0
2026-05-24,F_103,56,S,75,,N,,58775,Matutino,2026-05-24 08:53:45,24,181845,"POINT (  579579.669984314,   6141477.57908823)",ILDEFONSO GARCIA 4498,0
2026-05-24,F_103,57,S,100,,S,"Basura Afuera, Requiere Limpieza",58775,Matutino,2026-05-24 08:54:03,24,142469,"POINT (  579652.744834472,   6141304.75364225)",VERA 2510 FTE 2505,0
2026-05-24,F_103,58,S,100,,S,"Basura Afuera, Requiere Limpieza",58775,Matutino,2026-05-24 08:54:47,24,142468,"POINT (  579547.522605957,   6141396.89054235)",VERA 2546 ESQ. ILDEFONSO GARCIA,0
2026-05-24,F_103,59,S,100,,S,,58775,Matutino,2026-05-24 08:57:24,24,142389,"POINT (  579441.018824658,   6141489.36469318)",VERA 2588,0
2026-05-24,F_103,60,S,100,,S,"Basura Afuera, Requiere Limpieza",58775,Matutino,2026-05-24 08:58:40,24,142390,"POINT (  579297.484912939,   6141614.68706535)",VERA 2670,0
2026-05-24,F_103,61,S,75,,S,,58775,Matutino,2026-05-24 09:01:03,24,142411,"POINT (  579185.247869189,   6141682.81171330)",VERA 2714 EN 2710 / 2714,0
2026-05-24,F_103,62,S,100,,S,,58775,Matutino,2026-05-24 09:02:33,24,181001,"POINT (  579182.905433136,   6141683.19118557)",VERA 2714,0
2026-05-24,F_103,63,S,75,,S,,58775,Matutino,2026-05-24 08:38:21,24,142393,"POINT (  579042.321008789,   6141635.09073467)",JUAN JACOBO ROUSSEAU 4425 FTE 4406,0
2026-05-24,F_103,64,S,100,,S,"Basura Afuera, Requiere Limpieza",58775,Matutino,2026-05-24 08:40:28,24,142392,"POINT (  579035.900635056,   6141561.78300436)",JUAN JACOBO ROUSSEAU 4351 EN 4351 / 4357,0
2026-05-24,F_103,65,S,75,,S,"Basura Afuera, Requiere Limpieza",58775,Matutino,2026-05-24 09:09:18,24,142391,"POINT (  579191.520732813,   6141557.11836533)",TEOFILO COLLAZO 2689,0
2026-05-24,F_103,66,S,100,,S,"Basura Afuera, Requiere Limpieza",58775,Matutino,2026-05-24 09:11:11,24,142394,"POINT (  579292.965753125,   6141468.62377314)",TEOFILO COLLAZO 2629,0
2026-05-24,F_103,67,S,100,,S,"Basura Afuera, Requiere Limpieza",58775,Matutino,2026-05-24 09:14:58,24,178962,"POINT (  579472.099033769,   6141310.64727211)",TEOFILO COLLAZO 2540,0
2026-05-24,F_103,68,S,100,,S,"Basura Afuera, Requiere Limpieza",58775,Matutino,2026-05-24 09:15:09,24,142442,"POINT (  579476.969752734,   6141308.09242451)",TEOFILO COLLAZO 2540 FTE 2540,0
2026-05-24,F_103,69,S,100,,S,,58775,Matutino,2026-05-24 09:17:39,24,142470,"POINT (  579627.788280273,   6141176.96933975)",TEOFILO COLLAZO Esq. GRAL TIMOTEO APARICIO FTE 2402,0
2026-05-24,F_103,70,S,100,,S,"Basura Afuera, Requiere Limpieza",58775,Matutino,2026-05-24 09:51:27,11,177261,"POINT (  579469.272911601,   6141194.35239583)",RAMON CASTRIZ Esq. SALGUERO ESQ,0
2026-05-24,F_103,71,S,75,,S,,58775,Matutino,2026-05-24 09:53:04,11,142445,"POINT (  579294.584556641,   6141345.59470596)",RAMON CASTRIZ 2590 EN 2590 / 2592,0
2026-05-24,F_103,72,S,100,,S,,58775,Matutino,2026-05-24 09:59:13,11,164893,"POINT (  579235.836462635,   6141400.38249879)",RAMON CASTRIZ 2626,0
2026-05-24,F_103,73,S,100,,S,,58775,Matutino,2026-05-24 09:54:57,11,182025,"POINT (  579220.979591067,   6141296.41037015)",CNEL LUIS ARGERICH 4306,0
2026-05-24,F_103,74,S,100,,S,"Basura Afuera, Requiere Limpieza",58775,Matutino,2026-05-24 09:58:21,11,148032,"POINT (  579286.267215729,   6141243.27437778)",SENA 4314,0
2026-05-24,F_103,75,S,100,,S,"Basura Afuera, Requiere Limpieza",58775,Matutino,2026-05-24 09:58:08,11,148052,"POINT (  579291.211035953,   6141247.76875980)",SENA 4314,0
2026-05-24,F_103,76,,,,S,,58775,Matutino,,,148053,"POINT (  579413.458226966,   6141223.79872234)",RAMON CASTRIZ 2526 FTE a 2526 (antes de pasaje de edificios),0
2026-05-24,F_103,77,S,100,,S,"Basura Afuera, Requiere Limpieza",58775,Matutino,2026-05-24 10:11:09,11,142476,"POINT (  579441.086274805,   6140978.93570967)",TAMESIS 2412 FTE 2415 / 2429,0
2026-05-24,F_103,78,S,75,,S,"Basura Afuera, Requiere Limpieza",58775,Matutino,2026-05-24 10:10:52,11,142475,"POINT (  579437.848667774,   6140982.44311729)",TAMESIS 2412 FTE 2415 / 2429,0
2026-05-24,F_103,79,S,75,,S,,58775,Matutino,2026-05-24 10:08:16,11,142474,"POINT (  579454.568055532,   6141053.75711262)",JOSE ANTONIO CABRERA Esq. 20 DE FEBRERO,0
2026-05-24,F_103,80,S,75,,S,,58775,Matutino,2026-05-24 10:08:25,11,142473,"POINT (  579459.099661533,   6141050.46139916)",20 DE FEBRERO Esq. JOSE ANTONIO CABRERA,0
2026-05-24,F_103,81,S,100,,S,,58775,Matutino,2026-05-24 10:12:37,11,142478,"POINT (  579564.924743750,   6140959.77986807)",20 DE FEBRERO 2373 EN 2373 / 2375,0
2026-05-24,F_103,82,S,100,,S,"Basura Afuera, Requiere Limpieza",58775,Matutino,2026-05-24 10:15:07,11,142477,"POINT (  579653.149535352,   6140882.88670107)",20 DE FEBRERO 2311 PDO 2315,0
2026-05-24,F_103,83,S,75,,S,,58775,Matutino,2026-05-24 10:18:59,11,142452,"POINT (  579420.311629687,   6140662.72942295)",JUAN J RAISSIGNIER 2314,0
2026-05-24,F_103,84,S,75,,S,,58775,Matutino,2026-05-24 10:20:01,11,179583,"POINT (  579384.823205665,   6140696.07027342)",JUAN J RAISSIGNIER 2350,0
2026-05-24,F_103,85,S,75,,S,,58775,Matutino,2026-05-24 10:22:16,11,182307,"POINT (  579145.223703486,   6140852.07885556)",HUMACHIRI 4077,0
2026-05-24,F_103,86,S,100,,S,,58775,Matutino,2026-05-24 10:25:27,11,142449,"POINT (  579139.719020312,   6140905.28014971)",JUAN J RAISSIGNIER 2518 FTE 2519,0
2026-05-24,F_103,87,S,75,,S,"Basura Afuera, Requiere Limpieza",58775,Matutino,2026-05-24 10:04:54,11,142481,"POINT (  579145.115032031,   6141121.12061845)",GRAL JOSE VILLAGRAN 2585,0
2026-05-24,F_103,88,S,50,,S,,58775,Matutino,2026-05-24 10:05:06,11,148077,"POINT (  579149.145606934,   6141114.42171032)",GRAL JOSE VILLAGRAN 2585,0
2026-05-24,F_103,89,S,100,,S,"Basura Afuera, Requiere Limpieza",58775,Matutino,2026-05-24 10:30:32,11,142412,"POINT (  579357.448093164,   6140935.63271562)",GRAL JOSE VILLAGRAN 2443 ESQ JOSE ANTONIO CABRERA,0
2026-05-24,F_103,90,S,75,,S,"Basura Afuera, Requiere Limpieza",58775,Matutino,2026-05-24 10:30:48,11,148092,"POINT (  579361.382775692,   6140931.38820175)",GRAL JOSE VILLAGRAN 2443,0
2026-05-24,F_103,91,S,100,,S,"Basura Afuera, Requiere Limpieza",58775,Matutino,2026-05-24 10:28:08,11,175423,"POINT (  579236.742863842,   6140910.85942769)",FRANCISCO SCHINCA 2493 fte 2492,0
2026-05-24,F_103,92,S,75,,S,"Basura Afuera, Requiere Limpieza",58775,Matutino,2026-05-24 10:40:16,11,181846,"POINT (  579317.534012854,   6140842.53325207)",FRANCISCO SCHINCA 2425,0
2026-05-24,F_103,93,S,75,,S,,58775,Matutino,2026-05-24 10:45:56,11,142396,"POINT (  579397.918181054,   6140772.67316172)",FRANCISCO SCHINCA 2363 ENTRE EL 2363-2369,0
2026-05-24,F_103,94,S,100,,S,"Basura Afuera, Requiere Limpieza",58775,Matutino,2026-05-24 10:46:08,11,142395,"POINT (  579419.071361889,   6140749.69032444)",FRANCISCO SCHINCA 2353,0
2026-05-24,F_103,95,S,100,,S,"Basura Afuera, Requiere Limpieza",58775,Matutino,2026-05-24 10:53:32,11,180146,"POINT (  579513.914343137,   6140814.58129237)",GRAL JOSE VILLAGRAN 2348 FTE 2347,0
2026-05-24,F_103,96,S,100,,S,"Basura Afuera, Requiere Limpieza",58775,Matutino,2026-05-24 10:53:16,11,142399,"POINT (  579448.640691211,   6140871.68997676)",GRAL JOSE VILLAGRAN 2388,0
2026-05-24,C_113,1,S,25,,S,,58777,Matutino,2026-05-24 11:35:27,,138549,"POINT (  575256.906319295,   6142469.60410041)",BV JOSE BATLLE Y ORDOÑEZ 4311 EN 4311. MURO,0
2026-05-24,C_113,2,S,25,,S,,58777,Matutino,2026-05-24 11:37:48,,138544,"POINT (  575259.692360704,   6142466.81805900)",BV JOSE BATLLE Y ORDOÑEZ 4311 EN 4311. MURO,0
2026-05-24,C_113,3,S,50,,S,,58777,Matutino,2026-05-24 11:40:10,,142912,"POINT (  575175.723842883,   6142158.19825082)",AV GRAL SAN MARTIN 3523,0
2026-05-24,C_113,4,S,75,,S,,58777,Matutino,2026-05-24 11:39:47,,182845,"POINT (  575136.228586562,   6142075.71778163)",AV GRAL SAN MARTIN 3485,0
2026-05-24,C_113,5,S,100,,S,,58777,Matutino,2026-05-24 11:33:06,,138543,"POINT (  575057.704358602,   6141905.43071523)",AV GRAL SAN MARTIN 3417 VEREDA.EN 3419,0
2026-05-24,C_113,6,S,75,,S,,58777,Matutino,2026-05-24 11:28:46,,182846,"POINT (  574969.606246136,   6141872.65927099)",MARIA JOSEFA ORIBE 3309 EN 3870,0
2026-05-24,C_113,7,S,75,,S,,58777,Matutino,2026-05-24 08:41:36,,182847,"POINT (  574869.830210302,   6141843.68390705)",CARABELA 3356,0
2026-05-24,C_113,8,S,50,,S,,58777,Matutino,2026-05-24 08:41:47,,138585,"POINT (  574904.453609503,   6141952.66286270)",CARABELA 3404 CERCO VEGETAL BAJO,0
2026-05-24,C_113,9,S,100,,S,,58777,Matutino,2026-05-24 08:41:58,,183462,"POINT (  574940.225354902,   6142068.58387952)",CARABELA 3456 MURO,0
2026-05-24,C_113,10,S,75,,S,,58777,Matutino,2026-05-24 08:42:10,,138578,"POINT (  574940.931221425,   6142070.99267698)",CARABELA 3456 MURO,0
2026-05-24,C_113,11,S,50,,S,,58777,Matutino,2026-05-24 08:42:21,,182066,"POINT (  574962.603679636,   6142141.89146349)",CARABELA 3488,0
2026-05-24,C_113,12,S,75,,S,,58777,Matutino,2026-05-24 08:42:35,,138579,"POINT (  574993.423394678,   6142234.69708171)",CARABELA 3528 FTE 3531.,0
2026-05-24,C_113,13,S,50,,S,,58777,Matutino,2026-05-24 08:42:47,,138582,"POINT (  575016.543403860,   6142301.59562092)",CARABELA Esq. HUASCAR MURO,0
2026-05-24,C_113,14,S,75,,S,,58777,Matutino,2026-05-24 08:43:03,,138581,"POINT (  575056.591942153,   6142433.98940050)",CARABELA 3622 MURO BAJO,0
2026-05-24,C_113,15,S,100,,S,,58777,Matutino,2026-05-24 08:43:13,,138547,"POINT (  575077.554903636,   6142508.26042495)",CARABELA Esq. ING MANUEL RODRIGUEZ CORREA MURO,0
2026-05-24,C_113,16,S,75,,S,,58777,Matutino,2026-05-24 08:43:21,,138548,"POINT (  575104.022297015,   6142594.62770861)",CARABELA 3688 FTE 3689,0
2026-05-24,C_113,17,S,100,,S,,58777,Matutino,2026-05-24 08:43:42,,138580,"POINT (  575166.469626845,   6142433.98940050)",GUILLAPI 3643 FTE 3640. MURO CALADO,0
2026-05-24,C_113,18,S,50,,S,,58777,Matutino,2026-05-24 08:43:57,,182057,"POINT (  575151.250918316,   6142382.45520569)",GUILLAPI 3611,0
2026-05-24,C_113,19,S,50,,S,,58777,Matutino,2026-05-24 08:44:22,,138584,"POINT (  575139.395209590,   6142343.15851009)",GUILLAPI Esq. FELIPE CONTUCCI MURO BAJO,0
2026-05-24,C_113,20,S,75,,S,,58777,Matutino,2026-05-24 08:44:52,,182055,"POINT (  575113.368242321,   6142260.83681968)",GUILLAPI 3557,0
2026-05-24,C_113,21,S,75,,S,,58777,Matutino,2026-05-24 08:45:03,,138583,"POINT (  575112.247015318,   6142256.48354122)",GUILLAPI 3557 FTE 3558,0
2026-05-24,C_113,22,S,100,,S,,58777,Matutino,2026-05-24 08:45:12,,138537,"POINT (  574574.185381912,   6142490.19857027)",AV BURGUES 3580 MURO,0
2026-05-24,C_113,23,S,50,,S,,58777,Matutino,2026-05-24 08:45:29,,182039,"POINT (  574608.166691068,   6142581.50105599)",AV BURGUES 3620,0
2026-05-24,C_113,24,S,100,,S,,58777,Matutino,2026-05-24 08:45:38,,182045,"POINT (  574669.117716558,   6142727.54039085)",AV BURGUES 3682,0
2026-05-24,C_113,25,S,50,,S,,58777,Matutino,2026-05-24 08:45:47,,183940,"POINT (  574723.824523809,   6142809.48641429)",AV BURGUES 3742,0
2026-05-24,C_113,26,S,100,,S,,58777,Matutino,2026-05-24 08:46:02,,138611,"POINT (  574775.073914445,   6142877.31168568)",AV BURGUES 3786 EN 3786/3788. ANTES DE COLUMNA,0
2026-05-24,C_113,27,S,75,,S,,58777,Matutino,2026-05-24 08:46:13,,183576,"POINT (  574806.364642933,   6142868.76301631)",RAMON MARQUEZ 3789,0
2026-05-24,C_113,28,S,75,,S,,58777,Matutino,2026-05-24 08:46:22,,183577,"POINT (  574778.434107477,   6142790.90483976)",RAMON MARQUEZ 3723 EN 3711,0
2026-05-24,C_113,29,S,50,,S,,58777,Matutino,2026-05-24 08:46:32,,183578,"POINT (  574750.250315871,   6142710.87589619)",RAMON MARQUEZ 3691 MURO CON REJAS,0
2026-05-24,C_113,30,S,100,,S,,58777,Matutino,2026-05-24 08:46:46,,183579,"POINT (  574734.476075640,   6142649.08139547)",RAMON MARQUEZ 3661 MURO BAJO,0
2026-05-24,C_113,31,S,50,,S,,58777,Matutino,2026-05-24 08:47:08,,183580,"POINT (  574715.228608201,   6142593.50976016)",RAMON MARQUEZ 3635 MURO,0
2026-05-24,C_113,32,S,75,,S,,58777,Matutino,2026-05-24 08:47:16,,138563,"POINT (  574682.604512746,   6142487.44370711)",RAMON MARQUEZ 3595 MURO CARTEL/COLUMNA,0
2026-05-24,C_113,33,S,100,,S,,58777,Matutino,2026-05-24 08:47:25,,138557,"POINT (  574664.846479330,   6142431.57087027)",RAMON MARQUEZ Esq. HUASCAR FTE 3562 MURO,0
2026-05-24,C_113,34,S,50,,S,,58777,Matutino,2026-05-24 08:47:45,,138555,"POINT (  574638.959344084,   6142358.13360349)",RAMON MARQUEZ 3531 FTE 3538 MURO,0
2026-05-24,C_113,35,S,100,,S,,58777,Matutino,2026-05-24 08:48:05,,138559,"POINT (  574595.870925653,   6142224.38516015)",RAMON MARQUEZ 3477 EN 3471/3477,0
2026-05-24,C_113,36,S,50,,S,,58777,Matutino,2026-05-24 08:48:27,,138558,"POINT (  574586.468684060,   6142190.13858481)",RAMON MARQUEZ 3459 EN 3453/3459,0
2026-05-24,C_113,37,S,100,,S,,58777,Matutino,2026-05-24 08:49:13,,138561,"POINT (  574558.731401603,   6142101.53132240)",RAMON MARQUEZ 3417 EN 3417/3421. ARBOL/ARBOL,0
2026-05-24,C_113,38,S,75,,S,,58777,Matutino,2026-05-24 08:49:30,,138560,"POINT (  574533.610281161,   6142018.80487405)",RAMON MARQUEZ 3381 FTE 3372/3380. MURO,0
2026-05-24,C_113,39,S,75,,S,,58777,Matutino,2026-05-24 08:49:43,,138562,"POINT (  574767.528215829,   6141904.45787954)",MARIANO SOLER 3366 EN 3372. MURO BAJO,0
2026-05-24,C_113,40,S,75,,S,,58777,Matutino,2026-05-24 08:49:53,,138570,"POINT (  574793.640609978,   6141994.12685568)",MARIANO SOLER 3408 MURO BAJO,0
2026-05-24,C_113,41,S,100,,S,,58777,Matutino,2026-05-24 08:50:03,,138571,"POINT (  574833.548231226,   6142124.19613974)",MARIANO SOLER 3462 MURO BAJO CON REJAS,0
2026-05-24,C_113,42,S,100,,S,,58777,Matutino,2026-05-24 08:50:32,,138573,"POINT (  574838.475098046,   6142211.89436915)",DR PABLO EHRLICH 3974 VEREDA. FTE 3951.,0
2026-05-24,C_113,43,S,75,,S,,58777,Matutino,2026-05-24 08:50:41,,182069,"POINT (  574823.333739818,   6142217.29710319)",DR PABLO EHRLICH 3974,0
2026-05-24,C_113,44,S,75,,S,,58777,Matutino,2026-05-24 08:50:54,,138587,"POINT (  574731.407377336,   6142208.89584401)",DARWIN Esq. DR PABLO EHRLICH FTE 3482/3496.,0
2026-05-24,C_113,45,S,50,,S,,58777,Matutino,2026-05-24 08:51:04,,138574,"POINT (  574714.503118153,   6142155.06912397)",DARWIN 3457 PDO EL 3457,0
2026-05-24,C_113,46,S,75,,S,,58777,Matutino,2026-05-24 08:51:32,,138575,"POINT (  574673.766317934,   6142025.10122491)",DARWIN 3413 ANTES DE ARBOL.MURO,0
2026-05-24,C_113,47,S,100,,S,,58777,Matutino,2026-05-24 08:51:41,,138576,"POINT (  574646.069909037,   6141930.73848135)",DARWIN 3359 ARBOL/ARBOL,0
2026-05-24,C_113,48,S,75,,S,,58777,Matutino,2026-05-24 08:51:51,,182068,"POINT (  574422.549684187,   6142136.12323777)",AV BURGUES 3428,0
2026-05-24,C_113,49,S,75,,S,,58777,Matutino,2026-05-24 08:52:00,,182064,"POINT (  574483.186771786,   6142245.02539932)",AV BURGUES 3488,0
2026-05-24,C_113,50,S,75,,S,,58777,Matutino,2026-05-24 08:52:10,,138535,"POINT (  574519.328376190,   6142339.47509524)",AV BURGUES 3510 EN 3510,0
2026-05-24,C_113,51,S,50,,S,,58777,Matutino,2026-05-24 08:52:20,,182067,"POINT (  574502.458051198,   6142450.36666841)",ROBERTO KOCH 4160,0
2026-05-24,C_113,52,N,,Contenedor No Está,N,,58777,Matutino,2026-05-24 08:39:59,,182062,"POINT (  574491.449566894,   6142454.55460557)",ROBERTO KOCH 4162,0
2026-05-24,C_113,53,N,,Contenedor No Está,N,,58777,Matutino,2026-05-24 08:39:46,,182056,"POINT (  574231.292957299,   6142546.13910719)",ROBERTO KOCH 4300,0
2026-05-24,C_113,54,S,100,,S,,58777,Matutino,2026-05-24 08:39:26,,138512,"POINT (  574174.350349495,   6142559.02595195)",PATRIOTAS 4312,0
2026-05-24,C_113,55,S,100,,S,,58777,Matutino,2026-05-24 11:26:18,,138514,"POINT (  574108.500913590,   6142623.43370609)",BUCEO 3858 EN 3858/3862,0
2026-05-24,C_113,56,S,75,,S,,58777,Matutino,2026-05-24 11:26:44,,138596,"POINT (  574156.176105959,   6142703.88559321)",BUCEO 3570 ANTES DE ARBOL.,0
2026-05-24,C_113,57,S,50,,S,,58777,Matutino,2026-05-24 11:26:53,,181320,"POINT (  574277.398042048,   6142746.33338083)",ING MANUEL RODRIGUEZ CORREA 1442 EN 1446,0
2026-05-24,C_113,58,S,25,,S,,58777,Matutino,2026-05-24 11:27:04,,181299,"POINT (  574281.320930501,   6142688.33472604)",DR CARLOS VAZ FERREIRA 3871,0
2026-05-24,C_113,59,S,100,,S,,58777,Matutino,2026-05-24 11:27:12,,181298,"POINT (  574228.732188841,   6142595.27640462)",DR CARLOS VAZ FERREIRA 3819,0
2026-05-24,C_113,60,S,50,,S,,58777,Matutino,2026-05-24 11:27:22,,182149,"POINT (  574142.259876687,   6142430.07106380)",DR CARLOS VAZ FERREIRA 3757 FTE 3751,0
2026-05-24,C_113,61,S,75,,S,,58777,Matutino,2026-05-24 11:27:31,,182071,"POINT (  574015.168817647,   6142657.07329695)",AV COSTANERA FELIPE CARAPE Esq. BAYONA,0
2026-05-24,C_113,62,S,100,,S,,58777,Matutino,2026-05-24 11:27:43,,183540,"POINT (  573924.609316384,   6142547.74272599)","REYES 1469 1469/1479 VEREDA, EDIFICIO",0
2026-05-24,C_113,63,S,25,,S,,58777,Matutino,2026-05-24 11:27:51,,138508,"POINT (  573878.430666149,   6142473.94569176)",REYES 1439 VEREDA.FTE 1436,0
2026-05-24,C_113,64,S,75,,S,,58777,Matutino,2026-05-24 11:27:59,,138591,"POINT (  573875.967232739,   6142470.00419830)",REYES 1439 FTE 1436.,0
2026-05-24,C_113,65,S,50,,S,,58777,Matutino,2026-05-24 11:28:12,,138529,"POINT (  573844.435285087,   6142421.72090346)",REYES 1425 COLUMNA/ARBOL.MURO BAJO,0
2026-05-24,C_113,66,S,100,,S,,58777,Matutino,2026-05-24 11:28:25,,182063,"POINT (  573983.647066013,   6142380.08088998)",CUBO DEL NORTE 3776,0
2026-05-24,C_113,67,S,75,,S,,58777,Matutino,2026-05-24 11:28:37,,182059,"POINT (  573984.763078432,   6142382.54391918)",CUBO DEL NORTE 3776,0
2026-05-24,C_113,68,S,50,,S,,58777,Matutino,2026-05-24 11:29:17,,182058,"POINT (  574044.102392593,   6142496.70559651)",CUBO DEL NORTE 3826,0
2026-05-24,C_113,69,S,100,,S,,58777,Matutino,2026-05-24 11:29:39,,180570,"POINT (  574020.715715586,   6142668.31415358)",BAYONA 3510,0
2026-05-24,C_113,70,S,75,,S,,58777,Matutino,2026-05-24 11:29:49,,180569,"POINT (  574066.221972696,   6142732.59174175)",BAYONA 3544,0
2026-05-24,C_113,71,S,75,,S,,58777,Matutino,2026-05-24 11:29:59,,138528,"POINT (  574121.462457409,   6142847.85963088)",BAYONA Esq. PEDRO TRAPANI MURO,0
2026-05-24,C_113,72,S,100,,S,,58777,Matutino,2026-05-24 11:30:09,,182065,"POINT (  574184.004271678,   6142885.12459063)",BAYONA 3633,0
2026-05-24,C_113,73,S,50,,S,,58777,Matutino,2026-05-24 11:30:19,,138527,"POINT (  574260.262844743,   6142963.67625373)",ANDRES SPIKERMAN 3692 MURO BAJO.PDO REBAJE,0
2026-05-24,C_113,74,S,100,,S,,58777,Matutino,2026-05-24 11:30:30,,182054,"POINT (  574377.645950980,   6142982.02265294)",PANTALEON ARTIGAS 3712,0
2026-05-24,C_113,75,S,75,,S,,58777,Matutino,2026-05-24 11:30:39,,138515,"POINT (  574379.058970485,   6142986.65166078)",PANTALEON ARTIGAS 3712,0
2026-05-24,C_113,76,S,75,,S,,58777,Matutino,2026-05-24 11:30:50,,138534,"POINT (  574400.603179701,   6143049.66535941)",PANTALEON ARTIGAS 3744 EN 3744/3748.,0
2026-05-24,C_113,77,S,50,,S,,58777,Matutino,2026-05-24 11:30:58,,138594,"POINT (  574429.681635491,   6143137.02525978)",PANTALEON ARTIGAS 3772 EN 3772,0
2026-05-24,C_113,78,S,75,,S,,58777,Matutino,2026-05-24 11:32:22,,140312,"POINT (  574458.822357783,   6143222.14356613)",PANTALEON ARTIGAS 3798,0
2026-05-24,C_113,79,S,100,,S,,58777,Matutino,2026-05-24 11:32:31,,138600,"POINT (  574460.067687795,   6143224.19836065)",PANTALEON ARTIGAS 3798,0
2026-05-24,C_113,80,S,75,,S,,58777,Matutino,2026-05-24 11:32:44,,138601,"POINT (  574529.121236986,   6143157.26187249)",GREGORIO SANABRIA 3795 MURO,0
2026-05-24,C_113,81,S,50,,S,,58777,Matutino,2026-05-24 11:32:55,,138599,"POINT (  574500.852245703,   6143074.44742666)",GREGORIO SANABRIA 3761 EN 3761/3765,0
2026-05-24,C_113,82,S,100,,S,,58777,Matutino,2026-05-24 11:34:30,,138597,"POINT (  574479.260668533,   6143001.85554552)",GREGORIO SANABRIA 3733 EN 3735/3739. MURO,0
2026-05-24,C_113,83,N,,Contenedor No Está,N,,58777,Matutino,2026-05-24 11:34:49,,152412,"POINT (  574444.213743645,   6142904.19422529)",GREGORIO SANABRIA 3691,0
2026-05-24,C_113,84,S,75,,S,,58777,Matutino,2026-05-24 11:39:10,,138607,"POINT (  574401.362809573,   6142771.99301088)",GREGORIO SANABRIA 3615 EN 3615/3621,0
2026-05-24,C_113,85,S,100,,S,,58777,Matutino,2026-05-24 11:39:27,,138602,"POINT (  574360.924030331,   6142648.54831635)",GREGORIO SANABRIA 3555 FTE 3562. CERCO VEGETAL,0
2026-05-24,C_113,86,S,75,,S,,58777,Matutino,2026-05-24 11:39:37,,138603,"POINT (  574321.762265170,   6142531.91436359)",GREGORIO SANABRIA 3511 FTE 3508. MURO,0
2026-05-24,C_113,87,S,75,,S,,58777,Matutino,2026-05-24 11:40:43,,169972,"POINT (  574402.215419939,   6142409.06536050)",IBIROCAHY 3460,0
2026-05-24,C_113,88,S,50,,S,,58777,Matutino,2026-05-24 11:35:45,,157912,"POINT (  574429.725308377,   6142489.97192970)",IBIROCAHY 3502,0
2026-05-24,C_113,89,S,75,,S,,58777,Matutino,2026-05-24 11:35:55,,138517,"POINT (  574447.335316500,   6142548.51554665)",IBIROCAHY 3534 UTE,0
2026-05-24,C_113,90,S,100,,S,,58777,Matutino,2026-05-24 11:41:02,,138604,"POINT (  574529.126142612,   6142787.45621496)",IBIROCAHY 3630 MURO CIEGO,0
2026-05-24,C_113,91,N,,Contenedor No Está,N,,58777,Matutino,2026-05-24 11:37:25,,151692,"POINT (  574529.539554071,   6142790.04003657)",IBIROCAHY 3630 JUNTO A POS 40,0
2026-05-24,C_113,92,S,75,,S,,58777,Matutino,2026-05-24 11:37:37,,182052,"POINT (  574555.950816776,   6142869.99134989)",IBIROCAHY 3694,0
2026-05-24,C_113,93,S,50,,S,,58777,Matutino,2026-05-24 11:38:39,,138609,"POINT (  574556.456230760,   6142872.45489863)",IBIROCAHY 3694 PDO 3690. ESQ IPIRANGA.CERCO VEGETAL.,0
2026-05-24,C_113,94,S,100,,S,,58777,Matutino,2026-05-24 11:38:19,,169812,"POINT (  574587.552416384,   6142959.41227344)",IBIROCAHY 3736,0
2026-05-24,C_113,95,S,75,,S,,58777,Matutino,2026-05-24 11:38:04,,138519,"POINT (  574614.624161153,   6143049.95640925)",IBIROCAHY 3772 EN 3764/3772,0
2026-05-24,C_113,96,S,75,,S,,58777,Matutino,2026-05-24 11:37:08,,138520,"POINT (  574733.386470716,   6142983.12600566)",BV JOSE BATLLE Y ORDOÑEZ Esq. CELEDONIO ROJAS,0
2026-05-24,C_113,97,S,75,,S,,58777,Matutino,2026-05-24 11:36:35,,138569,"POINT (  574932.047762516,   6142780.33161096)",BV JOSE BATLLE Y ORDOÑEZ 4493 GOMERIA,0
2026-05-24,C_113,98,S,100,,S,,58777,Matutino,2026-05-24 11:36:25,,138568,"POINT (  575001.061703128,   6142688.81507739)",MARIANO SOLER 3747 MURO,0
2026-05-24,C_113,99,S,75,,S,,58777,Matutino,2026-05-24 11:33:55,,138590,"POINT (  574969.401552681,   6142582.56894174)",MARIANO SOLER 3667 EN 3667/3669.,0
2026-05-24,C_113,100,S,75,,S,,58777,Matutino,2026-05-24 11:33:45,,138589,"POINT (  574933.368789685,   6142466.90822102)",MARIANO SOLER 3613 ARBOL/COLUMNA,0
2026-05-24,C_113,101,S,50,,S,,58777,Matutino,2026-05-24 11:33:30,,138588,"POINT (  574912.905739094,   6142397.06693965)",MARIANO SOLER 3591 FTE 3594,0
2026-05-24,C_113,102,S,75,,S,,58777,Matutino,2026-05-24 11:33:19,,138567,"POINT (  574806.728970806,   6142398.10385665)",DARWIN Esq. HUASCAR ESPACIO LIBRE,0
2026-05-24,C_113,103,S,100,,S,,58777,Matutino,2026-05-24 11:31:57,,138566,"POINT (  574822.183190471,   6142447.91621626)",DARWIN Esq. FELIPE CONTUCCI,0
2026-05-24,C_113,104,S,75,,S,,58777,Matutino,2026-05-24 11:31:43,,138539,"POINT (  574869.225037721,   6142592.76328802)",DARWIN 3664 MURO,0
2026-05-24,C_113,105,S,75,,S,,58777,Matutino,2026-05-24 11:31:32,,180387,"POINT (  574869.932110466,   6142594.90270307)",DARWIN 3664 PROV A,0
2026-05-24,C_113,106,S,100,,S,,58777,Matutino,2026-05-24 11:31:23,,175375,"POINT (  574907.036800000,   6142704.13742542)",DARWIN 3702 EN 3704,0
2026-05-24,G_113,83,S,100,,S,,58778,Matutino,2026-05-24 07:45:43,32,129532,"POINT (  570882.234878764,   6148256.75340577)",IGNACIO AMANDAU 5736 EN 5738. MURO,0
2026-05-24,G_113,84,S,100,,S,"Basura Afuera, Dos Ciclos, Requiere Limpieza",58778,Matutino,2026-05-24 07:46:39,32,129499,"POINT (  570750.407567989,   6148289.13204350)",IGNACIO AMANDAU 5772 EN 5776/5772,0
2026-05-24,G_113,85,S,75,,S,"Basura Afuera, Dos Ciclos, Requiere Limpieza",58778,Matutino,2026-05-24 07:50:31,32,129529,"POINT (  570724.967209769,   6148224.37476803)",LANUS 5779,0
2026-05-24,G_113,86,S,100,,S,"Basura Afuera, Requiere Limpieza",58778,Matutino,2026-05-24 07:48:39,32,129535,"POINT (  570835.979682001,   6148198.93440981)",LANUS 5743,0
2026-05-24,G_113,87,S,100,,S,"Basura Afuera, Dos Ciclos, Poda, Requiere Limpieza",58778,Matutino,2026-05-24 07:50:11,32,129536,"POINT (  571016.374949377,   6148153.83559297)",LANUS 5689 VEREDA. FTE 5682,0
2026-05-24,G_113,88,S,75,,S,"Basura Afuera, Requiere Limpieza",58778,Matutino,2026-05-24 07:52:25,32,129534,"POINT (  571123.918281851,   6148127.23885483)",LANUS 5661 VEREDA,0
2026-05-24,G_113,89,S,75,,S,,58778,Matutino,2026-05-24 07:53:31,32,129526,"POINT (  571112.354482660,   6148042.82312074)",19 DE JUNIO 5614 EN 5632/5626,0
2026-05-24,G_113,90,S,75,,S,,58778,Matutino,2026-05-24 07:54:54,32,129528,"POINT (  571010.593049782,   6148064.79433920)",19 DE JUNIO 5678,0
2026-05-24,G_113,91,S,100,,S,Dos Ciclos,58778,Matutino,2026-05-24 07:56:59,32,129523,"POINT (  570796.662764752,   6148119.14419540)",19 DE JUNIO 5746 VEREDA. EN 5744/5750,0
2026-05-24,G_113,92,S,100,,S,Dos Ciclos,58778,Matutino,2026-05-24 07:59:23,32,129531,"POINT (  570657.897174463,   6148150.36645321)",19 DE JUNIO 5786 VEREDA,0
2026-05-24,G_113,93,S,100,,S,Dos Ciclos,58778,Matutino,2026-05-24 08:01:22,32,129533,"POINT (  570645.497486812,   6148041.31450650)",CARVE 5785 EN 5783,0
2026-05-24,G_113,94,S,75,,S,,58778,Matutino,2026-05-24 08:03:51,32,129547,"POINT (  570905.362477145,   6147979.22222519)",CARVE 5703,0
2026-05-24,G_113,95,S,75,,S,,58778,Matutino,2026-05-24 08:03:58,32,129530,"POINT (  570992.599781149,   6147955.40495660)",CARVE 5665 EN 5667,0
2026-05-24,G_113,96,S,75,,S,"Basura Afuera, Requiere Limpieza",58778,Matutino,2026-05-24 08:06:06,32,129488,"POINT (  571183.586871913,   6147908.52420760)",CARVE 5607,0
2026-05-24,G_113,97,N,,Contenedor No Está,N,,58778,Matutino,2026-05-24 07:44:08,,129489,"POINT (  571165.610514181,   6147566.54435461)",CNO CASAVALLE 5507 VEREDA. EN 5468,0
2026-05-24,G_113,98,S,75,,S,,58778,Matutino,2026-05-24 07:44:13,32,129541,"POINT (  571058.683371199,   6147657.00991683)",CNO CASAVALLE 5554 VEREDA,0
2026-05-24,G_113,99,S,100,,S,"Basura Afuera, Dos Ciclos, Requiere Limpieza",58778,Matutino,2026-05-24 07:44:19,32,129580,"POINT (  570860.844624290,   6147799.40437923)",CNO CASAVALLE 5679 VEREDA,0
2026-05-24,G_113,100,S,100,,S,Dos Ciclos,58778,Matutino,2026-05-24 07:44:42,32,129504,"POINT (  570657.237767184,   6147850.19111067)",DR VALENTIN ALVAREZ 5744,0
2026-05-24,G_113,101,S,75,,S,Dos Ciclos,58778,Matutino,2026-05-24 07:44:51,32,129539,"POINT (  570572.982436632,   6147871.57386356)",DR VALENTIN ALVAREZ 5792 EN 5790. FTE 5799,0
2026-05-24,G_113,102,S,75,,S,"Basura Afuera, Requiere Limpieza",58778,Matutino,2026-05-24 08:29:40,32,132852,"POINT (  570707.389313082,   6147934.85132773)",MATTO GROSSO 5745 FTE 5754,0
2026-05-24,G_113,103,S,50,,S,,58778,Matutino,2026-05-24 08:30:09,32,181674,"POINT (  570800.846113072,   6147912.01375730)",MATTO GROSSO 5731 FTE 5730,0
2026-05-24,G_113,104,S,75,,S,,58778,Matutino,2026-05-24 08:31:30,32,129501,"POINT (  571026.776567412,   6147833.94764693)",MATTO GROSSO 5627 EN 5631/5635,0
2026-05-24,G_113,105,S,50,,S,,58778,Matutino,2026-05-24 08:32:40,32,129502,"POINT (  571091.750422397,   6147809.00232760)",MATTO GROSSO 5599 FTE 5602. CERCO,0
2026-05-24,G_113,106,S,75,,S,,58778,Matutino,2026-05-24 08:34:11,32,129540,"POINT (  571212.416153083,   6147759.11168895)",MATTO GROSSO Esq. AV GRAL EUGENIO GARZON,0
2026-05-24,G_113,107,N,,Contenedor No Está,N,,58778,Matutino,2026-05-24 08:34:27,,129542,"POINT (  571167.166504076,   6147689.49684432)",YAMANDU 5534 EN 5534/5536,0
2026-05-24,G_113,108,S,75,,S,,58778,Matutino,2026-05-24 08:08:58,32,129506,"POINT (  571031.417557054,   6147746.92909114)",YAMANDU 5590 MURO,0
2026-05-24,G_113,1,S,75,,S,"Basura Afuera, Dos Ciclos, Requiere Limpieza",58778,Matutino,2026-05-24 07:42:49,32,136473,"POINT (  570739.107276870,   6149273.70210714)",CNO COLMAN 5815 FTE 5777. UTE,1
2026-05-24,G_113,2,S,75,,S,Dos Ciclos,58778,Matutino,2026-05-24 07:42:54,32,161392,"POINT (  570623.451846156,   6149331.23019703)",CNO COLMAN 6023 FTE 6023,1
2026-05-24,G_113,3,S,100,,S,"Basura Afuera, Dos Ciclos, Requiere Limpieza",58778,Matutino,2026-05-24 07:43:25,32,136493,"POINT (  570249.461279956,   6149393.82291699)",CALLE 2213 Esq. VICTORIANO ALVAREZ EN 6284,1
2026-05-24,G_113,4,S,50,,S,"Basura Afuera, Requiere Limpieza",58778,Matutino,2026-05-24 07:43:10,32,181437,"POINT (  570241.945962459,   6149396.97526467)",CALLE 2213 Esq. VICTORIANO ALVAREZ,1
2026-05-24,G_113,5,S,75,,S,"Basura Afuera, Dos Ciclos, Requiere Limpieza",58778,Matutino,2026-05-24 07:43:36,32,146712,"POINT (  570157.668858198,   6149401.60075305)",VICTORIANO ALVAREZ 6236,1
2026-05-24,G_113,6,S,100,,S,"Basura Afuera, Dos Ciclos, Requiere Limpieza",58778,Matutino,2026-05-24 07:43:44,32,146752,"POINT (  570149.407469315,   6149401.19374933)",VICTORIANO ALVAREZ 6236,1
2026-05-24,G_113,7,S,50,,S,,58778,Matutino,2026-05-24 09:45:58,32,129546,"POINT (  570140.660155062,   6149013.48446025)",JUAN BONMESADRI Esq. CIRC INT SIN DENOM 2072/2080 BIS. VEREDA,1
2026-05-24,G_113,8,S,50,,S,,58778,Matutino,2026-05-24 09:46:54,32,129565,"POINT (  570141.745360141,   6149017.36019268)",JUAN BONMESADRI Esq. CIRC INT SIN DENOM 2072/2080 BIS. VEREDA,1
2026-05-24,G_113,9,S,50,,S,,58778,Matutino,2026-05-24 09:46:45,32,162912,"POINT (  570142.985594517,   6149021.08089581)",JUAN BONMESADRI Esq. CIRC INT SIN DENOM,1
2026-05-24,G_113,10,S,50,,S,,58778,Matutino,2026-05-24 09:46:30,32,129550,"POINT (  570162.718147948,   6149098.32528573)",JUAN BONMESADRI Esq. JUAN DE LA COSA REBAJE,1
2026-05-24,G_113,11,S,50,,S,,58778,Matutino,2026-05-24 09:46:24,32,129571,"POINT (  570163.410966899,   6149101.44297101)",JUAN BONMESADRI Esq. JUAN DE LA COSA REBAJE,1
2026-05-24,G_113,12,S,50,,S,,58778,Matutino,2026-05-24 09:46:18,32,129569,"POINT (  570163.872846199,   6149104.32971664)",JUAN BONMESADRI Esq. JUAN DE LA COSA REBAJE,1
2026-05-24,G_113,13,S,75,,S,"Basura Afuera, Dos Ciclos, Requiere Limpieza",58778,Matutino,2026-05-24 09:46:11,32,129574,"POINT (  570165.027544451,   6149107.33193209)",JUAN BONMESADRI Esq. JUAN DE LA COSA FTE 2080. VEREDA,1
2026-05-24,G_113,14,S,75,,S,,58778,Matutino,2026-05-24 09:47:32,32,129511,"POINT (  570289.619485765,   6149241.62333871)",PSJE 6476 Esq. CIRC INT 6,1
2026-05-24,G_113,15,S,50,,S,,58778,Matutino,2026-05-24 09:49:43,32,129514,"POINT (  570299.549890726,   6149234.69514921)",CNO JOSE DURAN Esq. PSJE 6476,1
2026-05-24,G_113,16,S,100,,S,Dos Ciclos,58778,Matutino,2026-05-24 09:49:50,32,129515,"POINT (  570319.810003694,   6149220.60362666)",CNO JOSE DURAN 6146 REBAJE COMPLEJO,1
2026-05-24,G_113,17,S,75,,S,,58778,Matutino,2026-05-24 09:53:39,32,129512,"POINT (  570394.235147332,   6149169.80110749)",CNO JOSE DURAN 5980,1
2026-05-24,G_113,18,S,50,,S,,58778,Matutino,2026-05-24 09:53:48,32,129513,"POINT (  570399.315819637,   6149166.68342221)",CNO JOSE DURAN 5980,1
2026-05-24,G_113,19,S,75,,S,,58778,Matutino,2026-05-24 09:53:56,32,129496,"POINT (  570403.241793692,   6149163.56573693)",CNO JOSE DURAN 5976,1
2026-05-24,G_113,20,N,,Contenedor No Está,N,,58778,Matutino,2026-05-24 09:54:12,,129508,"POINT (  570516.494640118,   6149086.76496874)",CNO JOSE DURAN 5934,1
2026-05-24,G_113,21,N,,Contenedor No Está,N,,58778,Matutino,2026-05-24 09:54:21,,129472,"POINT (  570522.313712202,   6149083.27352549)",CNO JOSE DURAN 5934,1
2026-05-24,G_113,22,S,50,,S,"Basura Afuera, Requiere Limpieza",58778,Matutino,2026-05-24 09:57:06,32,129494,"POINT (  570794.646285711,   6148906.37373415)",CNO JOSE DURAN 5807 PDO COMPLEJO. MURO,1
2026-05-24,G_113,23,S,50,,S,"Basura Afuera, Requiere Limpieza",58778,Matutino,2026-05-24 09:57:15,32,183658,"POINT (  570795.322650237,   6148905.95784123)",CNO JOSE DURAN 5807 PDO COMPLEJO. MURO,1
2026-05-24,G_113,24,S,75,,S,"Basura Afuera, Requiere Limpieza",58778,Matutino,2026-05-24 08:48:46,32,181037,"POINT (  570759.522372811,   6148691.39100034)",ANDRE GIOT DE BADET 5785,1
2026-05-24,G_113,25,S,100,,S,"Basura Afuera, Dos Ciclos, Requiere Limpieza",58778,Matutino,2026-05-24 08:55:11,32,181038,"POINT (  570864.300529807,   6148617.50021536)",PLAZUELA PERFECTO GIOT,1
2026-05-24,G_113,26,S,50,,S,"Basura Afuera, Requiere Limpieza",58778,Matutino,2026-05-24 08:55:29,32,182095,"POINT (  570866.368082935,   6148616.26444733)",PLAZUELA PERFECTO GIOT,1
2026-05-24,G_113,27,S,75,,S,"Basura Afuera, Requiere Limpieza",58778,Matutino,2026-05-24 08:55:37,32,129518,"POINT (  570712.008106086,   6148620.74208900)",CALDERON DE LA BARCA 1994 MURO,1
2026-05-24,G_113,28,S,75,,S,,58778,Matutino,2026-05-24 08:38:46,32,136292,"POINT (  570737.700796949,   6148568.21378628)",CARNOT 5791 EN 5788,1
2026-05-24,G_113,29,S,50,,S,,58778,Matutino,2026-05-24 08:58:06,32,129563,"POINT (  570882.798836164,   6148533.57326340)",CARNOT 5739 PDO 5738,1
2026-05-24,G_113,30,S,75,,S,,58778,Matutino,2026-05-24 08:45:59,32,180321,"POINT (  570722.662096296,   6148664.71875185)",CALDERON DE LA BARCA 2032 EN 2052,1
2026-05-24,G_113,31,S,50,,S,"Basura Afuera, Requiere Limpieza",58778,Matutino,2026-05-24 08:56:52,32,129491,"POINT (  570694.803102142,   6148725.70416004)",ANDRE GIOT DE BADET 5811 FTE 5807,1
2026-05-24,G_113,32,S,75,,S,"Basura Afuera, Dos Ciclos, Requiere Limpieza",58778,Matutino,2026-05-24 07:40:46,32,129517,"POINT (  570689.153807965,   6148834.11556358)",SANTIAGO DE COMPOSTELA 5809 FTE 5809,1
2026-05-24,G_113,33,S,50,,S,,58778,Matutino,2026-05-24 09:33:53,32,183659,"POINT (  570590.633591549,   6148995.17647277)",YEGROS 2144 PDO CARTEL,1
2026-05-24,G_113,34,S,75,,S,"Basura Afuera, Requiere Limpieza",58778,Matutino,2026-05-24 08:59:03,32,129568,"POINT (  570586.936135148,   6148757.40304200)",ANDRE GIOT DE BADET 5836 EN 5836/34,1
2026-05-24,G_113,35,N,,Contenedor No Está,N,,58778,Matutino,2026-05-24 08:59:29,,129570,"POINT (  570493.654666768,   6148778.58933995)",CIRC INT 12 Esq. ANDRE GIOT DE BADET VEREDA,1
2026-05-24,G_113,36,S,50,,S,,58778,Matutino,2026-05-24 08:59:12,32,129551,"POINT (  570489.959632364,   6148779.97497785)",ANDRE GIOT DE BADET Esq. CIRC INT 12 VEREDA,1
2026-05-24,G_113,37,N,,Contenedor No Está,N,,58778,Matutino,2026-05-24 08:59:41,,182030,"POINT (  570486.466394335,   6148780.65633922)",ANDRE GIOT DE BADET Esq. CIRC INT 12 PROV OV (O: YERGOS 2060),1
2026-05-24,G_113,38,S,75,,S,Dos Ciclos,58778,Matutino,2026-05-24 09:33:43,32,129564,"POINT (  570408.342508866,   6148803.24955342)",ANDRE GIOT DE BADET Esq. CIRC INT 10 VEREDA. ANTES REBAJE,1
2026-05-24,G_113,39,S,50,,S,,58778,Matutino,2026-05-24 09:38:56,32,129545,"POINT (  570361.008698877,   6148815.58092200)",ANDRE GIOT DE BADET Esq. CIRC INT 4 VEREDA,1
2026-05-24,G_113,40,S,50,,S,,58778,Matutino,2026-05-24 09:39:04,32,129556,"POINT (  570303.801318855,   6148830.97747613)",ANDRE GIOT DE BADET Esq. CIRC INT SIN DENOM VEREDA,1
2026-05-24,G_113,41,S,50,,S,,58778,Matutino,2026-05-24 09:39:14,32,129566,"POINT (  570299.665360551,   6148832.16733881)",ANDRE GIOT DE BADET Esq. CIRC INT SIN DENOM VEREDA,1
2026-05-24,G_113,42,S,50,,S,,58778,Matutino,2026-05-24 09:39:21,32,150852,"POINT (  570214.822472770,   6148853.63019744)",CIRC INT 1 Esq. ANDRE GIOT DE BADET,1
2026-05-24,G_113,43,S,50,,S,,58778,Matutino,2026-05-24 07:41:01,32,149392,"POINT (  570458.620910364,   6149267.03302608)",VICTORIANO ALVAREZ 6003,1
2026-05-24,G_113,44,S,75,,S,"Basura Afuera, Requiere Limpieza",58778,Matutino,2026-05-24 07:41:10,32,129567,"POINT (  570512.938127565,   6149239.66035169)",VICTORIANO ALVAREZ 5923,1
2026-05-24,G_113,45,N,,Contenedor No Está,N,,58778,Matutino,2026-05-24 07:41:20,,129553,"POINT (  570655.889771074,   6149164.83590500)",VICTORIANO ALVAREZ 5871,1
2026-05-24,G_113,46,S,50,,S,,58778,Matutino,2026-05-24 07:41:47,32,129555,"POINT (  570751.036906981,   6149115.18388020)",VICTORIANO ALVAREZ 5811 EN 5817,1
2026-05-24,G_113,47,S,75,,S,"Basura Afuera, Requiere Limpieza",58778,Matutino,2026-05-24 07:42:32,32,129573,"POINT (  570865.352033858,   6149054.67769183)",VICTORIANO ALVAREZ 5735 EN 5731. MURO,1
2026-05-24,G_113,48,S,50,,S,,58778,Matutino,2026-05-24 09:32:23,32,181180,"POINT (  570594.982068828,   6149012.31024994)",YEGROS Esq. CIRC INT SIN DENOM ALTA POR RELEVAMIENTO,1
2026-05-24,G_113,49,S,75,,S,"Basura Afuera, Requiere Limpieza",58778,Matutino,2026-05-24 09:32:33,32,129548,"POINT (  570593.049579383,   6149004.16388201)",YEGROS 2144 FTE 2144. PDO CARTEL,1
2026-05-24,G_113,50,S,50,,S,,58778,Matutino,2026-05-24 09:32:40,32,182956,"POINT (  570564.353104575,   6148882.29032614)",CIRC INT 9 Esq. YEGROS,1
2026-05-24,G_113,51,S,50,,S,,58778,Matutino,2026-05-24 09:33:06,32,182957,"POINT (  570564.353104575,   6148879.02235229)",CIRC INT 9 Esq. YEGROS,1
2026-05-24,G_113,52,S,50,,S,,58778,Matutino,2026-05-24 09:32:06,32,183648,"POINT (  570555.117441830,   6148819.27215708)",YEGROS 2066,1
2026-05-24,G_113,53,S,75,,S,"Basura Afuera, Dos Ciclos, Requiere Limpieza",58778,Matutino,2026-05-24 10:03:30,32,129473,"POINT (  570506.349824783,   6148666.81291379)",YEGROS 2010 FTE MURO CIEGO. ESPACIO LIBRE,1
2026-05-24,G_113,54,S,50,,S,"Basura Afuera, Dos Ciclos, Requiere Limpieza",58778,Matutino,2026-05-24 10:06:22,32,129485,"POINT (  570472.447997665,   6148512.30950496)",YEGROS 1955 ESQ AV LEZICA. VEREDA,1
2026-05-24,G_113,55,S,50,,S,,58778,Matutino,2026-05-24 10:08:25,32,129575,"POINT (  570131.206655845,   6148681.81864055)",CALLE B Esq. CALLE C VIVIENDAS,1
2026-05-24,G_113,56,S,75,,S,"Basura Afuera, Dos Ciclos, Requiere Limpieza",58778,Matutino,2026-05-24 10:09:27,32,129576,"POINT (  570224.019854679,   6148747.39922416)",CALLE D Esq. CALLE A VIVIENDAS,1
2026-05-24,G_113,57,S,50,,S,"Basura Afuera, Escombro, Requiere Limpieza",58778,Matutino,2026-05-24 10:11:18,32,180634,"POINT (  570182.320409524,   6148780.04670000)",CALLE A 5976 EN 5970,1
2026-05-24,G_113,58,S,50,,S,"Basura Afuera, Escombro, Requiere Limpieza",58778,Matutino,2026-05-24 10:13:24,32,129476,"POINT (  570158.439271072,   6148784.07988957)",CALLE A 6012 VIVIENDAS,1
2026-05-24,G_113,59,N,,Contenedor No Está,S,,58778,Matutino,2026-05-24 10:13:45,,129477,"POINT (  570091.704205494,   6148761.84621530)",CAACUPE 2028 FTE 2028,1
2026-05-24,G_113,60,N,,Contenedor No Está,S,,58778,Matutino,2026-05-24 10:14:00,,183934,"POINT (  570093.284911765,   6148755.21069564)",CAACUPE 2024,1
2026-05-24,G_113,61,S,100,,S,"Basura Afuera, Dos Ciclos, Poda, Requiere Limpieza",58778,Matutino,2026-05-24 10:13:12,32,183935,"POINT (  570094.592101307,   6148750.85339717)",CAACUPE 2024,1
2026-05-24,G_113,62,S,50,,S,"Basura Afuera, Requiere Limpieza",58778,Matutino,2026-05-24 10:56:12,32,175347,"POINT (  570001.624970057,   6148621.40472939)",AV LEZICA 5920,1
2026-05-24,G_113,63,N,,Contenedor No Está,N,,58778,Matutino,2026-05-24 10:18:19,,129578,"POINT (  569917.575709200,   6148526.51871169)",FRAY ANTONIO DE MARCHENA 1920 ANTES DE 5993. APTO 6,1
2026-05-24,G_113,64,N,,Contenedor No Está,N,,58778,Matutino,2026-05-24 10:18:30,,129481,"POINT (  569902.786148536,   6148467.29232468)",FRAY ANTONIO DE MARCHENA Esq. LANUS FTE PUERTA B 123,1
2026-05-24,G_113,65,N,,Contenedor No Está,N,,58778,Matutino,2026-05-24 10:54:39,,180645,"POINT (  569902.048212418,   6148463.70226253)",FRAY ANTONIO DE MARCHENA Esq. LANUS ALTA POR RELEVAMIENTO,1
2026-05-24,G_113,66,S,50,,S,,58778,Matutino,2026-05-24 10:17:18,32,166912,"POINT (  570073.397287485,   6148449.89296266)",CAACUPE 1918 FTE 1921,1
2026-05-24,G_113,67,S,50,,S,,58778,Matutino,2026-05-24 10:17:26,32,129486,"POINT (  570085.237895287,   6148500.65347086)",CAACUPE 1933 FTE MURO,1
2026-05-24,G_113,68,S,75,,S,"Basura Afuera, Requiere Limpieza",58778,Matutino,2026-05-24 10:54:48,32,129483,"POINT (  570135.582739043,   6148566.00939188)",AV LEZICA 5935 EN 5933,1
2026-05-24,G_113,69,S,50,,S,,58778,Matutino,2026-05-24 10:54:56,32,129484,"POINT (  570287.377367655,   6148530.64983766)",AV LEZICA Esq. ITURBE,1
2026-05-24,G_113,70,S,50,,S,"Basura Afuera, Requiere Limpieza",58778,Matutino,2026-05-24 10:55:06,32,129478,"POINT (  570428.542352707,   6148496.19224288)",AV LEZICA 5853 EN 5867/5853,1
2026-05-24,G_113,71,S,75,,S,"Basura Afuera, Dos Ciclos, Requiere Limpieza",58778,Matutino,2026-05-24 10:55:38,32,129521,"POINT (  570418.059243887,   6148281.95288399)",YEGROS Esq. LANUS,1
2026-05-24,G_113,72,S,50,,S,"Basura Afuera, Dos Ciclos, Requiere Limpieza",58778,Matutino,2026-05-24 10:55:52,32,181452,"POINT (  570415.782492811,   6148268.79940959)",YEGROS 1884 Estaba de mas en territorio,1
2026-05-24,G_113,73,S,50,,S,,58778,Matutino,2026-05-24 10:56:44,32,129543,"POINT (  570533.521800000,   6148070.74380476)",CARVE 5809 PDO 5811. MURO,1
2026-05-24,G_113,74,S,50,,S,"Basura Afuera, Requiere Limpieza",58778,Matutino,2026-05-24 10:56:57,32,129559,"POINT (  570494.506325989,   6147894.17309097)",DR VALENTIN ALVAREZ 5808,1
2026-05-24,G_113,75,S,50,,S,,58778,Matutino,2026-05-24 10:57:14,32,165232,"POINT (  570415.932015094,   6147913.93311132)",DR VALENTIN ALVAREZ 5826 EN 5826,1
2026-05-24,G_113,76,S,75,,S,"Basura Afuera, Dos Ciclos, Requiere Limpieza",58778,Matutino,2026-05-24 10:57:25,32,129497,"POINT (  570528.554810125,   6148273.85376838)",LANUS 5819 VEREDA. EN 5821,1
2026-05-24,G_113,77,S,75,,S,"Basura Afuera, Requiere Limpieza",58778,Matutino,2026-05-24 10:57:34,32,129498,"POINT (  570532.422841980,   6148272.82987759)",LANUS 5819 VEREDA. EN 5821,1
2026-05-24,G_113,78,S,50,,S,"Basura Afuera, Requiere Limpieza",58778,Matutino,2026-05-24 10:57:46,32,129500,"POINT (  570632.456816243,   6148283.35014390)",CALDERON DE LA BARCA 1913,1
2026-05-24,G_113,79,S,50,,S,"Basura Afuera, Requiere Limpieza",58778,Matutino,2026-05-24 10:58:01,32,129525,"POINT (  570665.579772317,   6148420.72676328)",CALDERON DE LA BARCA 1946,1
2026-05-24,G_113,80,S,50,,S,"Basura Afuera, Requiere Limpieza",58778,Matutino,2026-05-24 10:58:11,32,129527,"POINT (  570764.284127018,   6148415.17745468)",AV LEZICA 5773,1
2026-05-24,G_113,81,S,50,,S,"Basura Afuera, Requiere Limpieza",58778,Matutino,2026-05-24 10:58:35,32,129522,"POINT (  570833.666922163,   6148397.83175589)",AV LEZICA 5743 EN 5759. CERCO MADERA,1
2026-05-24,G_113,82,S,50,,S,,58778,Matutino,2026-05-24 10:58:47,32,129524,"POINT (  570978.214412047,   6148360.82759848)",AV LEZICA 5681 EN 5685. SUB ESTACION,1
2026-05-24,C_115,1,S,50,,S,,58779,Matutino,2026-05-24 07:00:29,,138719,"POINT (  573047.801852367,   6140862.52075038)",BV GRAL ARTIGAS 4364 VEREDA.ARBOL/COLUMNA,0
2026-05-24,C_115,2,S,50,,S,,58779,Matutino,2026-05-24 09:09:08,,138720,"POINT (  572947.409901718,   6140855.49851549)",BV GRAL ARTIGAS 4396 VEREDA,0
2026-05-24,C_115,3,S,50,,S,,58779,Matutino,2026-05-24 07:07:27,,183298,"POINT (  572513.152516220,   6141368.70229930)",DR FELIX M OLMEDO 3520,0
2026-05-24,C_115,4,S,100,,S,,58779,Matutino,2026-05-24 07:10:34,,183301,"POINT (  572309.365750353,   6141657.58311636)",JOAQUIN DIEGO PEREYRA 1020,0
2026-05-24,C_115,5,S,25,,S,,58779,Matutino,2026-05-24 07:14:50,,179333,"POINT (  572162.708528759,   6141924.36377146)",LUCAS J OBES 792 EN 792/794,0
2026-05-24,C_115,6,S,25,,S,,58779,Matutino,2026-05-24 07:15:14,,138786,"POINT (  572163.514344720,   6141924.09068249)",LUCAS J OBES 792 EN 792/794,0
2026-05-24,C_115,7,S,25,,S,,58779,Matutino,2026-05-24 07:18:43,,183200,"POINT (  572240.728529848,   6141908.74170893)",LUCAS J OBES 826,0
2026-05-24,C_115,8,S,25,,S,,58779,Matutino,2026-05-24 07:19:07,,138735,"POINT (  572249.825482816,   6141906.66040753)",LUCAS J OBES 826 EN 830.MURO,0
2026-05-24,C_115,9,S,50,,S,,58779,Matutino,2026-05-24 07:20:14,,138790,"POINT (  572338.284008610,   6141871.11887402)",ADOLFO BERRO 760,0
2026-05-24,C_115,10,S,50,,S,,58779,Matutino,2026-05-24 07:22:22,,138789,"POINT (  572382.675876279,   6141794.64548854)",ADOLFO BERRO 810 ARBOL/ARBOL,0
2026-05-24,C_115,11,S,100,,S,Requiere Limpieza,58779,Matutino,2026-05-24 07:25:10,,138785,"POINT (  572448.144555069,   6141783.08122049)",FEDERICO GARCIA LORCA Esq. ADOLFO BERRO EN 1116 PDO PSJE PEATONAL,0
2026-05-24,C_115,12,S,50,,S,,58779,Matutino,2026-05-24 07:26:39,,138737,"POINT (  572503.541129429,   6141858.62200371)",LUCAS J OBES 917,0
2026-05-24,C_115,13,S,100,,S,,58779,Matutino,2026-05-24 07:29:38,,138784,"POINT (  572590.646180695,   6141845.37905159)",LUCAS J OBES 930,0
2026-05-24,C_115,14,S,50,,S,,58779,Matutino,2026-05-24 07:30:55,,181324,"POINT (  572671.123554684,   6141818.33089608)",AV BUSCHENTAL 3492 FTE 3492,0
2026-05-24,C_115,15,S,50,,S,,58779,Matutino,2026-05-24 07:32:36,,138787,"POINT (  572619.743371268,   6141719.10470532)",AV BUSCHENTAL 3455 MURO BAJO. PASANDO REBAJE,0
2026-05-24,C_115,16,S,75,,S,,58779,Matutino,2026-05-24 07:34:14,,138734,"POINT (  572551.663406145,   6141597.67989081)",AV BUSCHENTAL 3391 MURO BAJO,0
2026-05-24,C_115,17,S,50,,S,,58779,Matutino,2026-05-24 07:37:02,,138758,"POINT (  572479.479991070,   6141462.45256283)",AV BUSCHENTAL 3315 EN 3315/3321.ARBOL/ARBOL,0
2026-05-24,C_115,18,S,50,,S,,58779,Matutino,2026-05-24 07:37:22,,183299,"POINT (  572475.211754584,   6141459.67550099)",AV BUSCHENTAL 3315,0
2026-05-24,C_115,19,S,50,,S,,58779,Matutino,2026-05-24 07:37:40,,183206,"POINT (  572473.809973856,   6141456.48317277)",AV BUSCHENTAL 3315,0
2026-05-24,C_115,20,S,25,,S,,58779,Matutino,2026-05-24 07:41:14,,183300,"POINT (  572440.014566714,   6141494.29673075)",DR FELIX M OLMEDO 3567,0
2026-05-24,C_115,21,S,50,,S,,58779,Matutino,2026-05-24 07:41:30,,138757,"POINT (  572421.606979421,   6141523.24342838)",DR FELIX M OLMEDO 3573 FTE 3573. MURO,0
2026-05-24,C_115,22,S,50,,S,,58779,Matutino,2026-05-24 07:45:28,,183302,"POINT (  572358.166878702,   6141631.34898378)",DR FELIX M OLMEDO 3620,0
2026-05-24,C_115,23,S,50,,S,,58779,Matutino,2026-05-24 07:45:54,,138788,"POINT (  572356.749533397,   6141632.93225632)",DR FELIX M OLMEDO 3620 MURO BAJO,0
2026-05-24,C_115,24,S,50,,S,,58779,Matutino,2026-05-24 07:48:44,,138793,"POINT (  572313.031910756,   6141711.35678722)",DR FELIX M OLMEDO 3670,0
2026-05-24,C_115,25,S,75,,S,,58779,Matutino,2026-05-24 07:49:12,,183303,"POINT (  572303.300870240,   6141729.79750283)",DR FELIX M OLMEDO 3680,0
2026-05-24,C_115,26,S,75,,S,,58779,Matutino,2026-05-24 07:50:03,,180872,"POINT (  572224.018963617,   6141863.17952135)",DR FELIX M OLMEDO 3764,0
2026-05-24,C_115,27,S,75,,S,,58779,Matutino,2026-05-24 07:53:39,,177301,"POINT (  572240.524003955,   6141847.59940622)","LOZANO 1060 PROV CORSO, LOZANO 1080",0
2026-05-24,C_115,28,S,75,,S,,58779,Matutino,2026-05-24 07:56:20,,138760,"POINT (  572487.686890975,   6141614.28021108)",ADOLFO BERRO 920 FTE 929,0
2026-05-24,C_115,29,S,100,,S,,58779,Matutino,2026-05-24 08:00:02,,138759,"POINT (  572610.044307744,   6141422.16414512)",ADOLFO BERRO 996 EN 996B,0
2026-05-24,C_115,30,S,100,,S,,58779,Matutino,2026-05-24 08:03:01,,138726,"POINT (  572676.818629700,   6141528.66732343)",HERMANOS RUIZ 3386 EN 3388/3390,0
2026-05-24,C_115,31,S,50,,S,,58779,Matutino,2026-05-24 08:05:47,,182199,"POINT (  572751.563720044,   6141712.91806122)",HERMANOS RUIZ 3465 FTE 3465,0
2026-05-24,C_115,32,S,100,,S,,58779,Matutino,2026-05-24 08:08:10,,138762,"POINT (  572846.179200470,   6141697.46833284)",AV 19 DE ABRIL 3531 MURO BAJO,0
2026-05-24,C_115,33,S,75,,S,,58779,Matutino,2026-05-24 08:09:27,,138724,"POINT (  572814.284203112,   6141600.66421805)",AV 19 DE ABRIL 3495 EN 3485.ARBOL/MURO,0
2026-05-24,C_115,34,S,100,,S,,58779,Matutino,2026-05-24 08:11:34,,138761,"POINT (  572765.788885490,   6141456.29738790)",AV 19 DE ABRIL 3425 MURO BAJO,0
2026-05-24,C_115,35,S,100,,S,Requiere Limpieza,58779,Matutino,2026-05-24 08:13:31,,138796,"POINT (  572717.293567869,   6141313.04968047)",AV 19 DE ABRIL 3343 MURO BAJO,0
2026-05-24,C_115,36,S,50,,S,,58779,Matutino,2026-05-24 08:17:52,,138797,"POINT (  572687.263775034,   6141219.22989292)",AV 19 DE ABRIL 3319 MURO BAJO,0
2026-05-24,C_115,37,S,100,,S,Requiere Limpieza,58779,Matutino,2026-05-24 08:17:20,,183207,"POINT (  572676.309333551,   6141181.02280153)",AV 19 DE ABRIL 3309,0
2026-05-24,C_115,38,S,50,,S,,58779,Matutino,2026-05-24 08:21:10,,138798,"POINT (  572951.480463577,   6141346.73205478)",DUFORT Y ALVAREZ 3356 EN 3358,0
2026-05-24,C_115,39,S,100,,S,,58779,Matutino,2026-05-24 08:24:35,,138763,"POINT (  572953.614981048,   6141454.05914247)",DUFORT Y ALVAREZ 3388 FTE 3373 MURO,0
2026-05-24,C_115,40,S,75,,S,,58779,Matutino,2026-05-24 08:26:01,,138795,"POINT (  572955.293665119,   6141571.94006838)",DUFORT Y ALVAREZ Esq. IRIGOITIA EN 3446,0
2026-05-24,C_115,41,S,50,,S,,58779,Matutino,2026-05-24 08:28:14,,181960,"POINT (  573031.490692375,   6141569.73500850)",IRIGOITIA Esq. GRAL BATLLE ESQ,0
2026-05-24,C_115,42,S,50,,S,,58779,Matutino,2026-05-24 08:33:04,,183903,"POINT (  573078.482720825,   6141646.02468546)",AMARALES Esq. LUCAS J OBES,0
2026-05-24,C_115,43,S,50,,S,,58779,Matutino,2026-05-24 08:33:24,,138764,"POINT (  573078.583684149,   6141649.53257658)",AMARALES Esq. LUCAS J OBES,0
2026-05-24,C_115,44,S,75,,S,,58779,Matutino,2026-05-24 08:32:43,,138800,"POINT (  573080.075847768,   6141652.70342427)",AMARALES Esq. LUCAS J OBES,0
2026-05-24,C_115,45,S,75,,S,,58779,Matutino,2026-05-24 08:35:34,,138801,"POINT (  573202.246744084,   6141507.59051231)",IRIGOITIA 1191 FTE 1194. MURO,0
2026-05-24,C_115,46,S,75,,S,,58779,Matutino,2026-05-24 08:36:45,,155293,"POINT (  573083.665830281,   6141556.83209816)",IRIGOITIA 1119 EN 1137/1133,0
2026-05-24,C_115,47,S,75,,S,,58779,Matutino,2026-05-24 08:40:13,,177085,"POINT (  573020.434858622,   6141424.76442000)",GRAL BATLLE 3371,0
2026-05-24,C_115,48,S,100,,S,,58779,Matutino,2026-05-24 08:44:20,,138729,"POINT (  573118.312540509,   6141372.36318433)",AV DR JUAN CARLOS BLANCO 3447,0
2026-05-24,C_115,49,S,50,,S,,58779,Matutino,2026-05-24 08:47:10,,179315,"POINT (  573043.688381356,   6141310.40875876)",AV DR JUAN CARLOS BLANCO Esq. ATANASIO AGUIRRE,0
2026-05-24,C_115,50,S,50,,S,,58779,Matutino,2026-05-24 08:53:02,,181984,"POINT (  572934.419050965,   6141331.51896810)",ATANASIO AGUIRRE Esq. DUFORT Y ALVAREZ MURO,0
2026-05-24,C_115,51,S,50,,S,,58779,Matutino,2026-05-24 08:53:35,,181983,"POINT (  572904.580798978,   6141332.14325868)",ATANASIO AGUIRRE 1089,0
2026-05-24,C_115,52,S,75,,S,,58779,Matutino,2026-05-24 08:55:53,,181985,"POINT (  572831.439482293,   6141345.90602826)",TOMAS VILLALBA 3356 MURO,0
2026-05-24,C_115,53,S,75,,S,,58779,Matutino,2026-05-24 08:59:23,,179604,"POINT (  572942.620059592,   6141162.59061294)",DUFORT Y ALVAREZ 3293 EN 3291,0
2026-05-24,C_115,54,S,75,,S,,58779,Matutino,2026-05-24 09:01:28,,179603,"POINT (  572950.849344495,   6141094.88346198)",DUFORT Y ALVAREZ 3273,0
2026-05-24,C_115,55,S,100,,S,,58779,Matutino,2026-05-24 09:03:42,,179601,"POINT (  572959.532658910,   6140998.91297389)",DUFORT Y ALVAREZ 3244 EN 3247,0
2026-05-24,C_115,56,S,100,,S,,58779,Matutino,2026-05-24 09:04:59,,179602,"POINT (  572969.010524972,   6140908.61785471)",DUFORT Y ALVAREZ 3211,0
2026-05-24,C_115,57,S,25,,S,,58779,Matutino,2026-05-24 09:08:48,,183296,"POINT (  572817.094073625,   6141018.06529648)",HERMANOS GIL 1009,0
2026-05-24,C_115,58,S,75,,S,,58779,Matutino,2026-05-24 09:09:54,,183297,"POINT (  572867.172262341,   6141032.31301862)",HERMANOS GIL 1022,0
2026-05-24,C_115,59,S,50,,S,,58779,Matutino,2026-05-24 09:10:12,,181107,"POINT (  572894.667715358,   6141069.43700922)",TOMAS VILLALBA 3258,0
2026-05-24,C_115,60,S,75,,S,,58779,Matutino,2026-05-24 09:13:44,,175371,"POINT (  572873.597997175,   6141151.48433390)",TOMAS VILLALBA 3294,0
2026-05-24,C_115,61,S,50,,S,,58779,Matutino,2026-05-24 09:16:06,,175372,"POINT (  572854.142067232,   6141226.88620961)",TOMAS VILLALBA 3316 FTE 3317,0
2026-05-24,C_115,62,S,50,,S,,58779,Matutino,2026-05-24 09:17:53,,175373,"POINT (  572834.933027684,   6141302.25344125)",TOMAS VILLALBA 3338 FTE 3345,0
2026-05-24,C_115,63,S,100,,S,,58779,Matutino,2026-05-24 09:22:41,,181720,"POINT (  573171.423824401,   6141305.61106754)",CARLOS SOLE 3345,0
2026-05-24,C_115,64,S,75,,S,,58779,Matutino,2026-05-24 09:24:47,,181704,"POINT (  573168.520419209,   6141258.98126441)",CARLOS SOLE 3327,0
2026-05-24,C_115,65,S,100,,S,,58779,Matutino,2026-05-24 09:29:22,,160152,"POINT (  573034.343423053,   6141240.68435956)",GRAL BATLLE 3318,0
2026-05-24,C_115,66,,,,S,,58779,Matutino,,,138738,"POINT (  573169.060771063,   6141400.78802278)",AV DR JUAN CARLOS BLANCO 3459,0
2026-05-24,C_115,67,,,,S,,58779,Matutino,,,170352,"POINT (  573302.157655009,   6141483.21806717)",CISPLATINA 1212,0
2026-05-24,C_115,68,,,,S,,58779,Matutino,,,170372,"POINT (  573381.595931173,   6141477.78519726)",CISPLATINA 1240,0
2026-05-24,C_115,69,,,,S,,58779,Matutino,,,181301,"POINT (  573155.123941394,   6141037.62649368)",CARLOS SOLE 3259,0
2026-05-24,C_115,70,,,,N,,58779,Matutino,,,138811,"POINT (  573155.157859699,   6141034.46130524)",CARLOS SOLE 3259 FTE 3266.MURO,0
2026-05-24,C_115,71,,,,S,,58779,Matutino,,,156672,"POINT (  573328.250038867,   6140960.61213762)",HERMANOS GIL 1162 FTE 1163,0
2026-05-24,C_115,72,,,,S,,58779,Matutino,,,141132,"POINT (  573475.127101984,   6141057.24363874)",ARAPEY 1274 FTE 1259,0
2026-05-24,C_115,73,,,,S,,58779,Matutino,,,141133,"POINT (  573479.353266333,   6141056.53927801)",ARAPEY 1274 FTE 1259,0
2026-05-24,C_115,74,,,,S,,58779,Matutino,,,138741,"POINT (  573500.605961382,   6140897.89200760)",BV GRAL ARTIGAS 4170 VEREDA.EN 4172,0
2026-05-24,C_115,75,,,,S,,58779,Matutino,,,138736,"POINT (  573283.780834895,   6140875.67448494)",BV GRAL ARTIGAS 4256 VEREDA.ARBOL/CARTEL,0
2026-05-24,C_115,76,,,,S,,58779,Matutino,,,138721,"POINT (  573222.356064656,   6140871.94148785)",BV GRAL ARTIGAS 4290 VEREDA,0
2026-05-24,C_115,77,S,50,,S,,58779,Matutino,2026-05-24 06:59:50,,138722,"POINT (  573148.974051337,   6140870.84339914)",BV GRAL ARTIGAS 4316 VEREDA.4324/4316.COLUMNA/CARTEL,0
2026-05-24,C_115,78,,,,S,,58779,Matutino,,,144414,"POINT (  573090.461879613,   6140915.96747131)",BURICAYUPI 3210 EN 3214,0
2026-05-24,C_115,79,,,,S,,58779,Matutino,,,144432,"POINT (  573066.668672715,   6141027.58840195)",GRAL BATLLE 3250,0
2026-05-24,C_115,80,,,,S,,58779,Matutino,,,144434,"POINT (  573054.489537263,   6141114.19558739)",GRAL BATLLE 3264,0
2026-05-24,C_115,81,,,,S,,58779,Matutino,,,179531,"POINT (  573050.953468192,   6141143.59831155)",GRAL BATLLE 3276 FTE 3375,0
2026-05-24,C_115,82,,,,S,,58779,Matutino,,,138775,"POINT (  573183.504732925,   6141199.81772584)",FERNANDO OTORGUES 1152 VEREDA. MURO BAJO,0
2026-05-24,C_115,83,,,,S,,58779,Matutino,,,162614,"POINT (  573246.744999121,   6141202.19406211)",FERNANDO OTORGUES 1190 VEREDA,0
2026-05-24,C_115,84,,,,S,,58779,Matutino,,,138778,"POINT (  573382.930863280,   6141205.44706683)",FERNANDO OTORGUES 1236 VEREDA. EN 1236/1240. MURO,0
2026-05-24,C_115,85,,,,S,,58779,Matutino,,,183510,"POINT (  573320.996957818,   6141102.19499381)",ARQUIMEDES 1161,0
2026-05-24,C_115,86,,,,S,,58779,Matutino,,,138810,"POINT (  573236.282491111,   6141085.32020878)",ARQUIMEDES 1127 MURO,0
2026-05-24,C_115,87,,,,S,,58779,Matutino,,,166552,"POINT (  573134.363437832,   6141106.60336200)",ROMAN GARCIA 1095,0
2026-05-24,C_115,88,,,,S,,58779,Matutino,,,181701,"POINT (  573212.355344068,   6141382.81317401)",ADOLFO BERRO 1164,0
2026-05-24,C_115,89,,,,S,,58779,Matutino,,,181702,"POINT (  573318.005061582,   6141380.89227006)",ADOLFO BERRO 1216,0
2026-05-24,C_115,90,,,,S,,58779,Matutino,,,181725,"POINT (  573355.991244880,   6141379.61242135)",ADOLFO BERRO 1230 FTE 1227,0
2026-05-24,C_115,91,,,,S,,58779,Matutino,,,181703,"POINT (  573437.553084181,   6141376.14650735)",ADOLFO BERRO 1241,0
2026-05-24,C_115,92,,,,S,,58779,Matutino,,,181947,"POINT (  573544.200661220,   6141398.76376166)",LUCAS J OBES 1272,0
2026-05-24,C_115,93,,,,S,,58779,Matutino,,,181987,"POINT (  573598.479266894,   6141317.75314631)",VENANCIO BENAVIDEZ 3383 EN 3381/3383,0
2026-05-24,C_115,94,,,,S,,58779,Matutino,,,181988,"POINT (  573598.024204323,   6141315.81913038)",VENANCIO BENAVIDEZ 3383 EN 3381/3383,0
2026-05-24,C_115,95,,,,S,,58779,Matutino,,,138732,"POINT (  573584.806388371,   6141206.38312027)",VENANCIO BENAVIDEZ 3301,0
2026-05-24,C_115,96,,,,S,,58779,Matutino,,,181417,"POINT (  573565.151665359,   6141199.15709826)",FERNANDO OTORGUES 1287 EN 1297,0
2026-05-24,C_115,97,,,,S,,58779,Matutino,,,181975,"POINT (  573468.887469499,   6141213.30242201)",FERNANDO OTORGUES 1263 FTE 1258,0
2026-05-24,C_115,98,,,,S,,58779,Matutino,,,138782,"POINT (  573460.623298748,   6141298.42837514)",AV JOAQUIN SUAREZ 3328 COLUMNA/ARBOL,0
2026-05-24,C_107,1,S,100,,S,,58780,Matutino,2026-05-24 06:40:10,35,134513,"POINT (  575370.338666667,   6140865.44540622)",DR MARTIN C MARTINEZ 3134 FTE 3134. MURO,0
2026-05-24,C_107,2,S,75,,S,,58780,Matutino,2026-05-24 06:41:29,35,134512,"POINT (  575373.747799464,   6140737.09318154)",DR MARTIN C MARTINEZ 3061 EN 3063/3067,0
2026-05-24,C_107,3,S,100,,S,,58780,Matutino,2026-05-24 06:48:48,35,134583,"POINT (  575523.559005650,   6140717.19681865)",DR JOAQUIN REQUENA 2956 MURO,0
2026-05-24,C_107,4,S,50,,S,,58780,Matutino,2026-05-24 06:48:59,35,134537,"POINT (  575519.943186441,   6140830.64314634)",DR JOAQUIN REQUENA 3006 VEREDA.,0
2026-05-24,C_107,5,S,100,,S,,58780,Matutino,2026-05-24 06:50:14,35,134536,"POINT (  575519.604203390,   6140833.91998250)",DR JOAQUIN REQUENA 3006 VEREDA.,0
2026-05-24,C_107,6,S,75,,S,,58780,Matutino,2026-05-24 06:51:06,35,134539,"POINT (  575516.440361582,   6140910.53015199)",DR JOAQUIN REQUENA Esq. ANTONIO MACHADO VEREDA,0
2026-05-24,C_107,7,S,75,,S,,58780,Matutino,2026-05-24 06:52:33,35,134538,"POINT (  575445.430307527,   6140922.31018960)",ANTONIO MACHADO 1917 EDIFICIO,0
2026-05-24,C_107,8,S,50,,S,,58780,Matutino,2026-05-24 06:54:49,35,173292,"POINT (  575296.186908041,   6140831.03186137)",AV GRAL FLORES 3001 PROV (O: GRAL FLORES 2957),0
2026-05-24,C_107,9,S,75,,S,,58780,Matutino,2026-05-24 06:55:01,35,134514,"POINT (  575294.406463277,   6140827.81828758)",AV GRAL FLORES 3001 MURO BAJO CON REJAS,0
2026-05-24,C_107,10,S,100,,S,,58780,Matutino,2026-05-24 06:56:02,35,179594,"POINT (  575249.099192375,   6140763.05241656)",AV GRAL FLORES 2957 VEREDA. EN 2953,0
2026-05-24,C_107,11,S,75,,S,,58780,Matutino,2026-05-24 08:25:07,18,182969,"POINT (  575091.878760784,   6140590.14973726)",DR LUIS MELIAN LAFINUR 1805,0
2026-05-24,C_107,12,S,75,,S,,58780,Matutino,2026-05-24 08:25:57,18,176903,"POINT (  575090.112677967,   6140590.07817458)",DR LUIS MELIAN LAFINUR 1805,0
2026-05-24,C_107,13,S,75,,S,,58780,Matutino,2026-05-24 08:28:39,18,134547,"POINT (  575081.537438296,   6140637.73069959)",DR JOSE MARIA PENCO 2976 EN 2978,0
2026-05-24,C_107,14,S,50,,S,,58780,Matutino,2026-05-24 08:28:51,18,169774,"POINT (  575079.265220339,   6140720.47365481)",DR JOSE MARIA PENCO 3016,0
2026-05-24,C_107,15,S,50,,S,,58780,Matutino,2026-05-24 08:29:00,18,169772,"POINT (  575079.378214690,   6140723.18551922)",DR JOSE MARIA PENCO 3016,0
2026-05-24,C_107,16,S,75,,S,,58780,Matutino,2026-05-24 08:30:03,18,134550,"POINT (  575077.495130305,   6140799.18704157)",DR JOSE MARIA PENCO 3052,0
2026-05-24,C_107,17,S,75,,S,,58780,Matutino,2026-05-24 08:31:24,18,134549,"POINT (  575074.918423509,   6140867.98511301)",DR JOSE MARIA PENCO 3080,0
2026-05-24,C_107,18,S,100,,S,,58780,Matutino,2026-05-24 08:32:59,18,134557,"POINT (  575071.355615819,   6140975.04992600)",DR JOSE MARIA PENCO Esq. PBRO LORENZO FERNANDEZ VEREDA. ESQ,0
2026-05-24,C_107,19,S,50,,S,,58780,Matutino,2026-05-24 08:34:25,18,134551,"POINT (  575165.366915254,   6140960.13467176)",GUAVIYU 3132 FTE 3132/3128,0
2026-05-24,C_107,20,S,50,,S,,58780,Matutino,2026-05-24 08:36:02,18,134545,"POINT (  575166.044881356,   6140920.36066046)",GUAVIYU 3115 FTE 3118/3114,0
2026-05-24,C_107,21,S,75,,S,,58780,Matutino,2026-05-24 08:37:10,18,183107,"POINT (  575169.758608642,   6140777.99535679)",GUAVIYU 3047,0
2026-05-24,C_107,22,S,75,,S,,58780,Matutino,2026-05-24 08:38:11,18,150612,"POINT (  575171.977084746,   6140726.63184691)",GUAVIYU 3021,0
2026-05-24,C_107,23,S,50,,S,,58780,Matutino,2026-05-24 08:39:08,18,179296,"POINT (  575172.971026362,   6140703.24789673)",GUAVIYU 3005,0
2026-05-24,C_107,24,S,75,,S,,58780,Matutino,2026-05-24 08:39:15,18,150613,"POINT (  575172.994033898,   6140700.07817459)",GUAVIYU 3005,0
2026-05-24,C_107,25,S,75,,S,,58780,Matutino,2026-05-24 08:41:21,18,134569,"POINT (  575248.022282486,   6140702.33806159)",PBRO LORENZO FERNANDEZ 3079 VEREDA.,0
2026-05-24,C_107,26,S,75,,S,,58780,Matutino,2026-05-24 08:43:07,18,180202,"POINT (  575295.312825484,   6140686.45726098)",DR GUSTAVO GALLINAL 1904 VEREDA. EN 1908,0
2026-05-24,C_107,27,S,100,,S,,58780,Matutino,2026-05-24 08:44:10,18,134607,"POINT (  575375.027932203,   6140683.24201640)",DR MARTIN C MARTINEZ 3047,0
2026-05-24,C_107,28,S,100,,S,,58780,Matutino,2026-05-24 08:44:35,18,134608,"POINT (  575377.061830508,   6140620.53015199)",DR MARTIN C MARTINEZ 3009 EN 3011,0
2026-05-24,C_107,29,S,100,,S,,58780,Matutino,2026-05-24 08:50:17,18,137612,"POINT (  575024.850114266,   6140435.44474153)",AV GRAL FLORES 2849,0
2026-05-24,C_107,30,S,100,,S,,58780,Matutino,2026-05-24 08:53:04,18,134558,"POINT (  574960.090743791,   6140346.16866449)",AV GRAL FLORES 2793 VEREDA. EN 2789,0
2026-05-24,C_107,31,S,75,,S,,58780,Matutino,2026-05-24 08:54:47,18,134517,"POINT (  574943.306534454,   6140304.68275453)",AV GRAL FLORES 2767 EN 2771. EDIFICIO,0
2026-05-24,C_107,32,S,75,,S,,58780,Matutino,2026-05-24 08:57:30,18,174573,"POINT (  574904.028811070,   6140207.25452434)",AV GRAL FLORES 2725,0
2026-05-24,C_107,33,N,,Contenedor No Está,S,,58780,Matutino,2026-05-24 08:58:43,,134559,"POINT (  574898.644322129,   6140193.97748356)",AV GRAL FLORES 2717,0
2026-05-24,C_107,34,S,75,,S,,58780,Matutino,2026-05-24 09:00:01,18,134567,"POINT (  574862.937536723,   6140105.16292036)",AV GRAL FLORES 2669 EN 2665,0
2026-05-24,C_107,35,S,75,,S,,58780,Matutino,2026-05-24 09:00:49,18,134561,"POINT (  574861.694598870,   6140101.99907855)",AV GRAL FLORES 2669 EN 2665,0
2026-05-24,C_107,36,S,50,,S,,58780,Matutino,2026-05-24 09:02:35,18,177322,"POINT (  574792.196414124,   6139928.80236780)",AV GRAL FLORES 2577,0
2026-05-24,C_107,37,S,75,,S,,58780,Matutino,2026-05-24 07:12:39,35,134584,"POINT (  574761.186121686,   6139887.36398400)",CONCEPCION ARENAL Esq. AV GRAL FLORES FTE 1740. ARBOL/ARBOL,0
2026-05-24,C_107,38,S,50,,S,,58780,Matutino,2026-05-24 07:13:23,35,134598,"POINT (  574690.510358013,   6139919.46814475)",CONCEPCION ARENAL 1695,0
2026-05-24,C_107,39,S,100,,S,,58780,Matutino,2026-05-24 07:14:33,35,134518,"POINT (  574641.694598870,   6139942.56405030)",CONCEPCION ARENAL 1655 EN 1659,0
2026-05-24,C_107,40,S,100,,S,,58780,Matutino,2026-05-24 07:16:30,35,134585,"POINT (  574639.999683616,   6140000.64314634)",ROCHA 2552 FTE 2583. PDO PORTON ACCESO PEATONAL,0
2026-05-24,C_107,41,S,75,,S,,58780,Matutino,2026-05-24 07:17:17,35,155024,"POINT (  574671.136056127,   6140074.11845474)",ROCHA 2612,0
2026-05-24,C_107,42,S,100,,S,"Basura Afuera, Requiere Limpieza",58780,Matutino,2026-05-24 07:18:47,35,137492,"POINT (  574698.963946575,   6140145.51106270)",ROCHA 2658,0
2026-05-24,C_107,43,S,75,,S,,58780,Matutino,2026-05-24 07:23:17,35,135832,"POINT (  574766.779344632,   6140303.91998250)",ROCHA 2742 FTE 2745B.,0
2026-05-24,C_107,44,S,75,,S,,58780,Matutino,2026-05-24 07:24:42,35,155312,"POINT (  574781.807593220,   6140340.30416329)",ROCHA 2756 ARBOL/ARBOL,0
2026-05-24,C_107,45,S,50,,S,,58780,Matutino,2026-05-24 07:25:59,35,134587,"POINT (  574804.745446328,   6140391.82958702)",ROCHA 2782 FTE 2777,0
2026-05-24,C_107,46,S,75,,S,,58780,Matutino,2026-05-24 07:28:12,35,134586,"POINT (  574848.911870954,   6140479.92292585)",ROCHA 2822,0
2026-05-24,C_107,47,S,75,,S,,58780,Matutino,2026-05-24 07:29:40,35,183636,"POINT (  574954.340662309,   6140636.23163943)",ROCHA 2924 FTE 2945. MURO,0
2026-05-24,C_107,48,N,,Contenedor No Está,N,,58780,Matutino,2026-05-24 07:31:03,,134589,"POINT (  574964.406463277,   6140816.34936103)",MARCELINO SOSA 3016,0
2026-05-24,C_107,49,S,75,,S,,58780,Matutino,2026-05-24 07:32:16,35,134546,"POINT (  574924.971435028,   6140881.66009550)",ANTONIO MACHADO 1739 EN 1739/1741,0
2026-05-24,C_107,50,S,100,,S,,58780,Matutino,2026-05-24 07:34:03,35,174372,"POINT (  574845.484143332,   6140851.73195695)",PANDO 2995,0
2026-05-24,C_107,51,S,75,,S,,58780,Matutino,2026-05-24 07:34:45,35,152294,"POINT (  574845.592903955,   6140848.72224239)",PANDO 2995,0
2026-05-24,C_107,52,S,100,,S,,58780,Matutino,2026-05-24 07:36:04,35,174392,"POINT (  574854.519457627,   6140756.29286386)",PANDO 2947,0
2026-05-24,C_107,53,S,75,,S,,58780,Matutino,2026-05-24 07:36:58,35,180201,"POINT (  574843.806246623,   6140643.88923552)",PANDO 2891 EN 2891BIS/2891,0
2026-05-24,C_107,54,S,100,,S,,58780,Matutino,2026-05-24 07:38:55,35,180211,"POINT (  574827.691095159,   6140619.76584642)",PANDO 2877,0
2026-05-24,C_107,55,S,100,,S,,58780,Matutino,2026-05-24 07:44:05,35,134612,"POINT (  574708.304768362,   6140408.83523674)",PANDO 2767 MURO.,0
2026-05-24,C_107,56,S,100,,S,,58780,Matutino,2026-05-24 07:45:45,35,134611,"POINT (  574657.033419915,   6140290.54672203)",PANDO 2711 MURO,0
2026-05-24,C_107,57,S,100,,S,,58780,Matutino,2026-05-24 07:48:27,35,134540,"POINT (  574637.077963345,   6140244.93424987)",PANDO 2691,0
2026-05-24,C_107,58,S,100,,S,,58780,Matutino,2026-05-24 07:53:38,35,134521,"POINT (  574587.676722548,   6140128.07172050)",PANDO 2633 EN 2631,0
2026-05-24,C_107,59,S,100,,S,,58780,Matutino,2026-05-24 09:05:04,18,134520,"POINT (  574555.843018019,   6140050.62554381)",PANDO 2591 EN 2583/2591,0
2026-05-24,C_107,60,S,50,,S,,58780,Matutino,2026-05-24 09:08:59,18,134571,"POINT (  574506.597316080,   6140002.22153892)",CONCEPCION ARENAL 1595 FTE 1586,0
2026-05-24,C_107,61,S,75,,S,,58780,Matutino,2026-05-24 09:11:04,18,183467,"POINT (  574457.483356772,   6140032.39360702)",MARSELLA Esq. CONCEPCION ARENAL,0
2026-05-24,C_107,62,S,75,,S,,58780,Matutino,2026-05-24 09:12:17,18,183465,"POINT (  574489.946938344,   6140114.61423835)",MARSELLA 2606 MURO,0
2026-05-24,C_107,63,S,75,,S,,58780,Matutino,2026-05-24 09:15:01,18,140352,"POINT (  574526.496858757,   6140205.33241188)",MARSELLA 2654 EN 2658. CASA TAPEADA,0
2026-05-24,C_107,64,S,100,,S,,58780,Matutino,2026-05-24 09:17:55,18,134572,"POINT (  574573.163525424,   6140318.32676217)",MARSELLA 2708 EN 2706,0
2026-05-24,C_107,65,N,,Contenedor No Está,S,,58780,Matutino,2026-05-24 09:18:05,,140332,"POINT (  574574.285710698,   6140321.20422231)",MARSELLA 2708,0
2026-05-24,C_107,66,S,100,,N,,58780,Matutino,2026-05-24 09:21:07,18,134576,"POINT (  574606.609853108,   6140402.16857008)",MARSELLA 2746,0
2026-05-24,C_107,67,S,50,,S,,58780,Matutino,2026-05-24 09:22:09,18,175460,"POINT (  574635.649401130,   6140468.04427629)",MARSELLA 2774 REBAJE/ARBOL. FTE MURO.,0
2026-05-24,C_107,68,S,50,,S,,58780,Matutino,2026-05-24 09:22:43,18,135812,"POINT (  574641.864090396,   6140482.95953053)",MARSELLA 2780,0
2026-05-24,C_107,69,S,100,,S,,58780,Matutino,2026-05-24 09:24:28,18,134591,"POINT (  574713.954485876,   6140609.28721413)",MARSELLA Esq. CEIBAL MURO,0
2026-05-24,C_107,70,S,75,,S,,58780,Matutino,2026-05-24 09:26:21,18,171172,"POINT (  574726.383864407,   6140629.28721413)",MARSELLA 2870,0
2026-05-24,C_107,71,S,100,,S,,58780,Matutino,2026-05-24 09:28:37,18,181992,"POINT (  574765.666655859,   6140706.13290569)",MARSELLA 2924,0
2026-05-24,C_107,72,N,,Contenedor No Está,N,,58780,Matutino,2026-05-24 09:29:37,,134613,"POINT (  574813.446011300,   6140759.17421979)",GRAL ENRIQUE MARTINEZ 1676,0
2026-05-24,C_107,73,S,50,,S,,58780,Matutino,2026-05-24 09:30:57,18,153552,"POINT (  574981.299118644,   6140771.26461527)",GRAL ENRIQUE MARTINEZ 1758,0
2026-05-24,C_107,74,S,50,,S,,58780,Matutino,2026-05-24 09:31:54,18,134554,"POINT (  574984.010983051,   6140771.43410680)",GRAL ENRIQUE MARTINEZ 1758 MURO LADRILLO,0
2026-05-24,C_107,75,S,50,,S,,58780,Matutino,2026-05-24 10:02:56,27,134526,"POINT (  575011.299118644,   6140587.08382431)",DR LUIS MELIAN LAFINUR 1765,0
2026-05-24,C_107,76,S,75,,S,,58780,Matutino,2026-05-24 10:04:39,27,181991,"POINT (  574951.088222412,   6140504.88792241)",MARCELINO SOSA 2859 PDO 2859. ANTES DE CORDON ROJO,0
2026-05-24,C_107,77,S,75,,S,,58780,Matutino,2026-05-24 10:05:28,27,134525,"POINT (  574935.935946135,   6140481.66391666)",MARCELINO SOSA 2845,0
2026-05-24,C_107,78,S,100,,S,,58780,Matutino,2026-05-24 10:07:29,27,134524,"POINT (  574905.527631361,   6140436.05144450)",MARCELINO SOSA 2813,0
2026-05-24,C_107,79,S,100,,S,,58780,Matutino,2026-05-24 10:10:25,27,134602,"POINT (  574864.191328465,   6140351.95344896)",MARCELINO SOSA 2775,0
2026-05-24,C_107,80,S,100,,S,,58780,Matutino,2026-05-24 10:14:35,27,183603,"POINT (  574824.427569284,   6140249.58125586)",MARCELINO SOSA 2729,0
2026-05-24,C_107,81,S,75,,S,,58780,Matutino,2026-05-24 10:15:46,27,158175,"POINT (  574779.092265114,   6140133.98304051)",MARCELINO SOSA 2665 EN 2667. MURO,0
2026-05-24,C_107,82,S,100,,S,,58780,Matutino,2026-05-24 10:17:42,27,134523,"POINT (  574762.824542373,   6140086.74484126)",MARCELINO SOSA Esq. GUADALUPE,0
2026-05-24,C_107,83,S,100,,S,,58780,Matutino,2026-05-24 10:19:17,27,134565,"POINT (  574719.966746346,   6139975.61702305)",MARCELINO SOSA 2583 MURO. PDO REBAJE,0
2026-05-24,C_107,84,S,100,,S,,58780,Matutino,2026-05-24 10:20:54,27,134952,"POINT (  574419.927986160,   6140041.48931268)",CONCEPCION ARENAL 1533,0
2026-05-24,C_107,85,S,75,,S,,58780,Matutino,2026-05-24 10:22:59,27,152512,"POINT (  574371.387376926,   6140072.55074123)",AV GRAL SAN MARTIN 2552,0
2026-05-24,C_107,86,S,50,,S,,58780,Matutino,2026-05-24 10:24:45,27,183468,"POINT (  574388.585667713,   6140137.37403946)",RIVADAVIA 1504 EN 1506,0
2026-05-24,C_107,87,S,75,,S,,58780,Matutino,2026-05-24 10:27:12,27,134529,"POINT (  574372.595975340,   6140181.52487741)",AV GRAL SAN MARTIN 2602 EN 2618,0
2026-05-24,C_107,88,S,100,,S,,58780,Matutino,2026-05-24 10:33:02,27,171115,"POINT (  574392.764667565,   6140276.79818529)",AV GRAL SAN MARTIN 2656 PROV OV (O: SAN MARTIN 2660),0
2026-05-24,C_107,89,S,75,,S,,58780,Matutino,2026-05-24 10:34:38,27,134530,"POINT (  574496.270870057,   6140479.00472827)",COLORADO 1552 MURO,0
2026-05-24,C_107,90,S,100,,S,,58780,Matutino,2026-05-24 10:29:37,27,134603,"POINT (  574355.719194264,   6140174.28885447)",AV GRAL SAN MARTIN 2615 VEREDA. PDO PARADA,0
2026-05-24,C_107,91,S,75,,S,,58780,Matutino,2026-05-24 10:31:50,27,134578,"POINT (  574399.688716937,   6140246.49867040)",GUADALUPE 1510 FTE 1510,0
2026-05-24,C_107,92,S,75,,S,,58780,Matutino,2026-05-24 10:36:08,27,134579,"POINT (  574523.728013431,   6140533.12651918)",AV GRAL SAN MARTIN 2768 PDO REBAJE,0
2026-05-24,C_107,93,S,50,,S,,58780,Matutino,2026-05-24 10:36:18,27,158412,"POINT (  574531.948532113,   6140543.56689877)",AV GRAL SAN MARTIN 2768 EN 2790,0
2026-05-24,C_107,94,S,50,,S,,58780,Matutino,2026-05-24 10:38:07,27,134593,"POINT (  574624.930686038,   6140686.11835288)",AV GRAL SAN MARTIN 2852,0
2026-05-24,C_107,95,S,100,,S,,58780,Matutino,2026-05-24 10:45:20,27,134594,"POINT (  574719.956669708,   6140896.60090670)",AV GRAL SAN MARTIN 2972 VEREDA. EN 2966,0
2026-05-24,C_107,96,S,100,,S,,58780,Matutino,2026-05-24 10:47:46,27,134534,"POINT (  574783.926598471,   6140961.01565088)",BV GRAL ARTIGAS 3623 VEREDA. EN 3629.,0
2026-05-24,C_107,97,S,100,,S,,58780,Matutino,2026-05-24 10:49:06,27,134597,"POINT (  574890.395163842,   6140970.19116896)",BV GRAL ARTIGAS 3577 VEREDA. PALMERA/CARTEL,0
2026-05-24,C_107,98,S,75,,S,,58780,Matutino,2026-05-24 10:50:05,27,134596,"POINT (  574988.474259887,   6140977.98777913)",BV GRAL ARTIGAS 3535 VEREDA. PDO PALMERA,0
2026-05-24,C_107,99,S,75,,S,,58780,Matutino,2026-05-24 10:51:34,27,134533,"POINT (  575043.841491525,   6140983.07252489)",BV GRAL ARTIGAS 3503 VEREDA,0
2026-05-24,C_107,100,S,75,,S,,58780,Matutino,2026-05-24 10:53:02,27,134555,"POINT (  575237.739796610,   6140997.42280738)",BV GRAL ARTIGAS 3413 VEREDA,0
2026-05-24,C_107,101,S,75,,S,,58780,Matutino,2026-05-24 10:55:51,27,175456,"POINT (  575367.683299435,   6140955.04992602)",DR MARTIN C MARTINEZ 3151,0
2026-05-24,C_107,102,S,75,,S,,58780,Matutino,2026-05-24 10:56:28,27,134556,"POINT (  575367.683299435,   6140952.67704466)",DR MARTIN C MARTINEZ 3151 ANTES CRUCE PEATONAL,0
2026-05-24,C_101,1,S,75,,S,,58781,Matutino,2026-05-24 09:20:52,27,176904,"POINT (  574732.884193221,   6138897.07284747)",DR LUIS P LENGUAS 1581,0
2026-05-24,C_101,2,S,100,,S,,58781,Matutino,2026-05-24 09:20:52,27,136832,"POINT (  574630.737300565,   6138860.57567233)",DR LUIS P LENGUAS 1535,0
2026-05-24,C_101,3,S,50,,S,Basura Afuera,58781,Matutino,2026-05-24 09:20:52,27,183917,"POINT (  574543.297026523,   6138829.75863753)",DR LUIS P LENGUAS 1489,0
2026-05-24,C_101,4,S,100,,S,,58781,Matutino,2026-05-24 09:20:52,27,136813,"POINT (  574491.415266667,   6138810.51917516)",DR LUIS P LENGUAS 1455 EN 1457,0
2026-05-24,C_101,5,S,25,,S,,58781,Matutino,2026-05-24 09:20:52,27,183928,"POINT (  574488.120034381,   6138907.04164579)",DR ANGEL FLORO COSTA 1528,0
2026-05-24,C_101,6,S,50,,S,,58781,Matutino,2026-05-24 09:20:52,27,183542,"POINT (  574493.712783051,   6138908.66190791)",DR ANGEL FLORO COSTA 1528,0
2026-05-24,C_101,7,S,50,,S,,58781,Matutino,2026-05-24 09:20:52,27,136852,"POINT (  574600.755032853,   6138945.54017132)",DR ANGEL FLORO COSTA 1584 EN 1580/1584,0
2026-05-24,C_101,8,S,100,,S,Basura Afuera,58781,Matutino,2026-05-24 09:20:52,27,176984,"POINT (  574656.381941612,   6138964.07058824)",DR ANGEL FLORO COSTA 1616,0
2026-05-24,C_101,9,S,25,,S,,58781,Matutino,2026-05-24 09:20:52,27,133955,"POINT (  574400.827351187,   6139110.78441793)",ISIDORO DE MARIA 1537 EN 1547,0
2026-05-24,C_101,10,S,25,,S,,58781,Matutino,2026-05-24 09:20:52,27,133917,"POINT (  574398.113420041,   6139112.36754443)",ISIDORO DE MARIA 1537 EN 1547,0
2026-05-24,C_101,11,S,100,,S,,58781,Matutino,2026-05-24 09:20:52,27,133954,"POINT (  574280.057415181,   6139168.00313293)",ISIDORO DE MARIA 1455 EN 1457,0
2026-05-24,C_101,12,S,100,,S,,58781,Matutino,2026-05-24 09:20:52,27,181792,"POINT (  574323.192982789,   6139281.13209826)",ROCHA 2211 FTE 2211,0
2026-05-24,C_101,13,S,100,,S,,58781,Matutino,2026-05-24 09:20:52,27,133973,"POINT (  574377.245123531,   6139393.33723532)",ROCHA 2254,0
2026-05-24,C_101,14,S,100,,S,,58781,Matutino,2026-05-24 09:20:52,27,180673,"POINT (  574452.131221569,   6139473.65310676)",LIBRES 1538 FTE 1527. MURO,0
2026-05-24,C_101,15,S,100,,S,,58781,Matutino,2026-05-24 09:20:52,27,133919,"POINT (  574566.421594119,   6139385.17547061)",LIBRES 1610 EN 1604,0
2026-05-24,C_101,16,S,100,,S,,58781,Matutino,2026-05-24 09:20:52,27,133918,"POINT (  574612.568652943,   6139362.76370591)",LIBRES 1642,0
2026-05-24,C_101,17,S,100,,S,,58781,Matutino,2026-05-24 09:20:52,27,180340,"POINT (  574543.262378649,   6139301.40623421)",DR JUAN J DE AMEZAGA 1557 EN 1573,0
2026-05-24,C_101,18,S,100,,S,,58781,Matutino,2026-05-24 09:20:52,27,180339,"POINT (  574540.756932026,   6139302.38662636)",DR JUAN J DE AMEZAGA 1557 EN 1573,0
2026-05-24,C_101,19,S,75,,S,,58781,Matutino,2026-05-24 09:20:52,27,133922,"POINT (  574502.712654940,   6139317.91644894)",DR JUAN J DE AMEZAGA 1535,0
2026-05-24,C_101,20,S,75,,S,,58781,Matutino,2026-05-24 09:20:52,27,133892,"POINT (  574462.292788273,   6139337.22415311)",DR JUAN J DE AMEZAGA 1517,0
2026-05-24,C_101,21,S,50,,S,,58781,Matutino,2026-05-24 09:20:52,27,182031,"POINT (  574408.896512854,   6139302.98763508)",MARCELINO SOSA 2235,0
2026-05-24,C_101,22,S,75,,S,,58781,Matutino,2026-05-24 09:20:52,27,182032,"POINT (  574424.908645098,   6139199.00295076)",MARTIN GARCIA 1526,0
2026-05-24,C_101,23,S,75,,S,,58781,Matutino,2026-05-24 09:20:52,27,182033,"POINT (  574425.780104793,   6139198.51275468)",MARTIN GARCIA 1526,0
2026-05-24,C_101,24,S,25,,S,,58781,Matutino,2026-05-24 09:20:52,27,133893,"POINT (  574339.409175774,   6138990.22681561)",YATAY 1496,0
2026-05-24,C_101,25,S,100,,S,,58781,Matutino,2026-05-24 09:20:52,27,182277,"POINT (  574296.518758606,   6139012.34544793)",YATAY Esq. MARCELINO SOSA FTE 1458,0
2026-05-24,C_101,26,S,75,,S,,58781,Matutino,2026-05-24 09:20:52,27,133896,"POINT (  574183.138430509,   6139063.57002262)",YATAY 1414 EN 1417,0
2026-05-24,C_101,27,S,50,,S,,58781,Matutino,2026-05-24 09:20:52,27,133897,"POINT (  574181.158179940,   6139064.57049894)",YATAY 1414 EN 1417,0
2026-05-24,C_101,28,N,,Auto,S,,58781,Matutino,2026-05-24 08:09:39,,134832,"POINT (  574183.251424859,   6139156.50787573)",AV GRAL SAN MARTIN 2130 VEREDA. EN 2134,0
2026-05-24,C_101,29,S,75,,S,,58781,Matutino,2026-05-24 09:20:52,27,182276,"POINT (  574211.166429847,   6139228.70681504)",AV GRAL SAN MARTIN 2164 VEREDA. PDO ARBOLES,0
2026-05-24,C_101,30,S,75,,S,,58781,Matutino,2026-05-24 09:20:52,27,182275,"POINT (  574246.583096514,   6139314.50474532)",AV GRAL SAN MARTIN 2206 VEREDA,0
2026-05-24,C_101,31,S,25,,S,,58781,Matutino,2026-05-24 09:20:52,27,182274,"POINT (  574266.790068192,   6139363.72860153)",AV GRAL SAN MARTIN 2232 VEREDA. EN 2234,0
2026-05-24,C_101,32,S,25,,S,,58781,Matutino,2026-05-24 09:20:52,27,133986,"POINT (  574294.303947061,   6139428.23429415)",AV GRAL SAN MARTIN 2252 VEREDA. EN 2252/2262,0
2026-05-24,C_101,33,S,75,,S,,58781,Matutino,2026-05-24 09:20:52,27,133988,"POINT (  574253.892182355,   6139720.55782356)",GRAL FAUSTO AGUILAR 1389 PDO ARBUSTO,0
2026-05-24,C_101,34,S,75,,S,,58781,Matutino,2026-05-24 09:20:52,27,133911,"POINT (  574195.413400773,   6139687.10862394)",GRAL FAUSTO AGUILAR 1357,0
2026-05-24,C_101,35,S,100,,S,,58781,Matutino,2026-05-24 09:20:52,27,177360,"POINT (  574188.110784337,   6139557.39455060)",CLEMENTE CESAR 2313,0
2026-05-24,C_101,36,S,25,,S,,58781,Matutino,2026-05-24 09:20:52,27,177361,"POINT (  574189.884422034,   6139556.60100226)",CLEMENTE CESAR 2313,0
2026-05-24,C_101,37,S,75,,S,,58781,Matutino,2026-05-24 09:20:52,27,133910,"POINT (  574191.198133735,   6139556.11443012)",CLEMENTE CESAR 2313,0
2026-05-24,C_101,38,S,75,,S,,58781,Matutino,2026-05-24 09:20:52,27,133956,"POINT (  574163.003765111,   6139425.07036834)",MARMARAJA 2246 FTE 2246,0
2026-05-24,C_101,39,S,75,,S,,58781,Matutino,2026-05-24 09:20:52,27,133901,"POINT (  574134.435457513,   6139350.95259128)",MARMARAJA Esq. MARTIN GARCIA,0
2026-05-24,C_101,40,S,100,,S,,58781,Matutino,2026-05-24 09:20:52,27,133899,"POINT (  574102.127476473,   6139265.44017650)",MARMARAJA 2157,0
2026-05-24,C_101,41,S,100,,S,,58781,Matutino,2026-05-24 09:20:52,27,133900,"POINT (  574087.833358826,   6139232.44017650)",MARMARAJA 2148 EN 2147. EDIFICIO,0
2026-05-24,C_101,42,S,100,,S,,58781,Matutino,2026-05-24 09:20:52,27,133898,"POINT (  574086.245123532,   6139229.35194121)",MARMARAJA 2135 EN 2147. EDIFICIO,0
2026-05-24,C_101,43,S,100,,S,,58781,Matutino,2026-05-24 09:20:52,27,133909,"POINT (  574050.128983343,   6139146.77909223)",MARMARAJA 2103,0
2026-05-24,C_101,44,S,25,,S,,58781,Matutino,2026-05-24 09:20:52,27,181187,"POINT (  573996.263240959,   6139248.79104357)",AREQUITA 2134 ANTES DE REBAJE,0
2026-05-24,C_101,45,S,100,,S,,58781,Matutino,2026-05-24 09:20:52,27,133908,"POINT (  574006.377519259,   6139275.23658723)",AREQUITA 2145 FTE 2145,0
2026-05-24,C_101,46,S,50,,S,,58781,Matutino,2026-05-24 09:20:52,27,133907,"POINT (  574059.119010209,   6139414.88167122)",AREQUITA 2213 FTE 2213,0
2026-05-24,C_101,47,S,75,,S,,58781,Matutino,2026-05-24 09:20:52,27,179532,"POINT (  574052.980774074,   6139499.06884815)",ENRIQUETA COMPTE Y RIQUE 1291,0
2026-05-24,C_101,48,S,100,,S,,58781,Matutino,2026-05-24 09:20:52,27,133939,"POINT (  573941.049990695,   6139509.37684251)",GRAL FELIPE FRAGA 2243,0
2026-05-24,C_101,49,S,25,,S,,58781,Matutino,2026-05-24 09:20:52,27,133924,"POINT (  573955.436300002,   6139326.49900003)",GRAL FELIPE FRAGA 2163 FTE 3154,0
2026-05-24,C_101,50,S,25,,S,,58781,Matutino,2026-05-24 09:20:52,27,133902,"POINT (  573961.921594120,   6139254.41076474)",GRAL FELIPE FRAGA 2125 EN 2129/2125,0
2026-05-24,C_101,51,S,50,,S,,58781,Matutino,2026-05-24 09:38:10,31,183249,"POINT (  573744.756506536,   6139428.74345817)",GRAL FAUSTO AGUILAR 1180,0
2026-05-24,C_101,52,S,75,,S,,58781,Matutino,2026-05-24 09:38:16,31,133925,"POINT (  573772.037485605,   6139443.05042207)",GRAL FAUSTO AGUILAR 1187 FTE 1183. PDO PARADA,0
2026-05-24,C_101,53,S,100,,S,,58781,Matutino,2026-05-24 09:39:30,31,133974,"POINT (  573830.172992675,   6139475.21474042)",GRAL FAUSTO AGUILAR 1198 EN SUBESTACION,0
2026-05-24,C_101,54,N,,Contenedor No Está,N,,58781,Matutino,2026-05-24 09:43:43,,133957,"POINT (  573936.654866449,   6139566.51345770)",ZAPICAN 2406 PDO CORDON ROJO,0
2026-05-24,C_101,55,S,100,,S,,58781,Matutino,2026-05-24 09:41:01,31,143472,"POINT (  573904.932500004,   6139632.69573730)",ZAPICAN 2444 EN 2450,0
2026-05-24,C_101,56,N,,Contenedor No Está,N,,58781,Matutino,2026-05-24 09:43:52,,143473,"POINT (  573904.254533902,   6139634.22116103)",ZAPICAN 2444 EN 2450,0
2026-05-24,C_101,57,S,100,,S,,58781,Matutino,2026-05-24 09:44:16,31,183261,"POINT (  574001.431871460,   6139692.66016362)",GRAL JOSE MARIA LUNA 1276 EN 1292. FTE 1293,0
2026-05-24,C_109,50,S,50,,S,,58781,Matutino,2026-05-24 09:55:16,31,134797,"POINT (  573149.950868206,   6140433.11927779)",GRAL FRANCISCO URDANETA Esq. URUGUAYANA VEREDA,1
2026-05-24,C_109,51,S,100,,S,Basura Afuera,58781,Matutino,2026-05-24 10:00:09,31,180341,"POINT (  573407.003588017,   6140139.77027800)",NERSES OUNANIAN 1035 en 1037,1
2026-05-24,C_109,52,S,100,,S,Basura Afuera,58781,Matutino,2026-05-24 10:00:16,31,181157,"POINT (  573382.420729848,   6140131.60447212)",NERSES OUNANIAN 1019 EN 1023,1
2026-05-24,C_109,53,S,100,,S,Basura Afuera,58781,Matutino,2026-05-24 10:03:18,31,134800,"POINT (  573233.679681766,   6140147.24357158)",CARLOS PRINCIVALLE 907 MURO CIEGO. PDO ENTRADA,1
2026-05-24,C_109,54,S,100,,S,,58781,Matutino,2026-05-24 10:04:37,31,134801,"POINT (  573238.501683367,   6140089.34039460)",SAN JUAN 2775 MURO BLOQUES,1
2026-05-24,C_109,55,S,50,,S,,58781,Matutino,2026-05-24 10:06:31,31,183185,"POINT (  573276.522708932,   6139977.69033072)",SAN JUAN 2707,1
2026-05-24,C_109,56,S,50,,S,,58781,Matutino,2026-05-24 10:06:39,31,134784,"POINT (  573278.538438828,   6139973.57125520)",SAN JUAN Esq. TAPES,1
2026-05-24,C_109,57,S,100,,S,,58781,Matutino,2026-05-24 10:11:52,31,134785,"POINT (  573427.013015100,   6140283.74074672)",AV JOAQUIN SUAREZ 2878 VEREDA,1
2026-05-24,C_109,58,S,50,,S,,58781,Matutino,2026-05-24 10:12:04,31,183186,"POINT (  573427.003726144,   6140287.35861416)",AV JOAQUIN SUAREZ 2878,1
2026-05-24,C_109,59,S,50,,S,,58781,Matutino,2026-05-24 10:14:40,31,134823,"POINT (  573465.138654414,   6140353.51262920)",DR EVARISTO CIGANDA 1060,1
2026-05-24,C_109,60,S,50,,S,,58781,Matutino,2026-05-24 10:14:46,31,183187,"POINT (  573466.725164924,   6140353.71167778)",DR EVARISTO CIGANDA 1060,1
2026-05-24,C_109,61,S,100,,S,,58781,Matutino,2026-05-24 10:17:15,31,134824,"POINT (  573584.414145043,   6140361.36786536)",DR EVARISTO CIGANDA 1135 FTE 1135,1
2026-05-24,C_109,62,S,100,,S,,58781,Matutino,2026-05-24 10:18:23,31,134747,"POINT (  573699.377704154,   6140370.61730626)",DR EVARISTO CIGANDA 1192,1
2026-05-24,C_109,63,S,75,,S,,58781,Matutino,2026-05-24 10:19:51,31,134791,"POINT (  573724.527139394,   6140417.86504051)",ZAPICAN 2770 EN 2776,1
2026-05-24,C_109,64,N,,Contenedor No Está,N,,58781,Matutino,2026-05-24 10:21:52,,179328,"POINT (  573719.112707190,   6140447.97123072)",ZAPICAN 2796,1
2026-05-24,C_109,65,S,100,,S,,58781,Matutino,2026-05-24 10:21:45,31,179329,"POINT (  573716.498328105,   6140547.09977103)",ZAPICAN 2838 PDO 2840,1
2026-05-24,C_109,66,S,100,,S,,58781,Matutino,2026-05-24 10:23:12,31,134751,"POINT (  573707.738616075,   6140644.16909132)",ZAPICAN 2886,1
2026-05-24,C_109,67,S,50,,S,,58781,Matutino,2026-05-24 10:25:00,31,182044,"POINT (  573611.927966098,   6140621.09948487)",GRITO DE ASENCIO 1261,1
2026-05-24,C_109,68,S,25,,S,,58781,Matutino,2026-05-24 10:25:15,31,182046,"POINT (  573598.597382252,   6140607.81044926)",GRITO DE ASENCIO 1261,1
2026-05-24,C_109,69,S,100,,S,,58781,Matutino,2026-05-24 10:27:38,31,182051,"POINT (  573539.696236519,   6140568.42072037)",GRITO DE ASENCIO 1242,1
2026-05-24,C_109,70,S,100,,S,,58781,Matutino,2026-05-24 10:29:30,31,182050,"POINT (  573535.515349147,   6140567.42527099)",GRITO DE ASENCIO 1242,1
2026-05-24,C_109,71,S,100,,S,,58781,Matutino,2026-05-24 10:30:07,31,182043,"POINT (  573466.893534357,   6140550.25995199)",GRITO DE ASENCIO 1208,1
2026-05-24,C_109,72,S,75,,S,,58781,Matutino,2026-05-24 10:35:14,31,134810,"POINT (  573344.557788188,   6140526.41310004)",GRITO DE ASENCIO 1141 EN 1143. PDO CORDON ROJO,1
2026-05-24,C_109,73,S,50,,S,,58781,Matutino,2026-05-24 10:36:23,31,134811,"POINT (  573289.479325345,   6140514.60551271)",GRITO DE ASENCIO 1115 EN 1117,1
2026-05-24,C_109,74,S,100,,S,,58781,Matutino,2026-05-24 10:38:05,31,183295,"POINT (  573286.585195769,   6140513.99126206)",GRITO DE ASENCIO 1115,1
2026-05-24,C_109,75,S,50,,S,,58781,Matutino,2026-05-24 10:38:12,31,134813,"POINT (  573210.026197774,   6140497.21920026)",GRITO DE ASENCIO 1097 MURO CIEGO. PDO ENTRADA,1
2026-05-24,C_109,76,S,25,,S,,58781,Matutino,2026-05-24 10:38:19,31,171853,"POINT (  573206.050162916,   6140496.62007172)",GRITO DE ASENCIO 1097 EN 1091,1
2026-05-24,C_109,77,S,25,,S,,58781,Matutino,2026-05-24 10:42:25,31,134814,"POINT (  573079.906372066,   6140831.96865559)",BV GRAL ARTIGAS Esq. BURICAYUPI VEREDA.,1
2026-05-24,C_109,78,S,50,,S,,58781,Matutino,2026-05-24 10:44:09,31,134815,"POINT (  573109.536001696,   6140706.80525690)",BURICAYUPI 3147 EN 3147/3145,1
2026-05-24,C_109,79,S,25,,S,,58781,Matutino,2026-05-24 10:46:10,31,134792,"POINT (  573141.958790125,   6140652.03163238)",BURICAYUPI 3107,1
2026-05-24,C_109,80,S,75,,S,,58781,Matutino,2026-05-24 10:47:08,31,179316,"POINT (  573213.663646405,   6140525.98217909)",BURICAYUPI 3061 FTE 3064,1
2026-05-24,C_109,81,S,100,,S,,58781,Matutino,2026-05-24 10:51:17,31,151013,"POINT (  573296.464106271,   6140682.40438544)",CUARO 3100,1
2026-05-24,C_109,82,S,100,,S,,58781,Matutino,2026-05-24 10:52:35,31,156312,"POINT (  573247.172315412,   6140783.75283538)",CUARO 3156,1
2026-05-24,C_109,83,S,100,,S,,58781,Matutino,2026-05-24 11:36:43,31,149312,"POINT (  573240.501992610,   6140842.46803707)",BV GRAL ARTIGAS 4295,1
2026-05-24,C_109,84,S,25,,S,,58781,Matutino,2026-05-24 11:38:23,31,147272,"POINT (  573472.716829582,   6140860.29109568)",BV GRAL ARTIGAS 4189,1
2026-05-24,C_109,85,S,50,,S,,58781,Matutino,2026-05-24 11:44:09,31,159132,"POINT (  573658.195114852,   6140874.97436343)",BV GRAL ARTIGAS 4101,1
2026-05-24,C_109,86,S,25,,S,,58781,Matutino,2026-05-24 11:45:37,31,134737,"POINT (  573677.094888028,   6140796.11267517)",ZAPICAN 2963,1
2026-05-24,C_109,87,S,50,,S,,58781,Matutino,2026-05-24 11:45:51,31,160298,"POINT (  573677.154534983,   6140795.05278284)",ZAPICAN 2963,1
2026-05-24,C_109,88,N,,Contenedor No Está,N,,58781,Matutino,2026-05-24 10:52:56,,181481,"POINT (  573660.496052942,   6140699.21722615)",GRAL ENRIQUE MARTINEZ 1196 PROV OV. (O: GRITO DE ASENCIO 1261 BIS),1
2026-05-24,C_109,89,S,50,,S,,58781,Matutino,2026-05-24 11:48:27,31,180495,"POINT (  573528.958790785,   6140774.41677054)",GRAL ENRIQUE MARTINEZ 1167,1
2026-05-24,C_109,90,S,75,,S,,58781,Matutino,2026-05-24 11:48:34,31,180676,"POINT (  573527.234072549,   6140774.23186754)",GRAL ENRIQUE MARTINEZ 1167,1
2026-05-24,C_109,91,N,,Auto,S,,58781,Matutino,2026-05-24 11:51:53,,134734,"POINT (  573417.542537643,   6140748.47192356)",AV JOAQUIN SUAREZ 3091 VEREDA. EN 3093,1
2026-05-24,C_109,92,N,,Contenedor No Está,S,,58781,Matutino,2026-05-24 11:51:44,,134808,"POINT (  573417.597003874,   6140746.89240287)",AV JOAQUIN SUAREZ 3091,1
2026-05-24,C_109,93,N,,Auto,S,,58781,Matutino,2026-05-24 11:52:01,,134735,"POINT (  573415.418354637,   6140632.73118282)",AV JOAQUIN SUAREZ 3045 VEREDA,1
2026-05-24,C_109,94,S,75,,S,,58781,Matutino,2026-05-24 11:52:13,31,134736,"POINT (  573414.764759866,   6140605.38913489)",AV JOAQUIN SUAREZ 3035 VEREDA,1
2026-05-24,C_109,95,S,50,,S,,58781,Matutino,2026-05-24 11:53:11,31,134740,"POINT (  573415.418354637,   6140517.26277324)",AV JOAQUIN SUAREZ 2987 VEREDA. PDO KIOSKO,1
2026-05-24,C_109,96,S,50,,S,,58781,Matutino,2026-05-24 11:54:33,31,177441,"POINT (  573416.188125946,   6140476.53587732)",AV JOAQUIN SUAREZ 2967 VEREDA,1
2026-05-24,C_109,97,S,50,,S,,58781,Matutino,2026-05-24 11:54:40,31,179326,"POINT (  573415.463469717,   6140451.29367081)",AV JOAQUIN SUAREZ 2959 VEREDA,1
2026-05-24,C_109,98,S,75,,S,,58781,Matutino,2026-05-24 11:56:21,31,134741,"POINT (  573414.655827404,   6140395.36734840)",AV JOAQUIN SUAREZ 2927 VEREDA. EN 2927/2933,1
2026-05-24,C_109,99,S,75,,S,,58781,Matutino,2026-05-24 11:58:40,31,134742,"POINT (  573398.528946027,   6140360.77699244)",DR EVARISTO CIGANDA 1039,1
2026-05-24,C_109,100,S,100,,S,,58781,Matutino,2026-05-24 11:58:48,31,183188,"POINT (  573396.040080610,   6140360.04339107)",DR EVARISTO CIGANDA 1039,1
2026-05-24,F_104,52,S,100,,S,,58782,Matutino,2026-05-24 07:19:18,,141735,"POINT (  578899.866299414,   6143049.58775659)",OSVALDO CRUZ 4880 FTE 4880,0
2026-05-24,F_104,53,S,100,,S,,58782,Matutino,2026-05-24 07:19:28,,181597,"POINT (  578916.830212201,   6142938.76979194)",GRONARDO 3105 EN 3105,0
2026-05-24,F_104,54,S,100,,S,,58782,Matutino,2026-05-24 08:41:36,,141732,"POINT (  579058.569198189,   6142745.00047864)",MANUEL CALLEROS 4785 FTE 4874_ (FTE A REJAS AZULES),0
2026-05-24,F_104,55,S,100,,S,,58782,Matutino,2026-05-24 08:41:47,,146012,"POINT (  579057.159158167,   6142743.81307652)",MANUEL CALLEROS 4785 FTE A 4874 (FTE A REJAS AZULES),0
2026-05-24,F_104,58,S,100,,S,,58782,Matutino,2026-05-24 08:47:48,,174492,"POINT (  579208.849779406,   6142733.83147743)",JUAN JACOBO ROUSSEAU 4804 EN 4806,1
2026-05-24,F_104,60,S,100,,S,,58782,Matutino,2026-05-24 08:42:10,,181382,"POINT (  579121.939049238,   6142808.58370153)",MANUEL CALLEROS 4905,2
2026-05-24,F_104,61,S,100,,S,,58782,Matutino,2026-05-24 08:47:59,,141711,"POINT (  579182.077712305,   6142727.71565757)",GRONARDO 2953 ESQ,2
2026-05-24,F_104,64,S,100,,S,Basura Afuera,58782,Matutino,2026-05-24 10:08:57,,141738,"POINT (  579144.207943201,   6142250.89495394)",ULRICO SCHMIDEL 2860 FTE 2873,3
2026-05-24,F_104,66,S,100,,S,,58782,Matutino,2026-05-24 10:11:16,,141740,"POINT (  579065.523859180,   6142045.65977631)",JUAN JACOBO ROUSSEAU 4554 GUEMES // HABANA,4
2026-05-24,F_104,67,S,100,,S,Basura Afuera,58782,Matutino,2026-05-24 10:17:20,,141739,"POINT (  578816.496454686,   6141885.00141310)",FRAY MANUEL DE UBEDA 4510 FTE 4510,4
2026-05-24,F_104,68,S,100,,S,Basura Afuera,58782,Matutino,2026-05-24 10:18:49,,181695,"POINT (  578661.274765795,   6141872.01620697)",CNO CORRALES 2932 PROV OV (O: CNO CORRALES 3076),4
2026-05-24,F_104,69,S,100,,S,Basura Afuera,58782,Matutino,2026-05-24 10:21:37,,181696,"POINT (  578524.237728758,   6142016.46065142)",CNO CORRALES 3011 PROV OV (O: CNO CORRALES 3015),4
2026-05-24,F_104,71,S,100,,S,,58782,Matutino,2026-05-24 10:24:13,,182167,"POINT (  578486.375300436,   6142351.43435686)",LA HABANA 3138,5
2026-05-24,F_104,72,S,100,,S,,58782,Matutino,2026-05-24 10:24:52,,182120,"POINT (  578627.710949891,   6142264.09029259)",LA HABANA 3084,5
2026-05-24,F_104,73,S,100,,S,Basura Afuera,58782,Matutino,2026-05-24 10:29:30,,182121,"POINT (  578630.325328976,   6142262.34737321)",LA HABANA 3082,5
2026-05-24,F_104,74,S,100,,S,,58782,Matutino,2026-05-24 10:33:32,,141690,"POINT (  578885.297067773,   6142199.17630971)",GUEMES 2956 DESEMBOCADURA PSJE MARCOS DE AVELLANEDA,5
2026-05-24,F_104,75,S,100,,S,Basura Afuera,58782,Matutino,2026-05-24 10:36:05,,141692,"POINT (  578604.949613727,   6142368.44367889)",GUEMES 3136 FTE 3121,5
2026-05-24,F_104,76,S,100,,S,,58782,Matutino,2026-05-24 10:37:34,,141691,"POINT (  578599.720855557,   6142443.17134774)",IGNACIO BARRIOS 4622 FTE 4623,5
2026-05-24,F_104,77,S,100,,S,,58782,Matutino,2026-05-24 10:37:45,,141694,"POINT (  578641.659853379,   6142503.08420177)",IGNACIO BARRIOS 4636,5
2026-05-24,F_104,78,S,100,,S,Basura Afuera,58782,Matutino,2026-05-24 10:42:51,,182024,"POINT (  578703.306745534,   6142596.59045970)",IGNACIO BARRIOS 4670,5
2026-05-24,F_104,79,S,100,,S,,58782,Matutino,2026-05-24 10:44:42,,141745,"POINT (  578790.243731375,   6142578.35653293)",JULIA AREVALO 4673,5
2026-05-24,F_104,80,S,100,,S,,58782,Matutino,2026-05-24 10:48:11,,141747,"POINT (  578721.834145318,   6142478.35653292)",JULIA AREVALO 4633 EN 4639,5
2026-05-24,F_104,81,S,100,,S,,58782,Matutino,2026-05-24 10:48:26,,183618,"POINT (  578740.680026144,   6142315.31372615)",MANUEL CALLEROS 4604,5
2026-05-24,F_104,83,S,100,,S,Basura Afuera,58782,Matutino,2026-05-24 10:51:54,,181717,"POINT (  578824.226276907,   6142439.26609760)",MANUEL CALLEROS 4644,6
2026-05-24,F_104,84,S,100,,S,,58782,Matutino,2026-05-24 10:53:46,,141661,"POINT (  578890.783123810,   6142538.29084762)",MANUEL CALLEROS 4690 EN 4692,6
2026-05-24,F_104,85,S,100,,S,,58782,Matutino,2026-05-24 10:57:30,,141663,"POINT (  578934.797108281,   6142457.98616256)",GRAL VILLEGAS 4673,6
2026-05-24,F_104,86,S,100,,S,,58782,Matutino,2026-05-24 10:58:15,,141748,"POINT (  578889.883677734,   6142387.02496768)",GRAL VILLEGAS 4640 FTE 4640,6
2026-05-24,F_104,87,S,100,,S,Basura Afuera,58782,Matutino,2026-05-24 11:01:10,,141662,"POINT (  578798.849395863,   6142255.80751332)",GRAL VILLEGAS 4605,6
2026-05-24,F_104,88,S,100,,S,,58782,Matutino,2026-05-24 11:06:34,,181654,"POINT (  579005.881263999,   6142206.47982654)",JUAN TOMAS NUÑEZ 4610,6
2026-05-24,F_104,89,S,100,,S,Basura Afuera,58782,Matutino,2026-05-24 11:09:04,,141664,"POINT (  579043.670011719,   6142434.50987080)",MARCOS DE AVELLANEDA Esq. GERONIMO PICCIOLI ESQ.  FTE 4393,6
2026-05-24,F_104,90,S,100,,S,,58782,Matutino,2026-05-24 11:09:12,,141671,"POINT (  579105.184545312,   6142393.50018174)",GERONIMO PICCIOLI 2891,6
2026-05-24,F_105,52,,,,S,,58782,Matutino,,,141768,"POINT (  577874.084471679,   6143160.81304814)",AV DAMASO ANTONIO LARRAÑAGA 4504,7
2026-05-24,F_105,62,,,,S,,58782,Matutino,,,141785,"POINT (  577967.435474414,   6143554.99170420)",JUAN CARRARA 3630,8
2026-05-24,F_105,63,,,,S,,58782,Matutino,,,141809,"POINT (  577893.240313281,   6143716.06265400)",JUAN FRANCISCO SANTOS 4802 EN 4804,8
2026-05-24,F_105,64,,,,S,,58782,Matutino,,,141810,"POINT (  577991.447726562,   6143650.50111162)",GRONARDO 3647,8
2026-05-24,F_105,65,,,,S,,58782,Matutino,,,175392,"POINT (  577991.976718079,   6143649.94588136)",GRONARDO 3647,8
2026-05-24,F_105,66,,,,S,,58782,Matutino,,,141789,"POINT (  578097.479356836,   6143571.98914111)",GRONARDO 3585 EN 3585/3583,8
2026-05-24,F_105,67,,,,S,,58782,Matutino,,,141788,"POINT (  578236.966259765,   6143467.03671318)",GRONARDO 3493,8
2026-05-24,F_105,68,,,,N,,58782,Matutino,,,141811,"POINT (  578318.176236133,   6143403.90337607)",GRONARDO 3447,8
2026-05-24,F_105,69,,,,N,,58782,Matutino,,,141812,"POINT (  578399.180876039,   6143343.66535080)",GRONARDO 3399,8
2026-05-24,F_105,70,,,,S,,58782,Matutino,,,141813,"POINT (  578539.658292104,   6143380.76742391)",BESARES 3354 MURO,8
2026-05-24,F_105,71,,,,S,,58782,Matutino,,,141790,"POINT (  578436.079092187,   6143457.05409150)",BESARES 3412 FTE 3427,8
2026-05-24,F_105,72,,,,S,,58782,Matutino,,,182026,"POINT (  578360.220072549,   6143514.58088780)",BESARES 3456,8
2026-05-24,F_105,73,,,,S,,58782,Matutino,,,141800,"POINT (  578357.567121679,   6143516.41022040)",BESARES 3458 FTE 3455,8
2026-05-24,F_105,74,,,,S,,58782,Matutino,,,141777,"POINT (  578185.704148437,   6143646.99370400)",PLAZA LIBERTAD,8
2026-05-24,F_105,75,,,,S,,58782,Matutino,,,141778,"POINT (  578096.669955078,   6143715.52305283)",BESARES 3612,8
2026-05-24,F_105,76,,,,S,,58782,Matutino,,,141791,"POINT (  578033.266817382,   6143762.19855419)",BESARES 3652,8
2026-05-24,F_105,77,,,,S,,58782,Matutino,,,141776,"POINT (  577988.749720703,   6143796.46322861)",BESARES 3690 FTE 3687/3691,8
2026-05-24,F_105,78,,,,S,,58782,Matutino,,,141792,"POINT (  578016.808981640,   6143869.30938681)",HORACIO ARECO 3671 FTE 3696,8
2026-05-24,F_105,79,,,,S,,58782,Matutino,,,141793,"POINT (  578101.532352693,   6143807.30001105)",HORACIO ARECO 3617,8
2026-05-24,F_105,80,,,,S,,58782,Matutino,,,141801,"POINT (  578233.546777595,   6143710.31341356)",HORACIO ARECO 3562,8
2026-05-24,F_105,81,,,,S,,58782,Matutino,,,141814,"POINT (  578360.804728711,   6143607.60281845)",HORACIO ARECO 3481 FTE 3486,8
2026-05-24,F_105,82,,,,N,,58782,Matutino,,,182205,"POINT (  578515.070014718,   6143490.71006528)",HORACIO ARECO 3389,8
2026-05-24,F_105,83,,,,S,,58782,Matutino,,,141848,"POINT (  578587.437220898,   6143437.62844931)",HORACIO ARECO 3355,8
2026-05-24,F_105,84,,,,S,,58782,Matutino,,,141816,"POINT (  578650.840358594,   6143528.82104736)",PATRICIOS 3355,8
2026-05-24,F_105,85,,,,S,,58782,Matutino,,,141850,"POINT (  578541.031520117,   6143615.15723486)",PATRICIOS 3426 EN 3416/3422,8
2026-05-24,F_105,86,,,,S,,58782,Matutino,,,141794,"POINT (  578419.423087857,   6143708.20118276)",PATRICIOS 3494,8
2026-05-24,F_105,87,,,,S,,58782,Matutino,,,141849,"POINT (  578334.757836686,   6143772.44820288)",PATRICIOS 3532,8
2026-05-24,F_105,88,,,,S,,58782,Matutino,,,141795,"POINT (  578253.084912480,   6143833.35085757)",PATRICIOS 3594,8
2026-05-24,F_105,89,,,,N,,58782,Matutino,,,141817,"POINT (  578102.335767382,   6143948.90055966)",PATRICIOS 3678,8
2026-05-24,F_105,90,,,,S,,58782,Matutino,,,141803,"POINT (  578162.771098633,   6144017.16010791)",ALBERTO SUSVIELA GUARCH 3671 EN 3671,8
2026-05-24,F_105,91,,,,S,,58782,Matutino,,,141818,"POINT (  578334.634071875,   6143888.19542783)",ALBERTO SUSVIELA GUARCH 3575 EN 3575/3583,8
2026-05-24,F_105,92,,,,S,,58782,Matutino,,,141820,"POINT (  578454.425532031,   6143793.76522275)",ALBERTO SUSVIELA GUARCH Esq. PEDRO PIÑEIRUA PDO 3509,8
2026-05-24,F_105,93,,,,S,,58782,Matutino,,,141802,"POINT (  578549.934939453,   6143717.14185635)",ALBERTO SUSVIELA GUARCH Esq. JOSE SHAW,8
2026-05-24,F_105,94,,,,S,,58782,Matutino,,,141819,"POINT (  578707.768282227,   6143601.39740498)",ALBERTO SUSVIELA GUARCH 3354,8
2026-05-24,F_105,95,,,,S,,58782,Matutino,,,141851,"POINT (  578740.683953711,   6143719.30026104)",OSVALDO MARTINEZ 3376 FTE 3370,8
2026-05-24,F_105,96,,,,S,,58782,Matutino,,,177262,"POINT (  578646.316190023,   6143794.00990348)",OSVALDO MARTINEZ 3438 EN 3438B. ARBOL/ARBOL,8
2026-05-24,F_105,97,,,,S,,58782,Matutino,,,141822,"POINT (  578557.260992531,   6143862.42326370)",OSVALDO MARTINEZ 3486,8
2026-05-24,F_105,98,,,,S,,58782,Matutino,,,141852,"POINT (  578438.237496875,   6143951.05896436)",OSVALDO MARTINEZ 3560 FTE 3553,8
2026-05-24,F_105,99,,,,S,,58782,Matutino,,,141823,"POINT (  578318.715837305,   6144035.77634834)",OSVALDO MARTINEZ 3613,8
2026-05-24,F_105,100,,,,S,,58782,Matutino,,,141824,"POINT (  578218.350019336,   6144118.60512822)",OSVALDO MARTINEZ 3694 FTE 3695,8
2026-05-24,F_105,101,,,,S,,58782,Matutino,,,141825,"POINT (  578246.409280273,   6144180.38946240)",JUAN FRANCISCO SANTOS 5092 PDO 5096,8
2026-05-24,F_105,102,,,,S,,58782,Matutino,,,141826,"POINT (  578464.138353125,   6144020.66751553)",JOSE MARIA GUERRA 3557 EN 3561,8
2026-05-24,F_105,103,,,,S,,58782,Matutino,,,141827,"POINT (  578575.835795703,   6143923.80910518)",JOSE MARIA GUERRA Esq. PEDRO PIÑEIRUA,8
2026-05-24,F_105,104,,,,S,,58782,Matutino,,,141828,"POINT (  578836.193361133,   6143609.76122314)",OSVALDO MARTINEZ 3313,8
2026-05-24,E_136,1,,,,S,,58782,Matutino,,,105244,"POINT (  580541.506481130,   6140802.93692075)",CNO CARRASCO 4636,9
2026-05-24,E_136,2,,,,S,,58782,Matutino,,,105245,"POINT (  580546.554629970,   6140803.44173563)",CNO CARRASCO 4636,9
2026-05-24,E_136,3,,,,S,,58782,Matutino,,,163272,"POINT (  580613.796659790,   6140758.65115653)",DR ROBERTO BERRO 2490 FTE 2490,9
2026-05-24,E_136,4,,,,S,,58782,Matutino,,,118712,"POINT (  580632.069824025,   6140661.64496420)",DR ROBERTO BERRO 2462 FTE 2462,9
2026-05-24,E_136,5,,,,N,,58782,Matutino,,,180648,"POINT (  580651.632189107,   6140557.60792810)",DR ROBERTO BERRO 2424 PROVISORIO EN RESPUESTA A OS 5182625 - GENERA DUDAS,9
2026-05-24,E_136,6,,,,S,,58782,Matutino,,,105197,"POINT (  580655.177409804,   6140534.40489368)",DR ROBERTO BERRO 2412 FTE 2414,9
2026-05-24,E_136,7,,,,S,,58782,Matutino,,,180599,"POINT (  580774.284323529,   6140643.31757059)",VERACIERTO 2443,9
2026-05-24,E_136,8,,,,S,,58782,Matutino,,,180174,"POINT (  580784.793383878,   6140515.22720632)",ING FELIX DE MEDINA Esq. ING R V MESURES,9
2026-05-24,E_136,9,,,,S,,58782,Matutino,,,182223,"POINT (  580826.645435076,   6140819.64736013)",HIPOLITO YRIGOYEN 2487 fte 2480,9
2026-05-24,E_136,10,,,,S,,58782,Matutino,,,182224,"POINT (  580827.734759695,   6140817.57764336)",HIPOLITO YRIGOYEN 2487 fte 2480,9
2026-05-24,E_136,11,,,,S,,58782,Matutino,,,105230,"POINT (  580863.287597596,   6140763.50161330)",HIPOLITO YRIGOYEN 2462,9
2026-05-24,E_136,12,,,,S,,58782,Matutino,,,182225,"POINT (  580917.821905664,   6140678.57982201)",HIPOLITO YRIGOYEN 2428 FTE 2428,9
2026-05-24,E_136,13,,,,S,,58782,Matutino,,,180867,"POINT (  581160.911414816,   6140296.51936514)",HIPOLITO YRIGOYEN 2311 EN 2323,9
2026-05-24,E_136,14,,,,S,,58782,Matutino,,,176373,"POINT (  581199.381768604,   6139878.07899421)",HIPOLITO YRIGOYEN 2073 *,9
2026-05-24,E_136,15,,,,S,,58782,Matutino,,,176371,"POINT (  581198.919889304,   6139872.07456331)",HIPOLITO YRIGOYEN 2073 *,9
2026-05-24,E_136,16,,,,S,,58782,Matutino,,,176372,"POINT (  581198.458010003,   6139864.37657497)",HIPOLITO YRIGOYEN Esq. CIRC INT CALLE DIAGONAL *,9
2026-05-24,E_136,17,,,,S,,58782,Matutino,,,182855,"POINT (  580659.751876123,   6139764.82923074)",CIRC INT SDA 5 Esq. IGUA antes de parada,9
2026-05-24,E_136,18,,,,S,,58782,Matutino,,,182856,"POINT (  580650.295611347,   6139767.19329693)",IGUA Esq. CIRC INT SDA 5,9
2026-05-24,E_136,19,,,,S,,58782,Matutino,,,105212,"POINT (  580528.886984022,   6139825.57871372)",CIRC INT SDA 4 Esq. CIRC INT SDA 11,9
2026-05-24,E_136,20,,,,S,,58782,Matutino,,,176376,"POINT (  580564.451690162,   6139998.09063246)",CIRC INT SDA 4 Esq. CIRC INT SDA 7,9
2026-05-24,E_136,21,,,,S,,58782,Matutino,,,176375,"POINT (  580565.683368297,   6140003.63318407)",CIRC INT SDA 4 Esq. CIRC INT SDA 7,9
2026-05-24,E_136,22,,,,S,,58782,Matutino,,,176374,"POINT (  580565.991287830,   6140008.40593684)",MATAOJO Esq. CALLE 5,9
2026-05-24,E_136,23,,,,S,,58782,Matutino,,,183869,"POINT (  580763.855566798,   6140338.23227191)",ENRIQUE CHIANCONE 4668,9
2026-05-24,E_136,24,,,,S,,58782,Matutino,,,183868,"POINT (  580832.617845776,   6140349.62716385)",ENRIQUE CHIANCONE 4686,9
2026-05-24,E_136,25,,,,S,,58782,Matutino,,,105232,"POINT (  580868.794797330,   6140368.79612090)",ENRIQUE CHIANCONE Esq. VERACIERTO,9
2026-05-24,E_136,26,,,,S,,58782,Matutino,,,105195,"POINT (  581029.872065315,   6140457.35261694)",ENRIQUE CHIANCONE 4747,9
2026-05-24,E_136,27,,,,S,,58782,Matutino,,,166652,"POINT (  581032.951260651,   6140459.04617438)",ENRIQUE CHIANCONE 4747 PROV FELIX MEDINA,9
2026-05-24,E_136,28,,,,S,,58782,Matutino,,,105231,"POINT (  580905.229478790,   6140560.64087541)",ING R V MESURES 4707,9
2026-05-24,G_109,46,N,,No Levantado por Feria,S,,58783,Matutino,2026-05-24 07:29:52,,129170,"POINT (  571010.840730515,   6146244.64930968)",ADOLFO RODRIGUEZ 6635 FTE 6631,0
2026-05-24,G_109,47,N,,No Levantado por Feria,S,,58783,Matutino,2026-05-24 07:29:58,,129191,"POINT (  570915.222206028,   6146313.77837702)",ADOLFO RODRIGUEZ 6683 FTE 6683,0
2026-05-24,G_109,48,S,50,,S,,58783,Matutino,2026-05-24 07:20:34,,129193,"POINT (  570767.586563024,   6146335.57908001)",LUIS BRANDI 6716 FTE 6715,0
2026-05-24,G_109,49,S,75,,S,,58783,Matutino,2026-05-24 07:21:51,,129165,"POINT (  570689.600960070,   6146393.48719733)",LUIS BRANDI 6748 BIS. MURO,0
2026-05-24,G_109,50,S,75,,S,,58783,Matutino,2026-05-24 07:26:35,,129227,"POINT (  570750.076806538,   6146472.03166719)",MARIN 1243 FTE 1237,0
2026-05-24,G_109,51,S,50,,S,,58783,Matutino,2026-05-24 07:28:34,,129234,"POINT (  571070.071316930,   6146294.30201369)",CNEL PEDRO DE LEON 6632 FTE 6632,0
2026-05-24,G_109,58,S,75,,S,,58783,Matutino,2026-05-24 08:46:15,,129236,"POINT (  571287.508495023,   6146598.18709629)",ISAAC ALBENIZ 5261 PDO 5268.MURO,1
2026-05-24,G_109,59,S,75,,S,,58783,Matutino,2026-05-24 08:47:34,,129219,"POINT (  571174.914562610,   6146680.60585481)",ISAAC ALBENIZ 5300,1
2026-05-24,G_109,60,S,75,,S,,58783,Matutino,2026-05-24 08:49:13,,129240,"POINT (  571106.218806072,   6146732.92093681)",ISAAC ALBENIZ 5338 FTE 5345. MURO,1
2026-05-24,G_109,61,S,100,,S,,58783,Matutino,2026-05-24 08:52:15,,129182,"POINT (  571009.878934796,   6146805.13576545)",ISAAC ALBENIZ 5404,1
2026-05-24,G_109,62,S,100,,S,,58783,Matutino,2026-05-24 08:53:42,,129181,"POINT (  570930.931536121,   6146862.68320936)",ISAAC ALBENIZ 5437 EN 5447B. MURO C/ REJA,1
2026-05-24,G_109,63,S,100,,S,Basura Afuera,58783,Matutino,2026-05-24 09:46:44,,143012,"POINT (  570824.325958641,   6146939.53571581)",ISAAC ALBENIZ Esq. SARGENTOS PATRICIOS BALDIO,1
2026-05-24,G_109,64,S,100,,S,,58783,Matutino,2026-05-24 09:47:39,,129218,"POINT (  570770.071201968,   6146980.82378362)",ISAAC ALBENIZ Esq. NUEVA CALIFORNIA FTE 5535,1
2026-05-24,G_109,65,S,100,,S,,58783,Matutino,2026-05-24 09:47:49,,129177,"POINT (  570700.661610849,   6147032.68060285)",ISAAC ALBENIZ 5596 FTE 5597,1
2026-05-24,G_109,66,S,75,,S,Basura Afuera,58783,Matutino,2026-05-24 09:49:07,,129178,"POINT (  570636.301447259,   6147079.88874277)",ISAAC ALBENIZ 5640 FTE 5639,1
2026-05-24,G_109,67,S,75,,S,,58783,Matutino,2026-05-24 09:50:17,,129239,"POINT (  570537.476937040,   6147152.50431962)",ISAAC ALBENIZ 5706,1
2026-05-24,G_109,68,S,100,,S,,58783,Matutino,2026-05-24 09:51:22,,129180,"POINT (  570460.853878021,   6147209.08996781)",ISAAC ALBENIZ 5756 FTE 5757,1
2026-05-24,G_109,69,S,50,,S,,58783,Matutino,2026-05-24 09:52:03,,129237,"POINT (  570425.908633532,   6147234.89815296)",ISAAC ALBENIZ 5784 MURETE,1
2026-05-24,G_109,70,N,,Contenedor No Está,S,,58783,Matutino,2026-05-24 09:53:08,,180431,"POINT (  570345.175208279,   6147293.94360806)",ISAAC ALBENIZ 5845,1
2026-05-24,G_109,71,S,25,,S,,58783,Matutino,2026-05-24 09:53:18,,129238,"POINT (  570339.667617314,   6147298.05607190)",ISAAC ALBENIZ 5845 FTE 5845,1
2026-05-24,G_109,72,S,75,,S,,58783,Matutino,2026-05-24 07:41:43,,129202,"POINT (  570255.270042893,   6147200.27350704)",CNO LECOCQ 1370,1
2026-05-24,G_109,96,S,100,,S,,58783,Matutino,2026-05-24 07:37:32,,129167,"POINT (  570445.505221324,   6146998.49677996)",ANTONIO MARIA MARQUES 5696 MURO,2
2026-05-24,G_109,97,S,100,,S,,58783,Matutino,2026-05-24 07:39:02,,129206,"POINT (  570348.043255041,   6147071.83370360)",ANTONIO MARIA MARQUES 5752 VEREDA. EN 5754/5752,2
2026-05-24,G_110,1,N,,Contenedor No Está,N,,58783,Matutino,2026-05-24 10:56:39,,129374,"POINT (  569802.197748753,   6148059.09220353)",PSJE A Esq. CARLOS OTT PLAZA,3
2026-05-24,G_110,2,N,,Contenedor No Está,N,,58783,Matutino,2026-05-24 10:57:03,,129373,"POINT (  569831.756129739,   6148015.65823825)",PSJE 9 DE SETIEMBRE Esq. ISAAC ALBENIZ FTE 38. SOLAR CON RETIRO,3
2026-05-24,G_110,3,S,100,,S,,58783,Matutino,2026-05-24 10:56:25,,129405,"POINT (  569923.954914589,   6148041.44086553)",DR VALENTIN ALVAREZ Esq. CALLE C EN 5933,3
2026-05-24,G_110,4,S,100,,S,,58783,Matutino,2026-05-24 11:07:33,,129369,"POINT (  570266.765372105,   6147885.23171521)",BRIG GRAL ANACLETO MEDINA Esq. PSJE J - 8524 SEGUNDO PADRON,3
2026-05-24,G_110,5,S,100,,S,,58783,Matutino,2026-05-24 11:12:53,,129379,"POINT (  570367.745764262,   6147809.90491782)",BRIG GRAL ANACLETO MEDINA Esq. PSJE G EN 1753. PDO BT,3
2026-05-24,G_110,6,S,75,,S,,58783,Matutino,2026-05-24 11:13:14,,129377,"POINT (  570412.408073631,   6147776.46265203)",BRIG GRAL ANACLETO MEDINA Esq. PSJE K - 8533 EN 1731,3
2026-05-24,G_110,7,S,100,,S,,58783,Matutino,2026-05-24 11:13:25,,129378,"POINT (  570477.549685831,   6147726.62605072)",BRIG GRAL ANACLETO MEDINA Esq. PSJE 8531 EN 5785,3
2026-05-24,G_110,8,S,75,,S,,58783,Matutino,2026-05-24 11:51:32,,180231,"POINT (  570515.937498524,   6147802.36935778)",CALDERON DE LA BARCA 1766 EN 1774,3
2026-05-24,G_110,9,S,100,,S,,58783,Matutino,2026-05-24 11:55:13,,180430,"POINT (  570480.584332244,   6147542.27814183)",PSJE R Esq. CNO LECOCQ PROV (O: CNO LECOCQ),3
2026-05-24,G_110,10,S,100,,S,,58783,Matutino,2026-05-24 11:57:12,,129422,"POINT (  570477.096499660,   6147545.07053962)",PSJE R Esq. CNO LECOCQ MURO CIEGO. PDO CERCO VEGETAL,3
2026-05-24,G_110,11,S,100,,S,Basura Afuera,58783,Matutino,2026-05-24 12:00:17,,129428,"POINT (  570331.089990841,   6147609.25132306)",PSJE E Esq. PSJE 10 MTS PLAZA,3
2026-05-24,G_110,12,S,25,,N,Fuera de Lugar,58783,Matutino,2026-05-24 12:03:43,,129370,"POINT (  570244.715898033,   6147522.93613630)",CALLE D Esq. PSJE E FTE 1872,3
2026-05-24,G_110,13,S,75,,N,Fuera de Lugar,58783,Matutino,2026-05-24 12:03:34,,129413,"POINT (  570319.379751190,   6147530.65655181)",PSJE I Esq. PSJE E EN 1515. MURO CIEGO,3
2026-05-24,G_110,14,S,100,,S,,58783,Matutino,2026-05-24 12:01:45,,129439,"POINT (  570289.829898521,   6147566.92736712)",PSJE I Esq. PSJE E,3
2026-05-24,G_110,15,S,75,,S,,58783,Matutino,2026-05-24 12:02:05,,174572,"POINT (  570288.692242094,   6147568.12190637)",PSJE I Esq. PSJE E,3
2026-05-24,G_110,16,,,,S,,58783,Matutino,,,174592,"POINT (  570249.073356997,   6147610.32895984)",PSJE I Esq. CALLE F EN 1654,3
2026-05-24,G_110,17,,,,S,,58783,Matutino,,,129427,"POINT (  570180.490862301,   6147688.98988514)",PSJE I Esq. PSJE G EN 1697 BIS. MURO CIEGO,3
2026-05-24,G_110,18,,,,S,,58783,Matutino,,,129440,"POINT (  570160.174220761,   6147735.00678437)",PSJE H Esq. PSJE I EN 1647/1645,3
2026-05-24,G_110,19,,,,S,,58783,Matutino,,,129380,"POINT (  570277.672823071,   6147729.99160013)",PSJE H1 Esq. PSJE G EN 1667. FTE MURO CIEGO,3
2026-05-24,G_110,20,,,,S,,58783,Matutino,,,129382,"POINT (  570425.479969055,   6147667.47572392)",PSJE 8531 Esq. PSJE E EN1525. BT/REBAJE,3
2026-05-24,G_110,21,,,,S,,58783,Matutino,,,181627,"POINT (  570452.949862005,   6147496.28286271)",CNO LECOCQ 1503,3
2026-05-24,G_110,22,N,,Contenedor No Está,N,,58783,Matutino,2026-05-24 10:17:56,,180884,"POINT (  570348.746592179,   6147361.89660335)",CNO LECOCQ 1425,3
2026-05-24,G_110,23,S,100,,S,,58783,Matutino,2026-05-24 10:17:43,,129438,"POINT (  570292.001920913,   6147349.55405241)",ISAAC ALBENIZ Esq. PSJE A FTE 1042. ANTES SUB ESTACION,3
2026-05-24,G_110,24,S,100,,S,,58783,Matutino,2026-05-24 10:24:47,,129406,"POINT (  570266.368412940,   6147383.55830352)",ISAAC ALBENIZ Esq. PSJE B EN 1505. MURO,3
2026-05-24,G_110,25,S,75,,S,,58783,Matutino,2026-05-24 10:24:55,,129385,"POINT (  570237.921245751,   6147420.21440218)",ISAAC ALBENIZ Esq. PSJE C EN 1511. FTE 1022,3
2026-05-24,G_110,26,S,75,,S,,58783,Matutino,2026-05-24 10:25:03,,129386,"POINT (  570202.698240977,   6147458.10999761)",ISAAC ALBENIZ Esq. PSJE D EN 1521. PDO BT,3
2026-05-24,G_110,27,S,75,,S,,58783,Matutino,2026-05-24 10:25:11,,129414,"POINT (  570173.192387355,   6147492.91145377)",ISAAC ALBENIZ Esq. PSJE E EN 1529. FTE CERCO VEGETAL,3
2026-05-24,G_110,28,S,75,,S,,58783,Matutino,2026-05-24 10:25:20,,129415,"POINT (  570105.000666223,   6147571.88748863)",ISAAC ALBENIZ Esq. PSJE G MURO CIEGO,3
2026-05-24,G_110,29,S,75,,S,,58783,Matutino,2026-05-24 10:25:42,,129388,"POINT (  570103.148814371,   6147574.06613786)",ISAAC ALBENIZ Esq. PSJE G MURO CIEGO,3
2026-05-24,G_110,30,S,75,,S,,58783,Matutino,2026-05-24 10:25:49,,129447,"POINT (  570037.571472323,   6147655.32975442)",ISAAC ALBENIZ Esq. PSJE H FTE 1342,3
2026-05-24,G_110,31,S,75,,S,,58783,Matutino,2026-05-24 10:27:51,,129410,"POINT (  569926.609925925,   6147823.13073611)",ISAAC ALBENIZ Esq. PSJE K EN 6927,3
2026-05-24,G_110,32,N,,Contenedor No Está,N,,58783,Matutino,2026-05-24 10:28:00,,129425,"POINT (  569887.244674937,   6147881.47354527)",ISAAC ALBENIZ Esq. PSJE L EN 6939. MURO,3
2026-05-24,G_110,33,S,75,,S,,58783,Matutino,2026-05-24 10:30:15,,129426,"POINT (  569831.321425271,   6147955.67489115)",ISAAC ALBENIZ Esq. CALLE 12 MTS,3
2026-05-24,G_110,34,S,75,,S,,58783,Matutino,2026-05-24 10:30:32,,129448,"POINT (  569875.915698902,   6147963.60862152)",CALLE 12 MTS Esq. PSJE LATERAL FTE 6914,3
2026-05-24,G_110,35,S,75,,S,,58783,Matutino,2026-05-24 10:30:40,,180328,"POINT (  569905.963404156,   6147954.20778664)",CALLE 12 MTS Esq. PSJE LATERAL ESQ,3
2026-05-24,G_110,36,N,,Contenedor No Está,N,,58783,Matutino,2026-05-24 10:31:51,,129433,"POINT (  570047.375393891,   6147868.94631215)",PSJE I 1741 FTE 1798,3
2026-05-24,G_110,37,N,,Contenedor No Está,N,,58783,Matutino,2026-05-24 10:32:02,,181152,"POINT (  569968.307590632,   6147769.43749325)",PSJE J - 8523 Esq. ISAAC ALBENIZ ESQ ISAAC ALBENIZ,3
2026-05-24,G_110,38,S,75,,N,,58783,Matutino,2026-05-24 10:43:23,,129412,"POINT (  569859.263166065,   6147695.60176531)",CNO ROGELIO GORGOROSO 5971 FTE 1298,3
2026-05-24,G_110,39,S,100,,S,,58783,Matutino,2026-05-24 10:43:14,,129434,"POINT (  569929.837267530,   6147586.48443851)",CNO ROGELIO GORGOROSO 4 FTE 1320,3
2026-05-24,G_110,40,S,100,,S,,58783,Matutino,2026-05-24 10:40:02,,129409,"POINT (  570034.194566005,   6147446.83302239)",CNO ROGELIO GORGOROSO Esq. PSJE F,3
2026-05-24,G_110,41,S,75,,S,,58783,Matutino,2026-05-24 10:39:42,,129411,"POINT (  570094.761014806,   6147367.74805507)",CNO ROGELIO GORGOROSO Esq. PSJE D EN 1/2.,3
2026-05-24,G_110,42,S,75,,S,,58783,Matutino,2026-05-24 10:39:32,,129407,"POINT (  570116.470472341,   6147340.24013881)",CNO ROGELIO GORGOROSO Esq. PSJE C,3
2026-05-24,G_110,43,S,100,,S,,58783,Matutino,2026-05-24 10:39:24,,129408,"POINT (  570143.695758242,   6147304.41739420)",CNO ROGELIO GORGOROSO Esq. PSJE B,3
2026-05-24,G_110,44,S,100,,S,Basura Afuera,58783,Matutino,2026-05-24 10:39:18,,129389,"POINT (  570175.153171669,   6147264.26221628)",CNO ROGELIO GORGOROSO Esq. PSJE A,3
2026-05-24,G_110,45,S,75,,S,,58783,Matutino,2026-05-24 10:39:08,,129432,"POINT (  570221.558400427,   6147206.52801149)",CNO ROGELIO GORGOROSO Esq. CNO LECOCQ,3
2026-05-24,G_110,46,S,75,,S,,58783,Matutino,2026-05-24 08:07:37,,129391,"POINT (  570640.269183088,   6147684.89773881)",CNO LECOCQ 1618,3
2026-05-24,G_110,47,S,100,,S,,58783,Matutino,2026-05-24 08:08:20,,181548,"POINT (  570797.981642484,   6147671.26359477)",CHECOESLOVAQUIA 5459,3
2026-05-24,G_110,48,S,75,,S,,58783,Matutino,2026-05-24 08:10:58,,181549,"POINT (  570888.189689542,   6147602.59201416)",CHECOESLOVAQUIA 5437,3
2026-05-24,G_110,49,S,75,,S,,58783,Matutino,2026-05-24 08:13:01,,129416,"POINT (  571008.033087742,   6147548.00784097)",DR TEOFILO DIAZ 1654,3
2026-05-24,G_110,50,N,,Contenedor No Está,N,,58783,Matutino,2026-05-24 08:13:43,,159892,"POINT (  571213.708456641,   6147533.25188184)",CNO CASAVALLE 5493 VEREDA,3
2026-05-24,G_110,51,S,75,,S,,58783,Matutino,2026-05-24 08:17:59,,129454,"POINT (  571204.627866402,   6147386.37333473)",CHECOESLOVAQUIA 5322,3
2026-05-24,G_110,52,S,100,,S,,58783,Matutino,2026-05-24 08:20:31,,129451,"POINT (  571086.432091286,   6147410.88579129)",NUEVA CALIFORNIA 1639 PDO ESQ. MURO CIEGO,3
2026-05-24,G_110,53,S,75,,S,,58783,Matutino,2026-05-24 08:21:56,,129452,"POINT (  571068.646027583,   6147313.27458331)",BV APARICIO SARAVIA 5385,3
2026-05-24,G_110,54,S,75,,S,,58783,Matutino,2026-05-24 08:24:47,,129456,"POINT (  571130.394041204,   6147270.14177968)",BV APARICIO SARAVIA 5353 EN 5335,3
2026-05-24,G_110,55,S,75,,S,,58783,Matutino,2026-05-24 08:24:59,,143192,"POINT (  571196.861803486,   6147221.17197451)",BV APARICIO SARAVIA 5343 EN 5343,3
2026-05-24,G_110,56,S,75,,S,,58783,Matutino,2026-05-24 08:27:59,,129435,"POINT (  571226.382500654,   6147201.23733399)",BV APARICIO SARAVIA 5323 VEREDA,3
2026-05-24,G_110,57,S,75,,S,,58783,Matutino,2026-05-24 08:31:04,,129376,"POINT (  571275.683485017,   6147007.48570703)",ROQUE SAENZ PEÑA 5305,3
2026-05-24,G_110,58,S,75,,S,,58783,Matutino,2026-05-24 08:32:29,,129419,"POINT (  571191.318818980,   6147069.42963556)",ROQUE SAENZ PEÑA 5354 FTE 5327,3
2026-05-24,G_110,59,S,75,,S,,58783,Matutino,2026-05-24 08:34:51,,129421,"POINT (  571070.689160386,   6147157.99649023)",ROQUE SAENZ PEÑA 5438 ESQ,3
2026-05-24,G_110,60,S,75,,S,,58783,Matutino,2026-05-24 08:36:20,,129417,"POINT (  570975.237236120,   6147228.43306446)",ROQUE SAENZ PEÑA 5444 ESQ,3
2026-05-24,G_110,61,S,100,,S,,58783,Matutino,2026-05-24 08:37:06,,129453,"POINT (  570904.741373780,   6147144.37560488)",PEDRO DE VALDIVIA Esq. NUEVA CALIFORNIA ESQ,3
2026-05-24,G_110,62,N,,Contenedor No Está,N,,58783,Matutino,2026-05-24 08:38:23,,129462,"POINT (  570991.545280109,   6147079.62216306)",PEDRO DE VALDIVIA 5443 ESQ,3
2026-05-24,G_110,63,S,100,,N,,58783,Matutino,2026-05-24 08:41:57,,129393,"POINT (  571092.255562202,   6147005.66958898)",PEDRO DE VALDIVIA 5385 FTE 5384. CERCO VEGETAL,3
2026-05-24,G_110,64,S,75,,S,,58783,Matutino,2026-05-24 08:43:32,,129459,"POINT (  571276.137514529,   6146867.41760261)",PEDRO DE VALDIVIA 5315,3
2026-05-24,G_110,65,S,75,,S,,58783,Matutino,2026-05-24 08:43:44,,129395,"POINT (  571281.013060922,   6146864.55983295)",PEDRO DE VALDIVIA 5315,3
2026-05-24,G_110,66,S,50,,S,,58783,Matutino,2026-05-24 09:59:27,,129397,"POINT (  571261.154540635,   6146728.48457196)",CNO EDISON 5262 MURO CIEGO,3
2026-05-24,G_110,67,S,25,,S,,58783,Matutino,2026-05-24 09:59:35,,180252,"POINT (  571256.937627684,   6146731.38447797)",CNO EDISON 5262 PROV A,3
2026-05-24,G_110,68,S,75,,S,,58783,Matutino,2026-05-24 09:59:41,,129464,"POINT (  571208.033087741,   6146767.64461736)",CNO EDISON 5317 FTE 5317. MURO TEJIDO,3
2026-05-24,G_110,69,S,50,,S,,58783,Matutino,2026-05-24 10:00:29,,129465,"POINT (  571139.020601929,   6146817.36084892)",CNO EDISON Esq. AMERICA VEREDA. FTE 5363,3
2026-05-24,G_110,70,S,100,,S,,58783,Matutino,2026-05-24 10:03:06,,129399,"POINT (  571017.908229625,   6146906.35063325)",CNO EDISON 5416,3
2026-05-24,G_110,71,S,75,,S,,58783,Matutino,2026-05-24 10:04:51,,129400,"POINT (  570958.929192130,   6146956.29258039)",CNO EDISON 5438 EN 5438/5434,3
2026-05-24,G_110,72,S,75,,S,,58783,Matutino,2026-05-24 10:05:14,,129401,"POINT (  570861.949092281,   6147025.76039488)",CNO EDISON 5514 FTE 5515. MURO BAJO,3
2026-05-24,G_110,73,S,50,,S,,58783,Matutino,2026-05-24 10:06:43,,129467,"POINT (  570747.987684789,   6147106.12361849)",CNO EDISON Esq. NUEVA ERA CARTEL,3
2026-05-24,G_110,74,S,75,,S,,58783,Matutino,2026-05-24 10:11:19,,129468,"POINT (  570657.230378325,   6147174.41266875)",CNO EDISON 5657,3
2026-05-24,G_110,75,S,100,,S,,58783,Matutino,2026-05-24 10:13:33,,129402,"POINT (  570622.575784847,   6147199.89398748)",CNO EDISON Esq. PSJE MARIO ORRICO,3
2026-05-24,G_110,76,S,75,,S,,58783,Matutino,2026-05-24 10:13:41,,129466,"POINT (  570520.745914073,   6147273.88752315)",CNO EDISON 5753,3
2026-05-24,G_110,77,S,75,,S,,58783,Matutino,2026-05-24 10:15:39,,180667,"POINT (  570456.924438225,   6147320.54036269)",CNO EDISON Esq. DR ENRIQUE BADARACCO LINDERO,3
2026-05-24,G_110,78,S,75,,S,Poda,58783,Matutino,2026-05-24 10:15:47,,129444,"POINT (  570398.680581760,   6147363.84354874)",CNO EDISON 5841,3
2026-05-24,G_110,79,S,50,,S,,58783,Matutino,2026-05-24 07:43:09,,129372,"POINT (  570403.434813535,   6147388.20898658)",CNO LECOCQ 1455,3
2026-05-24,G_110,80,S,100,,S,,58783,Matutino,2026-05-24 07:44:48,,129449,"POINT (  570442.909162954,   6147440.07920975)",PSJE A 2,3
2026-05-24,G_110,81,S,75,,S,,58783,Matutino,2026-05-24 07:45:33,,181550,"POINT (  570511.007614161,   6147527.26248214)",PSJE EDISON CANTERO 14,3
2026-05-24,G_110,82,S,25,,S,,58783,Matutino,2026-05-24 07:47:33,,183166,"POINT (  570514.651277996,   6147529.92571329)",PSJE EDISON CANTERO 14,3
2026-05-24,G_110,83,N,,Contenedor No Está,N,,58783,Matutino,2026-05-24 07:47:54,,129450,"POINT (  570518.340117647,   6147535.86582941)",CNO LECOCQ Esq. PSJE EDISON CANTERO MURO. FTE 1537. ESQ. PSEJ B,3
2026-05-24,G_110,84,S,75,,S,,58783,Matutino,2026-05-24 07:54:17,,182084,"POINT (  570560.894313072,   6147587.01982201)",CIRC INT 17 METROS Esq. CNO LECOCQ,3
2026-05-24,G_110,85,S,75,,S,,58783,Matutino,2026-05-24 07:54:26,,182085,"POINT (  570563.399759695,   6147590.06993094)",CIRC INT 17 METROS Esq. CNO LECOCQ,3
2026-05-24,G_110,86,S,75,,S,Basura Afuera,58783,Matutino,2026-05-24 07:54:44,,129392,"POINT (  570568.181494109,   6147598.46700931)",CNO LECOCQ 1556,3
2026-05-24,G_110,87,S,50,,S,,58783,Matutino,2026-05-24 07:54:57,,129469,"POINT (  570627.896878886,   6147618.04189318)",BV APARICIO SARAVIA 5765 EN 5819. 1ER SALIDA VIVIENDAS,3
2026-05-24,G_110,88,S,50,,S,,58783,Matutino,2026-05-24 07:55:04,,129443,"POINT (  570655.819693869,   6147597.61056514)",BV APARICIO SARAVIA 5814 EN 5797,3
2026-05-24,G_110,89,S,75,,S,,58783,Matutino,2026-05-24 07:55:09,,129424,"POINT (  570687.601759703,   6147574.22804528)",BV APARICIO SARAVIA 5796 FTE 5796. PDO SALIDA VEHICULAR,3
2026-05-24,G_110,90,N,,Contenedor No Está,N,,58783,Matutino,2026-05-24 07:55:32,,129457,"POINT (  570735.988824972,   6147548.97759603)",BV APARICIO SARAVIA Esq. CNEL JOSE MARIA NAVAJAS EN 5765,3
2026-05-24,G_110,91,S,75,,S,,58783,Matutino,2026-05-24 07:55:38,,177290,"POINT (  570748.928666061,   6147539.44297628)",BV APARICIO SARAVIA 5445,3
2026-05-24,G_110,92,S,50,,S,Basura Afuera,58783,Matutino,2026-05-24 07:56:04,,129461,"POINT (  570845.863966856,   6147475.42481510)",BV APARICIO SARAVIA Esq. PSJE MARIO ORRICO PDO SUB ESTACION,3
2026-05-24,G_110,93,S,25,,S,,58783,Matutino,2026-05-24 07:56:08,,129463,"POINT (  570850.858291487,   6147472.01959376)",BV APARICIO SARAVIA 5470 PDO SUB ESTACION,3
2026-05-24,G_110,94,S,50,,S,Basura Afuera,58783,Matutino,2026-05-24 08:00:04,,129394,"POINT (  570898.702916303,   6147434.86125425)",BV APARICIO SARAVIA Esq. DR TEOFILO DIAZ,3
2026-05-24,G_110,95,S,75,,S,Basura Afuera,58783,Matutino,2026-05-24 08:00:12,,152114,"POINT (  570876.450157639,   6147390.85850210)",DR TEOFILO DIAZ Esq. PSJE FROILAN AGUILAR,3
2026-05-24,G_110,96,N,,Contenedor No Está,N,,58783,Matutino,2026-05-24 08:00:22,,129460,"POINT (  570841.715125956,   6147345.64713063)",DR TEOFILO DIAZ Esq. PSJE SAENZ PEÑA CERCO VEGETAL,3
2026-05-24,G_110,97,N,,Contenedor No Está,N,,58783,Matutino,2026-05-24 08:01:50,,129398,"POINT (  570748.474636549,   6147254.42595017)",PEDRO DE VALDIVIA 5638,3
2026-05-24,G_110,98,S,100,,S,Fuera de Lugar,58783,Matutino,2026-05-24 08:02:02,,129423,"POINT (  570656.760675142,   6147319.69269251)",PEDRO DE VALDIVIA Esq. PSJE JOSE LUIS PANIZZA,3
2026-05-24,E_107,1,S,100,,S,,58784,Matutino,2026-05-24 09:26:22,,105403,"POINT (  582459.538009600,   6139357.57190574)",PEDRO COSIO 1824,0
2026-05-24,E_107,2,S,100,,S,,58784,Matutino,2026-05-24 09:29:55,,118632,"POINT (  582387.913976024,   6139501.82061687)",PEDRO COSIO 1874,0
2026-05-24,E_107,3,S,100,,S,,58784,Matutino,2026-05-24 09:30:03,,183422,"POINT (  582385.023816949,   6139508.37831300)",PEDRO COSIO 1878,0
2026-05-24,E_107,4,S,75,,S,,58784,Matutino,2026-05-24 09:32:54,,183421,"POINT (  582308.944833898,   6139630.60205819)",PEDRO COSIO 1972,0
2026-05-24,E_107,5,S,50,,S,,58784,Matutino,2026-05-24 09:33:02,,105405,"POINT (  582308.325380203,   6139631.50273977)",PEDRO COSIO 1972,0
2026-05-24,E_107,6,S,100,,S,,58784,Matutino,2026-05-24 09:35:18,,105407,"POINT (  582052.644496340,   6140020.10323917)",PEDRO COSIO 2132,0
2026-05-24,E_107,7,S,75,,S,,58784,Matutino,2026-05-24 09:36:34,,105302,"POINT (  582002.431851070,   6140095.52838492)",PEDRO COSIO 2158,0
2026-05-24,E_107,8,S,100,,S,,58784,Matutino,2026-05-24 09:39:26,,105303,"POINT (  581904.379854300,   6140246.09641178)",PEDRO COSIO 2212,0
2026-05-24,E_107,9,S,50,,S,,58784,Matutino,2026-05-24 09:40:14,,105304,"POINT (  581903.452114800,   6140247.72723154)",PEDRO COSIO 2212,0
2026-05-24,E_107,10,S,75,,S,,58784,Matutino,2026-05-24 09:42:59,,105402,"POINT (  581826.946622394,   6140361.18509260)",PEDRO COSIO 2260,0
2026-05-24,E_107,11,S,50,,S,,58784,Matutino,2026-05-24 09:43:08,,158672,"POINT (  581792.642575050,   6140412.80146290)",PEDRO COSIO 2276,0
2026-05-24,E_107,12,S,75,,S,,58784,Matutino,2026-05-24 09:45:24,,117332,"POINT (  581752.647903031,   6140473.95564075)",PEDRO COSIO 2310,0
2026-05-24,E_107,13,S,100,,S,,58784,Matutino,2026-05-24 09:46:56,,105401,"POINT (  581651.648801910,   6140625.62594676)",PEDRO COSIO 2386,0
2026-05-24,E_107,14,S,75,,S,,58784,Matutino,2026-05-24 09:48:48,,180135,"POINT (  581535.384404086,   6140802.51065982)",PEDRO COSIO 2454,0
2026-05-24,E_107,15,S,75,,S,,58784,Matutino,2026-05-24 09:49:39,,181216,"POINT (  581448.787117647,   6140934.14035294)",PEDRO COSIO 2489 FTE 2489,0
2026-05-24,E_107,16,S,50,,S,,58784,Matutino,2026-05-24 09:54:18,,178348,"POINT (  581377.948320489,   6140727.54911223)",DR ALEJANDRO GALLINAL 2381,0
2026-05-24,E_107,17,S,100,,S,,58784,Matutino,2026-05-24 09:56:48,,158652,"POINT (  581505.787001591,   6140533.02592788)",DR ALEJANDRO GALLINAL 2325,0
2026-05-24,E_107,18,S,50,,N,,58784,Matutino,2026-05-24 10:03:30,,105398,"POINT (  581510.696438100,   6140525.77920328)",DR ALEJANDRO GALLINAL Esq. LUIS CLUZEAU MORTET,0
2026-05-24,E_107,19,S,100,,S,,58784,Matutino,2026-05-24 10:03:46,,179219,"POINT (  581647.863570057,   6140316.51434633)",DR ALEJANDRO GALLINAL 2245,0
2026-05-24,E_107,20,S,75,,S,,58784,Matutino,2026-05-24 10:03:54,,179220,"POINT (  581692.368958757,   6140250.18612091)",DR ALEJANDRO GALLINAL 2225,0
2026-05-24,E_107,21,S,75,,S,,58784,Matutino,2026-05-24 10:04:02,,179221,"POINT (  581712.255964407,   6140220.12962373)",DR ALEJANDRO GALLINAL 2183,0
2026-05-24,E_107,22,S,100,,S,,58784,Matutino,2026-05-24 10:05:51,,162055,"POINT (  581703.596321317,   6140114.00359257)",IGUA 4801,0
2026-05-24,E_107,23,S,100,,S,,58784,Matutino,2026-05-24 07:12:32,,163212,"POINT (  581655.787059074,   6139961.31852204)",RUFINO T DOMINGUEZ 2011 FTE 2032,0
2026-05-24,E_107,24,S,75,,S,,58784,Matutino,2026-05-24 10:14:43,,183554,"POINT (  581751.136936602,   6139982.43170153)",GODOY 4795,0
2026-05-24,E_107,25,S,100,,S,,58784,Matutino,2026-05-24 10:14:51,,183555,"POINT (  581754.840640305,   6139984.39248584)",GODOY 4795,0
2026-05-24,E_107,26,S,100,,S,Requiere Mantenimiento,58784,Matutino,2026-05-24 10:18:18,,105933,"POINT (  581977.026829521,   6139796.97167840)",ESPUELITAS 4846 VEREDA,0
2026-05-24,E_107,27,S,100,,S,Requiere Mantenimiento,58784,Matutino,2026-05-24 10:19:06,,105932,"POINT (  581980.393114540,   6139799.21586841)",ESPUELITAS Esq. DR ALEJANDRO GALLINAL VEREDA,0
2026-05-24,E_107,28,S,100,,S,,58784,Matutino,2026-05-24 10:21:02,,105341,"POINT (  582026.173092250,   6139743.31005996)",DR ALEJANDRO GALLINAL 2033,0
2026-05-24,E_107,29,S,50,,S,,58784,Matutino,2026-05-24 10:22:28,,105340,"POINT (  582114.872379200,   6139611.65624928)",DR ALEJANDRO GALLINAL 2013,0
2026-05-24,E_107,30,S,100,,S,Requiere Mantenimiento,58784,Matutino,2026-05-24 10:23:49,,120992,"POINT (  582167.302082774,   6139530.07336612)",DR ALEJANDRO GALLINAL 1969,0
2026-05-24,E_107,31,S,50,,N,,58784,Matutino,2026-05-24 10:37:28,,177500,"POINT (  582188.594858192,   6139494.87745085)",DR ALEJANDRO GALLINAL 1909 EN 1907,0
2026-05-24,E_107,32,S,75,,S,Requiere Mantenimiento,58784,Matutino,2026-05-24 10:26:26,,120972,"POINT (  582265.565545490,   6139361.59881585)",DR ALEJANDRO GALLINAL 1841,0
2026-05-24,E_107,33,S,75,,S,,58784,Matutino,2026-05-24 10:26:42,,105391,"POINT (  582275.368668100,   6139343.65851079)",DR ALEJANDRO GALLINAL 1833,0
2026-05-24,E_107,34,S,75,,S,,58784,Matutino,2026-05-24 10:28:31,,105390,"POINT (  582152.394249115,   6139316.55471631)",GRAL ANDRES GOMEZ 1884,0
2026-05-24,E_107,35,S,50,,S,,58784,Matutino,2026-05-24 10:29:46,,105337,"POINT (  582098.263012330,   6139320.96383675)",SEGOVIA 1919,0
2026-05-24,E_107,36,S,100,,S,Requiere Mantenimiento,58784,Matutino,2026-05-24 10:35:52,,105338,"POINT (  582002.714538800,   6139322.94265129)",TRES CERROS 1932,0
2026-05-24,E_107,37,S,100,,S,,58784,Matutino,2026-05-24 10:36:15,,105389,"POINT (  582008.085606900,   6139467.96148823)",TRES CERROS 1992,0
2026-05-24,E_107,38,S,75,,S,,58784,Matutino,2026-05-24 10:38:11,,183384,"POINT (  581984.625227504,   6139565.98362496)",GRAL ANDRES GOMEZ 2022,0
2026-05-24,E_107,39,S,75,,S,,58784,Matutino,2026-05-24 10:40:08,,183385,"POINT (  581902.537780395,   6139614.43214401)",RUFINO T DOMINGUEZ 1856,0
2026-05-24,E_107,40,S,100,,S,,58784,Matutino,2026-05-24 10:09:06,,105410,"POINT (  581786.832463290,   6139784.73743622)",RUFINO T DOMINGUEZ 1932,0
2026-05-24,E_107,41,S,100,,S,,58784,Matutino,2026-05-24 10:12:38,,105336,"POINT (  581739.108173400,   6139855.80913789)",RUFINO T DOMINGUEZ 1960,0
2026-05-24,E_107,42,S,75,,S,,58784,Matutino,2026-05-24 07:14:50,,105333,"POINT (  581634.467253951,   6139903.73100330)",GODOY 4731,0
2026-05-24,E_107,43,S,100,,S,,58784,Matutino,2026-05-24 07:16:11,,177391,"POINT (  581519.136366667,   6139723.27746328)",MTRO LORENZO D AURIA 1970 FTE 1972,0
2026-05-24,E_107,44,S,100,,S,,58784,Matutino,2026-05-24 07:24:37,,105384,"POINT (  581864.480208920,   6139500.47058423)",REQUEMADA Esq. VALENCIA,0
2026-05-24,E_107,45,S,75,,S,,58784,Matutino,2026-05-24 07:30:32,,105388,"POINT (  581753.949282520,   6139631.35503160)",ZARAGOZA 1896,0
2026-05-24,E_107,46,S,75,,S,,58784,Matutino,2026-05-24 07:32:43,,105332,"POINT (  581669.284289020,   6139751.63868680)",ZARAGOZA 1948,0
2026-05-24,E_107,47,S,75,,S,,58784,Matutino,2026-05-24 07:36:22,,168192,"POINT (  581492.673903316,   6139814.97210293)",GODOY 4627,0
2026-05-24,E_107,48,S,100,,S,,58784,Matutino,2026-05-24 07:36:30,,183500,"POINT (  581450.038375740,   6139788.60722553)",GODOY 4609,0
2026-05-24,E_107,49,S,75,,S,,58784,Matutino,2026-05-24 07:39:22,,176377,"POINT (  581207.343362712,   6139631.63051356)",HIPOLITO YRIGOYEN 2002,0
2026-05-24,E_107,50,S,75,,S,,58784,Matutino,2026-05-24 07:41:12,,105347,"POINT (  581204.837824420,   6139633.46269161)",HIPOLITO YRIGOYEN 2002,0
2026-05-24,E_107,51,S,75,,S,Requiere Limpieza,58784,Matutino,2026-05-24 07:41:31,,176129,"POINT (  581206.839098543,   6139764.37106301)",HIPOLITO YRIGOYEN 2050,0
2026-05-24,E_107,52,N,,Contenedor No Está,N,,58784,Matutino,2026-05-24 07:41:39,,118672,"POINT (  581206.594000504,   6139767.06714144)",HIPOLITO YRIGOYEN 2050,0
2026-05-24,E_107,53,S,100,,S,Requiere Limpieza,58784,Matutino,2026-05-24 06:57:16,,180875,"POINT (  581252.928977995,   6139805.73598693)",IGUA 4570,0
2026-05-24,E_107,54,S,50,,S,Requiere Limpieza,58784,Matutino,2026-05-24 06:58:52,,180269,"POINT (  581385.945329825,   6139891.34707719)",IGUA 4610,0
2026-05-24,E_107,55,S,50,,S,Requiere Limpieza,58784,Matutino,2026-05-24 07:01:41,,180007,"POINT (  581447.084818838,   6139931.93028758)",IGUA 4634 EN 4644,0
2026-05-24,E_107,56,S,75,,S,Requiere Limpieza,58784,Matutino,2026-05-24 07:01:35,,105375,"POINT (  581457.833821130,   6139938.28330100)",IGUA 4644,0
2026-05-24,E_107,57,N,,Contenedor No Está,N,,58784,Matutino,2026-05-24 07:03:39,,179223,"POINT (  581601.860484181,   6140061.82453899)",RUFINO T DOMINGUEZ Esq. IGUA,0
2026-05-24,E_107,58,S,100,,S,"Requiere Limpieza, Requiere Mantenimiento",58784,Matutino,2026-05-24 07:05:36,,105378,"POINT (  581582.499137090,   6140253.69220415)",CALLE 9902 Esq. PLA A CIUDAD DE AZUL,0
2026-05-24,E_107,59,S,50,,S,,58784,Matutino,2026-05-24 07:08:27,,105329,"POINT (  581504.901338380,   6140279.98216874)",MYOR JUAN A DOBRICH 4726,0
2026-05-24,E_107,60,S,100,,S,Requiere Limpieza,58784,Matutino,2026-05-24 07:09:54,,105379,"POINT (  581496.279360700,   6140199.98152380)",CIRC INT 2 4709,0
2026-05-24,E_107,61,N,,No Levantado por Feria,N,,58784,Matutino,2026-05-24 10:09:59,,105380,"POINT (  581474.653744710,   6140140.47574373)",CIUDAD DE AZUL 4715,0
2026-05-24,E_107,62,N,,No Levantado por Feria,S,,58784,Matutino,2026-05-24 10:09:23,,105330,"POINT (  581311.624490639,   6140066.43477925)",CIUDAD DE AZUL 4535,0
2026-05-24,E_107,63,N,,No Levantado por Feria,S,,58784,Matutino,2026-05-24 07:10:19,,105381,"POINT (  581254.237346018,   6140041.42809053)",CIUDAD DE AZUL 4507,0
2026-05-24,E_107,64,N,,Contenedor No Está,S,,58784,Matutino,2026-05-24 10:12:05,,105310,"POINT (  581238.367716640,   6140079.89991933)",HIPOLITO YRIGOYEN 2166,0
2026-05-24,E_107,65,S,75,,S,,58784,Matutino,2026-05-24 07:48:08,,105373,"POINT (  581252.461140750,   6140305.28272606)",ADOLFO PEDRALBES 2290,0
2026-05-24,E_107,66,S,50,,S,,58784,Matutino,2026-05-24 07:45:32,,105372,"POINT (  581312.105388499,   6140341.82895371)",RAMON RODRIGUEZ SOCAS 2591,0
2026-05-24,E_107,67,S,75,,N,,58784,Matutino,2026-05-24 07:53:08,,105327,"POINT (  581269.305478963,   6140140.49304968)",MYOR JUAN A DOBRICH 4616,0
2026-05-24,E_107,68,N,,Contenedor No Está,S,,58784,Matutino,2026-05-24 07:45:45,,105345,"POINT (  581216.887612229,   6140198.52139145)",HIPOLITO YRIGOYEN 2299,0
2026-05-24,E_107,69,S,100,,S,,58784,Matutino,2026-05-24 07:50:08,,182243,"POINT (  581404.795254643,   6140189.90359912)",CAP LUIS DUARTE 2141 PROV O (DESDE MYOR JUAN A DOBRICH 4592),0
2026-05-24,E_107,70,S,75,,S,,58784,Matutino,2026-05-24 07:58:20,,105321,"POINT (  581247.938136000,   6140409.73586495)",DR SAYAGUES LASO 4772,0
2026-05-24,E_107,71,S,100,,S,Requiere Limpieza,58784,Matutino,2026-05-24 07:58:28,,105322,"POINT (  581318.517359964,   6140513.83008829)",DR JOSE CREMONESI 2309,0
2026-05-24,E_107,72,S,100,,S,Requiere Limpieza,58784,Matutino,2026-05-24 08:06:39,,181593,"POINT (  581064.644541205,   6140610.63817889)",ADOLFO PEDRALBES 2390,0
2026-05-24,E_107,73,S,100,,S,Requiere Limpieza,58784,Matutino,2026-05-24 08:09:01,,181594,"POINT (  581206.651377289,   6140667.27554874)",DR JOSE CREMONESI Esq. DR MELITON ROMERO,0
2026-05-24,E_107,74,S,75,,S,Requiere Limpieza,58784,Matutino,2026-05-24 08:12:50,,105367,"POINT (  581013.467817470,   6140703.78474297)",ADOLFO PEDRALBES 2421,0
2026-05-24,E_107,75,S,75,,S,Requiere Limpieza,58784,Matutino,2026-05-24 08:12:57,,105368,"POINT (  581024.074733900,   6140762.54225919)",DR ALEJANDRO LAGARMILLA 4754,0
2026-05-24,E_107,76,S,50,,S,Requiere Limpieza,58784,Matutino,2026-05-24 08:14:38,,105324,"POINT (  581042.001090494,   6140855.10726957)",PETRONA ROSENDE 4795,0
2026-05-24,E_107,77,S,50,,S,,58784,Matutino,2026-05-24 08:16:58,,181661,"POINT (  580905.745734812,   6140768.26650238)",PETRONA ROSENDE 4711,0
2026-05-24,E_107,78,N,,Contenedor No Está,S,,58784,Matutino,2026-05-24 08:17:12,,105307,"POINT (  580861.664393013,   6140797.39952637)",HIPOLITO YRIGOYEN 2470,0
2026-05-24,E_107,79,S,75,,S,Requiere Limpieza,58784,Matutino,2026-05-24 08:18:58,,183517,"POINT (  580957.030752609,   6140911.27295853)",CNO CARRASCO 4774,0
2026-05-24,E_107,80,S,100,,S,Requiere Mantenimiento,58784,Matutino,2026-05-24 08:05:06,,105325,"POINT (  581213.121081280,   6140508.25334586)",DR CARLOS SALVAGNO CAMPOS 4773,0
2026-05-24,E_107,81,N,,Contenedor No Está,S,,58784,Matutino,2026-05-24 08:03:35,,105365,"POINT (  581111.156756863,   6140441.81663529)",DR CARLOS SALVAGNO CAMPOS 4701,0
2026-05-24,E_107,82,S,75,,S,,58784,Matutino,2026-05-24 08:04:25,,105308,"POINT (  581058.055796080,   6140499.79223151)",HIPOLITO YRIGOYEN 2372,0
2026-05-24,E_107,83,N,,Contenedor No Está,N,,58784,Matutino,2026-05-24 08:06:27,,105309,"POINT (  580931.394582706,   6140686.15182144)",HIPOLITO YRIGOYEN 2428,0
2026-05-24,E_107,84,S,75,,S,,58784,Matutino,2026-05-24 08:23:57,,105348,"POINT (  581252.995026545,   6140974.24971438)",CNO CARRASCO 4908,0
2026-05-24,E_107,85,S,50,,S,,58784,Matutino,2026-05-24 08:24:04,,109032,"POINT (  581260.689392304,   6140975.85270725)",CNO CARRASCO 4908,0
2026-05-24,E_107,86,S,50,,S,,58784,Matutino,2026-05-24 08:24:10,,105409,"POINT (  581267.582261630,   6140977.45570012)",CNO CARRASCO 4912,0
2026-05-24,E_107,87,S,75,,S,,58784,Matutino,2026-05-24 09:17:19,,180711,"POINT (  581593.022361002,   6140944.45461242)",ALBERTO ZUM FELDE 2407 EN 2409,0
2026-05-24,E_107,88,S,75,,S,,58784,Matutino,2026-05-24 09:17:25,,180712,"POINT (  581623.741315251,   6140899.57443813)",ALBERTO ZUM FELDE 2393,0
2026-05-24,E_107,89,S,50,,S,,58784,Matutino,2026-05-24 09:18:27,,180988,"POINT (  581658.564669852,   6140844.15565779)",ALBERTO ZUM FELDE 2369 EN 2369,0
2026-05-24,E_107,91,N,,Contenedor No Está,N,,58784,Matutino,2026-05-24 09:18:49,,121613,"POINT (  581625.436803374,   6140922.45819359)",ALBERTO ZUM FELDE 2395 FTE 2395,0
2026-05-24,G_104,63,S,75,,S,,58785,Matutino,2026-05-24 07:08:47,23,116676,"POINT (  572541.077758284,   6145704.52086338)",MARCONI 1403 FTE 1408. MURO,0
2026-05-24,G_104,64,N,,Contenedor No Está,N,,58785,Matutino,2026-05-24 07:08:52,,180123,"POINT (  572539.837156499,   6145702.56775508)",MARCONI 1403 PROV A,0
2026-05-24,G_104,65,S,100,,S,"Basura Afuera, Dos Ciclos, Escombro, Poda, Requiere Limpieza, Requiere Mantenimiento",58785,Matutino,2026-05-24 07:10:27,23,116675,"POINT (  572425.021074750,   6145547.58786175)",MARCONI 1319 EN 1319/1323,0
2026-05-24,G_104,66,S,100,,S,"Basura Afuera, Dos Ciclos, Escombro, Poda, Requiere Limpieza, Requiere Mantenimiento",58785,Matutino,2026-05-24 07:02:34,23,116692,"POINT (  572475.996247904,   6145435.53866038)",MOLTKE 1313,0
2026-05-24,G_104,67,S,100,,S,"Basura Afuera, Dos Ciclos, Escombro, Poda, Requiere Limpieza, Requiere Mantenimiento",58785,Matutino,2026-05-24 07:04:34,23,116691,"POINT (  572578.975902716,   6145567.96713268)",MOLTKE 1380,0
2026-05-24,G_104,68,S,75,,S,,58785,Matutino,2026-05-24 07:05:53,23,116693,"POINT (  572667.714194737,   6145689.45273044)",MOLTKE 1433 EN 1446. CERCO VEGETAL,0
2026-05-24,G_104,69,S,100,,S,"Basura Afuera, Dos Ciclos, Escombro, Poda, Requiere Limpieza, Requiere Mantenimiento",58785,Matutino,2026-05-24 06:57:20,23,116735,"POINT (  572688.072204141,   6145568.58706830)",LAFAYETTE Esq. TOSTI,0
2026-05-24,G_104,70,S,100,,S,"Basura Afuera, Dos Ciclos, Escombro, Poda, Requiere Limpieza, Requiere Mantenimiento",58785,Matutino,2026-05-24 07:00:25,23,116694,"POINT (  572547.329430463,   6145374.30433288)",LAFAYETTE 1308,0
2026-05-24,G_104,71,N,,Contenedor No Está,N,,58785,Matutino,2026-05-24 07:19:12,,116695,"POINT (  572376.681592441,   6145211.67417835)",OLIVERAS 4698 MURO CALADO,0
2026-05-24,G_104,72,S,50,,S,"Basura Afuera, Escombro, Poda, Requiere Limpieza, Requiere Mantenimiento",58785,Matutino,2026-05-24 07:17:59,23,116747,"POINT (  572245.646172989,   6145303.61234747)",JOSE CAPARROZ 4684,0
2026-05-24,G_104,73,S,50,,S,,58785,Matutino,2026-05-24 07:19:03,23,116727,"POINT (  572189.755305933,   6145343.41270408)",JOSE CAPARROZ 4708 FTE 4711,0
2026-05-24,G_104,74,S,100,,S,"Basura Afuera, Dos Ciclos, Escombro, Poda, Requiere Limpieza, Requiere Mantenimiento",58785,Matutino,2026-05-24 07:20:50,23,157372,"POINT (  572014.713125888,   6145471.68558057)",JOSE CAPARROZ 4791,0
2026-05-24,G_104,75,S,50,,S,,58785,Matutino,2026-05-24 07:24:25,23,181331,"POINT (  571995.916213072,   6145547.75296427)",OLEGARIO ANDRADE 4786 PROV OV (O: JOSE CAPARROZ 4806),0
2026-05-24,G_104,76,N,,Contenedor No Está,N,,58785,Matutino,2026-05-24 07:22:08,,116696,"POINT (  571914.067098554,   6145609.94428425)",OLEGARIO ANDRADE 4864,0
2026-05-24,G_104,77,S,75,,S,,58785,Matutino,2026-05-24 07:24:16,23,181332,"POINT (  571911.493555120,   6145611.85971808)",OLEGARIO ANDRADE 4864 PROV OV (O: CERRO 1218),0
2026-05-24,G_104,78,S,100,,S,,58785,Matutino,2026-05-24 07:26:27,23,116677,"POINT (  571941.842507439,   6145679.08993849)",EL ORDEN 4843 EN 4843/4839,0
2026-05-24,G_104,79,S,100,,S,,58785,Matutino,2026-05-24 07:28:40,23,116729,"POINT (  572090.836293253,   6145572.51799447)",EL ORDEN 4764 FTE 4764. CERCO VEGETAL,0
2026-05-24,G_104,80,S,100,,S,"Basura Afuera, Dos Ciclos, Escombro, Poda, Requiere Limpieza, Requiere Mantenimiento",58785,Matutino,2026-05-24 07:30:09,23,180249,"POINT (  572089.480311966,   6145507.76760781)",OLEGARIO ANDRADE Esq. AV SAYAGO,0
2026-05-24,G_104,81,S,100,,S,"Basura Afuera, Dos Ciclos, Escombro, Poda, Requiere Limpieza, Requiere Mantenimiento",58785,Matutino,2026-05-24 07:33:39,23,116679,"POINT (  572201.804318090,   6145428.32519248)",OLEGARIO ANDRADE 4701 EN 4701/4705,0
2026-05-24,G_104,82,S,100,,S,"Basura Afuera, Dos Ciclos, Requiere Limpieza, Requiere Mantenimiento",58785,Matutino,2026-05-24 07:13:26,23,116748,"POINT (  572326.196564530,   6145340.48118339)",ARANGUA 4743 FTE 4748,0
2026-05-24,G_104,83,S,100,,S,"Basura Afuera, Dos Ciclos, Escombro, Poda, Requiere Limpieza, Requiere Mantenimiento",58785,Matutino,2026-05-24 07:15:38,23,116707,"POINT (  572478.160288274,   6145237.24844279)",ARANGUA 4647 CERCO VEGETAL,0
2026-05-24,G_104,84,S,50,,S,"Basura Afuera, Escombro, Poda, Requiere Limpieza, Requiere Mantenimiento",58785,Matutino,2026-05-24 07:15:45,23,180434,"POINT (  572482.211822004,   6145235.07222201)",ARANGUA 4647,0
2026-05-24,G_104,85,S,50,,S,"Basura Afuera, Requiere Limpieza, Requiere Mantenimiento",58785,Matutino,2026-05-24 07:12:14,23,116704,"POINT (  572348.266316178,   6145513.08222970)",CNO GRAL MAXIMO SANTOS 4682,0
2026-05-24,G_104,86,S,50,,S,,58785,Matutino,2026-05-24 07:36:20,23,116736,"POINT (  572145.623197486,   6145657.00191482)",CNO GRAL MAXIMO SANTOS 4781 FTE 4781,0
2026-05-24,G_104,87,S,75,,S,,58785,Matutino,2026-05-24 07:37:37,23,116737,"POINT (  571975.702174271,   6145772.08701267)",CNO GRAL MAXIMO SANTOS 4873 FTE 4873/4875. COVIGU,0
2026-05-24,G_104,88,S,75,,S,"Basura Afuera, Poda, Requiere Limpieza, Requiere Mantenimiento",58785,Matutino,2026-05-24 07:38:56,23,131492,"POINT (  571860.206538240,   6145855.44264175)",CNO GRAL MAXIMO SANTOS 4900 PROV OV (O: ARAURE 1294),0
2026-05-24,G_104,89,S,75,,S,Basura Afuera,58785,Matutino,2026-05-24 07:40:20,23,179816,"POINT (  571719.375878431,   6145956.88009565)",CNO GRAL MAXIMO SANTOS 4976 EN 4970/4976,0
2026-05-24,G_104,90,S,50,,S,,58785,Matutino,2026-05-24 07:41:50,23,179944,"POINT (  571559.429800000,   6146072.12710000)",CNO GRAL MAXIMO SANTOS 5084,0
2026-05-24,G_116,28,S,100,,S,,58785,Matutino,2026-05-24 07:59:05,23,125912,"POINT (  573434.300387740,   6146300.89573674)",HEINE 1798,1
2026-05-24,G_116,29,S,100,,S,,58785,Matutino,2026-05-24 08:01:57,23,125962,"POINT (  573375.136441465,   6146371.06034439)",CHAMBERLAIN 4648 FTE 4645,1
2026-05-24,G_116,30,N,,Contenedor No Está,N,,58785,Matutino,2026-05-24 07:59:13,,125961,"POINT (  573286.762276654,   6146429.02619442)",CHAMBERLAIN 4674,1
2026-05-24,G_116,31,S,50,,S,,58785,Matutino,2026-05-24 08:51:40,23,182001,"POINT (  573203.507864706,   6146487.18638541)",CHAMBERLAIN 4696 EN MURO,1
2026-05-24,G_116,32,S,75,,S,,58785,Matutino,2026-05-24 08:55:42,23,125971,"POINT (  573297.579634463,   6146674.59234181)",CNO CORONEL RAIZ 1884,1
2026-05-24,G_116,33,S,75,,S,,58785,Matutino,2026-05-24 08:57:02,23,125969,"POINT (  573379.412610730,   6146665.64089376)",ING ALBERTO CAUBARRERE 4681 FTE 4662. BALDIO,1
2026-05-24,G_116,34,S,100,,S,,58785,Matutino,2026-05-24 08:59:48,23,131694,"POINT (  573506.278388238,   6146572.94922355)",ING ALBERTO CAUBARRERE 4641,1
2026-05-24,G_116,35,N,,Otros,S,Contenedor en Tolva,58785,Matutino,2026-05-24 09:08:36,,125985,"POINT (  573569.572505885,   6146518.83157649)",HEINE Esq. ING ALBERTO CAUBARRERE,1
2026-05-24,G_116,36,S,100,,S,"Basura Afuera, Dos Ciclos, Escombro, Poda, Requiere Limpieza, Requiere Mantenimiento",58785,Matutino,2026-05-24 10:00:36,23,125987,"POINT (  573509.572505885,   6146432.94922355)",HEINE 1851,1
2026-05-24,G_116,37,S,100,,S,"Basura Afuera, Dos Ciclos, Escombro, Poda, Requiere Limpieza, Requiere Mantenimiento",58785,Matutino,2026-05-24 10:00:43,23,125968,"POINT (  573507.101917650,   6146428.83157649)",HEINE 1851,1
2026-05-24,G_116,38,S,100,,S,"Basura Afuera, Dos Ciclos, Escombro, Poda, Requiere Limpieza, Requiere Mantenimiento",58785,Matutino,2026-05-24 10:03:43,23,126006,"POINT (  573435.807800003,   6146464.94922355)",HUDSON 4645 FTE 4645,1
2026-05-24,G_116,39,N,,Contenedor No Está,S,,58785,Matutino,2026-05-24 10:04:47,,125988,"POINT (  573347.690152944,   6146529.24334119)",HENDERSON 1854,1
2026-05-24,G_116,40,S,75,,S,,58785,Matutino,2026-05-24 10:08:25,23,126002,"POINT (  573480.140153417,   6146725.03213355)",HENDERSON 1936 FTE 1947,1
2026-05-24,G_116,41,S,50,,S,,58785,Matutino,2026-05-24 10:09:34,23,125940,"POINT (  573365.816541565,   6146804.99426918)",CNO CORONEL RAIZ 1945 FTE 1934,1
2026-05-24,G_116,42,S,25,,S,Fuera de Lugar,58785,Matutino,2026-05-24 10:12:13,23,125936,"POINT (  573253.243800000,   6146581.37424286)",HUDSON 4709 ANTES 4724,1
2026-05-24,G_116,43,S,75,,S,,58785,Matutino,2026-05-24 10:12:18,23,125931,"POINT (  573221.219564708,   6146604.41981178)",HUDSON Esq. CNO CORONEL RAIZ ANTES 4724,1
2026-05-24,G_116,44,N,,Fuego,S,,58785,Matutino,2026-05-24 10:12:48,,125932,"POINT (  573128.278388238,   6146671.00804708)",HUDSON 4734 FTE 4775/4777,1
2026-05-24,G_116,45,N,,Fuego,S,"Basura Afuera, Escombro, Poda, Requiere Limpieza, Requiere Mantenimiento",58785,Matutino,2026-05-24 10:13:01,,125933,"POINT (  573032.367262200,   6146738.13571987)",HUDSON 4824,1
2026-05-24,G_116,46,S,50,,S,,58785,Matutino,2026-05-24 10:14:06,23,125965,"POINT (  572858.944842008,   6146861.19436872)",HUDSON Esq. MIGUEL OTTO CIONE,1
2026-05-24,G_116,47,S,25,,S,Basura Afuera,58785,Matutino,2026-05-24 10:16:52,23,180349,"POINT (  572855.591763617,   6146864.12942309)",HUDSON Esq. MIGUEL OTTO CIONE PROV A.,1
2026-05-24,G_116,48,S,50,,S,,58785,Matutino,2026-05-24 10:18:28,23,125928,"POINT (  572743.101917650,   6146914.77275296)",JUAN BAUTISTA CROSA 1840 FTE1840 .,1
2026-05-24,G_116,49,S,50,,S,"Basura Afuera, Escombro, Poda, Requiere Limpieza, Requiere Mantenimiento",58785,Matutino,2026-05-24 10:19:50,23,125943,"POINT (  572725.170050225,   6146783.27338372)",MARIA VITTORI 4929 EN 4935/4929,1
2026-05-24,G_116,50,S,50,,S,,58785,Matutino,2026-05-24 10:21:37,23,125944,"POINT (  572855.355647850,   6146691.57330948)",MARIA VITTORI 4857,1
2026-05-24,G_116,51,S,50,,S,,58785,Matutino,2026-05-24 10:26:27,23,125941,"POINT (  572897.642210582,   6146661.16499471)",MARIA VITTORI 4825,1
2026-05-24,G_116,52,S,50,,S,,58785,Matutino,2026-05-24 10:28:37,23,125942,"POINT (  572967.512078531,   6146616.03293446)",MARIA VITTORI 4800 EN 4783,1
2026-05-24,G_116,53,S,75,,S,,58785,Matutino,2026-05-24 10:30:20,23,180178,"POINT (  573015.873660452,   6146582.36061808)",MARIA VITTORI 4774,1
2026-05-24,G_116,54,S,50,,S,,58785,Matutino,2026-05-24 10:33:39,23,125983,"POINT (  573163.807800002,   6146492.53745884)",CNO CORONEL RAIZ 1786,1
2026-05-24,G_116,55,S,50,,S,,58785,Matutino,2026-05-24 10:33:43,23,125967,"POINT (  573162.396035296,   6146488.18451766)",CNO CORONEL RAIZ 1786,1
2026-05-24,G_116,56,S,75,,S,,58785,Matutino,2026-05-24 10:37:48,23,126014,"POINT (  573131.337211767,   6146352.65510590)",CNO CORONEL RAIZ 1744 FTE 1744,1
2026-05-24,G_116,57,S,25,,S,Fuera de Lugar,58785,Matutino,2026-05-24 10:41:39,23,126019,"POINT (  573119.958430483,   6146251.73938124)",CNO CORONEL RAIZ 1720 FTE AL SUPER,1
2026-05-24,G_116,58,S,25,,S,,58785,Matutino,2026-05-24 10:41:34,23,181871,"POINT (  573063.054428584,   6146204.76320745)",JUAN JOSE MOROSOLI Esq. CIRC INT SIN DENOM,1
2026-05-24,G_116,59,S,50,,S,,58785,Matutino,2026-05-24 10:46:51,23,126003,"POINT (  572964.135555599,   6146270.51503911)",CNO CASAVALLE Esq. JUAN JOSE MOROSOLI EN 4728. VIVIENDAS,1
2026-05-24,G_116,60,S,50,,S,,58785,Matutino,2026-05-24 10:46:56,23,125973,"POINT (  572954.845407196,   6146277.61927024)",CNO CASAVALLE Esq. JUAN JOSE MOROSOLI EN 4728. VIVIENDAS,1
2026-05-24,G_116,61,N,,Contenedor No Está,S,,58785,Matutino,2026-05-24 10:51:04,,126004,"POINT (  572853.243282987,   6146355.18100569)",CNO CASAVALLE 4770 EN 4776/4770,1
2026-05-24,G_116,62,S,75,,S,,58785,Matutino,2026-05-24 10:50:57,23,125934,"POINT (  572672.690152944,   6146480.36098827)",CNO CASAVALLE 4886,1
2026-05-24,G_116,63,,,,S,,58785,Matutino,,,125993,"POINT (  572566.649199826,   6146554.98107237)",CNO CASAVALLE 4901,1
2026-05-24,G_116,64,,,,S,,58785,Matutino,,,126005,"POINT (  572389.991612609,   6146692.99837763)",CNO CASAVALLE 5016,1
2026-05-24,G_116,65,,,,S,,58785,Matutino,,,125996,"POINT (  572272.159392862,   6146773.29533383)",CNO CASAVALLE 5060 FTE GOMERIA,1
2026-05-24,G_116,66,,,,S,,58785,Matutino,,,155073,"POINT (  572175.231469175,   6146830.87154732)",SUSANA SOCA Esq. CNO CASAVALLE FTE 5099,1
2026-05-24,G_116,67,,,,S,,58785,Matutino,,,125995,"POINT (  572037.748976474,   6146923.41981180)",CNO CASAVALLE 5138 EN 5146,1
2026-05-24,G_116,68,,,,S,,58785,Matutino,,,125975,"POINT (  572090.264327987,   6147002.22165472)",ADOLFO MONTIEL BALLESTEROS 5128 FTE 5128,1
2026-05-24,G_116,69,,,,S,,58785,Matutino,,,125964,"POINT (  572170.866623532,   6147087.47863532)",JOSEFINA LERENA DE BLIXEN 1788,1
2026-05-24,G_116,70,,,,S,,58785,Matutino,,,125978,"POINT (  572281.728781330,   6147155.74556415)",JULES SUPERVIELLE 5111 FTE 5112,1
2026-05-24,G_116,71,,,,S,,58785,Matutino,,,125915,"POINT (  572254.171246066,   6147061.66984032)",NICOLAS FUSCO SANSONE 1815 EN 1809/1815,1
2026-05-24,G_116,72,,,,S,,58785,Matutino,,,125948,"POINT (  572185.454858826,   6146963.71392944)",NICOLAS FUSCO SANSONE 1757,1
2026-05-24,G_116,73,,,,S,,58785,Matutino,,,179936,"POINT (  572350.231517429,   6147006.36410894)",SUSANA SOCA 1810,1
2026-05-24,G_116,74,,,,S,,58785,Matutino,,,180405,"POINT (  572383.270636601,   6147055.39751286)",SUSANA SOCA 1846 PROV O: SUSANA SOCA 1896,1
2026-05-24,G_116,75,,,,S,,58785,Matutino,,,125954,"POINT (  572537.690152943,   6146984.77275297)",JUAN MARIO MAGALLANES 1851 FTE 1874,1
2026-05-24,G_116,76,,,,S,,58785,Matutino,,,125950,"POINT (  572496.487504419,   6146924.35729392)",JUAN MARIO MAGALLANES 1825,1
2026-05-24,G_116,77,,,,S,,58785,Matutino,,,125951,"POINT (  572496.487504419,   6146851.66241641)",PABLO MINELLI GONZALEZ 5017 FTE 5020,1
2026-05-24,G_116,78,,,,S,,58785,Matutino,,,125921,"POINT (  572505.337211767,   6146742.41981179)",WATT 1757,1
2026-05-24,G_116,79,,,,S,,58785,Matutino,,,125920,"POINT (  572397.660481404,   6146803.67429466)",ADOLFO MONTIEL BALLESTEROS 5036 EN 5032/5036,1
2026-05-24,G_116,80,,,,S,,58785,Matutino,,,125922,"POINT (  572278.866623532,   6146883.00804709)",ADOLFO MONTIEL BALLESTEROS 5079,1
2026-05-24,G_116,81,,,,S,,58785,Matutino,,,125923,"POINT (  572383.406583854,   6146930.05885294)",PABLO MINELLI GONZALEZ 5053,1
2026-05-24,G_116,82,,,,S,,58785,Matutino,,,125924,"POINT (  572631.424401226,   6146988.97496281)",HUDSON 5019,1
2026-05-24,G_116,83,,,,S,,58785,Matutino,,,126010,"POINT (  572608.143035228,   6146888.72255004)",WATT 1843 EN 1847,1
2026-05-24,G_116,84,,,,S,,58785,Matutino,,,183957,"POINT (  572263.004867974,   6147256.70559107)",JOSEFINA LERENA DE BLIXEN 1886,1
2026-05-24,G_116,85,,,,S,,58785,Matutino,,,181603,"POINT (  572310.545903268,   6147374.04167952)",REMBRANDT 1893,1
2026-05-24,G_116,86,,,,S,,58785,Matutino,,,183958,"POINT (  572311.744260349,   6147383.30093878)",REMBRANDT 1901,1
2026-05-24,G_116,87,,,,S,,58785,Matutino,,,181600,"POINT (  572343.329042919,   6147456.72500000)",REMBRANDT 1946,1
2026-05-24,G_116,88,,,,S,,58785,Matutino,,,183955,"POINT (  572676.699626144,   6147368.03675229)",BESNES E IRIGOYEN 4978,1
2026-05-24,G_116,89,,,,S,,58785,Matutino,,,125982,"POINT (  572874.513682356,   6147223.12569415)",BESNES E IRIGOYEN 4896,1
2026-05-24,G_116,90,,,,S,,58785,Matutino,,,125999,"POINT (  573113.614478236,   6147048.87068646)",BESNES E IRIGOYEN 4823 ANTES DE 4527,1
2026-05-24,G_116,91,,,,S,,58785,Matutino,,,137193,"POINT (  573358.907945270,   6146870.95732908)",BESNES E IRIGOYEN 4732 EN 4733,1
2026-05-24,G_116,92,,,,S,,58785,Matutino,,,125914,"POINT (  573530.028794843,   6146991.10488782)",CNO JOSE DURAN 4464 VIVIENDAS,1
2026-05-24,G_116,93,,,,S,,58785,Matutino,,,125972,"POINT (  573348.054036119,   6147120.34022560)",CNO JOSE DURAN 4545 FTE VIVIENDAS,1
2026-05-24,G_116,94,,,,S,,58785,Matutino,,,125991,"POINT (  573079.130502340,   6147318.94453147)",ARTURO DESPOUEY Esq. CNO JOSE DURAN,1
2026-05-24,G_116,95,,,,S,,58785,Matutino,,,159312,"POINT (  573083.174234684,   6147323.85514470)",ARTURO DESPOUEY 2135,1
2026-05-24,G_116,96,,,,S,,58785,Matutino,,,164033,"POINT (  573010.043094120,   6147439.47863532)",ARTURO SERGIO VISCA Esq. ANTONIO TADDEI,1
2026-05-24,G_116,97,,,,S,,58785,Matutino,,,164012,"POINT (  573007.219564708,   6147441.59628238)",ARTURO SERGIO VISCA Esq. ANTONIO TADDEI,1
2026-05-24,G_116,98,,,,S,,58785,Matutino,,,126007,"POINT (  572866.866623532,   6147458.06687062)",CNO JOSE DURAN 4949 EN 4974,1
2026-05-24,G_108,1,N,,Fuego,S,,58786,Matutino,2026-05-24 06:50:54,,117189,"POINT (  574329.326831958,   6144446.53671315)",BEHERING Esq. CNO EDISON DESCAMPADO,0
2026-05-24,G_108,2,N,,Fuego,S,,58786,Matutino,2026-05-24 06:50:59,,176619,"POINT (  574327.152206101,   6144444.04602920)",BEHERING 1398 PROV (O: ARQ IGNACIO PEDRALBEZ ESQ. CNO EDISON),0
2026-05-24,G_108,3,S,75,,S,,58786,Matutino,2026-05-24 06:52:00,20,176370,"POINT (  574241.625402611,   6144330.26784688)",BEHERING 1354,0
2026-05-24,G_108,4,S,100,,S,,58786,Matutino,2026-05-24 06:53:34,20,117201,"POINT (  574350.564855019,   6144248.93075946)",PEDRO FUENTES 1355 FTE 1355,0
2026-05-24,G_108,5,S,100,,S,,58786,Matutino,2026-05-24 06:55:54,20,117200,"POINT (  574431.126572349,   6144352.99750289)",PEDRO FUENTES 1442 FTE 1393,0
2026-05-24,G_108,6,S,100,,S,,58786,Matutino,2026-05-24 06:56:20,20,176242,"POINT (  574437.458394172,   6144361.73381401)",PEDRO FUENTES 1446 PROV A,0
2026-05-24,G_108,7,N,,Contenedor No Está,N,,58786,Matutino,2026-05-24 12:15:31,,117159,"POINT (  574497.971374882,   6144424.49098473)",PEDRO FUENTES 1470,0
2026-05-24,G_108,8,S,100,,S,,58786,Matutino,2026-05-24 07:21:38,20,176321,"POINT (  574585.695159501,   6144515.82150330)",PEDRO FUENTES 1507 (*) PROV (O: ARQ IGNACIO PEDRALBEZ 1487) CUMPLE CRITERIOS?,0
2026-05-24,G_108,9,S,100,,S,,58786,Matutino,2026-05-24 07:21:31,20,117193,"POINT (  574587.298152367,   6144517.70501992)",PEDRO FUENTES 1507 (*) FTE 1507. CUMPLE CRITERIOS?,0
2026-05-24,G_108,10,S,100,,S,,58786,Matutino,2026-05-24 07:23:40,20,176322,"POINT (  574620.199580952,   6144555.81617532)",PEDRO FUENTES Esq. SARA OTERMIN (*) PROV (O: ARQ IGNACIO PEDRALBEZ 1467) CUMPLE CRITERIOS?,0
2026-05-24,G_108,11,N,,Contenedor No Está,S,,58786,Matutino,2026-05-24 07:24:16,,117206,"POINT (  574621.962873105,   6144558.06036533)",PEDRO FUENTES Esq. SARA OTERMIN (*) CUMPLE CRITERIOS?,0
2026-05-24,G_108,12,N,,Contenedor No Está,S,,58786,Matutino,2026-05-24 07:24:27,,176215,"POINT (  574702.579437739,   6144650.90355549)",PEDRO FUENTES 1553 PROV. (*) CUMPLE CRITERIOS?,0
2026-05-24,G_108,13,S,100,,S,,58786,Matutino,2026-05-24 07:24:43,20,176216,"POINT (  574705.372733828,   6144652.76575288)",PEDRO FUENTES 1553 PROV. (*) CUMPLE CRITERIOS?,0
2026-05-24,G_108,14,S,75,,S,,58786,Matutino,2026-05-24 07:39:32,20,129056,"POINT (  569971.105869303,   6146769.97446586)",BV JOSE BATLLE Y ORDOÑEZ 7153 VEREDA. MURETE C/CERCO,0
2026-05-24,G_108,15,S,75,,S,,58786,Matutino,2026-05-24 07:41:04,20,129060,"POINT (  570116.182049162,   6146673.89122543)",BV JOSE BATLLE Y ORDOÑEZ 7090 (*) CUMPLE CRITERIOS?,0
2026-05-24,G_108,16,S,100,,S,,58786,Matutino,2026-05-24 07:42:07,20,129069,"POINT (  570244.392400589,   6146574.44541732)",CALLE A Esq. BV JOSE BATLLE Y ORDOÑEZ VEREDA,0
2026-05-24,G_108,17,S,50,,S,,58786,Matutino,2026-05-24 07:43:26,20,129052,"POINT (  570429.468397993,   6146445.79635669)",BV JOSE BATLLE Y ORDOÑEZ 6879 VEREDA. MURETE,0
2026-05-24,G_108,18,S,50,,S,,58786,Matutino,2026-05-24 07:45:26,20,183428,"POINT (  570333.500543771,   6146327.82824646)",SABIA 5623,0
2026-05-24,G_108,19,S,50,,S,,58786,Matutino,2026-05-24 07:46:28,20,129154,"POINT (  570198.175134281,   6146391.28358306)",SABIA Esq. PSJE CENTRAL - 5179 FTE 5651,0
2026-05-24,G_108,20,S,50,,S,,58786,Matutino,2026-05-24 07:46:35,20,180213,"POINT (  570196.781390785,   6146391.72754619)",SABIA Esq. PSJE CENTRAL - 5179 FTE 5651,0
2026-05-24,G_108,21,S,50,,S,,58786,Matutino,2026-05-24 07:50:04,20,129053,"POINT (  570094.469820976,   6146337.70304570)",GOLONDRINA Esq. PSJE B PDO 5663. MURO,0
2026-05-24,G_108,22,S,25,,S,,58786,Matutino,2026-05-24 07:51:02,20,129070,"POINT (  570121.354554221,   6146314.79492816)",GOLONDRINA 5657 REJAS,0
2026-05-24,G_108,23,S,50,,S,,58786,Matutino,2026-05-24 07:52:04,20,129071,"POINT (  570234.329056975,   6146261.72116096)",GOLONDRINA 5641 MURO,0
2026-05-24,G_108,24,S,25,,S,,58786,Matutino,2026-05-24 07:54:01,20,183426,"POINT (  570291.497176768,   6146225.21881885)",GOLONDRINA 5615,0
2026-05-24,G_108,25,S,25,,S,,58786,Matutino,2026-05-24 07:55:44,20,129134,"POINT (  570292.682216449,   6146463.57146380)",CARDENAL 1120 BALDIO,0
2026-05-24,G_108,26,S,25,,S,,58786,Matutino,2026-05-24 07:56:46,20,129152,"POINT (  570312.468525662,   6146505.41667516)",CARDENAL 1141 FTE 1141. MURO,0
2026-05-24,G_108,27,N,,Contenedor No Está,S,,58786,Matutino,2026-05-24 07:59:55,,180847,"POINT (  570142.069194416,   6146641.29946928)",BV JOSE BATLLE Y ORDOÑEZ Esq. FRANCISCO ALVAREZ,0
2026-05-24,G_108,28,N,,Contenedor No Está,N,,58786,Matutino,2026-05-24 08:00:06,,180556,"POINT (  570090.106255991,   6146543.83879826)",PICAFLOR 7006,0
2026-05-24,G_108,29,S,100,,S,,58786,Matutino,2026-05-24 08:00:12,20,180557,"POINT (  570149.351258170,   6146503.53870958)",PICAFLOR 6322,0
2026-05-24,G_108,30,S,50,,S,,58786,Matutino,2026-05-24 08:07:20,20,176676,"POINT (  570173.317032596,   6146486.72127005)",PICAFLOR 6329 EN 6325,0
2026-05-24,G_108,31,N,,Contenedor No Está,N,,58786,Matutino,2026-05-24 08:08:40,,129068,"POINT (  570186.501648923,   6146470.21044353)",PICAFLOR 6317 VEREDA,0
2026-05-24,G_108,32,S,50,,S,,58786,Matutino,2026-05-24 08:08:32,20,183427,"POINT (  570309.258119529,   6146380.94272458)",PICAFLOR 6290,0
2026-05-24,G_108,33,S,25,,S,,58786,Matutino,2026-05-24 08:13:00,20,129158,"POINT (  569675.868271301,   6146554.12712009)",CNO ARIEL 5847,0
2026-05-24,G_108,34,S,50,,S,,58786,Matutino,2026-05-24 08:14:36,20,129054,"POINT (  569813.693030544,   6146449.64725166)",CNO ARIEL 5765 MURO,0
2026-05-24,G_108,35,S,75,,S,,58786,Matutino,2026-05-24 08:16:19,20,129057,"POINT (  570050.487704201,   6146280.81683635)",CNO ARIEL 5702 VEREDA. FTE 5724,0
2026-05-24,G_108,36,S,50,,S,,58786,Matutino,2026-05-24 08:18:34,20,129114,"POINT (  570168.723528853,   6146271.90720963)",HUBER CHEDA 1016 FTE - MURO,0
2026-05-24,G_108,37,S,50,,S,,58786,Matutino,2026-05-24 08:19:57,20,180081,"POINT (  570194.172270056,   6146123.17825424)",CALLE 2 DE 17 MTS Esq. CALLE 4 DE 15 MTS ESQUINA,0
2026-05-24,G_108,38,N,,Contenedor No Está,N,,58786,Matutino,2026-05-24 08:21:30,,129144,"POINT (  570060.273138663,   6146144.43043519)",CALLE 5 DE 15 MTS Esq. CALLE 3 DE 17 MTS FTE 5643,0
2026-05-24,G_108,39,S,50,,S,,58786,Matutino,2026-05-24 08:21:37,20,129146,"POINT (  570101.179864787,   6146212.92541847)",CALLE 3 DE 17 MTS Esq. CNO ARIEL VEREDA. FTE 997,0
2026-05-24,G_108,40,S,50,,S,,58786,Matutino,2026-05-24 08:23:40,20,129135,"POINT (  570132.097739184,   6146215.77937611)",CNO ARIEL 5641 EN 5639. REBAJE/REBAJE,0
2026-05-24,G_108,41,S,50,,S,,58786,Matutino,2026-05-24 08:24:49,20,129115,"POINT (  570261.001492436,   6146112.08558198)",CONFEDERADA Esq. CNO ARIEL FTE ESCUELA. BALDIO,0
2026-05-24,G_108,42,S,50,,S,,58786,Matutino,2026-05-24 08:27:48,20,129116,"POINT (  570178.236720975,   6145998.40293612)",CONFEDERADA 951 VEREDA,0
2026-05-24,G_108,43,S,50,,S,,58786,Matutino,2026-05-24 08:28:43,20,129117,"POINT (  570029.355264267,   6146096.86447459)",PIRIBEBUY Esq. CALLE 7 DE 12 MTS,0
2026-05-24,G_108,44,S,50,,S,,58786,Matutino,2026-05-24 08:31:04,20,129145,"POINT (  569977.984026809,   6146247.64856972)",CALLE 8 DE 12 MTS DE ANCHO Esq. CIRC INT SIN DENOM,0
2026-05-24,G_108,45,S,75,,S,,58786,Matutino,2026-05-24 08:32:41,20,129118,"POINT (  569879.422391080,   6146360.60293831)",ALFREDO MARIO FERREIRO Esq. CNO ARIEL EN 5745,0
2026-05-24,G_108,46,S,50,,S,,58786,Matutino,2026-05-24 08:34:29,20,129061,"POINT (  569844.471235704,   6146315.94312866)",ALFREDO MARIO FERREIRO Esq. CNO ARIEL FTE 5233,0
2026-05-24,G_108,47,S,50,,S,,58786,Matutino,2026-05-24 08:35:12,20,129062,"POINT (  569807.578349473,   6146265.45812645)",ALFREDO MARIO FERREIRO Esq. PSJE PLA AL SUR DE A SOTO FTE 5233E,0
2026-05-24,G_108,48,S,50,,S,,58786,Matutino,2026-05-24 08:36:19,20,129147,"POINT (  569688.423402736,   6146179.12747718)",ALFREDO MARIO FERREIRO 917 EN 919,0
2026-05-24,G_108,49,N,,Auto,S,,58786,Matutino,2026-05-24 10:57:33,,129159,"POINT (  569529.910837319,   6146249.92427962)",EUGENIO ALSINA 905 ANTES 912. CERCO CHAPA,0
2026-05-24,G_108,50,S,50,,S,,58786,Matutino,2026-05-24 09:36:54,20,129072,"POINT (  569692.350735259,   6146235.55282607)",JULIO CESAR PUPPO ´EL HACHERO´ 5762 MURO,0
2026-05-24,G_108,51,S,25,,N,Fuera de Lugar,58786,Matutino,2026-05-24 09:50:36,20,129119,"POINT (  569538.944317935,   6146341.27020562)",JULIO CESAR PUPPO ´EL HACHERO´ 5830 5830/5828,0
2026-05-24,G_108,52,S,100,,S,,58786,Matutino,2026-05-24 09:41:14,20,129074,"POINT (  569424.255351924,   6146294.17496203)",AV MILLAN 5838,0
2026-05-24,G_108,53,S,100,,N,,58786,Matutino,2026-05-24 09:41:46,20,129076,"POINT (  569430.567600721,   6146288.91475470)",AV MILLAN 5828,0
2026-05-24,G_108,54,S,100,,S,,58786,Matutino,2026-05-24 09:43:34,20,129121,"POINT (  569545.122317861,   6146201.80926086)",AV MILLAN 5788,0
2026-05-24,G_108,55,S,100,,S,,58786,Matutino,2026-05-24 09:43:42,20,129064,"POINT (  569551.038131285,   6146197.25863515)",AV MILLAN 5788,0
2026-05-24,G_108,56,S,100,,S,,58786,Matutino,2026-05-24 09:43:47,20,129065,"POINT (  569555.588756996,   6146193.61813458)",AV MILLAN 5782,0
2026-05-24,G_108,57,S,75,,S,,58786,Matutino,2026-05-24 09:46:41,20,129123,"POINT (  569602.687733106,   6146159.26091046)",AV MILLAN 5767,0
2026-05-24,G_108,58,S,75,,S,,58786,Matutino,2026-05-24 09:46:45,20,129063,"POINT (  569607.920952673,   6146155.39287861)",AV MILLAN 5767,0
2026-05-24,G_108,59,S,75,,S,,58786,Matutino,2026-05-24 09:46:54,20,129067,"POINT (  569612.926640955,   6146152.43497190)",AV MILLAN 5762,0
2026-05-24,G_108,60,S,100,,S,,58786,Matutino,2026-05-24 09:50:10,20,129073,"POINT (  569515.228391013,   6145954.45657805)",CIRC INT GALERIA CENTRAL Esq. ALBERTO GOMEZ RUANO,0
2026-05-24,G_108,61,S,75,,S,,58786,Matutino,2026-05-24 09:53:17,20,129106,"POINT (  569407.238358817,   6145886.67843037)",CIRC INT CALLE 6 Esq. MARIA ORTICOCHEA,0
2026-05-24,G_108,62,S,25,,S,,58786,Matutino,2026-05-24 09:54:28,20,176668,"POINT (  569403.597858248,   6145888.95374323)",MARIA ORTICOCHEA 5968,0
2026-05-24,G_108,63,S,50,,S,,58786,Matutino,2026-05-24 09:56:59,20,129066,"POINT (  569354.906163140,   6145923.08343606)",CIRC INT CALLE 5 Esq. MARIA ORTICOCHEA,0
2026-05-24,G_108,64,S,25,,S,,58786,Matutino,2026-05-24 09:56:52,20,129075,"POINT (  569350.128006143,   6145926.26887406)",CIRC INT CALLE 5 Esq. MARIA ORTICOCHEA,0
2026-05-24,G_108,65,S,25,,S,,58786,Matutino,2026-05-24 09:59:05,20,129120,"POINT (  569299.616060751,   6145962.67387975)",CIRC INT CALLE 4 Esq. MARIA ORTICOCHEA,0
2026-05-24,G_108,66,S,25,,S,,58786,Matutino,2026-05-24 10:00:10,20,129122,"POINT (  569294.610372469,   6145965.40425517)",CIRC INT CALLE 4 Esq. MARIA ORTICOCHEA,0
2026-05-24,G_108,67,N,,Contenedor No Está,N,,58786,Matutino,2026-05-24 10:00:45,,129139,"POINT (  569211.742975758,   6146023.80030522)",MARIA ORTICOCHEA 6042,0
2026-05-24,G_108,68,S,25,,S,,58786,Matutino,2026-05-24 10:01:45,20,129141,"POINT (  569060.399160211,   6146129.85498314)",CNO LECOCQ Esq. MARIA ORTICOCHEA,0
2026-05-24,G_108,69,S,25,,S,,58786,Matutino,2026-05-24 10:03:05,20,129093,"POINT (  569095.264255057,   6146187.70298821)",CNO LECOCQ Esq. CIRC INT CALLE 1 ANTES DE LOMO BURRO,0
2026-05-24,G_108,70,N,,Contenedor No Está,S,,58786,Matutino,2026-05-24 10:04:09,,129078,"POINT (  569142.619473720,   6146218.41904470)",CNO LECOCQ Esq. CIRC INT CALLE 2 CERCO VEGETAL,0
2026-05-24,G_108,71,S,25,,S,,58786,Matutino,2026-05-24 10:04:15,20,129079,"POINT (  569206.482768427,   6146252.09330338)",CIRC INT CALLE 4 6147 MURO,0
2026-05-24,G_108,72,S,25,,S,,58786,Matutino,2026-05-24 10:07:05,20,129092,"POINT (  569464.232927639,   6146400.43115011)",CNO LECOCQ 936 VEREDA,0
2026-05-24,G_108,73,S,75,,S,,58786,Matutino,2026-05-24 10:08:01,20,129090,"POINT (  569515.782959481,   6146444.61689169)",CNO LECOCQ Esq. ANTONIO SOTO VEREDA,0
2026-05-24,G_108,74,S,100,,S,,58786,Matutino,2026-05-24 10:10:17,20,129091,"POINT (  569614.433569693,   6146540.68201740)",CNO LECOCQ 1000 VEREDA. CERCO VEGETAL,0
2026-05-24,G_108,75,S,100,,N,,58786,Matutino,2026-05-24 10:14:16,20,129140,"POINT (  571086.480868476,   6145968.04210751)",BV JOSE BATLLE Y ORDOÑEZ 6559 VEREDA,0
2026-05-24,G_108,76,S,100,,S,Basura Afuera,58786,Matutino,2026-05-24 10:22:04,20,129098,"POINT (  571123.182167893,   6145314.39297534)",PIRIBEBUY 2 FTE 5039,0
2026-05-24,G_108,77,S,100,,S,Basura Afuera,58786,Matutino,2026-05-24 10:24:39,20,129100,"POINT (  570999.065097883,   6145409.52065309)",PIRIBEBUY 5108,0
2026-05-24,G_108,78,S,50,,S,Poda,58786,Matutino,2026-05-24 10:27:25,20,129080,"POINT (  570884.314649073,   6145493.67098221)",PIRIBEBUY 5144 VEREDA,0
2026-05-24,G_108,79,S,100,,S,Basura Afuera,58786,Matutino,2026-05-24 10:28:58,20,180496,"POINT (  570795.421288235,   6145477.64231569)",GABITO 919 PDO 919,0
2026-05-24,G_108,80,S,75,,S,,58786,Matutino,2026-05-24 10:31:15,20,129124,"POINT (  570808.674967487,   6145408.48865660)",SAUCE 5141 EN 5143,0
2026-05-24,G_108,81,S,50,,S,,58786,Matutino,2026-05-24 10:33:23,20,129095,"POINT (  570918.628565873,   6145326.49507067)",SAUCE 5105,0
2026-05-24,G_108,82,S,25,,S,,58786,Matutino,2026-05-24 10:35:33,20,129097,"POINT (  571007.285783645,   6145263.33765254)",SAUCE 5081 EN 5081,0
2026-05-24,G_108,83,S,75,,S,Basura Afuera,58786,Matutino,2026-05-24 10:36:31,20,129094,"POINT (  571085.765436984,   6145206.79486019)",SAUCE 5039,0
2026-05-24,G_108,84,N,,Contenedor No Está,S,,58786,Matutino,2026-05-24 10:50:44,,129104,"POINT (  571113.815546693,   6145075.46934655)",AV MILLAN 5020 VEREDA,0
2026-05-24,G_108,85,S,100,,N,Basura Afuera,58786,Matutino,2026-05-24 10:41:31,20,129102,"POINT (  571160.990731204,   6145150.69464077)",SAUCE 5009 VEREDA,0
2026-05-24,G_108,86,N,,Contenedor No Está,N,,58786,Matutino,2026-05-24 10:50:39,,129099,"POINT (  570866.101752788,   6145255.80912458)",AV MILLAN 5110 EN 5110,0
2026-05-24,G_108,87,S,50,,S,,58786,Matutino,2026-05-24 10:50:35,20,129101,"POINT (  570779.969682921,   6145321.12504456)",AV MILLAN 5220 EN 5224,0
2026-05-24,G_108,88,S,25,,S,"Basura Afuera, Poda",58786,Matutino,2026-05-24 10:52:27,20,180289,"POINT (  570673.569610893,   6145518.76324161)",CARAFI 945 FTE 939.,0
2026-05-24,G_108,89,S,100,,S,"Basura Afuera, Poda",58786,Matutino,2026-05-24 10:54:17,20,179120,"POINT (  570675.067292605,   6145521.54373014)",CARAFI 945 FTE 939,0
2026-05-24,G_108,90,,,,S,,58786,Matutino,,,180384,"POINT (  570695.053308497,   6145630.03244837)",PIRIBEBUY 5262,0
2026-05-24,G_108,91,,,,S,,58786,Matutino,,,129126,"POINT (  570641.491060438,   6145669.04041831)",PIRIBEBUY 5286 VEREDA,0
2026-05-24,G_108,92,,,,S,,58786,Matutino,,,129081,"POINT (  570542.553862370,   6145770.83157402)",HECTOR SUPPICI SEDES 955,0
2026-05-24,G_108,93,,,,S,,58786,Matutino,,,129125,"POINT (  570541.982170806,   6145777.80929281)",HECTOR SUPPICI SEDES 954,0
2026-05-24,G_108,94,,,,S,,58786,Matutino,,,129131,"POINT (  570884.124144421,   6145665.84866050)",CNO ARIEL 5207,0
2026-05-24,G_108,95,,,,S,,58786,Matutino,,,129129,"POINT (  570917.987368726,   6145674.34452270)",OLAZABAL 1008,0
2026-05-24,G_108,96,,,,S,,58786,Matutino,,,129130,"POINT (  571017.991519720,   6145812.46694077)",OLAZABAL 1060 EN 1058/1060,0
2026-05-24,G_108,97,,,,S,,58786,Matutino,,,129089,"POINT (  571099.802588679,   6145925.21496858)",OLAZABAL 1124,0
2026-05-24,G_108,98,,,,S,,58786,Matutino,,,182292,"POINT (  571103.663403704,   6145929.32621111)","OLAZABAL 1124 PROV OBRA , BV JOSE BATLLE Y ORDO¿æEZ 6499",0
2026-05-24,G_108,99,,,,S,,58786,Matutino,,,129132,"POINT (  570966.489615193,   6145995.18404574)",CARAFI 1142 VEREDA. FTE 1142,0
2026-05-24,G_108,100,,,,S,,58786,Matutino,,,129136,"POINT (  571068.551269330,   6145533.57724048)",CNO ARIEL 5151,0
2026-05-24,G_108,101,,,,S,,58786,Matutino,,,129143,"POINT (  571080.462408000,   6145525.98803372)",CNO ARIEL 5147,0
2026-05-24,G_108,102,,,,S,,58786,Matutino,,,129133,"POINT (  571209.892369714,   6145430.28885877)",CNO ARIEL 5108 VEREDA. FTE 5108,0
2026-05-24,G_108,103,S,100,,S,Basura Afuera,58786,Matutino,2026-05-24 10:18:57,20,129138,"POINT (  571255.859544529,   6145563.00614304)",AV GRAL EUGENIO GARZON 1077,0
2026-05-24,F_113,1,S,100,,S,Basura Afuera,58787,Matutino,2026-05-24 07:15:02,,182295,"POINT (  579791.475750980,   6145020.09528933)",ALSACIA 3806,0
2026-05-24,F_113,2,S,100,,S,,58787,Matutino,2026-05-24 07:16:36,,142647,"POINT (  579802.101917646,   6145041.77275295)",ALSACIA 3812,0
2026-05-24,F_113,3,S,100,,S,,58787,Matutino,2026-05-24 07:16:41,,142645,"POINT (  579868.454858823,   6145121.06687060)",ALSACIA 3828,0
2026-05-24,F_113,4,S,100,,S,,58787,Matutino,2026-05-24 07:18:30,,142646,"POINT (  579929.572505883,   6145179.53745883)",ALSACIA 3846,0
2026-05-24,F_113,5,S,75,,S,,58787,Matutino,2026-05-24 10:23:55,,142670,"POINT (  580003.160741176,   6145298.41981177)",ALSACIA 3876 FTE 3873,0
2026-05-24,F_113,6,S,100,,S,,58787,Matutino,2026-05-24 07:18:34,,142644,"POINT (  580003.396035294,   6145302.00804707)",ALSACIA 3876 FTE 3873,0
2026-05-24,F_113,7,S,25,,S,,58787,Matutino,2026-05-24 07:26:40,,168132,"POINT (  580497.892482649,   6145656.14045093)",BV APARICIO SARAVIA Esq. ERNESTO PINTO,0
2026-05-24,F_113,8,S,25,,S,,58787,Matutino,2026-05-24 07:26:43,,141315,"POINT (  580499.752610890,   6145658.00057917)",BV APARICIO SARAVIA Esq. ERNESTO PINTO,0
2026-05-24,F_113,9,S,50,,S,,58787,Matutino,2026-05-24 07:26:47,,141318,"POINT (  580502.426545237,   6145659.27941734)",ERNESTO PINTO Esq. BV APARICIO SARAVIA,0
2026-05-24,F_113,10,S,25,,S,,58787,Matutino,2026-05-24 07:27:34,,141317,"POINT (  580527.422018476,   6145675.32302342)",BV APARICIO SARAVIA Esq. ERNESTO PINTO,0
2026-05-24,F_113,11,S,50,,S,,58787,Matutino,2026-05-24 07:27:37,,141320,"POINT (  580529.747178778,   6145677.76444173)",BV APARICIO SARAVIA Esq. PSJE MANUEL PEREZ Y CURIS,0
2026-05-24,F_113,12,S,100,,S,,58787,Matutino,2026-05-24 07:30:56,,141323,"POINT (  580596.888794094,   6145725.59866803)",BV APARICIO SARAVIA 2965 ANTES DEL 2965,0
2026-05-24,F_113,13,S,75,,S,,58787,Matutino,2026-05-24 07:31:06,,141263,"POINT (  580664.897121291,   6145765.71363013)",BV APARICIO SARAVIA 2197 PDO ESQ FLORENCIA,0
2026-05-24,F_113,14,N,,Contenedor No Está,N,,58787,Matutino,2026-05-24 07:31:03,,141291,"POINT (  580761.275015781,   6145814.65825447)",BV APARICIO SARAVIA 2137,0
2026-05-24,F_113,15,S,50,,S,,58787,Matutino,2026-05-24 07:35:49,,141289,"POINT (  580876.719224741,   6145877.67009864)",BV APARICIO SARAVIA 2081 EN 3081,0
2026-05-24,F_113,16,S,75,,S,,58787,Matutino,2026-05-24 07:35:45,,141292,"POINT (  581143.167996374,   6146017.33655977)",BV APARICIO SARAVIA 2879 FTE 1847,0
2026-05-24,F_113,17,N,,Contenedor No Está,N,,58787,Matutino,2026-05-24 07:35:56,,141325,"POINT (  581225.958301999,   6146059.96266626)",BV APARICIO SARAVIA 6395,0
2026-05-24,F_113,18,S,75,,S,,58787,Matutino,2026-05-24 07:37:20,,141328,"POINT (  581190.575403781,   6146191.64995008)",OVIDIO FERNANDEZ RIOS 3968,0
2026-05-24,F_113,19,S,50,,S,,58787,Matutino,2026-05-24 07:39:18,,141327,"POINT (  581128.581101787,   6146305.42772786)",OVIDIO FERNANDEZ RIOS 3992 EN 3992/3994,0
2026-05-24,F_113,20,S,100,,S,,58787,Matutino,2026-05-24 07:39:06,,165632,"POINT (  581127.150145508,   6146309.23711066)",OVIDIO FERNANDEZ RIOS 3992,0
2026-05-24,F_113,21,S,100,,S,,58787,Matutino,2026-05-24 07:41:11,,141329,"POINT (  580920.897270466,   6146267.25070712)",CNO GRAL LEANDRO GOMEZ 2874 FTE 2865,0
2026-05-24,F_113,22,S,75,,S,,58787,Matutino,2026-05-24 07:41:36,,141265,"POINT (  580713.958003649,   6146032.52577470)",LUIS C CAVIGLIA 3977,0
2026-05-24,F_113,23,N,,Contenedor No Está,N,,58787,Matutino,2026-05-24 07:41:43,,165633,"POINT (  580726.978901336,   6146009.27417169)",LUIS C CAVIGLIA 3973,0
2026-05-24,F_113,24,S,100,,S,,58787,Matutino,2026-05-24 07:45:31,,141266,"POINT (  580770.459398971,   6145929.40491534)",LUIS C CAVIGLIA 3927,0
2026-05-24,F_113,25,S,75,,S,,58787,Matutino,2026-05-24 07:45:36,,165634,"POINT (  580773.600957971,   6145922.37160862)",LUIS C CAVIGLIA 3927,0
2026-05-24,F_113,26,S,100,,S,,58787,Matutino,2026-05-24 07:47:19,,141331,"POINT (  580792.199647788,   6145889.17964213)",LUIS C CAVIGLIA 3903 EN 3907,0
2026-05-24,F_113,27,S,75,,S,,58787,Matutino,2026-05-24 07:49:44,,141269,"POINT (  581278.739440838,   6146092.16613643)",BV APARICIO SARAVIA 1887,0
2026-05-24,F_113,28,S,100,,S,,58787,Matutino,2026-05-24 07:51:50,,141272,"POINT (  581402.085375291,   6146166.85222928)",BV APARICIO SARAVIA 2851,0
2026-05-24,F_113,29,N,,Contenedor No Está,N,,58787,Matutino,2026-05-24 07:52:30,,141268,"POINT (  581492.537930544,   6146220.04995300)",BV APARICIO SARAVIA 2793 EN 2725,0
2026-05-24,F_113,30,S,75,,S,,58787,Matutino,2026-05-24 07:53:29,,141267,"POINT (  581583.335440310,   6146136.11166612)",ARCHIDONA 6579,0
2026-05-24,F_113,31,S,25,,S,,58787,Matutino,2026-05-24 07:55:07,,141271,"POINT (  581494.398058785,   6146075.65749829)",ARCHIDONA 6525,0
2026-05-24,F_113,32,S,50,,S,,58787,Matutino,2026-05-24 07:58:04,,141270,"POINT (  581405.732098938,   6146018.06590450)",ARCHIDONA 6471 FTE 6470,0
2026-05-24,F_113,33,S,50,,S,,58787,Matutino,2026-05-24 08:00:06,,141345,"POINT (  581328.846645331,   6145976.72192747)",ARCHIDONA 6425 EN 6425/6431,0
2026-05-24,F_113,34,S,50,,S,,58787,Matutino,2026-05-24 08:00:12,,141344,"POINT (  581201.195344789,   6145921.15059627)",CALLE A 3549 EN 3549/3553,0
2026-05-24,F_113,35,N,,Otros,S,,58787,Matutino,2026-05-24 08:06:08,,141342,"POINT (  581248.861130966,   6145816.51838271)",TORREMOLINOS Esq. CALLE A,0
2026-05-24,F_113,36,N,,Otros,S,,58787,Matutino,2026-05-24 08:06:14,,141343,"POINT (  581292.341628601,   6145827.67915215)",TORREMOLINOS Esq. OVIDIO FERNANDEZ RIOS,0
2026-05-24,F_113,37,S,75,,S,,58787,Matutino,2026-05-24 08:10:03,,141276,"POINT (  581375.582367388,   6145849.53565898)",TORREMOLINOS 6430 EN 3436,0
2026-05-24,F_113,38,S,50,,S,,58787,Matutino,2026-05-24 08:10:07,,180507,"POINT (  581482.731776471,   6145904.21709913)",TORREMOLINOS 6498,0
2026-05-24,F_113,39,S,50,,S,,58787,Matutino,2026-05-24 08:11:19,,141275,"POINT (  581566.012996066,   6145963.70102978)",TORREMOLINOS 6528,0
2026-05-24,F_113,40,S,75,,S,,58787,Matutino,2026-05-24 08:12:48,,141277,"POINT (  581656.626685832,   6146025.35935179)",TORREMOLINOS 6576 EN 6577,0
2026-05-24,F_113,41,S,25,,S,,58787,Matutino,2026-05-24 08:16:52,,141273,"POINT (  581781.555355997,   6146005.32139917)",ESTEPONA 3460 PDO FTE 3460,0
2026-05-24,F_113,42,S,25,,S,,58787,Matutino,2026-05-24 08:16:46,,141274,"POINT (  581783.008581186,   6146002.47307780)",ESTEPONA 3460 PDO FTE 3460,0
2026-05-24,F_113,43,S,50,,S,Basura Afuera,58787,Matutino,2026-05-24 08:19:18,,141334,"POINT (  581699.687914940,   6145770.63279735)",CNO MALDONADO 6585,0
2026-05-24,F_113,44,S,75,,S,Basura Afuera,58787,Matutino,2026-05-24 08:19:48,,141335,"POINT (  581624.286278250,   6145743.57385154)",MARBELLA 3407 ANTES DEL 3416,0
2026-05-24,F_113,45,S,75,,S,,58787,Matutino,2026-05-24 08:23:35,,180296,"POINT (  581546.675147930,   6145819.03712004)",COLMENAR 6543,0
2026-05-24,F_113,46,S,75,,S,,58787,Matutino,2026-05-24 08:23:55,,141332,"POINT (  581428.789385237,   6145742.64233374)",COLMENAR 6467,0
2026-05-24,F_113,47,N,,Contenedor No Está,N,,58787,Matutino,2026-05-24 08:23:44,,141336,"POINT (  581426.365321560,   6145741.27764855)",COLMENAR 6467,0
2026-05-24,F_113,48,S,75,,S,,58787,Matutino,2026-05-24 08:24:13,,141254,"POINT (  581363.760380456,   6145693.96063642)",COLMENAR Esq. OVIDIO FERNANDEZ RIOS,0
2026-05-24,F_113,49,S,75,,S,,58787,Matutino,2026-05-24 08:24:17,,141253,"POINT (  581361.667736185,   6145691.86799215)",COLMENAR Esq. OVIDIO FERNANDEZ RIOS,0
2026-05-24,F_113,50,N,,Contenedor No Está,N,,58787,Matutino,2026-05-24 08:28:49,,141255,"POINT (  581428.092546056,   6145636.36017632)",OVIDIO FERNANDEZ RIOS 3414 EN 3415,0
2026-05-24,F_113,51,N,,Contenedor Fuera de Alcance,S,,58787,Matutino,2026-05-24 08:29:54,,180437,"POINT (  581561.345680704,   6145632.22500182)",CNO MALDONADO 6479,0
2026-05-24,F_113,52,S,25,,S,,58787,Matutino,2026-05-24 08:29:57,,180423,"POINT (  581565.824890414,   6145637.17555011)",CNO MALDONADO 6479,0
2026-05-24,F_113,53,S,25,,S,,58787,Matutino,2026-05-24 08:34:48,,141279,"POINT (  581728.636160687,   6145754.06603020)",AV DEL ZODIACO 68,0
2026-05-24,F_113,54,S,25,,S,Basura Afuera,58787,Matutino,2026-05-24 08:34:52,,141281,"POINT (  581731.542611063,   6145756.27493249)",CNO MALDONADO Esq. AV DEL ZODIACO,0
2026-05-24,F_113,55,S,25,,S,Basura Afuera,58787,Matutino,2026-05-24 08:34:55,,141280,"POINT (  581734.216545409,   6145757.32125462)",CNO MALDONADO Esq. AV DEL ZODIACO,0
2026-05-24,F_113,56,N,,Contenedor No Está,N,,58787,Matutino,2026-05-24 08:35:10,,141338,"POINT (  581883.608094747,   6145857.18688955)",CNO MALDONADO 6650 EN 6690,0
2026-05-24,F_113,57,S,100,,N,"Basura Afuera, Requiere Limpieza",58787,Matutino,2026-05-24 09:32:42,,180515,"POINT (  581463.165240959,   6145569.17123550)",CNO MALDONADO 6444,0
2026-05-24,F_113,58,S,100,,S,Basura Afuera,58787,Matutino,2026-05-24 09:33:50,,141257,"POINT (  581405.962039919,   6145475.51182614)",CNO MALDONADO 6409 EN 6411,0
2026-05-24,F_113,59,S,75,,N,,58787,Matutino,2026-05-24 09:35:31,,141297,"POINT (  581339.927487371,   6145333.79330580)",CNO MALDONADO 6353,0
2026-05-24,F_113,60,S,75,,S,,58787,Matutino,2026-05-24 09:37:13,,141296,"POINT (  581252.316726055,   6145339.44705387)",ABIPONES 6311,0
2026-05-24,F_113,61,S,50,,S,,58787,Matutino,2026-05-24 09:39:54,,141303,"POINT (  581159.051814328,   6145292.65976682)",ABIPONES 6253,0
2026-05-24,F_113,62,S,50,,S,,58787,Matutino,2026-05-24 09:39:58,,141302,"POINT (  581077.089913707,   6145239.76236997)",ABIPONES 6209,0
2026-05-24,F_113,63,N,,Contenedor No Está,N,,58787,Matutino,2026-05-24 09:41:30,,180508,"POINT (  581122.990064924,   6145153.35089107)",ANDRES LERENA ACEVEDO 3462,0
2026-05-24,F_113,64,S,75,,S,,58787,Matutino,2026-05-24 09:41:22,,180504,"POINT (  581129.199215250,   6145147.03280828)",ANDRES LERENA ACEVEDO 3454,0
2026-05-24,F_113,65,S,75,,S,,58787,Matutino,2026-05-24 09:44:08,,141307,"POINT (  581181.925578792,   6145039.53700353)",ANDRES LERENA ACEVEDO 3409,0
2026-05-24,F_113,66,N,,Contenedor No Está,N,,58787,Matutino,2026-05-24 09:47:55,,141309,"POINT (  581041.950928653,   6145011.51882190)",FLORENCIA 3440 EN 3440/3422,0
2026-05-24,F_113,67,S,75,,S,,58787,Matutino,2026-05-24 09:48:02,,141308,"POINT (  581018.407767522,   6145045.83406047)",FLORENCIA 3452 FTE 3451,0
2026-05-24,F_113,68,S,50,,S,,58787,Matutino,2026-05-24 09:48:07,,180516,"POINT (  580994.864587364,   6145077.99476492)",FLORENCIA 3468,0
2026-05-24,F_113,69,S,25,,S,,58787,Matutino,2026-05-24 09:48:12,,180517,"POINT (  580992.903803051,   6145080.39127908)",FLORENCIA 3468,0
2026-05-24,F_113,70,S,50,,S,,58787,Matutino,2026-05-24 09:52:23,,141261,"POINT (  580871.192339076,   6145256.84284124)",FLORENCIA Esq. CICERON,0
2026-05-24,F_113,71,S,75,,S,,58787,Matutino,2026-05-24 09:52:18,,141310,"POINT (  580870.374475584,   6145258.88749997)",FLORENCIA Esq. CICERON,0
2026-05-24,F_113,72,S,75,,S,,58787,Matutino,2026-05-24 09:58:03,,180487,"POINT (  580854.936924177,   6145331.50486583)",FLORENCIA Esq. CICERON N° 6166,0
2026-05-24,F_113,73,S,50,,S,,58787,Matutino,2026-05-24 09:58:06,,141300,"POINT (  580899.817561274,   6145363.98295861)",PLAZA ALBA ROBALLO,0
2026-05-24,F_113,74,S,75,,S,Basura Afuera,58787,Matutino,2026-05-24 09:58:10,,180486,"POINT (  580966.615562315,   6145398.16566277)",CIRC INT PSJE 12 3507 N° 6198,0
2026-05-24,F_113,75,S,50,,S,,58787,Matutino,2026-05-24 09:58:13,,180511,"POINT (  580991.049697168,   6145412.96352092)",CIRC INT PSJE 12 3507 RBLA PABLO BLANCO ACEVEDO,0
2026-05-24,F_113,76,S,75,,S,Basura Afuera,58787,Matutino,2026-05-24 10:02:13,,180512,"POINT (  581054.666254902,   6145462.20099368)",CIRC INT PSJE 13 3508,0
2026-05-24,F_113,77,S,75,,S,Basura Afuera,58787,Matutino,2026-05-24 10:02:16,,180514,"POINT (  581067.951832876,   6145474.32063828)",CIRC INT PSJE 13 3508,0
2026-05-24,F_113,78,S,100,,S,,58787,Matutino,2026-05-24 10:04:09,,180513,"POINT (  581152.494476191,   6145532.81835969)",FELISBERTO HERNANDEZ Esq. PSJE 8 MTS - 9164,0
2026-05-24,F_113,79,S,25,,S,Basura Afuera,58787,Matutino,2026-05-24 10:09:00,,180489,"POINT (  580897.072034506,   6145442.15295006)",RBLA DR PABLO BLANCO ACEVEDO 6173 N° 6181,0
2026-05-24,F_113,80,N,,Contenedor No Está,N,,58787,Matutino,2026-05-24 10:09:06,,180488,"POINT (  580840.180965040,   6145412.09510420)",RBLA DR PABLO BLANCO ACEVEDO 6159 N° 6156,0
2026-05-24,F_113,81,S,100,,S,Basura Afuera,58787,Matutino,2026-05-24 10:10:25,,180374,"POINT (  580797.711533768,   6145442.08771720)",FLORENCIA 3642,0
2026-05-24,F_113,82,S,100,,S,Basura Afuera,58787,Matutino,2026-05-24 10:10:28,,141312,"POINT (  580795.948897870,   6145445.76930774)",FLORENCIA 3642 FTE 3655,0
2026-05-24,F_113,83,S,100,,S,,58787,Matutino,2026-05-24 10:14:56,,141311,"POINT (  580729.507513164,   6145596.12225065)",FLORENCIA 3750,0
2026-05-24,F_113,84,S,100,,S,Basura Afuera,58787,Matutino,2026-05-24 10:17:57,,141348,"POINT (  580733.605608195,   6145615.04324260)",TORREMOLINOS 6156,0
2026-05-24,F_113,85,N,,Contenedor No Está,N,,58787,Matutino,2026-05-24 10:21:09,,183042,"POINT (  580877.433975817,   6145677.33685032)",TORREMOLINOS 6231,0
2026-05-24,F_113,86,S,50,,S,,58787,Matutino,2026-05-24 10:21:01,,180505,"POINT (  580880.166543791,   6145678.46763181)",TORREMOLINOS 6231,0
2026-05-24,F_113,87,N,,Contenedor No Está,N,,58787,Matutino,2026-05-24 10:19:16,,180506,"POINT (  581080.186967974,   6145761.99452070)",TORREMOLINOS 6348,0
2026-05-24,F_113,88,N,,Fuego,S,,58787,Matutino,2026-05-24 10:20:49,,180490,"POINT (  581006.606238479,   6145537.73456742)",LUIS C CAVIGLIA 3850,0
2026-05-24,F_113,89,S,50,,S,Basura Afuera,58787,Matutino,2026-05-24 10:20:54,,141284,"POINT (  580976.446803322,   6145610.02234956)",LUIS C CAVIGLIA 3590,0
2026-05-24,F_113,90,S,100,,S,"Basura Afuera, Escombro",58787,Matutino,2026-05-24 10:23:35,,175106,"POINT (  580883.113415570,   6145783.38484842)",LUIS C CAVIGLIA 3704,0
2026-05-24,F_113,91,S,50,,S,Basura Afuera,58787,Matutino,2026-05-24 10:26:16,,179311,"POINT (  580563.359168627,   6145927.96050000)",FLORENCIA Esq. ORESTES BAROFFIO,0
2026-05-24,F_113,92,S,25,,S,,58787,Matutino,2026-05-24 10:27:38,,141262,"POINT (  580538.730829834,   6145972.47339619)",FLORENCIA 3879,0
2026-05-24,F_113,93,S,50,,S,,58787,Matutino,2026-05-24 10:30:09,,141340,"POINT (  580479.435726710,   6146004.77900410)",CNO GRAL LEANDRO GOMEZ 3108 EN 3108/3110,0
2026-05-24,F_113,94,S,100,,S,,58787,Matutino,2026-05-24 10:30:16,,141316,"POINT (  580361.638088992,   6145911.79182606)",CNO GRAL LEANDRO GOMEZ Esq. ERNESTO PINTO,0
2026-05-24,F_113,95,S,50,,S,,58787,Matutino,2026-05-24 10:30:19,,141321,"POINT (  580363.498480704,   6145907.93485036)",ERNESTO PINTO Esq. CNO GRAL LEANDRO GOMEZ,0
2026-05-24,F_113,96,S,25,,S,,58787,Matutino,2026-05-24 10:30:22,,141322,"POINT (  580365.686514892,   6145904.28812672)",ERNESTO PINTO Esq. CNO GRAL LEANDRO GOMEZ,0
2026-05-24,F_113,97,S,75,,S,,58787,Matutino,2026-05-24 10:32:11,,141314,"POINT (  580453.946952955,   6145746.93796069)",ERNESTO PINTO Esq. VICENTE SALAVERRI,0
2026-05-24,F_113,98,S,50,,S,,58787,Matutino,2026-05-24 10:32:17,,141313,"POINT (  580456.125261331,   6145743.10294153)",ERNESTO PINTO Esq. VICENTE SALAVERRI,0
2026-05-24,CH_121,31,S,50,,S,,58788,Matutino,2026-05-24 07:09:19,,176600,"POINT (  577037.770480611,   6139432.77451241)",JAIME CIBILS 2723,0
2026-05-24,CH_121,32,S,25,,S,,58788,Matutino,2026-05-24 07:50:21,,180816,"POINT (  577036.902582594,   6139433.33498043)",JAIME CIBILS 2723,0
2026-05-24,CH_121,33,S,75,,S,,58788,Matutino,2026-05-24 07:53:51,,183115,"POINT (  576967.804018770,   6139506.91505059)",JAIME CIBILS 2671,0
2026-05-24,CH_121,34,S,25,,S,,58788,Matutino,2026-05-24 07:56:16,,176601,"POINT (  576843.652833552,   6139649.11438169)",JAIME CIBILS 2583,0
2026-05-24,CH_121,35,S,50,,S,,58788,Matutino,2026-05-24 07:56:32,,183497,"POINT (  576840.583927080,   6139653.18825825)",JAIME CIBILS 2571,0
2026-05-24,CH_121,36,S,50,,S,,58788,Matutino,2026-05-24 07:59:54,,176603,"POINT (  576892.563508933,   6139688.98366274)",PEDRO OLMIDA 2590 FTE 2597. MURO ESQ,0
2026-05-24,CH_121,37,S,50,,S,Requiere Limpieza,58788,Matutino,2026-05-24 08:00:03,,183112,"POINT (  576894.718702737,   6139688.21364583)",PEDRO OLMIDA 2590,0
2026-05-24,CH_121,38,S,75,,S,,58788,Matutino,2026-05-24 08:03:18,,176604,"POINT (  576978.184423966,   6139630.37799825)",PEDRO OLMIDA 2642 EN 2648,0
2026-05-24,CH_121,39,S,75,,S,,58788,Matutino,2026-05-24 08:03:59,,176605,"POINT (  577042.672441395,   6139582.88344488)",PEDRO OLMIDA 2676 EN 2678/2682,0
2026-05-24,CH_121,40,S,50,,S,,58788,Matutino,2026-05-24 08:05:53,,176606,"POINT (  577109.556972986,   6139537.13181089)",PEDRO OLMIDA 2730 FTE 2717. MURO CIEGO,0
2026-05-24,CH_121,41,S,25,,S,,58788,Matutino,2026-05-24 08:06:04,,176607,"POINT (  577115.112528541,   6139532.99237733)",PEDRO OLMIDA 2730 FTE 2717. MURO CIEGO,0
2026-05-24,CH_121,42,S,100,,S,Requiere Limpieza,58788,Matutino,2026-05-24 08:11:28,,183272,"POINT (  577135.276139351,   6139521.84084584)",PEDRO OLMIDA 2736,0
2026-05-24,CH_121,43,S,100,,S,,58788,Matutino,2026-05-24 08:11:36,,183113,"POINT (  577138.238057546,   6139520.28936488)",PEDRO OLMIDA 2742 FTE 2747,0
2026-05-24,CH_121,44,S,75,,S,,58788,Matutino,2026-05-24 07:03:29,,183885,"POINT (  577477.751091939,   6139562.54881394)",AV CENTENARIO 3090 PROV O: AV Centenrario 3077,0
2026-05-24,CH_121,45,S,100,,S,Requiere Limpieza,58788,Matutino,2026-05-24 08:15:46,,176608,"POINT (  577281.125600437,   6139629.17974117)",MARIANO MORENO 2745 SUBESTACION UTE,0
2026-05-24,CH_121,46,S,100,,S,,58788,Matutino,2026-05-24 08:15:54,,183111,"POINT (  577278.283450250,   6139630.10000371)",MARIANO MORENO 2745,0
2026-05-24,CH_121,47,S,75,,S,,58788,Matutino,2026-05-24 08:17:02,,180935,"POINT (  577204.301729851,   6139682.37204478)",MARIANO MORENO 2715 FTE 2708,0
2026-05-24,CH_121,48,S,50,,S,,58788,Matutino,2026-05-24 08:17:10,,176609,"POINT (  577202.912092811,   6139683.21024226)",MARIANO MORENO 2715 FTE 2708,0
2026-05-24,CH_121,49,S,50,,S,,58788,Matutino,2026-05-24 08:20:42,,183614,"POINT (  577030.157635294,   6139803.41808867)",MARIANO MORENO 2609,0
2026-05-24,CH_121,50,S,50,,S,,58788,Matutino,2026-05-24 08:20:50,,176611,"POINT (  577027.095099347,   6139805.21459956)",MARIANO MORENO 2609,0
2026-05-24,CH_121,51,S,25,,S,,58788,Matutino,2026-05-24 08:23:31,,176612,"POINT (  577098.336929413,   6139881.24945794)",JUAN CABAL 2562 ANTES DE ARBOL,0
2026-05-24,CH_121,52,S,50,,S,,58788,Matutino,2026-05-24 08:24:53,,176613,"POINT (  577170.232354249,   6139866.65250805)",JUAN RAMON GOMEZ 3105 FTE 3105. MURO,0
2026-05-24,CH_121,53,S,100,,S,,58788,Matutino,2026-05-24 08:26:06,,176614,"POINT (  577222.846733334,   6139939.85512243)",JUAN RAMON GOMEZ 3141 EN 3144. CASA LADRILLOS. PDO ARBOL,0
2026-05-24,E_105,67,S,50,,S,,58788,Matutino,2026-05-24 09:29:15,,107429,"POINT (  581105.427820885,   6138360.76971902)",SANTIAGO DE ANCA 1460 EN 1464,1
2026-05-24,E_105,68,S,25,,S,Poda,58788,Matutino,2026-05-24 09:31:17,,177417,"POINT (  581061.806990333,   6138401.56098427)",SANTIAGO DE ANCA 1480,1
2026-05-24,E_105,69,S,50,,S,,58788,Matutino,2026-05-24 09:32:20,,107486,"POINT (  580967.730733653,   6138523.23304604)",SANTIAGO DE ANCA 1546 VEREDA,1
2026-05-24,E_105,81,S,25,,S,,58788,Matutino,2026-05-24 09:37:19,,179251,"POINT (  581361.415240143,   6138936.79029534)",HIPOLITO YRIGOYEN 1728 EN 1844,2
2026-05-24,E_105,82,S,50,,S,,58788,Matutino,2026-05-24 09:37:30,,179250,"POINT (  581360.877605735,   6138939.12004445)",HIPOLITO YRIGOYEN 1742 EN 1844,2
2026-05-24,E_105,83,S,100,,S,Requiere Limpieza,58788,Matutino,2026-05-24 09:45:25,,176130,"POINT (  580887.741389615,   6138931.51532913)",FRANCISCO DE CALDAS 1709,2
2026-05-24,E_105,84,S,75,,S,,58788,Matutino,2026-05-24 09:46:40,,177399,"POINT (  580724.396416519,   6138947.70555707)",SAMUEL BLIXEN 4651,2
2026-05-24,E_105,85,S,75,,S,,58788,Matutino,2026-05-24 09:48:10,,177400,"POINT (  580665.686802782,   6138950.51079459)",SAMUEL BLIXEN 4460 FTE 4480,2
2026-05-24,E_105,86,S,50,,S,,58788,Matutino,2026-05-24 09:50:26,,107419,"POINT (  580412.413929876,   6139061.91879881)",MARISCALA 1888,2
2026-05-24,E_105,87,S,50,,S,,58788,Matutino,2026-05-24 09:56:30,,177401,"POINT (  580703.036536571,   6139052.46114089)",SANTANA 1745 VEREDA,2
2026-05-24,E_105,88,S,25,,S,,58788,Matutino,2026-05-24 09:58:15,,179029,"POINT (  580698.512287006,   6139029.20391130)",SANTANA 1735,2
2026-05-24,E_105,89,S,75,,S,,58788,Matutino,2026-05-24 10:00:49,,138054,"POINT (  580553.156703554,   6138914.52360473)",AV COLOMBES 1733 EN 1737,2
2026-05-24,E_105,90,S,100,,S,,58788,Matutino,2026-05-24 10:00:59,,138052,"POINT (  580554.519247490,   6138912.03896578)",AV COLOMBES 1733 EN 1737,2
2026-05-24,E_105,91,S,75,,S,,58788,Matutino,2026-05-24 10:03:43,,167792,"POINT (  580597.479456312,   6138829.80543173)",AV COLOMBES 1691 EN 1693,2
2026-05-24,E_105,92,S,50,,S,,58788,Matutino,2026-05-24 10:06:01,,107398,"POINT (  580621.444199666,   6138783.39878825)",AV COLOMBES 1653,2
2026-05-24,E_105,93,S,25,,S,,58788,Matutino,2026-05-24 10:06:17,,177402,"POINT (  580622.245696099,   6138781.79579538)",AV COLOMBES 1653,2
2026-05-24,E_105,94,S,100,,S,,58788,Matutino,2026-05-24 10:08:53,,107416,"POINT (  580693.418579371,   6138647.46499317)",AV COLOMBES 1605,2
2026-05-24,E_105,95,S,75,,S,,58788,Matutino,2026-05-24 10:11:42,,107422,"POINT (  580864.904678281,   6138862.17698214)",DALMIRO COSTA 4591,2
2026-05-24,E_105,96,S,100,,S,,58788,Matutino,2026-05-24 10:13:31,,107421,"POINT (  580701.593842990,   6138788.04746756)",DALMIRO COSTA 4503,2
2026-05-24,E_105,97,S,50,,S,,58788,Matutino,2026-05-24 10:15:54,,107463,"POINT (  580668.732489226,   6138608.75271543)",PEREZ GOMAR 4495 FTE 4498,2
2026-05-24,E_105,98,S,50,,S,,58788,Matutino,2026-05-24 10:16:06,,183383,"POINT (  580665.959960367,   6138609.60133498)",PEREZ GOMAR 4498 PROV EVENTO (O: RAMOS 4416),2
2026-05-24,E_105,99,S,100,,S,,58788,Matutino,2026-05-24 10:19:17,,107474,"POINT (  580551.313261756,   6138649.06798602)",PEREZ GOMAR 4459 FTE 4466,2
2026-05-24,E_105,100,S,50,,S,,58788,Matutino,2026-05-24 10:22:10,,107415,"POINT (  580697.025313320,   6138568.59774412)",AV COLOMBES 1541,2
2026-05-24,E_105,101,S,75,,S,,58788,Matutino,2026-05-24 10:24:16,,107400,"POINT (  580742.790759659,   6138497.34471121)",AV COLOMBES 1489,2
2026-05-24,E_105,102,S,50,,S,,58788,Matutino,2026-05-24 10:27:09,,177314,"POINT (  580591.067484845,   6138454.62495132)",ASAMBLEA 4434,2
2026-05-24,E_105,103,N,,Persona en el Interior del Cont.,S,,58788,Matutino,2026-05-24 10:28:41,,177313,"POINT (  580671.778175673,   6138495.74171834)",ASAMBLEA 4474,2
2026-05-24,E_105,104,S,75,,S,,58788,Matutino,2026-05-24 10:29:27,,180760,"POINT (  580831.879779096,   6138579.44250395)",ASAMBLEA 4530 VEREDA,2
2026-05-24,E_105,105,S,75,,S,,58788,Matutino,2026-05-24 10:31:18,,107413,"POINT (  580999.269618298,   6138667.58255364)",ASAMBLEA 4576,2
2026-05-24,E_105,106,S,100,,S,,58788,Matutino,2026-05-24 10:33:15,,177416,"POINT (  581117.849742655,   6138652.66425331)",ATLANTICO 1559,2
2026-05-24,E_105,107,S,75,,S,,58788,Matutino,2026-05-24 10:38:42,,177403,"POINT (  581520.162150265,   6138246.63662689)",HIPOLITO YRIGOYEN 1420 FTE 1425,2
2026-05-24,E_105,108,S,75,,S,,58788,Matutino,2026-05-24 10:39:04,,177404,"POINT (  581520.242299909,   6138249.04111619)",HIPOLITO YRIGOYEN 1420 FTE 1425,2
2026-05-24,E_105,109,S,100,,S,Requiere Limpieza,58788,Matutino,2026-05-24 10:42:20,,173592,"POINT (  581499.104431200,   6138383.16343606)",HIPOLITO YRIGOYEN 1486,2
2026-05-24,E_105,110,S,100,,S,,58788,Matutino,2026-05-24 10:44:10,,107468,"POINT (  581465.740542448,   6138509.92820521)",HIPOLITO YRIGOYEN 1550 FTE 1539. CERCO VEGETAL,2
2026-05-24,E_105,111,N,,Auto,S,,58788,Matutino,2026-05-24 10:45:52,,107467,"POINT (  581443.338845300,   6138595.46202377)",HIPOLITO YRIGOYEN 1566,2
2026-05-24,E_105,112,S,100,,S,,58788,Matutino,2026-05-24 10:48:07,,133632,"POINT (  581421.818537905,   6138683.21173407)",HIPOLITO YRIGOYEN 1602 EN 1604,2
2026-05-24,E_105,113,S,100,,S,Requiere Mantenimiento,58788,Matutino,2026-05-24 10:49:54,,173812,"POINT (  581412.891011483,   6138714.72939852)",HIPOLITO YRIGOYEN 1618 EN 1622,2
2026-05-24,E_105,114,S,75,,S,,58788,Matutino,2026-05-24 10:50:49,,107455,"POINT (  581363.877813400,   6138797.88080293)",ASAMBLEA 4693 EN 4697,2
2026-05-24,E_105,115,S,100,,S,,58788,Matutino,2026-05-24 10:54:05,,107395,"POINT (  581100.017719956,   6138815.37849591)",ATLANTICO 1630,2
2026-05-24,E_105,116,S,75,,S,,58788,Matutino,2026-05-24 10:56:29,,182201,"POINT (  581111.815847668,   6138922.96376314)",RUBENS 4488 RUBENS 4488 CALLE,2
2026-05-24,E_108,64,S,75,,S,,58788,Matutino,2026-05-24 11:15:07,,183961,"POINT (  582272.549880952,   6138703.79875238)",MICHIGAN 1655,3
2026-05-24,E_108,74,S,50,,S,,58788,Matutino,2026-05-24 11:00:14,,107636,"POINT (  581419.028194453,   6138966.86336975)",AV ESTANISLAO LOPEZ 4540,4
2026-05-24,E_108,75,S,75,,S,,58788,Matutino,2026-05-24 11:01:53,,107678,"POINT (  581547.631791545,   6138972.66310708)",AV ESTANISLAO LOPEZ 4606 EN 4606,4
2026-05-24,E_108,76,S,100,,S,,58788,Matutino,2026-05-24 11:02:29,,180104,"POINT (  581563.254306954,   6138972.33684651)",AV ESTANISLAO LOPEZ 4716 EN 4716,4
2026-05-24,E_108,77,S,25,,S,,58788,Matutino,2026-05-24 11:05:28,,181530,"POINT (  581817.117020879,   6138994.18372528)",AV ESTANISLAO LOPEZ 4836 EN 4836,4
2026-05-24,E_108,78,S,50,,S,,58788,Matutino,2026-05-24 11:05:41,,107697,"POINT (  581820.283173163,   6138994.19937517)",AV ESTANISLAO LOPEZ 4836 EN 4826,4
2026-05-24,E_108,79,S,100,,S,,58788,Matutino,2026-05-24 11:05:59,,179022,"POINT (  581823.280406239,   6138994.40608090)",AV ESTANISLAO LOPEZ 4836 EN 4826,4
2026-05-24,E_108,80,N,,Auto,S,,58788,Matutino,2026-05-24 11:12:26,,107698,"POINT (  582011.804494610,   6138933.17826773)",AV ENRIQUE LEGRAND 4910,4
2026-05-24,E_108,81,S,75,,S,,58788,Matutino,2026-05-24 11:12:58,,180105,"POINT (  582119.599009896,   6138878.46672015)",AV ENRIQUE LEGRAND 4972,4
2026-05-24,E_108,87,S,50,,S,,58788,Matutino,2026-05-24 11:19:12,,107628,"POINT (  582200.223552460,   6139009.67005127)",AMAZONAS 1744,5
2026-05-24,E_108,88,S,25,,S,,58788,Matutino,2026-05-24 11:22:16,,107684,"POINT (  582041.372386114,   6139098.75010707)",AV ESTANISLAO LOPEZ 4895 EN 4897,5
2026-05-24,E_108,89,S,25,,S,,58788,Matutino,2026-05-24 11:24:47,,107627,"POINT (  581990.103783757,   6139061.10694407)",AV ESTANISLAO LOPEZ 4881 4869/4871,5
2026-05-24,E_108,90,S,25,,S,,58788,Matutino,2026-05-24 11:25:00,,181529,"POINT (  581985.578559340,   6139059.01889011)",AV ESTANISLAO LOPEZ 4881 EN 4881,5
2026-05-24,E_108,91,S,25,,S,,58788,Matutino,2026-05-24 11:28:55,,107681,"POINT (  581665.047170397,   6138998.59187192)",AV ESTANISLAO LOPEZ Esq. RBLA CONCEPCION DEL URUGUAY,5
2026-05-24,E_108,92,S,50,,S,,58788,Matutino,2026-05-24 11:29:46,,107682,"POINT (  581662.256643050,   6138998.59187192)",AV ESTANISLAO LOPEZ Esq. RBLA CONCEPCION DEL URUGUAY,5
2026-05-24,E_108,93,S,100,,S,,58788,Matutino,2026-05-24 11:30:33,,179183,"POINT (  581659.466115703,   6138998.54019549)",AV ESTANISLAO LOPEZ Esq. RBLA CONCEPCION DEL URUGUAY,5
2026-05-24,E_108,94,,,,S,,58788,Matutino,,,180107,"POINT (  581557.986085578,   6139007.77760850)",AV ESTANISLAO LOPEZ 4711 EN 4703,5
2026-05-24,E_108,95,,,,S,,58788,Matutino,,,107676,"POINT (  581434.518677235,   6139000.88549973)",AV ESTANISLAO LOPEZ 4639 EN 4653,5
2026-05-24,E_108,96,,,,S,,58788,Matutino,,,181285,"POINT (  582092.070631373,   6139199.69965186)",SEGOVIA 1883,5
2026-05-24,E_108,97,,,,S,,58788,Matutino,,,168352,"POINT (  582092.106940538,   6139160.52646353)",SEGOVIA 1851,5
2026-05-24,E_108,98,S,50,,N,Fuera de Lugar,58788,Matutino,2026-05-24 11:23:33,,179186,"POINT (  582004.811998335,   6139131.75266938)",VALIENTE 4905,5
2026-05-24,E_108,99,,,,S,,58788,Matutino,,,107689,"POINT (  582001.649054713,   6139131.88211037)",VALIENTE 4905,5
2026-05-24,E_108,100,,,,S,,58788,Matutino,,,183625,"POINT (  581915.333215254,   6139136.42285989)",VALIENTE 4865 PDO PORTON,5
2026-05-24,E_108,101,,,,S,,58788,Matutino,,,183624,"POINT (  581912.395362147,   6139136.64884859)",VALIENTE 4865 PDO PORTON,5
2026-05-24,E_108,102,,,,S,,58788,Matutino,,,179187,"POINT (  581748.333139702,   6139079.25465301)",VICTOR RAUL HAYA DE LA TORRE 1879 FTE 1824,5
2026-05-24,E_108,103,,,,S,,58788,Matutino,,,107683,"POINT (  581745.235585839,   6139021.50079407)",VICTOR RAUL HAYA DE LA TORRE 1809,5
2026-05-24,E_108,104,,,,S,,58788,Matutino,,,107680,"POINT (  581745.581995314,   6139016.53559159)",VICTOR RAUL HAYA DE LA TORRE 1809,5
2026-05-24,E_108,105,,,,S,,58788,Matutino,,,176246,"POINT (  581667.329198752,   6139133.06564506)",OVIEDO 4779,5
2026-05-24,E_108,106,,,,S,,58788,Matutino,,,176245,"POINT (  581665.967110216,   6139133.00889138)",OVIEDO 4779,5
2026-05-24,E_108,107,,,,S,,58788,Matutino,,,179021,"POINT (  581597.599851412,   6139129.39924916)",OVIEDO 4730 EN 4729,5
2026-05-24,E_108,108,,,,S,,58788,Matutino,,,176243,"POINT (  581579.305447123,   6139127.50209354)",OVIEDO 4716 FTE 4716,5
2026-05-24,E_108,109,,,,S,,58788,Matutino,,,107671,"POINT (  581447.647043190,   6139124.04115253)",OVIEDO 4677 PDO 4677,5
2026-05-24,F_105,2,S,75,,S,,58906,Vespertino,2026-05-24 14:18:42,,141749,"POINT (  577298.060220703,   6143764.89656006)",AV GRAL FLORES 4694 CCZ 11,0
2026-05-24,F_105,7,S,75,,S,Basura Afuera,58906,Vespertino,2026-05-24 14:22:09,,141797,"POINT (  577735.060309167,   6144235.90684390)",IGUAZU Esq. CHAPICUY,0
2026-05-24,F_105,52,S,75,,S,,58906,Vespertino,2026-05-24 14:26:55,,141768,"POINT (  577874.084471679,   6143160.81304814)",AV DAMASO ANTONIO LARRAÑAGA 4504,0
2026-05-24,F_105,62,S,100,,S,Basura Afuera,58906,Vespertino,2026-05-24 14:28:30,,141785,"POINT (  577967.435474414,   6143554.99170420)",JUAN CARRARA 3630,0
2026-05-24,F_105,63,S,100,,S,,58906,Vespertino,2026-05-24 14:31:07,,141809,"POINT (  577893.240313281,   6143716.06265400)",JUAN FRANCISCO SANTOS 4802 EN 4804,0
2026-05-24,F_105,64,S,100,,S,,58906,Vespertino,2026-05-24 14:33:58,,141810,"POINT (  577991.447726562,   6143650.50111162)",GRONARDO 3647,0
2026-05-24,F_105,65,S,100,,S,,58906,Vespertino,2026-05-24 14:33:42,,175392,"POINT (  577991.976718079,   6143649.94588136)",GRONARDO 3647,0
2026-05-24,F_105,66,S,100,,S,,58906,Vespertino,2026-05-24 14:35:18,,141789,"POINT (  578097.479356836,   6143571.98914111)",GRONARDO 3585 EN 3585/3583,0
2026-05-24,F_105,70,S,75,,S,,58906,Vespertino,2026-05-24 14:39:40,,141813,"POINT (  578539.658292104,   6143380.76742391)",BESARES 3354 MURO,0
2026-05-24,F_105,71,S,100,,S,,58906,Vespertino,2026-05-24 14:43:10,,141790,"POINT (  578436.079092187,   6143457.05409150)",BESARES 3412 FTE 3427,0
2026-05-24,F_105,72,S,100,,S,,58906,Vespertino,2026-05-24 14:46:14,,182026,"POINT (  578360.220072549,   6143514.58088780)",BESARES 3456,0
2026-05-24,F_105,73,S,100,,S,Basura Afuera,58906,Vespertino,2026-05-24 14:45:45,,141800,"POINT (  578357.567121679,   6143516.41022040)",BESARES 3458 FTE 3455,0
2026-05-24,F_105,74,S,100,,S,,58906,Vespertino,2026-05-24 14:46:30,,141777,"POINT (  578185.704148437,   6143646.99370400)",PLAZA LIBERTAD,0
2026-05-24,F_105,75,S,50,,S,,58906,Vespertino,2026-05-24 14:48:08,,141778,"POINT (  578096.669955078,   6143715.52305283)",BESARES 3612,0
2026-05-24,F_105,76,S,75,,S,,58906,Vespertino,2026-05-24 14:49:27,,141791,"POINT (  578033.266817382,   6143762.19855419)",BESARES 3652,0
2026-05-24,F_105,77,S,100,,S,,58906,Vespertino,2026-05-24 14:50:35,,141776,"POINT (  577988.749720703,   6143796.46322861)",BESARES 3690 FTE 3687/3691,0
2026-05-24,F_105,78,S,100,,S,,58906,Vespertino,2026-05-24 14:53:19,,141792,"POINT (  578016.808981640,   6143869.30938681)",HORACIO ARECO 3671 FTE 3696,0
2026-05-24,F_105,79,S,100,,S,,58906,Vespertino,2026-05-24 14:56:52,,141793,"POINT (  578101.532352693,   6143807.30001105)",HORACIO ARECO 3617,0
2026-05-24,F_105,80,S,100,,S,Basura Afuera,58906,Vespertino,2026-05-24 15:00:00,,141801,"POINT (  578233.546777595,   6143710.31341356)",HORACIO ARECO 3562,0
2026-05-24,F_105,81,N,,Auto,S,,58906,Vespertino,2026-05-24 15:00:15,,141814,"POINT (  578360.804728711,   6143607.60281845)",HORACIO ARECO 3481 FTE 3486,0
2026-05-24,F_105,83,S,100,,S,,58906,Vespertino,2026-05-24 15:01:11,,141848,"POINT (  578587.437220898,   6143437.62844931)",HORACIO ARECO 3355,0
2026-05-24,F_105,84,S,100,,S,Basura Afuera,58906,Vespertino,2026-05-24 15:04:01,,141816,"POINT (  578650.840358594,   6143528.82104736)",PATRICIOS 3355,0
2026-05-24,F_105,85,S,100,,S,Basura Afuera,58906,Vespertino,2026-05-24 15:06:03,,141850,"POINT (  578541.031520117,   6143615.15723486)",PATRICIOS 3426 EN 3416/3422,0
2026-05-24,F_105,86,S,100,,S,Basura Afuera,58906,Vespertino,2026-05-24 15:08:35,,141794,"POINT (  578419.423087857,   6143708.20118276)",PATRICIOS 3494,0
2026-05-24,F_105,87,S,100,,S,Basura Afuera,58906,Vespertino,2026-05-24 15:10:37,,141849,"POINT (  578334.757836686,   6143772.44820288)",PATRICIOS 3532,0
2026-05-24,F_105,88,S,100,,S,Basura Afuera,58906,Vespertino,2026-05-24 15:11:49,,141795,"POINT (  578253.084912480,   6143833.35085757)",PATRICIOS 3594,0
2026-05-24,F_105,90,S,100,,S,Basura Afuera,58906,Vespertino,2026-05-24 15:14:03,,141803,"POINT (  578162.771098633,   6144017.16010791)",ALBERTO SUSVIELA GUARCH 3671 EN 3671,0
2026-05-24,F_105,91,S,100,,S,,58906,Vespertino,2026-05-24 15:23:35,,141818,"POINT (  578334.634071875,   6143888.19542783)",ALBERTO SUSVIELA GUARCH 3575 EN 3575/3583,0
2026-05-24,F_105,92,N,,"Contenedor Roto (choque, desfonde, etc.)",S,,58906,Vespertino,2026-05-24 16:05:25,,141820,"POINT (  578454.425532031,   6143793.76522275)",ALBERTO SUSVIELA GUARCH Esq. PEDRO PIÑEIRUA PDO 3509,0
2026-05-24,F_105,93,S,75,,S,"Basura Afuera, Poda",58906,Vespertino,2026-05-24 16:05:42,,141802,"POINT (  578549.934939453,   6143717.14185635)",ALBERTO SUSVIELA GUARCH Esq. JOSE SHAW,0
2026-05-24,F_105,94,S,75,,S,,58906,Vespertino,2026-05-24 16:07:33,,141819,"POINT (  578707.768282227,   6143601.39740498)",ALBERTO SUSVIELA GUARCH 3354,0
2026-05-24,F_105,95,S,100,,S,Basura Afuera,58906,Vespertino,2026-05-24 16:10:05,,141851,"POINT (  578740.683953711,   6143719.30026104)",OSVALDO MARTINEZ 3376 FTE 3370,0
2026-05-24,F_105,96,S,100,,S,,58906,Vespertino,2026-05-24 16:10:52,,177262,"POINT (  578646.316190023,   6143794.00990348)",OSVALDO MARTINEZ 3438 EN 3438B. ARBOL/ARBOL,0
2026-05-24,F_105,97,S,75,,S,,58906,Vespertino,2026-05-24 16:12:44,,141822,"POINT (  578557.260992531,   6143862.42326370)",OSVALDO MARTINEZ 3486,0
2026-05-24,F_105,98,S,50,,S,,58906,Vespertino,2026-05-24 16:14:33,,141852,"POINT (  578438.237496875,   6143951.05896436)",OSVALDO MARTINEZ 3560 FTE 3553,0
2026-05-24,F_105,99,S,50,,S,,58906,Vespertino,2026-05-24 16:19:04,,141823,"POINT (  578318.715837305,   6144035.77634834)",OSVALDO MARTINEZ 3613,0
2026-05-24,F_105,100,S,50,,S,Basura Afuera,58906,Vespertino,2026-05-24 16:19:12,,141824,"POINT (  578218.350019336,   6144118.60512822)",OSVALDO MARTINEZ 3694 FTE 3695,0
2026-05-24,F_105,101,S,100,,S,"Basura Afuera, Escombro, Poda",58906,Vespertino,2026-05-24 16:19:52,,141825,"POINT (  578246.409280273,   6144180.38946240)",JUAN FRANCISCO SANTOS 5092 PDO 5096,0
2026-05-24,F_105,102,N,,Auto,S,,58906,Vespertino,2026-05-24 16:21:53,,141826,"POINT (  578464.138353125,   6144020.66751553)",JOSE MARIA GUERRA 3557 EN 3561,0
2026-05-24,F_105,103,S,100,,S,,58906,Vespertino,2026-05-24 16:22:15,,141827,"POINT (  578575.835795703,   6143923.80910518)",JOSE MARIA GUERRA Esq. PEDRO PIÑEIRUA,0
2026-05-24,F_105,104,S,100,,S,,58906,Vespertino,2026-05-24 16:24:56,,141828,"POINT (  578836.193361133,   6143609.76122314)",OSVALDO MARTINEZ 3313,0
2026-05-24,F_107,1,S,50,,S,,58906,Vespertino,2026-05-24 16:36:27,,141960,"POINT (  579881.670631640,   6143597.75509707)",CNO MALDONADO 5449,1
2026-05-24,F_107,3,S,75,,S,,58906,Vespertino,2026-05-24 16:40:10,,141958,"POINT (  579776.401758053,   6143291.65639738)",CNO MALDONADO Esq. NUEVA ESPERANZA PDO PARADA,1
2026-05-24,F_107,4,S,75,,S,,58906,Vespertino,2026-05-24 16:40:20,,141956,"POINT (  579774.619607160,   6143287.61685535)",NUEVA ESPERANZA Esq. CNO MALDONADO PDO PARADA,1
2026-05-24,F_107,12,S,50,,S,,58906,Vespertino,2026-05-24 16:44:12,,142041,"POINT (  579516.801778011,   6142822.95071258)",RICARDO PALMA 3389 EN 3391,1
2026-05-24,F_107,13,S,100,,S,,58906,Vespertino,2026-05-24 16:46:49,,142042,"POINT (  579645.325318359,   6142760.29407832)",RICARDO PALMA 3341 FTE 3342,1
2026-05-24,F_107,14,S,75,,S,,58906,Vespertino,2026-05-24 16:46:58,,142043,"POINT (  579698.745834375,   6142733.85362090)",RICARDO PALMA 3310 FTE 3306,1
2026-05-24,F_107,15,S,75,,S,Basura Afuera,58906,Vespertino,2026-05-24 16:47:13,,142044,"POINT (  579764.223726953,   6142803.64407792)",ANDRES LATORRE 5048,1
2026-05-24,F_107,16,S,50,,S,,58906,Vespertino,2026-05-24 16:48:46,,141963,"POINT (  579739.755523437,   6142956.16930371)",EUSEBIO VIDAL 3346,1
2026-05-24,F_107,17,S,100,,S,Basura Afuera,58906,Vespertino,2026-05-24 16:51:51,,141964,"POINT (  579656.522408002,   6142997.60150007)",EUSEBIO VIDAL 3376 FTE 3381/3383,1
2026-05-24,F_107,18,S,100,,S,,58906,Vespertino,2026-05-24 16:53:37,,141965,"POINT (  579549.771569526,   6143018.21504540)",ROMA 5079,1
2026-05-24,F_107,20,S,100,,S,,58906,Vespertino,2026-05-24 16:53:59,,142045,"POINT (  579366.863482902,   6142991.77980715)",ROMA 5025 FTE 5026,1
2026-05-24,F_107,21,S,100,,S,,58906,Vespertino,2026-05-24 16:55:56,,142046,"POINT (  579318.210763530,   6142982.21559737)",ROMA 5010,1
2026-05-24,F_107,22,S,50,,S,Poda,58906,Vespertino,2026-05-24 16:57:33,,141968,"POINT (  579278.468798622,   6143043.34337298)",AV JOSE BELLONI 3038 FTE 3031,1
2026-05-24,F_107,23,S,25,,S,Basura Afuera,58906,Vespertino,2026-05-24 16:59:53,,141967,"POINT (  579259.399784069,   6143189.53915122)",AV JOSE BELLONI 3095 FTE 3095,1
2026-05-24,F_107,24,S,75,,S,,58906,Vespertino,2026-05-24 17:00:31,,142047,"POINT (  579437.039266015,   6143300.43485137)",DR ALFONSO LAMAS 5218,1
2026-05-24,F_107,25,S,100,,S,Basura Afuera,58906,Vespertino,2026-05-24 17:02:03,,142048,"POINT (  579489.380579687,   6143317.16248769)",DR ALFONSO LAMAS 5238,1
2026-05-24,F_107,26,S,50,,S,,58906,Vespertino,2026-05-24 17:03:55,,180373,"POINT (  579631.386504357,   6143360.13182397)",DR ALFONSO LAMAS 5282,1
2026-05-24,F_107,27,S,75,,S,,58906,Vespertino,2026-05-24 17:05:04,,180372,"POINT (  579747.720427887,   6143398.00466427)",DR ALFONSO LAMAS 5338,1
2026-05-24,F_107,28,S,75,,S,,58906,Vespertino,2026-05-24 17:07:44,,178687,"POINT (  579958.991707190,   6143459.93121961)",MATEO CORTES 5377,1
2026-05-24,F_107,29,S,100,,S,Basura Afuera,58906,Vespertino,2026-05-24 17:08:09,,180885,"POINT (  579910.298694771,   6143361.68322092)",MATEO CORTES 5315,1
2026-05-24,F_107,31,S,100,,S,,58906,Vespertino,2026-05-24 17:10:46,,141970,"POINT (  579824.698047247,   6143186.56889974)",MATEO CORTES 5227,1
2026-05-24,F_107,32,S,75,,S,,58906,Vespertino,2026-05-24 17:12:13,,141971,"POINT (  579777.411643559,   6143092.82776278)",MATEO CORTES 5173 EN 5175/5165,1
2026-05-24,F_107,33,S,100,,S,Basura Afuera,58906,Vespertino,2026-05-24 17:12:59,,141972,"POINT (  579784.002819531,   6143035.49067598)",SGTO ANDRES AREGUATI 3345,1
2026-05-24,F_107,34,S,100,,S,,58906,Vespertino,2026-05-24 17:14:59,,142053,"POINT (  579894.083122004,   6142980.43344648)",SGTO ANDRES AREGUATI 3277,1
2026-05-24,F_107,35,S,75,,S,,58906,Vespertino,2026-05-24 17:15:55,,142028,"POINT (  579834.185728515,   6142909.76360293)",EUSEBIO VIDAL 3294,1
2026-05-24,F_107,36,S,100,,S,,58906,Vespertino,2026-05-24 17:17:37,,142054,"POINT (  579680.938995703,   6142898.43197832)",MATEO CORTES 5075,1
2026-05-24,F_107,93,S,100,,S,,58906,Vespertino,2026-05-24 18:47:59,,142020,"POINT (  580744.822553167,   6143252.44907772)",DEL FUERTE 5419 EN 5421/5419,1
2026-05-24,F_107,95,S,100,,S,Basura Afuera,58906,Vespertino,2026-05-24 17:25:46,,182876,"POINT (  580691.198297603,   6143000.76593159)",ITAZURUBI 5312,1
2026-05-24,F_101,35,S,100,,S,,58906,Vespertino,2026-05-24 18:01:28,,183557,"POINT (  584845.839898475,   6141532.88953747)",CALLE 9582 2943,2
2026-05-24,F_101,36,S,100,,S,,58906,Vespertino,2026-05-24 18:01:56,,176723,"POINT (  584842.978881670,   6141538.87021114)",CALLE 9582 3004 ESPACIO VERDE,2
2026-05-24,F_101,37,S,50,,S,,58906,Vespertino,2026-05-24 18:03:05,,182988,"POINT (  584796.661044009,   6141576.24357887)",CALLE 9576 6897,2
2026-05-24,F_101,38,S,25,,S,,58906,Vespertino,2026-05-24 18:04:33,,182987,"POINT (  584667.467144227,   6141547.48540893)",CALLE 9574 2958,2
2026-05-24,F_101,39,S,100,,S,,58906,Vespertino,2026-05-24 17:58:48,,182986,"POINT (  584816.176035076,   6141444.30662201)",CALLE 9578 6836,2
2026-05-24,F_101,40,S,100,,S,,58906,Vespertino,2026-05-24 17:58:58,,183558,"POINT (  584812.308932680,   6141438.53320153)",CALLE 9583 Esq. CALLE 9578,2
2026-05-24,F_101,41,S,100,,S,,58906,Vespertino,2026-05-24 17:53:40,,181339,"POINT (  584732.720135076,   6141304.13152396)",CALLE 9583 2773,2
2026-05-24,F_101,42,S,100,,S,,58906,Vespertino,2026-05-24 17:53:48,,176724,"POINT (  584731.702837178,   6141298.95984610)",CALLE 9583 2773,2
2026-05-24,F_101,43,S,100,,S,,58906,Vespertino,2026-05-24 18:11:10,,182107,"POINT (  584734.257446187,   6141122.15848693)",CALLE Nº 1 - 9552 6869,2
2026-05-24,F_101,44,S,100,,S,,58906,Vespertino,2026-05-24 18:11:01,,182109,"POINT (  584729.678878649,   6141120.96022985)",CALLE Nº 1 - 9552 6833,2
2026-05-24,F_101,45,S,100,,S,Basura Afuera,58906,Vespertino,2026-05-24 18:13:44,,142265,"POINT (  584764.521635937,   6140981.22901465)",CNO CARRASCO 6955 PPO EL 6955. PASANDO COLUMNA DE ILUM. SOBRE VEREDA,2
2026-05-24,F_101,46,S,100,,S,Basura Afuera,58906,Vespertino,2026-05-24 18:17:16,,160652,"POINT (  584266.903279472,   6140999.87663746)",CNO CARRASCO Esq. SERVIDUMBRE,2
2026-05-24,F_101,47,S,75,,S,,58906,Vespertino,2026-05-24 18:19:14,,142219,"POINT (  583631.762470603,   6140931.66617991)",CNO CARRASCO 6105 / ENTRADA VEHICULAR Y ARBOL. SOBRE VEREDA,2
2026-05-24,F_101,48,S,100,,S,Basura Afuera,58906,Vespertino,2026-05-24 18:23:18,,142205,"POINT (  583388.516159593,   6140881.83644098)",CNO PAVIA 2772 / COLUMNA DE ILUM Y ARBOL. SOBRE VEREDA,2
2026-05-24,F_101,49,S,100,,S,Poda,58906,Vespertino,2026-05-24 18:24:21,,142206,"POINT (  583229.356301953,   6140846.46362197)",CNO CARRASCO 5911 EN 5915. SOBRE VEREDA,2
2026-05-24,F_101,66,S,100,,S,,58906,Vespertino,2026-05-24 18:31:09,,176330,"POINT (  582589.765281925,   6141011.02233615)",JUAN AGAZZI 2777,2
2026-05-24,F_101,70,S,100,,S,,58906,Vespertino,2026-05-24 18:35:00,,142228,"POINT (  582371.597689008,   6140761.73295467)",CNO CARRASCO 5391 FTE 5410/5413. SALIDA PEATONAL VIVIENDAS. SOBRE VEREDA,2
2026-05-24,F_101,71,S,100,,S,,58906,Vespertino,2026-05-24 18:35:10,,142191,"POINT (  582369.007618423,   6140762.16750501)",CNO CARRASCO 5391 FTE 5410/5416. SALIDA PEATONAL VIVIENDAS. SOBRE VEREDA,2
2026-05-24,F_101,72,S,100,,S,,58906,Vespertino,2026-05-24 18:37:42,,142230,"POINT (  582253.829612460,   6140787.39980013)",CNO CARRASCO 5357 FTE 5378. VIVIENDAS. SOBRE VEREDA,2
2026-05-24,F_101,73,S,100,,S,Basura Afuera,58906,Vespertino,2026-05-24 18:37:53,,142229,"POINT (  582252.193798639,   6140787.62531726)",CNO CARRASCO 5357 FTE 5378. VIVIENDAS. SOBRE VEREDA,2
2026-05-24,F_101,94,S,50,,S,,58906,Vespertino,2026-05-24 18:39:18,,142238,"POINT (  581871.449952930,   6140892.32972158)",CNO CARRASCO 5185 PPO PARADA Y COLUMNA DE ILUM.,2
2026-05-24,G_103,1,S,25,,S,,58907,Vespertino,2026-05-24 14:56:41,,116603,"POINT (  572406.017039893,   6145005.99528830)",BV JOSE BATLLE Y ORDOÑEZ 5861 MURO LADRILLO,0
2026-05-24,G_103,2,S,25,,S,,58907,Vespertino,2026-05-24 14:57:55,,116604,"POINT (  572490.641764052,   6144943.92751939)",BV JOSE BATLLE Y ORDOÑEZ 5837 EN 5837/5833,0
2026-05-24,G_103,3,S,50,,S,,58907,Vespertino,2026-05-24 15:00:51,,116597,"POINT (  572566.304093502,   6144889.73557989)",BV JOSE BATLLE Y ORDOÑEZ 5807 CANCHA,0
2026-05-24,G_103,4,S,25,,S,,58907,Vespertino,2026-05-24 15:02:43,,116638,"POINT (  572651.607074823,   6144825.07041663)",BV JOSE BATLLE Y ORDOÑEZ 5777 MURETE PIEDRA,0
2026-05-24,G_103,5,S,50,,S,,58907,Vespertino,2026-05-24 15:06:41,,116573,"POINT (  572832.531946494,   6144696.42801738)",BV JOSE BATLLE Y ORDOÑEZ 5673 EN 5677/5673,0
2026-05-24,G_103,6,S,75,,S,,58907,Vespertino,2026-05-24 15:09:08,,116572,"POINT (  572925.355223218,   6144625.90703838)",BV JOSE BATLLE Y ORDOÑEZ 5643 PDO REBAJE,0
2026-05-24,G_103,7,S,50,,S,,58907,Vespertino,2026-05-24 15:11:54,,116612,"POINT (  573012.837134805,   6144273.00934836)",CROACIA 4358 FTE 4359. MURO,0
2026-05-24,G_103,8,S,100,,S,,58907,Vespertino,2026-05-24 15:16:39,,116639,"POINT (  572871.462387842,   6144375.28943436)",CROACIA 4396 MURO,0
2026-05-24,G_103,9,S,75,,S,,58907,Vespertino,2026-05-24 15:17:28,,116598,"POINT (  572780.593716402,   6144441.85601925)",CROACIA 4445 FTE 4445. CERCO CHAPA,0
2026-05-24,G_103,10,S,100,,S,,58907,Vespertino,2026-05-24 15:18:51,,116574,"POINT (  572671.762633164,   6144520.89063115)",CROACIA 4490 FTE 4495,0
2026-05-24,G_103,11,S,100,,S,,58907,Vespertino,2026-05-24 15:20:12,,116615,"POINT (  572592.305376277,   6144580.06092884)",CROACIA 4524 FTE 4521. CERCO VEGETAL,0
2026-05-24,G_103,12,S,100,,S,,58907,Vespertino,2026-05-24 15:21:54,,176259,"POINT (  572454.945756658,   6144681.28440237)",CROACIA 4596,0
2026-05-24,G_103,13,S,50,,S,,58907,Vespertino,2026-05-24 15:33:50,,180856,"POINT (  572465.092847263,   6144724.34202985)",PASTOR 1060 FTE 1065,0
2026-05-24,G_103,14,S,75,,S,,58907,Vespertino,2026-05-24 15:26:07,,180855,"POINT (  572393.575434328,   6144884.16790049)",LUIS MORO 4648,0
2026-05-24,G_103,15,S,100,,S,,58907,Vespertino,2026-05-24 15:27:51,,180854,"POINT (  572340.590359701,   6144858.79476617)",GUSTAVO A BECQUER 1084 EN COOPERATIVA,0
2026-05-24,G_103,16,S,100,,S,,58907,Vespertino,2026-05-24 15:28:04,,180853,"POINT (  572337.605285074,   6144855.31217910)",GUSTAVO A BECQUER 1084 EN COOPERATIVA,0
2026-05-24,G_103,17,S,100,,S,"Basura Afuera, Requiere Limpieza",58907,Vespertino,2026-05-24 15:34:10,,116575,"POINT (  572543.806864426,   6144764.28131100)",LUIS MORO 4596 FTE 4596. CERCO VEGETAL,0
2026-05-24,G_103,18,S,100,,S,,58907,Vespertino,2026-05-24 15:37:34,,116576,"POINT (  572633.033038568,   6144698.49179919)",LUIS MORO 4553 EN 4555. MURO BAJO CON REJA,0
2026-05-24,G_103,19,S,75,,S,,58907,Vespertino,2026-05-24 15:43:06,,116617,"POINT (  572775.310654108,   6144597.01955880)",LUIS MORO 4475 CERCO VEGETAL,0
2026-05-24,G_103,20,S,75,,S,,58907,Vespertino,2026-05-24 15:43:13,,116577,"POINT (  572858.430271041,   6144537.58213143)",LUIS MORO 4445 ANTES 4445,0
2026-05-24,G_103,21,S,75,,S,,58907,Vespertino,2026-05-24 15:44:30,,116605,"POINT (  572968.776395280,   6144457.01840803)",LUIS MORO 4389 FTE 4384. CERCO MADERA,0
2026-05-24,G_103,22,S,100,,S,,58907,Vespertino,2026-05-24 16:03:26,,183169,"POINT (  572517.738568845,   6144116.67034771)",EDUARDO PONDAL 861,0
2026-05-24,G_103,23,S,100,,S,,58907,Vespertino,2026-05-24 15:55:44,,183565,"POINT (  572367.311262092,   6144191.89195534)",WATERLOO 858,0
2026-05-24,G_103,24,S,100,,S,,58907,Vespertino,2026-05-24 15:57:34,,169192,"POINT (  572475.573205486,   6144292.29288511)",WATERLOO 938,0
2026-05-24,G_103,25,S,50,,S,,58907,Vespertino,2026-05-24 19:17:10,,116620,"POINT (  572507.695431852,   6144278.05758634)",3 DE FEBRERO 4488 FTE 4488,0
2026-05-24,G_103,26,S,100,,S,,58907,Vespertino,2026-05-24 16:09:46,,183251,"POINT (  572604.918038081,   6144030.50438900)",LAS VIOLETAS 854,0
2026-05-24,G_103,27,S,100,,S,,58907,Vespertino,2026-05-24 16:02:15,,116643,"POINT (  572578.780736806,   6144225.51461835)",3 DE FEBRERO 4453 MURO,0
2026-05-24,G_103,28,S,75,,S,,58907,Vespertino,2026-05-24 16:09:56,,183168,"POINT (  572654.339876035,   6144099.02328889)",LAS VIOLETAS 880,0
2026-05-24,G_103,29,S,100,,S,"Basura Afuera, Requiere Limpieza",58907,Vespertino,2026-05-24 16:21:26,,116642,"POINT (  572854.979233487,   6144023.70163875)",3 DE FEBRERO 4323 SUBESTACION,0
2026-05-24,G_103,30,S,75,,S,,58907,Vespertino,2026-05-24 16:26:05,,116653,"POINT (  572911.643582395,   6144207.31172933)",CNO ARIEL 4376,0
2026-05-24,G_103,31,S,75,,S,,58907,Vespertino,2026-05-24 16:27:53,,116652,"POINT (  572821.525110194,   6144274.04067439)",CNO ARIEL 4396,0
2026-05-24,G_103,32,S,100,,S,,58907,Vespertino,2026-05-24 16:29:50,,116623,"POINT (  572716.405103069,   6144348.10837461)",CNO ARIEL 4442 EN 4444,0
2026-05-24,G_103,33,S,100,,S,,58907,Vespertino,2026-05-24 16:33:53,,135872,"POINT (  572669.918309941,   6144382.49257159)",CNO ARIEL 4460 EN 4460/4464,0
2026-05-24,G_103,34,S,100,,S,,58907,Vespertino,2026-05-24 16:36:26,,116578,"POINT (  572476.185621301,   6144526.50998201)",CNO ARIEL 4546 VEREDA. 4546/4542,0
2026-05-24,G_103,35,S,100,,S,,58907,Vespertino,2026-05-24 16:38:30,,116579,"POINT (  572365.750413523,   6144606.59097433)",CNO ARIEL 4548 VEREDA,0
2026-05-24,G_103,36,S,100,,S,,58907,Vespertino,2026-05-24 16:40:56,,116641,"POINT (  572303.233691730,   6144653.39836603)",CNO ARIEL 4558 VEREDA. FTE 4561. ARBOL/ARBOL,0
2026-05-24,G_103,37,S,100,,S,,58907,Vespertino,2026-05-24 16:42:52,,116654,"POINT (  572163.866641307,   6144754.21390795)",CNO ARIEL Esq. CARLOS F SANTURIO VEREDA. FTE 4603,0
2026-05-24,G_103,38,S,100,,S,,58907,Vespertino,2026-05-24 16:45:42,,116625,"POINT (  571991.196896860,   6144878.04081632)",CNO ARIEL 4650 VEREDA,0
2026-05-24,G_103,39,S,100,,S,,58907,Vespertino,2026-05-24 16:48:55,,116591,"POINT (  571795.084953053,   6145134.69697422)",LUIS GIRALT 1046,0
2026-05-24,G_103,40,S,100,,S,,58907,Vespertino,2026-05-24 16:52:15,,116592,"POINT (  571854.155240183,   6145244.10123736)",LUIS GIRALT 1110 EN 1108/1110,0
2026-05-24,G_103,41,S,100,,S,,58907,Vespertino,2026-05-24 17:56:35,,116647,"POINT (  571965.883842978,   6145175.17254409)",VEDIA 1103,0
2026-05-24,G_103,42,S,100,,S,,58907,Vespertino,2026-05-24 17:59:18,,116602,"POINT (  571902.645774393,   6145085.16449462)",VEDIA 1063 EN 1065,0
2026-05-24,G_103,43,S,100,,S,,58907,Vespertino,2026-05-24 18:00:52,,170432,"POINT (  571843.999797123,   6145004.78116402)",VEDIA 1005,0
2026-05-24,G_103,44,S,75,,S,,58907,Vespertino,2026-05-24 18:03:37,,169433,"POINT (  571806.065454188,   6144913.24350971)",VEDIA 959,0
2026-05-24,G_103,45,S,75,,S,,58907,Vespertino,2026-05-24 18:06:26,,175921,"POINT (  571760.311519390,   6144771.36282985)",VEDIA 911 PROV (O: VEDIA 947),0
2026-05-24,G_103,46,S,100,,S,,58907,Vespertino,2026-05-24 18:06:20,,180035,"POINT (  571759.580628572,   6144768.70334286)",VEDIA 911 PROV (O: VEDIA 887),0
2026-05-24,G_103,47,S,75,,S,,58907,Vespertino,2026-05-24 18:15:41,,116618,"POINT (  571930.698149557,   6144742.28432048)",TACUABE 4647 FTE 4646,0
2026-05-24,G_103,48,S,100,,S,,58907,Vespertino,2026-05-24 18:16:49,,116580,"POINT (  572016.378118272,   6144683.77508087)",TACUABE 4629 MURO,0
2026-05-24,G_103,49,S,100,,S,,58907,Vespertino,2026-05-24 18:18:32,,116655,"POINT (  572134.278243601,   6144603.94603610)",TACUABE 4597 MURO,0
2026-05-24,G_103,50,S,100,,S,,58907,Vespertino,2026-05-24 18:20:26,,116656,"POINT (  572312.458931348,   6144494.86532765)",TACUABE 4509,0
2026-05-24,G_103,51,S,100,,S,,58907,Vespertino,2026-05-24 18:23:00,,116619,"POINT (  572335.160531216,   6144317.38009232)",CNO MOLINOS DE RAFFO 893 VEREDA. FTE 890/894,0
2026-05-24,G_103,52,S,75,,S,,58907,Vespertino,2026-05-24 18:30:32,,116627,"POINT (  572143.014554725,   6144347.94807534)",CALAGUALA 853,0
2026-05-24,G_103,53,S,100,,S,,58907,Vespertino,2026-05-24 18:30:15,,183171,"POINT (  572145.797335730,   6144350.67801351)",CALAGUALA 862,0
2026-05-24,G_103,54,S,100,,S,,58907,Vespertino,2026-05-24 18:30:45,,116606,"POINT (  572205.531276518,   6144432.58609869)",CALAGUALA 894 FTE 891,0
2026-05-24,G_103,55,S,100,,S,"Basura Afuera, Requiere Limpieza",58907,Vespertino,2026-05-24 18:32:57,,116628,"POINT (  572141.165041439,   6144503.12045487)",CLARA 4584,0
2026-05-24,G_103,56,S,100,,S,,58907,Vespertino,2026-05-24 18:34:36,,116581,"POINT (  572011.248541099,   6144585.51161816)",CLARA 4624 CERCO VEGETAL,0
2026-05-24,G_103,57,S,100,,S,,58907,Vespertino,2026-05-24 18:36:46,,135892,"POINT (  571932.294568628,   6144639.67206275)",CLARA 4644,0
2026-05-24,G_103,58,S,100,,S,,58907,Vespertino,2026-05-24 18:38:22,,169412,"POINT (  571871.505376043,   6144686.68247776)",CLARA 4650,0
2026-05-24,G_103,59,S,100,,S,,58907,Vespertino,2026-05-24 18:47:39,,116601,"POINT (  571213.589617391,   6145178.03346838)",AV GRAL EUGENIO GARZON 930,0
2026-05-24,G_103,60,S,100,,S,,58907,Vespertino,2026-05-24 18:47:45,,116600,"POINT (  571232.274157625,   6145283.13411363)",AV GRAL EUGENIO GARZON 966 EN 960. MURO,0
2026-05-24,G_103,61,S,100,,S,,58907,Vespertino,2026-05-24 18:51:04,,165612,"POINT (  571289.981900819,   6145374.50470704)",CNO ARIEL 5099,0
2026-05-24,G_103,62,S,100,,S,,58907,Vespertino,2026-05-24 18:53:51,,116586,"POINT (  571363.389564072,   6145320.19055928)",CNO ARIEL 5019 VEREDA. EN 5029. EDIFICIO,0
2026-05-24,G_103,63,S,75,,S,,58907,Vespertino,2026-05-24 18:54:44,,180858,"POINT (  571383.150043114,   6145305.93906228)",CNO ARIEL 5019 EN 5021,0
2026-05-24,G_103,64,S,100,,N,,58907,Vespertino,2026-05-24 19:02:19,,162172,"POINT (  571437.136645964,   6145265.34089283)",CNO ARIEL 4989,0
2026-05-24,G_103,65,S,75,,S,,58907,Vespertino,2026-05-24 19:02:05,,181808,"POINT (  571651.827502615,   6145192.85323159)",IGNACIO RIVAS 1050,0
2026-05-24,G_103,66,S,75,,S,,58907,Vespertino,2026-05-24 19:05:08,,116589,"POINT (  571627.652348147,   6145334.26958609)",18 DE MAYO 1090 MURO,0
2026-05-24,G_103,67,S,100,,S,,58907,Vespertino,2026-05-24 19:05:14,,116590,"POINT (  571657.791084304,   6145391.03285152)",18 DE MAYO 1118,0
2026-05-24,G_103,68,S,100,,S,,58907,Vespertino,2026-05-24 19:09:10,,116609,"POINT (  571778.013079024,   6145454.81464965)",BV JOSE BATLLE Y ORDOÑEZ 3,0
2026-05-24,G_103,69,S,75,,S,,58907,Vespertino,2026-05-24 19:10:38,,116610,"POINT (  571729.201946239,   6145347.57442688)",IGNACIO RIVAS 1118,0
2026-05-24,G_103,70,,,,S,,58907,Vespertino,,,180702,"POINT (  571319.086484314,   6145171.17891046)",QUICUYO 929,0
2026-05-24,G_103,71,,,,S,,58907,Vespertino,,,180700,"POINT (  571330.352144009,   6145113.56173878)",QUICUYO 4983 EN 4987,0
2026-05-24,G_103,72,,,,S,,58907,Vespertino,,,180701,"POINT (  571435.217644009,   6145039.19813878)",QUICUYO 4927 EN 4927,0
2026-05-24,G_103,73,,,,S,,58907,Vespertino,,,180705,"POINT (  571490.872886928,   6144950.42700000)",QUICUYO 917,0
2026-05-24,G_103,74,,,,S,,58907,Vespertino,,,180706,"POINT (  571494.031928323,   6144825.26360131)",QUICUYO 867 EN 4812,0
2026-05-24,G_103,75,,,,S,,58907,Vespertino,,,180704,"POINT (  571394.460311983,   6144900.44165294)",GABRIEL VELAZCO 857,0
2026-05-24,G_103,76,,,,S,,58907,Vespertino,,,180703,"POINT (  571462.216303268,   6144999.35232832)",GABRIEL VELAZCO 897 FTE 897,0
2026-05-24,G_103,77,,,,S,,58907,Vespertino,,,116630,"POINT (  571456.212261075,   6145507.55311495)",REIMS Esq. DANUBIO,0
2026-05-24,G_103,78,,,,S,,58907,Vespertino,,,170012,"POINT (  571452.685676769,   6145597.64131405)",REIMS Esq. AMIENS,0
2026-05-24,G_103,79,,,,S,,58907,Vespertino,,,116632,"POINT (  571637.510754276,   6145566.54325244)",BV JOSE BATLLE Y ORDOÑEZ Esq. PAYAGUAS ANTES BT,0
2026-05-24,G_103,80,,,,S,,58907,Vespertino,,,116659,"POINT (  571589.100369706,   6145463.79140968)",28 DE FEBRERO 1123 FTE 1124,0
2026-05-24,G_103,81,,,,S,,58907,Vespertino,,,116660,"POINT (  571511.532552083,   6145313.29687500)",28 DE FEBRERO 1056,0
2026-05-24,G_103,82,S,50,,S,,58907,Vespertino,2026-05-24 18:10:10,,181850,"POINT (  571569.836693246,   6144767.82001852)",AV SAYAGO 854,0
2026-05-24,G_103,83,S,75,,S,,58907,Vespertino,2026-05-24 18:11:51,,181807,"POINT (  571580.130810893,   6144923.92023639)",AV SAYAGO 920,0
2026-05-24,G_103,84,,,,S,,58907,Vespertino,,,169352,"POINT (  571620.662849621,   6145007.19617377)",AV SAYAGO 954,0
2026-05-24,G_103,85,,,,S,,58907,Vespertino,,,172892,"POINT (  571625.648607063,   6145014.79310779)",AV SAYAGO 954 PROV (O: SAYAGO 972),0
2026-05-24,G_103,86,,,,S,,58907,Vespertino,,,172893,"POINT (  571630.297286376,   6145021.52567783)",AV SAYAGO 964 PROV (O: SAYAGO 978),0
2026-05-24,G_103,87,,,,S,,58907,Vespertino,,,116633,"POINT (  571736.014665921,   6145189.83992880)",AV SAYAGO 1070 EN 1066,0
2026-05-24,G_103,88,,,,S,,58907,Vespertino,,,116634,"POINT (  571799.865184027,   6145307.02381864)",AV SAYAGO 1122,0
2026-05-24,G_103,89,S,100,,S,,58907,Vespertino,2026-05-24 16:53:54,,116648,"POINT (  571977.665840546,   6145316.79696384)",BV JOSE BATLLE Y ORDOÑEZ 6073,0
2026-05-24,G_103,90,,,,S,,58907,Vespertino,,,116594,"POINT (  572083.303070448,   6145240.81510197)",BV JOSE BATLLE Y ORDOÑEZ 6037,0
2026-05-24,G_103,91,,,,S,,58907,Vespertino,,,116651,"POINT (  572057.494885296,   6144990.50776585)",BELL 1044 VEREDA. FTE 1073. MURO C/REJAS.,0
2026-05-24,G_103,92,,,,S,,58907,Vespertino,,,116636,"POINT (  572115.683526351,   6145072.34055170)",BELL 1108 LEÑERA.,0
2026-05-24,G_103,93,,,,S,,58907,Vespertino,,,116637,"POINT (  572118.248314938,   6145075.70683672)",BELL 1108 LEÑERA.,0
2026-05-24,G_103,94,,,,S,,58907,Vespertino,,,116705,"POINT (  572694.965073468,   6144972.83476947)",OLIVERAS Esq. PASTOR MURO. FTE 4540,0
2026-05-24,G_103,95,,,,S,,58907,Vespertino,,,116741,"POINT (  572812.785049156,   6144887.87614754)",OLIVERAS 4505 ARBOL/ARBOL,0
2026-05-24,G_103,96,,,,S,,58907,Vespertino,,,116742,"POINT (  572846.768497925,   6144860.30467024)",OLIVERAS 4489 EN 4497. CERCO VEGETAL,0
2026-05-24,G_103,97,,,,S,,58907,Vespertino,,,116714,"POINT (  572948.291585334,   6144786.17392032)",OLIVERAS 4441 EN 4447/4441. MURO,0
2026-05-24,G_103,98,,,,S,,58907,Vespertino,,,173212,"POINT (  573023.258438780,   6144729.17643508)",OLIVERAS 4407,0
2026-05-24,G_103,99,,,,S,,58907,Vespertino,,,183090,"POINT (  573025.049635120,   6144727.90747941)",OLIVERAS 4407,0
2026-05-24,G_103,100,,,,S,,58907,Vespertino,,,183832,"POINT (  573034.157461905,   6144721.49332381)",OLIVERAS 4407,0
2026-05-24,G_103,101,,,,S,,58907,Vespertino,,,116663,"POINT (  573156.241891516,   6144532.77362627)",SORIA 1163 EN 1153,0
2026-05-24,G_103,102,,,,S,,58907,Vespertino,,,116712,"POINT (  572984.281518700,   6144604.29403161)",BV JOSE BATLLE Y ORDOÑEZ 5580 PDO EL 5580,0
2026-05-24,G_103,103,,,,S,,58907,Vespertino,,,130272,"POINT (  572763.309957926,   6144768.23679562)",BV JOSE BATLLE Y ORDOÑEZ 5152 MURO,0
2026-05-24,G_103,104,,,,S,,58907,Vespertino,,,116711,"POINT (  572688.016493449,   6144820.56750004)",BV JOSE BATLLE Y ORDOÑEZ 5748 MURO C/REJA,0
2026-05-24,G_103,105,,,,S,,58907,Vespertino,,,176524,"POINT (  572558.276943572,   6144920.65968408)",BV JOSE BATLLE Y ORDOÑEZ 5822,0
2026-05-24,G_103,106,,,,S,,58907,Vespertino,,,116665,"POINT (  572463.492903546,   6144997.20026104)",GUSTAVO A BECQUER 1175 MURO. PDO REBAJE,0
2026-05-24,G_103,107,,,,S,,58907,Vespertino,,,159872,"POINT (  572521.681544600,   6145083.12067868)",GUSTAVO A BECQUER Esq. OLIVERAS,0
2026-05-24,G_103,108,,,,S,,58907,Vespertino,,,180605,"POINT (  572384.798369511,   6145158.36018464)",LAFAYETTE 1193 FTE 1196,0
2026-05-24,CH_101,1,S,50,,S,,58797,Nocturno,2026-05-24 23:04:00,20,175380,"POINT (  576783.184780077,   6134713.16203109)",TABARE 2425 PDO 2425,0
2026-05-24,CH_101,2,S,50,,S,,58797,Nocturno,2026-05-24 23:04:06,20,180708,"POINT (  576782.176882294,   6134713.73880978)",TABARE 2425,0
2026-05-24,CH_101,3,S,50,,N,,58797,Nocturno,2026-05-24 23:05:27,20,175381,"POINT (  576663.128313290,   6134745.17970458)",TABARE 2373 FTE 2374. SUB ESTACION,0
2026-05-24,CH_101,4,S,100,,S,,58797,Nocturno,2026-05-24 23:07:16,20,175382,"POINT (  576633.716548584,   6134623.66554336)","MANUEL J ERRAZQUIN 2366 EN 2360. EDIFICIO, MURO DE PIEDRA",0
2026-05-24,CH_101,5,S,75,,S,,58797,Nocturno,2026-05-24 23:09:02,20,175498,"POINT (  576708.771014815,   6134577.69604445)",MANUEL J ERRAZQUIN 2394 FTE 2399,0
2026-05-24,CH_101,6,S,100,,S,,58797,Nocturno,2026-05-24 23:09:08,20,179030,"POINT (  576713.209093177,   6134575.10261863)",MANUEL J ERRAZQUIN Esq. JOSE LUIS ZORRILLA DE SAN MARTIN FTE 2399. ESQ,0
2026-05-24,CH_101,7,S,25,,S,,58797,Nocturno,2026-05-24 23:13:00,20,176426,"POINT (  576617.836767782,   6134611.03628235)",BV GRAL ARTIGAS 42 PDO 42. ARBOL/COLUMNA,0
2026-05-24,CH_101,8,S,25,,S,,58797,Nocturno,2026-05-24 23:13:07,20,176427,"POINT (  576617.626374967,   6134612.96832707)",BV GRAL ARTIGAS 42 PDO 42. ARBOL/COLUMNA,0
2026-05-24,CH_101,9,S,25,,S,,58797,Nocturno,2026-05-24 23:15:39,20,176428,"POINT (  576603.982776673,   6134784.25249835)",BV GRAL ARTIGAS 118 EN 122. ARBOL/ARBOL,0
2026-05-24,CH_101,10,S,100,,S,,58797,Nocturno,2026-05-24 23:17:11,20,176429,"POINT (  576596.228298668,   6134883.37756991)",BV GRAL ARTIGAS 160 ANTES DE PARADA,0
2026-05-24,CH_101,11,S,25,,S,,58797,Nocturno,2026-05-24 23:19:02,20,183948,"POINT (  576583.714947619,   6135022.82823333)",BV GRAL ARTIGAS 254,0
2026-05-24,CH_101,12,S,25,,S,,58797,Nocturno,2026-05-24 23:19:09,20,183965,"POINT (  576583.357577603,   6135025.14004813)",BV GRAL ARTIGAS 254,0
2026-05-24,CH_101,13,S,100,,S,,58797,Nocturno,2026-05-24 23:21:47,20,176432,"POINT (  576570.530319231,   6135195.57044992)",BV GRAL ARTIGAS 336 PDO REBAJE,0
2026-05-24,CH_101,14,S,100,,S,,58797,Nocturno,2026-05-24 23:26:41,20,176434,"POINT (  576549.551150053,   6135463.40050227)",BV GRAL ARTIGAS 456 ANTES DE COLUMNA,0
2026-05-24,CH_101,15,S,25,,S,,58797,Nocturno,2026-05-24 23:30:38,20,176435,"POINT (  576536.867468974,   6135611.78754844)",BV GRAL ARTIGAS 516 ARBOL/ARBOL,0
2026-05-24,CH_101,16,S,25,,S,,58797,Nocturno,2026-05-24 23:34:27,20,176436,"POINT (  576526.197547688,   6135738.35385418)",BV GRAL ARTIGAS 574 ANTES DE COLUMNA,0
2026-05-24,CH_101,17,S,100,,S,,58797,Nocturno,2026-05-25 02:34:46,27,182034,"POINT (  576800.039219385,   6135781.15530082)",AGRIM FRANCISCO ROS 2718,0
2026-05-24,CH_101,18,S,100,,S,,58797,Nocturno,2026-05-25 02:34:53,27,182035,"POINT (  576801.961214894,   6135778.82144913)",AGRIM FRANCISCO ROS 2718,0
2026-05-24,CH_101,19,S,75,,S,,58797,Nocturno,2026-05-25 02:41:28,27,183159,"POINT (  576945.585711464,   6135752.46927707)",LUIS DE LA TORRE 644,0
2026-05-24,CH_101,20,S,25,,S,,58797,Nocturno,2026-05-25 02:42:34,27,175658,"POINT (  576950.090298872,   6135756.50251974)",LUIS DE LA TORRE 644 PDO ANTEL,0
2026-05-24,CH_101,21,S,75,,S,,58797,Nocturno,2026-05-25 02:42:43,27,175659,"POINT (  576954.075241769,   6135759.87439449)",LUIS DE LA TORRE 644 PDO ANTEL,0
2026-05-24,CH_101,22,S,50,,S,,58797,Nocturno,2026-05-25 02:47:57,27,181869,"POINT (  577022.835564278,   6135665.15526929)",CORONEL MORA 641,0
2026-05-24,CH_101,23,S,100,,S,,58797,Nocturno,2026-05-25 02:48:11,27,175679,"POINT (  577020.248283905,   6135663.39279628)",CORONEL MORA 641 EN 635,0
2026-05-24,CH_101,24,S,25,,S,,58797,Nocturno,2026-05-25 02:48:18,27,175680,"POINT (  577016.876409147,   6135660.63398966)",CORONEL MORA 635,0
2026-05-24,CH_101,25,S,100,,S,,58797,Nocturno,2026-05-25 02:51:33,27,175655,"POINT (  576920.596707910,   6135586.55155480)",CORONEL MORA 581 EN 583. EDIFICIO,0
2026-05-24,CH_101,26,S,50,,S,,58797,Nocturno,2026-05-25 02:52:01,27,181655,"POINT (  576918.802681570,   6135585.19253743)",CORONEL MORA 581 EN 583,0
2026-05-24,CH_101,27,S,25,,S,,58797,Nocturno,2026-05-25 02:54:38,27,175654,"POINT (  576832.611116944,   6135599.17390885)",GRAL GREGORIO SUAREZ 2773,0
2026-05-24,CH_101,28,S,100,,S,,58797,Nocturno,2026-05-25 02:54:55,27,183818,"POINT (  576829.763119048,   6135601.99868095)",GRAL GREGORIO SUAREZ 2769,0
2026-05-24,CH_101,29,S,50,,S,,58797,Nocturno,2026-05-25 02:58:33,27,175574,"POINT (  576664.516081366,   6135622.31830798)",DR JOSE MARIA MONTERO 2730,0
2026-05-24,CH_101,30,S,100,,S,,58797,Nocturno,2026-05-25 02:59:39,27,175576,"POINT (  576740.957105592,   6135527.01721231)",DR JOSE MARIA MONTERO 2770,0
2026-05-24,CH_101,31,S,100,,S,,58797,Nocturno,2026-05-25 03:01:48,27,175577,"POINT (  576797.460340016,   6135457.73531724)",DR JOSE MARIA MONTERO 2804 EN 2804/2806,0
2026-05-24,CH_101,32,S,75,,S,,58797,Nocturno,2026-05-25 03:03:37,27,175578,"POINT (  576879.059016431,   6135386.45194521)",DR JOSE MARIA MONTERO 2860 EN 2860/2864,0
2026-05-24,CH_101,33,S,100,,S,,58797,Nocturno,2026-05-25 03:05:17,27,179955,"POINT (  576969.430630986,   6135329.79771409)",DR JOSE MARIA MONTERO 2928 SUBESTACION,0
2026-05-24,CH_101,34,S,50,,S,,58797,Nocturno,2026-05-25 03:07:35,27,179934,"POINT (  577033.591616902,   6135291.35141549)",DR JOSE MARIA MONTERO 2972,0
2026-05-24,CH_101,35,S,50,,S,,58797,Nocturno,2026-05-25 03:09:58,27,179262,"POINT (  577120.969988453,   6135236.07634270)",DR JOSE MARIA MONTERO 3034,0
2026-05-24,CH_101,36,S,50,,S,,58797,Nocturno,2026-05-25 03:10:15,27,175582,"POINT (  577123.661858606,   6135235.30986187)",DR JOSE MARIA MONTERO 3034,0
2026-05-24,CH_101,37,S,100,,S,,58797,Nocturno,2026-05-25 03:14:20,27,175640,"POINT (  577218.616498425,   6135177.93222193)",DR JOSE MARIA MONTERO 3072,0
2026-05-24,CH_101,38,S,100,,S,,58797,Nocturno,2026-05-25 03:14:26,27,175583,"POINT (  577222.466276327,   6135176.37384338)",DR JOSE MARIA MONTERO 3072 EDIFICIO,0
2026-05-24,CH_101,39,S,100,,S,,58797,Nocturno,2026-05-25 03:15:41,27,175585,"POINT (  577312.224820384,   6135121.87208592)",DR JOSE MARIA MONTERO 3100,0
2026-05-24,CH_101,40,S,50,,S,,58797,Nocturno,2026-05-25 03:25:07,27,175559,"POINT (  577019.624283540,   6134980.07514069)",GUIPUZCOA 358 TINTORERIA,0
2026-05-24,CH_101,41,S,100,,S,,58797,Nocturno,2026-05-25 03:26:11,27,175564,"POINT (  577085.057184440,   6135087.46207805)",GUIPUZCOA 434,0
2026-05-24,CH_101,42,S,50,,S,,58797,Nocturno,2026-05-25 03:27:44,27,175566,"POINT (  577088.598259077,   6135137.96088156)",JOAQUIN NUÑEZ 3043,0
2026-05-24,CH_101,43,S,75,,S,,58797,Nocturno,2026-05-25 03:28:58,27,175567,"POINT (  576968.240211364,   6135213.13173771)",JOAQUIN NUÑEZ 2957 PDO 2957. MURO LADRILLO,0
2026-05-24,CH_101,44,S,100,,S,,58797,Nocturno,2026-05-25 03:31:16,27,175568,"POINT (  576849.498741202,   6135285.91621748)",JOAQUIN NUÑEZ 2893 FTE 2890. REJAS,0
2026-05-24,CH_101,45,S,100,,S,,58797,Nocturno,2026-05-25 03:32:51,27,175569,"POINT (  576728.447874539,   6135397.61402831)",JOAQUIN NUÑEZ 2807,0
2026-05-24,CH_101,46,S,100,,S,,58797,Nocturno,2026-05-25 04:20:15,8,175571,"POINT (  576659.165979469,   6135483.48508825)",JOAQUIN NUÑEZ 2763 EDIFICIO,0
2026-05-24,CH_101,47,S,100,,S,,58797,Nocturno,2026-05-25 04:22:30,8,175573,"POINT (  576607.397007875,   6135553.15188273)",JOAQUIN NUÑEZ 2725 VENTANA TAPIADA,0
2026-05-24,CH_101,48,S,100,,S,,58797,Nocturno,2026-05-25 04:24:51,8,175542,"POINT (  576606.030614945,   6135302.77481196)",SOLANO GARCIA 2406 VEREDA. MURO,0
2026-05-24,CH_101,49,S,75,,S,,58797,Nocturno,2026-05-25 04:25:02,8,175544,"POINT (  576615.152731129,   6135297.65564971)",SOLANO GARCIA 2414 VEREDA. MURO,0
2026-05-24,CH_101,50,S,100,,S,,58797,Nocturno,2026-05-25 04:27:19,8,175547,"POINT (  576759.874911941,   6135210.70687139)",SOLANO GARCIA 2490 VEREDA,0
2026-05-24,CH_101,51,S,25,,S,,58797,Nocturno,2026-05-25 04:29:35,8,175555,"POINT (  576942.182520829,   6135099.39395998)",SOLANO GARCIA 2555 VEREDA. FTE 2555,0
2026-05-24,CH_101,52,S,100,,S,,58797,Nocturno,2026-05-25 04:31:22,8,175557,"POINT (  577127.550080083,   6134988.54292787)",SOLANO GARCIA 2634 VEREDA. MURO,0
2026-05-24,CH_101,53,,,,S,,58797,Nocturno,,,175529,"POINT (  576756.795716620,   6135015.49069830)",FRANCISCO GARCIA CORTINAS 2416 FTE 2412,0
2026-05-24,CH_101,54,,,,S,,58797,Nocturno,,,175539,"POINT (  576611.169022162,   6135105.95649505)",FRANCISCO GARCIA CORTINAS 2365,0
2026-05-24,CH_101,55,,,,S,,58797,Nocturno,,,175510,"POINT (  576727.372196078,   6134857.61452288)",PARVA DOMUS 2402 EN 2406. CERCO VEGETAL,0
2026-05-24,CH_101,56,,,,S,,58797,Nocturno,,,175512,"POINT (  576732.827391642,   6134857.89344403)",PARVA DOMUS 2402 EN 2406. CERCO VEGETAL,0
2026-05-24,CH_101,57,,,,S,,58797,Nocturno,,,175521,"POINT (  576835.931036775,   6134934.04598164)",ARIOSTO 260 FTE 291,0
2026-05-24,CH_101,58,,,,S,,58797,Nocturno,,,175550,"POINT (  576665.382105055,   6135179.79944820)",DR HECTOR MIRANDA 2421 PROV OP. ORIGEN 2445,0
2026-05-24,CH_101,59,,,,S,,58797,Nocturno,,,180638,"POINT (  576663.329567103,   6135180.11456188)",DR HECTOR MIRANDA 2421,0
2026-05-24,CH_101,60,,,,S,,58797,Nocturno,,,179038,"POINT (  576574.932575482,   6135236.23816856)",DR HECTOR MIRANDA 2355 EST 45,0
2026-05-24,CH_101,61,,,,S,,58797,Nocturno,,,175641,"POINT (  576979.706927931,   6135393.30646925)",JOSE ELLAURI 526 DROGUERIA,0
2026-05-24,CH_101,62,,,,S,,58797,Nocturno,,,175642,"POINT (  577042.839283330,   6135491.07235134)",JOSE ELLAURI 558,0
2026-05-24,CH_101,63,,,,S,,58797,Nocturno,,,180162,"POINT (  577082.021973979,   6135497.25313241)",LEYENDA PATRIA 2872,0
2026-05-24,CH_101,64,,,,S,,58797,Nocturno,,,180163,"POINT (  577109.740667082,   6135381.08097617)",LEYENDA PATRIA 2942,0
2026-05-24,CH_101,65,,,,S,,58797,Nocturno,,,175646,"POINT (  577051.717425811,   6135388.84545790)",BLANCA DEL TABARE 2941,0
2026-05-24,CH_101,66,,,,S,,58797,Nocturno,,,175643,"POINT (  577041.198983577,   6135432.72454585)",BLANCA DEL TABARE 2917 EDIFICIO,0
2026-05-24,CH_101,67,,,,S,,58797,Nocturno,,,179737,"POINT (  577231.393518453,   6135259.37292425)",LEYENDA PATRIA 3022 EDIFICIO,0
2026-05-24,CH_101,68,,,,S,,58797,Nocturno,,,179722,"POINT (  577234.178103806,   6135258.03019343)",LEYENDA PATRIA 3022 EDIFICIO,0
2026-05-24,CH_101,69,,,,S,,58797,Nocturno,,,175649,"POINT (  577349.341008554,   6135243.97291002)",LEYENDA PATRIA 3096,0
2026-05-24,CH_101,70,,,,S,,58797,Nocturno,,,175650,"POINT (  577375.252053460,   6135248.79525272)",LEYENDA PATRIA 3088 EDIFICIO,0
2026-05-24,CH_101,71,,,,S,,58797,Nocturno,,,175651,"POINT (  577459.006763451,   6135300.73899789)",LEYENDA PATRIA 3132 ARBOL/ARBOL,0
2026-05-24,CH_101,72,,,,S,,58797,Nocturno,,,181650,"POINT (  577460.879109101,   6135303.13208180)",LEYENDA PATRIA 3132,0
2026-05-24,B_103,1,S,100,,S,,58797,Nocturno,2026-05-24 23:37:15,20,176379,"POINT (  576425.631564924,   6135985.56362614)",JOSE H FIGUEIRA 2335 EN 2335/2327,1
2026-05-24,B_103,2,S,100,,S,,58797,Nocturno,2026-05-24 23:39:00,20,176380,"POINT (  576293.879229462,   6135974.15839099)",JOSE H FIGUEIRA 2263 FTE 2260,1
2026-05-24,B_103,3,S,75,,S,,58797,Nocturno,2026-05-24 23:41:59,20,181607,"POINT (  576243.243926735,   6135855.36076929)",IBIRAY 2230,1
2026-05-24,B_103,4,S,100,,S,,58797,Nocturno,2026-05-24 23:44:50,20,176383,"POINT (  576479.770998475,   6135861.70741699)",BV GRAL ARTIGAS 641 ARBOL/ARBOL,1
2026-05-24,B_103,5,S,25,,S,,58797,Nocturno,2026-05-24 23:46:45,20,176384,"POINT (  576484.564026797,   6135803.97321220)",BV GRAL ARTIGAS 607 PDO LOMA DE BURRO,1
2026-05-24,B_103,6,S,25,,S,,58797,Nocturno,2026-05-24 23:51:15,20,176385,"POINT (  576486.947380392,   6135765.35034401)",BV GRAL ARTIGAS 589 PDO COLUMNA. EDIFICIO ITAPUA,1
2026-05-24,B_103,7,S,100,,S,,58797,Nocturno,2026-05-24 23:51:35,20,176386,"POINT (  576489.235732790,   6135748.14554610)",BV GRAL ARTIGAS 581,1
2026-05-24,B_103,8,S,50,,S,,58797,Nocturno,2026-05-24 23:54:21,20,176387,"POINT (  576497.573904575,   6135660.99136296)",BV GRAL ARTIGAS 541,1
2026-05-24,B_103,9,S,100,,S,,58797,Nocturno,2026-05-24 23:54:28,20,176388,"POINT (  576501.277608279,   6135612.18962005)",BV GRAL ARTIGAS 529 NATAL. PDO COLUMNA,1
2026-05-24,B_103,10,S,75,,S,,58797,Nocturno,2026-05-24 23:57:22,20,176389,"POINT (  576506.857236158,   6135541.56650735)",BV GRAL ARTIGAS 493 MAPFRE,1
2026-05-24,B_103,11,S,25,,S,,58797,Nocturno,2026-05-24 23:57:28,20,179338,"POINT (  576507.159006931,   6135537.23256733)",BV GRAL ARTIGAS 493 PROV OV (O: BV GRAL ARTIGAS 417),1
2026-05-24,B_103,12,S,25,,S,,58797,Nocturno,2026-05-25 00:02:12,20,180364,"POINT (  576516.044250740,   6135404.41292219)",BV GRAL ARTIGAS 417,1
2026-05-24,B_103,13,S,75,,S,,58797,Nocturno,2026-05-25 00:04:43,20,176392,"POINT (  576481.134037062,   6135393.30932459)",AV JULIO MARIA SOSA 2333 REBAJE/REBAJE,1
2026-05-24,B_103,14,S,25,,S,,58797,Nocturno,2026-05-25 00:04:49,20,176393,"POINT (  576443.624401118,   6135416.36444556)",AV JULIO MARIA SOSA 2305 EN 2305. PDO REBAJE,1
2026-05-24,B_103,15,S,75,,S,,58797,Nocturno,2026-05-25 00:04:56,20,176394,"POINT (  576442.533361616,   6135417.04634525)",AV JULIO MARIA SOSA 2305 EN 2305. PDO REBAJE,1
2026-05-24,B_103,16,S,100,,S,,58797,Nocturno,2026-05-25 00:07:01,20,176395,"POINT (  576421.582852072,   6135481.31363296)",ING CARLOS MARIA MAGGIOLO 456 ANTES ARBOL,1
2026-05-24,B_103,17,S,100,,S,,58797,Nocturno,2026-05-25 00:10:49,20,176396,"POINT (  576413.137083409,   6135583.49440947)",ING CARLOS MARIA MAGGIOLO 514 EN 508. ARBOL/ARBOL,1
2026-05-24,B_103,18,S,100,,S,,58797,Nocturno,2026-05-25 00:10:55,20,176397,"POINT (  576413.137083409,   6135584.73672894)",ING CARLOS MARIA MAGGIOLO 514 EN 508. ARBOL/ARBOL,1
2026-05-24,B_103,19,S,100,,S,,58797,Nocturno,2026-05-25 00:15:29,20,176398,"POINT (  576407.436440025,   6135648.74623786)",ING CARLOS MARIA MAGGIOLO 546 ANTES SE?AL DE TRANSITO,1
2026-05-24,B_103,20,S,100,,S,,58797,Nocturno,2026-05-25 00:16:56,20,176399,"POINT (  576397.698258360,   6135759.11229672)",ING CARLOS MARIA MAGGIOLO 594 PDO ARBOL,1
2026-05-24,B_103,21,S,100,,S,,58797,Nocturno,2026-05-25 00:18:58,20,176400,"POINT (  576389.282545812,   6135861.22294231)",ING CARLOS MARIA MAGGIOLO 642 FTE 647. MURO,1
2026-05-24,B_103,22,S,50,,S,,58797,Nocturno,2026-05-25 00:21:24,20,176401,"POINT (  576382.560283987,   6135935.73334353)",ING CARLOS MARIA MAGGIOLO 684 ARBOL/ARBOL,1
2026-05-24,B_103,23,N,,Contenedor No Está,N,,58797,Nocturno,2026-05-25 00:21:33,,176402,"POINT (  576376.286806850,   6136019.06148550)",ING CARLOS MARIA MAGGIOLO 720 EN 724/726. CASA LADRILLO. PDO ARBOL,1
2026-05-24,B_103,24,S,100,,S,,58797,Nocturno,2026-05-25 00:23:18,20,181516,"POINT (  576373.905058930,   6136052.10656257)",ING CARLOS MARIA MAGGIOLO 740 PROV(O:ING CARLOS MARIA MAGGIOLO 720),1
2026-05-24,B_103,25,S,100,,S,,58797,Nocturno,2026-05-25 00:26:53,20,176404,"POINT (  576369.740569837,   6136101.29858797)",ING CARLOS MARIA MAGGIOLO 778 FTE 761,1
2026-05-24,B_103,26,S,75,,S,,58797,Nocturno,2026-05-25 01:41:33,27,176405,"POINT (  576254.199952358,   6136108.83893137)",PATRIA 765 PDO REBAJE,1
2026-05-24,B_103,27,S,100,,S,,58797,Nocturno,2026-05-25 01:44:26,27,176406,"POINT (  576258.923005364,   6136047.85740036)",PATRIA 741 FTE 746. PDO COLUMNA,1
2026-05-24,B_103,28,S,50,,S,,58797,Nocturno,2026-05-25 01:46:29,27,176407,"POINT (  576267.707577630,   6135938.68642592)",PATRIA 685 REJA CON VEGETACION,1
2026-05-24,B_103,29,S,50,,S,,58797,Nocturno,2026-05-25 01:48:00,27,176408,"POINT (  576274.808127832,   6135851.63646470)",PATRIA 647 FARMACIA. ANTES COLUMNA,1
2026-05-24,B_103,30,S,50,,S,,58797,Nocturno,2026-05-25 01:53:11,27,176440,"POINT (  576278.968015292,   6135797.11435678)",PATRIA 617,1
2026-05-24,B_103,31,S,100,,S,,58797,Nocturno,2026-05-25 01:55:54,27,176409,"POINT (  576286.443961072,   6135711.67117538)",PATRIA 571 EN 579/581. EDIFICIO,1
2026-05-24,B_103,32,S,100,,S,,58797,Nocturno,2026-05-25 01:56:34,27,176410,"POINT (  576289.711934929,   6135683.34873529)",PATRIA 553 REDPAGOS,1
2026-05-24,B_103,33,S,100,,S,,58797,Nocturno,2026-05-25 01:56:47,27,176411,"POINT (  576289.929799852,   6135680.29862636)",PATRIA 553 REDPAGOS,1
2026-05-24,B_103,34,S,100,,S,,58797,Nocturno,2026-05-25 02:01:50,27,180000,"POINT (  576296.566251522,   6135572.82861402)",PATRIA 505,1
2026-05-24,B_103,35,S,100,,S,,58797,Nocturno,2026-05-25 02:03:20,27,176413,"POINT (  576305.148532958,   6135510.63922286)",PATRIA 458 FTE 458. ARBOL/ARBOL,1
2026-05-24,B_103,36,N,,Auto,S,,58797,Nocturno,2026-05-25 02:04:38,,176414,"POINT (  576305.451908005,   6135506.69534724)",PATRIA 458 FTE 458. ARBOL/ARBOL,1
2026-05-24,B_103,37,S,50,,S,,58797,Nocturno,2026-05-25 02:06:30,27,176415,"POINT (  576250.237649378,   6135534.60585160)",AV JULIO MARIA SOSA 2223 CASA LADRILLOS,1
2026-05-24,B_103,38,S,50,,S,,58797,Nocturno,2026-05-25 02:08:29,27,176416,"POINT (  576211.948981849,   6135608.83063272)",AV JULIO HERRERA Y REISSIG 522 VEREDA. PDO REBAJE,1
2026-05-24,B_103,39,S,100,,S,,58797,Nocturno,2026-05-25 02:09:49,27,176417,"POINT (  576208.312846893,   6135711.66158475)",AV JULIO HERRERA Y REISSIG 572 VEREDA. EN 574 BIS. PDO COLUMNA,1
2026-05-24,B_103,40,S,50,,S,,58797,Nocturno,2026-05-25 02:14:38,27,176418,"POINT (  576208.198533561,   6135845.85896455)",AV JULIO HERRERA Y REISSIG 650 VEREDA,1
2026-05-24,B_103,41,S,50,,S,,58797,Nocturno,2026-05-25 02:16:32,27,176419,"POINT (  576208.880433249,   6135886.09104619)",AV JULIO HERRERA Y REISSIG 660 VEREDA. ANTES CARTEL,1
2026-05-24,B_103,42,S,25,,S,,58797,Nocturno,2026-05-25 02:18:54,27,176420,"POINT (  576212.903641413,   6136042.99616458)",AV JULIO HERRERA Y REISSIG 750 VEREDA. PDO COLUMNA. EDIFICIO,1
2026-05-24,B_103,43,S,25,,S,,58797,Nocturno,2026-05-25 02:19:02,27,176421,"POINT (  576212.971831382,   6136045.17824358)",AV JULIO HERRERA Y REISSIG 750 RETIRO PROVISORIO POR FERIA PQE RODO // VEREDA. PDO COLUMNA. EDIFICIO,1
2026-05-24,B_103,44,S,25,,S,,58797,Nocturno,2026-05-25 02:23:06,27,176422,"POINT (  576214.267440791,   6136100.07116853)",AV JULIO HERRERA Y REISSIG 780 RETIRO PROVISORIO POR FERIA PQE RODO // VEREDA. ANTES 780. MURO VEGETAL,1
2026-05-24,B_103,45,S,25,,S,,58797,Nocturno,2026-05-25 02:23:12,27,176423,"POINT (  576214.335630760,   6136103.13971713)",AV JULIO HERRERA Y REISSIG 780 VEREDA. ANTES 780. MURO VEGETAL,1
2026-05-24,B_103,46,S,25,,S,,58797,Nocturno,2026-05-25 02:27:24,27,176424,"POINT (  576306.898523312,   6136134.80030650)",AV TOMAS GIRIBALDI 2270 ARBOL/ARBOL,1
2026-05-24,B_103,47,S,50,,S,,58797,Nocturno,2026-05-25 02:29:06,27,176425,"POINT (  576421.189488588,   6136154.47691721)",AV TOMAS GIRIBALDI 2336,1
2026-05-24,CH_102,1,S,100,,S,,58798,Nocturno,2026-05-24 23:08:21,23,175449,"POINT (  577139.564468152,   6136678.15534173)",LUIS B CAVIA 2768 FTE 2761. ARBOL/ARBOL,0
2026-05-24,CH_102,2,S,75,,S,,58798,Nocturno,2026-05-24 23:08:28,23,175450,"POINT (  577223.170422276,   6136555.94720235)",LUIS B CAVIA 2805 CERCO COLEGIO,0
2026-05-24,CH_102,3,S,75,,S,,58798,Nocturno,2026-05-24 23:02:51,23,175451,"POINT (  577299.905966093,   6136469.72749019)",LUIS B CAVIA 2872 EN 2870/2872. CERCO VERDE,0
2026-05-24,CH_102,4,S,50,,S,,58798,Nocturno,2026-05-24 23:02:43,23,175505,"POINT (  577325.742740647,   6136440.86825579)",LUIS B CAVIA 2888,0
2026-05-24,CH_102,5,S,75,,S,,58798,Nocturno,2026-05-24 23:08:37,23,176023,"POINT (  577365.668104492,   6136397.43356547)",LUIS B CAVIA 2912 EN 2908/2912. ARBOL/ARBOL,0
2026-05-24,CH_102,6,S,75,,S,,58798,Nocturno,2026-05-24 23:13:11,23,175506,"POINT (  577306.186167348,   6136269.14424873)",PLAZOLETA LEÓN TOLSTOI FTE 2892. MURO. VENTANA/VENTANA,0
2026-05-24,CH_102,7,S,75,,S,,58798,Nocturno,2026-05-24 23:13:03,23,175509,"POINT (  577218.646548489,   6136306.95318917)",JOSE BENITO LAMAS 2857 FTE 2862. PDO 2875. MURO VEGETAL,0
2026-05-24,CH_102,8,S,100,,S,,58798,Nocturno,2026-05-24 23:12:55,23,180048,"POINT (  577103.503241605,   6136358.96448659)",LUIS DE LA TORRE 1004 MURO BLANCO,0
2026-05-24,CH_102,9,S,100,,S,,58798,Nocturno,2026-05-24 23:12:25,23,175536,"POINT (  577104.128950606,   6136361.48395988)",LUIS DE LA TORRE 1004 MURO BLANCO,0
2026-05-24,CH_102,10,S,50,,S,,58798,Nocturno,2026-05-24 23:14:26,23,182146,"POINT (  577131.833027986,   6136514.04645461)",TRABAJO 2797 FTE 2790,0
2026-05-24,CH_102,11,S,75,,S,,58798,Nocturno,2026-05-24 23:15:35,23,182145,"POINT (  577086.554302162,   6136577.07262071)",TRABAJO 2767 FTE 2770,0
2026-05-24,CH_102,12,S,100,,S,,58798,Nocturno,2026-05-24 23:18:01,23,182075,"POINT (  576994.654202781,   6136561.13994557)",CARLOS M MAESO 2710,0
2026-05-24,CH_102,13,S,100,,S,,58798,Nocturno,2026-05-24 23:19:01,23,181677,"POINT (  577014.053809586,   6136463.65085120)",DR ENRIQUE MUÑOZ 1085 EN 1087,0
2026-05-24,CH_102,14,S,100,,S,,58798,Nocturno,2026-05-24 23:21:07,23,175558,"POINT (  576899.054541177,   6136496.23724581)",QUEBRACHO 2703 FTE 2702,0
2026-05-24,CH_102,15,S,100,,S,,58798,Nocturno,2026-05-24 23:24:14,23,175562,"POINT (  576831.235263885,   6136484.61328341)",LIBERTAD 2507 VEREDA. PDO ARBOL,0
2026-05-24,CH_102,16,S,100,,S,,58798,Nocturno,2026-05-24 23:24:21,23,175565,"POINT (  576787.864757516,   6136452.61941220)",LIBERTAD 2485 EN 2493 VEREDA. LOCAL DE CARNES,0
2026-05-24,CH_102,17,S,100,,S,,58798,Nocturno,2026-05-24 23:28:32,23,183655,"POINT (  576799.898783201,   6136320.96174461)",DR JUAN C DIGHIERO 2485,0
2026-05-24,CH_102,18,S,100,,S,,58798,Nocturno,2026-05-24 23:28:24,23,183654,"POINT (  576797.401620885,   6136320.50771510)",DR JUAN C DIGHIERO 2485,0
2026-05-24,CH_102,19,S,75,,S,,58798,Nocturno,2026-05-24 23:34:18,23,180541,"POINT (  576683.439545752,   6136129.14307103)",21 DE SETIEMBRE 2535 FTE ANCAP,0
2026-05-24,CH_102,20,S,100,,S,,58798,Nocturno,2026-05-24 23:34:26,23,180540,"POINT (  576681.696626362,   6136130.77705795)",21 DE SETIEMBRE 2535 FTE ANCAP,0
2026-05-24,CH_102,21,S,75,,S,,58798,Nocturno,2026-05-24 23:34:04,23,180539,"POINT (  576679.844774510,   6136131.64851765)",21 DE SETIEMBRE 2535 FTE ANCAP,0
2026-05-24,CH_102,22,S,75,,S,,58798,Nocturno,2026-05-24 23:38:24,23,182996,"POINT (  576532.552949149,   6136251.47239762)",LIBERTAD 2358 EN 2358,0
2026-05-24,CH_102,23,S,100,,S,,58798,Nocturno,2026-05-24 23:38:43,23,182995,"POINT (  576535.390633599,   6136253.06150091)",LIBERTAD 2 EN 2358,0
2026-05-24,CH_102,24,S,100,,S,,58798,Nocturno,2026-05-24 23:41:02,23,177380,"POINT (  576695.196462963,   6136355.14746166)",OBLIGADO 1037 EN 1045,0
2026-05-24,CH_102,25,S,100,,S,,58798,Nocturno,2026-05-24 23:32:07,23,175638,"POINT (  576707.130461042,   6136228.91377537)",OBLIGADO 955,0
2026-05-24,CH_102,26,S,100,,S,,58798,Nocturno,2026-05-24 23:31:57,23,180620,"POINT (  576707.133553356,   6136227.07873618)",OBLIGADO 955,0
2026-05-24,CH_102,27,S,50,,S,,58798,Nocturno,2026-05-24 23:32:21,23,175637,"POINT (  576707.284420808,   6136224.75686167)",OBLIGADO 955,0
2026-05-24,CH_102,28,S,75,,S,,58798,Nocturno,2026-05-25 02:11:37,11,180023,"POINT (  576887.954146198,   6136217.96227696)",CARLOS BERG 2530,0
2026-05-24,CH_102,29,S,100,,S,,58798,Nocturno,2026-05-25 02:13:13,11,175604,"POINT (  577017.051471518,   6136226.91229840)",CARLOS BERG 2580 SUBESTACION,0
2026-05-24,CH_102,30,S,100,,S,,58798,Nocturno,2026-05-25 03:10:10,11,181305,"POINT (  577177.778407168,   6136190.93149659)",FRANCISCO AGUILAR 943,0
2026-05-24,CH_102,31,S,100,,S,,58798,Nocturno,2026-05-25 03:10:31,11,181304,"POINT (  577178.290352560,   6136181.85868657)",FRANCISCO AGUILAR 931 EN 945,0
2026-05-24,CH_102,32,S,75,,S,,58798,Nocturno,2026-05-25 02:08:06,11,183802,"POINT (  577179.363323779,   6136176.86658886)",FRANCISCO AGUILAR 931,0
2026-05-24,CH_102,33,S,75,,S,,58798,Nocturno,2026-05-25 02:08:18,11,183968,"POINT (  577186.305054814,   6136102.36293615)",FRANCISCO AGUILAR 871,0
2026-05-24,CH_102,34,S,75,,S,,58798,Nocturno,2026-05-25 02:30:28,11,181383,"POINT (  577187.735082139,   6136070.33908726)",FRANCISCO AGUILAR 863,0
2026-05-24,CH_102,35,S,75,,S,,58798,Nocturno,2026-05-25 02:30:42,11,181303,"POINT (  577204.172036291,   6135890.98837941)",FRANCISCO AGUILAR 777,0
2026-05-24,CH_102,36,S,100,,S,,58798,Nocturno,2026-05-25 02:23:52,11,183712,"POINT (  577062.006495425,   6135831.81043726)",FRANCISCO SOLANO ANTUÑA 2657,0
2026-05-24,CH_102,37,S,100,,S,,58798,Nocturno,2026-05-25 02:22:04,11,183711,"POINT (  577061.026103268,   6135832.35509957)",FRANCISCO SOLANO ANTUÑA 2657,0
2026-05-24,CH_102,38,S,100,,S,,58798,Nocturno,2026-05-25 02:21:52,11,180623,"POINT (  577060.060859841,   6135833.77653003)",FRANCISCO SOLANO ANTUÑA 2656 ESQ. VEREDA,0
2026-05-24,CH_102,39,N,,Auto,S,,58798,Nocturno,2026-05-25 02:36:08,,180625,"POINT (  577005.407930444,   6135895.46930239)",FRANCISCO SOLANO ANTUÑA 2609,0
2026-05-24,CH_102,40,S,75,,S,,58798,Nocturno,2026-05-25 02:35:49,11,175673,"POINT (  576973.233621080,   6136000.42700510)",DR ENRIQUE MUÑOZ 842,0
2026-05-24,CH_102,41,S,100,,S,,58798,Nocturno,2026-05-25 02:35:38,11,175672,"POINT (  576973.080354045,   6136004.71848206)",DR ENRIQUE MUÑOZ 846,0
2026-05-24,CH_102,42,S,75,,S,,58798,Nocturno,2026-05-25 03:10:54,11,183794,"POINT (  576965.512730827,   6136101.15890978)",DR ENRIQUE MUÑOZ 894 PROV O: Luis Franzini 889,0
2026-05-24,CH_102,43,S,75,,S,,58798,Nocturno,2026-05-25 02:39:53,11,175639,"POINT (  576964.012331871,   6136112.44321182)",DR ENRIQUE MUÑOZ 894 PDO 894,0
2026-05-24,CH_102,44,S,100,,S,,58798,Nocturno,2026-05-25 02:40:02,11,183127,"POINT (  576950.526770989,   6136269.23025063)",DR ENRIQUE MUÑOZ 975,0
2026-05-24,CH_102,45,S,50,,S,,58798,Nocturno,2026-05-25 02:40:12,11,175602,"POINT (  576949.688059509,   6136272.02371288)",DR ENRIQUE MUÑOZ 975,0
2026-05-24,CH_102,46,S,100,,S,,58798,Nocturno,2026-05-24 23:43:35,23,175572,"POINT (  576824.538014028,   6136203.02086987)",LUIS FRANZINI 945 FTE 946. ANTES DE REBAJE,0
2026-05-24,CH_102,47,S,75,,S,,58798,Nocturno,2026-05-25 02:27:03,11,183969,"POINT (  576833.589381925,   6136096.11387937)",LUIS FRANZINI 889,0
2026-05-24,CH_102,48,S,100,,S,,58798,Nocturno,2026-05-25 02:26:54,11,183966,"POINT (  576834.129656974,   6136094.24747466)",LUIS FRANZINI 889,0
2026-05-24,CH_102,49,S,75,,S,,58798,Nocturno,2026-05-25 02:26:41,11,175669,"POINT (  576866.636398599,   6136007.40065517)",DR JOSE SCOSERIA 2506 EN 2502/2506. EST 45,0
2026-05-24,CH_102,50,S,75,,S,,58798,Nocturno,2026-05-25 02:26:31,11,175671,"POINT (  576903.880287978,   6136011.00243048)",DR JOSE SCOSERIA 2524 EST 45,0
2026-05-24,CH_102,51,S,75,,S,,58798,Nocturno,2026-05-25 02:31:56,11,181894,"POINT (  577001.576579181,   6136019.45301536)",DR JOSE SCOSERIA 2562,0
2026-05-24,CH_102,52,S,100,,S,,58798,Nocturno,2026-05-25 02:32:04,11,182991,"POINT (  577126.648093857,   6136031.89771286)",DR JOSE SCOSERIA 2622,0
2026-05-24,CH_102,53,S,50,,S,,58798,Nocturno,2026-05-25 02:17:34,11,183967,"POINT (  577266.247132231,   6136040.38705382)",DR JOSE SCOSERIA 2682,0
2026-05-24,CH_102,54,S,75,,S,,58798,Nocturno,2026-05-25 02:31:32,11,181384,"POINT (  577136.760933902,   6135939.12511513)",JAIME ZUDAÑEZ 2621,0
2026-05-24,CH_102,55,S,50,,S,,58798,Nocturno,2026-05-25 02:33:06,11,175676,"POINT (  577043.391606112,   6135932.52970882)",JAIME ZUDAÑEZ 2581 EN 2577,0
2026-05-24,CH_102,56,S,75,,S,,58798,Nocturno,2026-05-25 02:33:16,11,175674,"POINT (  576950.205249149,   6135925.55605876)",JAIME ZUDAÑEZ 2549 FTE 2544,0
2026-05-24,CH_102,57,S,75,,S,,58798,Nocturno,2026-05-24 23:55:55,23,178304,"POINT (  576844.858184519,   6135973.90187204)",LUIS FRANZINI 831 EN 831,0
2026-05-24,CH_102,58,S,50,,S,,58798,Nocturno,2026-05-24 23:50:50,23,175668,"POINT (  576846.251883014,   6135952.99085793)",LUIS FRANZINI 827 EN 803,0
2026-05-24,CH_102,59,S,100,,S,,58798,Nocturno,2026-05-24 23:52:23,23,182012,"POINT (  576831.487925926,   6135862.22872571)",WILLIMAN 637 MURO LADRILLO CON REJA,0
2026-05-24,CH_102,60,S,100,,S,,58798,Nocturno,2026-05-24 23:55:24,23,182013,"POINT (  576830.207969499,   6135861.11216798)",WILLIMAN 631 MURO LADRILLO CON REJA,0
2026-05-24,CH_102,61,S,75,,S,,58798,Nocturno,2026-05-24 23:57:12,23,183092,"POINT (  576761.688176678,   6135807.62571229)",WILLIMAN 597,0
2026-05-24,CH_102,62,S,100,,S,,58798,Nocturno,2026-05-24 23:59:55,23,177032,"POINT (  576642.038631804,   6135710.34761279)",WILLIMAN 515 FTE 516,0
2026-05-24,CH_102,63,S,100,,S,,58798,Nocturno,2026-05-25 00:01:47,23,175678,"POINT (  576543.434539641,   6135790.60443490)",DR JOSE MARIA MONTERO 2613 FTE 2612. MURO CON REJA,0
2026-05-24,CH_102,64,S,100,,S,,58798,Nocturno,2026-05-25 00:03:38,23,175662,"POINT (  576607.691743847,   6135888.77197048)",ECHEVERRIA 538 FTE 541. COLEGIO. ANTES LOMA DE BURRO,0
2026-05-24,CH_102,65,S,100,,S,,58798,Nocturno,2026-05-25 00:04:30,23,175661,"POINT (  576677.581511569,   6135972.14923724)",ECHEVERRIA 592 SUBESTACION,0
2026-05-24,CH_102,66,S,100,,S,,58798,Nocturno,2026-05-25 00:04:18,23,180044,"POINT (  576678.058328722,   6135972.84024425)",ECHEVERRIA 592 SUBESTACION,0
2026-05-24,CH_102,67,S,100,,S,,58798,Nocturno,2026-05-25 00:09:42,23,175664,"POINT (  576789.083279153,   6135968.77736248)",AMADO BONPLAND 645 ANTES DE 645,0
2026-05-24,CH_102,68,S,100,,S,,58798,Nocturno,2026-05-25 00:09:22,23,180661,"POINT (  576785.224547712,   6135963.58777124)",AMADO BONPLAND 645,0
2026-05-24,CH_102,69,S,100,,S,,58798,Nocturno,2026-05-25 00:12:28,23,175663,"POINT (  576688.386837500,   6135847.46650469)",AMADO BONPLAND 581 REJAS VERDES,0
2026-05-24,CH_102,70,S,75,,S,,58798,Nocturno,2026-05-25 02:33:37,11,176437,"POINT (  576516.729871054,   6135847.17202325)",BV GRAL ARTIGAS 628 PDO COLUMNA,0
2026-05-24,CH_102,71,S,100,,S,,58798,Nocturno,2026-05-25 00:19:17,23,180110,"POINT (  576568.762009804,   6135982.79381656)",JOSE H FIGUEIRA 2380 EN 2378,0
2026-05-24,CH_102,72,S,75,,S,,58798,Nocturno,2026-05-25 00:19:07,23,183972,"POINT (  576598.649611085,   6135983.60312497)",JOSE H FIGUEIRA 2392 Jose H Figueira 2392,0
2026-05-24,CH_102,73,S,100,,S,,58798,Nocturno,2026-05-25 00:22:53,23,183973,"POINT (  576579.674371995,   6136109.08594434)",AV SARMIENTO 2385 Av Sarmiento 2389,0
2026-05-24,CH_102,74,S,100,,S,,58798,Nocturno,2026-05-25 00:22:45,23,183945,"POINT (  576575.984342857,   6136109.40969524)",AV SARMIENTO 2385,0
2026-05-24,CH_102,75,S,100,,S,,58798,Nocturno,2026-05-25 00:29:02,23,175627,"POINT (  576480.424704496,   6136257.43482216)",PLAZOLETA MANUEL MAGARIÑOS CASTAÑO VEREDA,0
2026-05-24,CH_102,76,S,50,,S,,58798,Nocturno,2026-05-25 00:30:09,23,176438,"POINT (  576478.273070247,   6136340.07730252)",BV GRAL ARTIGAS 898 ARBOL/ARBOL,0
2026-05-24,CH_102,77,S,75,,S,,58798,Nocturno,2026-05-25 00:32:14,23,176439,"POINT (  576472.718470876,   6136400.56006426)",BV GRAL ARTIGAS 928 EDIFICIO ORLEANS,0
2026-05-24,CH_102,78,S,50,,S,,58798,Nocturno,2026-05-25 00:32:24,23,183123,"POINT (  576470.549524118,   6136404.27006860)",BV GRAL ARTIGAS 928,0
2026-05-24,CH_123,1,S,50,,S,,58798,Nocturno,2026-05-25 03:04:18,11,176627,"POINT (  577203.130934859,   6138746.89167843)",AV CENTENARIO 2754 EN 2756. EDIFICIO,1
2026-05-24,CH_123,2,S,50,,S,,58798,Nocturno,2026-05-25 03:04:07,11,176628,"POINT (  577304.002394554,   6138941.22719041)",AV CENTENARIO 2854 EDIFICIO,1
2026-05-24,CH_123,3,S,50,,S,,58798,Nocturno,2026-05-25 03:03:52,11,176629,"POINT (  577317.074289979,   6138969.98536035)",AV CENTENARIO 2872 CCZ. ANTES DE CORDON RESERVADO,1
2026-05-24,CH_123,4,S,100,,S,,58798,Nocturno,2026-05-25 03:03:38,11,176630,"POINT (  577373.501305229,   6139097.00061089)",AV CENTENARIO 2908 VEREDA. EN 2910,1
2026-05-24,CH_123,5,S,50,,S,,58798,Nocturno,2026-05-25 03:11:36,11,176631,"POINT (  577411.409801961,   6139228.37315991)",AV CENTENARIO 2946 ESQ,1
2026-05-24,CH_123,6,S,75,,S,,58798,Nocturno,2026-05-25 03:07:11,11,176632,"POINT (  577446.921784532,   6139379.57141699)",AV CENTENARIO 2992,1
2026-05-24,CH_123,7,S,75,,S,,58798,Nocturno,2026-05-25 03:09:49,11,176633,"POINT (  577478.076468627,   6139564.97446710)",AV CENTENARIO 3090 EN 3090 BIS,1
2026-05-24,CH_123,8,S,100,,S,,58798,Nocturno,2026-05-25 01:20:00,11,176644,"POINT (  577684.817289543,   6138333.03012201)",AV DR ALFREDO NAVARRO 3100 VEREDA. EN 3102. EDIFICIO,1
2026-05-24,CH_123,9,S,75,,S,,58798,Nocturno,2026-05-25 01:19:50,11,176645,"POINT (  577846.146265578,   6138195.77522005)",AV DR ALFREDO NAVARRO 3190 EN 3192,1
2026-05-24,CH_123,10,S,75,,S,,58798,Nocturno,2026-05-25 01:31:51,11,176646,"POINT (  579556.371994771,   6138376.95894031)",AV SANTIAGO RIVAS 1679 PDO EDIFICIO. ESTACION UTE,1
2026-05-24,CH_123,11,S,75,,S,,58798,Nocturno,2026-05-25 01:34:58,11,176647,"POINT (  579269.626759695,   6137977.46172985)",AV SANTIAGO RIVAS 1487 REJA CON ESTERILLA,1
2026-05-24,CH_123,12,S,75,,S,,58798,Nocturno,2026-05-25 01:34:50,11,176648,"POINT (  579225.400180174,   6137829.96717647)",AV SANTIAGO RIVAS 1419,1
2026-05-24,CH_123,13,S,75,,S,,58798,Nocturno,2026-05-25 01:45:04,11,177413,"POINT (  578653.910732203,   6137666.36398305)",AV DR LUIS ALBERTO DE HERRERA 1437 VEREDA,1
2026-05-24,CH_123,14,S,75,,S,,58798,Nocturno,2026-05-25 01:45:22,11,176649,"POINT (  578659.861689543,   6137657.61556493)",AV DR LUIS ALBERTO DE HERRERA 1431 VEREDA. EDIFICIO,1
2026-05-24,CH_123,15,S,100,,S,,58798,Nocturno,2026-05-25 01:50:04,11,176657,"POINT (  578724.411986128,   6137468.08445143)",AV DR LUIS ALBERTO DE HERRERA 1361,1
2026-05-24,CH_123,16,S,75,,S,,58798,Nocturno,2026-05-25 01:51:09,11,176658,"POINT (  578744.773788417,   6137397.49687016)",AV DR LUIS ALBERTO DE HERRERA 1339,1
2026-05-24,CH_123,17,S,75,,S,,58798,Nocturno,2026-05-25 01:58:44,11,176659,"POINT (  578828.034518301,   6137112.14020435)",AV DR LUIS ALBERTO DE HERRERA 1223 EN ARBOL/COLUMNA. ANTES DE LA ESPAÑOLA,1
2026-05-24,CH_123,18,S,75,,S,,58798,Nocturno,2026-05-25 01:58:51,11,181280,"POINT (  578856.812011604,   6137006.85637532)",AV DR LUIS ALBERTO DE HERRERA 1175 EN 1183,1
2026-05-24,CH_123,19,S,75,,S,,58798,Nocturno,2026-05-25 01:58:59,11,182116,"POINT (  578910.818817179,   6136820.27397645)",AV DR LUIS ALBERTO DE HERRERA 1087,1
2026-05-24,CH_103,1,S,75,,S,,58799,Nocturno,2026-05-24 23:08:20,,176453,"POINT (  577593.738073182,   6135392.87743479)",FRANCISCO A VIDAL 630 FTE 627/629. MURO CON CHAPAS,0
2026-05-24,CH_103,2,S,75,,S,,58799,Nocturno,2026-05-24 23:08:43,,176454,"POINT (  577594.501640769,   6135395.50750092)",FRANCISCO A VIDAL 630 FTE 627/629. MURO CON CHAPAS,0
2026-05-24,CH_103,3,S,75,,S,,58799,Nocturno,2026-05-24 23:12:53,,176456,"POINT (  577619.402428151,   6135484.03892046)",FRANCISCO A VIDAL 656 ANTES COLUMNA,0
2026-05-24,CH_103,4,S,75,,S,,58799,Nocturno,2026-05-25 00:27:35,,179079,"POINT (  577620.345404519,   6135486.26388664)",FRANCISCO A VIDAL 656 PDO COLUMNA,0
2026-05-24,CH_103,5,S,75,,S,,58799,Nocturno,2026-05-24 23:13:19,,176457,"POINT (  577632.849701747,   6135532.61030300)",FRANCISCO A VIDAL 678 MURO REJADO ARBOLES,0
2026-05-24,CH_103,6,N,,Auto,S,,58799,Nocturno,2026-05-25 02:47:22,,176458,"POINT (  577642.860921205,   6135567.39504858)",FRANCISCO A VIDAL 690 COLUMNA/ARBOL,0
2026-05-24,CH_103,7,S,75,,S,,58799,Nocturno,2026-05-24 23:20:14,,176265,"POINT (  577655.545060268,   6135607.86420287)",FRANCISCO A VIDAL 710 PDO ARBOL,0
2026-05-24,CH_103,8,S,75,,S,,58799,Nocturno,2026-05-24 23:20:32,,176266,"POINT (  577664.423055910,   6135635.45134884)",FRANCISCO A VIDAL 720 EN 722. OPTICA,0
2026-05-24,CH_103,9,S,75,,S,,58799,Nocturno,2026-05-24 23:21:00,,176268,"POINT (  577685.246552441,   6135715.05107265)",FRANCISCO A VIDAL 754 ANTES DE ZAPATERIA,0
2026-05-24,CH_103,10,S,75,,S,,58799,Nocturno,2026-05-24 23:21:20,,176269,"POINT (  577693.290158307,   6135738.71932270)",FRANCISCO A VIDAL 768 EDIFICIO,0
2026-05-24,CH_103,11,S,75,,S,,58799,Nocturno,2026-05-24 23:34:47,,176270,"POINT (  577698.192119091,   6135759.74328784)",FRANCISCO A VIDAL 782 MURO Y CERCO VEGETAL,0
2026-05-24,CH_103,12,S,100,,S,,58799,Nocturno,2026-05-25 00:27:55,,176271,"POINT (  577641.111509070,   6135892.31409394)",JUAN BENITO BLANCO 822 VEREDA,0
2026-05-24,CH_103,13,S,75,,S,,58799,Nocturno,2026-05-25 00:28:35,,181870,"POINT (  577642.136824005,   6135894.74401673)",JUAN BENITO BLANCO 822,0
2026-05-24,CH_103,14,S,100,,S,,58799,Nocturno,2026-05-25 00:04:27,,176273,"POINT (  577563.373057757,   6135860.42826993)",JAIME ZUDAÑEZ 2863,0
2026-05-24,CH_103,15,S,100,,S,,58799,Nocturno,2026-05-25 00:04:48,,176274,"POINT (  577496.028424988,   6135878.05538857)",JAIME ZUDAÑEZ 2833 REBAJE/REBAJE,0
2026-05-24,CH_103,16,S,100,,S,,58799,Nocturno,2026-05-25 00:05:14,,176275,"POINT (  577463.034074706,   6135888.22488010)",JAIME ZUDAÑEZ 2809 PDO 2809. PARED FARMACIA,0
2026-05-24,CH_103,17,S,100,,S,,58799,Nocturno,2026-05-25 00:05:30,,176276,"POINT (  577371.282662276,   6135913.30962586)",JAIME ZUDAÑEZ 2755 ARBOL/ARBOL,0
2026-05-24,CH_103,18,S,100,,S,,58799,Nocturno,2026-05-25 00:05:53,,176277,"POINT (  577313.881532333,   6135930.25877840)",JAIME ZUDAÑEZ 2725 ANTES DE 2727. MURO BAJO CON REJAS,0
2026-05-24,CH_103,19,S,75,,S,,58799,Nocturno,2026-05-24 23:38:54,,176278,"POINT (  577246.310910864,   6135815.45651851)",JUAN MARIA PEREZ 2720 EDIFICIO,0
2026-05-24,CH_103,20,S,50,,S,,58799,Nocturno,2026-05-24 23:39:21,,176279,"POINT (  577282.469102954,   6135804.38307219)",JUAN MARIA PEREZ 2738 MURO CON CERCO VEGETAL,0
2026-05-24,CH_103,21,S,100,,S,,58799,Nocturno,2026-05-24 23:39:45,,176280,"POINT (  577352.299611429,   6135784.27007784)",JUAN MARIA PEREZ 2762 EDIFICIO,0
2026-05-24,CH_103,22,S,75,,S,,58799,Nocturno,2026-05-24 23:40:03,,176281,"POINT (  577443.486052107,   6135756.19098180)",JUAN MARIA PEREZ 2824 EN 2820,0
2026-05-24,CH_103,23,S,75,,S,,58799,Nocturno,2026-05-24 23:40:33,,176282,"POINT (  577551.960628378,   6135727.60341117)",JUAN MARIA PEREZ 2870 EN 2880. EDIFICIO,0
2026-05-24,CH_103,24,S,100,,S,,58799,Nocturno,2026-05-24 23:40:59,,176283,"POINT (  577555.463453237,   6135726.36047332)",JUAN MARIA PEREZ 2896 EN 2880. EDIFICIO,0
2026-05-24,CH_103,25,S,100,,S,,58799,Nocturno,2026-05-24 23:48:35,,176284,"POINT (  577569.022775271,   6135722.17968236)",JUAN MARIA PEREZ 2896 EN 2892. EDIFICIO,0
2026-05-24,CH_103,26,S,100,,S,,58799,Nocturno,2026-05-24 23:49:08,,180659,"POINT (  577624.469859695,   6135706.18491678)",JUAN MARIA PEREZ 2924,0
2026-05-24,CH_103,27,S,100,,S,,58799,Nocturno,2026-05-24 23:49:44,,180639,"POINT (  577711.549454030,   6135679.70374619)",JUAN MARIA PEREZ 2970,0
2026-05-24,CH_103,28,S,75,,S,,58799,Nocturno,2026-05-24 23:53:47,,176471,"POINT (  577435.115188453,   6135379.11840959)",JOSE VAZQUEZ LEDESMA 3021 PROV OP. ORIGEN: JOSE VAZQUEZ LEDESMA 3033,0
2026-05-24,CH_103,29,S,75,,S,,58799,Nocturno,2026-05-24 23:54:07,,176472,"POINT (  577432.936539216,   6135380.42559913)",JOSE VAZQUEZ LEDESMA 3021 PROV OP. ORIGEN: JOSE VAZQUEZ LEDESMA 3033,0
2026-05-24,CH_103,30,S,75,,S,,58799,Nocturno,2026-05-24 23:55:35,,176294,"POINT (  577342.017125553,   6135434.38307220)",JOSE VAZQUEZ LEDESMA 2967 EN 2969. FTE CLUB BIGUA,0
2026-05-24,CH_103,31,S,75,,S,,58799,Nocturno,2026-05-24 23:55:16,,176295,"POINT (  577256.028424988,   6135485.00454112)",JOSE VAZQUEZ LEDESMA 2905,0
2026-05-24,CH_103,32,S,75,,S,,58799,Nocturno,2026-05-24 23:54:51,,181708,"POINT (  577181.074594539,   6135528.33717031)",JOSE VAZQUEZ LEDESMA 2881,0
2026-05-24,CH_103,33,S,75,,S,,58799,Nocturno,2026-05-24 23:54:26,,176296,"POINT (  577178.514300695,   6135530.20228124)",JOSE VAZQUEZ LEDESMA 2881,0
2026-05-24,CH_103,34,S,75,,S,,58799,Nocturno,2026-05-25 00:23:11,,181306,"POINT (  577531.401148009,   6135506.64425688)",JUAN BENITO BLANCO Esq. 21 DE SETIEMBRE VEREDA. EN 660,0
2026-05-24,CH_103,35,S,75,,S,,58799,Nocturno,2026-05-25 00:23:48,,181307,"POINT (  577532.993867008,   6135510.96735131)",JUAN BENITO BLANCO 664 VEREDA. EN 660,0
2026-05-24,CH_103,36,S,75,,S,,58799,Nocturno,2026-05-25 00:27:12,,180834,"POINT (  577549.745250361,   6135565.87773931)",JUAN BENITO BLANCO 684,0
2026-05-24,CH_103,37,S,100,,S,,58799,Nocturno,2026-05-25 00:29:05,,176326,"POINT (  577583.419573420,   6135683.85424488)",JUAN BENITO BLANCO 734 VEREDA. EN 736,0
2026-05-24,CH_103,38,S,100,,S,,58799,Nocturno,2026-05-25 00:40:22,,176461,"POINT (  577451.205457158,   6135597.38628653)",ROQUE GRASERAS 683,0
2026-05-24,CH_103,39,S,100,,S,,58799,Nocturno,2026-05-25 00:40:50,,176462,"POINT (  577450.950934630,   6135596.02883305)",ROQUE GRASERAS 683,0
2026-05-24,CH_103,40,S,100,,S,,58799,Nocturno,2026-05-25 00:41:15,,176463,"POINT (  577436.273468813,   6135547.49987093)",ROQUE GRASERAS 655 HELADERIA FREDO,0
2026-05-24,CH_103,41,S,100,,S,,58799,Nocturno,2026-05-25 00:41:47,,176464,"POINT (  577424.268489547,   6135508.68518531)",ROQUE GRASERAS 646 FTE A 646. MURO GRIS,0
2026-05-24,CH_103,42,S,100,,S,,58799,Nocturno,2026-05-25 00:42:13,,176465,"POINT (  577397.183050460,   6135412.85745329)",ROQUE GRASERAS 607 PARED AMARILLA,0
2026-05-24,CH_103,43,S,100,,S,,58799,Nocturno,2026-05-25 02:44:58,,176466,"POINT (  577329.140694476,   6135476.65776713)",TOMAS DIAGO 612 EN 620,0
2026-05-24,CH_103,44,S,100,,S,,58799,Nocturno,2026-05-25 02:45:25,,176467,"POINT (  577360.404545074,   6135578.93340321)",TOMAS DIAGO 658 ANTES DE 658. PINTURERIA INCA,0
2026-05-24,CH_103,45,S,75,,S,,58799,Nocturno,2026-05-25 02:46:19,,176469,"POINT (  577375.675896791,   6135630.85599905)",TOMAS DIAGO 684 PDO 684. MURO REJA,0
2026-05-24,CH_103,46,S,75,,S,,58799,Nocturno,2026-05-25 02:46:54,,176287,"POINT (  577391.169667926,   6135685.79550157)",TOMAS DIAGO 712 FTE 709,0
2026-05-24,CH_103,47,S,100,,S,,58799,Nocturno,2026-05-25 00:14:10,,176288,"POINT (  577291.734639678,   6135706.69945638)",PEDRO F BERRO 708 FTE 706,0
2026-05-24,CH_103,48,S,100,,S,,58799,Nocturno,2026-05-25 00:15:06,,176289,"POINT (  577291.056673576,   6135703.53561457)",PEDRO F BERRO 704 FTE 706,0
2026-05-24,CH_103,49,S,100,,S,,58799,Nocturno,2026-05-25 00:15:44,,179201,"POINT (  577279.916222004,   6135670.34470523)",PEDRO F BERRO 697 MURO SUPERMERCADO,0
2026-05-24,CH_103,50,S,100,,S,,58799,Nocturno,2026-05-25 00:15:24,,176470,"POINT (  577241.627365054,   6135538.20979864)",PEDRO F BERRO 631 ANTES DE 631. BAR ORO DEL RHIN,0
2026-05-24,CH_103,51,S,100,,S,,58799,Nocturno,2026-05-25 00:16:25,,180041,"POINT (  577241.028066209,   6135536.25155069)",PEDRO F BERRO 631,0
2026-05-24,CH_103,52,S,100,,S,,58799,Nocturno,2026-05-24 23:35:32,,176447,"POINT (  577109.887514869,   6135636.43805914)",JOSE ELLAURI 660 VEREDA. BROU,0
2026-05-24,CH_103,53,S,100,,S,,58799,Nocturno,2026-05-24 23:35:50,,179153,"POINT (  577112.114830307,   6135641.52310000)",JOSE ELLAURI 660 VEREDA. PDO ARBOL. BROU,0
2026-05-24,CH_103,54,S,100,,S,,58799,Nocturno,2026-05-24 23:36:04,,183568,"POINT (  577180.108123530,   6135775.18086667)",JOSE ELLAURI 728,0
2026-05-24,CH_103,55,S,75,,S,,58799,Nocturno,2026-05-24 23:36:43,,180042,"POINT (  577179.914897994,   6135782.86554055)",JOSE ELLAURI 732 VEREDA,0
2026-05-24,CH_103,56,S,100,,S,,58799,Nocturno,2026-05-24 23:37:11,,176290,"POINT (  577180.435204649,   6135784.32657502)",JOSE ELLAURI 732 VEREDA. EN 734. CLINICA ESTETICA,0
2026-05-24,CH_106,1,S,75,,S,,58799,Nocturno,2026-05-25 02:58:44,,176063,"POINT (  577220.915474058,   6137175.38373296)",CHARRUA 2724 VEREDA,1
2026-05-24,CH_106,2,S,100,,S,,58799,Nocturno,2026-05-25 02:59:20,,176064,"POINT (  577267.184537239,   6137190.52534516)",CHARRUA 2770 VEREDA. CASA ROSADA,1
2026-05-24,CH_106,3,S,100,,S,,58799,Nocturno,2026-05-25 03:09:24,,176065,"POINT (  577375.572336803,   6137229.52316651)",MANUEL HAEDO 2866 CASA ROSADA,1
2026-05-24,CH_106,4,S,100,,S,Requiere Limpieza,58799,Nocturno,2026-05-25 03:10:10,,176066,"POINT (  577377.750986041,   6137229.63209897)",MANUEL HAEDO 2866 CASA ROSADA,1
2026-05-24,CH_106,5,S,100,,S,,58799,Nocturno,2026-05-25 02:59:51,,176068,"POINT (  577404.875169048,   6137080.72142359)",GUAYAQUI 2944 VEREDA. FTE 2947. MURO LADRILLOS,1
2026-05-24,CH_106,6,S,100,,S,,58799,Nocturno,2026-05-25 03:00:13,,176448,"POINT (  577389.351800000,   6137066.58935338)",PTE GRAL OSCAR DIEGO GESTIDO 2841,1
2026-05-24,CH_106,7,S,100,,S,,58799,Nocturno,2026-05-25 03:10:51,,176070,"POINT (  577292.347935932,   6137057.19201183)",PTE GRAL OSCAR DIEGO GESTIDO 2781,1
2026-05-24,CH_106,8,S,25,,S,,58799,Nocturno,2026-05-25 03:52:01,,176262,"POINT (  577256.912086777,   6137056.91145207)",PTE GRAL OSCAR DIEGO GESTIDO 2761 EN 2763. MURO DISCO,1
2026-05-24,CH_106,9,S,25,,S,,58799,Nocturno,2026-05-25 03:52:06,,183616,"POINT (  577250.753892157,   6136982.14682615)",AV DR FRANCISCO SOCA 1270,1
2026-05-24,CH_106,10,S,25,,S,,58799,Nocturno,2026-05-25 03:52:13,,183615,"POINT (  577214.596859695,   6137084.29802244)",AV DR FRANCISCO SOCA 1312,1
2026-05-24,CH_106,11,S,25,,S,,58799,Nocturno,2026-05-25 03:52:18,,183640,"POINT (  577168.564563941,   6137213.92039108)",AV DR FRANCISCO SOCA 1360,1
2026-05-24,CH_106,12,S,25,,S,,58799,Nocturno,2026-05-25 03:52:24,,183649,"POINT (  577146.757011691,   6137255.07472736)",AV DR FRANCISCO SOCA 1374,1
2026-05-24,CH_106,13,S,75,,S,,58799,Nocturno,2026-05-25 03:14:46,,176072,"POINT (  577196.814166869,   6137328.43384189)",GABRIEL A PEREIRA 2768 ANTES DE ARBOL,1
2026-05-24,CH_106,14,S,75,,S,,58799,Nocturno,2026-05-25 03:15:59,,176074,"POINT (  577256.509155976,   6137285.29658699)",GABRIEL A PEREIRA 2804 FTE 2799. COLEGIO,1
2026-05-24,CH_106,15,S,75,,S,,58799,Nocturno,2026-05-25 03:16:41,,176075,"POINT (  577502.369722425,   6137232.68220791)",MANUEL HAEDO 2964,1
2026-05-24,CH_106,16,S,75,,S,,58799,Nocturno,2026-05-25 03:17:22,,176076,"POINT (  577506.182358590,   6137232.90007283)",MANUEL HAEDO 2964,1
2026-05-24,CH_106,17,S,75,,S,,58799,Nocturno,2026-05-25 03:21:18,,180322,"POINT (  577603.654833898,   6137233.13281074)",MANUEL HAEDO 3008 3008,1
2026-05-24,CH_106,18,S,75,,S,,58799,Nocturno,2026-05-25 03:25:44,,176079,"POINT (  577756.727020900,   6137235.07872207)",MANUEL HAEDO 3090 EN 3088/3090. MURO VEGETAL,1
2026-05-24,CH_106,19,S,75,,S,,58799,Nocturno,2026-05-25 03:26:03,,176081,"POINT (  577728.785844429,   6137152.34451728)",CIPRIANO PAYAN 3053 MURO BAJO CON REJAS,1
2026-05-24,CH_106,20,S,75,,S,,58799,Nocturno,2026-05-25 03:26:14,,176263,"POINT (  577726.808066942,   6137150.81274463)",CIPRIANO PAYAN 3053,1
2026-05-24,CH_106,21,S,100,,S,,58799,Nocturno,2026-05-25 03:26:36,,176083,"POINT (  577593.164929396,   6137027.22196826)",CIPRIANO PAYAN 2963 PDO 2965. COLUMNA/ARBOL,1
2026-05-24,CH_106,22,S,100,,S,Requiere Limpieza,58799,Nocturno,2026-05-25 03:26:53,,176084,"POINT (  577590.305452272,   6137024.10377654)",CIPRIANO PAYAN 2952 PDO 2965. COLUMNA/ARBOL,1
2026-05-24,CH_106,23,S,100,,S,,58799,Nocturno,2026-05-25 03:27:00,,176085,"POINT (  577489.433992577,   6137156.91968068)",RAFAEL PASTORIZA 1322,1
2026-05-24,CH_106,24,S,75,,S,,58799,Nocturno,2026-05-25 03:29:43,,176086,"POINT (  577489.488458808,   6137165.30748024)",RAFAEL PASTORIZA 1328 EN 1330. PDO ARBOL,1
2026-05-24,CH_106,25,S,75,,S,,58799,Nocturno,2026-05-25 03:29:56,,176087,"POINT (  577584.423099331,   6137277.04495301)",FRANCISCO LLAMBI 1367 EN 1367/1363,1
2026-05-24,CH_106,26,S,75,,S,,58799,Nocturno,2026-05-25 03:30:02,,176088,"POINT (  577588.249352055,   6137141.54658699)",FRANCISCO LLAMBI 1307,1
2026-05-24,CH_106,27,S,100,,S,,58799,Nocturno,2026-05-25 03:36:51,,176089,"POINT (  577656.386606956,   6137058.64898349)",MIGUEL BARREIRO 3004 EDIFICIO,1
2026-05-24,CH_106,28,S,100,,S,,58799,Nocturno,2026-05-25 03:36:58,,176090,"POINT (  577700.885517631,   6137013.38754559)",MIGUEL BARREIRO 3040,1
2026-05-24,CH_106,29,S,75,,S,,58799,Nocturno,2026-05-25 03:37:07,,176091,"POINT (  577773.347517648,   6137027.68173529)",FRANCISCO JOAQUIN MUÑOZ 3030 VEREDA,1
2026-05-24,CH_106,30,S,75,,S,,58799,Nocturno,2026-05-25 03:37:14,,176092,"POINT (  577829.288694118,   6137079.56408824)",FRANCISCO JOAQUIN MUÑOZ 3064 VEREDA,1
2026-05-24,CH_106,31,S,25,,S,,58799,Nocturno,2026-05-25 04:12:19,,183892,"POINT (  578084.801816993,   6136897.93068061)",26 DE MARZO 3152 AV Brasil 2995,1
2026-05-24,CH_106,32,S,75,,S,,58799,Nocturno,2026-05-25 03:43:24,,183442,"POINT (  578269.152110580,   6136738.05218043)",FELIX BUXAREO 1114,1
2026-05-24,CH_106,33,S,50,,S,,58799,Nocturno,2026-05-25 03:43:31,,183443,"POINT (  578273.702736291,   6136732.59142958)",FELIX BUXAREO 1115,1
2026-05-24,CH_106,34,S,75,,S,,58799,Nocturno,2026-05-25 03:43:41,,183444,"POINT (  578277.343236860,   6136725.31042844)",FELIX BUXAREO 1115,1
2026-05-24,CH_106,35,S,75,,S,,58799,Nocturno,2026-05-25 03:50:57,,179671,"POINT (  578401.554272529,   6136832.17766416)",JOSE L OSORIO 1154,1
2026-05-24,CH_106,36,S,100,,S,,58799,Nocturno,2026-05-25 03:51:04,,179672,"POINT (  578400.214239029,   6136837.87280654)",JOSE L OSORIO 1154,1
2026-05-24,CH_106,37,S,100,,S,,58799,Nocturno,2026-05-25 03:51:09,,179673,"POINT (  578383.808024623,   6136904.86667488)",JOSE L OSORIO 1178 EN 1174. EDIFICIO,1
2026-05-24,CH_106,38,S,100,,S,,58799,Nocturno,2026-05-25 03:51:28,,179738,"POINT (  578383.396655658,   6136907.46807011)",JOSE L OSORIO 1178 EN 1174. EDIFICIO,1
2026-05-24,CH_106,39,S,100,,S,,58799,Nocturno,2026-05-25 03:51:34,,181431,"POINT (  578365.586420915,   6136974.96575076)",JOSE L OSORIO 1220,1
2026-05-24,CH_106,40,S,75,,S,,58799,Nocturno,2026-05-25 03:51:41,,176097,"POINT (  578363.625636601,   6136983.24461786)",JOSE L OSORIO 1220 EN 1212,1
2026-05-24,CH_106,41,S,100,,S,,58799,Nocturno,2026-05-25 04:03:11,,176098,"POINT (  578340.206732228,   6137087.54331901)",JOSE L OSORIO 1256 EN 1252,1
2026-05-24,CH_106,42,S,100,,S,,58799,Nocturno,2026-05-25 04:03:38,,176099,"POINT (  578339.117407609,   6137090.81129287)",JOSE L OSORIO 1256 EN 1260,1
2026-05-24,CH_106,43,S,100,,S,,58799,Nocturno,2026-05-25 04:03:44,,176120,"POINT (  578309.748307083,   6137204.20047889)",JOSE L OSORIO 1308,1
2026-05-24,CH_106,44,S,75,,S,,58799,Nocturno,2026-05-25 04:03:55,,176100,"POINT (  578291.867952272,   6137288.16968067)",JOSE L OSORIO 1340,1
2026-05-24,CH_106,45,S,100,,S,,58799,Nocturno,2026-05-25 04:04:03,,176101,"POINT (  578291.459455540,   6137290.53896172)",JOSE L OSORIO 1340,1
2026-05-24,CH_106,46,S,75,,S,,58799,Nocturno,2026-05-25 04:04:13,,176102,"POINT (  578272.096710442,   6137364.66750202)",JOSE L OSORIO 1364 ARBOL/ARBOL,1
2026-05-24,CH_106,47,S,75,,S,,58799,Nocturno,2026-05-25 04:06:07,,176103,"POINT (  578266.650087348,   6137387.02588982)",JOSE L OSORIO 1376,1
2026-05-24,CH_106,48,S,75,,S,,58799,Nocturno,2026-05-25 04:06:40,,176104,"POINT (  578116.050958808,   6137378.52915779)",FELIX BUXAREO 1387 EN 1389. UTE,1
2026-05-24,CH_106,49,S,75,,S,,58799,Nocturno,2026-05-25 04:06:57,,176105,"POINT (  578115.942026346,   6137375.37011640)",FELIX BUXAREO 1387 UTE,1
2026-05-24,CH_106,50,S,100,,S,Requiere Limpieza,58799,Nocturno,2026-05-25 04:11:47,,176106,"POINT (  578129.286252925,   6137249.44419047)",FELIX BUXAREO 1341,1
2026-05-24,CH_106,51,S,100,,S,Requiere Limpieza,58799,Nocturno,2026-05-25 04:11:56,,176107,"POINT (  578148.077102598,   6137188.98667413)",FELIX BUXAREO 1323 EN 1325. EDIFICIO,1
2026-05-24,CH_106,52,S,100,,S,,58799,Nocturno,2026-05-25 04:41:41,,176108,"POINT (  578168.270457718,   6137130.74184842)",FELIX BUXAREO 1295 EDIFICIO,1
2026-05-24,CH_106,53,S,100,,S,,58799,Nocturno,2026-05-25 04:42:05,,176109,"POINT (  578177.454825910,   6137082.83879831)",FELIX BUXAREO 1269 FTE EDIFICIO,1
2026-05-24,CH_106,54,S,100,,S,,58799,Nocturno,2026-05-25 04:42:12,,176110,"POINT (  578203.053954450,   6136963.66668502)",FELIX BUXAREO 1217 ARBOL/COLUMNA,1
2026-05-24,CH_106,55,S,100,,S,,58799,Nocturno,2026-05-25 04:42:18,,180046,"POINT (  578208.158591658,   6136937.87371045)",FELIX BUXAREO 1208,1
2026-05-24,CH_106,56,S,100,,S,,58799,Nocturno,2026-05-25 04:42:25,,176111,"POINT (  578208.565961834,   6136935.76607907)",FELIX BUXAREO 1204 ESQUINA/SALIDA DE GARAJE,1
2026-05-24,CH_106,57,S,100,,S,,58799,Nocturno,2026-05-25 04:42:42,,176502,"POINT (  578208.880448241,   6136932.35122293)",FELIX BUXAREO 1204 PROV A,1
2026-05-24,CH_106,58,S,50,,S,,58799,Nocturno,2026-05-25 04:42:53,,182256,"POINT (  578131.459613197,   6136953.22062617)",LA GACETA 1216 EN 1218,1
2026-05-24,CH_106,59,S,100,,S,,58799,Nocturno,2026-05-25 04:42:59,,176113,"POINT (  578103.497624704,   6137034.62712690)",LA GACETA 1256 EN 1256/1258,1
2026-05-24,CH_106,60,S,100,,S,,58799,Nocturno,2026-05-25 04:43:15,,176114,"POINT (  578090.883729488,   6137076.88225219)",LA GACETA 1270 EDIFICIO,1
2026-05-24,CH_106,61,S,100,,S,,58799,Nocturno,2026-05-25 04:48:03,,181872,"POINT (  577999.933166667,   6137273.50786678)",SAN LORENZO 3191,1
2026-05-24,CH_106,62,S,75,,S,Requiere Limpieza,58799,Nocturno,2026-05-25 04:48:12,,183335,"POINT (  577991.438911010,   6137273.21373156)",SAN LORENZO 3189,1
2026-05-24,CH_106,63,S,100,,S,,58799,Nocturno,2026-05-25 04:48:29,,176116,"POINT (  577840.331095754,   6137257.82248326)",CIPRIANO PAYAN 3137 MURO CIEGO,1
2026-05-24,CH_106,64,S,100,,S,,58799,Nocturno,2026-05-25 04:48:38,,176117,"POINT (  577837.989047824,   6137255.80723271)",CIPRIANO PAYAN 3137 MURO CIEGO,1
2026-05-24,CH_106,65,S,75,,S,,58799,Nocturno,2026-05-24 22:00:00,,176118,"POINT (  577791.774450874,   6137304.14601267)",14 DE JULIO 1378 CASA BLANCA,1
2026-05-24,CH_106,66,S,75,,S,,58799,Nocturno,2026-05-24 22:00:00,,176119,"POINT (  577785.361052181,   6137360.02836561)",14 DE JULIO 1392 PDO 1394. MURO,1
2026-05-24,CH_104,1,S,100,,S,Requiere Limpieza,58800,Nocturno,2026-05-24 23:02:27,26,176781,"POINT (  577363.981922807,   6136024.50387193)",DR JOSE SCOSERIA 2738 EN 2738/2740. REJA,0
2026-05-24,CH_104,2,S,100,,S,,58800,Nocturno,2026-05-24 23:03:00,26,176012,"POINT (  577433.063992454,   6136004.45126058)",DR JOSE SCOSERIA 2780 EDIFICIO. COLUMNA/ARBOL,0
2026-05-24,CH_104,3,S,50,,S,,58800,Nocturno,2026-05-24 23:04:11,26,176013,"POINT (  577522.206697453,   6135978.12414045)",DR JOSE SCOSERIA 2824,0
2026-05-24,CH_104,4,S,75,,S,,58800,Nocturno,2026-05-24 23:22:25,26,176836,"POINT (  577576.774508173,   6135964.22672463)",DR JOSE SCOSERIA 2852,0
2026-05-24,CH_104,5,S,75,,S,,58800,Nocturno,2026-05-24 23:22:32,26,176014,"POINT (  577579.479730718,   6135963.34400284)",DR JOSE SCOSERIA 2852,0
2026-05-24,CH_104,6,S,100,,S,,58800,Nocturno,2026-05-24 23:22:47,26,176015,"POINT (  577630.440413541,   6135948.40990545)",DR JOSE SCOSERIA 2882 EDIFICIO,0
2026-05-24,CH_104,7,S,75,,S,,58800,Nocturno,2026-05-24 23:22:54,26,176016,"POINT (  577669.315254672,   6136002.29582385)",JUAN BENITO BLANCO 870 VEREDA. ITAU,0
2026-05-24,CH_104,8,S,75,,S,,58800,Nocturno,2026-05-24 23:25:04,26,176017,"POINT (  577334.991620946,   6136200.90392309)",JOSE ELLAURI 914 VEREDA. MURO CIEGO,0
2026-05-24,CH_104,9,S,100,,S,,58800,Nocturno,2026-05-24 23:27:20,26,176018,"POINT (  577329.295109572,   6136338.38999489)",JOSE ELLAURI 988 PDO 990. ARBOL/COLUMNA,0
2026-05-24,CH_104,10,S,75,,S,,58800,Nocturno,2026-05-24 23:29:11,26,181843,"POINT (  577436.567490899,   6136504.25052025)",JOSE ELLAURI 1091 PROV A,0
2026-05-24,CH_104,11,S,75,,S,,58800,Nocturno,2026-05-24 23:29:23,26,181842,"POINT (  577437.932678612,   6136507.43595825)",JOSE ELLAURI 1091,0
2026-05-24,CH_104,12,S,50,,S,,58800,Nocturno,2026-05-25 00:15:00,26,176020,"POINT (  577515.163038109,   6136595.96468484)",JOSE ELLAURI 1142,0
2026-05-24,CH_104,13,S,50,,S,,58800,Nocturno,2026-05-25 00:17:11,26,176021,"POINT (  577573.975669047,   6136660.24288750)",JOSE ELLAURI 1185,0
2026-05-24,CH_104,14,S,50,,S,,58800,Nocturno,2026-05-25 00:17:29,26,180118,"POINT (  577615.226348148,   6136708.39075185)",JOSE ELLAURI 1224,0
2026-05-24,CH_104,15,S,75,,S,,58800,Nocturno,2026-05-24 23:33:57,26,176024,"POINT (  577430.138756862,   6136330.30710713)",LUIS B CAVIA 2966 MURO. FTE EDIFICIO LADRILLO,0
2026-05-24,CH_104,16,S,75,,S,,58800,Nocturno,2026-05-24 23:34:08,26,176025,"POINT (  577431.562884706,   6136329.19089881)",LUIS B CAVIA 2966 MURO. FTE EDIFICIO LADRILLO,0
2026-05-24,CH_104,17,S,100,,S,Requiere Limpieza,58800,Nocturno,2026-05-24 23:44:18,26,176026,"POINT (  577521.937267850,   6136234.58262208)",LUIS B CAVIA 3052 REJA GRIS,0
2026-05-24,CH_104,18,S,75,,S,,58800,Nocturno,2026-05-24 23:44:31,26,180820,"POINT (  577572.215796587,   6136178.98090410)",LUIS B CAVIA 3082 CASA ANTES DE EDIFICIO,0
2026-05-24,CH_104,19,S,50,,S,,58800,Nocturno,2026-05-24 23:44:53,26,176027,"POINT (  577573.706239455,   6136178.07938765)",LUIS B CAVIA 3082 CASA ANTES DE EDIFICIO,0
2026-05-24,CH_104,20,S,75,,S,,58800,Nocturno,2026-05-24 23:44:38,26,182861,"POINT (  577602.482208419,   6136127.00267247)",ROQUE GRASERAS 945 VEREDA,0
2026-05-24,CH_104,21,S,100,,S,,58800,Nocturno,2026-05-24 23:44:44,26,182862,"POINT (  577602.027145848,   6136125.18242219)",ROQUE GRASERAS 945 VEREDA,0
2026-05-24,CH_104,22,S,100,,S,,58800,Nocturno,2026-05-24 23:49:09,26,176031,"POINT (  577434.757549868,   6136163.10680032)",PEDRO F BERRO 914,0
2026-05-24,CH_104,23,S,75,,S,,58800,Nocturno,2026-05-24 23:52:00,26,176032,"POINT (  577457.582085305,   6136234.73658185)",PEDRO F BERRO 968 REJA,0
2026-05-24,CH_104,24,S,75,,S,,58800,Nocturno,2026-05-24 23:23:11,26,176033,"POINT (  577698.375160666,   6136101.33044387)",JUAN BENITO BLANCO 920 VEREDA,0
2026-05-24,CH_104,25,S,100,,S,,58800,Nocturno,2026-05-24 23:56:36,26,176034,"POINT (  577749.027923962,   6136198.94093605)",JUAN BENITO BLANCO 972 VEREDA. KIOSCO,0
2026-05-24,CH_104,26,S,75,,S,,58800,Nocturno,2026-05-25 00:01:41,26,176035,"POINT (  577843.097341511,   6136301.40116090)",JUAN BENITO BLANCO 1030 VEREDA,0
2026-05-24,CH_104,27,S,100,,S,,58800,Nocturno,2026-05-25 00:02:46,26,176036,"POINT (  577750.990910989,   6136372.26114359)",ALEJANDRO CHUCARRO 1061 FTE 1070,0
2026-05-24,CH_104,28,S,100,,S,,58800,Nocturno,2026-05-25 00:05:59,26,176037,"POINT (  577659.885218953,   6136267.95340155)",ALEJANDRO CHUCARRO 1017 BROU,0
2026-05-24,CH_104,29,S,75,,S,,58800,Nocturno,2026-05-25 00:06:05,26,176038,"POINT (  577658.076191692,   6136264.02742749)",ALEJANDRO CHUCARRO 1017 BROU,0
2026-05-24,CH_104,30,S,75,,S,,58800,Nocturno,2026-05-25 00:06:11,26,181652,"POINT (  577634.945703982,   6136422.40406906)",PEDRO F BERRO 1086 EN 1088. PROV OV(O:PEDRO F BERRO 1076),0
2026-05-24,CH_104,31,S,75,,S,,58800,Nocturno,2026-05-25 00:12:37,26,176040,"POINT (  577640.948167629,   6136426.16630696)",PEDRO F BERRO 1096 EDIFICIO,0
2026-05-24,CH_104,32,S,50,,S,,58800,Nocturno,2026-05-25 00:12:42,26,176041,"POINT (  577669.892603797,   6136449.60668146)",PEDRO F BERRO 1102 ANTES DE 1104. SUB ESTACION,0
2026-05-24,CH_104,33,S,100,,S,Requiere Limpieza,58800,Nocturno,2026-05-25 00:13:00,26,176042,"POINT (  577708.536505277,   6136483.16991064)",PEDRO F BERRO 1133,0
2026-05-24,CH_104,34,S,50,,S,,58800,Nocturno,2026-05-25 00:13:06,26,176043,"POINT (  577633.866018352,   6136573.15939437)",26 DE MARZO 1133 VEREDA. EDIFICIO,0
2026-05-24,CH_104,35,S,50,,S,,58800,Nocturno,2026-05-25 00:13:25,26,183915,"POINT (  577523.871761027,   6136489.14755554)",26 DE MARZO 1065 NULL26 de marzo 1065,0
2026-05-24,CH_104,36,S,75,,S,,58800,Nocturno,2026-05-25 00:23:38,26,180131,"POINT (  577304.555297616,   6136937.80328854)",BARTOLITO MITRE 2778,0
2026-05-24,CH_104,37,N,,Auto,S,Requiere Limpieza,58800,Nocturno,2026-05-25 00:25:08,,179593,"POINT (  577406.994863366,   6136945.84714060)",BARTOLITO MITRE 2812 EN 2812/2808,0
2026-05-24,CH_104,38,S,100,,S,Requiere Limpieza,58800,Nocturno,2026-05-25 00:28:30,26,176048,"POINT (  577497.111255443,   6136939.07685524)",GUAYAQUI 3024 VEREDA. ANTES DE 3024,0
2026-05-24,CH_104,39,S,50,,S,,58800,Nocturno,2026-05-25 00:20:43,26,176049,"POINT (  577504.090764874,   6136903.35818933)",LIBERTAD 2893 VEREDA. FTE 2886. COLEGIO/NICHO UTE,0
2026-05-24,CH_104,40,S,25,,S,,58800,Nocturno,2026-05-25 00:21:55,26,176050,"POINT (  577392.315974136,   6136841.46636305)",LIBERTAD 2831 EN 2831,0
2026-05-24,CH_104,41,S,50,,S,,58800,Nocturno,2026-05-25 00:29:52,26,176051,"POINT (  577377.638476362,   6136801.64210336)",JOSE MARTI 3062,0
2026-05-24,CH_104,42,S,50,,S,,58800,Nocturno,2026-05-25 00:34:34,26,176052,"POINT (  577479.457202177,   6136784.29596963)",DR MARCELINO IZCUA BARBAT Esq. RAMON MASINI FTE A EDIFICIO. MURO Y CERCO VEGETAL,0
2026-05-24,CH_104,43,S,50,,S,,58800,Nocturno,2026-05-25 00:34:40,26,176053,"POINT (  577548.328537885,   6136837.56604896)",DR MARCELINO IZCUA BARBAT 1234 PDO 1234. MURO BAJO CON CAÑAS,0
2026-05-24,CH_104,44,S,100,,S,,58800,Nocturno,2026-05-25 00:36:04,26,176054,"POINT (  577583.149105156,   6136786.04084698)",SANTIAGO VAZQUEZ 1233 ANTES DE PELUQUERIA,0
2026-05-24,CH_104,45,S,50,,S,,58800,Nocturno,2026-05-25 00:40:11,26,176055,"POINT (  577499.138392374,   6136642.96090365)",JOSE MARTI 3188 EDIFICIO,0
2026-05-24,CH_104,46,S,50,,S,,58800,Nocturno,2026-05-25 00:40:24,26,176056,"POINT (  577576.426195336,   6136539.49994032)",JOSE MARTI 3244 FTE 3249. EDIFICIO,0
2026-05-24,CH_104,47,S,75,,S,Requiere Limpieza,58800,Nocturno,2026-05-25 00:42:59,26,176057,"POINT (  577613.941058527,   6136489.77093562)",JOSE MARTI 3254 FTE 3263/3269,0
2026-05-24,CH_104,48,S,75,,S,Requiere Limpieza,58800,Nocturno,2026-05-25 00:43:44,26,176058,"POINT (  577667.673017161,   6136416.17816706)",JOSE MARTI 3310 EN 3312/3314. EDIFICIO IBIZA,0
2026-05-24,CH_104,49,S,75,,S,,58800,Nocturno,2026-05-25 00:44:25,26,176059,"POINT (  577703.040458825,   6136369.36766473)",JOSE MARTI 3336 EN 3336/3338. EDIFICIO,0
2026-05-24,CH_104,50,S,50,,S,,58800,Nocturno,2026-05-25 00:48:49,26,176060,"POINT (  577784.785079817,   6136263.70667795)",JOSE MARTI 3392 EDIFICIO. FALSO REBAJE,0
2026-05-24,CH_104,51,S,50,,S,,58800,Nocturno,2026-05-25 00:48:59,26,176061,"POINT (  577815.705332996,   6136223.67713857)",JOSE MARTI 3424 EDIFICIO,0
2026-05-24,CH_107,1,S,75,,S,,58800,Nocturno,2026-05-25 00:53:18,26,175949,"POINT (  577872.392473707,   6136323.37659568)",RAMON MASINI 3409,1
2026-05-24,CH_107,2,S,100,,S,,58800,Nocturno,2026-05-25 00:56:06,26,175950,"POINT (  577833.191673678,   6136367.16136023)",RAMON MASINI 3377 EDIFICIO,1
2026-05-24,CH_107,3,S,100,,S,,58800,Nocturno,2026-05-25 00:56:24,26,175951,"POINT (  577829.872251094,   6136369.69044410)",RAMON MASINI 3377,1
2026-05-24,CH_107,4,S,100,,S,Requiere Limpieza,58800,Nocturno,2026-05-25 01:43:05,17,175952,"POINT (  577773.600134923,   6136445.28634174)",RAMON MASINI 3337,1
2026-05-24,CH_107,5,S,100,,S,,58800,Nocturno,2026-05-25 01:43:12,17,175953,"POINT (  577766.882255885,   6136454.29620304)",RAMON MASINI 3325 EDIFICIO LEBLON,1
2026-05-24,CH_107,6,S,100,,S,,58800,Nocturno,2026-05-25 01:44:48,17,175954,"POINT (  577716.537680040,   6136515.42890228)",RAMON MASINI 3285 EN 3279/3281. PDO REBAJE,1
2026-05-24,CH_107,7,S,50,,S,,58800,Nocturno,2026-05-25 01:45:35,17,175955,"POINT (  577670.302865489,   6136575.77126281)",RAMON MASINI 3251 FTE 3260,1
2026-05-24,CH_107,8,S,50,,S,,58800,Nocturno,2026-05-25 01:46:11,17,175956,"POINT (  577631.615785621,   6136623.31013623)",RAMON MASINI 3234 FTE 3234. MURO,1
2026-05-24,CH_107,9,S,50,,S,,58800,Nocturno,2026-05-25 01:47:26,17,175957,"POINT (  577640.349028370,   6136693.29462903)",MONS DOMINGO TAMBURINI 1216 FTE 1223. MURO REJAS,1
2026-05-24,CH_107,10,S,75,,S,,58800,Nocturno,2026-05-25 01:51:58,17,175959,"POINT (  577743.468471594,   6136631.90506971)",GUAYAQUI 3251 VEREDA. EN 3256. ARBOL/COLUMNA,1
2026-05-24,CH_107,11,S,75,,S,,58800,Nocturno,2026-05-25 01:52:06,17,182992,"POINT (  577745.369683498,   6136629.43326968)",GUAYAQUI 3251,1
2026-05-24,CH_107,12,S,100,,S,,58800,Nocturno,2026-05-25 01:54:22,17,175961,"POINT (  577808.710932127,   6136547.99085714)",GUAYAQUI 3306 VEREDA. EN 3306,1
2026-05-24,CH_107,13,N,,Auto,S,Requiere Limpieza,58800,Nocturno,2026-05-25 01:54:41,,182994,"POINT (  577811.070301551,   6136543.65531270)",GUAYAQUI 3310,1
2026-05-24,CH_107,14,S,75,,S,,58800,Nocturno,2026-05-25 01:54:48,17,180502,"POINT (  577844.358757081,   6136501.32429848)",GUAYAQUI 3338 VEREDA,1
2026-05-24,CH_107,15,S,100,,S,Requiere Limpieza,58800,Nocturno,2026-05-25 01:54:58,17,180503,"POINT (  577846.319541394,   6136498.92778432)",GUAYAQUI 3338 VEREDA,1
2026-05-24,CH_107,16,S,100,,S,,58800,Nocturno,2026-05-25 02:01:46,17,182993,"POINT (  577911.792135684,   6136414.49831425)",GUAYAQUI 3382,1
2026-05-24,CH_107,17,S,75,,S,,58800,Nocturno,2026-05-25 02:02:04,17,175964,"POINT (  577914.306590414,   6136412.50573464)",GUAYAQUI 3382 VEREDA. FTE 3395. ARBOL/ARBOL,1
2026-05-24,CH_107,18,S,75,,S,,58800,Nocturno,2026-05-25 02:02:10,17,180501,"POINT (  577915.896200872,   6136411.30075229)",GUAYAQUI 3382 VEREDA. FTE 3395,1
2026-05-24,CH_107,19,S,100,,S,,58800,Nocturno,2026-05-25 02:02:22,17,176353,"POINT (  577996.981264924,   6136496.03942876)",GABRIEL A PEREIRA 3285,1
2026-05-24,CH_107,20,S,100,,S,,58800,Nocturno,2026-05-25 02:04:46,17,175967,"POINT (  577992.061744444,   6136502.01176863)",GABRIEL A PEREIRA 3285 EN 3285. EDIFICIO,1
2026-05-24,CH_107,21,S,100,,S,Requiere Limpieza,58800,Nocturno,2026-05-25 02:13:18,17,180613,"POINT (  577916.723978840,   6136596.78929966)",GABRIEL A PEREIRA 3221,1
2026-05-24,CH_107,22,S,50,,S,,58800,Nocturno,2026-05-25 02:13:33,17,175969,"POINT (  577914.398976159,   6136599.20480557)",GABRIEL A PEREIRA 3221 EN 3221/3227. EDIFICIO,1
2026-05-24,CH_107,23,S,75,,S,,58800,Nocturno,2026-05-25 02:13:41,17,177410,"POINT (  577912.721127684,   6136601.10454746)",GABRIEL A PEREIRA 3215 EN 3221/3227. EDIFICIO,1
2026-05-24,CH_107,24,S,100,,S,Requiere Limpieza,58800,Nocturno,2026-05-25 02:13:10,17,175970,"POINT (  577879.992379067,   6136641.94496394)",GABRIEL A PEREIRA 3185 FTE 3195,1
2026-05-24,CH_107,25,S,100,,S,,58800,Nocturno,2026-05-25 02:12:56,17,175971,"POINT (  577859.668020473,   6136668.02354876)",GABRIEL A PEREIRA 3181 EDIFICIO,1
2026-05-24,CH_107,26,S,100,,S,Requiere Limpieza,58800,Nocturno,2026-05-25 02:17:17,17,182147,"POINT (  577796.267473265,   6136749.52801798)",GABRIEL A PEREIRA 3129 EN 3129,1
2026-05-24,CH_107,27,S,75,,S,,58800,Nocturno,2026-05-25 02:17:34,17,183556,"POINT (  577784.264064924,   6136766.09871700)",GABRIEL A PEREIRA 3119,1
2026-05-24,CH_107,28,S,75,,S,,58800,Nocturno,2026-05-25 02:17:40,17,182148,"POINT (  577782.615596132,   6136768.18558339)",GABRIEL A PEREIRA 3119 EN 3119,1
2026-05-24,CH_107,29,S,75,,S,,58800,Nocturno,2026-05-25 02:19:42,17,175974,"POINT (  577698.280855834,   6136899.67182474)",JOSE ELLAURI 1312 EDIFICIO,1
2026-05-24,CH_107,30,S,50,,S,,58800,Nocturno,2026-05-25 02:22:34,17,177151,"POINT (  577701.455959913,   6136919.15943116)",JOSE ELLAURI 1316 EN 1320,1
2026-05-24,CH_107,31,S,50,,S,,58800,Nocturno,2026-05-25 02:22:27,17,177411,"POINT (  577701.823962712,   6136923.03607514)",JOSE ELLAURI 1316 EN 1320,1
2026-05-24,CH_107,32,S,100,,S,,58800,Nocturno,2026-05-25 02:23:10,17,176473,"POINT (  577775.091899319,   6136923.39144847)",MIGUEL BARREIRO 3110,1
2026-05-24,CH_107,33,S,100,,S,,58800,Nocturno,2026-05-25 02:26:02,17,176474,"POINT (  577861.130491827,   6136811.70018854)",MIGUEL BARREIRO 3176,1
2026-05-24,CH_107,34,S,100,,S,Requiere Limpieza,58800,Nocturno,2026-05-25 02:27:27,17,183334,"POINT (  577918.043870337,   6136738.19281211)",MIGUEL BARREIRO 3214,1
2026-05-24,CH_107,35,S,75,,S,,58800,Nocturno,2026-05-25 02:29:15,17,183094,"POINT (  577919.165780887,   6136737.12428840)",MIGUEL BARREIRO 3214 VEREDA,1
2026-05-24,CH_107,36,S,75,,S,,58800,Nocturno,2026-05-25 02:30:33,17,183382,"POINT (  577920.175904427,   6136735.87294143)",MIGUEL BARREIRO 3214,1
2026-05-24,CH_107,37,S,75,,S,,58800,Nocturno,2026-05-25 02:30:39,17,183095,"POINT (  577936.003096018,   6136715.96387884)",MIGUEL BARREIRO 3236 VEREDA,1
2026-05-24,CH_107,38,S,75,,S,,58800,Nocturno,2026-05-25 02:32:06,17,175979,"POINT (  577991.516275801,   6136641.10263646)",MIGUEL BARREIRO 3278 VEREDA,1
2026-05-24,CH_107,39,S,100,,S,,58800,Nocturno,2026-05-25 02:40:05,17,175980,"POINT (  578040.797249238,   6136582.24451787)",MIGUEL BARREIRO 3316 VEREDA. EN 3318/3316,1
2026-05-24,CH_107,40,S,100,,S,,58800,Nocturno,2026-05-25 02:40:12,17,176516,"POINT (  578042.649101089,   6136578.97654401)",MIGUEL BARREIRO 3316 VEREDA. EN 3318/3316. OS 4731736,1
2026-05-24,CH_107,41,S,100,,S,,58800,Nocturno,2026-05-25 02:40:19,17,181962,"POINT (  578068.471624837,   6136540.17617168)",MIGUEL BARREIRO 3336,1
2026-05-24,CH_107,42,S,75,,S,,58800,Nocturno,2026-05-25 02:39:54,17,181963,"POINT (  578070.432409150,   6136537.34392767)",MIGUEL BARREIRO 3336,1
2026-05-24,CH_107,43,S,75,,S,,58800,Nocturno,2026-05-25 02:42:10,17,176445,"POINT (  578266.411691285,   6136662.93110131)",PLAZA RUB?N DAR?O VEREDA. FTE 1289. PLAZA RUBEN DARIO,1
2026-05-24,CH_107,44,S,75,,S,,58800,Nocturno,2026-05-25 02:42:24,17,176446,"POINT (  578270.115394989,   6136665.54548039)",PLAZA RUB?N DAR?O VEREDA. FTE 1289. PLAZA RUBEN DARIO,1
2026-05-24,CH_107,45,S,100,,S,,58800,Nocturno,2026-05-25 02:44:11,17,178774,"POINT (  578163.436338252,   6136610.01053496)",MANUEL V PAGOLA 3347,1
2026-05-24,CH_107,46,S,100,,S,,58800,Nocturno,2026-05-25 02:44:19,17,175986,"POINT (  578159.804102157,   6136614.09680057)",MANUEL V PAGOLA 3347,1
2026-05-24,CH_107,47,S,100,,S,,58800,Nocturno,2026-05-25 02:47:32,17,175987,"POINT (  578131.541321871,   6136655.56783302)",MANUEL V PAGOLA 3315 EN 3319/3315,1
2026-05-24,CH_107,48,S,100,,S,Requiere Limpieza,58800,Nocturno,2026-05-25 02:51:06,17,175988,"POINT (  578080.959644414,   6136716.26584596)",MANUEL V PAGOLA 3281,1
2026-05-24,CH_107,49,S,75,,S,,58800,Nocturno,2026-05-25 02:51:13,17,175989,"POINT (  578072.898189569,   6136723.69502984)",MANUEL V PAGOLA 3269,1
2026-05-24,CH_107,50,S,75,,S,Requiere Limpieza,58800,Nocturno,2026-05-25 02:51:58,17,175990,"POINT (  578016.072836302,   6136795.81343715)",MANUEL V PAGOLA 3225,1
2026-05-24,CH_107,51,S,100,,S,,58800,Nocturno,2026-05-25 02:53:04,17,175991,"POINT (  577992.204607251,   6136829.36331540)",MANUEL V PAGOLA 3201 FTE 3208/3210,1
2026-05-24,CH_107,52,S,100,,S,Requiere Limpieza,58800,Nocturno,2026-05-25 03:34:29,20,179078,"POINT (  577942.907109234,   6136897.19560864)",MANUEL V PAGOLA 3167 EN 3163/3161,1
2026-05-24,CH_107,53,S,75,,S,,58800,Nocturno,2026-05-25 03:37:42,20,175992,"POINT (  577942.023022790,   6136898.17792692)",MANUEL V PAGOLA 3159 EN 3163/3161,1
2026-05-24,CH_107,54,S,75,,S,,58800,Nocturno,2026-05-25 03:37:51,20,175993,"POINT (  577869.160732917,   6136990.06381306)",MANUEL V PAGOLA 3107 FTE 3108. MURO Y CERCO VEGETAL,1
2026-05-24,CH_107,55,S,50,,S,,58800,Nocturno,2026-05-25 03:41:09,20,180049,"POINT (  577868.015524709,   6136991.19702809)",MANUEL V PAGOLA 3107 FTE 3108. MURO Y CERCO VEGETAL,1
2026-05-24,CH_107,56,S,75,,S,,58800,Nocturno,2026-05-25 03:41:53,20,175995,"POINT (  577904.793145894,   6137086.93470108)",LORENZO JUSTINIANO PEREZ 3072 EN 3070/3074,1
2026-05-24,CH_107,57,S,75,,S,,58800,Nocturno,2026-05-25 03:42:00,20,176483,"POINT (  577917.275772767,   6137071.37997190)",LORENZO JUSTINIANO PEREZ 3086 EN 3088. OS 4691496,1
2026-05-24,CH_107,58,S,100,,S,,58800,Nocturno,2026-05-25 03:45:19,20,183093,"POINT (  577982.578490785,   6136989.99602207)",LORENZO JUSTINIANO PEREZ 3146,1
2026-05-24,CH_107,59,S,100,,S,Requiere Limpieza,58800,Nocturno,2026-05-25 03:45:26,20,179046,"POINT (  577984.354220825,   6136987.05157702)",LORENZO JUSTINIANO PEREZ 3146 PDO 3146. ESQ,1
2026-05-24,CH_107,60,S,75,,S,Requiere Limpieza,58800,Nocturno,2026-05-25 03:48:51,20,182115,"POINT (  578068.890683276,   6136881.02346246)",LORENZO JUSTINIANO PEREZ 3209,1
2026-05-24,CH_107,61,S,50,,S,,58800,Nocturno,2026-05-25 03:53:52,20,180631,"POINT (  578102.384244938,   6136836.71699340)",LORENZO JUSTINIANO PEREZ 3242,1
2026-05-24,CH_107,62,S,75,,S,,58800,Nocturno,2026-05-25 03:54:01,20,178771,"POINT (  578150.719759024,   6136806.59089183)",ECHEVARRIARZA 3216,1
2026-05-24,CH_107,63,S,100,,S,,58800,Nocturno,2026-05-25 03:54:33,20,182990,"POINT (  578201.583643018,   6136791.94888265)",ECHEVARRIARZA 3238,1
2026-05-24,CH_107,64,S,100,,S,Requiere Limpieza,58800,Nocturno,2026-05-25 03:54:41,20,176002,"POINT (  578206.030745317,   6136790.63671860)",ECHEVARRIARZA 3238 FTE ABITAB,1
2026-05-24,CH_107,65,S,75,,S,,58800,Nocturno,2026-05-25 03:58:22,20,176003,"POINT (  578297.417245870,   6136775.72178699)",ECHEVARRIARZA 3270 EN 3274 BIS,1
2026-05-24,CH_107,66,S,100,,S,,58800,Nocturno,2026-05-25 04:05:43,20,176191,"POINT (  578343.462940070,   6136767.98892232)",ECHEVARRIARZA 3298 MURO VEGETAL,1
2026-05-24,CH_107,67,S,75,,S,,58800,Nocturno,2026-05-25 04:05:50,20,176005,"POINT (  578346.913519378,   6136767.26111286)",ECHEVARRIARZA 3298 EDIFICIO,1
2026-05-24,CH_107,68,S,100,,S,Requiere Limpieza,58800,Nocturno,2026-05-25 04:05:58,20,176006,"POINT (  578454.829371313,   6136748.66973308)",ECHEVARRIARZA 3324 EN 3324/3328,1
2026-05-24,CH_107,69,S,75,,S,,58800,Nocturno,2026-05-25 04:06:05,20,176007,"POINT (  578526.829227820,   6136738.15822823)",ECHEVARRIARZA Esq. BASILIO PEREIRA DE LA LUZ,1
2026-05-24,CH_105,1,S,100,,S,,58801,Nocturno,2026-05-25 00:08:06,18,175453,"POINT (  576978.808062446,   6137033.84863734)",PTE GRAL OSCAR DIEGO GESTIDO 2599 EDIFICIO,0
2026-05-24,CH_105,2,S,75,,S,,58801,Nocturno,2026-05-25 00:08:12,18,175454,"POINT (  576970.946867423,   6137033.18351503)",PTE GRAL OSCAR DIEGO GESTIDO 2587 MURO CASA,0
2026-05-24,CH_105,3,S,50,,S,,58801,Nocturno,2026-05-25 00:09:22,18,175483,"POINT (  576840.545708590,   6137021.75919012)",PTE GRAL OSCAR DIEGO GESTIDO 2531 EN 2527/2529. OFICINA,0
2026-05-24,CH_105,4,S,100,,S,Requiere Mantenimiento,58801,Nocturno,2026-05-25 00:10:53,18,175484,"POINT (  576777.234011578,   6137015.38705670)",PTE GRAL OSCAR DIEGO GESTIDO 2501 FTE A EDIFICIO,0
2026-05-24,CH_105,5,S,75,,S,,58801,Nocturno,2026-05-25 00:12:43,18,175485,"POINT (  576714.878134580,   6137011.38171570)",PTE GRAL OSCAR DIEGO GESTIDO 2481 ARBOL/ARBOL,0
2026-05-24,CH_105,6,S,75,,S,,58801,Nocturno,2026-05-25 00:15:11,18,175486,"POINT (  576489.213581178,   6137106.87268646)",CHARRUA 2370 FTE 2371. MURO CIEGO,0
2026-05-24,CH_105,7,S,75,,S,,58801,Nocturno,2026-05-25 00:16:47,18,176368,"POINT (  576552.184997386,   6137111.43061939)",CHARRUA 2392,0
2026-05-24,CH_105,8,S,100,,S,,58801,Nocturno,2026-05-25 00:18:44,18,175495,"POINT (  576596.492998760,   6137115.79367325)",CHARRUA 2414 EN 2414/2424. COLUMNA/ARBOL,0
2026-05-24,CH_105,9,S,100,,S,,58801,Nocturno,2026-05-25 00:21:06,18,175496,"POINT (  576701.587684884,   6137123.53126382)",CHARRUA 2464,0
2026-05-24,CH_105,10,S,75,,S,Requiere Limpieza,58801,Nocturno,2026-05-25 00:23:00,18,183068,"POINT (  576891.537774894,   6137140.16337447)",CHARRUA 2544,0
2026-05-24,CH_105,11,S,100,,S,,58801,Nocturno,2026-05-25 00:23:06,18,180187,"POINT (  576898.198680952,   6137140.05383810)",CHARRUA 2544 ESQUINA BRITO DEL PINO,0
2026-05-24,CH_105,12,S,100,,S,,58801,Nocturno,2026-05-25 00:29:24,18,175501,"POINT (  577074.688891419,   6137154.01716019)",CHARRUA 2644 MURO DE PIEDRA,0
2026-05-24,CH_105,13,S,100,,S,,58801,Nocturno,2026-05-25 00:29:29,18,183338,"POINT (  577077.079957208,   6137154.10098876)",CHARRUA 2644,0
2026-05-24,CH_105,14,S,100,,S,,58801,Nocturno,2026-05-25 00:35:22,18,183792,"POINT (  577088.990039850,   6137249.41373158)",CNEL ALEGRE 1344 Coronel alegre 1348,0
2026-05-24,CH_105,15,S,100,,S,,58801,Nocturno,2026-05-25 00:37:07,18,175888,"POINT (  577031.544746651,   6137277.34802407)",SILVESTRE BLANCO 2593 EN 2589,0
2026-05-24,CH_105,16,S,50,,S,,58801,Nocturno,2026-05-25 00:38:43,18,175514,"POINT (  576857.340831665,   6137260.48661703)",SILVESTRE BLANCO 2517 FTE 2520,0
2026-05-24,CH_105,17,S,100,,S,,58801,Nocturno,2026-05-25 00:38:50,18,180262,"POINT (  576854.333218706,   6137260.35515029)",SILVESTRE BLANCO 2517,0
2026-05-24,CH_105,18,S,100,,S,,58801,Nocturno,2026-05-25 00:41:56,18,183613,"POINT (  576650.561145970,   6137245.70034706)",SILVESTRE BLANCO 2435,0
2026-05-24,CH_105,19,S,100,,S,,58801,Nocturno,2026-05-25 00:42:03,18,179023,"POINT (  576647.087990963,   6137245.64222711)",SILVESTRE BLANCO 2435 MURO GRAFFITI,0
2026-05-24,CH_105,20,S,50,,S,,58801,Nocturno,2026-05-25 00:44:55,18,175633,"POINT (  576558.253391827,   6137236.73332293)",SILVESTRE BLANCO 2379 FTE 2396,0
2026-05-24,CH_105,21,S,50,,S,,58801,Nocturno,2026-05-25 00:45:01,18,178772,"POINT (  576553.032052440,   6137236.50630817)",SILVESTRE BLANCO 2379 FTE 2396,0
2026-05-24,CH_105,22,S,75,,S,,58801,Nocturno,2026-05-25 00:49:27,18,175518,"POINT (  576537.596279901,   6136742.65974651)",GRAL ARQ ALFREDO BALDOMIR 2400 FTE 2405. CASA ABANDONADA,0
2026-05-24,CH_105,23,S,75,,S,,58801,Nocturno,2026-05-25 00:50:01,18,175524,"POINT (  576575.925952605,   6136747.00692375)",GRAL ARQ ALFREDO BALDOMIR 2406 VEREDA,0
2026-05-24,CH_105,24,S,25,,S,,58801,Nocturno,2026-05-25 00:51:17,18,175526,"POINT (  576626.305480099,   6136750.03321517)",GRAL ARQ ALFREDO BALDOMIR 2438 MURO GRIS,0
2026-05-24,CH_105,25,S,100,,S,,58801,Nocturno,2026-05-25 00:52:27,18,181971,"POINT (  576646.167493156,   6136752.70360658)",GRAL ARQ ALFREDO BALDOMIR 2442,0
2026-05-24,CH_105,26,S,25,,S,,58801,Nocturno,2026-05-25 00:54:53,18,180033,"POINT (  576739.835513621,   6136760.00679932)",GRAL ARQ ALFREDO BALDOMIR 2480,0
2026-05-24,CH_105,27,S,50,,S,,58801,Nocturno,2026-05-25 00:55:09,18,181974,"POINT (  576753.461874852,   6136760.42767857)",GRAL ARQ ALFREDO BALDOMIR 2482,0
2026-05-24,CH_105,28,S,75,,S,,58801,Nocturno,2026-05-25 00:56:59,18,175535,"POINT (  576787.664649871,   6136667.09409705)",GRAL JOSE ESTEBAN BRITO DEL PINO 1123 EN 1123/1125,0
2026-05-24,CH_105,29,S,75,,S,,58801,Nocturno,2026-05-25 00:59:46,18,181935,"POINT (  576828.049312854,   6136741.26543028)",EUFEMIO MASCULINO 2541 PROV OV(O: EL VIEJO PANCHO 2540),0
2026-05-24,CH_105,30,S,100,,S,,58801,Nocturno,2026-05-25 01:02:19,18,181973,"POINT (  576796.014489583,   6136573.08382361)",GRAL JOSE ESTEBAN BRITO DEL PINO 1091,0
2026-05-24,CH_105,31,S,25,,S,,58801,Nocturno,2026-05-25 01:02:25,18,175528,"POINT (  576796.363376696,   6136570.56132324)",GRAL JOSE ESTEBAN BRITO DEL PINO 1091 EN 1093/1099. LABORATORIO,0
2026-05-24,CH_105,32,S,25,,S,,58801,Nocturno,2026-05-25 02:35:07,26,183122,"POINT (  576688.069433106,   6136447.27348157)",OBLIGADO 1057 EN 1051,0
2026-05-24,CH_105,33,S,25,,S,,58801,Nocturno,2026-05-25 02:35:21,26,183124,"POINT (  576687.386839249,   6136452.50670114)",OBLIGADO 1057,0
2026-05-24,CH_105,34,S,50,,S,Requiere Limpieza,58801,Nocturno,2026-05-25 01:06:57,18,181972,"POINT (  576691.809736679,   6136552.43948577)",OBLIGADO 1094,0
2026-05-24,CH_105,35,S,50,,S,,58801,Nocturno,2026-05-25 01:07:04,18,179011,"POINT (  576691.207398976,   6136556.29080603)",OBLIGADO 1094,0
2026-05-24,CH_105,36,S,100,,S,Requiere Limpieza,58801,Nocturno,2026-05-25 01:08:39,18,175519,"POINT (  576683.664827371,   6136673.09852795)",OBLIGADO 1118,0
2026-05-24,CH_105,37,S,75,,S,,58801,Nocturno,2026-05-25 01:11:39,18,183336,"POINT (  576557.860727582,   6136620.07723644)",PRUDENCIO VAZQUEZ Y VEGA 1113,0
2026-05-24,CH_105,38,S,100,,S,,58801,Nocturno,2026-05-25 01:13:41,18,183125,"POINT (  576567.705383049,   6136485.95380012)",PRUDENCIO VAZQUEZ Y VEGA 1053,0
2026-05-24,CH_105,39,S,75,,S,Requiere Limpieza,58801,Nocturno,2026-05-25 01:13:50,18,180542,"POINT (  576565.640464924,   6136481.62363922)",PRUDENCIO VAZQUEZ Y VEGA 1053 VEREDA.ESQ,0
2026-05-24,CH_105,40,S,25,,S,,58801,Nocturno,2026-05-25 01:17:39,18,175546,"POINT (  576458.399764588,   6136869.69277767)",MALDONADO 2361 MURO CIEGO,0
2026-05-24,CH_105,41,S,25,,S,,58801,Nocturno,2026-05-25 01:17:46,18,181970,"POINT (  576460.228014929,   6136869.54775000)",MALDONADO 2366,0
2026-05-24,CH_105,42,S,100,,S,Requiere Limpieza,58801,Nocturno,2026-05-25 01:21:27,18,175610,"POINT (  576552.183186491,   6136941.83530098)",FRANCISCO ARAUCHO 1228,0
2026-05-24,CH_105,43,S,100,,S,,58801,Nocturno,2026-05-25 01:21:35,18,176573,"POINT (  576552.722153672,   6136944.91521074)",FRANCISCO ARAUCHO 1228,0
2026-05-24,CH_105,44,S,75,,S,Requiere Limpieza,58801,Nocturno,2026-05-25 02:24:26,26,175561,"POINT (  577069.396328700,   6136747.80296847)",LUIS B CAVIA 2716 FTE 2717,0
2026-05-24,CH_105,45,S,100,,S,,58801,Nocturno,2026-05-25 02:25:56,26,175545,"POINT (  577082.420623483,   6136736.60693178)",LUIS B CAVIA 2724 MURO EDIFICIO,0
2026-05-24,CH_105,46,S,50,,S,,58801,Nocturno,2026-05-25 02:27:19,26,175543,"POINT (  577110.749220581,   6136713.51296676)",LUIS B CAVIA 2742 FTE 2670,0
2026-05-24,CH_105,47,S,75,,S,,58801,Nocturno,2026-05-25 02:29:01,26,175540,"POINT (  577090.580491125,   6136672.25174924)",LIBERTAD 2667 VEREDA. FTE 2670/2680,0
2026-05-24,CH_105,48,S,50,,S,,58801,Nocturno,2026-05-25 02:30:46,26,176140,"POINT (  576956.176151198,   6136635.87382811)",EUFEMIO MASCULINO 2657 EN 2655,0
2026-05-24,CH_105,49,S,100,,S,,58801,Nocturno,2026-05-25 02:31:30,26,175533,"POINT (  576968.259456372,   6136613.74703784)",EUFEMIO MASCULINO 2687,0
2026-05-24,CH_105,50,S,75,,S,,58801,Nocturno,2026-05-25 02:39:27,26,175608,"POINT (  576727.389401153,   6136845.91836624)",SIMON BOLIVAR 1182 EDIFICIO,0
2026-05-24,CH_105,51,S,75,,S,,58801,Nocturno,2026-05-25 02:40:36,26,175609,"POINT (  576743.555176672,   6136893.03005489)",SIMON BOLIVAR 1194 MURO GRIS,0
2026-05-24,CH_105,52,S,75,,S,,58801,Nocturno,2026-05-25 02:43:41,26,175611,"POINT (  576750.329406412,   6136917.20173829)",SIMON BOLIVAR 1206 LOCAL,0
2026-05-24,CH_105,53,S,75,,S,Requiere Limpieza,58801,Nocturno,2026-05-25 02:54:41,26,175616,"POINT (  577018.835239779,   6136870.09004963)",BALTASAR VARGAS 1178 ANTES DE 1178. MURO BAJO CON REJAS,0
2026-05-24,CH_105,54,S,75,,S,,58801,Nocturno,2026-05-25 02:54:53,26,175618,"POINT (  577018.527320245,   6136872.01454672)",BALTASAR VARGAS 1178 ANTES DE 1178. MURO BAJO CON REJAS,0
2026-05-24,CH_105,55,S,100,,S,,58801,Nocturno,2026-05-25 02:56:54,26,175622,"POINT (  577035.154975064,   6136915.35422109)",BARTOLITO MITRE 2608,0
2026-05-24,CH_105,56,S,75,,S,,58801,Nocturno,2026-05-25 02:58:27,26,175628,"POINT (  577134.256952493,   6136922.91268337)",BARTOLITO MITRE 2651 FTE 2651,0
2026-05-24,CH_105,57,S,100,,S,,58801,Nocturno,2026-05-25 02:59:33,26,180043,"POINT (  577235.300844456,   6136931.64439187)",BARTOLITO MITRE Esq. AV DR FRANCISCO SOCA,0
2026-05-24,CH_105,58,S,75,,S,,58801,Nocturno,2026-05-25 03:00:19,26,175630,"POINT (  577237.409996264,   6136931.53443032)",BARTOLITO MITRE Esq. AV DR FRANCISCO SOCA,0
2026-05-24,CH_105,59,S,100,,S,,58801,Nocturno,2026-05-25 03:02:59,26,175623,"POINT (  577251.285620248,   6136768.62575204)",LIBERTAD 2757 FTE A IGLESIA,0
2026-05-24,CH_105,60,S,75,,S,,58801,Nocturno,2026-05-25 03:04:41,26,175625,"POINT (  577131.716616340,   6136863.48421338)",CNEL ALEGRE 1176 EN 1176/1180 ,0
2026-05-24,CH_105,61,S,25,,S,,58801,Nocturno,2026-05-25 03:06:11,26,175631,"POINT (  577120.455586446,   6136976.22898800)",CNEL ALEGRE 1222 PDO 1222,0
2026-05-24,CH_105,62,S,75,,S,,58801,Nocturno,2026-05-25 03:06:49,26,181969,"POINT (  577117.546540491,   6136991.44764963)",CNEL ALEGRE 1230,0
2026-05-24,CH_105,63,S,75,,S,,58801,Nocturno,2026-05-25 03:09:38,26,175615,"POINT (  576876.730374987,   6136991.87222520)",GRAL JOSE ESTEBAN BRITO DEL PINO 1239,0
2026-05-24,CH_105,64,S,50,,S,,58801,Nocturno,2026-05-25 03:10:13,26,175614,"POINT (  576867.492788977,   6136945.37637562)",GRAL JOSE ESTEBAN BRITO DEL PINO 1221 PDO REBAJE,0
2026-05-24,CH_122,1,S,50,,S,,58801,Nocturno,2026-05-25 03:16:10,26,180045,"POINT (  577307.695318268,   6136150.63316822)",BV ESPAÑA Esq. JOSE ELLAURI VEREDA. EN 2698,1
2026-05-24,CH_122,2,S,75,,S,,58801,Nocturno,2026-05-25 03:16:24,26,177239,"POINT (  577309.866145530,   6136150.65433355)",BV ESPAÑA Esq. JOSE ELLAURI VEREDA. AV SARMIENTO 2698. EL QUIJOTE,1
2026-05-24,CH_122,3,S,50,,S,,58801,Nocturno,2026-05-25 03:18:43,26,177240,"POINT (  577448.061525296,   6136108.32407209)",BV ESPAÑA 2812 VEREDA,1
2026-05-24,CH_122,4,S,50,,S,,58801,Nocturno,2026-05-25 03:19:12,26,177242,"POINT (  577453.775975417,   6136106.30720734)",BV ESPAÑA 2818 VEREDA. EN 2820,1
2026-05-24,CH_122,5,S,75,,S,,58801,Nocturno,2026-05-25 03:20:30,26,177243,"POINT (  577524.618349699,   6136082.86115464)",BV ESPAÑA 2866 VEREDA. EN 2868,1
2026-05-24,CH_122,6,S,50,,S,,58801,Nocturno,2026-05-25 03:21:10,26,177244,"POINT (  577526.601762740,   6136082.10497255)",BV ESPAÑA 2866 VEREDA. EN 2868,1
2026-05-24,CH_122,7,S,75,,S,,58801,Nocturno,2026-05-25 03:22:54,26,181099,"POINT (  577564.738239591,   6135991.31535620)",ROQUE GRASERAS 853,1
2026-05-24,CH_122,8,S,25,,S,,58801,Nocturno,2026-05-25 03:23:17,26,181100,"POINT (  577564.055645734,   6135988.81251206)",ROQUE GRASERAS 853,1
2026-05-24,CH_122,9,,,,S,,58801,Nocturno,,,177202,"POINT (  577736.522205297,   6136118.20530880)","PLAZA JOAQUÍN DA SILVA XAVIER, TIRADENTES EN 3139. INMOB. PARK",1
2026-05-24,CH_122,10,,,,S,,58801,Nocturno,,,177203,"POINT (  577688.722875326,   6136191.93200577)",AV BRASIL 3091 PDO 3099. FTE ABITAB,1
2026-05-24,CH_122,11,,,,S,,58801,Nocturno,,,177204,"POINT (  577616.637803838,   6136301.18676364)",AV BRASIL 3029 EN 3033/3031. EDIFICIO,1
2026-05-24,CH_122,12,,,,S,,58801,Nocturno,,,177206,"POINT (  577489.659360730,   6136492.87295075)",AV BRASIL 2939 EN 2939/2941. EDIFICIO,1
2026-05-24,CH_122,13,,,,S,,58801,Nocturno,,,177207,"POINT (  577438.210287571,   6136567.62403107)",AV BRASIL 2887 EDIFICIO. BETTER LIFE,1
2026-05-24,CH_122,14,,,,S,,58801,Nocturno,,,177208,"POINT (  577382.617450686,   6136650.33356082)",AV BRASIL 2835,1
2026-05-24,CH_122,15,,,,S,,58801,Nocturno,,,180040,"POINT (  577381.561484477,   6136651.70631690)",AV BRASIL 2835,1
2026-05-24,CH_122,16,,,,S,,58801,Nocturno,,,177209,"POINT (  577329.380363375,   6136751.12208235)",AV DR FRANCISCO SOCA 1126 EN 1128. EDIFICIO/REBAJE,1
2026-05-24,CH_122,17,,,,S,,58801,Nocturno,,,177210,"POINT (  577303.458017648,   6136823.42273529)",AV DR FRANCISCO SOCA 1158,1
2026-05-24,CH_122,18,,,,S,,58801,Nocturno,,,177216,"POINT (  577071.093974675,   6137529.21460243)",AV DR FRANCISCO SOCA 1480 PDO REBAJE,1
2026-05-24,CH_122,19,,,,S,,58801,Nocturno,,,177217,"POINT (  576999.435172859,   6137747.19475211)",AV DR FRANCISCO SOCA 1562 VEREDA. FTE 1553. MEDPOINT,1
2026-05-24,CH_122,20,,,,S,,58801,Nocturno,,,177778,"POINT (  576622.637154617,   6137447.27474519)",AV ING LUIS P PONCE 1367 VEREDA. EN 1367/1369,1
2026-05-24,CH_122,21,,,,S,,58801,Nocturno,,,177218,"POINT (  576620.672518075,   6137443.34547210)",AV ING LUIS P PONCE 1363 VEREDA. EN 1367/1369,1
2026-05-24,CH_122,22,,,,S,,58801,Nocturno,,,182998,"POINT (  576617.619988293,   6137439.22028956)",AV ING LUIS P PONCE 1363,1
2026-05-24,CH_122,23,,,,S,,58801,Nocturno,,,177219,"POINT (  576540.430370570,   6137321.35617012)",AV ING LUIS P PONCE 1325 PDO REBAJE,1
2026-05-24,CH_122,24,,,,S,,58801,Nocturno,,,177220,"POINT (  576467.480418375,   6137195.05053678)",AV ING LUIS P PONCE 1282 FTE 1296. ANTES OBRA,1
2026-05-24,CH_122,25,,,,S,,58801,Nocturno,,,177221,"POINT (  576665.917174124,   6136956.56276177)",AV BRASIL 2452 EDIFICIO,1
2026-05-24,CH_122,26,,,,S,,58801,Nocturno,,,177222,"POINT (  576670.266038738,   6136955.28121231)",AV BRASIL 2452 EN 2454,1
2026-05-24,CH_122,27,,,,S,,58801,Nocturno,,,177223,"POINT (  576802.034535623,   6136904.60748551)",AV BRASIL 2524 EDIFICIO,1
2026-05-24,CH_122,28,,,,S,,58801,Nocturno,,,179040,"POINT (  576879.561718048,   6136876.61763610)",AV BRASIL 2560 EN 2564,1
2026-05-24,CH_122,29,,,,S,,58801,Nocturno,,,177224,"POINT (  576887.450480817,   6136873.26916845)",AV BRASIL 2570 EN COLUMNA/CARTEL. ANTES REBAJE,1
2026-05-24,CH_122,30,,,,S,,58801,Nocturno,,,177225,"POINT (  577029.057873848,   6136814.77296818)",AV BRASIL 2652 EN 2666. ARBOL/ARBOL,1
2026-05-24,CH_122,31,,,,S,,58801,Nocturno,,,177226,"POINT (  577072.077754067,   6136797.68723037)",AV BRASIL 2666 EN 2670,1
2026-05-24,CH_122,32,,,,S,,58801,Nocturno,,,177227,"POINT (  577098.345581553,   6136787.25116797)",AV BRASIL 2686 EDIFICIO,1
2026-05-24,CH_122,33,,,,S,,58801,Nocturno,,,177228,"POINT (  577167.752135295,   6136760.77567647)",AV BRASIL 2728 EN 2722,1
2026-05-24,CH_108,1,S,100,,S,"Basura Afuera, Requiere Limpieza",58802,Nocturno,2026-05-25 02:50:50,3,175857,"POINT (  578501.775713952,   6137398.86486883)",JULIO CESAR 1365 EN 1365/1375,0
2026-05-24,CH_108,2,S,75,,S,Basura Afuera,58802,Nocturno,2026-05-25 02:52:44,3,175900,"POINT (  578525.259660452,   6137292.38999887)",JULIO CESAR 1319 EN 1319,0
2026-05-24,CH_108,3,S,75,,S,"Basura Afuera, Requiere Mantenimiento",58802,Nocturno,2026-05-25 02:55:46,3,179725,"POINT (  578550.097319377,   6137210.42952076)",JULIO CESAR 1287,0
2026-05-24,CH_108,4,S,50,,S,Basura Afuera,58802,Nocturno,2026-05-25 02:55:50,3,179724,"POINT (  578560.616934948,   6137173.86192734)",JULIO CESAR 1267 EN 1265. SUBESTACION,0
2026-05-24,CH_108,5,S,75,,S,Basura Afuera,58802,Nocturno,2026-05-25 02:59:27,3,175832,"POINT (  578581.795951604,   6137103.79008325)",JULIO CESAR 1243 EN 1237/1245. EDIFICIO,0
2026-05-24,CH_108,6,S,50,,S,,58802,Nocturno,2026-05-25 02:59:31,3,175833,"POINT (  578582.247929005,   6137101.98217365)",JULIO CESAR 1243 EN 1237/1245. EDIFICIO,0
2026-05-24,CH_108,7,S,75,,S,Basura Afuera,58802,Nocturno,2026-05-25 02:59:38,3,175834,"POINT (  578590.457400565,   6137068.20920791)",JULIO CESAR 1222 EN 1215,0
2026-05-24,CH_108,8,S,50,,S,Basura Afuera,58802,Nocturno,2026-05-25 03:02:52,3,179723,"POINT (  578626.898483045,   6136929.75982284)",JULIO CESAR 1179 EN 1175,0
2026-05-24,CH_108,9,S,75,,S,Basura Afuera,58802,Nocturno,2026-05-25 03:02:57,3,175836,"POINT (  578640.666008102,   6136863.76183467)",JULIO CESAR 1139 EN 1141. ANTES DE ESCUELA,0
2026-05-24,CH_108,10,S,50,,S,"Basura Afuera, Requiere Limpieza",58802,Nocturno,2026-05-25 03:04:24,3,175837,"POINT (  578668.349623921,   6136740.14601546)",JULIO CESAR 1063 ARBOL/ARBOL,0
2026-05-24,CH_108,11,S,50,,S,"Basura Afuera, Poda, Requiere Limpieza",58802,Nocturno,2026-05-25 03:05:37,3,175838,"POINT (  578756.446101130,   6136687.07926441)",ECHEVARRIARZA 3420 EN 3422. MURO CHAPA,0
2026-05-24,CH_108,12,S,75,,S,"Basura Afuera, Requiere Mantenimiento",58802,Nocturno,2026-05-25 02:28:52,3,183559,"POINT (  578811.839432462,   6136679.14608214)",MARCO BRUTO 1041,0
2026-05-24,CH_108,13,S,75,,S,Requiere Mantenimiento,58802,Nocturno,2026-05-25 02:28:56,3,182864,"POINT (  578833.839475430,   6136615.34456467)",MARCO BRUTO 1001,0
2026-05-24,CH_108,14,S,50,,S,Requiere Mantenimiento,58802,Nocturno,2026-05-25 02:29:00,3,182865,"POINT (  578834.351420822,   6136613.69496285)",MARCO BRUTO 1001,0
2026-05-24,CH_108,15,S,50,,S,Requiere Mantenimiento,58802,Nocturno,2026-05-25 02:32:59,3,181966,"POINT (  578537.509147276,   6136677.14256100)",BASILIO PEREIRA DE LA LUZ 1035,0
2026-05-24,CH_108,16,S,25,,S,,58802,Nocturno,2026-05-25 02:33:03,3,181965,"POINT (  578538.053809586,   6136679.86587255)",BASILIO PEREIRA DE LA LUZ 1040,0
2026-05-24,CH_108,17,S,50,,S,"Basura Afuera, Poda",58802,Nocturno,2026-05-25 02:33:07,3,179598,"POINT (  578551.676890099,   6136758.78131023)",BASILIO PEREIRA DE LA LUZ 1058,0
2026-05-24,CH_108,18,S,100,,S,Basura Afuera,58802,Nocturno,2026-05-25 02:35:56,3,179674,"POINT (  578519.561841374,   6136888.18957488)",BASILIO PEREIRA DE LA LUZ 1148,0
2026-05-24,CH_108,19,S,100,,S,"Basura Afuera, Escombro, Poda, Requiere Limpieza, Requiere Mantenimiento",58802,Nocturno,2026-05-25 02:38:32,3,179675,"POINT (  578490.258614406,   6136956.13449582)",BASILIO PEREIRA DE LA LUZ 1190,0
2026-05-24,CH_108,20,S,100,,S,Basura Afuera,58802,Nocturno,2026-05-25 02:41:58,3,175847,"POINT (  578464.846799062,   6137066.58669342)",BASILIO PEREIRA DE LA LUZ 1240 EDIFICIO. ARBOL/ARBOL,0
2026-05-24,CH_108,21,S,75,,S,Basura Afuera,58802,Nocturno,2026-05-25 02:42:04,3,175848,"POINT (  578462.699906407,   6137073.14036574)",BASILIO PEREIRA DE LA LUZ 1240 EDIFICIO. ARBOL/ARBOL,0
2026-05-24,CH_108,22,S,100,,S,"Basura Afuera, Escombro, Requiere Limpieza, Requiere Mantenimiento",58802,Nocturno,2026-05-25 02:45:24,3,183496,"POINT (  578434.670455221,   6137191.63570031)",BASILIO PEREIRA DE LA LUZ 1294,0
2026-05-24,CH_108,23,S,75,,S,Basura Afuera,58802,Nocturno,2026-05-25 02:47:01,3,175850,"POINT (  578416.590437853,   6137268.55975989)",BASILIO PEREIRA DE LA LUZ 1330 FABRICA,0
2026-05-24,CH_108,24,S,100,,S,,58802,Nocturno,2026-05-25 02:48:23,3,175851,"POINT (  578390.383522226,   6137375.28725840)",BASILIO PEREIRA DE LA LUZ 1378 EDIFICIO,0
2026-05-24,CH_108,25,S,75,,S,Basura Afuera,58802,Nocturno,2026-05-25 02:12:11,3,175858,"POINT (  578588.963319210,   6137458.61625706)",MARCO BRUTO 1369 EN 1375. VOPERO,0
2026-05-24,CH_108,26,S,100,,S,Requiere Mantenimiento,58802,Nocturno,2026-05-25 02:15:38,3,175859,"POINT (  578629.292890835,   6137332.58518921)",MARCO BRUTO 1333,0
2026-05-24,CH_108,27,S,75,,S,Basura Afuera,58802,Nocturno,2026-05-25 02:15:43,3,175860,"POINT (  578643.087612995,   6137281.55411017)",MARCO BRUTO 1305 FTE 1306,0
2026-05-24,CH_108,28,S,75,,S,Basura Afuera,58802,Nocturno,2026-05-25 02:18:41,3,175861,"POINT (  578674.518572347,   6137175.46924715)",MARCO BRUTO 1259 EN 1263 BIS. EDIFICIO,0
2026-05-24,CH_108,29,S,50,,S,Basura Afuera,58802,Nocturno,2026-05-25 02:18:46,3,175862,"POINT (  578688.624336159,   6137124.83094633)",MARCO BRUTO 1237 EN 1239,0
2026-05-24,CH_108,30,S,75,,S,Basura Afuera,58802,Nocturno,2026-05-25 02:23:26,3,179163,"POINT (  578707.003618468,   6137063.97300000)",MARCO BRUTO 1207 FTE 1208,0
2026-05-24,CH_108,31,S,75,,S,"Basura Afuera, Requiere Mantenimiento",58802,Nocturno,2026-05-25 02:23:31,3,175863,"POINT (  578708.235761285,   6137058.61378412)",MARCO BRUTO 1207 FTE 1208,0
2026-05-24,CH_108,32,S,75,,S,Basura Afuera,58802,Nocturno,2026-05-25 02:23:39,3,175864,"POINT (  578725.864154588,   6137013.65753220)",MARCO BRUTO 1193 ANTES DE 1197. CASA GRIS,0
2026-05-24,CH_108,33,S,50,,S,,58802,Nocturno,2026-05-25 02:23:42,3,176189,"POINT (  578726.765744068,   6137008.85575932)",MARCO BRUTO 1193 ANTES DE 1197. CASA GRIS,0
2026-05-24,CH_108,34,S,50,,S,Basura Afuera,58802,Nocturno,2026-05-25 02:24:39,3,175865,"POINT (  578751.611758590,   6136905.44085097)",MARCO BRUTO 1139 FTE 1144C,0
2026-05-24,CH_108,35,S,25,,S,,58802,Nocturno,2026-05-25 02:25:53,3,175866,"POINT (  578796.993566867,   6136751.31008951)",MARCO BRUTO 1057 FTE 1074. PDO EMBAJADA,0
2026-05-24,CH_108,36,S,75,,S,Basura Afuera,58802,Nocturno,2026-05-25 03:08:06,3,181215,"POINT (  578924.951395677,   6136725.91329579)",ECHEVARRIARZA 3494 VEREDA,0
2026-05-24,CH_108,37,S,50,,S,,58802,Nocturno,2026-05-25 03:08:09,3,175867,"POINT (  578926.544114676,   6136726.25459272)",ECHEVARRIARZA 3494 VEREDA. EN 3496,0
2026-05-24,CH_108,39,S,50,,S,"Basura Afuera, Fuera de Lugar",58802,Nocturno,2026-05-24 23:56:12,32,183890,"POINT (  578911.227479085,   6136818.06618061)",AV DR LUIS ALBERTO DE HERRERA 1087 PROV O: Antonio D Costa 3512,1
2026-05-24,CH_108,40,S,25,,S,,58802,Nocturno,2026-05-24 23:50:07,32,181923,"POINT (  578988.208749891,   6136649.15627255)",AV DR LUIS ALBERTO DE HERRERA Esq. RBLA ARMENIA,1
2026-05-24,CH_108,41,S,75,,S,Basura Afuera,58802,Nocturno,2026-05-24 23:50:11,32,181922,"POINT (  578987.228357734,   6136650.89919194)",AV DR LUIS ALBERTO DE HERRERA Esq. RBLA ARMENIA,1
2026-05-24,CH_108,42,S,50,,S,Basura Afuera,58802,Nocturno,2026-05-24 23:54:07,32,181284,"POINT (  578963.031595222,   6136731.98769864)",AV DR LUIS ALBERTO DE HERRERA Esq. PSJE CRISTOBAL ECHEVARRIARZA FTE PANAMERICANO,1
2026-05-24,CH_108,43,S,75,,S,Basura Afuera,58802,Nocturno,2026-05-24 23:54:11,32,181283,"POINT (  578962.121470080,   6136735.17313664)",AV DR LUIS ALBERTO DE HERRERA Esq. PSJE CRISTOBAL ECHEVARRIARZA FTE PANAMERICANO,1
2026-05-24,CH_108,44,S,75,,S,Basura Afuera,58802,Nocturno,2026-05-24 23:54:15,32,181282,"POINT (  578961.211344937,   6136737.90351206)",AV DR LUIS ALBERTO DE HERRERA Esq. PSJE CRISTOBAL ECHEVARRIARZA FTE PANAMERICANO,1
2026-05-24,CH_108,45,S,25,,S,Basura Afuera,58802,Nocturno,2026-05-24 23:41:52,32,175874,"POINT (  579156.027743135,   6137063.69445642)",TOMAS DE TEZANOS 1065 MURO LADRILLOS,1
2026-05-24,CH_108,46,S,50,,S,,58802,Nocturno,2026-05-24 23:43:45,32,175875,"POINT (  578976.741594652,   6136989.71678846)",JOSE A ITURRIAGA 3531 EN 3527,1
2026-05-24,CH_108,47,S,75,,S,Basura Afuera,58802,Nocturno,2026-05-25 02:06:33,3,175876,"POINT (  579017.502442922,   6137544.31835855)",TIBURCIO GOMEZ 1332 EDIFICIO,1
2026-05-24,CH_108,48,S,50,,S,Basura Afuera,58802,Nocturno,2026-05-25 02:06:38,3,175877,"POINT (  579008.957675863,   6137588.58179152)",TIBURCIO GOMEZ 1354 FTE 1355,1
2026-05-24,CH_108,49,S,50,,S,,58802,Nocturno,2026-05-25 02:06:42,3,176230,"POINT (  579006.310858388,   6137617.44628475)",TIBURCIO GOMEZ 1372,1
2026-05-24,CH_108,50,S,75,,S,Basura Afuera,58802,Nocturno,2026-05-25 01:58:15,3,175879,"POINT (  578866.590437855,   6137583.24902543)",MAGARIÑOS CERVANTES 1383,1
2026-05-24,CH_108,51,S,75,,S,Basura Afuera,58802,Nocturno,2026-05-25 01:58:59,3,175880,"POINT (  578887.175500294,   6137520.14667515)",MAGARIÑOS CERVANTES 1355 EDIFICIO,1
2026-05-24,CH_108,52,S,50,,S,,58802,Nocturno,2026-05-25 02:00:39,3,175881,"POINT (  578958.227932689,   6137469.30146216)",TTE GRAL PABLO GALARZA 3585 FTE 3571,1
2026-05-24,CH_108,53,S,50,,S,,58802,Nocturno,2026-05-25 02:02:46,3,175882,"POINT (  578960.075449892,   6137468.83958285)",TTE GRAL PABLO GALARZA 3585 FTE 3571,1
2026-05-24,CH_108,54,S,50,,S,,58802,Nocturno,2026-05-25 02:02:52,3,175884,"POINT (  579100.154108967,   6137420.74135153)",TTE GRAL PABLO GALARZA 3618 FTE 3641,1
2026-05-24,CH_109,1,S,100,,S,Basura Afuera,58802,Nocturno,2026-05-24 23:02:50,32,175769,"POINT (  579209.822709040,   6137192.76235311)",TOMAS DE TEZANOS 1102 VEREDA. FTE 1107,2
2026-05-24,CH_109,2,S,100,,S,"Basura Afuera, Dos Ciclos, Requiere Mantenimiento",58802,Nocturno,2026-05-24 23:03:02,32,175770,"POINT (  579210.557172317,   6137198.63805932)",TOMAS DE TEZANOS 1102 VEREDA. FTE 1107,2
2026-05-24,CH_109,3,S,50,,S,Basura Afuera,58802,Nocturno,2026-05-24 23:04:57,32,175771,"POINT (  579231.489375707,   6137313.86404802)",TOMAS DE TEZANOS 1170 VEREDA,2
2026-05-24,CH_109,4,S,50,,S,,58802,Nocturno,2026-05-24 23:06:00,32,175772,"POINT (  579251.867697987,   6137423.96031082)",TOMAS DE TEZANOS 1220,2
2026-05-24,CH_109,5,S,100,,S,"Basura Afuera, Requiere Limpieza",58802,Nocturno,2026-05-24 23:11:57,32,175904,"POINT (  579294.108253672,   6137644.89398870)",TOMAS DE TEZANOS 1336 CASA VERDE,2
2026-05-24,CH_109,6,S,75,,S,"Basura Afuera, Requiere Mantenimiento",58802,Nocturno,2026-05-24 23:15:19,32,175774,"POINT (  579073.813227639,   6137706.78440250)",PEDRO BUSTAMANTE 1389,2
2026-05-24,CH_109,7,S,50,,S,Basura Afuera,58802,Nocturno,2026-05-24 23:15:24,32,175775,"POINT (  579092.188689513,   6137643.37298123)",PEDRO BUSTAMANTE 1311 MURO CIEGO,2
2026-05-24,CH_109,8,S,75,,S,,58802,Nocturno,2026-05-24 23:16:49,32,175776,"POINT (  579124.465990930,   6137530.57744936)",PEDRO BUSTAMANTE 1251 EN 1255. PELUQUERIA/MURO,2
2026-05-24,CH_109,9,S,50,,S,,58802,Nocturno,2026-05-24 23:19:04,32,175777,"POINT (  579200.983995048,   6137381.15949564)",MIGUEL GRAU 3731 EN 3750. EDIFICIO,2
2026-05-24,CH_109,10,S,50,,S,Basura Afuera,58802,Nocturno,2026-05-24 23:19:09,32,175778,"POINT (  579205.756747820,   6137380.38969681)",MIGUEL GRAU 3731 EN 3750. EDIFICIO,2
2026-05-24,CH_109,11,S,50,,S,Basura Afuera,58802,Nocturno,2026-05-24 23:22:04,32,181961,"POINT (  579389.626145752,   6137346.75414946)",MIGUEL GRAU 3828 PROV OV(O: MIGUEL GRAU 3789),2
2026-05-24,CH_109,12,S,50,,S,Basura Afuera,58802,Nocturno,2026-05-24 23:22:59,32,175779,"POINT (  579392.534573447,   6137346.32167514)",MIGUEL GRAU 3828 FTE EDIFICIO,2
2026-05-24,CH_109,13,S,50,,S,Basura Afuera,58802,Nocturno,2026-05-24 23:23:03,32,175780,"POINT (  579476.571977689,   6137327.42753701)",MIGUEL GRAU 3868 EN 3862. FTE EDIFICIO,2
2026-05-24,CH_109,14,S,50,,S,,58802,Nocturno,2026-05-24 23:24:01,32,175781,"POINT (  579613.325533898,   6137305.10698588)",MIGUEL GRAU 3939 FTE 3975. MURO COLEGIO,2
2026-05-24,CH_109,15,S,50,,S,Basura Afuera,58802,Nocturno,2026-05-24 22:49:09,32,175782,"POINT (  579808.692765537,   6137358.86404803)",AV TOMAS BASAÑEZ 1241 CASA DE LADRILLOS,2
2026-05-24,CH_109,16,S,50,,S,,58802,Nocturno,2026-05-24 22:49:59,32,175783,"POINT (  579870.867906780,   6137259.17478249)",AV TOMAS BASAÑEZ 1211 FTE ECOCENTRO,2
2026-05-24,CH_109,17,S,50,,S,,58802,Nocturno,2026-05-24 22:51:01,32,175784,"POINT (  579724.031748588,   6137211.63240961)",DR JUAN A GOLFARINI 4003,2
2026-05-24,CH_109,18,S,100,,S,Basura Afuera,58802,Nocturno,2026-05-24 23:27:24,32,175785,"POINT (  579619.810455708,   6137418.30034109)",SALDANHA DA GAMA 3922 EN 3925. VIVIENDAS,2
2026-05-24,CH_109,19,S,75,,S,,58802,Nocturno,2026-05-24 23:29:40,32,175786,"POINT (  579480.950522470,   6137445.42860620)",SALDANHA DA GAMA Esq. NICOLAS PIAGGIO PDO ESTACIONAMIENTO,2
2026-05-24,CH_109,20,S,50,,S,Basura Afuera,58802,Nocturno,2026-05-24 23:29:44,32,175787,"POINT (  579420.716577919,   6137456.69373323)",SALDANHA DA GAMA 3829 ANTES DE ARBOL,2
2026-05-24,CH_109,21,S,75,,S,Basura Afuera,58802,Nocturno,2026-05-24 23:34:00,32,175788,"POINT (  579290.867906780,   6137574.79625142)",RIZAL 3760,2
2026-05-24,CH_109,22,S,50,,S,,58802,Nocturno,2026-05-24 23:34:58,32,175789,"POINT (  579416.630618644,   6137551.40642091)",RIZAL 3820 ESTERILLA,2
2026-05-24,CH_109,23,S,50,,S,,58802,Nocturno,2026-05-24 23:36:03,32,175790,"POINT (  579487.478076271,   6137567.45161865)",CEMENTERIO BRITÁNICO FTE 1311. MURO CEMENTERIO,2
2026-05-24,CH_109,24,S,75,,S,Basura Afuera,58802,Nocturno,2026-05-24 23:38:02,32,175791,"POINT (  579510.980901130,   6137695.02224012)",CEMENTERIO BRITÁNICO FTE 1393. MURO CEMENTERIO,2
2026-05-24,CH_109,25,S,50,,S,Basura Afuera,58802,Nocturno,2026-05-24 22:45:18,32,175792,"POINT (  579711.093895480,   6137519.31602543)",AV TOMAS BASAÑEZ Esq. RIZAL MURO CEMENTERIO,2
2026-05-24,CH_109,26,S,50,,S,Basura Afuera,58802,Nocturno,2026-05-24 22:53:12,32,175793,"POINT (  579446.461127118,   6137249.25952825)",RBLA ARMENIA 3853 VEREDA. EN 3857. COLUMNA/PALMERA,2
2026-05-24,CH_109,27,S,50,,S,Basura Afuera,58802,Nocturno,2026-05-24 22:57:14,32,175794,"POINT (  579348.495025424,   6137246.32167515)",RBLA ARMENIA 3801 FTE 3807. EDIFICIO,2
2026-05-24,CH_109,28,S,25,,S,,58802,Nocturno,2026-05-24 22:57:17,32,175795,"POINT (  579344.879206215,   6137245.41772034)",RBLA ARMENIA 3801 FTE 3807. EDIFICIO,2
2026-05-24,CH_109,29,S,50,,S,Basura Afuera,58802,Nocturno,2026-05-24 22:57:31,32,175804,"POINT (  579285.500675141,   6137227.28212713)",RBLA ARMENIA 3795 VEREDA. EDIFICIO,2
2026-05-24,CH_109,30,S,25,,S,,58802,Nocturno,2026-05-24 23:47:15,32,183889,"POINT (  579147.611073856,   6136878.01131198)",RBLA ARMENIA 3641 PROV O: Antonio D Costa 3592,2
2026-05-24,CH_109,31,S,75,,S,,58802,Nocturno,2026-05-24 23:57:53,32,181968,"POINT (  578743.391500218,   6136606.77219063)",RBLA REPUBLICA DEL PERU 1503 REBAJE/ENTRADA PRINCIPAL,2
2026-05-24,CH_109,32,S,75,,S,Requiere Mantenimiento,58802,Nocturno,2026-05-24 23:59:29,32,181967,"POINT (  578598.947055773,   6136632.37131917)",RBLA REPUBLICA DEL PERU 1419 EN 1421. EDIFICIO ARCADIA. REBAJE/PUERTA,2
2026-05-24,CH_109,33,S,100,,S,Basura Afuera,58802,Nocturno,2026-05-25 00:02:03,32,181964,"POINT (  578444.154027451,   6136658.40617756)",RBLA REPUBLICA DEL PERU 1383,2
2026-05-24,CH_109,34,S,25,,S,,58802,Nocturno,2026-05-25 00:03:51,32,175805,"POINT (  578079.794460452,   6136468.18608193)",RBLA REPUBLICA DEL PERU 1175 VEREDA. EN 1179. REBAJE/REBAJE,2
2026-05-24,CH_109,35,S,75,,S,,58802,Nocturno,2026-05-25 00:05:05,32,175806,"POINT (  577990.585420904,   6136375.36122317)",RBLA REPUBLICA DEL PERU 1105 VEREDA,2
2026-05-24,CH_109,36,S,50,,S,Basura Afuera,58802,Nocturno,2026-05-25 00:06:52,32,175807,"POINT (  577923.271890055,   6136296.12803885)",RBLA REPUBLICA DEL PERU 1057 EN 1069. URBAN HAUS,2
2026-05-24,CH_109,37,S,50,,S,,58802,Nocturno,2026-05-25 00:09:20,32,175808,"POINT (  577861.489375706,   6136224.96574295)",RBLA REPUBLICA DEL PERU 1003 EN 1017. BIGG FITNESS,2
2026-05-24,CH_109,38,S,75,,S,"Basura Afuera, Requiere Mantenimiento",58802,Nocturno,2026-05-25 00:09:26,32,175809,"POINT (  577828.212539548,   6136182.14088419)",RBLA REPUBLICA DEL PERU 999,2
2026-05-24,CH_109,39,S,100,,S,Basura Afuera,58802,Nocturno,2026-05-25 00:14:58,32,175810,"POINT (  577731.828358757,   6135963.55331357)",RBLA REPUBLICA DEL PERU 877,2
2026-05-24,CH_109,40,S,75,,S,,58802,Nocturno,2026-05-25 00:18:01,32,175811,"POINT (  577724.047951766,   6135859.19022056)",RBLA REPUBLICA DEL PERU 809 EN 811,2
2026-05-24,CH_109,41,S,50,,S,,58802,Nocturno,2026-05-25 00:18:08,32,176843,"POINT (  577722.037919527,   6135854.03652189)",RBLA REPUBLICA DEL PERU 809 PROV PELIGRO DERRUMBE DESDE RBLA REPUBLICA DEL PERU 765,2
2026-05-24,CH_109,42,S,50,,S,Basura Afuera,58802,Nocturno,2026-05-25 00:19:58,32,175813,"POINT (  577749.454517198,   6135605.30459024)",RBLA REPUBLICA DEL PERU 727 EN 727/735,2
2026-05-24,CH_109,43,S,50,,S,,58802,Nocturno,2026-05-25 00:21:12,32,175814,"POINT (  577717.119762258,   6135504.77483730)",RBLA MAHATMA GANDHI 669 ESTACIONAMIENTO,2
2026-05-24,CH_109,44,S,75,,S,,58802,Nocturno,2026-05-25 00:26:14,32,175816,"POINT (  577615.557172318,   6135344.62675990)",RBLA MAHATMA GANDHI 617 ESTACIONAMIENTO,2
2026-05-24,CH_109,45,S,75,,S,,58802,Nocturno,2026-05-25 00:26:20,32,175817,"POINT (  577505.133443504,   6135249.20303108)",RBLA MAHATMA GANDHI 567,2
2026-05-24,CH_109,46,S,75,,S,,58802,Nocturno,2026-05-25 00:26:23,32,175818,"POINT (  577502.802935030,   6135247.66348306)",RBLA MAHATMA GANDHI 567,2
2026-05-24,CH_109,47,S,75,,S,,58802,Nocturno,2026-05-25 00:27:58,32,175819,"POINT (  577399.716776837,   6135161.32167515)",RBLA MAHATMA GANDHI 519,2
2026-05-24,CH_109,48,S,50,,S,,58802,Nocturno,2026-05-25 00:29:39,32,175820,"POINT (  577306.383443504,   6135078.96291809)",RBLA MAHATMA GANDHI 485,2
2026-05-24,CH_109,49,S,75,,S,,58802,Nocturno,2026-05-25 00:31:13,32,175821,"POINT (  577218.925816386,   6135003.59568645)",RBLA MAHATMA GANDHI 421,2
2026-05-24,CH_109,50,S,50,,S,,58802,Nocturno,2026-05-25 00:34:20,32,175822,"POINT (  577130.840970137,   6134926.34799328)",RBLA MAHATMA GANDHI 371 EN 365. CERCO VEGETAL,2
2026-05-24,CH_109,51,S,100,,S,Basura Afuera,58802,Nocturno,2026-05-25 00:34:23,32,175823,"POINT (  577087.922991528,   6134887.97421753)",RBLA MAHATMA GANDHI 343 PDO COLUMNA,2
2026-05-24,CH_109,52,S,100,,S,Basura Afuera,58802,Nocturno,2026-05-25 00:39:46,32,175824,"POINT (  576968.233725991,   6134786.56178815)",RBLA MAHATMA GANDHI 211,2
2026-05-24,CH_109,53,S,100,,S,"Basura Afuera, Requiere Mantenimiento",58802,Nocturno,2026-05-25 03:21:31,3,175825,"POINT (  576905.211127121,   6134730.12111019)",RBLA MAHATMA GANDHI 181 EN 183,2
2026-05-24,CH_109,54,S,50,,N,,58802,Nocturno,2026-05-24 22:00:00,,175826,"POINT (  576863.473838985,   6134693.20020623)",RBLA MAHATMA GANDHI 161 EN 155,2
2026-05-24,CH_109,55,S,50,,S,,58802,Nocturno,2026-05-24 22:00:00,,175827,"POINT (  576811.990293014,   6134635.44101384)",RBLA MAHATMA GANDHI 129 EN 137,2
2026-05-24,CH_120,1,S,100,,S,,58803,Nocturno,2026-05-24 23:05:11,,180291,"POINT (  576430.084450763,   6139267.83942462)",MONTE CASEROS 2708,0
2026-05-24,CH_120,2,S,100,,S,,58803,Nocturno,2026-05-24 23:05:30,,179606,"POINT (  576432.535431155,   6139270.67166863)",MONTE CASEROS 2708,0
2026-05-24,CH_120,3,S,100,,S,,58803,Nocturno,2026-05-24 23:05:35,,179605,"POINT (  576434.441749238,   6139273.66731133)",MONTE CASEROS 2708,0
2026-05-24,CH_120,4,S,75,,S,,58803,Nocturno,2026-05-25 00:11:27,,183831,"POINT (  576556.360086928,   6139267.03762985)",ESTERO BELLACO 2584,0
2026-05-24,CH_120,5,S,100,,S,,58803,Nocturno,2026-05-25 00:11:31,,176526,"POINT (  576557.705930562,   6139265.85664519)",ESTERO BELLACO 2584 MMURO CIEGO,0
2026-05-24,CH_120,6,S,100,,S,,58803,Nocturno,2026-05-25 00:11:38,,176527,"POINT (  576603.658887070,   6139225.11484870)",ESTERO BELLACO 2604 CASA NARANJA,0
2026-05-24,CH_120,7,S,100,,S,Basura Afuera,58803,Nocturno,2026-05-25 00:11:50,,180267,"POINT (  576607.261385269,   6139223.61794786)",ESTERO BELLACO 2608,0
2026-05-24,CH_120,8,S,100,,S,,58803,Nocturno,2026-05-25 00:15:41,,176528,"POINT (  576709.487231593,   6139132.71564539)",ESTERO BELLACO 2674 EN 2666. CHAPA AZUL. ANTES DE MURO,0
2026-05-24,CH_120,9,S,75,,S,,58803,Nocturno,2026-05-25 00:15:48,,183129,"POINT (  576803.495239249,   6139056.44779374)",ESTERO BELLACO 2724 EN 2734,0
2026-05-24,CH_120,10,S,75,,S,,58803,Nocturno,2026-05-25 00:18:34,,176529,"POINT (  576811.730096226,   6139051.33515280)",ESTERO BELLACO 2744 EN 2734/2744,0
2026-05-24,CH_120,11,S,75,,S,,58803,Nocturno,2026-05-25 00:18:44,,176530,"POINT (  576818.342888353,   6139046.43522572)",ESTERO BELLACO 2744,0
2026-05-24,CH_120,12,S,100,,S,,58803,Nocturno,2026-05-25 00:21:39,,176531,"POINT (  576868.282641926,   6139011.85182059)",ESTERO BELLACO 2775 FTE 2773. EST 45,0
2026-05-24,CH_120,13,S,100,,S,,58803,Nocturno,2026-05-25 00:21:43,,183128,"POINT (  576904.234715927,   6138988.87100193)",ESTERO BELLACO 2782,0
2026-05-24,CH_120,14,S,100,,S,Basura Afuera,58803,Nocturno,2026-05-25 00:24:32,,176533,"POINT (  576990.863867685,   6138940.23810114)",ESTERO BELLACO 2842 FTE 2841. ESQ,0
2026-05-24,CH_120,15,S,100,,S,,58803,Nocturno,2026-05-25 00:28:05,,180817,"POINT (  577078.807706143,   6138895.51748464)",ESTERO BELLACO 2878,0
2026-05-24,CH_120,16,S,100,,S,Basura Afuera,58803,Nocturno,2026-05-25 00:28:10,,176534,"POINT (  577080.699520894,   6138894.78115434)",ESTERO BELLACO 2878 FTE 2889 BIS. ARBOL/ARBOL,0
2026-05-24,CH_120,17,S,100,,S,Basura Afuera,58803,Nocturno,2026-05-25 00:28:14,,180266,"POINT (  577082.595861327,   6138893.87169223)",ESTERO BELLACO 2878,0
2026-05-24,CH_120,18,S,100,,S,Basura Afuera,58803,Nocturno,2026-05-25 00:33:01,,176535,"POINT (  577184.861142841,   6138843.35789902)",ESTERO BELLACO 2956 MURO,0
2026-05-24,CH_120,19,S,100,,S,Basura Afuera,58803,Nocturno,2026-05-25 00:33:06,,181718,"POINT (  577187.531690268,   6138841.61799302)",ESTERO BELLACO 2956,0
2026-05-24,CH_120,20,S,75,,S,,58803,Nocturno,2026-05-25 01:42:21,,183888,"POINT (  577189.354647712,   6138840.52439477)",ESTERO BELLACO 2956 PROV O: AV Centenario 2751,0
2026-05-24,CH_120,21,S,100,,S,Basura Afuera,58803,Nocturno,2026-05-25 01:42:28,,176536,"POINT (  577248.806701284,   6139031.07882186)",JOAQUIN SECCO ILLA Esq. TUYUTI FTE 2948. MURO,0
2026-05-24,CH_120,22,N,,Contenedor No Está,N,,58803,Nocturno,2026-05-25 01:45:39,,176537,"POINT (  577242.883094480,   6139034.71055699)",JOAQUIN SECCO ILLA 2955 FTE 2948. MURO,0
2026-05-24,CH_120,23,S,100,,S,,58803,Nocturno,2026-05-25 01:45:42,,182247,"POINT (  577095.094305665,   6139083.15049499)",JOAQUIN SECCO ILLA Esq. HUMAITA EN 2835,0
2026-05-24,CH_120,24,S,100,,S,,58803,Nocturno,2026-05-25 01:45:47,,182260,"POINT (  577026.939902958,   6139080.29609545)",JOAQUIN SECCO ILLA 2805,0
2026-05-24,CH_120,25,S,100,,S,Basura Afuera,58803,Nocturno,2026-05-25 01:45:52,,176540,"POINT (  576966.166033803,   6139107.27474033)",JOAQUIN SECCO ILLA 2775 ARBOL/ARBOL,0
2026-05-24,CH_120,26,S,75,,S,,58803,Nocturno,2026-05-25 01:45:57,,176541,"POINT (  576892.967178302,   6139165.87613620)",CDTE BRAGA 2715 FTE 2748,0
2026-05-24,CH_120,27,S,75,,S,,58803,Nocturno,2026-05-25 01:46:02,,180347,"POINT (  576855.554023965,   6139199.58286885)",CDTE BRAGA 2711,0
2026-05-24,CH_120,28,S,100,,S,,58803,Nocturno,2026-05-25 01:46:12,,176542,"POINT (  576852.066083706,   6139202.40504482)",CDTE BRAGA 2711 FTE 2704,0
2026-05-24,CH_120,29,S,100,,S,,58803,Nocturno,2026-05-25 01:50:04,,176543,"POINT (  576785.848621939,   6139258.29145425)",CDTE BRAGA 2663 MURO,0
2026-05-24,CH_120,30,S,100,,S,Basura Afuera,58803,Nocturno,2026-05-25 01:50:13,,176544,"POINT (  576778.726189949,   6139265.59018406)",CDTE BRAGA 2663 MURO,0
2026-05-24,CH_120,31,S,100,,S,Basura Afuera,58803,Nocturno,2026-05-25 01:53:20,,177150,"POINT (  576653.379337691,   6139379.99461438)",CDTE BRAGA 2589,0
2026-05-24,CH_120,32,S,100,,S,,58803,Nocturno,2026-05-25 01:53:26,,176545,"POINT (  576611.736893393,   6139414.80866020)",CDTE BRAGA 2565 EN 2569 BIS,0
2026-05-24,CH_120,33,S,75,,S,Basura Afuera,58803,Nocturno,2026-05-25 01:58:25,,182080,"POINT (  576715.606605287,   6139444.31459471)",CNEL LUCAS PIRIZ 2596,0
2026-05-24,CH_120,34,S,100,,S,Basura Afuera,58803,Nocturno,2026-05-25 02:05:57,,181728,"POINT (  576719.217450853,   6139441.75328328)",CNEL LUCAS PIRIZ 2596 EN 2598. ESQ.,0
2026-05-24,CH_120,35,S,100,,S,,58803,Nocturno,2026-05-25 02:06:02,,181730,"POINT (  576790.093446303,   6139507.39605916)",CARLOS ANAYA 2898,0
2026-05-24,CH_120,36,,,,S,,58803,Nocturno,,,181729,"POINT (  576792.141227873,   6139510.80902844)",CARLOS ANAYA 2898,0
2026-05-24,CH_120,37,,,,S,,58803,Nocturno,,,181731,"POINT (  576843.563298407,   6139584.07410239)",CARLOS ANAYA 2930 FTE 2935. ARBOL/ARBOL,0
2026-05-24,CH_120,38,,,,S,,58803,Nocturno,,,176550,"POINT (  576895.576386060,   6139571.14956833)",JAIME CIBILS 2629 FTE 2629. MURO,0
2026-05-24,CH_120,39,,,,S,,58803,Nocturno,,,177280,"POINT (  576977.273963616,   6139479.71813355)",JAIME CIBILS 2680 ANTES DE 2680. REJA,0
2026-05-24,CH_120,40,,,,S,,58803,Nocturno,,,176552,"POINT (  576968.739981996,   6139411.03588682)",GRAL URQUIZA 2982 VEREDA. FTE 2982. MURO DE NACIONAL,0
2026-05-24,CH_120,41,,,,S,,58803,Nocturno,,,176554,"POINT (  576960.022054720,   6139020.60673124)",CORNELIO CANTERA 2770,0
2026-05-24,CH_120,42,,,,S,,58803,Nocturno,,,176555,"POINT (  577038.080135712,   6139127.68194780)",CORNELIO CANTERA 2814 REJAS,0
2026-05-24,CH_120,43,,,,S,,58803,Nocturno,,,176556,"POINT (  577134.644509956,   6139264.75124762)",CORNELIO CANTERA 2884 EN 2888. MURO,0
2026-05-24,CH_120,44,,,,S,,58803,Nocturno,,,176557,"POINT (  577137.408003904,   6139268.93596703)",CORNELIO CANTERA 2884 EN 2888. MURO,0
2026-05-24,CH_120,45,,,,S,,58803,Nocturno,,,176558,"POINT (  577297.493260469,   6139115.16726806)",JAIME CIBILS 2878 LICEO. ARBOL/ARBOL,0
2026-05-24,CH_120,46,,,,S,,58803,Nocturno,,,176559,"POINT (  577300.098840477,   6139112.08794624)",JAIME CIBILS 2884 LICEO. ARBOL/ARBOL,0
2026-05-24,CH_120,47,,,,S,,58803,Nocturno,,,176560,"POINT (  577388.267093004,   6138961.56459080)",DR JOSE BRITO FORESTI Esq. GREGORIO FUNES EN 2952. ACDE,0
2026-05-24,CH_120,48,,,,S,,58803,Nocturno,,,180265,"POINT (  577390.296135286,   6138957.74895010)",DR JOSE BRITO FORESTI 2956,0
2026-05-24,CH_120,49,,,,S,,58803,Nocturno,,,176561,"POINT (  577424.937039883,   6138896.12283945)",DR JOSE BRITO FORESTI 2998 PDO 2996. MURO VEGETAL,0
2026-05-24,CH_120,50,,,,S,,58803,Nocturno,,,176562,"POINT (  577445.774450027,   6138853.34595573)",DR JOSE BRITO FORESTI 3010 EN 3020. REJAS CON VEGETACION,0
2026-05-24,CH_120,51,,,,S,,58803,Nocturno,,,183265,"POINT (  577451.651831312,   6138843.40477631)",DR JOSE BRITO FORESTI 3026,0
2026-05-24,CH_120,52,,,,S,,58803,Nocturno,,,183267,"POINT (  577251.998461918,   6138819.46656150)",BELGRANO 2850,0
2026-05-24,CH_120,53,,,,S,,58803,Nocturno,,,176563,"POINT (  577258.018262456,   6138821.16100573)",BELGRANO 2854 PDO 2852. MURO CHAPA,0
2026-05-24,CH_120,54,,,,S,,58803,Nocturno,,,176564,"POINT (  577418.660837436,   6138871.08854879)",BELGRANO 2898 FTE 2897,0
2026-05-24,CH_120,55,,,,S,,58803,Nocturno,,,183266,"POINT (  577420.212806488,   6138871.40318378)",BELGRANO 2898,0
2026-05-24,CH_121,1,,,,S,,58803,Nocturno,,,183263,"POINT (  577705.302370535,   6138896.16431855)",JUAN SPIKERMAN 2108,1
2026-05-24,CH_121,2,,,,S,,58803,Nocturno,,,176580,"POINT (  577475.134315033,   6138887.02287843)",BELGRANO 2908 AL LADO DE ARBOL,1
2026-05-24,CH_121,3,,,,S,,58803,Nocturno,,,176581,"POINT (  577554.328214815,   6138921.33660392)",BELGRANO 2942 FTE 2947. ESQ,1
2026-05-24,CH_121,4,,,,S,,58803,Nocturno,,,176578,"POINT (  577597.574402179,   6138939.47385882)",BELGRANO 2964 EN 2960. ANTES DE EDIFICIO,1
2026-05-24,CH_121,5,,,,S,,58803,Nocturno,,,180682,"POINT (  577712.952685185,   6138991.92723181)",BELGRANO 3024 FTE 3015,1
2026-05-24,CH_121,6,,,,S,,58803,Nocturno,,,180615,"POINT (  577807.848935722,   6139028.82471536)",BELGRANO 3060,1
2026-05-24,CH_121,7,,,,S,,58803,Nocturno,,,180653,"POINT (  577809.788825142,   6139029.30310671)",BELGRANO 3060,1
2026-05-24,CH_121,8,,,,S,,58803,Nocturno,,,183264,"POINT (  577603.767487165,   6138853.13679323)",DR PEDRO ESCUDER NUÑEZ 2110,1
2026-05-24,CH_121,9,,,,S,,58803,Nocturno,,,176577,"POINT (  577601.495970806,   6138857.99237734)",DR PEDRO ESCUDER NUÑEZ 2110 VEREDA. EN 2112,1
2026-05-24,CH_121,10,,,,S,,58803,Nocturno,,,183498,"POINT (  577520.687625529,   6139040.11371947)",DR PEDRO ESCUDER NUÑEZ 2202,1
2026-05-24,CH_121,11,,,,S,,58803,Nocturno,,,183499,"POINT (  577476.431988293,   6139145.82645670)",DR PEDRO ESCUDER NUÑEZ 2292,1
2026-05-24,CH_121,12,,,,S,,58803,Nocturno,,,176583,"POINT (  577487.007953377,   6139169.70261699)",REPUBLICA DOMINICANA 2960,1
2026-05-24,CH_121,13,,,,S,,58803,Nocturno,,,176584,"POINT (  577520.014489325,   6139188.33006798)",REPUBLICA DOMINICANA 2976 FTE 2975,1
2026-05-24,CH_121,14,,,,S,,58803,Nocturno,,,176586,"POINT (  577660.428432680,   6139267.41503529)",REPUBLICA DOMINICANA 3040 ANTES DE ESQ,1
2026-05-24,CH_121,15,,,,S,,58803,Nocturno,,,180865,"POINT (  577751.315892575,   6139126.45376311)",GREGORIO FUNES 3047 EN 3047 BIS,1
2026-05-24,CH_121,16,,,,S,,58803,Nocturno,,,176587,"POINT (  577749.317321569,   6139125.80283486)",GREGORIO FUNES 3047 EDIFICIO/CASA,1
2026-05-24,CH_121,17,,,,S,,58803,Nocturno,,,176588,"POINT (  577680.907735512,   6139098.35185447)",GREGORIO FUNES 3019 EN 3021. EDIFICIO,1
2026-05-24,CH_121,18,,,,S,,58803,Nocturno,,,176589,"POINT (  577584.829304140,   6139059.35403312)",GREGORIO FUNES 2981,1
2026-05-24,CH_121,19,,,,S,,58803,Nocturno,,,176590,"POINT (  577537.988345534,   6139039.09259521)",GREGORIO FUNES 2957,1
2026-05-24,CH_121,20,,,,S,,58803,Nocturno,,,176591,"POINT (  577451.278105883,   6139216.43464314)",DR PEDRO ESCUDER NUÑEZ 2318 VEREDA,1
2026-05-24,CH_121,21,,,,S,,58803,Nocturno,,,176592,"POINT (  577433.195317212,   6139258.04684357)",DR PEDRO ESCUDER NUÑEZ 2340 VEREDA,1
2026-05-24,CH_121,22,,,,S,,58803,Nocturno,,,183887,"POINT (  577446.626477995,   6139374.94849630)",AV CENTENARIO 2988 PROV O: AV CENTENARIO 3105 EN 4109,1
2026-05-24,CH_121,23,,,,S,,58803,Nocturno,,,183819,"POINT (  577495.224595238,   6139385.50812381)",JUAN SPIKERMAN 2443,1
2026-05-24,CH_121,24,,,,S,,58803,Nocturno,,,176594,"POINT (  577528.620153813,   6139306.84858649)",JUAN SPIKERMAN 2391 EN 2397. MURO CIEGO,1
2026-05-24,CH_121,25,,,,S,,58803,Nocturno,,,176595,"POINT (  577573.718193029,   6139197.15359738)",JUAN SPIKERMAN 2289 MURO,1
2026-05-24,CH_121,26,,,,S,,58803,Nocturno,,,176596,"POINT (  577352.803160349,   6139314.80065621)",FEDERICO SUSVIELA GUARCH 2987 VEREDA,1
2026-05-24,CH_121,27,,,,S,,58803,Nocturno,,,176597,"POINT (  577263.587474074,   6139253.68954509)",FEDERICO SUSVIELA GUARCH 2961 EN 2961BIS/2963. VEREDA,1
2026-05-24,CH_121,28,,,,S,,58803,Nocturno,,,176598,"POINT (  577174.371787800,   6139280.70479564)",JAIME CIBILS 2807 FTE 2810. MURO,1
2026-05-24,CH_121,29,,,,S,,58803,Nocturno,,,180815,"POINT (  577171.032275427,   6139281.96979272)",JAIME CIBILS 2807,1
2026-05-24,CH_121,30,,,,S,,58803,Nocturno,,,176599,"POINT (  577102.258498040,   6139358.26470849)",JAIME CIBILS 2747 EN 2751. EDIFICIO,1
2026-05-24,CH_121,31,,,,S,,58803,Nocturno,,,176600,"POINT (  577037.770480611,   6139432.77451241)",JAIME CIBILS 2723,1
2026-05-24,CH_121,32,,,,S,,58803,Nocturno,,,180816,"POINT (  577036.902582594,   6139433.33498043)",JAIME CIBILS 2723,1
2026-05-24,CH_121,33,,,,S,,58803,Nocturno,,,183115,"POINT (  576967.804018770,   6139506.91505059)",JAIME CIBILS 2671,1
2026-05-24,CH_121,34,,,,S,,58803,Nocturno,,,176601,"POINT (  576843.652833552,   6139649.11438169)",JAIME CIBILS 2583,1
2026-05-24,CH_121,35,,,,S,,58803,Nocturno,,,183497,"POINT (  576840.583927080,   6139653.18825825)",JAIME CIBILS 2571,1
2026-05-24,CH_121,36,,,,S,,58803,Nocturno,,,176603,"POINT (  576892.563508933,   6139688.98366274)",PEDRO OLMIDA 2590 FTE 2597. MURO ESQ,1
2026-05-24,CH_121,37,,,,S,,58803,Nocturno,,,183112,"POINT (  576894.718702737,   6139688.21364583)",PEDRO OLMIDA 2590,1
2026-05-24,CH_121,38,,,,S,,58803,Nocturno,,,176604,"POINT (  576978.184423966,   6139630.37799825)",PEDRO OLMIDA 2642 EN 2648,1
2026-05-24,CH_121,39,,,,S,,58803,Nocturno,,,176605,"POINT (  577042.672441395,   6139582.88344488)",PEDRO OLMIDA 2676 EN 2678/2682,1
2026-05-24,CH_121,40,,,,S,,58803,Nocturno,,,176606,"POINT (  577109.556972986,   6139537.13181089)",PEDRO OLMIDA 2730 FTE 2717. MURO CIEGO,1
2026-05-24,CH_121,41,,,,S,,58803,Nocturno,,,176607,"POINT (  577115.112528541,   6139532.99237733)",PEDRO OLMIDA 2730 FTE 2717. MURO CIEGO,1
2026-05-24,CH_121,42,,,,S,,58803,Nocturno,,,183272,"POINT (  577135.276139351,   6139521.84084584)",PEDRO OLMIDA 2736,1
2026-05-24,CH_121,43,,,,S,,58803,Nocturno,,,183113,"POINT (  577138.238057546,   6139520.28936488)",PEDRO OLMIDA 2742 FTE 2747,1
2026-05-24,CH_121,44,,,,S,,58803,Nocturno,,,183885,"POINT (  577477.751091939,   6139562.54881394)",AV CENTENARIO 3090 PROV O: AV Centenrario 3077,1
2026-05-24,CH_121,45,,,,S,,58803,Nocturno,,,176608,"POINT (  577281.125600437,   6139629.17974117)",MARIANO MORENO 2745 SUBESTACION UTE,1
2026-05-24,CH_121,46,,,,S,,58803,Nocturno,,,183111,"POINT (  577278.283450250,   6139630.10000371)",MARIANO MORENO 2745,1
2026-05-24,CH_121,47,,,,S,,58803,Nocturno,,,180935,"POINT (  577204.301729851,   6139682.37204478)",MARIANO MORENO 2715 FTE 2708,1
2026-05-24,CH_121,48,,,,S,,58803,Nocturno,,,176609,"POINT (  577202.912092811,   6139683.21024226)",MARIANO MORENO 2715 FTE 2708,1
2026-05-24,CH_121,49,,,,S,,58803,Nocturno,,,183614,"POINT (  577030.157635294,   6139803.41808867)",MARIANO MORENO 2609,1
2026-05-24,CH_121,50,,,,S,,58803,Nocturno,,,176611,"POINT (  577027.095099347,   6139805.21459956)",MARIANO MORENO 2609,1
2026-05-24,CH_121,51,,,,S,,58803,Nocturno,,,176612,"POINT (  577098.336929413,   6139881.24945794)",JUAN CABAL 2562 ANTES DE ARBOL,1
2026-05-24,CH_121,52,,,,S,,58803,Nocturno,,,176613,"POINT (  577170.232354249,   6139866.65250805)",JUAN RAMON GOMEZ 3105 FTE 3105. MURO,1
2026-05-24,CH_121,53,,,,S,,58803,Nocturno,,,176614,"POINT (  577222.846733334,   6139939.85512243)",JUAN RAMON GOMEZ 3141 EN 3144. CASA LADRILLOS. PDO ARBOL,1
2026-05-24,CH_121,54,,,,S,,58803,Nocturno,,,176615,"POINT (  577279.709478432,   6139856.52178910)",GRAL URQUIZA 3194 FTE 3194. MURO,1
2026-05-24,CH_121,55,,,,S,,58803,Nocturno,,,176616,"POINT (  577216.746515469,   6139769.37581960)",GRAL URQUIZA 3141,1
2026-05-24,CH_121,56,,,,S,,58803,Nocturno,,,176617,"POINT (  577138.750872768,   6139656.84858648)",GRAL URQUIZA 3087 VEREDA,1
2026-05-24,CH_119,1,S,100,,S,,58804,Nocturno,2026-05-25 03:00:06,,180448,"POINT (  576458.428927202,   6138565.32773144)",PTE LORENZO BATLLE 2587,0
2026-05-24,CH_119,2,S,75,,S,,58804,Nocturno,2026-05-25 03:05:28,,183708,"POINT (  576457.416788453,   6138566.04366754)",PTE LORENZO BATLLE 2587,0
2026-05-24,CH_119,3,S,100,,S,,58804,Nocturno,2026-05-25 03:18:45,,180449,"POINT (  576421.753777342,   6138590.84344249)",PTE LORENZO BATLLE 2559,0
2026-05-24,CH_119,4,S,25,,S,,58804,Nocturno,2026-05-25 03:02:46,,176910,"POINT (  576383.830122635,   6138616.84716176)",PTE LORENZO BATLLE 2541 CASA TAPEADA,0
2026-05-24,CH_119,5,S,100,,S,,58804,Nocturno,2026-05-25 03:15:47,,176911,"POINT (  576382.541665011,   6138617.81350498)",PTE LORENZO BATLLE 2541 CASA TAPEADA,0
2026-05-24,CH_119,6,S,100,,S,,58804,Nocturno,2026-05-25 03:17:05,,176912,"POINT (  576326.010586795,   6138656.95040528)",PTE LORENZO BATLLE Esq. JUAN RAMON GOMEZ,0
2026-05-24,CH_119,7,S,100,,S,,58804,Nocturno,2026-05-25 03:02:25,,176913,"POINT (  576348.236480795,   6138689.32290306)",JUAN RAMON GOMEZ 2524 VEREDA,0
2026-05-24,CH_119,8,S,100,,S,,58804,Nocturno,2026-05-25 03:03:33,,181432,"POINT (  576369.766987800,   6138725.68781939)",JUAN RAMON GOMEZ 2548,0
2026-05-24,CH_119,9,S,75,,S,,58804,Nocturno,2026-05-25 03:03:50,,180793,"POINT (  576421.957419453,   6138696.40847732)",PTE BERRO 2534 VEREDA,0
2026-05-24,CH_119,10,S,75,,S,,58804,Nocturno,2026-05-25 03:03:07,,176915,"POINT (  576423.171011686,   6138695.68032198)",PTE BERRO 2534 VEREDA,0
2026-05-24,CH_119,11,S,75,,S,,58804,Nocturno,2026-05-25 03:04:19,,180628,"POINT (  576524.519875130,   6138626.53942021)",PTE BERRO 2592 VEREDA. EN 2600 (FARMACIA),0
2026-05-24,CH_119,12,S,75,,S,,58804,Nocturno,2026-05-25 03:04:38,,180629,"POINT (  576525.361844042,   6138626.05366892)",PTE BERRO 2592 VEREDA. EN 2600 (FARMACIA),0
2026-05-24,CH_119,13,S,100,,S,,58804,Nocturno,2026-05-25 03:05:04,,180630,"POINT (  576526.236196373,   6138625.50315078)",PTE BERRO 2592 VEREDA. EN 2600 (FARMACIA),0
2026-05-24,CH_119,14,S,100,,S,,58804,Nocturno,2026-05-25 01:24:32,,181875,"POINT (  576607.026151081,   6138570.46536564)",PTE BERRO 2620 VEREDA,0
2026-05-24,CH_119,15,S,100,,S,,58804,Nocturno,2026-05-25 01:23:50,,181874,"POINT (  576608.334455973,   6138569.66900615)",PTE BERRO 2620 VEREDA,0
2026-05-24,CH_119,16,S,100,,S,,58804,Nocturno,2026-05-25 01:24:09,,181876,"POINT (  576609.130815472,   6138568.87264664)",PTE BERRO 2620 VEREDA,0
2026-05-24,CH_119,17,S,100,,S,,58804,Nocturno,2026-05-25 01:26:02,,183651,"POINT (  576655.278521340,   6138596.67590114)",GERARDO GRASSO 2566 CASA CON RETIRO,0
2026-05-24,CH_119,18,S,100,,S,,58804,Nocturno,2026-05-25 01:25:45,,183652,"POINT (  576655.959565608,   6138597.24343803)",GERARDO GRASSO 2566 CASA CON RETIRO,0
2026-05-24,CH_119,19,S,75,,S,,58804,Nocturno,2026-05-25 01:25:19,,183650,"POINT (  576745.176364699,   6138681.57941986)",GERARDO GRASSO 2622,0
2026-05-24,CH_119,20,S,75,,S,,58804,Nocturno,2026-05-25 01:24:54,,183653,"POINT (  576746.708714302,   6138683.05501578)",GERARDO GRASSO 2622,0
2026-05-24,CH_119,21,S,75,,S,,58804,Nocturno,2026-05-25 02:59:04,,176924,"POINT (  576984.211288889,   6138669.86888936)",LUIS SAMBUCETTI 2652 2652 EDIFICIO,0
2026-05-24,CH_119,22,S,100,,S,,58804,Nocturno,2026-05-25 02:59:27,,176925,"POINT (  576983.265662412,   6138671.52373570)",LUIS SAMBUCETTI 2652 2652 EDIFICIO,0
2026-05-24,CH_119,23,S,100,,S,,58804,Nocturno,2026-05-25 03:06:12,,183791,"POINT (  576935.636152632,   6138780.21739925)",LUIS SAMBUCETTI 2691,0
2026-05-24,CH_119,24,S,100,,S,,58804,Nocturno,2026-05-25 03:06:33,,176926,"POINT (  576933.029255792,   6138784.40789645)",LUIS SAMBUCETTI 2695 FTE 2695,0
2026-05-24,CH_119,25,S,100,,S,,58804,Nocturno,2026-05-25 03:06:52,,176927,"POINT (  576932.438239244,   6138785.82633617)",LUIS SAMBUCETTI 2695 FTE 2695,0
2026-05-24,CH_119,26,S,100,,S,,58804,Nocturno,2026-05-25 03:07:39,,181387,"POINT (  576806.457676223,   6138862.76821252)",AV GRAL GARIBALDI 2789,0
2026-05-24,CH_119,27,S,75,,S,,58804,Nocturno,2026-05-25 03:07:58,,179177,"POINT (  576804.116035293,   6138863.58471177)",AV GRAL GARIBALDI 2789 PDO 2789. MURO OBRA,0
2026-05-24,CH_119,28,S,100,,S,,58804,Nocturno,2026-05-25 03:09:04,,181386,"POINT (  576409.420557793,   6139136.23584938)",TTE JUAN S WALCALDE 2653,0
2026-05-24,CH_119,29,S,75,,S,,58804,Nocturno,2026-05-25 03:10:01,,181877,"POINT (  576408.671525142,   6139134.53579636)",TTE JUAN S WALCALDE 2653,0
2026-05-24,CH_119,30,S,75,,S,,58804,Nocturno,2026-05-25 03:10:31,,180414,"POINT (  576370.445505006,   6139061.45433515)",TTE JUAN S WALCALDE 2601,0
2026-05-24,CH_119,31,S,75,,S,,58804,Nocturno,2026-05-25 03:10:56,,181295,"POINT (  576369.689116724,   6139059.52189420)",TTE JUAN S WALCALDE 2601,0
2026-05-24,CH_119,32,S,50,,S,,58804,Nocturno,2026-05-25 03:11:21,,176928,"POINT (  576388.584811348,   6139012.71758913)",RAMON Y CAJAL 2589 FTE 2585 Y 2589,0
2026-05-24,CH_119,33,S,50,,S,,58804,Nocturno,2026-05-25 03:11:45,,176929,"POINT (  576389.648641135,   6139011.53555603)",RAMON Y CAJAL 2589 FTE A 2585 Y 2589,0
2026-05-24,CH_119,34,S,100,,S,,58804,Nocturno,2026-05-25 03:12:21,,176930,"POINT (  576470.026891726,   6138951.60647801)",RAMON Y CAJAL 2474 REJA VERDE,0
2026-05-24,CH_119,35,S,100,,S,,58804,Nocturno,2026-05-25 03:12:44,,176931,"POINT (  576549.511900000,   6138983.76352353)",JUAN RAMON GOMEZ 2674 FTE A 2673,0
2026-05-24,CH_119,36,S,100,,S,,58804,Nocturno,2026-05-25 03:13:06,,176932,"POINT (  576584.511900000,   6139036.23411177)",JUAN RAMON GOMEZ 2699,0
2026-05-24,CH_119,37,S,100,,S,,58804,Nocturno,2026-05-25 03:14:03,,176933,"POINT (  576644.494976833,   6138959.88070969)",GRAL URQUIZA 2743 VEREDA. ANTES 2747. MURO,0
2026-05-24,CH_119,38,S,75,,S,,58804,Nocturno,2026-05-25 03:14:29,,176934,"POINT (  576564.707742790,   6138849.00600520)",GRAL URQUIZA 2689 VEREDA,0
2026-05-24,CH_119,39,S,50,,S,,58804,Nocturno,2026-05-25 03:14:58,,176935,"POINT (  576504.542258157,   6138784.23059149)",PTE GIRO 2541 FTE A 2544 MURO VEGETAL,0
2026-05-24,CH_119,40,S,75,,S,,58804,Nocturno,2026-05-25 03:15:26,,176936,"POINT (  576475.582447282,   6138804.08874752)",PTE GIRO 2527 MURO,0
2026-05-24,CH_119,41,S,100,,S,,58804,Nocturno,2026-05-25 03:16:21,,176937,"POINT (  576395.617908275,   6138858.93508322)",PTE GIRO 2475 2477 ANTES DE VENTANA,0
2026-05-24,CH_119,42,S,75,,S,,58804,Nocturno,2026-05-25 03:16:44,,176938,"POINT (  576402.072644226,   6138950.66139739)",CARLOS ANAYA 2636 MURO LADRILLO CON REJAS,0
2026-05-24,CH_119,43,S,75,,S,,58804,Nocturno,2026-05-25 03:18:18,,176939,"POINT (  576468.154613907,   6139072.04102451)",CARLOS ANAYA 2673,0
2026-05-24,CH_119,44,S,100,,S,,58804,Nocturno,2026-05-25 03:17:42,,176940,"POINT (  576466.697660265,   6139069.98804437)",CARLOS ANAYA 2673,0
2026-05-24,CH_110,1,S,100,,S,Requiere Limpieza,58804,Nocturno,2026-05-25 01:09:31,,176997,"POINT (  576524.482049460,   6137485.88296258)",PEDRO CAMPBELL 1415 CASA ABANDONADA,1
2026-05-24,CH_110,2,S,100,,S,,58804,Nocturno,2026-05-25 01:09:53,,180261,"POINT (  576524.010912486,   6137484.03087624)",PEDRO CAMPBELL 1415,1
2026-05-24,CH_110,3,S,100,,S,,58804,Nocturno,2026-05-25 01:10:24,,176998,"POINT (  576443.589919969,   6137505.53869876)",20 DE SETIEMBRE 1420 REJAS GRISES,1
2026-05-24,CH_110,4,S,100,,S,,58804,Nocturno,2026-05-25 01:10:39,,180800,"POINT (  576486.352107395,   6137618.39080615)",20 DE SETIEMBRE 1498,1
2026-05-24,CH_110,5,S,100,,S,,58804,Nocturno,2026-05-25 01:12:06,,176999,"POINT (  576486.594893703,   6137619.54613499)",20 DE SETIEMBRE 1498,1
2026-05-24,CH_110,6,S,100,,S,,58804,Nocturno,2026-05-25 01:12:26,,181925,"POINT (  576593.113626580,   6137589.96664336)",PALMAR 2460,1
2026-05-24,CH_110,7,S,100,,S,,58804,Nocturno,2026-05-25 01:12:53,,181924,"POINT (  576594.638681046,   6137589.31304859)",PALMAR 2460,1
2026-05-24,CH_110,8,S,100,,S,,58804,Nocturno,2026-05-25 01:13:17,,177000,"POINT (  576674.905690663,   6137560.06028540)",PALMAR 2498 EST 45,1
2026-05-24,CH_110,9,S,100,,S,,58804,Nocturno,2026-05-25 01:13:34,,177001,"POINT (  576681.495824714,   6137558.22117822)",PALMAR 2498 EST 45,1
2026-05-24,CH_110,10,S,100,,S,,58804,Nocturno,2026-05-25 01:14:08,,177002,"POINT (  576764.389437197,   6137694.84596739)",DR ENRIQUE POUEY 2547 EN 2549,1
2026-05-24,CH_110,11,S,75,,S,,58804,Nocturno,2026-05-25 01:14:27,,177003,"POINT (  576759.731937914,   6137696.96301252)",DR ENRIQUE POUEY 2547 EN 2549,1
2026-05-24,CH_110,12,S,100,,S,,58804,Nocturno,2026-05-25 01:14:53,,177004,"POINT (  576652.146739344,   6137755.61868191)",DR ENRIQUE POUEY 2503 ANTES DE CORDON ROJO,1
2026-05-24,CH_110,13,S,75,,S,,58804,Nocturno,2026-05-25 01:15:14,,177005,"POINT (  576544.482340011,   6137763.89466420)",DR GASTON RAMON 2383 FTE 2358. MURO HOSPITAL,1
2026-05-24,CH_110,14,S,75,,S,,58804,Nocturno,2026-05-25 01:15:36,,177008,"POINT (  576567.471179726,   6138040.98681224)",LORD PONSOMBY 2490 EDIFICIO,1
2026-05-24,CH_110,15,S,100,,S,,58804,Nocturno,2026-05-25 01:16:08,,177009,"POINT (  576639.196359638,   6138010.79480274)",DR PRUDENCIO DE PENA 2506 ARBOL/ARBOL,1
2026-05-24,CH_110,16,S,75,,S,,58804,Nocturno,2026-05-25 01:16:36,,177010,"POINT (  576734.349067551,   6137953.05325636)",DR PRUDENCIO DE PENA 2546 PDO 2546. CERCO VEGETAL,1
2026-05-24,CH_110,17,S,50,,S,,58804,Nocturno,2026-05-25 01:17:17,,177011,"POINT (  576829.178033393,   6137895.39821893)",DR PRUDENCIO DE PENA 2576 PROVISORIO POR OBRA,1
2026-05-24,CH_110,18,S,50,,S,,58804,Nocturno,2026-05-25 01:17:43,,177012,"POINT (  576832.546864111,   6137893.71380357)",DR PRUDENCIO DE PENA 2576 PROVISORIO POR OBRA,1
2026-05-24,CH_110,19,S,100,,S,,58804,Nocturno,2026-05-25 01:18:00,,177013,"POINT (  576827.053973002,   6137799.00458772)",DR ISABELINO J BOSCH 2595 ARBOL/ARBOL,1
2026-05-24,CH_110,20,S,75,,S,,58804,Nocturno,2026-05-25 01:18:43,,177014,"POINT (  576820.279428591,   6137802.39185993)",DR ISABELINO J BOSCH 2595 ARBOL/ARBOL,1
2026-05-24,CH_110,21,S,75,,S,,58804,Nocturno,2026-05-25 01:18:58,,182162,"POINT (  576630.145279104,   6137873.64334777)",SOMME 1596 PROV OV (O: DR ISABELINO J BOSCH 2519),1
2026-05-24,CH_110,22,S,50,,S,,58804,Nocturno,2026-05-25 01:18:27,,182161,"POINT (  576629.846771642,   6137876.47916866)",SOMME 1596 PROV OV (O: DR ISABELINO J BOSCH 2535),1
2026-05-24,CH_110,23,S,50,,S,,58804,Nocturno,2026-05-25 01:19:24,,177017,"POINT (  576679.886605933,   6138085.12538449)",LORD PONSOMBY 2542 ANTES DE 2542. CERCO VEGETAL,1
2026-05-24,CH_110,24,S,100,,S,,58804,Nocturno,2026-05-25 01:19:43,,177018,"POINT (  576618.736732353,   6138206.32407045)",JORGE CANNING 2405 ESQ. EDIFICIO,1
2026-05-24,CH_110,25,S,100,,S,,58804,Nocturno,2026-05-25 01:19:59,,177019,"POINT (  576542.566603368,   6138254.47650372)",MORALES 2611 FTE 2614. GINECOLOGIA HOSPITAL BRITANICO,1
2026-05-24,CH_110,26,S,50,,S,,58804,Nocturno,2026-05-25 01:23:09,,177020,"POINT (  576433.264886062,   6138330.25470895)",MORALES 2554 FTE 2560. ESQ. MURO VEGETAL,1
2026-05-24,CH_110,27,S,50,,S,,58804,Nocturno,2026-05-25 01:22:52,,177021,"POINT (  576429.896306886,   6138332.49996012)",MORALES 2554 FTE 2560. ESQ. MURO VEGETAL,1
2026-05-24,CH_110,28,S,75,,S,,58804,Nocturno,2026-05-25 01:22:33,,183379,"POINT (  576679.826069239,   6138401.55794325)",PTE LORENZO BATLLE 2686,1
2026-05-24,CH_110,29,S,100,,S,,58804,Nocturno,2026-05-25 01:22:08,,177023,"POINT (  576625.604064850,   6138327.46489600)",AVELINO MIRANDA 2681 EN 2685,1
2026-05-24,CH_110,30,S,75,,S,,58804,Nocturno,2026-05-25 01:21:50,,180268,"POINT (  576551.920019573,   6138374.81695762)",AVELINO MIRANDA 2625 VEREDA,1
2026-05-24,CH_110,31,S,75,,S,,58804,Nocturno,2026-05-25 03:19:23,,177024,"POINT (  576549.457365209,   6138376.54081567)",AVELINO MIRANDA 2617 VEREDA. ESQ. CASA AMARILLA,1
2026-05-24,CH_110,32,S,100,,S,,58804,Nocturno,2026-05-25 01:21:31,,177025,"POINT (  576812.995273521,   6138547.10564040)",CIUDAD DE BAHIA BLANCA 2595 EN 2593. MURO CIEGO,1
2026-05-24,CH_110,33,S,100,,S,,58804,Nocturno,2026-05-25 01:20:23,,177026,"POINT (  576773.165868682,   6138490.85318581)",CIUDAD DE BAHIA BLANCA 2557 EN 2557/2559. ANTES DE CORDON ROJO,1
2026-05-24,CH_110,34,S,100,,S,,58804,Nocturno,2026-05-25 01:11:40,,177027,"POINT (  576728.177941805,   6138428.10871370)",CIUDAD DE BAHIA BLANCA 2525 PDO GARAJE. ANTES DE ARBOL.,1
2026-05-24,CH_110,35,S,75,,S,,58804,Nocturno,2026-05-25 01:11:27,,177028,"POINT (  576762.133719742,   6138339.78215724)",PTE LORENZO BATLLE 2747 VEREDA. FTE 2747,1
2026-05-24,CH_110,36,S,50,,S,,58804,Nocturno,2026-05-25 01:11:09,,177029,"POINT (  576416.912020282,   6138124.98413307)",JORGE CANNING 2363 MURO EST HOSPITAL,1
2026-05-24,CH_111,1,S,100,,S,,58805,Nocturno,2026-05-24 23:52:54,,177042,"POINT (  576759.233261983,   6137530.17896525)",PALMAR 2528 CASA RETIRO,0
2026-05-24,CH_111,2,S,25,,S,,58805,Nocturno,2026-05-25 02:29:21,,177043,"POINT (  576761.156853422,   6137529.21716953)",PALMAR 2528 CASA RETIRO,0
2026-05-24,CH_111,3,S,100,,S,,58805,Nocturno,2026-05-25 00:17:49,,181926,"POINT (  576866.845729194,   6137544.68373246)",SIMON BOLIVAR 1468,0
2026-05-24,CH_111,4,S,75,,S,,58805,Nocturno,2026-05-25 00:21:14,,181927,"POINT (  576891.682330501,   6137658.40922266)",SIMON BOLIVAR 1518,0
2026-05-24,CH_111,5,S,75,,S,,58805,Nocturno,2026-05-25 00:21:22,,177045,"POINT (  576892.154024177,   6137660.97130914)",SIMON BOLIVAR 1518 COLUMNA/ARBOL,0
2026-05-24,CH_111,6,S,25,,S,,58805,Nocturno,2026-05-25 00:22:40,,177046,"POINT (  576937.720580659,   6137697.48392443)",LEONOR HORTICOU 2574 FTE 2561. MURO CHAPA,0
2026-05-24,CH_111,7,S,25,,S,,58805,Nocturno,2026-05-25 00:22:48,,181802,"POINT (  576940.308996951,   6137698.13971809)",LEONOR HORTICOU 2574,0
2026-05-24,CH_111,8,S,25,,S,,58805,Nocturno,2026-05-25 00:25:50,,178830,"POINT (  577036.369828976,   6137772.40705970)",GRAL JOSE ESTEBAN BRITO DEL PINO 1590 FTE 1569,0
2026-05-24,CH_111,9,S,100,,S,,58805,Nocturno,2026-05-25 00:27:23,,177049,"POINT (  577345.296359493,   6137819.19264208)",BRIG GRAL DIEGO LAMAS 1591 ARBOL/COLUMNA,0
2026-05-24,CH_111,10,S,100,,S,,58805,Nocturno,2026-05-25 00:30:04,,177050,"POINT (  577354.498725948,   6137731.62173548)",BRIG GRAL DIEGO LAMAS 1548 FTE 1546/1548. COLUMNA/ARBOL,0
2026-05-24,CH_111,11,S,25,,S,,58805,Nocturno,2026-05-25 00:30:12,,182204,"POINT (  577355.334240959,   6137727.72610065)",BRIG GRAL DIEGO LAMAS 1537,0
2026-05-24,CH_111,12,S,100,,S,,58805,Nocturno,2026-05-25 00:34:04,,177051,"POINT (  577366.818022978,   6137629.65357814)",BRIG GRAL DIEGO LAMAS 1503 COLUMNA/ARBOL,0
2026-05-24,CH_111,13,S,75,,S,,58805,Nocturno,2026-05-25 00:35:55,,177053,"POINT (  577392.495593895,   6137448.87160487)",BRIG GRAL DIEGO LAMAS 1425 FTE 1432. MURO VEGETAL,0
2026-05-24,CH_111,14,S,100,,S,,58805,Nocturno,2026-05-25 00:37:22,,177054,"POINT (  577399.620006635,   6137395.88378511)",BRIG GRAL DIEGO LAMAS 1409 MURO,0
2026-05-24,CH_111,15,S,100,,S,,58805,Nocturno,2026-05-25 00:38:20,,180306,"POINT (  577400.933514124,   6137391.87605142)",BRIG GRAL DIEGO LAMAS 1409,0
2026-05-24,CH_111,16,S,100,,S,,58805,Nocturno,2026-05-24 23:30:43,,183645,"POINT (  577310.873953159,   6137438.96421852)",PEDRO DE ALARCON 1372,0
2026-05-24,CH_111,17,S,100,,S,,58805,Nocturno,2026-05-24 23:30:51,,183644,"POINT (  577310.002493464,   6137441.36073268)",PEDRO DE ALARCON 1372,0
2026-05-24,CH_111,18,S,100,,S,,58805,Nocturno,2026-05-24 23:30:59,,183612,"POINT (  577269.874997604,   6137610.70128148)",CAP VIDELA 2841,0
2026-05-24,CH_111,19,S,50,,S,,58805,Nocturno,2026-05-24 23:31:17,,177058,"POINT (  577261.139234002,   6137609.61616731)",CAP VIDELA 2835 EN 2845. ARBOL/COLUMNA,0
2026-05-24,CH_111,20,S,50,,S,,58805,Nocturno,2026-05-24 23:31:53,,177059,"POINT (  577205.628184736,   6137603.23388090)",CAP VIDELA 2783 EN 2785. PDO GARAGE,0
2026-05-24,CH_111,21,S,100,,S,,58805,Nocturno,2026-05-24 23:32:39,,177060,"POINT (  577161.694306173,   6137598.03899661)",CAP VIDELA 2743 EN 2747. ARBOL/COLUMNA,0
2026-05-24,CH_111,22,S,25,,S,,58805,Nocturno,2026-05-24 23:36:35,,177061,"POINT (  577067.295837368,   6137585.71969958)",CAP VIDELA 2635,0
2026-05-24,CH_111,23,S,25,,S,,58805,Nocturno,2026-05-24 23:36:44,,177062,"POINT (  577062.843079406,   6137584.97757325)",CAP VIDELA 2635,0
2026-05-24,CH_111,24,S,50,,S,,58805,Nocturno,2026-05-24 23:37:10,,180263,"POINT (  576983.100869615,   6137533.04446912)",GRAL JOSE ESTEBAN BRITO DEL PINO 1489 PDO 1491,0
2026-05-24,CH_111,25,S,50,,S,,58805,Nocturno,2026-05-24 23:37:20,,177063,"POINT (  576982.545010815,   6137528.72439766)",GRAL JOSE ESTEBAN BRITO DEL PINO 1489 PDO 1491. COLUMNA/ARBOL,0
2026-05-24,CH_111,26,S,100,,S,,58805,Nocturno,2026-05-24 23:42:38,,179127,"POINT (  576961.315050763,   6137397.66511591)",GRAL JOSE ESTEBAN BRITO DEL PINO 1407 FTE 1404,0
2026-05-24,CH_111,27,S,100,,S,,58805,Nocturno,2026-05-24 23:42:50,,177065,"POINT (  576960.429646268,   6137392.32157874)",GRAL JOSE ESTEBAN BRITO DEL PINO 1407 FTE 1404,0
2026-05-24,CH_111,28,S,100,,S,,58805,Nocturno,2026-05-24 23:45:55,,180797,"POINT (  576944.111189796,   6137312.87508181)",GRAL JOSE ESTEBAN BRITO DEL PINO 1365 EN 1367,0
2026-05-24,CH_111,29,S,100,,S,,58805,Nocturno,2026-05-24 23:49:14,,180796,"POINT (  576826.022452595,   6137318.10830138)",SIMON BOLIVAR 1378,0
2026-05-24,CH_111,30,S,100,,S,,58805,Nocturno,2026-05-24 23:49:22,,180795,"POINT (  576831.986000000,   6137343.14300000)",SIMON BOLIVAR 1388,0
2026-05-24,CH_111,31,S,50,,S,,58805,Nocturno,2026-05-25 00:14:26,,183582,"POINT (  576858.441362341,   6137471.79097701)",SIMON BOLIVAR 1440,0
2026-05-24,CH_111,32,S,75,,S,,58805,Nocturno,2026-05-25 00:14:34,,183581,"POINT (  576859.005537236,   6137475.74020127)",SIMON BOLIVAR 1440,0
2026-05-24,CH_111,33,S,25,,S,,58805,Nocturno,2026-05-24 23:55:31,,177068,"POINT (  576876.420946042,   6137488.94642653)",PALMAR 2606 MURO LADRILLO,0
2026-05-24,CH_111,34,S,50,,S,,58805,Nocturno,2026-05-24 23:56:44,,180545,"POINT (  576993.232640959,   6137454.91528628)",MENDEZ NUÑEZ 2656 PDO 2656. MURO CIEGO,0
2026-05-24,CH_111,35,S,25,,S,,58805,Nocturno,2026-05-25 00:00:41,,177071,"POINT (  577044.289921228,   6137461.93302822)",MENDEZ NUÑEZ 2684 EDIFICIO,0
2026-05-24,CH_111,36,S,25,,S,,58805,Nocturno,2026-05-25 00:00:49,,177072,"POINT (  577046.961576005,   6137461.93302822)",MENDEZ NUÑEZ 2690 EDIFICIO,0
2026-05-24,CH_111,37,S,100,,S,,58805,Nocturno,2026-05-25 00:00:58,,177073,"POINT (  577108.186997989,   6137469.79956729)",MENDEZ NUÑEZ 2708 EN 2712,0
2026-05-24,CH_111,38,S,25,,S,,58805,Nocturno,2026-05-25 00:03:13,,177074,"POINT (  577138.020476338,   6137472.76807259)",MENDEZ NUÑEZ 2726 ANTES 2734. MURO LAVADERO,0
2026-05-24,CH_111,39,S,25,,S,,58805,Nocturno,2026-05-25 00:09:48,,183891,"POINT (  577210.257615686,   6137478.71007015)",MENDEZ NUÑEZ 2776 Alta por dirección,0
2026-05-24,CH_111,40,S,50,,S,,58805,Nocturno,2026-05-25 00:09:57,,182257,"POINT (  577231.351310011,   6137483.74696462)",MENDEZ NUÑEZ 2788,0
2026-05-24,CH_111,41,S,100,,S,,58805,Nocturno,2026-05-25 00:10:07,,177077,"POINT (  577248.448873808,   6137451.09798384)",LEPANTO 1381 REJA,0
2026-05-24,CH_111,42,S,25,,S,,58805,Nocturno,2026-05-25 00:10:19,,181349,"POINT (  577251.889290960,   6137419.75978870)",LEPANTO 1363,0
2026-05-24,CH_111,43,S,25,,S,,58805,Nocturno,2026-05-25 00:10:36,,181273,"POINT (  577109.446540976,   6137411.25576720)",AV DR FRANCISCO SOCA 1402 EN 1420,0
2026-05-24,CH_111,44,S,25,,S,,58805,Nocturno,2026-05-25 00:42:53,,177076,"POINT (  577050.894845539,   6137678.04021466)",FELICIANO RODRIGUEZ 2658,0
2026-05-24,CH_111,45,S,50,,S,,58805,Nocturno,2026-05-25 00:43:00,,177078,"POINT (  577057.573982482,   6137679.37604205)",FELICIANO RODRIGUEZ 2658,0
2026-05-24,CH_111,46,N,,Fuego,S,,58805,Nocturno,2026-05-25 00:45:18,,177079,"POINT (  577149.746072306,   6137698.22605076)",FELICIANO RODRIGUEZ 2710 FTE 2715. ARBOL/ARBOL,0
2026-05-24,CH_111,47,S,75,,S,,58805,Nocturno,2026-05-25 00:45:30,,177080,"POINT (  577153.605129207,   6137698.37447602)",FELICIANO RODRIGUEZ 2710 FTE 2715. ARBOL/ARBOL,0
2026-05-24,CH_111,48,S,100,,S,Requiere Mantenimiento,58805,Nocturno,2026-05-25 00:47:41,,177082,"POINT (  577419.731630098,   6137753.29182423)",FELICIANO RODRIGUEZ 2946 EN 2948. ESQ,0
2026-05-24,CH_116,1,S,100,,S,,58805,Nocturno,2026-05-25 00:53:00,,176941,"POINT (  577643.342187402,   6138759.61670274)",GRAL LAS HERAS 1984 VEREDA EN 1990. PASANDO ARBOL,1
2026-05-24,CH_116,2,S,75,,S,,58805,Nocturno,2026-05-25 00:54:14,,176942,"POINT (  577681.190630083,   6138667.97515429)",GRAL LAS HERAS 1925 VEREDA EN 1948. ENTRE ARBOLES,1
2026-05-24,CH_116,3,S,25,,S,,58805,Nocturno,2026-05-25 00:55:52,,176943,"POINT (  577733.936864032,   6138561.91898618)",GRAL LAS HERAS 1906 VEREDA EN 1904. ENTRE ARBOL Y CARTEL DE NO ESTACIONAR,1
2026-05-24,CH_116,4,S,75,,S,,58805,Nocturno,2026-05-25 00:57:23,,176944,"POINT (  577762.363460344,   6138487.67161565)",GRAL LAS HERAS 1892 VEREDA EN 1892. ENTRE ARBOLES,1
2026-05-24,CH_116,5,S,75,,S,,58805,Nocturno,2026-05-25 00:58:48,,176945,"POINT (  577810.841678416,   6138377.99166047)",GRAL LAS HERAS 1845 VEREDA. EN 1845. CARTEL/ARBOL,1
2026-05-24,CH_116,6,S,100,,S,,58805,Nocturno,2026-05-25 01:00:16,,176946,"POINT (  577831.295943184,   6138336.47916642)",GRAL LAS HERAS 1815 VEREDA. FTE 1812. MURO NEGRO,1
2026-05-24,CH_116,7,S,25,,S,,58805,Nocturno,2026-05-25 01:02:11,,176947,"POINT (  577861.010997119,   6138272.37839967)",GRAL LAS HERAS 1783 VEREDA. FTE 1780. MURO VEGETAL,1
2026-05-24,CH_116,8,S,100,,S,,58805,Nocturno,2026-05-25 01:03:30,,176948,"POINT (  577884.047533939,   6138225.19290863)",GRAL LAS HERAS Esq. AYACUCHO VEREDA. ESQ,1
2026-05-24,CH_116,9,S,50,,S,,58805,Nocturno,2026-05-25 02:41:21,,176949,"POINT (  578051.219553742,   6138189.67552598)",NAVARRA 1748 FTE PORTON,1
2026-05-24,CH_116,10,S,50,,S,,58805,Nocturno,2026-05-25 02:41:29,,176950,"POINT (  578050.655853532,   6138190.56134060)",NAVARRA 1748 EN 1750. FTE PROTON,1
2026-05-24,CH_116,11,S,100,,S,,58805,Nocturno,2026-05-25 02:42:37,,176951,"POINT (  577991.869974474,   6138315.21961564)",NAVARRA 1820 1820/1826,1
2026-05-24,CH_116,12,S,75,,S,,58805,Nocturno,2026-05-25 02:44:22,,176952,"POINT (  577973.428924742,   6138355.00074476)",NAVARRA 1844 FTE 1847. MURO LADRILLO,1
2026-05-24,CH_116,13,S,100,,S,,58805,Nocturno,2026-05-25 02:45:30,,176953,"POINT (  577956.759504242,   6138387.37324254)",NAVARRA 1856 1856/1860. VEREDA,1
2026-05-24,CH_116,14,S,25,,S,,58805,Nocturno,2026-05-25 02:48:07,,176954,"POINT (  577942.022770177,   6138419.34309732)",NAVARRA 1876 VEREDA. EN 1880. MURO LADRILLO,1
2026-05-24,CH_116,15,S,50,,S,,58805,Nocturno,2026-05-25 02:49:02,,176955,"POINT (  577889.598650634,   6138530.79468172)",NAVARRA 1936 VEREDA. PASANDO 1934,1
2026-05-24,CH_116,16,S,50,,S,,58805,Nocturno,2026-05-25 02:50:19,,176956,"POINT (  577877.519360416,   6138555.19484796)",NAVARRA 1940 EN 1942. ANTES DE PUERTA. VEREDA,1
2026-05-24,CH_116,17,S,75,,S,,58805,Nocturno,2026-05-25 02:51:40,,176957,"POINT (  577823.082025836,   6138671.31709125)",NAVARRA 1998 MURO AMARILLO,1
2026-05-24,CH_116,18,S,75,,S,,58805,Nocturno,2026-05-25 02:53:25,,176958,"POINT (  577838.785103119,   6138722.29169597)",DR MANUEL QUINTELA 3280 3270/3280. ENTRE ARBOLES,1
2026-05-24,CH_116,19,,,,S,,58805,Nocturno,,,176959,"POINT (  577763.974032373,   6138843.08459814)",JUAN SPIKERMAN 2093 EN 2098.,1
2026-05-24,CH_116,20,,,,S,,58805,Nocturno,,,176960,"POINT (  577763.007689156,   6138843.88988416)",JUAN SPIKERMAN 2093 EN 2098,1
2026-05-24,CH_116,21,,,,S,,58805,Nocturno,,,176961,"POINT (  577816.881323525,   6138855.08335976)",MAIPU 2083,1
2026-05-24,CH_116,22,,,,S,,58805,Nocturno,,,176962,"POINT (  577841.039903960,   6138811.03421477)",MAIPU 2067 2067/2065,1
2026-05-24,CH_116,23,,,,S,,58805,Nocturno,,,176963,"POINT (  577880.659975873,   6138737.51160164)",MAIPU 2037 2037/2031,1
2026-05-24,CH_116,24,,,,S,,58805,Nocturno,,,176964,"POINT (  577926.722335902,   6138651.66811250)",MAIPU 1951 EN 1963. REJAS,1
2026-05-24,CH_116,25,,,,S,,58805,Nocturno,,,176965,"POINT (  578004.432436300,   6138647.72221103)",REPUBLICA DE EL SALVADOR 3382,1
2026-05-24,CH_116,26,S,25,,S,,58805,Nocturno,2026-05-25 02:19:23,,176968,"POINT (  578064.788623085,   6138544.92745127)",SANTIAGO GADEA 3087 EN 3087. REBAJE MAL HECHO,1
2026-05-24,CH_116,27,S,100,,S,,58805,Nocturno,2026-05-25 02:19:31,,176966,"POINT (  578032.778504010,   6138526.32534434)",SANTIAGO GADEA 3361 EN 3061. FTE EDIFICIO ENTRE COLUMNA Y ARBUSTO,1
2026-05-24,CH_116,28,S,75,,S,,58805,Nocturno,2026-05-25 02:20:53,,176969,"POINT (  577942.626734687,   6138478.16924067)",SANTIAGO GADEA 3319 EN 3319. MURO CON REJAS,1
2026-05-24,CH_116,29,S,75,,S,,58805,Nocturno,2026-05-25 02:22:50,,176970,"POINT (  577837.617438397,   6138420.59129063)",SANTIAGO GADEA 3235 EN 3235,1
2026-05-24,CH_116,30,S,75,,S,,58805,Nocturno,2026-05-25 02:24:28,,176971,"POINT (  577734.621357144,   6138365.75131304)",SANTIAGO GADEA 3169 EN 3165,1
2026-05-24,CH_116,31,S,25,,S,,58805,Nocturno,2026-05-25 02:25:59,,176972,"POINT (  577699.833001318,   6138373.07941578)",DR MANUEL QUINTELA 3156 EN 3156,1
2026-05-24,CH_116,32,S,25,,S,,58805,Nocturno,2026-05-25 02:27:09,,176973,"POINT (  577713.683920767,   6138402.87499831)",DR MANUEL QUINTELA 3160 EN 3166. FTE A EDIFICIO,1
2026-05-24,CH_116,33,N,,Fuego,S,,58805,Nocturno,2026-05-25 02:29:41,,176974,"POINT (  577801.460096346,   6138556.52356988)",REPUBLICA DE EL SALVADOR 3272 3272/3274,1
2026-05-24,CH_116,34,S,100,,S,,58805,Nocturno,2026-05-25 02:29:13,,176975,"POINT (  577885.934599267,   6138592.43932613)",REPUBLICA DE EL SALVADOR 3018 EN 3310. MURO CIEGO,1
2026-05-24,CH_116,35,S,75,,S,,58805,Nocturno,2026-05-25 02:30:43,,176976,"POINT (  577946.894750564,   6138617.64477838)",MAIPU 1947 ESQ. MURO CIEGO,1
2026-05-24,CH_116,36,S,25,,S,,58805,Nocturno,2026-05-25 02:31:58,,176977,"POINT (  578017.759919839,   6138485.57787200)",MAIPU 1887 MURO VEGETAL,1
2026-05-24,CH_116,37,S,75,,S,,58805,Nocturno,2026-05-25 02:33:10,,176978,"POINT (  578044.978587129,   6138437.09965393)",MAIPU 1859 MURO. PDO ARBOL,1
2026-05-24,CH_116,38,S,25,,S,,58805,Nocturno,2026-05-25 02:34:21,,176979,"POINT (  578060.601135810,   6138404.56609894)",MAIPU 1845 ESQ. MURO. COHCERA,1
2026-05-24,CH_116,39,S,50,,S,,58805,Nocturno,2026-05-25 02:35:35,,176980,"POINT (  578086.209231071,   6138356.24893808)",MAIPU 1809 REJA GRIS. PASANDO REBAJE,1
2026-05-24,CH_116,40,S,50,,S,,58805,Nocturno,2026-05-25 02:36:26,,180837,"POINT (  578095.088023436,   6138266.24668180)",MAIPU 1767 EN 1765. PROV OV(O: MAIPU fte 1776),1
2026-05-24,CH_116,41,S,25,,S,,58805,Nocturno,2026-05-25 02:38:16,,176982,"POINT (  578090.718832752,   6138217.25657197)",MAIPU 1741 MURO MADERA,1
2026-05-24,CH_116,42,S,25,,S,,58805,Nocturno,2026-05-25 02:38:24,,176983,"POINT (  578091.040947158,   6138214.67965673)",MAIPU 1741 MURO MADERA,1
2026-05-24,CH_112,1,S,100,,S,,58806,Nocturno,2026-05-25 01:33:33,,177030,"POINT (  577490.435055556,   6137417.69121111)",RAFAEL PASTORIZA 1416 FTE 1413. EDIFICIO,0
2026-05-24,CH_112,2,S,75,,S,,58806,Nocturno,2026-05-25 01:34:54,,177384,"POINT (  577489.920467797,   6137422.41588305)",RAFAEL PASTORIZA 1416 FTE 1413. EDIFICIO,0
2026-05-24,CH_112,3,S,100,,S,,58806,Nocturno,2026-05-25 01:35:00,,177031,"POINT (  577479.879500000,   6137496.02454445)",RAFAEL PASTORIZA 1444 FTE 1443. EDIFICIO,0
2026-05-24,CH_112,4,S,75,,S,,58806,Nocturno,2026-05-25 01:36:57,,176681,"POINT (  577461.000645098,   6137667.43885294)",RAFAEL PASTORIZA 1508 PDO COLUMNA,0
2026-05-24,CH_112,5,S,75,,S,,58806,Nocturno,2026-05-25 01:39:23,,176682,"POINT (  577445.238955806,   6137788.32874736)",RAFAEL PASTORIZA 1552 EN 1554. ARBOL/COLUMNA,0
2026-05-24,CH_112,6,S,75,,S,,58806,Nocturno,2026-05-25 01:41:02,,176683,"POINT (  577474.198231825,   6137836.44337782)",FRANCISCO LLAMBI 1585,0
2026-05-24,CH_112,7,S,100,,S,,58806,Nocturno,2026-05-25 01:42:36,,176684,"POINT (  577487.094159426,   6137800.01803845)",FRANCISCO LLAMBI 1551 ESQ. ARBOL/COLUMNA,0
2026-05-24,CH_112,8,S,100,,S,,58806,Nocturno,2026-05-25 01:44:13,,176685,"POINT (  577531.136391704,   6137671.66208069)",FRANCISCO LLAMBI 1515 MURO VEGETAL,0
2026-05-24,CH_112,9,S,100,,S,,58806,Nocturno,2026-05-25 01:46:10,,176686,"POINT (  577558.339154778,   6137541.30382183)",FRANCISCO LLAMBI 1459 CASA ABANDONADA,0
2026-05-24,CH_112,10,S,100,,S,,58806,Nocturno,2026-05-25 01:55:57,,176687,"POINT (  577575.889193792,   6137404.35867844)",FRANCISCO LLAMBI 1403 EN 1405. MURO VEGETAL,0
2026-05-24,CH_112,11,S,100,,S,,58806,Nocturno,2026-05-25 01:56:06,,176688,"POINT (  577576.038894391,   6137401.21496587)",FRANCISCO LLAMBI 1403 EN 1405. MURO VEGETAL,0
2026-05-24,CH_112,12,S,100,,S,,58806,Nocturno,2026-05-25 01:56:12,,176689,"POINT (  577669.802870659,   6137423.21995270)",EDUARDO MAC EACHEN 1412 EN 1414. EST 45,0
2026-05-24,CH_112,13,S,100,,S,,58806,Nocturno,2026-05-25 01:57:52,,176690,"POINT (  577666.060355688,   6137451.43851557)",EDUARDO MAC EACHEN 1426 EDIFICIO. EST 45,0
2026-05-24,CH_112,14,S,75,,S,,58806,Nocturno,2026-05-25 01:57:59,,176691,"POINT (  577651.901437875,   6137559.00947637)",EDUARDO MAC EACHEN 1460 FTE 1461. CASA GRIS/CASA ROJA,0
2026-05-24,CH_112,15,S,100,,S,,58806,Nocturno,2026-05-25 01:59:37,,176692,"POINT (  577644.499625186,   6137612.67261836)",EDUARDO MAC EACHEN 1488 ARBUSTO/ARBUSTO. MURO ROJO Y REJA MARRON,0
2026-05-24,CH_112,16,S,100,,S,,58806,Nocturno,2026-05-25 02:01:41,,176693,"POINT (  577626.467429668,   6137741.92614930)",EDUARDO MAC EACHEN Esq. LIBER ARCE FTE 1557. MURO CIEGO,0
2026-05-24,CH_112,17,S,100,,S,,58806,Nocturno,2026-05-25 02:04:21,,176694,"POINT (  577698.672810252,   6137813.25597583)",FELICIANO RODRIGUEZ 3086 EN 3088. ANTES DE ARBUSTO,0
2026-05-24,CH_112,18,S,100,,S,,58806,Nocturno,2026-05-25 02:07:20,,176695,"POINT (  577826.865749060,   6137821.55453229)",2 DE MAYO 1583 EN 1591,0
2026-05-24,CH_112,19,S,100,,S,,58806,Nocturno,2026-05-25 02:09:07,,176696,"POINT (  577835.638508744,   6137745.44491449)",2 DE MAYO 1539 EN 1541. ESQ,0
2026-05-24,CH_112,20,S,100,,S,,58806,Nocturno,2026-05-25 02:11:21,,176697,"POINT (  577845.596776493,   6137663.56582410)",2 DE MAYO 1495 FTE 1496. ESQ,0
2026-05-24,CH_112,21,S,100,,S,,58806,Nocturno,2026-05-25 02:13:43,,176698,"POINT (  577860.139008762,   6137545.96342401)",2 DE MAYO 1447 ESQ,0
2026-05-24,CH_112,22,S,100,,S,,58806,Nocturno,2026-05-25 02:18:20,,180277,"POINT (  577871.195647458,   6137451.88637062)",2 DE MAYO 1421,0
2026-05-24,CH_112,23,S,100,,S,,58806,Nocturno,2026-05-25 02:22:30,,182258,"POINT (  577780.434678840,   6137416.88391081)",14 DE JULIO 1410,0
2026-05-24,CH_112,24,S,100,,S,,58806,Nocturno,2026-05-25 02:22:36,,182259,"POINT (  577780.320913197,   6137417.85091877)",14 DE JULIO 1410,0
2026-05-24,CH_112,25,S,100,,S,,58806,Nocturno,2026-05-25 02:26:09,,176702,"POINT (  577767.432278047,   6137526.40254093)",14 DE JULIO 1448,0
2026-05-24,CH_112,26,S,100,,S,,58806,Nocturno,2026-05-25 02:26:14,,176703,"POINT (  577764.626575625,   6137566.63078128)",14 DE JULIO 1458 FTE 1451. MURO VERDE,0
2026-05-24,CH_112,27,S,100,,S,,58806,Nocturno,2026-05-25 02:28:17,,176704,"POINT (  577751.190817550,   6137690.79299267)",14 DE JULIO 1516 1510/1516,0
2026-05-24,CH_112,28,S,100,,S,,58806,Nocturno,2026-05-25 02:30:00,,176705,"POINT (  577741.469651414,   6137760.02666369)",14 DE JULIO 1554 ESQ,0
2026-05-24,CH_112,29,S,100,,S,,58806,Nocturno,2026-05-25 02:33:51,,176706,"POINT (  577922.173620999,   6137843.41584416)",FELICIANO RODRIGUEZ 3186 PDO 3186. GARAJE/COLUMNA,0
2026-05-24,CH_112,30,S,100,,S,,58806,Nocturno,2026-05-25 02:36:13,,176707,"POINT (  577966.948793956,   6137744.37084143)",ALEJO ROSELL Y RIUS 1529 EN 1533,0
2026-05-24,CH_112,31,S,75,,S,,58806,Nocturno,2026-05-25 02:37:28,,176708,"POINT (  577975.003803779,   6137666.37477071)",ALEJO ROSELL Y RIUS 1489,0
2026-05-24,CH_112,32,S,75,,S,,58806,Nocturno,2026-05-25 02:39:13,,176709,"POINT (  577987.528361736,   6137542.70090037)",ALEJO ROSELL Y RIUS 1437 1439/1437. ESQ,0
2026-05-24,CH_112,33,S,100,,S,,58806,Nocturno,2026-05-25 02:41:13,,176710,"POINT (  577993.422271362,   6137484.54765872)",ALEJO ROSELL Y RIUS 1429 VENTANA/VENTANA,0
2026-05-24,CH_112,34,S,100,,S,,58806,Nocturno,2026-05-25 02:46:30,,176711,"POINT (  577613.068636785,   6137851.44353299)",EDUARDO MAC EACHEN 1646 FTE 1641,0
2026-05-24,CH_112,35,S,75,,S,,58806,Nocturno,2026-05-25 02:48:39,,176712,"POINT (  577598.039167237,   6137950.65767837)",EDUARDO MAC EACHEN 1678 EN 1680,0
2026-05-24,CH_112,36,S,100,,S,,58806,Nocturno,2026-05-25 02:53:00,,177370,"POINT (  577681.972734423,   6138026.13440937)",DR ALFREDO VIDAL Y FUENTES 3092 FTE 3115,0
2026-05-24,CH_112,37,S,100,,S,,58806,Nocturno,2026-05-25 02:53:05,,176713,"POINT (  577685.170797885,   6138027.67143083)",DR ALFREDO VIDAL Y FUENTES 3092 FTE 3115,0
2026-05-24,CH_112,38,S,50,,S,,58806,Nocturno,2026-05-25 02:55:01,,176714,"POINT (  577817.734648573,   6138094.02703004)",DR ALFREDO VIDAL Y FUENTES 3158 EN 3160,0
2026-05-24,CH_112,39,S,100,,S,,58806,Nocturno,2026-05-25 02:59:18,,176715,"POINT (  577613.918672888,   6138244.49540020)",DR ATILIO NARANCIO 3106 3108/3106,0
2026-05-24,CH_112,40,S,100,,S,,58806,Nocturno,2026-05-25 03:09:08,,176716,"POINT (  577725.117101179,   6138252.15748271)",DR ATILIO NARANCIO 3146 EN 3150. ESQ,0
2026-05-24,CH_112,41,,,,S,,58806,Nocturno,,,176717,"POINT (  577739.753643418,   6138177.99245324)",MANUEL ALONSO 1705 ANTES 1705. MURO,0
2026-05-24,CH_112,42,,,,S,,58806,Nocturno,,,176718,"POINT (  577932.680951866,   6138115.71347486)",ALEJO ROSELL Y RIUS Esq. CDRO COE,0
2026-05-24,CH_112,43,,,,S,,58806,Nocturno,,,176719,"POINT (  577926.394114932,   6138025.92958488)",4 DE JULIO Esq. ALEJO ROSELL Y RIUS EN 3191. VENTANA TAPEADA. MURO,0
2026-05-24,CH_112,44,,,,S,,58806,Nocturno,,,180833,"POINT (  577841.715372332,   6137984.14298288)",4 DE JULIO 3155 EN 3153,0
2026-05-24,CH_112,45,,,,S,,58806,Nocturno,,,176720,"POINT (  577822.268378193,   6138007.06907407)",MANUEL ALONSO 1662 ANTES 1666,0
2026-05-24,CH_113,1,,,,S,,58806,Nocturno,,,176729,"POINT (  578571.327038624,   6137575.91860069)",MARCO BRUTO 1418 EN 1412. MURO. ARBOL/COLUMNA,1
2026-05-24,CH_113,2,,,,S,,58806,Nocturno,,,177268,"POINT (  578570.711199557,   6137577.76611789)",MARCO BRUTO 1418 EN 1412,1
2026-05-24,CH_113,3,,,,S,,58806,Nocturno,,,176730,"POINT (  578547.891972014,   6137657.78029660)",MARCO BRUTO 1440 EDIFICIO,1
2026-05-24,CH_113,4,,,,S,,58806,Nocturno,,,180652,"POINT (  578514.726966781,   6137769.48455996)",MARCO BRUTO 1496,1
2026-05-24,CH_113,5,,,,S,,58806,Nocturno,,,176732,"POINT (  578502.576067874,   6137814.64304169)",MARCO BRUTO 1508 EN 1508/1504,1
2026-05-24,CH_113,6,,,,S,,58806,Nocturno,,,176733,"POINT (  578478.175196415,   6137895.47092841)",MARCO BRUTO Esq. LIBER ARCE ESQ,1
2026-05-24,CH_113,7,,,,S,,58806,Nocturno,,,176734,"POINT (  578377.957331491,   6137888.71711577)",LIBER ARCE 3401 ARBOL/COLUMNA,1
2026-05-24,CH_113,8,,,,S,,58806,Nocturno,,,176735,"POINT (  578369.896329312,   6137856.90883690)",JULIO CESAR 1539 EN 1541. MURO,1
2026-05-24,CH_113,9,,,,S,,58806,Nocturno,,,176736,"POINT (  578390.375632144,   6137776.73454496)",JULIO CESAR 1507 CASA DE LADRILLOS,1
2026-05-24,CH_113,10,,,,S,,58806,Nocturno,,,176737,"POINT (  578421.748181164,   6137676.73454496)",JULIO CESAR 1455 VEREDA. FTE 1456,1
2026-05-24,CH_113,11,,,,S,,58806,Nocturno,,,176738,"POINT (  578455.735109268,   6137567.14848832)",JULIO CESAR 1421,1
2026-05-24,CH_113,12,,,,S,,58806,Nocturno,,,176739,"POINT (  578465.974760685,   6137529.02212666)",JULIO CESAR 1402 EN 1407. EDIFICIO,1
2026-05-24,CH_113,13,,,,S,,58806,Nocturno,,,176740,"POINT (  578365.212233452,   6137486.75633145)",BERNARDINA FRAGOSO DE RIVERA 1406 EN 1408,1
2026-05-24,CH_113,14,,,,S,,58806,Nocturno,,,176741,"POINT (  578342.663213844,   6137571.72365171)",BERNARDINA FRAGOSO DE RIVERA 1432 EN 1430. MURO BLANCO,1
2026-05-24,CH_113,15,,,,S,,58806,Nocturno,,,176742,"POINT (  578321.203518855,   6137663.11798722)",BERNARDINA FRAGOSO DE RIVERA 1460 EN 1460/1462,1
2026-05-24,CH_113,16,,,,S,,58806,Nocturno,,,176743,"POINT (  578289.830969835,   6137776.84347742)",BERNARDINA FRAGOSO DE RIVERA 1520,1
2026-05-24,CH_113,17,,,,S,,58806,Nocturno,,,176744,"POINT (  578263.905043909,   6137880.11145128)",BERNARDINA FRAGOSO DE RIVERA 1562 MURO VEGETAL,1
2026-05-24,CH_113,18,,,,S,,58806,Nocturno,,,176745,"POINT (  578230.571710576,   6138006.90883690)",BERNARDINA FRAGOSO DE RIVERA 1624,1
2026-05-24,CH_113,19,,,,S,,58806,Nocturno,,,176746,"POINT (  578209.112015587,   6138091.65829223)",BERNARDINA FRAGOSO DE RIVERA 1654 EN 1656,1
2026-05-24,CH_113,20,,,,S,,58806,Nocturno,,,176747,"POINT (  578192.881078768,   6138152.33367350)",BERNARDINA FRAGOSO DE RIVERA 1688 EN 1690/1692,1
2026-05-24,CH_113,21,,,,S,,58806,Nocturno,,,176748,"POINT (  578270.485567538,   6138184.26075665)",JULIO CESAR 1697 EN 1699. ESQ,1
2026-05-24,CH_113,22,,,,S,,58806,Nocturno,,,176749,"POINT (  578291.945262527,   6138109.53308780)",JULIO CESAR 1651,1
2026-05-24,CH_113,23,,,,S,,58806,Nocturno,,,176750,"POINT (  578322.446351852,   6138001.58101809)",JULIO CESAR 1613,1
2026-05-24,CH_113,24,,,,S,,58806,Nocturno,,,177006,"POINT (  578194.182137037,   6137840.89091198)",LIBER ARCE 3311 FTE 3322,1
2026-05-24,CH_113,25,,,,S,,58806,Nocturno,,,176752,"POINT (  578108.611929194,   6137817.26729260)",LIBER ARCE 3281 MURO,1
2026-05-24,CH_113,26,,,,S,,58806,Nocturno,,,176753,"POINT (  578073.753541395,   6137808.33483072)",LIBER ARCE 3243 EN 3247. EDIFICIO,1
2026-05-24,CH_113,27,,,,S,,58806,Nocturno,,,176754,"POINT (  578017.685620915,   6137793.05276536)",LIBER ARCE 3223 EN 3223/MURO,1
2026-05-24,CH_113,28,,,,S,,58806,Nocturno,,,176755,"POINT (  578235.877342048,   6137488.91333181)",DOLORES PEREIRA DE ROSELL 1420 EN 1420/1422. EDIFICIO,1
2026-05-24,CH_113,29,,,,S,,58806,Nocturno,,,176756,"POINT (  578220.844662310,   6137545.34034706)",DOLORES PEREIRA DE ROSELL 1430 CERCO TABLAS,1
2026-05-24,CH_113,30,,,,S,,58806,Nocturno,,,177289,"POINT (  578215.473649238,   6137569.95737103)",DOLORES PEREIRA DE ROSELL 1436 EN 1438,1
2026-05-24,CH_113,31,,,,S,,58806,Nocturno,,,176758,"POINT (  578193.611546841,   6137654.70853878)",DOLORES PEREIRA DE ROSELL 1474 MURO GRIS,1
2026-05-24,CH_113,32,,,,S,,58806,Nocturno,,,176759,"POINT (  578167.685620915,   6137755.79786340)",DOLORES PEREIRA DE ROSELL 1524 MURO,1
2026-05-24,CH_113,33,,,,S,,58806,Nocturno,,,176760,"POINT (  578136.095206972,   6137879.54514009)",DOLORES PEREIRA DE ROSELL 1590 EN 1592. MURO,1
2026-05-24,CH_113,34,,,,S,,58806,Nocturno,,,176761,"POINT (  578114.526579521,   6137969.30548867)",DOLORES PEREIRA DE ROSELL 1618,1
2026-05-24,CH_113,35,,,,S,,58806,Nocturno,,,176762,"POINT (  578061.422004358,   6138055.25320109)",4 DE JULIO 3279 EN 3281,1
2026-05-24,CH_113,36,,,,S,,58806,Nocturno,,,177481,"POINT (  578059.537457775,   6138054.98942826)",4 DE JULIO 3279 EN 3281. PROV A,1
2026-05-24,CH_114,1,S,100,,S,Requiere Limpieza,58807,Nocturno,2026-05-25 03:14:42,,176793,"POINT (  578810.383601267,   6138272.64110451)",TIBURCIO GOMEZ 1666 EDIFICIO,0
2026-05-24,CH_114,2,S,100,,S,Requiere Limpieza,58807,Nocturno,2026-05-25 03:19:01,,176794,"POINT (  578893.204899360,   6138340.61987606)",PEDRO BUSTAMANTE 1697 EN 1697BIS. REJAS GRISES,0
2026-05-24,CH_114,3,S,75,,S,,58807,Nocturno,2026-05-25 03:20:35,,176795,"POINT (  578911.646738587,   6138277.94730775)",PEDRO BUSTAMANTE 1661 MURO CON REJA. ARBOL/COLUMNA,0
2026-05-24,CH_114,4,S,25,,S,,58807,Nocturno,2026-05-25 03:21:40,,176796,"POINT (  578932.611807324,   6138203.77178136)",PEDRO BUSTAMANTE 1627 MURO CON REJA. ARBOL/COLUMNA,0
2026-05-24,CH_114,5,S,75,,S,Requiere Limpieza,58807,Nocturno,2026-05-25 03:23:53,,177270,"POINT (  578955.900260613,   6138119.83597151)",PEDRO BUSTAMANTE 1581,0
2026-05-24,CH_114,6,S,100,,S,,58807,Nocturno,2026-05-25 03:25:16,,176798,"POINT (  579028.865591936,   6138052.11826644)",JACINTO VERA 3664 CASA NARANJA,0
2026-05-24,CH_114,7,S,75,,S,,58807,Nocturno,2026-05-25 00:18:10,,176799,"POINT (  579099.664443533,   6138059.46531709)",FRANCISCO ANZANI 1547 EN 1549. COLUMNA/ARBOL,0
2026-05-24,CH_114,8,S,75,,S,,58807,Nocturno,2026-05-25 00:19:30,,176800,"POINT (  579118.440239606,   6137993.26764872)",FRANCISCO ANZANI 1505 CASA LADRILLOS,0
2026-05-24,CH_114,9,S,75,,S,Requiere Limpieza,58807,Nocturno,2026-05-25 00:22:32,,176801,"POINT (  579142.410919968,   6137904.73197791)",FRANCISCO ANZANI 1463 SUB ESTACION,0
2026-05-24,CH_114,10,S,50,,S,,58807,Nocturno,2026-05-25 00:22:37,,176802,"POINT (  579158.811911794,   6137839.35064850)",FRANCISCO ANZANI 1439 EDIFICIO DE DOS PISOS,0
2026-05-24,CH_114,11,S,75,,S,,58807,Nocturno,2026-05-25 00:24:38,,176803,"POINT (  579175.806604683,   6137776.56676123)",FRANCISCO ANZANI 1405 CONSULTORIO ODONTOLOGICO,0
2026-05-24,CH_114,12,S,100,,S,Requiere Limpieza,58807,Nocturno,2026-05-25 00:30:53,,176804,"POINT (  578970.905525798,   6137694.71022737)",TIBURCIO GOMEZ 1408 VEREDA. EN 1406,0
2026-05-24,CH_114,13,S,50,,S,,58807,Nocturno,2026-05-25 00:31:01,,176805,"POINT (  578957.547251912,   6137738.49568066)",TIBURCIO GOMEZ 1426 ANTES 1426. MURO,0
2026-05-24,CH_114,14,S,100,,S,Requiere Limpieza,58807,Nocturno,2026-05-25 00:31:06,,176806,"POINT (  578948.344885457,   6137769.29392323)",TIBURCIO GOMEZ 1440 ANTES 1444. CASA TAPEADA,0
2026-05-24,CH_114,15,S,25,,S,,58807,Nocturno,2026-05-25 00:32:17,,180565,"POINT (  578936.758490632,   6137818.93976079)",TIBURCIO GOMEZ 1454,0
2026-05-24,CH_114,16,S,75,,S,"Poda, Requiere Limpieza",58807,Nocturno,2026-05-25 00:33:55,,176807,"POINT (  578914.503924946,   6137889.14732504)",TIBURCIO GOMEZ 1494 PARED ALTA CON VENTANAS. ARBOL/ARBOL,0
2026-05-24,CH_114,17,S,100,,S,,58807,Nocturno,2026-05-25 00:34:52,,176808,"POINT (  578892.611198299,   6137973.15602526)",TIBURCIO GOMEZ 1532 CASA LADRILLOS Y REJAS GRISES,0
2026-05-24,CH_114,18,S,25,,S,,58807,Nocturno,2026-05-25 00:37:31,,180209,"POINT (  578949.116217763,   6138028.95588115)",JACINTO VERA 3642,0
2026-05-24,CH_114,19,S,75,,S,,58807,Nocturno,2026-05-25 00:38:38,,176810,"POINT (  578990.646086096,   6138006.32907208)",PEDRO BUSTAMANTE 1545 FTE 1536. CASA TAPEADA,0
2026-05-24,CH_114,20,S,75,,S,Requiere Limpieza,58807,Nocturno,2026-05-25 00:41:17,,176811,"POINT (  579021.518541299,   6137898.42390413)",PEDRO BUSTAMANTE 1483 EN 1483/1485,0
2026-05-24,CH_114,21,S,100,,S,Requiere Limpieza,58807,Nocturno,2026-05-25 00:45:03,,176812,"POINT (  579055.359501811,   6137777.01203704)",PEDRO BUSTAMANTE 1425 ANTES GARAJE. REJA GRIS,0
2026-05-24,CH_114,22,S,100,,S,Requiere Limpieza,58807,Nocturno,2026-05-25 02:32:36,,176813,"POINT (  578801.255447446,   6137729.96122790)",PTE ORIBE 1437,0
2026-05-24,CH_114,23,S,100,,S,Requiere Limpieza,58807,Nocturno,2026-05-25 02:38:05,,176814,"POINT (  578767.794826677,   6137647.65941824)",PTE ORIBE 1411 EN 1413,0
2026-05-24,CH_114,24,S,100,,S,Requiere Limpieza,58807,Nocturno,2026-05-25 02:38:12,,176815,"POINT (  578767.915422206,   6137645.21967794)",PTE ORIBE 1411 EN 1413. CASA LADRILLOS,0
2026-05-24,CH_114,25,S,100,,S,,58807,Nocturno,2026-05-25 02:39:55,,176816,"POINT (  578688.841862064,   6137699.20936822)",JUAN JOSE DE HERRERA 1440,0
2026-05-24,CH_114,26,S,100,,S,Requiere Limpieza,58807,Nocturno,2026-05-25 02:42:27,,179002,"POINT (  578658.637696071,   6137805.55615147)",JUAN JOSE DE HERRERA 1484,0
2026-05-24,CH_114,27,S,100,,S,,58807,Nocturno,2026-05-25 02:43:59,,176818,"POINT (  578707.543445505,   6137844.51770305)",DEMOSTENES 3518 PDO 3514. CASA LADRILLOS,0
2026-05-24,CH_114,28,S,50,,S,,58807,Nocturno,2026-05-25 02:44:44,,176819,"POINT (  578744.093167109,   6137854.46219584)",DEMOSTENES 3532 EDIFICIO,0
2026-05-24,CH_114,29,S,75,,S,,58807,Nocturno,2026-05-25 02:47:02,,176820,"POINT (  578875.078463825,   6137892.60748904)",DEMOSTENES 3592 FTE 3593. MURO CIEGO ENTRE ARBOLES,0
2026-05-24,CH_114,30,S,100,,S,,58807,Nocturno,2026-05-25 02:48:47,,176823,"POINT (  578817.118397686,   6137800.88067503)",MAGARIÑOS CERVANTES 1460 EDIFICIO. REJA CON ESTERILLA,0
2026-05-24,CH_114,31,S,100,,S,Requiere Limpieza,58807,Nocturno,2026-05-25 02:52:12,,181736,"POINT (  578790.847174289,   6137900.71464357)",MAGARIÑOS CERVANTES 1502 EN 1506. SUB ESTACION,0
2026-05-24,CH_114,32,S,50,,S,,58807,Nocturno,2026-05-25 02:54:05,,182102,"POINT (  578752.564609015,   6138095.43292790)",MIGUEL MARTINEZ 3569,0
2026-05-24,CH_114,33,S,25,,S,,58807,Nocturno,2026-05-25 02:54:10,,176825,"POINT (  578754.779786218,   6138096.84065424)",MIGUEL MARTINEZ 3569 FTE 3569,0
2026-05-24,CH_114,34,S,50,,S,,58807,Nocturno,2026-05-25 02:54:16,,176826,"POINT (  578758.193567323,   6138097.80541846)",MIGUEL MARTINEZ 3569 FTE 3569,0
2026-05-24,CH_114,35,S,100,,S,Requiere Limpieza,58807,Nocturno,2026-05-25 02:58:22,,176828,"POINT (  578827.211315733,   6138189.53223248)",TIBURCIO GOMEZ 1638 MURO CON REJA,0
2026-05-24,CH_114,36,S,100,,S,Requiere Limpieza,58807,Nocturno,2026-05-25 03:00:03,,176829,"POINT (  578779.269955009,   6138217.13933184)",JOSE LEGUIZAMON 3589 EN 3585. CASA AZUL,0
2026-05-24,CH_114,37,S,100,,S,Requiere Limpieza,58807,Nocturno,2026-05-25 03:02:36,,176830,"POINT (  578714.259688764,   6138198.28932314)",JOSE LEGUIZAMON 3553,0
2026-05-24,CH_114,38,S,100,,S,Requiere Limpieza,58807,Nocturno,2026-05-25 03:05:07,,176831,"POINT (  578670.919511267,   6138275.76731167)",MAGARIÑOS CERVANTES 1685,0
2026-05-24,CH_114,39,S,75,,S,,58807,Nocturno,2026-05-25 03:06:47,,176832,"POINT (  578576.966318269,   6138159.36479728)",JOSE LEGUIZAMON 3489 CENTRAL UTE,0
2026-05-24,CH_114,40,S,75,,S,,58807,Nocturno,2026-05-25 03:08:13,,176833,"POINT (  578444.570981533,   6138129.82816947)",JOSE LEGUIZAMON Esq. ALBERTO LASPLACES CENTRAL UTE,0
2026-05-24,CH_114,41,S,50,,S,,58807,Nocturno,2026-05-25 03:09:35,,176834,"POINT (  578413.698526329,   6138176.95319124)",ALBERTO LASPLACES 1673 FTE 1673,0
2026-05-24,CH_114,42,S,100,,S,Requiere Limpieza,58807,Nocturno,2026-05-25 03:11:49,,176835,"POINT (  578586.836598418,   6138280.99930228)",LYON 1695 FTE 1675,0
2026-05-24,CH_115,1,S,25,,S,,58807,Nocturno,2026-05-24 23:53:27,,176851,"POINT (  579464.190696680,   6137842.16261414)",VANGUARDIA 1425 FTE MURO VEGETAL,1
2026-05-24,CH_115,2,S,75,,S,,58807,Nocturno,2026-05-24 23:55:11,,176852,"POINT (  579428.585937782,   6137901.12188193)",VANGUARDIA 1477 FTE 1475,1
2026-05-24,CH_115,3,S,25,,S,,58807,Nocturno,2026-05-24 23:57:24,,176853,"POINT (  579339.791383682,   6137918.98353678)",CAP ANTONIO PEREZ 3815 FTE 3818,1
2026-05-24,CH_115,4,S,75,,S,,58807,Nocturno,2026-05-24 23:59:25,,176854,"POINT (  579331.097657869,   6137858.12745609)",MOLLES 1476 FTE 1476,1
2026-05-24,CH_115,5,S,25,,S,,58807,Nocturno,2026-05-25 00:00:26,,180555,"POINT (  579379.876752070,   6137808.93737996)",MOLLES 1424 FTE 1424,1
2026-05-24,CH_115,6,S,50,,S,,58807,Nocturno,2026-05-24 23:47:45,,176856,"POINT (  579394.957025659,   6138111.90521596)",MANGARIPE 1588 FTE 1594,1
2026-05-24,CH_115,7,S,50,,S,,58807,Nocturno,2026-05-24 23:47:51,,176857,"POINT (  579397.565143403,   6138108.74386112)",MANGARIPE 1588 FTE 1594,1
2026-05-24,CH_115,8,S,100,,S,,58807,Nocturno,2026-05-24 23:49:53,,176858,"POINT (  579436.133672464,   6137986.55749651)",MANGARIPE 1485 ANTES 1495,1
2026-05-24,CH_115,9,S,100,,S,,58807,Nocturno,2026-05-24 22:59:46,,176859,"POINT (  579587.246433870,   6137917.71899484)",GRACIELA DE GOUVEIA DE MICHELENA 1436 EN 1444,1
2026-05-24,CH_115,10,S,50,,S,,58807,Nocturno,2026-05-24 22:59:52,,181656,"POINT (  579584.947825711,   6137920.55934187)",GRACIELA DE GOUVEIA DE MICHELENA 1436,1
2026-05-24,CH_115,11,S,75,,S,,58807,Nocturno,2026-05-24 23:02:23,,176860,"POINT (  579553.261869328,   6137968.93294327)",GRACIELA DE GOUVEIA DE MICHELENA Esq. JAZMIN DEL PAIS EN 1482. JUNTO A ARBOL,1
2026-05-24,CH_115,12,S,75,,S,,58807,Nocturno,2026-05-24 23:06:29,,176861,"POINT (  579511.690053167,   6138038.00854654)",GRACIELA DE GOUVEIA DE MICHELENA Esq. JOSE ENRIQUE MICHELENA ANTES 1618,1
2026-05-24,CH_115,13,S,50,,S,,58807,Nocturno,2026-05-24 23:08:26,,176862,"POINT (  579503.391496709,   6138119.09729822)",GRACIELA DE GOUVEIA DE MICHELENA 1620 EN 1636,1
2026-05-24,CH_115,14,S,25,,S,,58807,Nocturno,2026-05-24 23:08:31,,176863,"POINT (  579482.842690242,   6138213.62180797)",GRACIELA DE GOUVEIA DE MICHELENA Esq. AV SANTIAGO RIVAS EN 1648,1
2026-05-24,CH_115,15,S,25,,S,,58807,Nocturno,2026-05-24 23:08:37,,176864,"POINT (  579479.839403143,   6138216.30895958)",GRACIELA DE GOUVEIA DE MICHELENA Esq. AV SANTIAGO RIVAS EN 1648,1
2026-05-24,CH_115,16,S,50,,S,,58807,Nocturno,2026-05-24 23:25:28,,176865,"POINT (  579520.462812851,   6138284.43615641)",CHALCHAL 1668 EN 1664,1
2026-05-24,CH_115,17,S,50,,S,,58807,Nocturno,2026-05-24 23:26:20,,176866,"POINT (  579534.688909636,   6138242.39013702)",CHALCHAL 1668 FTE A CENTRAL UTE,1
2026-05-24,CH_115,18,S,50,,S,,58807,Nocturno,2026-05-24 23:28:43,,176867,"POINT (  579536.032485444,   6138172.52419504)",GRACIELA DE GOUVEIA DE MICHELENA Esq. AV SANTIAGO RIVAS FTE 1676,1
2026-05-24,CH_115,19,S,100,,S,,58807,Nocturno,2026-05-24 23:28:51,,176868,"POINT (  579539.272874156,   6138155.92708212)",CHALCHAL Esq. JOSE ENRIQUE MICHELENA EN 1636,1
2026-05-24,CH_115,20,S,50,,S,,58807,Nocturno,2026-05-24 23:31:10,,176869,"POINT (  579619.176117765,   6138014.21935137)",CHALCHAL Esq. JAZMIN DEL PAIS EN 1477,1
2026-05-24,CH_115,21,S,100,,S,,58807,Nocturno,2026-05-24 23:33:16,,176870,"POINT (  579661.538272636,   6137946.17118841)",CHALCHAL 1443,1
2026-05-24,CH_115,22,S,100,,S,,58807,Nocturno,2026-05-24 23:33:21,,176871,"POINT (  579662.802814573,   6137944.11630777)",CHALCHAL 1443,1
2026-05-24,CH_115,23,S,50,,S,,58807,Nocturno,2026-05-24 23:37:16,,176872,"POINT (  579811.860695331,   6137966.64096101)",JOSE GESTAL Esq. AV GRAL RIVERA FTE 1411. MURO CIEGO,1
2026-05-24,CH_115,24,S,100,,S,,58807,Nocturno,2026-05-24 23:39:28,,176873,"POINT (  579714.016762999,   6138077.36741432)",JOSE ENRIQUE MICHELENA Esq. JOSE GESTAL BLOCK Q. PDO CURVA,1
2026-05-24,CH_115,25,S,75,,S,,58807,Nocturno,2026-05-24 23:42:01,,176874,"POINT (  579685.090366203,   6138077.36741432)",JOSE ENRIQUE MICHELENA Esq. JOSE GESTAL ANTES 4028,1
2026-05-24,CH_115,26,S,25,,S,,58807,Nocturno,2026-05-24 23:44:23,,176875,"POINT (  579619.808388734,   6138077.05127883)",JOSE ENRIQUE MICHELENA 1605 EN 1603,1
2026-05-24,CH_115,27,S,25,,S,,58807,Nocturno,2026-05-24 23:44:38,,176876,"POINT (  579616.172830666,   6138076.73514335)",JOSE ENRIQUE MICHELENA 1605 EN 1603,1
2026-05-24,CH_115,28,S,50,,S,,58807,Nocturno,2026-05-25 02:20:25,,176877,"POINT (  579367.690340155,   6138431.28108878)",ANDRES AGUIAR 1688 PDO 1685. PUERTA/PUERTA,1
2026-05-24,CH_115,29,S,100,,S,Requiere Limpieza,58807,Nocturno,2026-05-25 02:21:39,,176878,"POINT (  579316.718017166,   6138372.95409196)",JOSE LEGUIZAMON 3813 PDO REBAJE,1
2026-05-24,CH_115,30,S,100,,S,Requiere Limpieza,58807,Nocturno,2026-05-25 02:24:39,,176879,"POINT (  579228.328522743,   6138346.95718184)",JOSE LEGUIZAMON 3777 3777/3773,1
2026-05-24,CH_115,31,S,75,,S,Requiere Limpieza,58807,Nocturno,2026-05-25 02:26:31,,176880,"POINT (  579109.354428174,   6138311.32612267)",JOSE LEGUIZAMON 3741,1
2026-05-24,CH_115,32,S,75,,S,Requiere Limpieza,58807,Nocturno,2026-05-25 02:28:01,,176881,"POINT (  579058.431068930,   6138298.17474461)",JOSE LEGUIZAMON 3711 MURO CIEGO,1
2026-05-24,CH_115,33,S,75,,S,Requiere Limpieza,58807,Nocturno,2026-05-25 02:29:36,,176882,"POINT (  579042.527076854,   6138266.97845246)",FRANCISCO ANZANI 1642 FTE 1640. MURO CIEGO,1
2026-05-24,CH_115,34,S,75,,S,,58807,Nocturno,2026-05-25 03:27:56,,179676,"POINT (  579122.523805863,   6138201.38537270)",MIGUEL MARTINEZ 3720 PDO REBAJE,1
2026-05-24,CH_115,35,S,100,,S,Requiere Limpieza,58807,Nocturno,2026-05-25 03:30:33,,176884,"POINT (  579228.634368745,   6138232.72370029)",MIGUEL MARTINEZ 3766 MURO LADRILLO,1
2026-05-24,CH_115,36,S,50,,S,,58807,Nocturno,2026-05-24 23:16:27,,176885,"POINT (  579319.547092680,   6138260.70860943)",MIGUEL MARTINEZ 3810 EN 3804. PDO TUNAS,1
2026-05-24,CH_115,37,S,75,,S,Requiere Limpieza,58807,Nocturno,2026-05-24 23:18:17,,176886,"POINT (  579385.533367495,   6138278.90644652)",MIGUEL MARTINEZ 3844 PDO 3844. CERCO MADERA,1
2026-05-24,CH_115,38,S,50,,S,,58807,Nocturno,2026-05-24 23:19:37,,176887,"POINT (  579473.464092916,   6138305.59151014)",MIGUEL MARTINEZ 3874 FTE 3871. PDO REBAJE,1
2026-05-24,CH_115,39,S,75,,S,,58807,Nocturno,2026-05-24 23:21:12,,176888,"POINT (  579513.071150106,   6138348.86871935)",JAIME ESTRAZULAS 1630 FTE 1607,1
2026-05-24,CH_115,40,S,100,,S,Requiere Limpieza,58807,Nocturno,2026-05-24 23:23:27,,176889,"POINT (  579510.624382094,   6138411.26130365)",JOSE LEGUIZAMON 3888 PDO COLUMNA,1
2026-05-24,CH_115,41,S,50,,S,,58807,Nocturno,2026-05-24 23:11:11,,176890,"POINT (  579394.938132040,   6138173.61896051)",AV SANTIAGO RIVAS 1593 EDIFICIO. EN ESQUINA,1
2026-05-24,CH_115,42,S,50,,S,,58807,Nocturno,2026-05-24 23:11:20,,176891,"POINT (  579390.962134021,   6138172.54849950)",JACINTO VERA 3841 EDIFICIO. EN ESQUINA,1
2026-05-24,CH_115,43,S,75,,S,,58807,Nocturno,2026-05-25 00:12:36,,179506,"POINT (  579309.628332013,   6138147.88645248)",JACINTO VERA 3797 EN 3799,1
2026-05-24,CH_115,44,S,75,,S,Requiere Limpieza,58807,Nocturno,2026-05-25 00:14:49,,176893,"POINT (  579226.187600732,   6138123.00144727)",JACINTO VERA 3753,1
2026-05-24,CH_115,45,S,50,,S,,58807,Nocturno,2026-05-25 00:15:33,,176894,"POINT (  579158.825018910,   6138104.42130268)",JACINTO VERA 3725 FTE 3726,1
2026-05-24,CH_115,46,S,50,,S,,58807,Nocturno,2026-05-25 00:09:54,,176895,"POINT (  579183.522083528,   6137980.01844158)",DEMOSTENES 3716 ARBOL/ARBOL,1
2026-05-24,CH_115,47,S,50,,S,,58807,Nocturno,2026-05-25 00:04:53,,176896,"POINT (  579233.374981767,   6137976.42475107)",ESTIVAO 1489 EN 1497. JUNTO A COLUMNA,1
2026-05-24,CH_115,48,S,25,,S,,58807,Nocturno,2026-05-25 00:05:49,,176897,"POINT (  579247.138051832,   6137923.58985431)",ESTIVAO 1459 PDO ARBOL,1
2026-05-24,CH_115,49,S,25,,S,,58807,Nocturno,2026-05-25 00:07:07,,176898,"POINT (  579229.246060747,   6137896.67540618)",FRANCISCO BAUZA 3785,1
2026-05-24,CH_115,50,S,25,,S,,58807,Nocturno,2026-05-25 00:08:17,,176899,"POINT (  579178.781470505,   6137881.30664461)",FRANCISCO BAUZA 3755,1
2026-05-24,CH_117,1,S,100,,S,,58808,Nocturno,2026-05-24 22:58:14,,177090,"POINT (  578040.520302694,   6138766.29426069)",D AZEGLIO 2016 BIS,0
2026-05-24,CH_117,2,S,100,,S,,58808,Nocturno,2026-05-24 22:58:20,,177091,"POINT (  578004.007687402,   6138847.33445560)",D AZEGLIO 2038 CASA TAPEADA,0
2026-05-24,CH_117,3,S,100,,S,,58808,Nocturno,2026-05-24 22:58:26,,177092,"POINT (  577970.463577418,   6138922.14078937)",D AZEGLIO 2068 REJA,0
2026-05-24,CH_117,4,S,100,,S,,58808,Nocturno,2026-05-24 22:58:33,,177093,"POINT (  577960.073808839,   6138947.07623396)",D AZEGLIO 2070 MURO. ANTES SUPER,0
2026-05-24,CH_117,5,S,100,,S,,58808,Nocturno,2026-05-24 22:58:38,,183944,"POINT (  577958.696561905,   6138949.99565238)",D AZEGLIO 2070,0
2026-05-24,CH_117,6,S,100,,S,,58808,Nocturno,2026-05-24 23:11:13,,180588,"POINT (  578094.784443791,   6138952.80562092)",ABALOS 3176,0
2026-05-24,CH_117,7,S,100,,S,,58808,Nocturno,2026-05-24 23:11:21,,180589,"POINT (  578097.834552723,   6138954.11281046)",ABALOS 3176,0
2026-05-24,CH_117,8,S,100,,S,,58808,Nocturno,2026-05-24 23:11:27,,177096,"POINT (  578143.007948464,   6138973.68146279)",ABALOS 3194 EN 3196. CERCO MADERA,0
2026-05-24,CH_117,9,S,100,,S,,58808,Nocturno,2026-05-24 23:11:34,,177097,"POINT (  578202.378054630,   6139029.78621312)",ABALOS 3245 FTE 3245,0
2026-05-24,CH_117,10,S,100,,S,,58808,Nocturno,2026-05-24 23:11:40,,177098,"POINT (  578214.845776925,   6139058.87756514)",DR FRANCISCO SIMON 2048 VEREDA. FTE 2053,0
2026-05-24,CH_117,11,S,100,,S,,58808,Nocturno,2026-05-24 23:11:46,,177099,"POINT (  578213.509949536,   6139060.36181779)",DR FRANCISCO SIMON 2048 VEREDA. FTE 2053,0
2026-05-24,CH_117,12,S,100,,S,,58808,Nocturno,2026-05-24 23:25:19,,177100,"POINT (  578424.867527489,   6139095.39018043)",MAGARIÑOS CERVANTES 2033,0
2026-05-24,CH_117,13,S,50,,S,,58808,Nocturno,2026-05-24 23:25:25,,177101,"POINT (  578437.335249784,   6139058.58071461)",MAGARIÑOS CERVANTES 2017 2013/2017,0
2026-05-24,CH_117,14,S,100,,S,,58808,Nocturno,2026-05-24 23:25:33,,181079,"POINT (  578389.608317747,   6138986.96287020)",DR JULIO CESAR GRAUERT 3331,0
2026-05-24,CH_117,15,S,50,,S,,58808,Nocturno,2026-05-24 23:25:43,,177103,"POINT (  578346.498987349,   6138962.54956789)",DR JULIO CESAR GRAUERT 3311,0
2026-05-24,CH_117,16,S,100,,S,,58808,Nocturno,2026-05-24 23:32:35,,177104,"POINT (  578262.490287124,   6138973.53303753)",CAVOUR 3247 FTE 3250. EDIFICIO,0
2026-05-24,CH_117,17,S,100,,S,,58808,Nocturno,2026-05-24 23:32:40,,177105,"POINT (  578156.217797086,   6138846.33258506)",CAVOUR 3159 FTE 3154. MURO VEGETAL,0
2026-05-24,CH_117,18,S,100,,S,,58808,Nocturno,2026-05-24 23:32:47,,177106,"POINT (  578072.654372656,   6138746.29395617)",CAVOUR 3107 EN 3111. MURO CIEGO,0
2026-05-24,CH_117,19,S,100,,S,,58808,Nocturno,2026-05-24 23:38:53,,177107,"POINT (  578102.747595220,   6138693.49166800)",REPUBLICA DE EL SALVADOR 3442 EN 3446,0
2026-05-24,CH_117,20,S,100,,S,,58808,Nocturno,2026-05-24 23:38:58,,177108,"POINT (  578199.001379842,   6138738.79848027)",REPUBLICA DE EL SALVADOR 3496 PDO REBAJE,0
2026-05-24,CH_117,21,S,75,,S,,58808,Nocturno,2026-05-24 23:39:21,,177109,"POINT (  578235.142931971,   6138822.62164891)",DR JULIO CESAR GRAUERT 3220,0
2026-05-24,CH_117,22,S,50,,S,,58808,Nocturno,2026-05-24 23:39:34,,177110,"POINT (  578269.800231445,   6138862.84489584)",DR JULIO CESAR GRAUERT 3244,0
2026-05-24,CH_117,23,S,75,,S,,58808,Nocturno,2026-05-24 23:44:34,,177111,"POINT (  578333.845733472,   6138891.41675944)",ALICANTE 1991 ARBOL/ARBOL,0
2026-05-24,CH_117,24,S,50,,S,,58808,Nocturno,2026-05-24 23:44:52,,177112,"POINT (  578449.320589966,   6138836.05413544)",PROF CLEMENTE ESTABLE 3334 EN 3332,0
2026-05-24,CH_117,25,S,50,,S,,58808,Nocturno,2026-05-24 23:44:58,,177113,"POINT (  578476.333988272,   6138863.36438427)",PROF CLEMENTE ESTABLE 3346 EN 3348,0
2026-05-24,CH_117,26,S,100,,S,,58808,Nocturno,2026-05-24 23:51:46,,177114,"POINT (  578411.768997816,   6138726.36786430)",SANTIAGO GADEA 3561 FTE 3556,0
2026-05-24,CH_117,27,S,100,,S,,58808,Nocturno,2026-05-24 23:51:58,,177115,"POINT (  578349.133535810,   6138693.41745537)",SANTIAGO GADEA 3537 GIMNASIO,0
2026-05-24,CH_117,28,S,50,,S,,58808,Nocturno,2026-05-24 23:52:05,,177116,"POINT (  578290.505555971,   6138663.73240229)",SANTIAGO GADEA 3517 FTE 3504. MURO,0
2026-05-24,CH_117,29,S,50,,S,,58808,Nocturno,2026-05-24 23:52:11,,177117,"POINT (  578196.700788228,   6138613.86151311)",SANTIAGO GADEA 3455,0
2026-05-24,CH_117,30,S,50,,S,,58808,Nocturno,2026-05-24 23:55:50,,177118,"POINT (  578114.918466984,   6138570.07605981)",SANTIAGO GADEA 3407 ANTES CORDON ROJO,0
2026-05-24,CH_117,31,S,50,,S,,58808,Nocturno,2026-05-25 00:06:53,,177119,"POINT (  578185.717318587,   6138486.66106065)",TALCAHUANO 3428,0
2026-05-24,CH_117,32,S,50,,S,,58808,Nocturno,2026-05-25 00:06:59,,177120,"POINT (  578305.199657247,   6138547.36699420)",TALCAHUANO 3494,0
2026-05-24,CH_117,33,S,75,,S,,58808,Nocturno,2026-05-25 00:07:10,,177121,"POINT (  578404.793010342,   6138595.75363073)",TALCAHUANO 3546 EN 3548,0
2026-05-24,CH_117,34,S,50,,S,,58808,Nocturno,2026-05-25 00:07:05,,177122,"POINT (  578435.517040283,   6138609.55718041)",TALCAHUANO 3552,0
2026-05-24,CH_117,35,S,50,,S,,58808,Nocturno,2026-05-25 00:07:23,,177123,"POINT (  578533.032439661,   6138653.78790951)",TALCAHUANO 3590 MURO CIEGO,0
2026-05-24,CH_117,36,S,75,,S,,58808,Nocturno,2026-05-25 00:13:49,,177124,"POINT (  578555.593080004,   6138585.36386215)",AYACUCHO 3593,0
2026-05-24,CH_117,37,S,50,,S,,58808,Nocturno,2026-05-25 00:13:55,,177125,"POINT (  578494.145020122,   6138550.63235004)",AYACUCHO 3569 FABRICA,0
2026-05-24,CH_117,38,S,75,,S,,58808,Nocturno,2026-05-25 00:14:00,,177126,"POINT (  578384.755599510,   6138490.96539334)",AYACUCHO 3507 MURO,0
2026-05-24,CH_117,39,S,75,,S,,58808,Nocturno,2026-05-25 00:14:06,,177127,"POINT (  578314.402023703,   6138452.37482434)",AYACUCHO 3467 MURO,0
2026-05-24,CH_117,40,S,100,,S,,58808,Nocturno,2026-05-25 00:23:24,,177128,"POINT (  578277.740983145,   6138404.73031414)",CHACABUCO 1789 FTE 1796,0
2026-05-24,CH_117,41,S,100,,S,,58808,Nocturno,2026-05-25 00:23:29,,177252,"POINT (  578280.672382136,   6138400.57440671)",CHACABUCO 1789 FTE 1796,0
2026-05-24,CH_117,42,S,50,,S,,58808,Nocturno,2026-05-25 00:23:37,,177129,"POINT (  578358.039051736,   6138254.37552027)",CHACABUCO 1701 EN 1709. MURO,0
2026-05-24,CH_117,43,S,100,,S,,58808,Nocturno,2026-05-25 01:44:33,,177130,"POINT (  578512.104477238,   6138311.66767272)",ALICANTE 1710 EN 1710/1714,0
2026-05-24,CH_117,44,S,100,,S,,58808,Nocturno,2026-05-25 01:44:52,,177131,"POINT (  578489.989112691,   6138392.26259184)",ALICANTE 1746,0
2026-05-24,CH_117,45,S,100,,S,,58808,Nocturno,2026-05-25 01:44:58,,177132,"POINT (  578488.208009506,   6138397.16062560)",ALICANTE 1746,0
2026-05-24,CH_117,46,S,100,,S,,58808,Nocturno,2026-05-25 01:45:47,,183495,"POINT (  578391.673408011,   6138366.21132121)",CDRO COE 3449,0
2026-05-24,CH_117,47,S,100,,S,,58808,Nocturno,2026-05-25 01:45:53,,177134,"POINT (  578336.814238781,   6138338.38422050)",CDRO COE 3429,0
2026-05-24,CH_117,48,S,100,,S,,58808,Nocturno,2026-05-25 01:46:03,,177135,"POINT (  578291.396107564,   6138313.30035064)",CDRO COE 3417 VEREDA,0
2026-05-24,CH_118,1,S,100,,S,,58808,Nocturno,2026-05-25 01:56:00,,177157,"POINT (  578603.520560354,   6139154.68367385)",FRANCISCO ANZANI 2096 PDO 2096. MURO NEGRO,1
2026-05-24,CH_118,2,S,100,,S,,58808,Nocturno,2026-05-25 01:57:21,,181766,"POINT (  578768.622873947,   6139136.53197133)",DR HUGO ANTUÑA 3515 FTE 3514,1
2026-05-24,CH_118,3,S,100,,S,,58808,Nocturno,2026-05-25 01:57:26,,177158,"POINT (  578764.172712407,   6139134.25544953)",DR HUGO ANTUÑA Esq. ESTIVAO PDO 3515. REJA BLANCA,1
2026-05-24,CH_118,4,S,100,,S,,58808,Nocturno,2026-05-25 01:57:32,,177159,"POINT (  578661.529998573,   6139088.46100798)",DR HUGO ANTUÑA 3455,1
2026-05-24,CH_118,5,S,100,,S,,58808,Nocturno,2026-05-25 01:57:39,,177160,"POINT (  578603.102607622,   6139062.01077018)",DR HUGO ANTUÑA 3382 FTE  3436. CONT ROJO. MANTIENE POS,1
2026-05-24,CH_118,6,S,100,,S,,58808,Nocturno,2026-05-25 01:57:45,,177161,"POINT (  578496.408656289,   6139014.05274557)",DR HUGO ANTUÑA 3363 FTE 3384,1
2026-05-24,CH_118,7,S,100,,S,,58808,Nocturno,2026-05-25 02:04:14,,177162,"POINT (  578483.089588370,   6138893.43985169)",MAGARIÑOS CERVANTES 1953 CONT ROJO,1
2026-05-24,CH_118,8,S,100,,S,,58808,Nocturno,2026-05-25 02:07:01,,177163,"POINT (  578616.525116354,   6138929.36480154)",PROF CLEMENTE ESTABLE 3412 ANTES 3412. MURO  LADRILLO,1
2026-05-24,CH_118,9,S,100,,S,,58808,Nocturno,2026-05-25 02:07:07,,177164,"POINT (  578685.611558357,   6138961.73673436)",PROF CLEMENTE ESTABLE 3450 ARBOL/ARBOL. CASA VERDE,1
2026-05-24,CH_118,10,S,100,,S,,58808,Nocturno,2026-05-25 02:07:13,,177165,"POINT (  578791.807289208,   6139009.11029459)",PROF CLEMENTE ESTABLE 3490 PDO REBAJE. MURO CIEGO,1
2026-05-24,CH_118,11,S,50,,S,,58808,Nocturno,2026-05-25 02:07:19,,177166,"POINT (  578858.525053200,   6139040.29788841)",PROF CLEMENTE ESTABLE 3530 EDIFICIO OILUJ,1
2026-05-24,CH_118,12,S,100,,S,,58808,Nocturno,2026-05-25 02:07:26,,181765,"POINT (  578862.138232309,   6139041.19636268)",PROF CLEMENTE ESTABLE 3530 FTE 3529,1
2026-05-24,CH_118,13,S,100,,S,,58808,Nocturno,2026-05-25 02:15:46,,177167,"POINT (  578957.219970348,   6138979.50181945)",FLORENCIO VARELA 3793 PDO 3797. MURO CIEGO,1
2026-05-24,CH_118,14,S,100,,S,,58808,Nocturno,2026-05-25 02:15:52,,177168,"POINT (  578842.733866457,   6138926.60134385)",FLORENCIO VARELA 3741 MURO VIOLETA,1
2026-05-24,CH_118,15,S,100,,S,,58808,Nocturno,2026-05-25 02:15:58,,177169,"POINT (  578774.831763459,   6138895.80852971)",FLORENCIO VARELA 3711 FTE EDIFICIO,1
2026-05-24,CH_118,16,S,100,,S,,58808,Nocturno,2026-05-25 02:16:08,,177170,"POINT (  578671.399490288,   6138849.22452881)",FLORENCIO VARELA 3661 ARBOL/ARBOL,1
2026-05-24,CH_118,17,S,100,,S,,58808,Nocturno,2026-05-25 02:19:11,,177171,"POINT (  578615.340777348,   6138823.16907068)",FLORENCIO VARELA 3640 FTE 3640. MURO ENFOQUE,1
2026-05-24,CH_118,18,S,100,,S,,58808,Nocturno,2026-05-25 02:28:49,,177172,"POINT (  578524.664463470,   6138754.17566343)",MAGARIÑOS CERVANTES 1919,1
2026-05-24,CH_118,19,S,100,,S,,58808,Nocturno,2026-05-25 02:29:18,,177173,"POINT (  578575.073251152,   6138675.12669496)",NEYRA 3608 FTE 3557. ARBOL/ARBOL,1
2026-05-24,CH_118,20,S,100,,S,,58808,Nocturno,2026-05-25 02:31:01,,177174,"POINT (  578633.895421772,   6138703.55083110)",NEYRA 3626 EN 3626/3628,1
2026-05-24,CH_118,21,S,100,,S,,58808,Nocturno,2026-05-25 02:31:07,,177175,"POINT (  578710.482677479,   6138736.71232326)",NEYRA 3660 FTE AL 3655. ARBOL/ARBOL,1
2026-05-24,CH_118,22,S,100,,S,,58808,Nocturno,2026-05-25 02:31:15,,177176,"POINT (  578736.280977110,   6138749.06083513)",NEYRA 3670 EDIFICIO,1
2026-05-24,CH_118,23,S,100,,S,,58808,Nocturno,2026-05-25 02:31:21,,177177,"POINT (  578826.153120376,   6138790.00757852)",NEYRA 3708 EN ARBOL/REBAJE,1
2026-05-24,CH_118,24,S,100,,S,,58808,Nocturno,2026-05-25 02:31:27,,177178,"POINT (  578936.691427581,   6138840.14459643)",NEYRA 3762 REJA NEGRA,1
2026-05-24,CH_118,25,S,100,,S,,58808,Nocturno,2026-05-25 02:31:36,,177179,"POINT (  579029.859429369,   6138883.17558031)",NEYRA 3816 EN 3826/3816,1
2026-05-24,CH_118,26,S,100,,S,,58808,Nocturno,2026-05-25 02:43:41,,177180,"POINT (  579102.104108721,   6138753.68784901)",CDRO COE 3813 FTE 3808,1
2026-05-24,CH_118,27,S,100,,S,,58808,Nocturno,2026-05-25 02:43:47,,177181,"POINT (  579098.945871372,   6138751.31917100)",CDRO COE 3813 FTE 3808,1
2026-05-24,CH_118,28,S,100,,S,,58808,Nocturno,2026-05-25 02:43:54,,177182,"POINT (  579002.224852567,   6138699.20825475)",CDRO COE 3761,1
2026-05-24,CH_118,29,S,100,,S,,58808,Nocturno,2026-05-25 02:44:51,,177183,"POINT (  578926.427156198,   6138656.17727087)",CDRO COE 3723 MURO CON REJAS,1
2026-05-24,CH_118,30,S,100,,S,,58808,Nocturno,2026-05-25 02:45:00,,177184,"POINT (  578831.290147495,   6138605.64788889)",CDRO COE 3677 MURO CON REJAS,1
2026-05-24,CH_118,31,S,100,,S,,58808,Nocturno,2026-05-25 02:46:18,,177185,"POINT (  578736.932915274,   6138553.13977737)",CDRO COE 3625 EDIFICIO,1
2026-05-24,CH_118,32,S,100,,S,,58808,Nocturno,2026-05-25 03:03:36,,177186,"POINT (  578618.104235029,   6138464.31435193)",MAGARIÑOS CERVANTES 1791 MURO VEGETAL,1
2026-05-24,CH_118,33,S,100,,S,,58808,Nocturno,2026-05-25 03:04:24,,177187,"POINT (  578689.164575375,   6138383.38451987)",TOMAS GOMEZ 3566 EN ARBOL/GARAGE,1
2026-05-24,CH_118,34,S,100,,S,,58808,Nocturno,2026-05-25 03:04:29,,177188,"POINT (  578782.727356831,   6138433.12675812)",TOMAS GOMEZ 3620 MURO VEGETAL,1
2026-05-24,CH_118,35,S,100,,S,,58808,Nocturno,2026-05-25 03:04:37,,177189,"POINT (  578821.415764353,   6138454.44486022)",TOMAS GOMEZ 3636 VENTANA/VENTANA,1
2026-05-24,CH_118,36,S,100,,S,,58808,Nocturno,2026-05-25 03:04:43,,177190,"POINT (  578926.821935867,   6138512.08269183)",TOMAS GOMEZ 3692 FTE 3693. MANTIENE POS,1
2026-05-24,CH_118,37,N,,"Contenedor Roto (choque, desfonde, etc.)",S,,58808,Nocturno,2026-05-25 03:05:59,,177191,"POINT (  579034.991565061,   6138570.90486245)",TOMAS GOMEZ 3744 FTE REJA,1
2026-05-24,CH_118,38,S,100,,S,,58808,Nocturno,2026-05-25 03:17:05,,177192,"POINT (  579093.813735680,   6138478.52642000)",ESTIVAO 1725 MANTIENE POS,1
2026-05-24,CH_118,39,S,100,,S,,58808,Nocturno,2026-05-25 03:17:18,,177194,"POINT (  578977.353733446,   6138474.57862332)",FRANCISCO ANZANI 1732 SUBESTACION,1
2026-05-24,CH_118,40,S,100,,S,,58808,Nocturno,2026-05-25 03:19:05,,177193,"POINT (  579111.184041098,   6138447.73360585)",ESTIVAO 1715 MURO REJAS,1
2026-05-24,CH_118,41,S,100,,S,,58808,Nocturno,2026-05-25 03:23:36,,177195,"POINT (  579126.185668505,   6138621.04188037)",TOMAS GOMEZ 3796 PDO 3796. PDO REBAJE,1
2026-05-24,CH_118,42,,,,S,,58808,Nocturno,,,177196,"POINT (  579187.376517137,   6138654.59815220)",TOMAS GOMEZ 3816 PDO COLUMNA,1
2026-05-24,CH_118,43,,,,S,,58808,Nocturno,,,177197,"POINT (  579299.099163348,   6138634.66177893)",PTE ORIBE 1793 PDO REBAJE,1
2026-05-24,CH_118,44,,,,S,,58808,Nocturno,,,177198,"POINT (  579235.342246870,   6138516.62265802)",PTE ORIBE 1753 EDIFICIO,1
2026-05-24,CH_118,45,,,,S,,58808,Nocturno,,,177199,"POINT (  579232.381399356,   6138512.28008167)",PTE ORIBE 1753 EDIFICIO,1
2026-05-24,CH_118,46,,,,S,,58808,Nocturno,,,177200,"POINT (  579363.843028997,   6138498.26540343)",ANDRES AGUIAR 1712 REJA MADERA,1
2026-05-24,CH_118,47,,,,S,,58808,Nocturno,,,177201,"POINT (  579342.722316727,   6138578.80045583)",ANDRES AGUIAR 1746 PDO 1740. MURO CALADO,1
2026-05-24,E_101,31,S,100,,S,Requiere Limpieza,58809,Nocturno,2026-05-24 23:40:12,,101378,"POINT (  578086.171524190,   6139784.59446230)",DR AUGUSTO TURENNE 3347,0
2026-05-24,E_101,32,S,50,,S,,58809,Nocturno,2026-05-24 23:42:02,,101350,"POINT (  577981.137656900,   6139755.46742347)",DR AUGUSTO TURENNE 3314 ANTES DE 3352,0
2026-05-24,E_101,33,S,100,,S,Requiere Limpieza,58809,Nocturno,2026-05-24 23:55:29,,182261,"POINT (  577795.925910893,   6139736.49292680)",AGUSTIN ABREU 2428,0
2026-05-24,E_101,34,S,75,,S,,58809,Nocturno,2026-05-24 23:55:37,,115332,"POINT (  577763.329156863,   6139670.72232353)",MATEO VIDAL 3268 Fte,0
2026-05-24,E_101,35,S,75,,S,,58809,Nocturno,2026-05-24 23:55:42,,183099,"POINT (  577754.714031954,   6139654.57852847)",MATEO VIDAL 3249,0
2026-05-24,E_101,36,S,75,,S,,58809,Nocturno,2026-05-25 00:00:24,,183100,"POINT (  577717.800451707,   6139581.86247909)",MATEO VIDAL 3211,0
2026-05-24,E_101,37,S,100,,S,,58809,Nocturno,2026-05-25 00:00:30,,181761,"POINT (  577715.812323208,   6139576.28195757)",MATEO VIDAL 3211 calle,0
2026-05-24,E_101,38,S,100,,S,Requiere Limpieza,58809,Nocturno,2026-05-25 00:22:07,,181760,"POINT (  577660.067158248,   6139466.38434665)",MATEO VIDAL 3152,0
2026-05-24,E_101,39,S,50,,S,Requiere Limpieza,58809,Nocturno,2026-05-24 23:48:00,,173792,"POINT (  578164.647288236,   6139727.73864706)",BV JOSE BATLLE Y ORDOÑEZ 2645,0
2026-05-24,E_101,40,S,75,,S,,58809,Nocturno,2026-05-24 23:49:09,,101372,"POINT (  578211.600623230,   6139644.72793494)",LUCIANO ROMERO 3335 ESQ,0
2026-05-24,E_101,41,S,100,,S,,58809,Nocturno,2026-05-24 23:50:53,,181108,"POINT (  578118.376974945,   6139674.83525730)",SANTIAGO NIEVAS 2332 PDO 2332 MURO,0
2026-05-24,E_101,42,S,50,,S,,58809,Nocturno,2026-05-25 00:12:44,,181110,"POINT (  578006.394404139,   6139629.95508301)",IGNACIO NUÑEZ 2345,0
2026-05-24,E_101,43,S,75,,S,Requiere Limpieza,58809,Nocturno,2026-05-25 00:12:48,,181109,"POINT (  578035.370438998,   6139567.42784990)",IGNACIO NUÑEZ 2306 FTE. 2306,0
2026-05-24,E_101,49,S,100,,S,Requiere Limpieza,58809,Nocturno,2026-05-25 00:15:40,,101359,"POINT (  578145.465853250,   6139485.79013215)",CARDAL 3280 EN 3280,1
2026-05-24,E_101,50,S,75,,S,,58809,Nocturno,2026-05-25 00:16:19,,179945,"POINT (  578226.001345752,   6139507.03425229)",CARDAL 3310 en 3314,1
2026-05-24,E_101,51,N,,Contenedor No Está,N,,58809,Nocturno,2026-05-25 00:16:32,,101341,"POINT (  578252.732960600,   6139514.37156505)",CARDAL 3328,1
2026-05-24,E_101,52,S,100,,S,,58809,Nocturno,2026-05-25 00:18:33,,101416,"POINT (  578285.471007500,   6139524.36751890)",CARDAL 3342,1
2026-05-24,E_101,70,S,50,,S,Requiere Limpieza,58809,Nocturno,2026-05-25 00:21:51,,101421,"POINT (  578264.323758824,   6139164.20923530)",IGNACIO NUÑEZ 2102,2
2026-05-24,E_111,28,S,75,,S,,58809,Nocturno,2026-05-25 01:04:46,,107873,"POINT (  585047.396073666,   6140852.11733303)",COOPER 2357,3
2026-05-24,E_111,29,S,25,,N,,58809,Nocturno,2026-05-25 01:07:02,,107874,"POINT (  585057.505058530,   6140748.92098273)",COOPER 2341,3
2026-05-24,E_111,30,S,75,,S,Requiere Limpieza,58809,Nocturno,2026-05-25 01:09:16,,107843,"POINT (  585068.306040010,   6140631.96323506)",COOPER 2319,3
2026-05-24,E_111,31,S,25,,S,,58809,Nocturno,2026-05-25 01:11:02,,181805,"POINT (  585074.706366231,   6140511.49700763)",COOPER 2297,3
2026-05-24,E_111,32,S,75,,S,,58809,Nocturno,2026-05-25 01:12:27,,107844,"POINT (  585095.052715370,   6140325.52568156)",COOPER 2265,3
2026-05-24,E_111,33,S,25,,S,,58809,Nocturno,2026-05-25 01:15:27,,175436,"POINT (  585229.448919073,   6140310.15483243)",ADOLFO LAPUENTE 2262,3
2026-05-24,E_111,34,S,75,,S,,58809,Nocturno,2026-05-25 01:15:21,,107845,"POINT (  585229.974481850,   6140320.81948841)",ADOLFO LAPUENTE 2272,3
2026-05-24,E_111,35,S,50,,S,,58809,Nocturno,2026-05-25 01:16:56,,107895,"POINT (  585218.254493100,   6140471.80307098)",ADOLFO LAPUENTE 2334,3
2026-05-24,E_111,36,S,100,,S,Requiere Limpieza,58809,Nocturno,2026-05-25 01:18:57,,107870,"POINT (  585206.910036810,   6140609.96588899)",ADOLFO LAPUENTE 2374,3
2026-05-24,E_111,37,S,25,,S,,58809,Nocturno,2026-05-25 01:20:14,,107871,"POINT (  585195.225814540,   6140738.27245791)",ADOLFO LAPUENTE 2422,3
2026-05-24,E_111,38,S,75,,S,Requiere Limpieza,58809,Nocturno,2026-05-25 01:21:48,,107872,"POINT (  585187.595113600,   6140863.09152491)",ADOLFO LAPUENTE 2458,3
2026-05-24,E_111,39,S,75,,S,,58809,Nocturno,2026-05-25 01:23:22,,107893,"POINT (  585174.050863520,   6140990.38876560)",ADOLFO LAPUENTE Esq. CNO CARRASCO,3
2026-05-24,E_111,40,N,,Contenedor No Está,S,,58809,Nocturno,2026-05-25 02:13:01,,107876,"POINT (  585280.123901600,   6140981.40930990)",LANCASTERIANA 2489,3
2026-05-24,E_111,41,S,100,,S,Requiere Limpieza,58809,Nocturno,2026-05-25 02:13:10,,107877,"POINT (  585297.214777750,   6140805.03866708)",LANCASTERIANA 2447,3
2026-05-24,E_111,42,S,75,,S,,58809,Nocturno,2026-05-25 02:15:31,,107878,"POINT (  585316.801915150,   6140582.09112199)",LANCASTERIANA 2357,3
2026-05-24,E_111,43,S,75,,S,,58809,Nocturno,2026-05-25 02:17:15,,107852,"POINT (  585325.898868100,   6140464.28301235)",LANCASTERIANA 2319,3
2026-05-24,E_111,44,S,75,,S,,58809,Nocturno,2026-05-25 02:19:53,,180113,"POINT (  585340.071039013,   6140266.70516334)",LANCASTERIANA 2253 EN ESQ.,3
2026-05-24,E_111,45,S,100,,S,Requiere Limpieza,58809,Nocturno,2026-05-25 02:22:33,,175694,"POINT (  585346.787840678,   6140139.75059830)",LANCASTERIANA 2230,3
2026-05-24,E_111,46,S,100,,S,,58809,Nocturno,2026-05-25 02:27:48,,175433,"POINT (  585469.568200000,   6140423.03003334)",CAPRI 2318,3
2026-05-24,E_111,47,S,25,,S,Poda,58809,Nocturno,2026-05-25 02:30:39,,183638,"POINT (  585476.701049455,   6140585.09874423)",CAPRI 2354,3
2026-05-24,E_111,48,S,25,,S,,58809,Nocturno,2026-05-25 02:30:44,,181952,"POINT (  585472.599643117,   6140591.37474403)",CAPRI 2356,3
2026-05-24,E_111,49,S,75,,S,,58809,Nocturno,2026-05-25 02:32:52,,183800,"POINT (  585437.461180952,   6140776.40690476)",CAPRI 2420,3
2026-05-24,E_111,50,S,75,,S,Requiere Limpieza,58809,Nocturno,2026-05-25 02:36:34,,183637,"POINT (  585413.084491721,   6141071.37325403)",CAPRI 2540,3
2026-05-24,E_111,51,S,75,,S,Requiere Limpieza,58809,Nocturno,2026-05-25 02:36:28,,107891,"POINT (  585412.380804295,   6141079.42608389)",CAPRI 2540,3
2026-05-24,E_111,52,S,75,,S,Requiere Limpieza,58809,Nocturno,2026-05-25 02:41:22,,107880,"POINT (  585562.894429412,   6140920.00608236)",ORLEANS 2465,3
2026-05-24,E_111,53,S,50,,S,,58809,Nocturno,2026-05-25 02:45:09,,107858,"POINT (  585584.462088514,   6140666.81572005)",ORLEANS 2383,3
2026-05-24,E_111,54,N,,Contenedor No Está,S,,58809,Nocturno,2026-05-25 02:46:59,,107879,"POINT (  585603.587583460,   6140465.87757841)",ORLEANS 2319,3
2026-05-24,E_111,55,S,50,,S,,58809,Nocturno,2026-05-25 02:46:45,,175434,"POINT (  585604.061110544,   6140461.18727435)",ORLEANS 2319,3
2026-05-24,E_111,56,S,25,,S,Requiere Limpieza,58809,Nocturno,2026-05-25 02:48:40,,107867,"POINT (  585611.911439290,   6140347.57032962)",ORLEANS 2267,3
2026-05-24,E_111,57,S,25,,S,,58809,Nocturno,2026-05-25 02:51:06,,107859,"POINT (  585725.789424210,   6140397.24699455)",EDMUNDO BIANCHI 2277,3
2026-05-24,E_111,58,S,25,,S,,58809,Nocturno,2026-05-25 02:53:29,,107890,"POINT (  585817.504189480,   6140475.03871376)",DR ALVARO VARGAS GUILLEMETTE 2298,3
2026-05-24,E_111,59,S,25,,S,Requiere Limpieza,58809,Nocturno,2026-05-25 02:55:45,,183139,"POINT (  585830.504269499,   6140319.53968911)",DR ALVARO VARGAS GUILLEMETTE 2260,3
2026-05-24,E_111,60,S,25,,S,,58809,Nocturno,2026-05-25 02:55:52,,183138,"POINT (  585830.939999346,   6140315.18239063)",DR ALVARO VARGAS GUILLEMETTE Esq. GRAL MAXIMO TAJES,3
2026-05-24,E_111,61,S,50,,S,,58809,Nocturno,2026-05-25 03:00:32,,175696,"POINT (  585640.799690961,   6140191.37867571)",ORLEANS 2224 EN 2222 PDO ARBOL,3
2026-05-24,E_111,62,S,25,,S,Requiere Limpieza,58809,Nocturno,2026-05-25 03:04:31,,107866,"POINT (  585957.673745120,   6140376.24842095)",DR ENRIQUE AZAROLA 2268,3
2026-05-24,E_111,63,N,,Contenedor No Está,S,,58809,Nocturno,2026-05-25 03:06:41,,179124,"POINT (  585940.301261017,   6140573.80400283)",DR ENRIQUE AZAROLA 2342,3
2026-05-24,E_111,64,N,,Contenedor No Está,S,,58809,Nocturno,2026-05-25 03:06:49,,107864,"POINT (  585961.087951630,   6140681.82697790)",DR ALFREDO VASQUEZ ACEVEDO 7215,3
2026-05-24,E_111,65,S,25,,S,,58809,Nocturno,2026-05-25 03:08:20,,107865,"POINT (  585917.552304920,   6140811.70102896)",DR ENRIQUE AZAROLA 2404,3
2026-05-24,E_111,66,N,,Contenedor No Está,S,,58809,Nocturno,2026-05-25 03:11:24,,107856,"POINT (  585787.244705600,   6140817.89011018)",DR ALVARO VARGAS GUILLEMETTE 2433,3
2026-05-24,E_111,67,S,75,,S,,58809,Nocturno,2026-05-25 03:11:44,,107883,"POINT (  585797.660139758,   6140684.44864158)",DR ALVARO VARGAS GUILLEMETTE 2353,3
2026-05-24,E_111,68,S,25,,S,,58809,Nocturno,2026-05-25 03:13:25,,107868,"POINT (  585720.590012090,   6140660.64108954)",DR ALFREDO VASQUEZ ACEVEDO 7109,3
2026-05-24,E_111,69,S,25,,S,,58809,Nocturno,2026-05-25 03:14:46,,107869,"POINT (  585701.039744730,   6140712.46094192)",EDMUNDO BIANCHI 2370,3
2026-05-24,E_111,70,S,25,,S,Requiere Limpieza,58809,Nocturno,2026-05-25 03:17:47,,107884,"POINT (  585687.794773420,   6140855.45678143)",EDMUNDO BIANCHI 2448,3
2026-05-24,E_111,71,S,75,,S,,58809,Nocturno,2026-05-25 03:17:53,,107861,"POINT (  585683.763207020,   6140924.57481756)",EDMUNDO BIANCHI 2454,3
2026-05-24,E_111,72,S,75,,S,Requiere Limpieza,58809,Nocturno,2026-05-25 03:19:47,,107885,"POINT (  585660.415122990,   6141162.61972530)",EDMUNDO BIANCHI 2546,3
2026-05-24,E_111,73,S,50,,S,Requiere Limpieza,58809,Nocturno,2026-05-25 03:23:53,,107862,"POINT (  585758.199990850,   6141180.02318169)",DR ALVARO VARGAS GUILLEMETTE 2543,3
2026-05-24,E_111,74,S,25,,S,,58809,Nocturno,2026-05-25 03:24:40,,180868,"POINT (  585769.780154466,   6141011.04164553)",DR ALVARO VARGAS GUILLEMETTE 2475,3
2026-05-24,E_111,1,,,,S,,58809,Nocturno,,,107906,"POINT (  584825.725646500,   6140096.66404234)",DR FRUCTUOSO PITTALUGA 6414,4
2026-05-24,E_111,2,,,,S,,58809,Nocturno,,,180077,"POINT (  584978.928941177,   6140099.38732855)",HAVRE 2208,4
2026-05-24,E_111,3,,,,S,,58809,Nocturno,,,107908,"POINT (  584750.862639310,   6140462.95148928)",PROF FRANCISCO GAMEZ MARIN 2355,4
2026-05-24,E_111,4,,,,S,,58809,Nocturno,,,181804,"POINT (  584765.480243124,   6140624.78564010)",PROF FRANCISCO GAMEZ MARIN Esq. DR AGUSTIN MUSSO,4
2026-05-24,E_111,5,,,,S,,58809,Nocturno,,,107910,"POINT (  584765.536117650,   6140630.20988543)",PROF FRANCISCO GAMEZ MARIN 2410,4
2026-05-24,E_111,6,,,,S,,58809,Nocturno,,,107911,"POINT (  584911.885334590,   6140708.97759985)",PROF FRANCISCO GAMEZ MARIN 7046,4
2026-05-24,E_111,7,,,,S,,58809,Nocturno,,,107904,"POINT (  584848.760409470,   6140818.77829752)",JUAN PEDRO BERANGER 7017,4
2026-05-24,E_111,8,,,,S,,58809,Nocturno,,,107881,"POINT (  584692.069588540,   6140773.38660459)",JUAN PEDRO BERANGER 2439,4
2026-05-24,E_111,9,,,,S,,58809,Nocturno,,,174092,"POINT (  584530.333979505,   6140408.41326997)",JUAN PEDRO BERANGER 2315,4
2026-05-24,E_111,10,,,,S,,58809,Nocturno,,,179247,"POINT (  584382.307372566,   6140427.37355074)",DR JOSE F ARIAS 6867 PROV. Posicion de apoyo al 11,4
2026-05-24,E_111,11,,,,S,,58809,Nocturno,,,107901,"POINT (  584380.433433640,   6140428.03734992)",DR JOSE F ARIAS 6867,4
2026-05-24,E_111,12,,,,S,,58809,Nocturno,,,179212,"POINT (  584385.494186167,   6140536.50458310)",AV DRA MA LUISA SALDUN DE RODRIGUEZ 2350,4
2026-05-24,E_111,13,,,,S,,58809,Nocturno,,,107847,"POINT (  584866.574673936,   6140606.73414108)",DR AGUSTIN MUSSO 7035,4
2026-05-24,E_111,14,,,,S,,58809,Nocturno,,,181196,"POINT (  584566.461274915,   6140640.60546743)",DR AGUSTIN MUSSO 6873,4
2026-05-24,E_111,15,,,,S,,58809,Nocturno,,,107896,"POINT (  584560.233012850,   6140643.57169022)",DR AGUSTIN MUSSO 6873,4
2026-05-24,E_111,16,,,,S,,58809,Nocturno,,,107903,"POINT (  583952.763311630,   6139862.26275820)",AV DRA MA LUISA SALDUN DE RODRIGUEZ 1865,4
2026-05-24,E_111,17,,,,S,,58809,Nocturno,,,107917,"POINT (  583874.418918301,   6139800.40602808)",SIRACUSA 2106,4
2026-05-24,E_111,18,,,,S,,58809,Nocturno,,,107918,"POINT (  583872.238339085,   6139804.04032677)",SIRACUSA 2106,4
2026-05-24,E_111,19,,,,S,,58809,Nocturno,,,107849,"POINT (  583862.588593460,   6139817.60796539)",SIRACUSA 2112,4
2026-05-24,E_111,20,,,,S,,58809,Nocturno,,,107952,"POINT (  583709.646398900,   6140027.00854435)",SIRACUSA 2222,4
2026-05-24,E_111,21,,,,S,,58809,Nocturno,,,107953,"POINT (  583678.730259002,   6140068.36611853)",SIRACUSA 2236,4
2026-05-24,E_111,22,,,,S,,58809,Nocturno,,,107900,"POINT (  584463.073660969,   6140146.13009137)",GRAL MAXIMO TAJES Esq. JUAN PEDRO BERANGER,4
2026-05-24,E_111,23,,,,S,,58809,Nocturno,,,107897,"POINT (  584880.741385680,   6140194.51563693)",GRAL MAXIMO TAJES 6378,4
2026-05-24,E_111,24,,,,S,,58809,Nocturno,,,107898,"POINT (  584936.738337750,   6140251.18947912)",HAVRE 2258,4
2026-05-24,E_111,25,,,,S,,58809,Nocturno,,,107899,"POINT (  584952.470378710,   6140532.20708337)",HAVRE 2308,4
2026-05-24,E_111,26,,,,S,,58809,Nocturno,,,107848,"POINT (  584962.103378930,   6140743.02681048)",HAVRE 2424,4
2026-05-24,E_111,27,,,,S,,58809,Nocturno,,,107894,"POINT (  584974.734740000,   6140903.28264682)",HAVRE 2480,4
2026-05-24,D_103,1,,,,S,,58810,Nocturno,,,114276,"POINT (  579100.472458471,   6141394.25938335)",20 DE FEBRERO 2656 VEREDA. EN 2656/2658,0
2026-05-24,D_103,2,,,,N,,58810,Nocturno,,,183130,"POINT (  579062.756352901,   6141401.66299568)",20 DE FEBRERO 2684,0
2026-05-24,D_103,3,,,,S,,58810,Nocturno,,,114250,"POINT (  578909.793651607,   6141432.75583217)",20 DE FEBRERO 2752 ANTES 2752,0
2026-05-24,D_103,4,,,,S,,58810,Nocturno,,,181117,"POINT (  579012.889783561,   6141352.58342333)",JUAN JACOBO ROUSSEAU 4273,0
2026-05-24,D_103,5,,,,S,,58810,Nocturno,,,183562,"POINT (  579012.730383357,   6141350.42631580)",JUAN JACOBO ROUSSEAU 4273 PROV OV.(O:20 DE FEBRERO ANTES DE 2720),0
2026-05-24,D_103,6,,,,S,,58810,Nocturno,,,177279,"POINT (  578926.316810169,   6141323.23480113)",21 DE ABRIL 2700 FTE 2681. MURO,0
2026-05-24,D_103,7,,,,S,,58810,Nocturno,,,114232,"POINT (  578884.406804276,   6141330.09863532)",21 DE ABRIL 2716 CERCO VEGETAL,0
2026-05-24,D_103,8,,,,S,,58810,Nocturno,,,114256,"POINT (  578811.503874015,   6141342.64317913)",21 DE ABRIL 2752 ANTES 2760. MURO LADRILLO,0
2026-05-24,D_103,9,,,,S,,58810,Nocturno,,,114255,"POINT (  578695.184619799,   6141347.85555586)",FRAY MANUEL DE UBEDA Esq. 21 DE ABRIL MURO,0
2026-05-24,D_103,10,,,,S,,58810,Nocturno,,,177476,"POINT (  578694.768441974,   6141342.44524413)",FRAY MANUEL DE UBEDA Esq. 21 DE ABRIL,0
2026-05-24,D_103,11,,,,S,,58810,Nocturno,,,177477,"POINT (  578706.698872960,   6141248.66650754)",GRAL IGNACIO ORIBE 2785 EN 2789. CASA TEPAEADA (RETIRAR VIEJO DE 2769),0
2026-05-24,D_103,12,,,,S,,58810,Nocturno,,,177478,"POINT (  578732.224446233,   6141197.19918317)",GRAL IGNACIO ORIBE 2767 MURO. (RETIRAR VIEJO DE 2769),0
2026-05-24,D_103,13,,,,S,,58810,Nocturno,,,114244,"POINT (  578974.347456477,   6141199.92746003)",GRAL JOSE VILLAGRAN 2653 EN 2655,0
2026-05-24,D_103,14,,,,S,,58810,Nocturno,,,121172,"POINT (  578977.491911155,   6141199.46504022)",GRAL JOSE VILLAGRAN 2653 EN 2655,0
2026-05-24,D_103,15,,,,S,,58810,Nocturno,,,177479,"POINT (  579063.964414814,   6141184.02021871)",GRAL JOSE VILLAGRAN 2610 VEREDA. (SOLAMENTE RETIRAR VIEJO) FTE 2610,0
2026-05-24,D_103,16,,,,S,,58810,Nocturno,,,114246,"POINT (  579065.515173451,   6141183.71662546)",GRAL JOSE VILLAGRAN 2610 VEREDA. EN 2625 FTE 2610,0
2026-05-24,D_103,17,,,,S,,58810,Nocturno,,,114245,"POINT (  579066.645116954,   6141183.49063676)",GRAL JOSE VILLAGRAN 2610 VEREDA. EN 2625 FTE 2610,0
2026-05-24,D_103,18,,,,S,,58810,Nocturno,,,176778,"POINT (  579038.300115600,   6141100.78465369)",ENRIQUE CLAY 2602 MURO ESTACION,0
2026-05-24,D_103,19,,,,S,,58810,Nocturno,,,114275,"POINT (  578896.811979924,   6141132.90752587)",ENRIQUE CLAY 2690 VEREDA,0
2026-05-24,D_103,20,,,,S,,58810,Nocturno,,,114259,"POINT (  578799.321560038,   6141154.98025491)",ENRIQUE CLAY 2738,0
2026-05-24,D_103,21,,,,S,,58810,Nocturno,,,183451,"POINT (  578821.434214161,   6141055.81552048)",PAN DE AZUCAR 2687,0
2026-05-24,D_103,22,S,75,,S,,58810,Nocturno,2026-05-25 03:13:28,,183164,"POINT (  578920.800162309,   6140967.72916907)",PAN DE AZUCAR 2623,0
2026-05-24,D_103,23,S,100,,N,Requiere Limpieza,58810,Nocturno,2026-05-25 03:13:35,,114247,"POINT (  578966.306133903,   6140925.01606049)",PAN DE AZUCAR 2600 VIVIENDAS,0
2026-05-24,D_103,24,S,100,,S,Requiere Limpieza,58810,Nocturno,2026-05-25 03:20:13,,114240,"POINT (  578906.510470988,   6140849.13579545)",DR SILVESTRE PEREZ 2595 FTE 2597. VIVIENDAS,0
2026-05-24,D_103,25,S,100,,S,Requiere Limpieza,58810,Nocturno,2026-05-25 03:20:22,,114263,"POINT (  578904.753275726,   6140850.52305486)",DR SILVESTRE PEREZ 2595 FTE 2597. VIVIENDAS,0
2026-05-24,D_103,26,S,100,,S,Requiere Limpieza,58810,Nocturno,2026-05-25 03:20:32,,114253,"POINT (  578837.887371828,   6140904.53368816)",DR SILVESTRE PEREZ 2646 EN 2634. SUB-ESTACION,0
2026-05-24,D_103,27,S,100,,S,"Basura Afuera, Requiere Limpieza",58810,Nocturno,2026-05-25 03:21:16,,152953,"POINT (  578891.250617401,   6141012.55495476)",JUAN JACOBO ROUSSEAU Esq. PAN DE AZUCAR,0
2026-05-24,D_103,28,S,100,,S,"Basura Afuera, Requiere Limpieza",58810,Nocturno,2026-05-25 03:22:09,,114254,"POINT (  578894.210104157,   6141016.06934529)",JUAN JACOBO ROUSSEAU 4051,0
2026-05-24,D_103,29,S,100,,S,"Basura Afuera, Requiere Limpieza",58810,Nocturno,2026-05-25 03:27:20,,114264,"POINT (  578954.208336645,   6141024.89504415)",PASCUAL PALADINO 4127 FTE 4126. MURO,0
2026-05-24,D_103,30,S,100,,S,"Basura Afuera, Requiere Limpieza, Requiere Mantenimiento",58810,Nocturno,2026-05-25 03:30:57,,114251,"POINT (  579027.387008185,   6140992.11599936)",PASCUAL PALADINO 2559 EN 2955,0
2026-05-24,D_103,31,S,100,,S,Requiere Limpieza,58810,Nocturno,2026-05-25 01:01:53,,179192,"POINT (  578797.946420904,   6140781.72243560)",JOANICO 3937 FTE 3936,0
2026-05-24,D_103,32,N,,Contenedor No Está,N,,58810,Nocturno,2026-05-24 23:06:29,,114241,"POINT (  578824.893704525,   6140838.91436557)",GRAL FELIX LABORDE 2618 EN 2614/2618,0
2026-05-24,D_103,33,S,100,,S,"Basura Afuera, Requiere Limpieza, Requiere Mantenimiento",58810,Nocturno,2026-05-24 23:09:52,,114242,"POINT (  578779.808958762,   6140904.67707744)",GRAL FELIX LABORDE 2652,0
2026-05-24,D_103,34,S,100,,S,"Basura Afuera, Requiere Limpieza, Requiere Mantenimiento",58810,Nocturno,2026-05-24 23:14:40,,114243,"POINT (  578728.917944011,   6140981.80258649)",GRAL FELIX LABORDE 2704,0
2026-05-24,D_103,35,N,,Fuego,S,,58810,Nocturno,2026-05-24 23:15:57,,114272,"POINT (  578674.485365925,   6140956.09831351)",PAMPLONA 2703 MURO FABRICA,0
2026-05-24,D_103,36,N,,Contenedor No Está,S,,58810,Nocturno,2026-05-24 23:16:14,,183366,"POINT (  578675.778725708,   6140954.43106754)",PAMPLONA 2703,0
2026-05-24,D_103,37,S,100,,S,"Basura Afuera, Requiere Limpieza, Requiere Mantenimiento",58810,Nocturno,2026-05-24 23:32:52,,176918,"POINT (  578604.780710174,   6140901.96521303)",LINDORO FORTEZA 2701,0
2026-05-24,D_103,38,S,100,,S,"Basura Afuera, Requiere Limpieza",58810,Nocturno,2026-05-24 23:33:11,,114265,"POINT (  578606.066639302,   6140900.53172338)",LINDORO FORTEZA 2701,0
2026-05-24,D_103,39,S,100,,S,"Basura Afuera, Requiere Limpieza, Requiere Mantenimiento",58810,Nocturno,2026-05-24 23:36:44,,114266,"POINT (  578641.599016664,   6140849.87918544)",LINDORO FORTEZA 2677 EN 2677/2675,0
2026-05-24,D_103,40,S,100,,S,"Basura Afuera, Requiere Limpieza, Requiere Mantenimiento",58810,Nocturno,2026-05-24 23:36:52,,114267,"POINT (  578695.275586721,   6140771.63235444)",LINDORO FORTEZA 2641,0
2026-05-24,D_103,41,S,100,,S,Requiere Limpieza,58810,Nocturno,2026-05-25 01:14:16,,114234,"POINT (  578747.807993687,   6140693.30032094)",LINDORO FORTEZA 2583 EN 2589,0
2026-05-24,D_103,42,N,,Contenedor No Está,N,,58810,Nocturno,2026-05-24 23:37:42,,114268,"POINT (  578750.027608754,   6140690.61828607)",LINDORO FORTEZA 2583 EN 2589,0
2026-05-24,D_103,43,S,100,,S,Requiere Limpieza,58810,Nocturno,2026-05-24 23:37:05,,180803,"POINT (  578612.719763181,   6140731.33130414)",LARRAVIDE 2648,0
2026-05-24,D_103,44,S,100,,S,"Basura Afuera, Requiere Limpieza",58810,Nocturno,2026-05-24 23:37:18,,114235,"POINT (  578610.746763291,   6140734.08574780)",LARRAVIDE 2648 VEREDA. FTE 2643.,0
2026-05-24,D_103,45,S,100,,S,Requiere Limpieza,58810,Nocturno,2026-05-24 23:37:26,,114257,"POINT (  578565.176190400,   6140801.06125823)",LARRAVIDE 2678 VEREDA,0
2026-05-24,D_103,46,S,100,,S,Requiere Limpieza,58810,Nocturno,2026-05-24 23:37:33,,114273,"POINT (  578516.249636728,   6140874.16860286)",LARRAVIDE 2720 VEREDA,0
2026-05-24,D_103,47,N,,Fuego,S,,58810,Nocturno,2026-05-24 23:43:18,,114269,"POINT (  578427.210088705,   6140818.34939382)",CIPRIANO MIRO 2725,0
2026-05-24,D_103,48,S,100,,S,Requiere Limpieza,58810,Nocturno,2026-05-24 23:43:31,,177482,"POINT (  578445.755376634,   6140788.00389714)",CIPRIANO MIRO 2707 EN 2705 (RETIRAR VIEJO EN 2737),0
2026-05-24,D_103,49,S,100,,S,Requiere Limpieza,58810,Nocturno,2026-05-24 23:49:14,,114238,"POINT (  578487.928062909,   6140722.52525266)",CIPRIANO MIRO 2665,0
2026-05-24,D_103,50,S,100,,S,"Basura Afuera, Requiere Limpieza",58810,Nocturno,2026-05-25 03:07:54,,119492,"POINT (  578570.938902265,   6140601.28724693)",CIPRIANO MIRO 2592 PROV OV. ORIGEN: CIPRIANO MIRO FTE 2573,0
2026-05-24,D_103,51,S,100,,S,"Basura Afuera, Requiere Limpieza",58810,Nocturno,2026-05-25 03:08:10,,177483,"POINT (  578569.036496820,   6140605.07062202)",CIPRIANO MIRO 2592,0
2026-05-24,D_101,1,,,,S,,58810,Nocturno,,,179235,"POINT (  577481.202203527,   6139803.30798032)",AV DAMASO ANTONIO LARRAÑAGA 3162 EN 3164,1
2026-05-24,D_101,2,,,,S,,58810,Nocturno,,,183131,"POINT (  577481.429180952,   6139813.12849048)",AV DAMASO ANTONIO LARRAÑAGA 3166,1
2026-05-24,D_101,3,,,,S,,58810,Nocturno,,,114488,"POINT (  577529.901455521,   6140047.53990520)",JUAN JACOBO ROUSSEAU 3310 VEREDA,1
2026-05-24,D_101,4,,,,N,,58810,Nocturno,,,114490,"POINT (  577648.764885249,   6140115.75717791)",JUAN JACOBO ROUSSEAU 3368 VEREDA,1
2026-05-24,D_101,5,,,,S,,58810,Nocturno,,,179307,"POINT (  577726.604832418,   6140040.08295407)",JOANICO 3337 VEREDA,1
2026-05-24,D_101,6,,,,S,,58810,Nocturno,,,175891,"POINT (  577725.130363582,   6140039.02587865)",JOANICO 3337 VEREDA,1
2026-05-24,D_101,7,,,,S,,58810,Nocturno,,,114516,"POINT (  577527.820319390,   6139915.60395076)",JOANICO 3267 VEREDA,1
2026-05-24,D_101,8,,,,S,,58810,Nocturno,,,183132,"POINT (  577507.574172014,   6139903.29286530)",JOANICO 3259 EN 3255,1
2026-05-24,D_101,9,,,,S,,58810,Nocturno,,,114517,"POINT (  577391.924099216,   6139831.62942589)",JOANICO 3205 VEREDA,1
2026-05-24,D_101,10,,,,S,,58810,Nocturno,,,114502,"POINT (  577365.995399436,   6139925.62340508)",GRAL URQUIZA 3238,1
2026-05-24,D_101,11,,,,S,,58810,Nocturno,,,114504,"POINT (  577412.588418354,   6139971.57066968)",GRAL URQUIZA 3278,1
2026-05-24,D_101,12,,,,S,,58810,Nocturno,,,114505,"POINT (  577700.961434825,   6140121.44195064)",FAMAILLA 3387 ANTES 3387,1
2026-05-24,D_101,13,,,,S,,58810,Nocturno,,,114533,"POINT (  577634.695964408,   6140066.52735989)",FAMAILLA 3335,1
2026-05-24,D_101,14,,,,S,,58810,Nocturno,,,114528,"POINT (  577509.837207346,   6139965.05843333)",FAMAILLA 3253,1
2026-05-24,D_101,15,,,,S,,58810,Nocturno,,,176839,"POINT (  577485.204438984,   6140074.88894181)",AV DAMASO ANTONIO LARRAÑAGA 3288 EN 3288/3264,1
2026-05-24,D_101,16,,,,S,,58810,Nocturno,,,177358,"POINT (  577485.882405085,   6140182.00758588)",AV DAMASO ANTONIO LARRAÑAGA 3350,1
2026-05-24,D_101,17,,,,S,,58810,Nocturno,,,128592,"POINT (  577362.492574578,   6140040.31267062)",JUAN RAMON GOMEZ 3225,1
2026-05-24,D_101,18,,,,S,,58810,Nocturno,,,128612,"POINT (  577315.938902261,   6139995.34091921)",JUAN RAMON GOMEZ 3191 EN 3185/3189,1
2026-05-24,D_101,19,,,,S,,58810,Nocturno,,,114536,"POINT (  577579.686968955,   6140139.31861415)",GLORIA 3283 VEREDA. EN 3279/3283,1
2026-05-24,D_101,20,,,,S,,58810,Nocturno,,,179236,"POINT (  577582.908688168,   6140508.65496553)",GRAL JULIO AMADEO ROLETTI Esq. QUICHUAS EN 3409,1
2026-05-24,D_101,21,,,,S,,58810,Nocturno,,,179237,"POINT (  577543.090713197,   6140455.64017599)",GRAL JULIO AMADEO ROLETTI 3371,1
2026-05-24,D_101,22,,,,S,,58810,Nocturno,,,179238,"POINT (  577405.661816723,   6140468.38192798)",BV JOSE BATLLE Y ORDOÑEZ 3164,1
2026-05-24,D_101,23,,,,S,,58810,Nocturno,,,114522,"POINT (  577383.896791052,   6140535.25947429)",EMILIO RAÑA 3158,1
2026-05-24,D_101,24,,,,S,,58810,Nocturno,,,114523,"POINT (  577611.645116951,   6140606.64035424)",CARLOS CROCKER 2867,1
2026-05-24,D_101,25,,,,S,,58810,Nocturno,,,114492,"POINT (  577678.198789266,   6140509.01323559)",CARLOS CROCKER 2783,1
2026-05-24,D_101,26,,,,S,,58810,Nocturno,,,114530,"POINT (  577732.436077401,   6140415.22792486)",MARCOS DE AVELLANEDA Esq. CARLOS CROCKER MURO,1
2026-05-24,D_101,27,,,,S,,58810,Nocturno,,,114493,"POINT (  577811.532122600,   6140316.47086271)",CARLOS CROCKER 2687,1
2026-05-24,D_101,28,,,,S,,58810,Nocturno,,,114495,"POINT (  577860.571670622,   6140243.92848983)",CARLOS CROCKER 2649,1
2026-05-24,D_101,29,,,,S,,58810,Nocturno,,,179591,"POINT (  577956.305373073,   6140096.84623506)",CARLOS CROCKER 2567 ESQ,1
2026-05-24,D_101,30,,,,S,,58810,Nocturno,,,114494,"POINT (  577958.068251418,   6140094.19537840)",CARLOS CROCKER Esq. AV 8 DE OCTUBRE ESQ,1
2026-05-24,D_101,31,,,,S,,58810,Nocturno,,,114509,"POINT (  577760.444126316,   6140183.27835601)",JUAN JACOBO ROUSSEAU 3414,1
2026-05-24,D_101,32,,,,S,,58810,Nocturno,,,114511,"POINT (  577880.246229092,   6140158.30332481)",JOANICO 3441 VEREDA,1
2026-05-24,D_101,33,,,,S,,58810,Nocturno,,,114512,"POINT (  577800.232687573,   6140104.49346158)",JOANICO 3409 EN 3407,1
2026-05-24,D_101,34,,,,S,,58810,Nocturno,,,177259,"POINT (  577713.511646075,   6140309.67885631)",QUICHUAS 2710 PDO 2710,1
2026-05-24,D_101,35,,,,S,,58810,Nocturno,,,114525,"POINT (  577663.622518081,   6140384.26747288)",QUICHUAS 2752,1
2026-05-24,D_101,36,,,,S,,58810,Nocturno,,,114499,"POINT (  577611.645116951,   6140464.04148418)",QUICHUAS 2786,1
2026-05-24,D_101,37,,,,S,,58810,Nocturno,,,114497,"POINT (  577521.475625426,   6140696.92284012)",JUAN FRANCISCO MARTINEZ 3455,1
2026-05-24,D_101,38,,,,S,,58810,Nocturno,,,114496,"POINT (  577498.083251712,   6140800.47522073)",AV DAMASO ANTONIO LARRAÑAGA 3502 VEREDA,1
2026-05-24,D_101,39,,,,S,,58810,Nocturno,,,179245,"POINT (  577571.966550285,   6140845.92200796)",FELIPE SANGUINETTI 2953,1
2026-05-24,D_101,40,,,,S,,58810,Nocturno,,,114498,"POINT (  577624.519347150,   6140768.73611858)",FELIPE SANGUINETTI 2931 EN 2929,1
2026-05-24,D_101,41,,,,S,,58810,Nocturno,,,114527,"POINT (  577691.419128250,   6140672.06408305)",FELIPE SANGUINETTI 2869,1
2026-05-24,D_101,42,,,,S,,58810,Nocturno,,,117352,"POINT (  577710.407915327,   6140643.72075871)",FELIPE SANGUINETTI 2855 EN 2851. CERRAMIENTO DE CHAPA,1
2026-05-24,D_101,43,,,,S,,58810,Nocturno,,,114531,"POINT (  577795.147941809,   6140520.08668192)",FELIPE SANGUINETTI 2775,1
2026-05-24,D_101,44,,,,S,,58810,Nocturno,,,114500,"POINT (  577843.848506781,   6140446.75334859)",FELIPE SANGUINETTI 2737 EN 2739. MURO,1
2026-05-24,D_101,45,,,,S,,58810,Nocturno,,,157712,"POINT (  577886.705180555,   6140383.50951145)",FELIPE SANGUINETTI 2697,1
2026-05-24,D_101,46,,,,N,,58810,Nocturno,,,114532,"POINT (  578020.827206161,   6140203.07486733)",FELIPE SANGUINETTI 2589 FTE 2589,1
2026-05-24,D_101,47,,,,N,,58810,Nocturno,,,180957,"POINT (  578019.137404778,   6140205.83337350)",FELIPE SANGUINETTI 2589 FTE 2589,1
2026-05-24,D_101,48,,,,S,,58810,Nocturno,,,114501,"POINT (  577957.916303391,   6140298.16577797)",FELIPE SANGUINETTI 2636,1
2026-05-24,C_102,1,S,50,,S,,58811,Nocturno,2026-05-24 22:46:51,,134664,"POINT (  574335.824558786,   6140230.42512798)",GUADALUPE 1469,0
2026-05-24,C_102,2,S,25,,S,,58811,Nocturno,2026-05-24 22:46:58,,180420,"POINT (  574334.219297838,   6140229.65569659)",GUADALUPE 1469,0
2026-05-24,C_102,3,S,75,,S,,58811,Nocturno,2026-05-24 22:49:24,,181755,"POINT (  574281.420595093,   6140091.64560914)",CONCEPCION ARENAL 1468 ANTES DE GOMERIA,0
2026-05-24,C_102,4,N,,Contenedor No Está,S,,58811,Nocturno,2026-05-24 22:49:32,,180193,"POINT (  574340.397176104,   6140078.13612653)",CONCEPCION ARENAL Esq. AV GRAL SAN MARTIN ESQ.,0
2026-05-24,C_102,5,N,,Contenedor No Está,S,,58811,Nocturno,2026-05-24 22:49:40,,180192,"POINT (  574346.809147570,   6140078.13612653)",CONCEPCION ARENAL Esq. AV GRAL SAN MARTIN ESQ. (RETIRAR VIEJO DE  AV GRAL SAN MARTIN 2515),0
2026-05-24,C_102,6,S,50,,S,,58811,Nocturno,2026-05-24 22:52:14,,183874,"POINT (  574351.901415049,   6139999.08508277)",AV GRAL SAN MARTIN 2523,0
2026-05-24,C_102,7,S,75,,S,Basura Afuera,58811,Nocturno,2026-05-24 22:52:23,,183873,"POINT (  574351.683312541,   6139986.54418855)",AV GRAL SAN MARTIN 2515,0
2026-05-24,C_102,8,S,50,,S,,58811,Nocturno,2026-05-24 22:54:15,,134004,"POINT (  574384.974872885,   6139941.29743222)",CARLOS REYLES 1508 COLUMNA/ARBOL,0
2026-05-24,C_102,9,S,75,,S,Basura Afuera,58811,Nocturno,2026-05-24 22:54:30,,183024,"POINT (  574397.205805085,   6139935.74678927)",CARLOS REYLES 1518 FTE 1513,0
2026-05-24,C_102,10,S,75,,S,Basura Afuera,58811,Nocturno,2026-05-24 22:55:57,,134002,"POINT (  574472.305381360,   6139899.94150002)",CARLOS REYLES 1546 ANTES COLUMNA,0
2026-05-24,C_102,11,S,50,,S,,58811,Nocturno,2026-05-24 22:58:09,,134005,"POINT (  574582.239834828,   6139848.31067706)",CARLOS REYLES Esq. ROCHA MURO. BAJAR A CALLE,0
2026-05-24,C_102,12,S,50,,S,,58811,Nocturno,2026-05-24 22:58:17,,181895,"POINT (  574584.414528540,   6139847.11503878)",CARLOS REYLES 1603,0
2026-05-24,C_102,13,S,75,,S,,58811,Nocturno,2026-05-24 23:01:17,,173372,"POINT (  574746.588514125,   6139770.24598136)",CARLOS REYLES 1715 FTE 1715,0
2026-05-24,C_102,14,S,75,,S,Basura Afuera,58811,Nocturno,2026-05-24 23:04:05,,134064,"POINT (  574788.897836159,   6139750.65558588)",CARLOS REYLES 1742,0
2026-05-24,C_102,15,S,75,,S,,58811,Nocturno,2026-05-24 23:04:13,,134006,"POINT (  574934.547553674,   6139681.61603786)",CARLOS REYLES 1806 ARBOL/ARBOL,0
2026-05-24,C_102,16,S,75,,S,,58811,Nocturno,2026-05-24 23:04:23,,181896,"POINT (  574938.197098039,   6139679.89671917)",CARLOS REYLES 1806,0
2026-05-24,C_102,17,S,50,,S,Basura Afuera,58811,Nocturno,2026-05-24 23:06:19,,133994,"POINT (  574996.807440679,   6139652.74598136)",CARLOS REYLES 1846 EN 1844. ANTES ARBOL,0
2026-05-24,C_102,18,N,,Contenedor No Está,S,,58811,Nocturno,2026-05-24 23:06:36,,134007,"POINT (  575042.005180792,   6139630.88157458)",CARLOS REYLES 1868,0
2026-05-24,C_102,19,S,75,,S,,58811,Nocturno,2026-05-24 23:08:36,,181897,"POINT (  574959.295570370,   6139567.29593856)",DR DOMINGO ARAMBURU 1747,0
2026-05-24,C_102,20,S,75,,S,,58811,Nocturno,2026-05-24 23:08:43,,134084,"POINT (  574957.250023251,   6139568.22259888)",DR DOMINGO ARAMBURU 1747 EN 1749,0
2026-05-24,C_102,21,S,75,,S,,58811,Nocturno,2026-05-24 23:10:07,,134083,"POINT (  574908.370529193,   6139590.35426761)",DR DOMINGO ARAMBURU 1715 EN 1715/1719,0
2026-05-24,C_102,22,S,75,,S,,58811,Nocturno,2026-05-24 23:11:31,,136972,"POINT (  574833.747177029,   6139625.56142392)",DR DOMINGO ARAMBURU 1677 EN 1679,0
2026-05-24,C_102,23,S,100,,S,Basura Afuera,58811,Nocturno,2026-05-24 23:13:54,,182087,"POINT (  574759.878862309,   6139660.42641416)",DR DOMINGO ARAMBURU 1643 EN 1643,0
2026-05-24,C_102,24,S,75,,S,,58811,Nocturno,2026-05-24 23:15:47,,179074,"POINT (  574590.159319607,   6139740.19788736)",DR DOMINGO ARAMBURU 1529 EN 1537,0
2026-05-24,C_102,25,S,100,,S,,58811,Nocturno,2026-05-24 23:17:47,,134082,"POINT (  574510.695211868,   6139777.22963561)",DR DOMINGO ARAMBURU 1489,0
2026-05-24,C_102,26,S,75,,S,,58811,Nocturno,2026-05-24 23:19:13,,134039,"POINT (  574445.781075393,   6139807.39758208)",DR DOMINGO ARAMBURU 1445 EN 1447,0
2026-05-24,C_102,27,S,50,,S,,58811,Nocturno,2026-05-24 23:20:54,,181898,"POINT (  574318.876905664,   6139867.53179608)",DR DOMINGO ARAMBURU 1385,0
2026-05-24,C_102,28,S,75,,S,,58811,Nocturno,2026-05-24 23:22:02,,134038,"POINT (  574312.051144071,   6139870.44997459)",DR DOMINGO ARAMBURU 1381 EN 1389,0
2026-05-24,C_102,29,S,25,,S,,58811,Nocturno,2026-05-24 23:22:19,,180419,"POINT (  574266.528740387,   6139893.25069090)",DR DOMINGO ARAMBURU 1361 EN 1359/1361,0
2026-05-24,C_102,30,S,50,,S,,58811,Nocturno,2026-05-24 23:23:33,,133996,"POINT (  574278.830805088,   6139753.50082205)",BLANDENGUES 1414 EN 1412. MURO,0
2026-05-24,C_102,31,S,75,,S,,58811,Nocturno,2026-05-24 23:27:06,,133997,"POINT (  574329.547970152,   6139730.62679586)",BLANDENGUES 1440 (AJUSTAR POSICION FTE AL 1477),0
2026-05-24,C_102,32,S,75,,S,,58811,Nocturno,2026-05-24 23:27:20,,133995,"POINT (  574427.474872885,   6139684.17878815)",BLANDENGUES 1508 PDO 1508. MURO,0
2026-05-24,C_102,33,S,25,,S,Basura Afuera,58811,Nocturno,2026-05-24 23:28:36,,133998,"POINT (  574547.220635597,   6139628.67031358)",BLANDENGUES 1592 EN 1600. PDO REBAJE,0
2026-05-24,C_102,34,S,50,,S,,58811,Nocturno,2026-05-24 23:28:49,,133999,"POINT (  574548.830805089,   6139628.16183900)",BLANDENGUES 1592 EN 1600. PDO REBAJE,0
2026-05-24,C_102,35,S,50,,S,,58811,Nocturno,2026-05-24 23:29:34,,134065,"POINT (  574597.813855936,   6139605.06861866)",BLANDENGUES 1618,0
2026-05-24,C_102,36,S,75,,S,,58811,Nocturno,2026-05-24 23:32:38,,175355,"POINT (  574711.203686445,   6139552.10251696)",BLANDENGUES 1694,0
2026-05-24,C_102,37,S,75,,S,,58811,Nocturno,2026-05-24 23:32:45,,181899,"POINT (  574714.155962527,   6139550.81935643)",BLANDENGUES 1694,0
2026-05-24,C_102,38,S,75,,S,Basura Afuera,58811,Nocturno,2026-05-24 23:34:08,,134014,"POINT (  574801.997529328,   6139509.64653272)",BLANDENGUES 1738 ARBOL/ARBOL,0
2026-05-24,C_102,39,S,75,,S,Basura Afuera,58811,Nocturno,2026-05-24 23:34:16,,182971,"POINT (  574877.406585906,   6139473.87775571)",BLANDENGUES 1778 EN 1780/1782. ANTES ARBOL,0
2026-05-24,C_102,40,S,100,,S,Basura Afuera,58811,Nocturno,2026-05-24 23:37:13,,134040,"POINT (  574953.283429378,   6139436.77140509)",BLANDENGUES 1818,0
2026-05-24,C_102,41,S,50,,S,,58811,Nocturno,2026-05-24 23:39:12,,181686,"POINT (  575102.268551413,   6139404.80784520)",BLANDENGUES 1916 EN 1918,0
2026-05-24,C_102,42,S,50,,S,Basura Afuera,58811,Nocturno,2026-05-24 23:41:39,,181699,"POINT (  575214.788024859,   6139416.61296836)",BLANDENGUES 1982 EN 1980,0
2026-05-24,C_102,43,S,50,,S,Basura Afuera,58811,Nocturno,2026-05-24 23:41:47,,181700,"POINT (  575220.098759322,   6139417.29093447)",BLANDENGUES 1982 EN 1982,0
2026-05-24,C_102,44,S,75,,S,Basura Afuera,58811,Nocturno,2026-05-24 23:47:52,,134092,"POINT (  574992.153515067,   6139183.37508492)",JUSTICIA 2310 EN 2314/2318. PDO REBAJE,0
2026-05-24,C_102,45,N,,Contenedor No Está,N,,58811,Nocturno,2026-05-24 23:48:01,,134077,"POINT (  574984.094691537,   6139259.02214374)",JUSTICIA 2372,0
2026-05-24,C_102,46,S,75,,S,Basura Afuera,58811,Nocturno,2026-05-24 23:49:12,,134076,"POINT (  575046.873354022,   6139306.11697951)",DR JUAN C PATRON 1838,0
2026-05-24,C_102,47,S,50,,S,,58811,Nocturno,2026-05-24 23:50:42,,181685,"POINT (  575078.087760452,   6139347.51970961)",INCA 2316 VEREDA,0
2026-05-24,C_102,48,S,50,,S,Basura Afuera,58811,Nocturno,2026-05-24 23:53:16,,134078,"POINT (  575066.800573891,   6139462.78684963)",INCA 2370,0
2026-05-24,C_102,49,S,75,,S,Basura Afuera,58811,Nocturno,2026-05-24 23:53:33,,134036,"POINT (  575061.824707286,   6139507.48911011)",INCA 2390,0
2026-05-24,C_102,50,S,25,,S,,58811,Nocturno,2026-05-24 23:54:18,,134041,"POINT (  574972.729110173,   6139367.78048307)",ARENAL GRANDE 2369 EN 2367,0
2026-05-24,C_102,51,S,75,,S,Basura Afuera,58811,Nocturno,2026-05-24 23:57:05,,181411,"POINT (  574910.074519608,   6139352.82168845)",MARCELINO BERTHELOT 1769 EN 1771,0
2026-05-24,C_102,52,S,75,,S,Basura Afuera,58811,Nocturno,2026-05-24 23:57:12,,134043,"POINT (  574908.393437101,   6139353.35729427)",MARCELINO BERTHELOT 1769 EN 1771,0
2026-05-24,C_102,53,S,75,,S,,58811,Nocturno,2026-05-24 23:57:25,,134042,"POINT (  574865.886911218,   6139373.44421961)",MARCELINO BERTHELOT 1735 REBAJE/REBAJE. (RETIRAR VIEJO DE MARCELINO 1727),0
2026-05-24,C_102,54,S,75,,S,,58811,Nocturno,2026-05-24 23:58:47,,134058,"POINT (  574803.552646129,   6139403.12103189)",MARCELINO BERTHELOT 1705 EN 1707/1713,0
2026-05-24,C_102,55,S,50,,S,,58811,Nocturno,2026-05-24 23:58:55,,164053,"POINT (  574704.339279665,   6139450.23811018)",MARCELINO BERTHELOT 1657,0
2026-05-24,C_102,56,S,50,,S,,58811,Nocturno,2026-05-25 00:00:39,,178984,"POINT (  574622.006072316,   6139490.16189661)",MARCELINO BERTHELOT 1603,0
2026-05-24,C_102,57,S,75,,S,,58811,Nocturno,2026-05-25 00:04:01,,134068,"POINT (  574576.764779379,   6139510.29449806)",MARCELINO BERTHELOT 1581 FTE 1590,0
2026-05-24,C_102,58,S,75,,S,,58811,Nocturno,2026-05-25 00:05:28,,134073,"POINT (  574513.828197034,   6139540.25349354)",MARCELINO BERTHELOT 1547,0
2026-05-24,C_102,59,S,75,,S,,58811,Nocturno,2026-05-25 00:05:36,,180991,"POINT (  574479.250028322,   6139556.14223050)",MARCELINO BERTHELOT 1521,0
2026-05-24,C_102,60,S,75,,S,Basura Afuera,58811,Nocturno,2026-05-25 00:07:28,,134072,"POINT (  574484.820623410,   6139630.84390979)",ROCHA 2384 EN 2386. MURO,0
2026-05-24,C_102,61,S,100,,S,Basura Afuera,58811,Nocturno,2026-05-25 01:00:44,,183904,"POINT (  574716.536348330,   6139315.73985678)",LIBRES 1694 PDO 1694,0
2026-05-24,C_102,62,S,100,,S,Basura Afuera,58811,Nocturno,2026-05-25 01:00:52,,183905,"POINT (  574717.746780357,   6139314.98736317)",LIBRES 1694 PDO 1694,0
2026-05-24,C_102,63,S,25,,S,Basura Afuera,58811,Nocturno,2026-05-25 01:01:48,,134021,"POINT (  574838.638634535,   6139259.53983729)",LIBRES Esq. PORONGOS,0
2026-05-24,C_102,64,S,25,,S,,58811,Nocturno,2026-05-25 01:02:39,,134070,"POINT (  574898.007959535,   6139230.28538729)",LIBRES 1794 ANTES 1796,0
2026-05-24,C_102,65,S,100,,S,Basura Afuera,58811,Nocturno,2026-05-25 01:06:32,,145053,"POINT (  574819.524467813,   6139168.91776348)",DR JUAN J DE AMEZAGA 1721 FTE 1726,0
2026-05-24,C_102,66,S,75,,S,Basura Afuera,58811,Nocturno,2026-05-25 01:06:54,,145072,"POINT (  574817.146169783,   6139169.86908269)",DR JUAN J DE AMEZAGA 1721 FTE 1726,0
2026-05-24,C_102,67,S,50,,S,,58811,Nocturno,2026-05-25 01:18:42,,145092,"POINT (  574664.406310765,   6139087.15276109)",MARTIN GARCIA 1662 EN 1664,0
2026-05-24,C_102,68,S,50,,S,,58811,Nocturno,2026-05-25 01:19:11,,182038,"POINT (  574666.540290785,   6139086.30711593)",MARTIN GARCIA 1662,0
2026-05-24,C_102,69,S,50,,S,,58811,Nocturno,2026-05-25 01:19:19,,136912,"POINT (  574693.322330512,   6139074.64488985)",MARTIN GARCIA 1682,0
2026-05-24,C_102,70,S,25,,S,,58811,Nocturno,2026-05-25 01:19:03,,134010,"POINT (  574767.729110173,   6139039.47539832)",MARTIN GARCIA 1725 EN 1718. MURO,0
2026-05-24,C_102,71,S,25,,S,Basura Afuera,58811,Nocturno,2026-05-25 01:18:57,,134044,"POINT (  574787.729110173,   6139030.15336443)",MARTIN GARCIA 1732 ANTES ARBOL,0
2026-05-24,C_102,72,S,75,,S,Basura Afuera,58811,Nocturno,2026-05-25 01:10:20,,134045,"POINT (  574508.235434535,   6139079.49590604)",JOSE L TERRA 2151,0
2026-05-24,C_102,73,S,75,,S,Basura Afuera,58811,Nocturno,2026-05-25 01:10:31,,134074,"POINT (  574509.865407018,   6139082.04305343)",JOSE L TERRA 2151,0
2026-05-24,C_102,74,S,50,,S,Basura Afuera,58811,Nocturno,2026-05-25 01:24:14,,134001,"POINT (  574507.918220949,   6139047.08096728)",ISIDORO DE MARIA 1614,0
2026-05-24,C_102,75,S,50,,S,Basura Afuera,58811,Nocturno,2026-05-25 01:24:22,,181614,"POINT (  574511.703753731,   6139045.70939403)",ISIDORO DE MARIA 1614,0
2026-05-24,C_102,76,S,50,,S,Basura Afuera,58811,Nocturno,2026-05-25 01:26:11,,134000,"POINT (  574577.565279772,   6139016.37508493)",ISIDORO DE MARIA 1632 PDO 1632,0
2026-05-24,C_102,77,S,75,,S,,58811,Nocturno,2026-05-25 01:26:25,,134063,"POINT (  574581.565279772,   6139014.37508493)",ISIDORO DE MARIA 1636 PDO 1632,0
2026-05-24,C_102,78,S,75,,S,,58811,Nocturno,2026-05-25 01:26:34,,136892,"POINT (  574716.682926831,   6138950.25743787)",ISIDORO DE MARIA 1728 EN 1728/1732,0
2026-05-24,C_102,79,S,75,,S,Basura Afuera,58811,Nocturno,2026-05-25 01:28:14,,134046,"POINT (  574754.506456243,   6138932.37508493)",ISIDORO DE MARIA 1744 PDO CARTEL,0
2026-05-24,C_102,80,S,75,,S,Basura Afuera,58811,Nocturno,2026-05-25 01:33:04,,167972,"POINT (  574913.050378524,   6138949.54447484)",REPUBLICA 2210,0
2026-05-24,C_102,81,S,75,,S,,58811,Nocturno,2026-05-25 01:33:12,,177292,"POINT (  574911.807795480,   6138963.73105085)",REPUBLICA 2210,0
2026-05-24,C_102,82,S,75,,S,,58811,Nocturno,2026-05-25 01:35:37,,177291,"POINT (  574919.870408475,   6139041.99521243)",MARTIN GARCIA 1810,0
2026-05-24,C_102,83,S,75,,S,,58811,Nocturno,2026-05-25 01:35:48,,177274,"POINT (  575021.763611299,   6139053.10277853)",MARTIN GARCIA 1858,0
2026-05-24,C_102,84,S,50,,S,,58811,Nocturno,2026-05-25 01:38:24,,161497,"POINT (  575061.271162126,   6139057.66920257)",MARTIN GARCIA 1884 EN 1876,0
2026-05-24,C_102,85,S,25,,S,,58811,Nocturno,2026-05-25 01:39:27,,134048,"POINT (  575214.329985655,   6139073.66920257)",MARTIN GARCIA 1954,0
2026-05-24,C_102,86,S,100,,S,Basura Afuera,58811,Nocturno,2026-05-25 01:41:46,,181721,"POINT (  575288.763835294,   6139082.64688954)",MARTIN GARCIA 2000 PDO 1990,0
2026-05-24,C_102,87,S,50,,S,,58811,Nocturno,2026-05-25 01:43:47,,183746,"POINT (  575299.867480702,   6139044.04322105)",CONSTITUCION 2181,0
2026-05-24,C_102,88,S,50,,S,,58811,Nocturno,2026-05-25 01:43:57,,134028,"POINT (  575305.035868008,   6139007.55155551)",CONSTITUCION 2159 EN 2161,0
2026-05-24,C_102,89,S,50,,S,Basura Afuera,58811,Nocturno,2026-05-25 01:46:12,,161472,"POINT (  575225.825210958,   6138975.64099910)",NUEVA PALMIRA 1801,0
2026-05-24,C_102,90,S,50,,S,,58811,Nocturno,2026-05-25 01:47:10,,181723,"POINT (  575163.345522440,   6138968.04263137)",NUEVA PALMIRA 1771 EN 1771,0
2026-05-24,C_102,91,S,50,,S,Basura Afuera,58811,Nocturno,2026-05-25 01:49:15,,181836,"POINT (  575080.540432195,   6138959.48283265)",NUEVA PALMIRA 1735,0
2026-05-24,C_102,92,S,50,,S,Basura Afuera,58811,Nocturno,2026-05-25 01:51:08,,181724,"POINT (  575015.197374292,   6138963.24960305)",JUSTICIA 2202 FTE 2205,0
2026-05-24,C_102,93,S,50,,S,Basura Afuera,58811,Nocturno,2026-05-25 01:55:33,,134011,"POINT (  575073.329985655,   6139272.96332021)",INCA 2287 MURO,0
2026-05-24,C_102,94,S,50,,S,Basura Afuera,58811,Nocturno,2026-05-25 01:55:41,,144972,"POINT (  575075.271162126,   6139253.66920256)",INCA 2277,0
2026-05-24,C_102,95,S,75,,S,Basura Afuera,58811,Nocturno,2026-05-25 01:57:40,,134013,"POINT (  575090.890250398,   6139103.98795358)",INCA 2215 EN 2117/2115,0
2026-05-24,C_102,96,S,50,,S,Basura Afuera,58811,Nocturno,2026-05-25 02:00:16,,134015,"POINT (  575193.791095017,   6139177.83362711)",DEMOCRACIA 2284 EN 2282/2284. MEDIANERA,0
2026-05-24,C_102,97,S,75,,S,Basura Afuera,58811,Nocturno,2026-05-25 02:04:36,,183015,"POINT (  575184.756312994,   6139264.10899153)",DEMOCRACIA 2310 EN 2310,0
2026-05-24,C_102,98,S,75,,S,,58811,Nocturno,2026-05-25 02:04:46,,134049,"POINT (  575184.333437108,   6139266.63943192)",DEMOCRACIA 2310 PDO REBAJE,0
2026-05-24,C_102,99,S,50,,S,,58811,Nocturno,2026-05-25 02:07:22,,181040,"POINT (  575171.242643355,   6139403.89462026)",DEMOCRACIA 2388 MURO. ESQ,0
2026-05-24,C_102,100,S,50,,S,,58811,Nocturno,2026-05-25 02:07:41,,181039,"POINT (  575171.079244662,   6139404.76607995)",DEMOCRACIA 2388 MURO. ESQ,0
2026-05-24,C_102,101,S,75,,S,Basura Afuera,58811,Nocturno,2026-05-25 02:13:04,,181615,"POINT (  575157.861986567,   6139523.98983731)",DEMOCRACIA 2444,0
2026-05-24,C_102,102,S,50,,S,,58811,Nocturno,2026-05-25 02:13:19,,134033,"POINT (  575157.624103302,   6139525.90449668)",DEMOCRACIA 2444 PDO 2444,0
2026-05-24,C_102,103,S,75,,S,Basura Afuera,58811,Nocturno,2026-05-25 02:13:33,,134034,"POINT (  575153.388809185,   6139566.72802609)",DEMOCRACIA 2452 ARBOL/COLUMNA,0
2026-05-24,C_102,104,S,50,,S,Basura Afuera,58811,Nocturno,2026-05-25 02:16:15,,134035,"POINT (  575144.447632714,   6139647.55155550)",DEMOCRACIA 2490,0
2026-05-24,C_102,105,S,50,,S,Basura Afuera,58811,Nocturno,2026-05-25 02:18:54,,181571,"POINT (  575230.366110458,   6139669.17920872)",CONSTITUCION 2443 FTE 2448,0
2026-05-24,C_102,106,S,50,,S,Basura Afuera,58811,Nocturno,2026-05-25 02:23:47,,181722,"POINT (  575240.934727451,   6139582.08168802)",CONSTITUCION 2407 PDO 2407,0
2026-05-24,C_102,107,S,50,,S,,58811,Nocturno,2026-05-25 02:23:54,,134031,"POINT (  575245.407167448,   6139543.40312980)",CONSTITUCION 2393,0
2026-05-24,C_102,108,S,50,,S,,58811,Nocturno,2026-05-25 02:24:05,,134032,"POINT (  575250.905786848,   6139503.31642062)",CONSTITUCION 2377,0
2026-05-24,C_102,109,S,75,,S,Basura Afuera,58811,Nocturno,2026-05-24 23:43:13,,134029,"POINT (  575262.212338597,   6139398.02214374)",CONSTITUCION 2341 BIS,0
2026-05-24,C_102,110,S,75,,S,Basura Afuera,58811,Nocturno,2026-05-24 23:45:46,,183014,"POINT (  575273.606607910,   6139314.19680622)",CONSTITUCION 2307 EN 2303/2307,0
2026-05-24,C_102,111,S,75,,S,Basura Afuera,58811,Nocturno,2026-05-24 23:45:56,,183747,"POINT (  575279.801691228,   6139226.00594035)",CONSTITUCION 2267,0
2026-05-24,C_102,112,N,,Contenedor No Está,S,,58811,Nocturno,2026-05-24 23:46:05,,183748,"POINT (  575280.130638596,   6139225.12874737)",CONSTITUCION 2261,0
2026-05-24,C_103,1,S,50,,S,,58813,Nocturno,2026-05-24 23:01:41,,180439,"POINT (  576029.706111281,   6140138.37859805)",COLORADO 2310 FTE 2303,0
2026-05-24,C_103,2,S,50,,S,,58813,Nocturno,2026-05-24 23:01:56,,183016,"POINT (  576032.599528249,   6140138.56252881)",COLORADO 2310,0
2026-05-24,C_103,3,S,75,,S,,58813,Nocturno,2026-05-24 23:04:56,,134166,"POINT (  576132.576214705,   6140111.20617390)",BV GRAL ARTIGAS Esq. COLORADO VIVIENDAS,0
2026-05-24,C_103,4,S,50,,S,,58813,Nocturno,2026-05-24 23:05:04,,134165,"POINT (  576137.186673464,   6140055.16161735)",BV GRAL ARTIGAS 2445 VIVIENDAS,0
2026-05-24,C_103,5,S,75,,S,,58813,Nocturno,2026-05-24 23:08:14,,169132,"POINT (  576184.863361751,   6139468.35257479)",BV GRAL ARTIGAS 2339,0
2026-05-24,C_103,6,N,,"Contenedor Roto (choque, desfonde, etc.)",S,,58813,Nocturno,2026-05-24 23:10:36,,179257,"POINT (  576187.614647930,   6139397.02735011)",BV GRAL ARTIGAS 2301 EN 2301,0
2026-05-24,C_103,7,S,100,,S,,58813,Nocturno,2026-05-24 23:17:42,,176329,"POINT (  576073.753211044,   6139524.04851037)",DR DUVIMIOSO TERRA 2312,0
2026-05-24,C_103,8,S,75,,S,,58813,Nocturno,2026-05-24 23:17:48,,165252,"POINT (  576072.983412210,   6139538.82864799)",DR DUVIMIOSO TERRA 2318 FTE 2323,0
2026-05-24,C_103,9,S,100,,S,,58813,Nocturno,2026-05-24 23:22:52,,134122,"POINT (  575954.261518932,   6139490.61665343)",DR JUAN J DE AMEZAGA 2245 EN 2243,0
2026-05-24,C_103,10,S,100,,S,,58813,Nocturno,2026-05-24 23:22:58,,139553,"POINT (  575914.857721605,   6139488.35205747)",DR JUAN J DE AMEZAGA 2227,0
2026-05-24,C_103,11,S,100,,S,,58813,Nocturno,2026-05-24 23:29:02,,171712,"POINT (  575827.879463403,   6139483.63407157)",DR JUAN J DE AMEZAGA 2195,0
2026-05-24,C_103,12,S,50,,S,,58813,Nocturno,2026-05-24 23:28:57,,170312,"POINT (  575708.607336036,   6139475.00173326)",DR JUAN J DE AMEZAGA 2149,0
2026-05-24,C_103,13,S,75,,S,,58813,Nocturno,2026-05-24 23:28:50,,169112,"POINT (  575699.472681474,   6139472.65681965)",DR JUAN J DE AMEZAGA 2143 SUBESTACIÓN,0
2026-05-24,C_103,14,S,100,,S,,58813,Nocturno,2026-05-24 23:32:05,,134156,"POINT (  575601.253794402,   6139448.37283805)",DR JUAN J DE AMEZAGA 2097,0
2026-05-24,C_103,15,S,100,,S,,58813,Nocturno,2026-05-24 23:32:01,,137333,"POINT (  575547.343016030,   6139430.38778054)",DR JUAN J DE AMEZAGA 2071,0
2026-05-24,C_103,16,S,100,,S,,58813,Nocturno,2026-05-24 23:34:41,,134159,"POINT (  575477.450137458,   6139358.44788452)",DR MARTIN C MARTINEZ 2373,0
2026-05-24,C_103,17,S,100,,S,,58813,Nocturno,2026-05-24 23:37:20,,134160,"POINT (  575497.404823884,   6139331.82974148)",CAGANCHA 2054 ARBOL/ARBOL,0
2026-05-24,C_103,18,S,100,,S,,58813,Nocturno,2026-05-24 23:45:45,,134097,"POINT (  575605.099680788,   6139338.45001145)",CAGANCHA 2098,0
2026-05-24,C_103,19,S,100,,S,,58813,Nocturno,2026-05-24 23:45:40,,183018,"POINT (  575655.028787006,   6139343.94585141)",CAGANCHA 2110 EN 2110/2114,0
2026-05-24,C_103,20,S,100,,S,,58813,Nocturno,2026-05-24 23:45:35,,134098,"POINT (  575717.490310580,   6139346.30195956)",CAGANCHA 2144 MURO,0
2026-05-24,C_103,21,S,100,,S,,58813,Nocturno,2026-05-24 23:45:30,,142873,"POINT (  575755.565955829,   6139347.77381508)",CAGANCHA 2156,0
2026-05-24,C_103,22,S,100,,S,Basura Afuera,58813,Nocturno,2026-05-24 23:50:24,,176511,"POINT (  575875.409760784,   6139356.36327255)",CAGANCHA 2202 ARBOL/ARBOL,0
2026-05-24,C_103,23,S,100,,S,Basura Afuera,58813,Nocturno,2026-05-24 23:50:31,,134095,"POINT (  575887.076993752,   6139356.92518347)",CAGANCHA 2210 EN 2212,0
2026-05-24,C_103,24,S,100,,S,,58813,Nocturno,2026-05-24 23:51:54,,134113,"POINT (  576034.955349800,   6139366.16276948)",CAGANCHA 2276 EN 2278,0
2026-05-24,C_103,25,S,100,,S,Basura Afuera,58813,Nocturno,2026-05-24 23:56:52,,134130,"POINT (  576095.615497935,   6139369.85780389)",CAGANCHA 2304 PDO COLUMNA. MURO C/REJAS,0
2026-05-24,C_103,26,S,75,,S,,58813,Nocturno,2026-05-24 23:58:13,,134129,"POINT (  576172.980280771,   6139375.40035549)",CAGANCHA 2348,0
2026-05-24,C_103,27,S,75,,S,,58813,Nocturno,2026-05-24 23:11:39,,134162,"POINT (  576196.013254452,   6139327.28784249)",BV GRAL ARTIGAS 2275 VEREDA. EN 2277,0
2026-05-24,C_103,28,S,100,,S,,58813,Nocturno,2026-05-24 23:12:43,,180390,"POINT (  576189.143124801,   6139278.85415085)",COQUIMBO 2347 ESQ,0
2026-05-24,C_103,29,S,100,,S,,58813,Nocturno,2026-05-25 00:03:45,,181854,"POINT (  576067.957197386,   6139268.41805861)",COQUIMBO 2289,0
2026-05-24,C_103,30,S,100,,S,,58813,Nocturno,2026-05-25 00:03:50,,176510,"POINT (  576053.206980392,   6139266.94016667)",COQUIMBO 2279,0
2026-05-24,C_103,31,S,100,,S,Basura Afuera,58813,Nocturno,2026-05-25 00:06:48,,176565,"POINT (  575969.875252716,   6139260.91035336)",COQUIMBO 2241,0
2026-05-24,C_103,32,S,100,,S,Basura Afuera,58813,Nocturno,2026-05-25 00:09:15,,134171,"POINT (  575913.201126057,   6139256.56466785)",COQUIMBO 2219,0
2026-05-24,C_103,33,S,100,,S,Basura Afuera,58813,Nocturno,2026-05-25 00:11:47,,134170,"POINT (  575810.488288557,   6139248.91450535)",COQUIMBO 2179 CASA CON RETIRO.,0
2026-05-24,C_103,34,S,100,,S,,58813,Nocturno,2026-05-25 00:18:33,,134132,"POINT (  575725.333201057,   6139240.76269285)",COQUIMBO 2143 EN 2145,0
2026-05-24,C_103,35,S,75,,S,,58813,Nocturno,2026-05-25 00:18:37,,181901,"POINT (  575662.831364924,   6139237.59784946)",COQUIMBO 2109,0
2026-05-24,C_103,36,S,100,,S,,58813,Nocturno,2026-05-25 00:18:28,,134131,"POINT (  575615.346438557,   6139231.35675535)",COQUIMBO 2099,0
2026-05-24,C_103,37,S,100,,S,Basura Afuera,58813,Nocturno,2026-05-25 00:24:38,,134100,"POINT (  575509.498288557,   6139220.32045535)",COQUIMBO 2051,0
2026-05-24,C_103,38,S,100,,S,Basura Afuera,58813,Nocturno,2026-05-25 00:26:14,,179065,"POINT (  575495.136851412,   6139155.73578136)",DR MARTIN C MARTINEZ 2275,0
2026-05-24,C_103,39,N,,Contenedor No Está,N,,58813,Nocturno,2026-05-25 00:31:20,,177493,"POINT (  575531.012557627,   6139107.48719379)",MARTIN GARCIA 2116,0
2026-05-24,C_103,40,S,100,,S,,58813,Nocturno,2026-05-25 00:31:07,,134173,"POINT (  575620.990001057,   6139117.48220535)",MARTIN GARCIA 2148,0
2026-05-24,C_103,41,S,100,,S,,58813,Nocturno,2026-05-25 00:31:02,,181902,"POINT (  575624.043332026,   6139117.81739368)",MARTIN GARCIA 2148,0
2026-05-24,C_103,42,S,100,,S,,58813,Nocturno,2026-05-25 00:32:36,,183019,"POINT (  575684.825828249,   6139123.37349661)",MARTIN GARCIA 2168,0
2026-05-24,C_103,43,S,100,,S,Basura Afuera,58813,Nocturno,2026-05-25 00:36:12,,134101,"POINT (  575778.257276057,   6139131.02675535)",MARTIN GARCIA 2206,0
2026-05-24,C_103,44,S,100,,S,Basura Afuera,58813,Nocturno,2026-05-25 00:53:34,,134120,"POINT (  575856.514676057,   6139136.41949285)",MARTIN GARCIA 2242,0
2026-05-24,C_103,45,S,100,,S,Basura Afuera,58813,Nocturno,2026-05-25 02:03:42,,134118,"POINT (  575912.950301057,   6139140.80893035)",MARTIN GARCIA 2268 EN 2266/2268,0
2026-05-24,C_103,46,S,100,,S,,58813,Nocturno,2026-05-25 02:10:54,,177447,"POINT (  575980.521063277,   6139144.09684577)",MARTIN GARCIA 2294,0
2026-05-24,C_103,47,S,100,,S,,58813,Nocturno,2026-05-25 02:11:14,,183017,"POINT (  576040.751950848,   6139152.48534012)",MARTIN GARCIA 2318 EN 2320,0
2026-05-24,C_103,48,S,100,,S,,58813,Nocturno,2026-05-25 02:11:07,,177446,"POINT (  576079.843097175,   6139152.91040509)",MARTIN GARCIA 2344,0
2026-05-24,C_103,49,S,100,,S,,58813,Nocturno,2026-05-25 02:14:28,,183979,"POINT (  576211.646784615,   6139121.59542663)",BV GRAL ARTIGAS 2179,0
2026-05-24,C_103,50,S,100,,S,,58813,Nocturno,2026-05-25 02:16:52,,134178,"POINT (  576205.773711107,   6139061.01451161)",NUEVA PALMIRA 2246 PDO CORDON ROJO,0
2026-05-24,C_103,51,S,75,,S,,58813,Nocturno,2026-05-25 02:21:17,,181837,"POINT (  576030.028486803,   6139042.07668931)",NUEVA PALMIRA 2151 EN 2159,0
2026-05-24,C_103,52,S,75,,S,,58813,Nocturno,2026-05-25 02:21:12,,173272,"POINT (  576027.180381575,   6139041.46162122)",NUEVA PALMIRA 2151 EN 2159,0
2026-05-24,C_103,53,S,100,,S,,58813,Nocturno,2026-05-25 02:23:20,,134135,"POINT (  575934.270426057,   6139029.81886785)",NUEVA PALMIRA 2117 EN 2117/2119,0
2026-05-24,C_103,54,S,100,,S,,58813,Nocturno,2026-05-25 02:27:34,,181794,"POINT (  575798.391958170,   6139013.34326013)",NUEVA PALMIRA 2055,0
2026-05-24,C_103,55,S,100,,S,,58813,Nocturno,2026-05-25 02:32:39,,134176,"POINT (  575704.765551057,   6139007.37003035)",NUEVA PALMIRA 2021,0
2026-05-24,C_103,56,S,100,,S,,58813,Nocturno,2026-05-25 02:36:25,,142852,"POINT (  575596.208504252,   6139002.16339074)",NUEVA PALMIRA 1973 EN 1975,0
2026-05-24,C_103,57,S,100,,S,Basura Afuera,58813,Nocturno,2026-05-25 02:40:46,,134103,"POINT (  575540.349763557,   6139000.22151785)",NUEVA PALMIRA 1957 PDO ARBOL,0
2026-05-24,C_103,58,S,100,,S,,58813,Nocturno,2026-05-25 02:50:19,,183020,"POINT (  575506.571879661,   6139045.56047740)",DR MARTIN C MARTINEZ 2225,0
2026-05-24,C_103,59,S,100,,S,,58813,Nocturno,2026-05-25 02:43:30,,134180,"POINT (  575447.795338557,   6138995.95749285)",NUEVA PALMIRA 1913 MURO. CLUB DE BOCHAS,0
2026-05-24,C_103,60,S,100,,S,Basura Afuera,58813,Nocturno,2026-05-25 02:48:40,,134102,"POINT (  575409.920763557,   6139066.18849285)",DEFENSA 2188 EN 2190,0
2026-05-24,C_103,61,S,100,,S,Basura Afuera,58813,Nocturno,2026-05-25 02:48:30,,181903,"POINT (  575409.474497604,   6139071.21142985)",DEFENSA 2188,0
2026-05-24,C_103,62,S,100,,S,,58813,Nocturno,2026-05-25 02:59:06,,155952,"POINT (  575397.047784863,   6139186.17653927)",DEFENSA 2246 FTE 2249,0
2026-05-24,C_103,63,S,100,,S,,58813,Nocturno,2026-05-25 02:59:02,,134107,"POINT (  575390.858063557,   6139230.85510535)",DEFENSA 2260,0
2026-05-24,C_103,64,S,100,,S,,58813,Nocturno,2026-05-25 03:00:25,,134105,"POINT (  575382.330013557,   6139299.33033035)",DEFENSA 2280,0
2026-05-24,C_103,65,S,100,,S,,58813,Nocturno,2026-05-25 03:03:05,,134142,"POINT (  575371.669951057,   6139402.79564285)",DEFENSA 2326,0
2026-05-24,C_103,66,S,100,,S,,58813,Nocturno,2026-05-25 03:07:08,,134106,"POINT (  575366.528038557,   6139450.32698035)",DEFENSA 2352 EN 2354,0
2026-05-24,C_103,67,S,75,,S,,58813,Nocturno,2026-05-25 03:06:53,,134144,"POINT (  575360.633651057,   6139501.74610535)",DEFENSA 2370,0
2026-05-24,C_103,68,S,100,,S,,58813,Nocturno,2026-05-25 03:10:09,,134143,"POINT (  575348.217813557,   6139602.20151785)",DEFENSA 2408 EN 2408/2410,0
2026-05-24,C_103,69,S,100,,S,Basura Afuera,58813,Nocturno,2026-05-25 03:18:30,,134146,"POINT (  575340.880534375,   6139670.86352812)",DEFENSA 2442 ANTES 2448,0
2026-05-24,C_103,70,S,100,,S,Basura Afuera,58813,Nocturno,2026-05-25 03:18:24,,134145,"POINT (  575334.605940625,   6139734.02777187)",DEFENSA 2462 MURO LADRILLOS,0
2026-05-24,C_103,71,S,100,,S,Basura Afuera,58813,Nocturno,2026-05-25 03:18:17,,173332,"POINT (  575326.490128050,   6139814.86941389)",DEFENSA 2494 EN 2490,0
2026-05-24,C_103,72,S,100,,S,,58813,Nocturno,2026-05-25 03:21:25,,180492,"POINT (  575319.455321502,   6139872.99615154)",DEFENSA 2532,0
2026-05-24,C_103,73,S,100,,S,Basura Afuera,58813,Nocturno,2026-05-25 03:26:31,,180671,"POINT (  575313.763990322,   6139917.68227420)",DEFENSA 2556 EN 2556,0
2026-05-24,C_103,74,S,100,,S,Basura Afuera,58813,Nocturno,2026-05-25 03:26:22,,134448,"POINT (  575316.886997266,   6139991.00848319)",VILARDEBO 2002 EN 2012. PDO ARBOL,0
2026-05-24,C_103,75,S,100,,S,,58813,Nocturno,2026-05-25 03:29:21,,143632,"POINT (  575521.212195292,   6140008.96959392)",VILARDEBO 2084,0
2026-05-24,C_103,76,S,75,,S,,58813,Nocturno,2026-05-25 03:31:04,,182111,"POINT (  575522.603739249,   6140009.02778339)",VILARDEBO 2084,0
2026-05-24,C_103,77,S,100,,S,,58813,Nocturno,2026-05-25 03:33:57,,143872,"POINT (  575634.525669376,   6140016.87684825)",VILARDEBO 2130,0
2026-05-24,C_103,78,,,,S,,58813,Nocturno,,,137412,"POINT (  575706.251247600,   6140023.80191353)",VILARDEBO 2158,0
2026-05-24,C_103,79,,,,S,,58813,Nocturno,,,134436,"POINT (  575777.573109588,   6140029.53691486)",VILARDEBO 2198,0
2026-05-24,C_103,80,,,,S,,58813,Nocturno,,,134435,"POINT (  575881.726891854,   6140039.15940029)",CIRC INT PSJE A Esq. VILARDEBO EN 2240. MURO,0
2026-05-24,C_103,81,,,,S,,58813,Nocturno,,,134447,"POINT (  575883.805348707,   6140039.39033994)",CIRC INT PSJE A 2555 EN 2240. MURO,0
2026-05-24,C_103,82,,,,S,,58813,Nocturno,,,134182,"POINT (  575923.449988667,   6139969.41562591)",AURELIANO RODRIGUEZ LARRETA Esq. GUADALUPE COLUMNA/ARBOL,0
2026-05-24,C_103,83,,,,S,,58813,Nocturno,,,134186,"POINT (  575884.678659377,   6139956.14839062)",CIRC INT PSJE A Esq. GUADALUPE SALIDA VIVIENDAS. MURO,0
2026-05-24,C_103,84,,,,S,,58813,Nocturno,,,137012,"POINT (  575772.011142920,   6139947.94648976)",GUADALUPE 2187 EN 2189,0
2026-05-24,C_103,85,,,,S,,58813,Nocturno,,,149552,"POINT (  575751.476929109,   6139946.24468100)",GUADALUPE 2173,0
2026-05-24,C_103,86,,,,S,,58813,Nocturno,,,134187,"POINT (  575609.679983850,   6139934.73618843)",GUADALUPE 2115 EN 2119,0
2026-05-24,C_103,87,,,,S,,58813,Nocturno,,,134189,"POINT (  575556.099100000,   6139931.05001562)",GUADALUPE 2097,0
2026-05-24,C_103,88,,,,S,,58813,Nocturno,,,182122,"POINT (  575455.285551536,   6139923.01035586)",GUADALUPE 2057,0
2026-05-24,C_103,89,,,,S,,58813,Nocturno,,,134188,"POINT (  575450.476771875,   6139922.68389062)",GUADALUPE 2057,0
2026-05-24,C_103,90,,,,S,,58813,Nocturno,,,134138,"POINT (  575451.139913948,   6139823.50025689)",RIVADAVIA 2058 ARBOL/ARBOL,0
2026-05-24,C_103,91,,,,S,,58813,Nocturno,,,134136,"POINT (  575567.687457445,   6139826.96435164)",RIVADAVIA 2094 MURO,0
2026-05-24,C_103,92,,,,S,,58813,Nocturno,,,134110,"POINT (  575611.733831250,   6139828.14667813)",RIVADAVIA 2114 MURO,0
2026-05-24,C_103,93,,,,S,,58813,Nocturno,,,179260,"POINT (  575668.295726362,   6139828.56568170)",RIVADAVIA 2142,0
2026-05-24,C_103,94,,,,S,,58813,Nocturno,,,177382,"POINT (  575690.085472086,   6139812.18421401)",JUAN PAULLIER 2497,0
2026-05-24,C_103,95,,,,S,,58813,Nocturno,,,143233,"POINT (  575828.649262236,   6139747.13621252)",CUFRE 2468,0
2026-05-24,C_103,96,,,,S,,58813,Nocturno,,,181851,"POINT (  575823.095333987,   6139814.05120893)",CUFRE 2496 FTE 2493,0
2026-05-24,C_103,97,,,,S,,58813,Nocturno,,,155333,"POINT (  575815.562682055,   6139879.38765223)",CUFRE 2516 EN 2516/2518,0
2026-05-24,C_103,98,,,,S,,58813,Nocturno,,,134111,"POINT (  575440.646575000,   6139748.25018438)",DR MARTIN C MARTINEZ 2567 EN 2569,0
2026-05-24,C_103,99,,,,S,,58813,Nocturno,,,134190,"POINT (  575473.901921875,   6139700.35411875)",ISLA DE GORRITI 2056,0
2026-05-24,C_103,100,,,,S,,58813,Nocturno,,,134141,"POINT (  575562.792000000,   6139702.44565000)",ISLA DE GORRITI 2094,0
2026-05-24,C_103,101,,,,S,,58813,Nocturno,,,176571,"POINT (  575669.608823092,   6139704.33539736)",ISLA DE GORRITI 2138,0
2026-05-24,C_103,102,,,,S,,58813,Nocturno,,,150877,"POINT (  575724.957359270,   6139706.18291456)",ISLA DE GORRITI 2154 EN 2160,0
2026-05-24,C_103,103,,,,S,,58813,Nocturno,,,140633,"POINT (  575949.507679204,   6139685.16740639)",ACEVEDO DIAZ 2389 EN 2391,0
2026-05-24,C_103,104,,,,S,,58813,Nocturno,,,140772,"POINT (  575953.763649238,   6139621.07526100)",ACEVEDO DIAZ 2361,0
2026-05-24,C_103,105,,,,S,,58813,Nocturno,,,182137,"POINT (  575961.298852941,   6139573.35451220)",ACEVEDO DIAZ 2347 EN 2347/2343,0
2026-05-24,C_103,106,,,,S,,58813,Nocturno,,,182136,"POINT (  575966.353319172,   6139508.16932702)",ACEVEDO DIAZ 2311 EN 2311/2307,0
2026-05-24,C_103,107,,,,S,,58813,Nocturno,,,134117,"POINT (  575824.107449114,   6139591.63684803)",DR DOMINGO ARAMBURU 2143 ARBOL/ARBOL,0
2026-05-24,C_103,108,,,,S,,58813,Nocturno,,,181904,"POINT (  575821.930134641,   6139591.59322615)",DR DOMINGO ARAMBURU 2143,0
2026-05-24,C_103,109,,,,S,,58813,Nocturno,,,134192,"POINT (  575733.390481606,   6139588.30192466)",DR DOMINGO ARAMBURU 2109 ARBOL/ARBOL,0
2026-05-24,C_103,110,,,,S,,58813,Nocturno,,,136779,"POINT (  575681.309765371,   6139586.17127631)",DR DOMINGO ARAMBURU 2081 EN 2091,0
2026-05-24,C_103,111,,,,S,,58813,Nocturno,,,134153,"POINT (  575627.577806745,   6139584.16979934)",DR DOMINGO ARAMBURU 2057 EN 2059. ANTES ARBOL,0
2026-05-24,C_103,112,,,,S,,58813,Nocturno,,,134152,"POINT (  575549.802721189,   6139581.43995591)",DR DOMINGO ARAMBURU 2031 EN 2031A,0
2026-05-24,C_103,113,,,,S,,58813,Nocturno,,,175730,"POINT (  575478.390792678,   6139579.78194598)",DR DOMINGO ARAMBURU 2001 EN 2007,0
2026-05-24,C_103,114,,,,S,,58813,Nocturno,,,176240,"POINT (  575460.762399375,   6139530.82274013)",DR MARTIN C MARTINEZ 2477,0
2026-05-24,C_103,115,,,,S,,58813,Nocturno,,,176570,"POINT (  575471.116193695,   6139427.01536734)",DR MARTIN C MARTINEZ 2409 EN 2409B,0
2026-05-24,C_103,116,,,,S,,58813,Nocturno,,,181900,"POINT (  575471.295976689,   6139425.39423421)",DR MARTIN C MARTINEZ 2409,0
2026-05-24,B_102,1,,,,S,,58814,Nocturno,,,182857,"POINT (  574628.844509442,   6138405.68630478)",BATOVI 2097,0
2026-05-24,B_102,2,,,,S,,58814,Nocturno,,,182858,"POINT (  574653.645419568,   6138360.29381331)",BATOVI 2075,0
2026-05-24,B_102,3,,,,S,,58814,Nocturno,,,183567,"POINT (  574654.957591939,   6138358.38718584)",BATOVI 2075,0
2026-05-24,B_102,4,,,,S,,58814,Nocturno,,,182859,"POINT (  574719.913906485,   6138303.75228885)",ESTRELLA DEL NORTE 1800,0
2026-05-24,B_102,5,,,,N,,58814,Nocturno,,,183509,"POINT (  574813.017460062,   6138348.27725627)",ARENAL GRANDE 1939,0
2026-05-24,B_102,6,,,,S,,58814,Nocturno,,,181511,"POINT (  574739.020204778,   6138446.57246701)",PROF CARLOS BACIGALUPI 2086 EN 2090,0
2026-05-24,B_102,7,,,,S,,58814,Nocturno,,,181523,"POINT (  574718.958378157,   6138491.58744277)",PROF CARLOS BACIGALUPI 2102,0
2026-05-24,B_102,8,,,,S,,58814,Nocturno,,,181512,"POINT (  574705.231808874,   6138519.83754096)",PROF CARLOS BACIGALUPI 2126,0
2026-05-24,B_102,9,,,,S,,58814,Nocturno,,,178985,"POINT (  574685.268864440,   6138563.39935167)",PROF CARLOS BACIGALUPI 2145 FTE 2145. MURO LADRILLOS. PROV OP (O: PROF CARLOS BACIGALUPI 2158),0
2026-05-24,B_102,10,,,,S,,58814,Nocturno,,,181509,"POINT (  574673.604960182,   6138594.24027133)",PROF CARLOS BACIGALUPI 2158,0
2026-05-24,B_102,11,,,,S,,58814,Nocturno,,,181508,"POINT (  574622.013357679,   6138707.65539397)",PROF CARLOS BACIGALUPI 2244,0
2026-05-24,B_102,12,,,,S,,58814,Nocturno,,,139278,"POINT (  574619.317934870,   6138712.78695249)",PROF CARLOS BACIGALUPI 2244,0
2026-05-24,B_102,13,,,,S,,58814,Nocturno,,,139281,"POINT (  574657.789763666,   6138736.67154620)",HOCQUART 1570 VEREDA. FTE 1575,0
2026-05-24,B_102,14,,,,S,,58814,Nocturno,,,139280,"POINT (  574758.618014968,   6138765.36511851)",HOCQUART 1632 EN 1634,0
2026-05-24,B_102,15,,,,S,,58814,Nocturno,,,139237,"POINT (  574877.560085662,   6138796.14258155)",HOCQUART 1684 PANADERIA,0
2026-05-24,B_102,16,,,,S,,58814,Nocturno,,,139238,"POINT (  574965.042754817,   6138827.65767156)",HOCQUART 1724 VENTANAS,0
2026-05-24,B_102,17,,,,S,,58814,Nocturno,,,140672,"POINT (  575048.599424517,   6138850.96493759)",HOCQUART 1762 EN 1760,0
2026-05-24,B_102,18,,,,S,,58814,Nocturno,,,139264,"POINT (  575146.061390800,   6138860.74319407)",HOCQUART 1810,0
2026-05-24,B_102,19,,,,S,,58814,Nocturno,,,139198,"POINT (  575192.548183929,   6138865.07127481)",HOCQUART 1842,0
2026-05-24,B_102,20,,,,S,,58814,Nocturno,,,181835,"POINT (  575252.212787144,   6138871.65575643)",HOCQUART 1864,0
2026-05-24,B_102,21,,,,S,,58814,Nocturno,,,139239,"POINT (  575255.225205008,   6138872.60534128)",HOCQUART 1864 FABRICA,0
2026-05-24,B_102,22,,,,S,,58814,Nocturno,,,139224,"POINT (  575349.481185558,   6138883.18509420)",HOCQUART 1910,0
2026-05-24,B_102,23,,,,S,,58814,Nocturno,,,181519,"POINT (  575464.348744937,   6138890.84376394)",HOCQUART 1970,0
2026-05-24,B_102,24,,,,S,,58814,Nocturno,,,179105,"POINT (  575486.103956893,   6138891.68084101)",HOCQUART 1980 PDO COLUMNA. TALLER,0
2026-05-24,B_102,25,,,,S,,58814,Nocturno,,,181525,"POINT (  575549.186656996,   6138895.10155471)",HOCQUART 2006,0
2026-05-24,B_102,26,,,,S,,58814,Nocturno,,,139202,"POINT (  575604.677649905,   6138895.84873784)",HOCQUART 2032 EN 2032,0
2026-05-24,B_102,27,,,,S,,58814,Nocturno,,,139201,"POINT (  575691.880461842,   6138899.37532215)",HOCQUART 2056 EN 2054/2056,0
2026-05-24,B_102,28,,,,S,,58814,Nocturno,,,181518,"POINT (  575708.717345620,   6138901.53773436)",HOCQUART 2062,0
2026-05-24,B_102,29,,,,S,,58814,Nocturno,,,139242,"POINT (  575791.907216711,   6138911.39776865)",HOCQUART 2102 ANTES 2106,0
2026-05-24,B_102,30,,,,S,,58814,Nocturno,,,139243,"POINT (  575859.232917104,   6138917.97003940)",HOCQUART 2132,0
2026-05-24,B_102,31,,,,S,,58814,Nocturno,,,139199,"POINT (  575937.298669702,   6138926.78650017)",HOCQUART 2160 EN 2162,0
2026-05-24,B_102,32,,,,S,,58814,Nocturno,,,139200,"POINT (  576000.937486502,   6138933.99996807)",HOCQUART 2196 VEREDA. ESQ. ALEJADO BOCA TORMENTA,0
2026-05-24,B_102,33,,,,N,,58814,Nocturno,,,181838,"POINT (  576079.289010125,   6138942.64551752)",HOCQUART 2238 EN 2236,0
2026-05-24,B_102,34,,,,S,,58814,Nocturno,,,139241,"POINT (  576213.200649238,   6138957.48565185)",HOCQUART 2290,0
2026-05-24,B_102,35,,,,S,,58814,Nocturno,,,178724,"POINT (  576225.997684951,   6138949.94974710)",BV GRAL ARTIGAS 2087 2095/2097,0
2026-05-24,B_102,36,,,,S,,58814,Nocturno,,,180345,"POINT (  576238.255046758,   6138801.83414198)",BV GRAL ARTIGAS 2025,0
2026-05-24,B_102,37,,,,S,,58814,Nocturno,,,180882,"POINT (  576238.368812401,   6138799.21753220)",BV GRAL ARTIGAS 2025,0
2026-05-24,B_102,38,,,,S,,58814,Nocturno,,,139209,"POINT (  576198.687771957,   6138769.58565034)",NICARAGUA 2429 VENTANA. ARBOL/ARBOL,0
2026-05-24,B_102,39,,,,S,,58814,Nocturno,,,182290,"POINT (  576028.349182821,   6138750.19943629)",NICARAGUA 2341 PROV OV(O: NICARAGUA 2367),0
2026-05-24,B_102,40,,,,S,,58814,Nocturno,,,181210,"POINT (  575999.451991127,   6138746.22263652)",NICARAGUA 2331,0
2026-05-24,B_102,41,,,,S,,58814,Nocturno,,,139225,"POINT (  575901.712228066,   6138738.03409015)",NICARAGUA 2297,0
2026-05-24,B_102,42,,,,S,,58814,Nocturno,,,139267,"POINT (  575786.296741678,   6138727.37418759)",NICARAGUA Esq. JUAN PAULLIER,0
2026-05-24,B_102,43,,,,S,,58814,Nocturno,,,182936,"POINT (  575781.239961128,   6138725.55247448)",NICARAGUA 2250,0
2026-05-24,B_102,44,,,,S,,58814,Nocturno,,,155492,"POINT (  575715.604756266,   6138720.56146791)",NICARAGUA 2215 EN 2215/2219,0
2026-05-24,B_102,45,,,,S,,58814,Nocturno,,,144172,"POINT (  575578.869464754,   6138706.29483139)",NICARAGUA 2163 EN 2161,0
2026-05-24,B_102,46,,,,S,,58814,Nocturno,,,181536,"POINT (  575476.573753356,   6138696.05339636)",NICARAGUA 2109,0
2026-05-24,B_102,47,,,,S,,58814,Nocturno,,,139265,"POINT (  575475.100109332,   6138696.09627835)",NICARAGUA 2109 COLUMNA/ARBOL,0
2026-05-24,B_102,48,,,,S,,58814,Nocturno,,,139269,"POINT (  575400.456358713,   6138690.42520202)",NICARAGUA 2077 EN 2079/2075,0
2026-05-24,B_102,49,,,,S,,58814,Nocturno,,,139268,"POINT (  575298.314487213,   6138679.13719251)",NICARAGUA 2031 EN 2031/2021. COLUMNA/ARBOL,0
2026-05-24,B_102,50,,,,S,,58814,Nocturno,,,144153,"POINT (  575085.869008663,   6138659.32714040)",NICARAGUA 1925,0
2026-05-24,B_102,51,,,,S,,58814,Nocturno,,,183914,"POINT (  575083.779811085,   6138659.47216383)",NICARAGUA 1925 Nicaragua 1925 Prov O. en Nicaragua 1981,0
2026-05-24,B_102,52,,,,S,,58814,Nocturno,,,139249,"POINT (  575040.504310542,   6138654.99905966)",NICARAGUA 1909,0
2026-05-24,B_102,53,,,,S,,58814,Nocturno,,,139250,"POINT (  574952.451918358,   6138647.78857929)",NICARAGUA 1859 EN 1853/1859,0
2026-05-24,B_102,54,,,,S,,58814,Nocturno,,,139282,"POINT (  574868.557574052,   6138641.79614136)",NICARAGUA 1819 EN 1825/1819,0
2026-05-24,B_102,55,,,,S,,58814,Nocturno,,,181507,"POINT (  574814.001838794,   6138609.41006997)",ARENAL GRANDE 2045 EN 2045,0
2026-05-24,B_102,56,,,,S,,58814,Nocturno,,,139217,"POINT (  574818.810397105,   6138580.45989137)",ARENAL GRANDE 2027,0
2026-05-24,B_102,57,,,,S,,58814,Nocturno,,,139261,"POINT (  574882.901661535,   6138523.93555588)",LIMA 1720,0
2026-05-24,B_102,58,,,,S,,58814,Nocturno,,,181513,"POINT (  575016.180038453,   6138535.32092059)",LIMA 1788 FTE 1789,0
2026-05-24,B_102,59,,,,S,,58814,Nocturno,,,181524,"POINT (  575139.436193856,   6138539.93784095)",INCA 1941 FTE 1948,0
2026-05-24,B_102,60,,,,S,,58814,Nocturno,,,181526,"POINT (  575139.914757109,   6138537.19484254)",INCA 1941 FTE 1948,0
2026-05-24,B_102,61,,,,S,,58814,Nocturno,,,139213,"POINT (  575144.397935397,   6138484.62161701)",INCA 1917 EN 1917/1911,0
2026-05-24,B_102,62,,,,S,,58814,Nocturno,,,181537,"POINT (  575257.375444824,   6138556.23368749)",DEMOCRACIA 1994,0
2026-05-24,B_102,63,,,,S,,58814,Nocturno,,,139255,"POINT (  575257.201551836,   6138557.08316561)",DEMOCRACIA 1994 MURO,0
2026-05-24,B_102,64,,,,S,,58814,Nocturno,,,139270,"POINT (  575239.214642609,   6138723.59055389)",DEMOCRACIA 2072 FTE 2075. REJA,0
2026-05-24,B_102,65,,,,S,,58814,Nocturno,,,139271,"POINT (  575130.008408015,   6138736.69530204)",INCA 2041 EN 2041,0
2026-05-24,B_102,66,,,,S,,58814,Nocturno,,,139253,"POINT (  575033.906921573,   6138559.65272408)",JUSTICIA 2001 EN 2005/2001,0
2026-05-24,B_102,67,,,,S,,58814,Nocturno,,,139283,"POINT (  575041.872552802,   6138478.71163255)",JUSTICIA 1967,0
2026-05-24,B_102,68,,,,S,,58814,Nocturno,,,139232,"POINT (  574946.493782709,   6138507.91799152)",REPUBLICA 1988 ARBOL/ARBOL,0
2026-05-24,B_102,69,,,,S,,58814,Nocturno,,,139234,"POINT (  574940.756147716,   6138595.41692517)",REPUBLICA 2030 EN 2030/2038,0
2026-05-24,B_102,70,,,,S,,58814,Nocturno,,,139254,"POINT (  574950.139315743,   6138741.06355142)",GRAL PAGOLA 1760 EN 1756/1760,0
2026-05-24,B_102,71,,,,S,,58814,Nocturno,,,181457,"POINT (  575056.312605041,   6138746.37709232)",GRAL PAGOLA 1810 EN 1812,0
2026-05-24,B_102,72,,,,S,,58814,Nocturno,,,163552,"POINT (  575334.092454039,   6138751.49923021)",CONSTITUCION 2037,0
2026-05-24,B_102,73,,,,S,,58814,Nocturno,,,139211,"POINT (  575401.096825654,   6138592.02916069)",PEDRO ERRAZQUIN 2086 FTE 2073,0
2026-05-24,B_102,74,,,,S,,58814,Nocturno,,,182989,"POINT (  575404.114822285,   6138592.88653992)",PEDRO ERRAZQUIN 2086,0
2026-05-24,B_102,75,,,,S,,58814,Nocturno,,,139212,"POINT (  575441.172377522,   6138772.65873605)",DEFENSA 2050 EN 2050,0
2026-05-24,B_102,76,,,,S,,58814,Nocturno,,,171472,"POINT (  575540.718234531,   6138604.18418580)",DR MARTIN C MARTINEZ 2001,0
2026-05-24,B_102,77,,,,S,,58814,Nocturno,,,171473,"POINT (  575541.038833105,   6138601.77969650)",DR MARTIN C MARTINEZ 2001,0
2026-05-24,B_102,78,,,,S,,58814,Nocturno,,,181515,"POINT (  575656.737490102,   6138591.29361684)",MIGUELETE 2194,0
2026-05-24,B_102,79,,,,S,,58814,Nocturno,,,181506,"POINT (  575894.576355291,   6138609.18253868)",MIGUELETE 2288 EN 2288,0
2026-05-24,B_102,80,,,,S,,58814,Nocturno,,,181521,"POINT (  576159.117650057,   6138657.34398430)",DR DUVIMIOSO TERRA 1904,0
2026-05-24,B_102,81,,,,S,,58814,Nocturno,,,139290,"POINT (  576149.609205352,   6138740.80659558)",DR DUVIMIOSO TERRA 1946 ESQ,0
2026-05-24,B_102,82,,,,S,,58814,Nocturno,,,183047,"POINT (  576144.363479085,   6138798.14903704)",DR DUVIMIOSO TERRA 1962,0
2026-05-24,B_102,83,,,,N,,58814,Nocturno,,,182937,"POINT (  575901.795652950,   6138849.81028278)",CUFRE 2055,0
2026-05-24,B_102,84,,,,S,,58814,Nocturno,,,181793,"POINT (  575902.967121569,   6138942.97288976)",CUFRE 2102,0
2026-05-24,B_102,85,,,,S,,58814,Nocturno,,,139207,"POINT (  575897.792476171,   6138986.19942861)",CUFRE 2138 EN 2136/2138,0
2026-05-24,B_102,86,,,,S,,58814,Nocturno,,,181839,"POINT (  575421.432311490,   6138972.98126542)",DEFENSA 2146 EN 2146,0
2026-05-24,B_102,87,,,,S,,58814,Nocturno,,,139273,"POINT (  575309.887261755,   6138962.29279216)",CONSTITUCION 2133,0
2026-05-24,B_102,88,,,,S,,58814,Nocturno,,,181840,"POINT (  575427.461890557,   6138918.25999124)",DEFENSA 2114 FTE 2111,0
2026-05-24,B_102,89,,,,S,,58814,Nocturno,,,139222,"POINT (  575575.826801004,   6138795.02427911)",GRAL PAGOLA 2068 MURO CIEGO,0
2026-05-24,B_102,90,,,,S,,58814,Nocturno,,,155517,"POINT (  575717.524354324,   6138807.59048720)",GRAL PAGOLA 2116 EN 2120,0
2026-05-24,B_102,91,,,,S,,58814,Nocturno,,,181458,"POINT (  575819.656357547,   6138817.27171270)",GRAL PAGOLA 2164,0
2026-05-24,B_102,92,,,,S,,58814,Nocturno,,,182226,"POINT (  575828.104018316,   6138819.15554972)",GRAL PAGOLA 2170 PROV OV(O: GRAL PAGOLA 2188),0
2026-05-24,B_102,93,,,,S,,58814,Nocturno,,,139289,"POINT (  576242.113309949,   6138754.68221127)",BV GRAL ARTIGAS 1997,0
2026-05-24,B_102,94,,,,S,,58814,Nocturno,,,181290,"POINT (  576242.367534926,   6138752.91100125)",BV GRAL ARTIGAS 1997,0
2026-05-24,B_102,95,,,,S,,58814,Nocturno,,,181893,"POINT (  576242.765714676,   6138750.74945404)",BV GRAL ARTIGAS 1997 PROV OV(O: BV GRAL ARTIGAS 1975),0
2026-05-24,C_106,1,N,,Sobrepeso,S,,58815,Nocturno,2026-05-24 23:12:30,,134500,"POINT (  575479.507000987,   6140588.94972780)",DR LUIS MELIAN LAFINUR 1986 MURO,0
2026-05-24,C_106,2,S,100,,S,,58815,Nocturno,2026-05-24 23:12:37,,134489,"POINT (  575533.238959613,   6140591.41308407)",DR LUIS MELIAN LAFINUR 2004 ARBOL/ARBOL,0
2026-05-24,C_106,3,S,75,,S,,58815,Nocturno,2026-05-24 23:15:24,,134458,"POINT (  575604.368371893,   6140596.18583684)",DR LUIS MELIAN LAFINUR 2044 ARBOL/ARBOL,0
2026-05-24,C_106,4,S,100,,N,,58815,Nocturno,2026-05-24 23:17:26,,134462,"POINT (  575705.827858240,   6140602.49818728)",DR LUIS MELIAN LAFINUR 2080,0
2026-05-24,C_106,5,S,100,,S,,58815,Nocturno,2026-05-24 23:18:48,,134457,"POINT (  575846.701044897,   6140610.35013539)",DR LUIS MELIAN LAFINUR 2134 EN 2134/2134A,0
2026-05-24,C_106,6,S,100,,S,,58815,Nocturno,2026-05-24 23:20:26,,134424,"POINT (  575916.611160960,   6140612.51797805)",DR LUIS MELIAN LAFINUR 2166 CASA C/RETIRO,0
2026-05-24,C_106,7,S,100,,S,,58815,Nocturno,2026-05-24 23:22:30,,183919,"POINT (  576030.340890965,   6140615.46552050)",DR LUIS MELIAN LAFINUR 2221,0
2026-05-24,C_106,8,S,75,,S,,58815,Nocturno,2026-05-24 23:24:23,,134423,"POINT (  576083.799085828,   6140520.12971202)",PEDERNAL 2243 VEREDA. MURO C/ REJAS,0
2026-05-24,C_106,9,S,75,,S,,58815,Nocturno,2026-05-24 23:26:09,,134410,"POINT (  576002.465043775,   6140516.45423976)",PEDERNAL 2202 VEREDA. FTE 2204,0
2026-05-24,C_106,10,S,100,,S,,58815,Nocturno,2026-05-24 23:27:16,,134409,"POINT (  575937.691267098,   6140514.58716041)",PEDERNAL 2177,0
2026-05-24,C_106,11,S,100,,S,,58815,Nocturno,2026-05-24 23:29:32,,134494,"POINT (  575733.863853775,   6140507.82543643)",PEDERNAL 2087 VEREDA,0
2026-05-24,C_106,12,S,50,,S,,58815,Nocturno,2026-05-24 23:30:44,,181990,"POINT (  575705.748200000,   6140507.27118408)",PEDERNAL 2069 VEREDA. EN 2075,0
2026-05-24,C_106,13,S,75,,S,,58815,Nocturno,2026-05-24 23:31:46,,179864,"POINT (  575619.680521787,   6140502.43027952)",PEDERNAL 2043,0
2026-05-24,C_106,14,S,100,,S,,58815,Nocturno,2026-05-24 23:33:34,,134411,"POINT (  575502.706920441,   6140495.95093643)",PEDERNAL 1989 VEREDA. FTE 1996. MURO,0
2026-05-24,C_106,15,S,50,,S,,58815,Nocturno,2026-05-24 23:35:00,,134437,"POINT (  575398.370203863,   6140491.33923562)",PEDERNAL 1952 PLAZA,0
2026-05-24,C_106,16,S,100,,S,,58815,Nocturno,2026-05-24 23:36:29,,134413,"POINT (  575307.187531952,   6140489.29926873)",PEDERNAL 1905 EN 1907. REBAJE/ARBOL,0
2026-05-24,C_106,17,S,100,,S,,58815,Nocturno,2026-05-24 23:38:08,,134445,"POINT (  575180.363174020,   6140468.39923036)",GUAVIYU Esq. PEDERNAL,0
2026-05-24,C_106,18,S,100,,S,,58815,Nocturno,2026-05-24 23:40:33,,151872,"POINT (  575233.325333813,   6140372.48229562)",YAGUARI 1872,0
2026-05-24,C_106,19,S,100,,S,,58815,Nocturno,2026-05-24 23:41:48,,134501,"POINT (  575313.427390441,   6140376.17681310)",YAGUARI 1908,0
2026-05-24,C_106,20,S,75,,S,,58815,Nocturno,2026-05-24 23:43:39,,141112,"POINT (  575392.211813190,   6140265.94213697)",DR MARTIN C MARTINEZ 2833,0
2026-05-24,C_106,21,S,75,,S,,58815,Nocturno,2026-05-24 23:46:04,,181795,"POINT (  575397.564812418,   6140186.82608257)",DR MARTIN C MARTINEZ 2803 FTE 2812,0
2026-05-24,C_106,22,S,75,,S,,58815,Nocturno,2026-05-24 23:46:10,,141092,"POINT (  575397.754364796,   6140184.03554101)",DR MARTIN C MARTINEZ 2803 FTE 2812,0
2026-05-24,C_106,23,S,75,,S,,58815,Nocturno,2026-05-24 23:49:10,,175751,"POINT (  575299.374073786,   6140222.83340226)",AV GRAL GARIBALDI 2001 FTE 2004,0
2026-05-24,C_106,24,S,75,,S,,58815,Nocturno,2026-05-24 23:49:17,,143652,"POINT (  575296.140918682,   6140249.00656262)",PORONGOS 2854,0
2026-05-24,C_106,25,S,100,,S,,58815,Nocturno,2026-05-24 23:52:10,,134495,"POINT (  575406.222151973,   6140378.17880700)",YAGUARI 1954 PDO ARBOL.,0
2026-05-24,C_106,26,S,100,,S,,58815,Nocturno,2026-05-24 23:53:47,,179041,"POINT (  575547.520858170,   6140385.97887168)",YAGUARI 2008,0
2026-05-24,C_106,27,S,100,,S,,58815,Nocturno,2026-05-24 23:55:51,,134491,"POINT (  575620.343633774,   6140388.60545643)",YAGUARI 2040 FTE 2041. ARBOL/ARBOL,0
2026-05-24,C_106,28,S,100,,S,,58815,Nocturno,2026-05-24 23:57:53,,179242,"POINT (  575752.688732203,   6140392.08116667)",YAGUARI 2100,0
2026-05-24,C_106,29,S,100,,S,,58815,Nocturno,2026-05-25 00:00:51,,134503,"POINT (  575909.448127108,   6140400.16330310)",YAGUARI 2156,0
2026-05-24,C_106,30,S,75,,S,,58815,Nocturno,2026-05-25 00:01:47,,134464,"POINT (  575980.030202979,   6140402.50445016)",YAGUARI Esq. DR JUAN CAMPISTEGUY PDO REBAJE,0
2026-05-24,C_106,31,S,100,,S,,58815,Nocturno,2026-05-25 00:03:15,,134463,"POINT (  576092.473753775,   6140406.57553310)",YAGUARI 2248 ANTES CARTEL PE,0
2026-05-24,C_106,32,S,100,,S,,58815,Nocturno,2026-05-25 00:05:43,,134504,"POINT (  576102.448333775,   6140319.41670310)",CARAGUATA 2245 VEREDA. ANTES ARBOL,0
2026-05-24,C_106,33,S,75,,S,,58815,Nocturno,2026-05-25 00:09:01,,176352,"POINT (  576020.121629848,   6140316.96742614)",CARAGUATA 2205 PROV OV. (O: CARAGATUA 2091),0
2026-05-24,C_106,34,S,100,,S,,58815,Nocturno,2026-05-25 00:10:34,,134450,"POINT (  575988.215643774,   6140313.40028977)",CARAGUATA 2191,0
2026-05-24,C_106,35,S,100,,S,Requiere Limpieza,58815,Nocturno,2026-05-25 00:12:29,,180275,"POINT (  575810.321193288,   6140308.96549818)",CARAGUATA 2115 EN 2115,0
2026-05-24,C_106,36,S,100,,S,Requiere Limpieza,58815,Nocturno,2026-05-25 00:16:06,,176364,"POINT (  575740.185418083,   6140304.18808475)",CARAGUATA 2091,0
2026-05-24,C_106,37,S,100,,S,,58815,Nocturno,2026-05-25 00:16:12,,134449,"POINT (  575667.129163774,   6140300.89248310)",CARAGUATA 2053 ANTES ARBOL,0
2026-05-24,C_106,38,S,100,,S,,58815,Nocturno,2026-05-25 00:23:21,,178994,"POINT (  575573.048086737,   6140102.37712679)",COLORADO 2104,0
2026-05-24,C_106,39,S,100,,S,Requiere Limpieza,58815,Nocturno,2026-05-25 00:24:38,,178946,"POINT (  575640.087861583,   6140107.00135537)",COLORADO 2138,0
2026-05-24,C_106,40,S,100,,S,Requiere Limpieza,58815,Nocturno,2026-05-25 00:27:50,,178945,"POINT (  575750.539838984,   6140114.93920848)",COLORADO 2188,0
2026-05-24,C_106,41,S,100,,S,Dos Ciclos,58815,Nocturno,2026-05-25 00:30:27,,178944,"POINT (  575895.172607345,   6140126.40813503)",COLORADO 2230 EN 2240,0
2026-05-24,C_106,42,S,100,,S,,58815,Nocturno,2026-05-25 00:32:53,,178995,"POINT (  576015.376754111,   6140212.92360902)",DR JUAN CAMPISTEGUY 2694,0
2026-05-24,C_106,43,S,100,,S,,58815,Nocturno,2026-05-25 00:35:37,,180299,"POINT (  575920.788064391,   6140232.68395074)",ITAPEBI 2153 EN 2155,0
2026-05-24,C_106,44,S,100,,S,,58815,Nocturno,2026-05-25 00:37:28,,179239,"POINT (  575792.816774011,   6140225.26024689)",ITAPEBI 2105,0
2026-05-24,C_106,45,S,100,,S,,58815,Nocturno,2026-05-25 00:41:19,,178996,"POINT (  575708.281263395,   6140217.56551883)",ITAPEBI 2071,0
2026-05-24,C_106,46,S,100,,S,,58815,Nocturno,2026-05-25 00:41:24,,178997,"POINT (  575674.594260743,   6140214.71405995)",ITAPEBI 2051 EN 2055,0
2026-05-24,C_106,47,S,50,,S,,58815,Nocturno,2026-05-25 02:28:40,,134506,"POINT (  575339.739841099,   6140146.40108605)",ARENAL GRANDE 2777 EN 2773/2777,0
2026-05-24,C_106,48,S,100,,S,,58815,Nocturno,2026-05-25 02:07:08,,134473,"POINT (  575309.756319526,   6140081.59459732)",ARENAL GRANDE 2747 EN 2749/2747,0
2026-05-24,C_106,49,S,50,,S,,58815,Nocturno,2026-05-25 02:09:33,,134475,"POINT (  575251.682972481,   6139962.81776976)",ARENAL GRANDE 2681,0
2026-05-24,C_106,50,S,100,,S,,58815,Nocturno,2026-05-25 02:11:21,,177381,"POINT (  575215.378998305,   6139885.51616497)",ARENAL GRANDE 2641,0
2026-05-24,C_106,51,S,50,,S,,58815,Nocturno,2026-05-25 02:31:21,,134451,"POINT (  575168.046392673,   6139785.12578513)",ARENAL GRANDE 2591,0
2026-05-24,C_106,52,N,,Contenedor No Está,N,,58815,Nocturno,2026-05-25 02:31:28,,176566,"POINT (  575161.711357189,   6139771.89673195)",ARENAL GRANDE 2588 FTE 2588B,0
2026-05-24,C_106,53,S,50,,S,,58815,Nocturno,2026-05-25 02:31:35,,177485,"POINT (  575144.213257803,   6139735.03177294)",ARENAL GRANDE 2559,0
2026-05-24,C_106,54,S,50,,S,,58815,Nocturno,2026-05-25 02:32:37,,134505,"POINT (  575105.973578173,   6139724.10685591)",CONCEPCION ARENAL 1921 FTE 1930,0
2026-05-24,C_106,55,S,75,,S,,58815,Nocturno,2026-05-25 02:34:47,,134480,"POINT (  575002.661935421,   6139772.60651712)",CONCEPCION ARENAL 1869 EN 1871. MURO,0
2026-05-24,C_106,56,S,100,,S,,58815,Nocturno,2026-05-25 02:37:12,,134414,"POINT (  574884.095518536,   6139829.94342679)",CONCEPCION ARENAL 1807,0
2026-05-24,C_106,57,S,100,,S,,58815,Nocturno,2026-05-25 02:39:28,,183656,"POINT (  574914.334571396,   6139945.63297866)",JOSE L TERRA 2603,0
2026-05-24,C_106,58,S,100,,S,,58815,Nocturno,2026-05-25 02:41:42,,177040,"POINT (  574960.292334641,   6140043.06187625)",JOSE L TERRA 2658 PROV OV (O: JOSE L TERRA 2634),0
2026-05-24,C_106,59,S,50,,S,,58815,Nocturno,2026-05-25 02:41:47,,134477,"POINT (  574967.898695783,   6140057.63457244)",JOSE L TERRA 2666 ARBOL/REBAJE,0
2026-05-24,C_106,60,S,50,,S,Dos Ciclos,58815,Nocturno,2026-05-25 02:43:54,,134479,"POINT (  574985.142189669,   6140094.58491648)",JOSE L TERRA 2692 EN 2692 BIS,0
2026-05-24,C_106,61,S,50,,S,,58815,Nocturno,2026-05-25 02:46:41,,134415,"POINT (  575014.086625834,   6140157.32352147)",JOSE L TERRA 2730,0
2026-05-24,C_106,62,S,50,,S,,58815,Nocturno,2026-05-25 02:46:45,,134452,"POINT (  575015.010384435,   6140159.24801855)",JOSE L TERRA 2730,0
2026-05-24,C_106,63,S,100,,S,,58815,Nocturno,2026-05-25 00:45:32,,180440,"POINT (  575099.655174713,   6140367.63524598)",YAGUARI 1802 FTE 1803,0
2026-05-24,C_106,64,S,50,,S,,58815,Nocturno,2026-05-25 00:45:53,,144312,"POINT (  575140.665017179,   6140367.76918555)",YAGUARI 1828,0
2026-05-24,C_106,65,S,100,,S,,58815,Nocturno,2026-05-25 00:51:38,,134441,"POINT (  575183.750288890,   6140354.00712360)",GUAVIYU 2843 GARAJE/GARAJE,0
2026-05-24,C_106,66,S,100,,S,Requiere Limpieza,58815,Nocturno,2026-05-25 02:50:17,,134497,"POINT (  575176.244750256,   6140246.42773653)",RAMON DEL VALLE INCLAN 2779 FTE 2786,0
2026-05-24,C_106,67,S,100,,S,,58815,Nocturno,2026-05-25 02:51:19,,134492,"POINT (  575146.825957972,   6140186.31674031)",RAMON DEL VALLE INCLAN 2761,0
2026-05-24,C_106,68,S,100,,S,,58815,Nocturno,2026-05-25 02:53:30,,134482,"POINT (  575110.657889583,   6140106.78622801)",RAMON DEL VALLE INCLAN 2711 MURO,0
2026-05-24,C_106,69,S,100,,S,,58815,Nocturno,2026-05-25 02:55:15,,134416,"POINT (  575068.794107042,   6140019.65537721)",RAMON DEL VALLE INCLAN 2667 EN 2667,0
2026-05-24,C_106,70,S,100,,S,,58815,Nocturno,2026-05-25 02:56:08,,181328,"POINT (  575043.013542048,   6139964.86146558)",RAMON DEL VALLE INCLAN 2641,0
2026-05-24,C_106,71,N,,Contenedor No Está,S,,58815,Nocturno,2026-05-25 02:56:17,,181234,"POINT (  575042.545707555,   6139963.70147196)",RAMON DEL VALLE INCLAN 2641,0
2026-05-24,C_106,72,S,100,,S,,58815,Nocturno,2026-05-25 02:58:50,,165032,"POINT (  574993.494507019,   6139858.98798328)",RAMON DEL VALLE INCLAN 2589 EN 2589/2591,0
2026-05-24,C_106,73,S,100,,S,,58815,Nocturno,2026-05-25 03:00:33,,155022,"POINT (  574964.819500446,   6139797.28860672)",RAMON DEL VALLE INCLAN 2551,0
2026-05-24,C_106,74,S,50,,S,,58815,Nocturno,2026-05-25 03:02:34,,134429,"POINT (  574807.197350129,   6139865.50993973)",CONCEPCION ARENAL 1757 EN 1769. MURO,0
2026-05-24,C_106,75,S,50,,S,,58815,Nocturno,2026-05-25 03:04:20,,134453,"POINT (  574808.700441131,   6139927.40996011)",AV GRAL FLORES 2580,0
2026-05-24,C_106,76,S,50,,S,,58815,Nocturno,2026-05-25 03:05:42,,134455,"POINT (  574852.544340478,   6140037.15792347)",AV GRAL FLORES 2638 EN 2642,0
2026-05-24,C_106,77,N,,Contenedor No Está,N,,58815,Nocturno,2026-05-25 03:05:50,,134456,"POINT (  574888.364264269,   6140128.00428663)",AV GRAL FLORES 2688,0
2026-05-24,C_106,78,S,50,,S,,58815,Nocturno,2026-05-25 03:08:08,,134483,"POINT (  574914.463389860,   6140175.41997553)",AV GRAL FLORES 2710,0
2026-05-24,C_106,79,S,75,,S,,58815,Nocturno,2026-05-25 03:10:04,,134454,"POINT (  574938.376201266,   6140253.99064158)",AV GRAL FLORES 2748 VEREDA. AUTOMOTORA. ARBOL/COLUMNA.,0
2026-05-24,C_106,80,S,50,,S,,58815,Nocturno,2026-05-25 03:11:42,,149572,"POINT (  575031.599549312,   6140418.93965527)",AV GRAL FLORES 2828,0
2026-05-24,C_106,81,S,75,,S,,58815,Nocturno,2026-05-25 03:12:50,,175313,"POINT (  575117.509099207,   6140542.72330781)",AV GRAL FLORES 2880,0
2026-05-24,C_106,82,S,50,,S,,58815,Nocturno,2026-05-25 03:15:26,,159532,"POINT (  575130.441719622,   6140561.96827867)",AV GRAL FLORES 2886 EN 2890,0
2026-05-24,C_106,83,S,100,,S,,58815,Nocturno,2026-05-25 01:54:41,,134509,"POINT (  575241.415820547,   6140582.66894209)",DR LUIS MELIAN LAFINUR 1884,0
2026-05-24,C_106,84,S,75,,S,,58815,Nocturno,2026-05-25 01:57:08,,134508,"POINT (  575345.946718678,   6140570.15915915)",PBRO LORENZO FERNANDEZ 2995 FTE 2992,0
2026-05-24,C_106,85,S,50,,S,,58815,Nocturno,2026-05-25 01:57:12,,134507,"POINT (  575375.237748895,   6140532.25404367)",PBRO LORENZO FERNANDEZ 2955,0
2026-05-24,C_106,86,S,75,,S,,58815,Nocturno,2026-05-25 01:59:08,,134484,"POINT (  575457.050553607,   6140423.85830781)",PBRO LORENZO FERNANDEZ 2921 FTE 2922. MURO,0
2026-05-24,C_106,87,S,100,,S,,58815,Nocturno,2026-05-25 00:18:25,,180200,"POINT (  575536.214004096,   6140258.53944301)",DR JOAQUIN REQUENA 2735 EN 2737,0
2026-05-24,C_106,88,S,100,,S,Requiere Limpieza,58815,Nocturno,2026-05-25 00:19:52,,180674,"POINT (  575541.735147712,   6140196.87922375)",DR JOAQUIN REQUENA Esq. ITAPEBI EN 2707,0
2026-05-24,C_106,89,S,100,,S,Escombro,58815,Nocturno,2026-05-25 00:21:30,,134488,"POINT (  575555.644605596,   6140063.19490473)",DR JOAQUIN REQUENA 2628 FTE 2628,0
2026-05-24,C_106,90,S,75,,S,,58815,Nocturno,2026-05-25 02:03:16,,134487,"POINT (  575442.518167004,   6140105.32361023)",COLORADO 2066 MURO,0
2026-05-24,C_106,91,S,100,,S,,58815,Nocturno,2026-05-25 02:05:50,,134418,"POINT (  575438.207293532,   6140104.55381139)",COLORADO 2051 MURO,0
2026-05-24,C_106,92,S,100,,S,,58815,Nocturno,2026-05-25 02:05:59,,134511,"POINT (  575394.328759983,   6140101.47461605)",COLORADO 2041 VEREDA,0
2026-05-24,C_106,93,S,100,,S,,58815,Nocturno,2026-05-25 02:13:34,,134419,"POINT (  575225.089493659,   6139726.70294665)",CONSTITUCION 2463,0
2026-05-24,C_106,94,S,50,,S,,58815,Nocturno,2026-05-25 02:16:09,,134434,"POINT (  575032.566054506,   6139684.29690278)",PORONGOS 2524 ANTES ARBOL,0
2026-05-24,C_106,95,S,75,,S,,58815,Nocturno,2026-05-25 02:17:47,,134428,"POINT (  575103.808208202,   6139837.80678158)",PORONGOS Esq. RIVADAVIA PDO PARADA,0
2026-05-24,C_106,96,S,100,,S,Requiere Limpieza,58815,Nocturno,2026-05-25 02:19:14,,134422,"POINT (  575147.685213508,   6139927.80799906)",PORONGOS 2642 PDO 2642,0
2026-05-24,C_106,97,S,75,,S,,58815,Nocturno,2026-05-25 02:20:52,,134421,"POINT (  575168.053364659,   6139972.87003129)",PORONGOS 2668,0
2026-05-24,C_106,98,S,100,,S,,58815,Nocturno,2026-05-25 02:23:10,,134433,"POINT (  575201.978199752,   6140041.77985257)",PORONGOS 2704,0
2026-05-24,C_106,99,S,100,,S,,58815,Nocturno,2026-05-25 02:25:14,,134432,"POINT (  575236.327095284,   6140115.56636890)",PORONGOS 2746 PDO COLUMNA,0
2026-05-24,C_106,100,S,100,,S,,58815,Nocturno,2026-05-25 02:27:17,,177469,"POINT (  575284.938297335,   6140210.43285698)",PORONGOS 2796,0
2026-05-24,C_110,1,S,75,,S,,58816,Nocturno,2026-05-25 01:06:55,,138408,"POINT (  575321.470312785,   6142402.63983764)",BV JOSE BATLLE Y ORDOÑEZ 4297,0
2026-05-24,C_110,2,S,75,,S,,58816,Nocturno,2026-05-25 01:05:43,,183476,"POINT (  575268.479159193,   6142316.16033588)",AV GRAL SAN MARTIN 3606,0
2026-05-24,C_110,3,S,75,,S,,58816,Nocturno,2026-05-25 01:10:06,,183474,"POINT (  575267.694405830,   6142315.03925964)",AV GRAL SAN MARTIN 3606,0
2026-05-24,C_110,4,S,75,,S,,58816,Nocturno,2026-05-25 01:48:49,,138473,"POINT (  575380.263848441,   6142346.10060416)",BV JOSE BATLLE Y ORDOÑEZ 4267,0
2026-05-24,C_110,5,S,75,,S,,58816,Nocturno,2026-05-25 01:48:27,,138472,"POINT (  575394.424516788,   6142227.40151017)",DR JOSE MARIA PENCO 3639 EN 3639/3641,0
2026-05-24,C_110,6,S,75,,S,,58816,Nocturno,2026-05-25 01:14:25,,183477,"POINT (  575243.254943947,   6142264.14239866)",AV GRAL SAN MARTIN 3576,0
2026-05-24,C_110,7,S,100,,S,,58816,Nocturno,2026-05-25 01:13:35,,138474,"POINT (  575357.894472694,   6142152.54139082)",DR JOSE MARIA PENCO 3617 EN 3615,0
2026-05-24,C_110,8,S,100,,S,,58816,Nocturno,2026-05-25 01:13:44,,138475,"POINT (  575307.599484448,   6142060.84568594)",DR JOSE MARIA PENCO 3557 REBAJE/REBAJE,0
2026-05-24,C_110,9,S,100,,S,,58816,Nocturno,2026-05-25 01:14:39,,138409,"POINT (  575266.463478253,   6141988.79149752)",DR JOSE MARIA PENCO 3527 EN 3529.,0
2026-05-24,C_110,10,S,100,,S,,58816,Nocturno,2026-05-25 01:17:30,,138476,"POINT (  575230.515797200,   6141925.41981233)",DR JOSE MARIA PENCO 3501 EN 3503,0
2026-05-24,C_110,11,S,75,,S,,58816,Nocturno,2026-05-25 01:20:52,,138477,"POINT (  575274.064946416,   6141871.22944820)",ANDRES LAMAS 3775 EN FTE 3774/3772,0
2026-05-24,C_110,12,S,75,,S,,58816,Nocturno,2026-05-25 01:23:44,,138478,"POINT (  575337.321135120,   6141869.94335412)",SENAQUE 3508,0
2026-05-24,C_110,13,S,100,,S,,58816,Nocturno,2026-05-25 01:23:51,,138479,"POINT (  575398.742695247,   6141992.60757002)",SENAQUE 3552 EN 3554. MURO Y CERCO,0
2026-05-24,C_110,14,S,100,,S,,58816,Nocturno,2026-05-25 01:23:59,,138480,"POINT (  575458.590333371,   6142109.23475884)",SENAQUE 3604 FTE 3611. MURO BAJO,0
2026-05-24,C_110,15,S,75,,S,,58816,Nocturno,2026-05-25 01:28:07,,138481,"POINT (  575537.016365283,   6142199.92258792)",BV JOSE BATLLE Y ORDOÑEZ 4195 PDO CORDON ROJO.,0
2026-05-24,C_110,16,S,75,,S,,58816,Nocturno,2026-05-25 01:28:14,,138482,"POINT (  575587.276598923,   6142150.98738855)",BV JOSE BATLLE Y ORDOÑEZ 4159 VEREDA. EN 4157,0
2026-05-24,C_110,17,S,100,,S,,58816,Nocturno,2026-05-25 01:28:22,,138438,"POINT (  575551.556648487,   6142056.29266595)",TERMOPILAS 3609 ANTES ARBOL,0
2026-05-24,C_110,18,S,100,,S,,58816,Nocturno,2026-05-25 01:31:37,,138437,"POINT (  575499.327313516,   6141966.99170993)",TERMOPILAS 3563 MURO BAJO Y CERCO VEGETAL,0
2026-05-24,C_110,19,S,100,,S,"Basura Afuera, Requiere Limpieza",58816,Nocturno,2026-05-25 01:32:30,,138439,"POINT (  575495.024792507,   6141876.63876875)",MARGARITA URIARTE DE HERRERA 3535 COLUMNA/REBAJE,0
2026-05-24,C_110,20,S,100,,S,,58816,Nocturno,2026-05-25 01:37:26,,138440,"POINT (  575367.106396857,   6141784.38207687)",MARGARITA URIARTE DE HERRERA Esq. ANDRES LAMAS,0
2026-05-24,C_110,21,S,100,,S,,58816,Nocturno,2026-05-25 01:39:28,,138483,"POINT (  575298.599328657,   6141729.63995282)",MARGARITA URIARTE DE HERRERA Esq. AV DR LUIS ALBERTO DE HERRERA,0
2026-05-24,C_110,22,S,75,,S,,58816,Nocturno,2026-05-25 01:39:43,,138486,"POINT (  575146.231985319,   6141815.30025912)",AV DR LUIS ALBERTO DE HERRERA 3810 VEREDA. EN 3804/3806.,0
2026-05-24,C_110,23,S,75,,S,,58816,Nocturno,2026-05-25 01:39:56,,138487,"POINT (  575060.332902629,   6141885.92801895)",AV GRAL SAN MARTIN 3410,0
2026-05-24,C_110,24,S,75,,S,,58816,Nocturno,2026-05-25 01:40:04,,182061,"POINT (  575137.303939818,   6141978.02633846)",ANDRES LAMAS 3846,0
2026-05-24,C_110,25,S,75,,S,,58816,Nocturno,2026-05-25 01:40:13,,138488,"POINT (  575139.298057562,   6142049.81588066)",AV GRAL SAN MARTIN 3476,0
2026-05-24,C_110,26,S,50,,S,,58816,Nocturno,2026-05-25 01:47:47,,138411,"POINT (  575179.186508499,   6142094.91251494)",JUAN JOSE QUESADA 3897 FTE 3896,0
2026-05-24,C_110,27,S,50,,S,,58816,Nocturno,2026-05-25 01:48:05,,181787,"POINT (  575182.044450763,   6142093.44822026)",JUAN JOSE QUESADA 3897 FTE 3896,0
2026-05-24,C_110,28,S,100,,S,,58816,Nocturno,2026-05-25 01:48:19,,138410,"POINT (  575627.263841320,   6141949.56140668)",MARGARITA URIARTE DE HERRERA 3568 FTE 3599,0
2026-05-24,C_110,29,S,100,,S,,58816,Nocturno,2026-05-25 01:49:12,,138441,"POINT (  575722.665492708,   6142006.84475119)",MARGARITA URIARTE DE HERRERA 3643 FTE 3643,0
2026-05-24,C_110,30,S,100,,S,,58816,Nocturno,2026-05-25 01:52:20,,138484,"POINT (  575785.348930691,   6141949.66729087)",DR HOMERO DE GREGORIO 3593,0
2026-05-24,C_110,31,S,100,,S,,58816,Nocturno,2026-05-25 01:52:29,,138485,"POINT (  575700.853350437,   6141875.44247664)",DR HOMERO DE GREGORIO 3575,0
2026-05-24,C_110,32,N,,Contenedor No Está,N,,58816,Nocturno,2026-05-25 01:52:45,,138412,"POINT (  575651.299551492,   6141831.50053954)",DR HOMERO DE GREGORIO 3551 EN 3551/3557.,0
2026-05-24,C_110,33,S,100,,S,,58816,Nocturno,2026-05-25 01:58:14,,179911,"POINT (  575501.024992264,   6141703.79112526)",DR HOMERO DE GREGORIO 3489 ANTES DEL 3491,0
2026-05-24,C_110,34,S,100,,S,,58816,Nocturno,2026-05-25 01:58:21,,179913,"POINT (  575500.285515586,   6141702.93788294)",DR HOMERO DE GREGORIO 3489 ANTES DEL 3491,0
2026-05-24,C_110,35,S,100,,S,,58816,Nocturno,2026-05-25 01:58:30,,138462,"POINT (  575431.166329254,   6141638.05013212)",DR HOMERO DE GREGORIO 3451,0
2026-05-24,C_110,36,S,75,,S,,58816,Nocturno,2026-05-25 02:01:18,,138463,"POINT (  575392.095064701,   6141599.29652012)",DR MANUEL LANDEIRA 3445 EN 3447.,0
2026-05-24,C_110,37,S,100,,S,,58816,Nocturno,2026-05-25 02:01:30,,138465,"POINT (  575389.667468965,   6141596.70195275)",DR MANUEL LANDEIRA 3445 EN 3447.,0
2026-05-24,C_110,38,S,75,,S,,58816,Nocturno,2026-05-25 02:13:40,,138464,"POINT (  575337.458824838,   6141541.69552306)",DR MANUEL LANDEIRA 3423,0
2026-05-24,C_110,39,S,75,,S,,58816,Nocturno,2026-05-25 02:13:50,,181106,"POINT (  575480.262134926,   6141520.57841547)",DR FRANCISCO LAVANDEIRA 3341 FTE 3343/3345. MURO,0
2026-05-24,C_110,40,S,100,,S,,58816,Nocturno,2026-05-25 02:14:08,,138471,"POINT (  575491.520315149,   6141538.94253423)",DR FRANCISCO LAVANDEIRA Esq. AV DR LUIS ALBERTO DE HERRERA ANTES ARBOLES,0
2026-05-24,C_110,41,S,100,,S,,58816,Nocturno,2026-05-25 02:25:57,,138469,"POINT (  575553.039027088,   6141528.35411565)",DR FRANCISCO LAVANDEIRA 3354 VEREDA,0
2026-05-24,C_110,42,S,100,,S,,58816,Nocturno,2026-05-25 02:27:40,,176304,"POINT (  575554.716125405,   6141530.73460897)",DR FRANCISCO LAVANDEIRA 3354,0
2026-05-24,C_110,43,S,100,,S,,58816,Nocturno,2026-05-25 02:28:54,,138470,"POINT (  575628.428567364,   6141618.56744193)",DR FRANCISCO LAVANDEIRA 3382 EN 3398.,0
2026-05-24,C_110,44,S,100,,S,,58816,Nocturno,2026-05-25 02:30:22,,138468,"POINT (  575709.959390415,   6141715.13381936)",DR FRANCISCO LAVANDEIRA 3442,0
2026-05-24,C_110,45,S,100,,S,,58816,Nocturno,2026-05-25 02:32:29,,138416,"POINT (  575762.160294005,   6141776.75841549)",DR FRANCISCO LAVANDEIRA 3458 EN 3458/3504,0
2026-05-24,C_110,46,S,100,,S,,58816,Nocturno,2026-05-25 02:33:51,,138414,"POINT (  575852.903041219,   6141864.21875294)",CNEL JUSTO ARECHAGA 3534 EN 3543.,0
2026-05-24,C_110,47,S,75,,S,,58816,Nocturno,2026-05-25 02:36:07,,138489,"POINT (  575879.282703264,   6141745.29631917)",AV GRAL FLORES 3475 VEREDA. EN 3479,0
2026-05-24,C_110,48,S,75,,S,,58816,Nocturno,2026-05-25 02:37:34,,138491,"POINT (  575831.661780740,   6141699.04019074)",JUAN JOSE QUESADA 3510,0
2026-05-24,C_110,49,S,100,,S,,58816,Nocturno,2026-05-25 02:40:01,,138490,"POINT (  575720.786762627,   6141644.97923254)",CNEL JUSTO ARECHAGA 3425 FTE 3424,0
2026-05-24,C_110,50,S,75,,S,,58816,Nocturno,2026-05-25 02:41:23,,138494,"POINT (  575673.293522134,   6141562.32412781)",CNEL JUSTO ARECHAGA 3389 EN 3391/3393,0
2026-05-24,C_110,51,S,75,,S,,58816,Nocturno,2026-05-25 02:42:45,,182090,"POINT (  575593.566428322,   6141426.08074510)",CNEL JUSTO ARECHAGA 3341 MURO CIEGO,0
2026-05-24,C_110,52,S,75,,S,,58816,Nocturno,2026-05-25 02:16:27,,182091,"POINT (  575556.529391285,   6141376.51647495)",CNEL JUSTO ARECHAGA 3295,0
2026-05-24,C_110,53,S,100,,S,,58816,Nocturno,2026-05-25 02:19:45,,182088,"POINT (  575479.146493682,   6141274.16081046)",CNEL JUSTO ARECHAGA 3212 FTE 3214,0
2026-05-24,C_110,54,S,100,,S,,58816,Nocturno,2026-05-25 02:19:53,,182089,"POINT (  575477.880153813,   6141272.63575599)",CNEL JUSTO ARECHAGA 3212 FTE 3214,0
2026-05-24,C_110,55,S,75,,S,,58816,Nocturno,2026-05-25 02:20:15,,181688,"POINT (  575453.569012429,   6141261.73467684)",CONSULADO 3254 PROV OV. (O: CNEL JUSTO ARECHAGA FTE 3214),0
2026-05-24,C_110,56,S,75,,S,,58816,Nocturno,2026-05-25 02:21:46,,144132,"POINT (  575437.731148772,   6141335.11547659)",JUANA DE ARCO 3302 EN 3264,0
2026-05-24,C_110,57,N,,Contenedor No Está,N,,58816,Nocturno,2026-05-25 02:22:45,,138445,"POINT (  575458.060912442,   6141362.32771234)",JUANA DE ARCO 3304 EN 3302,0
2026-05-24,C_110,58,S,75,,S,,58816,Nocturno,2026-05-25 02:21:32,,138443,"POINT (  575528.473895986,   6141453.49399630)",JUANA DE ARCO 3338 EN 3338/3342,0
2026-05-24,C_110,59,S,50,,S,,58816,Nocturno,2026-05-25 02:54:21,,151712,"POINT (  575597.510385115,   6141264.80837723)",AV GRAL FLORES 3269,0
2026-05-24,C_110,60,S,75,,S,"Basura Afuera, Requiere Limpieza",58816,Nocturno,2026-05-25 02:54:41,,138442,"POINT (  575544.325589981,   6141186.05746527)",AV GRAL FLORES 3201,0
2026-05-24,C_110,61,S,100,,S,"Basura Afuera, Requiere Limpieza",58816,Nocturno,2026-05-25 02:58:51,,138420,"POINT (  575506.116333967,   6141130.76053980)",AV GRAL FLORES 3155,0
2026-05-24,C_110,62,,,,S,,58816,Nocturno,,,138419,"POINT (  575542.729045252,   6141122.67246536)",AV GRAL FLORES 3190,0
2026-05-24,C_110,63,,,,S,,58816,Nocturno,,,138418,"POINT (  575568.544171302,   6141161.39515444)",AV GRAL FLORES 3200,0
2026-05-24,C_110,64,,,,S,,58816,Nocturno,,,138421,"POINT (  575656.539595104,   6141287.57025420)",AV GRAL FLORES 3274 EN 3276/3284. EDIFICIO,0
2026-05-24,C_110,65,,,,S,,58816,Nocturno,,,138499,"POINT (  575721.315106939,   6141270.38016756)",CUFRE 3179,0
2026-05-24,C_110,66,,,,S,,58816,Nocturno,,,138498,"POINT (  575726.689091768,   6141164.00663237)",CUFRE Esq. PAMPILLO Y NOVAS MURO,0
2026-05-24,C_110,67,,,,S,,58816,Nocturno,,,138497,"POINT (  575708.900548557,   6141066.91083401)",BV GRAL ARTIGAS Esq. CUFRE VEREDA. MURO,0
2026-05-24,C_110,68,,,,S,,58816,Nocturno,,,138500,"POINT (  575619.488776407,   6141059.55663815)",BV GRAL ARTIGAS 3262 VEREDA. EDIFICIO,0
2026-05-24,C_110,69,,,,S,,58816,Nocturno,,,138505,"POINT (  576010.988130589,   6141732.28705745)",AV GRAL FLORES 3484 EN 3486. VIVIENDAS,0
2026-05-24,C_110,70,,,,S,,58816,Nocturno,,,138502,"POINT (  576014.694077091,   6141732.92236257)",AV GRAL FLORES 3484 EN 3486. VIVIENDAS,0
2026-05-24,C_110,71,,,,S,,58816,Nocturno,,,138501,"POINT (  576118.404293318,   6141651.08273827)",BV JOSE BATLLE Y ORDOÑEZ 3885,0
2026-05-24,C_110,72,,,,S,,58816,Nocturno,,,138503,"POINT (  576162.754389722,   6141607.06354119)",BV JOSE BATLLE Y ORDOÑEZ 3865,0
2026-05-24,C_110,73,,,,S,,58816,Nocturno,,,183273,"POINT (  576164.819752327,   6141605.47005980)",BV JOSE BATLLE Y ORDOÑEZ 3865,0
2026-05-24,C_110,74,,,,S,,58816,Nocturno,,,138446,"POINT (  576267.168834846,   6141514.15610894)",BV JOSE BATLLE Y ORDOÑEZ 3789 EN 3793/3791,0
2026-05-24,C_110,75,,,,S,,58816,Nocturno,,,138447,"POINT (  576366.972826911,   6141414.21397701)",BV JOSE BATLLE Y ORDOÑEZ 3721 EN 3725,0
2026-05-24,C_110,76,,,,S,,58816,Nocturno,,,138448,"POINT (  576463.007719691,   6141326.83003905)",BV JOSE BATLLE Y ORDOÑEZ 3667,0
2026-05-24,C_110,77,,,,S,,58816,Nocturno,,,138449,"POINT (  576361.236132233,   6141223.46887897)",AV JOSE PEDRO VARELA 3210,0
2026-05-24,C_110,78,,,,S,,58816,Nocturno,,,138422,"POINT (  576229.586032133,   6141250.93754888)",ANDRES LAMAS 3286 ANTES REBAJE,0
2026-05-24,C_110,79,,,,S,,58816,Nocturno,,,138450,"POINT (  576137.943269339,   6141308.43266177)",ANDRES LAMAS 3330 FTE PLAZA,0
2026-05-24,C_110,80,,,,S,,58816,Nocturno,,,138455,"POINT (  576147.155193502,   6141364.86893279)",JUAN CRUZ VARELA 3422 EN 3422/3426,0
2026-05-24,C_110,81,,,,S,,58816,Nocturno,,,138453,"POINT (  576247.600566013,   6141323.87859739)",CARDOSO 3295 EN 3295/3297,0
2026-05-24,C_110,82,,,,S,,58816,Nocturno,,,138454,"POINT (  576372.582625033,   6141336.80962355)",JUAN JOSE QUESADA 3258 MURO,0
2026-05-24,C_110,83,,,,S,,58816,Nocturno,,,138452,"POINT (  576266.169018322,   6141408.91675407)",JUAN JOSE QUESADA 3308,0
2026-05-24,C_110,84,,,,S,,58816,Nocturno,,,177295,"POINT (  576191.097130602,   6141458.47055302)",JUAN JOSE QUESADA Esq. JUAN CRUZ VARELA,0
2026-05-24,C_110,85,,,,S,,58816,Nocturno,,,177293,"POINT (  576129.154881919,   6141499.65950129)",JUAN JOSE QUESADA 3410 MURO,0
2026-05-24,C_110,86,,,,S,,58816,Nocturno,,,177294,"POINT (  576126.932436158,   6141501.56287345)",JUAN JOSE QUESADA 3410 MURO,0
2026-05-24,C_110,87,,,,S,,58816,Nocturno,,,138457,"POINT (  576035.157159293,   6141563.38547853)",JUAN JOSE QUESADA 3446,0
2026-05-24,C_110,88,,,,S,,58816,Nocturno,,,143412,"POINT (  576001.464501997,   6141584.18927787)",JUAN JOSE QUESADA 3453 ANTES BOCA DE TORMENTA,0
2026-05-24,C_110,89,,,,S,,58816,Nocturno,,,138458,"POINT (  575904.045102944,   6141647.79147719)",JUAN JOSE QUESADA 3492 FTE 3493,0
2026-05-24,C_110,90,S,50,,S,,58816,Nocturno,2026-05-25 02:47:21,,138459,"POINT (  575821.561322220,   6141636.25010094)",AV GRAL FLORES 3431,0
2026-05-24,C_110,91,S,75,,S,,58816,Nocturno,2026-05-25 02:48:04,,138425,"POINT (  575747.971813101,   6141505.05959476)",AV GRAL FLORES 3385 EN 3374.,0
2026-05-24,C_110,92,S,75,,S,,58816,Nocturno,2026-05-25 02:49:07,,182968,"POINT (  575675.133582571,   6141597.73228888)",ANDRES LAMAS 3563 PDO 3565,0
2026-05-24,C_110,93,S,75,,S,,58816,Nocturno,2026-05-25 02:49:14,,161734,"POINT (  575751.105076396,   6141546.98653347)",ANDRES LAMAS 3521 EN 3501.MURO,0
2026-05-24,C_110,94,,,,S,,58816,Nocturno,,,182306,"POINT (  575808.563273421,   6141511.35153050)",ANDRES LAMAS 3491 VEREDA,0
2026-05-24,C_110,95,,,,S,,58816,Nocturno,,,138426,"POINT (  575809.823771148,   6141510.25157413)",ANDRES LAMAS 3491 VEREDA. PDO ARBOL,0
2026-05-24,C_110,96,,,,S,,58816,Nocturno,,,138461,"POINT (  575934.433864264,   6141428.71709681)",ANDRES LAMAS 3446 VEREDA,0
2026-05-24,C_110,97,,,,S,,58816,Nocturno,,,138431,"POINT (  576010.141057099,   6141379.58683461)",ANDRES LAMAS 3419 VEREDA,0
2026-05-24,C_110,98,,,,S,,58816,Nocturno,,,138433,"POINT (  575859.106038490,   6141350.54606979)",GUALEGUAY 3357 EN 3362,0
2026-05-24,C_110,99,,,,S,,58816,Nocturno,,,180941,"POINT (  575862.501503185,   6141354.24638498)",GUALEGUAY 3361,0
2026-05-24,C_110,100,,,,S,,58816,Nocturno,,,138429,"POINT (  575882.054477124,   6141382.79007851)",GUALEGUAY 3371 EN 3386,0
2026-05-24,C_110,101,,,,S,,58816,Nocturno,,,138428,"POINT (  575883.750593029,   6141385.17909427)",GUALEGUAY 3375 EN 3386,0
2026-05-24,C_110,102,,,,S,,58816,Nocturno,,,138434,"POINT (  575904.546111236,   6141416.73091500)",GUALEGUAY 3389 EN 3394,0
2026-05-24,C_115,66,S,100,,S,,58817,Nocturno,2026-05-24 23:36:03,,138738,"POINT (  573169.060771063,   6141400.78802278)",AV DR JUAN CARLOS BLANCO 3459,0
2026-05-24,C_115,67,S,100,,S,,58817,Nocturno,2026-05-24 23:38:27,,170352,"POINT (  573302.157655009,   6141483.21806717)",CISPLATINA 1212,0
2026-05-24,C_115,68,S,100,,S,,58817,Nocturno,2026-05-24 23:41:42,,170372,"POINT (  573381.595931173,   6141477.78519726)",CISPLATINA 1240,0
2026-05-24,C_115,69,S,100,,S,,58817,Nocturno,2026-05-25 00:37:15,,181301,"POINT (  573155.123941394,   6141037.62649368)",CARLOS SOLE 3259,0
2026-05-24,C_115,71,S,100,,S,,58817,Nocturno,2026-05-25 00:35:51,,156672,"POINT (  573328.250038867,   6140960.61213762)",HERMANOS GIL 1162 FTE 1163,1
2026-05-24,C_115,72,S,100,,S,,58817,Nocturno,2026-05-25 00:35:23,,141132,"POINT (  573475.127101984,   6141057.24363874)",ARAPEY 1274 FTE 1259,1
2026-05-24,C_115,73,S,100,,S,,58817,Nocturno,2026-05-25 00:35:18,,141133,"POINT (  573479.353266333,   6141056.53927801)",ARAPEY 1274 FTE 1259,1
2026-05-24,C_115,74,S,75,,S,,58817,Nocturno,2026-05-24 23:36:11,,138741,"POINT (  573500.605961382,   6140897.89200760)",BV GRAL ARTIGAS 4170 VEREDA.EN 4172,1
2026-05-24,C_115,75,S,75,,S,,58817,Nocturno,2026-05-24 23:36:15,,138736,"POINT (  573283.780834895,   6140875.67448494)",BV GRAL ARTIGAS 4256 VEREDA.ARBOL/CARTEL,1
2026-05-24,C_115,76,S,25,,S,,58817,Nocturno,2026-05-24 23:35:28,,138721,"POINT (  573222.356064656,   6140871.94148785)",BV GRAL ARTIGAS 4290 VEREDA,1
2026-05-24,C_115,78,S,75,,S,,58817,Nocturno,2026-05-24 23:35:22,,144414,"POINT (  573090.461879613,   6140915.96747131)",BURICAYUPI 3210 EN 3214,2
2026-05-24,C_115,79,S,50,,S,,58817,Nocturno,2026-05-24 23:35:17,,144432,"POINT (  573066.668672715,   6141027.58840195)",GRAL BATLLE 3250,2
2026-05-24,C_115,80,S,75,,S,,58817,Nocturno,2026-05-24 23:35:02,,144434,"POINT (  573054.489537263,   6141114.19558739)",GRAL BATLLE 3264,2
2026-05-24,C_115,81,S,50,,S,,58817,Nocturno,2026-05-24 23:34:55,,179531,"POINT (  573050.953468192,   6141143.59831155)",GRAL BATLLE 3276 FTE 3375,2
2026-05-24,C_115,82,S,75,,S,,58817,Nocturno,2026-05-25 00:37:30,,138775,"POINT (  573183.504732925,   6141199.81772584)",FERNANDO OTORGUES 1152 VEREDA. MURO BAJO,2
2026-05-24,C_115,83,S,75,,S,,58817,Nocturno,2026-05-25 00:39:08,,162614,"POINT (  573246.744999121,   6141202.19406211)",FERNANDO OTORGUES 1190 VEREDA,2
2026-05-24,C_115,84,N,,Contenedor No Está,S,,58817,Nocturno,2026-05-25 00:39:51,,138778,"POINT (  573382.930863280,   6141205.44706683)",FERNANDO OTORGUES 1236 VEREDA. EN 1236/1240. MURO,2
2026-05-24,C_115,85,S,100,,S,,58817,Nocturno,2026-05-25 00:36:08,,183510,"POINT (  573320.996957818,   6141102.19499381)",ARQUIMEDES 1161,2
2026-05-24,C_115,86,S,100,,S,,58817,Nocturno,2026-05-25 00:37:21,,138810,"POINT (  573236.282491111,   6141085.32020878)",ARQUIMEDES 1127 MURO,2
2026-05-24,C_115,96,S,100,,S,,58817,Nocturno,2026-05-24 23:48:25,,181417,"POINT (  573565.151665359,   6141199.15709826)",FERNANDO OTORGUES 1287 EN 1297,3
2026-05-24,C_115,97,S,75,,S,,58817,Nocturno,2026-05-24 23:48:30,,181975,"POINT (  573468.887469499,   6141213.30242201)",FERNANDO OTORGUES 1263 FTE 1258,3
2026-05-24,A_108,1,S,50,,S,,58817,Nocturno,2026-05-25 00:36:46,,183148,"POINT (  571693.441492666,   6142248.22679647)",MARCELINO DIAZ Y GARCIA 90,4
2026-05-24,A_108,2,S,50,,S,,58817,Nocturno,2026-05-25 00:36:51,,183150,"POINT (  571735.895653456,   6142297.94470903)",MARCELINO DIAZ Y GARCIA 64,4
2026-05-24,A_108,3,S,75,,S,,58817,Nocturno,2026-05-25 00:36:59,,183151,"POINT (  571781.241210578,   6142348.15627461)",MARCELINO DIAZ Y GARCIA 36,4
2026-05-24,A_108,4,S,100,,S,,58817,Nocturno,2026-05-25 00:37:02,,182093,"POINT (  571735.608768146,   6142484.65157987)",PILAR COSTA Esq. SANTA LUCIA,4
2026-05-24,A_108,5,S,75,,S,,58817,Nocturno,2026-05-25 00:36:41,,183279,"POINT (  571547.961505783,   6142525.93071608)",SAN MATEO 4116,4
2026-05-24,A_108,6,S,50,,S,,58817,Nocturno,2026-05-25 00:40:15,,177491,"POINT (  571446.248466667,   6142602.20636667)",MARIANO SAGASTA 82 En Mariano Sagasta 82/78,4
2026-05-24,A_108,7,S,100,,S,Basura Afuera,58817,Nocturno,2026-05-25 00:46:17,,183280,"POINT (  571620.740067137,   6142566.97443964)",SANTA LUCIA 4103,4
2026-05-24,A_108,8,S,75,,S,,58817,Nocturno,2026-05-25 00:46:20,,177143,"POINT (  571537.995755370,   6142427.72622062)",JUAN ANTONIO ARTIGAS 4104 (A) PROV. OS:4654814,4
2026-05-24,A_108,9,S,75,,S,,58817,Nocturno,2026-05-25 00:48:41,,180643,"POINT (  571494.512393595,   6142451.05173257)",JUAN ANTONIO ARTIGAS 4120 EN 4118,4
2026-05-24,A_108,10,S,75,,S,,58817,Nocturno,2026-05-25 00:51:05,,166572,"POINT (  571431.663097520,   6142580.49392540)",MARIANO SAGASTA 74 Vuelve a lugar,4
2026-05-24,A_108,11,S,100,,S,,58817,Nocturno,2026-05-25 00:56:46,,160012,"POINT (  571389.646174573,   6142692.61867714)",JULIAN ALVAREZ 93 Vuelve a lugar ,4
2026-05-24,A_108,12,S,100,,S,Basura Afuera,58817,Nocturno,2026-05-25 00:56:40,,181380,"POINT (  571294.226606712,   6142690.95523390)",JOSE B FREIRE 40,4
2026-05-24,A_108,13,S,50,,S,,58817,Nocturno,2026-05-25 00:59:45,,166493,"POINT (  571503.937363643,   6142787.92089138)",CAP FLORENCIO 4184 Vuelve a lugar,4
2026-05-24,A_108,14,S,75,,S,,58817,Nocturno,2026-05-25 00:58:10,,166494,"POINT (  571507.532869261,   6142785.52388764)",CAP FLORENCIO 4153,4
2026-05-24,A_108,15,,,,N,,58817,Nocturno,,,163472,"POINT (  571582.163325508,   6142815.11555253)",MARIANO SAGASTA 178,4
2026-05-24,A_108,16,S,75,,S,,58817,Nocturno,2026-05-25 02:36:22,,100702,"POINT (  571184.054814669,   6142761.30463815)",SAN QUINTIN 4280,4
2026-05-24,A_108,17,S,100,,S,,58817,Nocturno,2026-05-25 01:06:56,,100780,"POINT (  571030.990360100,   6142987.42397162)",SAN QUINTIN 4360,4
2026-05-24,A_108,18,S,100,,S,,58817,Nocturno,2026-05-25 01:07:08,,100779,"POINT (  570939.436641070,   6143126.45109844)",SAN QUINTIN Esq. AV GRAL EUGENIO GARZON,4
2026-05-24,A_108,19,S,75,,S,,58817,Nocturno,2026-05-25 01:07:15,,100775,"POINT (  570959.670292290,   6143239.84064483)",AV GRAL EUGENIO GARZON 206,4
2026-05-24,A_108,20,S,75,,S,,58817,Nocturno,2026-05-25 01:07:32,,100776,"POINT (  570961.100729980,   6143246.02303830)",AV GRAL EUGENIO GARZON 212,4
2026-05-24,A_108,21,S,25,,S,,58817,Nocturno,2026-05-25 01:11:28,,100777,"POINT (  570970.321360730,   6143276.23088367)",AV GRAL EUGENIO GARZON 218,4
2026-05-24,A_108,22,S,100,,S,,58817,Nocturno,2026-05-25 01:11:32,,100778,"POINT (  570971.735825810,   6143280.34892588)","AV GRAL EUGENIO GARZON 218 FALTA, DENUNCIA LA TRIPULACION",4
2026-05-24,A_108,23,S,100,,S,,58817,Nocturno,2026-05-25 01:14:21,,100774,"POINT (  570985.263903030,   6143331.16858536)",AV GRAL EUGENIO GARZON 228,4
2026-05-24,A_108,24,S,75,,S,,58817,Nocturno,2026-05-25 01:14:25,,100787,"POINT (  570986.927931180,   6143335.41749348)",AV GRAL EUGENIO GARZON 230,4
2026-05-24,A_108,25,S,100,,S,,58817,Nocturno,2026-05-25 01:17:28,,100770,"POINT (  571033.328680610,   6143530.59794554)","AV GRAL EUGENIO GARZON 316 en 316, en calle",4
2026-05-24,A_108,26,S,50,,S,,58817,Nocturno,2026-05-25 02:40:48,,100772,"POINT (  571189.044579817,   6143721.45087311)",CNO CARLOS MARIA DE PENA 4783,4
2026-05-24,A_108,27,S,75,,S,,58817,Nocturno,2026-05-25 02:40:43,,100773,"POINT (  571191.087711962,   6143719.61205418)",CNO CARLOS MARIA DE PENA 4783,4
2026-05-24,A_108,28,S,75,,S,,58817,Nocturno,2026-05-25 02:45:22,,100768,"POINT (  571239.152796740,   6143688.43062094)",CNO CARLOS MARIA DE PENA 4751 SE MOVIO 10 MTS HACIA EL LIMITE DEL 4751BIS,4
2026-05-24,A_108,29,S,100,,S,,58817,Nocturno,2026-05-25 02:46:04,,100762,"POINT (  571307.628620706,   6143533.30644293)",FRAY GENEROSO PEREZ 375,4
2026-05-24,A_108,30,S,50,,S,,58817,Nocturno,2026-05-25 03:37:52,,171612,"POINT (  571247.737926535,   6143440.00415930)",FRAY GENEROSO PEREZ 347 Fte 346. Muro chapa verde,4
2026-05-24,A_108,31,S,100,,S,,58817,Nocturno,2026-05-25 02:57:17,,100764,"POINT (  571130.280673390,   6143333.48519566)",EMANCIPACION 4372,4
2026-05-24,A_108,32,S,100,,S,,58817,Nocturno,2026-05-25 02:57:11,,100765,"POINT (  571134.406824320,   6143330.70049356)",EMANCIPACION 4372,4
2026-05-24,A_108,33,S,25,,S,,58817,Nocturno,2026-05-25 02:56:59,,100766,"POINT (  571217.644629900,   6143278.09741527)",EMANCIPACION Esq. CIRC INT SDA 1 Provisorio frente al 4345,4
2026-05-24,A_108,34,S,50,,S,,58817,Nocturno,2026-05-25 02:56:54,,100767,"POINT (  571221.768056380,   6143274.96862701)","EMANCIPACION Esq. CIRC INT SDA 1 FALTA, DENUNCIA LA TRIPULACION",4
2026-05-24,A_108,35,S,100,,S,,58817,Nocturno,2026-05-25 02:58:59,,100720,"POINT (  571220.860167740,   6143165.69864895)",GREGORIO MAS DE AYALA 229,4
2026-05-24,A_108,36,S,100,,S,,58817,Nocturno,2026-05-25 03:04:59,,100758,"POINT (  571177.810236180,   6143104.37428364)",GREGORIO MAS DE AYALA 206,4
2026-05-24,A_108,37,S,25,,S,,58817,Nocturno,2026-05-25 03:04:56,,100759,"POINT (  571173.366747190,   6143100.82320817)","GREGORIO MAS DE AYALA 206 FALTA, DENUNCIA LA TRIPULACION",4
2026-05-24,A_108,38,S,100,,S,,58817,Nocturno,2026-05-25 03:04:53,,100760,"POINT (  571169.858314800,   6143097.04301808)",GREGORIO MAS DE AYALA 204,4
2026-05-24,A_108,39,S,100,,S,,58817,Nocturno,2026-05-25 03:04:46,,165472,"POINT (  571236.867381246,   6142985.91245940)",GUARUYALO 4307,4
2026-05-24,A_108,40,S,75,,S,,58817,Nocturno,2026-05-25 03:07:14,,148172,"POINT (  571305.927569526,   6143037.98316073)",PEDRO GALAN Esq. CNEL BOLOGNESI cambia de esquina por calle muy angosta,4
2026-05-24,A_108,41,S,75,,S,,58817,Nocturno,2026-05-25 03:07:17,,165452,"POINT (  571316.937290567,   6143028.21155029)",PEDRO GALAN 4295 Traslado prov desde Guaruyalo 4307,4
2026-05-24,A_108,42,S,50,,S,,58817,Nocturno,2026-05-25 03:11:47,,177486,"POINT (  571360.918127684,   6142942.03685933)",ATANASILDO SUAREZ 171,4
2026-05-24,A_108,43,S,50,,S,Basura Afuera,58817,Nocturno,2026-05-25 03:15:36,,177488,"POINT (  571287.697788701,   6142831.64137910)",ATANASILDO SUAREZ 107,4
2026-05-24,A_108,44,S,100,,S,,58817,Nocturno,2026-05-25 03:15:24,,177489,"POINT (  571287.104568361,   6142830.79392147)",ATANASILDO SUAREZ 107,4
2026-05-24,A_108,45,S,100,,S,,58817,Nocturno,2026-05-25 03:17:15,,100756,"POINT (  571408.389762590,   6143149.56142715)",EMANCIPACION Esq. CNEL BOLOGNESI,4
2026-05-24,A_108,46,S,100,,S,,58817,Nocturno,2026-05-25 03:19:37,,178992,"POINT (  571455.218801820,   6143063.60478100)",ATANASILDO SUAREZ 233,4
2026-05-24,A_108,47,S,50,,S,,58817,Nocturno,2026-05-25 03:22:36,,169792,"POINT (  571446.020907368,   6142955.26515187)",PEDRO GALAN 4263 Vuelve a lugar,4
2026-05-24,A_108,48,S,75,,S,,58817,Nocturno,2026-05-25 03:22:46,,170252,"POINT (  571512.887073183,   6142915.58062302)",PEDRO GALAN 4203,4
2026-05-24,A_108,49,S,100,,S,,58817,Nocturno,2026-05-25 03:23:57,,165532,"POINT (  571555.001233611,   6142888.77603524)",PEDRO GALAN 4177,4
2026-05-24,A_108,50,S,100,,S,,58817,Nocturno,2026-05-25 03:26:21,,151992,"POINT (  571439.100028513,   6142883.20551385)",JOSE B FREIRE 172,4
2026-05-24,A_108,51,S,75,,S,,58817,Nocturno,2026-05-25 03:28:29,,181740,"POINT (  571488.552135153,   6142952.96769340)",JOSE B FREIRE 204,4
2026-05-24,A_108,52,S,100,,S,,58817,Nocturno,2026-05-25 03:29:40,,181741,"POINT (  571549.871816610,   6143023.38862628)",JOSE B FREIRE 246,4
2026-05-24,A_108,53,S,75,,S,,58817,Nocturno,2026-05-25 03:32:29,,164536,"POINT (  571426.364932404,   6143174.89185071)",CNEL BOLOGNESI 252 Va en 264,4
2026-05-24,A_108,54,S,75,,S,,58817,Nocturno,2026-05-25 03:35:39,,100755,"POINT (  571456.404637100,   6143212.32585703)",CNEL BOLOGNESI 320,4
2026-05-24,A_108,55,S,75,,S,,58817,Nocturno,2026-05-25 03:35:35,,144794,"POINT (  571493.110620937,   6143312.64245356)",GRAL HORNOS 4575,4
2026-05-24,A_108,56,S,100,,S,,58817,Nocturno,2026-05-25 03:37:39,,100711,"POINT (  571350.367017429,   6143407.08742789)",GRAL HORNOS 4650 en 4652,4
2026-05-24,A_108,57,,,,S,,58817,Nocturno,,,100712,"POINT (  571230.417326590,   6143487.28912400)",GRAL HORNOS 4726,4
2026-05-24,A_108,58,,,,S,,58817,Nocturno,,,157172,"POINT (  571073.595239337,   6143590.97885056)",GRAL HORNOS 4846 Traslado desde GARZON 392. OS 3924857,4
2026-05-24,A_108,59,,,,S,,58817,Nocturno,,,100749,"POINT (  571068.106025780,   6143595.21776229)",GRAL HORNOS 4846,4
2026-05-24,A_108,60,,,,S,,58817,Nocturno,,,100747,"POINT (  571415.995226990,   6143571.18012984)",CNO CARLOS MARIA DE PENA 4675,4
2026-05-24,A_108,61,,,,S,,58817,Nocturno,,,115032,"POINT (  571449.393887094,   6143544.52325864)",CNO CARLOS MARIA DE PENA 4653 En 4661,4
2026-05-24,A_108,62,,,,S,,58817,Nocturno,,,172132,"POINT (  571454.089321346,   6143543.26609531)",CNO CARLOS MARIA DE PENA 4653 Provisorio desde atanasildo suarez por obra,4
2026-05-24,A_108,63,,,,S,,58817,Nocturno,,,100701,"POINT (  571465.498444130,   6143536.38494885)",CNO CARLOS MARIA DE PENA 4659,4
2026-05-24,A_108,64,,,,S,,58817,Nocturno,,,155616,"POINT (  571583.683816741,   6143444.87073639)",ATANASILDO SUAREZ Esq. CNO CARLOS MARIA DE PENA,4
2026-05-24,A_108,65,,,,S,,58817,Nocturno,,,173472,"POINT (  571590.557055707,   6143309.68727831)",ATANASILDO SUAREZ 379 Vuelve a lugar,4
2026-05-24,A_108,66,,,,S,,58817,Nocturno,,,174692,"POINT (  571533.098950637,   6143154.80418202)",ATANASILDO SUAREZ 287,4
2026-05-24,A_108,67,,,,S,,58817,Nocturno,,,173492,"POINT (  571507.617164945,   6143126.67699965)",ATANASILDO SUAREZ 259 Vuelve a lugar,4
2026-05-24,A_108,68,,,,S,,58817,Nocturno,,,180842,"POINT (  571670.835107971,   6142891.79944570)",ESMERALDA 4084,4
2026-05-24,A_108,69,,,,S,,58817,Nocturno,,,100741,"POINT (  571683.088652440,   6142686.55985558)",ESMERALDA Esq. JUAN JOSE AGUIAR Esmeralda 162,4
2026-05-24,A_108,70,,,,S,,58817,Nocturno,,,181866,"POINT (  571810.676018203,   6142570.77416826)",JUAN JOSE AGUIAR 4021,4
2026-05-24,A_108,71,,,,S,,58817,Nocturno,,,182011,"POINT (  571875.112822503,   6142524.97950038)",JUAN JOSE AGUIAR 3954 FTE 3954,4
2026-05-24,A_108,72,,,,S,,58817,Nocturno,,,100731,"POINT (  571946.690300580,   6142603.24459545)",ADRIAN MEDINA 192,4
2026-05-24,A_108,73,,,,S,,58817,Nocturno,,,100709,"POINT (  571884.141243870,   6142695.42009361)",JACQUARD 210,4
2026-05-24,A_108,74,,,,S,,58817,Nocturno,,,100732,"POINT (  571918.934436370,   6142787.57804651)",JACQUARD 248,4
2026-05-24,A_108,75,,,,S,,58817,Nocturno,,,181582,"POINT (  571906.596886675,   6142843.21674082)",TTE J GALVAN 265,4
2026-05-24,A_108,76,,,,S,,58817,Nocturno,,,181583,"POINT (  571907.917414886,   6142935.47364358)",GAUCHOS 3970,4
2026-05-24,A_108,77,,,,S,,58817,Nocturno,,,181584,"POINT (  571849.333981513,   6142963.08468800)",GAUCHOS 4006,4
2026-05-24,A_108,78,,,,S,,58817,Nocturno,,,181586,"POINT (  571792.671316447,   6142913.02466399)",JUAN JOSE DURAN 267,4
2026-05-24,A_108,79,,,,S,,58817,Nocturno,,,181585,"POINT (  571791.110692197,   6142910.38360757)",JUAN JOSE DURAN 267,4
2026-05-24,A_108,80,,,,S,,58817,Nocturno,,,177141,"POINT (  571720.169259700,   6142948.43059370)",EMANCIPACION 4092 PROV OV. ORIGEN: ESMERALDA 4448,4
2026-05-24,A_108,81,,,,S,,58817,Nocturno,,,182018,"POINT (  571743.743238983,   6142676.61090396)",CAP FLORENCIO 4075 EN 4077,4
2026-05-24,A_108,82,,,,S,,58817,Nocturno,,,182094,"POINT (  571856.538352787,   6142628.24772822)",JACQUARD 184,4
2026-05-24,A_108,83,,,,S,,58817,Nocturno,,,167932,"POINT (  571749.273642447,   6143041.74973534)",ESMERALDA 304 SPAA 4202094,4
2026-05-24,A_108,84,,,,S,,58817,Nocturno,,,100727,"POINT (  571732.236247260,   6143150.57428817)",GRAL HORNOS 4514,4
2026-05-24,A_108,85,,,,S,,58817,Nocturno,,,100728,"POINT (  571688.528144500,   6143187.07033610)",FILADELFIA Esq. GRAL HORNOS,4
2026-05-24,A_108,86,,,,S,,58817,Nocturno,,,100705,"POINT (  571806.834367050,   6143305.41641475)",CNO CARLOS MARIA DE PENA 4539,4
2026-05-24,A_108,87,,,,S,,58817,Nocturno,,,100707,"POINT (  571951.530640330,   6142993.24526791)",GRAL HORNOS 4371,4
2026-05-24,A_108,88,,,,S,,58817,Nocturno,,,183628,"POINT (  572019.794503955,   6143013.13777966)",CNO MOLINOS DE RAFFO 386,4
2026-05-24,A_108,89,,,,S,,58817,Nocturno,,,100730,"POINT (  572000.570073410,   6143111.38447676)",CNO MOLINOS DE RAFFO 412,4
2026-05-24,A_108,90,,,,S,,58817,Nocturno,,,153193,"POINT (  572025.712194283,   6143161.57752424)",CNO CARLOS MARIA DE PENA 4425 4425 medianera con 4433,4
2026-05-24,A_108,91,,,,S,,58817,Nocturno,,,177395,"POINT (  572215.576954466,   6143035.44842070)",CNO CARLOS MARIA DE PENA 4309,4
2026-05-24,A_108,92,,,,S,,58817,Nocturno,,,180850,"POINT (  572278.887354466,   6142994.47437909)",CNO CARLOS MARIA DE PENA 4277,4
2026-05-24,A_108,93,,,,S,,58817,Nocturno,,,100725,"POINT (  572295.063952030,   6142900.15861295)",CNO CASTRO 433,4
2026-05-24,A_108,94,,,,S,,58817,Nocturno,,,180223,"POINT (  572270.837766667,   6142878.91620113)",CNO CASTRO 381,4
2026-05-24,A_108,95,,,,S,,58817,Nocturno,,,180224,"POINT (  572269.481834463,   6142877.50377175)",CNO CASTRO 381,4
2026-05-24,A_108,96,,,,S,,58817,Nocturno,,,100806,"POINT (  572130.646369970,   6142893.25449884)",GRAL HORNOS 4300,4
2026-05-24,A_108,97,,,,S,,58817,Nocturno,,,100807,"POINT (  572024.857885270,   6142914.58568303)",CNO MOLINOS DE RAFFO 339,4
2026-05-24,A_108,98,,,,S,,58817,Nocturno,,,176135,"POINT (  572061.295280175,   6142740.48532222)",CNO MOLINOS DE RAFFO 255 VUELVE AL LUGAR 255,4
2026-05-24,A_108,99,,,,S,,58817,Nocturno,,,100809,"POINT (  572058.203500320,   6142679.51760977)",CNO CASTRO 241 En 241,4
2026-05-24,A_108,100,,,,S,,58817,Nocturno,,,100804,"POINT (  571997.474997400,   6142526.81524696)",CNO CASTRO 175 152 B,4
2026-05-24,A_108,101,,,,S,,58817,Nocturno,,,100805,"POINT (  571963.471632580,   6142439.87169865)",CNO CASTRO 143,4
2026-05-24,A_108,102,,,,S,,58817,Nocturno,,,175767,"POINT (  571962.203245115,   6142434.07209481)",CNO CASTRO 139 TRASLADO PROVISORIO DESDE CNO CASTRO 69 POR CALLE CERRADA,4
2026-05-24,A_108,103,,,,S,,58817,Nocturno,,,181997,"POINT (  571899.292195526,   6142277.32292198)",CNO CASTRO 55 EN 112,4
2026-05-24,A_108,104,,,,S,,58817,Nocturno,,,183057,"POINT (  571804.652164053,   6142357.85233922)","FELIPE CABALLERO 3994 ANTES DE MARCELINO DIAZ Y GARCIA (PROV POR EVENTO, O: MARCELINO DIAZ Y GARCIA 38)",4
2026-05-24,A_108,105,,,,S,,58817,Nocturno,,,180220,"POINT (  571501.069542938,   6142686.84180057)",MARIANO SAGASTA 112 VEREDA. EN 110,4
2026-05-24,A_108,106,,,,S,,58817,Nocturno,,,171552,"POINT (  571548.571523605,   6142757.33916063)",MARIANO SAGASTA 140 En 144,4
2026-05-24,C_104,1,,,,S,,58818,Nocturno,,,134248,"POINT (  576620.414079748,   6140098.57428556)",CADIZ 2852,0
2026-05-24,C_104,2,,,,S,,58818,Nocturno,,,134247,"POINT (  576667.381770736,   6140167.50297882)",CADIZ 2894,0
2026-05-24,C_104,3,,,,S,,58818,Nocturno,,,134246,"POINT (  576697.197438053,   6140209.34109264)",CADIZ 2908 EN 2908/2916,0
2026-05-24,C_104,4,,,,S,,58818,Nocturno,,,134245,"POINT (  576799.057672621,   6140352.69846550)",CADIZ 2992 ARBOL/COLUMNA,0
2026-05-24,C_104,5,,,,S,,58818,Nocturno,,,134262,"POINT (  576861.904955085,   6140437.44697754)",CADIZ 3028 EN 3032,0
2026-05-24,C_104,6,,,,S,,58818,Nocturno,,,134203,"POINT (  576880.499672336,   6140463.73606055)",CADIZ 3040 EN 3042. COMERCIOS,0
2026-05-24,C_104,7,,,,S,,58818,Nocturno,,,180198,"POINT (  576919.171875240,   6140515.95355318)",CADIZ 3062 VEREDA,0
2026-05-24,C_104,8,,,,S,,58818,Nocturno,,,180391,"POINT (  576921.574758703,   6140517.97993675)",CADIZ 3062 VEREDA,0
2026-05-24,C_104,9,,,,S,,58818,Nocturno,,,180194,"POINT (  577014.028978115,   6140616.46120591)",CADIZ 3100 VEREDA. ARBOL/ARBOL,0
2026-05-24,C_104,10,,,,S,,58818,Nocturno,,,183865,"POINT (  576974.567829470,   6140665.17573752)",TOMAS GOMENSORO 2976,0
2026-05-24,C_104,11,,,,S,,58818,Nocturno,,,179227,"POINT (  577141.135646405,   6140683.85848170)",BV JOSE BATLLE Y ORDOÑEZ 3293 EN 3285. MURO. Frigorífico.,0
2026-05-24,C_104,12,,,,S,,58818,Nocturno,,,177273,"POINT (  577351.850215455,   6140485.41178452)",BV JOSE BATLLE Y ORDOÑEZ 3191,0
2026-05-24,C_104,13,,,,S,,58818,Nocturno,,,180343,"POINT (  577512.673435076,   6140269.61776928)",MONTE CASEROS 3341,0
2026-05-24,C_104,14,,,,S,,58818,Nocturno,,,134244,"POINT (  577509.901523108,   6140267.77981813)",MONTE CASEROS 3341,0
2026-05-24,C_104,15,,,,S,,58818,Nocturno,,,134193,"POINT (  577507.340134544,   6140265.41545946)",MONTE CASEROS 3341,0
2026-05-24,C_104,16,,,,S,,58818,Nocturno,,,134227,"POINT (  577444.687954858,   6140280.49133484)",AV DAMASO ANTONIO LARRAÑAGA 3355 EN 3357. VIVIENDA C/REJAS,0
2026-05-24,C_104,17,,,,S,,58818,Nocturno,,,134229,"POINT (  577361.735046156,   6140323.93333666)",TOMAS GOMENSORO 2790 MURO,0
2026-05-24,C_104,18,,,,S,,58818,Nocturno,,,180546,"POINT (  577275.665147213,   6140281.69226200)",GRAL JULIO AMADEO ROLETTI 3267 EN 3267,0
2026-05-24,C_104,19,,,,S,,58818,Nocturno,,,140612,"POINT (  577254.008783628,   6140233.91850537)",JOAQUIN CAMPANA 2785,0
2026-05-24,C_104,20,,,,S,,58818,Nocturno,,,183329,"POINT (  577328.201362310,   6140150.69981002)",JOAQUIN CAMPANA 2761,0
2026-05-24,C_104,21,,,,S,,58818,Nocturno,,,139612,"POINT (  577339.456454223,   6140139.38720853)",JOAQUIN CAMPANA Esq. MONTE CASEROS,0
2026-05-24,C_104,22,,,,S,,58818,Nocturno,,,183480,"POINT (  577273.044030045,   6140094.54221525)",ECHEANDIA 2752,0
2026-05-24,C_104,23,,,,S,,58818,Nocturno,,,134197,"POINT (  577200.170536712,   6140191.13519109)",ECHEANDIA 2796,0
2026-05-24,C_104,24,,,,S,,58818,Nocturno,,,134272,"POINT (  577142.637808959,   6140179.11636783)",GRAL JULIO AMADEO ROLETTI 3185 MURO DE PIEDRA,0
2026-05-24,C_104,25,,,,S,,58818,Nocturno,,,180491,"POINT (  577140.779456428,   6140178.07045017)",GRAL JULIO AMADEO ROLETTI 3185,0
2026-05-24,C_104,26,,,,S,,58818,Nocturno,,,134273,"POINT (  577058.900105894,   6140287.87686687)",EMILIO RAÑA 3012 ANTES CORDON ROJO,0
2026-05-24,C_104,27,,,,S,,58818,Nocturno,,,134220,"POINT (  577098.700143586,   6140316.64323075)",EMILIO RAÑA 3024 FTE SALIDA EDIFICIO,0
2026-05-24,C_104,28,,,,S,,58818,Nocturno,,,134224,"POINT (  577162.143768026,   6140364.91555369)",EMILIO RAÑA 3054 ANTES ARBOL,0
2026-05-24,C_104,29,,,,S,,58818,Nocturno,,,134267,"POINT (  577233.074528270,   6140444.12156929)",TOMAS GOMENSORO 2866 MURO LADRILLO,0
2026-05-24,C_104,30,,,,S,,58818,Nocturno,,,134268,"POINT (  577230.316109816,   6140447.07701764)",TOMAS GOMENSORO 2866 MURO LADRILLO,0
2026-05-24,C_104,31,,,,S,,58818,Nocturno,,,134221,"POINT (  577102.049651709,   6140500.66914760)",THOMPSON 3095,0
2026-05-24,C_104,32,,,,S,,58818,Nocturno,,,134216,"POINT (  577062.634401820,   6140471.85178777)",THOMPSON 3083,0
2026-05-24,C_104,33,,,,S,,58818,Nocturno,,,134215,"POINT (  576997.032720571,   6140425.20669990)",THOMPSON 3061 EDIFICIO,0
2026-05-24,C_104,34,,,,S,,58818,Nocturno,,,134254,"POINT (  577063.133751546,   6140144.81204662)",DR LUIS ALBERTO SURRACO 2979 EN 2979/2981,0
2026-05-24,C_104,35,,,,S,,58818,Nocturno,,,137352,"POINT (  577041.544305391,   6140115.90834410)",DR LUIS ALBERTO SURRACO 2963 FTE 2933,0
2026-05-24,C_104,36,,,,S,,58818,Nocturno,,,134250,"POINT (  576987.897881482,   6140039.18401917)",DR LUIS ALBERTO SURRACO 2927 CASA ABANDONADA,0
2026-05-24,C_104,37,,,,S,,58818,Nocturno,,,134249,"POINT (  576966.861272889,   6140007.81358565)",DR LUIS ALBERTO SURRACO 2907,0
2026-05-24,C_104,38,,,,S,,58818,Nocturno,,,170092,"POINT (  576899.593400366,   6139922.38091719)",DR LUIS ALBERTO SURRACO 2871,0
2026-05-24,C_104,39,,,,S,,58818,Nocturno,,,171772,"POINT (  576845.974679856,   6139869.96882735)",DR LUIS ALBERTO SURRACO 2769,0
2026-05-24,C_104,40,,,,S,,58818,Nocturno,,,176236,"POINT (  576822.151637647,   6139849.25002794)",DR LUIS ALBERTO SURRACO 2745,0
2026-05-24,C_104,41,,,,S,,58818,Nocturno,,,176237,"POINT (  576789.501077014,   6139815.24766012)",DR LUIS ALBERTO SURRACO 2721,0
2026-05-24,C_104,42,,,,S,,58818,Nocturno,,,180590,"POINT (  576788.565914458,   6139814.30491566)",DR LUIS ALBERTO SURRACO 2721,0
2026-05-24,C_104,43,,,,S,,58818,Nocturno,,,180591,"POINT (  576661.407279917,   6139691.13724498)",DR LUIS ALBERTO SURRACO 2613,0
2026-05-24,C_104,44,,,,S,,58818,Nocturno,,,176238,"POINT (  576660.339922699,   6139690.20958880)",DR LUIS ALBERTO SURRACO 2613,0
2026-05-24,C_104,45,,,,S,,58818,Nocturno,,,180592,"POINT (  576585.855071080,   6139613.32600000)",DR LUIS ALBERTO SURRACO 2559,0
2026-05-24,C_104,46,,,,S,,58818,Nocturno,,,183489,"POINT (  576585.351340523,   6139612.96275469)",DR LUIS ALBERTO SURRACO 2559,0
2026-05-24,C_104,47,,,,S,,58818,Nocturno,,,161433,"POINT (  576493.847135895,   6139490.18040969)",DR LUIS ALBERTO SURRACO 2493 EN 2493/2495,0
2026-05-24,C_104,48,,,,S,,58818,Nocturno,,,180593,"POINT (  576480.232581118,   6139476.65431325)",DR LUIS ALBERTO SURRACO 2489 EN 2489 BIS,0
2026-05-24,C_104,49,,,,N,,58818,Nocturno,,,183490,"POINT (  576426.691209804,   6139391.31242789)",JOSE HERNANDEZ 2510,0
2026-05-24,C_104,50,,,,S,,58818,Nocturno,,,183491,"POINT (  576425.819750109,   6139392.18388758)",JOSE HERNANDEZ 2510,0
2026-05-24,C_104,51,,,,S,,58818,Nocturno,,,183838,"POINT (  576425.327219047,   6139393.11665714)",JOSE HERNANDEZ 2510,0
2026-05-24,C_104,52,,,,S,,58818,Nocturno,,,180298,"POINT (  576251.858635495,   6139406.58006200)",EMILIO RAÑA 2403 EN 2404,0
2026-05-24,C_104,53,,,,S,,58818,Nocturno,,,134289,"POINT (  576295.517861205,   6139449.23633233)",EMILIO RAÑA 2428 FTE 2423,0
2026-05-24,C_104,54,,,,S,,58818,Nocturno,,,134284,"POINT (  576347.957163985,   6139501.11177164)",EMILIO RAÑA 2452 EN 2454. ARBOL/ARBOL,0
2026-05-24,C_104,55,,,,S,,58818,Nocturno,,,180276,"POINT (  576349.027313538,   6139501.94729568)",EMILIO RAÑA 2452 PROV A. EN 2454,0
2026-05-24,C_104,56,,,,S,,58818,Nocturno,,,176512,"POINT (  576428.480959085,   6139575.54748561)",EMILIO RAÑA 2498 REJAS,0
2026-05-24,C_104,57,,,,S,,58818,Nocturno,,,179181,"POINT (  576493.162482571,   6139641.19755120)",EMILIO RAÑA 2540,0
2026-05-24,C_104,58,,,,S,,58818,Nocturno,,,181636,"POINT (  576497.152074699,   6139646.00050603)",EMILIO RAÑA 2540,0
2026-05-24,C_104,59,,,,S,,58818,Nocturno,,,179182,"POINT (  576538.641785403,   6139684.66160349)",EMILIO RAÑA 2566,0
2026-05-24,C_104,60,,,,S,,58818,Nocturno,,,159832,"POINT (  576556.417080083,   6139704.52784711)",EMILIO RAÑA 2578 EN 2578/2584,0
2026-05-24,C_104,61,,,,S,,58818,Nocturno,,,155819,"POINT (  576645.980050673,   6139793.58220342)",EMILIO RAÑA 2632 EN 2634,0
2026-05-24,C_104,62,,,,S,,58818,Nocturno,,,134285,"POINT (  576715.852855747,   6139863.11610248)",EMILIO RAÑA 2700 EN 2696. MURO,0
2026-05-24,C_104,63,,,,S,,58818,Nocturno,,,134293,"POINT (  576741.533866573,   6139892.62097484)",EMILIO RAÑA 2722,0
2026-05-24,C_104,64,,,,S,,58818,Nocturno,,,134291,"POINT (  576856.638625418,   6140034.92550674)",EMILIO RAÑA 2892 EN 2896/2894,0
2026-05-24,C_104,65,,,,S,,58818,Nocturno,,,134257,"POINT (  576912.790315777,   6140114.14040004)",EMILIO RAÑA 2934 EN 2934/2936,0
2026-05-24,C_104,66,,,,S,,58818,Nocturno,,,134256,"POINT (  576979.806438889,   6140211.51735931)",EMILIO RAÑA 2976 FTE 2959. MURO DE PIEDRA,0
2026-05-24,C_104,67,,,,S,,58818,Nocturno,,,173452,"POINT (  577029.381483811,   6140260.93844446)",EMILIO RAÑA 3001,0
2026-05-24,C_104,68,,,,S,,58818,Nocturno,,,183481,"POINT (  577160.600083857,   6139999.13862781)",PEDRO VIDAL 2595,0
2026-05-24,C_104,69,,,,S,,58818,Nocturno,,,183482,"POINT (  577159.366900000,   6140000.03548879)",PEDRO VIDAL 2595,0
2026-05-24,C_104,70,,,,S,,58818,Nocturno,,,183750,"POINT (  577047.685631579,   6140077.15124386)",PEDRO VIDAL 2503,0
2026-05-24,C_104,71,,,,S,,58818,Nocturno,,,183749,"POINT (  577046.698789474,   6140077.91878772)",PEDRO VIDAL 2503,0
2026-05-24,C_104,72,,,,S,,58818,Nocturno,,,183484,"POINT (  577043.828481046,   6139920.39384445)",JUAN CABAL 2548,0
2026-05-24,C_104,73,,,,S,,58818,Nocturno,,,183483,"POINT (  577009.732620480,   6139944.68578344)",JUAN CABAL 2532,0
2026-05-24,C_104,74,,,,S,,58818,Nocturno,,,183485,"POINT (  576960.495147713,   6139853.40038039)",MARIANO MORENO 2593,0
2026-05-24,C_104,75,,,,S,,58818,Nocturno,,,183870,"POINT (  576763.281663458,   6139716.72193693)",JAIME CIBILS 2510,0
2026-05-24,C_104,76,,,,S,,58818,Nocturno,,,183487,"POINT (  576718.466808933,   6139611.62833203)",AZAMBUYA 2545 FTE 2548,0
2026-05-24,C_104,77,,,,S,,58818,Nocturno,,,183488,"POINT (  576715.852429848,   6139614.24271111)",AZAMBUYA 2545,0
2026-05-24,C_104,78,,,,S,,58818,Nocturno,,,180371,"POINT (  576248.833172810,   6139103.12244903)",BV GRAL ARTIGAS 2168,0
2026-05-24,C_104,79,,,,S,,58818,Nocturno,,,177086,"POINT (  576248.766975997,   6139103.89230672)",BV GRAL ARTIGAS 2168,0
2026-05-24,C_104,80,,,,S,,58818,Nocturno,,,180428,"POINT (  576240.525112418,   6139209.31744793)",BV GRAL ARTIGAS 2202 EN 2208,0
2026-05-24,C_104,81,,,,S,,58818,Nocturno,,,180427,"POINT (  576240.416179956,   6139210.62463747)",BV GRAL ARTIGAS 2202 EN 2208,0
2026-05-24,C_104,82,,,,S,,58818,Nocturno,,,137074,"POINT (  576234.004430912,   6139285.29910339)",BV GRAL ARTIGAS Esq. COQUIMBO,0
2026-05-24,C_104,83,,,,S,,58818,Nocturno,,,137072,"POINT (  576233.654650951,   6139288.44712304)",BV GRAL ARTIGAS Esq. COQUIMBO,0
2026-05-24,C_104,84,,,,S,,58818,Nocturno,,,137075,"POINT (  576232.780201049,   6139299.20285683)",BV GRAL ARTIGAS 2256 EN 2258,0
2026-05-24,C_104,85,,,,S,,58818,Nocturno,,,137076,"POINT (  576232.605311068,   6139301.12664662)",BV GRAL ARTIGAS 2256 EN 2258,0
2026-05-24,C_104,86,,,,S,,58818,Nocturno,,,137092,"POINT (  576232.485730655,   6139303.61661426)",BV GRAL ARTIGAS 2256 EN 2258,0
2026-05-24,C_104,87,,,,S,,58818,Nocturno,,,134258,"POINT (  576214.178182230,   6139535.18481392)",BV GRAL ARTIGAS 2372 VEREDA. EN 2372.,0
2026-05-24,C_104,88,,,,S,,58818,Nocturno,,,134297,"POINT (  576211.573888477,   6139562.39811375)",BV GRAL ARTIGAS 2388 VEREDA,0
2026-05-24,C_104,89,,,,S,,58818,Nocturno,,,134210,"POINT (  576207.929147844,   6139617.15567942)",BV GRAL ARTIGAS 2412 VEREDA,0
2026-05-24,C_104,90,,,,S,,58818,Nocturno,,,134209,"POINT (  576207.775188077,   6139620.08091499)",BV GRAL ARTIGAS 2412 VEREDA,0
2026-05-24,C_104,91,,,,S,,58818,Nocturno,,,134269,"POINT (  576200.697132227,   6139708.08536999)",BV GRAL ARTIGAS 2440 VEREDA. PDO REBAJE,0
2026-05-24,C_104,92,,,,S,,58818,Nocturno,,,134261,"POINT (  576191.352313477,   6139805.97617624)",BV GRAL ARTIGAS 2456,0
2026-05-24,C_104,93,,,,S,,58818,Nocturno,,,134211,"POINT (  576189.360794727,   6139826.35094499)",BV GRAL ARTIGAS 2474,0
2026-05-24,C_104,94,,,,S,,58818,Nocturno,,,134270,"POINT (  576183.278625825,   6139871.97190034)",BV GRAL ARTIGAS 2474,0
2026-05-24,C_104,95,,,,S,,58818,Nocturno,,,182123,"POINT (  576274.443209784,   6140102.21703607)",QUIJOTE 2561 EN 2621,0
2026-05-24,C_104,96,,,,S,,58818,Nocturno,,,134214,"POINT (  576274.842907227,   6140094.44000749)",QUIJOTE 2561 SALIDA VIVIENDAS,0
2026-05-24,C_104,97,,,,S,,58818,Nocturno,,,134213,"POINT (  576276.068457227,   6140080.65256999)",QUIJOTE 2561 VEREDA. SALIDA VIVIENDAS,0
2026-05-24,C_104,98,,,,S,,58818,Nocturno,,,134212,"POINT (  576283.268563477,   6139986.13202624)",QUIJOTE 2526,0
2026-05-24,C_104,99,,,,S,,58818,Nocturno,,,134298,"POINT (  576291.387832227,   6139885.17734499)",QUIJOTE 2496 PDO REBAJE. ARBOL/ARBOL,0
2026-05-24,C_104,100,,,,S,,58818,Nocturno,,,134219,"POINT (  576297.995611445,   6139815.91773841)",QUIJOTE 2480 PARADA/COLUMNA,0
2026-05-24,C_104,101,,,,S,,58818,Nocturno,,,134266,"POINT (  576298.303530978,   6139811.45290517)",QUIJOTE 2480 PARADA/COLUMNA,0
2026-05-24,C_104,102,,,,S,,58818,Nocturno,,,134300,"POINT (  576378.086151977,   6139723.74533231)",MARTIN FIERRO 2518 VEREDA,0
2026-05-24,C_104,103,,,,S,,58818,Nocturno,,,176267,"POINT (  576440.963120668,   6139778.21576196)",MARTIN FIERRO Esq. CNEL LUCAS PIRIZ,0
2026-05-24,C_104,104,,,,S,,58818,Nocturno,,,134299,"POINT (  576442.525342564,   6139779.50625355)",MARTIN FIERRO Esq. CNEL LUCAS PIRIZ VEREDA. ARBOL/CARTEL,0
2026-05-24,C_104,105,,,,S,,58818,Nocturno,,,172112,"POINT (  576447.336585278,   6139783.54769743)",MARTIN FIERRO 2580,0
2026-05-24,C_104,106,,,,S,,58818,Nocturno,,,182302,"POINT (  576563.865997386,   6139879.44895556)",MARTIN FIERRO 2640 EN 2638,0
2026-05-24,C_104,107,,,,S,,58818,Nocturno,,,134239,"POINT (  576712.301344007,   6140032.46215047)",THOMPSON Esq. MARIANO MORENO PDO BT,0
2026-05-24,C_104,108,,,,S,,58818,Nocturno,,,134202,"POINT (  576763.573594431,   6140108.04115979)",THOMPSON Esq. JUAN CABAL,0
2026-05-24,C_104,109,,,,S,,58818,Nocturno,,,181905,"POINT (  576764.631977778,   6140109.56087168)",THOMPSON Esq. JUAN CABAL,0
2026-05-24,C_104,110,,,,S,,58818,Nocturno,,,180392,"POINT (  576854.737443572,   6140339.14034631)",JOSE CATALA 2376 EN 2376/2380,0
2026-05-24,C_104,111,,,,S,,58818,Nocturno,,,134241,"POINT (  576888.097358685,   6140317.76539433)",JOSE CATALA 2388,0
2026-05-24,E_113,1,S,100,,S,,58819,Nocturno,2026-05-24 23:10:07,,180240,"POINT (  584330.049412372,   6139641.15309160)",LOMBARDIA 6113,0
2026-05-24,E_113,2,S,100,,S,,58819,Nocturno,2026-05-24 23:12:41,,179104,"POINT (  584334.365555556,   6139642.54699434)",LOMBARDIA 6113,0
2026-05-24,E_113,3,S,100,,S,,58819,Nocturno,2026-05-24 23:13:54,,179103,"POINT (  584525.215228759,   6139720.54263704)",LOMBARDIA 6196,0
2026-05-24,E_113,4,S,100,,S,,58819,Nocturno,2026-05-25 01:39:37,,107115,"POINT (  584713.340307611,   6139804.21035919)",LOMBARDIA 6266,0
2026-05-24,E_113,5,S,100,,S,,58819,Nocturno,2026-05-24 23:17:58,,107116,"POINT (  584835.095783550,   6139789.35717620)",DR MANUEL B OTERO 6326,0
2026-05-24,E_113,6,S,75,,S,,58819,Nocturno,2026-05-24 23:20:18,,107103,"POINT (  585035.276009670,   6139876.16573360)",DR MANUEL B OTERO 6392,0
2026-05-24,E_113,7,S,75,,S,,58819,Nocturno,2026-05-24 23:21:26,,175427,"POINT (  585042.554355875,   6139878.75115054)",DR MANUEL B OTERO 6392,0
2026-05-24,E_113,8,S,75,,S,,58819,Nocturno,2026-05-24 23:23:00,,107104,"POINT (  585122.468415950,   6139895.47589100)",COSTA RICA 2285,0
2026-05-24,E_113,9,S,75,,S,,58819,Nocturno,2026-05-24 23:24:54,,183572,"POINT (  585274.410816361,   6139969.96862497)",COSTA RICA 2243,0
2026-05-24,E_113,10,S,75,,S,,58819,Nocturno,2026-05-24 23:25:54,,107105,"POINT (  585276.295934810,   6139970.43420790)",COSTA RICA 2243,0
2026-05-24,E_113,11,S,75,,S,,58819,Nocturno,2026-05-24 23:28:26,,183574,"POINT (  585419.262720451,   6140009.60191129)",COSTA RICA 2193,0
2026-05-24,E_113,12,S,75,,S,,58819,Nocturno,2026-05-24 23:29:38,,183573,"POINT (  585420.955245134,   6140009.31982384)",COSTA RICA 2193,0
2026-05-24,E_113,13,S,75,,S,,58819,Nocturno,2026-05-24 23:32:04,,107040,"POINT (  585626.209277890,   6139985.92495440)",COSTA RICA 2105,0
2026-05-24,E_113,14,S,100,,S,,58819,Nocturno,2026-05-24 23:35:24,,107108,"POINT (  585520.938263110,   6139901.82268773)",AV DR JUAN BAUTISTA ALBERDI 6579,0
2026-05-24,E_113,15,S,75,,S,,58819,Nocturno,2026-05-24 23:35:59,,107109,"POINT (  585329.371119700,   6139875.98712587)",AV DR JUAN BAUTISTA ALBERDI 6523,0
2026-05-24,E_113,16,S,75,,S,,58819,Nocturno,2026-05-24 23:38:22,,107044,"POINT (  585160.856804750,   6139805.60041149)",AV DR JUAN BAUTISTA ALBERDI 6463,0
2026-05-24,E_113,17,S,100,,S,,58819,Nocturno,2026-05-24 23:40:15,,107048,"POINT (  584948.813164946,   6139717.53747812)",AV DR JUAN BAUTISTA ALBERDI 6337,0
2026-05-24,E_113,18,S,75,,S,,58819,Nocturno,2026-05-24 23:44:26,,153073,"POINT (  584859.688878213,   6139690.51416928)",CORCEGA 2105 PROV OV (O: CORCEGA FTE 2105),0
2026-05-24,E_113,19,S,100,,S,,58819,Nocturno,2026-05-24 23:54:57,,175691,"POINT (  584520.944220904,   6139814.99561299)",DUBLIN 2196,0
2026-05-24,E_113,20,S,100,,S,,58819,Nocturno,2026-05-24 23:55:45,,175692,"POINT (  584751.390222034,   6139911.72170678)",CORCEGA 2190,0
2026-05-24,E_113,21,S,100,,S,,58819,Nocturno,2026-05-24 23:47:18,,107045,"POINT (  584733.966163970,   6139726.01168581)",RAUL MONTERO BUSTAMANTE 6273,0
2026-05-24,E_113,22,S,75,,S,,58819,Nocturno,2026-05-24 23:49:31,,107110,"POINT (  584628.071402740,   6139684.36410249)",RAUL MONTERO BUSTAMANTE 6221,0
2026-05-24,E_113,23,S,100,,S,,58819,Nocturno,2026-05-24 23:59:30,,107111,"POINT (  584561.719958310,   6139658.71904116)",RAUL MONTERO BUSTAMANTE 6195,0
2026-05-24,E_113,24,S,100,,S,,58819,Nocturno,2026-05-25 00:00:28,,107046,"POINT (  584388.764584950,   6139588.53167647)",RAUL MONTERO BUSTAMANTE 6137,0
2026-05-24,E_113,25,S,75,,S,,58819,Nocturno,2026-05-25 00:02:25,,107112,"POINT (  584381.211418960,   6139456.63058133)",AV DR JUAN BAUTISTA ALBERDI 6102,0
2026-05-24,E_113,26,S,75,,S,,58819,Nocturno,2026-05-25 00:04:26,,107047,"POINT (  584574.472612600,   6139537.37123517)",AV DR JUAN BAUTISTA ALBERDI 6190,0
2026-05-24,E_113,27,S,100,,S,,58819,Nocturno,2026-05-25 00:06:29,,180071,"POINT (  584655.011937691,   6139571.27388039)",AV DR JUAN BAUTISTA ALBERDI 6216,0
2026-05-24,E_113,28,S,75,,S,,58819,Nocturno,2026-05-25 00:08:19,,107086,"POINT (  584781.143383230,   6139623.09967346)",AV DR JUAN BAUTISTA ALBERDI 6270,0
2026-05-24,E_113,29,S,100,,S,,58819,Nocturno,2026-05-25 00:11:11,,107087,"POINT (  584908.030726460,   6139675.12202199)",AV DR JUAN BAUTISTA ALBERDI 6318,0
2026-05-24,E_113,30,S,100,,S,,58819,Nocturno,2026-05-25 00:12:49,,107029,"POINT (  585048.681147350,   6139733.49445758)",AV DR JUAN BAUTISTA ALBERDI 6380,0
2026-05-24,E_113,31,S,75,,S,,58819,Nocturno,2026-05-25 00:14:37,,107088,"POINT (  585258.466113700,   6139821.57250025)",AV DR JUAN BAUTISTA ALBERDI 6494,0
2026-05-24,E_113,32,S,75,,S,,58819,Nocturno,2026-05-25 00:16:06,,180552,"POINT (  585441.255077299,   6139856.27203655)",JAMAICA 2095,0
2026-05-24,E_113,33,S,100,,S,,58819,Nocturno,2026-05-25 00:18:08,,107030,"POINT (  585438.476095890,   6139802.16124437)",PEDRO DOMINGO MURILLO 6541,0
2026-05-24,E_113,34,S,100,,S,,58819,Nocturno,2026-05-25 00:19:33,,107090,"POINT (  585340.625049290,   6139760.27582149)",PEDRO DOMINGO MURILLO 6507,0
2026-05-24,E_113,35,S,100,,S,,58819,Nocturno,2026-05-25 00:20:45,,107091,"POINT (  585270.122378850,   6139730.58205835)",PEDRO DOMINGO MURILLO 6487,0
2026-05-24,E_113,36,S,100,,S,,58819,Nocturno,2026-05-25 00:22:14,,107031,"POINT (  585159.733947450,   6139684.89016044)",PEDRO DOMINGO MURILLO 6443,0
2026-05-24,E_113,37,S,100,,S,,58819,Nocturno,2026-05-25 00:24:07,,107092,"POINT (  585013.753688700,   6139624.35264256)",PEDRO DOMINGO MURILLO 6331,0
2026-05-24,E_113,38,S,100,,S,,58819,Nocturno,2026-05-25 00:26:49,,107032,"POINT (  584863.646101930,   6139561.80545890)",PEDRO DOMINGO MURILLO 6291,0
2026-05-24,E_113,39,S,100,,S,,58819,Nocturno,2026-05-25 00:28:44,,107033,"POINT (  584683.800110570,   6139487.42565000)",PEDRO DOMINGO MURILLO 6211,0
2026-05-24,E_113,40,S,100,,S,,58819,Nocturno,2026-05-25 00:30:31,,107093,"POINT (  584595.427479690,   6139451.07287767)",PEDRO DOMINGO MURILLO 6177,0
2026-05-24,E_113,41,S,100,,S,,58819,Nocturno,2026-05-25 00:33:47,,107094,"POINT (  584411.728263871,   6139374.75325156)",PEDRO DOMINGO MURILLO 6055,0
2026-05-24,E_113,42,S,100,,S,,58819,Nocturno,2026-05-25 00:38:30,,180238,"POINT (  584518.575635294,   6139253.44302462)",MONES ROSES 6130,0
2026-05-24,E_113,43,S,100,,S,,58819,Nocturno,2026-05-25 00:41:14,,180233,"POINT (  584670.267287005,   6139316.14482373)",MONES ROSES 6182,0
2026-05-24,E_113,44,S,100,,S,,58819,Nocturno,2026-05-25 00:42:51,,107034,"POINT (  584808.260222080,   6139370.16065302)",MONES ROSES 6238,0
2026-05-24,E_113,45,S,100,,S,,58819,Nocturno,2026-05-25 00:45:11,,107097,"POINT (  584942.216625630,   6139427.57159170)",MONES ROSES 6296,0
2026-05-24,E_113,46,S,100,,S,,58819,Nocturno,2026-05-25 00:47:01,,107035,"POINT (  584996.880552000,   6139448.88865818)",MONES ROSES 6312,0
2026-05-24,E_113,47,S,100,,S,,58819,Nocturno,2026-05-25 00:50:40,,107098,"POINT (  585194.267237080,   6139530.60109063)",MONES ROSES 6434,0
2026-05-24,E_113,48,S,100,,S,,58819,Nocturno,2026-05-25 00:55:13,,107036,"POINT (  585273.705642670,   6139563.62161837)",MONES ROSES 6478,0
2026-05-24,E_113,49,S,100,,S,,58819,Nocturno,2026-05-25 00:55:26,,107037,"POINT (  585480.377626510,   6139648.65274772)",MONES ROSES 6566,0
2026-05-24,E_113,50,S,100,,S,,58819,Nocturno,2026-05-25 01:35:26,,107099,"POINT (  585592.822542700,   6139694.32141916)",MONES ROSES 6588,0
2026-05-24,E_113,51,S,100,,S,,58819,Nocturno,2026-05-25 01:36:48,,107100,"POINT (  585703.555933020,   6139740.00500084)",MONES ROSES 6632,0
2026-05-24,E_113,52,S,75,,S,,58819,Nocturno,2026-05-25 01:39:04,,107018,"POINT (  585697.374112890,   6139628.55017173)",DIVINA COMEDIA 1959,0
2026-05-24,E_113,53,S,100,,S,,58819,Nocturno,2026-05-25 01:40:11,,181125,"POINT (  585698.965156209,   6139624.54257909)",DIVINA COMEDIA 1959 PROV OV (O: MARIANO URIARTE 6539) - MOV OPERATIVA 23/03 (no se modificó ruta),0
2026-05-24,E_113,54,S,100,,S,,58819,Nocturno,2026-05-25 01:43:19,,181126,"POINT (  585236.332698475,   6139399.19486449)",MARIANO URIARTE 6397 PROV OV (O: MARIANO URIARTE 6463) - Mov operativa 23/03 (no se modifica la ruta),0
2026-05-24,E_113,55,S,100,,S,,58819,Nocturno,2026-05-25 01:45:03,,107020,"POINT (  585201.135925440,   6139385.26759882)",MARIANO URIARTE 6381,0
2026-05-24,E_113,56,S,100,,S,,58819,Nocturno,2026-05-25 01:46:55,,107066,"POINT (  585074.923135860,   6139331.88074755)",MARIANO URIARTE 6327,0
2026-05-24,E_113,57,S,100,,S,,58819,Nocturno,2026-05-25 01:48:57,,107067,"POINT (  584988.986743355,   6139300.94492092)",MARIANO URIARTE 6289 EN 6293,0
2026-05-24,E_113,58,S,100,,S,,58819,Nocturno,2026-05-25 01:50:46,,107021,"POINT (  584823.207665200,   6139227.31283328)",MARIANO URIARTE 6223,0
2026-05-24,E_113,59,S,100,,S,,58819,Nocturno,2026-05-25 01:52:33,,107068,"POINT (  584748.261300730,   6139197.99915976)",MARIANO URIARTE 6196,0
2026-05-24,E_113,60,S,100,,S,,58819,Nocturno,2026-05-25 01:54:38,,107069,"POINT (  584517.552101500,   6139104.65341888)",MARIANO URIARTE 6107,0
2026-05-24,E_113,61,S,100,,S,,58819,Nocturno,2026-05-25 01:56:56,,107070,"POINT (  584873.383679960,   6139097.26886268)",AV SAN CARLOS DE BOLIVAR 6222,0
2026-05-24,E_113,62,S,100,,S,,58819,Nocturno,2026-05-25 01:59:16,,107071,"POINT (  585047.090165740,   6139175.10860208)",AV SAN CARLOS DE BOLIVAR 6298,0
2026-05-24,E_113,63,S,100,,S,,58819,Nocturno,2026-05-25 02:00:50,,107072,"POINT (  585133.416499540,   6139212.49792784)",AV SAN CARLOS DE BOLIVAR 6328,0
2026-05-24,E_113,64,S,100,,S,,58819,Nocturno,2026-05-25 02:02:35,,107073,"POINT (  585289.211663780,   6139279.24770931)",AV SAN CARLOS DE BOLIVAR 6396,0
2026-05-24,E_113,65,S,75,,S,,58819,Nocturno,2026-05-25 02:04:02,,107074,"POINT (  585299.247020220,   6139326.89458938)",HAVRE 1910,0
2026-05-24,E_113,66,S,100,,S,,58819,Nocturno,2026-05-25 02:06:40,,107075,"POINT (  585485.217883180,   6139359.94217817)",DR EVANGELIO BONILLA 6512,0
2026-05-24,E_113,67,S,100,,S,,58819,Nocturno,2026-05-25 02:07:40,,107076,"POINT (  585646.540124660,   6139431.06862405)",DR EVANGELIO BONILLA 6590,0
2026-05-24,E_113,68,S,75,,S,,58819,Nocturno,2026-05-25 02:11:48,,107023,"POINT (  585737.003304800,   6139507.28994056)",PARQUE DR JULIO CÉSAR GRAUERT,0
2026-05-24,E_113,69,S,100,,S,,58819,Nocturno,2026-05-25 02:14:05,,107079,"POINT (  585668.902102400,   6139368.11410902)",HORACIO QUIROGA 6593,0
2026-05-24,E_113,70,S,100,,S,,58819,Nocturno,2026-05-25 02:15:58,,107080,"POINT (  585556.761828670,   6139318.01222430)",HORACIO QUIROGA 6533,0
2026-05-24,E_113,71,S,75,,S,,58819,Nocturno,2026-05-25 02:17:59,,107081,"POINT (  585449.459449000,   6139272.29714662)",HORACIO QUIROGA 6486,0
2026-05-24,E_113,72,S,75,,S,,58819,Nocturno,2026-05-25 02:20:23,,107082,"POINT (  585268.719585540,   6139193.84754797)",HORACIO QUIROGA 6471,0
2026-05-24,E_113,73,S,100,,S,,58819,Nocturno,2026-05-25 02:22:31,,107025,"POINT (  585105.343180510,   6139122.05364975)",HORACIO QUIROGA 6311,0
2026-05-24,E_113,74,S,100,,S,,58819,Nocturno,2026-05-25 02:23:32,,107083,"POINT (  584932.683673900,   6139046.25172281)",HORACIO QUIROGA 6237,0
2026-05-24,E_113,75,S,75,,S,,58819,Nocturno,2026-05-25 02:25:15,,107026,"POINT (  584723.569898980,   6138954.41729951)",HORACIO QUIROGA Esq. CECILIA FONTANA DE HEBER,0
2026-05-24,E_113,76,S,100,,S,,58819,Nocturno,2026-05-25 02:27:33,,107027,"POINT (  584784.859416150,   6138785.40262351)",AV ALM HARWOOD 6116,0
2026-05-24,E_113,77,S,100,,S,,58819,Nocturno,2026-05-25 02:29:13,,107084,"POINT (  584917.982592020,   6138846.22752887)",AV ALM HARWOOD 6200,0
2026-05-24,E_113,78,S,100,,S,,58819,Nocturno,2026-05-25 02:30:46,,107028,"POINT (  585123.796228270,   6138914.72938889)",AV ALM HARWOOD 6290,0
2026-05-24,E_113,79,S,100,,S,,58819,Nocturno,2026-05-25 02:32:14,,107049,"POINT (  585198.770154820,   6138947.10769690)",AV ALM HARWOOD 6302,0
2026-05-24,E_113,80,S,100,,S,,58819,Nocturno,2026-05-25 02:35:32,,107050,"POINT (  585485.060026490,   6139086.29106576)",AV ALM HARWOOD Esq. CANADA,0
2026-05-24,E_113,81,S,100,,S,,58819,Nocturno,2026-05-25 02:38:18,,107051,"POINT (  585620.649685030,   6139135.15013656)",AV ALM HARWOOD 6548,0
2026-05-24,E_113,82,S,100,,S,,58819,Nocturno,2026-05-25 02:40:38,,107052,"POINT (  585667.477187400,   6139051.16806656)",SANLUCAR Esq. AV GRAL RIVERA,0
2026-05-24,E_113,83,S,100,,S,,58819,Nocturno,2026-05-25 02:42:02,,181668,"POINT (  585807.174224619,   6139118.18175883)",DR LEONEL AGUIRRE 1708,0
2026-05-24,E_113,84,S,100,,S,,58819,Nocturno,2026-05-25 02:43:59,,181669,"POINT (  585778.416054684,   6139183.32337103)",DR LEONEL AGUIRRE 1726,0
2026-05-24,E_113,85,S,100,,S,,58819,Nocturno,2026-05-25 02:45:17,,181670,"POINT (  585758.590346623,   6139233.65016841)",DR LEONEL AGUIRRE 1744,0
2026-05-24,E_113,86,S,100,,S,,58819,Nocturno,2026-05-25 02:47:32,,107056,"POINT (  585690.196169000,   6139246.00604874)",AV ALM HARWOOD 6527,0
2026-05-24,E_113,87,S,75,,S,,58819,Nocturno,2026-05-25 02:49:18,,107057,"POINT (  585504.787780510,   6139126.34430187)",AV ALM HARWOOD 6485,0
2026-05-24,E_113,88,S,75,,S,,58819,Nocturno,2026-05-25 02:51:40,,107011,"POINT (  585126.012964450,   6138987.33954818)",AV ALM HARWOOD Esq. DR RAUL LEON JUDE,0
2026-05-24,E_113,89,S,75,,S,,58819,Nocturno,2026-05-25 02:51:59,,107059,"POINT (  585015.307486160,   6138943.35784349)",AV ALM HARWOOD 6225,0
2026-05-24,E_113,90,S,100,,S,,58819,Nocturno,2026-05-25 02:54:15,,107060,"POINT (  584826.047639030,   6138849.97845336)",AV ALM HARWOOD 6161,0
2026-05-24,E_109,1,S,75,,S,,58820,Nocturno,2026-05-24 21:28:18,,179112,"POINT (  580431.659209012,   6138184.98098548)",ARRASCAETA 1495 EN 1485/1475,0
2026-05-24,E_109,2,S,100,,S,"Basura Afuera, Requiere Limpieza",58820,Nocturno,2026-05-24 21:28:27,,179110,"POINT (  580463.134142842,   6138163.03516006)",ARRASCAETA 1424 ESQ.fte 1424,0
2026-05-24,E_109,3,S,75,,S,,58820,Nocturno,2026-05-24 21:31:05,,180401,"POINT (  580495.711093028,   6138116.43371090)",ARRASCAETA 1407 EN 1407,0
2026-05-24,E_109,4,S,75,,S,,58820,Nocturno,2026-05-24 21:32:51,,107765,"POINT (  580515.606595664,   6138090.66542102)",ARRASCAETA 1395,0
2026-05-24,E_109,5,S,100,,S,"Basura Afuera, Requiere Limpieza",58820,Nocturno,2026-05-25 01:32:30,,107764,"POINT (  580572.072019386,   6138014.28281094)",ARRASCAETA 1357,0
2026-05-24,E_109,6,S,75,,S,,58820,Nocturno,2026-05-25 01:35:53,,107761,"POINT (  580132.771824323,   6137823.20606125)",BV JOSE BATLLE Y ORDOÑEZ 1302,0
2026-05-24,E_109,7,S,75,,S,,58820,Nocturno,2026-05-25 01:37:34,,107762,"POINT (  580083.559943321,   6137887.16547662)",BV JOSE BATLLE Y ORDOÑEZ Esq. VERDI,0
2026-05-24,E_109,8,S,50,,S,,58820,Nocturno,2026-05-25 01:39:27,,175336,"POINT (  580149.202501204,   6137956.17431952)",VERDI 4128 VIVIENDAS,0
2026-05-24,E_109,9,S,75,,S,,58820,Nocturno,2026-05-25 01:39:41,,107759,"POINT (  580150.885643714,   6137957.13611524)",VERDI 4128 VIVIENDAS,0
2026-05-24,E_109,10,S,75,,S,,58820,Nocturno,2026-05-25 01:39:49,,107760,"POINT (  580152.889384797,   6137958.33835989)",VERDI 4128 VIVIENDAS,0
2026-05-24,E_109,11,S,75,,S,,58820,Nocturno,2026-05-25 01:43:14,,156413,"POINT (  580329.939946901,   6138035.48239159)",AV MCAL FRANCISCO SOLANO LOPEZ 1415,0
2026-05-24,E_109,12,N,,Auto,S,,58820,Nocturno,2026-05-25 01:43:37,,107748,"POINT (  580342.042543044,   6138019.21201400)",AV MCAL FRANCISCO SOLANO LOPEZ 1405,0
2026-05-24,E_109,13,S,50,,S,,58820,Nocturno,2026-05-25 01:44:45,,177349,"POINT (  580411.371984520,   6137932.89084813)",AV MCAL FRANCISCO SOLANO LOPEZ 1352 FTE 1352,0
2026-05-24,E_109,14,S,75,,S,,58820,Nocturno,2026-05-25 01:44:57,,177350,"POINT (  580413.215426316,   6137930.32605955)",AV MCAL FRANCISCO SOLANO LOPEZ 1352 FTE 1352,0
2026-05-24,E_109,15,S,50,,S,,58820,Nocturno,2026-05-25 01:48:27,,179086,"POINT (  580285.692037223,   6137932.65195234)",DONIZETTI 1348 SOLAMENTE RETIRAR,0
2026-05-24,E_109,16,S,75,,S,,58820,Nocturno,2026-05-25 01:48:40,,180910,"POINT (  580233.189500872,   6137933.11208020)",DONIZETTI 1372,0
2026-05-24,E_109,17,S,75,,S,,58820,Nocturno,2026-05-25 01:48:52,,181105,"POINT (  580215.594895073,   6137959.49083010)",DONIZETTI 1384,0
2026-05-24,E_109,18,S,75,,S,"Basura Afuera, Requiere Limpieza",58820,Nocturno,2026-05-25 01:50:49,,177348,"POINT (  580202.902762232,   6138094.23208015)",JUAN M ESPINOSA 1443 FTE 1443,0
2026-05-24,E_109,19,S,25,,N,,58820,Nocturno,2026-05-25 01:51:07,,179087,"POINT (  580201.780667225,   6138096.23582123)",JUAN M ESPINOSA 1443 FTE 1443,0
2026-05-24,E_109,20,S,75,,S,,58820,Nocturno,2026-05-25 01:51:15,,179921,"POINT (  580198.906061220,   6138103.39739129)",JUAN M ESPINOSA 1447 FTE 1447,0
2026-05-24,E_109,21,S,75,,S,,58820,Nocturno,2026-05-25 01:54:56,,177346,"POINT (  580286.076623351,   6138093.09901229)",AV MCAL FRANCISCO SOLANO LOPEZ 1435,0
2026-05-24,E_109,22,S,100,,S,"Basura Afuera, Requiere Limpieza",58820,Nocturno,2026-05-25 01:55:54,,107754,"POINT (  580334.326569600,   6138073.18750846)",VERDI 4252,0
2026-05-24,E_109,23,,,,S,,58820,Nocturno,,,107544,"POINT (  582772.941150262,   6138580.05914315)",DR ALEJANDRO GALLINAL 1547 VEREDA (ALEJAR DE GARAJE),0
2026-05-24,E_109,24,,,,S,,58820,Nocturno,,,174012,"POINT (  582888.036038076,   6138241.90779795)",ORINOCO 5313 EN 5315/5319,0
2026-05-24,E_109,25,,,,S,,58820,Nocturno,,,180762,"POINT (  582807.731020904,   6138214.83621300)",ORINOCO 5279,0
2026-05-24,E_109,26,,,,S,,58820,Nocturno,,,107513,"POINT (  582761.599975731,   6138199.78916038)",ORINOCO 5259 EN 5253,0
2026-05-24,E_109,27,,,,S,,58820,Nocturno,,,179093,"POINT (  582658.487459594,   6138443.72459985)",MISSISSIPI 1514 EN 1516,0
2026-05-24,E_109,28,,,,S,,58820,Nocturno,,,107540,"POINT (  582645.663516662,   6138483.95972080)",MISSISSIPI 1530,0
2026-05-24,E_109,29,,,,S,,58820,Nocturno,,,107541,"POINT (  582600.138519254,   6138622.05755624)",MISSISSIPI 1646,0
2026-05-24,E_109,30,,,,S,,58820,Nocturno,,,117392,"POINT (  582599.256873178,   6138625.26354198)",MISSISSIPI 1646,0
2026-05-24,E_109,31,,,,S,,58820,Nocturno,,,107533,"POINT (  582630.827853613,   6138380.07350490)",PILCOMAYO 5232 (ALEJAR DE REBAJE 1MT MINIMO),0
2026-05-24,E_109,32,,,,S,,58820,Nocturno,,,107534,"POINT (  582688.423351376,   6138398.64042547)",PILCOMAYO 5258 ANTES DE 5260,0
2026-05-24,E_109,33,,,,S,,58820,Nocturno,,,181426,"POINT (  582743.617223094,   6138416.29798432)",PILCOMAYO 5284 en 5284,0
2026-05-24,E_109,34,,,,S,,58820,Nocturno,,,180602,"POINT (  582779.419803072,   6138427.93988465)",PILCOMAYO 5314,0
2026-05-24,E_109,35,,,,S,,58820,Nocturno,,,158516,"POINT (  582964.378573343,   6138581.38161225)",ALEJANDRO FLEMING 1506,0
2026-05-24,E_109,36,,,,S,,58820,Nocturno,,,158532,"POINT (  582962.935879763,   6138584.74789727)",ALEJANDRO FLEMING 1506,0
2026-05-24,E_109,37,,,,S,,58820,Nocturno,,,107528,"POINT (  582921.017616304,   6138648.30656443)",ALEJANDRO FLEMING 1532,0
2026-05-24,E_109,38,,,,S,,58820,Nocturno,,,107524,"POINT (  582963.897675483,   6138402.16700978)",ACONCAGUA 5382 EN 5380. SUB ESTACION,0
2026-05-24,E_109,39,,,,S,,58820,Nocturno,,,113892,"POINT (  583055.492638949,   6138463.28672238)",ACONCAGUA 5428,0
2026-05-24,E_109,40,S,50,,S,,58820,Nocturno,2026-05-25 02:16:11,,181580,"POINT (  583205.217264924,   6138477.40925970)",CARAMURU 5524 VEREDA,0
2026-05-24,E_109,41,S,75,,S,,58820,Nocturno,2026-05-25 02:18:14,,107530,"POINT (  583250.418163550,   6138397.18216418)",NATIVA 1409 EN 1409/1403,0
2026-05-24,E_109,42,S,75,,S,,58820,Nocturno,2026-05-25 02:20:09,,179113,"POINT (  583349.443327221,   6138356.64931724)",PALMAS Y OMBUES 5580 (RETIRA VIEJO DE GRITO DE GLORIA 1410),0
2026-05-24,E_109,43,S,75,,S,,58820,Nocturno,2026-05-25 02:19:57,,107531,"POINT (  583353.345517060,   6138356.23778867)",PALMAS Y OMBUES 5580,0
2026-05-24,E_109,44,S,50,,S,,58820,Nocturno,2026-05-25 02:22:56,,107532,"POINT (  583350.257739080,   6138246.02418710)",ISMAEL 5565,0
2026-05-24,E_109,45,,,,S,,58820,Nocturno,,,107549,"POINT (  583119.147534603,   6138234.57410559)",RBLA O´HIGGINS 5303 ANTES MOLINO PEREZ,0
2026-05-24,E_109,46,,,,S,,58820,Nocturno,,,107542,"POINT (  582934.723205313,   6138205.55993471)",RBLA O´HIGGINS 5203,0
2026-05-24,E_109,47,,,,S,,58820,Nocturno,,,107543,"POINT (  582795.182676285,   6138157.91097175)",RBLA O´HIGGINS 5163,0
2026-05-24,E_109,48,,,,S,,58820,Nocturno,,,175101,"POINT (  582722.246500859,   6138251.76620408)",MISSISSIPI 1424,0
2026-05-24,E_109,49,,,,S,,58820,Nocturno,,,107523,"POINT (  582803.918987406,   6138328.58963721)",ACONCAGUA 5296,0
2026-05-24,E_109,50,,,,S,,58820,Nocturno,,,107607,"POINT (  582897.533770810,   6138358.08470595)",ACONCAGUA 5350,0
2026-05-24,E_109,51,S,75,,S,,58820,Nocturno,2026-05-25 02:27:47,,107507,"POINT (  583307.740347930,   6138529.72338193)",RENE 1468,0
2026-05-24,E_109,52,S,100,,S,,58820,Nocturno,2026-05-25 02:29:22,,107576,"POINT (  583311.412181360,   6138638.74961254)",RENE 1534,0
2026-05-24,E_109,53,S,100,,S,,58820,Nocturno,2026-05-25 02:30:40,,107552,"POINT (  583312.423810030,   6138749.87588983)",RENE 1558 1562/1558,0
2026-05-24,E_109,54,S,100,,S,,58820,Nocturno,2026-05-25 02:32:30,,107553,"POINT (  583323.809648830,   6138931.19473051)",RENE 1652 EN 1660,0
2026-05-24,E_109,55,S,100,,S,,58820,Nocturno,2026-05-25 02:34:19,,107554,"POINT (  583341.864142570,   6138975.14291503)",RENE 1707 EN 1692,0
2026-05-24,E_109,56,S,100,,S,,58820,Nocturno,2026-05-25 02:36:25,,107556,"POINT (  583260.161648660,   6139059.16693965)",ING JOSE ACQUISTAPACE Esq. PALERMO,0
2026-05-24,E_109,57,S,100,,S,,58820,Nocturno,2026-05-25 02:38:35,,107557,"POINT (  583185.631663739,   6138861.30424153)",ING JOSE ACQUISTAPACE 1597 EN 1591,0
2026-05-24,E_109,58,S,100,,S,,58820,Nocturno,2026-05-25 02:40:05,,107506,"POINT (  583183.605520650,   6138759.64218476)",ING JOSE ACQUISTAPACE 1559,0
2026-05-24,E_109,59,S,100,,S,,58820,Nocturno,2026-05-25 02:43:03,,158432,"POINT (  583181.843073862,   6138725.56245408)",ING JOSE ACQUISTAPACE 1555 EN 1543,0
2026-05-24,E_109,60,S,100,,S,,58820,Nocturno,2026-05-25 02:43:53,,179094,"POINT (  583179.219692272,   6138575.00971557)",ING JOSE ACQUISTAPACE 1491,0
2026-05-24,E_109,61,S,100,,S,,58820,Nocturno,2026-05-25 02:46:07,,107567,"POINT (  583424.397451204,   6138542.06821218)",GRITO DE GLORIA 1466 (TRAER DESDE LA ESQUINA),0
2026-05-24,E_109,62,S,100,,S,,58820,Nocturno,2026-05-25 02:48:09,,107508,"POINT (  583428.816106610,   6138681.61159451)",GRITO DE GLORIA 1548 EN 1448/1446,0
2026-05-24,E_109,63,S,75,,S,,58820,Nocturno,2026-05-25 02:49:36,,107565,"POINT (  583428.244634083,   6138729.77867684)",GRITO DE GLORIA 1556 FTE 1551 (ALEJAR BOCA DE TORMENTA),0
2026-05-24,E_109,64,S,100,,S,,58820,Nocturno,2026-05-25 02:51:18,,107562,"POINT (  583430.618830660,   6138815.77748465)",GRITO DE GLORIA 1580 1580/1582,0
2026-05-24,E_109,65,S,100,,S,,58820,Nocturno,2026-05-25 02:52:28,,107563,"POINT (  583432.412415536,   6138927.82844550)",GRITO DE GLORIA 1660 EN 1690 (RETIRAR VIEJO DE PALERMO 5570/60),0
2026-05-24,E_109,66,S,100,,S,,58820,Nocturno,2026-05-25 02:52:57,,107564,"POINT (  583432.252116249,   6138932.95802267)",GRITO DE GLORIA 1660 EN 1690 (RETIRAR VIEJO DE PALERMO 5570/60),0
2026-05-24,E_109,67,,,,S,,58820,Nocturno,,,180646,"POINT (  583517.172767974,   6139059.59819172)",GRITO DE GLORIA 1825 POS PROVISORIA - APOYO,0
2026-05-24,E_109,68,,,,S,,58820,Nocturno,,,107561,"POINT (  583519.076250622,   6139064.44275088)",GRITO DE GLORIA 1825 EN 1830,0
2026-05-24,E_109,69,,,,S,,58820,Nocturno,,,179114,"POINT (  583247.655123780,   6139225.38636704)",AV ARQ EUGENIO P BAROFFIO 2064 CERCO VEGETAL (RETIRAR VIEJO VEREDA DE ENFRENTE),0
2026-05-24,E_109,70,,,,S,,58820,Nocturno,,,179115,"POINT (  583281.728905358,   6139312.59214701)",AV ARQ EUGENIO P BAROFFIO 2088 (RETIRAR VIEJO VEREDA DE ENFRENTE),0
2026-05-24,E_109,71,,,,S,,58820,Nocturno,,,179116,"POINT (  583317.535252100,   6139409.03827452)",AV ARQ EUGENIO P BAROFFIO 2134 EN 2130. MURO. (RETIRAR VIEJO VEREDA DE ENFRENTE),0
2026-05-24,E_109,72,,,,S,,58820,Nocturno,,,180595,"POINT (  583586.504058824,   6139426.66808235)",EMILIO ORIBE 2121,0
2026-05-24,E_109,73,,,,S,,58820,Nocturno,,,179305,"POINT (  583553.970642919,   6139372.13788889)",SARA DE IBAÑEZ 5636,0
2026-05-24,E_109,74,,,,S,,58820,Nocturno,,,179303,"POINT (  583460.775604357,   6139382.19548279)",SARA DE IBAÑEZ 5593 EN 5593/5595,0
2026-05-24,E_109,75,,,,S,,58820,Nocturno,,,180670,"POINT (  583342.786512510,   6139225.74562876)",ING JOSE ACQUISTAPACE 2045,0
2026-05-24,E_109,76,,,,S,,58820,Nocturno,,,179109,"POINT (  583569.334722740,   6139160.41517335)",ESTHER DE CACERES 5639 FTE 5639. (RETIRAR VIEJO DE AV ESC LEDO ARROYO TORRES FTE 5630),0
2026-05-24,E_109,77,,,,S,,58820,Nocturno,,,107574,"POINT (  583572.754440998,   6139160.18226151)",ESTHER DE CACERES 5639 FTE 5639,0
2026-05-24,E_109,78,,,,S,,58820,Nocturno,,,107521,"POINT (  583772.367127698,   6139278.00223719)",JUSTINO ZAVALA MUNIZ 5719,0
2026-05-24,E_109,79,,,,S,,58820,Nocturno,,,179304,"POINT (  583661.813780174,   6139269.63244227)",JUSTINO ZAVALA MUNIZ 5671,0
2026-05-24,E_109,80,,,,S,,58820,Nocturno,,,107579,"POINT (  583583.801142850,   6139265.23676685)",JUSTINO ZAVALA MUNIZ 5647,0
2026-05-24,E_109,81,,,,S,,58820,Nocturno,,,107580,"POINT (  583450.606384571,   6139223.66077902)",JUSTINO ZAVALA MUNIZ 5591 FTE 5566,0
2026-05-24,E_109,82,,,,S,,58820,Nocturno,,,107555,"POINT (  583307.138523019,   6139133.49243026)",ING JOSE ACQUISTAPACE 1807,0
2026-05-24,E_109,83,,,,S,,58820,Nocturno,,,180004,"POINT (  583362.397432462,   6138998.88920000)",RENE 1707,0
2026-05-24,E_109,84,,,,S,,58820,Nocturno,,,107570,"POINT (  583535.034090000,   6138872.17192667)",HERNANI 1641,0
2026-05-24,E_109,85,,,,S,,58820,Nocturno,,,107571,"POINT (  583534.923809348,   6138767.44900921)",HERNANI 1571,0
2026-05-24,E_109,86,,,,S,,58820,Nocturno,,,109092,"POINT (  583530.759363670,   6138723.21678273)",HERNANI 1553,0
2026-05-24,E_109,87,,,,S,,58820,Nocturno,,,180986,"POINT (  582984.068213311,   6138811.06094892)",ALBERTO ZUM FELDE 1608 EN 1571,0
2026-05-24,E_109,88,,,,S,,58820,Nocturno,,,180987,"POINT (  582979.972650171,   6138815.61157463)",ALBERTO ZUM FELDE 1608 EN 1571,0
2026-05-24,E_109,89,,,,S,,58820,Nocturno,,,107591,"POINT (  582920.673537960,   6138906.26985426)",ALBERTO ZUM FELDE 1634 EN 1636,0
2026-05-24,E_109,90,,,,S,,58820,Nocturno,,,113812,"POINT (  582865.449047333,   6139001.35082666)",ALBERTO ZUM FELDE 1694,0
2026-05-24,E_109,91,,,,S,,58820,Nocturno,,,107592,"POINT (  582861.711173100,   6139006.39811859)",ALBERTO ZUM FELDE 1694,0
2026-05-24,E_109,92,,,,S,,58820,Nocturno,,,107516,"POINT (  583068.505637750,   6139223.09977919)",SEPEE 1704,0
2026-05-24,E_109,93,,,,S,,58820,Nocturno,,,107586,"POINT (  582990.908105283,   6139338.55529274)",SEPEE 1764 EN 1764/1778,0
2026-05-24,E_109,94,,,,S,,58820,Nocturno,,,107517,"POINT (  583193.045505748,   6139449.32209981)",ALMIRON 5568 FTE 5568,0
2026-05-24,E_109,95,,,,S,,58820,Nocturno,,,107587,"POINT (  583159.222356265,   6139361.39794108)",ALMIRON 5529,0
2026-05-24,E_109,96,,,,S,,58820,Nocturno,,,183911,"POINT (  583111.165716536,   6139222.97763937)",ALMIRON 5458,0
2026-05-24,E_109,97,,,,S,,58820,Nocturno,,,183910,"POINT (  583110.115847769,   6139221.14036903)",ALMIRON 5463,0
2026-05-24,E_109,98,,,,S,,58820,Nocturno,,,179098,"POINT (  582786.245991050,   6139107.84454439)",ALBERTO ZUM FELDE 1718,0
2026-05-24,E_109,99,,,,S,,58820,Nocturno,,,113972,"POINT (  582731.784308414,   6139193.32413903)",ALBERTO ZUM FELDE 1736 EN 1738,0
2026-05-24,E_109,100,,,,S,,58820,Nocturno,,,113992,"POINT (  582671.542912600,   6139283.76649721)",ALBERTO ZUM FELDE 1788,0
2026-05-24,E_109,101,,,,S,,58820,Nocturno,,,107590,"POINT (  582814.487692140,   6139315.05622183)",VOLTEADORES 1771,0
2026-05-24,E_109,102,,,,N,,58820,Nocturno,,,107588,"POINT (  582874.130074959,   6139226.58624101)",VOLTEADORES 1753,0
2026-05-24,E_109,103,,,,S,,58820,Nocturno,,,107589,"POINT (  582944.741910728,   6139120.94901111)",VOLTEADORES 1703 EN 1715,0
2026-05-24,E_109,104,,,,S,,58820,Nocturno,,,107538,"POINT (  582487.608420026,   6138814.25640094)",GRAL ANDRES GOMEZ 1660,0
2026-05-24,E_109,105,,,,S,,58820,Nocturno,,,107514,"POINT (  582415.233292104,   6138923.66066408)",GRAL ANDRES GOMEZ 1762 EN 1764,0
2026-05-24,E_109,106,,,,S,,58820,Nocturno,,,107511,"POINT (  582315.051804100,   6139074.68021675)",GRAL ANDRES GOMEZ 1824,0
2026-05-24,E_109,107,,,,S,,58820,Nocturno,,,160632,"POINT (  582245.245138778,   6139181.22201107)",GRAL ANDRES GOMEZ 1848,0
2026-05-24,E_109,108,,,,S,,58820,Nocturno,,,121932,"POINT (  582570.603375689,   6139151.40587558)",ALEJANDRO FLEMING 1739,0
2026-05-24,E_109,109,,,,S,,58820,Nocturno,,,107526,"POINT (  582686.959460880,   6138974.19233825)",ALEJANDRO FLEMING 1651,0
2026-05-24,E_109,110,,,,S,,58820,Nocturno,,,107599,"POINT (  582729.266858580,   6138911.86899117)",ALEJANDRO FLEMING Esq. ALMIRON,0
2026-05-24,E_109,111,,,,S,,58820,Nocturno,,,107600,"POINT (  582787.418139710,   6138823.91513301)",ALEJANDRO FLEMING 1623,0
2026-05-24,E_109,112,,,,S,,58820,Nocturno,,,107601,"POINT (  582862.668675964,   6138712.50642873)",ALEJANDRO FLEMING 1555,0
2026-05-24,E_109,113,,,,S,,58820,Nocturno,,,181579,"POINT (  582651.937837095,   6138788.11376297)",DR ALEJANDRO GALLINAL 1626 VEREDA,0
2026-05-24,E_109,114,,,,S,,58820,Nocturno,,,181578,"POINT (  582630.337088375,   6138819.11962237)",DR ALEJANDRO GALLINAL 1642 VEREDA,0
2026-05-24,E_109,115,,,,S,,58820,Nocturno,,,181577,"POINT (  582564.087902110,   6138919.37190112)",DR ALEJANDRO GALLINAL 1666 1668/66 VEREDA,0
2026-05-24,E_109,116,,,,S,,58820,Nocturno,,,181576,"POINT (  582490.293956722,   6139029.02929056)",DR ALEJANDRO GALLINAL 1706 VEREDA,0
2026-05-24,E_109,117,,,,S,,58820,Nocturno,,,181575,"POINT (  582442.441580371,   6139101.37629584)",DR ALEJANDRO GALLINAL 1730 VEREDA,0
2026-05-24,E_109,118,,,,N,,58820,Nocturno,,,181574,"POINT (  582440.787934536,   6139103.85676459)",DR ALEJANDRO GALLINAL 1730 VEREDA,0
2026-05-24,E_109,119,,,,S,,58820,Nocturno,,,181573,"POINT (  582368.130870660,   6139212.99738970)",DR ALEJANDRO GALLINAL 1782 1782,0
2026-05-24,E_108,74,S,50,,S,,58821,Nocturno,2026-05-24 23:11:45,,107636,"POINT (  581419.028194453,   6138966.86336975)",AV ESTANISLAO LOPEZ 4540,0
2026-05-24,E_108,75,S,50,,S,,58821,Nocturno,2026-05-24 23:15:09,,107678,"POINT (  581547.631791545,   6138972.66310708)",AV ESTANISLAO LOPEZ 4606 EN 4606,0
2026-05-24,E_108,76,S,50,,S,,58821,Nocturno,2026-05-24 23:22:27,,180104,"POINT (  581563.254306954,   6138972.33684651)",AV ESTANISLAO LOPEZ 4716 EN 4716,0
2026-05-24,E_108,77,S,50,,S,,58821,Nocturno,2026-05-24 23:22:13,,181530,"POINT (  581817.117020879,   6138994.18372528)",AV ESTANISLAO LOPEZ 4836 EN 4836,0
2026-05-24,E_108,78,S,50,,S,,58821,Nocturno,2026-05-24 23:22:35,,107697,"POINT (  581820.283173163,   6138994.19937517)",AV ESTANISLAO LOPEZ 4836 EN 4826,0
2026-05-24,E_108,79,S,50,,S,,58821,Nocturno,2026-05-24 23:22:46,,179022,"POINT (  581823.280406239,   6138994.40608090)",AV ESTANISLAO LOPEZ 4836 EN 4826,0
2026-05-24,E_108,80,S,100,,S,,58821,Nocturno,2026-05-24 23:32:08,,107698,"POINT (  582011.804494610,   6138933.17826773)",AV ENRIQUE LEGRAND 4910,0
2026-05-24,E_108,81,S,75,,S,,58821,Nocturno,2026-05-24 23:34:29,,180105,"POINT (  582119.599009896,   6138878.46672015)",AV ENRIQUE LEGRAND 4972,0
2026-05-24,E_108,82,S,75,,S,,58821,Nocturno,2026-05-24 23:38:41,,107616,"POINT (  582225.150587350,   6138827.11617810)",AV ENRIQUE LEGRAND 5026,0
2026-05-24,E_108,83,S,100,,S,,58821,Nocturno,2026-05-24 23:41:28,,180106,"POINT (  582334.432972540,   6138774.81275410)",AV ENRIQUE LEGRAND 5076 EN 5076,0
2026-05-24,E_108,84,S,75,,S,,58821,Nocturno,2026-05-24 23:44:34,,109872,"POINT (  582329.693568193,   6139013.25643108)",MICHIGAN 1796 1796 FTE PROA,0
2026-05-24,E_108,85,S,75,,S,,58821,Nocturno,2026-05-24 23:46:01,,107690,"POINT (  582291.522300560,   6138910.16395236)",MICHIGAN 1757 EN 1763,0
2026-05-24,E_108,86,S,75,,S,,58821,Nocturno,2026-05-24 23:48:16,,180065,"POINT (  582186.476833987,   6138914.42122920)",AMAZONAS 1706 EN 1706,0
2026-05-24,E_108,87,S,75,,S,,58821,Nocturno,2026-05-24 23:50:01,,107628,"POINT (  582200.223552460,   6139009.67005127)",AMAZONAS 1744,0
2026-05-24,E_108,88,,,,S,,58821,Nocturno,,,107684,"POINT (  582041.372386114,   6139098.75010707)",AV ESTANISLAO LOPEZ 4895 EN 4897,0
2026-05-24,E_108,89,,,,S,,58821,Nocturno,,,107627,"POINT (  581990.103783757,   6139061.10694407)",AV ESTANISLAO LOPEZ 4881 4869/4871,0
2026-05-24,E_108,90,,,,S,,58821,Nocturno,,,181529,"POINT (  581985.578559340,   6139059.01889011)",AV ESTANISLAO LOPEZ 4881 EN 4881,0
2026-05-24,E_108,91,,,,S,,58821,Nocturno,,,107681,"POINT (  581665.047170397,   6138998.59187192)",AV ESTANISLAO LOPEZ Esq. RBLA CONCEPCION DEL URUGUAY,0
2026-05-24,E_108,92,,,,S,,58821,Nocturno,,,107682,"POINT (  581662.256643050,   6138998.59187192)",AV ESTANISLAO LOPEZ Esq. RBLA CONCEPCION DEL URUGUAY,0
2026-05-24,E_108,93,,,,S,,58821,Nocturno,,,179183,"POINT (  581659.466115703,   6138998.54019549)",AV ESTANISLAO LOPEZ Esq. RBLA CONCEPCION DEL URUGUAY,0
2026-05-24,E_108,94,,,,S,,58821,Nocturno,,,180107,"POINT (  581557.986085578,   6139007.77760850)",AV ESTANISLAO LOPEZ 4711 EN 4703,0
2026-05-24,E_108,95,,,,S,,58821,Nocturno,,,107676,"POINT (  581434.518677235,   6139000.88549973)",AV ESTANISLAO LOPEZ 4639 EN 4653,0
2026-05-24,E_108,96,,,,S,,58821,Nocturno,,,181285,"POINT (  582092.070631373,   6139199.69965186)",SEGOVIA 1883,0
2026-05-24,E_108,97,,,,S,,58821,Nocturno,,,168352,"POINT (  582092.106940538,   6139160.52646353)",SEGOVIA 1851,0
2026-05-24,E_108,98,,,,N,,58821,Nocturno,,,179186,"POINT (  582004.811998335,   6139131.75266938)",VALIENTE 4905,0
2026-05-24,E_108,99,,,,S,,58821,Nocturno,,,107689,"POINT (  582001.649054713,   6139131.88211037)",VALIENTE 4905,0
2026-05-24,E_108,100,,,,S,,58821,Nocturno,,,183625,"POINT (  581915.333215254,   6139136.42285989)",VALIENTE 4865 PDO PORTON,0
2026-05-24,E_108,101,,,,S,,58821,Nocturno,,,183624,"POINT (  581912.395362147,   6139136.64884859)",VALIENTE 4865 PDO PORTON,0
2026-05-24,E_108,102,,,,S,,58821,Nocturno,,,179187,"POINT (  581748.333139702,   6139079.25465301)",VICTOR RAUL HAYA DE LA TORRE 1879 FTE 1824,0
2026-05-24,E_108,103,,,,S,,58821,Nocturno,,,107683,"POINT (  581745.235585839,   6139021.50079407)",VICTOR RAUL HAYA DE LA TORRE 1809,0
2026-05-24,E_108,104,,,,S,,58821,Nocturno,,,107680,"POINT (  581745.581995314,   6139016.53559159)",VICTOR RAUL HAYA DE LA TORRE 1809,0
2026-05-24,E_108,105,,,,S,,58821,Nocturno,,,176246,"POINT (  581667.329198752,   6139133.06564506)",OVIEDO 4779,0
2026-05-24,E_108,106,,,,S,,58821,Nocturno,,,176245,"POINT (  581665.967110216,   6139133.00889138)",OVIEDO 4779,0
2026-05-24,E_108,107,,,,S,,58821,Nocturno,,,179021,"POINT (  581597.599851412,   6139129.39924916)",OVIEDO 4730 EN 4729,0
2026-05-24,E_108,108,,,,S,,58821,Nocturno,,,176243,"POINT (  581579.305447123,   6139127.50209354)",OVIEDO 4716 FTE 4716,0
2026-05-24,E_108,109,,,,S,,58821,Nocturno,,,107671,"POINT (  581447.647043190,   6139124.04115253)",OVIEDO 4677 PDO 4677,0
2026-05-24,E_108,1,,,,S,,58821,Nocturno,,,147653,"POINT (  582485.391745186,   6138113.81743620)",ENRIQUE ESTRAZULAS 1393 FTE 1395,1
2026-05-24,E_108,2,,,,S,,58821,Nocturno,,,107611,"POINT (  582484.697223050,   6138115.72443850)",ENRIQUE ESTRAZULAS Esq. ORINOCO FTE 1395,1
2026-05-24,E_108,3,,,,S,,58821,Nocturno,,,181104,"POINT (  582342.308212250,   6138141.00612957)",ORINOCO 5087,1
2026-05-24,E_108,4,,,,S,,58821,Nocturno,,,181103,"POINT (  582339.112473236,   6138141.27244115)",ORINOCO 5087,1
2026-05-24,E_108,5,,,,S,,58821,Nocturno,,,180092,"POINT (  582246.916868846,   6138001.36466514)",MICHIGAN 1355 EN 1355,1
2026-05-24,E_108,6,,,,S,,58821,Nocturno,,,175098,"POINT (  582246.725486812,   6137998.77428941)",MICHIGAN 1355,1
2026-05-24,E_108,7,,,,S,,58821,Nocturno,,,180093,"POINT (  582141.905975599,   6137990.41695272)",AMAZONAS 1360 EN 1360,1
2026-05-24,E_108,8,,,,S,,58821,Nocturno,,,107657,"POINT (  582036.071698240,   6138039.39873485)",RIO DE LA PLATA Esq. MAL ABRIGO,1
2026-05-24,E_108,9,,,,S,,58821,Nocturno,,,179167,"POINT (  582035.965179879,   6138036.72471106)",RIO DE LA PLATA Esq. MAL ABRIGO,1
2026-05-24,E_108,10,,,,S,,58821,Nocturno,,,107623,"POINT (  581959.321962900,   6138089.29313001)",RIMAC 1368,1
2026-05-24,E_108,11,,,,S,,58821,Nocturno,,,181070,"POINT (  581906.067117514,   6138156.53931695)",ORINOCO 4883,1
2026-05-24,E_108,12,,,,S,,58821,Nocturno,,,107653,"POINT (  581805.525490770,   6138132.66836882)",RBLA O´HIGGINS 4741 EN 4741,1
2026-05-24,E_108,13,,,,S,,58821,Nocturno,,,107654,"POINT (  581701.420568641,   6138171.53641113)",RBLA CONCEPCION DEL URUGUAY 1406,1
2026-05-24,E_108,14,,,,S,,58821,Nocturno,,,180094,"POINT (  581701.274167321,   6138173.31455621)",RBLA CONCEPCION DEL URUGUAY 1406 EN 4705,1
2026-05-24,E_108,15,,,,S,,58821,Nocturno,,,107650,"POINT (  581620.629728170,   6138171.61656078)",RBLA REPUBLICA DE CHILE 4673 EN 4697,1
2026-05-24,E_108,16,,,,S,,58821,Nocturno,,,179731,"POINT (  581617.072218083,   6138171.45888845)",RBLA REPUBLICA DE CHILE 4673 EN 4697,1
2026-05-24,E_108,17,,,,S,,58821,Nocturno,,,111832,"POINT (  581619.026735304,   6138270.84181921)",ALMERIA 4746 VEREDA,1
2026-05-24,E_108,18,,,,S,,58821,Nocturno,,,107642,"POINT (  581820.963761660,   6138229.04378022)",AV 18 DE DICIEMBRE 1433 FTE 1446,1
2026-05-24,E_108,19,,,,S,,58821,Nocturno,,,181068,"POINT (  582094.541693785,   6138135.74835650)",ORINOCO 4978,1
2026-05-24,E_108,20,,,,S,,58821,Nocturno,,,181072,"POINT (  582218.157512995,   6138132.58451469)",ORINOCO 5034,1
2026-05-24,E_108,21,,,,S,,58821,Nocturno,,,183797,"POINT (  582629.785231475,   6138142.10442032)",ORINOCO 5198,1
2026-05-24,E_108,22,,,,S,,58821,Nocturno,,,107660,"POINT (  582585.350910048,   6138128.37582820)",ORINOCO 5170 EN 5174,1
2026-05-24,E_108,23,,,,N,,58821,Nocturno,,,181027,"POINT (  582577.658752505,   6138267.93464488)",ACONCAGUA 5189,1
2026-05-24,E_108,24,,,,S,,58821,Nocturno,,,107662,"POINT (  582517.985134833,   6138249.32163998)",ACONCAGUA 5153 VEREDA,1
2026-05-24,E_108,25,,,,S,,58821,Nocturno,,,180097,"POINT (  582448.002419608,   6138247.64928301)",ACONCAGUA 5101 EN 5111,1
2026-05-24,E_108,26,,,,S,,58821,Nocturno,,,113872,"POINT (  582409.702966701,   6138247.51827301)",ACONCAGUA 5095 COLUMNA/REBAJE,1
2026-05-24,E_108,27,,,,S,,58821,Nocturno,,,107649,"POINT (  582228.016708540,   6138249.22374795)",ACONCAGUA 5039 VEREDA,1
2026-05-24,E_108,28,,,,S,,58821,Nocturno,,,181949,"POINT (  582123.581546075,   6138253.95749613)",ACONCAGUA 4996,1
2026-05-24,E_108,29,,,,S,,58821,Nocturno,,,107640,"POINT (  582114.941592020,   6138254.31212819)",ACONCAGUA 4992 VEREDA. MURO. FTE 4992,1
2026-05-24,E_108,30,,,,S,,58821,Nocturno,,,107641,"POINT (  581971.685165932,   6138256.97593091)",ACONCAGUA 4905 VEREDA. FTE 4906,1
2026-05-24,E_108,31,,,,S,,58821,Nocturno,,,107643,"POINT (  581765.483573370,   6138268.36896643)",ALMERIA 4803 EN 4803,1
2026-05-24,E_108,32,,,,S,,58821,Nocturno,,,179170,"POINT (  581688.997373925,   6138277.49423961)",ALMERIA 4757 VEREDA. EN 4757,1
2026-05-24,E_108,33,,,,S,,58821,Nocturno,,,107718,"POINT (  581569.766089362,   6138402.96325393)",ACEGUA 4732,1
2026-05-24,E_108,34,,,,S,,58821,Nocturno,,,179171,"POINT (  581683.867796752,   6138376.87979733)",PILCOMAYO 4754 EN 4758 BIS,1
2026-05-24,E_108,35,,,,S,,58821,Nocturno,,,180099,"POINT (  581688.361896732,   6138376.46191918)",PILCOMAYO 4754 EN 4758 BIS,1
2026-05-24,E_108,36,,,,S,,58821,Nocturno,,,180100,"POINT (  581804.810698475,   6138353.58610219)",PILCOMAYO 4838 ESQ.,1
2026-05-24,E_108,37,,,,S,,58821,Nocturno,,,173992,"POINT (  581861.151836645,   6138350.37332059)",PILCOMAYO 4858 EN 4858,1
2026-05-24,E_108,38,,,,S,,58821,Nocturno,,,107715,"POINT (  582041.619183400,   6138344.82692951)",PILCOMAYO 4948,1
2026-05-24,E_108,39,,,,S,,58821,Nocturno,,,107716,"POINT (  582170.897629060,   6138339.45051022)",PILCOMAYO 5094 MURO,1
2026-05-24,E_108,40,,,,S,,58821,Nocturno,,,107717,"POINT (  582283.802434150,   6138337.25106597)",PILCOMAYO 5058,1
2026-05-24,E_108,41,,,,S,,58821,Nocturno,,,163852,"POINT (  582504.582286391,   6138479.65024690)",DR DECROLY 5194 FTE 5195,1
2026-05-24,E_108,42,,,,S,,58821,Nocturno,,,107665,"POINT (  582508.634513560,   6138481.07028196)",DR DECROLY 5194 FTE 5195,1
2026-05-24,E_108,43,,,,S,,58821,Nocturno,,,107663,"POINT (  582551.645867880,   6138367.43232878)",PILCOMAYO 5193 EN 5193,1
2026-05-24,E_108,44,,,,S,,58821,Nocturno,,,107664,"POINT (  582470.266430400,   6138342.99405928)",PILCOMAYO 5149,1
2026-05-24,E_108,45,,,,S,,58821,Nocturno,,,107621,"POINT (  582380.244566780,   6138408.43113346)",ENRIQUE ESTRAZULAS 1538,1
2026-05-24,E_108,46,,,,S,,58821,Nocturno,,,180101,"POINT (  582362.272572114,   6138457.45320458)",ENRIQUE ESTRAZULAS 1552,1
2026-05-24,E_108,47,,,,S,,58821,Nocturno,,,181467,"POINT (  582311.483876906,   6138607.43893878)",ENRIQUE ESTRAZULAS 1632 1632,1
2026-05-24,E_108,48,,,,S,,58821,Nocturno,,,107711,"POINT (  582309.951382520,   6138613.40351132)",ENRIQUE ESTRAZULAS 1632,1
2026-05-24,E_108,49,,,,S,,58821,Nocturno,,,107712,"POINT (  582260.097312700,   6138452.84408070)",DR DECROLY 5043 EN 5047,1
2026-05-24,E_108,50,,,,S,,58821,Nocturno,,,107713,"POINT (  582133.018311330,   6138457.97611730)",DR DECROLY 4989 EN 4991,1
2026-05-24,E_108,51,,,,S,,58821,Nocturno,,,107719,"POINT (  582024.503780883,   6138460.55602496)",DR DECROLY 4935,1
2026-05-24,E_108,52,,,,S,,58821,Nocturno,,,179174,"POINT (  581974.330104162,   6138547.67868725)",RIMAC 1592,1
2026-05-24,E_108,53,,,,S,,58821,Nocturno,,,158572,"POINT (  581979.463259012,   6138695.26742005)",RIMAC 1652,1
2026-05-24,E_108,54,,,,S,,58821,Nocturno,,,180939,"POINT (  581838.735786348,   6138757.11083902)",AV 18 DE DICIEMBRE 1693,1
2026-05-24,E_108,55,,,,S,,58821,Nocturno,,,180124,"POINT (  581837.834152941,   6138614.41035011)",AV 18 DE DICIEMBRE 1627,1
2026-05-24,E_108,56,,,,S,,58821,Nocturno,,,179173,"POINT (  581818.358898252,   6138524.75588925)",VERDI 4837,1
2026-05-24,E_108,57,,,,S,,58821,Nocturno,,,107708,"POINT (  581814.766518028,   6138524.84918170)",VERDI 4837,1
2026-05-24,E_108,58,,,,S,,58821,Nocturno,,,107709,"POINT (  581713.168841320,   6138529.58024693)",VERDI 4791,1
2026-05-24,E_108,59,,,,S,,58821,Nocturno,,,165734,"POINT (  581554.265823497,   6138535.17534289)",VERDI 4727,1
2026-05-24,E_108,60,,,,S,,58821,Nocturno,,,180679,"POINT (  581620.553185876,   6138619.44752769)",RBLA CONCEPCION DEL URUGUAY 1583 EN 1585,1
2026-05-24,E_108,61,,,,S,,58821,Nocturno,,,179190,"POINT (  581670.387611571,   6138660.47276665)",RBLA CONCEPCION DEL URUGUAY 1580 EN 1584,1
2026-05-24,E_108,62,,,,S,,58821,Nocturno,,,182851,"POINT (  582057.337399346,   6138637.50792157)",RIO DE LA PLATA 1637 EN 1939,1
2026-05-24,E_108,63,,,,S,,58821,Nocturno,,,107691,"POINT (  582274.271509050,   6138714.45575570)",MICHIGAN 1665,1
2026-05-24,E_108,64,,,,S,,58821,Nocturno,,,183961,"POINT (  582272.549880952,   6138703.79875238)",MICHIGAN 1655,1
2026-05-24,E_108,65,,,,S,,58821,Nocturno,,,107699,"POINT (  582085.738091338,   6138792.24378961)",DR JOSE DE AGUIRRE Y LECUBE 4962,1
2026-05-24,E_108,66,,,,S,,58821,Nocturno,,,107700,"POINT (  581999.585359860,   6138795.71300179)",DR JOSE DE AGUIRRE Y LECUBE 4909,1
2026-05-24,E_108,67,,,,S,,58821,Nocturno,,,180103,"POINT (  581756.604873332,   6138805.53264238)",DR JOSE DE AGUIRRE Y LECUBE 4811 ESQ,1
2026-05-24,E_108,68,,,,S,,58821,Nocturno,,,107703,"POINT (  581682.621004440,   6138808.29871058)",DR JOSE DE AGUIRRE Y LECUBE 4785,1
2026-05-24,E_108,69,,,,S,,58821,Nocturno,,,166992,"POINT (  581513.670012108,   6138807.57240890)",ASAMBLEA 4741 VEREDA. FTE 4740,1
2026-05-24,E_108,70,,,,S,,58821,Nocturno,,,107632,"POINT (  581450.358553400,   6138866.42539530)",QUIEBRAYUGOS 4644,1
2026-05-24,E_108,71,,,,S,,58821,Nocturno,,,107693,"POINT (  581613.949467140,   6138867.19494008)",QUIEBRAYUGOS 4736,1
2026-05-24,E_108,72,,,,S,,58821,Nocturno,,,120174,"POINT (  581691.401846181,   6138867.98520256)",QUIEBRAYUGOS 4756 EN 4764,1
2026-05-24,E_108,73,,,,S,,58821,Nocturno,,,165812,"POINT (  581758.326798357,   6138868.28576372)",QUIEBRAYUGOS 4808,1
2026-05-24,CH_111,42,S,100,,S,,58927,Nocturno,2026-05-24 23:34:40,,181349,"POINT (  577251.889290960,   6137419.75978870)",LEPANTO 1363,0
2026-05-24,B_101,9,S,100,,S,,58927,Nocturno,2026-05-24 23:51:03,,139102,"POINT (  574458.512183766,   6138352.01135873)",LIMA 1489 EN 1489. VENTANAS,1
2026-05-24,E_101,70,S,100,,S,,58927,Nocturno,2026-05-25 00:14:27,,101421,"POINT (  578264.323758824,   6139164.20923530)",IGNACIO NUÑEZ 2102,2
2026-05-24,E_108,64,S,100,,S,,58927,Nocturno,2026-05-25 03:10:05,,179178,"POINT (  582166.889605204,   6138755.37495368)",MICHIGAN 1655,3
2026-05-24,E_105,103,S,75,,S,,58927,Nocturno,2026-05-25 01:18:25,,177313,"POINT (  580671.778175673,   6138495.74171834)",ASAMBLEA 4474,4
2026-05-24,E_105,111,S,100,,S,,58927,Nocturno,2026-05-25 01:34:19,,107467,"POINT (  581443.338845300,   6138595.46202377)",HIPOLITO YRIGOYEN 1566,5
2026-05-24,E_112,93,S,50,,S,,58927,Nocturno,2026-05-25 02:50:41,,106917,"POINT (  583833.798487390,   6138138.72807844)",COIMBRA 5776,6
2026-05-24,E_112,94,S,25,,S,,58927,Nocturno,2026-05-25 02:51:54,,179290,"POINT (  583881.365914967,   6138126.15177116)",COIMBRA 5800 (RETIRAR VIEJO DE COIMBRA 5775),6
2026-05-24,E_113,88,S,25,,S,,58927,Nocturno,2026-05-25 02:30:07,,107011,"POINT (  585126.012964450,   6138987.33954818)",AV ALM HARWOOD Esq. DR RAUL LEON JUDE,7
2026-05-24,C_103,6,,,,S,,58927,Nocturno,,,179257,"POINT (  576187.614647930,   6139397.02735011)",BV GRAL ARTIGAS 2301 EN 2301,8
2026-05-24,C_105,101,,,,S,,58927,Nocturno,,,181989,"POINT (  576583.892713652,   6140816.65380080)",FRANCISCO RODRIGO 3106 ESQ,9
2026-05-24,C_108,59,,,,S,,58927,Nocturno,,,175341,"POINT (  573917.852790958,   6140474.23071699)",ALEJANDRO FIOL DE PEREDA 1296,10
2026-05-24,C_112,91,,,,S,,58927,Nocturno,,,154352,"POINT (  573799.760379272,   6141198.45425804)",PASCUAL RUIZ HUIDOBRO 1381,11
2026-05-24,C_112,92,,,,S,,58927,Nocturno,,,138650,"POINT (  573591.342916761,   6141169.31831742)",PASCUAL RUIZ HUIDOBRO 1304,11
2026-05-24,C_114,11,,,,S,,58927,Nocturno,,,179868,"POINT (  574217.608694336,   6143345.71595970)",DR FRANCISCO GOYEN 3763,12
2026-05-24,C_114,24,,,,S,,58927,Nocturno,,,183323,"POINT (  574320.774837864,   6143144.13968965)",ANDRES SPIKERMAN 3751,13
2026-05-24,CH_108,54,S,100,,S,,58927,Nocturno,2026-05-25 03:42:49,,175884,"POINT (  579100.154108967,   6137420.74135153)",TTE GRAL PABLO GALARZA 3618 FTE 3641,14
2026-05-24,E_105,71,S,25,,S,,58927,Nocturno,2026-05-25 01:20:32,,107427,"POINT (  580940.579701000,   6138677.58982235)",SANTIAGO DE ANCA 1602 FTE 1609,15
2026-05-24,E_109,28,N,,Contenedor No Está,S,,58927,Nocturno,2026-05-25 02:59:30,,107540,"POINT (  582645.663516662,   6138483.95972080)",MISSISSIPI 1530,16
2026-05-24,E_109,47,N,,Contenedor No Está,S,,58927,Nocturno,2026-05-25 02:59:39,,107543,"POINT (  582795.182676285,   6138157.91097175)",RBLA O´HIGGINS 5163,17
2026-05-24,E_111,3,S,100,,S,,58927,Nocturno,2026-05-25 02:22:37,,107908,"POINT (  584750.862639310,   6140462.95148928)",PROF FRANCISCO GAMEZ MARIN 2355,18
2026-05-24,E_114,62,S,75,,S,,58927,Nocturno,2026-05-25 02:41:58,,118892,"POINT (  584949.925655538,   6138265.85547650)",DR PEDRO LARGHERO 6189 FTE 6196,19
2026-05-24,B_101,1,S,75,,S,Requiere Limpieza,58940,Nocturno,2026-05-25 00:01:27,,139154,"POINT (  574405.875224049,   6138678.70195198)",HOCQUART 1464 VEREDA,0
2026-05-24,B_101,2,,,,S,,58940,Nocturno,,,139175,"POINT (  574496.701615381,   6138693.17028117)",HOCQUART 1496,0
2026-05-24,B_101,3,,,,S,,58940,Nocturno,,,139124,"POINT (  574551.398433943,   6138580.54615218)",BATOVI 2181 TALLER. PDO REBAJE,0
2026-05-24,B_101,4,,,,S,,58940,Nocturno,,,139125,"POINT (  574582.187250503,   6138508.44242793)",BATOVI 2147 EN 2143. PUERTA TAPIADA,0
2026-05-24,B_101,5,,,,S,,58940,Nocturno,,,180741,"POINT (  574583.596946083,   6138505.81119138)",BATOVI 2147 EN 2143. PUERTA TAPIADA,0
2026-05-24,B_101,6,,,,S,,58940,Nocturno,,,181190,"POINT (  574599.373474972,   6138420.21017099)",LIMA 1579 FTE 1582,0
2026-05-24,B_101,7,,,,S,,58940,Nocturno,,,181191,"POINT (  574597.780755973,   6138418.21927224)",LIMA 1579 FTE 1582,0
2026-05-24,B_101,8,,,,S,,58940,Nocturno,,,139193,"POINT (  574555.608870396,   6138393.70803459)",LIMA 1535 EN 1541. ARBOL/ARBOL,0
2026-05-24,B_101,9,,,,S,,58940,Nocturno,,,139102,"POINT (  574458.512183766,   6138352.01135873)",LIMA 1489 EN 1489. VENTANAS,0
2026-05-24,B_101,10,,,,S,,58940,Nocturno,,,160272,"POINT (  574385.299135389,   6138317.61739153)",LIMA 1443,0
2026-05-24,B_101,11,,,,S,,58940,Nocturno,,,139183,"POINT (  574279.381610361,   6138264.99986310)",LIMA 1379 EN 1379/1373,0
2026-05-24,B_101,12,,,,S,,58940,Nocturno,,,179301,"POINT (  574252.510263223,   6138254.43122770)",LIMA 1355,0
2026-05-24,B_101,13,,,,S,,58940,Nocturno,,,180735,"POINT (  573914.882417140,   6138312.30948876)",LIMA 1221,0
2026-05-24,B_101,14,,,,S,,58940,Nocturno,,,180736,"POINT (  573912.612269580,   6138312.08247401)",LIMA 1221,0
2026-05-24,B_101,15,,,,S,,58940,Nocturno,,,139141,"POINT (  573938.563223530,   6138199.03604706)",ASUNCION 1220 FTE 1231. SUBESTACION,0
2026-05-24,B_101,16,,,,S,,58940,Nocturno,,,179233,"POINT (  573914.765440959,   6138106.27646231)",NUEVA YORK 1201,0
2026-05-24,B_101,17,,,,S,,58940,Nocturno,,,179232,"POINT (  573910.626007408,   6138106.05859739)",NUEVA YORK 1201,0
2026-05-24,B_101,19,,,,S,,58940,Nocturno,,,180737,"POINT (  573800.126458002,   6138103.90994279)",AV GRAL RONDEAU 1804,1
2026-05-24,B_101,20,,,,S,,58940,Nocturno,,,180738,"POINT (  573799.785935868,   6138106.97464200)",AV GRAL RONDEAU 1804,1
2026-05-24,B_101,21,,,,S,,58940,Nocturno,,,181709,"POINT (  573901.728789989,   6137982.43558919)",CUAREIM 1759,1
2026-05-24,B_101,22,,,,S,,58940,Nocturno,,,181710,"POINT (  573902.183852560,   6137979.47768248)",CUAREIM 1759,1
2026-05-24,G_103,70,,,,S,,58940,Nocturno,,,180702,"POINT (  571319.086484314,   6145171.17891046)",QUICUYO 929,2
2026-05-24,G_103,71,,,,S,,58940,Nocturno,,,180700,"POINT (  571330.352144009,   6145113.56173878)",QUICUYO 4983 EN 4987,2
2026-05-24,G_103,72,,,,S,,58940,Nocturno,,,180701,"POINT (  571435.217644009,   6145039.19813878)",QUICUYO 4927 EN 4927,2
2026-05-24,G_103,73,,,,S,,58940,Nocturno,,,180705,"POINT (  571490.872886928,   6144950.42700000)",QUICUYO 917,2
2026-05-24,G_103,74,,,,S,,58940,Nocturno,,,180706,"POINT (  571494.031928323,   6144825.26360131)",QUICUYO 867 EN 4812,2
2026-05-24,G_103,75,,,,S,,58940,Nocturno,,,180704,"POINT (  571394.460311983,   6144900.44165294)",GABRIEL VELAZCO 857,2
2026-05-24,G_103,76,,,,S,,58940,Nocturno,,,180703,"POINT (  571462.216303268,   6144999.35232832)",GABRIEL VELAZCO 897 FTE 897,2
2026-05-24,G_103,77,,,,S,,58940,Nocturno,,,116630,"POINT (  571456.212261075,   6145507.55311495)",REIMS Esq. DANUBIO,2
2026-05-24,G_103,78,,,,S,,58940,Nocturno,,,170012,"POINT (  571452.685676769,   6145597.64131405)",REIMS Esq. AMIENS,2
2026-05-24,G_103,79,,,,S,,58940,Nocturno,,,116632,"POINT (  571637.510754276,   6145566.54325244)",BV JOSE BATLLE Y ORDOÑEZ Esq. PAYAGUAS ANTES BT,2
2026-05-24,G_103,80,,,,S,,58940,Nocturno,,,116659,"POINT (  571589.100369706,   6145463.79140968)",28 DE FEBRERO 1123 FTE 1124,2
2026-05-24,G_103,81,,,,S,,58940,Nocturno,,,116660,"POINT (  571511.532552083,   6145313.29687500)",28 DE FEBRERO 1056,2
2026-05-24,G_103,84,,,,S,,58940,Nocturno,,,169352,"POINT (  571620.662849621,   6145007.19617377)",AV SAYAGO 954,3
2026-05-24,G_103,85,,,,S,,58940,Nocturno,,,172892,"POINT (  571625.648607063,   6145014.79310779)",AV SAYAGO 954 PROV (O: SAYAGO 972),3
2026-05-24,G_103,86,,,,S,,58940,Nocturno,,,172893,"POINT (  571630.297286376,   6145021.52567783)",AV SAYAGO 964 PROV (O: SAYAGO 978),3
2026-05-24,G_103,87,,,,S,,58940,Nocturno,,,116633,"POINT (  571736.014665921,   6145189.83992880)",AV SAYAGO 1070 EN 1066,3
2026-05-24,G_103,88,,,,S,,58940,Nocturno,,,116634,"POINT (  571799.865184027,   6145307.02381864)",AV SAYAGO 1122,3
2026-05-24,G_103,90,,,,S,,58940,Nocturno,,,116594,"POINT (  572083.303070448,   6145240.81510197)",BV JOSE BATLLE Y ORDOÑEZ 6037,4
2026-05-24,G_103,91,,,,S,,58940,Nocturno,,,116651,"POINT (  572057.494885296,   6144990.50776585)",BELL 1044 VEREDA. FTE 1073. MURO C/REJAS.,4
2026-05-24,G_103,92,,,,S,,58940,Nocturno,,,116636,"POINT (  572115.683526351,   6145072.34055170)",BELL 1108 LEÑERA.,4
2026-05-24,G_103,93,,,,S,,58940,Nocturno,,,116637,"POINT (  572118.248314938,   6145075.70683672)",BELL 1108 LEÑERA.,4
2026-05-24,G_103,94,,,,S,,58940,Nocturno,,,116705,"POINT (  572694.965073468,   6144972.83476947)",OLIVERAS Esq. PASTOR MURO. FTE 4540,4
2026-05-24,G_103,95,,,,S,,58940,Nocturno,,,116741,"POINT (  572812.785049156,   6144887.87614754)",OLIVERAS 4505 ARBOL/ARBOL,4
2026-05-24,G_103,96,,,,S,,58940,Nocturno,,,116742,"POINT (  572846.768497925,   6144860.30467024)",OLIVERAS 4489 EN 4497. CERCO VEGETAL,4
2026-05-24,G_103,97,,,,S,,58940,Nocturno,,,116714,"POINT (  572948.291585334,   6144786.17392032)",OLIVERAS 4441 EN 4447/4441. MURO,4
2026-05-24,G_103,98,,,,S,,58940,Nocturno,,,173212,"POINT (  573023.258438780,   6144729.17643508)",OLIVERAS 4407,4
2026-05-24,G_103,99,,,,S,,58940,Nocturno,,,183090,"POINT (  573025.049635120,   6144727.90747941)",OLIVERAS 4407,4
2026-05-24,G_103,100,,,,S,,58940,Nocturno,,,183832,"POINT (  573034.157461905,   6144721.49332381)",OLIVERAS 4407,4
2026-05-24,G_103,101,,,,S,,58940,Nocturno,,,116663,"POINT (  573156.241891516,   6144532.77362627)",SORIA 1163 EN 1153,4
2026-05-24,G_103,102,,,,S,,58940,Nocturno,,,116712,"POINT (  572984.281518700,   6144604.29403161)",BV JOSE BATLLE Y ORDOÑEZ 5580 PDO EL 5580,4
2026-05-24,G_103,103,,,,S,,58940,Nocturno,,,130272,"POINT (  572763.309957926,   6144768.23679562)",BV JOSE BATLLE Y ORDOÑEZ 5152 MURO,4
2026-05-24,G_103,104,,,,S,,58940,Nocturno,,,116711,"POINT (  572688.016493449,   6144820.56750004)",BV JOSE BATLLE Y ORDOÑEZ 5748 MURO C/REJA,4
2026-05-24,G_103,105,,,,S,,58940,Nocturno,,,176524,"POINT (  572558.276943572,   6144920.65968408)",BV JOSE BATLLE Y ORDOÑEZ 5822,4
2026-05-24,G_103,106,,,,S,,58940,Nocturno,,,116665,"POINT (  572463.492903546,   6144997.20026104)",GUSTAVO A BECQUER 1175 MURO. PDO REBAJE,4
2026-05-24,G_103,107,,,,S,,58940,Nocturno,,,159872,"POINT (  572521.681544600,   6145083.12067868)",GUSTAVO A BECQUER Esq. OLIVERAS,4
2026-05-24,G_103,108,,,,S,,58940,Nocturno,,,180605,"POINT (  572384.798369511,   6145158.36018464)",LAFAYETTE 1193 FTE 1196,4
2026-05-24,C_116,1,,,,S,,58940,Nocturno,,,179548,"POINT (  571531.038872985,   6140756.45760262)",CAPURRO 652 EN 612. MURO ROJO,5
2026-05-24,C_116,2,,,,S,,58940,Nocturno,,,183219,"POINT (  571534.846403065,   6140758.34323167)",CAPURRO 660,5
2026-05-24,C_116,3,,,,S,,58940,Nocturno,,,183223,"POINT (  572149.013021697,   6140778.27652541)",SOLIS GRANDE 827 FTE PLAZA. REJA BAJA,5
2026-05-24,C_116,4,,,,S,,58940,Nocturno,,,183222,"POINT (  572149.684815317,   6140778.99999546)",SOLIS GRANDE 827 FTE PLAZA. REJA BAJA,5
2026-05-24,C_116,5,,,,S,,58940,Nocturno,,,183221,"POINT (  572151.131755423,   6140780.24022984)",SOLIS GRANDE 827 FTE PLAZA. REJA BAJA,5
2026-05-24,C_116,6,,,,S,,58940,Nocturno,,,183317,"POINT (  572138.626058794,   6140625.67602069)",HERMANOS GIL 815,5
2026-05-24,C_116,7,,,,S,,58940,Nocturno,,,183318,"POINT (  572138.005941606,   6140624.90087421)",HERMANOS GIL 815,5
2026-05-24,C_116,8,,,,S,,58940,Nocturno,,,183464,"POINT (  572474.991848148,   6140910.50767647)",HERMANOS GIL 912,5
2026-05-24,C_116,9,,,,S,,58940,Nocturno,,,181449,"POINT (  572577.460156646,   6140941.50127298)",HERMANOS GIL 942,5
2026-05-24,C_116,10,,,,S,,58940,Nocturno,,,181450,"POINT (  572727.351224184,   6140985.94571742)",HERMANOS GIL 988 EN 984/988,5
2026-05-24,C_116,11,,,,S,,58940,Nocturno,,,183208,"POINT (  572751.288375381,   6140991.55297909)",HERMANOS GIL 992,5
2026-05-24,C_116,12,,,,S,,58940,Nocturno,,,183246,"POINT (  572840.682256135,   6140859.64733329)",MATURANA 979 ANTES DE 981,5
2026-05-24,C_116,13,,,,S,,58940,Nocturno,,,183245,"POINT (  572838.637122144,   6140858.44846164)",MATURANA 979 ANTES DE 981,5
2026-05-24,C_116,14,,,,S,,58940,Nocturno,,,183226,"POINT (  572653.995118567,   6140774.03905795)",BV GRAL ARTIGAS 4538 VEREDA,5
2026-05-24,C_116,15,,,,S,,58940,Nocturno,,,183225,"POINT (  572652.754884191,   6140773.52229363)",BV GRAL ARTIGAS 4538 VEREDA,5
2026-05-24,C_116,16,,,,N,,58940,Nocturno,,,183243,"POINT (  572799.731449488,   6140944.57066677)",LARROBLA 991,5
2026-05-24,C_116,17,,,,S,,58940,Nocturno,,,183224,"POINT (  572683.037273544,   6140871.50080936)",LARROBLA 942,5
2026-05-24,C_116,18,,,,S,,58940,Nocturno,,,183244,"POINT (  572641.142143458,   6140844.22936984)",LARROBLA 928 FTE 928,5
2026-05-24,C_116,19,,,,S,,58940,Nocturno,,,183629,"POINT (  572394.084941706,   6141011.28215261)",SOLIS GRANDE 916,5
2026-05-24,C_116,20,,,,S,,58940,Nocturno,,,181451,"POINT (  572386.392618519,   6141198.36401808)",MANUEL CORREA 3503 FTE 3503,5
2026-05-24,C_116,21,,,,S,,58940,Nocturno,,,181445,"POINT (  572327.266121133,   6141293.78248432)",MANUEL CORREA 3524 FTE 3529,5
2026-05-24,C_116,22,,,,S,,58940,Nocturno,,,181444,"POINT (  572326.067864052,   6141295.74326863)",MANUEL CORREA 3524 FTE 3529,5
2026-05-24,C_116,23,,,,S,,58940,Nocturno,,,181420,"POINT (  572267.508277124,   6141393.08114183)",MANUEL CORREA 3552 EN 3552,5
2026-05-24,C_116,24,,,,S,,58940,Nocturno,,,181447,"POINT (  572225.499372331,   6141483.76706819)",FRANCISCO GOMEZ 958,5
2026-05-24,C_116,25,,,,S,,58940,Nocturno,,,183203,"POINT (  572271.127694771,   6141560.55867909)",FRANCISCO GOMEZ 986,5
2026-05-24,C_116,26,,,,S,,58940,Nocturno,,,183204,"POINT (  572271.999154466,   6141563.28199063)",FRANCISCO GOMEZ 986,5
2026-05-24,C_116,27,,,,S,,58940,Nocturno,,,183205,"POINT (  572336.204871024,   6141485.29509194)",ENRIQUE TURINI 997,5
2026-05-24,C_116,28,,,,S,,58940,Nocturno,,,181446,"POINT (  572220.052749238,   6141318.40759107)",ENRIQUE TURINI 929,5
2026-05-24,C_116,29,,,,S,,58940,Nocturno,,,183319,"POINT (  572143.638672731,   6141393.63948176)",AMADO NERVO 3616,5
2026-05-24,C_116,30,,,,S,,58940,Nocturno,,,183320,"POINT (  572028.090170009,   6141569.33935174)",AMADO NERVO 3696,5
2026-05-24,C_116,31,,,,S,,58940,Nocturno,,,183254,"POINT (  572010.123555853,   6141605.82893244)",AMADO NERVO 3702,5
2026-05-24,C_116,32,,,,S,,58940,Nocturno,,,183256,"POINT (  571957.091115796,   6141699.19987743)",AMADO NERVO 3746 PROV OV (O: PABLO ZUFRIATEGUI 960),5
2026-05-24,C_116,33,,,,S,,58940,Nocturno,,,183255,"POINT (  571955.398591114,   6141702.02075190)",AMADO NERVO 3746,5
2026-05-24,C_116,34,,,,S,,58940,Nocturno,,,183252,"POINT (  571969.711702344,   6141870.58942307)",PABLO ZUFRIATEGUI 980,5
2026-05-24,C_116,35,,,,S,,58940,Nocturno,,,183253,"POINT (  571976.340757351,   6141873.55134127)",PABLO ZUFRIATEGUI 980,5
2026-05-24,C_116,36,,,,S,,58940,Nocturno,,,183304,"POINT (  572165.783239775,   6141697.63953385)",VALENTIN GOMEZ 985 PDO 987,5
2026-05-24,C_116,37,,,,S,,58940,Nocturno,,,183202,"POINT (  572164.205331155,   6141696.49775556)",VALENTIN GOMEZ 985 PDO 987,5
2026-05-24,C_116,38,,,,S,,58940,Nocturno,,,183321,"POINT (  572114.389812025,   6141664.42398725)",VALENTIN GOMEZ 967,5
2026-05-24,C_116,40,,,,S,,58940,Nocturno,,,183240,"POINT (  572014.862279977,   6141741.27146313)",INOCENCIO RAFFO ARROSA 962,6
2026-05-24,C_116,41,,,,S,,58940,Nocturno,,,183241,"POINT (  572093.219331594,   6141785.75518138)",INOCENCIO RAFFO ARROSA 990,6
