dia_viaje,circuito,posicion,levantado,porcentaje_llenado,motivo_no_levante,contenedor_activo,condiciones_contenedor,id_viaje,turno,fecha_pasaje,numero_caja,contenedor_gid,the_geom,ubicacion,prioridad
2026-05-03,B_07,1,S,50,,S,,55307,Matutino,2026-05-03 10:02:16,,178166,"POINT (  575423.643166976,   6136881.99273395)",EDUARDO ACEVEDO 1194 FTE 1194 FTE 1194,0
2026-05-03,B_07,2,S,50,,S,,55307,Matutino,2026-05-03 10:02:29,,178167,"POINT (  575429.983405520,   6136825.05613633)",EDUARDO ACEVEDO 1160 FTE 1160 FTE 1160,0
2026-05-03,B_07,3,S,75,,S,,55307,Matutino,2026-05-03 10:02:20,,178168,"POINT (  575430.234504076,   6136823.42399572)",EDUARDO ACEVEDO 1160 FTE 1160 FTE 1160,0
2026-05-03,B_07,4,S,50,,S,,55307,Matutino,2026-05-03 10:05:39,,178169,"POINT (  575454.794423518,   6136671.21007303)",EDUARDO ACEVEDO 1104 ,0
2026-05-03,B_07,5,S,50,,S,,55307,Matutino,2026-05-03 10:10:25,,178496,"POINT (  575412.532055864,   6136662.21872264)",DURAZNO 1867 FTE 1878 FTE 1878,0
2026-05-03,B_07,6,S,50,,S,,55307,Matutino,2026-05-03 10:10:02,,183066,"POINT (  575475.625266291,   6136467.71620508)","EDUARDO ACEVEDO 985 EN 979 FTE, MURO FACULTAD EN 979 FTE, MURO FACULTAD",0
2026-05-03,B_07,7,S,50,,S,,55307,Matutino,2026-05-03 10:10:52,,178171,"POINT (  575476.064864442,   6136440.28685505)",EDUARDO ACEVEDO 963 FTE 963 FTE 963,0
2026-05-03,B_07,8,S,75,,S,,55307,Matutino,2026-05-03 10:11:01,,178172,"POINT (  575475.846166669,   6136437.76851707)",EDUARDO ACEVEDO 963 FTE 963 FTE 963,0
2026-05-03,B_07,9,S,25,,S,,55307,Matutino,2026-05-03 10:16:11,,178173,"POINT (  575480.328666038,   6136378.03793166)",EDUARDO ACEVEDO 935 FTE 935/MURO FTE 935/MURO,0
2026-05-03,B_07,10,S,25,,S,,55307,Matutino,2026-05-03 10:16:20,,178174,"POINT (  575480.705313873,   6136374.77365043)",EDUARDO ACEVEDO 935 FTE 935/MURO FTE 935/MURO,0
2026-05-03,B_07,11,S,25,,S,,55307,Matutino,2026-05-03 10:16:26,,178252,"POINT (  575494.688364676,   6136228.35180490)",EDUARDO ACEVEDO 858 EN 854 EN 854,0
2026-05-03,B_07,12,S,50,,S,,55307,Matutino,2026-05-03 09:41:30,,178253,"POINT (  575495.692758901,   6136223.32983378)",EDUARDO ACEVEDO 852 EN 854 EN 854,0
2026-05-03,B_07,13,S,50,,S,,55307,Matutino,2026-05-03 10:19:06,,178291,"POINT (  575567.556712090,   6136213.92671439)",DR LUIS PIERA 1935 FTE 1937/1939 FTE 1937/1939,0
2026-05-03,B_07,14,S,25,,S,,55307,Matutino,2026-05-03 10:21:07,,178292,"POINT (  575572.883651815,   6136214.56594715)",DR LUIS PIERA 1943 FTE 1937/1939 FTE 1937/1939,0
2026-05-03,B_07,15,S,50,,S,,55307,Matutino,2026-05-03 10:34:02,,178296,"POINT (  575562.361920804,   6136532.90357877)",JUAN D JACKSON 1015 EN 1012 EN 1012,0
2026-05-03,B_07,16,S,25,,S,,55307,Matutino,2026-05-03 10:35:48,,178297,"POINT (  575573.852899069,   6136555.26874764)",JUAN D JACKSON 1028 EN 1022/1028 EN 1022/1028,0
2026-05-03,B_07,17,S,50,,S,,55307,Matutino,2026-05-03 10:35:54,,178298,"POINT (  575570.887508576,   6136584.67714814)",JUAN D JACKSON 1048 EN 1042/1048 EN 1042/1048,0
2026-05-03,B_07,18,S,25,,S,,55307,Matutino,2026-05-03 10:40:01,,178299,"POINT (  575553.887468702,   6136773.83518551)",JUAN D JACKSON 1142 EN 1142/1144 EN 1142/1144,0
2026-05-03,B_07,19,S,50,,S,,55307,Matutino,2026-05-03 10:40:29,,178511,"POINT (  575551.598402935,   6136792.30507722)",JUAN D JACKSON 1146 EN 1146 EN 1146,0
2026-05-03,B_07,20,S,25,,S,,55307,Matutino,2026-05-03 10:40:16,,178301,"POINT (  575551.752459230,   6136792.98442479)",JUAN D JACKSON 1146 EN 1146 EN 1146,0
2026-05-03,B_07,21,S,50,,S,,55307,Matutino,2026-05-03 10:43:31,,178305,"POINT (  575531.067174975,   6136868.18145139)",JUAN D JACKSON 1187 ,0
2026-05-03,B_07,22,S,25,,S,,55307,Matutino,2026-05-03 10:43:38,,178306,"POINT (  575531.067174975,   6136872.65608076)",JUAN D JACKSON 1187 ,0
2026-05-03,B_07,23,S,50,,S,,55307,Matutino,2026-05-03 10:47:23,,179081,"POINT (  575524.432427505,   6136966.79340039)",JUAN D JACKSON 1203 FTE 1230. EDIFICIO CORDON DESIGN FTE 1230. EDIFICIO CORDON DESIGN,0
2026-05-03,B_07,24,S,25,,S,,55307,Matutino,2026-05-03 10:46:47,,179082,"POINT (  575524.137732024,   6136970.62444165)",JUAN D JACKSON 1203 FTE 1230. EDIFICIO CORDON DESIGN FTE 1230. EDIFICIO CORDON DESIGN,0
2026-05-03,B_07,25,S,50,,S,,55307,Matutino,2026-05-03 10:54:57,,178309,"POINT (  575525.207541278,   6137096.70716558)",JUAN D JACKSON 1278 ,0
2026-05-03,B_07,26,S,50,,S,,55307,Matutino,2026-05-03 10:55:04,,178310,"POINT (  575524.994463689,   6137099.69025183)",JUAN D JACKSON 1282 ,0
2026-05-03,B_07,27,S,50,,S,,55307,Matutino,2026-05-03 09:59:09,,179010,"POINT (  575402.119059024,   6137084.76125869)",EDUARDO ACEVEDO 1265 CASA TAPIADA CASA TAPIADA,0
2026-05-03,B_07,28,S,50,,S,,55307,Matutino,2026-05-03 09:59:53,,178312,"POINT (  575422.133203410,   6137035.48028058)",EDUARDO ACEVEDO 1250 ALMACEN ALMACEN,0
2026-05-03,B_07,29,S,50,,S,,55307,Matutino,2026-05-03 09:59:42,,178313,"POINT (  575422.007616738,   6137034.02489164)",EDUARDO ACEVEDO 1250 ALMACEN ALMACEN,0
2026-05-03,B_07,30,S,50,,S,,55307,Matutino,2026-05-03 10:52:44,,178314,"POINT (  575516.258282540,   6137049.29740203)",JUAN D JACKSON 1251 EN 1253 EN 1253,0
2026-05-03,B_07,31,S,25,,S,,55307,Matutino,2026-05-03 10:52:51,,178315,"POINT (  575515.938666157,   6137052.06741069)",JUAN D JACKSON 1251 EN 1253 EN 1253,0
2026-05-03,B_07,32,S,50,,S,,55307,Matutino,2026-05-03 11:01:22,,178316,"POINT (  575631.831467555,   6137117.00809153)",JUAN MANUEL BLANES 1284 ,0
2026-05-03,B_07,33,S,75,,S,,55307,Matutino,2026-05-03 11:01:31,,178317,"POINT (  575623.862464981,   6137056.64857885)",JUAN MANUEL BLANES 1253 ,0
2026-05-03,B_07,34,S,50,,S,,55307,Matutino,2026-05-03 11:01:36,,178318,"POINT (  575624.182081365,   6137054.09164779)",JUAN MANUEL BLANES 1253 ,0
2026-05-03,B_07,35,S,50,,S,,55307,Matutino,2026-05-03 11:05:24,,178319,"POINT (  575646.981383387,   6136939.45590491)",JUAN MANUEL BLANES 1208 EN 1208B EN 1208B,0
2026-05-03,B_07,36,S,50,,S,,55307,Matutino,2026-05-03 11:05:32,,178321,"POINT (  575634.196728047,   6136932.74396085)",JUAN MANUEL BLANES 1205 EN 1208B EN 1208B,0
2026-05-03,B_07,37,S,50,,S,,55307,Matutino,2026-05-03 11:08:12,,178322,"POINT (  575643.891758346,   6136832.49095523)",JUAN MANUEL BLANES Esq. BV ESPAÑA ,0
2026-05-03,B_07,38,S,50,,S,,55307,Matutino,2026-05-03 11:08:24,,182180,"POINT (  575644.890912287,   6136828.51135358)",JUAN MANUEL BLANES Esq. MALDONADO ,0
2026-05-03,B_07,39,S,50,,S,,55307,Matutino,2026-05-03 11:16:07,,182181,"POINT (  575667.416509556,   6136698.36345825)",JUAN MANUEL BLANES 1116 ,0
2026-05-03,B_07,40,S,50,,S,,55307,Matutino,2026-05-03 11:16:14,,178327,"POINT (  575667.809717711,   6136693.24475082)",JUAN MANUEL BLANES 1116 FTE 1101. MURO FTE 1101. MURO,0
2026-05-03,B_07,41,S,50,,S,,55307,Matutino,2026-05-03 11:16:19,,178328,"POINT (  575668.235872889,   6136689.72897061)",JUAN MANUEL BLANES 1101 FTE 1101. MURO FTE 1101. MURO,0
2026-05-03,B_07,42,S,25,,S,,55307,Matutino,2026-05-03 11:16:28,,178329,"POINT (  575669.727416012,   6136662.34850042)",JUAN MANUEL BLANES 1096 ,0
2026-05-03,B_07,43,S,25,,S,,55307,Matutino,2026-05-03 11:16:33,,178330,"POINT (  575670.153571190,   6136658.51310382)",JUAN MANUEL BLANES 1096 ,0
2026-05-03,B_07,44,S,75,,S,,55307,Matutino,2026-05-03 11:20:02,,178331,"POINT (  575681.365425156,   6136543.03818505)",JUAN MANUEL BLANES 1008 ,0
2026-05-03,B_07,45,S,100,,S,,55307,Matutino,2026-05-03 11:36:54,,178332,"POINT (  575688.563344829,   6136448.50351171)",JUAN MANUEL BLANES 966 FERRETERIA FERRETERIA,0
2026-05-03,B_07,46,S,75,,S,,55307,Matutino,2026-05-03 11:37:01,,179796,"POINT (  575680.371709859,   6136382.44879859)",JUAN MANUEL BLANES 925 CASA TAPIADA CASA TAPIADA,0
2026-05-03,B_07,47,S,50,,S,,55307,Matutino,2026-05-03 10:27:50,,178949,"POINT (  575587.734232462,   6136366.23216384)",JUAN D JACKSON 926 ,0
2026-05-03,B_07,48,S,50,,S,,55307,Matutino,2026-05-03 10:29:17,,178516,"POINT (  575616.158477061,   6136501.81965703)",SAN SALVADOR 1968 EN 1972. FERRETERIA EN 1972. FERRETERIA,0
2026-05-03,B_07,49,S,50,,S,,55307,Matutino,2026-05-03 11:36:40,,178335,"POINT (  575794.439531506,   6136304.33925534)",DR PABLO DE MARIA 855 ,0
2026-05-03,B_07,50,S,25,,S,,55307,Matutino,2026-05-03 10:22:15,,178338,"POINT (  575598.825848275,   6136259.04589386)",JUAN D JACKSON 858 EN 872/868 EN 872/868,0
2026-05-03,B_07,51,S,50,,S,,55307,Matutino,2026-05-03 10:22:45,,178339,"POINT (  575598.399693097,   6136261.70936372)",JUAN D JACKSON 858 EN 868/872 EN 868/872,0
2026-05-03,B_07,52,S,25,,S,,55307,Matutino,2026-05-03 10:24:30,,178340,"POINT (  575595.310068057,   6136295.53543097)",JUAN D JACKSON 888 ,0
2026-05-03,B_07,53,S,25,,S,,55307,Matutino,2026-05-03 10:24:02,,178341,"POINT (  575594.990451673,   6136297.02697409)",JUAN D JACKSON 888 ,0
2026-05-03,B_07,54,S,50,,S,,55307,Matutino,2026-05-03 11:36:31,,178365,"POINT (  575838.911021672,   6136335.48747890)",DR LAURO MULLER 2069 ,0
2026-05-03,B_07,55,S,50,,S,,55307,Matutino,2026-05-03 11:36:23,,178366,"POINT (  575842.533340685,   6136336.12671167)",DR LAURO MULLER 2069 ,0
2026-05-03,B_07,56,S,50,,S,,55307,Matutino,2026-05-03 11:36:20,,178367,"POINT (  575845.303349342,   6136336.02017288)",DR LAURO MULLER 2089 ,0
2026-05-03,B_07,57,S,50,,S,,55307,Matutino,2026-05-03 11:36:03,,178368,"POINT (  575887.173095579,   6136387.15879423)",DR JOAQUIN DE SALTERAIN 925 SUBESTACION SUBESTACION,0
2026-05-03,B_07,58,S,50,,S,,55307,Matutino,2026-05-03 11:36:08,,178369,"POINT (  575888.345022319,   6136395.14920382)",DR JOAQUIN DE SALTERAIN 925 SUBESTACION SUBESTACION,0
2026-05-03,B_07,59,S,50,,S,,55307,Matutino,2026-05-03 12:22:53,,178370,"POINT (  575884.829242100,   6136619.46663563)",DR JOAQUIN DE SALTERAIN 1054 ,0
2026-05-03,B_07,60,S,50,,S,,55307,Matutino,2026-05-03 12:22:46,,178371,"POINT (  575884.616164512,   6136622.87587705)",DR JOAQUIN DE SALTERAIN 1054 EN 1044 EN 1044,0
2026-05-03,B_07,61,S,75,,S,,55307,Matutino,2026-05-03 11:50:35,,178372,"POINT (  575875.666905774,   6136729.09505517)",DR JOAQUIN DE SALTERAIN 1116 ,0
2026-05-03,B_07,62,S,50,,S,,55307,Matutino,2026-05-03 11:50:40,,178373,"POINT (  575875.421862356,   6136732.20326430)",DR JOAQUIN DE SALTERAIN 1116 ,0
2026-05-03,B_07,63,S,50,,S,,55307,Matutino,2026-05-03 12:26:34,,178374,"POINT (  576076.625706894,   6136595.52204156)",JUAN PAULLIER 1011 EN 1013 EN 1013,0
2026-05-03,B_07,64,S,50,,S,,55307,Matutino,2026-05-03 12:26:39,,178375,"POINT (  576076.708861873,   6136592.82690647)",JUAN PAULLIER 1011 EN 1013 EN 1013,0
2026-05-03,B_07,65,S,50,,S,,55307,Matutino,2026-05-03 12:27:57,,178376,"POINT (  576096.761539054,   6136526.96432731)",JUAN PAULLIER 990 ,0
2026-05-03,B_07,66,S,50,,S,,55307,Matutino,2026-05-03 12:30:01,,178377,"POINT (  576085.988020641,   6136487.56295290)",JUAN PAULLIER 951 EN 961 EN 961,0
2026-05-03,B_07,67,S,75,,S,,55307,Matutino,2026-05-03 12:30:17,,178378,"POINT (  576086.220536671,   6136484.23022313)",JUAN PAULLIER 951 EN 961 EN 961,0
2026-05-03,B_07,68,S,75,,S,,55307,Matutino,2026-05-03 12:36:46,,178518,"POINT (  575949.497072004,   6136527.52002668)",SAN SALVADOR 2122 EN 2126 EN 2126,0
2026-05-03,B_07,69,S,75,,S,,55307,Matutino,2026-05-03 13:22:46,,178379,"POINT (  576131.610577004,   6136604.78866027)",21 DE SETIEMBRE 2276 EN 2276/2280. MURO EN 2276/2280. MURO,0
2026-05-03,B_07,70,S,75,,S,,55307,Matutino,2026-05-03 13:22:09,,178380,"POINT (  576132.401781047,   6136603.57708559)",21 DE SETIEMBRE 2276 EN 2276/2280. MURO EN 2276/2280. MURO,0
2026-05-03,B_07,71,S,50,,S,,55307,Matutino,2026-05-03 13:18:46,,178381,"POINT (  576133.626829007,   6136601.15553931)",21 DE SETIEMBRE 2280 EN 2276/2280. MURO EN 2276/2280. MURO,0
2026-05-03,B_07,72,S,25,,S,,55307,Matutino,2026-05-03 14:03:00,,178382,"POINT (  576459.156572294,   6136581.60079904)",BV GRAL ARTIGAS 996 ,0
2026-05-03,B_07,73,S,25,,S,,55307,Matutino,2026-05-03 14:02:51,,178383,"POINT (  576459.418013945,   6136582.15977913)",BV GRAL ARTIGAS 996 ,0
2026-05-03,B_07,74,S,25,,S,,55307,Matutino,2026-05-03 14:07:35,,178384,"POINT (  576437.259526265,   6136793.20477475)",BV GRAL ARTIGAS 1118 ,0
2026-05-03,B_07,75,S,25,,S,,55307,Matutino,2026-05-03 14:07:25,,178385,"POINT (  576437.174923180,   6136794.28810667)",BV GRAL ARTIGAS 1118 ,0
2026-05-03,B_07,76,S,25,,S,,55307,Matutino,2026-05-03 14:07:57,,178386,"POINT (  576435.448366758,   6136820.69178373)",BV GRAL ARTIGAS 1132 ,0
2026-05-03,B_07,77,S,25,,S,,55307,Matutino,2026-05-03 13:57:14,,178387,"POINT (  576407.641741395,   6136723.42186436)",BV GRAL ARTIGAS 1097 ,0
2026-05-03,B_07,78,S,50,,S,,55307,Matutino,2026-05-03 13:57:19,,178388,"POINT (  576407.854818984,   6136718.73415740)",BV GRAL ARTIGAS 1093 ,0
2026-05-03,B_07,79,S,25,,S,,55307,Matutino,2026-05-03 14:01:19,,178392,"POINT (  576435.093656003,   6136405.30848312)",BV GRAL ARTIGAS 917 EN 931 EN 931,0
2026-05-03,B_07,80,S,25,,S,,55307,Matutino,2026-05-03 14:01:10,,178393,"POINT (  576435.217878811,   6136401.43230510)",BV GRAL ARTIGAS 917 EN 931 EN 931,0
2026-05-03,B_07,81,S,50,,S,,55307,Matutino,2026-05-03 13:48:15,,178394,"POINT (  576343.611925902,   6136391.97967468)",21 DE SETIEMBRE Esq. PSJE 18 EN 2357/2363 EN 2357/2363,0
2026-05-03,B_07,82,S,50,,S,,55307,Matutino,2026-05-03 13:48:09,,178395,"POINT (  576341.873554948,   6136393.82797572)",21 DE SETIEMBRE Esq. PSJE 18 EN 2357/2363 EN 2357/2363,0
2026-05-03,B_07,83,S,50,,S,,55307,Matutino,2026-05-03 13:22:57,,178396,"POINT (  576253.554573015,   6136515.15485513)",JAVIER DE VIANA 1035 ,0
2026-05-03,B_07,84,S,75,,S,,55307,Matutino,2026-05-03 13:26:24,,178405,"POINT (  576337.260343860,   6136510.34952384)",JAVIER DE VIANA 1005 ,0
2026-05-03,B_07,85,S,50,,S,,55307,Matutino,2026-05-03 13:26:15,,178406,"POINT (  576340.360557594,   6136508.48939560)",JAVIER DE VIANA 1005 ,0
2026-05-03,B_07,86,S,50,,S,,55307,Matutino,2026-05-03 13:26:47,,178455,"POINT (  576397.869522378,   6136432.68916978)",JAVIER DE VIANA 971 EN 971 EN 971,0
2026-05-03,B_07,87,S,50,,S,,55307,Matutino,2026-05-03 13:23:14,,178456,"POINT (  576303.553339172,   6136459.41873160)",PSJE 15 Esq. GURI EN 978 EN 978,0
2026-05-03,B_07,88,S,50,,S,,55307,Matutino,2026-05-03 13:48:34,,178467,"POINT (  576315.574743624,   6136586.42464250)",DR MARIO CASSINONI 1001 MURO MURO,0
2026-05-03,B_07,89,S,50,,S,,55307,Matutino,2026-05-03 13:48:40,,178468,"POINT (  576318.387889836,   6136716.86101421)",DR MARIO CASSINONI 1046 ,0
2026-05-03,B_07,90,S,75,,S,,55307,Matutino,2026-05-03 13:12:05,,178469,"POINT (  576305.696308861,   6136849.36049270)",DR MARIO CASSINONI 1094 FTE 1095 FTE 1095,0
2026-05-03,B_07,91,S,75,,S,,55307,Matutino,2026-05-03 13:48:45,,178470,"POINT (  576284.688912950,   6136942.42485509)",DR MARIO CASSINONI 1139 ,0
2026-05-03,B_07,92,S,50,,S,,55307,Matutino,2026-05-03 14:13:07,,178471,"POINT (  576274.842450631,   6137063.93666727)",DR MARIO CASSINONI 1191 MURO MURO,0
2026-05-03,B_07,93,S,25,,S,,55307,Matutino,2026-05-03 14:21:22,,178472,"POINT (  576356.849371118,   6137209.21213256)",GUANA 2344 ,0
2026-05-03,B_07,94,S,25,,S,,55307,Matutino,2026-05-03 14:21:29,,178475,"POINT (  576359.459571584,   6137209.53174894)",GUANA 2344 ,0
2026-05-03,B_07,95,S,25,,S,,55307,Matutino,2026-05-03 14:21:37,,178476,"POINT (  576375.174043772,   6137131.75842896)",BV GRAL ARTIGAS 1259 EN 1259 EN 1259,0
2026-05-03,B_07,96,S,50,,S,,55307,Matutino,2026-05-03 13:52:21,,178941,"POINT (  576392.401058388,   6136888.60377930)",BV GRAL ARTIGAS 1153 EN 1157 EN 1157,0
2026-05-03,B_07,97,S,50,,S,,55307,Matutino,2026-05-03 13:52:15,,178480,"POINT (  576392.564457081,   6136886.91532615)",BV GRAL ARTIGAS 1153 ,0
2026-05-03,B_07,98,S,25,,S,,55307,Matutino,2026-05-03 13:54:08,,178481,"POINT (  576399.729650619,   6136822.69605764)",BV GRAL ARTIGAS 1133 ,0
2026-05-03,B_07,99,S,25,,S,,55307,Matutino,2026-05-03 13:54:02,,178482,"POINT (  576399.884661306,   6136820.13838131)",BV GRAL ARTIGAS 1133 ,0
2026-05-03,B_07,100,S,50,,S,,55307,Matutino,2026-05-03 14:38:06,,178483,"POINT (  576210.935147075,   6136591.71765425)",ACEVEDO DIAZ 1011 VEREDA VEREDA,0
2026-05-03,B_07,101,S,50,,S,,55307,Matutino,2026-05-03 12:36:57,,178484,"POINT (  575997.440747884,   6136565.13185044)",DR JOAQUIN REQUENA 1004 EN 1006. FTE 1007. MURO EN 1006. FTE 1007. MURO,0
2026-05-03,B_07,102,S,50,,S,,55307,Matutino,2026-05-03 12:36:51,,178488,"POINT (  575997.348204421,   6136567.29767975)",DR JOAQUIN REQUENA 1006 EN 1006. FTE 1007. MURO EN 1006. FTE 1007. MURO,0
2026-05-03,B_07,103,S,50,,S,,55307,Matutino,2026-05-03 12:43:37,,178489,"POINT (  575988.350714403,   6136669.64033038)",DR JOAQUIN REQUENA 1040 ESQ BV ESPAÑA ESQ BV ESPAÑA,0
2026-05-03,B_07,104,S,50,,S,,55307,Matutino,2026-05-03 12:43:41,,178490,"POINT (  575988.041823762,   6136677.15321736)",DR JOAQUIN REQUENA 1040 ESQ BV ESPAÑA ESQ BV ESPAÑA,0
2026-05-03,B_07,105,S,50,,S,,55307,Matutino,2026-05-03 12:43:45,,178491,"POINT (  575987.426101201,   6136682.21798559)",DR JOAQUIN REQUENA 1040 ESQ BV ESPAÑA ESQ BV ESPAÑA,0
2026-05-03,B_07,106,S,50,,S,,55307,Matutino,2026-05-03 12:44:07,,178523,"POINT (  575977.411454519,   6136801.27508844)",DR JOAQUIN REQUENA 1090 EN 1092 EN 1092,0
2026-05-03,B_07,107,S,25,,S,,55307,Matutino,2026-05-03 12:43:58,,178524,"POINT (  575977.248023885,   6136803.97851721)",DR JOAQUIN REQUENA 1090 EN 1092 EN 1092,0
2026-05-03,B_07,108,S,50,,S,,55307,Matutino,2026-05-03 12:47:51,,178525,"POINT (  575958.847069577,   6136861.44287263)",DR JOAQUIN REQUENA 1108 FTE 1108 FTE 1108,0
2026-05-03,B_07,109,S,25,,S,,55307,Matutino,2026-05-03 12:50:29,,178526,"POINT (  575954.159362620,   6136919.93267081)",DR JOAQUIN REQUENA 1142 FTE 1144 FTE 1144,0
2026-05-03,B_07,110,S,50,,S,,55307,Matutino,2026-05-03 12:50:34,,178527,"POINT (  575950.377235415,   6136960.68375970)",DR JOAQUIN REQUENA 1153 ,0
2026-05-03,B_07,111,S,50,,S,,55307,Matutino,2026-05-03 12:52:45,,178528,"POINT (  575955.757444538,   6137051.61462080)",DR JOAQUIN REQUENA 1192 EN 1194 EN 1194,0
2026-05-03,B_07,112,S,75,,S,,55307,Matutino,2026-05-03 12:52:56,,178529,"POINT (  575955.650905743,   6137054.91732343)",DR JOAQUIN REQUENA 1192 EN 1194 EN 1194,0
2026-05-03,B_07,113,S,50,,S,,55307,Matutino,2026-05-03 12:58:31,,178530,"POINT (  575940.587996469,   6137081.29263580)",DR JOAQUIN REQUENA 1203 ,0
2026-05-03,B_07,114,S,50,,S,,55307,Matutino,2026-05-03 12:58:44,,178531,"POINT (  575946.910254154,   6137154.59045885)",DR JOAQUIN REQUENA 1248 ,0
2026-05-03,B_07,115,S,50,,S,,55307,Matutino,2026-05-03 12:58:59,,178532,"POINT (  576040.569889421,   6137045.48516717)",JUAN PAULLIER 1189 EN 1195 EN 1195,0
2026-05-03,B_07,116,S,50,,S,,55307,Matutino,2026-05-03 12:58:52,,178534,"POINT (  576040.647394764,   6137043.70254427)",JUAN PAULLIER 1185 EN 1195 EN 1195,0
2026-05-03,B_07,117,S,50,,S,,55307,Matutino,2026-05-03 12:59:07,,178535,"POINT (  576046.954652627,   6136968.30128351)",JUAN PAULLIER 1155 S/N ESQ CANELONES S/N ESQ CANELONES,0
2026-05-03,B_07,118,S,50,,S,,55307,Matutino,2026-05-03 13:02:26,,178536,"POINT (  576068.458788401,   6136870.56005969)",JUAN PAULLIER 1102 ,0
2026-05-03,B_07,119,S,50,,S,,55307,Matutino,2026-05-03 13:07:35,,178537,"POINT (  576059.206613994,   6136813.60695390)",JUAN PAULLIER 1087 ,0
2026-05-03,B_07,120,S,75,,S,,55307,Matutino,2026-05-03 13:18:38,,178538,"POINT (  576070.073571032,   6136694.49658165)",JUAN PAULLIER 1043 FTE 1046 FTE 1046,0
2026-05-03,B_07,121,S,50,,S,,55307,Matutino,2026-05-03 11:53:52,,178540,"POINT (  575751.282863200,   6136856.94160856)",DR PABLO DE MARIA 1111 EN 1115/1119 EN 1115/1119,0
2026-05-03,B_07,122,S,25,,S,,55307,Matutino,2026-05-03 11:54:00,,178541,"POINT (  575747.554005392,   6136907.12138077)",DR PABLO DE MARIA 1141 FTE 1148 FTE 1148,0
2026-05-03,B_07,123,S,25,,S,,55307,Matutino,2026-05-03 11:56:34,,178542,"POINT (  575746.062462269,   6137085.68040035)",DR PABLO DE MARIA 1214 EN 1216 EN 1216,0
2026-05-03,B_07,124,S,50,,S,,55307,Matutino,2026-05-03 11:56:26,,178543,"POINT (  575745.902654077,   6137087.75790684)",DR PABLO DE MARIA 1214 EN 1216 EN 1216,0
2026-05-03,B_07,125,S,50,,S,,55307,Matutino,2026-05-03 11:56:31,,178544,"POINT (  575745.583037694,   6137089.78214393)",DR PABLO DE MARIA 1214 EN 1216 EN 1216,0
2026-05-03,B_07,126,S,50,,S,,55307,Matutino,2026-05-03 12:01:41,,178575,"POINT (  575728.057405999,   6137145.55520285)",DR PABLO DE MARIA 1247 ,0
2026-05-03,B_07,127,S,50,,S,,55307,Matutino,2026-05-03 12:04:48,,178577,"POINT (  575842.251691198,   6137137.86307779)",DR JOAQUIN DE SALTERAIN 1288 EN 1280/1288 EN 1280/1288,0
2026-05-03,B_07,128,S,50,,S,,55307,Matutino,2026-05-03 12:05:09,,178578,"POINT (  575852.351388977,   6137024.87204573)",DR JOAQUIN DE SALTERAIN 1236 ,0
2026-05-03,B_07,129,S,25,,S,,55307,Matutino,2026-05-03 12:04:54,,178579,"POINT (  575852.547987368,   6137022.28981762)",DR JOAQUIN DE SALTERAIN 1236 ,0
2026-05-03,B_07,130,S,50,,S,,55307,Matutino,2026-05-03 12:13:38,,178580,"POINT (  575859.952433586,   6136919.16026455)",DR JOAQUIN DE SALTERAIN 1191 FTE 1187/1191. IGLESIA FTE 1187/1191. IGLESIA,0
2026-05-03,B_07,131,S,50,,S,,55307,Matutino,2026-05-03 12:13:02,,178582,"POINT (  575860.369966075,   6136916.36126509)",DR JOAQUIN DE SALTERAIN 1191 FTE 1187/1191. IGLESIA FTE 1187/1191. IGLESIA,0
2026-05-03,B_07,132,S,50,,S,,55307,Matutino,2026-05-03 12:14:21,,179068,"POINT (  575873.047072767,   6136774.37761351)",DR JOAQUIN DE SALTERAIN 1124 ,0
2026-05-03,B_07,133,S,50,,S,,55307,Matutino,2026-05-03 12:14:14,,179069,"POINT (  575873.156005229,   6136772.30789673)",DR JOAQUIN DE SALTERAIN 1124 ,0
2026-05-03,B_07,134,S,75,,S,,55307,Matutino,2026-05-03 12:19:04,,178587,"POINT (  575874.654787226,   6136588.51711583)",DR JOAQUIN DE SALTERAIN 1031 EN 1029/1031. PROV OP (O: DR JOAQUIN DE SALTERAIN 1007) EN 1029/1031. PROV OP (O: DR JOAQUIN DE SALTERAIN 1007),0
2026-05-03,B_07,135,S,50,,S,,55307,Matutino,2026-05-03 12:18:49,,179502,"POINT (  575879.513785889,   6136509.41945971)",DR JOAQUIN DE SALTERAIN 985 EN 991 EN 991,0
2026-05-03,B_07,136,S,50,,S,,55307,Matutino,2026-05-03 12:18:53,,178591,"POINT (  575880.514420924,   6136495.10922776)",DR JOAQUIN DE SALTERAIN 977 ,0
2026-05-03,B_07,137,S,50,,S,,55307,Matutino,2026-05-03 12:18:57,,178600,"POINT (  575880.567690321,   6136493.59104993)",DR JOAQUIN DE SALTERAIN 977 ,0
2026-05-03,B_07,138,S,50,,S,,55307,Matutino,2026-05-03 10:32:05,,178601,"POINT (  575781.699689028,   6136454.91746753)",DR PABLO DE MARIA Esq. AV GONZALO RAMIREZ FTE 954 FTE 954,0
2026-05-03,B_07,139,S,50,,S,,55307,Matutino,2026-05-03 10:32:33,,178603,"POINT (  575781.593150234,   6136458.85940293)",DR PABLO DE MARIA 967 FTE 954 FTE 954,0
2026-05-03,B_07,140,S,50,,S,,55307,Matutino,2026-05-03 11:38:51,,178605,"POINT (  575786.559680432,   6136565.56041192)",DR PABLO DE MARIA 1010 ESTACIONAMIENTO ESTACIONAMIENTO,0
2026-05-03,B_07,141,S,50,,S,,55307,Matutino,2026-05-03 11:38:57,,178606,"POINT (  575786.501782012,   6136567.28933736)",DR PABLO DE MARIA 1010 ESTACIONAMIENTO ESTACIONAMIENTO,0
2026-05-03,B_07,142,S,50,,S,,55307,Matutino,2026-05-03 11:49:20,,178607,"POINT (  575778.369312785,   6136667.18158613)",DR PABLO DE MARIA 1048 ,0
2026-05-03,B_07,143,S,50,,S,,55307,Matutino,2026-05-03 11:49:24,,178609,"POINT (  575778.175318182,   6136669.41391783)",DR PABLO DE MARIA 1048 ,0
2026-05-03,B_07,144,S,50,,S,,55307,Matutino,2026-05-03 11:49:01,,178610,"POINT (  575762.895591800,   6136707.46767988)",DR PABLO DE MARIA 1057 ,0
2026-05-03,B_07,145,S,50,,S,,55307,Matutino,2026-05-03 11:50:46,,178616,"POINT (  575770.107390456,   6136773.42105112)",DR PABLO DE MARIA 1092 EN 1086/1092 EN 1086/1092,0
2026-05-03,B_07,146,S,50,,S,,55307,Matutino,2026-05-03 12:13:58,,183675,"POINT (  575879.252714161,   6136822.17714815)",MALDONADO 2106 ,0
2026-05-03,B_07,147,S,50,,S,,55307,Matutino,2026-05-03 12:14:04,,183676,"POINT (  575882.956417865,   6136821.74141830)",MALDONADO 2112 ,0
2026-05-03,B_07,148,S,50,,S,,55307,Matutino,2026-05-03 13:16:01,,178617,"POINT (  576078.490135798,   6136854.41131219)",MALDONADO 2203 ,0
2026-05-03,B_07,149,S,50,,S,,55307,Matutino,2026-05-03 13:16:04,,178618,"POINT (  576082.655290873,   6136854.82202244)",MALDONADO 2203 ,0
2026-05-03,B_07,150,S,50,,S,,55307,Matutino,2026-05-03 14:32:32,,178619,"POINT (  576206.353818898,   6136826.76508814)",ACEVEDO DIAZ 1092 EN 1088/1096. CASA TAPEADA EN 1088/1096. CASA TAPEADA,0
2026-05-03,B_07,151,S,50,,S,,55307,Matutino,2026-05-03 14:32:43,,178626,"POINT (  576206.258263623,   6136821.98877310)",ACEVEDO DIAZ 1092 EN 1088/1096. CASA TAPEADA EN 1088/1096. CASA TAPEADA,0
2026-05-03,B_07,152,S,50,,S,,55307,Matutino,2026-05-03 13:07:44,,178631,"POINT (  576110.435392850,   6136708.26896653)",EDIL HUGO PRATO 2214 EN 2214 EN 2214,0
2026-05-03,B_07,153,S,50,,S,,55307,Matutino,2026-05-03 13:07:49,,178633,"POINT (  576113.328321598,   6136708.87931891)",EDIL HUGO PRATO 2214 EN 2214 EN 2214,0
2026-05-03,B_07,154,S,100,,S,,55307,Matutino,2026-05-03 13:12:15,,178635,"POINT (  576181.548798070,   6136713.99658037)",EDIL HUGO PRATO 2244 (*)PROV OV (O: ACEVEDO DIAZ 1050). VERIFICAR QUE ESTE (*)PROV OV (O: ACEVEDO DIAZ 1050). VERIFICAR QUE ESTE,0
2026-05-03,B_07,155,S,50,,S,,55307,Matutino,2026-05-03 14:33:12,,178637,"POINT (  576214.259363923,   6136708.80195552)",ACEVEDO DIAZ 1050 ,0
2026-05-03,B_07,156,S,50,,S,,55307,Matutino,2026-05-03 14:31:59,,178639,"POINT (  576195.041378612,   6136943.75630356)",ACEVEDO DIAZ 1142 FTE 1145 FTE 1145,0
2026-05-03,B_07,157,S,50,,S,,55307,Matutino,2026-05-03 14:15:29,,178640,"POINT (  576283.418733475,   6137134.49046631)",DR MARIO CASSINONI 1220 ,0
2026-05-03,B_07,158,S,50,,S,,55307,Matutino,2026-05-03 14:17:42,,178641,"POINT (  576279.832081706,   6137190.64817507)",DR MARIO CASSINONI 1246 EN 1248 EN 1248,0
2026-05-03,B_07,159,S,50,,S,,55307,Matutino,2026-05-03 14:24:39,,178644,"POINT (  576163.002034532,   6137182.04473997)",ACEVEDO DIAZ 1247 ,0
2026-05-03,B_07,160,S,50,,S,,55307,Matutino,2026-05-03 14:26:47,,178645,"POINT (  576165.985120778,   6137134.68824581)",ACEVEDO DIAZ 1221 EN 1217/1221 EN 1217/1221,0
2026-05-03,B_07,161,S,25,,S,,55307,Matutino,2026-05-03 14:26:59,,178646,"POINT (  576166.038390175,   6137131.54535137)",ACEVEDO DIAZ 1217 EN 1217/1221 EN 1217/1221,0
2026-05-03,B_07,162,S,50,,S,,55307,Matutino,2026-05-03 14:32:09,,178648,"POINT (  576171.378124913,   6137072.95615188)",ACEVEDO DIAZ 1197 ,0
2026-05-03,B_07,163,S,50,,S,,55307,Matutino,2026-05-03 13:49:49,,178649,"POINT (  576378.050591223,   6136986.22643568)",CANELONES 2339 FTE 2348 FTE 2348,0
2026-05-03,B_06,1,S,25,,S,,55308,Matutino,2026-05-03 07:49:19,,178188,"POINT (  575353.668634085,   6137077.72388476)",DR EMILIO FRUGONI 1302 COMERCIO COMERCIO,0
2026-05-03,B_06,2,S,50,,S,,55308,Matutino,2026-05-03 07:40:16,,178189,"POINT (  575329.623511126,   6137147.25059702)",DR EMILIO FRUGONI 1334 EN 1336 EN 1336,0
2026-05-03,B_06,3,S,25,,S,,55308,Matutino,2026-05-03 07:40:19,,179080,"POINT (  575328.811823183,   6137149.72585717)",DR EMILIO FRUGONI 1334 EN 1336 EN 1336,0
2026-05-03,B_06,4,S,25,,S,,55308,Matutino,2026-05-03 06:25:55,,178191,"POINT (  575285.812884854,   6137252.49844251)",DR EMILIO FRUGONI 1386 FTE 1393 FTE 1393,0
2026-05-03,B_06,5,S,50,,S,Basura Afuera,55308,Matutino,2026-05-03 07:50:46,,183535,"POINT (  575283.740220364,   6137256.49338658)",DR EMILIO FRUGONI 1393 ,0
2026-05-03,B_06,6,S,50,,S,,55308,Matutino,2026-05-03 07:50:42,,178192,"POINT (  575263.536450078,   6137293.85714077)",DR EMILIO FRUGONI 1409 FTE 1411 FTE 1411,0
2026-05-03,B_06,7,S,25,,S,,55308,Matutino,2026-05-03 07:50:51,,178193,"POINT (  575262.657605131,   6137295.48928139)",DR EMILIO FRUGONI 1409 FTE 1411 FTE 1411,0
2026-05-03,B_06,8,S,50,,S,Basura Afuera,55308,Matutino,2026-05-03 07:50:56,,178194,"POINT (  575224.118404334,   6137370.87900930)",DR EMILIO FRUGONI 1447 FTE 1447 FTE 1447,0
2026-05-03,B_06,9,S,50,,S,,55308,Matutino,2026-05-03 07:51:01,,177522,"POINT (  575279.311806537,   6137443.20915172)",EDUARDO ACEVEDO 1464 FTE 1460 FTE 1460,0
2026-05-03,B_06,10,S,25,,S,,55308,Matutino,2026-05-03 07:51:05,,177529,"POINT (  575280.280012346,   6137440.58116453)",EDUARDO ACEVEDO 1464 FTE 1460 FTE 1460,0
2026-05-03,B_06,11,S,50,,S,,55308,Matutino,2026-05-03 07:51:08,,179575,"POINT (  575281.248218155,   6137438.50643780)",EDUARDO ACEVEDO 1464 FTE 1460 FTE 1460,0
2026-05-03,B_06,12,S,25,,S,Basura Afuera,55308,Matutino,2026-05-03 07:32:48,,177549,"POINT (  575313.549713608,   6137397.90581784)",EDUARDO ACEVEDO 1442 EN 1444 EN 1444,0
2026-05-03,B_06,13,S,75,,S,,55308,Matutino,2026-05-03 07:13:42,,179164,"POINT (  575345.994452630,   6137327.17044088)",EDUARDO ACEVEDO 1402 ,0
2026-05-03,B_06,14,S,50,,S,Basura Afuera,55308,Matutino,2026-05-03 07:36:31,,177564,"POINT (  575389.195441630,   6137238.07076696)",EDUARDO ACEVEDO 1360 EN 1360 EN 1360,0
2026-05-03,B_06,15,S,25,,S,,55308,Matutino,2026-05-03 07:36:27,,177565,"POINT (  575409.057087262,   6137150.69736714)",EDUARDO ACEVEDO 1312 FTE 1307 FTE 1307,0
2026-05-03,B_06,16,S,50,,S,,55308,Matutino,2026-05-03 07:36:22,,178053,"POINT (  575409.568603418,   6137146.97060658)",EDUARDO ACEVEDO 1312 FTE 1307 FTE 1307,0
2026-05-03,B_06,17,S,25,,S,,55308,Matutino,2026-05-03 07:02:16,,178070,"POINT (  575510.921875994,   6137270.17292638)",JUAN D JACKSON Esq. CHANA EN1356 EN1356,0
2026-05-03,B_06,18,S,25,,S,Basura Afuera,55308,Matutino,2026-05-03 07:02:26,,178705,"POINT (  575510.483433575,   6137274.77657178)",JUAN D JACKSON Esq. CHANA EN1356 EN1356,0
2026-05-03,B_06,19,S,50,,S,,55308,Matutino,2026-05-03 07:04:51,,178303,"POINT (  575493.164958016,   6137334.25859332)",JUAN D JACKSON 1387 EN 1391 (*) EN 1391 (*),0
2026-05-03,B_06,20,S,75,,S,Basura Afuera,55308,Matutino,2026-05-03 07:04:56,,178320,"POINT (  575504.512380446,   6137372.03004526)",JUAN D JACKSON 1404 ,0
2026-05-03,B_06,21,S,75,,S,,55308,Matutino,2026-05-03 07:09:23,,178325,"POINT (  575487.359634532,   6137392.27241622)",JUAN D JACKSON 1411 (*) (*),0
2026-05-03,B_06,22,S,50,,S,Basura Afuera,55308,Matutino,2026-05-03 07:09:29,,178326,"POINT (  575483.524237930,   6137433.82254607)",JUAN D JACKSON 1429 EN 1429 EN 1429,0
2026-05-03,B_06,23,S,75,,S,,55308,Matutino,2026-05-03 07:09:39,,178333,"POINT (  575483.311160341,   6137435.84678317)",JUAN D JACKSON 1429 EN 1429 EN 1429,0
2026-05-03,B_06,24,S,50,,S,Basura Afuera,55308,Matutino,2026-05-03 06:49:32,,178342,"POINT (  575502.481859425,   6137556.76812108)",ARENAL GRANDE 1435 FTE 1439 FTE 1439,0
2026-05-03,B_06,25,S,75,,S,,55308,Matutino,2026-05-03 06:43:46,,178343,"POINT (  575502.847228107,   6137555.05088827)",ARENAL GRANDE 1435 FTE 1439 FTE 1439,0
2026-05-03,B_06,26,S,25,,S,,55308,Matutino,2026-05-03 06:43:50,,178344,"POINT (  575534.926598447,   6137429.36406143)",ARENAL GRANDE 1376 FTE 1379 FTE 1379,0
2026-05-03,B_06,27,S,25,,S,,55308,Matutino,2026-05-03 06:49:42,,178345,"POINT (  575549.687493227,   6137371.70888330)",ARENAL GRANDE 1356 EN 1354. FARMACIA EN 1354. FARMACIA,0
2026-05-03,B_06,28,S,25,,S,,55308,Matutino,2026-05-03 06:49:46,,178347,"POINT (  575549.906714437,   6137369.73589241)",ARENAL GRANDE 1352 EN 1354. FARMACIA EN 1354. FARMACIA,0
2026-05-03,B_06,29,S,25,,S,Basura Afuera,55308,Matutino,2026-05-03 06:49:52,,180522,"POINT (  575587.051058774,   6137255.60691539)",CHANA 2034 PROV OV(O:ARENAL GRANDE1310 ) PROV OV(O:ARENAL GRANDE1310 ),0
2026-05-03,B_06,30,S,25,,S,,55308,Matutino,2026-05-03 07:19:11,,183716,"POINT (  575388.808744009,   6137356.85893813)",DR JUAN A RODRIGUEZ 1407 PROV O: O Juan a Rodriguez  entre Rodo y Guayabos PROV O: O Juan a Rodriguez  entre Rodo y Guayabos,0
2026-05-03,B_06,31,S,50,,S,,55308,Matutino,2026-05-03 07:19:15,,183715,"POINT (  575387.719419390,   6137360.12691199)",DR JUAN A RODRIGUEZ 1407 PROV O: O Juan a Rodriguez  entre Rodo y Guayabos PROV O: O Juan a Rodriguez  entre Rodo y Guayabos,0
2026-05-03,B_06,32,S,50,,S,,55308,Matutino,2026-05-03 07:19:20,,183714,"POINT (  575386.630094771,   6137362.52342615)",DR JUAN A RODRIGUEZ 1411 PROV O: O JUAN A RODRIGUEZ entre Rodo y Guayabos PROV O: O JUAN A RODRIGUEZ entre Rodo y Guayabos,0
2026-05-03,B_06,33,S,50,,S,,55308,Matutino,2026-05-03 07:19:43,,180981,"POINT (  575365.425283049,   6137489.82350228)",DR JUAN A RODRIGUEZ 1472 EN 1482 EN 1482,0
2026-05-03,B_06,34,S,25,,S,,55308,Matutino,2026-05-03 07:19:51,,180982,"POINT (  575364.628923550,   6137491.98504949)",DR JUAN A RODRIGUEZ 1472 EN 1482 EN 1482,0
2026-05-03,B_06,35,S,50,,S,,55308,Matutino,2026-05-03 04:09:28,,178665,"POINT (  575648.324303625,   6137630.71939472)",CNEL FEDERICO BRANDSEN 2012 ,0
2026-05-03,B_06,36,S,25,,S,,55308,Matutino,2026-05-03 04:09:31,,178666,"POINT (  575650.004705303,   6137631.53062312)",CNEL FEDERICO BRANDSEN 2012 ,0
2026-05-03,B_06,37,S,75,,S,,55308,Matutino,2026-05-03 04:10:21,,178723,"POINT (  576020.866946415,   6137811.94160906)",CNEL FEDERICO BRANDSEN 2164 ,0
2026-05-03,B_06,38,S,75,,S,Basura Afuera,55308,Matutino,2026-05-03 04:09:02,,178363,"POINT (  576094.652382307,   6137846.60246531)",CNEL FEDERICO BRANDSEN 2194 EN 2196 EN 2196,0
2026-05-03,B_06,39,S,50,,S,,55308,Matutino,2026-05-03 04:09:15,,178389,"POINT (  576096.116916254,   6137847.45393853)",CNEL FEDERICO BRANDSEN 2194 EN 2196 EN 2196,0
2026-05-03,B_06,40,S,25,,S,,55308,Matutino,2026-05-03 04:09:19,,178390,"POINT (  576097.411155556,   6137848.16917604)",CNEL FEDERICO BRANDSEN 2194 EN 2196 EN 2196,0
2026-05-03,B_06,41,S,25,,S,,55308,Matutino,2026-05-03 04:18:26,,178391,"POINT (  576120.795281129,   6137712.48825364)",ACEVEDO DIAZ 1493 ,0
2026-05-03,B_06,42,S,50,,S,Basura Afuera,55308,Matutino,2026-05-03 05:29:03,,178397,"POINT (  576122.512513938,   6137675.33025861)",ACEVEDO DIAZ 1479 EN 1471. MURO IGLESIA EN 1471. MURO IGLESIA,0
2026-05-03,B_06,43,S,50,,S,,55308,Matutino,2026-05-03 02:00:00,,178398,"POINT (  576122.731735148,   6137672.91882530)",ACEVEDO DIAZ 1479 EN 1471. MURO IGLESIA EN 1471. MURO IGLESIA,0
2026-05-03,B_06,44,S,25,,S,,55308,Matutino,2026-05-03 05:17:57,,178400,"POINT (  576341.806797285,   6137534.51716831)",BV GRAL ARTIGAS 1461 ,0
2026-05-03,B_06,45,S,25,,S,,55308,Matutino,2026-05-03 05:18:00,,178401,"POINT (  576341.806797285,   6137531.66729258)",BV GRAL ARTIGAS 1461 ,0
2026-05-03,B_06,46,S,25,,S,,55308,Matutino,2026-05-03 05:20:30,,178402,"POINT (  576355.902645388,   6137347.23999507)",BV GRAL ARTIGAS 1353 ,0
2026-05-03,B_06,47,S,25,,S,,55308,Matutino,2026-05-03 05:20:39,,178403,"POINT (  576363.694488664,   6137266.53000402)",BV GRAL ARTIGAS 1327 ,0
2026-05-03,B_06,48,S,25,,S,,55308,Matutino,2026-05-03 04:40:19,,179793,"POINT (  576259.507676056,   6137258.09978451)",DR MARIO CASSINONI 1275 PROV OP (O: DR MARIO CASSINONI 1269) PROV OP (O: DR MARIO CASSINONI 1269),0
2026-05-03,B_06,49,S,25,,S,,55308,Matutino,2026-05-03 04:40:58,,178422,"POINT (  576268.513839539,   6137304.70026690)",DR MARIO CASSINONI 1294 ,0
2026-05-03,B_06,50,S,25,,S,,55308,Matutino,2026-05-03 04:45:31,,178423,"POINT (  576265.006300185,   6137358.70175820)",DR MARIO CASSINONI 1316 MURO MURO,0
2026-05-03,B_06,51,S,50,,S,Basura Afuera,55308,Matutino,2026-05-03 05:24:32,,178425,"POINT (  576296.866449315,   6137329.83763227)",CHANA 2371 EN 2373 EN 2373,0
2026-05-03,B_06,52,S,50,,S,,55308,Matutino,2026-05-03 07:18:41,,183661,"POINT (  576245.876422004,   6137418.92998323)",DR MARIO CASSINONI 1355 ,0
2026-05-03,B_06,53,S,25,,S,,55308,Matutino,2026-05-03 07:18:44,,178427,"POINT (  576242.353441859,   6137490.30755770)",DR MARIO CASSINONI 1393 ,0
2026-05-03,B_06,54,S,25,,S,,55308,Matutino,2026-05-03 04:47:57,,178428,"POINT (  576238.553607559,   6137534.00565215)",DR MARIO CASSINONI 1411 ,0
2026-05-03,B_06,55,S,50,,S,,55308,Matutino,2026-05-03 04:48:01,,178441,"POINT (  576233.876888421,   6137595.09529590)",DR MARIO CASSINONI 1441 EN 1447 EN 1447,0
2026-05-03,B_06,56,S,25,,S,,55308,Matutino,2026-05-03 04:49:44,,178442,"POINT (  576219.758869757,   6137756.53635990)",DR MARIO CASSINONI 1505 ,0
2026-05-03,B_06,57,S,25,,S,,55308,Matutino,2026-05-03 04:51:31,,178443,"POINT (  576229.076887256,   6137805.77849853)",DR MARIO CASSINONI 1532 EN 1536 EN 1536,0
2026-05-03,B_06,58,S,50,,S,,55308,Matutino,2026-05-03 04:53:27,,178444,"POINT (  576228.790179026,   6137808.35887261)",DR MARIO CASSINONI 1536 EN 1536 EN 1536,0
2026-05-03,B_06,59,S,25,,S,,55308,Matutino,2026-05-03 04:53:37,,178721,"POINT (  576211.772083118,   6137858.05113683)",DR MARIO CASSINONI 1559 EN 1559 (*) EN 1559 (*),0
2026-05-03,B_06,60,S,25,,S,,55308,Matutino,2026-05-03 04:56:51,,178722,"POINT (  576211.041345753,   6137862.14326607)",DR MARIO CASSINONI 1559 EN 1559 (*) EN 1559 (*),0
2026-05-03,B_06,61,S,25,,S,Basura Afuera,55308,Matutino,2026-05-03 04:56:56,,179145,"POINT (  576220.688483301,   6137901.99469489)",DR MARIO CASSINONI 1574 EN 1578. PROV OP (O: DR MARIO CASSINONI 1581) EN 1578. PROV OP (O: DR MARIO CASSINONI 1581),0
2026-05-03,B_06,62,S,25,,S,Basura Afuera,55308,Matutino,2026-05-03 04:59:34,,179146,"POINT (  576220.393787819,   6137904.45049057)",DR MARIO CASSINONI 1574 EN 1578. PROV OP (O: DR MARIO CASSINONI 1581) EN 1578. PROV OP (O: DR MARIO CASSINONI 1581),0
2026-05-03,B_06,63,S,25,,S,,55308,Matutino,2026-05-03 04:59:42,,180608,"POINT (  576220.604570421,   6137908.10208453)",DR MARIO CASSINONI 1578 ,0
2026-05-03,B_06,64,S,25,,S,,55308,Matutino,2026-05-03 03:23:49,,177933,"POINT (  576214.848538930,   6137984.97544180)",AV 8 DE OCTUBRE 2250 FTE 2285 FTE 2285,0
2026-05-03,B_06,65,S,25,,S,,55308,Matutino,2026-05-03 03:23:46,,177934,"POINT (  576216.902026384,   6137990.58009143)",AV 8 DE OCTUBRE 2250 FTE 2285 FTE 2285,0
2026-05-03,B_06,66,S,25,,S,,55308,Matutino,2026-05-03 03:23:55,,177935,"POINT (  576219.743407610,   6137996.22279186)",AV 8 DE OCTUBRE 2250 FTE 2285 FTE 2285,0
2026-05-03,B_06,67,S,25,,S,,55308,Matutino,2026-05-03 03:23:36,,179380,"POINT (  576280.340942408,   6138191.97755185)",AV 8 DE OCTUBRE 2339 ,0
2026-05-03,B_06,68,S,75,,S,,55308,Matutino,2026-05-03 05:03:59,,177942,"POINT (  576280.770211596,   6138193.57247590)",AV 8 DE OCTUBRE 2339 FTE 2339. SOBRE TUNEL FTE 2339. SOBRE TUNEL,0
2026-05-03,B_06,69,S,50,,S,,55308,Matutino,2026-05-03 05:04:06,,177941,"POINT (  576281.473456862,   6138195.36255476)",AV 8 DE OCTUBRE 2339 FTE 2339. SOBRE TUNEL FTE 2339. SOBRE TUNEL,0
2026-05-03,B_06,70,S,50,,S,,55308,Matutino,2026-05-03 03:23:19,,177939,"POINT (  576282.496359066,   6138197.28049639)",AV 8 DE OCTUBRE 2339 FTE 2339. SOBRE TUNEL FTE 2339. SOBRE TUNEL,0
2026-05-03,B_06,71,S,50,,S,,55308,Matutino,2026-05-03 05:10:01,,177931,"POINT (  576301.340135619,   6138019.87089525)",BV GRAL ARTIGAS 1653 EN 1657 EN 1657,0
2026-05-03,B_06,72,S,25,,S,,55308,Matutino,2026-05-03 05:06:41,,177932,"POINT (  576301.579878324,   6138015.84321782)",BV GRAL ARTIGAS 1653 EN 1657 EN 1657,0
2026-05-03,B_06,73,S,25,,S,,55308,Matutino,2026-05-03 05:12:54,,178450,"POINT (  576308.448636557,   6137936.89769855)",BV GRAL ARTIGAS 1629 EN 1629/1631 EN 1629/1631,0
2026-05-03,B_06,74,S,25,,S,,55308,Matutino,2026-05-03 05:12:59,,178451,"POINT (  576308.887078976,   6137933.24401173)",BV GRAL ARTIGAS 1629 EN 1629/1631 EN 1629/1631,0
2026-05-03,B_06,75,S,25,,S,,55308,Matutino,2026-05-03 05:16:39,,178452,"POINT (  576321.455761660,   6137770.14343178)",BV GRAL ARTIGAS 1555 EN 1555 EN 1555,0
2026-05-03,B_06,76,S,25,,S,,55308,Matutino,2026-05-03 05:16:46,,178453,"POINT (  576321.821130343,   6137767.29355605)",BV GRAL ARTIGAS 1555 EN 1555 EN 1555,0
2026-05-03,B_06,77,S,50,,S,,55308,Matutino,2026-05-03 05:26:18,,183662,"POINT (  576210.896805229,   6137726.30224684)",ANA MONTERROSO DE LAVALLEJA 2242 PROV O: O Acevedo Diaz 1501 PROV O: O Acevedo Diaz 1501,0
2026-05-03,B_06,78,S,25,,S,,55308,Matutino,2026-05-03 07:51:22,,183663,"POINT (  576142.420014161,   6137714.87855229)",ANA MONTERROSO DE LAVALLEJA 2206 PROV O: O Acevedo diaz 1501 PROV O: O Acevedo diaz 1501,0
2026-05-03,B_06,79,S,50,,S,,55308,Matutino,2026-05-03 03:39:07,,180524,"POINT (  575886.068248610,   6137694.75162801)",DR JOAQUIN REQUENA 1519 EN 1519 EN 1519,0
2026-05-03,B_06,80,S,25,,S,Basura Afuera,55308,Matutino,2026-05-03 03:39:12,,180523,"POINT (  575884.882510731,   6137696.67845206)",DR JOAQUIN REQUENA 1519 EN 1519 EN 1519,0
2026-05-03,B_06,81,S,50,,S,,55308,Matutino,2026-05-03 04:13:01,,178864,"POINT (  576141.194426303,   6137844.03229854)",FRANCISCO CANARO 2209 ,0
2026-05-03,B_06,82,S,25,,S,,55308,Matutino,2026-05-03 04:13:12,,178865,"POINT (  576143.598825824,   6137844.26687410)",FRANCISCO CANARO 2209 EN 2209 EN 2209,0
2026-05-03,B_06,83,S,25,,S,,55308,Matutino,2026-05-03 03:37:49,,178461,"POINT (  575923.313508141,   6137685.26828679)",ANA MONTERROSO DE LAVALLEJA 2105 ,0
2026-05-03,B_06,84,S,50,,S,,55308,Matutino,2026-05-03 03:37:45,,178462,"POINT (  575921.413590991,   6137684.09910700)",ANA MONTERROSO DE LAVALLEJA 2105 ,0
2026-05-03,B_06,85,S,50,,S,Basura Afuera,55308,Matutino,2026-05-03 03:43:37,,180527,"POINT (  575856.550779095,   6137754.12690009)",DR JOAQUIN REQUENA Esq. CNEL FEDERICO BRANDSEN FTE 1568 FTE 1568,0
2026-05-03,B_06,86,S,25,,S,,55308,Matutino,2026-05-03 03:47:39,,180526,"POINT (  575855.847241948,   6137755.62191653)",DR JOAQUIN REQUENA 1556 FTE 1568 FTE 1568,0
2026-05-03,B_06,87,S,50,,S,Basura Afuera,55308,Matutino,2026-05-03 03:43:54,,180525,"POINT (  575855.219276127,   6137756.80438129)",DR JOAQUIN REQUENA 1556 FTE 1568 FTE 1568,0
2026-05-03,B_06,88,S,50,,S,,55308,Matutino,2026-05-03 05:37:45,,182219,"POINT (  576007.889816496,   6137519.56415154)",JUAN PAULLIER 1411 ,0
2026-05-03,B_06,89,S,25,,S,,55308,Matutino,2026-05-03 05:30:51,,182218,"POINT (  576008.117347782,   6137517.28883868)",JUAN PAULLIER 1411 ,0
2026-05-03,B_06,90,S,50,,S,Basura Afuera,55308,Matutino,2026-05-03 05:35:08,,178486,"POINT (  576008.599328214,   6137514.60810171)",JUAN PAULLIER 1411 FTE 1411 (*) FTE 1411 (*),0
2026-05-03,B_06,91,S,50,,S,,55308,Matutino,2026-05-03 05:39:21,,178863,"POINT (  576012.609614188,   6137468.89695290)",JUAN PAULLIER 1389 EN 1391 EN 1391,0
2026-05-03,B_06,92,S,25,,S,,55308,Matutino,2026-05-03 05:58:42,,178492,"POINT (  576013.454251568,   6137430.08865550)",JUAN PAULLIER 1365 EN 1365 EN 1365,0
2026-05-03,B_06,93,S,100,,S,,55308,Matutino,2026-05-03 05:38:18,,178493,"POINT (  576029.186670650,   6137369.08767579)",JUAN PAULLIER 1346 ,0
2026-05-03,B_06,94,S,25,,S,,55308,Matutino,2026-05-03 05:39:16,,178495,"POINT (  576021.045646294,   6137315.31445737)",JUAN PAULLIER 1307 ,0
2026-05-03,B_06,95,S,25,,S,Basura Afuera,55308,Matutino,2026-05-03 05:42:41,,178497,"POINT (  576021.638998862,   6137311.13509557)",JUAN PAULLIER 1307 EN 1294/1298 EN 1294/1298,0
2026-05-03,B_06,96,S,50,,S,,55308,Matutino,2026-05-03 05:42:30,,178498,"POINT (  576028.709388191,   6137204.32744003)",JUAN PAULLIER 1257 FTE 1256 FTE 1256,0
2026-05-03,B_06,97,S,50,,S,,55308,Matutino,2026-05-03 05:44:15,,178499,"POINT (  575940.120467543,   6137213.79653865)",DR JOAQUIN REQUENA 1262 ,0
2026-05-03,B_06,98,S,25,,S,,55308,Matutino,2026-05-03 05:45:05,,179558,"POINT (  575937.416739291,   6137250.66223874)",DR JOAQUIN REQUENA 1286 ,0
2026-05-03,B_06,99,S,50,,S,,55308,Matutino,2026-05-03 05:44:54,,179559,"POINT (  575937.197518082,   6137252.63522963)",DR JOAQUIN REQUENA 1286 ,0
2026-05-03,B_06,100,S,50,,S,,55308,Matutino,2026-05-03 05:55:37,,178501,"POINT (  575933.397683782,   6137308.02512192)",DR JOAQUIN REQUENA 1304 EN 1304/1310 EN 1304/1310,0
2026-05-03,B_06,101,S,25,,S,,55308,Matutino,2026-05-03 05:47:35,,178502,"POINT (  575933.032315099,   6137311.09421886)",DR JOAQUIN REQUENA 1310 EN 1304/1310 EN 1304/1310,0
2026-05-03,B_06,102,S,25,,S,,55308,Matutino,2026-05-03 05:53:16,,178503,"POINT (  575922.541328896,   6137443.49939380)",DR JOAQUIN REQUENA 1378 EN 1384 EN 1384,0
2026-05-03,B_06,103,S,25,,S,,55308,Matutino,2026-05-03 05:53:20,,178504,"POINT (  575922.477655001,   6137445.91900180)",DR JOAQUIN REQUENA 1378 EN 1384 EN 1384,0
2026-05-03,B_06,104,S,75,,S,,55308,Matutino,2026-05-03 05:55:42,,178505,"POINT (  575903.218230592,   6137522.56961240)",DR JOAQUIN REQUENA 1415 ,0
2026-05-03,B_06,105,S,25,,S,,55308,Matutino,2026-05-03 05:55:51,,178508,"POINT (  575902.860933069,   6137525.84542982)",DR JOAQUIN REQUENA 1415 ,0
2026-05-03,B_06,106,S,50,,S,,55308,Matutino,2026-05-03 07:51:29,,178509,"POINT (  575892.914833740,   6137636.85693634)",DR JOAQUIN REQUENA 1495 ,0
2026-05-03,B_06,107,S,25,,S,,55308,Matutino,2026-05-03 07:51:32,,178510,"POINT (  575892.622538794,   6137639.85295954)",DR JOAQUIN REQUENA 1495 ,0
2026-05-03,B_06,108,S,50,,S,,55308,Matutino,2026-05-03 05:57:18,,178512,"POINT (  575892.184096375,   6137642.33746658)",DR JOAQUIN REQUENA 1495 ,0
2026-05-03,B_06,109,S,50,,S,Basura Afuera,55308,Matutino,2026-05-03 03:31:19,,183466,"POINT (  575965.741262179,   6137773.06034871)",JUAN PAULLIER 1541 PROV OV(O:ANA MONTERROSO DE LAVALLEJA 2155) PROV OV(O:ANA MONTERROSO DE LAVALLEJA 2155),0
2026-05-03,B_06,110,S,25,,S,,55308,Matutino,2026-05-03 04:33:30,,178513,"POINT (  575986.493400027,   6137732.83472365)",JUAN PAULLIER 1509 EN 1509 EN 1509,0
2026-05-03,B_06,111,S,50,,S,,55308,Matutino,2026-05-03 04:29:46,,179560,"POINT (  575987.691470028,   6137731.04898273)",JUAN PAULLIER 1503 EN 1509 EN 1509,0
2026-05-03,B_06,112,S,25,,S,,55308,Matutino,2026-05-03 04:23:14,,178514,"POINT (  576145.327900944,   6137544.68304143)",ACEVEDO DIAZ 1417 FTE 1417 FTE 1417,0
2026-05-03,B_06,113,S,75,,S,Basura Afuera,55308,Matutino,2026-05-03 04:28:41,,179797,"POINT (  576137.832532394,   6137481.35634506)",ACEVEDO DIAZ 1391 ,0
2026-05-03,B_06,114,S,25,,S,,55308,Matutino,2026-05-03 04:30:51,,178515,"POINT (  576137.857998612,   6137479.09073916)",ACEVEDO DIAZ 1391 ,0
2026-05-03,B_06,115,S,25,,S,,55308,Matutino,2026-05-03 04:28:57,,178517,"POINT (  576144.069266217,   6137414.05511364)",ACEVEDO DIAZ 1357 EN 1355 EN 1355,0
2026-05-03,B_06,116,S,50,,S,,55308,Matutino,2026-05-03 04:35:31,,178519,"POINT (  576159.238443292,   6137383.63151865)",ACEVEDO DIAZ 1348 EN 1348/1350 EN 1348/1350,0
2026-05-03,B_06,117,S,25,,S,,55308,Matutino,2026-05-03 04:33:38,,178520,"POINT (  576159.381180386,   6137382.08995804)",ACEVEDO DIAZ 1348 EN 1348/1350 EN 1348/1350,0
2026-05-03,B_06,118,S,50,,S,,55308,Matutino,2026-05-03 07:51:46,,178521,"POINT (  576162.593458429,   6137347.74069773)",ACEVEDO DIAZ 1314 ,0
2026-05-03,B_06,119,S,25,,S,,55308,Matutino,2026-05-03 07:51:42,,178522,"POINT (  576167.306714436,   6137294.25072259)",ACEVEDO DIAZ 1292 FTE 1295 FTE 1295,0
2026-05-03,B_06,120,S,25,,S,,55308,Matutino,2026-05-03 07:51:51,,178533,"POINT (  576173.225687096,   6137222.20001836)",ACEVEDO DIAZ 1260 ,0
2026-05-03,B_06,121,S,50,,S,,55308,Matutino,2026-05-03 06:27:57,,183667,"POINT (  575706.205314379,   6137279.54316580)",CHANA 2095 PROV O: Pablo de Maria 1325 PROV O: Pablo de Maria 1325,0
2026-05-03,B_06,122,S,25,,S,Basura Afuera,55308,Matutino,2026-05-03 06:28:04,,183666,"POINT (  575708.558034640,   6137280.50903508)",CHANA 2095 PROV O: Dr Pablo de Maria 1319 PROV O: Dr Pablo de Maria 1319,0
2026-05-03,B_06,123,S,50,,S,,55308,Matutino,2026-05-03 06:30:26,,181733,"POINT (  575702.198581001,   6137411.06981536)",DR PABLO DE MARIA 1372 ,0
2026-05-03,B_06,124,S,25,,S,Basura Afuera,55308,Matutino,2026-05-03 06:30:31,,181732,"POINT (  575701.402221502,   6137413.00383129)",DR PABLO DE MARIA 1372 ,0
2026-05-03,B_06,125,S,25,,S,,55308,Matutino,2026-05-03 06:32:05,,178581,"POINT (  575678.490231860,   6137434.99447281)",DR PABLO DE MARIA 1379 EN 1381/1383 EN 1381/1383,0
2026-05-03,B_06,126,S,25,,S,,55308,Matutino,2026-05-03 06:40:21,,178585,"POINT (  575678.024124634,   6137436.32620774)",DR PABLO DE MARIA 1379 EN 1381/1383 EN 1381/1383,0
2026-05-03,B_06,127,S,25,,S,,55308,Matutino,2026-05-03 06:40:18,,178586,"POINT (  575650.456175912,   6137504.11849393)",DR PABLO DE MARIA 1411 EN 1403 EN 1403,0
2026-05-03,B_06,128,S,25,,S,Basura Afuera,55308,Matutino,2026-05-03 06:36:41,,178588,"POINT (  575649.140848654,   6137507.33373834)",DR PABLO DE MARIA 1411 EN 1403 EN 1403,0
2026-05-03,B_06,129,S,100,,S,,55308,Matutino,2026-05-03 04:01:39,,178590,"POINT (  575768.968888103,   6137716.17934666)",DR MARTIN C MARTINEZ 1552 FTE 1533 FTE 1533,0
2026-05-03,B_06,130,S,75,,S,Basura Afuera,55308,Matutino,2026-05-03 04:01:56,,178594,"POINT (  575770.490026131,   6137713.28254351)",DR MARTIN C MARTINEZ 1552 FTE 1533 FTE 1533,0
2026-05-03,B_06,131,S,100,,S,Basura Afuera,55308,Matutino,2026-05-03 03:47:46,,180378,"POINT (  575783.406114597,   6137672.90447843)",DR MARTIN C MARTINEZ 1533 ,0
2026-05-03,B_06,132,S,25,,S,Basura Afuera,55308,Matutino,2026-05-03 03:51:51,,182188,"POINT (  575720.909722412,   6137587.40267793)",ANA MONTERROSO DE LAVALLEJA 2023 ,0
2026-05-03,B_06,133,S,100,,S,,55308,Matutino,2026-05-03 03:51:47,,182187,"POINT (  575719.317003413,   6137586.60631843)",ANA MONTERROSO DE LAVALLEJA 2023 ,0
2026-05-03,B_06,134,S,50,,S,,55308,Matutino,2026-05-03 07:52:14,,178602,"POINT (  575755.939339465,   6137662.86453147)",DR JOAQUIN DE SALTERAIN 1536 EN 1538 EN 1538,0
2026-05-03,B_06,135,S,75,,S,,55308,Matutino,2026-05-03 06:10:46,,178604,"POINT (  575756.762372360,   6137661.57630607)",DR JOAQUIN DE SALTERAIN 1536 EN 1538 EN 1538,0
2026-05-03,B_06,136,S,50,,S,,55308,Matutino,2026-05-03 06:10:56,,178608,"POINT (  575812.022207394,   6137515.22570188)",DR JOAQUIN DE SALTERAIN 1454 ,0
2026-05-03,B_06,137,S,50,,S,,55308,Matutino,2026-05-03 06:02:14,,178611,"POINT (  575812.095281131,   6137512.74119484)",DR JOAQUIN DE SALTERAIN 1454 ,0
2026-05-03,B_06,138,S,25,,S,,55308,Matutino,2026-05-03 06:02:47,,178614,"POINT (  575816.479705323,   6137464.87789741)",DR JOAQUIN DE SALTERAIN 1448 ,0
2026-05-03,B_06,139,S,100,,S,,55308,Matutino,2026-05-03 06:10:36,,178615,"POINT (  575816.479705323,   6137462.97798026)",DR JOAQUIN DE SALTERAIN 1448 ,0
2026-05-03,B_06,140,S,25,,S,,55308,Matutino,2026-05-03 06:15:30,,178624,"POINT (  575823.153326107,   6137389.91086908)",DR JOAQUIN DE SALTERAIN 1408 FTE 1403 FTE 1403,0
2026-05-03,B_06,141,S,25,,S,,55308,Matutino,2026-05-03 06:25:33,,178625,"POINT (  575818.287137293,   6137261.75509817)",DR JOAQUIN DE SALTERAIN 1345 EN 1347 EN 1347,0
2026-05-03,B_06,142,S,50,,S,,55308,Matutino,2026-05-03 06:18:33,,178627,"POINT (  575818.425264532,   6137260.51195302)",DR JOAQUIN DE SALTERAIN 1345 ,0
2026-05-03,B_06,143,S,50,,S,,55308,Matutino,2026-05-03 06:22:11,,178628,"POINT (  575837.906518795,   6137192.74601054)",DR JOAQUIN DE SALTERAIN 1306 ,0
2026-05-03,B_06,144,S,50,,S,Basura Afuera,55308,Matutino,2026-05-03 06:59:32,,178629,"POINT (  575500.298728215,   6137238.42675712)",JUAN D JACKSON 1345 ,0
2026-05-03,B_06,145,S,25,,S,Basura Afuera,55308,Matutino,2026-05-03 06:59:38,,178630,"POINT (  575499.967222841,   6137240.41578936)",JUAN D JACKSON 1345 ,0
2026-05-03,B_06,146,S,50,,S,,55308,Matutino,2026-05-03 06:50:32,,178632,"POINT (  575612.465758536,   6137340.32579374)",JUAN MANUEL BLANES 1392 FTE 1395 FTE 1395,0
2026-05-03,B_06,147,S,50,,S,,55308,Matutino,2026-05-03 07:01:27,,178634,"POINT (  575607.693090993,   6137238.92987748)",JUAN MANUEL BLANES 1345 EN 1345 EN 1345,0
2026-05-03,B_06,148,S,50,,S,,55308,Matutino,2026-05-03 07:02:10,,178636,"POINT (  575613.919307643,   6137189.75527935)",JUAN MANUEL BLANES 1315 EN 1311/1315 EN 1311/1315,0
2026-05-03,B_06,149,S,25,,S,Basura Afuera,55308,Matutino,2026-05-03 06:06:19,,178638,"POINT (  575741.798346582,   6137515.81029178)",MIGUEL DEL CORRO 1420 MURO MURO,0
2026-05-03,B_06,150,S,25,,S,,55308,Matutino,2026-05-03 03:52:47,,178642,"POINT (  575649.433143600,   6137552.85867620)",ANA MONTERROSO DE LAVALLEJA 2001 EN 2001 EN 2001,0
2026-05-03,B_06,151,S,25,,S,,55308,Matutino,2026-05-03 03:52:51,,178643,"POINT (  575647.825521396,   6137551.83564389)",ANA MONTERROSO DE LAVALLEJA 2001 EN 2001 EN 2001,0
2026-05-03,B_06,152,S,25,,S,Basura Afuera,55308,Matutino,2026-05-03 03:57:56,,178647,"POINT (  575601.935214850,   6137641.24136054)",DR PABLO DE MARIA 1518 ,0
2026-05-03,B_06,153,S,25,,S,,55308,Matutino,2026-05-03 03:57:41,,178650,"POINT (  575601.167940617,   6137643.14127769)",DR PABLO DE MARIA 1518 ,0
2026-05-03,B_06,154,S,50,,S,,55308,Matutino,2026-05-03 07:52:01,,183672,"POINT (  575960.281251634,   6137815.51116144)",JUAN PAULLIER 1574 PROV O: Juan Paullier 1624 PROV O: Juan Paullier 1624,0
2026-05-03,B_06,155,S,25,,S,,55308,Matutino,2026-05-03 07:52:04,,183671,"POINT (  575961.479508715,   6137814.20397190)",JUAN PAULLIER 1574 PROV O: Juan Paullier 1624 PROV O: Juan Paullier 1624,0
2026-05-03,B_06,156,S,50,,S,Basura Afuera,55308,Matutino,2026-05-03 03:29:52,,178651,"POINT (  575962.362849795,   6137812.40815232)",JUAN PAULLIER 1574 EN 1586 EN 1586,0
2026-05-03,B_05,1,S,50,,S,,55309,Matutino,2026-05-03 03:37:19,,178078,"POINT (  574543.289270425,   6136380.57580249)",DR JAVIER BARRIOS AMORIN 973 EN 961/ 973 EN 961/ 973,0
2026-05-03,B_05,2,S,25,,S,,55309,Matutino,2026-05-03 03:43:26,,178079,"POINT (  574533.522677507,   6136509.62627427)",DR JAVIER BARRIOS AMORIN 1043 FTE 1050 FTE 1050,0
2026-05-03,B_05,3,S,50,,S,,55309,Matutino,2026-05-03 03:43:35,,178080,"POINT (  574543.955080196,   6136540.72877707)",DR JAVIER BARRIOS AMORIN 1058 ,0
2026-05-03,B_05,4,S,50,,S,,55309,Matutino,2026-05-03 03:46:24,,178081,"POINT (  574532.631330114,   6136705.78671268)",DR JAVIER BARRIOS AMORIN 1144 ,0
2026-05-03,B_05,5,S,50,,S,,55309,Matutino,2026-05-03 03:46:27,,178082,"POINT (  574532.429003416,   6136708.22440847)",DR JAVIER BARRIOS AMORIN 1146 EN 1144/1146 EN 1144/1146,0
2026-05-03,B_05,6,S,50,,S,,55309,Matutino,2026-05-03 03:50:20,,178083,"POINT (  574521.581635439,   6136817.42784860)",DR JAVIER BARRIOS AMORIN Esq. CANELONES PDO 1192. ESQ SORIANO PDO 1192. ESQ SORIANO,0
2026-05-03,B_05,7,S,50,,S,,55309,Matutino,2026-05-03 03:50:52,,178084,"POINT (  574516.279871279,   6136885.29042985)",DR JAVIER BARRIOS AMORIN 1223 FTE 1225. MURO FTE 1225. MURO,0
2026-05-03,B_05,8,S,50,,S,,55309,Matutino,2026-05-03 03:52:00,,178085,"POINT (  574500.223850888,   6136949.24213544)",DR JAVIER BARRIOS AMORIN 1251 FTE 1251. ARBOL/ARBOL FTE 1251. ARBOL/ARBOL,0
2026-05-03,B_05,9,S,50,,S,,55309,Matutino,2026-05-03 02:49:35,,179497,"POINT (  574491.974214676,   6137134.00837565)",CONSTITUYENTE 1459 EN 1459. VEREDA EN 1459. VEREDA,0
2026-05-03,B_05,10,S,50,,S,,55309,Matutino,2026-05-03 02:49:39,,178086,"POINT (  574491.803566212,   6137135.77174311)",CONSTITUYENTE 1459 EN 1459. VEREDA EN 1459. VEREDA,0
2026-05-03,B_05,11,S,25,,S,,55309,Matutino,2026-05-03 02:49:41,,178087,"POINT (  574491.519152105,   6137137.42134494)",CONSTITUYENTE 1459 EN 1459. VEREDA EN 1459. VEREDA,0
2026-05-03,B_05,12,S,50,,S,,55309,Matutino,2026-05-03 12:35:10,,178088,"POINT (  574612.908703636,   6137187.04609241)",VAZQUEZ 1385 EN 1385. FTE 1390 EN 1385. FTE 1390,0
2026-05-03,B_05,13,S,50,,S,,55309,Matutino,2026-05-03 12:35:13,,178089,"POINT (  574613.787548583,   6137185.66505035)",VAZQUEZ 1385 EN 1385. FTE 1390 EN 1385. FTE 1390,0
2026-05-03,B_05,14,S,50,,S,Basura Afuera,55309,Matutino,2026-05-03 02:44:04,,179574,"POINT (  574614.387420916,   6137184.16459404)",VAZQUEZ 1385 EN 1385. FTE 1390 EN 1385. FTE 1390,0
2026-05-03,B_05,15,S,50,,S,,55309,Matutino,2026-05-03 04:00:57,,179003,"POINT (  574625.751855206,   6137010.45180982)",Q F ANDRES MARTINEZ TRUEBA 1278 ,0
2026-05-03,B_05,16,S,50,,S,,55309,Matutino,2026-05-03 04:04:06,,178091,"POINT (  574620.378885683,   6136925.08752365)",Q F ANDRES MARTINEZ TRUEBA 1227 EN 1245 EN 1245,0
2026-05-03,B_05,17,S,75,,S,Basura Afuera,55309,Matutino,2026-05-03 04:04:11,,178092,"POINT (  574626.405251032,   6136856.97704028)",Q F ANDRES MARTINEZ TRUEBA 1204 FTE 1206 FTE 1206,0
2026-05-03,B_05,18,S,50,,S,,55309,Matutino,2026-05-03 04:05:48,,178093,"POINT (  574635.005376582,   6136755.09380110)",Q F ANDRES MARTINEZ TRUEBA 1151 FTE 1058 FTE 1058,0
2026-05-03,B_05,19,S,25,,S,,55309,Matutino,2026-05-03 04:15:35,,183723,"POINT (  574677.322708061,   6136412.09412244)",Q F ANDRES MARTINEZ TRUEBA 984 ,0
2026-05-03,B_05,20,S,25,,S,,55309,Matutino,2026-05-03 03:34:11,,178098,"POINT (  574699.522202125,   6136345.61326538)",AV GONZALO RAMIREZ 1513 EN 1510/1520 EN 1510/1520,0
2026-05-03,B_05,21,N,,Auto,S,,55309,Matutino,2026-05-03 02:00:00,,178099,"POINT (  574767.159351349,   6136232.74929699)",SALTO Esq. CEBOLLATI (*) (*),0
2026-05-03,B_05,22,S,50,,S,,55309,Matutino,2026-05-03 03:27:20,,179496,"POINT (  574692.538333272,   6136263.63115198)",DR CARLOS MARIA MORALES Esq. CEBOLLATI EN 926 EN 926,0
2026-05-03,B_05,23,S,25,,S,,55309,Matutino,2026-05-03 03:31:10,,178100,"POINT (  574655.647496203,   6136288.86924437)",DR CARLOS MARIA MORALES Esq. CEBOLLATI EN 932 EN 932,0
2026-05-03,B_05,24,S,25,,S,,55309,Matutino,2026-05-03 03:31:13,,179493,"POINT (  574652.739212114,   6136290.49869749)",AV GONZALO RAMIREZ Esq. Q F ANDRES MARTINEZ TRUEBA EN 932 EN 932,0
2026-05-03,B_05,25,S,50,,S,,55309,Matutino,2026-05-03 03:32:44,,178102,"POINT (  574627.252708659,   6136341.97390151)",AV GONZALO RAMIREZ 1485 FTE 1485 FTE 1485,0
2026-05-03,B_05,26,S,50,,S,,55309,Matutino,2026-05-03 03:35:02,,178103,"POINT (  574773.517617647,   6136293.76297872)",SALTO 918 FTE 913 FTE 913,0
2026-05-03,B_05,27,,,,S,,55309,Matutino,,,178104,"POINT (  574897.683822957,   6136222.28390418)",DR LORENZO CARNELLI 896 (*) (*),0
2026-05-03,B_05,28,,,,S,,55309,Matutino,,,178105,"POINT (  575102.867057985,   6136246.53388381)",MAGALLANES 895 (*) (*),0
2026-05-03,B_05,29,,,,S,,55309,Matutino,,,178106,"POINT (  575103.185163834,   6136244.09507229)",MAGALLANES 895 (*) (*),0
2026-05-03,B_05,30,S,50,,S,,55309,Matutino,2026-05-03 10:11:50,,178107,"POINT (  574893.040530399,   6136399.97766800)",DR LORENZO CARNELLI 962 EN 964/MURO EN 964/MURO,0
2026-05-03,B_05,31,S,50,,S,,55309,Matutino,2026-05-03 10:11:48,,178108,"POINT (  574892.852206482,   6136401.35871005)",DR LORENZO CARNELLI 962 EN 964/MURO EN 964/MURO,0
2026-05-03,B_05,32,S,75,,S,Basura Afuera,55309,Matutino,2026-05-03 10:09:32,,178110,"POINT (  574866.361308802,   6136721.66630581)",DR LORENZO CARNELLI 1164 ,0
2026-05-03,B_05,33,S,75,,S,,55309,Matutino,2026-05-03 10:09:30,,178111,"POINT (  574866.110210246,   6136722.63931271)",DR LORENZO CARNELLI 1164 ,0
2026-05-03,B_05,34,S,50,,S,,55309,Matutino,2026-05-03 10:38:23,,178112,"POINT (  574963.097027579,   6136786.98331774)",MINAS 1159 FTE 1159 FTE 1159,0
2026-05-03,B_05,35,S,50,,S,,55309,Matutino,2026-05-03 10:38:25,,179572,"POINT (  574962.902490676,   6136790.33001210)",MINAS 1159 FTE 1159 FTE 1159,0
2026-05-03,B_05,36,S,50,,S,,55309,Matutino,2026-05-03 10:44:21,,178113,"POINT (  574952.986185170,   6136912.06433886)",MINAS 1226 ,0
2026-05-03,B_05,37,S,75,,S,,55309,Matutino,2026-05-03 10:44:30,,179491,"POINT (  574946.650072148,   6136991.25199321)",MINAS 1258 FTE 1259 FTE 1259,0
2026-05-03,B_05,38,S,50,,S,,55309,Matutino,2026-05-03 04:57:53,,180346,"POINT (  574955.327155119,   6137088.34543464)",MINAS 1318 EN 1324 EN 1324,0
2026-05-03,B_05,39,S,50,,S,,55309,Matutino,2026-05-03 05:02:31,,178114,"POINT (  574909.915188391,   6137257.74687802)",MINAS 1401 EN 1402 EN 1402,0
2026-05-03,B_05,40,S,50,,S,,55309,Matutino,2026-05-03 05:02:19,,178115,"POINT (  574908.451366223,   6137260.60231477)",MINAS 1401 EN 1402 EN 1402,0
2026-05-03,B_05,41,S,50,,S,,55309,Matutino,2026-05-03 10:49:25,,180654,"POINT (  575050.842470153,   6136962.49657320)",MAGALLANES 1222 ,0
2026-05-03,B_05,42,S,50,,S,,55309,Matutino,2026-05-03 10:49:28,,180655,"POINT (  575051.060335076,   6136960.97151874)",MAGALLANES 1222 ,0
2026-05-03,B_05,43,S,50,,S,,55309,Matutino,2026-05-03 11:09:01,,178116,"POINT (  575054.029806455,   6136920.17423715)",MAGALLANES 1215 FTE 1215. FTE 1215.,0
2026-05-03,B_05,44,S,50,,S,,55309,Matutino,2026-05-03 11:09:33,,178117,"POINT (  575054.154565848,   6136916.04039927)",MAGALLANES 1215 FTE 1215. FTE 1215.,0
2026-05-03,B_05,45,S,50,,S,,55309,Matutino,2026-05-03 11:14:34,,182178,"POINT (  575046.992687145,   6136851.00149318)",MAGALLANES 1191 ANTES 1185 ANTES 1185,0
2026-05-03,B_05,46,S,50,,S,,55309,Matutino,2026-05-03 11:14:37,,182179,"POINT (  575047.106452787,   6136848.72618032)",MAGALLANES 1191 ANTES 1185 ANTES 1185,0
2026-05-03,B_05,47,S,50,,S,,55309,Matutino,2026-05-03 11:18:17,,178120,"POINT (  575079.867871411,   6136426.95927469)",MAGALLANES 979 ,0
2026-05-03,B_05,48,S,50,,S,,55309,Matutino,2026-05-03 11:18:21,,178121,"POINT (  575080.007998304,   6136423.65144771)",MAGALLANES 979 ,0
2026-05-03,B_05,49,S,50,,S,,55309,Matutino,2026-05-03 11:18:28,,178122,"POINT (  575087.527803492,   6136314.02348877)",MAGALLANES 919 ,0
2026-05-03,B_05,50,S,50,,S,,55309,Matutino,2026-05-03 10:21:23,,181084,"POINT (  574932.069333334,   6136260.84226030)",CEBOLLATI 1604 ,0
2026-05-03,B_05,51,S,50,,S,,55309,Matutino,2026-05-03 03:22:10,,183721,"POINT (  574744.350409586,   6136658.43910523)",SALTO 1105 ,0
2026-05-03,B_05,52,S,50,,S,,55309,Matutino,2026-05-03 04:18:28,,178126,"POINT (  574739.022953489,   6136720.63052426)",SALTO 1135 FTE 1135 FTE 1135,0
2026-05-03,B_05,53,S,50,,S,,55309,Matutino,2026-05-03 04:18:31,,178127,"POINT (  574738.834629572,   6136722.95318591)",SALTO 1135 FTE 1135 FTE 1135,0
2026-05-03,B_05,54,S,50,,S,,55309,Matutino,2026-05-03 04:50:33,,178130,"POINT (  574813.159802208,   6137066.89543327)",CONSTITUYENTE 1641 FTE 1641 FTE 1641,0
2026-05-03,B_05,55,S,50,,S,,55309,Matutino,2026-05-03 04:50:38,,178131,"POINT (  574825.840279296,   6137065.63994049)",CONSTITUYENTE 1645 FTE 1647 FTE 1647,0
2026-05-03,B_05,56,,,,S,,55309,Matutino,,,181369,"POINT (  574294.618492634,   6137083.92837711)",EJIDO 1323 SOTERRADO SOTERRADO,0
2026-05-03,B_05,57,S,50,,S,,55309,Matutino,2026-05-03 03:55:04,,178132,"POINT (  574471.320911198,   6137038.82951994)",MANUEL FLORES MORA 1427 ,0
2026-05-03,B_05,58,S,50,,S,,55309,Matutino,2026-05-03 03:55:08,,178133,"POINT (  574522.262124848,   6137043.35494362)",MANUEL FLORES MORA 1457 ,0
2026-05-03,B_05,59,S,50,,S,,55309,Matutino,2026-05-03 03:13:43,,178134,"POINT (  574699.851578722,   6137042.47609868)",SALTO 1287 ,0
2026-05-03,B_05,60,S,50,,S,,55309,Matutino,2026-05-03 03:13:46,,178135,"POINT (  574699.882966042,   6137041.34615518)",SALTO 1287 ,0
2026-05-03,B_05,61,S,50,,S,,55309,Matutino,2026-05-03 03:18:24,,178136,"POINT (  574702.833374077,   6137003.33611123)",SALTO 1265 EN 1269 EN 1269,0
2026-05-03,B_05,62,S,75,,S,,55309,Matutino,2026-05-03 03:18:27,,178137,"POINT (  574702.833374077,   6137001.45287206)",SALTO 1265 EN 1269 EN 1269,0
2026-05-03,B_05,63,S,50,,S,Basura Afuera,55309,Matutino,2026-05-03 03:19:51,,178145,"POINT (  574714.070034467,   6136868.30786263)",SALTO 1205 EN 1205/1207 EN 1205/1207,0
2026-05-03,B_05,64,S,25,,S,,55309,Matutino,2026-05-03 04:12:35,,183725,"POINT (  574669.568367538,   6136638.78742615)",DURAZNO 1509 ,0
2026-05-03,B_05,65,S,25,,S,,55309,Matutino,2026-05-03 04:12:30,,183724,"POINT (  574670.984489542,   6136638.89635861)",DURAZNO 1509 ,0
2026-05-03,B_05,66,S,50,,S,,55309,Matutino,2026-05-03 04:09:52,,183515,"POINT (  574678.522655732,   6136638.17540488)",DURAZNO 1515 ,0
2026-05-03,B_05,67,S,50,,S,,55309,Matutino,2026-05-03 04:09:50,,183516,"POINT (  574682.154891827,   6136638.17540488)",DURAZNO 1515 ,0
2026-05-03,B_05,68,S,50,,S,,55309,Matutino,2026-05-03 03:22:37,,183669,"POINT (  574748.579064924,   6136418.16772353)",SALTO 997 ,0
2026-05-03,B_05,69,S,50,,S,,55309,Matutino,2026-05-03 03:26:50,,183670,"POINT (  574748.905862309,   6136416.64266907)",SALTO 997 ,0
2026-05-03,B_05,70,S,50,,S,,55309,Matutino,2026-05-03 03:26:24,,183722,"POINT (  574752.546214161,   6136389.72028214)",SALTO 963 ,0
2026-05-03,B_05,71,S,50,,S,,55309,Matutino,2026-05-03 10:24:50,,183718,"POINT (  574994.026820044,   6136400.86454183)",MINAS 955 ,0
2026-05-03,B_05,72,S,50,,S,,55309,Matutino,2026-05-03 10:24:53,,183717,"POINT (  574993.591090196,   6136403.47892092)",MINAS 963 ,0
2026-05-03,B_05,73,S,50,,S,,55309,Matutino,2026-05-03 10:23:24,,178147,"POINT (  574992.914981130,   6136406.85149098)",MINAS 963 FTE 963 FTE 963,0
2026-05-03,B_05,74,S,50,,S,,55309,Matutino,2026-05-03 10:33:02,,178148,"POINT (  575057.196211518,   6136459.83328634)",SAN SALVADOR 1689 FTE 1689 FTE 1689,0
2026-05-03,B_05,75,S,50,,S,,55309,Matutino,2026-05-03 10:29:55,,183719,"POINT (  575023.995009368,   6136667.21772005)",PLAZA JUAN RAMÓN GÓMEZ ,0
2026-05-03,B_05,76,S,50,,S,,55309,Matutino,2026-05-03 10:29:58,,178152,"POINT (  575026.344430889,   6136666.24644987)",DURAZNO Esq. NUESTRA SEÑORA DE LA ENCINA (*) FTE 1686 (*) FTE 1686,0
2026-05-03,B_05,77,S,50,,S,,55309,Matutino,2026-05-03 10:30:09,,178153,"POINT (  575028.476756563,   6136666.79430087)",DURAZNO Esq. NUESTRA SEÑORA DE LA ENCINA (*) FTE 1686 (*) FTE 1686,0
2026-05-03,B_05,78,S,50,,S,,55309,Matutino,2026-05-03 10:14:21,,178154,"POINT (  574910.308062518,   6136550.35529339)",ISLA DE FLORES 1617 EN 1614 EN 1614,0
2026-05-03,B_05,79,S,50,,S,,55309,Matutino,2026-05-03 02:00:00,,183720,"POINT (  574843.327445534,   6136636.24161569)",DURAZNO 1596 ,0
2026-05-03,B_05,80,S,50,,S,,55309,Matutino,2026-05-03 10:35:54,,178156,"POINT (  574955.269838805,   6136711.36184515)",MINAS 1123 ,0
2026-05-03,B_05,81,S,75,,S,Basura Afuera,55309,Matutino,2026-05-03 05:24:22,,178157,"POINT (  574820.316111061,   6136912.43843389)",DR LORENZO CARNELLI 1284 FTE 1280. MURO FTE 1280. MURO,0
2026-05-03,B_05,82,S,50,,S,"Basura Afuera, Requiere Limpieza",55309,Matutino,2026-05-03 10:05:27,,179482,"POINT (  574820.629984256,   6136911.24571575)",DR LORENZO CARNELLI 1284 ,0
2026-05-03,B_05,83,S,50,,S,,55309,Matutino,2026-05-03 04:27:46,,179481,"POINT (  574776.923141821,   6137083.40516336)",CONSTITUYENTE 1607 FTE 1586 FTE 1586,0
2026-05-03,B_05,84,S,50,,S,,55309,Matutino,2026-05-03 12:34:22,,178158,"POINT (  574922.030307319,   6137041.20499995)",CONSTITUYENTE 1694 EN 1698 EN 1698,0
2026-05-03,B_05,85,S,50,,S,,55309,Matutino,2026-05-03 04:57:59,,178159,"POINT (  574923.446429323,   6137040.98713503)",CONSTITUYENTE 1694 EN 1698 EN 1698,0
2026-05-03,B_05,86,S,50,,S,,55309,Matutino,2026-05-03 04:58:02,,178160,"POINT (  574987.547749491,   6137035.47672643)",CONSTITUYENTE 1724 EN 1726 EN 1726,0
2026-05-03,B_05,87,S,50,,S,,55309,Matutino,2026-05-03 10:50:04,,178163,"POINT (  575080.014792813,   6137011.99901142)",CONSTITUYENTE 1768 EN 1770/1772 EN 1770/1772,0
2026-05-03,B_05,88,S,50,,S,,55309,Matutino,2026-05-03 10:50:07,,178165,"POINT (  575082.902426209,   6137010.99461720)",CONSTITUYENTE 1774 EN 1770/1772 EN 1770/1772,0
2026-05-03,B_05,89,S,50,,S,,55309,Matutino,2026-05-03 10:50:09,,180656,"POINT (  575085.591925490,   6137010.64472135)",CONSTITUYENTE 1774 ,0
2026-05-03,B_05,90,,,,S,,55309,Matutino,,,178175,"POINT (  575426.781898928,   6136203.96385757)",DR LUIS PIERA 1863 (*) FTE 1863 (*) FTE 1863,0
2026-05-03,B_05,91,S,50,,S,,55309,Matutino,2026-05-03 12:07:29,,178177,"POINT (  575385.915608907,   6136266.29907415)",DR EMILIO FRUGONI 859 FTE 880/886 FTE 880/886,0
2026-05-03,B_05,92,S,50,,S,,55309,Matutino,2026-05-03 12:07:32,,178178,"POINT (  575385.727284989,   6136268.11953868)",DR EMILIO FRUGONI 859 FTE 880/886 FTE 880/886,0
2026-05-03,B_05,93,S,100,,S,,55309,Matutino,2026-05-03 12:12:23,,178179,"POINT (  575391.000354670,   6136355.18796304)",DR EMILIO FRUGONI 920 EN 934 EN 934,0
2026-05-03,B_05,94,S,75,,S,,55309,Matutino,2026-05-03 12:13:32,,178180,"POINT (  575371.295377426,   6136457.49107975)",DR EMILIO FRUGONI 975 EN 981 EN 981,0
2026-05-03,B_05,95,S,75,,S,,55309,Matutino,2026-05-03 12:13:34,,178181,"POINT (  575376.333872881,   6136571.23560565)",DR EMILIO FRUGONI 1044 FTE 1043/1049 FTE 1043/1049,0
2026-05-03,B_05,96,S,50,,S,,55309,Matutino,2026-05-03 12:15:20,,178494,"POINT (  575374.476435923,   6136608.48532304)",DR EMILIO FRUGONI 1064 ,0
2026-05-03,B_05,97,S,75,,S,,55309,Matutino,2026-05-03 12:15:24,,178183,"POINT (  575368.151993971,   6136681.84430570)",DR EMILIO FRUGONI 1110 ,0
2026-05-03,B_05,98,S,75,,S,,55309,Matutino,2026-05-03 12:20:42,,178184,"POINT (  575349.820191453,   6136770.69329892)",DR EMILIO FRUGONI 1143 EN 1145 EN 1145,0
2026-05-03,B_05,99,S,50,,S,,55309,Matutino,2026-05-03 12:20:49,,178185,"POINT (  575346.398973624,   6136817.77427821)",DR EMILIO FRUGONI 1157 FTE 1154 FTE 1154,0
2026-05-03,B_05,100,S,100,,S,,55309,Matutino,2026-05-03 12:24:21,,183258,"POINT (  575345.579214753,   6136826.33008719)",DR EMILIO FRUGONI 1163 ,0
2026-05-03,B_05,101,S,75,,S,,55309,Matutino,2026-05-03 12:26:22,,178186,"POINT (  575336.303733968,   6136937.72487740)",DR EMILIO FRUGONI 1900 FTE 1250 FTE 1250,0
2026-05-03,B_05,102,S,100,,S,,55309,Matutino,2026-05-03 12:24:13,,178187,"POINT (  575341.879199613,   6136989.65123993)",DR EMILIO FRUGONI 1266 EN 1269 EN 1269,0
2026-05-03,B_05,103,S,50,,S,,55309,Matutino,2026-05-03 04:41:24,,178195,"POINT (  574780.516989904,   6137259.67634981)",CARLOS ROXLO 1380 EN 1386 EN 1386,0
2026-05-03,B_05,104,S,50,,S,,55309,Matutino,2026-05-03 04:41:19,,178196,"POINT (  574781.144736294,   6137258.29530775)",CARLOS ROXLO 1380 EN 1386 EN 1386,0
2026-05-03,B_05,105,S,50,,S,,55309,Matutino,2026-05-03 04:41:51,,178204,"POINT (  574809.832746341,   6137176.37440378)",CARLOS ROXLO 1346 FTE 1345 FTE 1345,0
2026-05-03,B_05,106,S,50,,S,,55309,Matutino,2026-05-03 04:41:54,,178205,"POINT (  574810.209394175,   6137175.27584760)",CARLOS ROXLO 1346 FTE 1345 FTE 1345,0
2026-05-03,B_05,107,S,50,,S,,55309,Matutino,2026-05-03 04:41:59,,179571,"POINT (  574810.587951793,   6137174.42383779)",CARLOS ROXLO 1346 FTE 1345 FTE 1345,0
2026-05-03,B_05,108,S,50,,S,,55309,Matutino,2026-05-03 10:57:17,,178206,"POINT (  575147.030753443,   6137021.73133052)",GABOTO 1253 ,0
2026-05-03,B_05,109,S,75,,S,,55309,Matutino,2026-05-03 10:58:58,,178207,"POINT (  575163.042081207,   6137097.97069915)",GABOTO 1295 ,0
2026-05-03,B_05,110,S,50,,S,,55309,Matutino,2026-05-03 11:01:11,,178209,"POINT (  575162.484974843,   6137124.96197441)",GABOTO 1301 FTE 1304 FTE 1304,0
2026-05-03,B_05,111,S,50,,S,,55309,Matutino,2026-05-03 11:01:14,,183075,"POINT (  575162.082641831,   6137127.73309889)",GABOTO 1301 ,0
2026-05-03,B_05,112,S,50,,S,,55309,Matutino,2026-05-03 11:01:17,,183076,"POINT (  575161.597204937,   6137130.88843869)",GABOTO 1301 ,0
2026-05-03,B_05,113,S,50,,S,,55309,Matutino,2026-05-03 11:03:37,,183529,"POINT (  575160.880270080,   6137166.59214744)",GABOTO 1328 ,0
2026-05-03,B_05,114,S,50,,S,,55309,Matutino,2026-05-03 11:03:42,,183530,"POINT (  575159.742613652,   6137169.09499158)",GABOTO 1328 ,0
2026-05-03,B_05,115,S,50,,S,,55309,Matutino,2026-05-03 04:25:55,,179480,"POINT (  574742.836512819,   6137130.73724120)",TACUAREMBO 1384 ,0
2026-05-03,B_05,116,S,50,,S,,55309,Matutino,2026-05-03 04:31:18,,178217,"POINT (  574742.585414262,   6137131.20805099)",TACUAREMBO 1384 FTE 1384/1378 FTE 1384/1378,0
2026-05-03,B_05,117,S,50,,S,,55309,Matutino,2026-05-03 04:32:00,,178220,"POINT (  574714.022953496,   6137201.76674528)",TACUAREMBO 1424 FTE 1429. FTE 1429.,0
2026-05-03,B_05,118,S,50,,S,Basura Afuera,55309,Matutino,2026-05-03 04:32:05,,178221,"POINT (  574713.206883189,   6137203.27333662)",TACUAREMBO 1424 FTE 1429 FTE 1429,0
2026-05-03,B_05,119,S,50,,S,Basura Afuera,55309,Matutino,2026-05-03 05:07:08,,178237,"POINT (  574960.037531505,   6137349.40686445)",MAGALLANES 1353 VEREDA. FTE 1396. VEREDA. FTE 1396.,0
2026-05-03,B_05,120,S,50,,S,,55309,Matutino,2026-05-03 05:06:54,,178238,"POINT (  574960.885813771,   6137347.49822935)",MAGALLANES 1353 VEREDA. FTE 1396. VEREDA. FTE 1396.,0
2026-05-03,B_05,121,S,75,,S,,55309,Matutino,2026-05-03 12:33:50,,183527,"POINT (  575121.744888965,   6137254.87428623)",GABOTO 1365 ,0
2026-05-03,B_05,122,S,100,,S,,55309,Matutino,2026-05-03 12:33:54,,183528,"POINT (  575120.379701252,   6137257.60466166)",GABOTO 1365 ,0
2026-05-03,B_05,123,S,75,,S,,55309,Matutino,2026-05-03 11:40:48,,178239,"POINT (  575287.280957268,   6137005.28212506)",YARO 1264 EN 1262/1264 EN 1262/1264,0
2026-05-03,B_05,124,S,50,,S,,55309,Matutino,2026-05-03 11:40:51,,178240,"POINT (  575286.402112321,   6137004.40328011)",YARO 1264 EN 1262/1264 EN 1262/1264,0
2026-05-03,B_05,125,S,50,,S,,55309,Matutino,2026-05-03 11:44:07,,178241,"POINT (  575249.804497757,   6136955.81570949)",YARO 1243 ,0
2026-05-03,B_05,126,S,50,,S,,55309,Matutino,2026-05-03 11:47:41,,178242,"POINT (  575266.125903909,   6136876.15469254)",YARO 1191 FTE 1191 FTE 1191,0
2026-05-03,B_05,127,S,50,,S,,55309,Matutino,2026-05-03 11:47:29,,178243,"POINT (  575266.251453187,   6136873.51815770)",YARO 1194 FTE 1191 FTE 1191,0
2026-05-03,B_05,128,S,50,,S,,55309,Matutino,2026-05-03 11:49:39,,183396,"POINT (  575267.513458904,   6136709.37759548)",YARO 1121 PROV OV(O: YARO 1144) PROV OV(O: YARO 1144),0
2026-05-03,B_05,129,S,50,,S,,55309,Matutino,2026-05-03 11:51:07,,178245,"POINT (  575272.717241009,   6136631.45914954)",YARO 1095 ,0
2026-05-03,B_05,130,S,50,,S,,55309,Matutino,2026-05-03 11:51:11,,178246,"POINT (  575275.165451932,   6136597.65500641)",YARO 1067 FTE 1058 FTE 1058,0
2026-05-03,B_05,131,S,50,,S,,55309,Matutino,2026-05-03 11:53:51,,178247,"POINT (  575280.940718724,   6136532.24383253)",YARO 1021 ,0
2026-05-03,B_05,132,S,50,,S,,55309,Matutino,2026-05-03 11:55:57,,178248,"POINT (  575298.266519101,   6136428.66567810)",YARO 960 ,0
2026-05-03,B_05,133,S,75,,S,,55309,Matutino,2026-05-03 11:58:06,,178249,"POINT (  575302.911842390,   6136364.69832091)",YARO 934 EN 934/MURO EN 934/MURO,0
2026-05-03,B_05,134,S,50,,S,,55309,Matutino,2026-05-03 12:04:14,,178250,"POINT (  575341.329921486,   6136293.26078168)",DR LAURO MULLER 1824 FTE 1815 FTE 1815,0
2026-05-03,B_05,135,S,50,,S,,55309,Matutino,2026-05-03 12:04:16,,178251,"POINT (  575343.903681687,   6136293.38633095)",DR LAURO MULLER 1824 FTE 1815 FTE 1815,0
2026-05-03,B_05,136,S,75,,S,,55309,Matutino,2026-05-03 12:00:03,,178254,"POINT (  575252.001610123,   6136319.75167935)",DR HORACIO ABADIE SANTOS 923 FTE 923 FTE 923,0
2026-05-03,B_05,137,S,50,,S,,55309,Matutino,2026-05-03 12:00:01,,178255,"POINT (  575253.633750739,   6136322.89041130)",DR HORACIO ABADIE SANTOS 923 FTE 923 FTE 923,0
2026-05-03,B_05,138,S,50,,S,,55309,Matutino,2026-05-03 11:24:09,,178256,"POINT (  575195.316111064,   6136371.28965801)",GABOTO 945 FTE 945 FTE 945,0
2026-05-03,B_05,139,S,75,,S,,55309,Matutino,2026-05-03 11:24:12,,178257,"POINT (  575195.002237869,   6136373.29844645)",GABOTO 945 FTE 945 FTE 945,0
2026-05-03,B_05,140,S,75,,S,,55309,Matutino,2026-05-03 11:27:46,,178263,"POINT (  575181.819563670,   6136407.82449793)",GABOTO 955 PDO 957 PDO 957,0
2026-05-03,B_05,141,S,50,,S,,55309,Matutino,2026-05-03 11:27:41,,178264,"POINT (  575181.694014392,   6136409.20553999)",GABOTO 955 PDO 957 PDO 957,0
2026-05-03,B_05,142,S,75,,S,Basura Afuera,55309,Matutino,2026-05-03 11:32:07,,178265,"POINT (  575165.272863680,   6136622.15998467)",GABOTO 1083 ,0
2026-05-03,B_05,143,S,50,,S,,55309,Matutino,2026-05-03 11:32:00,,178266,"POINT (  575155.579764549,   6136759.92744834)",GABOTO 1141 EN 1147 EN 1147,0
2026-05-03,B_05,144,S,50,,S,,55309,Matutino,2026-05-03 11:33:56,,178267,"POINT (  575147.921258585,   6136861.12016649)",GABOTO 1191 ,0
2026-05-03,B_05,145,S,50,,S,,55309,Matutino,2026-05-03 11:35:57,,178268,"POINT (  575153.633750738,   6136936.57528262)",GABOTO 1216 EN 1216/MURO EN 1216/MURO,0
2026-05-03,B_05,146,S,50,,S,,55309,Matutino,2026-05-03 11:36:00,,178269,"POINT (  575153.508201460,   6136938.33297251)",GABOTO 1216 EN 1216/MURO EN 1216/MURO,0
2026-05-03,B_04,1,S,50,,S,Basura Afuera,55310,Matutino,2026-05-03 02:54:52,,177687,"POINT (  574673.683640346,   6137302.08625601)",TACUAREMBO 1472 ,0
2026-05-03,B_04,2,S,50,,S,Basura Afuera,55310,Matutino,2026-05-03 02:56:25,,177708,"POINT (  574658.326626828,   6137338.83872040)",TACUAREMBO 1494 ,0
2026-05-03,B_04,3,S,50,,S,Basura Afuera,55310,Matutino,2026-05-03 06:36:07,,177709,"POINT (  574638.205780252,   6137392.03155299)",TACUAREMBO 1520 ,0
2026-05-03,B_04,4,S,50,,S,,55310,Matutino,2026-05-03 02:49:15,,177710,"POINT (  574712.169278165,   6137436.43428950)",CARLOS ROXLO 1475 EN 1469 EN 1469,0
2026-05-03,B_04,5,S,25,,S,,55310,Matutino,2026-05-03 02:53:23,,177711,"POINT (  574752.705166214,   6137320.87250556)",CARLOS ROXLO 1427 MURO SUPERMERCADO MURO SUPERMERCADO,0
2026-05-03,B_04,6,S,50,,S,,55310,Matutino,2026-05-03 02:53:30,,177712,"POINT (  574753.550050453,   6137318.78514450)",CARLOS ROXLO 1427 MURO SUPERMERCADO MURO SUPERMERCADO,0
2026-05-03,B_04,7,S,25,,S,,55310,Matutino,2026-05-03 03:03:43,,177715,"POINT (  574833.029789288,   6137371.42281815)",MINAS 1463 ,0
2026-05-03,B_04,8,S,50,,S,Basura Afuera,55310,Matutino,2026-05-03 03:24:32,,179373,"POINT (  574714.066719986,   6137377.61359304)",COLONIA 1594 ,0
2026-05-03,B_04,9,S,75,,S,,55310,Matutino,2026-05-03 03:25:39,,179374,"POINT (  574672.051936797,   6137359.04576950)",COLONIA 1562 ,0
2026-05-03,B_04,10,S,25,,S,,55310,Matutino,2026-05-03 03:01:34,,177779,"POINT (  574933.907985908,   6137440.05088231)",MAGALLANES 1420 EN 1418/1424 EN 1418/1424,0
2026-05-03,B_04,11,S,50,,S,Basura Afuera,55310,Matutino,2026-05-03 03:11:19,,177780,"POINT (  575028.187127149,   6137467.28597424)",GABOTO 1468 EN 1472 EN 1472,0
2026-05-03,B_04,12,S,50,,S,Basura Afuera,55310,Matutino,2026-05-03 03:13:01,,177781,"POINT (  575007.673253256,   6137506.09751066)",GABOTO 1488 EN 1494 EN 1494,0
2026-05-03,B_04,13,S,50,,S,Basura Afuera,55310,Matutino,2026-05-03 03:12:55,,177782,"POINT (  575006.902917626,   6137507.19089026)",GABOTO 1488 EN 1494 EN 1494,0
2026-05-03,B_04,14,S,50,,S,Basura Afuera,55310,Matutino,2026-05-03 03:16:17,,177783,"POINT (  574969.182290593,   6137589.53977362)",GABOTO 1550 FTE 1543 FTE 1543,0
2026-05-03,B_04,15,S,50,,S,,55310,Matutino,2026-05-03 03:28:59,,180002,"POINT (  574967.900635211,   6137593.24868874)",GABOTO 1550 PROV OV (O: AV URUGUAY 1760/1754) PROV OV (O: AV URUGUAY 1760/1754),0
2026-05-03,B_04,16,S,75,,S,,55310,Matutino,2026-05-03 03:20:45,,177784,"POINT (  575106.985007189,   6137562.38515018)",COLONIA 1796 EN 1796/1800 EN 1796/1800,0
2026-05-03,B_04,17,S,50,,S,,55310,Matutino,2026-05-03 03:20:33,,177785,"POINT (  575105.792229440,   6137561.73906224)",COLONIA 1796 EN 1796/1800 EN 1796/1800,0
2026-05-03,B_04,18,S,50,,S,,55310,Matutino,2026-05-03 03:06:39,,180181,"POINT (  574789.169776836,   6137511.89230904)",MINAS Esq. MERCEDES ,0
2026-05-03,B_04,19,S,50,,S,Basura Afuera,55310,Matutino,2026-05-03 03:33:07,,177786,"POINT (  575187.913221098,   6137674.28663310)",EDUARDO ACEVEDO 1595 FTE 1569 FTE 1569,0
2026-05-03,B_04,20,S,50,,S,Basura Afuera,55310,Matutino,2026-05-03 03:33:10,,177787,"POINT (  575188.879632207,   6137671.61214654)",EDUARDO ACEVEDO 1551 FTE 1569 FTE 1569,0
2026-05-03,B_04,21,S,25,,S,Basura Afuera,55310,Matutino,2026-05-03 03:33:13,,177788,"POINT (  575190.093264762,   6137669.29725481)",EDUARDO ACEVEDO 1551 FTE 1569 FTE 1569,0
2026-05-03,B_04,22,S,50,,S,Basura Afuera,55310,Matutino,2026-05-03 03:38:48,,177789,"POINT (  575218.366408367,   6137605.04215341)",EDUARDO ACEVEDO 1542 ,0
2026-05-03,B_04,23,S,75,,S,Basura Afuera,55310,Matutino,2026-05-03 03:38:53,,177790,"POINT (  575218.815901906,   6137603.60377409)",EDUARDO ACEVEDO 1542 ,0
2026-05-03,B_04,24,S,75,,S,Basura Afuera,55310,Matutino,2026-05-03 03:39:01,,177809,"POINT (  575233.357017894,   6137537.68554659)",EDUARDO ACEVEDO 1503 EN 1507/1511 EN 1507/1511,0
2026-05-03,B_04,25,S,75,,S,Basura Afuera,55310,Matutino,2026-05-03 03:39:13,,177810,"POINT (  575234.098682233,   6137536.29211662)",EDUARDO ACEVEDO 1503 EN 1507/1511 EN 1507/1511,0
2026-05-03,B_04,26,S,75,,S,,55310,Matutino,2026-05-03 04:03:34,,177816,"POINT (  574883.811719674,   6138231.64757235)",ARENAL GRANDE 1883 ,0
2026-05-03,B_04,27,S,50,,S,,55310,Matutino,2026-05-03 04:03:43,,177817,"POINT (  574884.465827862,   6138230.57847201)",ARENAL GRANDE 1883 ,0
2026-05-03,B_04,28,S,75,,S,,55310,Matutino,2026-05-03 04:07:58,,177818,"POINT (  575004.025414283,   6138123.71274809)",ARENAL GRANDE 1819 FTE 1816. MURO FTE 1816. MURO,0
2026-05-03,B_04,29,S,50,,S,Basura Afuera,55310,Matutino,2026-05-03 04:08:04,,177819,"POINT (  575005.643591023,   6138121.73497652)",ARENAL GRANDE 1819 FTE 1816. MURO FTE 1816. MURO,0
2026-05-03,B_04,30,S,75,,S,,55310,Matutino,2026-05-03 04:13:30,,177820,"POINT (  575140.671450147,   6137999.69748068)",ARENAL GRANDE 1717 ,0
2026-05-03,B_04,31,S,75,,S,,55310,Matutino,2026-05-03 04:13:38,,177821,"POINT (  575142.072070031,   6137997.99725370)",ARENAL GRANDE 1717 ,0
2026-05-03,B_04,32,S,50,,S,,55310,Matutino,2026-05-03 04:14:34,,177822,"POINT (  575213.804048947,   6137930.56537438)",ARENAL GRANDE 1681 FTE 1678. MURO FTE 1678. MURO,0
2026-05-03,B_04,33,S,50,,S,,55310,Matutino,2026-05-03 04:15:55,,177823,"POINT (  575296.355473229,   6137868.82513885)",ARENAL GRANDE 1638 EN 1638 EN 1638,0
2026-05-03,B_04,34,S,50,,S,Basura Afuera,55310,Matutino,2026-05-03 04:19:31,,177824,"POINT (  575356.698045003,   6137814.14654777)",ARENAL GRANDE 1604 (*) UTU. VERIFICAR (*) UTU. VERIFICAR,0
2026-05-03,B_04,35,S,75,,S,Basura Afuera,55310,Matutino,2026-05-03 04:19:34,,177825,"POINT (  575361.282879101,   6137809.47181496)",ARENAL GRANDE 1604 (*) UTU. VERIFICAR (*) UTU. VERIFICAR,0
2026-05-03,B_04,36,S,75,,S,,55310,Matutino,2026-05-03 04:23:17,,177826,"POINT (  575464.527548949,   6137658.06227082)",ARENAL GRANDE 1533 FTE 1510 FTE 1510,0
2026-05-03,B_04,37,S,75,,S,,55310,Matutino,2026-05-03 04:23:32,,177827,"POINT (  575464.843789252,   6137657.28296436)",ARENAL GRANDE 1533 FTE 1510 FTE 1510,0
2026-05-03,B_04,38,S,50,,S,,55310,Matutino,2026-05-03 04:23:23,,177828,"POINT (  575465.103558073,   6137656.65048375)",ARENAL GRANDE 1533 FTE 1510 FTE 1510,0
2026-05-03,B_04,39,S,75,,S,Basura Afuera,55310,Matutino,2026-05-03 03:48:45,,181137,"POINT (  575172.154974858,   6137802.95554414)",AV URUGUAY 1884 ,0
2026-05-03,B_04,40,S,75,,S,Basura Afuera,55310,Matutino,2026-05-03 03:51:13,,177831,"POINT (  575092.485880202,   6137765.88978582)",AV URUGUAY 1830 EN 1832 EN 1832,0
2026-05-03,B_04,41,S,50,,S,Basura Afuera,55310,Matutino,2026-05-03 03:51:19,,177832,"POINT (  575090.715910261,   6137764.81707677)",AV URUGUAY 1830 EN 1832 EN 1832,0
2026-05-03,B_04,42,S,75,,S,Basura Afuera,55310,Matutino,2026-05-03 04:48:31,,181138,"POINT (  575078.867147782,   6137889.41743265)",PAYSANDU 1839 ,0
2026-05-03,B_04,43,S,50,,S,Basura Afuera,55310,Matutino,2026-05-03 04:48:35,,181139,"POINT (  575083.417773493,   6137891.69274551)",PAYSANDU 1843 ,0
2026-05-03,B_04,44,S,75,,S,Basura Afuera,55310,Matutino,2026-05-03 08:34:29,,177833,"POINT (  575249.480120848,   6138036.70259187)",PAYSANDU 1940 ESTACIONAMIENTO ESTACIONAMIENTO,0
2026-05-03,B_04,45,S,50,,S,"Basura Afuera, Escombro",55310,Matutino,2026-05-03 05:31:46,,182220,"POINT (  575345.900351195,   6138010.84407429)",REPUBLICA 1658 ,0
2026-05-03,B_04,46,S,50,,S,"Basura Afuera, Escombro, Requiere Limpieza",55310,Matutino,2026-05-03 05:31:59,,182221,"POINT (  575347.379304551,   6138009.59265222)",REPUBLICA 1658 ,0
2026-05-03,B_04,47,S,75,,S,,55310,Matutino,2026-05-03 05:36:21,,177851,"POINT (  575495.505942731,   6137855.20021968)",REPUBLICA 1593 FTE 1593 FTE 1593,0
2026-05-03,B_04,48,S,100,,S,,55310,Matutino,2026-05-03 05:36:28,,177852,"POINT (  575497.651360842,   6137853.37661429)",REPUBLICA 1593 FTE 1593 FTE 1593,0
2026-05-03,B_04,49,S,50,,S,,55310,Matutino,2026-05-03 03:41:01,,177853,"POINT (  575553.967083367,   6137745.06223718)",DR PABLO DE MARIA 1588 EN 1590 EN 1590,0
2026-05-03,B_04,50,S,75,,S,,55310,Matutino,2026-05-03 03:40:50,,177854,"POINT (  575553.082098397,   6137746.83220712)",DR PABLO DE MARIA 1592 EN 1590 EN 1590,0
2026-05-03,B_04,51,S,75,,S,,55310,Matutino,2026-05-03 03:44:32,,177855,"POINT (  575530.905341563,   6137762.00862048)",DR PABLO DE MARIA 1595 ,0
2026-05-03,B_04,52,S,50,,S,,55310,Matutino,2026-05-03 03:44:37,,177856,"POINT (  575530.073992045,   6137763.40314226)",DR PABLO DE MARIA 1595 ,0
2026-05-03,B_04,53,S,50,,S,Basura Afuera,55310,Matutino,2026-05-03 04:31:17,,177857,"POINT (  575533.426207843,   6137934.58068979)",DEFENSA 1656 ,0
2026-05-03,B_04,54,S,75,,S,Basura Afuera,55310,Matutino,2026-05-03 04:31:24,,177858,"POINT (  575524.737443883,   6138012.78224272)",DEFENSA 1700 FTE 1693 FTE 1693,0
2026-05-03,B_04,55,S,50,,S,Basura Afuera,55310,Matutino,2026-05-03 04:31:31,,183531,"POINT (  575524.719635495,   6138014.70699102)",DEFENSA 1700 ,0
2026-05-03,B_04,56,S,75,,S,Basura Afuera,55310,Matutino,2026-05-03 04:42:51,,183392,"POINT (  575493.553812827,   6138288.30401521)",DEFENSA 1816 ,0
2026-05-03,B_04,57,S,50,,S,Basura Afuera,55310,Matutino,2026-05-03 04:42:57,,177860,"POINT (  575493.038711903,   6138291.52462801)",DEFENSA 1816 ,0
2026-05-03,B_04,59,S,75,,S,Basura Afuera,55310,Matutino,2026-05-03 04:44:54,,177861,"POINT (  575487.031541192,   6138341.83468271)",DEFENSA 1844 EN 1846 EN 1846,0
2026-05-03,B_04,60,S,75,,S,,55310,Matutino,2026-05-03 04:47:21,,177862,"POINT (  575483.491601309,   6138390.21386112)",DEFENSA 1864 MURO MURO,0
2026-05-03,B_04,61,S,100,,S,,55310,Matutino,2026-05-03 04:47:29,,182183,"POINT (  575470.036824573,   6138510.32200615)",DEFENSA 1926 PROV OV(O: DEFENSA 1944) PROV OV(O: DEFENSA 1944),0
2026-05-03,B_04,62,S,75,,S,Basura Afuera,55310,Matutino,2026-05-03 04:49:55,,177864,"POINT (  575569.940623403,   6138413.85284581)",DR MARTIN C MARTINEZ 1916 EN 1914/1930. MURO EN 1914/1930. MURO,0
2026-05-03,B_04,63,S,75,,S,,55310,Matutino,2026-05-03 05:41:46,,177865,"POINT (  575584.093832121,   6138103.33225631)",DR MARTIN C MARTINEZ 1781 EN 1781 EN 1781,0
2026-05-03,B_04,64,S,75,,S,,55310,Matutino,2026-05-03 05:43:09,,179376,"POINT (  575594.852436895,   6137968.32789148)",DR MARTIN C MARTINEZ 1705 ,0
2026-05-03,B_04,65,S,75,,S,Basura Afuera,55310,Matutino,2026-05-03 05:35:25,,177867,"POINT (  575644.011724561,   6137885.66711453)",DR MARTIN C MARTINEZ 1667 REBAJE/EDIFICIO REBAJE/EDIFICIO,0
2026-05-03,B_04,66,S,50,,S,Basura Afuera,55310,Matutino,2026-05-03 05:47:22,,177868,"POINT (  575700.286101427,   6137824.35983433)",DR MARTIN C MARTINEZ 1642 EN 1644/1650 EN 1644/1650,0
2026-05-03,B_04,67,S,75,,S,Basura Afuera,55310,Matutino,2026-05-03 05:47:28,,177869,"POINT (  575701.680623199,   6137821.78533260)",DR MARTIN C MARTINEZ 1642 EN 1644 EN 1644,0
2026-05-03,B_04,68,N,,Fuego,S,,55310,Matutino,2026-05-03 05:49:11,,177870,"POINT (  575717.192257177,   6137796.11245761)",DR MARTIN C MARTINEZ 1622 EN 1630 EN 1630,0
2026-05-03,B_04,69,S,50,,S,Basura Afuera,55310,Matutino,2026-05-03 05:53:29,,182172,"POINT (  575773.723330148,   6137934.18713470)",DR JOAQUIN REQUENA 1667 ,0
2026-05-03,B_04,70,S,75,,S,Basura Afuera,55310,Matutino,2026-05-03 05:58:16,,177872,"POINT (  575746.899923425,   6137991.48157503)",DR JOAQUIN REQUENA 1691 ,0
2026-05-03,B_04,71,S,50,,S,Basura Afuera,55310,Matutino,2026-05-03 05:58:22,,177873,"POINT (  575745.955179370,   6137993.24359620)",DR JOAQUIN REQUENA 1691 ,0
2026-05-03,B_04,72,S,100,,S,,55310,Matutino,2026-05-03 08:07:24,,177874,"POINT (  575684.088194689,   6138551.14703717)",DR JOAQUIN REQUENA 1925 EN 1925/1939 EN 1925/1939,0
2026-05-03,B_04,73,S,75,,S,,55310,Matutino,2026-05-03 08:09:11,,177875,"POINT (  575823.647642811,   6138504.26965145)",JUAN PAULLIER 1906 ,0
2026-05-03,B_04,74,S,50,,S,,55310,Matutino,2026-05-03 08:09:17,,177876,"POINT (  575823.540371906,   6138501.48060790)",JUAN PAULLIER 1906 ,0
2026-05-03,B_04,75,S,75,,S,,55310,Matutino,2026-05-03 08:14:04,,177908,"POINT (  575828.689375372,   6138430.35999752)",JUAN PAULLIER 1856 EN 1860 EN 1860,0
2026-05-03,B_04,76,S,75,,S,,55310,Matutino,2026-05-03 08:14:13,,177909,"POINT (  575823.483089322,   6138361.37699057)",JUAN PAULLIER 1843 ,0
2026-05-03,B_04,77,S,75,,S,,55310,Matutino,2026-05-03 08:15:22,,177910,"POINT (  575839.755172317,   6138330.92137282)",JUAN PAULLIER 1822 ,0
2026-05-03,B_04,78,S,75,,S,,55310,Matutino,2026-05-03 08:18:12,,177911,"POINT (  575845.821703092,   6138253.25297924)",JUAN PAULLIER 1788 ,0
2026-05-03,B_04,79,S,100,,S,,55310,Matutino,2026-05-03 08:18:19,,177912,"POINT (  575851.278145875,   6138187.79866213)",JUAN PAULLIER 1752 EN 1754 EN 1754,0
2026-05-03,B_04,80,S,75,,S,,55310,Matutino,2026-05-03 08:20:19,,177913,"POINT (  575845.279703634,   6138110.10069921)",JUAN PAULLIER 1711 ,0
2026-05-03,B_04,81,S,75,,S,,55310,Matutino,2026-05-03 08:22:45,,177914,"POINT (  575851.859890971,   6138071.32427664)",JUAN PAULLIER 1693 PDO RESERVADO PDO RESERVADO,0
2026-05-03,B_04,82,S,75,,S,,55310,Matutino,2026-05-03 08:29:41,,182184,"POINT (  575868.808156428,   6138022.61231286)",JUAN PAULLIER 1675 ,0
2026-05-03,B_04,83,S,100,,S,,55310,Matutino,2026-05-03 08:29:48,,182185,"POINT (  575870.628406712,   6138019.42687486)",JUAN PAULLIER 1675 ,0
2026-05-03,B_04,84,S,75,,S,,55310,Matutino,2026-05-03 08:26:28,,183673,"POINT (  575873.661785403,   6138012.92959260)",JUAN PAULLIER 1675 PROV O: Juan Paullier 1604 PROV O: Juan Paullier 1604,0
2026-05-03,B_04,85,S,75,,S,,55310,Matutino,2026-05-03 05:53:46,,182192,"POINT (  575816.385082822,   6137873.93952662)",DR JOAQUIN REQUENA 1642 PROV OV(O: DR JOAQUIN REQUENA 1617) PROV OV(O: DR JOAQUIN REQUENA 1617),0
2026-05-03,B_04,86,S,75,,S,,55310,Matutino,2026-05-03 06:00:43,,177921,"POINT (  575915.073406382,   6138118.59551805)",EDUARDO VICTOR HAEDO 2225 ,0
2026-05-03,B_04,87,S,75,,S,Basura Afuera,55310,Matutino,2026-05-03 06:36:35,,179377,"POINT (  576081.817327152,   6138166.42985304)",ACEVEDO DIAZ 1693 FTE 1698 FTE 1698,0
2026-05-03,B_04,88,S,75,,S,Basura Afuera,55310,Matutino,2026-05-03 06:36:42,,177923,"POINT (  576085.335016903,   6138124.47701034)",ACEVEDO DIAZ 1675 EN 1681 EN 1681,0
2026-05-03,B_04,89,S,75,,S,Basura Afuera,55310,Matutino,2026-05-03 06:36:46,,177924,"POINT (  576085.431502049,   6138123.33081739)",ACEVEDO DIAZ 1675 EN 1681 EN 1681,0
2026-05-03,B_04,90,S,75,,S,Basura Afuera,55310,Matutino,2026-05-03 06:38:40,,177925,"POINT (  576103.141987225,   6138066.01436681)",ACEVEDO DIAZ 1658 EN 1658/1654 EN 1658/1654,0
2026-05-03,B_04,91,S,75,,S,Basura Afuera,55310,Matutino,2026-05-03 06:38:36,,177926,"POINT (  576103.678341752,   6138060.75809244)",ACEVEDO DIAZ 1652 EN 1658/1654 EN 1658/1654,0
2026-05-03,B_04,92,S,75,,S,Basura Afuera,55310,Matutino,2026-05-03 06:42:26,,177927,"POINT (  576109.256428841,   6137994.14286009)",ACEVEDO DIAZ 1638 EN 638/1628. MURO EN 638/1628. MURO,0
2026-05-03,B_04,93,S,50,,S,Basura Afuera,55310,Matutino,2026-05-03 06:42:32,,177928,"POINT (  576109.900054274,   6137989.36930480)",ACEVEDO DIAZ 1628 EN 638/1628. MURO EN 638/1628. MURO,0
2026-05-03,B_04,94,S,75,,S,Basura Afuera,55310,Matutino,2026-05-03 06:47:47,,177929,"POINT (  576009.333580320,   6137945.54913988)",ALEJANDRO BEISSO 1636 FTE 1635. MURO FTE 1635. MURO,0
2026-05-03,B_04,95,S,100,,S,Basura Afuera,55310,Matutino,2026-05-03 06:47:54,,177930,"POINT (  576006.651807681,   6137949.19635067)",ALEJANDRO BEISSO 1636 FTE 1635. MURO FTE 1635. MURO,0
2026-05-03,B_04,96,S,50,,S,Basura Afuera,55310,Matutino,2026-05-03 07:52:42,,177944,"POINT (  576148.318145266,   6138052.04121753)",COLONIA 2274 EN 2288/2276 EN 2288/2276,0
2026-05-03,B_04,97,S,75,,S,Basura Afuera,55310,Matutino,2026-05-03 07:52:51,,177945,"POINT (  576197.177272162,   6138182.69364007)",DR MARIO CASSINONI 1690 ,0
2026-05-03,B_04,98,S,50,,S,Basura Afuera,55310,Matutino,2026-05-03 07:52:56,,177947,"POINT (  576197.267626535,   6138181.15761574)",DR MARIO CASSINONI 1690 ,0
2026-05-03,B_04,99,S,75,,S,Basura Afuera,55310,Matutino,2026-05-03 07:53:01,,177950,"POINT (  576203.366546674,   6138108.28681437)",DR MARIO CASSINONI 1656 EN 1656 EN 1656,0
2026-05-03,B_04,100,S,100,,S,Basura Afuera,55310,Matutino,2026-05-03 07:53:06,,177953,"POINT (  576203.456901047,   6138106.47972692)",DR MARIO CASSINONI 1656 EN 1656 EN 1656,0
2026-05-03,B_04,101,S,50,,S,Basura Afuera,55310,Matutino,2026-05-03 07:53:13,,177954,"POINT (  576203.592432605,   6138104.22086761)",DR MARIO CASSINONI 1656 EN 1656 EN 1656,0
2026-05-03,B_04,102,S,75,,S,,55310,Matutino,2026-05-03 07:56:05,,177957,"POINT (  575732.923274441,   6138125.52290167)",DR JOAQUIN REQUENA 1738 ,0
2026-05-03,B_04,103,S,100,,S,,55310,Matutino,2026-05-03 07:56:11,,177958,"POINT (  575732.655097177,   6138126.86378799)",DR JOAQUIN REQUENA 1738 ,0
2026-05-03,B_04,104,S,75,,S,Basura Afuera,55310,Matutino,2026-05-03 08:00:20,,177959,"POINT (  575722.003627508,   6138244.58638519)",DR JOAQUIN REQUENA 1786 FTE 1791 FTE 1791,0
2026-05-03,B_04,105,S,75,,S,,55310,Matutino,2026-05-03 08:02:08,,177960,"POINT (  575713.374784941,   6138349.57816597)",DR JOAQUIN REQUENA 1844 EN 1844/1846 EN 1844/1846,0
2026-05-03,B_04,106,S,100,,S,,55310,Matutino,2026-05-03 08:02:18,,177962,"POINT (  575713.239253382,   6138350.88830437)",DR JOAQUIN REQUENA 1844 EN 1844/1846 EN 1844/1846,0
2026-05-03,B_04,107,S,75,,S,,55310,Matutino,2026-05-03 08:04:42,,177963,"POINT (  575705.252982552,   6138447.33118777)",DR JOAQUIN REQUENA 1880 ,0
2026-05-03,B_04,108,S,75,,S,,55310,Matutino,2026-05-03 04:55:09,,177965,"POINT (  575670.681494639,   6138469.37599864)",GOES 2092 ESTACIONAMIENTO ESTACIONAMIENTO,0
2026-05-03,B_04,109,S,75,,S,Basura Afuera,55310,Matutino,2026-05-03 04:57:51,,177968,"POINT (  575422.094876792,   6138449.71339922)",GOES 1980 EN 1980 EN 1980,0
2026-05-03,B_04,110,S,50,,S,,55310,Matutino,2026-05-03 05:12:58,,177970,"POINT (  575281.450597080,   6138437.81769188)",GOES 1906 MURO MURO,0
2026-05-03,B_04,111,S,75,,S,,55310,Matutino,2026-05-03 05:12:50,,182140,"POINT (  575277.156779739,   6138437.13763137)",GOES 1906 ,0
2026-05-03,B_04,112,S,75,,S,Basura Afuera,55310,Matutino,2026-05-03 04:51:47,,177972,"POINT (  575547.868163227,   6138519.91874660)",DR MARTIN C MARTINEZ 1963 FTE 1976. UTU FTE 1976. UTU,0
2026-05-03,B_04,113,S,75,,S,Basura Afuera,55310,Matutino,2026-05-03 05:03:44,,177975,"POINT (  575569.425996462,   6138276.70229718)",DR MARTIN C MARTINEZ 1851 EN 1855 EN 1855,0
2026-05-03,B_04,114,S,75,,S,,55310,Matutino,2026-05-03 05:05:19,,177977,"POINT (  575531.042281088,   6138249.04851432)",DR SALVADOR FERRER SERRA 2072 ,0
2026-05-03,B_04,115,S,50,,S,Basura Afuera,55310,Matutino,2026-05-03 05:11:56,,177979,"POINT (  575465.419798377,   6138257.12305437)",DR SALVADOR FERRER SERRA 2040 EN 2025 EN 2025,0
2026-05-03,B_04,116,S,75,,S,,55310,Matutino,2026-05-03 04:39:20,,177980,"POINT (  575383.739445692,   6138169.29860436)",CONSTITUCION 1757 EN 1775 EN 1775,0
2026-05-03,B_04,117,S,75,,S,Basura Afuera,55310,Matutino,2026-05-03 04:39:04,,179378,"POINT (  575504.633596015,   6138193.73946210)",DEFENSA 1776 ,0
2026-05-03,B_04,118,S,50,,S,Basura Afuera,55310,Matutino,2026-05-03 04:35:13,,177985,"POINT (  575502.465091076,   6138217.27677612)",DEFENSA 1786 EN 1786/1782 EN 1786/1782,0
2026-05-03,B_04,119,S,75,,S,,55310,Matutino,2026-05-03 05:14:49,,177988,"POINT (  575348.169945338,   6138244.55022527)",DR SALVADOR FERRER SERRA 1986 FTE 1986. UTU FTE 1986. UTU,0
2026-05-03,B_04,120,S,75,,S,,55310,Matutino,2026-05-03 05:26:17,,177990,"POINT (  575206.685803364,   6138220.92776878)",DR SALVADOR FERRER SERRA 1912 MURO MURO,0
2026-05-03,B_04,121,S,75,,S,,55310,Matutino,2026-05-03 05:16:04,,177996,"POINT (  575269.667050489,   6138300.71903907)",DEMOCRACIA 1825 EN 1825 EN 1825,0
2026-05-03,B_04,122,S,75,,S,,55310,Matutino,2026-05-03 05:06:42,,183400,"POINT (  575269.046797389,   6138303.91505517)",DEMOCRACIA 1825 ,0
2026-05-03,B_04,123,S,75,,S,,55310,Matutino,2026-05-03 05:09:58,,177998,"POINT (  575264.336142515,   6138362.34072108)",DEMOCRACIA 1857 ,0
2026-05-03,B_04,124,S,50,,S,Basura Afuera,55310,Matutino,2026-05-03 05:22:22,,178003,"POINT (  575064.743333798,   6138269.00465435)",JUSTICIA 1828 FTE 1828 FTE 1828,0
2026-05-03,B_04,125,S,50,,S,Basura Afuera,55310,Matutino,2026-05-03 05:22:17,,178004,"POINT (  575065.160764378,   6138266.73860265)",JUSTICIA 1828 FTE 1828 FTE 1828,0
2026-05-03,B_04,126,S,75,,S,Basura Afuera,55310,Matutino,2026-05-03 05:22:09,,182186,"POINT (  575066.320373151,   6138263.60377429)",JUSTICIA 1828 PROV OV(O: REPUBLICA 1869) PROV OV(O: REPUBLICA 1869),0
2026-05-03,B_04,127,S,75,,S,Basura Afuera,55310,Matutino,2026-05-03 08:37:59,,178008,"POINT (  575141.168080610,   6138120.60912811)",CERRO LARGO 1887 ,0
2026-05-03,B_04,128,S,75,,S,Basura Afuera,55310,Matutino,2026-05-03 08:38:08,,178009,"POINT (  575140.000687563,   6138119.43412822)",CERRO LARGO 1887 ,0
2026-05-03,B_04,129,S,75,,S,Basura Afuera,55310,Matutino,2026-05-03 08:38:23,,181141,"POINT (  575051.563393516,   6137998.63244972)",CERRO LARGO 1802 ,0
2026-05-03,B_04,130,S,100,,S,Basura Afuera,55310,Matutino,2026-05-03 08:38:31,,181140,"POINT (  575048.833018089,   6137996.35713686)",CERRO LARGO 1802 ,0
2026-05-03,B_04,131,S,75,,S,Basura Afuera,55310,Matutino,2026-05-03 03:56:51,,183534,"POINT (  574987.523860524,   6137966.04883868)",CERRO LARGO 1787 ,0
2026-05-03,B_04,132,S,75,,S,Basura Afuera,55310,Matutino,2026-05-03 04:01:36,,183160,"POINT (  574876.069073238,   6138269.63474636)",ARENAL GRANDE 1896 PROV OV (O: MIGUELETE 1720 - Alta del 13/8/24) PROV OV (O: MIGUELETE 1720 - Alta del 13/8/24),0
2026-05-03,B_04,133,S,75,,S,Basura Afuera,55310,Matutino,2026-05-03 04:01:41,,183161,"POINT (  574885.149121028,   6138273.93582163)",MIGUELETE 1814 PROV OV (O: MIGUELETE 1720 - Alta del 13/8/24) PROV OV (O: MIGUELETE 1720 - Alta del 13/8/24),0
2026-05-03,B_04,134,S,50,,S,"Basura Afuera, Escombro",55310,Matutino,2026-05-03 04:01:51,,183162,"POINT (  574894.229168817,   6138282.06007491)",MIGUELETE 1818 PROV OV (O: MIGUELETE 1720 - Alta del 13/8/24) PROV OV (O: MIGUELETE 1720 - Alta del 13/8/24),0
2026-05-03,B_04,135,S,75,,S,,55310,Matutino,2026-05-03 05:18:55,,178018,"POINT (  575163.179833687,   6138404.96592811)",INCA 1880 EN 1880 EN 1880,0
2026-05-03,B_04,136,S,50,,S,,55310,Matutino,2026-05-03 05:19:01,,178020,"POINT (  575163.357078743,   6138402.85164355)",INCA 1880 EN 1880 EN 1880,0
2026-05-03,B_04,137,S,100,,S,,55310,Matutino,2026-05-03 05:19:51,,178023,"POINT (  575173.528796018,   6138300.76340346)",INCA 1834 ,0
2026-05-03,B_04,138,S,75,,S,,55310,Matutino,2026-05-03 06:05:22,,178028,"POINT (  575959.198419690,   6138306.64981603)",CUFRE 1802 EN 1802 EN 1802,0
2026-05-03,B_04,139,S,100,,S,,55310,Matutino,2026-05-03 06:05:45,,179381,"POINT (  575953.896014058,   6138370.38370000)",CUFRE 1838 EN 1838 BIS EN 1838 BIS,0
2026-05-03,B_04,140,S,75,,S,,55310,Matutino,2026-05-03 06:07:39,,178030,"POINT (  575932.543228912,   6138466.27229416)",CUFRE 1881 EN 1883 EN 1883,0
2026-05-03,B_04,141,S,75,,S,Basura Afuera,55310,Matutino,2026-05-03 06:16:29,,178031,"POINT (  576166.102184614,   6138554.59311586)",DR DUVIMIOSO TERRA 1866 MURO MURO,0
2026-05-03,B_04,142,S,50,,S,Basura Afuera,55310,Matutino,2026-05-03 06:16:35,,178032,"POINT (  576162.967195788,   6138625.47112410)",DR DUVIMIOSO TERRA 1890 FTE 1893 FTE 1893,0
2026-05-03,B_04,143,S,75,,S,,55310,Matutino,2026-05-03 06:21:00,,178034,"POINT (  576055.553838991,   6138543.19537109)",ACEVEDO DIAZ 1865 EN 1869/1865 EN 1869/1865,0
2026-05-03,B_04,144,S,50,,S,,55310,Matutino,2026-05-03 06:21:06,,178035,"POINT (  576055.686861727,   6138541.09329395)",ACEVEDO DIAZ 1865 EN 1869/1865 EN 1869/1865,0
2026-05-03,B_04,145,S,75,,S,Basura Afuera,55310,Matutino,2026-05-03 06:31:46,,178038,"POINT (  576072.264714323,   6138283.64629947)",ACEVEDO DIAZ 1745 EN 1739/1745. MURO EN 1739/1745. MURO,0
2026-05-03,B_04,146,S,75,,S,,55310,Matutino,2026-05-03 06:02:39,,178039,"POINT (  575973.325722281,   6138239.21659125)",MANUEL FERNANDEZ LUNA 2261 ,0
2026-05-03,B_04,147,S,75,,S,,55310,Matutino,2026-05-03 06:26:53,,178043,"POINT (  576015.364758272,   6138291.84189236)",DR SALVADOR FERRER SERRA 2278 ,0
2026-05-03,B_04,148,S,50,,S,,55310,Matutino,2026-05-03 02:00:00,,178044,"POINT (  576004.173196558,   6138498.91298823)",GOES 2224 VEREDA. EN 2232 VEREDA. EN 2232,0
2026-05-03,B_04,149,S,75,,S,,55310,Matutino,2026-05-03 06:10:07,,179382,"POINT (  575924.983547214,   6138557.85054351)",CUFRE 1915 EN 1920 EN 1920,0
2026-05-03,B_04,150,S,75,,S,,55310,Matutino,2026-05-03 06:23:34,,180521,"POINT (  576020.423362558,   6138396.08832647)",LA PAZ 2336 EN 2334 EN 2334,0
2026-05-03,B_04,151,S,50,,S,,55310,Matutino,2026-05-03 06:23:40,,180520,"POINT (  576016.928667386,   6138396.08832647)",LA PAZ 2330 EN 2334 EN 2334,0
2026-05-03,B_04,152,S,75,,S,,55310,Matutino,2026-05-03 05:01:23,,178050,"POINT (  575438.478242175,   6138348.46725439)",LA PAZ 2054 FTE 2081. EDIFICIO FTE 2081. EDIFICIO,0
2026-05-03,B_04,153,S,50,,S,,55310,Matutino,2026-05-03 05:01:32,,178051,"POINT (  575436.170651918,   6138348.23269097)",LA PAZ 2054 FTE 2081. EDIFICIO FTE 2081. EDIFICIO,0
2026-05-03,B_01,1,S,75,,S,Requiere Limpieza,55317,Nocturno,2026-05-04 01:39:33,,177317,"POINT (  571828.384533332,   6136859.70892200)",JUAN LINDOLFO CUESTAS 1464 FTE 1458 FTE 1458,0
2026-05-03,B_01,2,S,50,,S,Basura Afuera,55317,Nocturno,2026-05-04 01:39:36,,177316,"POINT (  571829.283226143,   6136856.93114422)",JUAN LINDOLFO CUESTAS 1464 FTE 1458 FTE 1458,0
2026-05-03,B_01,3,S,50,,S,Requiere Limpieza,55317,Nocturno,2026-05-04 01:39:39,,177318,"POINT (  571952.753106551,   6136643.09245435)",JUAN LINDOLFO CUESTAS Esq. SARANDI ,0
2026-05-03,B_01,4,S,75,,S,,55317,Nocturno,2026-05-04 01:39:42,,177319,"POINT (  572045.439271894,   6136547.92379127)",JUAN LINDOLFO CUESTAS 1258 ,0
2026-05-03,B_01,5,S,50,,S,,55317,Nocturno,2026-05-04 01:39:44,,177320,"POINT (  572048.012801306,   6136546.24895467)",JUAN LINDOLFO CUESTAS 1258 ,0
2026-05-03,B_01,6,S,100,,S,"Basura Afuera, Requiere Limpieza",55317,Nocturno,2026-05-04 01:40:02,,180468,"POINT (  572146.732913508,   6136559.23359804)",MACIEL 1277 ,0
2026-05-03,B_01,7,S,75,,S,,55317,Nocturno,2026-05-04 01:40:09,,177521,"POINT (  572008.204794770,   6136694.83964095)",GUARANI 1360 CASA VEIGE. S/N CASA VEIGE. S/N,0
2026-05-03,B_01,8,S,100,,S,"Basura Afuera, Requiere Limpieza",55317,Nocturno,2026-05-04 01:40:12,,181910,"POINT (  572006.997737884,   6136698.39823550)",GUARANI 1360 ,0
2026-05-03,B_01,9,S,75,,S,"Basura Afuera, Requiere Limpieza",55317,Nocturno,2026-05-04 01:40:15,,181911,"POINT (  571915.530161092,   6136936.85102275)",GUARANI Esq. CERRITO ,0
2026-05-03,B_01,10,S,100,,S,"Basura Afuera, Requiere Limpieza",55317,Nocturno,2026-05-04 01:40:19,,177524,"POINT (  571913.798287059,   6136940.95936295)",GUARANI Esq. CERRITO EN 1480 EN 1480,0
2026-05-03,B_01,11,S,100,,S,,55317,Nocturno,2026-05-04 01:40:22,,183108,"POINT (  571933.579059520,   6136956.40101453)",CERRITO 164 PROV OV (O: MACIEL 1515 FTE.) PROV OV (O: MACIEL 1515 FTE.),0
2026-05-03,B_01,12,S,50,,S,,55317,Nocturno,2026-05-04 01:40:26,,183109,"POINT (  571936.964108886,   6136958.09353921)",CERRITO 164 POR OV (O:MACIEL 1515 FTE) POR OV (O:MACIEL 1515 FTE),0
2026-05-03,B_01,13,S,50,,S,Requiere Limpieza,55317,Nocturno,2026-05-04 01:40:30,,177525,"POINT (  571866.522068601,   6137004.27500273)",PIEDRAS 135 EN 141 EN 141,0
2026-05-03,B_01,14,S,50,,S,"Basura Afuera, Requiere Limpieza",55317,Nocturno,2026-05-04 01:40:35,,177527,"POINT (  571958.186708803,   6137040.99474490)",PIEDRAS 192 FTE 165. MURO FTE 165. MURO,0
2026-05-03,B_01,15,S,75,,S,"Basura Afuera, Requiere Limpieza",55317,Nocturno,2026-05-04 01:40:45,,183110,"POINT (  571983.191189280,   6136886.33754485)",25 DE MAYO 175 PROV OV (O: MACIEL FTE 1467) PROV OV (O: MACIEL FTE 1467),0
2026-05-03,B_01,16,S,75,,S,,55317,Nocturno,2026-05-04 01:40:48,,180531,"POINT (  572062.822849268,   6136907.88030123)",25 DE MAYO 224 LABORATORIO LABORATORIO,0
2026-05-03,B_01,17,S,100,,S,"Basura Afuera, Requiere Limpieza",55317,Nocturno,2026-05-04 01:40:52,,183403,"POINT (  572225.510468785,   6136633.80888797)",PEREZ CASTELLANO 1288 ,0
2026-05-03,B_01,18,S,75,,S,Requiere Limpieza,55317,Nocturno,2026-05-04 01:40:56,,183402,"POINT (  572223.921365493,   6136636.30605029)",PEREZ CASTELLANO 1288 ,0
2026-05-03,B_01,19,S,75,,S,Basura Afuera,55317,Nocturno,2026-05-04 01:40:59,,183401,"POINT (  572222.218754824,   6136639.37074949)",PEREZ CASTELLANO 1295 ,0
2026-05-03,B_01,20,S,100,,S,"Basura Afuera, Requiere Limpieza",55317,Nocturno,2026-05-04 01:41:02,,183408,"POINT (  572102.023435982,   6136704.70870182)",MACIEL 1343 ,0
2026-05-03,B_01,21,S,100,,S,"Basura Afuera, Requiere Limpieza",55317,Nocturno,2026-05-04 01:41:05,,177532,"POINT (  572036.878823064,   6136857.96180376)",MACIEL 1419 FTE 1430 FTE 1430,0
2026-05-03,B_01,22,S,100,,S,"Basura Afuera, Requiere Limpieza",55317,Nocturno,2026-05-04 01:41:08,,182171,"POINT (  572123.986177930,   6136645.09138100)",MACIEL 1312 ,0
2026-05-03,B_01,23,S,75,,S,"Basura Afuera, Requiere Limpieza",55317,Nocturno,2026-05-04 00:35:55,,180457,"POINT (  572405.910473421,   6136712.09307517)",FRANCISCO DE ALZAIBAR 1299 PDO 1299 PDO 1299,0
2026-05-03,B_01,24,S,50,,S,Basura Afuera,55317,Nocturno,2026-05-04 00:35:59,,180458,"POINT (  572406.291737037,   6136711.38501416)",FRANCISCO DE ALZAIBAR 1299 PDO 1299 PDO 1299,0
2026-05-03,B_01,25,S,75,,S,"Basura Afuera, Requiere Limpieza",55317,Nocturno,2026-05-04 00:36:02,,180459,"POINT (  572406.727466885,   6136710.73141939)",FRANCISCO DE ALZAIBAR 1299 PDO 1299 PDO 1299,0
2026-05-03,B_01,26,S,100,,S,"Basura Afuera, Requiere Limpieza",55317,Nocturno,2026-05-04 00:36:06,,180462,"POINT (  572519.028708646,   6136712.56515757)",ZABALA 1270 ANTES 1266 ANTES 1266,0
2026-05-03,B_01,27,S,75,,S,Requiere Limpieza,55317,Nocturno,2026-05-04 00:36:09,,180463,"POINT (  572519.825068146,   6136710.40361035)",ZABALA 1270 ANTES 1266 ANTES 1266,0
2026-05-03,B_01,28,S,50,,S,Basura Afuera,55317,Nocturno,2026-05-04 00:36:12,,180464,"POINT (  572520.621427645,   6136708.35582878)",ZABALA 1264 ANTES 1266 ANTES 1266,0
2026-05-03,B_01,29,S,100,,S,Requiere Limpieza,55317,Nocturno,2026-05-04 00:36:16,,180454,"POINT (  572320.888686928,   6136600.38283551)",RECONQUISTA 293 PDO 293 PDO 293,0
2026-05-03,B_01,30,S,100,,S,,55317,Nocturno,2026-05-04 00:36:19,,180455,"POINT (  572357.094252045,   6136612.64365951)",RECONQUISTA 307 307/309 307/309,0
2026-05-03,B_01,31,S,75,,S,,55317,Nocturno,2026-05-04 00:36:22,,180456,"POINT (  572358.355866801,   6136613.08893531)",RECONQUISTA 307 307/309 307/309,0
2026-05-03,B_01,32,S,50,,S,"Basura Afuera, Requiere Limpieza",55317,Nocturno,2026-05-04 00:36:26,,178045,"POINT (  572319.989925489,   6136861.60843180)",CIRCUNVALACION DURANGO 322 EN 322/324 EN 322/324,0
2026-05-03,B_01,33,S,75,,S,"Basura Afuera, Requiere Limpieza",55317,Nocturno,2026-05-04 00:36:30,,183407,"POINT (  572297.751510783,   6136920.46783962)",CIRCUNVALACION DURANGO 1401 ,0
2026-05-03,B_01,34,S,75,,S,"Basura Afuera, Requiere Limpieza",55317,Nocturno,2026-05-04 00:36:36,,183406,"POINT (  572297.070466515,   6136917.51664779)",CIRCUNVALACION DURANGO 1401 ,0
2026-05-03,B_01,35,S,100,,S,"Basura Afuera, Requiere Limpieza",55317,Nocturno,2026-05-04 00:36:33,,178007,"POINT (  572296.328729060,   6136913.64281446)",CIRCUNVALACION DURANGO 1401 EN 1409 EN 1409,0
2026-05-03,B_01,36,S,100,,S,"Basura Afuera, Requiere Limpieza",55317,Nocturno,2026-05-04 00:36:40,,178012,"POINT (  572296.538263202,   6136914.84015242)",CIRCUNVALACION DURANGO 1401 EN 1409 EN 1409,0
2026-05-03,B_01,37,S,75,,S,"Basura Afuera, Requiere Limpieza",55317,Nocturno,2026-05-04 01:41:27,,180529,"POINT (  572166.107272779,   6136947.45876609)",25 DE MAYO 272 FTE 279 FTE 279,0
2026-05-03,B_01,38,S,75,,S,"Basura Afuera, Requiere Limpieza",55317,Nocturno,2026-05-04 01:41:34,,183257,"POINT (  572144.972464664,   6136565.42754642)",MACIEL 1277 ,0
2026-05-03,B_01,39,S,75,,S,,55317,Nocturno,2026-05-04 01:41:24,,180533,"POINT (  572226.001290156,   6136968.53897532)",25 DE MAYO 306 ,0
2026-05-03,B_01,40,S,50,,S,,55317,Nocturno,2026-05-04 01:41:21,,179202,"POINT (  572296.794526144,   6137015.32631089)",SOLIS 1460 EN 1460. CASA TAPIADA EN 1460. CASA TAPIADA,0
2026-05-03,B_01,41,S,100,,S,Basura Afuera,55317,Nocturno,2026-05-04 01:41:17,,178024,"POINT (  572272.381969913,   6137057.11383520)",SOLIS 1469 IGLESIA IGLESIA,0
2026-05-03,B_01,42,S,50,,S,,55317,Nocturno,2026-05-03 19:00:00,,178026,"POINT (  572271.723434037,   6137058.43090696)",SOLIS 1469 IGLESIA IGLESIA,0
2026-05-03,B_01,43,S,100,,S,,55317,Nocturno,2026-05-04 00:37:04,,178033,"POINT (  572212.589003328,   6137224.73858556)",SOLIS 1571 MURO. S/F MURO. S/F,0
2026-05-03,B_01,44,S,25,,S,,55317,Nocturno,2026-05-04 00:37:02,,178036,"POINT (  572210.937950558,   6137229.19679039)",SOLIS 1571 MURO. S/F MURO. S/F,0
2026-05-03,B_01,45,S,25,,S,,55317,Nocturno,2026-05-04 00:36:59,,178037,"POINT (  572208.347768626,   6137234.50467363)",SOLIS 1571 MURO. S/F MURO. S/F,0
2026-05-03,B_01,46,S,50,,S,,55317,Nocturno,2026-05-04 00:36:54,,178040,"POINT (  572314.025873201,   6137244.10434683)",ZABALA 1560 EN 1562 EN 1562,0
2026-05-03,B_01,47,S,25,,S,Requiere Limpieza,55317,Nocturno,2026-05-04 00:36:51,,178041,"POINT (  572370.733857784,   6137092.90515428)",ZABALA 1486 ,0
2026-05-03,B_01,48,S,25,,S,,55317,Nocturno,2026-05-04 00:36:46,,178042,"POINT (  572370.954660453,   6137092.24984690)",ZABALA 1486 PROV PROV,0
2026-05-03,B_01,49,S,75,,S,,55317,Nocturno,2026-05-04 00:28:25,,178956,"POINT (  572420.166780392,   6136967.15962354)",ZABALA 1403 MURO. PROV OV. ORIGEN: ZABALA 1266 MURO. PROV OV. ORIGEN: ZABALA 1266,0
2026-05-03,B_01,50,S,75,,S,"Basura Afuera, Requiere Limpieza",55317,Nocturno,2026-05-04 00:28:31,,179347,"POINT (  572467.224228534,   6136844.02762294)",ZABALA 1341 FTE 1345. FTE 1345.,0
2026-05-03,B_01,51,S,100,,S,"Basura Afuera, Requiere Limpieza",55317,Nocturno,2026-05-04 00:28:28,,178958,"POINT (  572468.361884962,   6136841.75231009)",ZABALA 1341 FTE 1345. PROV OV. ORIGEN: ZABALA 1266 FTE 1345. PROV OV. ORIGEN: ZABALA 1266,0
2026-05-03,B_01,52,S,75,,S,,55317,Nocturno,2026-05-04 00:28:15,,178055,"POINT (  572690.148005553,   6136795.50657630)",TREINTA Y TRES 1282 ,0
2026-05-03,B_01,53,S,75,,S,,55317,Nocturno,2026-05-04 00:28:12,,178056,"POINT (  572692.821498159,   6136788.50998927)",TREINTA Y TRES 1278 ,0
2026-05-03,B_01,54,S,100,,S,,55317,Nocturno,2026-05-04 00:28:10,,178057,"POINT (  572693.447209194,   6136787.08791873)",TREINTA Y TRES 1278 ,0
2026-05-03,B_01,55,S,75,,S,,55317,Nocturno,2026-05-04 00:28:07,,180532,"POINT (  572707.862602783,   6136747.37408013)",TREINTA Y TRES 1254 ,0
2026-05-03,B_01,56,S,75,,S,,55317,Nocturno,2026-05-04 00:28:05,,178058,"POINT (  572720.520971241,   6136714.28408538)",TREINTA Y TRES Esq. RECONQUISTA TEMPLO TEMPLO,0
2026-05-03,B_01,57,S,50,,S,,55317,Nocturno,2026-05-04 00:23:13,,179346,"POINT (  572606.018312721,   6136739.02193466)",MISIONES 1267 ,0
2026-05-03,B_01,58,S,50,,S,,55317,Nocturno,2026-05-04 00:23:11,,180453,"POINT (  572592.566246841,   6136772.33272658)",MISIONES 1281 ,0
2026-05-03,B_01,59,S,75,,S,,55317,Nocturno,2026-05-04 00:23:08,,180452,"POINT (  572592.402848148,   6136773.09525381)",MISIONES 1281 ,0
2026-05-03,B_01,60,S,50,,S,,55317,Nocturno,2026-05-04 00:23:05,,178066,"POINT (  572485.475299016,   6137034.72721422)",MISIONES 1429 ,0
2026-05-03,B_01,61,S,50,,S,,55317,Nocturno,2026-05-04 00:23:02,,178067,"POINT (  572411.876894401,   6137226.98085286)",MISIONES 1537 ,0
2026-05-03,B_01,62,S,75,,S,,55317,Nocturno,2026-05-04 00:22:58,,178068,"POINT (  572389.208490322,   6137288.30112118)",MISIONES 1571 EN 1573 EN 1573,0
2026-05-03,B_01,63,S,75,,S,,55317,Nocturno,2026-05-04 00:22:50,,178069,"POINT (  572517.089598692,   6137224.29225532)",TREINTA Y TRES 1509 EN 1513 EN 1513,0
2026-05-03,B_01,64,S,75,,S,Requiere Limpieza,55317,Nocturno,2026-05-04 00:22:46,,178071,"POINT (  572518.110840522,   6137221.84127493)",TREINTA Y TRES 1509 EN 1513 EN 1513,0
2026-05-03,B_01,65,S,100,,S,"Basura Afuera, Requiere Limpieza",55317,Nocturno,2026-05-04 00:22:43,,183713,"POINT (  572585.703781699,   6137079.90522876)",TREINTA Y TRES 1426 PROV O: O Treinta y tres 1470 PROV O: O Treinta y tres 1470,0
2026-05-03,B_01,66,S,100,,S,,55317,Nocturno,2026-05-03 23:20:18,,177691,"POINT (  572755.179784929,   6136890.77985663)",ITUZAINGO 1315 EN 1311 EN 1311,0
2026-05-03,B_01,67,S,75,,S,,55317,Nocturno,2026-05-03 23:20:21,,177692,"POINT (  572754.576793903,   6136892.85682572)",ITUZAINGO 1315 EN 1311 EN 1311,0
2026-05-03,B_01,68,S,50,,S,,55317,Nocturno,2026-05-03 23:20:23,,177693,"POINT (  572650.527486854,   6137156.09127575)",ITUZAINGO 1461 ,0
2026-05-03,B_01,69,S,75,,S,,55317,Nocturno,2026-05-03 23:20:27,,177694,"POINT (  572597.201475406,   6137287.25856720)",ITUZAINGO 1533 EN 1543 EN 1543,0
2026-05-03,B_01,70,S,50,,S,,55317,Nocturno,2026-05-03 23:20:29,,177696,"POINT (  572596.348233085,   6137289.42011441)",ITUZAINGO 1533 EN 1543 EN 1543,0
2026-05-03,B_01,71,S,75,,S,,55317,Nocturno,2026-05-03 23:20:32,,177698,"POINT (  572575.769381761,   6137342.02089937)",ITUZAINGO 1575 EN 1571 EN 1571,0
2026-05-03,B_01,72,S,50,,S,Requiere Limpieza,55317,Nocturno,2026-05-03 23:20:35,,177699,"POINT (  572575.055284967,   6137343.65500042)",ITUZAINGO 1575 EN 1571 EN 1571,0
2026-05-03,B_01,73,S,100,,S,Requiere Limpieza,55317,Nocturno,2026-05-03 23:20:39,,177700,"POINT (  572658.862453790,   6137418.48723614)",JUAN CARLOS GOMEZ 1581 EN1576 EN1576,0
2026-05-03,B_01,74,S,75,,S,"Basura Afuera, Requiere Limpieza",55317,Nocturno,2026-05-03 23:20:42,,177701,"POINT (  572685.540497021,   6137353.81146822)",JUAN CARLOS GOMEZ 1544 ,0
2026-05-03,B_01,75,S,100,,S,"Basura Afuera, Requiere Limpieza",55317,Nocturno,2026-05-03 23:20:45,,177702,"POINT (  572686.194649467,   6137352.44628051)",JUAN CARLOS GOMEZ 1544 ,0
2026-05-03,B_01,76,S,75,,S,"Basura Afuera, Requiere Limpieza",55317,Nocturno,2026-05-03 23:20:49,,177705,"POINT (  572863.515252287,   6136915.14192852)",JUAN CARLOS GOMEZ 1301 EN 1306 EN 1306,0
2026-05-03,B_01,77,S,50,,S,"Basura Afuera, Requiere Limpieza",55317,Nocturno,2026-05-03 23:20:53,,177706,"POINT (  572863.923749019,   6136913.58964094)",JUAN CARLOS GOMEZ 1301 EN 1306 EN 1306,0
2026-05-03,B_01,78,S,100,,S,Requiere Limpieza,55317,Nocturno,2026-05-03 23:20:57,,177844,"POINT (  572991.129631372,   6136955.62395465)",BUENOS AIRES 679 SOLIS SOLIS,0
2026-05-03,B_01,79,S,100,,S,,55317,Nocturno,2026-05-04 01:41:43,,177896,"POINT (  572826.096951634,   6136787.85434682)",BRECHA 558 ,0
2026-05-03,B_01,80,S,75,,S,"Basura Afuera, Requiere Limpieza",55317,Nocturno,2026-05-04 01:41:46,,177897,"POINT (  572827.322441830,   6136790.06022917)",BRECHA 558 ,0
2026-05-03,B_01,81,S,75,,S,Requiere Limpieza,55317,Nocturno,2026-05-03 23:17:35,,177850,"POINT (  572801.677092897,   6137264.13179993)",BARTOLOME MITRE 1467 EN 1475 EN 1475,0
2026-05-03,B_01,82,S,50,,S,,55317,Nocturno,2026-05-03 23:17:38,,177877,"POINT (  572800.739106857,   6137265.47177999)",BARTOLOME MITRE 1467 EN 1475 EN 1475,0
2026-05-03,B_01,83,S,50,,S,Basura Afuera,55317,Nocturno,2026-05-03 23:17:43,,177879,"POINT (  572781.501816702,   6137309.30066049)",BARTOLOME MITRE 1501 EN 1507 EN 1507,0
2026-05-03,B_01,84,S,50,,S,Requiere Limpieza,55317,Nocturno,2026-05-03 22:44:19,,177880,"POINT (  572813.811259250,   6137414.53388005)",PIEDRAS 674 EN 676 EN 676,0
2026-05-03,B_01,85,S,25,,S,Requiere Limpieza,55317,Nocturno,2026-05-03 22:44:15,,177883,"POINT (  572869.556424211,   6137437.96960246)",PIEDRAS 696 ESQ JUNCAL ESQ JUNCAL,0
2026-05-03,B_01,86,S,50,,S,,55317,Nocturno,2026-05-03 22:44:00,,177899,"POINT (  573134.172138998,   6137389.45227865)",FLORIDA 1518 ,0
2026-05-03,B_01,87,S,75,,S,,55317,Nocturno,2026-05-03 22:44:02,,178138,"POINT (  573142.096975600,   6137286.06175577)",FLORIDA 1468 ,0
2026-05-03,B_01,88,S,50,,S,,55317,Nocturno,2026-05-03 22:44:05,,178139,"POINT (  573142.178674946,   6137283.61077538)",FLORIDA 1468 ,0
2026-05-03,B_01,89,S,100,,S,,55317,Nocturno,2026-05-03 22:44:08,,178140,"POINT (  573148.242937847,   6137207.19325572)",FLORIDA 1430 EN 1430 EN 1430,0
2026-05-03,B_01,90,S,50,,S,,55317,Nocturno,2026-05-03 19:00:00,,178218,"POINT (  573148.504802226,   6137204.64925533)",FLORIDA 1430 EN 1428 EN 1428,0
2026-05-03,B_01,91,S,75,,S,"Basura Afuera, Requiere Limpieza",55317,Nocturno,2026-05-03 22:44:36,,178142,"POINT (  573040.830599410,   6137279.66471054)",CIUDADELA 1437 EN 1443 EN 1443,0
2026-05-03,B_01,92,S,50,,S,Requiere Limpieza,55317,Nocturno,2026-05-03 22:44:39,,178143,"POINT (  573039.920474267,   6137282.28132032)",CIUDADELA 1437 EN 1443 EN 1443,0
2026-05-03,B_01,93,S,100,,S,Requiere Limpieza,55317,Nocturno,2026-05-03 22:44:42,,178144,"POINT (  573038.782817840,   6137284.89793011)",CIUDADELA 1437 EN 1443 EN 1443,0
2026-05-03,B_01,94,S,100,,S,Requiere Limpieza,55317,Nocturno,2026-05-03 22:44:45,,178162,"POINT (  572995.464177911,   6137393.54227642)",CIUDADELA Esq. CERRITO ESQ CERRITO ESQ CERRITO,0
2026-05-03,B_01,95,S,75,,S,,55317,Nocturno,2026-05-03 19:19:50,,178164,"POINT (  573330.378225600,   6137540.38160870)",CONVENCION 1576 FTE 1589 FTE 1589,0
2026-05-03,B_01,96,S,50,,S,,55317,Nocturno,2026-05-03 19:19:53,,178219,"POINT (  573341.080839979,   6137393.07768713)",CONVENCION 1516 ,0
2026-05-03,B_01,97,S,75,,S,,55317,Nocturno,2026-05-03 19:19:57,,178222,"POINT (  573341.244238672,   6137391.44370020)",CONVENCION 1516 ,0
2026-05-03,B_01,98,S,50,,S,,55317,Nocturno,2026-05-03 19:20:01,,178223,"POINT (  573344.984379096,   6137347.77728136)",CONVENCION 1490 EN 1496 EN 1496,0
2026-05-03,B_01,99,S,75,,S,,55317,Nocturno,2026-05-03 19:20:14,,178224,"POINT (  573345.153693836,   6137346.18917016)",CONVENCION 1490 EN 1496 EN 1496,0
2026-05-03,B_01,100,S,50,,S,,55317,Nocturno,2026-05-03 22:45:11,,178225,"POINT (  573349.704319547,   6137284.69884024)",CONVENCION 1462 EN 1456 EN 1456,0
2026-05-03,B_01,101,S,75,,S,,55317,Nocturno,2026-05-03 22:45:13,,178226,"POINT (  573349.881058757,   6137282.33257118)",CONVENCION 1462 EN 1456 EN 1456,0
2026-05-03,B_01,102,S,50,,S,,55317,Nocturno,2026-05-03 22:45:16,,178227,"POINT (  573340.887482232,   6137210.38143410)",CONVENCION 1417 EN 1423 EN 1423,0
2026-05-03,B_01,103,S,100,,S,,55317,Nocturno,2026-05-03 22:45:19,,178228,"POINT (  573340.944365053,   6137209.21533626)",CONVENCION 1417 EN 1423 EN 1423,0
2026-05-03,B_01,104,S,50,,S,,55317,Nocturno,2026-05-03 22:45:22,,178229,"POINT (  573347.002385531,   6137138.28245799)",CONVENCION 1391 EN 1391 EN 1391,0
2026-05-03,B_01,105,S,75,,S,,55317,Nocturno,2026-05-03 22:45:38,,178231,"POINT (  573349.879683847,   6137093.23409345)",CONVENCION 1363 ,0
2026-05-03,B_01,106,S,50,,S,,55317,Nocturno,2026-05-03 22:51:36,,178356,"POINT (  573349.879683847,   6137091.62611738)",CONVENCION 1363 ,0
2026-05-03,B_01,107,S,50,,S,,55317,Nocturno,2026-05-03 19:00:00,,178232,"POINT (  573246.206026031,   6137110.06857859)",ANDES 1381 EN 1379 EN 1379,0
2026-05-03,B_01,108,S,50,,S,,55317,Nocturno,2026-05-03 22:51:45,,179734,"POINT (  573252.654245982,   6137204.93480482)",ANDES 1424 EN 1426 EN 1426,0
2026-05-03,B_01,109,S,50,,S,,55317,Nocturno,2026-05-03 22:51:48,,179733,"POINT (  573252.302752133,   6137207.74675561)",ANDES 1424 EN 1426 EN 1426,0
2026-05-03,B_01,110,S,75,,S,,55317,Nocturno,2026-05-03 22:51:56,,178235,"POINT (  573247.116151174,   6137268.94229872)",ANDES 1452 EN 1452 EN 1452,0
2026-05-03,B_01,111,S,75,,S,,55317,Nocturno,2026-05-03 22:52:07,,178236,"POINT (  573242.508642641,   6137335.21078564)",ANDES 1492 FTE 1499 FTE 1499,0
2026-05-03,B_01,112,S,50,,S,,55317,Nocturno,2026-05-03 23:17:03,,178258,"POINT (  573242.508642641,   6137336.40532489)",ANDES 1492 FTE 1499 FTE 1499,0
2026-05-03,B_01,113,S,75,,S,,55317,Nocturno,2026-05-03 23:17:06,,178259,"POINT (  573235.056993040,   6137436.68973900)",ANDES 1540 ,0
2026-05-03,B_01,114,S,75,,S,,55317,Nocturno,2026-05-03 23:17:10,,178260,"POINT (  573235.000110218,   6137437.82739543)",ANDES 1540 ,0
2026-05-03,B_01,115,S,50,,S,,55317,Nocturno,2026-05-03 23:17:13,,178261,"POINT (  573214.074099783,   6137501.91142897)",ANDES 1569 ,0
2026-05-03,B_01,116,S,50,,S,,55317,Nocturno,2026-05-03 23:17:16,,178262,"POINT (  573214.018687006,   6137503.05411582)",ANDES 1569 ,0
2026-05-03,B_01,117,S,75,,S,,55317,Nocturno,2026-05-03 23:17:19,,182208,"POINT (  573113.674589227,   6137484.32800074)",FLORIDA 1575 ,0
2026-05-03,B_01,118,S,100,,S,,55317,Nocturno,2026-05-03 23:17:22,,178270,"POINT (  572983.313234675,   6137142.42337633)",JUNCAL 1384 FTE 1397 FTE 1397,0
2026-05-03,B_01,119,S,100,,S,"Basura Afuera, Requiere Limpieza",55317,Nocturno,2026-05-03 23:17:25,,178271,"POINT (  572957.241293381,   6137220.64878337)",JUNCAL 1434 EN 1438 EN 1438,0
2026-05-03,B_01,120,S,75,,S,,55317,Nocturno,2026-05-03 23:17:28,,178272,"POINT (  572903.543909990,   6137382.42352740)",JUNCAL 1514 FTE 1511 FTE 1511,0
2026-05-03,B_01,121,S,50,,S,"Basura Afuera, Requiere Limpieza",55317,Nocturno,2026-05-04 02:13:38,,178275,"POINT (  573167.821498159,   6136793.28814628)",FLORIDA 1237 ,0
2026-05-03,B_01,122,S,75,,S,Requiere Limpieza,55317,Nocturno,2026-05-04 02:13:28,,178276,"POINT (  573169.186685872,   6136767.00828280)",FLORIDA 1217 EN 1221 EN 1221,0
2026-05-03,B_01,123,S,100,,S,"Basura Afuera, Requiere Limpieza",55317,Nocturno,2026-05-04 02:13:42,,178277,"POINT (  573177.377812152,   6136670.30748644)",FLORIDA 1171 EN 1175 EN 1175,0
2026-05-03,B_01,124,S,50,,S,,55317,Nocturno,2026-05-04 02:13:46,,178278,"POINT (  573301.496128421,   6136579.46562068)",JOSE GERMAN ARAUJO 1128 ,0
2026-05-03,B_01,125,S,75,,S,,55317,Nocturno,2026-05-04 02:13:49,,179343,"POINT (  573301.439245599,   6136580.54639429)",JOSE GERMAN ARAUJO 1128 ,0
2026-05-03,B_01,126,S,100,,S,,55317,Nocturno,2026-05-04 02:24:33,,183049,"POINT (  573281.579943441,   6136650.11579972)","JOSE GERMAN ARAUJO 1157 PROV OV (O: JOSE GERMAN ARAUJO 1168, F: 14/07/2021) EN 1169 PROV OV (O: JOSE GERMAN ARAUJO 1168, F: 14/07/2021) EN 1169",0
2026-05-03,B_01,127,S,75,,S,"Basura Afuera, Requiere Limpieza",55317,Nocturno,2026-05-04 02:24:36,,183048,"POINT (  573281.368377856,   6136652.01988999)","JOSE GERMAN ARAUJO 1157 PROV OV (O: JOSE GERMAN ARAUJO 1168, F: 28/05/25) EN 1169 PROV OV (O: JOSE GERMAN ARAUJO 1168, F: 28/05/25) EN 1169",0
2026-05-03,B_01,128,S,75,,S,,55317,Nocturno,2026-05-04 02:25:06,,180764,"POINT (  573269.520328264,   6136801.12688887)",JOSE GERMAN ARAUJO 1229 PROV OP (O: JOSE GERMAN ARAUJO 1193) PROV OP (O: JOSE GERMAN ARAUJO 1193),0
2026-05-03,B_01,129,S,100,,S,,55317,Nocturno,2026-05-04 02:25:09,,178362,"POINT (  573269.413881441,   6136802.99441318)",JOSE GERMAN ARAUJO 1235 EN 1236 EN 1236,0
2026-05-03,B_01,130,S,75,,S,,55317,Nocturno,2026-05-04 02:25:12,,178364,"POINT (  573269.145885430,   6136805.07138226)",JOSE GERMAN ARAUJO 1235 EN 1236 EN 1236,0
2026-05-03,B_01,131,S,100,,S,,55317,Nocturno,2026-05-04 02:25:15,,178407,"POINT (  573278.793741838,   6136858.87158154)",JOSE GERMAN ARAUJO 1252 EN 1256 EN 1256,0
2026-05-03,B_01,132,S,75,,S,,55317,Nocturno,2026-05-04 02:25:18,,178408,"POINT (  573278.726742835,   6136860.81455262)",JOSE GERMAN ARAUJO 1252 EN 1256 EN 1256,0
2026-05-03,B_01,133,S,75,,S,,55317,Nocturno,2026-05-04 02:25:21,,178409,"POINT (  573258.595137365,   6136922.85709891)",JOSE GERMAN ARAUJO 1293 ANDES 1297 ANDES 1297,0
2026-05-03,B_01,134,S,50,,S,,55317,Nocturno,2026-05-03 19:00:00,,178410,"POINT (  573256.042032790,   6136967.66919041)",JOSE GERMAN ARAUJO 1313 EN 1311 EN 1311,0
2026-05-03,B_01,135,S,50,,S,,55317,Nocturno,2026-05-03 19:00:00,,178411,"POINT (  573254.510917954,   6136985.26766846)",JOSE GERMAN ARAUJO 1313 EN 1319 EN 1319,0
2026-05-03,B_01,136,S,50,,S,,55317,Nocturno,2026-05-03 19:00:00,,178412,"POINT (  573254.326346515,   6136987.19533420)",JOSE GERMAN ARAUJO 1313 EN 1319 EN 1319,0
2026-05-03,B_01,137,S,50,,S,,55317,Nocturno,2026-05-03 19:00:00,,178421,"POINT (  573254.162947822,   6136988.99271982)",JOSE GERMAN ARAUJO 1321 EN 1319 EN 1319,0
2026-05-03,B_01,138,S,75,,S,,55317,Nocturno,2026-05-04 02:24:40,,178415,"POINT (  573066.171896338,   6136599.82967074)",CIUDADELA 1156 ESQ MALDONADO. FTE PLAZUELA ESQ MALDONADO. FTE PLAZUELA,0
2026-05-03,B_01,139,S,100,,S,,55317,Nocturno,2026-05-04 02:24:43,,178416,"POINT (  573084.943227396,   6136753.64081977)",CIUDADELA 1220 MURO MURO,0
2026-05-03,B_01,140,S,50,,S,,55317,Nocturno,2026-05-04 02:24:46,,178417,"POINT (  573085.284524325,   6136755.57483570)",CIUDADELA 1220 MURO MURO,0
2026-05-03,B_01,141,S,75,,S,"Basura Afuera, Requiere Limpieza",55317,Nocturno,2026-05-03 23:21:11,,180183,"POINT (  573162.611031638,   6136845.39052995)",FLORIDA 1251 PROV OP. (O: FLORIDA 1298) PROV OP. (O: FLORIDA 1298),0
2026-05-03,B_01,142,S,100,,S,"Basura Afuera, Requiere Limpieza",55317,Nocturno,2026-05-03 23:21:08,,180184,"POINT (  573162.724025989,   6136843.58262034)",FLORIDA 1251 PROV OP. (O: FLORIDA 1298) PROV OP. (O: FLORIDA 1298),0
2026-05-03,B_01,143,S,75,,S,"Basura Afuera, Requiere Limpieza",55317,Nocturno,2026-05-03 23:21:05,,180185,"POINT (  573162.950014689,   6136841.54872203)",FLORIDA 1251 PROV OP. (O: FLORIDA 1298) PROV OP. (O: FLORIDA 1298),0
2026-05-03,B_01,144,S,100,,S,,55317,Nocturno,2026-05-03 23:21:02,,178418,"POINT (  573138.564828904,   6136817.46619779)",SORIANO 784 EN 782 EN 782,0
2026-05-03,B_01,145,S,75,,S,"Basura Afuera, Requiere Limpieza",55317,Nocturno,2026-05-04 02:14:01,,178419,"POINT (  573155.128021351,   6136601.13528519)",MALDONADO 776 ,0
2026-05-03,B_01,146,S,100,,S,"Basura Afuera, Requiere Limpieza",55317,Nocturno,2026-05-04 02:13:57,,178420,"POINT (  573205.705457203,   6136628.72614401)",MALDONADO 805 ,0
2026-05-03,B_02,1,S,50,,S,Basura Afuera,55812,Nocturno,2026-05-03 21:40:41,,178199,"POINT (  573359.749140633,   6136960.37752374)",CONVENCION 1303 EN 1311,0
2026-05-03,B_02,2,S,50,,S,Basura Afuera,55812,Nocturno,2026-05-03 22:30:47,,178200,"POINT (  573359.912539325,   6136958.58013812)",CONVENCION 1303 EN 1311,0
2026-05-03,B_02,3,S,50,,S,"Basura Afuera, Fuera de Lugar",55812,Nocturno,2026-05-03 22:02:34,,178201,"POINT (  573379.574384611,   6136911.50049783)",CONVENCION 1290 EN 1284/CASA TAPEADA,0
2026-05-03,B_02,4,S,75,,S,"Basura Afuera, Fuera de Lugar",55812,Nocturno,2026-05-03 19:30:57,,178202,"POINT (  573379.612294227,   6136910.13242570)",CONVENCION 1278 EN 1284/CASA TAPEADA,0
2026-05-03,B_02,5,S,50,,S,,55812,Nocturno,2026-05-04 00:07:25,,178281,"POINT (  573385.962091538,   6136823.97909946)",CONVENCION 1240 FTE 1245,0
2026-05-03,B_02,6,S,25,,S,,55812,Nocturno,2026-05-03 19:41:06,,182209,"POINT (  573386.332541297,   6136822.56329486)",CONVENCION 1240,0
2026-05-03,B_02,7,S,50,,S,,55812,Nocturno,2026-05-03 19:31:06,,182210,"POINT (  573386.332541297,   6136820.82037547)",CONVENCION 1240,0
2026-05-03,B_02,8,S,50,,S,,55812,Nocturno,2026-05-03 19:41:10,,178284,"POINT (  573381.509709642,   6136691.04473090)",CONVENCION 1169 EN 1177,0
2026-05-03,B_02,9,S,50,,S,,55812,Nocturno,2026-05-03 19:41:13,,178285,"POINT (  573381.806734790,   6136688.84674480)",CONVENCION 1169 EN 1177,0
2026-05-03,B_02,10,S,50,,S,,55812,Nocturno,2026-05-03 19:41:16,,178286,"POINT (  573384.499473753,   6136664.86168043)",CONVENCION 1161 EN 1163,0
2026-05-03,B_02,11,S,75,,S,,55812,Nocturno,2026-05-03 19:41:18,,178287,"POINT (  573389.172958480,   6136613.58057210)",CONVENCION 1147 FTE 1144,0
2026-05-03,B_02,12,S,50,,S,,55812,Nocturno,2026-05-03 19:00:00,,179398,"POINT (  573412.019782075,   6136496.19875586)",CONVENCION 1060,0
2026-05-03,B_02,13,S,50,,S,,55812,Nocturno,2026-05-03 19:41:31,,179364,"POINT (  573413.110368937,   6136490.04409986)",CONVENCION 1060 S/NUM. ESQ RBLA,0
2026-05-03,B_02,14,S,25,,S,,55812,Nocturno,2026-05-03 19:41:27,,179365,"POINT (  573413.166866113,   6136488.23619025)",CONVENCION 1060 S/NUM. ESQ RBLA,0
2026-05-03,B_02,15,S,50,,S,,55812,Nocturno,2026-05-03 20:00:59,,178414,"POINT (  573344.869647169,   6136525.55317733)",DURAZNO 875 FTE 875,0
2026-05-03,B_02,16,S,50,,S,,55812,Nocturno,2026-05-03 20:00:56,,179576,"POINT (  573347.866801733,   6136526.05912414)",DURAZNO 875 FTE 875,0
2026-05-03,B_02,17,S,50,,S,Basura Afuera,55812,Nocturno,2026-05-03 20:00:53,,178726,"POINT (  573606.001317096,   6136465.89966812)",JULIO HERRERA Y OBES 1053 MURO,0
2026-05-03,B_02,18,S,25,,S,Basura Afuera,55812,Nocturno,2026-05-03 20:00:49,,178727,"POINT (  573606.120127156,   6136462.92941663)",JULIO HERRERA Y OBES 1053 MURO,0
2026-05-03,B_02,19,S,50,,S,Basura Afuera,55812,Nocturno,2026-05-03 20:00:46,,178728,"POINT (  573606.357747275,   6136459.66214000)",JULIO HERRERA Y OBES 1053 MURO,0
2026-05-03,B_02,20,S,50,,S,,55812,Nocturno,2026-05-03 20:00:40,,178729,"POINT (  573515.402052040,   6136485.96757632)",WILSON FERREIRA ALDUNATE 1074 EN 1080,0
2026-05-03,B_02,21,S,25,,S,,55812,Nocturno,2026-05-03 20:00:36,,178730,"POINT (  573515.320477401,   6136487.33922994)",WILSON FERREIRA ALDUNATE 1074 EN 1080,0
2026-05-03,B_02,22,S,25,,S,,55812,Nocturno,2026-05-03 20:00:33,,178731,"POINT (  573515.304696188,   6136489.60546490)",WILSON FERREIRA ALDUNATE 1074 EN 1080,0
2026-05-03,B_02,23,S,50,,S,,55812,Nocturno,2026-05-03 20:00:27,,178732,"POINT (  573499.438052553,   6136691.62602075)",WILSON FERREIRA ALDUNATE 1168 FTE 1171,0
2026-05-03,B_02,24,S,25,,S,,55812,Nocturno,2026-05-03 20:07:48,,181178,"POINT (  573496.654263823,   6136731.38301229)",WILSON FERREIRA ALDUNATE 1192,0
2026-05-03,B_02,25,S,50,,S,,55812,Nocturno,2026-05-03 20:07:45,,181177,"POINT (  573496.711146644,   6136732.97573129)",WILSON FERREIRA ALDUNATE 1192,0
2026-05-03,B_02,26,S,50,,S,,55812,Nocturno,2026-05-03 20:07:31,,178735,"POINT (  573491.082044978,   6136803.59654341)",WILSON FERREIRA ALDUNATE 1226 EN 1228,0
2026-05-03,B_02,27,S,25,,S,,55812,Nocturno,2026-05-03 20:07:56,,178736,"POINT (  573491.083189265,   6136804.62736554)",WILSON FERREIRA ALDUNATE 1226 EN 1228,0
2026-05-03,B_02,28,S,50,,S,,55812,Nocturno,2026-05-03 22:30:55,,178737,"POINT (  573488.466460894,   6136834.33585706)",WILSON FERREIRA ALDUNATE 1238 EN 1244,0
2026-05-03,B_02,29,S,50,,S,,55812,Nocturno,2026-05-03 22:30:58,,178738,"POINT (  573486.464826907,   6136863.74762177)",WILSON FERREIRA ALDUNATE 1262 EN 1252,0
2026-05-03,B_02,30,S,50,,S,,55812,Nocturno,2026-05-03 19:00:00,,183405,"POINT (  573460.086132236,   6137021.13736130)",WILSON FERREIRA ALDUNATE 1333,0
2026-05-03,B_02,31,S,50,,S,,55812,Nocturno,2026-05-03 22:31:03,,178739,"POINT (  573486.278213057,   6136865.74372265)",WILSON FERREIRA ALDUNATE 1262 EN 1252,0
2026-05-03,B_02,32,S,50,,S,,55812,Nocturno,2026-05-03 19:00:00,,183404,"POINT (  573460.313146992,   6137024.31556788)",WILSON FERREIRA ALDUNATE 1333,0
2026-05-03,B_02,33,S,50,,S,,55812,Nocturno,2026-05-03 20:43:28,,178940,"POINT (  573467.644267244,   6137099.57799815)",RIO BRANCO 1364 EN 1366,0
2026-05-03,B_02,34,S,75,,S,Basura Afuera,55812,Nocturno,2026-05-03 20:43:24,,178742,"POINT (  573422.558585204,   6137497.34919981)",RIO BRANCO 1569 FTE 1558,0
2026-05-03,B_02,35,S,50,,S,Basura Afuera,55812,Nocturno,2026-05-03 20:43:21,,178743,"POINT (  573422.380370114,   6137499.84421106)",RIO BRANCO 1569 FTE 1558,0
2026-05-03,B_02,36,S,25,,S,,55812,Nocturno,2026-05-03 20:43:18,,178744,"POINT (  573418.222018031,   6137569.94214617)",RIO BRANCO 1593 S/NUM. ESQ CERRO LARGO,0
2026-05-03,B_02,37,S,25,,S,,55812,Nocturno,2026-05-03 22:31:17,,178745,"POINT (  573624.522205061,   6137731.93282837)",RIO NEGRO 1660 EN 1664,0
2026-05-03,B_02,38,S,50,,S,Basura Afuera,55812,Nocturno,2026-05-03 20:43:14,,178746,"POINT (  573506.779236612,   6137730.82522798)",JULIO HERRERA Y OBES 1674 FTE 1674,0
2026-05-03,B_02,39,S,50,,S,Basura Afuera,55812,Nocturno,2026-05-03 20:43:10,,178747,"POINT (  573507.118219663,   6137726.75743137)",JULIO HERRERA Y OBES 1674 FTE 1674,0
2026-05-03,B_02,40,S,25,,S,,55812,Nocturno,2026-05-03 20:53:29,,183664,"POINT (  573512.901394771,   6137632.04823290)",JULIO HERRERA Y OBES 1629 PROV O: O Julio Herrera y Obeas 1586,0
2026-05-03,B_02,41,S,50,,S,,55812,Nocturno,2026-05-03 20:53:25,,178749,"POINT (  573527.824297935,   6137461.82499201)",JULIO HERRERA Y OBES 1537 EN 1541,0
2026-05-03,B_02,42,S,25,,S,,55812,Nocturno,2026-05-03 20:53:22,,178750,"POINT (  573527.883702965,   6137460.63689142)",JULIO HERRERA Y OBES 1537 EN 1541,0
2026-05-03,B_02,43,S,50,,S,,55812,Nocturno,2026-05-03 20:53:11,,183783,"POINT (  573534.284922556,   6137368.32012557)",JULIO HERRERA Y OBES 1495,0
2026-05-03,B_02,44,S,50,,S,,55812,Nocturno,2026-05-03 20:51:34,,183665,"POINT (  573535.060059695,   6137359.68196645)",JULIO HERRERA Y OBES 1495 PROV O: Julio Herrera y Obes 1509,0
2026-05-03,B_02,45,S,50,,S,,55812,Nocturno,2026-05-03 20:53:38,,179142,"POINT (  573545.031272892,   6137246.48477782)",JULIO HERRERA Y OBES 1426 EN 1431,0
2026-05-03,B_02,46,S,25,,S,,55812,Nocturno,2026-05-03 20:53:34,,179143,"POINT (  573545.144267242,   6137242.52997555)",JULIO HERRERA Y OBES 1425 EN 1431,0
2026-05-03,B_02,47,S,50,,S,,55812,Nocturno,2026-05-03 21:07:27,,183533,"POINT (  573558.497188282,   6137087.21408874)",JULIO HERRERA Y OBES 1365,0
2026-05-03,B_02,48,S,50,,S,,55812,Nocturno,2026-05-03 21:07:24,,183532,"POINT (  573558.497188282,   6137084.25618203)",JULIO HERRERA Y OBES 1365,0
2026-05-03,B_02,49,S,50,,S,Basura Afuera,55812,Nocturno,2026-05-03 21:07:21,,178758,"POINT (  573569.325688161,   6136922.33363436)",JULIO HERRERA Y OBES 1284 FTE 1284,0
2026-05-03,B_02,50,S,75,,S,Basura Afuera,55812,Nocturno,2026-05-03 21:07:18,,179360,"POINT (  573569.438052553,   6136920.43958008)",JULIO HERRERA Y OBES 1284 FTE 1284,0
2026-05-03,B_02,51,S,25,,S,,55812,Nocturno,2026-05-03 21:07:09,,178759,"POINT (  573588.534097750,   6136882.02150098)",JULIO HERRERA Y OBES 1258 EN 1262,0
2026-05-03,B_02,52,S,50,,S,,55812,Nocturno,2026-05-03 21:07:06,,178760,"POINT (  573588.816583626,   6136880.66556878)",JULIO HERRERA Y OBES 1258 EN 1262,0
2026-05-03,B_02,53,S,50,,S,,55812,Nocturno,2026-05-03 21:18:19,,180120,"POINT (  573578.773662309,   6136823.42032179)",JULIO HERRERA Y OBES 1239,0
2026-05-03,B_02,54,S,25,,S,,55812,Nocturno,2026-05-03 21:18:21,,180121,"POINT (  573578.882594771,   6136821.78633486)",JULIO HERRERA Y OBES 1239,0
2026-05-03,B_02,55,S,25,,S,Requiere Mantenimiento,55812,Nocturno,2026-05-03 21:18:09,,178763,"POINT (  573602.390029954,   6136696.41415635)",JULIO HERRERA Y OBES 1170,0
2026-05-03,B_02,56,S,75,,S,Basura Afuera,55812,Nocturno,2026-05-03 21:18:04,,178764,"POINT (  573602.616018655,   6136693.92828064)",JULIO HERRERA Y OBES 1170,0
2026-05-03,B_02,57,S,50,,S,,55812,Nocturno,2026-05-03 21:18:00,,178765,"POINT (  573608.555733375,   6136616.07558334)",JULIO HERRERA Y OBES 1136 EN 1130/1136,0
2026-05-03,B_02,58,S,25,,S,,55812,Nocturno,2026-05-03 21:17:57,,178766,"POINT (  573608.793353494,   6136613.81819221)",JULIO HERRERA Y OBES 1136 EN 1130/1136,0
2026-05-03,B_02,59,S,50,,S,,55812,Nocturno,2026-05-03 21:17:54,,178767,"POINT (  573608.852758524,   6136611.91723126)",JULIO HERRERA Y OBES 1126 EN 1130/1136,0
2026-05-03,B_02,60,S,50,,S,,55812,Nocturno,2026-05-03 21:41:14,,178972,"POINT (  573837.089619375,   6136337.73180098)",PARAGUAY 990,0
2026-05-03,B_02,61,S,25,,S,,55812,Nocturno,2026-05-03 21:41:20,,178973,"POINT (  573836.685447865,   6136344.60271667)",PARAGUAY 990,0
2026-05-03,B_02,62,S,25,,S,,55812,Nocturno,2026-05-03 21:41:24,,179396,"POINT (  573836.339236601,   6136349.04414488)",PARAGUAY 990,0
2026-05-03,B_02,63,S,50,,S,,55812,Nocturno,2026-05-03 19:00:00,,183772,"POINT (  573836.293306015,   6136354.43768572)",PARAGUAY 990,0
2026-05-03,B_02,64,S,75,,S,Basura Afuera,55812,Nocturno,2026-05-03 22:54:49,,183738,"POINT (  573835.972954466,   6136391.87575229)",PARAGUAY 1020,0
2026-05-03,B_02,65,S,75,,S,"Basura Afuera, Requiere Mantenimiento",55812,Nocturno,2026-05-03 22:58:43,,183737,"POINT (  573835.101494771,   6136394.49013137)",PARAGUAY 1020,0
2026-05-03,B_02,66,S,50,,S,,55812,Nocturno,2026-05-03 19:00:00,,183773,"POINT (  573831.782027820,   6136407.82114436)",PARAGUAY 1020,0
2026-05-03,B_02,67,S,75,,S,Basura Afuera,55812,Nocturno,2026-05-03 21:40:59,,178975,"POINT (  573831.422868291,   6136410.28203657)",PARAGUAY 1020 1024/1034,0
2026-05-03,B_02,68,S,75,,S,"Basura Afuera, Requiere Mantenimiento",55812,Nocturno,2026-05-03 21:40:55,,179397,"POINT (  573830.892613507,   6136415.05721678)",PARAGUAY 1030,0
2026-05-03,B_02,69,S,100,,S,Basura Afuera,55812,Nocturno,2026-05-03 21:40:51,,178432,"POINT (  573820.364366977,   6136553.67059958)",PARAGUAY 1094 EN 1102/FARMACIA,0
2026-05-03,B_02,70,S,75,,S,,55812,Nocturno,2026-05-03 22:01:13,,178433,"POINT (  573815.374344477,   6136614.67956514)",PARAGUAY 1120 EN 1122,0
2026-05-03,B_02,71,S,50,,S,,55812,Nocturno,2026-05-03 22:01:17,,178434,"POINT (  573807.748597655,   6136694.56986167)",PARAGUAY 1164,0
2026-05-03,B_02,72,S,75,,S,,55812,Nocturno,2026-05-03 22:01:20,,183758,"POINT (  573801.974048148,   6136788.16204031)",PARAGUAY 1208,0
2026-05-03,B_02,73,S,50,,S,Basura Afuera,55812,Nocturno,2026-05-03 22:01:48,,178435,"POINT (  573801.224205784,   6136790.21927507)",PARAGUAY 1208,0
2026-05-03,B_02,74,S,50,,S,,55812,Nocturno,2026-05-03 22:01:51,,183777,"POINT (  573796.189592481,   6136892.27348120)",PARAGUAY 1254,0
2026-05-03,B_02,75,S,50,,S,Basura Afuera,55812,Nocturno,2026-05-03 22:02:11,,178436,"POINT (  573794.208754071,   6136896.73640908)",PARAGUAY 1254 FARMACIA,0
2026-05-03,B_02,76,S,25,,S,,55812,Nocturno,2026-05-03 22:02:05,,178437,"POINT (  573787.929220729,   6136963.50589988)",PARAGUAY 1296,0
2026-05-03,B_02,77,S,25,,S,,55812,Nocturno,2026-05-03 22:02:08,,178438,"POINT (  573787.810410670,   6136965.94150610)",PARAGUAY 1296,0
2026-05-03,B_02,78,S,50,,S,,55812,Nocturno,2026-05-03 22:02:24,,178439,"POINT (  573786.270762037,   6136996.22070822)",PARAGUAY 1306 EN 1308,0
2026-05-03,B_02,79,S,25,,S,,55812,Nocturno,2026-05-03 22:02:27,,178440,"POINT (  573786.064598456,   6136998.33812160)",PARAGUAY 1306 EN 1308,0
2026-05-03,B_02,80,S,50,,S,,55812,Nocturno,2026-05-03 22:02:42,,183759,"POINT (  573781.315348148,   6137054.25924554)",PARAGUAY 1338,0
2026-05-03,B_02,81,S,50,,S,,55812,Nocturno,2026-05-03 22:02:46,,178545,"POINT (  573779.720385896,   6137070.61320001)",PARAGUAY 1338 S/NUM. ESQ 18 DE JULIO,0
2026-05-03,B_02,82,S,25,,S,,55812,Nocturno,2026-05-03 22:02:49,,178546,"POINT (  573761.373080802,   6137108.33506030)",PARAGUAY 1373 EN 1367,0
2026-05-03,B_02,83,S,25,,S,,55812,Nocturno,2026-05-03 22:03:08,,178547,"POINT (  573760.921103401,   6137111.38590776)",PARAGUAY 1373 EN 1367,0
2026-05-03,B_02,84,S,50,,S,Basura Afuera,55812,Nocturno,2026-05-03 22:03:02,,178548,"POINT (  573756.919795195,   6137161.97810430)",PARAGUAY 1387 EN 1387,0
2026-05-03,B_02,85,S,50,,S,Basura Afuera,55812,Nocturno,2026-05-03 22:02:59,,178549,"POINT (  573756.740312440,   6137165.73619025)",PARAGUAY 1387 EN 1387,0
2026-05-03,B_02,86,S,50,,S,"Basura Afuera, Requiere Mantenimiento",55812,Nocturno,2026-05-03 22:23:38,,183760,"POINT (  573766.166631373,   6137211.49184553)",PARAGUAY 1402,0
2026-05-03,B_02,87,S,50,,S,Basura Afuera,55812,Nocturno,2026-05-03 22:23:35,,178550,"POINT (  573765.652334570,   6137219.24455299)",PARAGUAY 1402 AL LADO DE 1410,0
2026-05-03,B_02,88,S,50,,S,Basura Afuera,55812,Nocturno,2026-05-03 22:23:30,,178551,"POINT (  573741.722739437,   6137354.38455002)",PARAGUAY 1473 EN 1491,0
2026-05-03,B_02,89,S,50,,S,Basura Afuera,55812,Nocturno,2026-05-03 22:23:28,,178552,"POINT (  573741.496750737,   6137356.70093421)",PARAGUAY 1473 EN 1491,0
2026-05-03,B_02,90,S,25,,S,"Basura Afuera, Fuera de Lugar",55812,Nocturno,2026-05-03 19:18:42,,178554,"POINT (  573631.144777767,   6137225.23758137)",AV LIB BRIG GRAL LAVALLEJA 1409 (*) FTE 1409,0
2026-05-03,B_02,91,S,25,,S,"Basura Afuera, Fuera de Lugar",55812,Nocturno,2026-05-03 19:18:49,,178555,"POINT (  573629.697837662,   6137222.13699543)",AV LIB BRIG GRAL LAVALLEJA 1409 (*) FTE 1409,0
2026-05-03,B_02,92,S,25,,S,,55812,Nocturno,2026-05-03 22:23:23,,178556,"POINT (  573641.054091276,   6137330.06409288)",RIO NEGRO 1467,0
2026-05-03,B_02,93,S,25,,S,Fuera de Lugar,55812,Nocturno,2026-05-03 22:23:20,,178558,"POINT (  573635.940695386,   6137586.43000196)",RIO NEGRO 1598,0
2026-05-03,B_02,94,S,25,,S,,55812,Nocturno,2026-05-03 22:23:17,,178559,"POINT (  573633.544773336,   6137617.76025624)",RIO NEGRO 1601 FTE 1607. MURO,0
2026-05-03,B_02,95,S,25,,S,,55812,Nocturno,2026-05-03 22:23:13,,178560,"POINT (  573633.318784636,   6137620.47212065)",RIO NEGRO 1601 FTE 1607. MURO,0
2026-05-03,B_02,96,S,50,,S,,55812,Nocturno,2026-05-03 19:01:45,,179357,"POINT (  573919.282685321,   6137781.78138799)",CUAREIM 1678 FTE 1680,0
2026-05-03,B_02,97,S,50,,S,Fuera de Lugar,55812,Nocturno,2026-05-03 19:01:49,,178562,"POINT (  573922.541018160,   6137736.78117224)",CUAREIM Esq. GALICIA S/NUM. ESQ GALICIA,0
2026-05-03,B_02,98,S,100,,S,Basura Afuera,55812,Nocturno,2026-05-03 19:01:54,,178563,"POINT (  573925.582120350,   6137699.49325240)",CUAREIM 1643 EN 1647,0
2026-05-03,B_02,99,S,50,,S,Basura Afuera,55812,Nocturno,2026-05-03 19:01:58,,178924,"POINT (  573945.692784520,   6137607.50427075)",CUAREIM 1596,0
2026-05-03,B_02,100,S,50,,S,Basura Afuera,55812,Nocturno,2026-05-03 19:02:01,,178564,"POINT (  573936.373080802,   6137539.01302641)",CUAREIM 1552 FTE 1556,0
2026-05-03,B_02,101,S,50,,S,Basura Afuera,55812,Nocturno,2026-05-03 19:02:05,,178565,"POINT (  573936.599069503,   6137536.35765918)",CUAREIM 1552 FTE 1556,0
2026-05-03,B_02,102,S,100,,S,,55812,Nocturno,2026-05-03 23:42:58,,178567,"POINT (  573946.778270302,   6137388.78650792)",CUAREIM 1489 FTE 1492,0
2026-05-03,B_02,103,S,75,,S,Basura Afuera,55812,Nocturno,2026-05-03 23:42:53,,178568,"POINT (  573957.785510181,   6137263.25031454)",CUAREIM 1425 FTE 1430,0
2026-05-03,B_02,104,S,50,,S,,55812,Nocturno,2026-05-03 23:42:48,,183674,"POINT (  573967.372289543,   6137132.59142615)",CUAREIM 1351,0
2026-05-03,B_02,105,S,75,,S,Basura Afuera,55812,Nocturno,2026-05-04 00:01:09,,178570,"POINT (  573971.668977770,   6137071.62305404)",ZELMAR MICHELINI 1337 EN 1337 BIS,0
2026-05-03,B_02,106,S,50,,S,Basura Afuera,55812,Nocturno,2026-05-04 00:01:12,,179355,"POINT (  573988.406979107,   6137030.25596426)",ZELMAR MICHELINI 1326 FTE 1317,0
2026-05-03,B_02,107,S,50,,S,Basura Afuera,55812,Nocturno,2026-05-04 00:01:16,,179356,"POINT (  573988.858956508,   6137028.22206595)",ZELMAR MICHELINI 1326 FTE 1317,0
2026-05-03,B_02,108,S,50,,S,Basura Afuera,55812,Nocturno,2026-05-04 00:01:22,,178571,"POINT (  573985.271385887,   6136923.36330889)",ZELMAR MICHELINI 1273 (*) EN 1275. VERIFICAR,0
2026-05-03,B_02,109,S,50,,S,Basura Afuera,55812,Nocturno,2026-05-04 00:01:25,,179354,"POINT (  573985.384380238,   6136922.23336539)",ZELMAR MICHELINI 1273 (*) EN 1275. VERIFICAR,0
2026-05-03,B_02,110,S,25,,S,Basura Afuera,55812,Nocturno,2026-05-04 00:01:29,,178597,"POINT (  573991.110210239,   6136838.61545838)",ZELMAR MICHELINI 1223 EN 1225,0
2026-05-03,B_02,111,S,50,,S,Basura Afuera,55812,Nocturno,2026-05-04 00:01:32,,178925,"POINT (  573991.298534156,   6136837.42274024)",ZELMAR MICHELINI 1223 EN 1225,0
2026-05-03,B_02,112,S,75,,S,Basura Afuera,55812,Nocturno,2026-05-04 00:01:35,,178598,"POINT (  574011.606129888,   6136775.93498129)",ZELMAR MICHELINI 1194 EN 1198,0
2026-05-03,B_02,113,S,50,,S,Basura Afuera,55812,Nocturno,2026-05-04 00:01:38,,178934,"POINT (  574011.700291846,   6136774.55393923)",ZELMAR MICHELINI 1194 EN 1198,0
2026-05-03,B_02,114,S,75,,S,Basura Afuera,55812,Nocturno,2026-05-04 00:07:53,,179353,"POINT (  574011.881555379,   6136773.08082301)",ZELMAR MICHELINI 1194 EN 1198,0
2026-05-03,B_02,115,S,50,,S,Basura Afuera,55812,Nocturno,2026-05-04 00:07:49,,183733,"POINT (  574005.546414161,   6136659.33718214)",ZELMAR MICHELINI 1141,0
2026-05-03,B_02,116,S,50,,S,Basura Afuera,55812,Nocturno,2026-05-04 00:07:44,,183734,"POINT (  574005.546414161,   6136653.23696427)",ZELMAR MICHELINI 1135,0
2026-05-03,B_02,117,S,75,,S,Basura Afuera,55812,Nocturno,2026-05-04 00:07:40,,178622,"POINT (  574012.341431854,   6136567.20128612)",ZELMAR MICHELINI 1099 FTE 1094,0
2026-05-03,B_02,118,S,50,,S,Basura Afuera,55812,Nocturno,2026-05-04 00:07:37,,178652,"POINT (  574012.455197497,   6136565.38103584)",ZELMAR MICHELINI 1099 FTE 1094,0
2026-05-03,B_02,119,S,75,,S,Basura Afuera,55812,Nocturno,2026-05-04 00:07:34,,179369,"POINT (  574012.796494426,   6136563.90208248)",ZELMAR MICHELINI 1099,0
2026-05-03,B_02,120,S,75,,S,Basura Afuera,55812,Nocturno,2026-05-03 23:26:23,,183785,"POINT (  573928.892687218,   6136482.79576692)",CARLOS GARDEL Esq. HECTOR GUTIERREZ RUIZ,0
2026-05-03,B_02,121,S,75,,S,Basura Afuera,55812,Nocturno,2026-05-03 23:26:19,,178653,"POINT (  573919.847657074,   6136589.29551228)",HECTOR GUTIERREZ RUIZ 1104 FTE 1103,0
2026-05-03,B_02,122,S,50,,S,Basura Afuera,55812,Nocturno,2026-05-03 23:26:16,,178654,"POINT (  573919.621668373,   6136591.66839364)",HECTOR GUTIERREZ RUIZ 1104 FTE 1103,0
2026-05-03,B_02,123,S,75,,S,Basura Afuera,55812,Nocturno,2026-05-03 23:26:13,,183740,"POINT (  573921.279454466,   6136616.21411765)",HECTOR GUTIERREZ RUIZ 1120,0
2026-05-03,B_02,124,S,100,,S,Basura Afuera,55812,Nocturno,2026-05-03 23:26:10,,183739,"POINT (  573921.279454466,   6136621.44287582)",HECTOR GUTIERREZ RUIZ 1120,0
2026-05-03,B_02,125,S,50,,S,Basura Afuera,55812,Nocturno,2026-05-03 23:26:04,,178655,"POINT (  573909.113193797,   6136758.10907160)",HECTOR GUTIERREZ RUIZ 1189 IGLECIA. FTE 1991,0
2026-05-03,B_02,126,S,50,,S,Basura Afuera,55812,Nocturno,2026-05-03 23:26:02,,178656,"POINT (  573908.774210746,   6136760.93393036)",HECTOR GUTIERREZ RUIZ 1189 IGLECIA. FTE 1991,0
2026-05-03,B_02,127,S,50,,S,Basura Afuera,55812,Nocturno,2026-05-03 23:25:58,,178657,"POINT (  573881.722739439,   6136901.41844834)",HECTOR GUTIERREZ RUIZ 1257 EN 1255/1257,0
2026-05-03,B_02,128,S,100,,S,"Basura Afuera, Requiere Mantenimiento",55812,Nocturno,2026-05-03 23:25:54,,183757,"POINT (  573882.044957081,   6136903.01381307)",HECTOR GUTIERREZ RUIZ 1257,0
2026-05-03,B_02,129,S,50,,S,Basura Afuera,55812,Nocturno,2026-05-03 23:25:48,,178659,"POINT (  573891.531284746,   6136962.85467175)",HECTOR GUTIERREZ RUIZ 1290 UTE,0
2026-05-03,B_02,130,S,75,,S,Basura Afuera,55812,Nocturno,2026-05-03 23:25:42,,178660,"POINT (  573891.270762037,   6136966.05121670)",HECTOR GUTIERREZ RUIZ 1290 UTE,0
2026-05-03,B_02,131,S,75,,S,,55812,Nocturno,2026-05-03 22:53:21,,178661,"POINT (  573684.706414136,   6136783.70229194)",RIO NEGRO 1207 EN 1205,0
2026-05-03,B_02,132,S,50,,S,,55812,Nocturno,2026-05-03 22:53:18,,178662,"POINT (  573684.819408486,   6136781.66839364)",RIO NEGRO 1201 EN 1205,0
2026-05-03,B_02,133,S,75,,S,"Basura Afuera, Requiere Mantenimiento",55812,Nocturno,2026-05-03 22:57:16,,178663,"POINT (  573702.594565751,   6136739.64493473)",RIO NEGRO 1186 EN 1192,0
2026-05-03,B_02,134,S,50,,S,,55812,Nocturno,2026-05-03 19:00:00,,183782,"POINT (  573704.330100000,   6136735.61118195)",RIO NEGRO 1186,0
2026-05-03,B_02,135,S,75,,S,Basura Afuera,55812,Nocturno,2026-05-03 23:26:55,,183784,"POINT (  573691.459884211,   6136680.12407218)",RIO NEGRO 1157,0
2026-05-03,B_02,136,S,50,,S,Basura Afuera,55812,Nocturno,2026-05-03 23:26:52,,178664,"POINT (  573693.284007827,   6136673.34094950)",RIO NEGRO 1155 FTE 1152. ESQ MALDONADO,0
2026-05-03,B_02,137,S,25,,S,Requiere Mantenimiento,55812,Nocturno,2026-05-03 23:26:45,,178667,"POINT (  573712.729013006,   6136594.09777217)",RIO NEGRO 1108 EN 1110,0
2026-05-03,B_02,138,S,100,,S,Basura Afuera,55812,Nocturno,2026-05-03 23:26:48,,178668,"POINT (  573712.842007356,   6136591.83788516)",RIO NEGRO 1108 EN 1110,0
2026-05-03,B_02,139,S,50,,S,Basura Afuera,55812,Nocturno,2026-05-03 23:26:31,,182141,"POINT (  573707.332164924,   6136501.21625991)",RIO NEGRO 1073,0
2026-05-03,B_02,140,S,50,,S,,55812,Nocturno,2026-05-03 20:01:13,,179363,"POINT (  573494.918278542,   6136579.02715070)",WILSON FERREIRA ALDUNATE 1115,0
2026-05-03,B_02,141,S,50,,S,,55812,Nocturno,2026-05-03 20:01:17,,179362,"POINT (  573494.579295491,   6136581.06104900)",WILSON FERREIRA ALDUNATE 1115,0
2026-05-03,B_02,142,S,25,,S,,55812,Nocturno,2026-05-03 20:01:22,,178670,"POINT (  573486.423977234,   6136663.58422308)",WILSON FERREIRA ALDUNATE 1157 FTE 1156,0
2026-05-03,B_02,143,S,75,,S,Requiere Mantenimiento,55812,Nocturno,2026-05-03 20:01:25,,178671,"POINT (  573486.280929378,   6136665.02284577)",WILSON FERREIRA ALDUNATE 1157 FTE 1156. MURO,0
2026-05-03,B_02,144,S,75,,S,Basura Afuera,55812,Nocturno,2026-05-03 20:25:47,,178673,"POINT (  573463.406979108,   6136968.39155748)",WILSON FERREIRA ALDUNATE 1301 EN 1305,0
2026-05-03,B_02,145,S,50,,S,,55812,Nocturno,2026-05-03 20:25:31,,178674,"POINT (  573449.061885989,   6137148.25010495)",RIO BRANCO 1391 FTE 1394,0
2026-05-03,B_02,146,S,50,,S,,55812,Nocturno,2026-05-03 20:25:27,,178675,"POINT (  573448.690657810,   6137151.88810151)",RIO BRANCO 1391 FTE 1394,0
2026-05-03,B_02,147,S,50,,S,,55812,Nocturno,2026-05-03 20:25:36,,178676,"POINT (  573445.247506646,   6137187.93062831)",RIO BRANCO 1407,0
2026-05-03,B_02,148,S,25,,S,,55812,Nocturno,2026-05-03 20:25:39,,178677,"POINT (  573445.037117770,   6137192.29690154)",RIO BRANCO 1407,0
2026-05-03,B_02,149,S,75,,S,,55812,Nocturno,2026-05-03 23:43:17,,178678,"POINT (  573440.864606227,   6137253.81528629)",RIO BRANCO 1445,0
2026-05-03,B_02,150,S,50,,S,,55812,Nocturno,2026-05-03 23:43:20,,178679,"POINT (  573436.994007435,   6137301.34230410)",RIO BRANCO 1461 EN 1465/1467,0
2026-05-03,B_02,151,S,25,,S,,55812,Nocturno,2026-05-03 23:43:23,,178680,"POINT (  573437.053412464,   6137303.00564494)",RIO BRANCO 1465 EN 1465/1467,0
2026-05-03,B_02,152,S,50,,S,Basura Afuera,55812,Nocturno,2026-05-03 23:43:26,,178681,"POINT (  573433.067996057,   6137352.79833714)",RIO BRANCO 1494 FTE 1494,0
2026-05-03,B_02,153,S,50,,S,Basura Afuera,55812,Nocturno,2026-05-03 23:43:29,,179573,"POINT (  573432.834692264,   6137356.83495212)",RIO BRANCO 1494 FTE 1494,0
2026-05-03,B_02,154,S,50,,S,Basura Afuera,55812,Nocturno,2026-05-03 23:43:32,,180469,"POINT (  573957.276745534,   6137441.48358322)",CUAREIM 1506 EN 1516,0
2026-05-03,B_02,155,S,50,,S,Basura Afuera,55812,Nocturno,2026-05-03 23:43:35,,178768,"POINT (  573697.813758770,   6137404.88873262)",AV URUGUAY 1071,0
2026-05-03,B_02,156,S,50,,S,Basura Afuera,55812,Nocturno,2026-05-03 23:43:38,,178769,"POINT (  573694.649916962,   6137405.11472132)",AV URUGUAY 1071,0
2026-05-03,B_02,157,S,50,,S,Basura Afuera,55812,Nocturno,2026-05-03 23:43:45,,181981,"POINT (  573633.641944142,   6137436.12602458)",RIO NEGRO 1521,0
2026-05-03,B_02,158,S,25,,S,Basura Afuera,55812,Nocturno,2026-05-03 23:43:48,,179358,"POINT (  573633.545866231,   6137438.11326128)",RIO NEGRO 1521 AL LADO DE 1529,0
2026-05-03,B_02,159,S,25,,S,Basura Afuera,55812,Nocturno,2026-05-03 23:43:51,,179359,"POINT (  573633.483091592,   6137438.99210622)",RIO NEGRO 1521 AL LADO DE 1529,0
2026-05-03,B_02,160,S,100,,S,Basura Afuera,55812,Nocturno,2026-05-03 20:43:04,,178690,"POINT (  573865.497374588,   6137698.70229194)",AV LIB BRIG GRAL LAVALLEJA 1638 EN 1640,0
2026-05-03,B_02,161,S,75,,S,Basura Afuera,55812,Nocturno,2026-05-03 19:05:37,,178691,"POINT (  573866.401329391,   6137701.41415635)",AV LIB BRIG GRAL LAVALLEJA 1638 EN 1640,0
2026-05-03,B_02,162,S,50,,S,,55812,Nocturno,2026-05-03 19:00:00,,178692,"POINT (  573810.921103402,   6137772.26161397)",AV GRAL RONDEAU 1673 EN 1685/ESTACIONAMIENTO,0
2026-05-03,B_02,163,S,50,,S,,55812,Nocturno,2026-05-03 19:19:12,,178693,"POINT (  573796.572652558,   6137628.66401807)",AV LIB BRIG GRAL LAVALLEJA 1601 EN 1615/FARMACIA,0
2026-05-03,B_02,164,S,75,,S,,55812,Nocturno,2026-05-03 22:53:38,,178694,"POINT (  573725.238885658,   6137776.05617368)",PARAGUAY 1682 S/F,0
2026-05-03,B_02,165,S,50,,S,,55812,Nocturno,2026-05-03 22:30:45,,178695,"POINT (  573725.435349312,   6137773.69860983)",PARAGUAY 1682 S/F,0
2026-05-03,B_02,166,S,75,,S,,55812,Nocturno,2026-05-03 22:30:42,,179350,"POINT (  573725.610368938,   6137772.14861962)",PARAGUAY 1682,0
2026-05-03,B_02,167,S,50,,S,,55812,Nocturno,2026-05-03 22:30:25,,178696,"POINT (  573731.835733788,   6137673.84782686)",PARAGUAY 1635 FTE 1637,0
2026-05-03,B_02,168,S,25,,S,,55812,Nocturno,2026-05-03 22:30:19,,178697,"POINT (  573732.231214014,   6137670.62748788)",PARAGUAY 1631 FTE 1637,0
2026-05-03,B_02,169,S,50,,S,Basura Afuera,55812,Nocturno,2026-05-03 19:09:58,,178698,"POINT (  573859.791159899,   6137610.05822414)",CERRO LARGO 1162 FTE 1157,0
2026-05-03,B_02,170,S,50,,S,Basura Afuera,55812,Nocturno,2026-05-03 19:09:52,,178699,"POINT (  573856.514323740,   6137610.17121849)",CERRO LARGO 1162 FTE 1157,0
2026-05-03,B_02,171,S,50,,S,,55812,Nocturno,2026-05-03 19:01:12,,178700,"POINT (  573769.056696622,   6137467.91133149)",AV LIB BRIG GRAL LAVALLEJA 1532 EN 1532/AUTOMOVIL CLUB,0
2026-05-03,B_02,172,S,25,,S,,55812,Nocturno,2026-05-03 19:01:15,,178701,"POINT (  573767.926753119,   6137464.74748968)",AV LIB BRIG GRAL LAVALLEJA 1532 EN 1532/AUTOMOVIL CLUB,0
2026-05-03,B_02,173,S,75,,S,Basura Afuera,55812,Nocturno,2026-05-03 22:48:30,,182175,"POINT (  573671.368424573,   6137130.21554414)",RIO NEGRO 1362,0
2026-05-03,B_02,174,S,50,,S,Basura Afuera,55812,Nocturno,2026-05-03 22:48:33,,182176,"POINT (  573671.823487145,   6137126.80257486)",RIO NEGRO 1362,0
2026-05-03,B_02,175,S,75,,S,,55812,Nocturno,2026-05-03 22:48:37,,178706,"POINT (  573678.139360452,   6137051.28341729)",RIO NEGRO 1338,0
2026-05-03,B_02,176,S,50,,S,Basura Afuera,55812,Nocturno,2026-05-03 22:48:42,,178707,"POINT (  573682.842007356,   6136991.78138798)",RIO NEGRO 1310 EN 1308/1310,0
2026-05-03,B_02,177,S,50,,S,,55812,Nocturno,2026-05-03 22:48:46,,178708,"POINT (  573683.067996056,   6136988.95652923)",RIO NEGRO 1306 EN 1308/1310,0
2026-05-03,B_02,178,S,50,,S,,55812,Nocturno,2026-05-03 22:53:54,,183781,"POINT (  573683.063000752,   6136985.70353985)",RIO NEGRO 1306,0
2026-05-03,B_02,179,S,50,,S,Basura Afuera,55812,Nocturno,2026-05-03 22:53:45,,178709,"POINT (  573673.802459333,   6136920.14296990)",RIO NEGRO 1277 EN 1277/1279,0
2026-05-03,B_02,180,S,50,,S,Basura Afuera,55812,Nocturno,2026-05-03 22:54:07,,179351,"POINT (  573693.519973458,   6136848.10907160)",RIO NEGRO 1242 EN 1246,0
2026-05-03,B_02,181,S,50,,S,Basura Afuera,55812,Nocturno,2026-05-03 22:54:10,,179352,"POINT (  573693.632967808,   6136845.28421284)",RIO NEGRO 1242 EN 1246,0
2026-05-03,B_02,182,S,50,,S,Basura Afuera,55812,Nocturno,2026-05-03 23:38:22,,178716,"POINT (  573869.395679672,   6137235.79268742)",AV GRAL RONDEAU 1414,0
2026-05-03,B_02,183,S,50,,S,,55812,Nocturno,2026-05-03 19:00:00,,179348,"POINT (  573869.282685322,   6137237.37460832)",AV GRAL RONDEAU 1414,0
2026-05-03,B_02,184,S,50,,S,,55812,Nocturno,2026-05-03 23:38:15,,183742,"POINT (  573868.741944662,   6137289.26251503)",AV GRAL RONDEAU 1446,0
2026-05-03,B_02,185,S,50,,S,,55812,Nocturno,2026-05-03 19:00:00,,183741,"POINT (  573867.870484967,   6137294.05554336)",MERCEDES 1162,0
2026-05-03,B_02,186,S,50,,S,,55812,Nocturno,2026-05-03 23:38:06,,178718,"POINT (  573862.115168297,   6137338.99321510)",AV GRAL RONDEAU 1462,0
2026-05-03,B_02,187,S,50,,S,,55812,Nocturno,2026-05-03 19:00:00,,178719,"POINT (  573859.363982377,   6137385.72635795)",AV GRAL RONDEAU 1492 EN 1494,0
2026-05-03,B_02,188,S,75,,S,Basura Afuera,55812,Nocturno,2026-05-03 23:37:57,,178720,"POINT (  573853.064426337,   6137451.76510819)",AV GRAL RONDEAU 1514,0
2026-05-03,B_03,1,S,75,,S,,55813,Nocturno,2026-05-04 01:56:03,,178077,"POINT (  574533.561559876,   6136240.65563409)",CEBOLLATI 1441 EN 1447,0
2026-05-03,B_03,2,S,50,,S,,55813,Nocturno,2026-05-03 19:43:51,,183730,"POINT (  574321.551502615,   6136360.45667277)",DOMINGO PETRARCA 946,0
2026-05-03,B_03,3,S,50,,S,,55813,Nocturno,2026-05-03 19:43:46,,183729,"POINT (  574321.442570153,   6136359.04055076)",DOMINGO PETRARCA 946,0
2026-05-03,B_03,4,S,75,,S,,55813,Nocturno,2026-05-03 19:14:46,,179368,"POINT (  574295.889442701,   6136284.10344706)",DOMINGO PETRARCA 918 FTE 920,0
2026-05-03,B_03,5,S,50,,S,,55813,Nocturno,2026-05-03 19:22:40,,179479,"POINT (  574268.001026360,   6136154.73080064)",DOMINGO PETRARCA 862,0
2026-05-03,B_03,6,S,50,,S,,55813,Nocturno,2026-05-03 19:22:51,,179394,"POINT (  573960.195445752,   6136221.26636711)",RBLA REPUBLICA ARGENTINA 1201,0
2026-05-03,B_03,7,S,75,,S,,55813,Nocturno,2026-05-03 19:22:43,,179395,"POINT (  573958.452526362,   6136223.00928650)",RBLA REPUBLICA ARGENTINA 1201,0
2026-05-03,B_03,8,S,100,,S,,55813,Nocturno,2026-05-03 19:30:32,,179401,"POINT (  574012.184386691,   6136336.42424057)",ZELMAR MICHELINI 953,0
2026-05-03,B_03,9,S,75,,S,Basura Afuera,55813,Nocturno,2026-05-03 19:30:27,,178777,"POINT (  574011.229304142,   6136331.30265570)",ZELMAR MICHELINI 953,0
2026-05-03,B_03,10,S,100,,S,,55813,Nocturno,2026-05-03 19:30:49,,183736,"POINT (  574164.948082135,   6136287.67684749)",CEMENTERIO CENTRAL,0
2026-05-03,B_03,11,S,75,,S,,55813,Nocturno,2026-05-03 19:30:52,,183735,"POINT (  574164.076622440,   6136299.87728322)",CEMENTERIO CENTRAL,0
2026-05-03,B_03,12,S,75,,S,,55813,Nocturno,2026-05-03 19:30:44,,179403,"POINT (  574116.378923013,   6136318.31635819)",17 METROS Esq. JOSE MARIA ROO,0
2026-05-03,B_03,13,S,75,,S,,55813,Nocturno,2026-05-03 19:30:55,,179404,"POINT (  574139.978540214,   6136411.89848803)",17 METROS 997,0
2026-05-03,B_03,14,S,100,,S,,55813,Nocturno,2026-05-03 19:30:57,,178782,"POINT (  574141.356240026,   6136417.71549295)",17 METROS 997,0
2026-05-03,B_03,15,S,50,,S,,55813,Nocturno,2026-05-03 19:30:59,,183732,"POINT (  574141.426193246,   6136422.26006427)",17 METROS Esq. AV GONZALO RAMIREZ,0
2026-05-03,B_03,16,S,100,,S,,55813,Nocturno,2026-05-03 19:43:31,,178785,"POINT (  574130.244811308,   6136561.89112425)",CARLOS QUIJANO 1084,0
2026-05-03,B_03,17,S,75,,S,,55813,Nocturno,2026-05-03 19:59:03,,178786,"POINT (  574104.717149910,   6136704.39719009)",CARLOS QUIJANO 1151,0
2026-05-03,B_03,18,S,50,,S,Basura Afuera,55813,Nocturno,2026-05-03 19:59:13,,179370,"POINT (  574104.647828540,   6136706.05724575)",CARLOS QUIJANO 1151 SUBESTACION,0
2026-05-03,B_03,19,S,50,,S,,55813,Nocturno,2026-05-03 19:59:09,,179488,"POINT (  574104.619376471,   6136707.46640370)",CARLOS QUIJANO 1151,0
2026-05-03,B_03,20,S,75,,S,,55813,Nocturno,2026-05-03 19:59:17,,179407,"POINT (  574107.844470252,   6136846.11660201)",CARLOS QUIJANO 1226,0
2026-05-03,B_03,21,S,50,,S,,55813,Nocturno,2026-05-03 19:59:27,,179408,"POINT (  574107.696044986,   6136849.08510731)",CARLOS QUIJANO 1230,0
2026-05-03,B_03,22,S,50,,S,,55813,Nocturno,2026-05-03 19:00:00,,183409,"POINT (  574076.053091827,   6137077.15234915)",CARLOS QUIJANO 1337,0
2026-05-03,B_03,23,S,75,,S,,55813,Nocturno,2026-05-03 20:01:57,,179409,"POINT (  574074.560104482,   6137082.33541192)",CARLOS QUIJANO 1337,0
2026-05-03,B_03,24,S,50,,S,,55813,Nocturno,2026-05-03 20:01:59,,183114,"POINT (  574074.363569979,   6137086.28083208)",CARLOS QUIJANO 1337,0
2026-05-03,B_03,25,S,100,,S,Basura Afuera,55813,Nocturno,2026-05-03 20:02:04,,183685,"POINT (  574081.221075381,   6137186.88094183)",YI 1382 PROV O: O Yaguaron 1391,0
2026-05-03,B_03,26,S,50,,S,,55813,Nocturno,2026-05-03 20:02:18,,179410,"POINT (  574078.716011914,   6137202.85672743)",YI 1394,0
2026-05-03,B_03,27,S,50,,S,,55813,Nocturno,2026-05-03 20:02:07,,178793,"POINT (  574074.260285446,   6137262.39900691)",YI 1428,0
2026-05-03,B_03,28,S,75,,S,,55813,Nocturno,2026-05-03 20:02:09,,178794,"POINT (  574073.739312765,   6137265.04394514)",YI 1428 EN 1418,0
2026-05-03,B_03,29,S,75,,S,,55813,Nocturno,2026-05-03 20:10:25,,179411,"POINT (  574066.990415946,   6137364.64026674)",YI 1480,0
2026-05-03,B_03,30,S,50,,S,,55813,Nocturno,2026-05-03 20:10:28,,183681,"POINT (  574067.370670152,   6137369.12518584)",YI 1480 PROV O: O Yaguaron 1493,0
2026-05-03,B_03,31,S,75,,S,,55813,Nocturno,2026-05-03 20:10:32,,183682,"POINT (  574060.298840305,   6137447.24809695)",YI 1504 PROV O: O Yaguaron 1518,0
2026-05-03,B_03,32,S,50,,S,,55813,Nocturno,2026-05-03 20:10:38,,179412,"POINT (  574060.014428471,   6137454.73440285)",YI 1516,0
2026-05-03,B_03,33,S,75,,S,,55813,Nocturno,2026-05-03 20:10:45,,183678,"POINT (  574052.698742920,   6137547.12621198)",YI 1558 PROV  O: Yaguaron 1590,0
2026-05-03,B_03,34,S,50,,S,,55813,Nocturno,2026-05-03 20:10:48,,183668,"POINT (  574052.154080610,   6137550.17632092)",YI 1558 PROV O: O Yaguaron 1558,0
2026-05-03,B_03,35,S,75,,S,,55813,Nocturno,2026-05-03 20:10:49,,179413,"POINT (  574050.737849383,   6137553.62273593)",YI 1558,0
2026-05-03,B_03,36,S,75,,S,,55813,Nocturno,2026-05-03 20:10:53,,178798,"POINT (  574043.529342939,   6137648.48615735)",YI 1606,0
2026-05-03,B_03,37,S,75,,S,,55813,Nocturno,2026-05-03 20:14:48,,182169,"POINT (  574022.699081570,   6137752.31906872)",YI 1661,0
2026-05-03,B_03,38,S,50,,S,,55813,Nocturno,2026-05-03 20:14:51,,178800,"POINT (  574016.953673022,   6137821.06874475)",YI 1689 MURO,0
2026-05-03,B_03,39,S,50,,S,,55813,Nocturno,2026-05-03 18:54:44,,179418,"POINT (  574178.643321855,   6137086.97370146)",DR AQUILES R LANZA 1339,0
2026-05-03,B_03,40,S,75,,S,,55813,Nocturno,2026-05-03 18:54:47,,178808,"POINT (  574178.615121055,   6137083.62522746)",DR AQUILES R LANZA 1339 EN 1335,0
2026-05-03,B_03,41,S,50,,S,,55813,Nocturno,2026-05-03 19:00:00,,178809,"POINT (  574189.996370407,   6136942.40155592)",DR AQUILES R LANZA 1261 FTE 1266,0
2026-05-03,B_03,42,S,50,,S,,55813,Nocturno,2026-05-03 18:58:53,,179489,"POINT (  574190.808760567,   6136937.87350218)",DR AQUILES R LANZA 1261,0
2026-05-03,B_03,43,S,50,,S,,55813,Nocturno,2026-05-03 18:58:56,,179420,"POINT (  574190.577279085,   6136933.21663943)",DR AQUILES R LANZA 1261,0
2026-05-03,B_03,44,S,75,,S,Basura Afuera,55813,Nocturno,2026-05-03 19:06:30,,178810,"POINT (  574198.892980816,   6136825.94412417)",DR AQUILES R LANZA 1209 EN 1211,0
2026-05-03,B_03,45,S,50,,S,,55813,Nocturno,2026-05-03 19:06:37,,178811,"POINT (  574205.064503351,   6136755.73303662)",DR AQUILES R LANZA 1179,0
2026-05-03,B_03,46,S,75,,S,,55813,Nocturno,2026-05-03 19:06:40,,183775,"POINT (  574205.038104511,   6136751.67080000)",DR AQUILES R LANZA 1179,0
2026-05-03,B_03,47,S,75,,S,,55813,Nocturno,2026-05-03 19:09:55,,179421,"POINT (  574211.601244227,   6136671.50639978)",DR AQUILES R LANZA 1143,0
2026-05-03,B_03,48,S,50,,S,,55813,Nocturno,2026-05-03 19:09:57,,183731,"POINT (  574211.626316776,   6136666.32663246)",DR AQUILES R LANZA 1135,0
2026-05-03,B_03,49,S,50,,S,Basura Afuera,55813,Nocturno,2026-05-04 01:50:43,,179424,"POINT (  574446.023902179,   6136375.97263072)",AV GONZALO RAMIREZ 1395,0
2026-05-03,B_03,50,S,75,,S,,55813,Nocturno,2026-05-04 01:52:20,,179425,"POINT (  574467.483597168,   6136343.07502723)",SANTIAGO DE CHILE 947,0
2026-05-03,B_03,51,S,75,,S,,55813,Nocturno,2026-05-04 01:54:02,,179426,"POINT (  574470.969435948,   6136286.21228214)",SANTIAGO DE CHILE 929,0
2026-05-03,B_03,52,S,50,,S,,55813,Nocturno,2026-05-04 02:08:17,,179427,"POINT (  574449.727605883,   6136134.79616013)",LA CUMPARSITA 1389,0
2026-05-03,B_03,53,S,75,,S,Basura Afuera,55813,Nocturno,2026-05-04 02:08:29,,179429,"POINT (  574373.202551416,   6136137.41053922)",EJIDO 862,0
2026-05-03,B_03,54,S,75,,S,,55813,Nocturno,2026-05-04 02:08:32,,183761,"POINT (  574372.625403704,   6136140.90022898)",EJIDO 862,0
2026-05-03,B_03,55,S,75,,S,,55813,Nocturno,2026-05-04 02:08:47,,180781,"POINT (  574344.030020262,   6136314.10370828)",EJIDO 963 PROV OV(O:EJIDO 966),0
2026-05-03,B_03,56,S,75,,S,,55813,Nocturno,2026-05-04 02:08:57,,180780,"POINT (  574343.703222876,   6136315.73769521)",EJIDO 963 PROV OV(O:EJIDO 966),0
2026-05-03,B_03,57,S,50,,S,,55813,Nocturno,2026-05-04 02:08:54,,180779,"POINT (  574343.267493029,   6136317.37168214)",EJIDO 967 PROV OV(O:EJIDO 966),0
2026-05-03,B_03,58,S,100,,S,,55813,Nocturno,2026-05-03 19:43:44,,183728,"POINT (  574321.878300000,   6136354.46538736)",DOMINGO PETRARCA 942,0
2026-05-03,B_03,59,S,75,,S,,55813,Nocturno,2026-05-03 19:43:39,,183727,"POINT (  574321.551502614,   6136357.07976645)",DOMINGO PETRARCA 946,0
2026-05-03,B_03,60,S,100,,S,,55813,Nocturno,2026-05-04 01:48:28,,183726,"POINT (  574386.785735076,   6136618.51574553)",DURAZNO 1373,0
2026-05-03,B_03,61,S,50,,S,,55813,Nocturno,2026-05-04 02:21:35,,179434,"POINT (  574327.723248584,   6136667.53036492)",EJIDO 1130,0
2026-05-03,B_03,62,S,50,,S,,55813,Nocturno,2026-05-04 02:21:41,,178832,"POINT (  574313.466895948,   6136685.96277210)",EJIDO 1139,0
2026-05-03,B_03,63,S,75,,S,,55813,Nocturno,2026-05-04 02:21:39,,179371,"POINT (  574313.329835512,   6136688.38008170)",EJIDO 1149,0
2026-05-03,B_03,64,S,75,,S,,55813,Nocturno,2026-05-04 02:21:46,,178833,"POINT (  574304.890884112,   6136790.07715878)",EJIDO 1195,0
2026-05-03,B_03,65,S,50,,S,,55813,Nocturno,2026-05-04 02:21:51,,179435,"POINT (  574305.065296514,   6136795.19921024)",EJIDO 1195,0
2026-05-03,B_03,66,S,75,,S,,55813,Nocturno,2026-05-04 02:21:54,,183762,"POINT (  574305.037569063,   6136797.92095011)",EJIDO 1195,0
2026-05-03,B_03,67,S,75,,S,,55813,Nocturno,2026-05-04 02:31:28,,179436,"POINT (  574312.254838998,   6136888.00966775)",EJIDO 1238,0
2026-05-03,B_03,68,S,75,,S,,55813,Nocturno,2026-05-04 02:31:32,,183763,"POINT (  574311.328886492,   6136893.11755839)",EJIDO 1238,0
2026-05-03,B_03,69,S,75,,S,Basura Afuera,55813,Nocturno,2026-05-04 01:29:15,,180658,"POINT (  574271.361299782,   6137009.50272658)",SAN JOSE 1334,0
2026-05-03,B_03,70,S,75,,S,,55813,Nocturno,2026-05-04 02:34:39,,178837,"POINT (  574276.998808235,   6137157.32282449)",EJIDO 1363,0
2026-05-03,B_03,71,S,75,,S,,55813,Nocturno,2026-05-04 02:34:45,,178838,"POINT (  574272.149754814,   6137213.58787410)",EJIDO 1395 EN 1393,0
2026-05-03,B_03,72,S,50,,S,,55813,Nocturno,2026-05-04 02:34:47,,179437,"POINT (  574272.058760566,   6137215.67851307)",EJIDO 1395,0
2026-05-03,B_03,73,S,75,,S,,55813,Nocturno,2026-05-04 02:34:56,,183684,"POINT (  574266.300549238,   6137286.52762092)",EJIDO 1429 PROV O: O Yaguaron 1436,0
2026-05-03,B_03,74,S,100,,S,,55813,Nocturno,2026-05-04 02:34:59,,183683,"POINT (  574265.646954466,   6137290.88491939)",EJIDO 1429 PROV o: o Yaguaron 1436,0
2026-05-03,B_03,75,S,50,,S,,55813,Nocturno,2026-05-04 02:35:01,,178840,"POINT (  574265.337035131,   6137295.42065993)",EJIDO 1433 EN1433/1435,0
2026-05-03,B_03,76,S,75,,S,,55813,Nocturno,2026-05-04 02:41:38,,179438,"POINT (  574260.947649455,   6137363.66326252)",EJIDO 1463,0
2026-05-03,B_03,77,S,50,,S,,55813,Nocturno,2026-05-04 02:41:41,,178842,"POINT (  574259.005213309,   6137391.84068085)",EJIDO 1475 EN 1477,0
2026-05-03,B_03,78,S,75,,S,,55813,Nocturno,2026-05-04 02:41:50,,183679,"POINT (  574253.954715033,   6137453.46722244)",EJIDO Esq. AV URUGUAY PROV O: O Yaguaron 1546,0
2026-05-03,B_03,79,S,100,,S,,55813,Nocturno,2026-05-04 02:41:54,,179439,"POINT (  574253.295144008,   6137460.64038671)",EJIDO 1502,0
2026-05-03,B_03,80,S,75,,S,,55813,Nocturno,2026-05-04 02:41:59,,183776,"POINT (  574251.641463158,   6137468.36296842)",EJIDO 1517,0
2026-05-03,B_03,81,S,75,,S,,55813,Nocturno,2026-05-04 02:42:03,,179440,"POINT (  574239.242856426,   6137626.89855665)",EJIDO 1589,0
2026-05-03,B_03,82,S,50,,S,,55813,Nocturno,2026-05-04 02:42:09,,178845,"POINT (  574238.727353548,   6137629.96527117)",EJIDO 1589,0
2026-05-03,B_03,83,S,75,,S,,55813,Nocturno,2026-05-04 02:42:14,,183677,"POINT (  574235.666837255,   6137686.79750763)",EJIDO 1617 PROV O: Yaguaron 1637,0
2026-05-03,B_03,84,S,75,,S,,55813,Nocturno,2026-05-03 18:32:37,,178846,"POINT (  574234.379027368,   6137692.74163484)",EJIDO 1625 FABRICA,0
2026-05-03,B_03,85,S,75,,S,Basura Afuera,55813,Nocturno,2026-05-03 18:32:33,,179372,"POINT (  574224.794977123,   6137807.74282679)",EJIDO 1681,0
2026-05-03,B_03,86,S,75,,S,,55813,Nocturno,2026-05-03 18:32:21,,179485,"POINT (  574224.322468410,   6137810.15135447)",EJIDO 1689,0
2026-05-03,B_03,87,S,50,,S,,55813,Nocturno,2026-05-03 20:20:12,,181135,"POINT (  574345.317211832,   6137756.91397565)",DR JAVIER BARRIOS AMORIN 1638,0
2026-05-03,B_03,88,S,75,,S,,55813,Nocturno,2026-05-03 20:20:14,,181136,"POINT (  574346.682399545,   6137750.99816223)",DR JAVIER BARRIOS AMORIN 1638,0
2026-05-03,B_03,89,S,75,,S,,55813,Nocturno,2026-05-03 20:28:54,,179442,"POINT (  574321.541331372,   6137570.25367647)",AGRIM GERMAN BARBATO 1553,0
2026-05-03,B_03,90,S,50,,S,Basura Afuera,55813,Nocturno,2026-05-03 20:28:59,,178850,"POINT (  574335.650488931,   6137399.06056648)",AGRIM GERMAN BARBATO 1483 FTE 1480,0
2026-05-03,B_03,91,S,75,,S,Basura Afuera,55813,Nocturno,2026-05-03 20:41:48,,183399,"POINT (  574532.394740182,   6137360.70754427)",VAZQUEZ 1481,0
2026-05-03,B_03,92,S,75,,S,,55813,Nocturno,2026-05-03 20:29:01,,179443,"POINT (  574336.247213725,   6137397.05106209)",AGRIM GERMAN BARBATO 1478,0
2026-05-03,B_03,93,S,75,,S,,55813,Nocturno,2026-05-03 22:34:46,,179445,"POINT (  574443.491222439,   6137191.49550653)",DR JAVIER BARRIOS AMORIN 1375,0
2026-05-03,B_03,94,S,25,,S,,55813,Nocturno,2026-05-03 20:34:33,,183260,"POINT (  574309.325896584,   6137346.39076220)",MERCEDES 1381,0
2026-05-03,B_03,95,S,50,,S,Basura Afuera,55813,Nocturno,2026-05-03 20:34:37,,183259,"POINT (  574311.677053201,   6137346.69413725)",MERCEDES 1381,0
2026-05-03,B_03,96,S,50,,S,,55813,Nocturno,2026-05-03 19:00:00,,182177,"POINT (  574575.439437429,   6137309.09201286)",COLONIA 1508,0
2026-05-03,B_03,97,S,75,,S,,55813,Nocturno,2026-05-04 00:59:29,,178857,"POINT (  574426.597368978,   6137296.00798711)",DR JAVIER BARRIOS AMORIN 1428,0
2026-05-03,B_03,98,S,75,,S,,55813,Nocturno,2026-05-04 01:15:34,,179448,"POINT (  574529.765732243,   6137607.23624727)",PAYSANDU 1559,0
2026-05-03,B_03,99,S,50,,S,,55813,Nocturno,2026-05-03 22:34:22,,179449,"POINT (  574636.519544879,   6137760.39528866)",CARLOS ROXLO 1644,0
2026-05-03,B_03,100,S,75,,S,Basura Afuera,55813,Nocturno,2026-05-03 22:31:01,,183766,"POINT (  574668.319154135,   6137564.29692556)",CARLOS ROXLO Esq. AV URUGUAY,0
2026-05-03,B_03,101,S,75,,S,Basura Afuera,55813,Nocturno,2026-05-03 22:36:12,,179450,"POINT (  574690.767910892,   6137501.24496186)",CARLOS ROXLO 1507,0
2026-05-03,B_03,102,S,75,,S,Basura Afuera,55813,Nocturno,2026-05-03 22:40:07,,179451,"POINT (  574757.652442483,   6137580.76565903)",MINAS 1590,0
2026-05-03,B_03,103,S,50,,S,,55813,Nocturno,2026-05-03 22:40:11,,179452,"POINT (  574711.574011110,   6137654.73080064)",MINAS 1629,0
2026-05-03,B_03,104,S,75,,S,,55813,Nocturno,2026-05-03 22:59:28,,179453,"POINT (  574697.440024182,   6137714.12622548)",MINAS 1668,0
2026-05-03,B_03,105,S,75,,S,Basura Afuera,55813,Nocturno,2026-05-03 22:46:01,,178872,"POINT (  574640.838114106,   6137812.34578454)",MINAS 1707,0
2026-05-03,B_03,106,S,75,,S,Basura Afuera,55813,Nocturno,2026-05-03 22:58:58,,179455,"POINT (  574574.564207189,   6137981.88221676)",MINAS 1806,0
2026-05-03,B_03,107,S,50,,S,Basura Afuera,55813,Nocturno,2026-05-03 22:59:01,,178875,"POINT (  574603.728829247,   6138091.46691742)",MAGALLANES 1793,0
2026-05-03,B_03,108,S,75,,S,,55813,Nocturno,2026-05-03 22:59:05,,178876,"POINT (  574643.900890978,   6138012.92715525)",MAGALLANES 1751 MURO. LAVADERO,0
2026-05-03,B_03,109,S,75,,S,,55813,Nocturno,2026-05-03 22:59:09,,179483,"POINT (  574645.743490196,   6138009.58443595)",MAGALLANES 1751,0
2026-05-03,B_03,110,S,75,,S,,55813,Nocturno,2026-05-03 23:05:00,,178877,"POINT (  574737.567340187,   6137815.51007471)",MAGALLANES 1647,0
2026-05-03,B_03,111,S,50,,S,Basura Afuera,55813,Nocturno,2026-05-03 23:05:07,,179486,"POINT (  574777.410416776,   6137733.53031416)",MAGALLANES 1601,0
2026-05-03,B_03,112,S,75,,S,Basura Afuera,55813,Nocturno,2026-05-03 23:05:04,,179456,"POINT (  574778.485775817,   6137731.11968953)",MAGALLANES 1601,0
2026-05-03,B_03,113,S,75,,S,Basura Afuera,55813,Nocturno,2026-05-03 23:09:50,,178878,"POINT (  574814.900691283,   6137656.05260278)",MAGALLANES Esq. AV URUGUAY UNIVERSIDAD,0
2026-05-03,B_03,114,S,100,,S,Basura Afuera,55813,Nocturno,2026-05-03 23:09:53,,179457,"POINT (  574826.742856427,   6137631.55541937)",MAGALLANES 1535,0
2026-05-03,B_03,115,S,75,,S,Basura Afuera,55813,Nocturno,2026-05-03 23:24:16,,178881,"POINT (  574900.589283049,   6137718.13769556)",GABOTO 1622,0
2026-05-03,B_03,116,S,75,,S,,55813,Nocturno,2026-05-03 23:24:22,,181606,"POINT (  574898.541501479,   6137720.64053971)",GABOTO 1631,0
2026-05-03,B_03,117,S,50,,S,,55813,Nocturno,2026-05-03 19:00:00,,178883,"POINT (  574863.978262824,   6137790.59547147)",GABOTO 1662 FTE 1662,0
2026-05-03,B_03,118,S,75,,S,,55813,Nocturno,2026-05-03 23:24:57,,178884,"POINT (  574863.549490562,   6137791.52989929)",GABOTO 1662 FTE 1662,0
2026-05-03,B_03,119,S,75,,S,Basura Afuera,55813,Nocturno,2026-05-03 23:24:50,,178885,"POINT (  574863.253237609,   6137792.37009543)",GABOTO 1662 FTE 1662,0
2026-05-03,B_03,120,S,75,,S,,55813,Nocturno,2026-05-03 23:25:20,,179458,"POINT (  574811.819109150,   6137891.57720587)",GABOTO Esq. CERRO LARGO,0
2026-05-03,B_03,121,S,75,,S,Basura Afuera,55813,Nocturno,2026-05-03 23:29:38,,179460,"POINT (  574762.908433769,   6137977.63385075)",GABOTO 1760,0
2026-05-03,B_03,122,S,100,,S,,55813,Nocturno,2026-05-03 23:29:52,,179461,"POINT (  574722.167693028,   6138053.34191175)",GABOTO 1803,0
2026-05-03,B_03,123,S,75,,S,,55813,Nocturno,2026-05-03 23:29:47,,178889,"POINT (  574720.026109133,   6138056.19770734)",GABOTO 1809 EN 1807/1809,0
2026-05-03,B_03,124,S,75,,S,Basura Afuera,55813,Nocturno,2026-05-03 23:30:00,,178890,"POINT (  574694.098694258,   6138104.74064103)",GABOTO 1827 EN 1831,0
2026-05-03,B_03,125,S,75,,S,,55813,Nocturno,2026-05-03 23:30:16,,179462,"POINT (  574692.429130936,   6138107.26348038)",GABOTO 1827,0
2026-05-03,B_03,126,S,75,,S,,55813,Nocturno,2026-05-04 00:36:01,,179463,"POINT (  574848.965078649,   6138078.50531044)",LA PAZ 1700,0
2026-05-03,B_03,127,S,100,,S,,55813,Nocturno,2026-05-04 00:36:04,,178893,"POINT (  574769.562611640,   6138040.30060625)",LA PAZ 1660 EDIFICIO,0
2026-05-03,B_03,128,S,50,,S,Basura Afuera,55813,Nocturno,2026-05-03 22:59:19,,179464,"POINT (  574658.823466448,   6137978.50531044)",MAGALLANES 1741,0
2026-05-03,B_03,129,S,100,,S,,55813,Nocturno,2026-05-03 22:59:14,,178895,"POINT (  574659.229160019,   6137977.23264269)",MAGALLANES 1741,0
2026-05-03,B_03,130,S,75,,S,,55813,Nocturno,2026-05-04 00:45:14,,178898,"POINT (  574366.581372776,   6137633.98768177)",DR JAVIER BARRIOS AMORIN 1583,0
2026-05-03,B_03,131,S,75,,S,,55813,Nocturno,2026-05-04 01:21:53,,178896,"POINT (  574505.228962612,   6137617.55459987)",HERMANO DAMASCENO 1658,0
2026-05-03,B_03,132,S,75,,S,,55813,Nocturno,2026-05-04 01:21:58,,179465,"POINT (  574455.773357516,   6137704.75803375)",HERMANO DAMASCENO 1700,0
2026-05-03,B_03,133,S,50,,S,,55813,Nocturno,2026-05-04 01:22:02,,183786,"POINT (  574452.409639850,   6137710.33916391)",HERMANO DAMASCENO Esq. CERRO LARGO,0
2026-05-03,B_03,134,S,75,,S,,55813,Nocturno,2026-05-04 00:45:17,,179466,"POINT (  574368.899719171,   6137630.03036491)",DR JAVIER BARRIOS AMORIN 1583,0
2026-05-03,B_03,135,S,50,,S,,55813,Nocturno,2026-05-04 01:13:41,,183536,"POINT (  574383.338579864,   6137579.12400740)",DR JAVIER BARRIOS AMORIN 1553,0
2026-05-03,B_03,136,S,75,,S,,55813,Nocturno,2026-05-04 01:13:32,,183537,"POINT (  574384.134939363,   6137577.18999147)",DR JAVIER BARRIOS AMORIN 1553,0
2026-05-03,B_03,137,S,50,,S,,55813,Nocturno,2026-05-04 00:45:20,,179467,"POINT (  574412.036974073,   6137575.56413397)",VAZQUEZ 1628,0
2026-05-03,B_03,138,S,75,,S,,55813,Nocturno,2026-05-04 00:50:15,,180528,"POINT (  574467.419288958,   6137493.04751488)",VAZQUEZ 1551,0
2026-05-03,B_03,139,S,75,,S,,55813,Nocturno,2026-05-04 00:50:19,,183788,"POINT (  574470.736983459,   6137489.01291654)",VAZQUEZ 1551,0
2026-05-03,B_03,140,S,75,,S,,55813,Nocturno,2026-05-04 00:54:59,,178989,"POINT (  574496.418435167,   6137433.37091395)",VAZQUEZ 1519 FTE 1524,0
2026-05-03,B_03,141,S,75,,S,Basura Afuera,55813,Nocturno,2026-05-04 00:54:57,,179468,"POINT (  574497.276625489,   6137431.88221676)",VAZQUEZ 1519,0
2026-05-03,B_03,142,S,50,,S,,55813,Nocturno,2026-05-03 20:41:54,,183397,"POINT (  574508.898712940,   6137412.23989387)",VAZQUEZ 1505 PROV OV(O:Vázquez 1487),0
2026-05-03,B_03,143,S,75,,S,Basura Afuera,55813,Nocturno,2026-05-04 01:10:21,,179470,"POINT (  574600.980329193,   6137479.75803375)",TACUAREMBO 1574,0
2026-05-03,B_03,144,S,50,,S,,55813,Nocturno,2026-05-04 01:10:25,,178907,"POINT (  574590.909475568,   6137505.16917205)",TACUAREMBO 1586 FTE1587,0
2026-05-03,B_03,145,S,50,,S,,55813,Nocturno,2026-05-04 01:10:31,,183787,"POINT (  574588.995845865,   6137517.68038421)",TACUAREMBO 1590,0
2026-05-03,B_03,146,S,75,,S,Basura Afuera,55813,Nocturno,2026-05-04 01:10:27,,183765,"POINT (  574587.492086466,   6137520.68790301)",TACUAREMBO 1590,0
2026-05-03,B_03,147,S,50,,S,,55813,Nocturno,2026-05-03 23:16:41,,183228,"POINT (  574969.873781241,   6137708.21993738)",AV URUGUAY 1772,0
2026-05-03,B_03,148,S,75,,S,,55813,Nocturno,2026-05-03 23:16:45,,183227,"POINT (  574967.617081664,   6137707.23263131)",AV URUGUAY 1772,0
2026-05-03,B_03,149,S,100,,S,,55813,Nocturno,2026-05-03 22:31:03,,178908,"POINT (  574662.865141329,   6137562.66815676)",AV URUGUAY 1598,0
2026-05-03,B_03,150,S,100,,S,,55813,Nocturno,2026-05-04 01:22:07,,178912,"POINT (  574435.828519186,   6137767.42956355)",HERMANO DAMASCENO 1734 MURO,0
2026-05-03,B_03,151,S,75,,S,,55813,Nocturno,2026-05-03 22:08:05,,179794,"POINT (  574387.149635211,   6137837.60758451)",HERMANO DAMASCENO 1765,0
2026-05-03,B_03,152,S,100,,S,,55813,Nocturno,2026-05-03 22:15:39,,178914,"POINT (  574360.623602856,   6137893.38312106)",HERMANO DAMASCENO 1801,0
2026-05-03,B_03,153,S,75,,S,,55813,Nocturno,2026-05-03 22:15:33,,178915,"POINT (  574360.066892501,   6137893.91652998)",HERMANO DAMASCENO 1801,0
2026-05-03,B_03,154,S,75,,S,,55813,Nocturno,2026-05-03 22:15:43,,178916,"POINT (  574476.163113435,   6137945.90011216)",PIEDRA ALTA 1753 FTE 1759. MURO,0
2026-05-03,B_03,155,S,75,,S,Basura Afuera,55813,Nocturno,2026-05-03 22:15:48,,181892,"POINT (  574482.914527233,   6137900.07122963)",PIEDRA ALTA 1739,0
2026-05-03,B_03,156,S,50,,S,Basura Afuera,55813,Nocturno,2026-05-03 22:19:38,,178918,"POINT (  574538.888789707,   6137776.77639326)",PIEDRA ALTA 1656 EN 1656/1652,0
2026-05-03,B_03,157,S,50,,S,Basura Afuera,55813,Nocturno,2026-05-03 22:31:09,,180338,"POINT (  574573.139484096,   6137687.85217081)",PIEDRA ALTA 1624,0
2026-05-03,B_03,158,S,75,,S,Basura Afuera,55813,Nocturno,2026-05-04 01:32:12,,178923,"POINT (  574414.711858386,   6136959.04159620)",SANTIAGO DE CHILE 1270 TRANSITO,0
2026-05-03,B_03,159,S,50,,S,Basura Afuera,55813,Nocturno,2026-05-04 01:38:31,,179476,"POINT (  574443.926952286,   6136810.39528865)",SANTIAGO DE CHILE 1192,0
2026-05-03,B_03,160,S,50,,S,Basura Afuera,55813,Nocturno,2026-05-04 01:38:39,,178927,"POINT (  574443.924826454,   6136806.90954344)",SANTIAGO DE CHILE 1192,0
2026-05-03,B_03,161,S,100,,S,,55813,Nocturno,2026-05-04 01:38:36,,183767,"POINT (  574444.537266165,   6136804.82945790)",SANTIAGO DE CHILE 1192,0
2026-05-03,B_03,162,S,75,,S,,55813,Nocturno,2026-05-04 01:48:09,,178928,"POINT (  574439.515211314,   6136693.74965806)",SANTIAGO DE CHILE 1137,0
2026-05-03,B_03,163,S,50,,S,Basura Afuera,55813,Nocturno,2026-05-04 01:48:12,,179477,"POINT (  574439.896451196,   6136692.09463506)",SANTIAGO DE CHILE 1137,0
2026-05-03,B_03,164,S,50,,S,Basura Afuera,55813,Nocturno,2026-05-04 01:48:19,,178930,"POINT (  574446.230205447,   6136604.48319543)",SANTIAGO DE CHILE 1089,0
2026-05-03,B_03,165,S,100,,S,,55813,Nocturno,2026-05-04 01:48:15,,179478,"POINT (  574447.957453375,   6136601.35389432)",SANTIAGO DE CHILE 1089,0
2026-05-03,B_03,166,S,50,,S,Basura Afuera,55813,Nocturno,2026-05-04 01:56:08,,178932,"POINT (  574497.367856325,   6136241.48964307)",CEBOLLATI Esq. SANTIAGO DE CHILE,0
2026-05-03,A_202,1,S,75,,S,Basura Afuera,56141,Matutino,2026-05-03 09:30:01,36,180241,"POINT (  567671.328274640,   6139320.63600831)",HOLANDA 2175,0
2026-05-03,A_202,2,N,,Contenedor No Está,N,,56141,Matutino,2026-05-03 09:30:09,,180690,"POINT (  567703.599605702,   6139326.06542367)",HOLANDA 2151,0
2026-05-03,A_202,3,N,,Contenedor No Está,S,,56141,Matutino,2026-05-03 09:28:17,,180242,"POINT (  567795.678156436,   6139481.45161114)",CUBA 3770,0
2026-05-03,A_202,4,S,75,,S,Basura Afuera,56141,Matutino,2026-05-03 07:27:20,36,179679,"POINT (  568223.602710736,   6139324.91587174)",RIO DE JANEIRO 3653 MURO.PDO COLUMNA,0
2026-05-03,A_202,5,S,75,,S,Basura Afuera,56141,Matutino,2026-05-03 07:27:27,36,179680,"POINT (  568247.416270058,   6139177.03451581)",RIO DE JANEIRO 3587,0
2026-05-03,A_202,6,S,75,,S,Basura Afuera,56141,Matutino,2026-05-03 07:27:40,36,179681,"POINT (  568271.181949115,   6139031.82482096)",RIO DE JANEIRO 3501 CORTINA METALICA,0
2026-05-03,A_202,7,S,75,,S,,56141,Matutino,2026-05-03 07:28:49,36,179682,"POINT (  568282.196905667,   6138961.84469274)",RIO DE JANEIRO 3471 MURO.PDO 3471.ANTES DE ARBOL,0
2026-05-03,A_202,8,S,75,,S,,56141,Matutino,2026-05-03 07:31:33,36,179683,"POINT (  568299.539603216,   6138853.07785582)",RIO DE JANEIRO 3409 REJAS,0
2026-05-03,A_202,9,S,100,,S,Basura Afuera,56141,Matutino,2026-05-03 07:32:53,36,179684,"POINT (  568326.004576127,   6138676.47348885)",RIO DE JANEIRO 3335 FTE 3336. MURO,0
2026-05-03,A_202,10,S,75,,S,Basura Afuera,56141,Matutino,2026-05-03 07:39:26,36,179685,"POINT (  568364.957903049,   6138438.66917647)",RIO DE JANEIRO 3207 FTE 3212. MURO,0
2026-05-03,A_202,11,S,100,,S,Basura Afuera,56141,Matutino,2026-05-03 07:39:44,36,179686,"POINT (  568365.595250697,   6138435.80488965)",RIO DE JANEIRO 3207 FTE 3212. MURO,0
2026-05-03,A_202,12,S,75,,S,,56141,Matutino,2026-05-03 07:39:32,36,179687,"POINT (  568472.662405108,   6138461.26495313)",BOGOTA 3207 FTE 3213. MURO,0
2026-05-03,A_202,13,S,75,,S,,56141,Matutino,2026-05-03 07:39:38,36,179688,"POINT (  568472.122879902,   6138465.11702443)",BOGOTA 3214 FTE 3213. MURO,0
2026-05-03,A_202,14,S,75,,S,Basura Afuera,56141,Matutino,2026-05-03 07:56:58,36,179689,"POINT (  568445.593239868,   6138626.54472810)",BOGOTA Esq. NORTE AMERICA MURO,0
2026-05-03,A_202,15,S,75,,S,Basura Afuera,56141,Matutino,2026-05-03 07:57:10,36,179690,"POINT (  568430.616944444,   6138725.73344662)",BOGOTA Esq. FRANCIA MURO,0
2026-05-03,A_202,16,S,100,,S,Basura Afuera,56141,Matutino,2026-05-03 07:57:16,36,179691,"POINT (  568413.720174103,   6138821.81412806)",BOGOTA 3395 FTE 3395. MURO,0
2026-05-03,A_202,17,S,100,,S,,56141,Matutino,2026-05-03 07:57:23,36,179692,"POINT (  568406.978600217,   6138871.43061438)",BOGOTA 3408 FTE 3419 MURO. ARBOL/ARBOL.,0
2026-05-03,A_202,18,S,100,,S,Basura Afuera,56141,Matutino,2026-05-03 07:57:29,36,179693,"POINT (  568384.756377995,   6139013.94150763)",BOGOTA 3491 FTE 3495.MURO.,0
2026-05-03,A_202,19,S,100,,S,Basura Afuera,56141,Matutino,2026-05-03 07:57:42,36,179694,"POINT (  568370.185367087,   6139094.10060750)",BOGOTA 3538 ARBOL/ARBOL,0
2026-05-03,A_202,20,S,75,,S,Basura Afuera,56141,Matutino,2026-05-03 07:57:49,36,179695,"POINT (  568342.671242793,   6139278.45088998)",BOGOTA 3616 EN 3524. ANTES DE ARBOL,0
2026-05-03,A_202,21,S,100,,S,,56141,Matutino,2026-05-03 07:57:55,36,179696,"POINT (  568320.324310675,   6139404.56793301)",BOGOTA 3690 PDO 3690. MURO,0
2026-05-03,A_202,22,N,,Fuego,S,,56141,Matutino,2026-05-03 07:58:24,,179697,"POINT (  568117.298344661,   6139368.61140900)",VIZCAYA 3697 ANTES DE  PORTON.,0
2026-05-03,A_202,23,S,100,,S,Basura Afuera,56141,Matutino,2026-05-03 07:58:31,36,180225,"POINT (  568141.598274576,   6139212.39100678)",VIZCAYA 3601,0
2026-05-03,A_202,24,S,100,,S,Basura Afuera,56141,Matutino,2026-05-03 07:58:38,36,180922,"POINT (  568141.851579085,   6139211.26141743)",VIZCAYA 3601,0
2026-05-03,A_202,25,S,75,,S,Basura Afuera,56141,Matutino,2026-05-03 09:42:31,36,179699,"POINT (  568156.666393900,   6139109.62743050)",VIZCAYA 3551 PASTO. FTE 3552,0
2026-05-03,A_202,26,S,75,,S,Basura Afuera,56141,Matutino,2026-05-03 09:42:38,36,180920,"POINT (  568156.938725054,   6139107.83004488)",VIZCAYA 3551,0
2026-05-03,A_202,27,S,75,,S,Basura Afuera,56141,Matutino,2026-05-03 09:42:44,36,180921,"POINT (  568174.313452723,   6139013.93026275)",VIZCAYA 3507,0
2026-05-03,A_202,28,S,75,,S,Basura Afuera,56141,Matutino,2026-05-03 09:42:51,36,179700,"POINT (  568174.675643267,   6139011.50187854)",VIZCAYA 3503 PASTO,0
2026-05-03,A_202,29,S,100,,S,Basura Afuera,56141,Matutino,2026-05-03 09:42:56,36,179701,"POINT (  568203.469164968,   6138822.53361636)",VIZCAYA 3415 FTE 3416.  MURO. (SP),0
2026-05-03,A_202,30,S,100,,S,Basura Afuera,56141,Matutino,2026-05-03 09:46:08,36,179702,"POINT (  568215.270112850,   6138728.11190693)",VIZCAYA 3357 ANTES DE 3364. MURETE,0
2026-05-03,A_202,31,S,100,,S,Basura Afuera,56141,Matutino,2026-05-03 09:52:23,36,179703,"POINT (  568314.712805010,   6138711.51776033)",FRANCIA 1909 MURO,0
2026-05-03,A_202,32,S,100,,S,Basura Afuera,56141,Matutino,2026-05-03 09:52:30,36,179704,"POINT (  568278.329362745,   6138616.85545097)",NORTE AMERICA 1930 MURO CALADO,0
2026-05-03,A_202,33,S,100,,S,Basura Afuera,56141,Matutino,2026-05-03 09:53:23,36,179705,"POINT (  568156.379471677,   6138597.60163833)",NORTE AMERICA 1996,0
2026-05-03,A_202,34,S,75,,S,Basura Afuera,56141,Matutino,2026-05-03 10:04:17,36,179706,"POINT (  568141.183393245,   6138515.46656207)",POLONIA 3268 EN 3259. VIVIENDAS,0
2026-05-03,A_202,35,S,50,,S,,56141,Matutino,2026-05-03 10:04:27,36,181346,"POINT (  568167.968733219,   6138397.97361945)",POLONIA Esq. MEJICO,0
2026-05-03,A_202,36,S,50,,S,,56141,Matutino,2026-05-03 10:04:22,36,182272,"POINT (  568272.843586462,   6138372.83099386)",VIZCAYA 3183,0
2026-05-03,A_202,37,S,50,,S,,56141,Matutino,2026-05-03 10:04:33,36,181625,"POINT (  568578.108677412,   6138373.97768331)",PORTUGAL 3158,0
2026-05-03,A_202,38,S,50,,S,,56141,Matutino,2026-05-03 10:04:38,36,181626,"POINT (  568579.016736436,   6138369.43738819)",PORTUGAL Esq. SUIZA,0
2026-05-03,A_202,39,S,75,,S,Basura Afuera,56141,Matutino,2026-05-03 10:17:41,36,182850,"POINT (  568574.967607893,   6138473.30093713)",PORTUGAL 3204,0
2026-05-03,A_202,40,S,75,,S,Basura Afuera,56141,Matutino,2026-05-03 10:18:04,36,182320,"POINT (  568564.777237737,   6138532.33205585)",PORTUGAL 3246 PORTUGAL 3246,0
2026-05-03,A_202,41,S,75,,S,Basura Afuera,56141,Matutino,2026-05-03 11:26:41,36,182309,"POINT (  568556.596249906,   6138572.88961645)",PORTUGAL 3259 PORTUGAL 3268,0
2026-05-03,A_202,42,S,75,,S,Basura Afuera,56141,Matutino,2026-05-03 11:29:01,36,182310,"POINT (  568534.687671738,   6138718.94680423)",PORTUGAL 3346 PORTUGAL 3346,0
2026-05-03,A_202,43,S,75,,S,Basura Afuera,56141,Matutino,2026-05-03 11:29:07,36,179640,"POINT (  568531.032824714,   6138729.29834761)",PORTUGAL 3346,0
2026-05-03,A_202,44,S,100,,S,Basura Afuera,56141,Matutino,2026-05-03 11:29:12,36,179641,"POINT (  568518.829434884,   6138789.86331936)",PORTUGAL 3374 FTE 3375. REJAS,0
2026-05-03,A_202,45,S,75,,S,Basura Afuera,56141,Matutino,2026-05-03 11:32:31,36,182311,"POINT (  568504.732205518,   6138891.04370844)",PORTUGAL 3420 PORTUGAL 3420,0
2026-05-03,A_202,46,S,25,,S,Basura Afuera,56141,Matutino,2026-05-03 11:32:36,36,179642,"POINT (  568504.440069988,   6138892.79465367)",PORTUGAL 3420 FTE 3421/3423. MURO,0
2026-05-03,A_202,47,S,50,,S,Basura Afuera,56141,Matutino,2026-05-03 11:32:43,36,182321,"POINT (  568498.424698591,   6138934.78811104)",PORTUGAL 3444 PORTUGAL Y CENTRO AMERICA,0
2026-05-03,A_202,48,S,100,,S,Basura Afuera,56141,Matutino,2026-05-03 11:33:57,36,182312,"POINT (  568493.670466815,   6138962.12494377)",PORTUGAL 3456 PORTUGAL esq. CENTRO AMERICA,0
2026-05-03,A_202,49,S,50,,S,,56141,Matutino,2026-05-03 11:37:27,36,179643,"POINT (  568484.592146748,   6139022.63168095)",PORTUGAL 3498 FTE 3493. MURO,0
2026-05-03,A_202,50,S,75,,S,,56141,Matutino,2026-05-03 11:37:33,36,182313,"POINT (  568478.374242837,   6139060.93028243)",PORTUGAL 3502 PORTUGAL 3506,0
2026-05-03,A_202,51,S,75,,S,,56141,Matutino,2026-05-03 11:37:39,36,179644,"POINT (  568467.047583607,   6139127.00390952)",PORTUGAL 3548 ANTES 3548,0
2026-05-03,A_202,52,S,75,,S,Basura Afuera,56141,Matutino,2026-05-03 11:21:17,36,179709,"POINT (  568369.472859276,   6138528.48817872)",INGLATERRA Esq. RIO DE JANEIRO FTE 1891.MURO,0
2026-05-03,A_202,53,S,50,,S,,56141,Matutino,2026-05-03 11:21:23,36,179710,"POINT (  568286.061073302,   6138514.38309338)",INGLATERRA 1944 CERCO VEGETAL,0
2026-05-03,A_202,54,S,50,,S,,56141,Matutino,2026-05-03 11:21:28,36,179711,"POINT (  568096.463473477,   6138482.81210542)",PEDRO `INDIO` ARISPE 2025 PASTO. PARRILLERO. (SP),0
2026-05-03,A_202,55,S,50,,S,,56141,Matutino,2026-05-03 11:21:34,36,179712,"POINT (  568101.897652385,   6138462.50543686)",PEDRO `INDIO` ARISPE 2025,0
2026-05-03,A_202,56,S,50,,S,,56141,Matutino,2026-05-03 11:21:40,36,179713,"POINT (  568104.757746547,   6138463.79247924)",PEDRO `INDIO` ARISPE 2025,0
2026-05-03,A_202,57,N,,Fuego,S,,56141,Matutino,2026-05-03 11:22:18,,179714,"POINT (  568123.628423092,   6138750.35312309)",POLONIA 3388 PASTO. MURO,0
2026-05-03,A_202,58,S,25,,S,,56141,Matutino,2026-05-03 09:41:48,36,179715,"POINT (  567736.546186028,   6139233.62404434)",PARQUE DR CARLOS VAZ FERREIRA VEREDA (SP),0
2026-05-03,A_202,59,S,50,,S,Basura Afuera,56141,Matutino,2026-05-03 09:41:55,36,179716,"POINT (  567888.918271989,   6139204.95763316)",AV JOSE BATLLE Y ORDO?EZ 2075 FTE 2066. ANTES COLUMNA,0
2026-05-03,A_202,60,S,50,,S,Basura Afuera,56141,Matutino,2026-05-03 09:42:01,36,179717,"POINT (  567934.066241293,   6139171.64366053)",AV JOSE BATLLE Y ORDO?EZ Esq. PUERTO RICO FTE 2058,0
2026-05-03,A_202,61,S,50,,S,,56141,Matutino,2026-05-03 09:42:08,36,179718,"POINT (  567936.069982376,   6139170.20096695)",PUERTO RICO Esq. AV JOSE BATLLE Y ORDO?EZ FTE 2058,0
2026-05-03,A_202,62,N,,"Contenedor Roto (choque, desfonde, etc.)",S,,56141,Matutino,2026-05-03 09:27:54,,179719,"POINT (  567982.173319135,   6139073.16351041)",JUAN B VIACABA 2040 EN 2048. PASTO,0
2026-05-03,A_202,63,S,100,,S,Basura Afuera,56141,Matutino,2026-05-03 09:41:07,36,179720,"POINT (  568069.435583642,   6138892.23458476)",CENTRO AMERICA 2010 PASTO,0
2026-05-03,A_205,1,,,,S,,56141,Matutino,,,179869,"POINT (  568126.694852658,   6140562.98425722)",BOGOTA 4277,1
2026-05-03,A_205,2,,,,S,,56141,Matutino,,,179870,"POINT (  568140.304071962,   6140472.52059758)",BOGOTA 4237 VEREDA. FTE 4234. CERCO VEGETAL,1
2026-05-03,A_205,3,,,,S,,56141,Matutino,,,179872,"POINT (  568136.290084815,   6140416.01880010)",ESTADOS UNIDOS 1878 FTE 1853,1
2026-05-03,A_205,4,,,,S,,56141,Matutino,,,179873,"POINT (  568022.977846366,   6140396.85867121)",ESTADOS UNIDOS 1924 ANTES 1924. MURO,1
2026-05-03,A_205,5,,,,S,,56141,Matutino,,,179874,"POINT (  567878.391368852,   6140374.52113525)",ESTADOS UNIDOS 1992 FTE 1995. MURO,1
2026-05-03,A_205,6,,,,S,,56141,Matutino,,,179875,"POINT (  567815.678035684,   6140364.33372346)",ESTADOS UNIDOS 2015 FTE 2015,1
2026-05-03,A_205,7,,,,S,,56141,Matutino,,,179876,"POINT (  567736.047991185,   6140351.99667431)",ESTADOS UNIDOS Esq. CIRC INT PJE ESTE FTE 2057,1
2026-05-03,A_205,8,,,,S,,56141,Matutino,,,179877,"POINT (  567665.717464793,   6140340.96810007)",ESTADOS UNIDOS Esq. CUBA,1
2026-05-03,A_205,9,,,,S,,56141,Matutino,,,179878,"POINT (  567579.685239485,   6140327.50950100)","ESTADOS UNIDOS 2148 ARBOL/ARBOL, CERCO VEGETAL",1
2026-05-03,A_205,10,,,,S,,56141,Matutino,,,179880,"POINT (  567478.184971497,   6140311.99472707)",ESTADOS UNIDOS 2192 FTE 2195,1
2026-05-03,A_205,11,,,,S,,56141,Matutino,,,179881,"POINT (  567333.411568997,   6140289.51699738)",ESTADOS UNIDOS 2260 MURO,1
2026-05-03,A_205,12,,,,S,,56141,Matutino,,,181591,"POINT (  567332.012509215,   6140289.52875279)",ESTADOS UNIDOS 2260,1
2026-05-03,A_205,13,,,,S,,56141,Matutino,,,179882,"POINT (  567174.058017504,   6140263.76808040)",ESTADOS UNIDOS Esq. BULGARIA MURO,1
2026-05-03,A_205,14,,,,S,,56141,Matutino,,,180581,"POINT (  567103.593430937,   6140253.48871569)",ESTADOS UNIDOS 2396,1
2026-05-03,A_205,15,,,,S,,56141,Matutino,,,179884,"POINT (  567100.362841344,   6140252.78623741)",ESTADOS UNIDOS 2396 LINDERO,1
2026-05-03,A_205,16,,,,S,,56141,Matutino,,,179885,"POINT (  567113.354127946,   6140142.68742001)",BERNA 2397 MURO,1
2026-05-03,A_205,17,,,,N,,56141,Matutino,,,180579,"POINT (  567116.760844880,   6140143.25289434)",BERNA 2397,1
2026-05-03,A_205,18,,,,S,,56141,Matutino,,,179886,"POINT (  567224.489177560,   6140159.72958214)",BERNA 2331 RETIRO. ANTES COLUMNA,1
2026-05-03,A_205,19,,,,S,,56141,Matutino,,,179887,"POINT (  567362.198017008,   6140180.53972990)",BERNA 2253 FTE 2252,1
2026-05-03,A_205,20,,,,S,,56141,Matutino,,,180969,"POINT (  567364.153891503,   6140180.91467582)",BERNA 2253,1
2026-05-03,A_205,21,,,,S,,56141,Matutino,,,179888,"POINT (  567409.367252789,   6140189.18726425)",BERNA 2233 MURO CALADO. PDO COLUMNA,1
2026-05-03,A_205,22,,,,S,,56141,Matutino,,,179889,"POINT (  567534.636317597,   6140208.01770300)",BERNA 2171,1
2026-05-03,A_205,23,,,,S,,56141,Matutino,,,179890,"POINT (  567608.386860632,   6140219.47048865)",BERNA 2143 ANTES 2143. MURO,1
2026-05-03,A_205,24,,,,S,,56141,Matutino,,,179891,"POINT (  567688.812680219,   6140232.36533391)",BERNA 2089 ANTES 2083. MURO,1
2026-05-03,A_205,25,,,,S,,56141,Matutino,,,179892,"POINT (  567801.668197852,   6140249.88524290)",BERNA 2037 EN 2037/2039,1
2026-05-03,A_205,26,,,,S,,56141,Matutino,,,179893,"POINT (  567891.382655455,   6140264.18866162)",BERNA 1989,1
2026-05-03,A_205,27,,,,S,,56141,Matutino,,,179894,"POINT (  567991.761373522,   6140280.45113550)",BERNA 1941 EN 1947,1
2026-05-03,A_205,28,,,,S,,56141,Matutino,,,179895,"POINT (  568117.561889832,   6140298.95670922)",BERNA 1883 FTE 1879,1
2026-05-03,A_205,29,,,,S,,56141,Matutino,,,179896,"POINT (  568191.829126428,   6140311.08268909)",BERNA 1842 MURO,1
2026-05-03,A_205,30,,,,S,,56141,Matutino,,,179897,"POINT (  568257.515400938,   6140321.54020543)",BERNA 1803 VEREDA. MURO C/REJAS,1
2026-05-03,A_205,31,,,,S,,56141,Matutino,,,179898,"POINT (  568268.299714663,   6140383.52277623)",PORTUGAL 4172 PASTO. FTE 4179,1
2026-05-03,A_205,32,,,,S,,56141,Matutino,,,179899,"POINT (  568251.867493055,   6140477.28314690)",PORTUGAL 4222 PASTO. FTE 4233,1
2026-05-03,A_205,33,,,,S,,56141,Matutino,,,179900,"POINT (  568184.574497703,   6140521.95821882)",JAPON 1830 PDO COLUMNA,1
2026-05-03,A_205,34,,,,S,,56141,Matutino,,,179901,"POINT (  568060.643231263,   6140502.98533263)",JAPON 1892 PDO 1892,1
2026-05-03,A_205,35,,,,S,,56141,Matutino,,,179902,"POINT (  567967.274200213,   6140488.77903361)",JAPON 1940 FTE 1943,1
2026-05-03,A_205,36,,,,S,,56141,Matutino,,,179903,"POINT (  567965.591875329,   6140488.40518363)",JAPON 1940 FTE 1943,1
2026-05-03,A_205,37,,,,S,,56141,Matutino,,,179904,"POINT (  567859.698870143,   6140471.67539729)",JAPON 1980 ARBOL/COLUMNA,1
2026-05-03,A_205,38,,,,S,,56141,Matutino,,,179905,"POINT (  567855.679982921,   6140471.11462233)",JAPON 1980 ARBOL/COLUMNA,1
2026-05-03,A_205,39,,,,S,,56141,Matutino,,,179906,"POINT (  567800.910961704,   6140462.70299791)",JAPON 2018,1
2026-05-03,A_205,40,,,,N,,56141,Matutino,,,179907,"POINT (  567756.329352283,   6140455.13253593)",JAPON 2046,1
2026-05-03,A_205,41,,,,S,,56141,Matutino,,,179908,"POINT (  567656.511409178,   6140440.36546195)",JAPON 2096 CERCO VEGETAL,1
2026-05-03,A_205,42,,,,S,,56141,Matutino,,,179909,"POINT (  567653.894459359,   6140439.71122450)",JAPON 2096 CERCO VEGETAL,1
2026-05-03,A_205,43,,,,S,,56141,Matutino,,,179910,"POINT (  567554.637291215,   6140424.47683805)",JAPON 2146,1
2026-05-03,A_205,44,,,,S,,56141,Matutino,,,179912,"POINT (  567525.757380710,   6140420.17756335)",JAPON 2160 FTE 2157,1
2026-05-03,A_205,45,,,,S,,56141,Matutino,,,179914,"POINT (  567523.046968397,   6140419.99063836)",JAPON 2160 FTE 2157,1
2026-05-03,A_205,46,,,,S,,56141,Matutino,,,179915,"POINT (  567424.630962695,   6140404.28893944)",JAPON 2203 ANTES 2204. MURO,1
2026-05-03,A_205,47,,,,S,,56141,Matutino,,,179916,"POINT (  567324.813019590,   6140388.58724053)",JAPON 2258,1
2026-05-03,A_205,48,,,,S,,56141,Matutino,,,179917,"POINT (  567184.525816780,   6140367.18432951)",JAPON 2330 EN 2328. LINDERO,1
2026-05-03,A_205,49,,,,S,,56141,Matutino,,,179918,"POINT (  567097.325310303,   6140352.41725553)",JAPON 2374 PDO 2380,1
2026-05-03,A_205,50,,,,S,,56141,Matutino,,,181592,"POINT (  567094.896468260,   6140351.98609067)",JAPON 2374,1
2026-05-03,G_108,1,S,100,,S,Requiere Limpieza,56143,Matutino,2026-05-03 07:02:39,,117189,"POINT (  574329.326831958,   6144446.53671315)",BEHERING Esq. CNO EDISON DESCAMPADO,0
2026-05-03,G_108,2,S,100,,S,Requiere Limpieza,56143,Matutino,2026-05-03 07:02:46,,176619,"POINT (  574327.152206101,   6144444.04602920)",BEHERING 1398 PROV (O: ARQ IGNACIO PEDRALBEZ ESQ. CNO EDISON),0
2026-05-03,G_108,3,S,100,,S,,56143,Matutino,2026-05-03 07:05:17,,176370,"POINT (  574241.625402611,   6144330.26784688)",BEHERING 1354,0
2026-05-03,G_108,4,S,100,,S,Requiere Limpieza,56143,Matutino,2026-05-03 07:10:45,,117201,"POINT (  574350.564855019,   6144248.93075946)",PEDRO FUENTES 1355 FTE 1355,0
2026-05-03,G_108,5,S,100,,S,Requiere Limpieza,56143,Matutino,2026-05-03 07:14:53,,117200,"POINT (  574431.126572349,   6144352.99750289)",PEDRO FUENTES 1442 FTE 1393,0
2026-05-03,G_108,6,S,100,,S,Requiere Limpieza,56143,Matutino,2026-05-03 07:16:29,,176242,"POINT (  574437.458394172,   6144361.73381401)",PEDRO FUENTES 1446 PROV A,0
2026-05-03,G_108,7,N,,Contenedor No Está,N,,56143,Matutino,2026-05-03 07:00:00,,117159,"POINT (  574497.971374882,   6144424.49098473)",PEDRO FUENTES 1470,0
2026-05-03,G_108,8,N,,Contenedor Fuera de Alcance,N,,56143,Matutino,2026-05-03 07:17:30,,176321,"POINT (  574585.695159501,   6144515.82150330)",PEDRO FUENTES 1507 (*) PROV (O: ARQ IGNACIO PEDRALBEZ 1487) CUMPLE CRITERIOS?,0
2026-05-03,G_108,9,N,,Contenedor Fuera de Alcance,S,,56143,Matutino,2026-05-03 07:18:14,,117193,"POINT (  574587.298152367,   6144517.70501992)",PEDRO FUENTES 1507 (*) FTE 1507. CUMPLE CRITERIOS?,0
2026-05-03,G_108,10,S,50,,S,Requiere Limpieza,56143,Matutino,2026-05-03 07:23:45,,176322,"POINT (  574620.199580952,   6144555.81617532)",PEDRO FUENTES Esq. SARA OTERMIN (*) PROV (O: ARQ IGNACIO PEDRALBEZ 1467) CUMPLE CRITERIOS?,0
2026-05-03,G_108,11,S,75,,S,,56143,Matutino,2026-05-03 07:23:15,,117206,"POINT (  574621.962873105,   6144558.06036533)",PEDRO FUENTES Esq. SARA OTERMIN (*) CUMPLE CRITERIOS?,0
2026-05-03,G_108,12,S,100,,S,"Fuera de Lugar, Requiere Limpieza",56143,Matutino,2026-05-03 07:22:45,,176215,"POINT (  574702.579437739,   6144650.90355549)",PEDRO FUENTES 1553 PROV. (*) CUMPLE CRITERIOS?,0
2026-05-03,G_108,13,N,,Sobrepeso,S,Requiere Limpieza,56143,Matutino,2026-05-03 07:24:06,,176216,"POINT (  574705.372733828,   6144652.76575288)",PEDRO FUENTES 1553 PROV. (*) CUMPLE CRITERIOS?,0
2026-05-03,G_108,14,S,100,,S,,56143,Matutino,2026-05-03 07:37:09,,129056,"POINT (  569971.105869303,   6146769.97446586)",BV JOSE BATLLE Y ORDOÑEZ 7153 VEREDA. MURETE C/CERCO,0
2026-05-03,G_108,15,S,100,,S,,56143,Matutino,2026-05-03 07:38:56,,129060,"POINT (  570116.182049162,   6146673.89122543)",BV JOSE BATLLE Y ORDOÑEZ 7090 (*) CUMPLE CRITERIOS?,0
2026-05-03,G_108,16,S,100,,S,Requiere Limpieza,56143,Matutino,2026-05-03 07:41:24,,129069,"POINT (  570244.392400589,   6146574.44541732)",CALLE A Esq. BV JOSE BATLLE Y ORDOÑEZ VEREDA,0
2026-05-03,G_108,17,S,50,,S,,56143,Matutino,2026-05-03 07:43:16,,129052,"POINT (  570429.468397993,   6146445.79635669)",BV JOSE BATLLE Y ORDOÑEZ 6879 VEREDA. MURETE,0
2026-05-03,G_108,18,S,50,,S,,56143,Matutino,2026-05-03 07:45:20,,183428,"POINT (  570333.500543771,   6146327.82824646)",SABIA 5623,0
2026-05-03,G_108,19,S,50,,S,,56143,Matutino,2026-05-03 07:47:27,,129154,"POINT (  570198.175134281,   6146391.28358306)",SABIA Esq. PSJE CENTRAL - 5179 FTE 5651,0
2026-05-03,G_108,20,S,50,,S,,56143,Matutino,2026-05-03 07:47:19,,180213,"POINT (  570196.781390785,   6146391.72754619)",SABIA Esq. PSJE CENTRAL - 5179 FTE 5651,0
2026-05-03,G_108,21,S,100,,S,,56143,Matutino,2026-05-03 07:58:22,,129053,"POINT (  570094.469820976,   6146337.70304570)",GOLONDRINA Esq. PSJE B PDO 5663. MURO,0
2026-05-03,G_108,22,S,100,,S,,56143,Matutino,2026-05-03 07:58:16,,129070,"POINT (  570121.354554221,   6146314.79492816)",GOLONDRINA 5657 REJAS,0
2026-05-03,G_108,23,S,75,,S,,56143,Matutino,2026-05-03 08:00:20,,129071,"POINT (  570234.329056975,   6146261.72116096)",GOLONDRINA 5641 MURO,0
2026-05-03,G_108,24,S,75,,S,,56143,Matutino,2026-05-03 08:01:45,,183426,"POINT (  570291.497176768,   6146225.21881885)",GOLONDRINA 5615,0
2026-05-03,G_108,25,N,,Tapa Bloqueda,S,,56143,Matutino,2026-05-03 08:05:19,,129134,"POINT (  570292.682216449,   6146463.57146380)",CARDENAL 1120 BALDIO,0
2026-05-03,G_108,26,S,25,,S,,56143,Matutino,2026-05-03 08:06:41,,129152,"POINT (  570312.468525662,   6146505.41667516)",CARDENAL 1141 FTE 1141. MURO,0
2026-05-03,G_108,27,N,,Contenedor No Está,S,,56143,Matutino,2026-05-03 08:13:55,,180847,"POINT (  570142.069194416,   6146641.29946928)",BV JOSE BATLLE Y ORDOÑEZ Esq. FRANCISCO ALVAREZ,0
2026-05-03,G_108,28,N,,Contenedor No Está,N,,56143,Matutino,2026-05-03 07:00:00,,180556,"POINT (  570090.106255991,   6146543.83879826)",PICAFLOR 7006,0
2026-05-03,G_108,29,N,,Auto,S,,56143,Matutino,2026-05-03 08:14:07,,180557,"POINT (  570149.351258170,   6146503.53870958)",PICAFLOR 1,0
2026-05-03,G_108,30,N,,Auto,S,,56143,Matutino,2026-05-03 08:14:22,,176676,"POINT (  570173.317032596,   6146486.72127005)",PICAFLOR Esq. CALLE A EN 6325,0
2026-05-03,G_108,31,N,,Contenedor No Está,N,,56143,Matutino,2026-05-03 07:00:00,,129068,"POINT (  570186.501648923,   6146470.21044353)",PICAFLOR 6317 VEREDA,0
2026-05-03,G_108,32,S,100,,S,,56143,Matutino,2026-05-03 08:13:07,,183427,"POINT (  570309.258119529,   6146380.94272458)",PICAFLOR 6290,0
2026-05-03,G_108,33,S,25,,S,,56143,Matutino,2026-05-03 08:19:14,,129158,"POINT (  569675.868271301,   6146554.12712009)",CNO ARIEL 5847,0
2026-05-03,G_108,34,S,100,,S,,56143,Matutino,2026-05-03 08:22:03,,129054,"POINT (  569813.693030544,   6146449.64725166)",CNO ARIEL 5765 MURO,0
2026-05-03,G_108,35,S,100,,S,,56143,Matutino,2026-05-03 08:23:01,,129057,"POINT (  570050.487704201,   6146280.81683635)",CNO ARIEL 5702 VEREDA. FTE 5724,0
2026-05-03,G_108,36,S,25,,S,,56143,Matutino,2026-05-03 08:26:04,,129114,"POINT (  570168.723528853,   6146271.90720963)",HUBER CHEDA 1016 FTE - MURO,0
2026-05-03,G_108,37,S,100,,S,,56143,Matutino,2026-05-03 08:29:10,,180081,"POINT (  570194.172270056,   6146123.17825424)",CALLE 2 DE 17 MTS Esq. CALLE 4 DE 15 MTS ESQUINA,0
2026-05-03,G_108,38,N,,Contenedor No Está,N,,56143,Matutino,2026-05-03 07:00:00,,129144,"POINT (  570060.273138663,   6146144.43043519)",CALLE 5 DE 15 MTS Esq. CALLE 3 DE 17 MTS FTE 5643,0
2026-05-03,G_108,39,S,100,,S,,56143,Matutino,2026-05-03 08:31:58,,129146,"POINT (  570101.179864787,   6146212.92541847)",CALLE 3 DE 17 MTS Esq. CNO ARIEL VEREDA. FTE 997,0
2026-05-03,G_108,40,S,75,,S,,56143,Matutino,2026-05-03 08:33:55,,129135,"POINT (  570132.097739184,   6146215.77937611)",CNO ARIEL 5641 EN 5639. REBAJE/REBAJE,0
2026-05-03,G_108,41,S,100,,S,,56143,Matutino,2026-05-03 08:36:31,,129115,"POINT (  570261.001492436,   6146112.08558198)",CONFEDERADA Esq. CNO ARIEL FTE ESCUELA. BALDIO,0
2026-05-03,G_108,42,S,100,,S,,56143,Matutino,2026-05-03 08:38:00,,129116,"POINT (  570178.236720975,   6145998.40293612)",CONFEDERADA 951 VEREDA,0
2026-05-03,G_108,43,S,100,,S,,56143,Matutino,2026-05-03 08:40:24,,129117,"POINT (  570029.355264267,   6146096.86447459)",PIRIBEBUY Esq. CALLE 7 DE 12 MTS,0
2026-05-03,G_108,44,S,50,,S,,56143,Matutino,2026-05-03 08:43:33,,129145,"POINT (  569977.984026809,   6146247.64856972)",CALLE 8 DE 12 MTS DE ANCHO Esq. CIRC INT SIN DENOM,0
2026-05-03,G_108,45,S,100,,S,,56143,Matutino,2026-05-03 09:30:38,,129118,"POINT (  569879.422391080,   6146360.60293831)",ALFREDO MARIO FERREIRO Esq. CNO ARIEL EN 5745,0
2026-05-03,G_108,46,S,100,,S,,56143,Matutino,2026-05-03 09:35:42,,129061,"POINT (  569844.471235704,   6146315.94312866)",ALFREDO MARIO FERREIRO Esq. CNO ARIEL FTE 5233,0
2026-05-03,G_108,47,S,100,,S,,56143,Matutino,2026-05-03 09:36:40,,129062,"POINT (  569807.578349473,   6146265.45812645)",ALFREDO MARIO FERREIRO Esq. PSJE PLA AL SUR DE A SOTO FTE 5233E,0
2026-05-03,G_108,48,S,100,,S,,56143,Matutino,2026-05-03 09:39:25,,129147,"POINT (  569688.423402736,   6146179.12747718)",ALFREDO MARIO FERREIRO 917 EN 919,0
2026-05-03,G_108,49,S,100,,S,,56143,Matutino,2026-05-03 09:40:52,,129159,"POINT (  569529.910837319,   6146249.92427962)",EUGENIO ALSINA 905 ANTES 912. CERCO CHAPA,0
2026-05-03,G_108,50,S,100,,S,,56143,Matutino,2026-05-03 09:42:51,,129072,"POINT (  569692.350735259,   6146235.55282607)",JULIO CESAR PUPPO 5762 MURO,0
2026-05-03,G_108,51,S,100,,S,"Contenedor en Tolva, Requiere Limpieza",56143,Matutino,2026-05-03 09:49:36,,129119,"POINT (  569538.944317935,   6146341.27020562)",JULIO CESAR PUPPO 5830 5830/5828,0
2026-05-03,G_108,52,,,,S,,56143,Matutino,,,129074,"POINT (  569424.255351924,   6146294.17496203)",AV MILLAN 5838,0
2026-05-03,G_108,53,,,,N,,56143,Matutino,,,129076,"POINT (  569430.567600721,   6146288.91475470)",AV MILLAN 5828,0
2026-05-03,G_108,54,,,,S,,56143,Matutino,,,129121,"POINT (  569545.122317861,   6146201.80926086)",AV MILLAN 5788,0
2026-05-03,G_108,55,,,,S,,56143,Matutino,,,129064,"POINT (  569551.038131285,   6146197.25863515)",AV MILLAN 5788,0
2026-05-03,G_108,56,,,,S,,56143,Matutino,,,129065,"POINT (  569555.588756996,   6146193.61813458)",AV MILLAN 5782,0
2026-05-03,G_108,57,,,,S,,56143,Matutino,,,129123,"POINT (  569602.687733106,   6146159.26091046)",AV MILLAN 5767,0
2026-05-03,G_108,58,,,,S,,56143,Matutino,,,129063,"POINT (  569607.920952673,   6146155.39287861)",AV MILLAN 5767,0
2026-05-03,G_108,59,,,,S,,56143,Matutino,,,129067,"POINT (  569612.926640955,   6146152.43497190)",AV MILLAN 5762,0
2026-05-03,G_108,60,,,,S,,56143,Matutino,,,129073,"POINT (  569515.228391013,   6145954.45657805)",CIRC INT GALERIA CENTRAL Esq. ALBERTO GOMEZ RUANO,0
2026-05-03,G_108,61,,,,S,,56143,Matutino,,,129106,"POINT (  569407.238358817,   6145886.67843037)",CIRC INT CALLE 6 Esq. MARIA ORTICOCHEA,0
2026-05-03,G_108,62,,,,S,,56143,Matutino,,,176668,"POINT (  569403.597858248,   6145888.95374323)",MARIA ORTICOCHEA 5968,0
2026-05-03,G_108,63,,,,S,,56143,Matutino,,,129066,"POINT (  569354.906163140,   6145923.08343606)",CIRC INT CALLE 5 Esq. MARIA ORTICOCHEA,0
2026-05-03,G_108,64,,,,S,,56143,Matutino,,,129075,"POINT (  569350.128006143,   6145926.26887406)",CIRC INT CALLE 5 Esq. MARIA ORTICOCHEA,0
2026-05-03,G_108,65,,,,S,,56143,Matutino,,,129120,"POINT (  569299.616060751,   6145962.67387975)",CIRC INT CALLE 4 Esq. MARIA ORTICOCHEA,0
2026-05-03,G_108,66,,,,S,,56143,Matutino,,,129122,"POINT (  569294.610372469,   6145965.40425517)",CIRC INT CALLE 4 Esq. MARIA ORTICOCHEA,0
2026-05-03,G_108,67,,,,N,,56143,Matutino,,,129139,"POINT (  569211.742975758,   6146023.80030522)",MARIA ORTICOCHEA 6042,0
2026-05-03,G_108,68,,,,S,,56143,Matutino,,,129141,"POINT (  569060.399160211,   6146129.85498314)",CNO LECOCQ Esq. MARIA ORTICOCHEA,0
2026-05-03,G_108,69,,,,S,,56143,Matutino,,,129093,"POINT (  569095.264255057,   6146187.70298821)",CNO LECOCQ Esq. CIRC INT CALLE 1 ANTES DE LOMO BURRO,0
2026-05-03,G_108,70,,,,S,,56143,Matutino,,,129078,"POINT (  569142.619473720,   6146218.41904470)",CNO LECOCQ Esq. CIRC INT CALLE 2 CERCO VEGETAL,0
2026-05-03,G_108,71,,,,S,,56143,Matutino,,,129079,"POINT (  569206.482768427,   6146252.09330338)",CIRC INT CALLE 4 6147 MURO,0
2026-05-03,G_108,72,,,,S,,56143,Matutino,,,129092,"POINT (  569464.232927639,   6146400.43115011)",CNO LECOCQ 936 VEREDA,0
2026-05-03,G_108,73,,,,S,,56143,Matutino,,,129090,"POINT (  569515.782959481,   6146444.61689169)",CNO LECOCQ Esq. ANTONIO SOTO VEREDA,0
2026-05-03,G_108,74,,,,S,,56143,Matutino,,,129091,"POINT (  569614.433569693,   6146540.68201740)",CNO LECOCQ 1000 VEREDA. CERCO VEGETAL,0
2026-05-03,G_108,75,,,,N,,56143,Matutino,,,129140,"POINT (  571086.480868476,   6145968.04210751)",BV JOSE BATLLE Y ORDOÑEZ 6559 VEREDA,0
2026-05-03,G_108,76,,,,S,,56143,Matutino,,,129098,"POINT (  571123.182167893,   6145314.39297534)",PIRIBEBUY 2 FTE 5039,0
2026-05-03,G_108,77,,,,S,,56143,Matutino,,,129100,"POINT (  570999.065097883,   6145409.52065309)",PIRIBEBUY 5108,0
2026-05-03,G_108,78,,,,S,,56143,Matutino,,,129080,"POINT (  570884.314649073,   6145493.67098221)",PIRIBEBUY 5144 VEREDA,0
2026-05-03,G_108,79,,,,S,,56143,Matutino,,,180496,"POINT (  570795.421288235,   6145477.64231569)",GABITO 919 PDO 919,0
2026-05-03,G_108,80,,,,S,,56143,Matutino,,,129124,"POINT (  570808.674967487,   6145408.48865660)",SAUCE 5141 EN 5143,0
2026-05-03,G_108,81,,,,S,,56143,Matutino,,,129095,"POINT (  570918.628565873,   6145326.49507067)",SAUCE 5105,0
2026-05-03,G_108,82,,,,S,,56143,Matutino,,,129097,"POINT (  571007.285783645,   6145263.33765254)",SAUCE 5081 EN 5081,0
2026-05-03,G_108,83,,,,S,,56143,Matutino,,,129094,"POINT (  571085.765436984,   6145206.79486019)",SAUCE 5039,0
2026-05-03,G_108,84,,,,S,,56143,Matutino,,,129104,"POINT (  571113.815546693,   6145075.46934655)",AV MILLAN 5020 VEREDA,0
2026-05-03,G_108,85,,,,N,,56143,Matutino,,,129102,"POINT (  571160.990731204,   6145150.69464077)",SAUCE 5009 VEREDA,0
2026-05-03,G_108,86,,,,N,,56143,Matutino,,,129099,"POINT (  570866.101752788,   6145255.80912458)",AV MILLAN 5110 EN 5110,0
2026-05-03,G_108,87,,,,S,,56143,Matutino,,,129101,"POINT (  570779.969682921,   6145321.12504456)",AV MILLAN 5220 EN 5224,0
2026-05-03,G_108,88,,,,S,,56143,Matutino,,,180289,"POINT (  570673.569610893,   6145518.76324161)",CARAFI 945 FTE 939.,0
2026-05-03,G_108,89,,,,S,,56143,Matutino,,,179120,"POINT (  570675.067292605,   6145521.54373014)",CARAFI 945 FTE 939,0
2026-05-03,G_108,90,,,,S,,56143,Matutino,,,180384,"POINT (  570695.053308497,   6145630.03244837)",PIRIBEBUY 5262,0
2026-05-03,G_108,91,,,,S,,56143,Matutino,,,129126,"POINT (  570641.491060438,   6145669.04041831)",PIRIBEBUY 5286 VEREDA,0
2026-05-03,G_108,92,,,,S,,56143,Matutino,,,129081,"POINT (  570542.553862370,   6145770.83157402)",HECTOR SUPPICI SEDES 955,0
2026-05-03,G_108,93,,,,S,,56143,Matutino,,,129125,"POINT (  570539.224245127,   6145891.64911396)",HECTOR SUPPICI SEDES 995,0
2026-05-03,G_108,94,,,,S,,56143,Matutino,,,129088,"POINT (  570664.393897246,   6145826.14794715)",CNO ARIEL 5345 5345/5347,0
2026-05-03,G_108,95,,,,S,,56143,Matutino,,,135192,"POINT (  570704.308419622,   6145797.29407555)",CNO ARIEL 5299,0
2026-05-03,G_108,96,,,,S,,56143,Matutino,,,129131,"POINT (  570884.124144421,   6145665.84866050)",CNO ARIEL 5207,0
2026-05-03,G_108,97,,,,S,,56143,Matutino,,,129129,"POINT (  570917.987368726,   6145674.34452270)",OLAZABAL 1008,0
2026-05-03,G_108,98,,,,S,,56143,Matutino,,,129130,"POINT (  571017.991519720,   6145812.46694077)",OLAZABAL 1060 EN 1058/1060,0
2026-05-03,G_108,99,,,,S,,56143,Matutino,,,129089,"POINT (  571099.802588679,   6145925.21496858)",OLAZABAL 1124,0
2026-05-03,G_108,100,,,,N,,56143,Matutino,,,182292,"POINT (  571103.663403704,   6145929.32621111)","OLAZABAL 1124 PROV OBRA , BV JOSE BATLLE Y ORDO¿æEZ 6499",0
2026-05-03,G_108,101,,,,S,,56143,Matutino,,,129132,"POINT (  570966.489615193,   6145995.18404574)",CARAFI 1142 VEREDA. FTE 1142,0
2026-05-03,G_108,102,,,,S,,56143,Matutino,,,129082,"POINT (  570834.432230543,   6145816.59186862)",CARAFI 1023 CERCO,0
2026-05-03,G_108,103,,,,S,,56143,Matutino,,,129083,"POINT (  570776.523248257,   6145874.11750868)",MARIA ADELA BONAVITA Esq. PSJE N2 EN 5268,0
2026-05-03,G_108,104,,,,S,,56143,Matutino,,,129136,"POINT (  571068.551269330,   6145533.57724048)",CNO ARIEL 5151,0
2026-05-03,G_108,105,,,,S,,56143,Matutino,,,129086,"POINT (  570831.906651795,   6145948.97727555)",MARIA ADELA BONAVITA Esq. PSJE SOFIA ARZARELLO ANTES ARBOL,0
2026-05-03,G_108,106,,,,S,,56143,Matutino,,,179200,"POINT (  570801.525827760,   6145993.43225558)",PSJE SOFIA ARZARELLO 5287 FTE 5291,0
2026-05-03,G_108,107,,,,S,,56143,Matutino,,,180385,"POINT (  570758.738371024,   6146025.02243028)",PSJE SOFIA ARZARELLO 5305 FTE 5311,0
2026-05-03,G_108,108,,,,S,,56143,Matutino,,,129084,"POINT (  570654.997869213,   6145964.40178312)",MERCEDES PINTO 1037,0
2026-05-03,G_108,109,,,,S,,56143,Matutino,,,129085,"POINT (  570661.872748958,   6145903.21535340)",LAURA CORTINAS 5305 EN 5305/5311,0
2026-05-03,G_108,110,,,,S,,56143,Matutino,,,129143,"POINT (  571080.462408000,   6145525.98803372)",CNO ARIEL 5147,0
2026-05-03,G_108,111,,,,S,,56143,Matutino,,,129133,"POINT (  571209.892369714,   6145430.28885877)",CNO ARIEL 5108 VEREDA. FTE 5108,0
2026-05-03,G_108,112,,,,S,,56143,Matutino,,,129138,"POINT (  571255.859544529,   6145563.00614304)",AV GRAL EUGENIO GARZON 1077,0
2026-05-03,A_116,1,S,100,,S,Requiere Limpieza,56144,Matutino,2026-05-03 07:00:38,,102048,"POINT (  568138.321635740,   6143839.60283174)",PRUDENCIO ARAGON Esq. CNO DE LAS TROPAS,0
2026-05-03,A_116,2,S,50,,N,,56144,Matutino,2026-05-03 07:00:45,,102049,"POINT (  568132.544950780,   6143838.21069614)",PRUDENCIO ARAGON Esq. CNO DE LAS TROPAS,0
2026-05-03,A_116,3,S,100,,S,Requiere Limpieza,56144,Matutino,2026-05-03 11:01:25,,116052,"POINT (  567920.442390404,   6143760.87391311)",PRUDENCIO ARAGON Esq. CALLE 8,0
2026-05-03,A_116,4,S,100,,S,Requiere Limpieza,56144,Matutino,2026-05-03 07:06:59,,102046,"POINT (  567902.491400900,   6143752.37877366)",PRUDENCIO ARAGON Esq. TITO CABANO,0
2026-05-03,A_116,5,S,75,,S,,56144,Matutino,2026-05-03 07:10:09,,102101,"POINT (  567806.095639270,   6143694.46021182)",CALLE 4 Esq. PRUDENCIO ARAGON,0
2026-05-03,A_116,6,S,50,,S,,56144,Matutino,2026-05-03 07:10:16,,102100,"POINT (  567807.105556400,   6143691.78765586)",CALLE 4 Esq. PRUDENCIO ARAGON,0
2026-05-03,A_116,7,S,75,,S,,56144,Matutino,2026-05-03 07:13:40,,102102,"POINT (  567861.233835320,   6143603.84971476)",CALLE 4 74,0
2026-05-03,A_116,8,S,50,,S,,56144,Matutino,2026-05-03 07:15:33,,102103,"POINT (  567863.378584070,   6143601.47628490)",CALLE 4 72,0
2026-05-03,A_116,9,N,,Contenedor Fuera de Alcance,S,,56144,Matutino,2026-05-03 07:18:49,,102098,"POINT (  567978.946990490,   6143565.05172031)",CALLE 4 52,0
2026-05-03,A_116,10,S,100,,S,Requiere Limpieza,56144,Matutino,2026-05-03 07:20:08,,102096,"POINT (  568111.940287100,   6143656.62421518)",CALLE 4 31,0
2026-05-03,A_116,11,S,100,,S,Requiere Limpieza,56144,Matutino,2026-05-03 07:26:59,,102097,"POINT (  568114.737032530,   6143658.85850026)",CALLE 4 31,0
2026-05-03,A_116,12,S,100,,S,,56144,Matutino,2026-05-03 07:34:14,,179033,"POINT (  568025.165891126,   6144146.36825029)",AV LUIS BATLLE BERRES 5819,0
2026-05-03,A_116,13,S,100,,N,Requiere Mantenimiento,56144,Matutino,2026-05-03 07:34:46,,179034,"POINT (  568022.663046985,   6144148.52979750)",AV LUIS BATLLE BERRES 5819,0
2026-05-03,A_116,14,N,,Contenedor No Está,N,,56144,Matutino,2026-05-03 07:34:54,,179035,"POINT (  568020.729031058,   6144150.46381343)",AV LUIS BATLLE BERRES 5819,0
2026-05-03,A_116,15,S,100,,S,,56144,Matutino,2026-05-03 07:37:29,,102095,"POINT (  567803.940673910,   6144320.52171542)",ALFREDO GOBBI 5987,0
2026-05-03,A_116,16,S,100,,S,,56144,Matutino,2026-05-03 07:45:20,,120332,"POINT (  567681.541569556,   6144183.64977062)",PINTIN CASTELLANOS Esq. SALVADOR GRANATA,0
2026-05-03,A_116,17,N,,Contenedor No Está,N,,56144,Matutino,2026-05-03 07:47:29,,132794,"POINT (  567627.131217319,   6144174.60366078)",PINTIN CASTELLANOS Esq. ALBERTO ALONSO,0
2026-05-03,A_116,18,S,100,,S,,56144,Matutino,2026-05-03 07:47:42,,102087,"POINT (  567567.056673690,   6144116.06807676)",DOLORES CANDALES 5947,0
2026-05-03,A_116,19,S,100,,S,,56144,Matutino,2026-05-03 07:50:36,,112893,"POINT (  567568.214423950,   6144039.52041610)",DOLORES CANDALES 5873,0
2026-05-03,A_116,20,S,50,,S,,56144,Matutino,2026-05-03 07:53:19,,181043,"POINT (  567664.532222850,   6143985.83268103)",MANUEL CAMPOAMOR Esq. ALBERTO ALONSO,0
2026-05-03,A_116,21,S,75,,S,,56144,Matutino,2026-05-03 08:02:14,,102092,"POINT (  567694.540601560,   6144083.69812391)",ARTURO SENES Esq. ROMEO GAVIOLI,0
2026-05-03,A_116,22,S,100,,S,,56144,Matutino,2026-05-03 07:59:22,,102086,"POINT (  567754.637166810,   6144081.71702794)",ROMEO GAVIOLI Esq. MANUEL AROSTEGUI,0
2026-05-03,A_116,23,S,75,,S,,56144,Matutino,2026-05-03 07:55:35,,102081,"POINT (  567862.268124680,   6144049.51897777)",ENRIQUE SABORIDO 5843,0
2026-05-03,A_116,24,S,75,,S,Requiere Mantenimiento,56144,Matutino,2026-05-03 07:56:53,,116512,"POINT (  567923.131096914,   6144087.85957558)",MINOTTO DI CICCO 5846 Fte 5825,0
2026-05-03,A_116,25,S,75,,S,,56144,Matutino,2026-05-03 07:42:09,,102083,"POINT (  567808.113806710,   6144154.00780239)",JOSE RAZZANO 5910,0
2026-05-03,A_116,26,S,75,,S,,56144,Matutino,2026-05-03 07:43:29,,102084,"POINT (  567718.875696150,   6144227.57365731)",JOSE RAZZANO 5990,0
2026-05-03,A_116,27,S,100,,S,Requiere Limpieza,56144,Matutino,2026-05-03 07:40:02,,102085,"POINT (  567818.589618320,   6144213.33134833)",ALBERTO MASTRA 5931,0
2026-05-03,A_116,28,S,100,,S,,56144,Matutino,2026-05-03 08:13:23,,102078,"POINT (  567726.685455410,   6145210.37957999)",EMIR RODRIGUEZ MONEGAL 2028,0
2026-05-03,A_116,29,S,100,,S,,56144,Matutino,2026-05-03 08:13:39,,102079,"POINT (  567695.039175150,   6145316.69097360)",GOFFREDO SOMMAVILLA 6286,0
2026-05-03,A_116,30,S,100,,S,,56144,Matutino,2026-05-03 08:14:01,,102080,"POINT (  567634.594762470,   6145377.31404556)",GOFFREDO SOMMAVILLA 6324,0
2026-05-03,A_116,31,S,100,,S,,56144,Matutino,2026-05-03 08:15:35,,102045,"POINT (  567537.697500550,   6145401.30836207)",JOSEFA PALACIOS 2039,0
2026-05-03,A_116,32,S,100,,S,,56144,Matutino,2026-05-03 08:18:18,,160072,"POINT (  567434.219061739,   6145613.73467282)",CNO TOMKINSON 1828,0
2026-05-03,A_116,33,S,50,,S,,56144,Matutino,2026-05-03 08:22:34,,103273,"POINT (  567520.474046352,   6145678.59175480)",CNO DE LA CHIMENEA Esq. CNO TOMKINSON,0
2026-05-03,A_116,34,S,100,,S,Requiere Limpieza,56144,Matutino,2026-05-03 08:23:56,,172732,"POINT (  567523.570512197,   6145672.72991819)",CNO DE LA CHIMENEA Esq. CNO TOMKINSON,0
2026-05-03,A_116,35,S,100,,S,,56144,Matutino,2026-05-03 08:25:26,,172712,"POINT (  567716.624541265,   6145454.99143576)",CNO DE LA CHIMENEA 6339,0
2026-05-03,A_116,36,S,100,,S,,56144,Matutino,2026-05-03 08:28:26,,173932,"POINT (  567836.873026152,   6145327.15543677)",CNO DE LA CHIMENEA 6147,0
2026-05-03,A_116,37,S,100,,S,Requiere Limpieza,56144,Matutino,2026-05-03 08:30:47,,183563,"POINT (  567772.298825529,   6145150.89123766)",CNO PASO DE LA ARENA 2042 PROV OV (JOSE LLUPES 6185),0
2026-05-03,A_116,38,S,75,,S,,56144,Matutino,2026-05-03 08:32:30,,131454,"POINT (  567667.404302077,   6145027.53705949)",CNO PASO DE LA ARENA 2111,0
2026-05-03,A_116,39,S,100,,S,,56144,Matutino,2026-05-03 08:28:10,,131332,"POINT (  567610.763312288,   6144962.15250342)",CNO PASO DE LA ARENA 2141,0
2026-05-03,A_116,40,S,75,,S,,56144,Matutino,2026-05-03 08:35:10,,131433,"POINT (  567552.251231165,   6144920.22520711)",CNO PASO DE LA ARENA 2217,0
2026-05-03,A_116,41,S,50,,S,,56144,Matutino,2026-05-03 08:38:05,,131352,"POINT (  567443.065062869,   6144816.32479128)",CNO PASO DE LA ARENA 2200 Fte 2307,0
2026-05-03,A_116,42,S,100,,S,,56144,Matutino,2026-05-03 08:39:09,,177148,"POINT (  567440.638805650,   6144807.66984463)",CNO PASO DE LA ARENA 2307,0
2026-05-03,A_116,43,S,100,,S,,56144,Matutino,2026-05-03 08:42:18,,122312,"POINT (  567157.250524764,   6144841.07763630)",MARTIN ARTIGAS 2346 FTE ,0
2026-05-03,A_116,44,S,75,,S,,56144,Matutino,2026-05-03 08:44:02,,102041,"POINT (  567227.943884208,   6144962.00048799)",MARTIN ARTIGAS 2306 FTE,0
2026-05-03,A_116,45,S,100,,S,,56144,Matutino,2026-05-03 10:20:51,,102069,"POINT (  567089.941980040,   6145144.78097852)",CNEL SANTIAGO ARTIGAS 2261,0
2026-05-03,A_116,46,S,50,,S,,56144,Matutino,2026-05-03 10:23:27,,102062,"POINT (  566929.418075160,   6145184.46487656)",RBLA PANTANOSO 6537,0
2026-05-03,A_116,47,N,,Sobrepeso,S,,56144,Matutino,2026-05-03 10:25:24,,179948,"POINT (  566791.981032462,   6145047.47802985)",FRANCISCA AZNAR DE ARTIGAS 6593,0
2026-05-03,A_116,48,S,100,,S,Requiere Limpieza,56144,Matutino,2026-05-03 10:31:00,,140032,"POINT (  566928.912443268,   6145039.42687455)",FRANCISCA AZNAR DE ARTIGAS 6533,0
2026-05-03,A_116,49,N,,Contenedor No Está,N,,56144,Matutino,2026-05-03 10:31:39,,102064,"POINT (  566941.220361440,   6145038.77862934)",FRANCISCA AZNAR DE ARTIGAS 6527,0
2026-05-03,A_116,50,S,100,,S,,56144,Matutino,2026-05-03 10:31:54,,102042,"POINT (  567113.928317420,   6145025.29745779)",FRANCISCA AZNAR DE ARTIGAS 6481,0
2026-05-03,A_116,51,S,100,,S,"Poda, Requiere Limpieza",56144,Matutino,2026-05-03 10:35:19,,172753,"POINT (  566934.808799909,   6144777.12749053)",CNEL SANTIAGO ARTIGAS 2397,0
2026-05-03,A_116,52,N,,Contenedor No Está,N,,56144,Matutino,2026-05-03 10:37:09,,102066,"POINT (  566944.787748530,   6144878.15698457)",SELMA LAGERLOFF 6506,0
2026-05-03,A_116,53,S,100,,S,Poda,56144,Matutino,2026-05-03 10:37:33,,102067,"POINT (  566833.583591460,   6144926.32075485)",SELMA LAGERLOFF Esq. TTE CNEL JOSE MARIA ARTIGAS,0
2026-05-03,A_116,54,S,100,,S,,56144,Matutino,2026-05-03 10:39:22,,102068,"POINT (  566736.515017320,   6144951.46238362)",SELMA LAGERLOFF 6588,0
2026-05-03,A_116,55,S,100,,S,,56144,Matutino,2026-05-03 10:40:30,,172752,"POINT (  566769.555838891,   6144820.53848379)",TTE CNEL JOSE MARIA ARTIGAS 2397,0
2026-05-03,A_116,56,S,100,,S,,56144,Matutino,2026-05-03 10:42:27,,180915,"POINT (  566628.480912871,   6144938.47714229)",CNO TOMKINSON 2377 FTE 2368,0
2026-05-03,A_116,57,N,,Fuego,S,,56144,Matutino,2026-05-03 10:44:45,,102036,"POINT (  566731.472505540,   6145229.76464844)",LAS PITAS Esq. CHARLES DICKENS,0
2026-05-03,A_116,58,S,25,,S,,56144,Matutino,2026-05-03 10:44:53,,102037,"POINT (  566720.302013430,   6145369.71912405)",LAS PITAS 2228,0
2026-05-03,A_116,59,S,100,,S,,56144,Matutino,2026-05-03 10:46:05,,102038,"POINT (  566708.743238660,   6145549.45067796)",LAS PITAS 2180,0
2026-05-03,A_116,60,N,,Contenedor No Está,N,,56144,Matutino,2026-05-03 10:46:23,,102058,"POINT (  566702.347927030,   6145787.45962226)",LAS PITAS Esq. COSTANERA PASO DE LA ARENA,0
2026-05-03,A_116,61,S,100,,S,,56144,Matutino,2026-05-03 10:48:36,,102054,"POINT (  566572.922143080,   6145712.54117651)",ANATOLE FRANCE Esq. GUY DE MAUPASSANT,0
2026-05-03,A_116,62,S,100,,S,Requiere Mantenimiento,56144,Matutino,2026-05-03 10:50:39,,102055,"POINT (  566510.540090000,   6145596.35550263)",OSCAR WILDE 6795,0
2026-05-03,A_116,63,S,100,,S,Requiere Limpieza,56144,Matutino,2026-05-03 10:53:18,,102056,"POINT (  566587.248763470,   6145363.21911781)",CHARLES DICKENS Esq. ING CARLOS A AROCENA,0
2026-05-03,A_116,64,S,75,,S,Requiere Mantenimiento,56144,Matutino,2026-05-03 10:55:02,,102057,"POINT (  566491.932138390,   6145451.47344599)",CHARLES DICKENS 6754,0
2026-05-03,A_116,65,S,100,,S,Requiere Limpieza,56144,Matutino,2026-05-03 10:56:32,,102052,"POINT (  566389.350462610,   6145544.97170922)",CHARLES DICKENS 6858,0
2026-05-03,A_116,66,S,100,,S,"Escombro, Poda, Requiere Limpieza",56144,Matutino,2026-05-03 10:58:12,,102053,"POINT (  566274.661123830,   6145647.20985248)",CHARLES DICKENS 6938,0
2026-05-03,A_116,67,S,75,,S,Requiere Mantenimiento,56144,Matutino,2026-05-03 11:01:15,,102137,"POINT (  566189.535843310,   6145510.42110365)",FRANCISCA AZNAR DE ARTIGAS 7003,0
2026-05-03,A_116,68,,,,S,,56144,Matutino,,,122392,"POINT (  566223.591064435,   6145361.20618095)",EDGAR ALLAN POE 6877,0
2026-05-03,A_116,69,,,,S,,56144,Matutino,,,102051,"POINT (  566321.525612900,   6145396.81224952)",FRANCISCA AZNAR DE ARTIGAS 6788,0
2026-05-03,A_116,70,,,,S,,56144,Matutino,,,102136,"POINT (  566469.759976200,   6145270.45267656)",FRANCISCA AZNAR DE ARTIGAS 6705,0
2026-05-03,A_116,71,,,,S,,56144,Matutino,,,102134,"POINT (  566576.479280600,   6145172.77306798)",FRANCISCA AZNAR DE ARTIGAS 6655,0
2026-05-03,A_116,72,,,,N,,56144,Matutino,,,102135,"POINT (  566680.457978350,   6145080.99657106)",FRANCISCA AZNAR DE ARTIGAS 6605,0
2026-05-03,A_116,73,,,,S,,56144,Matutino,,,102035,"POINT (  566572.579290700,   6145066.55251291)",EDGAR ALLAN POE 6628,0
2026-05-03,A_116,74,,,,S,,56144,Matutino,,,102131,"POINT (  566499.167795810,   6145130.76505355)",EDGAR ALLAN POE 6670,0
2026-05-03,A_116,75,,,,S,,56144,Matutino,,,102133,"POINT (  566403.545498150,   6145056.53019612)",MAXIMO GORKI 6635,0
2026-05-03,A_116,76,,,,N,,56144,Matutino,,,102130,"POINT (  566507.089670250,   6144976.69979940)",PEARL S BUCK 6619,0
2026-05-03,A_116,77,,,,S,,56144,Matutino,,,144052,"POINT (  566380.270955117,   6144955.46817294)",AV LUIS BATLLE BERRES 6674,0
2026-05-03,A_116,78,,,,S,,56144,Matutino,,,167452,"POINT (  566279.869315069,   6144805.97741773)",PBRO COSME AGULLO 6661,0
2026-05-03,A_116,79,,,,S,,56144,Matutino,,,144512,"POINT (  566230.162386005,   6144675.05608982)",PBRO JUAN JOSE ORTIZ 6602,0
2026-05-03,A_116,80,,,,S,,56144,Matutino,,,144532,"POINT (  566116.218846898,   6144729.79817676)",PBRO JUAN JOSE ORTIZ 6750,0
2026-05-03,A_116,81,,,,S,,56144,Matutino,,,177501,"POINT (  566035.327607949,   6144767.49753816)",PBRO JUAN JOSE ORTIZ 6786,0
2026-05-03,A_116,82,,,,S,,56144,Matutino,,,177345,"POINT (  566033.325325926,   6144768.29916863)",PBRO JUAN JOSE ORTIZ 6786,0
2026-05-03,A_116,83,,,,S,,56144,Matutino,,,180128,"POINT (  565799.323073785,   6144620.10921164)",CALLE 9900 6815,0
2026-05-03,A_116,84,,,,S,,56144,Matutino,,,180129,"POINT (  565834.256342050,   6144599.23193297)",CALLE 9900 6804,0
2026-05-03,A_116,85,,,,S,,56144,Matutino,,,143613,"POINT (  566009.539597418,   6144821.12034336)",PBRO JOSE NICOLAS BARRALES 2483,0
2026-05-03,A_116,86,,,,S,,56144,Matutino,,,181590,"POINT (  566123.508712569,   6145023.22414123)",PBRO JOSE NICOLAS BARRALES 2410 PROV A,0
2026-05-03,A_116,87,,,,S,,56144,Matutino,,,181589,"POINT (  566127.778477767,   6145030.62679018)",PBRO JOSE NICOLAS BARRALES 2410,0
2026-05-03,A_116,88,,,,S,,56144,Matutino,,,150532,"POINT (  566470.362296815,   6144674.86701479)",AV ALFREDO MORENO Esq. PSJE B,0
2026-05-03,A_116,89,,,,S,,56144,Matutino,,,102119,"POINT (  566637.054545680,   6144442.54557760)",PSJE C 6433,0
2026-05-03,A_116,90,,,,S,,56144,Matutino,,,129912,"POINT (  566713.394539702,   6144377.79324758)",ROMULO GUERRINI BOZZINI Esq. PSJE C,0
2026-05-03,A_116,91,,,,S,,56144,Matutino,,,181849,"POINT (  566390.833280174,   6144520.28957604)",ROMULO GUERRINI BOZZINI 2442,0
2026-05-03,A_116,92,,,,S,,56144,Matutino,,,102118,"POINT (  566389.692633880,   6144520.06800123)",ROMULO GUERRINI BOZZINI 2442,0
2026-05-03,A_116,93,,,,S,,56144,Matutino,,,102412,"POINT (  566673.398356497,   6144074.13851978)",MARIA JULIA FERNANDEZ 2620,0
2026-05-03,A_116,94,,,,S,,56144,Matutino,,,102433,"POINT (  566650.539865437,   6144186.98240548)",DR OSCAR GUGLIELMONE 2287,0
2026-05-03,A_116,95,,,,S,,56144,Matutino,,,102413,"POINT (  566725.482513651,   6144102.68440137)",NELSON MARIO LANDO 2632,0
2026-05-03,A_116,96,,,,S,,56144,Matutino,,,180926,"POINT (  566757.965301422,   6144169.11395783)",MANUEL ANGEL ZARDAIN ALONSO 2656,0
2026-05-03,A_116,97,,,,S,,56144,Matutino,,,180925,"POINT (  566756.898950712,   6144172.13528484)",MANUEL ANGEL ZARDAIN ALONSO 2656,0
2026-05-03,A_116,98,,,,S,,56144,Matutino,,,102032,"POINT (  566819.280312380,   6144216.53855091)",AV CENTRAL 2606,0
2026-05-03,A_116,99,,,,S,,56144,Matutino,,,102033,"POINT (  566866.953962830,   6144101.60916948)",AV CENTRAL 2688,0
2026-05-03,A_116,100,,,,S,,56144,Matutino,,,158032,"POINT (  566978.025416059,   6144272.71680282)",MARTIN ARTIGAS 2619,0
2026-05-03,A_116,101,,,,S,,56144,Matutino,,,181151,"POINT (  566830.345620477,   6144732.51452176)",AV LUIS BATLLE BERRES 6465,0
2026-05-03,A_116,102,,,,S,,56144,Matutino,,,181149,"POINT (  566957.763140389,   6144679.72726351)",AV LUIS BATLLE BERRES 6431,0
2026-05-03,A_116,103,,,,S,,56144,Matutino,,,181150,"POINT (  567000.083959502,   6144666.53044895)",AV LUIS BATLLE BERRES 6409,0
2026-05-03,A_116,104,,,,S,,56144,Matutino,,,102112,"POINT (  566635.005729620,   6144690.61938640)",AV ALFREDO MORENO 2431,0
2026-05-03,A_116,105,,,,S,,56144,Matutino,,,102113,"POINT (  566713.182051740,   6144625.85772897)",AV ALFREDO MORENO 2459,0
2026-05-03,A_116,106,,,,S,,56144,Matutino,,,102138,"POINT (  566680.389681210,   6144550.20481671)",AV ALFREDO MORENO 2497,0
2026-05-03,A_116,107,,,,N,,56144,Matutino,,,102114,"POINT (  566743.603850930,   6144417.16135203)",CAP MANUEL ARTIGAS 2549,0
2026-05-03,A_116,108,,,,S,,56144,Matutino,,,102106,"POINT (  566794.739217590,   6144528.97496102)",CAP MANUEL ARTIGAS 2493,0
2026-05-03,A_116,109,,,,S,,56144,Matutino,,,102107,"POINT (  566856.319488440,   6144668.01065367)",CAP MANUEL ARTIGAS 2427,0
2026-05-03,A_112,3,S,100,,S,,56147,Matutino,2026-05-03 07:53:33,35,102361,"POINT (  566704.337074662,   6143119.30028145)",RUTA NAL 1 BRIG GRAL MANUEL ORIBE Esq. AV CIBILS,0
2026-05-03,A_112,4,S,100,,S,,56147,Matutino,2026-05-03 07:53:48,35,102360,"POINT (  566917.171704549,   6143109.58642059)",MANUEL ORIBE 11,0
2026-05-03,A_112,5,S,100,,S,Basura Afuera,56147,Matutino,2026-05-03 07:58:47,35,102355,"POINT (  567013.128388619,   6143085.68053006)",MANUEL ORIBE 313,0
2026-05-03,A_112,6,S,100,,S,Basura Afuera,56147,Matutino,2026-05-03 08:01:05,35,102354,"POINT (  567115.886646100,   6143046.08240953)",MANUEL ORIBE 3,0
2026-05-03,A_112,7,N,,Contenedor No Está,S,,56147,Matutino,2026-05-03 08:04:07,,102359,"POINT (  567199.692378627,   6143010.32598203)",MANUEL ORIBE Esq. 17 METROS,0
2026-05-03,A_112,8,S,100,,S,Basura Afuera,56147,Matutino,2026-05-03 08:04:18,35,122072,"POINT (  567324.249784351,   6142951.09056820)",MANUEL ORIBE Esq. CALLE DE LA VIA Alta operativa,0
2026-05-03,A_112,9,S,100,,S,Basura Afuera,56147,Matutino,2026-05-03 08:04:32,35,102358,"POINT (  567326.912734959,   6142949.64813663)",MANUEL ORIBE Esq. CALLE DE LA VIA,0
2026-05-03,A_112,10,N,,Contenedor No Está,N,,56147,Matutino,2026-05-03 08:08:46,,180681,"POINT (  567348.565630034,   6143080.72981217)",CALLE DE LA VIA 25,0
2026-05-03,A_112,11,S,100,,S,"Basura Afuera, Poda",56147,Matutino,2026-05-03 08:09:21,35,175896,"POINT (  567185.642327669,   6143198.91926667)",CNO LAS PALMERAS Esq. PSJE 8649 traslado operativa,0
2026-05-03,A_112,12,S,100,,S,Basura Afuera,56147,Matutino,2026-05-03 08:09:28,35,102374,"POINT (  567184.056530605,   6143206.17904496)",CNO LAS PALMERAS Esq. PSJE 8649,0
2026-05-03,A_112,13,S,100,,S,Basura Afuera,56147,Matutino,2026-05-03 08:09:40,35,102375,"POINT (  567183.393140970,   6143213.70218108)",CNO LAS PALMERAS Esq. PSJE 8649,0
2026-05-03,A_112,14,S,100,,S,Fuera de Lugar,56147,Matutino,2026-05-03 07:58:28,35,102362,"POINT (  566984.945494711,   6143122.85088226)",CALLE 3 5827,0
2026-05-03,A_112,15,N,,Contenedor Fuera de Alcance,S,"Basura Afuera, Escombro, Poda",56147,Matutino,2026-05-03 08:20:03,,102378,"POINT (  566635.932530981,   6143242.40626882)",PRIMERA AL NORTE 2440,0
2026-05-03,A_112,16,S,100,,S,Basura Afuera,56147,Matutino,2026-05-03 08:20:12,35,102380,"POINT (  566803.254594024,   6143260.15927285)",PRIMERA AL NORTE 2395 Traslado prov. hacia Primera al Norte al lado 2409,0
2026-05-03,A_112,17,S,100,,S,"Basura Afuera, Fuera de Lugar, Poda",56147,Matutino,2026-05-03 08:20:30,35,102381,"POINT (  566949.278894410,   6143277.37802020)",PRIMERA AL NORTE 2369,0
2026-05-03,A_112,18,N,,Contenedor No Está,S,,56147,Matutino,2026-05-03 08:16:49,,140272,"POINT (  566974.848473665,   6143312.75254731)",CALLE 3 5791 fte a escuela,0
2026-05-03,A_112,24,S,100,,S,,56147,Matutino,2026-05-03 08:25:01,35,102364,"POINT (  567023.780191038,   6143398.35531364)",PSJE MARACANA 99,1
2026-05-03,A_112,25,N,,Contenedor Fuera de Alcance,S,"Basura Afuera, Escombro, Poda",56147,Matutino,2026-05-03 08:27:23,,102365,"POINT (  567170.242474337,   6143418.77126828)","PSJE MARACANA 145 PROVISORIO A 123C POR OBRAS, cayo en tolva",1
2026-05-03,A_112,26,S,100,,S,Basura Afuera,56147,Matutino,2026-05-03 08:28:28,35,102366,"POINT (  567312.710331728,   6143438.74339782)",PSJE MARACANA 124,1
2026-05-03,A_112,27,S,100,,S,Basura Afuera,56147,Matutino,2026-05-03 08:29:54,35,179210,"POINT (  567350.699542373,   6143381.22453898)",CALLE DE LA VIA 142,1
2026-05-03,A_112,28,S,100,,S,Basura Afuera,56147,Matutino,2026-05-03 08:30:19,35,102367,"POINT (  567351.530354160,   6143372.19276221)",CALLE DE LA VIA 47,1
2026-05-03,A_112,29,S,100,,S,Basura Afuera,56147,Matutino,2026-05-03 08:30:38,35,179209,"POINT (  567352.959429379,   6143363.14544294)",CALLE DE LA VIA Esq. PRIMERA AL NORTE,1
2026-05-03,A_112,30,S,100,,S,Basura Afuera,56147,Matutino,2026-05-03 08:35:22,35,102368,"POINT (  567268.764423549,   6143335.46810432)",PRIMERA AL NORTE 81,1
2026-05-03,A_112,31,S,100,,S,Basura Afuera,56147,Matutino,2026-05-03 08:36:09,35,102369,"POINT (  567178.036323435,   6143323.97777440)",PRIMERA AL NORTE Esq. CNO LAS PALMERAS,1
2026-05-03,A_112,32,N,,Contenedor No Está,S,Basura Afuera,56147,Matutino,2026-05-03 08:35:50,,102371,"POINT (  567171.892978725,   6143322.84011797)",PRIMERA AL NORTE Esq. CNO LAS PALMERAS,1
2026-05-03,A_112,33,S,100,,S,Poda,56147,Matutino,2026-05-03 08:13:45,35,102277,"POINT (  567082.586949146,   6143311.00849113)",PRIMERA AL NORTE 71,1
2026-05-03,A_112,34,S,100,,S,Basura Afuera,56147,Matutino,2026-05-03 08:15:45,35,102370,"POINT (  566980.652933219,   6143298.38050478)",PRIMERA AL NORTE Esq. CALLE 3,1
2026-05-03,A_114,36,S,100,,S,Basura Afuera,56147,Matutino,2026-05-03 10:03:27,35,145272,"POINT (  567599.162357224,   6140756.20614596)",HAITI 2088,2
2026-05-03,A_114,65,S,100,,S,"Basura Afuera, Escombro",56147,Matutino,2026-05-03 10:19:45,35,183088,"POINT (  568176.044686444,   6141292.59951317)",CNO LA PALOMA 1784 MURO,3
2026-05-03,A_114,66,S,100,,S,Basura Afuera,56147,Matutino,2026-05-03 10:22:31,35,104428,"POINT (  567968.423596991,   6141258.54541346)",CNO LA PALOMA 1910 en 1910,3
2026-05-03,A_114,67,N,,Contenedor No Está,N,,56147,Matutino,2026-05-03 10:23:49,,104430,"POINT (  567870.295685126,   6141242.55219025)",CNO LA PALOMA 1946 1906,3
2026-05-03,A_114,68,S,100,,S,Basura Afuera,56147,Matutino,2026-05-03 10:27:30,35,104417,"POINT (  567711.989882559,   6141217.47806913)",CNO LA PALOMA 1982,3
2026-05-03,A_114,69,S,100,,S,"Basura Afuera, Escombro, Fuera de Lugar, Poda",56147,Matutino,2026-05-03 10:59:41,35,104418,"POINT (  567613.319827535,   6141201.21377434)",CNO LA PALOMA Esq. PSJE B,3
2026-05-03,A_114,70,S,100,,N,Fuera de Lugar,56147,Matutino,2026-05-03 10:45:12,35,104421,"POINT (  567546.024094790,   6141102.63546359)",CUBA 4540,3
2026-05-03,A_114,71,S,100,,S,"Basura Afuera, Escombro, Poda",56147,Matutino,2026-05-03 10:34:14,35,104420,"POINT (  567536.064427309,   6141027.99903489)",CUBA Esq. PSJE 2,3
2026-05-03,A_114,72,S,100,,S,,56147,Matutino,2026-05-03 10:35:24,35,104422,"POINT (  567480.798238200,   6140931.37439468)",ALFREDO MONES QUINTELA 1510,3
2026-05-03,A_114,73,S,100,,S,Fuera de Lugar,56147,Matutino,2026-05-03 10:35:49,35,104380,"POINT (  567417.064003804,   6140829.03249536)",ALFREDO MONES QUINTELA 1428,3
2026-05-03,A_114,74,S,100,,S,"Basura Afuera, Escombro, Poda",56147,Matutino,2026-05-03 10:39:01,35,104375,"POINT (  567385.699417250,   6140728.27818195)",HAITI Esq. DINAMARCA,3
2026-05-03,A_114,75,S,100,,S,"Basura Afuera, Escombro, Poda",56147,Matutino,2026-05-03 10:39:13,35,183390,"POINT (  567385.439694069,   6140725.97645995)",HAITI Esq. DINAMARCA,3
2026-05-03,A_114,76,S,100,,S,Fuera de Lugar,56147,Matutino,2026-05-03 10:44:37,35,183692,"POINT (  567217.999562571,   6140608.83444301)",GIBRALTAR 4357,3
2026-05-03,A_114,77,S,100,,S,,56147,Matutino,2026-05-03 08:51:45,35,183701,"POINT (  567312.979870390,   6140830.63257775)",PSJE CENTRAL Esq. PSJE 6 ANTES PSJE 6,3
2026-05-03,A_114,78,S,75,,S,,56147,Matutino,2026-05-03 08:53:54,35,183700,"POINT (  567344.891837377,   6140886.20341681)",PSJE CENTRAL 4462 ANTES PSJE 5,3
2026-05-03,A_114,79,S,100,,S,,56147,Matutino,2026-05-03 10:49:46,35,183699,"POINT (  567375.153185383,   6140937.37260526)",PSJE CENTRAL 4476 ANTES PSJE 4,3
2026-05-03,A_114,80,N,,Fuego,S,,56147,Matutino,2026-05-03 10:51:18,,183698,"POINT (  567408.165565025,   6140990.74261901)",PSJE CENTRAL 4492 ANTES PSJE 3,3
2026-05-03,A_114,81,S,75,,S,,56147,Matutino,2026-05-03 10:52:35,35,183697,"POINT (  567443.378769977,   6141048.51428339)",PSJE CENTRAL 4514 ANTES PSJE 2,3
2026-05-03,A_114,82,S,100,,S,,56147,Matutino,2026-05-03 10:53:47,35,183702,"POINT (  567455.057894222,   6141114.62809904)",PSJE CENTRAL Esq. PSJE 1 PDO PSJE 1,3
2026-05-03,A_114,83,S,100,,S,"Basura Afuera, Escombro, Poda",56147,Matutino,2026-05-03 10:57:30,35,104419,"POINT (  567527.154050069,   6141183.40778039)",CNO LA PALOMA 2085,3
2026-05-03,A_114,84,N,,Contenedor No Está,N,,56147,Matutino,2026-05-03 10:02:51,,104412,"POINT (  567667.343951700,   6140878.87958495)",PUERTO RICO Esq. PSJE BELICE,3
2026-05-03,A_114,85,S,100,,N,Fuera de Lugar,56147,Matutino,2026-05-03 10:46:41,35,144772,"POINT (  567714.819875836,   6140562.42072511)",PUERTO RICO Esq. AV CARLOS MARIA RAMIREZ EN 4379,3
2026-05-03,A_114,86,S,75,,S,,56147,Matutino,2026-05-03 10:00:28,35,179148,"POINT (  567613.995614379,   6140649.12671438)",CUBA 4380,3
2026-05-03,A_114,87,N,,Contenedor No Está,N,,56147,Matutino,2026-05-03 10:02:02,,104416,"POINT (  567589.344122004,   6140778.46982201)",CUBA 4402,3
2026-05-03,A_114,88,N,,Contenedor No Está,S,,56147,Matutino,2026-05-03 10:04:23,,104415,"POINT (  567577.009934300,   6140926.92824283)",PORTO ALEGRE 2087,3
2026-05-03,A_114,89,S,100,,S,"Basura Afuera, Escombro",56147,Matutino,2026-05-03 10:07:37,35,104408,"POINT (  567878.557150160,   6140893.30972423)",VIZCAYA 4401,3
2026-05-03,A_114,90,S,50,,S,,56147,Matutino,2026-05-03 10:09:16,35,139933,"POINT (  567864.264258003,   6141017.84228469)",VIZCAYA 4524 contenedor de apoyo en 4522,3
2026-05-03,A_114,91,S,100,,S,"Basura Afuera, Escombro, Poda",56147,Matutino,2026-05-03 10:10:46,35,104385,"POINT (  568012.391321520,   6141082.44330076)",BAHIA 1832,3
2026-05-03,A_114,92,S,100,,S,"Basura Afuera, Escombro, Fuera de Lugar, Poda",56147,Matutino,2026-05-03 10:13:46,35,104384,"POINT (  568079.294283730,   6141114.23227025)",BAHIA 1810,3
2026-05-03,A_114,93,S,100,,S,"Basura Afuera, Escombro, Poda",56147,Matutino,2026-05-03 10:14:02,35,104383,"POINT (  568196.901518590,   6141139.66455438)",BAHIA Esq. CALLE 101,3
2026-05-03,A_105,35,,,,S,,56147,Matutino,,,100476,"POINT (  569492.533910022,   6142118.21559368)",PEDRO GIRALT 4603,4
2026-05-03,A_105,36,,,,S,,56147,Matutino,,,100474,"POINT (  569601.030593720,   6142182.77439801)",ANTONIO ZUBILLAGA 737,4
2026-05-03,A_105,37,,,,S,,56147,Matutino,,,100443,"POINT (  569679.305413970,   6142256.12243060)",ANTONIO ZUBILLAGA 665,4
2026-05-03,A_105,38,,,,S,,56147,Matutino,,,100442,"POINT (  569783.477570840,   6142358.25744026)",ANTONIO ZUBILLAGA 623,4
2026-05-03,A_105,39,,,,S,,56147,Matutino,,,100472,"POINT (  569902.657597810,   6142473.97150936)",ANTONIO ZUBILLAGA 543,4
2026-05-03,A_105,40,,,,S,,56147,Matutino,,,100473,"POINT (  569973.793986450,   6142542.58116616)",ANTONIO ZUBILLAGA 489,4
2026-05-03,A_105,41,,,,S,,56147,Matutino,,,100441,"POINT (  570063.880115600,   6142630.67366298)",ANTONIO ZUBILLAGA 427,4
2026-05-03,A_105,42,,,,S,,56147,Matutino,,,100466,"POINT (  570156.499985010,   6142600.29523917)",GREGORIO CAMINO 416,4
2026-05-03,A_105,43,,,,S,,56147,Matutino,,,100467,"POINT (  570083.965315750,   6142528.95848564)",GREGORIO CAMINO 454,4
2026-05-03,A_105,44,,,,S,,56147,Matutino,,,100438,"POINT (  570003.595517270,   6142452.20420141)",GREGORIO CAMINO 512,4
2026-05-03,A_105,45,,,,S,,56147,Matutino,,,100468,"POINT (  569932.468294370,   6142384.73650783)",GREGORIO CAMINO 556,4
2026-05-03,A_105,46,,,,S,,56147,Matutino,,,100439,"POINT (  569840.298277230,   6142293.46596500)",GREGORIO CAMINO 628,4
2026-05-03,A_105,47,,,,S,,56147,Matutino,,,100469,"POINT (  569711.877941170,   6142168.12448727)",GREGORIO CAMINO 716,4
2026-05-03,A_105,48,,,,S,,56147,Matutino,,,100440,"POINT (  569607.489878000,   6142067.36178667)",GREGORIO CAMINO 786,4
2026-05-03,A_105,49,,,,S,,56147,Matutino,,,100470,"POINT (  569517.648081420,   6141979.95326123)",GREGORIO CAMINO 840,4
2026-05-03,A_105,50,,,,S,,56147,Matutino,,,100471,"POINT (  569461.626389550,   6141853.10349765)",RIVERA INDARTE 4525,4
2026-05-03,A_105,51,,,,S,,56147,Matutino,,,100450,"POINT (  569492.161687930,   6141823.59379724)",RIVERA INDARTE 4523,4
2026-05-03,A_105,52,,,,S,,56147,Matutino,,,100451,"POINT (  569577.372470490,   6141874.97888175)",JUAN C MOLINA 855,4
2026-05-03,A_105,53,,,,S,,56147,Matutino,,,100453,"POINT (  569650.794165170,   6141943.56902711)",JUAN C MOLINA 803,4
2026-05-03,A_105,54,,,,S,,56147,Matutino,,,100454,"POINT (  569726.085585560,   6142016.70917860)",JUAN C MOLINA 753,4
2026-05-03,A_105,55,,,,S,,56147,Matutino,,,100455,"POINT (  569851.717506270,   6142137.39115123)",JUAN C MOLINA 677,4
2026-05-03,A_105,56,,,,S,,56147,Matutino,,,120112,"POINT (  569984.037218999,   6142265.43344587)",JUAN C MOLINA 582,4
2026-05-03,A_105,57,,,,S,,56147,Matutino,,,100457,"POINT (  570045.500909190,   6142325.79045093)",JUAN C MOLINA 547,4
2026-05-03,A_105,58,,,,S,,56147,Matutino,,,100458,"POINT (  570163.523696350,   6142439.68385838)",JUAN C MOLINA 455,4
2026-05-03,A_105,102,,,,S,,56147,Matutino,,,100299,"POINT (  569438.676322530,   6140740.75401712)",BENITO RIQUE 1297,5
2026-05-03,A_105,103,,,,S,,56147,Matutino,,,100300,"POINT (  569482.477183350,   6140652.80015682)",CURUZU 4155,5
2026-05-03,A_105,104,,,,S,,56147,Matutino,,,100288,"POINT (  569501.988932610,   6140508.86236571)",DR MARTIN BERINDUAGUE Esq. INDIGENAS,5
2026-05-03,A_105,105,,,,S,,56147,Matutino,,,130016,"POINT (  569638.827142907,   6140498.71716186)",CURUZU Esq. EMILIO ROMERO,5
2026-05-03,A_105,106,,,,S,,56147,Matutino,,,100302,"POINT (  569713.481456870,   6140556.57830835)",EMILIO ROMERO Esq. LEONARDO OLIVERA,5
2026-05-03,A_105,107,,,,S,,56147,Matutino,,,100290,"POINT (  569785.316400740,   6140628.70616867)",EMILIO ROMERO Esq. CALERA DE LAS HUERFANAS,5
2026-05-03,A_105,108,,,,S,,56147,Matutino,,,155752,"POINT (  569832.769469489,   6140749.00342646)",JOAQUIN R SANCHEZ Esq. CAMAMBU,5
2026-05-03,A_105,109,,,,S,,56147,Matutino,,,100303,"POINT (  569732.731474000,   6140706.57413723)",CALERA DE LAS HUERFANAS 4096,5
2026-05-03,A_105,110,,,,S,,56147,Matutino,,,100304,"POINT (  569730.462023930,   6140709.55778167)",CALERA DE LAS HUERFANAS 4096,5
2026-05-03,A_105,111,,,,S,,56147,Matutino,,,100305,"POINT (  569648.667835260,   6140654.04767196)",DR MARTIN BERINDUAGUE Esq. LEONARDO OLIVERA,5
2026-05-03,A_105,112,,,,S,,56147,Matutino,,,100306,"POINT (  569572.446718020,   6140728.55780031)",LEONARDO OLIVERA 4156,5
2026-05-03,A_107,65,S,50,,S,"Basura Afuera, Requiere Limpieza",56148,Matutino,2026-05-03 07:05:10,,165132,"POINT (  570676.980049976,   6142738.17580845)",JOSE MARMOL 159,0
2026-05-03,A_107,66,S,50,,S,"Basura Afuera, Requiere Limpieza",56148,Matutino,2026-05-03 07:07:36,,109392,"POINT (  570705.567621341,   6142773.60519193)",JOSE MARMOL 134,0
2026-05-03,A_107,67,S,75,,S,,56148,Matutino,2026-05-03 07:10:09,,182280,"POINT (  570854.248545455,   6142842.92408182)",JULIAN LAGUNA 4378,0
2026-05-03,A_107,68,S,50,,S,,56148,Matutino,2026-05-03 07:14:22,,100668,"POINT (  570968.334725712,   6143036.60486700)",SAN QUINTIN 4367 (*) REUBICAR PARA OPTIMIZAR RUTA,0
2026-05-03,A_107,69,S,100,,S,"Basura Afuera, Requiere Limpieza",56148,Matutino,2026-05-03 07:16:55,,183627,"POINT (  570840.129797175,   6143082.20158362)",SANTA LUCIA 4418,0
2026-05-03,A_107,70,S,50,,S,,56148,Matutino,2026-05-03 07:20:48,,100670,"POINT (  570780.395836600,   6143196.43932677)",GUAYRA 134,0
2026-05-03,A_107,71,S,75,,S,"Basura Afuera, Requiere Limpieza",56148,Matutino,2026-05-03 07:23:36,,100656,"POINT (  570810.142651342,   6143342.58654777)",TIMOTE 4495,0
2026-05-03,A_107,72,S,50,,S,"Basura Afuera, Requiere Limpieza",56148,Matutino,2026-05-03 07:29:30,,121518,"POINT (  570716.834144051,   6143379.40336585)",VITORIA 189,0
2026-05-03,A_107,73,S,75,,S,"Basura Afuera, Requiere Limpieza",56148,Matutino,2026-05-03 07:30:03,,176241,"POINT (  570663.910932898,   6143299.15607996)",VITORIA 157,0
2026-05-03,A_107,74,S,75,,S,"Basura Afuera, Requiere Limpieza",56148,Matutino,2026-05-03 07:30:14,,175448,"POINT (  570662.311487006,   6143296.11785706)",VITORIA 127,0
2026-05-03,A_107,75,S,75,,S,"Basura Afuera, Requiere Limpieza",56148,Matutino,2026-05-03 07:30:32,,143553,"POINT (  570659.370065772,   6143291.51514115)",VITORIA 127 FTE 136,0
2026-05-03,A_107,76,S,100,,S,"Basura Afuera, Requiere Limpieza",56148,Matutino,2026-05-03 07:35:20,,183356,"POINT (  570823.799327893,   6142945.78612879)",JOSE MARMOL Esq. JOSE LLUPES,0
2026-05-03,A_107,77,S,75,,S,"Basura Afuera, Requiere Limpieza",56148,Matutino,2026-05-03 07:35:27,,183355,"POINT (  570824.986271513,   6142947.26980831)",JOSE MARMOL Esq. JOSE LLUPES,0
2026-05-03,A_107,78,S,100,,S,"Basura Afuera, Requiere Limpieza",56148,Matutino,2026-05-03 07:39:30,,100661,"POINT (  570984.719281420,   6142681.89969308)",AV CARLOS MARIA RAMIREZ 92,0
2026-05-03,A_107,79,S,75,,S,"Basura Afuera, Requiere Limpieza",56148,Matutino,2026-05-03 07:43:21,,179125,"POINT (  570880.406809604,   6142582.86063955)",AV CARLOS MARIA RAMIREZ 164,0
2026-05-03,A_107,80,S,75,,S,,56148,Matutino,2026-05-03 07:45:31,,100663,"POINT (  570805.570977630,   6142512.02084868)",AV CARLOS MARIA RAMIREZ 212,0
2026-05-03,A_107,81,S,75,,S,,56148,Matutino,2026-05-03 07:47:17,,100664,"POINT (  570731.190531690,   6142463.69358606)",BV MANUEL HERRERA Y OBES 4304,0
2026-05-03,A_107,82,S,100,,S,"Basura Afuera, Requiere Limpieza",56148,Matutino,2026-05-03 07:52:11,,181676,"POINT (  570669.565673203,   6142524.49217212)",LAURELES 239 FTE 244,0
2026-05-03,A_107,83,S,75,,S,"Basura Afuera, Requiere Limpieza",56148,Matutino,2026-05-03 07:54:23,,100654,"POINT (  570713.512757300,   6142591.31666601)",LAURELES 203,0
2026-05-03,A_107,84,S,75,,S,"Basura Afuera, Requiere Limpieza",56148,Matutino,2026-05-03 07:54:15,,140212,"POINT (  570770.386855693,   6142673.44626861)",LAURELES 155,0
2026-05-03,A_107,1,,,,S,,56148,Matutino,,,100650,"POINT (  569713.641892947,   6143142.44957690)",CAMPICHUELO 306,1
2026-05-03,A_107,2,,,,S,,56148,Matutino,,,100651,"POINT (  569788.556568715,   6143287.97005472)",CAMPICHUELO 392,1
2026-05-03,A_107,3,,,,S,,56148,Matutino,,,171512,"POINT (  569832.583872469,   6143349.23285335)",CAMPICHUELO 408 FTE 409,1
2026-05-03,A_107,4,,,,S,,56148,Matutino,,,100619,"POINT (  569946.788043720,   6143442.67055153)",CAMPICHUELO 496 EN 470,1
2026-05-03,A_107,5,,,,S,,56148,Matutino,,,100645,"POINT (  570097.172923430,   6143470.13963396)",JOSE LLUPES 4841 (*) REUBICAR Y OPTIMIZAR RUTA,1
2026-05-03,A_107,6,,,,S,,56148,Matutino,,,100646,"POINT (  570061.736427620,   6143633.57699655)",OFELIA MACHADO BONET Esq. SANTA LUCIA,1
2026-05-03,A_107,7,,,,S,,56148,Matutino,,,100647,"POINT (  570180.430362343,   6143742.13042230)",TIMOTE 4854,1
2026-05-03,A_107,8,,,,S,,56148,Matutino,,,100642,"POINT (  570296.150425370,   6143662.11681239)",TIMOTE 4822,1
2026-05-03,A_107,9,,,,S,,56148,Matutino,,,100643,"POINT (  570245.894452674,   6143539.33524242)",BERNARDO DE GUZMAN 118,1
2026-05-03,A_107,10,,,,S,,56148,Matutino,,,182281,"POINT (  569992.579263636,   6143292.06571818)",RODOLFO RINCON 110 RODOLFO RINCON 108,1
2026-05-03,A_107,11,,,,S,,56148,Matutino,,,100641,"POINT (  569978.136972260,   6143249.47636467)",RODOLFO RINCON 403,1
2026-05-03,A_107,12,,,,S,,56148,Matutino,,,100639,"POINT (  569873.833826890,   6143244.07883411)",CAONABO 387,1
2026-05-03,A_107,13,,,,S,,56148,Matutino,,,100640,"POINT (  569788.347779090,   6143117.87557320)",CAONABO 311,1
2026-05-03,A_107,14,,,,S,,56148,Matutino,,,179538,"POINT (  569780.650836890,   6143105.52106720)",CAONABO 305,1
2026-05-03,A_107,15,,,,S,,56148,Matutino,,,100636,"POINT (  569713.475774550,   6143033.02242745)",CAONABO 267 EN 271,1
2026-05-03,A_107,16,,,,S,,56148,Matutino,,,100637,"POINT (  569924.553478020,   6142862.27919764)",GOWLAND 293,1
2026-05-03,A_107,17,,,,S,,56148,Matutino,,,100638,"POINT (  569968.386499960,   6142927.71909097)",GOWLAND 273,1
2026-05-03,A_107,18,,,,S,,56148,Matutino,,,100618,"POINT (  569927.790242290,   6143005.33586005)",BV MANUEL HERRERA Y OBES 4732,1
2026-05-03,A_107,19,,,,S,,56148,Matutino,,,100635,"POINT (  569880.166001790,   6143061.65092466)",RODOLFO RINCON 306,1
2026-05-03,A_107,20,,,,S,,56148,Matutino,,,100634,"POINT (  569961.167490217,   6143105.54684653)",DR VICENTE BASAGOITY 4739,1
2026-05-03,A_107,21,,,,S,,56148,Matutino,,,100630,"POINT (  570069.928600730,   6143077.50023280)",GOWLAND 193,1
2026-05-03,A_107,22,,,,S,,56148,Matutino,,,100617,"POINT (  570135.473456770,   6143176.51731849)",GOWLAND 139,1
2026-05-03,A_107,23,,,,S,,56148,Matutino,,,100631,"POINT (  570191.088056880,   6143267.28216350)",GOWLAND 61,1
2026-05-03,A_107,24,,,,S,,56148,Matutino,,,100633,"POINT (  570322.182808010,   6143465.10586010)",DIOGENES HECQUET 104,1
2026-05-03,A_107,25,,,,S,,56148,Matutino,,,100697,"POINT (  570395.081105670,   6143571.11677789)",DIOGENES HECQUET 183,1
2026-05-03,A_107,26,,,,S,,56148,Matutino,,,100698,"POINT (  570463.375387690,   6143552.43867529)",TIMOTE 4726 EN 4736,1
2026-05-03,A_107,27,,,,S,,56148,Matutino,,,100699,"POINT (  570442.047797160,   6143485.11506327)",FLEYTAS Esq. PROF DR PEDRO ALBERTO BARCIA,1
2026-05-03,A_107,28,,,,S,,56148,Matutino,,,100621,"POINT (  570335.310616100,   6143330.67257798)",FLEYTAS 65,1
2026-05-03,A_107,29,,,,S,,56148,Matutino,,,100622,"POINT (  570262.010387000,   6143227.87052096)",ADOLFO VAILLANT 58,1
2026-05-03,A_107,30,,,,S,,56148,Matutino,,,100623,"POINT (  570205.264067020,   6143101.45083605)",ADOLFO VAILLANT 137,1
2026-05-03,A_107,31,,,,S,,56148,Matutino,,,100624,"POINT (  570128.410705700,   6142982.44734273)",ADOLFO VAILLANT 214,1
2026-05-03,A_107,32,,,,S,,56148,Matutino,,,100625,"POINT (  570018.182255580,   6142818.85389177)",ADOLFO VAILLANT 294 MURO,1
2026-05-03,A_107,33,S,75,,S,"Basura Afuera, Requiere Limpieza",56148,Matutino,2026-05-03 08:01:34,,180127,"POINT (  570127.121663368,   6142761.62871309)",ANTONIO ZUBILLAGA 279,1
2026-05-03,A_107,34,S,75,,S,"Basura Afuera, Requiere Limpieza",56148,Matutino,2026-05-03 08:04:04,,183288,"POINT (  570187.803456204,   6142849.86526861)",ANTONIO ZUBILLAGA 239,1
2026-05-03,A_107,35,S,50,,S,,56148,Matutino,2026-05-03 08:08:22,,126992,"POINT (  570283.382409954,   6142987.73778098)",ANTONIO ZUBILLAGA 163,1
2026-05-03,A_107,36,S,75,,S,,56148,Matutino,2026-05-03 08:11:16,,100616,"POINT (  570316.074720910,   6143032.47646993)",ANTONIO ZUBILLAGA 135,1
2026-05-03,A_107,37,S,75,,S,"Basura Afuera, Requiere Limpieza",56148,Matutino,2026-05-03 08:13:04,,100629,"POINT (  570353.733759990,   6143089.63443011)",ANTONIO ZUBILLAGA 93,1
2026-05-03,A_107,38,S,75,,S,"Basura Afuera, Requiere Limpieza",56148,Matutino,2026-05-03 08:14:42,,100695,"POINT (  570389.221861000,   6143143.39232480)",ANTONIO ZUBILLAGA 55,1
2026-05-03,A_107,39,S,75,,S,,56148,Matutino,2026-05-03 08:16:31,,100691,"POINT (  570440.389049130,   6143297.19043747)",VILLAVICENCIO 124,1
2026-05-03,A_107,40,S,75,,S,,56148,Matutino,2026-05-03 08:19:12,,181342,"POINT (  570472.263757627,   6143344.48068870)",VILLAVICENCIO 156,1
2026-05-03,A_107,41,S,50,,S,,56148,Matutino,2026-05-03 08:22:06,,100693,"POINT (  570527.618443770,   6143425.51264219)",VILLAVICENCIO 204 EN 204,1
2026-05-03,A_107,42,S,100,,S,,56148,Matutino,2026-05-03 08:24:06,,100665,"POINT (  570615.485418390,   6143455.26935647)",TIMOTE 4617,1
2026-05-03,A_107,43,S,75,,S,"Basura Afuera, Requiere Limpieza",56148,Matutino,2026-05-03 08:29:37,,100687,"POINT (  570529.659713130,   6143272.58490438)",LADINES 83 EN 103,1
2026-05-03,A_107,44,S,50,,S,"Basura Afuera, Requiere Limpieza",56148,Matutino,2026-05-03 08:44:19,,183353,"POINT (  570474.392799703,   6143195.48939288)",LADINES Esq. JOSE LLUPES,1
2026-05-03,A_107,45,S,50,,S,"Basura Afuera, Requiere Limpieza",56148,Matutino,2026-05-03 08:44:41,,183354,"POINT (  570473.650959941,   6143193.85734540)",LADINES Esq. JOSE LLUPES,1
2026-05-03,A_107,46,S,75,,S,,56148,Matutino,2026-05-03 08:46:02,,181948,"POINT (  570440.952281699,   6143145.58742397)",LADINES 75,1
2026-05-03,A_107,47,S,50,,S,,56148,Matutino,2026-05-03 08:47:22,,100689,"POINT (  570465.463417280,   6143098.49298349)",JULIAN LAGUNA 4579,1
2026-05-03,A_107,48,,,,S,,56148,Matutino,,,100690,"POINT (  570418.836897870,   6143005.09967379)",GREGORIO CAMINO 102,1
2026-05-03,A_107,49,,,,S,,56148,Matutino,,,100615,"POINT (  570354.101556610,   6142913.98167597)",GREGORIO CAMINO 174,1
2026-05-03,A_107,50,,,,S,,56148,Matutino,,,100685,"POINT (  570269.044053050,   6142788.21110259)",GREGORIO CAMINO 250,1
2026-05-03,A_107,51,,,,S,,56148,Matutino,,,149412,"POINT (  570199.051449261,   6142683.02124926)",GREGORIO CAMINO 284,1
2026-05-03,A_107,52,,,,S,,56148,Matutino,,,100611,"POINT (  570298.553869090,   6142608.17644033)",JUAN C MOLINA 293,1
2026-05-03,A_107,53,,,,S,,56148,Matutino,,,100682,"POINT (  570370.605322000,   6142716.53305460)",JUAN C MOLINA 242,1
2026-05-03,A_107,54,,,,S,,56148,Matutino,,,100683,"POINT (  570447.624990720,   6142829.12327804)",JUAN C MOLINA 189 EN 191,1
2026-05-03,A_107,55,,,,S,,56148,Matutino,,,100684,"POINT (  570441.094919550,   6142928.47579144)",VITORIA 4,1
2026-05-03,A_107,56,,,,S,,56148,Matutino,,,100700,"POINT (  570493.311124430,   6142995.55777879)",VITORIA 32 EN 32,1
2026-05-03,A_107,57,,,,S,,56148,Matutino,,,100676,"POINT (  570545.200158410,   6143047.90702846)",JULIAN LAGUNA 4547,1
2026-05-03,A_107,58,,,,S,,56148,Matutino,,,137912,"POINT (  570584.581970436,   6142853.89076447)",INCLUSA 142,1
2026-05-03,A_107,59,,,,S,,56148,Matutino,,,100679,"POINT (  570559.278818510,   6142814.59695441)",INCLUSA 154,1
2026-05-03,A_107,60,,,,S,,56148,Matutino,,,134972,"POINT (  570498.027558476,   6142722.61169294)",INCLUSA 206,1
2026-05-03,A_107,61,,,,S,,56148,Matutino,,,122772,"POINT (  570378.632248939,   6142545.45353560)",INCLUSA 288,1
2026-05-03,A_107,62,,,,S,,56148,Matutino,,,180826,"POINT (  570401.541342737,   6142502.16662073)",AV LUIS BATLLE BERRES 4438,1
2026-05-03,A_107,63,,,,S,,56148,Matutino,,,181480,"POINT (  570494.294816776,   6142468.45526035)",JOSE MARMOL 290 EN 297,1
2026-05-03,A_107,64,,,,S,,56148,Matutino,,,181479,"POINT (  570495.384141395,   6142470.52497713)",JOSE MARMOL 290 EN 297,1
2026-05-03,A_111,1,N,,Contenedor No Está,N,,56149,Matutino,2026-05-03 09:56:02,,101540,"POINT (  568405.158851210,   6143915.60440946)",PSJE F Esq. PSJE A - 7925,0
2026-05-03,A_111,2,S,100,,S,,56149,Matutino,2026-05-03 06:44:20,15,101554,"POINT (  568596.465003750,   6143796.54190934)","RBLA COSTANERA CAÑADA JESUS MARIA Esq. ERCILIA QUIROGA FALTA, DENUNCIA LA TRIPULACION",0
2026-05-03,A_111,3,S,100,,S,,56149,Matutino,2026-05-03 06:44:31,15,183570,"POINT (  568608.660641784,   6143789.72062028)",RBLA COSTANERA CAÑADA JESUS MARIA 5496,0
2026-05-03,A_111,4,N,,Fuego,S,,56149,Matutino,2026-05-03 06:44:37,,101553,"POINT (  568698.577634063,   6143738.45759939)",RBLA COSTANERA CAÑADA JESUS MARIA Esq. PSJE PROF JOSE TOMAS MUJICA FTE,0
2026-05-03,A_111,5,S,75,,S,,56149,Matutino,2026-05-03 06:48:31,15,101552,"POINT (  568767.617347676,   6143790.75414892)",RBLA COSTANERA CAÑADA JESUS MARIA Esq. CELIA CORREA LUNA,0
2026-05-03,A_111,6,N,,"Contenedor Roto (choque, desfonde, etc.)",S,,56149,Matutino,2026-05-03 06:54:21,,101512,"POINT (  568701.685071751,   6143842.40030170)",CELIA CORREA LUNA 5466,0
2026-05-03,A_111,7,N,,Contenedor No Está,N,,56149,Matutino,2026-05-03 06:48:54,,101551,"POINT (  568639.468243239,   6143884.95804415)",CELIA CORREA LUNA 5494,0
2026-05-03,A_111,8,N,,Contenedor No Está,N,,56149,Matutino,2026-05-03 06:54:50,,159272,"POINT (  568541.791338328,   6143895.70898303)",CALLE CATAMARCA Esq. PSJE CARMELO CALVO Movido por vecinos,0
2026-05-03,A_111,9,S,100,,N,,56149,Matutino,2026-05-03 06:59:08,15,159292,"POINT (  568537.243812282,   6143889.50781114)",CALLE CATAMARCA Esq. PSJE CARMELO CALVO 294. muro ciego,0
2026-05-03,A_111,10,S,100,,S,,56149,Matutino,2026-05-03 07:03:08,15,101596,"POINT (  568540.421912850,   6144216.33540749)",CARLOS DE LA VEGA Esq. GUAZUCUA,0
2026-05-03,A_111,11,N,,Contenedor No Está,N,,56149,Matutino,2026-05-03 07:03:20,,101597,"POINT (  568542.333940847,   6144215.06933490)",CARLOS DE LA VEGA Esq. GUAZUCUA,0
2026-05-03,A_111,12,N,,Fuego,S,,56149,Matutino,2026-05-03 07:04:49,,183571,"POINT (  568544.375159925,   6144213.90661517)",CARLOS DE LA VEGA Esq. GUAZUCUA,0
2026-05-03,A_111,13,N,,Contenedor No Está,N,,56149,Matutino,2026-05-03 07:05:27,,101598,"POINT (  568623.057645350,   6144160.08382249)",CARLOS DE LA VEGA Esq. PSJE 20 MTS,0
2026-05-03,A_111,14,S,100,,S,"Basura Afuera, Escombro, Poda, Requiere Limpieza, Requiere Mantenimiento",56149,Matutino,2026-05-03 07:07:17,15,182293,"POINT (  568935.849973171,   6143934.85388050)",CARLOS DE LA VEGA 5360,0
2026-05-03,A_111,15,S,100,,S,"Basura Afuera, Poda, Requiere Limpieza, Requiere Mantenimiento",56149,Matutino,2026-05-03 07:08:38,15,101590,"POINT (  568937.195018753,   6143933.78275081)",CARLOS DE LA VEGA 5360,0
2026-05-03,A_111,16,S,100,,S,"Basura Afuera, Poda, Requiere Limpieza, Requiere Mantenimiento",56149,Matutino,2026-05-03 07:10:02,15,101591,"POINT (  568938.950559112,   6143932.21838245)",CARLOS DE LA VEGA 5360,0
2026-05-03,A_111,17,S,100,,S,"Basura Afuera, Poda, Requiere Limpieza, Requiere Mantenimiento",56149,Matutino,2026-05-03 07:10:14,15,182294,"POINT (  568940.500852083,   6143931.18485380)",CARLOS DE LA VEGA 5360,0
2026-05-03,A_111,18,S,100,,S,"Basura Afuera, Poda",56149,Matutino,2026-05-03 07:12:00,15,180227,"POINT (  568952.090538418,   6143923.78625537)",CARLOS DE LA VEGA 5303 FTE 5350,0
2026-05-03,A_111,19,N,,Contenedor No Está,N,,56149,Matutino,2026-05-03 07:12:27,,180226,"POINT (  568955.176958869,   6143921.46968452)",CARLOS DE LA VEGA 5303 FTE 5350,0
2026-05-03,A_111,20,S,75,,S,,56149,Matutino,2026-05-03 09:56:09,24,101585,"POINT (  568947.791870740,   6144066.28957906)",JOSE PRAT 5415,0
2026-05-03,A_111,21,S,75,,S,,56149,Matutino,2026-05-03 07:16:07,15,101592,"POINT (  568876.063088230,   6144116.71974715)",JOSE PRAT 5468,0
2026-05-03,A_111,22,S,100,,S,,56149,Matutino,2026-05-03 07:17:05,15,101582,"POINT (  568771.763776910,   6144188.52148163)",JOSE PRAT 5600,0
2026-05-03,A_111,23,S,100,,S,,56149,Matutino,2026-05-03 07:18:36,15,101583,"POINT (  568698.472238870,   6144235.39889198)",JOSE PRAT 5696,0
2026-05-03,A_111,24,S,100,,S,,56149,Matutino,2026-05-03 07:23:47,15,101584,"POINT (  568606.581082630,   6144291.32441515)",SALTA 5736,0
2026-05-03,A_111,25,N,,Fuego,S,,56149,Matutino,2026-05-03 07:23:55,,101577,"POINT (  568526.246415900,   6144354.03588448)",SALTA Esq. LA RIOJA,0
2026-05-03,A_111,26,S,100,,S,,56149,Matutino,2026-05-03 07:26:43,15,101578,"POINT (  568417.415154920,   6144436.05133116)",SALTA 5800,0
2026-05-03,A_111,27,S,100,,S,,56149,Matutino,2026-05-03 07:26:49,15,101579,"POINT (  568468.997324210,   6144494.97782840)",JULIAN LAGUNA 5794,0
2026-05-03,A_111,28,N,,Contenedor No Está,N,,56149,Matutino,2026-05-03 07:26:57,,101580,"POINT (  568611.922584900,   6144390.05086253)",JULIAN LAGUNA 5743 cruzado,0
2026-05-03,A_111,29,S,100,,S,Basura Afuera,56149,Matutino,2026-05-03 08:25:35,24,101581,"POINT (  568733.026779370,   6144308.19600303)",JULIAN LAGUNA 5685,0
2026-05-03,A_111,30,S,100,,S,,56149,Matutino,2026-05-03 08:32:29,24,101515,"POINT (  568847.976960650,   6144224.35001877)",JULIAN LAGUNA 5589,0
2026-05-03,A_111,31,S,75,,S,,56149,Matutino,2026-05-03 08:33:53,24,101516,"POINT (  568910.544017600,   6144179.58844357)",JULIAN LAGUNA 5549,0
2026-05-03,A_111,32,N,,No Levantado por Feria,S,,56149,Matutino,2026-05-03 08:34:02,,101576,"POINT (  568967.019900710,   6144140.98159778)",JULIAN LAGUNA 5517,0
2026-05-03,A_111,33,N,,No Levantado por Feria,S,,56149,Matutino,2026-05-03 08:34:07,,101517,"POINT (  569002.632387850,   6144116.27711544)",JULIAN LAGUNA 5511,0
2026-05-03,A_111,34,N,,No Levantado por Feria,S,,56149,Matutino,2026-05-03 08:36:13,,101575,"POINT (  569104.716974580,   6144191.99987142)",CARLOS MARIA HERRERA 561,0
2026-05-03,A_111,35,N,,Contenedor No Está,N,,56149,Matutino,2026-05-03 08:36:29,,101531,"POINT (  569118.981399040,   6144286.45776786)",SANTA LUCIA 5508,0
2026-05-03,A_111,36,S,100,,S,,56149,Matutino,2026-05-03 08:37:53,24,101532,"POINT (  569074.200018260,   6144316.06871827)",SANTA LUCIA 5532,0
2026-05-03,A_111,37,S,100,,S,Basura Afuera,56149,Matutino,2026-05-03 08:40:29,24,163532,"POINT (  569006.767502981,   6144362.18013273)",SANTA LUCIA 5594 fte al 5594,0
2026-05-03,A_111,38,S,100,,S,Basura Afuera,56149,Matutino,2026-05-03 08:42:46,24,101534,"POINT (  568813.451469480,   6144496.21762100)",SANTA LUCIA 5696,0
2026-05-03,A_111,39,S,100,,S,,56149,Matutino,2026-05-03 08:45:19,24,183119,"POINT (  568682.217545534,   6144589.75265077)",SANTA LUCIA 5758,0
2026-05-03,A_111,40,S,100,,S,"Basura Afuera, Poda",56149,Matutino,2026-05-03 08:47:24,24,101536,"POINT (  568659.773662700,   6144633.55862333)",CLEVELAND 608,0
2026-05-03,A_111,41,S,100,,S,Basura Afuera,56149,Matutino,2026-05-03 08:49:58,24,166892,"POINT (  568762.645972858,   6144776.55707781)",CLEVELAND 704,0
2026-05-03,A_111,42,S,100,,S,Basura Afuera,56149,Matutino,2026-05-03 08:54:02,24,177304,"POINT (  568764.198733898,   6144778.20432090)",CLEVELAND 704 PROV A,0
2026-05-03,A_111,43,S,75,,S,,56149,Matutino,2026-05-03 08:56:26,24,101537,"POINT (  568846.268877705,   6144957.50463841)",EMANCIPACION 5821 5831,0
2026-05-03,A_111,44,S,100,,S,,56149,Matutino,2026-05-03 08:58:45,24,101538,"POINT (  568567.610945500,   6144893.14004933)",CORDOBA 739 cerco rejas,0
2026-05-03,A_111,45,S,100,,S,,56149,Matutino,2026-05-03 09:00:06,24,101530,"POINT (  568470.177173440,   6144764.90903117)",CORDOBA 629,0
2026-05-03,A_111,46,S,100,,S,Basura Afuera,56149,Matutino,2026-05-03 09:02:26,24,101566,"POINT (  568410.323973660,   6144685.18973528)",CORDOBA 556,0
2026-05-03,A_111,47,S,100,,S,,56149,Matutino,2026-05-03 09:03:38,24,101567,"POINT (  568452.305202670,   6144622.50897874)",JOSE LLUPES 5819 FTE 5822. MURO,0
2026-05-03,A_111,48,S,100,,N,,56149,Matutino,2026-05-03 09:06:18,24,101568,"POINT (  568571.417758650,   6144534.14037153)",JOSE LLUPES 5783,0
2026-05-03,A_111,49,S,75,,S,,56149,Matutino,2026-05-03 09:10:31,24,101569,"POINT (  568698.506703180,   6144444.76821290)",JOSE LLUPES 5711 5745,0
2026-05-03,A_111,50,S,100,,S,,56149,Matutino,2026-05-03 09:13:35,24,101570,"POINT (  568740.984811640,   6144414.66689976)",JOSE LLUPES 5697,0
2026-05-03,A_111,51,N,,Contenedor No Está,S,,56149,Matutino,2026-05-03 09:13:41,,179031,"POINT (  568761.529415033,   6144400.25465076)",JOSE LLUPES 5669 VEREDA,0
2026-05-03,A_111,52,S,100,,S,,56149,Matutino,2026-05-03 09:14:47,24,101572,"POINT (  568927.953180290,   6144284.45941196)",JOSE LLUPES 5563,0
2026-05-03,A_111,53,S,100,,S,,56149,Matutino,2026-05-03 09:15:38,24,101573,"POINT (  568950.343098890,   6144269.52709614)",ABIARU Esq. JOSE LLUPES,0
2026-05-03,A_111,54,S,100,,S,,56149,Matutino,2026-05-03 09:19:42,24,115232,"POINT (  569109.112885629,   6144158.95229821)",JOSE LLUPES 5489 5489/5477,0
2026-05-03,A_111,55,S,100,,S,"Basura Afuera, Poda, Requiere Mantenimiento",56149,Matutino,2026-05-03 10:12:04,24,101565,"POINT (  568399.151823990,   6144560.21435617)",JULIAN LAGUNA 5825 fte 5819,0
2026-05-03,A_111,56,N,,Contenedor No Está,N,,56149,Matutino,2026-05-03 10:12:27,,101559,"POINT (  568310.777750930,   6144564.41700493)",CORDOBA 483,0
2026-05-03,A_111,57,S,75,,S,,56149,Matutino,2026-05-03 10:13:32,24,101561,"POINT (  568305.313606840,   6144388.44767000)",CARLOS DE LA VEGA 5828 5820,0
2026-05-03,A_111,58,S,50,,S,,56149,Matutino,2026-05-03 10:18:10,24,101514,"POINT (  568441.919630360,   6144288.49861406)",CARLOS DE LA VEGA 5764 5770,0
2026-05-03,A_111,59,N,,Fuego,S,,56149,Matutino,2026-05-03 10:18:24,,101562,"POINT (  568494.577060810,   6144248.97649568)",CARLOS DE LA VEGA Esq. PSJE EMAUS,0
2026-05-03,A_111,60,,,,S,,56149,Matutino,,,101563,"POINT (  568441.460808510,   6144167.42450316)",PSJE EMAUS Esq. PSJE E - 7930,0
2026-05-03,A_111,61,,,,S,,56149,Matutino,,,101564,"POINT (  568401.913074920,   6144115.15476960)",GUAZUCUA Esq. PSJE 19 DE ABRIL Estan por pje emaus,0
2026-05-03,A_111,62,,,,S,,56149,Matutino,,,101555,"POINT (  568398.920323880,   6144111.63340900)",GUAZUCUA Esq. PSJE 19 DE ABRIL,0
2026-05-03,A_111,63,,,,S,,56149,Matutino,,,165572,"POINT (  568370.615674658,   6144069.31120380)",PSJE EMAUS Esq. PSJE C - 7927,0
2026-05-03,A_111,64,,,,S,,56149,Matutino,,,101557,"POINT (  568326.396094200,   6144012.95148081)",PSJE EMAUS Esq. PSJE B - 7926,0
2026-05-03,A_111,65,S,100,,S,,56149,Matutino,2026-05-03 10:37:17,24,131272,"POINT (  567640.018904718,   6144899.75587641)",CARLOS DE LA VEGA 6090 En 6080,0
2026-05-03,A_111,66,N,,Contenedor No Está,N,,56149,Matutino,2026-05-03 10:39:13,,132692,"POINT (  567750.141689925,   6144915.52435371)",MANUEL LARRAVIDE 6051,0
2026-05-03,A_111,67,S,100,,S,Basura Afuera,56149,Matutino,2026-05-03 10:41:21,24,101618,"POINT (  567987.454608640,   6144737.77924135)",PBRO BARTOLOME D MUÑOZ 5953 5951baldio,0
2026-05-03,A_111,68,S,75,,S,,56149,Matutino,2026-05-03 10:43:25,24,101620,"POINT (  568052.202131580,   6144816.96645721)",JULIAN LAGUNA 5980,0
2026-05-03,A_111,69,N,,Sobrepeso,S,,56149,Matutino,2026-05-03 10:48:50,,132752,"POINT (  567830.454730001,   6144979.36256476)",JULIAN LAGUNA 6156,0
2026-05-03,A_111,70,S,100,,S,,56149,Matutino,2026-05-03 10:52:08,24,183564,"POINT (  568109.879716791,   6144907.99861622)",ACCESO RUTA 5 SANTA LUCIA Esq. EDUARDO PAZ AGUIRRE PROV OV (O: JOSE LLUPES 6117),0
2026-05-03,A_111,71,S,100,,S,,56149,Matutino,2026-05-03 10:52:14,24,101527,"POINT (  568136.338050152,   6144915.64672821)",EDUARDO PAZ AGUIRRE 2046,0
2026-05-03,A_111,72,S,75,,S,Basura Afuera,56149,Matutino,2026-05-03 11:00:28,24,101528,"POINT (  568144.063676751,   6144996.85624167)",SANTA LUCIA 5954,0
2026-05-03,A_111,73,S,100,,S,Basura Afuera,56149,Matutino,2026-05-03 11:00:34,24,104332,"POINT (  568055.361939954,   6145067.34198643)",SANTA LUCIA 5994 Movido desde Sta Lucia 6018 por tratamiento oncológico de vecino,0
2026-05-03,A_111,74,S,100,,S,,56149,Matutino,2026-05-03 11:03:08,24,101529,"POINT (  567883.192556020,   6145200.09739361)",SANTA LUCIA 6189,0
2026-05-03,A_111,75,S,100,,S,,56149,Matutino,2026-05-03 11:06:37,24,160053,"POINT (  567955.567376351,   6145243.39759417)",JOSE MIGUEL PALLEJA 6087 Traslado provisorio por obras. OS 3989574,0
2026-05-03,A_111,76,S,100,,S,,56149,Matutino,2026-05-03 11:06:43,24,101629,"POINT (  567963.754762710,   6145237.10841801)",JOSE MIGUEL PALLEJA 6079 6087,0
2026-05-03,A_111,77,S,100,,S,,56149,Matutino,2026-05-03 11:08:11,24,101630,"POINT (  568078.267835970,   6145146.52476330)",JOSE MIGUEL PALLEJA 6011,0
2026-05-03,A_111,78,N,,Contenedor Fuera de Alcance,S,,56149,Matutino,2026-05-03 11:11:13,,101523,"POINT (  568092.542273699,   6145219.99507654)",JOSE MONEGAL 6030,0
2026-05-03,A_111,79,N,,Contenedor Fuera de Alcance,S,,56149,Matutino,2026-05-03 11:11:21,,101520,"POINT (  568071.044877843,   6145258.23563647)",JOSE MONEGAL 6056,0
2026-05-03,A_111,80,S,75,,S,,56149,Matutino,2026-05-03 11:14:22,24,101524,"POINT (  568112.178430100,   6145348.96096683)",CNO LA GRANJA 6089,0
2026-05-03,A_111,81,,,,S,,56149,Matutino,,,101525,"POINT (  568199.391747750,   6145191.80425588)",CNO DE LAS TROPAS 1978,0
2026-05-03,A_111,82,N,,Tapa Bloqueda,S,,56149,Matutino,2026-05-03 10:48:07,,183291,"POINT (  567995.545610185,   6144886.88879363)",EDUARDO PAZ AGUIRRE 2096,0
2026-05-03,A_111,83,N,,Tapa Bloqueda,S,,56149,Matutino,2026-05-03 10:47:02,,183292,"POINT (  567986.476396355,   6144884.17578090)",EDUARDO PAZ AGUIRRE 2096,0
2026-05-03,A_111,84,,,,S,,56149,Matutino,,,158774,"POINT (  567807.648209407,   6144825.01948207)",EDUARDO PAZ AGUIRRE 2144 Fte al 2143,0
2026-05-03,A_111,85,S,75,,S,,56149,Matutino,2026-05-03 10:30:58,24,101614,"POINT (  567887.671057709,   6144697.46883085)",CARLOS DE LA VEGA 5958 enfrente,0
2026-05-03,A_111,86,S,50,,S,,56149,Matutino,2026-05-03 10:32:25,24,177297,"POINT (  568015.951757208,   6144596.01828263)",CIRC INT CALLE 5 Esq. CARLOS DE LA VEGA PROVISORIO DESDE CARLOS DE LAVEGA 5858,0
2026-05-03,A_111,87,,,,N,,56149,Matutino,,,101600,"POINT (  568012.857215021,   6144591.66133563)",CIRC INT CALLE 5 Esq. CARLOS DE LA VEGA,0
2026-05-03,A_111,88,,,,S,,56149,Matutino,,,101601,"POINT (  567965.256383370,   6144528.65492004)",CIRC INT CALLE 5 Esq. CIRC INT C,0
2026-05-03,A_111,89,,,,S,,56149,Matutino,,,101602,"POINT (  567937.119691620,   6144492.46993096)",CIRC INT CALLE 5 Esq. CIRC INT D,0
2026-05-03,A_111,90,,,,S,,56149,Matutino,,,101603,"POINT (  567910.343766860,   6144457.91560641)",CIRC INT CALLE 5 Esq. CIRC INT CALLE 2,0
2026-05-03,A_111,91,,,,S,,56149,Matutino,,,101604,"POINT (  567891.884038940,   6144413.30657048)",CIRC INT CALLE 3 Esq. CIRC INT CALLE 5,0
2026-05-03,A_111,92,,,,S,,56149,Matutino,,,101616,"POINT (  567939.386212380,   6144407.44101425)",CIRC INT CALLE 6 Esq. CIRC INT CALLE 1,0
2026-05-03,A_111,93,S,75,,S,"Basura Afuera, Poda",56149,Matutino,2026-05-03 10:29:22,24,152474,"POINT (  568132.311234876,   6144525.23391936)",CARLOS DE LA VEGA Esq. CIRC INT I PROVISORIO,0
2026-05-03,A_111,94,S,100,,S,"Basura Afuera, Poda, Requiere Mantenimiento",56149,Matutino,2026-05-03 10:34:29,24,174952,"POINT (  567795.816199163,   6144781.98563597)",CARLOS DE LA VEGA 5992 traslado provisorio desde Eduardo Paz Aguirre 2303,0
2026-05-03,A_111,95,S,50,,S,,56149,Matutino,2026-05-03 10:34:50,24,101612,"POINT (  567791.254166120,   6144785.59635227)",CARLOS DE LA VEGA 5992,0
2026-05-03,A_111,96,,,,S,,56149,Matutino,,,101621,"POINT (  567712.240245260,   6144797.42116363)",EDUARDO PAZ AGUIRRE 2228,0
2026-05-03,A_111,97,,,,S,,56149,Matutino,,,101624,"POINT (  567544.705095300,   6144543.86026214)",AV LUIS BATLLE BERRES 6123,0
2026-05-03,A_111,98,,,,S,,56149,Matutino,,,101518,"POINT (  567627.633343210,   6144473.52506681)",AV LUIS BATLLE BERRES 6061,0
2026-05-03,A_111,99,,,,S,,56149,Matutino,,,101605,"POINT (  567906.880802050,   6144374.71435439)",CIRC INT CALLE 6 Esq. CIRC INT G,0
2026-05-03,A_111,100,,,,S,,56149,Matutino,,,101606,"POINT (  567890.978349380,   6144309.48217681)",CIRC INT CALLE 4 Esq. CIRC INT CALLE 6,0
2026-05-03,A_111,101,,,,S,,56149,Matutino,,,101607,"POINT (  567895.965125051,   6144305.73563545)",CIRC INT CALLE 4 Esq. CIRC INT CALLE 6,0
2026-05-03,A_111,102,,,,S,,56149,Matutino,,,183293,"POINT (  568131.583818379,   6144069.13508996)",AV LUIS BATLLE BERRES 5769,0
2026-05-03,C_106,1,S,100,,S,"Basura Afuera, Requiere Limpieza",56150,Matutino,2026-05-03 07:14:54,,134500,"POINT (  575479.507000987,   6140588.94972780)",DR LUIS MELIAN LAFINUR 1986 MURO,0
2026-05-03,C_106,2,S,100,,S,"Basura Afuera, Requiere Limpieza",56150,Matutino,2026-05-03 07:17:33,,134489,"POINT (  575533.238959613,   6140591.41308407)",DR LUIS MELIAN LAFINUR 2004 ARBOL/ARBOL,0
2026-05-03,C_106,3,S,100,,S,"Basura Afuera, Requiere Limpieza",56150,Matutino,2026-05-03 07:19:42,,134458,"POINT (  575604.368371893,   6140596.18583684)",DR LUIS MELIAN LAFINUR 2044 ARBOL/ARBOL,0
2026-05-03,C_106,4,S,100,,N,"Basura Afuera, Requiere Limpieza",56150,Matutino,2026-05-03 07:23:26,,134462,"POINT (  575705.827858240,   6140602.49818728)",DR LUIS MELIAN LAFINUR 2080,0
2026-05-03,C_106,5,S,100,,S,"Basura Afuera, Requiere Limpieza",56150,Matutino,2026-05-03 07:28:09,,134457,"POINT (  575846.701044897,   6140610.35013539)",DR LUIS MELIAN LAFINUR 2134 EN 2134/2134A,0
2026-05-03,C_106,6,S,100,,S,"Basura Afuera, Requiere Limpieza",56150,Matutino,2026-05-03 07:32:09,,134424,"POINT (  575916.611160960,   6140612.51797805)",DR LUIS MELIAN LAFINUR 2166 CASA C/RETIRO,0
2026-05-03,C_106,7,S,100,,S,,56150,Matutino,2026-05-03 07:34:40,,134423,"POINT (  576083.799085828,   6140520.12971202)",PEDERNAL 2243 VEREDA. MURO C/ REJAS,0
2026-05-03,C_106,8,S,100,,S,,56150,Matutino,2026-05-03 07:38:11,,134410,"POINT (  576002.465043775,   6140516.45423976)",PEDERNAL 2202 VEREDA. FTE 2204,0
2026-05-03,C_106,9,S,100,,S,"Basura Afuera, Requiere Limpieza",56150,Matutino,2026-05-03 07:40:44,,134409,"POINT (  575937.691267098,   6140514.58716041)",PEDERNAL 2177,0
2026-05-03,C_106,10,S,100,,S,"Basura Afuera, Requiere Limpieza",56150,Matutino,2026-05-03 07:44:29,,134494,"POINT (  575733.863853775,   6140507.82543643)",PEDERNAL 2087 VEREDA,0
2026-05-03,C_106,11,S,100,,S,,56150,Matutino,2026-05-03 07:44:39,,181990,"POINT (  575705.748200000,   6140507.27118408)",PEDERNAL 2069 VEREDA. EN 2075,0
2026-05-03,C_106,12,S,100,,S,"Basura Afuera, Requiere Limpieza",56150,Matutino,2026-05-03 07:46:35,,179864,"POINT (  575619.680521787,   6140502.43027952)",PEDERNAL 2043,0
2026-05-03,C_106,13,S,100,,S,"Basura Afuera, Requiere Limpieza",56150,Matutino,2026-05-03 07:48:57,,134411,"POINT (  575502.706920441,   6140495.95093643)",PEDERNAL 1989 VEREDA. FTE 1996. MURO,0
2026-05-03,C_106,14,S,100,,S,,56150,Matutino,2026-05-03 07:50:12,,134437,"POINT (  575398.370203863,   6140491.33923562)",PEDERNAL 1952 PLAZA,0
2026-05-03,C_106,15,S,100,,S,"Basura Afuera, Requiere Limpieza",56150,Matutino,2026-05-03 07:52:34,,134413,"POINT (  575307.187531952,   6140489.29926873)",PEDERNAL 1905 EN 1907. REBAJE/ARBOL,0
2026-05-03,C_106,16,S,100,,S,"Basura Afuera, Requiere Limpieza",56150,Matutino,2026-05-03 07:55:09,,134445,"POINT (  575180.363174020,   6140468.39923036)",GUAVIYU Esq. PEDERNAL,0
2026-05-03,C_106,17,S,100,,S,,56150,Matutino,2026-05-03 07:57:23,,151872,"POINT (  575233.325333813,   6140372.48229562)",YAGUARI 1872,0
2026-05-03,C_106,18,S,100,,S,,56150,Matutino,2026-05-03 07:59:14,,134501,"POINT (  575313.427390441,   6140376.17681310)",YAGUARI 1908,0
2026-05-03,C_106,19,S,100,,S,,56150,Matutino,2026-05-03 08:03:16,,141112,"POINT (  575392.211813190,   6140265.94213697)",DR MARTIN C MARTINEZ 2833,0
2026-05-03,C_106,20,S,100,,S,,56150,Matutino,2026-05-03 08:06:25,,181795,"POINT (  575397.564812418,   6140186.82608257)",DR MARTIN C MARTINEZ 2803 FTE 2812,0
2026-05-03,C_106,21,S,100,,S,,56150,Matutino,2026-05-03 08:06:48,,141092,"POINT (  575397.754364796,   6140184.03554101)",DR MARTIN C MARTINEZ 2803 FTE 2812,0
2026-05-03,C_106,22,S,100,,S,"Basura Afuera, Requiere Limpieza",56150,Matutino,2026-05-03 08:11:57,,175751,"POINT (  575299.374073786,   6140222.83340226)",AV GRAL GARIBALDI 2001 FTE 2004,0
2026-05-03,C_106,23,S,100,,S,,56150,Matutino,2026-05-03 08:12:09,,143652,"POINT (  575296.140918682,   6140249.00656262)",PORONGOS 2854,0
2026-05-03,C_106,24,S,100,,S,,56150,Matutino,2026-05-03 08:14:55,,134495,"POINT (  575406.222151973,   6140378.17880700)",YAGUARI 1954 PDO ARBOL.,0
2026-05-03,C_106,25,S,100,,S,"Basura Afuera, Requiere Limpieza",56150,Matutino,2026-05-03 08:17:43,,179041,"POINT (  575547.520858170,   6140385.97887168)",YAGUARI 2008,0
2026-05-03,C_106,26,S,100,,S,"Basura Afuera, Requiere Limpieza",56150,Matutino,2026-05-03 08:24:37,,134491,"POINT (  575620.343633774,   6140388.60545643)",YAGUARI 2040 FTE 2041. ARBOL/ARBOL,0
2026-05-03,C_106,27,S,100,,S,"Basura Afuera, Requiere Limpieza",56150,Matutino,2026-05-03 08:21:00,,179242,"POINT (  575752.688732203,   6140392.08116667)",YAGUARI 2100,0
2026-05-03,C_106,28,S,100,,S,"Basura Afuera, Requiere Limpieza",56150,Matutino,2026-05-03 08:28:37,,134503,"POINT (  575909.448127108,   6140400.16330310)",YAGUARI 2156,0
2026-05-03,C_106,29,S,100,,S,"Basura Afuera, Requiere Limpieza",56150,Matutino,2026-05-03 08:30:18,,134464,"POINT (  575980.030202979,   6140402.50445016)",YAGUARI Esq. DR JUAN CAMPISTEGUY PDO REBAJE,0
2026-05-03,C_106,30,S,100,,S,,56150,Matutino,2026-05-03 08:36:14,,134463,"POINT (  576092.473753775,   6140406.57553310)",YAGUARI 2248 ANTES CARTEL PE,0
2026-05-03,C_106,31,S,100,,S,"Basura Afuera, Requiere Limpieza",56150,Matutino,2026-05-03 09:46:46,,134504,"POINT (  576102.448333775,   6140319.41670310)",CARAGUATA 2245 VEREDA. ANTES ARBOL,0
2026-05-03,C_106,32,S,100,,S,"Basura Afuera, Requiere Limpieza",56150,Matutino,2026-05-03 09:50:04,,176352,"POINT (  576020.121629848,   6140316.96742614)",CARAGUATA 2205 PROV OV. (O: CARAGATUA 2091),0
2026-05-03,C_106,33,S,100,,S,"Basura Afuera, Requiere Limpieza",56150,Matutino,2026-05-03 09:50:20,,134450,"POINT (  575988.215643774,   6140313.40028977)",CARAGUATA 2191,0
2026-05-03,C_106,34,S,100,,S,"Basura Afuera, Requiere Limpieza",56150,Matutino,2026-05-03 09:53:29,,180275,"POINT (  575810.321193288,   6140308.96549818)",CARAGUATA 2115 EN 2115,0
2026-05-03,C_106,35,S,100,,S,"Basura Afuera, Requiere Limpieza",56150,Matutino,2026-05-03 09:58:12,,176364,"POINT (  575740.185418083,   6140304.18808475)",CARAGUATA 2091,0
2026-05-03,C_106,36,S,100,,S,"Basura Afuera, Requiere Limpieza",56150,Matutino,2026-05-03 09:58:29,,134449,"POINT (  575667.129163774,   6140300.89248310)",CARAGUATA 2053 ANTES ARBOL,0
2026-05-03,C_106,37,S,100,,S,"Basura Afuera, Requiere Limpieza",56150,Matutino,2026-05-03 10:02:25,,178994,"POINT (  575573.048086737,   6140102.37712679)",COLORADO 2104,0
2026-05-03,C_106,38,S,100,,S,"Basura Afuera, Requiere Limpieza",56150,Matutino,2026-05-03 10:04:56,,178946,"POINT (  575640.087861583,   6140107.00135537)",COLORADO 2138,0
2026-05-03,C_106,39,S,100,,S,,56150,Matutino,2026-05-03 10:07:58,,178945,"POINT (  575750.539838984,   6140114.93920848)",COLORADO 2188,0
2026-05-03,C_106,40,S,100,,S,"Basura Afuera, Dos Ciclos, Requiere Limpieza",56150,Matutino,2026-05-03 10:12:11,,178944,"POINT (  575895.172607345,   6140126.40813503)",COLORADO 2230 EN 2240,0
2026-05-03,C_106,41,S,100,,S,"Basura Afuera, Requiere Limpieza",56150,Matutino,2026-05-03 10:14:37,,178995,"POINT (  576015.376754111,   6140212.92360902)",DR JUAN CAMPISTEGUY 2694,0
2026-05-03,C_106,42,S,100,,S,,56150,Matutino,2026-05-03 10:18:10,,180299,"POINT (  575920.788064391,   6140232.68395074)",ITAPEBI 2153 EN 2155,0
2026-05-03,C_106,43,S,100,,S,"Basura Afuera, Requiere Limpieza",56150,Matutino,2026-05-03 10:21:09,,179239,"POINT (  575792.816774011,   6140225.26024689)",ITAPEBI 2105,0
2026-05-03,C_106,44,S,100,,S,,56150,Matutino,2026-05-03 10:27:16,,178996,"POINT (  575708.281263395,   6140217.56551883)",ITAPEBI 2071,0
2026-05-03,C_106,45,S,100,,S,,56150,Matutino,2026-05-03 10:27:05,,178997,"POINT (  575674.594260743,   6140214.71405995)",ITAPEBI 2051 EN 2055,0
2026-05-03,C_106,46,S,100,,S,,56150,Matutino,2026-05-03 10:38:46,,134506,"POINT (  575339.739841099,   6140146.40108605)",ARENAL GRANDE 2777 EN 2773/2777,0
2026-05-03,C_106,47,S,100,,S,,56150,Matutino,2026-05-03 10:40:42,,134473,"POINT (  575309.756319526,   6140081.59459732)",ARENAL GRANDE 2747 EN 2749/2747,0
2026-05-03,C_106,48,S,100,,S,"Basura Afuera, Requiere Limpieza",56150,Matutino,2026-05-03 10:44:37,,134475,"POINT (  575251.682972481,   6139962.81776976)",ARENAL GRANDE 2681,0
2026-05-03,C_106,49,S,100,,S,"Basura Afuera, Requiere Limpieza",56150,Matutino,2026-05-03 10:47:19,,177381,"POINT (  575215.378998305,   6139885.51616497)",ARENAL GRANDE 2641,0
2026-05-03,C_106,50,S,100,,S,"Basura Afuera, Requiere Limpieza",56150,Matutino,2026-05-03 10:50:12,,134451,"POINT (  575168.046392673,   6139785.12578513)",ARENAL GRANDE 2591,0
2026-05-03,C_106,51,N,,Contenedor No Está,N,,56150,Matutino,2026-05-03 10:51:58,,176566,"POINT (  575161.711357189,   6139771.89673195)",ARENAL GRANDE 2588 FTE 2588B,0
2026-05-03,C_106,52,S,100,,S,"Basura Afuera, Requiere Limpieza",56150,Matutino,2026-05-03 10:50:30,,177485,"POINT (  575144.213257803,   6139735.03177294)",ARENAL GRANDE 2559,0
2026-05-03,C_106,53,S,75,,S,,56150,Matutino,2026-05-03 10:51:42,,134505,"POINT (  575105.973578173,   6139724.10685591)",CONCEPCION ARENAL 1921 FTE 1930,0
2026-05-03,C_106,54,S,100,,S,"Basura Afuera, Requiere Limpieza",56150,Matutino,2026-05-03 10:53:52,,134480,"POINT (  575002.661935421,   6139772.60651712)",CONCEPCION ARENAL 1869 EN 1871. MURO,0
2026-05-03,C_106,55,S,100,,S,,56150,Matutino,2026-05-03 10:56:57,,134414,"POINT (  574884.095518536,   6139829.94342679)",CONCEPCION ARENAL 1807,0
2026-05-03,C_106,56,S,100,,S,,56150,Matutino,2026-05-03 11:00:58,,183656,"POINT (  574914.334571396,   6139945.63297866)",JOSE L TERRA 2603,0
2026-05-03,C_106,57,S,100,,S,,56150,Matutino,2026-05-03 11:06:37,,177040,"POINT (  574960.292334641,   6140043.06187625)",JOSE L TERRA 2658 PROV OV (O: JOSE L TERRA 2634),0
2026-05-03,C_106,58,S,100,,S,,56150,Matutino,2026-05-03 11:07:08,,134477,"POINT (  574967.898695783,   6140057.63457244)",JOSE L TERRA 2666 ARBOL/REBAJE,0
2026-05-03,C_106,59,S,100,,S,,56150,Matutino,2026-05-03 11:07:25,,134479,"POINT (  574985.142189669,   6140094.58491648)",JOSE L TERRA 2692 EN 2692 BIS,0
2026-05-03,C_106,60,S,100,,S,,56150,Matutino,2026-05-03 11:09:58,,134415,"POINT (  575014.086625834,   6140157.32352147)",JOSE L TERRA 2730,0
2026-05-03,C_106,61,S,100,,S,,56150,Matutino,2026-05-03 11:10:19,,134452,"POINT (  575015.010384435,   6140159.24801855)",JOSE L TERRA 2730,0
2026-05-03,C_106,62,S,100,,S,,56150,Matutino,2026-05-03 11:16:51,,180440,"POINT (  575099.655174713,   6140367.63524598)",YAGUARI 1802 FTE 1803,0
2026-05-03,C_106,63,S,100,,S,,56150,Matutino,2026-05-03 11:17:05,,144312,"POINT (  575140.665017179,   6140367.76918555)",YAGUARI 1828,0
2026-05-03,C_106,64,S,100,,S,"Basura Afuera, Requiere Limpieza",56150,Matutino,2026-05-03 11:20:38,,134441,"POINT (  575183.750288890,   6140354.00712360)",GUAVIYU 2843 GARAJE/GARAJE,0
2026-05-03,C_106,65,S,100,,S,,56150,Matutino,2026-05-03 11:23:50,,134497,"POINT (  575176.244750256,   6140246.42773653)",RAMON DEL VALLE INCLAN 2779 FTE 2786,0
2026-05-03,C_106,66,S,100,,S,"Basura Afuera, Requiere Limpieza",56150,Matutino,2026-05-03 11:27:01,,134492,"POINT (  575146.825957972,   6140186.31674031)",RAMON DEL VALLE INCLAN 2761,0
2026-05-03,C_106,67,,,,S,,56150,Matutino,,,134482,"POINT (  575110.657889583,   6140106.78622801)",RAMON DEL VALLE INCLAN 2711 MURO,0
2026-05-03,C_106,68,,,,S,,56150,Matutino,,,134416,"POINT (  575068.794107042,   6140019.65537721)",RAMON DEL VALLE INCLAN 2667 EN 2667,0
2026-05-03,C_106,69,,,,S,,56150,Matutino,,,181328,"POINT (  575043.013542048,   6139964.86146558)",RAMON DEL VALLE INCLAN 2641,0
2026-05-03,C_106,70,,,,S,,56150,Matutino,,,181234,"POINT (  575042.545707555,   6139963.70147196)",RAMON DEL VALLE INCLAN 2641,0
2026-05-03,C_106,71,,,,S,,56150,Matutino,,,165032,"POINT (  574993.494507019,   6139858.98798328)",RAMON DEL VALLE INCLAN 2589 EN 2589/2591,0
2026-05-03,C_106,72,,,,S,,56150,Matutino,,,155022,"POINT (  574964.819500446,   6139797.28860672)",RAMON DEL VALLE INCLAN 2551,0
2026-05-03,C_106,73,,,,S,,56150,Matutino,,,134429,"POINT (  574807.197350129,   6139865.50993973)",CONCEPCION ARENAL 1757 EN 1769. MURO,0
2026-05-03,C_106,74,,,,S,,56150,Matutino,,,134453,"POINT (  574808.700441131,   6139927.40996011)",AV GRAL FLORES 2580,0
2026-05-03,C_106,75,,,,S,,56150,Matutino,,,134455,"POINT (  574852.544340478,   6140037.15792347)",AV GRAL FLORES 2638 EN 2642,0
2026-05-03,C_106,76,,,,N,,56150,Matutino,,,134456,"POINT (  574888.364264269,   6140128.00428663)",AV GRAL FLORES 2688,0
2026-05-03,C_106,77,,,,S,,56150,Matutino,,,134483,"POINT (  574914.463389860,   6140175.41997553)",AV GRAL FLORES 2710,0
2026-05-03,C_106,78,,,,S,,56150,Matutino,,,134454,"POINT (  574938.376201266,   6140253.99064158)",AV GRAL FLORES 2748 VEREDA. AUTOMOTORA. ARBOL/COLUMNA.,0
2026-05-03,C_106,79,,,,S,,56150,Matutino,,,149572,"POINT (  575031.599549312,   6140418.93965527)",AV GRAL FLORES 2828,0
2026-05-03,C_106,80,,,,S,,56150,Matutino,,,175313,"POINT (  575117.509099207,   6140542.72330781)",AV GRAL FLORES 2880,0
2026-05-03,C_106,81,,,,S,,56150,Matutino,,,159532,"POINT (  575130.441719622,   6140561.96827867)",AV GRAL FLORES 2886 EN 2890,0
2026-05-03,C_106,82,,,,S,,56150,Matutino,,,134509,"POINT (  575241.415820547,   6140582.66894209)",DR LUIS MELIAN LAFINUR 1884,0
2026-05-03,C_106,83,,,,S,,56150,Matutino,,,134508,"POINT (  575345.946718678,   6140570.15915915)",PBRO LORENZO FERNANDEZ 2995 FTE 2992,0
2026-05-03,C_106,84,,,,S,,56150,Matutino,,,134507,"POINT (  575375.237748895,   6140532.25404367)",PBRO LORENZO FERNANDEZ 2955,0
2026-05-03,C_106,85,,,,S,,56150,Matutino,,,134484,"POINT (  575457.050553607,   6140423.85830781)",PBRO LORENZO FERNANDEZ 2921 FTE 2922. MURO,0
2026-05-03,C_106,86,,,,S,,56150,Matutino,,,180200,"POINT (  575536.214004096,   6140258.53944301)",DR JOAQUIN REQUENA 2735 EN 2737,0
2026-05-03,C_106,87,,,,S,,56150,Matutino,,,180674,"POINT (  575541.735147712,   6140196.87922375)",DR JOAQUIN REQUENA Esq. ITAPEBI EN 2707,0
2026-05-03,C_106,88,,,,S,,56150,Matutino,,,134488,"POINT (  575555.644605596,   6140063.19490473)",DR JOAQUIN REQUENA 2628 FTE 2628,0
2026-05-03,C_106,89,,,,S,,56150,Matutino,,,134487,"POINT (  575442.518167004,   6140105.32361023)",COLORADO 2066 MURO,0
2026-05-03,C_106,90,,,,S,,56150,Matutino,,,134418,"POINT (  575438.207293532,   6140104.55381139)",COLORADO 2051 MURO,0
2026-05-03,C_106,91,,,,S,,56150,Matutino,,,134511,"POINT (  575394.328759983,   6140101.47461605)",COLORADO 2041 VEREDA,0
2026-05-03,C_106,92,,,,S,,56150,Matutino,,,134419,"POINT (  575225.089493659,   6139726.70294665)",CONSTITUCION 2463,0
2026-05-03,C_106,93,,,,S,,56150,Matutino,,,134434,"POINT (  575032.566054506,   6139684.29690278)",PORONGOS 2524 ANTES ARBOL,0
2026-05-03,C_106,94,,,,S,,56150,Matutino,,,134428,"POINT (  575103.808208202,   6139837.80678158)",PORONGOS Esq. RIVADAVIA PDO PARADA,0
2026-05-03,C_106,95,,,,S,,56150,Matutino,,,134422,"POINT (  575147.685213508,   6139927.80799906)",PORONGOS 2642 PDO 2642,0
2026-05-03,C_106,96,,,,S,,56150,Matutino,,,134421,"POINT (  575168.053364659,   6139972.87003129)",PORONGOS 2668,0
2026-05-03,C_106,97,,,,S,,56150,Matutino,,,134433,"POINT (  575201.978199752,   6140041.77985257)",PORONGOS 2704,0
2026-05-03,C_106,98,,,,S,,56150,Matutino,,,134432,"POINT (  575236.327095284,   6140115.56636890)",PORONGOS 2746 PDO COLUMNA,0
2026-05-03,C_106,99,,,,S,,56150,Matutino,,,177469,"POINT (  575284.938297335,   6140210.43285698)",PORONGOS 2796,0
2026-05-03,C_107,1,S,100,,S,Dos Ciclos,56151,Matutino,2026-05-03 07:25:14,4,134513,"POINT (  575370.338666667,   6140865.44540622)",DR MARTIN C MARTINEZ 3134 FTE 3134. MURO,0
2026-05-03,C_107,2,S,100,,S,Dos Ciclos,56151,Matutino,2026-05-03 07:33:24,4,134512,"POINT (  575373.747799464,   6140737.09318154)",DR MARTIN C MARTINEZ 3061 EN 3063/3067,0
2026-05-03,C_107,3,S,100,,S,Dos Ciclos,56151,Matutino,2026-05-03 07:15:27,4,134583,"POINT (  575523.559005650,   6140717.19681865)",DR JOAQUIN REQUENA 2956 MURO,0
2026-05-03,C_107,4,S,50,,S,,56151,Matutino,2026-05-03 07:18:55,4,134537,"POINT (  575519.943186441,   6140830.64314634)",DR JOAQUIN REQUENA 3006 VEREDA.,0
2026-05-03,C_107,5,S,50,,S,,56151,Matutino,2026-05-03 07:19:05,4,134536,"POINT (  575519.604203390,   6140833.91998250)",DR JOAQUIN REQUENA 3006 VEREDA.,0
2026-05-03,C_107,6,S,75,,S,,56151,Matutino,2026-05-03 07:20:18,4,134539,"POINT (  575516.440361582,   6140910.53015199)",DR JOAQUIN REQUENA Esq. ANTONIO MACHADO VEREDA,0
2026-05-03,C_107,7,S,100,,S,,56151,Matutino,2026-05-03 07:22:26,4,134538,"POINT (  575445.430307527,   6140922.31018960)",ANTONIO MACHADO 1917 EDIFICIO,0
2026-05-03,C_107,8,S,75,,S,Dos Ciclos,56151,Matutino,2026-05-03 07:12:00,4,173292,"POINT (  575296.186908041,   6140831.03186137)",AV GRAL FLORES 3001 PROV (O: GRAL FLORES 2957),0
2026-05-03,C_107,9,N,,Contenedor No Está,S,,56151,Matutino,2026-05-03 09:27:19,,134514,"POINT (  575294.406463277,   6140827.81828758)",AV GRAL FLORES 3001 MURO BAJO CON REJAS,0
2026-05-03,C_107,10,N,,Contenedor No Está,S,,56151,Matutino,2026-05-03 09:27:31,,179594,"POINT (  575249.099192375,   6140763.05241656)",AV GRAL FLORES 2957 VEREDA. EN 2953,0
2026-05-03,C_107,11,S,50,,S,,56151,Matutino,2026-05-03 10:02:12,35,182969,"POINT (  575091.878760784,   6140590.14973726)",DR LUIS MELIAN LAFINUR 1805,0
2026-05-03,C_107,12,S,50,,S,,56151,Matutino,2026-05-03 10:02:23,35,176903,"POINT (  575090.112677967,   6140590.07817458)",DR LUIS MELIAN LAFINUR 1805,0
2026-05-03,C_107,13,S,100,,S,Dos Ciclos,56151,Matutino,2026-05-03 10:02:34,35,134547,"POINT (  575081.537438296,   6140637.73069959)",DR JOSE MARIA PENCO 2976 EN 2978,0
2026-05-03,C_107,14,S,100,,S,Dos Ciclos,56151,Matutino,2026-05-03 10:15:23,35,169774,"POINT (  575079.265220339,   6140720.47365481)",DR JOSE MARIA PENCO 3016,0
2026-05-03,C_107,15,S,100,,S,,56151,Matutino,2026-05-03 10:15:51,35,169772,"POINT (  575079.378214690,   6140723.18551922)",DR JOSE MARIA PENCO 3016,0
2026-05-03,C_107,16,S,100,,S,Dos Ciclos,56151,Matutino,2026-05-03 10:16:13,35,134550,"POINT (  575077.495130305,   6140799.18704157)",DR JOSE MARIA PENCO 3052,0
2026-05-03,C_107,17,S,100,,S,Dos Ciclos,56151,Matutino,2026-05-03 10:16:27,35,134549,"POINT (  575074.918423509,   6140867.98511301)",DR JOSE MARIA PENCO 3080,0
2026-05-03,C_107,18,S,100,,S,Dos Ciclos,56151,Matutino,2026-05-03 10:15:37,35,134557,"POINT (  575071.355615819,   6140975.04992600)",DR JOSE MARIA PENCO Esq. PBRO LORENZO FERNANDEZ VEREDA. ESQ,0
2026-05-03,C_107,19,S,75,,S,,56151,Matutino,2026-05-03 10:34:20,35,134551,"POINT (  575165.366915254,   6140960.13467176)",GUAVIYU 3132 FTE 3132/3128,0
2026-05-03,C_107,20,S,75,,S,,56151,Matutino,2026-05-03 10:34:32,35,134545,"POINT (  575166.044881356,   6140920.36066046)",GUAVIYU 3115 FTE 3118/3114,0
2026-05-03,C_107,21,S,50,,S,,56151,Matutino,2026-05-03 10:34:42,35,183107,"POINT (  575169.758608642,   6140777.99535679)",GUAVIYU 3047,0
2026-05-03,C_107,22,S,75,,S,,56151,Matutino,2026-05-03 10:34:52,35,150612,"POINT (  575171.977084746,   6140726.63184691)",GUAVIYU 3021,0
2026-05-03,C_107,23,S,50,,S,,56151,Matutino,2026-05-03 10:35:04,35,179296,"POINT (  575172.971026362,   6140703.24789673)",GUAVIYU 3005,0
2026-05-03,C_107,24,S,50,,S,,56151,Matutino,2026-05-03 10:35:21,35,150613,"POINT (  575172.994033898,   6140700.07817459)",GUAVIYU 3005,0
2026-05-03,C_107,25,S,100,,S,Dos Ciclos,56151,Matutino,2026-05-03 07:12:21,4,134569,"POINT (  575248.022282486,   6140702.33806159)",PBRO LORENZO FERNANDEZ 3079 VEREDA.,0
2026-05-03,C_107,26,S,100,,S,Dos Ciclos,56151,Matutino,2026-05-03 07:12:33,4,180202,"POINT (  575295.312825484,   6140686.45726098)",DR GUSTAVO GALLINAL 1904 VEREDA. EN 1908,0
2026-05-03,C_107,27,S,75,,S,Dos Ciclos,56151,Matutino,2026-05-03 07:33:41,4,134607,"POINT (  575375.027932203,   6140683.24201640)",DR MARTIN C MARTINEZ 3047,0
2026-05-03,C_107,28,S,100,,S,,56151,Matutino,2026-05-03 07:34:01,4,134608,"POINT (  575377.061830508,   6140620.53015199)",DR MARTIN C MARTINEZ 3009 EN 3011,0
2026-05-03,C_107,29,S,100,,S,Dos Ciclos,56151,Matutino,2026-05-03 07:43:42,4,137612,"POINT (  575024.850114266,   6140435.44474153)",AV GRAL FLORES 2849,0
2026-05-03,C_107,30,S,75,,S,,56151,Matutino,2026-05-03 07:49:27,4,134558,"POINT (  574960.090743791,   6140346.16866449)",AV GRAL FLORES 2793 VEREDA. EN 2789,0
2026-05-03,C_107,31,S,100,,S,Dos Ciclos,56151,Matutino,2026-05-03 07:49:37,4,134517,"POINT (  574943.306534454,   6140304.68275453)",AV GRAL FLORES 2767 EN 2771. EDIFICIO,0
2026-05-03,C_107,32,N,,Contenedor No Está,S,,56151,Matutino,2026-05-03 07:51:45,,174573,"POINT (  574904.028811070,   6140207.25452434)",AV GRAL FLORES 2725,0
2026-05-03,C_107,33,S,50,,S,,56151,Matutino,2026-05-03 07:51:56,4,134559,"POINT (  574898.644322129,   6140193.97748356)",AV GRAL FLORES 2717,0
2026-05-03,C_107,34,S,50,,S,,56151,Matutino,2026-05-03 07:55:55,4,134567,"POINT (  574862.937536723,   6140105.16292036)",AV GRAL FLORES 2669 EN 2665,0
2026-05-03,C_107,35,S,50,,S,,56151,Matutino,2026-05-03 07:58:59,4,134561,"POINT (  574861.694598870,   6140101.99907855)",AV GRAL FLORES 2669 EN 2665,0
2026-05-03,C_107,36,S,100,,S,"Basura Afuera, Dos Ciclos, Requiere Limpieza",56151,Matutino,2026-05-03 07:58:41,4,177322,"POINT (  574792.196414124,   6139928.80236780)",AV GRAL FLORES 2577,0
2026-05-03,C_107,37,S,75,,S,,56151,Matutino,2026-05-03 08:10:46,4,134584,"POINT (  574761.186121686,   6139887.36398400)",CONCEPCION ARENAL Esq. AV GRAL FLORES FTE 1740. ARBOL/ARBOL,0
2026-05-03,C_107,38,S,100,,S,Dos Ciclos,56151,Matutino,2026-05-03 08:10:59,4,134598,"POINT (  574690.510358013,   6139919.46814475)",CONCEPCION ARENAL 1695,0
2026-05-03,C_107,39,S,100,,S,,56151,Matutino,2026-05-03 08:11:07,4,134518,"POINT (  574641.694598870,   6139942.56405030)",CONCEPCION ARENAL 1655 EN 1659,0
2026-05-03,C_107,40,S,100,,S,Dos Ciclos,56151,Matutino,2026-05-03 08:17:25,4,134585,"POINT (  574639.999683616,   6140000.64314634)",ROCHA 2552 FTE 2583. PDO PORTON ACCESO PEATONAL,0
2026-05-03,C_107,41,S,100,,S,,56151,Matutino,2026-05-03 08:17:35,4,155024,"POINT (  574671.136056127,   6140074.11845474)",ROCHA 2612,0
2026-05-03,C_107,42,S,100,,S,Dos Ciclos,56151,Matutino,2026-05-03 09:49:12,35,137492,"POINT (  574698.963946575,   6140145.51106270)",ROCHA 2658,0
2026-05-03,C_107,43,S,100,,S,Dos Ciclos,56151,Matutino,2026-05-03 09:49:27,35,135832,"POINT (  574766.779344632,   6140303.91998250)",ROCHA 2742 FTE 2745B.,0
2026-05-03,C_107,44,S,100,,S,Dos Ciclos,56151,Matutino,2026-05-03 09:51:28,35,155312,"POINT (  574781.807593220,   6140340.30416329)",ROCHA 2756 ARBOL/ARBOL,0
2026-05-03,C_107,45,S,100,,S,Dos Ciclos,56151,Matutino,2026-05-03 09:51:49,35,134587,"POINT (  574804.745446328,   6140391.82958702)",ROCHA 2782 FTE 2777,0
2026-05-03,C_107,46,S,100,,S,Dos Ciclos,56151,Matutino,2026-05-03 09:51:59,35,134586,"POINT (  574848.911870954,   6140479.92292585)",ROCHA 2822,0
2026-05-03,C_107,47,S,100,,S,Dos Ciclos,56151,Matutino,2026-05-03 09:54:42,35,183636,"POINT (  574954.340662309,   6140636.23163943)",ROCHA 2924 FTE 2945. MURO,0
2026-05-03,C_107,48,S,100,,S,,56151,Matutino,2026-05-03 10:43:48,35,134589,"POINT (  574964.406463277,   6140816.34936103)",MARCELINO SOSA 3016,0
2026-05-03,C_107,49,S,100,,S,Dos Ciclos,56151,Matutino,2026-05-03 10:47:12,35,134546,"POINT (  574924.971435028,   6140881.66009550)",ANTONIO MACHADO 1739 EN 1739/1741,0
2026-05-03,C_107,50,N,,Sobrepeso,S,,56151,Matutino,2026-05-03 10:58:59,,174372,"POINT (  574845.484143332,   6140851.73195695)",PANDO 2995,0
2026-05-03,C_107,51,S,100,,S,,56151,Matutino,2026-05-03 10:59:16,35,152294,"POINT (  574845.592903955,   6140848.72224239)",PANDO 2995,0
2026-05-03,C_107,52,,,,S,,56151,Matutino,,,174392,"POINT (  574854.519457627,   6140756.29286386)",PANDO 2947,0
2026-05-03,C_107,53,,,,S,,56151,Matutino,,,180201,"POINT (  574843.806246623,   6140643.88923552)",PANDO 2891 EN 2891BIS/2891,0
2026-05-03,C_107,54,,,,S,,56151,Matutino,,,180211,"POINT (  574827.691095159,   6140619.76584642)",PANDO 2877,0
2026-05-03,C_107,55,,,,S,,56151,Matutino,,,134612,"POINT (  574708.304768362,   6140408.83523674)",PANDO 2767 MURO.,0
2026-05-03,C_107,56,,,,S,,56151,Matutino,,,134611,"POINT (  574657.033419915,   6140290.54672203)",PANDO 2711 MURO,0
2026-05-03,C_107,57,,,,S,,56151,Matutino,,,134540,"POINT (  574637.077963345,   6140244.93424987)",PANDO 2691,0
2026-05-03,C_107,58,,,,S,,56151,Matutino,,,134521,"POINT (  574587.676722548,   6140128.07172050)",PANDO 2633 EN 2631,0
2026-05-03,C_107,59,,,,S,,56151,Matutino,,,134520,"POINT (  574555.843018019,   6140050.62554381)",PANDO 2591 EN 2583/2591,0
2026-05-03,C_107,60,,,,S,,56151,Matutino,,,134571,"POINT (  574506.597316080,   6140002.22153892)",CONCEPCION ARENAL 1595 FTE 1586,0
2026-05-03,C_107,61,,,,S,,56151,Matutino,,,183467,"POINT (  574457.483356772,   6140032.39360702)",MARSELLA Esq. CONCEPCION ARENAL,0
2026-05-03,C_107,62,,,,S,,56151,Matutino,,,183465,"POINT (  574489.946938344,   6140114.61423835)",MARSELLA 2606 MURO,0
2026-05-03,C_107,63,,,,S,,56151,Matutino,,,140352,"POINT (  574526.496858757,   6140205.33241188)",MARSELLA 2654 EN 2658. CASA TAPEADA,0
2026-05-03,C_107,64,,,,S,,56151,Matutino,,,134572,"POINT (  574573.163525424,   6140318.32676217)",MARSELLA 2708 EN 2706,0
2026-05-03,C_107,65,,,,S,,56151,Matutino,,,140332,"POINT (  574574.285710698,   6140321.20422231)",MARSELLA 2708,0
2026-05-03,C_107,66,,,,N,,56151,Matutino,,,134576,"POINT (  574606.609853108,   6140402.16857008)",MARSELLA 2746,0
2026-05-03,C_107,67,,,,S,,56151,Matutino,,,175460,"POINT (  574635.649401130,   6140468.04427629)",MARSELLA 2774 REBAJE/ARBOL. FTE MURO.,0
2026-05-03,C_107,68,,,,S,,56151,Matutino,,,135812,"POINT (  574641.864090396,   6140482.95953053)",MARSELLA 2780,0
2026-05-03,C_107,69,,,,S,,56151,Matutino,,,134591,"POINT (  574713.954485876,   6140609.28721413)",MARSELLA Esq. CEIBAL MURO,0
2026-05-03,C_107,70,,,,S,,56151,Matutino,,,171172,"POINT (  574726.383864407,   6140629.28721413)",MARSELLA 2870,0
2026-05-03,C_107,71,,,,S,,56151,Matutino,,,181992,"POINT (  574765.666655859,   6140706.13290569)",MARSELLA 2924,0
2026-05-03,C_107,72,,,,N,,56151,Matutino,,,134613,"POINT (  574813.446011300,   6140759.17421979)",GRAL ENRIQUE MARTINEZ 1676,0
2026-05-03,C_107,73,S,50,,S,,56151,Matutino,2026-05-03 10:40:41,35,153552,"POINT (  574981.299118644,   6140771.26461527)",GRAL ENRIQUE MARTINEZ 1758,0
2026-05-03,C_107,74,S,75,,S,,56151,Matutino,2026-05-03 10:40:55,35,134554,"POINT (  574984.010983051,   6140771.43410680)",GRAL ENRIQUE MARTINEZ 1758 MURO LADRILLO,0
2026-05-03,C_107,75,,,,S,,56151,Matutino,,,134526,"POINT (  575011.299118644,   6140587.08382431)",DR LUIS MELIAN LAFINUR 1765,0
2026-05-03,C_107,76,,,,S,,56151,Matutino,,,181991,"POINT (  574951.088222412,   6140504.88792241)",MARCELINO SOSA 2859 PDO 2859. ANTES DE CORDON ROJO,0
2026-05-03,C_107,77,,,,S,,56151,Matutino,,,134525,"POINT (  574935.935946135,   6140481.66391666)",MARCELINO SOSA 2845,0
2026-05-03,C_107,78,,,,S,,56151,Matutino,,,134524,"POINT (  574905.527631361,   6140436.05144450)",MARCELINO SOSA 2813,0
2026-05-03,C_107,79,,,,S,,56151,Matutino,,,134602,"POINT (  574864.191328465,   6140351.95344896)",MARCELINO SOSA 2775,0
2026-05-03,C_107,80,,,,S,,56151,Matutino,,,183603,"POINT (  574824.427569284,   6140249.58125586)",MARCELINO SOSA 2729,0
2026-05-03,C_107,81,,,,S,,56151,Matutino,,,158175,"POINT (  574779.092265114,   6140133.98304051)",MARCELINO SOSA 2665 EN 2667. MURO,0
2026-05-03,C_107,82,,,,S,,56151,Matutino,,,134523,"POINT (  574762.824542373,   6140086.74484126)",MARCELINO SOSA Esq. GUADALUPE,0
2026-05-03,C_107,83,,,,S,,56151,Matutino,,,134565,"POINT (  574719.966746346,   6139975.61702305)",MARCELINO SOSA 2583 MURO. PDO REBAJE,0
2026-05-03,C_107,84,,,,S,,56151,Matutino,,,134952,"POINT (  574419.927986160,   6140041.48931268)",CONCEPCION ARENAL 1533,0
2026-05-03,C_107,85,,,,S,,56151,Matutino,,,152512,"POINT (  574371.387376926,   6140072.55074123)",AV GRAL SAN MARTIN 2552,0
2026-05-03,C_107,86,,,,S,,56151,Matutino,,,183468,"POINT (  574388.585667713,   6140137.37403946)",RIVADAVIA 1504 EN 1506,0
2026-05-03,C_107,87,,,,S,,56151,Matutino,,,134529,"POINT (  574372.595975340,   6140181.52487741)",AV GRAL SAN MARTIN 2602 EN 2618,0
2026-05-03,C_107,88,,,,S,,56151,Matutino,,,171115,"POINT (  574392.764667565,   6140276.79818529)",AV GRAL SAN MARTIN 2656 PROV OV (O: SAN MARTIN 2660),0
2026-05-03,C_107,89,,,,S,,56151,Matutino,,,134530,"POINT (  574496.270870057,   6140479.00472827)",COLORADO 1552 MURO,0
2026-05-03,C_107,90,,,,S,,56151,Matutino,,,134603,"POINT (  574355.719194264,   6140174.28885447)",AV GRAL SAN MARTIN 2615 VEREDA. PDO PARADA,0
2026-05-03,C_107,91,,,,S,,56151,Matutino,,,134578,"POINT (  574399.688716937,   6140246.49867040)",GUADALUPE 1510 FTE 1510,0
2026-05-03,C_107,92,,,,S,,56151,Matutino,,,134579,"POINT (  574523.728013431,   6140533.12651918)",AV GRAL SAN MARTIN 2768 PDO REBAJE,0
2026-05-03,C_107,93,,,,S,,56151,Matutino,,,158412,"POINT (  574531.948532113,   6140543.56689877)",AV GRAL SAN MARTIN 2768 EN 2790,0
2026-05-03,C_107,94,,,,S,,56151,Matutino,,,134593,"POINT (  574624.930686038,   6140686.11835288)",AV GRAL SAN MARTIN 2852,0
2026-05-03,C_107,95,,,,S,,56151,Matutino,,,134594,"POINT (  574719.956669708,   6140896.60090670)",AV GRAL SAN MARTIN 2972 VEREDA. EN 2966,0
2026-05-03,C_107,96,,,,S,,56151,Matutino,,,134534,"POINT (  574783.926598471,   6140961.01565088)",BV GRAL ARTIGAS 3623 VEREDA. EN 3629.,0
2026-05-03,C_107,97,,,,S,,56151,Matutino,,,134597,"POINT (  574890.395163842,   6140970.19116896)",BV GRAL ARTIGAS 3577 VEREDA. PALMERA/CARTEL,0
2026-05-03,C_107,98,,,,S,,56151,Matutino,,,134596,"POINT (  574988.474259887,   6140977.98777913)",BV GRAL ARTIGAS 3535 VEREDA. PDO PALMERA,0
2026-05-03,C_107,99,,,,S,,56151,Matutino,,,134533,"POINT (  575043.841491525,   6140983.07252489)",BV GRAL ARTIGAS 3503 VEREDA,0
2026-05-03,C_107,100,,,,S,,56151,Matutino,,,134555,"POINT (  575237.739796610,   6140997.42280738)",BV GRAL ARTIGAS 3413 VEREDA,0
2026-05-03,C_107,101,,,,S,,56151,Matutino,,,175456,"POINT (  575367.683299435,   6140955.04992602)",DR MARTIN C MARTINEZ 3151,0
2026-05-03,C_107,102,,,,S,,56151,Matutino,,,134556,"POINT (  575367.683299435,   6140952.67704466)",DR MARTIN C MARTINEZ 3151 ANTES CRUCE PEATONAL,0
2026-05-03,E_110,13,S,100,,S,,56152,Matutino,2026-05-03 07:05:06,,180937,"POINT (  583592.802249829,   6139564.25754027)",CATANIA 2152,0
2026-05-03,E_110,32,S,100,,S,"Basura Afuera, Poda",56152,Matutino,2026-05-03 07:14:22,,183607,"POINT (  583412.992077251,   6140499.95679289)",AGRIGENTO 2416 EN 2412/2416,1
2026-05-03,E_110,33,S,100,,S,Basura Afuera,56152,Matutino,2026-05-03 07:17:03,,160832,"POINT (  583246.937815769,   6140639.36446719)",AGRIGENTO 2487,1
2026-05-03,E_110,34,S,100,,S,Basura Afuera,56152,Matutino,2026-05-03 07:12:27,,105613,"POINT (  583240.686143590,   6140645.13524151)",AGRIGENTO 2487,1
2026-05-03,E_110,35,S,100,,S,,56152,Matutino,2026-05-03 07:17:58,,105537,"POINT (  583118.658311628,   6140567.59046160)",DR ELIAS REGULES 5793,1
2026-05-03,E_110,36,S,100,,S,Basura Afuera,56152,Matutino,2026-05-03 07:19:19,,176212,"POINT (  583122.585598990,   6140519.26671010)",SIRACUSA 2493 FTE 2498,1
2026-05-03,E_110,37,S,100,,S,Basura Afuera,56152,Matutino,2026-05-03 07:21:08,,105614,"POINT (  583296.830968739,   6140386.97324036)",SIRACUSA 2427,1
2026-05-03,E_110,38,S,100,,S,Basura Afuera,56152,Matutino,2026-05-03 07:22:06,,105615,"POINT (  583380.587346014,   6140321.97187962)",SIRACUSA 2398,1
2026-05-03,E_110,39,S,100,,S,Basura Afuera,56152,Matutino,2026-05-03 07:24:31,,105616,"POINT (  583606.530103400,   6140143.95459023)",SIRACUSA 2263,1
2026-05-03,E_110,40,S,100,,S,Basura Afuera,56152,Matutino,2026-05-03 07:26:53,,105538,"POINT (  583476.862505850,   6140055.13986236)",AV BOLIVIA 2364,1
2026-05-03,E_110,41,S,100,,S,Basura Afuera,56152,Matutino,2026-05-03 07:29:21,,105528,"POINT (  583404.828832200,   6140112.18725829)",AV BOLIVIA 2392,1
2026-05-03,E_110,42,S,100,,S,,56152,Matutino,2026-05-03 07:30:02,,105566,"POINT (  583297.541905600,   6140193.82061885)",AV BOLIVIA 2442,1
2026-05-03,E_110,43,S,100,,S,Basura Afuera,56152,Matutino,2026-05-03 07:33:21,,105529,"POINT (  583209.829560120,   6140263.65533822)",AV BOLIVIA 2478,1
2026-05-03,E_110,44,S,75,,S,,56152,Matutino,2026-05-03 07:34:28,,105520,"POINT (  583066.626811790,   6140372.95534022)",AV BOLIVIA 2586,1
2026-05-03,E_110,45,S,100,,S,Basura Afuera,56152,Matutino,2026-05-03 07:36:34,,105521,"POINT (  583063.385592700,   6140469.82105049)",DR ELIAS REGULES 5776,1
2026-05-03,E_110,46,S,50,,S,Basura Afuera,56152,Matutino,2026-05-03 07:42:50,,128052,"POINT (  583105.418630102,   6140763.03335331)",AGRIGENTO 2552 FTE 2547,1
2026-05-03,E_110,47,S,75,,S,,56152,Matutino,2026-05-03 07:44:24,,128032,"POINT (  583348.685148304,   6140829.55154188)",DR ELIAS REGULES 5934 FTE 5934,1
2026-05-03,E_110,48,S,100,,S,Basura Afuera,56152,Matutino,2026-05-03 07:45:36,,105523,"POINT (  583046.504343686,   6140619.19402389)",JUAN D ANIELLO 5836,1
2026-05-03,E_110,49,S,100,,S,"Basura Afuera, Poda",56152,Matutino,2026-05-03 07:47:47,,105618,"POINT (  582913.893920530,   6140709.58425408)",PABLO MAÑE 2746,1
2026-05-03,E_110,50,S,100,,S,,56152,Matutino,2026-05-03 07:52:14,,105619,"POINT (  581795.073557952,   6140892.32973508)",CNO CARRASCO Esq. ANA MARIA RUBENS,1
2026-05-03,E_110,51,S,50,,S,"Basura Afuera, Poda",56152,Matutino,2026-05-03 07:54:19,,105620,"POINT (  581851.543299050,   6140752.86375757)",ANA MARIA RUBENS 2357,1
2026-05-03,E_110,52,S,50,,S,Basura Afuera,56152,Matutino,2026-05-03 07:57:00,,105622,"POINT (  582071.797060000,   6140797.94521124)",CNO CARRASCO 5286,1
2026-05-03,E_110,53,S,100,,S,Basura Afuera,56152,Matutino,2026-05-03 07:56:52,,105623,"POINT (  582073.621924700,   6140797.24528182)",CNO CARRASCO 5286,1
2026-05-03,E_110,54,N,,Contenedor No Está,N,,56152,Matutino,2026-05-03 07:58:53,,105596,"POINT (  582159.811218030,   6140760.24302292)",CNO ONCATIVO 2693,1
2026-05-03,E_110,55,S,100,,S,Basura Afuera,56152,Matutino,2026-05-03 07:59:57,,105531,"POINT (  582079.641166000,   6140626.07118493)",CNO ONCATIVO 2653,1
2026-05-03,E_110,56,N,,No Levantado por Feria,S,,56152,Matutino,2026-05-03 07:59:42,,180351,"POINT (  582195.023075706,   6140548.89016497)",ROMILDO RISSO 2602,1
2026-05-03,E_110,57,N,,No Levantado por Feria,S,,56152,Matutino,2026-05-03 07:59:50,,180352,"POINT (  582299.429855367,   6140719.73762260)",ROMILDO RISSO 2694 FTE 2501,1
2026-05-03,E_110,58,S,100,,S,,56152,Matutino,2026-05-03 08:08:41,,105553,"POINT (  582595.902300451,   6140684.18815521)",AV BOLIVIA 2847,1
2026-05-03,E_110,59,S,100,,S,Basura Afuera,56152,Matutino,2026-05-03 08:08:47,,105530,"POINT (  582653.592681990,   6140650.43023923)",AV BOLIVIA 2815 EN 2821,1
2026-05-03,E_110,60,S,25,,S,,56152,Matutino,2026-05-03 08:14:55,,182228,"POINT (  582869.767969610,   6140507.88470197)",AV BOLIVIA Esq. CIRC INT CALLE 5,1
2026-05-03,E_115,50,S,100,,S,Basura Afuera,56152,Matutino,2026-05-03 09:07:15,,181951,"POINT (  586544.860553583,   6140560.27775074)",ANTONIO PENA 2342,2
2026-05-03,E_115,51,N,,"Contenedor Roto (choque, desfonde, etc.)",S,,56152,Matutino,2026-05-03 09:08:09,,107365,"POINT (  586542.786416336,   6140588.75727795)",ANTONIO PENA 2348,2
2026-05-03,E_115,52,S,50,,S,"Basura Afuera, Escombro, Poda",56152,Matutino,2026-05-03 09:10:47,,107363,"POINT (  586518.768692710,   6140874.81452473)",ANTONIO PENA 2494,2
2026-05-03,E_115,53,S,100,,S,Basura Afuera,56152,Matutino,2026-05-03 09:10:39,,107362,"POINT (  586518.922652476,   6140878.35559937)",ANTONIO PENA 2494,2
2026-05-03,E_115,54,S,50,,S,Poda,56152,Matutino,2026-05-03 09:13:27,,107366,"POINT (  586397.294436674,   6140887.13130608)",DR RAUL E BAETHGEN 2481,2
2026-05-03,E_115,55,S,100,,S,Poda,56152,Matutino,2026-05-03 09:13:21,,107369,"POINT (  586395.754839006,   6140882.66647284)",DR RAUL E BAETHGEN 2481,2
2026-05-03,E_115,56,S,100,,S,Basura Afuera,56152,Matutino,2026-05-03 09:13:35,,107368,"POINT (  586391.635830310,   6140740.67800207)",DR RAUL E BAETHGEN 2401,2
2026-05-03,E_115,57,S,100,,S,Basura Afuera,56152,Matutino,2026-05-03 09:15:28,,107367,"POINT (  586408.995378954,   6140580.75137007)",DR RAUL E BAETHGEN Esq. DR CESAR MIRANDA,2
2026-05-03,E_115,58,N,,Contenedor No Está,S,,56152,Matutino,2026-05-03 09:18:11,,107370,"POINT (  586420.148974250,   6140402.47423653)",DR RAUL E BAETHGEN 2268,2
2026-05-03,E_115,59,S,100,,S,Basura Afuera,56152,Matutino,2026-05-03 09:17:45,,175394,"POINT (  586420.850281000,   6140397.84716707)",DR RAUL E BAETHGEN 2259,2
2026-05-03,E_115,60,S,100,,S,Basura Afuera,56152,Matutino,2026-05-03 09:20:24,,180027,"POINT (  586605.075843355,   6140259.02265795)",DR ALFREDO GIRIBALDI ODDO 2237,2
2026-05-03,E_115,61,S,100,,S,Basura Afuera,56152,Matutino,2026-05-03 09:23:51,,177438,"POINT (  586108.522165795,   6140210.57449848)",SANTA MONICA 2202 ESQ. FTE MURO GRIS,2
2026-05-03,E_115,62,S,100,,S,Basura Afuera,56152,Matutino,2026-05-03 09:23:45,,179000,"POINT (  586106.753281385,   6140220.86102951)",SANTA MONICA 2202 2207 FTE,2
2026-05-03,E_115,63,N,,Contenedor No Está,S,,56152,Matutino,2026-05-03 09:27:43,,107378,"POINT (  586188.678952607,   6140388.60958106)",DR ALBERTO GUANI 2272,2
2026-05-03,E_115,64,S,100,,S,Basura Afuera,56152,Matutino,2026-05-03 09:29:17,,107377,"POINT (  586180.089337540,   6140488.64181045)",DR ALBERTO GUANI 2324,2
2026-05-03,E_115,65,S,100,,S,Basura Afuera,56152,Matutino,2026-05-03 09:30:41,,107376,"POINT (  586282.406103070,   6140535.21208867)",ING ALVARO CORREA MORENO 2341,2
2026-05-03,E_115,66,S,100,,S,Basura Afuera,56152,Matutino,2026-05-03 09:30:48,,107375,"POINT (  586292.258273010,   6140411.37801505)",ING ALVARO CORREA MORENO 2281,2
2026-05-03,E_115,67,S,100,,S,Basura Afuera,56152,Matutino,2026-05-03 09:35:05,,107374,"POINT (  586286.113860010,   6140661.99920579)",ING ALVARO CORREA MORENO 2360,2
2026-05-03,E_115,68,S,50,,S,,56152,Matutino,2026-05-03 09:37:39,,182263,"POINT (  586272.569355991,   6140809.14288170)",ING ALVARO CORREA MORENO 2434,2
2026-05-03,E_115,69,S,100,,S,Basura Afuera,56152,Matutino,2026-05-03 09:35:40,,107381,"POINT (  586272.125146234,   6140813.38457777)",ING ALVARO CORREA MORENO 2434,2
2026-05-03,E_115,70,S,75,,S,,56152,Matutino,2026-05-03 09:37:57,,107380,"POINT (  586297.990387062,   6140921.46433409)",ING ALVARO CORREA MORENO 2490,2
2026-05-03,E_115,71,S,100,,S,Basura Afuera,56152,Matutino,2026-05-03 09:41:49,,107923,"POINT (  586144.507721246,   6140993.78618999)",ARQ HORACIO ACOSTA Y LARA Esq. AVENIR ROSELL,2
2026-05-03,E_115,72,S,100,,S,Basura Afuera,56152,Matutino,2026-05-03 09:49:44,,107922,"POINT (  586142.584129806,   6140989.13751068)",ARQ HORACIO ACOSTA Y LARA Esq. AVENIR ROSELL,2
2026-05-03,E_115,73,S,25,,S,Basura Afuera,56152,Matutino,2026-05-03 09:46:48,,147896,"POINT (  586091.448657365,   6140878.21040432)",AVENIR ROSELL 2420,2
2026-05-03,E_115,74,S,100,,S,Basura Afuera,56152,Matutino,2026-05-03 09:47:01,,147893,"POINT (  586088.322821275,   6140872.68007893)",AVENIR ROSELL 2420,2
2026-05-03,E_115,75,S,100,,S,,56152,Matutino,2026-05-03 09:47:09,,107921,"POINT (  586085.677883045,   6140867.63065140)",AVENIR ROSELL 2420,2
2026-05-03,E_115,76,S,50,,S,Basura Afuera,56152,Matutino,2026-05-03 09:46:56,,107920,"POINT (  586082.471897312,   6140862.26062529)",AVENIR ROSELL 2420,2
2026-05-03,E_115,78,S,100,,S,Basura Afuera,56152,Matutino,2026-05-03 09:47:18,,108132,"POINT (  586100.265118130,   6141019.75467443)",ARQ HORACIO ACOSTA Y LARA 6848 PDO LOMO BURRO,3
2026-05-03,E_115,79,S,100,,S,Basura Afuera,56152,Matutino,2026-05-03 09:50:03,,108153,"POINT (  586187.293314706,   6140982.12448222)",ARQ HORACIO ACOSTA Y LARA 6918,3
2026-05-03,E_115,80,S,100,,S,"Basura Afuera, Poda",56152,Matutino,2026-05-03 09:52:48,,108172,"POINT (  586264.273198125,   6140951.48648862)",ARQ HORACIO ACOSTA Y LARA 6936 FTE 6949,3
2026-05-03,E_115,81,S,100,,S,"Basura Afuera, Escombro, Poda",56152,Matutino,2026-05-03 09:56:39,,108212,"POINT (  586361.883690301,   6140917.76929968)",ARQ HORACIO ACOSTA Y LARA 7062 FTE 7047,3
2026-05-03,E_115,82,S,100,,S,Basura Afuera,56152,Matutino,2026-05-03 09:56:52,,180028,"POINT (  586429.897329630,   6140901.67633857)",ARQ HORACIO ACOSTA Y LARA 7114,3
2026-05-03,E_115,83,S,100,,S,Basura Afuera,56152,Matutino,2026-05-03 10:01:40,,107379,"POINT (  586456.261027373,   6140897.90848975)",ARQ HORACIO ACOSTA Y LARA 7114 FTE 6939,3
2026-05-03,E_115,1,S,100,,S,Basura Afuera,56152,Matutino,2026-05-03 10:08:51,,107306,"POINT (  587650.603918623,   6140730.55422320)",ARQ HORACIO ACOSTA Y LARA 7695,4
2026-05-03,E_115,2,S,100,,S,,56152,Matutino,2026-05-03 10:11:32,,180844,"POINT (  587554.331996595,   6140848.73141578)",ARQ HORACIO ACOSTA Y LARA 7673,4
2026-05-03,E_115,3,S,100,,S,,56152,Matutino,2026-05-03 10:12:04,,107305,"POINT (  587530.823220022,   6141025.54113647)",CALLE COSTANERA 2582 ENTRE 2572/2582 CERCO VEGETAL,4
2026-05-03,E_115,4,S,100,,S,,56152,Matutino,2026-05-03 10:13:53,,107304,"POINT (  587401.189096344,   6141058.48852657)",DR RICARDO ARECO 7483,4
2026-05-03,E_115,5,S,100,,S,,56152,Matutino,2026-05-03 10:17:57,,107303,"POINT (  587228.908117252,   6141086.04732483)",DR RICARDO ARECO Esq. CALLE N FTE A PADRON ESQUINA ,4
2026-05-03,E_115,6,S,100,,S,Basura Afuera,56152,Matutino,2026-05-03 10:18:42,,107302,"POINT (  587121.906079299,   6141099.44182455)",DR RICARDO ARECO 7380,4
2026-05-03,E_115,7,S,100,,S,"Basura Afuera, Poda",56152,Matutino,2026-05-03 10:23:37,,107301,"POINT (  586887.065326000,   6141030.25105573)",LAS MARGARITAS 2468,4
2026-05-03,E_115,8,,,,S,,56152,Matutino,,,107300,"POINT (  586996.656030520,   6140925.67014483)",ARQ HORACIO ACOSTA Y LARA Esq. GRAL FRENCH,4
2026-05-03,E_115,9,,,,S,,56152,Matutino,,,107308,"POINT (  587129.788266700,   6140938.64615021)",ARQ HORACIO ACOSTA Y LARA 7318,4
2026-05-03,E_115,10,,,,S,,56152,Matutino,,,107307,"POINT (  587331.753241500,   6140936.55239123)",ARQ HORACIO ACOSTA Y LARA 7454,4
2026-05-03,E_115,11,,,,S,,56152,Matutino,,,107315,"POINT (  587406.269768650,   6140851.87451947)",LOS ARCES 7610,4
2026-05-03,E_115,12,,,,S,,56152,Matutino,,,107314,"POINT (  587488.864480090,   6140743.34824272)",LOS ARCES 7665,4
2026-05-03,E_115,13,,,,S,,56152,Matutino,,,107313,"POINT (  587599.643235799,   6140650.80306398)",LOS ARCES Esq. LAS HORTENSIAS,4
2026-05-03,E_115,14,,,,S,,56152,Matutino,,,176338,"POINT (  587553.609265515,   6140535.17927908)",LAS GLICINAS 7501 PROV OV CANNES ESQ ING LUIS ANDREONI,4
2026-05-03,E_115,15,,,,S,,56152,Matutino,,,107312,"POINT (  587551.992687963,   6140534.94833944)",LAS GLICINAS 7501,4
2026-05-03,E_115,16,,,,S,,56152,Matutino,,,107311,"POINT (  587417.508831630,   6140548.34283915)",LOS AROMOS Esq. LAS GLICINAS,4
2026-05-03,E_115,17,,,,S,,56152,Matutino,,,107310,"POINT (  587408.425205386,   6140665.04434242)",LOS AROMOS Esq. ING VICTOR SUDRIERS,4
2026-05-03,E_115,18,,,,S,,56152,Matutino,,,107309,"POINT (  587523.741070748,   6140638.25534299)",AV DEL SOL 2353,4
2026-05-03,E_115,19,,,,S,,56152,Matutino,,,181556,"POINT (  587560.699667320,   6140436.66558497)",GRAL MAXIMO TAJES 7456,4
2026-05-03,E_115,20,,,,S,,56152,Matutino,,,107316,"POINT (  587619.504045722,   6140438.72348516)",GRAL MAXIMO TAJES 7486 EN 7478 // VEREDA,4
2026-05-03,E_115,21,,,,S,,56152,Matutino,,,180168,"POINT (  587686.096473780,   6140453.68921794)",GRAL MAXIMO TAJES 7587 FTE 7587 // VEREDA,4
2026-05-03,E_115,22,,,,S,,56152,Matutino,,,181428,"POINT (  587691.460840959,   6140453.49111264)",GRAL MAXIMO TAJES Esq. PSJE GUARUYA en vereda,4
2026-05-03,E_115,23,,,,S,,56152,Matutino,,,107319,"POINT (  587042.770759145,   6140327.41057373)",GRAL FRENCH 2014,4
2026-05-03,E_115,24,,,,S,,56152,Matutino,,,183606,"POINT (  587037.008898104,   6140376.42796635)",GRAL FRENCH 2246,4
2026-05-03,E_115,25,,,,S,,56152,Matutino,,,107324,"POINT (  587029.589116610,   6140454.72392525)",GRAL FRENCH 2254,4
2026-05-03,E_115,26,,,,S,,56152,Matutino,,,107323,"POINT (  587017.521357383,   6140607.92526892)",GRAL FRENCH 2291,4
2026-05-03,E_115,27,,,,S,,56152,Matutino,,,107389,"POINT (  587181.070581490,   6140578.13553557)",HNO PATRICK C KELLY 2267,4
2026-05-03,E_115,28,,,,S,,56152,Matutino,,,181429,"POINT (  587311.576538344,   6140411.64275447)",GRAL MAXIMO TAJES 7382,4
2026-05-03,E_115,29,,,,S,,56152,Matutino,,,181430,"POINT (  587315.498106972,   6140411.64275447)",GRAL MAXIMO TAJES 7382,4
2026-05-03,E_115,30,,,,S,,56152,Matutino,,,175102,"POINT (  587371.012982044,   6140360.66588337)",DR EUGENIO MARTINEZ THEDY 2223,4
2026-05-03,E_115,31,,,,S,,56152,Matutino,,,175103,"POINT (  587371.320901578,   6140356.66292944)",DR EUGENIO MARTINEZ THEDY 2223,4
2026-05-03,E_115,32,,,,S,,56152,Matutino,,,107326,"POINT (  587010.131288575,   6140694.45065788)",GRAL FRENCH 2323,4
2026-05-03,E_115,33,,,,S,,56152,Matutino,,,107292,"POINT (  586997.814507228,   6140831.16693083)",GRAL FRENCH 2365,4
2026-05-03,E_115,34,,,,S,,56152,Matutino,,,107325,"POINT (  586976.260139870,   6141069.49664990)",GRAL FRENCH 2492,4
2026-05-03,E_115,35,,,,S,,56152,Matutino,,,107328,"POINT (  586853.554205700,   6140940.55534517)",ARQ HORACIO ACOSTA Y LARA 7267,4
2026-05-03,E_115,36,,,,S,,56152,Matutino,,,176247,"POINT (  586817.758559910,   6140834.01518652)",DR CELEDONIO NIN Y SILVA 2379,4
2026-05-03,E_115,37,,,,S,,56152,Matutino,,,107293,"POINT (  586825.148628718,   6140748.41355616)",DR CELEDONIO NIN Y SILVA 2345,4
2026-05-03,E_115,38,,,,S,,56152,Matutino,,,179091,"POINT (  586835.073038780,   6140641.39397473)",DR CELEDONIO NIN Y SILVA 2301,4
2026-05-03,E_115,39,,,,S,,56152,Matutino,,,175742,"POINT (  586837.964561220,   6140596.96605033)",DR CELEDONIO NIN Y SILVA 2297,4
2026-05-03,E_115,40,,,,S,,56152,Matutino,,,107299,"POINT (  586851.516671060,   6140451.79594391)",DR CELEDONIO NIN Y SILVA 2261,4
2026-05-03,E_115,41,,,,S,,56152,Matutino,,,107330,"POINT (  586781.334482500,   6140430.52278071)",GRAL SANTANDER 2262,4
2026-05-03,E_115,42,,,,S,,56152,Matutino,,,165752,"POINT (  586763.410762216,   6140648.72460713)",GRAL SANTANDER 2308,4
2026-05-03,E_115,43,,,,S,,56152,Matutino,,,107359,"POINT (  586752.845462380,   6140769.88367717)",GRAL SANTANDER 2354,4
2026-05-03,E_115,44,,,,S,,56152,Matutino,,,165652,"POINT (  586742.318274159,   6140894.36741512)",GRAL SANTANDER 2396 EN ESQ,4
2026-05-03,E_115,45,,,,S,,56152,Matutino,,,107357,"POINT (  586631.621201802,   6140872.35116846)",GRAL NARIÑO 2495,4
2026-05-03,E_115,46,,,,S,,56152,Matutino,,,180635,"POINT (  586632.025991127,   6140868.55426597)",GRAL NARIÑO 2495,4
2026-05-03,E_115,47,,,,S,,56152,Matutino,,,107335,"POINT (  586650.404293356,   6140651.11098351)",GRAL NARIÑO Esq. ANTONIO BACHINI,4
2026-05-03,E_115,48,,,,S,,56152,Matutino,,,107334,"POINT (  586654.253287527,   6140608.61808787)",GRAL NARIÑO 2351,4
2026-05-03,F_105,9,S,100,,S,,56153,Matutino,2026-05-03 06:50:25,,141774,"POINT (  577732.574064355,   6144037.19280142)",SAINT BOIS 4884 FTE 4884,0
2026-05-03,F_105,10,S,100,,S,Requiere Limpieza,56153,Matutino,2026-05-03 06:52:50,,141754,"POINT (  577650.824486816,   6143943.57199810)",SAINT BOIS 4804 FTE 4812,0
2026-05-03,F_105,11,S,100,,S,Requiere Limpieza,56153,Matutino,2026-05-03 06:54:37,,141805,"POINT (  577594.705964941,   6143879.62925923)",SAINT BOIS 4791 FTE 4788,0
2026-05-03,F_105,12,S,100,,S,Requiere Limpieza,56153,Matutino,2026-05-03 06:57:29,,141753,"POINT (  577534.270633691,   6143812.44891333)",SAINT BOIS 4767,0
2026-05-03,F_105,13,S,100,,S,,56153,Matutino,2026-05-03 06:59:15,,171572,"POINT (  577417.215972927,   6143691.52854136)",SAINT BOIS 4713 PROV (O:SAINT BOIS 4623),0
2026-05-03,F_105,14,S,100,,S,,56153,Matutino,2026-05-03 07:00:58,,171372,"POINT (  577412.769093174,   6143687.51892286)",SAINT BOIS 4713,0
2026-05-03,F_105,15,S,100,,S,,56153,Matutino,2026-05-03 07:02:59,,180380,"POINT (  577375.988370152,   6143652.65603943)",SAINT BOIS 4635,0
2026-05-03,F_105,16,S,100,,S,Requiere Limpieza,56153,Matutino,2026-05-03 07:05:38,,170772,"POINT (  577492.494015755,   6143505.70995552)",LOS JOCKEYS 4624,0
2026-05-03,F_105,17,S,100,,S,Requiere Limpieza,56153,Matutino,2026-05-03 07:09:49,,170814,"POINT (  577584.303938414,   6143617.95434095)",LOS JOCKEYS 4680,0
2026-05-03,F_105,18,S,100,,S,,56153,Matutino,2026-05-03 07:11:33,,170852,"POINT (  577501.095995218,   6143678.63377012)",24 DE ABRIL 4721,0
2026-05-03,F_105,19,S,100,,S,Requiere Limpieza,56153,Matutino,2026-05-03 07:14:24,,170872,"POINT (  577413.390849254,   6143555.89377421)",24 DE ABRIL 4659,0
2026-05-03,F_105,20,S,100,,S,Requiere Limpieza,56153,Matutino,2026-05-03 07:19:40,,141806,"POINT (  577768.997143457,   6143871.13054077)",LOS JOCKEYS 4856,0
2026-05-03,F_105,21,S,100,,S,,56153,Matutino,2026-05-03 07:22:16,,181326,"POINT (  577804.720658606,   6143915.70359303)",LOS JOCKEYS 4872,0
2026-05-03,F_105,22,N,,Contenedor No Está,N,,56153,Matutino,2026-05-03 07:22:58,,141830,"POINT (  577830.241876465,   6144029.23368413)",IBERIA 3736 EN 3734,0
2026-05-03,F_105,23,S,100,,S,Requiere Limpieza,56153,Matutino,2026-05-03 07:25:06,,141833,"POINT (  577826.599568555,   6144132.49985840)",SAINT BOIS 4930,0
2026-05-03,F_105,24,S,50,,S,,56153,Matutino,2026-05-03 07:28:07,,141832,"POINT (  577927.774788281,   6144247.56980830)",SAINT BOIS 5048 FTE 5055,0
2026-05-03,F_105,25,S,75,,S,,56153,Matutino,2026-05-03 07:29:38,,141834,"POINT (  578029.084908301,   6144363.44915996)",SAINT BOIS Esq. JOSE MARIA GUERRA,0
2026-05-03,F_105,26,S,100,,S,Requiere Limpieza,56153,Matutino,2026-05-03 07:34:57,,141760,"POINT (  578139.163547364,   6144230.16767051)",FRANCISCO ECHAGOYEN 5085,0
2026-05-03,F_105,27,S,75,,S,,56153,Matutino,2026-05-03 07:36:19,,141762,"POINT (  578044.733342285,   6144104.71039805)",FRANCISCO ECHAGOYEN 4996 FTE 4996,0
2026-05-03,F_105,28,S,100,,S,Requiere Limpieza,56153,Matutino,2026-05-03 07:40:54,,141761,"POINT (  577965.411970020,   6144000.02777070)",FRANCISCO ECHAGOYEN 4940 FTE 4942,0
2026-05-03,F_105,29,S,100,,S,Requiere Limpieza,56153,Matutino,2026-05-03 07:42:39,,141784,"POINT (  577892.565811817,   6143903.70896152)",FRANCISCO ECHAGOYEN 4913,0
2026-05-03,F_105,30,S,100,,S,,56153,Matutino,2026-05-03 07:44:41,,141783,"POINT (  577824.576064160,   6143813.59556582)",FRANCISCO ECHAGOYEN 4859,0
2026-05-03,F_105,31,S,100,,S,,56153,Matutino,2026-05-03 07:47:26,,141782,"POINT (  577738.509677246,   6143700.00951914)",FRANCISCO ECHAGOYEN 4779,0
2026-05-03,F_105,32,S,100,,S,Requiere Limpieza,56153,Matutino,2026-05-03 07:52:21,,179612,"POINT (  577656.490124619,   6143597.16402506)",FRANCISCO ECHAGOYEN 4743 FTE 4736,0
2026-05-03,F_105,33,S,100,,S,Requiere Limpieza,56153,Matutino,2026-05-03 07:57:26,,179613,"POINT (  577610.302760784,   6143533.98319717)",FRANCISCO ECHAGOYEN 4701,0
2026-05-03,F_105,34,S,100,,S,Requiere Limpieza,56153,Matutino,2026-05-03 08:01:28,,141835,"POINT (  577525.637014942,   6143420.22631152)",FRANCISCO ECHAGOYEN 4651,0
2026-05-03,F_105,35,S,100,,S,Requiere Limpieza,56153,Matutino,2026-05-03 09:16:50,,141838,"POINT (  577603.407003998,   6143360.96251354)",DE LOS STUDS Esq. CNO CORRALES,0
2026-05-03,F_105,36,S,100,,N,Requiere Limpieza,56153,Matutino,2026-05-03 09:19:09,,165312,"POINT (  577703.103789476,   6143493.27460410)",DE LOS STUDS 4673 fte 4673,0
2026-05-03,F_105,37,S,100,,S,Requiere Limpieza,56153,Matutino,2026-05-03 09:21:47,,141836,"POINT (  577752.809108301,   6143557.01520859)",DE LOS STUDS 4698,0
2026-05-03,F_105,38,S,100,,S,Requiere Limpieza,56153,Matutino,2026-05-03 09:24:36,,141839,"POINT (  577869.632762012,   6143483.62944922)",CARRERAS NACIONALES 3607 EN 3629,0
2026-05-03,F_105,39,N,,Contenedor No Está,N,,56153,Matutino,2026-05-03 09:26:49,,179584,"POINT (  577894.234814161,   6143413.04055077)",AV DAMASO ANTONIO LARRAÑAGA 4619 PDO GARAGE,0
2026-05-03,F_105,40,S,100,,S,Requiere Limpieza,56153,Matutino,2026-05-03 09:26:43,,141840,"POINT (  577893.645014160,   6143410.78329101)",AV DAMASO ANTONIO LARRAÑAGA 4619 EN 4629,0
2026-05-03,F_105,41,S,100,,S,Requiere Limpieza,56153,Matutino,2026-05-03 09:28:32,,141763,"POINT (  577945.287301293,   6143294.86990908)",GERONIMO PICCIOLI 3543,0
2026-05-03,F_105,42,S,100,,S,Requiere Limpieza,56153,Matutino,2026-05-03 09:30:12,,141842,"POINT (  578035.020521192,   6143226.77929140)",GERONIMO PICCIOLI 3503,0
2026-05-03,F_105,43,S,75,,S,,56153,Matutino,2026-05-03 09:32:20,,141841,"POINT (  578124.324515137,   6143158.24994258)",GERONIMO PICCIOLI 3489 ANTES 3489,0
2026-05-03,F_105,44,S,100,,S,,56153,Matutino,2026-05-03 09:36:14,,141843,"POINT (  578091.273943359,   6143026.45235635)",ALBERTO CALAMET 4559,0
2026-05-03,F_105,45,S,100,,S,Requiere Limpieza,56153,Matutino,2026-05-03 09:38:43,,141844,"POINT (  577979.576500781,   6143104.42472568)",GARAY 4575 FTE 4575,0
2026-05-03,F_105,46,S,100,,S,,56153,Matutino,2026-05-03 09:40:13,,166172,"POINT (  578040.959475441,   6143194.95113314)",GARAY 4685,0
2026-05-03,F_105,47,S,100,,S,Requiere Limpieza,56153,Matutino,2026-05-03 09:43:24,,141846,"POINT (  578232.919250977,   6143077.98426826)",GERONIMO PICCIOLI 3447,0
2026-05-03,F_105,48,S,100,,S,Requiere Limpieza,56153,Matutino,2026-05-03 09:45:56,,141765,"POINT (  578357.297321094,   6142984.09366436)",GERONIMO PICCIOLI 3359,0
2026-05-03,F_105,49,S,100,,S,,56153,Matutino,2026-05-03 09:48:43,,141766,"POINT (  578180.038336133,   6142914.21531260)",CNO CORRALES 3410,0
2026-05-03,F_105,50,S,100,,S,,56153,Matutino,2026-05-03 09:52:17,,141767,"POINT (  577991.957888261,   6143061.25857118)",CNO CORRALES 3526,0
2026-05-03,F_105,51,S,100,,S,,56153,Matutino,2026-05-03 09:52:22,,141829,"POINT (  577988.799496200,   6143063.86767767)",CNO CORRALES 3526,0
2026-05-03,F_105,52,S,100,,S,,56153,Matutino,2026-05-03 09:55:53,,141768,"POINT (  577874.084471679,   6143160.81304814)",AV DAMASO ANTONIO LARRAÑAGA 4504,0
2026-05-03,F_105,53,S,75,,S,,56153,Matutino,2026-05-03 09:58:42,,141769,"POINT (  577935.329204687,   6143415.50480127)",AV DAMASO ANTONIO LARRAÑAGA 4552 EN 4594,0
2026-05-03,F_105,54,S,100,,S,,56153,Matutino,2026-05-03 10:00:18,,141770,"POINT (  578046.878235188,   6143349.18654873)",CARRERAS NACIONALES 3527 EN 3531,0
2026-05-03,F_105,55,S,100,,S,Requiere Limpieza,56153,Matutino,2026-05-03 10:02:51,,141773,"POINT (  578157.105286328,   6143267.65408017)",CARRERAS NACIONALES 3487 FTE 3478,0
2026-05-03,F_105,56,S,100,,S,Requiere Limpieza,56153,Matutino,2026-05-03 10:06:05,,141847,"POINT (  578280.134353515,   6143175.11247920)",CARRERAS NACIONALES 3407 FTE 3414,0
2026-05-03,F_105,57,S,100,,S,Requiere Limpieza,56153,Matutino,2026-05-03 10:09:59,,141771,"POINT (  578384.007579101,   6143095.25150576)",CARRERAS NACIONALES 3331 EN 3331/3335,0
2026-05-03,F_105,58,N,,"Contenedor Roto (choque, desfonde, etc.)",S,,56153,Matutino,2026-05-03 10:13:46,,141772,"POINT (  578500.831232812,   6143278.98570478)",GRONARDO 3332,0
2026-05-03,F_105,59,S,100,,S,Requiere Limpieza,56153,Matutino,2026-05-03 10:17:51,,162132,"POINT (  578263.761340440,   6143331.92992149)",JUAN CARRARA 3443,0
2026-05-03,F_105,60,S,100,,S,Requiere Limpieza,56153,Matutino,2026-05-03 10:20:43,,141799,"POINT (  578145.339773651,   6143420.53548964)",JUAN CARRARA 3520,0
2026-05-03,F_105,61,S,100,,S,Requiere Limpieza,56153,Matutino,2026-05-03 10:23:58,,141808,"POINT (  578074.546307031,   6143474.05152841)",JUAN CARRARA 3560,0
2026-05-03,F_105,62,S,100,,S,"Dos Ciclos, Requiere Limpieza",56153,Matutino,2026-05-03 10:30:45,,141785,"POINT (  577967.435474414,   6143554.99170420)",JUAN CARRARA 3630,0
2026-05-03,F_105,63,S,100,,S,"Dos Ciclos, Requiere Limpieza",56153,Matutino,2026-05-03 10:37:06,,141809,"POINT (  577893.240313281,   6143716.06265400)",JUAN FRANCISCO SANTOS 4802 EN 4804,0
2026-05-03,F_105,64,S,100,,S,,56153,Matutino,2026-05-03 10:42:48,,141810,"POINT (  577991.447726562,   6143650.50111162)",GRONARDO 3647,0
2026-05-03,F_105,65,S,100,,S,Poda,56153,Matutino,2026-05-03 10:42:57,,175392,"POINT (  577991.976718079,   6143649.94588136)",GRONARDO 3647,0
2026-05-03,F_105,66,S,100,,S,,56153,Matutino,2026-05-03 10:47:10,,141789,"POINT (  578097.479356836,   6143571.98914111)",GRONARDO 3585 EN 3585/3583,0
2026-05-03,F_105,67,,,,S,,56153,Matutino,,,141788,"POINT (  578236.966259765,   6143467.03671318)",GRONARDO 3493,0
2026-05-03,F_105,68,,,,N,,56153,Matutino,,,141811,"POINT (  578318.176236133,   6143403.90337607)",GRONARDO 3447,0
2026-05-03,F_105,69,,,,N,,56153,Matutino,,,141812,"POINT (  578399.180876039,   6143343.66535080)",GRONARDO 3399,0
2026-05-03,F_105,70,,,,S,,56153,Matutino,,,141813,"POINT (  578539.658292104,   6143380.76742391)",BESARES 3354 MURO,0
2026-05-03,F_105,71,,,,S,,56153,Matutino,,,141790,"POINT (  578436.079092187,   6143457.05409150)",BESARES 3412 FTE 3427,0
2026-05-03,F_105,72,,,,S,,56153,Matutino,,,182026,"POINT (  578360.220072549,   6143514.58088780)",BESARES 3456,0
2026-05-03,F_105,73,,,,S,,56153,Matutino,,,141800,"POINT (  578357.567121679,   6143516.41022040)",BESARES 3458 FTE 3455,0
2026-05-03,F_105,74,,,,S,,56153,Matutino,,,141777,"POINT (  578185.704148437,   6143646.99370400)",PLAZA LIBERTAD,0
2026-05-03,F_105,75,,,,S,,56153,Matutino,,,141778,"POINT (  578096.669955078,   6143715.52305283)",BESARES 3612,0
2026-05-03,F_105,76,,,,S,,56153,Matutino,,,141791,"POINT (  578033.266817382,   6143762.19855419)",BESARES 3652,0
2026-05-03,F_105,77,,,,S,,56153,Matutino,,,141776,"POINT (  577988.749720703,   6143796.46322861)",BESARES 3690 FTE 3687/3691,0
2026-05-03,F_105,78,,,,S,,56153,Matutino,,,141792,"POINT (  578016.808981640,   6143869.30938681)",HORACIO ARECO 3671 FTE 3696,0
2026-05-03,F_105,79,,,,S,,56153,Matutino,,,141793,"POINT (  578101.532352693,   6143807.30001105)",HORACIO ARECO 3617,0
2026-05-03,F_105,80,,,,S,,56153,Matutino,,,141801,"POINT (  578233.546777595,   6143710.31341356)",HORACIO ARECO 3562,0
2026-05-03,F_105,81,,,,S,,56153,Matutino,,,141814,"POINT (  578360.804728711,   6143607.60281845)",HORACIO ARECO 3481 FTE 3486,0
2026-05-03,F_105,82,,,,N,,56153,Matutino,,,182205,"POINT (  578515.070014718,   6143490.71006528)",HORACIO ARECO 3389,0
2026-05-03,F_105,83,,,,S,,56153,Matutino,,,141848,"POINT (  578587.437220898,   6143437.62844931)",HORACIO ARECO 3355,0
2026-05-03,F_105,84,,,,S,,56153,Matutino,,,141816,"POINT (  578650.840358594,   6143528.82104736)",PATRICIOS 3355,0
2026-05-03,F_105,85,,,,S,,56153,Matutino,,,141850,"POINT (  578541.031520117,   6143615.15723486)",PATRICIOS 3426 EN 3416/3422,0
2026-05-03,F_105,86,,,,S,,56153,Matutino,,,141794,"POINT (  578419.423087857,   6143708.20118276)",PATRICIOS 3494,0
2026-05-03,F_105,87,,,,S,,56153,Matutino,,,141849,"POINT (  578334.757836686,   6143772.44820288)",PATRICIOS 3532,0
2026-05-03,F_105,88,,,,S,,56153,Matutino,,,141795,"POINT (  578253.084912480,   6143833.35085757)",PATRICIOS 3594,0
2026-05-03,F_105,89,,,,N,,56153,Matutino,,,141817,"POINT (  578102.335767382,   6143948.90055966)",PATRICIOS 3678,0
2026-05-03,F_105,90,,,,S,,56153,Matutino,,,141803,"POINT (  578162.771098633,   6144017.16010791)",ALBERTO SUSVIELA GUARCH 3671 EN 3671,0
2026-05-03,F_105,91,,,,S,,56153,Matutino,,,141818,"POINT (  578334.634071875,   6143888.19542783)",ALBERTO SUSVIELA GUARCH 3575 EN 3575/3583,0
2026-05-03,F_105,92,,,,S,,56153,Matutino,,,141820,"POINT (  578454.425532031,   6143793.76522275)",ALBERTO SUSVIELA GUARCH Esq. PEDRO PIÑEIRUA PDO 3509,0
2026-05-03,F_105,93,,,,S,,56153,Matutino,,,141802,"POINT (  578549.934939453,   6143717.14185635)",ALBERTO SUSVIELA GUARCH Esq. JOSE SHAW,0
2026-05-03,F_105,94,,,,S,,56153,Matutino,,,141819,"POINT (  578707.768282227,   6143601.39740498)",ALBERTO SUSVIELA GUARCH 3354,0
2026-05-03,F_105,95,,,,S,,56153,Matutino,,,141851,"POINT (  578740.683953711,   6143719.30026104)",OSVALDO MARTINEZ 3376 FTE 3370,0
2026-05-03,F_105,96,,,,S,,56153,Matutino,,,177262,"POINT (  578646.316190023,   6143794.00990348)",OSVALDO MARTINEZ 3438 EN 3438B. ARBOL/ARBOL,0
2026-05-03,F_105,97,,,,S,,56153,Matutino,,,141822,"POINT (  578557.260992531,   6143862.42326370)",OSVALDO MARTINEZ 3486,0
2026-05-03,F_105,98,,,,S,,56153,Matutino,,,141852,"POINT (  578438.237496875,   6143951.05896436)",OSVALDO MARTINEZ 3560 FTE 3553,0
2026-05-03,F_105,99,,,,S,,56153,Matutino,,,141823,"POINT (  578318.715837305,   6144035.77634834)",OSVALDO MARTINEZ 3613,0
2026-05-03,F_105,100,,,,S,,56153,Matutino,,,141824,"POINT (  578218.350019336,   6144118.60512822)",OSVALDO MARTINEZ 3694 FTE 3695,0
2026-05-03,F_105,101,,,,S,,56153,Matutino,,,141825,"POINT (  578246.409280273,   6144180.38946240)",JUAN FRANCISCO SANTOS 5092 PDO 5096,0
2026-05-03,F_105,102,,,,S,,56153,Matutino,,,141826,"POINT (  578464.138353125,   6144020.66751553)",JOSE MARIA GUERRA 3557 EN 3561,0
2026-05-03,F_105,103,,,,S,,56153,Matutino,,,141827,"POINT (  578575.835795703,   6143923.80910518)",JOSE MARIA GUERRA Esq. PEDRO PIÑEIRUA,0
2026-05-03,F_105,104,,,,S,,56153,Matutino,,,141828,"POINT (  578836.193361133,   6143609.76122314)",OSVALDO MARTINEZ 3313,0
2026-05-03,D_102,56,S,100,,S,"Basura Afuera, Requiere Limpieza",56154,Matutino,2026-05-03 06:52:06,11,114298,"POINT (  577885.561249153,   6140559.40898701)",MARIA STAGNERO DE MUNAR 2767,0
2026-05-03,D_102,57,S,100,,S,,56154,Matutino,2026-05-03 06:51:56,11,114299,"POINT (  577950.871983616,   6140465.62367627)",MARIA STAGNERO DE MUNAR 2707,0
2026-05-03,D_102,58,S,100,,S,"Basura Afuera, Requiere Limpieza",56154,Matutino,2026-05-03 06:51:44,11,176221,"POINT (  578006.578198306,   6140382.34684012)",MARIA STAGNERO DE MUNAR 2653,0
2026-05-03,D_102,59,S,100,,S,,56154,Matutino,2026-05-03 06:51:36,11,176222,"POINT (  578048.612096611,   6140321.55587966)",MARIA STAGNERO DE MUNAR 2623,0
2026-05-03,D_102,60,S,100,,S,Basura Afuera,56154,Matutino,2026-05-03 06:51:28,11,114306,"POINT (  578085.222266103,   6140267.65757458)",MARIA STAGNERO DE MUNAR 2594,0
2026-05-03,D_105,25,N,,Fuego,S,,56154,Matutino,2026-05-03 06:56:07,,176312,"POINT (  577553.337183616,   6141548.92110396)",HIMALAYA 3228,1
2026-05-03,D_105,35,S,100,,S,"Basura Afuera, Requiere Limpieza",56154,Matutino,2026-05-03 07:00:01,11,180968,"POINT (  577373.268601707,   6141192.87031809)",MADRESELVA 3710 PROV OV (O: AV DAMASO ANTONIO LARRAÑAGA 3711),2
2026-05-03,D_105,36,S,100,,S,,56154,Matutino,2026-05-03 07:02:40,11,180662,"POINT (  577381.878580828,   6141333.71689194)",MADRESELVA Esq. PARMA,2
2026-05-03,D_105,37,S,100,,S,,56154,Matutino,2026-05-03 07:03:00,11,180663,"POINT (  577382.750040523,   6141341.99575904)",MADRESELVA Esq. PARMA,2
2026-05-03,D_105,38,S,100,,S,"Basura Afuera, Requiere Limpieza",56154,Matutino,2026-05-03 07:10:50,11,114381,"POINT (  577339.006354249,   6141490.05695992)",MADRESELVA 3845 FTE 3845,2
2026-05-03,D_105,39,S,100,,S,,56154,Matutino,2026-05-03 07:10:59,11,114382,"POINT (  577337.263434859,   6141494.84998824)",MADRESELVA 3845 FTE 3845,2
2026-05-03,D_105,40,S,100,,S,"Basura Afuera, Requiere Limpieza",56154,Matutino,2026-05-03 07:11:10,11,114356,"POINT (  577244.888707190,   6141413.36850676)",PARMA 3093,2
2026-05-03,D_105,41,S,100,,S,"Basura Afuera, Requiere Limpieza",56154,Matutino,2026-05-03 07:12:48,11,114368,"POINT (  577242.710057952,   6141272.19203617)",SIENA 3058,2
2026-05-03,D_105,42,S,100,,S,,56154,Matutino,2026-05-03 07:15:41,11,114367,"POINT (  577164.426277560,   6141343.69083421)",SIENA 3094,2
2026-05-03,D_105,43,S,100,,S,"Basura Afuera, Requiere Limpieza",56154,Matutino,2026-05-03 07:16:41,11,114352,"POINT (  577098.726482735,   6141301.24363945)",JUAN ARRIETA 3425,2
2026-05-03,D_105,44,N,,Fuego,S,,56154,Matutino,2026-05-03 07:19:13,,176777,"POINT (  577121.724752505,   6141203.33135708)",AREZZO 3063,2
2026-05-03,D_105,45,S,100,,S,"Basura Afuera, Requiere Limpieza",56154,Matutino,2026-05-03 07:20:16,11,114384,"POINT (  577191.877257952,   6141153.11349216)",AREZZO Esq. ING EDUARDO CANSTATT,2
2026-05-03,D_105,46,S,100,,N,,56154,Matutino,2026-05-03 07:23:35,11,179193,"POINT (  577357.817338126,   6141018.74259303)",MADRESELVA Esq. PESARO ESQ,2
2026-05-03,D_105,47,S,100,,S,Poda,56154,Matutino,2026-05-03 07:25:24,11,114339,"POINT (  577184.469850545,   6141014.11567081)",PESARO 2993 FTE 2993,2
2026-05-03,D_105,48,S,100,,S,"Basura Afuera, Requiere Limpieza",56154,Matutino,2026-05-03 07:38:40,11,114385,"POINT (  577107.127802615,   6141064.87819804)",PESARO Esq. ING EDUARDO CANSTATT (RETIRAR VIEJO CRUZANDO LA ESQUINA),2
2026-05-03,D_105,49,S,100,,S,,56154,Matutino,2026-05-03 08:01:16,11,177475,"POINT (  576998.913167683,   6141173.68513605)",PESARO Esq. JUAN ARRIETA (SOLAMENE RETIRAR VIEJO),2
2026-05-03,D_105,50,S,100,,N,"Basura Afuera, Requiere Limpieza",56154,Matutino,2026-05-03 07:38:48,11,114340,"POINT (  576996.888151198,   6141175.98930915)",PESARO Esq. JUAN ARRIETA,2
2026-05-03,D_105,51,N,,Contenedor No Está,N,,56154,Matutino,2026-05-03 07:39:20,,114369,"POINT (  576910.504708932,   6141082.30739194)",TRENTO 3095,2
2026-05-03,D_105,52,N,,Contenedor No Está,N,,56154,Matutino,2026-05-03 07:39:29,,177474,"POINT (  576914.290343247,   6141078.93531787)",TRENTO 3095 (SOLAMENTE RETIRAR VIEJO),2
2026-05-03,D_105,53,S,100,,S,"Basura Afuera, Poda, Requiere Limpieza",56154,Matutino,2026-05-03 07:42:32,11,114353,"POINT (  577016.387061874,   6140979.14835055)",TRENTO 3049,2
2026-05-03,D_105,54,S,100,,S,,56154,Matutino,2026-05-03 07:47:12,11,114341,"POINT (  577047.605973219,   6140826.17665210)",AV REPUBLICA DE COREA 3253,2
2026-05-03,D_105,55,S,100,,S,,56154,Matutino,2026-05-03 07:49:31,11,114343,"POINT (  576920.853292810,   6140925.11784946)",BV JOSE BATLLE Y ORDOÑEZ 3404,2
2026-05-03,D_105,56,S,100,,S,"Basura Afuera, Requiere Limpieza",56154,Matutino,2026-05-03 08:00:57,11,114344,"POINT (  576856.510988530,   6140987.44555932)",BV JOSE BATLLE Y ORDOÑEZ 3440,2
2026-05-03,D_105,57,S,100,,S,"Basura Afuera, Requiere Limpieza",56154,Matutino,2026-05-03 08:00:37,11,114342,"POINT (  576854.846277229,   6140989.38772251)",BV JOSE BATLLE Y ORDOÑEZ 3440,2
2026-05-03,D_109,1,S,100,,S,"Basura Afuera, Requiere Limpieza",56154,Matutino,2026-05-03 08:28:14,11,181360,"POINT (  576789.995023529,   6142816.87398126)",SAN PETERSBURGO 4182 EN 4182,3
2026-05-03,D_109,2,S,100,,S,"Basura Afuera, Escombro, Poda, Requiere Limpieza",56154,Matutino,2026-05-03 08:21:30,11,181361,"POINT (  576764.010370152,   6142885.19284096)",ROBINSON 3682,3
2026-05-03,D_109,3,N,,Calle Cerrada,S,"Basura Afuera, Requiere Limpieza",56154,Matutino,2026-05-03 08:29:43,,115753,"POINT (  576968.690489095,   6142831.64206933)",BRUSELAS 4223,3
2026-05-03,D_109,4,S,100,,S,"Basura Afuera, Requiere Limpieza",56154,Matutino,2026-05-03 08:32:04,11,115770,"POINT (  576961.926086574,   6142618.24127550)",JOSE J OLMEDO 4139,3
2026-05-03,D_109,5,S,100,,S,,56154,Matutino,2026-05-03 08:33:17,11,115761,"POINT (  576881.478013726,   6142502.44114661)",JOSE J OLMEDO 4063,3
2026-05-03,D_109,6,S,100,,S,Basura Afuera,56154,Matutino,2026-05-03 08:34:16,11,115744,"POINT (  576825.430107117,   6142423.08020988)",JOSE J OLMEDO 4021,3
2026-05-03,D_109,7,N,,Contenedor No Está,N,,56154,Matutino,2026-05-03 08:34:24,,115760,"POINT (  576762.255419280,   6142330.55284682)",JOSE J OLMEDO 3952,3
2026-05-03,D_109,8,S,100,,S,"Basura Afuera, Requiere Limpieza",56154,Matutino,2026-05-03 08:39:27,11,115754,"POINT (  576505.691295063,   6142568.63565701)",SANTIAGO SIERRA 3341,3
2026-05-03,D_109,9,N,,Contenedor No Está,N,,56154,Matutino,2026-05-03 08:39:41,,115781,"POINT (  576610.177155444,   6142496.28070861)",SANTIAGO SIERRA 3281,3
2026-05-03,D_109,10,S,100,,S,,56154,Matutino,2026-05-03 08:41:48,11,115771,"POINT (  576755.974188368,   6142393.60674176)",SANTIAGO SIERRA 3209,3
2026-05-03,D_109,11,S,100,,S,Basura Afuera,56154,Matutino,2026-05-03 08:43:58,11,176572,"POINT (  576728.319000000,   6142557.49857457)",MANUEL ARROTEA 3270 EN 3270/3272,3
2026-05-03,D_109,12,N,,Contenedor No Está,N,,56154,Matutino,2026-05-03 08:46:16,,180723,"POINT (  576601.367199432,   6142644.01019626)",MANUEL ARROTEA 3330 EN 3334/3332,3
2026-05-03,D_109,13,S,100,,S,"Basura Afuera, Requiere Limpieza",56154,Matutino,2026-05-03 08:46:05,11,159972,"POINT (  576556.907485585,   6142673.96706770)",MANUEL ARROTEA Esq. AV GRAL FLORES Desde arrotea 3270,3
2026-05-03,D_109,14,S,100,,S,"Basura Afuera, Requiere Limpieza",56154,Matutino,2026-05-03 08:51:16,11,115756,"POINT (  576605.017398980,   6142706.95045094)",DUPARD 3697,3
2026-05-03,D_109,15,S,100,,S,"Basura Afuera, Requiere Limpieza",56154,Matutino,2026-05-03 08:51:06,11,115755,"POINT (  576658.494316313,   6142669.01455871)",DUPARD 3671,3
2026-05-03,D_109,16,S,100,,S,"Basura Afuera, Requiere Limpieza",56154,Matutino,2026-05-03 08:57:34,11,180334,"POINT (  576758.104606100,   6142692.97203225)",PALOMAS 4136 PDO 4136,3
2026-05-03,D_109,17,S,100,,S,"Basura Afuera, Requiere Limpieza",56154,Matutino,2026-05-03 08:57:43,11,180335,"POINT (  576760.283255338,   6142695.58641133)",PALOMAS 4136 pdo 4136,3
2026-05-03,D_109,18,S,100,,S,,56154,Matutino,2026-05-03 09:02:19,11,115762,"POINT (  576917.291888255,   6142708.83920793)",BRUSELAS 4162,3
2026-05-03,D_109,19,S,100,,S,"Basura Afuera, Requiere Limpieza",56154,Matutino,2026-05-03 09:09:42,11,115783,"POINT (  577109.535013030,   6142716.00299766)",CORUMBE 4211,3
2026-05-03,D_109,20,S,100,,S,"Basura Afuera, Requiere Limpieza",56154,Matutino,2026-05-03 09:09:49,11,156772,"POINT (  577087.429911932,   6142655.36496077)",CORUMBE 4175 FTE 4176,3
2026-05-03,D_109,21,S,100,,S,"Basura Afuera, Requiere Limpieza",56154,Matutino,2026-05-03 09:12:44,11,115785,"POINT (  577171.380978943,   6142528.53241348)",CNEL GUILLERMO MUÑOZ 4147,3
2026-05-03,D_109,22,S,100,,S,,56154,Matutino,2026-05-03 09:14:47,11,115745,"POINT (  577123.667782585,   6142429.60302660)",CNEL GUILLERMO MUÑOZ 4109,3
2026-05-03,D_109,23,S,100,,S,,56154,Matutino,2026-05-03 09:16:35,11,115750,"POINT (  577091.295284802,   6142367.63626779)",CNEL GUILLERMO MUÑOZ 4089,3
2026-05-03,D_109,24,S,100,,S,,56154,Matutino,2026-05-03 09:21:28,11,115759,"POINT (  577040.683058791,   6142266.41181577)",CNEL GUILLERMO MUÑOZ 4055,3
2026-05-03,D_109,25,S,100,,S,"Basura Afuera, Requiere Limpieza",56154,Matutino,2026-05-03 09:21:36,11,115758,"POINT (  576966.033045247,   6142118.92368221)",CNEL GUILLERMO MUÑOZ 3953,3
2026-05-03,D_109,26,S,100,,S,Basura Afuera,56154,Matutino,2026-05-03 09:27:02,11,115766,"POINT (  576938.371470650,   6142335.74694161)",CORUMBE 4060,3
2026-05-03,D_109,27,S,100,,S,"Basura Afuera, Requiere Limpieza",56154,Matutino,2026-05-03 09:30:16,11,175393,"POINT (  576998.284750128,   6142424.77131052)",CORUMBE 4092,3
2026-05-03,D_109,28,S,100,,S,"Basura Afuera, Requiere Limpieza",56154,Matutino,2026-05-03 09:42:12,11,115774,"POINT (  577095.523036378,   6142565.01186994)",CORUMBE 4138,3
2026-05-03,D_109,29,N,,Contenedor No Está,N,,56154,Matutino,2026-05-03 10:11:01,,115751,"POINT (  577408.497869029,   6142461.18907932)",JAIME ROLDOS Y PONS 4162,3
2026-05-03,D_109,30,S,100,,S,"Basura Afuera, Poda, Requiere Limpieza",56154,Matutino,2026-05-03 10:13:39,11,175358,"POINT (  577262.579620084,   6142639.17871187)",PABLO PEREZ 4203,3
2026-05-03,D_109,31,N,,Contenedor No Está,N,,56154,Matutino,2026-05-03 10:13:52,,115752,"POINT (  577237.000418866,   6142535.36617714)",PABLO PEREZ 4157,3
2026-05-03,D_109,32,S,100,,S,"Basura Afuera, Requiere Limpieza",56154,Matutino,2026-05-03 10:16:42,11,182279,"POINT (  577263.024754721,   6142343.53058931)",BALBIN Y VALLEJO 4105,3
2026-05-03,D_109,33,S,100,,S,"Basura Afuera, Requiere Limpieza",56154,Matutino,2026-05-03 10:22:28,11,115748,"POINT (  577222.476376563,   6142263.39199321)",BALBIN Y VALLEJO 4079,3
2026-05-03,D_109,34,N,,Contenedor No Está,N,,56154,Matutino,2026-05-03 10:22:37,,115749,"POINT (  577153.745215226,   6142130.03662921)",BALBIN Y VALLEJO 4039,3
2026-05-03,D_109,35,S,100,,S,,56154,Matutino,2026-05-03 10:25:16,11,115763,"POINT (  577061.338645063,   6142115.66227385)",PABLO PEREZ 3986 EN 3986/3994,3
2026-05-03,D_109,36,S,100,,S,"Basura Afuera, Requiere Limpieza",56154,Matutino,2026-05-03 10:29:03,11,115775,"POINT (  577133.572800563,   6142254.87609361)",PABLO PEREZ 4062,3
2026-05-03,D_109,37,S,100,,S,"Basura Afuera, Poda, Requiere Limpieza",56154,Matutino,2026-05-03 10:36:36,11,115779,"POINT (  577177.065323827,   6142342.50572281)",PABLO PEREZ 4098 MURO VEGETAL,3
2026-05-03,D_109,38,S,100,,S,"Basura Afuera, Requiere Limpieza",56154,Matutino,2026-05-03 10:39:29,11,115780,"POINT (  577250.055588083,   6142483.14550028)",PABLO PEREZ 4149,3
2026-05-03,D_109,39,N,,Contenedor No Está,N,,56154,Matutino,2026-05-03 10:10:45,,115776,"POINT (  577375.943758775,   6142385.93639247)",JAIME ROLDOS Y PONS 4139,3
2026-05-03,D_109,40,S,100,,S,"Basura Afuera, Requiere Limpieza",56154,Matutino,2026-05-03 10:43:38,11,115786,"POINT (  577308.782905166,   6142254.39292200)",JAIME ROLDOS Y PONS 4090,3
2026-05-03,D_109,41,S,100,,S,"Basura Afuera, Requiere Limpieza",56154,Matutino,2026-05-03 10:45:54,11,180724,"POINT (  577246.844067537,   6142134.83300250)",JAIME ROLDOS Y PONS 4045 FTE 4050,3
2026-05-03,D_109,42,N,,Auto,S,,56154,Matutino,2026-05-03 10:46:26,,179224,"POINT (  577185.782661748,   6142012.80030057)",JAIME ROLDOS Y PONS 3959,3
2026-05-03,D_109,43,S,100,,S,"Basura Afuera, Poda, Requiere Limpieza",56154,Matutino,2026-05-03 11:13:16,11,115737,"POINT (  577263.847945558,   6141976.08607539)",MELCHOR RAMIREZ 4003,3
2026-05-03,D_109,44,S,100,,S,"Basura Afuera, Requiere Limpieza",56154,Matutino,2026-05-03 10:53:05,11,115739,"POINT (  577326.901840493,   6142095.18787694)",MELCHOR RAMIREZ 4049,3
2026-05-03,D_109,45,S,100,,S,,56154,Matutino,2026-05-03 10:56:35,11,174072,"POINT (  577342.846503580,   6142127.31878892)",MELCHOR RAMIREZ 4058,3
2026-05-03,D_109,46,S,100,,S,,56154,Matutino,2026-05-03 10:58:22,11,115742,"POINT (  577425.227262862,   6142283.38321852)",ING JOSE SERRATO 3385 ESQ,3
2026-05-03,D_109,47,S,100,,S,"Basura Afuera, Requiere Limpieza",56154,Matutino,2026-05-03 11:01:04,11,115743,"POINT (  577442.138269166,   6142157.03384285)",SAN GABRIEL 4089,3
2026-05-03,D_109,48,S,100,,S,"Basura Afuera, Requiere Limpieza",56154,Matutino,2026-05-03 11:06:20,11,115741,"POINT (  577386.331948362,   6142047.11230187)",SAN GABRIEL 4043,3
2026-05-03,D_109,49,S,100,,S,,56154,Matutino,2026-05-03 11:21:43,11,115767,"POINT (  577473.302837927,   6142211.14906302)",JUAN SEBASTIAN DE ELCANO 3391,3
2026-05-03,D_109,50,S,100,,S,"Basura Afuera, Requiere Limpieza",56154,Matutino,2026-05-03 11:24:07,11,115768,"POINT (  577542.637963775,   6142190.61426965)",JUAN SEBASTIAN DE ELCANO 3317,3
2026-05-03,D_109,51,S,100,,S,,56154,Matutino,2026-05-03 10:10:10,11,115757,"POINT (  577605.208687101,   6142329.76769296)",EL CAIRO 3356,3
2026-05-03,D_109,52,S,100,,S,,56154,Matutino,2026-05-03 10:10:20,11,115764,"POINT (  577495.528731927,   6142382.67498411)",EL CAIRO 3410,3
2026-05-03,D_109,53,N,,Auto,S,,56154,Matutino,2026-05-03 11:24:41,,115787,"POINT (  577528.816013278,   6142111.03271892)",AV JACOBO A VARELA 5065,3
2026-05-03,C_101,86,S,50,,S,Requiere Limpieza,56155,Matutino,2026-05-03 07:07:35,34,179534,"POINT (  574084.049061438,   6139063.23015534)",GRAL MANUEL FREIRE 1339,0
2026-05-03,C_101,87,S,50,,S,,56155,Matutino,2026-05-03 07:07:43,34,179533,"POINT (  574080.127492811,   6139061.48723595)",GRAL MANUEL FREIRE 1339,0
2026-05-03,C_101,88,S,75,,S,,56155,Matutino,2026-05-03 07:11:06,34,133967,"POINT (  574012.071944264,   6139044.03756496)",GRAL MANUEL FREIRE 1309 PDO REBAJE DEL 1313,0
2026-05-03,C_101,89,S,100,,S,Requiere Limpieza,56155,Matutino,2026-05-03 07:13:03,34,133903,"POINT (  573936.192090098,   6139035.53650246)",GRAL MANUEL FREIRE Esq. ARTURO LEZAMA,0
2026-05-03,C_101,90,S,50,,S,,56155,Matutino,2026-05-03 07:13:45,34,183643,"POINT (  573846.843881917,   6139030.62599651)",GRAL MANUEL FREIRE 1208,0
2026-05-03,B_101,28,S,100,,S,Requiere Limpieza,56155,Matutino,2026-05-03 07:20:14,34,183745,"POINT (  573963.162962500,   6138462.05691667)",ARTURO LEZAMA 1969,1
2026-05-03,B_101,29,S,25,,S,Requiere Limpieza,56155,Matutino,2026-05-03 07:21:50,34,139190,"POINT (  573992.132125028,   6138410.30049120)",NICARAGUA 1260,1
2026-05-03,B_101,30,S,25,,S,,56155,Matutino,2026-05-03 07:23:10,34,164652,"POINT (  574101.295775788,   6138389.99920868)",NICARAGUA 1328,1
2026-05-03,B_101,31,S,75,,S,,56155,Matutino,2026-05-03 07:23:19,34,139116,"POINT (  574105.226441814,   6138389.12880631)",NICARAGUA 1328 PDO 1340,1
2026-05-03,B_101,32,S,100,,S,Requiere Limpieza,56155,Matutino,2026-05-03 07:25:52,34,178506,"POINT (  574160.381573856,   6138371.89628366)",NICARAGUA 1354 FTE 1365. MURO,1
2026-05-03,B_101,33,S,100,,S,Requiere Limpieza,56155,Matutino,2026-05-03 07:26:52,34,178507,"POINT (  574222.340698771,   6138358.30926500)",NICARAGUA 1398 PDO 1398. MURO,1
2026-05-03,B_101,34,S,100,,S,"Escombro, Requiere Limpieza",56155,Matutino,2026-05-03 07:32:26,34,139174,"POINT (  574321.929647275,   6138396.86586193)",NICARAGUA 1478,1
2026-05-03,B_101,35,S,100,,S,,56155,Matutino,2026-05-03 07:32:35,34,176209,"POINT (  574332.337684193,   6138399.94359933)",NICARAGUA 1486,1
2026-05-03,B_101,36,S,100,,S,,56155,Matutino,2026-05-03 07:36:11,34,139153,"POINT (  574451.400568193,   6138410.54978040)",MAGALLANES 1971 EN 1977. VENTANAS,1
2026-05-03,B_101,37,S,100,,S,,56155,Matutino,2026-05-03 07:37:12,34,139110,"POINT (  574504.294176129,   6138304.49941225)",MAGALLANES 1917 EN 1921/1917,1
2026-05-03,B_101,38,S,75,,S,,56155,Matutino,2026-05-03 07:41:20,34,139156,"POINT (  574565.871809249,   6138172.66012083)",MAGALLANES 1833 FTE 1842. PDO CONAPROLE,1
2026-05-03,B_101,39,S,100,,S,Requiere Limpieza,56155,Matutino,2026-05-03 07:45:33,34,139157,"POINT (  574590.081818852,   6138120.29281745)",MAGALLANES 1803,1
2026-05-03,B_101,40,S,100,,S,,56155,Matutino,2026-05-03 07:47:25,34,181362,"POINT (  574648.669970421,   6138236.12263481)",NUEVA YORK 1706,1
2026-05-03,B_101,41,S,25,,S,,56155,Matutino,2026-05-03 07:48:09,34,139194,"POINT (  574647.114376746,   6138235.36609480)",NUEVA YORK Esq. GABOTO FTE 1708,1
2026-05-03,B_101,42,S,100,,S,Requiere Limpieza,56155,Matutino,2026-05-03 07:48:26,34,139108,"POINT (  574645.372402673,   6138234.42810876)",NUEVA YORK Esq. GABOTO FTE 1708,1
2026-05-03,B_101,43,S,75,,S,,56155,Matutino,2026-05-03 07:50:34,34,139127,"POINT (  574607.449869219,   6138216.08024675)",NUEVA YORK 1687 EN 1689. ANTES COLUMNA,1
2026-05-03,B_101,44,S,100,,S,,56155,Matutino,2026-05-03 07:52:47,34,139180,"POINT (  574515.083419539,   6138172.13381627)",NUEVA YORK 1627 EN 1627. MURO,1
2026-05-03,B_101,45,S,100,,S,,56155,Matutino,2026-05-03 07:54:30,34,139112,"POINT (  574421.138056190,   6138129.76629947)",NUEVA YORK 1566 FTE 1566. ARBOL/ARBOL,1
2026-05-03,B_101,46,S,50,,S,,56155,Matutino,2026-05-03 07:55:43,34,139111,"POINT (  574372.981189263,   6138106.08259442)",NUEVA YORK 1543 VENTANA,1
2026-05-03,B_101,47,S,100,,S,,56155,Matutino,2026-05-03 07:56:42,34,183707,"POINT (  574366.779062528,   6138101.90040065)",NUEVA YORK 1537 PROV O: O Gianelli 1454,1
2026-05-03,B_101,48,S,100,,S,Requiere Limpieza,56155,Matutino,2026-05-03 07:59:54,34,141052,"POINT (  574234.802513298,   6138043.48095068)",NUEVA YORK 1455,1
2026-05-03,B_101,49,S,100,,S,,56155,Matutino,2026-05-03 08:00:06,34,141072,"POINT (  574232.390549196,   6138042.00697262)",NUEVA YORK 1455,1
2026-05-03,B_101,50,S,25,,S,,56155,Matutino,2026-05-03 08:03:12,34,139188,"POINT (  574246.523734502,   6137973.94124654)",DR JAVIER BARRIOS AMORIN 1783 EN 1785. ANTES REBAJE,1
2026-05-03,B_101,51,S,75,,S,,56155,Matutino,2026-05-03 08:03:45,34,139187,"POINT (  574267.392925926,   6137931.75883834)",DR JAVIER BARRIOS AMORIN 1757 EN 1763,1
2026-05-03,B_101,52,S,100,,S,,56155,Matutino,2026-05-03 08:57:16,23,182117,"POINT (  574371.870931741,   6138196.39550569)",ASUNCION 1510,1
2026-05-03,B_101,53,S,75,,S,,56155,Matutino,2026-05-03 08:57:30,23,182118,"POINT (  574374.715072810,   6138197.41939648)",ASUNCION 1510,1
2026-05-03,B_101,54,S,100,,S,,56155,Matutino,2026-05-03 08:58:01,23,139152,"POINT (  574428.898624512,   6138222.70328326)",ASUNCION 1540 EN 1546,1
2026-05-03,B_101,55,S,75,,S,,56155,Matutino,2026-05-03 09:01:10,23,179508,"POINT (  574541.198851815,   6138273.83740198)",ASUNCION 1608 EN 1610.,1
2026-05-03,B_101,56,S,100,,S,Requiere Limpieza,56155,Matutino,2026-05-03 09:04:34,23,181222,"POINT (  574568.461085311,   6138285.16263220)",ASUNCION 1632 EN 1638,1
2026-05-03,B_101,57,S,100,,S,,56155,Matutino,2026-05-03 09:04:47,23,181223,"POINT (  574569.308542938,   6138285.55811243)",ASUNCION 1632 EN 1638,1
2026-05-03,B_101,58,S,100,,S,Requiere Limpieza,56155,Matutino,2026-05-03 09:07:15,23,181192,"POINT (  574446.728423777,   6138468.73121764)",NICARAGUA 1555 EN 1563/1555,1
2026-05-03,B_101,59,S,100,,S,Requiere Limpieza,56155,Matutino,2026-05-03 09:11:45,23,181289,"POINT (  574382.880965643,   6138461.33839329)",VENEZUELA 1479,1
2026-05-03,B_101,60,S,100,,S,Requiere Limpieza,56155,Matutino,2026-05-03 09:15:47,23,179300,"POINT (  574196.551125880,   6138470.77629013)",VENEZUELA 1371 EN 1373,1
2026-05-03,B_101,61,S,100,,S,,56155,Matutino,2026-05-03 09:15:58,23,139134,"POINT (  574192.727139518,   6138471.26958378)",VENEZUELA 1371 EN 1373,1
2026-05-03,B_101,62,S,100,,S,,56155,Matutino,2026-05-03 09:20:20,23,179228,"POINT (  574088.152283878,   6138506.78984096)",VENEZUELA 1319 MURO,1
2026-05-03,B_101,63,S,100,,S,,56155,Matutino,2026-05-03 09:20:31,23,139097,"POINT (  574083.141390632,   6138508.31489543)",VENEZUELA 1319 MURO,1
2026-05-03,B_101,64,S,75,,S,,56155,Matutino,2026-05-03 09:22:07,23,180300,"POINT (  574038.739255177,   6138526.86249375)",VENEZUELA 1290 FTE 1290,1
2026-05-03,B_101,65,S,100,,S,Requiere Limpieza,56155,Matutino,2026-05-03 09:25:40,23,139172,"POINT (  573965.232873231,   6138637.95316617)",ARTURO LEZAMA 2054 MURO CIEGO,1
2026-05-03,B_101,66,S,50,,S,,56155,Matutino,2026-05-03 09:27:49,23,179319,"POINT (  574051.284433994,   6138673.16310627)",FRANCISCO ACUÑA DE FIGUEROA 2073,1
2026-05-03,B_101,67,S,100,,S,Requiere Limpieza,56155,Matutino,2026-05-03 09:30:09,23,179318,"POINT (  574057.868229379,   6138603.01014407)",FRANCISCO ACUÑA DE FIGUEROA 2039 EN 2043,1
2026-05-03,B_101,68,S,100,,S,Poda,56155,Matutino,2026-05-03 09:31:13,23,139189,"POINT (  574120.420535259,   6138580.47987388)",RAMON ESCOBAR 1330 FTE 1319 BIS,1
2026-05-03,B_101,69,N,,Contenedor No Está,N,,56155,Matutino,2026-05-03 09:33:07,,139162,"POINT (  574179.568381035,   6138545.19636620)",AV LIB BRIG GRAL LAVALLEJA 2073 EN 2075,1
2026-05-03,B_101,70,S,100,,S,,56155,Matutino,2026-05-03 09:33:46,23,139191,"POINT (  574098.954821444,   6138349.40490319)",AV LIB BRIG GRAL LAVALLEJA 1969 EN 1971,1
2026-05-03,B_101,71,S,100,,S,,56155,Matutino,2026-05-03 09:33:57,23,139192,"POINT (  574097.052868132,   6138345.45469247)",AV LIB BRIG GRAL LAVALLEJA 1969 EN 1971,1
2026-05-03,B_101,72,S,100,,S,,56155,Matutino,2026-05-03 09:37:06,23,139167,"POINT (  574068.025544024,   6138270.32816729)",AV LIB BRIG GRAL LAVALLEJA 1933,1
2026-05-03,B_101,73,S,100,,S,,56155,Matutino,2026-05-03 09:38:38,23,139118,"POINT (  574060.477113084,   6138252.78916599)",AV LIB BRIG GRAL LAVALLEJA 1909 EN 1919,1
2026-05-03,B_101,74,S,100,,S,,56155,Matutino,2026-05-03 09:40:04,23,180234,"POINT (  574041.484453129,   6138214.37893140)",AV LIB BRIG GRAL LAVALLEJA 1895 EN DEVOTO,1
2026-05-03,B_101,75,S,100,,S,,56155,Matutino,2026-05-03 09:42:17,23,139168,"POINT (  574013.133272969,   6138136.63627013)",AV LIB BRIG GRAL LAVALLEJA 1855 EN 1861,1
2026-05-03,B_101,76,S,100,,S,,56155,Matutino,2026-05-03 09:42:41,23,139164,"POINT (  574012.078349994,   6138132.90232164)",AV LIB BRIG GRAL LAVALLEJA 1855 EN 1861,1
2026-05-03,B_101,77,S,75,,S,,56155,Matutino,2026-05-03 09:46:38,23,139165,"POINT (  573996.131618522,   6138079.41241254)",AV LIB BRIG GRAL LAVALLEJA Esq. NUEVA YORK EN 1837,1
2026-05-03,B_101,78,S,50,,S,,56155,Matutino,2026-05-03 09:46:59,23,176652,"POINT (  573995.178723435,   6138076.85464151)",AV LIB BRIG GRAL LAVALLEJA 1807 EN 1837,1
2026-05-03,B_101,79,S,25,,S,,56155,Matutino,2026-05-03 09:48:44,23,139119,"POINT (  573982.550664256,   6138041.43309965)",AV LIB BRIG GRAL LAVALLEJA Esq. FRANCISCO ACUÑA DE FIGUEROA,1
2026-05-03,B_101,80,S,100,,S,,56155,Matutino,2026-05-03 09:49:46,23,139163,"POINT (  573956.131155964,   6137999.91672948)",AV LIB BRIG GRAL LAVALLEJA 1777 EN 1779. ANTES PARADA,1
2026-05-03,B_101,81,S,100,,S,,56155,Matutino,2026-05-03 09:56:16,23,181538,"POINT (  573940.589931286,   6137878.36864835)",AV LIB BRIG GRAL LAVALLEJA 1704,1
2026-05-03,B_101,82,S,100,,S,,56155,Matutino,2026-05-03 09:58:06,23,139096,"POINT (  573941.655586529,   6137881.12287003)",AV LIB BRIG GRAL LAVALLEJA 1704 EN 1708/1712. COLUMNA/ARBOL,1
2026-05-03,B_101,83,S,100,,S,,56155,Matutino,2026-05-03 09:59:11,23,139129,"POINT (  573942.288758597,   6137883.02238624)",AV LIB BRIG GRAL LAVALLEJA 1704 EN 1708/1712. COLUMNA/ARBOL,1
2026-05-03,B_101,84,S,100,,S,,56155,Matutino,2026-05-03 10:06:17,23,139138,"POINT (  574003.845626144,   6138034.42351678)",AV LIB BRIG GRAL LAVALLEJA 1802 EN 1806,1
2026-05-03,B_101,85,S,100,,S,,56155,Matutino,2026-05-03 10:58:37,4,148975,"POINT (  574024.411092593,   6138103.53339521)",AV LIB BRIG GRAL LAVALLEJA 1854,1
2026-05-03,B_101,86,S,100,,S,,56155,Matutino,2026-05-03 10:58:51,4,139094,"POINT (  574025.196388671,   6138106.53680654)",AV LIB BRIG GRAL LAVALLEJA 1854,1
2026-05-03,B_101,87,S,100,,S,,56155,Matutino,2026-05-03 10:59:25,4,139135,"POINT (  574062.151545652,   6138172.38689575)",AV LIB BRIG GRAL LAVALLEJA 1882 EN 1892,1
2026-05-03,B_101,88,S,100,,S,Requiere Limpieza,56155,Matutino,2026-05-03 11:19:21,4,181287,"POINT (  574125.133807167,   6138186.59673971)",ASUNCION 1316 FTE 1333,1
2026-05-03,B_101,89,S,100,,S,,56155,Matutino,2026-05-03 10:59:46,4,180302,"POINT (  574086.540979978,   6138237.73488282)",AV LIB BRIG GRAL LAVALLEJA 1906 EN 1910,1
2026-05-03,B_101,90,S,100,,S,,56155,Matutino,2026-05-03 10:59:57,4,139170,"POINT (  574087.277607066,   6138239.43245759)",AV LIB BRIG GRAL LAVALLEJA 1906 EN 1910. ANTES ESTACION,1
2026-05-03,B_101,91,S,100,,S,Requiere Limpieza,56155,Matutino,2026-05-03 07:30:32,34,180802,"POINT (  574254.167788851,   6138363.00830887)",NICARAGUA 1404,1
2026-05-03,B_101,92,S,100,,S,Requiere Limpieza,56155,Matutino,2026-05-03 11:22:23,4,181288,"POINT (  574164.951782139,   6138161.22700137)",ASUNCION 1356,1
2026-05-03,B_101,93,S,100,,S,Requiere Limpieza,56155,Matutino,2026-05-03 11:04:05,4,181176,"POINT (  574204.099824915,   6138125.87728123)",YAGUARON 1895 PROV OV(O:ASUNCION 1356),1
2026-05-03,B_101,94,S,100,,S,Requiere Limpieza,56155,Matutino,2026-05-03 11:07:48,4,180739,"POINT (  574114.882417139,   6137856.35035142)",YAGUARON 1707 VEREDA,1
2026-05-03,B_101,95,S,100,,S,,56155,Matutino,2026-05-03 11:08:00,4,180435,"POINT (  574114.898219774,   6137852.56721413)",YAGUARON 1707,1
2026-05-03,B_101,96,S,100,,S,,56155,Matutino,2026-05-03 10:01:48,23,181662,"POINT (  573985.732208646,   6138011.84423129)",AV LIB BRIG GRAL LAVALLEJA 1794,1
2026-05-03,B_101,97,S,100,,S,,56155,Matutino,2026-05-03 10:03:09,23,181663,"POINT (  573986.528568146,   6138013.43695029)",AV LIB BRIG GRAL LAVALLEJA 1794,1
2026-05-03,B_101,98,S,100,,S,,56155,Matutino,2026-05-03 10:04:37,23,181664,"POINT (  573987.552458931,   6138015.25720057)",AV LIB BRIG GRAL LAVALLEJA 1794,1
2026-05-03,B_101,99,S,100,,S,,56155,Matutino,2026-05-03 11:10:58,4,182119,"POINT (  574027.951924460,   6137863.66935279)",YI 1702,1
2026-05-03,B_101,100,S,100,,S,,56155,Matutino,2026-05-03 11:11:15,4,180636,"POINT (  574080.464556863,   6137990.33532310)",YI Esq. POZOS DEL REY,1
2026-05-03,B_101,101,S,100,,S,,56155,Matutino,2026-05-03 11:11:32,4,180637,"POINT (  574080.954752941,   6137991.47911394)",YI 1810,1
2026-05-03,B_101,102,S,100,,S,,56155,Matutino,2026-05-03 11:15:48,4,180801,"POINT (  574046.460722184,   6138080.03709477)",NUEVA YORK 1305,1
2026-05-03,B_101,103,S,100,,S,,56155,Matutino,2026-05-03 11:16:02,4,181539,"POINT (  574045.413494312,   6138080.38022799)",NUEVA YORK 1305,1
2026-05-03,B_101,104,S,75,,S,Requiere Mantenimiento,56155,Matutino,2026-05-03 08:05:35,34,183706,"POINT (  574325.711524401,   6137999.28602157)",HERMANO DAMASCENO 1854 PROV O: OGianelli 1472,1
2026-05-03,B_101,105,S,100,,S,,56155,Matutino,2026-05-03 08:05:43,34,139149,"POINT (  574324.034865501,   6138001.61113994)",HERMANO DAMASCENO 1854 MURO,1
2026-05-03,B_101,106,S,100,,S,Requiere Limpieza,56155,Matutino,2026-05-03 08:09:36,34,183503,"POINT (  574286.845576254,   6138093.58413284)",HERMANO DAMASCENO 1920,1
2026-05-03,B_101,1,,,,S,,56155,Matutino,,,139154,"POINT (  574405.875224049,   6138678.70195198)",HOCQUART 1464 VEREDA,2
2026-05-03,B_101,2,,,,S,,56155,Matutino,,,139175,"POINT (  574496.701615381,   6138693.17028117)",HOCQUART 1496,2
2026-05-03,B_101,3,,,,S,,56155,Matutino,,,139124,"POINT (  574551.398433943,   6138580.54615218)",BATOVI 2181 TALLER. PDO REBAJE,2
2026-05-03,B_101,4,,,,S,,56155,Matutino,,,139125,"POINT (  574582.187250503,   6138508.44242793)",BATOVI 2147 EN 2143. PUERTA TAPIADA,2
2026-05-03,B_101,5,,,,S,,56155,Matutino,,,180741,"POINT (  574583.596946083,   6138505.81119138)",BATOVI 2147 EN 2143. PUERTA TAPIADA,2
2026-05-03,B_101,6,,,,S,,56155,Matutino,,,181190,"POINT (  574599.373474972,   6138420.21017099)",LIMA 1579 FTE 1582,2
2026-05-03,B_101,7,,,,S,,56155,Matutino,,,181191,"POINT (  574597.780755973,   6138418.21927224)",LIMA 1579 FTE 1582,2
2026-05-03,B_101,8,,,,S,,56155,Matutino,,,139193,"POINT (  574555.608870396,   6138393.70803459)",LIMA 1535 EN 1541. ARBOL/ARBOL,2
2026-05-03,B_101,9,,,,S,,56155,Matutino,,,139102,"POINT (  574458.512183766,   6138352.01135873)",LIMA 1489 EN 1489. VENTANAS,2
2026-05-03,B_101,10,,,,S,,56155,Matutino,,,160272,"POINT (  574385.299135389,   6138317.61739153)",LIMA 1443,2
2026-05-03,B_101,11,,,,S,,56155,Matutino,,,139183,"POINT (  574279.381610361,   6138264.99986310)",LIMA 1379 EN 1379/1373,2
2026-05-03,B_101,12,,,,S,,56155,Matutino,,,179301,"POINT (  574252.510263223,   6138254.43122770)",LIMA 1355,2
2026-05-03,B_101,13,,,,S,,56155,Matutino,,,180735,"POINT (  573914.882417140,   6138312.30948876)",LIMA 1221,2
2026-05-03,B_101,14,,,,S,,56155,Matutino,,,180736,"POINT (  573912.612269580,   6138312.08247401)",LIMA 1221,2
2026-05-03,B_101,15,,,,S,,56155,Matutino,,,139141,"POINT (  573938.563223530,   6138199.03604706)",ASUNCION 1220 FTE 1231. SUBESTACION,2
2026-05-03,B_101,16,,,,S,,56155,Matutino,,,179233,"POINT (  573914.765440959,   6138106.27646231)",NUEVA YORK 1201,2
2026-05-03,B_101,17,,,,S,,56155,Matutino,,,179232,"POINT (  573910.626007408,   6138106.05859739)",NUEVA YORK 1201,2
2026-05-03,B_101,18,,,,N,,56155,Matutino,,,139093,"POINT (  573803.731575142,   6138072.16847712)",AV GRAL RONDEAU 1794 FTE 1799. ARBOL/ARBOL,2
2026-05-03,B_101,19,,,,S,,56155,Matutino,,,180737,"POINT (  573800.126458002,   6138103.90994279)",AV GRAL RONDEAU 1804,2
2026-05-03,B_101,20,,,,S,,56155,Matutino,,,180738,"POINT (  573799.785935868,   6138106.97464200)",AV GRAL RONDEAU 1804,2
2026-05-03,B_101,21,,,,S,,56155,Matutino,,,181709,"POINT (  573901.728789989,   6137982.43558919)",CUAREIM 1759,2
2026-05-03,B_101,22,,,,S,,56155,Matutino,,,181710,"POINT (  573902.183852560,   6137979.47768248)",CUAREIM 1759,2
2026-05-03,B_101,23,,,,S,,56155,Matutino,,,139092,"POINT (  573792.810091594,   6138215.66838796)",AV GRAL RONDEAU 1866,2
2026-05-03,B_101,24,,,,S,,56155,Matutino,,,139173,"POINT (  573792.542095582,   6138219.01833811)",AV GRAL RONDEAU 1866,2
2026-05-03,B_101,25,,,,S,,56155,Matutino,,,139120,"POINT (  573781.699193823,   6138332.52295497)",AV GRAL RONDEAU 1904 EN 1918,2
2026-05-03,B_101,26,,,,S,,56155,Matutino,,,183807,"POINT (  573694.751533333,   6138695.69879167)",PANAMA 1124,2
2026-05-03,B_101,27,,,,S,,56155,Matutino,,,183808,"POINT (  573696.314033334,   6138696.21962500)",PANAMA 1124,2
2026-05-03,G_107,83,S,100,,S,,56156,Matutino,2026-05-03 11:03:13,,125830,"POINT (  570421.484558589,   6145101.79289158)",JUAN ALONSO CASTELLANO 1288,0
2026-05-03,G_107,84,S,100,,S,,56156,Matutino,2026-05-03 11:02:59,,180641,"POINT (  570419.150718519,   6145098.50283159)",JUAN ALONSO CASTELLANO 1287,0
2026-05-03,G_107,85,S,100,,S,Basura Afuera,56156,Matutino,2026-05-03 11:47:15,,167232,"POINT (  570341.594231718,   6144994.12553788)",JUAN ALONSO CASTELLANO 1220 EN 1223,0
2026-05-03,G_107,86,N,,Contenedor Volcado,S,,56156,Matutino,2026-05-03 11:47:28,,125834,"POINT (  570296.099751997,   6144921.46601262)",FRANCISCO LUIS 1199 FTE 1200,0
2026-05-03,G_107,87,S,100,,S,,56156,Matutino,2026-05-03 11:48:06,,125866,"POINT (  570199.349448260,   6144801.54888180)",FRANCISCO LUIS 1115,0
2026-05-03,G_107,88,S,100,,S,,56156,Matutino,2026-05-03 10:46:01,,167233,"POINT (  570113.741749125,   6144827.65479673)",JUAN CAMEJO SOTO Esq. AV ISLAS CANARIAS PROV (O: CASTELLANO 1220),0
2026-05-03,G_107,89,S,100,,N,Poda,56156,Matutino,2026-05-03 10:49:00,,125812,"POINT (  570146.134897406,   6144914.62980237)",JUAN CAMEJO SOTO 1154,0
2026-05-03,G_107,90,S,100,,S,Basura Afuera,56156,Matutino,2026-05-03 10:52:40,,169552,"POINT (  570165.555634351,   6144960.90718909)",JUAN CAMEJO SOTO 1174,0
2026-05-03,G_107,91,S,75,,S,,56156,Matutino,2026-05-03 12:26:37,,172012,"POINT (  570214.482104938,   6145047.28954204)",JUAN CAMEJO SOTO 1202 EN 1230,0
2026-05-03,G_107,92,S,100,,S,"Basura Afuera, Escombro, Poda",56156,Matutino,2026-05-03 10:56:31,,172052,"POINT (  570216.070340232,   6145048.61307145)",JUAN CAMEJO SOTO 1202 EN 1230,0
2026-05-03,G_107,93,S,100,,S,,56156,Matutino,2026-05-03 10:57:36,,172032,"POINT (  570348.447015927,   6145173.92030910)",MARIA ORTICOCHEA 5553 EN 5565,0
2026-05-03,G_107,94,S,50,,S,,56156,Matutino,2026-05-03 11:03:05,,180640,"POINT (  570403.028714161,   6145135.10413878)",MARIA ORTICOCHEA 5519 5535,0
2026-05-03,G_107,95,S,100,,S,Basura Afuera,56156,Matutino,2026-05-03 10:32:36,,125809,"POINT (  570567.575134972,   6144932.20960934)",FRANCISCO DE ARMAS 1261 EN 1265,0
2026-05-03,G_107,96,S,100,,S,"Basura Afuera, Poda",56156,Matutino,2026-05-03 08:45:14,,162352,"POINT (  570492.290928468,   6144833.23071850)",TOMAS DE LA SIERRA Esq. ISIDRO PEREZ DE ROXAS (*) CUMPLE CRITERIOS?,0
2026-05-03,G_107,97,S,100,,S,,56156,Matutino,2026-05-03 08:45:33,,125837,"POINT (  570400.329403717,   6144722.20218544)",TOMAS DE LA SIERRA 1161 PDO 1161,0
2026-05-03,G_107,98,S,100,,S,Basura Afuera,56156,Matutino,2026-05-03 08:21:47,,132812,"POINT (  570385.069157676,   6144859.25026424)",PLAZA FRANCISCO MARTÍNEZ (*) FTE 1197. CUMPLE CRITERIOS?,0
2026-05-03,G_107,99,S,100,,S,Basura Afuera,56156,Matutino,2026-05-03 08:27:10,,125841,"POINT (  570412.207651675,   6144891.34843637)",PLAZA FRANCISCO MARTÍNEZ (*) FTE 5429. CUMPLE CRITERIOS?,0
2026-05-03,G_107,100,S,100,,S,Basura Afuera,56156,Matutino,2026-05-03 08:27:04,,171972,"POINT (  570504.555634351,   6145012.52483615)",JACINTO DE SERPA 1276,0
2026-05-03,G_107,101,S,100,,S,Basura Afuera,56156,Matutino,2026-05-03 10:31:10,,125836,"POINT (  570577.393869644,   6144806.23071851)",PEDRO DE ALMEDA 1225 PDO 1225.,0
2026-05-03,G_107,102,S,100,,S,,56156,Matutino,2026-05-03 10:32:26,,162332,"POINT (  570574.393869644,   6144802.52483615)",PEDRO DE ALMEDA 1225 PDO 1225.,0
2026-05-03,G_107,103,S,100,,S,Contenedor en Tolva,56156,Matutino,2026-05-03 10:32:50,,125892,"POINT (  570423.158575527,   6144612.81895380)",JOSE DE LEON Esq. AV ISLAS CANARIAS FTE 1108,0
2026-05-03,G_107,1,S,100,,S,,56156,Matutino,2026-05-03 07:25:41,,129109,"POINT (  570731.390725990,   6145338.45699208)",AV MILLAN 5246,1
2026-05-03,G_107,2,S,100,,S,,56156,Matutino,2026-05-03 07:25:34,,129137,"POINT (  570771.325233697,   6145310.46564282)",AV MILLAN 5115 FTE 5200,1
2026-05-03,G_107,3,S,100,,S,,56156,Matutino,2026-05-03 07:25:17,,129113,"POINT (  570773.248825137,   6145309.26339817)",AV MILLAN 5115 FTE 5200,1
2026-05-03,G_107,4,S,100,,S,,56156,Matutino,2026-05-03 07:30:00,,176574,"POINT (  570925.062216063,   6144770.52024656)",MARIA ORTICOCHEA 4881 FTE 4883,1
2026-05-03,G_107,5,S,100,,S,,56156,Matutino,2026-05-03 07:42:59,,125883,"POINT (  570771.942785691,   6144882.23506833)",MARIA ORTICOCHEA 5193 FTE 5193,1
2026-05-03,G_107,6,S,100,,S,,56156,Matutino,2026-05-03 07:42:44,,149612,"POINT (  570765.640225031,   6144886.50433496)",MARIA ORTICOCHEA Esq. CRISTOBAL CAYETANO DE HERRERA,1
2026-05-03,G_107,7,S,100,,S,,56156,Matutino,2026-05-03 07:42:53,,175944,"POINT (  570735.499592375,   6144911.55512854)",MARIA ORTICOCHEA 5217 FTE 5227,1
2026-05-03,G_107,8,S,75,,S,,56156,Matutino,2026-05-03 07:42:33,,125868,"POINT (  570667.618448208,   6144744.52694285)",FELIPE PEREZ DE SOSA 5095 FTE 5098,1
2026-05-03,G_107,9,S,100,,S,,56156,Matutino,2026-05-03 07:42:24,,149372,"POINT (  570786.740593562,   6144660.31813818)",FELIPE PEREZ DE SOSA 5054,1
2026-05-03,G_107,10,S,100,,S,,56156,Matutino,2026-05-03 07:42:01,,125893,"POINT (  571050.732104941,   6144478.78954199)",FELIPE PEREZ DE SOSA Esq. CORONILLA,1
2026-05-03,G_107,11,S,100,,S,,56156,Matutino,2026-05-03 07:44:32,,125884,"POINT (  571129.437987294,   6144429.20130670)",FELIPE PEREZ DE SOSA Esq. AV GRAL EUGENIO GARZON,1
2026-05-03,G_107,12,S,100,,S,,56156,Matutino,2026-05-03 07:48:43,,125885,"POINT (  571107.202693176,   6144120.37777730)",AV ISLAS CANARIAS 4852 FTE 4857,1
2026-05-03,G_107,13,N,,Buzonera Girada,S,,56156,Matutino,2026-05-03 07:49:09,,182008,"POINT (  570803.640178839,   6144151.86772890)",CORONILLA Esq. JOSE FERNANDEZ MEDINA,1
2026-05-03,G_107,14,S,100,,S,,56156,Matutino,2026-05-03 07:51:16,,182009,"POINT (  570964.959860295,   6144011.36716007)",LORENZO CALLEROS 502,1
2026-05-03,G_107,15,S,100,,S,,56156,Matutino,2026-05-03 07:56:58,,125903,"POINT (  570756.412066209,   6144362.59987424)",AV ISLAS CANARIAS 5013 FTE 5013/5019. PDO CUTCSA,1
2026-05-03,G_107,16,S,100,,S,Basura Afuera,56156,Matutino,2026-05-03 08:11:07,,125911,"POINT (  570688.795436773,   6144453.66031173)",ALCIDES DE MARIA 559 FTE 559,1
2026-05-03,G_107,17,S,100,,S,Basura Afuera,56156,Matutino,2026-05-03 08:11:14,,125796,"POINT (  570747.026222589,   6144502.34836553)",TOMAS TEXERA 5045 FTE 5046,1
2026-05-03,G_107,18,N,,Contenedor No Está,N,,56156,Matutino,2026-05-03 08:16:30,,125795,"POINT (  570851.937987294,   6144431.93660083)",TOMAS TEXERA 4993 FTE 4984,1
2026-05-03,G_107,19,S,100,,S,Basura Afuera,56156,Matutino,2026-05-03 08:13:08,,125829,"POINT (  570995.320340236,   6144330.81895376)",TOMAS TEXERA 4945 FTE 4942,1
2026-05-03,G_107,20,N,,Fuego,S,Basura Afuera,56156,Matutino,2026-05-03 08:15:32,,125828,"POINT (  571117.173281412,   6144247.52483612)",TOMAS TEXERA 4911,1
2026-05-03,G_107,21,S,100,,S,"Basura Afuera, Poda",56156,Matutino,2026-05-03 07:48:20,,125843,"POINT (  570934.542372804,   6144238.07991575)",AV ISLAS CANARIAS 4940,1
2026-05-03,G_107,22,S,100,,S,,56156,Matutino,2026-05-03 07:58:45,,125842,"POINT (  570555.621198984,   6144500.74954498)",AV ISLAS CANARIAS 5161 EN 5160. VIVIENDAS,1
2026-05-03,G_107,23,S,50,,S,,56156,Matutino,2026-05-03 08:02:19,,125820,"POINT (  570512.210812080,   6144531.65185430)",AV ISLAS CANARIAS 5193 CASA4/CASA5,1
2026-05-03,G_107,24,S,100,,S,Basura Afuera,56156,Matutino,2026-05-03 08:06:43,,125904,"POINT (  570436.879163764,   6144474.81895377)",CRISTOBAL CAYETANO DE HERRERA 1055 FTE A TALLER,1
2026-05-03,G_107,25,S,100,,S,Basura Afuera,56156,Matutino,2026-05-03 08:06:36,,125821,"POINT (  570585.051969766,   6144311.65684271)",ALCIDES DE MARIA 1060,1
2026-05-03,G_107,26,S,100,,S,Basura Afuera,56156,Matutino,2026-05-03 08:19:00,,167252,"POINT (  570470.937987294,   6144563.93660083)",AV ISLAS CANARIAS 5210 EN 5270,1
2026-05-03,G_107,27,S,100,,S,Basura Afuera,56156,Matutino,2026-05-03 08:21:12,,125797,"POINT (  570288.997548866,   6144693.87234581)",AV ISLAS CANARIAS 5390,1
2026-05-03,G_107,28,S,100,,S,,56156,Matutino,2026-05-03 10:37:44,,125823,"POINT (  570235.782998012,   6144727.60657001)",AV ISLAS CANARIAS 5416,1
2026-05-03,G_107,29,S,75,,S,,56156,Matutino,2026-05-03 10:39:33,,125874,"POINT (  569978.408575529,   6144914.49542435)",AV ISLAS CANARIAS 5660,1
2026-05-03,G_107,30,S,75,,S,,56156,Matutino,2026-05-03 10:43:08,,125873,"POINT (  569951.408575529,   6144933.55424788)",AV ISLAS CANARIAS 5664,1
2026-05-03,G_107,31,S,50,,S,,56156,Matutino,2026-05-03 10:41:21,,125875,"POINT (  569831.143869647,   6144978.55424788)",YUGOESLAVIA 1061,1
2026-05-03,G_106,1,,,,S,,56156,Matutino,,,183513,"POINT (  571140.592326884,   6143968.17755681)",CIRC INT SIN DENOM Esq. AV GRAL EUGENIO GARZON,2
2026-05-03,G_106,2,,,,S,,56156,Matutino,,,183514,"POINT (  571141.154756580,   6143972.45202250)",CIRC INT SIN DENOM Esq. AV GRAL EUGENIO GARZON,2
2026-05-03,G_106,3,,,,S,,56156,Matutino,,,118033,"POINT (  571711.464986619,   6143501.58909202)",VERSAILLES 484 FTE 488. MURO,2
2026-05-03,G_106,4,,,,S,,56156,Matutino,,,163372,"POINT (  571647.944457142,   6143613.80919205)",BERNARDO SUSVIELA 4632 EN 4630/4632,2
2026-05-03,G_106,5,,,,S,,56156,Matutino,,,160532,"POINT (  571650.658575534,   6143750.53954194)",AV ISLAS CANARIAS 4629,2
2026-05-03,G_106,6,,,,S,,56156,Matutino,,,118036,"POINT (  571761.776222593,   6143676.71601253)",AV ISLAS CANARIAS 4585 REJA,2
2026-05-03,G_106,7,,,,S,,56156,Matutino,,,118037,"POINT (  571895.276222590,   6143591.76013020)",AV ISLAS CANARIAS 4509 EN 4509/4513,2
2026-05-03,G_106,8,,,,S,,56156,Matutino,,,118106,"POINT (  571974.154672505,   6143537.95094184)",AV ISLAS CANARIAS 4493 FTE 4492. MURO,2
2026-05-03,G_106,9,,,,S,,56156,Matutino,,,183526,"POINT (  571986.970440959,   6143527.85817713)",AV ISLAS CANARIAS 4485,2
2026-05-03,G_106,10,,,,S,,56156,Matutino,,,183525,"POINT (  572076.512924619,   6143465.76667386)",AV ISLAS CANARIAS 4447,2
2026-05-03,G_106,11,,,,S,,56156,Matutino,,,118045,"POINT (  572088.589454684,   6143184.59710915)",MAZANGANO 466 EN 464/466. CERCO VEGETAL,2
2026-05-03,G_106,12,,,,S,,56156,Matutino,,,118046,"POINT (  572132.546793188,   6143251.51728647)",MAZANGANO 490,2
2026-05-03,G_106,13,,,,S,,56156,Matutino,,,118038,"POINT (  572055.952693178,   6143322.81895374)",BERNARDO SUSVIELA 4418 CERCO VEGETAL,2
2026-05-03,G_106,14,,,,S,,56156,Matutino,,,118079,"POINT (  572009.362770589,   6143355.23429412)",BERNARDO SUSVIELA 4447 FTE 4447. MURO,2
2026-05-03,G_106,15,,,,S,,56156,Matutino,,,183456,"POINT (  571913.734988018,   6143425.64772004)",BERNARDO SUSVIELA 4458 prov: BERNARNO SUVIELA 4463,2
2026-05-03,G_106,16,,,,S,,56156,Matutino,,,118090,"POINT (  571790.154244886,   6143513.29109072)",BERNARDO SUSVIELA 4510 MURO,2
2026-05-03,G_106,17,,,,S,,56156,Matutino,,,162872,"POINT (  571600.658575534,   6143641.30424782)",CLAUDIO PTOLOMEO Esq. BERNARDO SUSVIELA,2
2026-05-03,G_106,18,,,,S,,56156,Matutino,,,118035,"POINT (  571396.835046122,   6143650.12777724)",FRAY GENEROSO PEREZ 472,2
2026-05-03,G_106,19,,,,S,,56156,Matutino,,,118034,"POINT (  571452.423281416,   6143732.71601253)",FRAY GENEROSO PEREZ 502 CERCO VEGETAL,2
2026-05-03,G_106,20,,,,S,,56156,Matutino,,,118093,"POINT (  571503.774535295,   6143853.05782354)",AV ISLAS CANARIAS 4715 FTE 4697,2
2026-05-03,G_106,21,,,,S,,56156,Matutino,,,118092,"POINT (  571433.053947059,   6143901.63135295)",AV ISLAS CANARIAS 4755 FTE 4751. MURO,2
2026-05-03,G_106,22,,,,S,,56156,Matutino,,,152232,"POINT (  571311.156888236,   6143981.70488236)",AV ISLAS CANARIAS 4790 PROV (O: AV ISLAS CANARIAS 4770),2
2026-05-03,G_106,23,,,,S,,56156,Matutino,,,181144,"POINT (  571228.864149716,   6144035.89369329)",AV ISLAS CANARIAS 4828,2
2026-05-03,G_106,24,,,,S,,56156,Matutino,,,118060,"POINT (  571165.480417648,   6144145.95488236)",AV GRAL EUGENIO GARZON 582,2
2026-05-03,G_106,25,,,,S,,56156,Matutino,,,118040,"POINT (  571166.186300001,   6144190.24900001)",AV GRAL EUGENIO GARZON 584,2
2026-05-03,G_106,26,,,,S,,56156,Matutino,,,118080,"POINT (  571167.598064706,   6144247.60194119)",AV GRAL EUGENIO GARZON 602,2
2026-05-03,G_106,27,,,,S,,56156,Matutino,,,118081,"POINT (  571168.872576089,   6144418.54905209)",AV GRAL EUGENIO GARZON Esq. FELIPE PEREZ DE SOSA MURO C/REJA,2
2026-05-03,G_106,28,,,,S,,56156,Matutino,,,118061,"POINT (  571662.845607875,   6144109.26623397)",DOMINGO TORRES 4688 FTE 4688,2
2026-05-03,G_106,29,,,,S,,56156,Matutino,,,118041,"POINT (  571760.362770589,   6144034.60194119)",DOMINGO TORRES 4657,2
2026-05-03,G_106,30,,,,S,,56156,Matutino,,,118062,"POINT (  571866.129183393,   6143954.93917509)",DOMINGO TORRES 4615 EN 4615,2
2026-05-03,G_106,31,,,,S,,56156,Matutino,,,177372,"POINT (  571969.509349262,   6143878.35232702)",DOMINGO TORRES 4553,2
2026-05-03,G_106,32,,,,S,,56156,Matutino,,,118109,"POINT (  572053.480067730,   6143816.10716466)",DOMINGO TORRES 4501 EN 4503/4501,2
2026-05-03,G_106,33,,,,S,,56156,Matutino,,,118110,"POINT (  572106.981597879,   6143777.99648565)",DOMINGO TORRES 4491 EN 4491/4489,2
2026-05-03,G_106,34,,,,S,,56156,Matutino,,,118082,"POINT (  572228.642611643,   6143689.31586718)",DOMINGO TORRES 4433,2
2026-05-03,G_106,35,,,,S,,56156,Matutino,,,118083,"POINT (  572385.026222590,   6143573.62777727)",DOMINGO TORRES 4357 CERCO VEGETAL,2
2026-05-03,G_106,36,,,,S,,56156,Matutino,,,118112,"POINT (  572426.849752001,   6143542.92189492)",DOMINGO TORRES 4339 EN 4339/4341,2
2026-05-03,G_106,37,,,,S,,56156,Matutino,,,118111,"POINT (  572311.526222589,   6143418.95130668)",GRAL ANTONIO DIAZ 4352 EN 4356/4352,2
2026-05-03,G_106,38,,,,N,,56156,Matutino,,,118113,"POINT (  572249.896644167,   6143465.78207683)",GRAL ANTONIO DIAZ 4384 CERCO VEGETAL,2
2026-05-03,G_106,39,,,,S,,56156,Matutino,,,118068,"POINT (  572170.790928472,   6143531.09836551)",GRAL ANTONIO DIAZ 4406 FTE 4417,2
2026-05-03,G_106,40,,,,S,,56156,Matutino,,,118114,"POINT (  572060.585046119,   6143610.95130668)",GRAL ANTONIO DIAZ 4476 FTE 4477. MURO C/REJA,2
2026-05-03,G_106,41,,,,S,,56156,Matutino,,,118115,"POINT (  571939.148030699,   6143699.57643461)",GRAL ANTONIO DIAZ 4514 CERCO VEGETAL,2
2026-05-03,G_106,42,,,,S,,56156,Matutino,,,118084,"POINT (  571835.849752001,   6143778.68660080)",GRAL ANTONIO DIAZ 4598 EN 4598/4596,2
2026-05-03,G_106,43,,,,S,,56156,Matutino,,,118043,"POINT (  571755.951005883,   6143838.36664706)",GRAL ANTONIO DIAZ 4628 MURO,2
2026-05-03,G_106,44,,,,S,,56156,Matutino,,,118085,"POINT (  571610.186300001,   6143941.42547059)",GRAL ANTONIO DIAZ 4696,2
2026-05-03,G_106,45,,,,S,,56156,Matutino,,,118047,"POINT (  571661.892182354,   6144022.07252942)",VERSAILLES 621,2
2026-05-03,G_106,46,,,,S,,56156,Matutino,,,118048,"POINT (  571708.931938037,   6143959.92755513)",FRANCISCO MIRANDA 4654,2
2026-05-03,G_106,47,,,,S,,56156,Matutino,,,118051,"POINT (  571799.466356500,   6143886.63778780)",FRANCISCO MIRANDA 4619,2
2026-05-03,G_106,48,,,,S,,56156,Matutino,,,118086,"POINT (  571861.656888236,   6143841.71958824)",FRANCISCO MIRANDA 4599 CERCO VEGETAL,2
2026-05-03,G_106,49,,,,S,,56156,Matutino,,,179801,"POINT (  571863.610769852,   6143840.47009386)",FRANCISCO MIRANDA 4599 PROV A,2
2026-05-03,G_106,50,,,,S,,56156,Matutino,,,118095,"POINT (  571992.606449221,   6143744.36941594)",FRANCISCO MIRANDA 4507 EN 4509,2
2026-05-03,G_106,66,,,,S,,56156,Matutino,,,118100,"POINT (  572404.403841771,   6144052.40686311)",EDUARDO PONDAL 830 FTE 833,3
2026-05-03,G_109,1,S,100,,N,"Basura Afuera, Poda",56158,Matutino,2026-05-03 08:55:04,,117203,"POINT (  574032.005439561,   6143782.12551283)",BV JOSE BATLLE Y ORDOÑEZ 5020 VIVIENDAS,0
2026-05-03,G_109,2,S,100,,S,"Basura Afuera, Poda, Requiere Limpieza",56158,Matutino,2026-05-03 08:54:51,,117210,"POINT (  574007.328917906,   6143812.43001311)",BV JOSE BATLLE Y ORDOÑEZ 5026 VIVIENDAS,0
2026-05-03,G_109,3,S,100,,S,Basura Afuera,56158,Matutino,2026-05-03 08:56:10,,117180,"POINT (  573962.150971840,   6143863.36333166)",BV JOSE BATLLE Y ORDOÑEZ 5050 EN 5062,0
2026-05-03,G_109,4,S,100,,S,"Basura Afuera, Poda, Requiere Limpieza",56158,Matutino,2026-05-03 08:58:52,,117174,"POINT (  573783.508537278,   6144021.09814360)",BV JOSE BATLLE Y ORDOÑEZ 5146 SUBESTACION,0
2026-05-03,G_109,5,S,100,,S,Basura Afuera,56158,Matutino,2026-05-03 08:58:45,,117173,"POINT (  573716.838636666,   6144066.12197259)",BV JOSE BATLLE Y ORDOÑEZ Esq. CALLE 12 MTS,0
2026-05-03,G_109,6,S,100,,S,Basura Afuera,56158,Matutino,2026-05-03 09:02:13,,117153,"POINT (  573594.321871255,   6144160.93176631)",BV JOSE BATLLE Y ORDOÑEZ Esq. GAMBETTA,0
2026-05-03,G_109,7,S,100,,S,Basura Afuera,56158,Matutino,2026-05-03 09:02:07,,177260,"POINT (  573590.843967974,   6144163.58824532)",BV JOSE BATLLE Y ORDOÑEZ 5257 PROV,0
2026-05-03,G_109,8,S,100,,S,,56158,Matutino,2026-05-03 09:04:38,,183081,"POINT (  573490.655818271,   6144238.20088369)",BV JOSE BATLLE Y ORDOÑEZ Esq. VICTOR HUGO,0
2026-05-03,G_109,9,S,100,,S,,56158,Matutino,2026-05-03 09:04:42,,117152,"POINT (  573489.554884578,   6144238.85762417)",BV JOSE BATLLE Y ORDOÑEZ Esq. VICTOR HUGO CABINA,0
2026-05-03,G_112,1,S,100,,S,Basura Afuera,56158,Matutino,2026-05-03 08:35:58,,117208,"POINT (  574054.548845887,   6144486.84926309)",DR PABLO J TILLAUX 1409 FTE 1409,1
2026-05-03,G_112,2,S,100,,S,Basura Afuera,56158,Matutino,2026-05-03 08:37:45,,179117,"POINT (  574105.053014221,   6144647.00781138)",CNO EDISON 4158 FTE 4161. MURO,1
2026-05-03,G_112,3,S,100,,S,Basura Afuera,56158,Matutino,2026-05-03 08:40:03,,117912,"POINT (  574026.492456528,   6144677.40907089)",CHARCOT 1449,1
2026-05-03,G_112,4,N,,Persona en el Interior del Cont.,S,,56158,Matutino,2026-05-03 08:41:35,,152252,"POINT (  573832.022026007,   6144424.97278822)",CHARCOT 1301,1
2026-05-03,G_112,5,S,100,,S,,56158,Matutino,2026-05-03 08:41:45,,117171,"POINT (  573735.027372899,   6144484.40125822)",JENNER Esq. CNO GRAL MAXIMO SANTOS FTE LICEO,1
2026-05-03,G_112,6,S,100,,S,Basura Afuera,56158,Matutino,2026-05-03 08:43:02,,117202,"POINT (  573787.244041646,   6144556.55914637)",JENNER 1342 FTE 1331. MURO CIEGO,1
2026-05-03,G_112,7,S,100,,S,Basura Afuera,56158,Matutino,2026-05-03 08:43:08,,117178,"POINT (  573875.746599789,   6144669.76881749)",JENNER 1415 FTE 1415,1
2026-05-03,G_112,8,S,100,,S,,56158,Matutino,2026-05-03 08:43:50,,117179,"POINT (  573932.711713519,   6144742.43782744)",JENNER 1441 FTE 1443. ENTRE ARBOLES,1
2026-05-03,G_116,28,S,100,,S,,56158,Matutino,2026-05-03 08:25:40,,125912,"POINT (  573434.300387740,   6146300.89573674)",HEINE 1798,2
2026-05-03,G_116,84,S,100,,S,,56158,Matutino,2026-05-03 07:31:34,,181603,"POINT (  572310.545903268,   6147374.04167952)",REMBRANDT 1893,3
2026-05-03,G_116,85,S,100,,S,Basura Afuera,56158,Matutino,2026-05-03 07:39:02,,181600,"POINT (  572343.329042919,   6147456.72500000)",REMBRANDT 1946,3
2026-05-03,G_116,86,S,75,,S,Basura Afuera,56158,Matutino,2026-05-03 07:39:07,,161412,"POINT (  572430.726190330,   6147536.68992662)",BESNES E IRIGOYEN 5105,3
2026-05-03,G_116,87,S,50,,S,,56158,Matutino,2026-05-03 07:39:12,,161413,"POINT (  572549.952583959,   6147450.45556940)",BESNES E IRIGOYEN 5019 FTE 5008,3
2026-05-03,G_116,88,S,50,,S,,56158,Matutino,2026-05-03 07:39:16,,125994,"POINT (  572668.268852446,   6147364.22121217)",BESNES E IRIGOYEN 4978 FTE 4978,3
2026-05-03,G_116,89,S,25,,S,,56158,Matutino,2026-05-03 07:39:20,,125998,"POINT (  572775.337211767,   6147294.30216473)",BESNES E IRIGOYEN 4960,3
2026-05-03,G_116,90,S,75,,S,,56158,Matutino,2026-05-03 07:43:02,,125982,"POINT (  572874.513682356,   6147223.12569415)",BESNES E IRIGOYEN 4896,3
2026-05-03,G_116,91,S,100,,S,,56158,Matutino,2026-05-03 07:43:08,,125999,"POINT (  573113.614478236,   6147048.87068646)",BESNES E IRIGOYEN 4823 ANTES DE 4527,3
2026-05-03,G_116,92,S,100,,S,,56158,Matutino,2026-05-03 07:48:20,,137193,"POINT (  573358.907945270,   6146870.95732908)",BESNES E IRIGOYEN 4732 EN 4733,3
2026-05-03,G_116,93,S,100,,S,Basura Afuera,56158,Matutino,2026-05-03 07:48:25,,125914,"POINT (  573530.028794843,   6146991.10488782)",CNO JOSE DURAN 4464 VIVIENDAS,3
2026-05-03,G_116,94,S,75,,S,,56158,Matutino,2026-05-03 07:51:57,,125972,"POINT (  573348.054036119,   6147120.34022560)",CNO JOSE DURAN 4545 FTE VIVIENDAS,3
2026-05-03,G_116,95,S,50,,S,Basura Afuera,56158,Matutino,2026-05-03 07:54:01,,125991,"POINT (  573079.130502340,   6147318.94453147)",ARTURO DESPOUEY Esq. CNO JOSE DURAN,3
2026-05-03,G_116,96,S,100,,S,Basura Afuera,56158,Matutino,2026-05-03 07:54:06,,159312,"POINT (  573083.174234684,   6147323.85514470)",ARTURO DESPOUEY 2135,3
2026-05-03,G_116,97,S,75,,S,Basura Afuera,56158,Matutino,2026-05-03 07:56:16,,164033,"POINT (  573010.043094120,   6147439.47863532)",ARTURO SERGIO VISCA Esq. ANTONIO TADDEI,3
2026-05-03,G_116,98,S,100,,S,Basura Afuera,56158,Matutino,2026-05-03 07:56:19,,164012,"POINT (  573007.219564708,   6147441.59628238)",ARTURO SERGIO VISCA Esq. ANTONIO TADDEI,3
2026-05-03,G_116,99,S,100,,S,Basura Afuera,56158,Matutino,2026-05-03 08:01:33,,126007,"POINT (  572866.866623532,   6147458.06687062)",CNO JOSE DURAN 4949 EN 4974,3
2026-05-03,G_116,100,S,100,,S,Basura Afuera,56158,Matutino,2026-05-03 08:02:40,,126008,"POINT (  572795.925447061,   6147509.83157650)",CNO JOSE DURAN 5010 EN 5014,3
2026-05-03,G_116,101,S,75,,S,Basura Afuera,56158,Matutino,2026-05-03 08:02:43,,137212,"POINT (  572793.294574691,   6147511.33794504)",CNO JOSE DURAN 5010 EN 5014,3
2026-05-03,G_116,102,N,,Contenedor No Está,N,,56158,Matutino,2026-05-03 08:02:49,,143932,"POINT (  572789.465091882,   6147513.98912545)",CNO JOSE DURAN 5010,3
2026-05-03,G_116,103,S,25,,S,,56158,Matutino,2026-05-03 08:07:11,,125918,"POINT (  572709.396035297,   6147517.24334121)",RENOIR 2042 fte 2042,3
2026-05-03,G_116,104,N,,Sobrepeso,S,,56158,Matutino,2026-05-03 08:09:13,,125919,"POINT (  572481.414959581,   6147622.41481004)",PICASSO 5061 FTE 5061,3
2026-05-03,G_116,105,S,100,,S,Basura Afuera,56158,Matutino,2026-05-03 08:11:29,,125976,"POINT (  572499.984270591,   6147693.71392944)",REMBRANDT 2047,3
2026-05-03,G_116,106,S,50,,S,,56158,Matutino,2026-05-03 08:13:53,,180214,"POINT (  572582.536434205,   6147351.04684270)",RENOIR 1969,3
2026-05-03,G_116,107,S,25,,S,,56158,Matutino,2026-05-03 08:13:49,,125977,"POINT (  572579.922055120,   6147347.56100392)",RENOIR 1969,3
2026-05-03,G_116,108,S,50,,S,Basura Afuera,56158,Matutino,2026-05-03 08:16:38,,180215,"POINT (  572545.034246273,   6147334.19288643)",VELAZQUEZ 5012 EN 5048,3
2026-05-03,G_116,109,S,75,,S,Basura Afuera,56158,Matutino,2026-05-03 08:19:06,,125916,"POINT (  572639.306012035,   6147264.33780643)",VELAZQUEZ 4957,3
2026-05-03,G_116,110,S,75,,S,,56158,Matutino,2026-05-03 08:20:45,,137217,"POINT (  572547.043094120,   6147117.71392945)",1º PARALELA A RENOIR 1705,3
2026-05-03,G_112,10,,,,S,,56158,Matutino,,,162412,"POINT (  569875.919250512,   6149710.67647179)",CNO COLMAN Esq. PSJE CONT DEL APERO,4
2026-05-03,G_112,25,,,,S,,56158,Matutino,,,129606,"POINT (  569036.945087854,   6149589.39920702)",GIOIA 6370 FTE 6375,5
2026-05-03,G_112,44,,,,S,,56158,Matutino,,,129644,"POINT (  569107.250914460,   6148959.24249774)",AV LEZICA 6234 VEREDA,6
2026-05-03,G_112,46,,,,S,,56158,Matutino,,,129643,"POINT (  568779.586573893,   6149309.32597739)",AV LEZICA 6352 ANTES 6362,7
2026-05-03,G_112,61,,,,S,,56158,Matutino,,,129594,"POINT (  568229.501893896,   6150157.93990535)",GUTTEMBERG 6623 FTE 6624. VIVIENDAS,8
2026-05-03,G_112,62,,,,S,,56158,Matutino,,,129666,"POINT (  568304.416027038,   6150076.08927840)",GUTTEMBERG 9599 ANTES 6599,8
2026-05-03,G_112,63,,,,S,,56158,Matutino,,,129668,"POINT (  568364.852970692,   6150014.92475759)",GUTTEMBERG 6579 MURO CHAPA,8
2026-05-03,G_112,64,,,,S,,56158,Matutino,,,129623,"POINT (  568408.885464008,   6149964.57991383)",GUTTEMBERG 6553,8
2026-05-03,G_112,65,,,,S,,56158,Matutino,,,129625,"POINT (  568410.271101909,   6149962.80937651)",GUTTEMBERG 6553,8
2026-05-03,G_112,66,,,,S,,56158,Matutino,,,129618,"POINT (  568489.329442181,   6149880.94127050)",GUTTEMBERG 6523,8
2026-05-03,G_112,67,,,,S,,56158,Matutino,,,129621,"POINT (  568548.580609127,   6149816.66440993)",GUTTEMBERG 6497 EN 6491,8
2026-05-03,G_112,68,,,,S,,56158,Matutino,,,136352,"POINT (  568674.072322841,   6149683.33168674)",GUTTEMBERG Esq. PEABODY,8
2026-05-03,G_112,69,,,,S,,56158,Matutino,,,129654,"POINT (  568821.878465216,   6149528.10626746)",GUTTEMBERG 6393 EN 6389. RETIRO Y REJAS,8
2026-05-03,G_112,70,,,,S,,56158,Matutino,,,129671,"POINT (  568913.440183500,   6149432.38265289)",GUTTEMBERG 6353 CERCO,8
2026-05-03,G_112,71,,,,S,,56158,Matutino,,,175938,"POINT (  568945.915185185,   6149389.61849804)",GUTTEMBERG 6343 PROV A,8
2026-05-03,G_112,72,,,,N,,56158,Matutino,,,129672,"POINT (  568948.311699346,   6149387.00411896)",GUTTEMBERG 6343 FTE 6346,8
2026-05-03,G_112,73,,,,S,,56158,Matutino,,,129669,"POINT (  569082.690632449,   6149245.09732004)",GUTTEMBERG 6295 FTE 6294. CERCO,8
2026-05-03,G_112,74,,,,S,,56158,Matutino,,,173033,"POINT (  569224.920932203,   6149091.18048701)",GUTTEMBERG 6233,8
2026-05-03,G_112,75,,,,S,,56158,Matutino,,,129651,"POINT (  569328.242513301,   6148980.12325652)",GUTTEMBERG 6197,8
2026-05-03,G_112,76,,,,S,,56158,Matutino,,,129652,"POINT (  569436.797847305,   6148868.19392423)",GUTTEMBERG 6155,8
2026-05-03,G_112,77,,,,S,,56158,Matutino,,,182133,"POINT (  569494.606506318,   6148800.63344030)",GUTTEMBERG 6133,8
2026-05-03,G_112,78,S,75,,S,Basura Afuera,56158,Matutino,2026-05-03 10:18:23,,129650,"POINT (  569700.069048599,   6148677.59173288)",AV LEZICA 6065,8
2026-05-03,G_112,79,,,,S,,56158,Matutino,,,129647,"POINT (  569890.007944962,   6148628.23390244)",AV LEZICA 6005 BALDIO,8
2026-05-03,G_112,80,S,100,,S,Basura Afuera,56158,Matutino,2026-05-03 10:00:48,,129601,"POINT (  569857.856728082,   6148431.36952831)",CARLOS OTT 1004 ESQ LANUS,8
2026-05-03,G_112,81,N,,Contenedor No Está,N,,56158,Matutino,2026-05-03 10:01:09,,129599,"POINT (  569843.017704906,   6148367.06709455)",CARLOS OTT 1659 FTE 1678,8
2026-05-03,G_112,82,S,100,,S,Basura Afuera,56158,Matutino,2026-05-03 10:03:12,,129600,"POINT (  569829.447179661,   6148294.68971300)",CARLOS OTT 1660 EN 1665,8
2026-05-03,G_112,83,S,100,,S,,56158,Matutino,2026-05-03 10:14:02,,129598,"POINT (  569819.277688136,   6148162.03434577)",CARLOS OTT Esq. RBLA COSTANERA EN 1627,8
2026-05-03,G_112,84,N,,Contenedor No Está,N,,56158,Matutino,2026-05-03 10:08:47,,129649,"POINT (  569977.318567883,   6148050.19723747)",CAACUPE 2310 FTE 2310,8
2026-05-03,G_112,85,S,100,,S,,56158,Matutino,2026-05-03 10:09:37,,131792,"POINT (  569978.956154152,   6148057.69264021)",CAACUPE 2310 FTE 2310,8
2026-05-03,G_112,86,N,,Fuego,S,,56158,Matutino,2026-05-03 10:10:43,,129597,"POINT (  569917.768158908,   6148237.57471926)",CARVE 6024,8
2026-05-03,G_112,87,N,,Fuego,S,,56158,Matutino,2026-05-03 10:10:31,,135992,"POINT (  569912.225607302,   6148237.88263879)",CARVE 6024,8
2026-05-03,G_112,88,S,100,,S,,56158,Matutino,2026-05-03 10:11:05,,129648,"POINT (  570033.237984037,   6148377.06226802)",PERFECTO GIOT 6002,8
2026-05-03,G_112,89,N,,Contenedor No Está,N,,56158,Matutino,2026-05-03 10:13:25,,179515,"POINT (  569933.388328281,   6148434.20268369)",LANUS 6022 EN 6028,8
2026-05-03,G_112,90,N,,Contenedor No Está,N,,56158,Matutino,2026-05-03 10:13:30,,179516,"POINT (  569930.086441488,   6148435.14607992)",LANUS 6022 EN 6028,8
2026-05-03,G_112,91,N,,Persona en el Interior del Cont.,S,,56158,Matutino,2026-05-03 10:13:38,,180644,"POINT (  569868.279149237,   6148448.23385295)",LANUS 6040 ALTA POR RELEVAMIENTO,8
2026-05-03,G_112,92,N,,Contenedor No Está,S,,56158,Matutino,2026-05-03 10:14:18,,129674,"POINT (  569748.047956583,   6148391.79879984)",RBLA COSTANERA Esq. ROMAN FREIRE,8
2026-05-03,G_112,93,S,100,,S,Basura Afuera,56158,Matutino,2026-05-03 10:14:31,,129609,"POINT (  569734.556036370,   6148527.63491999)",RBLA COSTANERA Esq. PSJE DE LA CAÑADA,8
2026-05-03,G_112,94,N,,Fuego,S,,56158,Matutino,2026-05-03 10:19:19,,129673,"POINT (  569779.704539357,   6148844.88364080)",CNO DEL APERO 1994,8
2026-05-03,G_112,95,N,,Fuego,S,,56158,Matutino,2026-05-03 10:19:26,,129596,"POINT (  569762.886979758,   6148930.94997522)",CNO DEL APERO 2012,8
2026-05-03,G_112,96,S,100,,S,"Basura Afuera, Requiere Limpieza",56158,Matutino,2026-05-03 10:23:39,,180852,"POINT (  569828.263785185,   6148979.80318933)",RODRIGO DE TRIANA Esq. PSJE 12 DE OCTUBRE EN 2049,8
2026-05-03,G_112,97,S,100,,S,"Basura Afuera, Requiere Limpieza",56158,Matutino,2026-05-03 10:23:43,,129632,"POINT (  569869.116872587,   6148971.03904848)",CIRC INT SIN DENOM Esq. RODRIGO DE TRIANA,8
2026-05-03,G_112,98,S,100,,S,"Basura Afuera, Requiere Limpieza",56158,Matutino,2026-05-03 10:23:48,,129656,"POINT (  569873.735665592,   6148970.42320941)",CIRC INT SIN DENOM Esq. RODRIGO DE TRIANA,8
2026-05-03,G_112,99,S,100,,S,"Basura Afuera, Requiere Limpieza",56158,Matutino,2026-05-03 10:23:55,,129634,"POINT (  569914.756159913,   6148961.39360327)",RODRIGO DE TRIANA 6141 FTE 6124,8
2026-05-03,G_112,100,S,100,,S,"Basura Afuera, Requiere Limpieza",56158,Matutino,2026-05-03 10:24:01,,129657,"POINT (  569923.252891939,   6148959.86854880)",CIRC INT SIN DENOM Esq. RODRIGO DE TRIANA EN 6121,8
2026-05-03,G_112,101,S,100,,S,Basura Afuera,56158,Matutino,2026-05-03 10:24:23,,129635,"POINT (  569967.915201307,   6148950.93608693)",RODRIGO DE TRIANA 6091 EN 6071,8
2026-05-03,G_112,102,,,,S,,56158,Matutino,,,180851,"POINT (  570011.488186057,   6148940.91430044)",RODRIGO DE TRIANA 6047 EN 6047,8
2026-05-03,G_112,103,,,,S,,56158,Matutino,,,129636,"POINT (  570075.340692063,   6148927.71489571)",RODRIGO DE TRIANA 6011 EN 6011,8
2026-05-03,G_112,104,,,,S,,56158,Matutino,,,129659,"POINT (  570041.071862085,   6148805.92874610)",CNO DEL PRETAL 5910 VEREDA. EN 2007,8
2026-05-03,G_112,105,,,,S,,56158,Matutino,,,129660,"POINT (  569889.761797412,   6148847.57855484)",CNO DEL PRETAL Esq. CIRC INT SIN DENOM VEREDA. EN 5966,8
2026-05-03,G_112,106,,,,S,,56158,Matutino,,,129662,"POINT (  569866.564435580,   6148899.24540619)",FRAY ANTON DE MONTESINOS Esq. CNO DEL PRETAL SENDA PEATONAL. COMPLEJO,8
2026-05-03,G_115,1,S,100,,N,,56159,Matutino,2026-05-03 06:42:48,37,180255,"POINT (  574509.197893221,   6144846.02704578)",BV APARICIO SARAVIA Esq. ARQ JUAN G GIURIA,0
2026-05-03,G_115,2,S,50,,S,,56159,Matutino,2026-05-03 06:42:56,37,176347,"POINT (  574556.881509042,   6144825.83872185)",ING ARQ IGNACIO PEDRALBES Esq. BV APARICIO SARAVIA PROV (O: ARQ IGNACIO PEDRALVEZ Y BV APARICIO SARAVIA),0
2026-05-03,G_115,3,S,25,,S,,56159,Matutino,2026-05-03 06:47:28,37,117157,"POINT (  574520.222183768,   6144731.35272424)",ING ARQ IGNACIO PEDRALBES 1493 MURO,0
2026-05-03,G_115,4,S,50,,S,,56159,Matutino,2026-05-03 06:47:36,37,117191,"POINT (  574464.180828640,   6144597.71564662)",ING ARQ IGNACIO PEDRALBES 1451,0
2026-05-03,G_115,5,S,75,,S,,56159,Matutino,2026-05-03 06:46:17,37,117169,"POINT (  574449.161072271,   6144572.25744321)",ING ARQ IGNACIO PEDRALBES 1447 EN 4009,0
2026-05-03,G_115,6,S,100,,S,Basura Afuera,56159,Matutino,2026-05-03 06:45:14,37,117185,"POINT (  574418.069878472,   6144501.10589293)",ING ARQ IGNACIO PEDRALBES 1419,0
2026-05-03,G_115,7,S,75,,S,,56159,Matutino,2026-05-03 11:02:26,37,181185,"POINT (  571352.663706754,   6147425.18364052)",CNO CASAVALLE Esq. WALDEMAR HANSEN MURO CHAPA,0
2026-05-03,G_115,8,S,50,,S,,56159,Matutino,2026-05-03 11:02:38,37,181184,"POINT (  571350.267192593,   6147426.70869499)",CNO CASAVALLE Esq. WALDEMAR HANSEN MURO CHAPA,0
2026-05-03,G_115,9,S,100,,S,,56159,Matutino,2026-05-03 06:59:10,37,126044,"POINT (  571217.147464374,   6148143.71150322)",PLAZA VIDIELLA 5619,0
2026-05-03,G_115,10,S,100,,S,,56159,Matutino,2026-05-03 07:05:10,37,126102,"POINT (  571124.621777626,   6148456.15982755)",BESNES E IRIGOYEN 5653 FTE 5656,0
2026-05-03,G_115,11,S,75,,S,,56159,Matutino,2026-05-03 07:05:18,37,126101,"POINT (  571214.653595061,   6148391.39956983)",BESNES E IRIGOYEN 5611,0
2026-05-03,G_115,12,S,100,,S,,56159,Matutino,2026-05-03 07:05:31,37,126100,"POINT (  571340.952998553,   6148454.71572546)",IRIS 2009 FTE 2009,0
2026-05-03,G_115,13,S,100,,S,,56159,Matutino,2026-05-03 07:07:14,37,159592,"POINT (  571342.646555989,   6148456.87116220)",IRIS 2009,0
2026-05-03,G_115,14,S,100,,N,,56159,Matutino,2026-05-03 07:08:39,37,126103,"POINT (  571391.143882543,   6148526.61493658)",IRIS 2054,0
2026-05-03,G_115,15,S,100,,S,,56159,Matutino,2026-05-03 07:08:48,37,126045,"POINT (  571439.949128631,   6148595.28099258)",IRIS 2082 FTE 2077,0
2026-05-03,G_115,16,S,100,,S,,56159,Matutino,2026-05-03 07:10:36,37,126032,"POINT (  571420.959682624,   6148705.47749418)",CNO VIDIELLA 5688 EN 5686/5688,0
2026-05-03,G_115,17,N,,Contenedor No Está,N,,56159,Matutino,2026-05-03 07:35:42,,169452,"POINT (  571266.898350704,   6148638.54368707)",JOSE SALGADO 2064 FTE 2058,0
2026-05-03,G_115,18,N,,Contenedor No Está,N,,56159,Matutino,2026-05-03 07:35:51,,126116,"POINT (  571267.514189771,   6148633.30905500)",JOSE SALGADO 2064 FTE 2064B,0
2026-05-03,G_115,19,S,100,,S,Basura Afuera,56159,Matutino,2026-05-03 07:12:50,37,176621,"POINT (  571129.566238684,   6148686.11725502)",CNO JOSE DURAN 5692,0
2026-05-03,G_115,20,S,100,,S,,56159,Matutino,2026-05-03 07:16:38,37,126062,"POINT (  570909.813256721,   6148996.76937304)",CALDERON DE LA BARCA 2185 EN 3411,0
2026-05-03,G_115,21,S,100,,S,,56159,Matutino,2026-05-03 07:18:29,37,169993,"POINT (  570946.763600762,   6148884.07082371)",AV GRAL EUGENIO GARZON 2083,0
2026-05-03,G_115,22,S,100,,S,,56159,Matutino,2026-05-03 07:20:05,37,176523,"POINT (  570960.687621719,   6148736.26623892)",AV GRAL EUGENIO GARZON 2039 PROV OV (O: CNO JOSE DURAN),0
2026-05-03,G_115,23,S,100,,S,,56159,Matutino,2026-05-03 07:20:14,37,151852,"POINT (  570960.619979777,   6148732.03555396)",AV GRAL EUGENIO GARZON 2039 VEREDA,0
2026-05-03,G_115,24,S,100,,S,,56159,Matutino,2026-05-03 07:25:57,37,126121,"POINT (  571344.356244049,   6148526.16103709)",CNO JOSE DURAN 5601 en 5609/5615,0
2026-05-03,G_115,25,S,100,,S,,56159,Matutino,2026-05-03 07:27:37,37,152173,"POINT (  571275.852602379,   6148383.16272230)",IRIS 1981 FTE 1990,0
2026-05-03,G_115,26,S,100,,S,,56159,Matutino,2026-05-03 07:28:54,37,181111,"POINT (  571350.314860785,   6148223.48534662)",BOBI 1932 ALTA POR RELEVAMIENTO. RETIRAR,0
2026-05-03,G_115,27,S,100,,S,,56159,Matutino,2026-05-03 07:29:24,37,135232,"POINT (  571350.677049062,   6148220.58120852)",BOBI 1930,0
2026-05-03,G_115,28,N,,Contenedor No Está,N,,56159,Matutino,2026-05-03 07:35:27,,158592,"POINT (  571308.799992482,   6148168.85072686)",WALDEMAR HANSEN Esq. DANIEL ZORRILLA,0
2026-05-03,G_115,29,S,100,,S,,56159,Matutino,2026-05-03 07:31:50,37,126124,"POINT (  571365.582198900,   6148337.06933085)",FEDERACION 1980,0
2026-05-03,G_115,30,N,,Sobrepeso,S,Basura Afuera,56159,Matutino,2026-05-03 07:34:16,,126125,"POINT (  571438.742035694,   6148444.13078997)",FEDERACION 2044 EN 2044/2048,0
2026-05-03,G_115,31,S,100,,S,,56159,Matutino,2026-05-03 07:35:13,37,126123,"POINT (  571507.434145284,   6148538.96694684)",FEDERACION 2084,0
2026-05-03,G_115,32,S,100,,S,Basura Afuera,56159,Matutino,2026-05-03 07:36:19,37,126070,"POINT (  571552.783386725,   6148605.99286462)",FEDERACION 2094 FTE 2097,0
2026-05-03,G_115,33,S,100,,S,,56159,Matutino,2026-05-03 07:39:09,37,126064,"POINT (  571637.356512189,   6148491.96168422)",JUAN MAC COLL 2114 FTE 2114,0
2026-05-03,G_115,34,N,,Fuego,S,,56159,Matutino,2026-05-03 07:40:13,,126083,"POINT (  571594.594819539,   6148408.81394851)",JUAN MAC COLL 2063 FTE 2068,0
2026-05-03,G_115,35,S,100,,S,,56159,Matutino,2026-05-03 07:40:46,37,126084,"POINT (  571537.104099420,   6148304.76049640)",JUAN MAC COLL Esq. DR MIGUEL A PAEZ FORMOSO EN 2005,0
2026-05-03,G_115,36,N,,Fuego,S,,56159,Matutino,2026-05-03 08:39:39,,126126,"POINT (  571483.889548566,   6148231.11535906)",JUAN MAC COLL 1967 COLUMNA/CARTEL,0
2026-05-03,G_115,37,S,100,,S,,56159,Matutino,2026-05-03 08:40:26,37,126127,"POINT (  571441.112469178,   6148297.72980175)",BERNABE MAGARI?OS 1978 EN 1974. FTE 1971,0
2026-05-03,G_115,38,S,100,,S,Basura Afuera,56159,Matutino,2026-05-03 08:41:31,37,126128,"POINT (  571513.077743724,   6148398.39964477)",BERNABE MAGARI?OS 2043 EN 2042,0
2026-05-03,G_115,39,S,100,,S,,56159,Matutino,2026-05-03 08:44:05,37,126086,"POINT (  571667.079035158,   6148302.86135962)",CNO JOSE DURAN 5501 EN 5505/5501,0
2026-05-03,G_115,40,S,100,,S,,56159,Matutino,2026-05-03 08:46:24,37,126085,"POINT (  571765.044230140,   6148237.09749569)",CNO JOSE DURAN 5475,0
2026-05-03,G_115,41,S,100,,S,Basura Afuera,56159,Matutino,2026-05-03 08:48:12,37,126089,"POINT (  571959.847496662,   6148096.93416977)",CNO JOSE DURAN 5415 FTE 5414,0
2026-05-03,G_115,42,S,100,,S,,56159,Matutino,2026-05-03 08:54:21,37,126087,"POINT (  572117.590629550,   6147980.05220986)",CNO JOSE DURAN 5363,0
2026-05-03,G_115,43,S,100,,S,,56159,Matutino,2026-05-03 08:59:32,37,126088,"POINT (  572188.860117301,   6147928.73817868)",CNO JOSE DURAN 5329 EN 5335/5329,0
2026-05-03,G_115,44,S,100,,S,,56159,Matutino,2026-05-03 09:29:07,37,126065,"POINT (  572263.930644398,   6147873.62310816)",CNO JOSE DURAN 5311,0
2026-05-03,G_115,45,S,100,,S,,56159,Matutino,2026-05-03 08:13:11,37,126066,"POINT (  572320.623580145,   6148028.90129881)",CNO MANUEL FORTET 2098 FTE 2075,0
2026-05-03,G_115,46,S,100,,S,,56159,Matutino,2026-05-03 08:07:00,37,126067,"POINT (  572191.235766893,   6148171.52956695)",CNO VIDIELLA 5304 FTE 5277,0
2026-05-03,G_115,47,N,,Contenedor No Está,N,,56159,Matutino,2026-05-03 08:13:26,,126071,"POINT (  572075.519631338,   6148252.14296072)",CNO VIDIELLA 5372 EN 5378/5366,0
2026-05-03,G_115,48,S,100,,S,Basura Afuera,56159,Matutino,2026-05-03 08:10:20,37,126072,"POINT (  571903.392612013,   6148370.07614212)",CNO VIDIELLA 5470 FTE 5443,0
2026-05-03,G_115,49,S,100,,S,,56159,Matutino,2026-05-03 08:13:35,37,126073,"POINT (  571763.289224190,   6148466.14703663)",CNO VIDIELLA 5544,0
2026-05-03,G_115,50,S,100,,S,Poda,56159,Matutino,2026-05-03 08:15:15,37,126090,"POINT (  571754.502600001,   6148362.57635295)",FRAY JUAN PEREZ 5475 EN 5475/5467,0
2026-05-03,G_115,51,S,100,,S,,56159,Matutino,2026-05-03 08:17:11,37,180251,"POINT (  571852.604251978,   6148290.64894351)",FRAY JUAN PEREZ 5427 EN 5427/5433,0
2026-05-03,G_115,52,S,75,,S,,56159,Matutino,2026-05-03 08:19:12,37,126091,"POINT (  572005.284521454,   6148182.96057596)",FRAY JUAN PEREZ 5335 EN 5339/5335,0
2026-05-03,G_115,53,S,100,,S,Basura Afuera,56159,Matutino,2026-05-03 08:21:14,37,126092,"POINT (  572120.136219057,   6148103.49031788)",FRAY JUAN PEREZ 5285,0
2026-05-03,G_115,54,S,100,,S,Basura Afuera,56159,Matutino,2026-05-03 08:21:23,37,126130,"POINT (  572252.109996113,   6148009.46559099)",FRAY JUAN PEREZ 5223,0
2026-05-03,G_115,55,S,100,,S,,56159,Matutino,2026-05-03 08:28:22,37,126131,"POINT (  572310.326464679,   6147805.84761866)",CNO MANUEL FORTET 2041 FTE 2034/2040,0
2026-05-03,G_115,56,S,100,,S,,56159,Matutino,2026-05-03 09:30:17,37,126093,"POINT (  572269.752389510,   6147633.60146303)",CNO MANUEL FORTET 1991,0
2026-05-03,G_115,57,S,100,,S,Basura Afuera,56159,Matutino,2026-05-03 09:32:34,37,126133,"POINT (  572202.690398747,   6147544.23595279)",DANIEL ZORRILLA 5112,0
2026-05-03,G_115,58,S,100,,S,Basura Afuera,56159,Matutino,2026-05-03 09:34:30,37,175923,"POINT (  571992.381357245,   6147693.26900709)",TOBATI Esq. DANIEL ZORRILLA,0
2026-05-03,G_115,59,S,100,,S,Basura Afuera,56159,Matutino,2026-05-03 09:37:00,37,126060,"POINT (  571866.629433365,   6147784.20347967)",DANIEL ZORRILLA 5308 FTE 5311,0
2026-05-03,G_115,60,S,100,,S,,56159,Matutino,2026-05-03 09:37:50,37,126059,"POINT (  571808.620247059,   6147827.22341177)",DANIEL ZORRILLA 5346 FTE 5343/5345,0
2026-05-03,G_115,61,S,100,,S,"Basura Afuera, Poda",56159,Matutino,2026-05-03 09:39:15,37,181197,"POINT (  571632.607276035,   6147954.68598497)",DANIEL ZORRILLA 5446,0
2026-05-03,G_115,62,S,100,,S,,56159,Matutino,2026-05-03 09:42:16,37,126075,"POINT (  571522.496148854,   6148046.45271222)",SAMBUCETTI 1908 ANTES 1918. MURO,0
2026-05-03,G_115,63,S,100,,S,,56159,Matutino,2026-05-03 09:44:03,37,126034,"POINT (  571601.234888351,   6148153.98592469)",SAMBUCETTI Esq. BESNES E IRIGOYEN FTE 1957,0
2026-05-03,G_115,64,S,100,,S,,56159,Matutino,2026-05-03 09:45:18,37,126033,"POINT (  571649.542349031,   6148198.51578549)",DR MIGUEL A PAEZ FORMOSO 5489 FTE 5498,0
2026-05-03,G_115,65,S,100,,S,,56159,Matutino,2026-05-03 09:48:28,37,126035,"POINT (  571769.648082789,   6148117.35394031)",DR MIGUEL A PAEZ FORMOSO 5457,0
2026-05-03,G_115,66,S,100,,S,,56159,Matutino,2026-05-03 09:49:52,37,126036,"POINT (  571745.104089248,   6148041.95562939)",LEONOR Esq. BESNES E IRIGOYEN,0
2026-05-03,G_115,67,S,100,,S,,56159,Matutino,2026-05-03 09:53:32,37,126061,"POINT (  571957.480196389,   6147876.94696692)",BESNES E IRIGOYEN 5301 EN EL 5303,0
2026-05-03,G_115,68,S,100,,S,,56159,Matutino,2026-05-03 08:32:39,37,126134,"POINT (  572059.687304792,   6147823.95068849)",CARLOS MAURICIO PACHECO Esq. BESNES E IRIGOYEN,0
2026-05-03,G_115,69,S,75,,S,,56159,Matutino,2026-05-03 08:34:31,37,126038,"POINT (  572177.023469200,   6147849.20970554)",VICTOR DAMIANI Esq. RAMON OTERO IGLESIA,0
2026-05-03,G_115,70,S,75,,S,,56159,Matutino,2026-05-03 08:31:58,37,126039,"POINT (  572178.928931262,   6147730.73402018)",BESNES E IRIGOYEN 5204,0
2026-05-03,G_115,71,S,50,,S,,56159,Matutino,2026-05-03 09:55:17,37,126037,"POINT (  572028.373723776,   6147947.98075797)",RAMON OTERO 5268,0
2026-05-03,G_115,72,S,100,,S,,56159,Matutino,2026-05-03 09:56:11,37,126041,"POINT (  571842.437323465,   6147979.21286430)",TABAPY Esq. BESNES E IRIGOYEN,0
2026-05-03,G_115,73,S,50,,S,Basura Afuera,56159,Matutino,2026-05-03 09:59:37,37,126042,"POINT (  571796.848245210,   6147916.29034578)",TABAPY 1939 FTE 1936,0
2026-05-03,G_115,74,S,100,,S,,56159,Matutino,2026-05-03 10:01:03,37,126040,"POINT (  571666.947027133,   6148053.44350134)",JUAN PROUDFOOT 1941 FTE 1940,0
2026-05-03,G_115,75,S,100,,S,Basura Afuera,56159,Matutino,2026-05-03 10:09:10,37,183454,"POINT (  571345.184775381,   6147798.79191939)",SAMBUCETTI 1804,0
2026-05-03,G_115,76,S,100,,S,,56159,Matutino,2026-05-03 10:06:16,37,181198,"POINT (  571487.130752941,   6147874.03800480)",HUDSON 5468,0
2026-05-03,G_115,77,S,100,,S,,56159,Matutino,2026-05-03 10:07:09,37,180253,"POINT (  571471.171112429,   6147778.44725876)",JUAN PROUDFOOT 1821 EN 1819/1821,0
2026-05-03,G_115,78,S,100,,S,,56159,Matutino,2026-05-03 10:34:39,37,126050,"POINT (  571509.871447974,   6147632.60885896)",ISIDRO FYNN 5459 FTE 5432,0
2026-05-03,G_115,79,S,100,,S,Basura Afuera,56159,Matutino,2026-05-03 10:36:05,37,126051,"POINT (  571738.780040476,   6147452.84833953)",ISIDRO FYNN 5277 FTE 5280/5272,0
2026-05-03,G_115,80,S,100,,S,Basura Afuera,56159,Matutino,2026-05-03 10:37:57,37,177505,"POINT (  571836.578588826,   6147370.59456066)",ISIDRO FYNN 5247,0
2026-05-03,G_115,81,N,,"Contenedor Roto (choque, desfonde, etc.)",S,,56159,Matutino,2026-05-03 10:42:32,,126094,"POINT (  571919.334258403,   6147445.23309767)",AREGUA 5240,0
2026-05-03,G_115,82,S,100,,S,,56159,Matutino,2026-05-03 10:43:04,37,126108,"POINT (  571768.314972185,   6147561.78847335)",AREGUA 5338 FTE 5339,0
2026-05-03,G_115,83,S,100,,S,,56159,Matutino,2026-05-03 10:44:05,37,126109,"POINT (  571670.605444553,   6147578.10710150)",VICU?A 1821,0
2026-05-03,G_115,84,S,100,,S,"Basura Afuera, Poda",56159,Matutino,2026-05-03 10:46:39,37,179798,"POINT (  571620.996246416,   6147704.67660728)",YUTY 1831 PROV A,0
2026-05-03,G_115,85,S,50,,S,,56159,Matutino,2026-05-03 10:47:36,37,126096,"POINT (  571621.320526328,   6147708.46232064)",YUTY 1831 FTE 1833,0
2026-05-03,G_115,86,S,100,,S,Basura Afuera,56159,Matutino,2026-05-03 10:49:50,37,126099,"POINT (  571686.659544203,   6147715.10822571)",HUDSON 5341 FTE 5340,0
2026-05-03,G_115,87,N,,Contenedor No Está,N,,56159,Matutino,2026-05-03 11:09:04,,126097,"POINT (  571893.555943669,   6147568.47899262)",HUDSON 5253,0
2026-05-03,G_115,88,S,100,,S,,56159,Matutino,2026-05-03 10:51:23,37,126098,"POINT (  571729.418075485,   6147341.62489964)",FRANCISCO PIZARRO 5288,0
2026-05-03,G_115,89,S,50,,S,Basura Afuera,56159,Matutino,2026-05-03 10:53:53,37,180889,"POINT (  571659.217219826,   6147394.32728693)",FRANCISCO PIZARRO 5318 EN 5318/3514,0
2026-05-03,G_115,90,S,100,,S,Basura Afuera,56159,Matutino,2026-05-03 10:55:24,37,126095,"POINT (  571616.103687092,   6147425.37901280)",FRANCISCO PIZARRO 5324 FTE 5323,0
2026-05-03,G_115,91,S,100,,S,,56159,Matutino,2026-05-03 10:59:07,37,180167,"POINT (  571440.107076035,   6147554.63896296)",FRANCISCO PIZARRO 5414 EN 5416,0
2026-05-03,G_115,92,S,100,,S,,56159,Matutino,2026-05-03 11:00:03,37,180155,"POINT (  571327.698567102,   6147748.52000349)",WALDEMAR HANSEN 1 PROV OV (O: JUAN MAC CALL FTE 1868),0
2026-05-03,G_115,93,S,100,,S,,56159,Matutino,2026-05-03 11:00:13,37,172932,"POINT (  571338.668187249,   6147629.52966363)",WALDEMAR HANSEN 1752,0
2026-05-03,G_115,94,S,100,,S,Basura Afuera,56159,Matutino,2026-05-03 11:04:11,37,180232,"POINT (  571471.387624518,   6147335.55238842)",CNO CASAVALLE 5346 PROV OV (O: CNO CASAVALLE Y WALDEMAR HANSEN),0
2026-05-03,G_115,95,S,75,,S,,56159,Matutino,2026-05-03 11:05:07,37,180329,"POINT (  571500.485057516,   6147312.87427233)",CNO CASAVALLE 5355 FTE 5332,0
2026-05-03,G_115,96,N,,Auto,S,,56159,Matutino,2026-05-03 11:06:55,,126107,"POINT (  571588.138670740,   6147248.21844440)",CNO CASAVALLE 5281 FTE 5282. VIVIENDAS,0
2026-05-03,G_115,97,N,,Contenedor No Está,S,,56159,Matutino,2026-05-03 11:08:28,,126078,"POINT (  571631.268724126,   6147215.45487072)",CNO CASAVALLE 5269 FTE 5268. SUBESTACION,0
2026-05-03,G_115,98,S,25,,S,Basura Afuera,56159,Matutino,2026-05-03 11:08:15,37,126105,"POINT (  571772.882049974,   6147107.40467933)",CNO CASAVALLE 5223 EN 5223/5225,0
2026-05-03,F_108,8,S,100,,S,,56160,Matutino,2026-05-03 07:00:19,21,142546,"POINT (  579216.781625638,   6144487.44852949)",VIENA 3597 EN 3599,0
2026-05-03,F_108,9,S,100,,S,Basura Afuera,56160,Matutino,2026-05-03 07:06:24,21,142558,"POINT (  579120.762352935,   6144448.81640140)",VIENA 3565,0
2026-05-03,F_108,10,S,100,,S,,56160,Matutino,2026-05-03 06:58:31,21,142548,"POINT (  579082.611122712,   6144520.79078111)",MODENA 3720 EN 3720/3722,0
2026-05-03,F_108,11,N,,Contenedor No Está,N,,56160,Matutino,2026-05-03 07:05:43,,146072,"POINT (  579032.918343852,   6144666.06200965)",AV DR CARLOS NERY 3626,0
2026-05-03,F_108,12,S,100,,S,Basura Afuera,56160,Matutino,2026-05-03 07:05:36,21,142547,"POINT (  579102.488234258,   6144629.19317373)",AV DR CARLOS NERY 3602,0
2026-05-03,F_108,13,S,100,,S,Basura Afuera,56160,Matutino,2026-05-03 07:05:55,21,181220,"POINT (  578780.043997740,   6144799.67364633)",AV DR CARLOS NERY 3720,0
2026-05-03,F_108,14,N,,Contenedor No Está,S,,56160,Matutino,2026-05-03 07:06:13,,142517,"POINT (  578740.692744290,   6144820.26992341)",AV DR CARLOS NERY 3742 EN 3736/3742,0
2026-05-03,F_108,64,S,100,,S,Basura Afuera,56160,Matutino,2026-05-03 07:26:53,21,142541,"POINT (  580366.207660558,   6144081.33028677)",AV LUIS BRAILLE 3239 EN 3238,1
2026-05-03,F_108,65,N,,Otros,S,,56160,Matutino,2026-05-03 07:26:38,,142533,"POINT (  580362.681076251,   6144082.61268107)",AV LUIS BRAILLE 3239 EN 3238,1
2026-05-03,F_108,66,S,100,,S,Basura Afuera,56160,Matutino,2026-05-03 07:27:00,21,146193,"POINT (  580256.242349916,   6144115.07328661)",AV LUIS BRAILLE 3310,1
2026-05-03,F_108,67,S,100,,S,Basura Afuera,56160,Matutino,2026-05-03 07:14:49,21,180153,"POINT (  580048.697336384,   6144032.46687342)",AV DR JUSTINO JIMENEZ DE ARECHAGA 3381 3383,1
2026-05-03,F_108,68,S,100,,S,Basura Afuera,56160,Matutino,2026-05-03 07:16:22,21,142582,"POINT (  580219.147444839,   6143955.92344014)",FRANCISCO MARTINEZ NIETO 5644 FTE 5644,1
2026-05-03,F_108,69,S,100,,S,Basura Afuera,56160,Matutino,2026-05-03 07:17:15,21,142540,"POINT (  580181.557979258,   6143858.11391174)",FRANCISCO MARTINEZ NIETO 5611 FTE 5620,1
2026-05-03,F_108,88,S,25,,S,,56160,Matutino,2026-05-03 07:20:45,21,142575,"POINT (  581041.708854499,   6143647.80086603)",SEBASTOPOL 5648,2
2026-05-03,F_110,50,S,100,,S,,56160,Matutino,2026-05-03 08:29:53,21,142079,"POINT (  581309.168214270,   6145252.03605198)",CNO MALDONADO 6319,3
2026-05-03,F_110,51,S,100,,S,,56160,Matutino,2026-05-03 08:29:42,21,142149,"POINT (  581244.327152820,   6145108.16744221)",CNO MALDONADO 6231,3
2026-05-03,F_110,52,S,75,,S,,56160,Matutino,2026-05-03 08:29:59,21,142080,"POINT (  580943.926289639,   6144912.36186357)",NAPOLES 3436,3
2026-05-03,F_110,53,S,50,,S,,56160,Matutino,2026-05-03 08:30:04,21,175365,"POINT (  580906.255957277,   6144964.13853316)",NAPOLES 3452,3
2026-05-03,F_110,54,S,100,,S,,56160,Matutino,2026-05-03 08:33:27,21,142147,"POINT (  580818.946865894,   6145086.73553984)",NAPOLES 3504,3
2026-05-03,F_110,55,S,100,,S,Basura Afuera,56160,Matutino,2026-05-03 08:35:35,21,142148,"POINT (  580769.520665765,   6145163.39054646)",NAPOLES 3540 EN 3540/3544,3
2026-05-03,F_110,56,N,,Auto,S,,56160,Matutino,2026-05-03 08:36:40,,181888,"POINT (  580692.422007408,   6145279.49843072)",NAPOLES 3592,3
2026-05-03,F_110,57,N,,Contenedor No Está,N,,56160,Matutino,2026-05-03 08:36:47,,181887,"POINT (  580615.951419172,   6145276.44832179)",COPERNICO 6090 EN 6037,3
2026-05-03,F_110,58,S,100,,S,Basura Afuera,56160,Matutino,2026-05-03 08:43:08,21,142085,"POINT (  580673.301018953,   6145037.23500787)",GENOVA 3521 EN 3521/3517,3
2026-05-03,F_110,59,S,100,,S,Basura Afuera,56160,Matutino,2026-05-03 08:43:13,21,146692,"POINT (  580675.439056225,   6145034.08382721)",GENOVA 3517 EN 3521/3517,3
2026-05-03,F_110,60,S,100,,S,Basura Afuera,56160,Matutino,2026-05-03 08:43:35,21,142151,"POINT (  580753.210213348,   6144923.58281364)",GENOVA 3479 FTE 3472/3476,3
2026-05-03,F_110,61,S,100,,S,Basura Afuera,56160,Matutino,2026-05-03 08:53:32,21,142082,"POINT (  580850.030982484,   6144785.08422997)",GENOVA 3415 FTE 3416,3
2026-05-03,F_110,62,S,100,,S,,56160,Matutino,2026-05-03 08:53:43,21,164213,"POINT (  580760.263381960,   6144693.39303801)",CARLOMAGNO 3408,3
2026-05-03,F_110,63,S,100,,S,Basura Afuera,56160,Matutino,2026-05-03 08:54:01,21,142131,"POINT (  580699.830971648,   6144779.79058956)",CARLOMAGNO 3436,3
2026-05-03,F_110,64,S,100,,S,,56160,Matutino,2026-05-03 08:54:06,21,142086,"POINT (  580662.634390452,   6144835.95013372)",CARLOMAGNO 3464 FTE 3465,3
2026-05-03,F_110,65,S,100,,S,,56160,Matutino,2026-05-03 08:54:16,21,142087,"POINT (  580586.498955232,   6144959.40970420)",ABIPONES Esq. CARLOMAGNO,3
2026-05-03,F_110,66,S,100,,S,Basura Afuera,56160,Matutino,2026-05-03 09:00:50,21,142088,"POINT (  580539.375131192,   6145013.91024768)",CARLOMAGNO 3542 EN 3542/3548,3
2026-05-03,F_110,67,N,,"Contenedor Roto (choque, desfonde, etc.)",S,,56160,Matutino,2026-05-03 09:00:35,,175369,"POINT (  580429.485803959,   6145144.87597885)",COPERNICO 6011,3
2026-05-03,F_110,68,S,100,,N,Basura Afuera,56160,Matutino,2026-05-03 09:01:10,21,142090,"POINT (  580333.787129829,   6145077.55027846)",COPERNICO 5951,3
2026-05-03,F_110,69,S,100,,S,Basura Afuera,56160,Matutino,2026-05-03 09:33:56,21,142091,"POINT (  580368.972823249,   6144988.18342615)",TURIN 3569,3
2026-05-03,F_110,70,S,100,,S,Basura Afuera,56160,Matutino,2026-05-03 09:34:01,21,142092,"POINT (  580429.886552176,   6144899.37762135)",TURIN 3539,3
2026-05-03,F_110,71,S,100,,S,Basura Afuera,56160,Matutino,2026-05-03 09:34:06,21,142093,"POINT (  580490.680056638,   6144813.13660513)",TURIN 3495,3
2026-05-03,F_110,72,S,100,,S,Basura Afuera,56160,Matutino,2026-05-03 09:34:10,21,180012,"POINT (  580549.386203890,   6144727.33205721)",TURIN 3457,3
2026-05-03,F_110,73,S,100,,S,Basura Afuera,56160,Matutino,2026-05-03 09:34:20,21,183025,"POINT (  580570.464497168,   6144694.47357364)",TURIN 3449,3
2026-05-03,F_110,74,S,100,,S,Basura Afuera,56160,Matutino,2026-05-03 09:53:23,21,142094,"POINT (  580510.259775016,   6144566.41739842)",MILAN 3417 FTE 3417,3
2026-05-03,F_110,75,S,100,,S,Basura Afuera,56160,Matutino,2026-05-03 09:55:20,21,183135,"POINT (  580409.509207843,   6144710.40101046)",MILAN 3480,3
2026-05-03,F_110,76,S,100,,S,,56160,Matutino,2026-05-03 09:59:04,21,146772,"POINT (  580367.416211427,   6144770.31675417)",MILAN 3514 FTE 3507,3
2026-05-03,F_110,77,S,100,,S,,56160,Matutino,2026-05-03 09:58:55,21,142155,"POINT (  580364.332396150,   6144774.68517646)",MILAN 3514 FTE 3509,3
2026-05-03,F_110,78,S,25,,S,,56160,Matutino,2026-05-03 09:59:11,21,183136,"POINT (  580334.019011765,   6144819.66026972)",MILAN 3528,3
2026-05-03,F_110,79,N,,"Contenedor Roto (choque, desfonde, etc.)",S,Basura Afuera,56160,Matutino,2026-05-03 10:03:12,,180015,"POINT (  580226.743752174,   6144973.83787803)",MILAN 3600 MILAN 3600,3
2026-05-03,F_110,80,S,100,,S,Basura Afuera,56160,Matutino,2026-05-03 10:08:38,21,142108,"POINT (  580160.503600961,   6144954.68087525)",COPERNICO 5876,3
2026-05-03,F_110,81,S,100,,S,,56160,Matutino,2026-05-03 10:08:47,21,142109,"POINT (  579982.571392780,   6144911.07946928)",TESINO 3388,3
2026-05-03,F_110,82,N,,Contenedor No Está,S,,56160,Matutino,2026-05-03 10:08:55,,179587,"POINT (  579956.556797821,   6144916.85040109)",TESINO 3390 PROV OV(O:RAFAEL Y MILAN),3
2026-05-03,F_110,83,N,,Contenedor Volcado,S,,56160,Matutino,2026-05-03 10:08:02,,142110,"POINT (  579942.817169691,   6144702.69039663)",ALBANIA 3764,3
2026-05-03,F_110,84,S,100,,S,,56160,Matutino,2026-05-03 10:08:25,21,142111,"POINT (  580084.865376471,   6144802.94250000)",ALBANIA 3833 FTE 3837,3
2026-05-03,F_110,85,S,100,,S,,56160,Matutino,2026-05-03 10:12:17,21,175910,"POINT (  580078.813241372,   6144681.06156358)",RAFAEL Esq. MACEO,3
2026-05-03,F_110,86,N,,Fuego,S,"Basura Afuera, Poda",56160,Matutino,2026-05-03 10:13:50,,147172,"POINT (  579865.688905882,   6144493.76602941)",MALINAS 3364 FTE 3355. MURO,3
2026-05-03,F_110,87,S,100,,S,Basura Afuera,56160,Matutino,2026-05-03 10:16:10,21,142164,"POINT (  579740.933890255,   6144584.37388162)",LUTECIA 3720 EN 3722,3
2026-05-03,F_110,88,S,100,,S,Basura Afuera,56160,Matutino,2026-05-03 10:21:54,21,142158,"POINT (  580101.513463474,   6144511.29304837)",RAFAEL 3475 FTE 3486,3
2026-05-03,F_110,89,S,100,,S,Basura Afuera,56160,Matutino,2026-05-03 10:24:48,21,142159,"POINT (  580166.454639941,   6144417.88128366)",RAFAEL 3435 FTE 3438,3
2026-05-03,F_110,90,S,100,,S,Basura Afuera,56160,Matutino,2026-05-03 10:29:20,21,142112,"POINT (  580214.684759848,   6144347.46717742)",RAFAEL 3415 FTE 3412,3
2026-05-03,F_110,91,S,100,,S,Basura Afuera,56160,Matutino,2026-05-03 10:35:35,21,142162,"POINT (  579728.336992882,   6144465.76363660)",LUTECIA 3690 FTE 3687,3
2026-05-03,F_110,92,S,100,,S,Basura Afuera,56160,Matutino,2026-05-03 10:32:58,21,165656,"POINT (  579793.326790885,   6144355.57755445)",JAEN 3653 EN 3653,3
2026-05-03,F_110,93,S,100,,S,Basura Afuera,56160,Matutino,2026-05-03 10:40:27,21,142115,"POINT (  579790.336992882,   6144707.41069543)",LUTECIA 3745,3
2026-05-03,F_110,94,,,,S,,56160,Matutino,,,142116,"POINT (  579838.219345823,   6144758.70481308)",LUTECIA 3756 FTE 3757,3
2026-05-03,F_110,95,,,,S,,56160,Matutino,,,142113,"POINT (  579895.395816411,   6144849.29304837)",LUTECIA 3784 EN 3784/3788,3
2026-05-03,F_110,96,,,,S,,56160,Matutino,,,142114,"POINT (  579962.614131591,   6144987.46207937)",LUTECIA 3812,3
2026-05-03,F_110,97,,,,S,,56160,Matutino,,,142163,"POINT (  579989.984051705,   6145094.58716602)",LUTECIA 3830 FTE 3831/3833,3
2026-05-03,F_110,98,,,,S,,56160,Matutino,,,183623,"POINT (  580219.554011765,   6144669.18191068)",VENECIA 3501,3
2026-05-03,F_110,99,,,,S,,56160,Matutino,,,142166,"POINT (  580285.296595617,   6144581.26368700)",VENECIA 3451,3
2026-05-03,F_110,100,,,,S,,56160,Matutino,,,142167,"POINT (  580331.513463470,   6144510.35187190)",VENECIA 3431 EN 3431/3435,3
2026-05-03,F_110,101,,,,S,,56160,Matutino,,,142168,"POINT (  580004.956682278,   6144250.33399558)",LIBIA 3329 FTE 3329,3
2026-05-03,F_110,102,,,,S,,56160,Matutino,,,142169,"POINT (  579948.067793389,   6144383.80408105)",LIBIA 3388 FTE 3387,3
2026-05-03,F_110,103,,,,N,,56160,Matutino,,,142123,"POINT (  580024.648989970,   6144607.71291296)",NOVARA 3302 EN 3306,3
2026-05-03,F_110,104,,,,S,,56160,Matutino,,,175911,"POINT (  580088.433647713,   6144747.53731024)",RAFAEL 3789,3
2026-05-03,F_110,105,,,,S,,56160,Matutino,,,180013,"POINT (  580164.054888101,   6145215.61730435)",RAFAEL 3961 fte a 3961,3
2026-05-03,F_110,106,,,,S,,56160,Matutino,,,180014,"POINT (  580159.134979634,   6145324.31295653)",RAFAEL 3983 FTE a 3983,3
2026-05-03,F_110,1,N,,Tapa Bloqueda,S,,56160,Matutino,2026-05-03 07:32:25,,142138,"POINT (  580243.939379660,   6144284.54970741)",CNO MALDONADO Esq. RAFAEL FTE 5797,4
2026-05-03,F_110,2,S,100,,S,Basura Afuera,56160,Matutino,2026-05-03 07:33:28,21,142132,"POINT (  580250.351351126,   6144289.03808744)",CNO MALDONADO Esq. RAFAEL FTE 5797,4
2026-05-03,F_110,3,S,100,,S,,56160,Matutino,2026-05-03 07:35:17,21,142133,"POINT (  580319.440343676,   6144342.57804920)",CNO MALDONADO 5809 FTE 5811,4
2026-05-03,F_110,4,S,100,,S,,56160,Matutino,2026-05-03 07:35:23,21,142135,"POINT (  580322.005132262,   6144344.50164064)",CNO MALDONADO 5813 FTE 5811,4
2026-05-03,F_110,5,S,100,,S,,56160,Matutino,2026-05-03 07:41:52,21,142121,"POINT (  580910.463813552,   6144216.50266024)",VENECIA 3106,4
2026-05-03,F_110,6,S,100,,S,,56160,Matutino,2026-05-03 07:41:48,21,142095,"POINT (  580913.669799285,   6144215.62101417)",VENECIA Esq. 6 DE 20 MTS ANCHO,4
2026-05-03,F_110,7,S,100,,S,,56160,Matutino,2026-05-03 07:42:04,21,142139,"POINT (  580892.349994161,   6144323.98333194)",CALLE 15 MTS 3109,4
2026-05-03,F_110,8,S,100,,S,,56160,Matutino,2026-05-03 07:41:58,21,142134,"POINT (  580888.823409855,   6144326.22752195)",12 DE OCTUBRE 5874,4
2026-05-03,F_110,9,S,100,,S,,56160,Matutino,2026-05-03 07:42:13,21,142150,"POINT (  580775.010916334,   6144366.14204433)",CALLE 15 MTS 3156,4
2026-05-03,F_110,10,S,100,,S,,56160,Matutino,2026-05-03 07:42:17,21,142096,"POINT (  580770.682835594,   6144368.38623434)",CALLE 15 MTS 3156,4
2026-05-03,F_110,11,S,100,,S,,56160,Matutino,2026-05-03 07:43:22,21,142097,"POINT (  580722.593049599,   6144337.76907059)",MARCOS SALCEDO 5827 FTE 5844,4
2026-05-03,F_110,12,S,50,,S,,56160,Matutino,2026-05-03 07:43:27,21,142140,"POINT (  580720.829757446,   6144333.60128914)",MARCOS SALCEDO 5827 FTE 5844,4
2026-05-03,F_110,13,S,50,,S,,56160,Matutino,2026-05-03 07:46:01,21,182206,"POINT (  580698.620370911,   6144306.27823800)",VENECIA 3206,4
2026-05-03,F_110,14,S,50,,S,,56160,Matutino,2026-05-03 07:46:06,21,182207,"POINT (  580695.054697079,   6144307.20841378)",VENECIA 3206,4
2026-05-03,F_110,15,S,50,,S,,56160,Matutino,2026-05-03 07:46:13,21,142099,"POINT (  580631.062156922,   6144333.60128914)",VENECIA Esq. PINTADO FTE 3277,4
2026-05-03,F_110,16,S,25,,S,,56160,Matutino,2026-05-03 07:46:17,21,142100,"POINT (  580627.375273329,   6144335.36458129)",VENECIA Esq. PINTADO FTE 3277,4
2026-05-03,F_110,17,S,100,,S,,56160,Matutino,2026-05-03 07:52:07,21,180890,"POINT (  580430.951390632,   6144414.39836906)",CNO MALDONADO Esq. VENECIA FTE 5853,4
2026-05-03,F_110,18,S,75,,S,,56160,Matutino,2026-05-03 07:52:15,21,142102,"POINT (  580848.107391042,   6144654.36016171)",SUSANA PINTOS 3390 FTE 3384,4
2026-05-03,F_110,19,S,50,,S,Basura Afuera,56160,Matutino,2026-05-03 07:52:24,21,142098,"POINT (  581009.689071985,   6144592.96553492)",SUSANA PINTOS 3328 FTE 3328,4
2026-05-03,F_110,20,,,,S,,56160,Matutino,,,142126,"POINT (  581113.643159380,   6144675.43951792)",GENOVA 3314,4
2026-05-03,F_110,21,S,75,,S,Basura Afuera,56160,Matutino,2026-05-03 08:19:10,21,142141,"POINT (  581109.315078641,   6144676.72191221)",GENOVA 3314,4
2026-05-03,F_110,22,S,100,,S,Basura Afuera,56160,Matutino,2026-05-03 08:19:47,21,142142,"POINT (  580963.576196546,   6144734.16708858)",GENOVA 3385 FTE 3385,4
2026-05-03,A_114,30,S,100,,S,"Basura Afuera, Escombro, Poda, Requiere Limpieza, Requiere Mantenimiento",56180,Matutino,2026-05-03 08:23:23,,180691,"POINT (  567059.504552962,   6140660.97102399)",CNO DE LAS TROPAS 4376,0
2026-05-03,A_204,45,N,,No Levantado por Feria,S,"Basura Afuera, Requiere Limpieza",56180,Matutino,2026-05-03 10:10:35,,179860,"POINT (  568297.446895473,   6139920.38771227)",CHINA 1814 FTE 1814. MURO,1
2026-05-03,A_204,46,N,,No Levantado por Feria,S,"Basura Afuera, Requiere Limpieza",56180,Matutino,2026-05-03 10:10:46,,179861,"POINT (  568347.766683006,   6139929.49401569)",CHINA 1791 FTE 1784,1
2026-05-03,A_206,28,N,,Fuego,S,"Basura Afuera, Requiere Limpieza",56180,Matutino,2026-05-03 09:38:43,,179973,"POINT (  568377.715914553,   6140316.56434840)",CHILE 4140 PDO ARBOL,2
2026-05-03,A_206,45,,,,S,,56180,Matutino,,,179985,"POINT (  568700.792781138,   6140216.01955432)",EGIPTO 4062 CERCO VEGETAL. ANTES REBAJE,2
2026-05-03,A_203,5,,,,S,,56180,Matutino,,,179753,"POINT (  568009.650252670,   6139466.28587114)",POLONIA Esq. CHARCAS PASTO,3
2026-05-03,A_112,15,S,100,,S,"Basura Afuera, Poda, Requiere Limpieza",56180,Matutino,2026-05-03 08:33:54,,102378,"POINT (  566635.932530981,   6143242.40626882)",PRIMERA AL NORTE 2440,4
2026-05-03,A_112,16,S,25,,S,,56180,Matutino,2026-05-03 08:35:15,,102380,"POINT (  566803.254594024,   6143260.15927285)",PRIMERA AL NORTE 2395 Traslado prov. hacia Primera al Norte al lado 2409,4
2026-05-03,A_112,25,S,100,,S,"Basura Afuera, Poda, Requiere Limpieza, Requiere Mantenimiento",56180,Matutino,2026-05-03 08:42:38,,102365,"POINT (  567170.242474337,   6143418.77126828)","PSJE MARACANA 145 PROVISORIO A 123C POR OBRAS, cayo en tolva",4
2026-05-03,A_112,107,,,,S,,56180,Matutino,,,183118,"POINT (  566337.119233116,   6143896.39282418)",FRANCISCO DE QUEVEDO 6128,4
2026-05-03,A_105,2,,,,S,,56180,Matutino,,,100498,"POINT (  569319.608929990,   6142484.10646985)",LAS TUNAS 739,5
2026-05-03,A_105,6,,,,S,,56180,Matutino,,,180375,"POINT (  569472.409368715,   6142631.55708772)",LAS TUNAS 639,5
2026-05-03,A_105,7,,,,S,,56180,Matutino,,,100500,"POINT (  569518.140153830,   6142677.17235184)",LAS TUNAS 613,5
2026-05-03,A_105,17,,,,S,,56180,Matutino,,,100493,"POINT (  569503.785619890,   6142539.99608409)",YAPEYU 654,5
2026-05-03,A_105,22,,,,S,,56180,Matutino,,,100477,"POINT (  569586.591155110,   6142454.92406312)",GOWLAND 663,5
2026-05-03,A_105,43,,,,S,,56180,Matutino,,,100467,"POINT (  570083.965315750,   6142528.95848564)",GREGORIO CAMINO 454,5
2026-05-03,A_105,51,,,,S,,56180,Matutino,,,100450,"POINT (  569492.161687930,   6141823.59379724)",RIVERA INDARTE 4523,5
2026-05-03,A_105,53,,,,S,,56180,Matutino,,,100453,"POINT (  569650.794165170,   6141943.56902711)",JUAN C MOLINA 803,5
2026-05-03,A_105,73,,,,S,,56180,Matutino,,,175343,"POINT (  569282.087526601,   6141459.82314876)",CONCORDIA Esq. INCLUSA,5
2026-05-03,E_112,3,N,,Contenedor No Está,S,,56181,Matutino,2026-05-03 11:11:18,,179129,"POINT (  584031.396140305,   6139550.12831329)",ANCONA 2218 FTE 2213,0
2026-05-03,E_112,27,N,,Contenedor No Está,S,,56181,Matutino,2026-05-03 11:14:48,,108372,"POINT (  584032.667695233,   6139000.23668287)",AV GRAL JOSE MARIA PAZ 1639,0
2026-05-03,E_112,41,S,100,,S,,56181,Matutino,2026-05-03 11:17:03,,179284,"POINT (  584289.531906965,   6138821.78247011)",FRIBURGO 5926 EN 5938. (RETIRAR VIEJO DE PLAZA SUIZA),0
2026-05-03,E_112,42,S,100,,S,,56181,Matutino,2026-05-03 11:19:32,,106979,"POINT (  584572.696229100,   6138721.81199619)",AV BOLIVIA 1669 VEREDA,0
2026-05-03,E_112,43,S,100,,S,,56181,Matutino,2026-05-03 11:21:58,,126774,"POINT (  584600.464917413,   6138684.55474136)",AV GRAL RIVERA 6065 VEREDA. FTE 6086 (ALEJAR DE ARBOL),0
2026-05-03,E_112,44,S,100,,S,,56181,Matutino,2026-05-03 11:23:30,,180913,"POINT (  584504.503025825,   6138685.38627429)",AV GRAL RIVERA 6053 VEREDA,0
2026-05-03,E_112,45,S,100,,S,Requiere Limpieza,56181,Matutino,2026-05-03 11:24:43,,106982,"POINT (  584406.304815790,   6138688.44875957)",AV GRAL RIVERA 5993 VEREDA. EN 5997,0
2026-05-03,E_112,46,S,100,,S,,56181,Matutino,2026-05-03 11:27:45,,106983,"POINT (  584307.204849080,   6138689.00456108)",AV GRAL RIVERA 5947 VEREDA,0
2026-05-03,E_112,47,S,100,,S,Poda,56181,Matutino,2026-05-03 11:29:54,,179285,"POINT (  584267.040027428,   6138689.14200243)",AV GRAL RIVERA 5929 VEREDA. FTE 5930. (RETIRAR VIEJO DE PLAZA SUIZA),0
2026-05-03,E_112,48,S,100,,S,,56181,Matutino,2026-05-03 11:31:17,,179286,"POINT (  584126.542807311,   6138694.07172946)",AV GRAL RIVERA 5865 VEREDA. FTE 5874. (RETIRAR VIEJO DE PLAZA SUIZA),0
2026-05-03,E_112,49,S,100,,S,"Poda, Requiere Limpieza",56181,Matutino,2026-05-03 11:33:17,,106933,"POINT (  583938.211829686,   6138698.07713266)",AV GRAL RIVERA 5811 VEREDA. PDO 5811,0
2026-05-03,E_112,50,S,100,,S,,56181,Matutino,2026-05-03 11:35:36,,106934,"POINT (  583862.405279780,   6138699.94337026)",AV GRAL RIVERA 5787 VEREDA,0
2026-05-03,E_112,51,S,100,,S,,56181,Matutino,2026-05-03 11:37:37,,181327,"POINT (  583738.157257110,   6138704.27559329)",AV GRAL RIVERA 5737,0
2026-05-03,E_112,52,,,,S,,56181,Matutino,,,107520,"POINT (  583532.439170405,   6138653.87696462)",HERNANI 1541,0
2026-05-03,E_112,53,,,,S,,56181,Matutino,,,107572,"POINT (  583529.714082532,   6138553.44946154)",HERNANI 1485,0
2026-05-03,E_112,54,,,,S,,56181,Matutino,,,107573,"POINT (  583528.990186230,   6138503.55356790)",HERNANI 1455 EN 1455 (TRAER DESDE LA ESQUINA),0
2026-05-03,E_112,55,,,,S,,56181,Matutino,,,180782,"POINT (  583558.351901307,   6138466.92141874)",CARAMURU 5658,0
2026-05-03,E_112,56,,,,S,,56181,Matutino,,,106988,"POINT (  583712.491220672,   6138467.90434610)",CARAMURU 5730 VEREDA,0
2026-05-03,E_112,57,,,,S,,56181,Matutino,,,109172,"POINT (  583938.509013194,   6138461.73873291)",CARAMURU 5812 VEREDA,0
2026-05-03,E_112,58,,,,S,,56181,Matutino,,,106966,"POINT (  584001.990173028,   6138458.67726417)",CARAMURU 5838 VEREDA. EN 5836,0
2026-05-03,E_112,59,,,,S,,56181,Matutino,,,179288,"POINT (  584115.065786588,   6138459.83266894)",CARAMURU 5866 VEREDA,0
2026-05-03,E_112,60,,,,S,,56181,Matutino,,,106967,"POINT (  584158.649861000,   6138457.15584754)",CARAMURU 5888 VEREDA,0
2026-05-03,E_112,61,,,,S,,56181,Matutino,,,106969,"POINT (  584202.754407470,   6138456.18951844)",CARAMURU 5904 VEREDA,0
2026-05-03,E_112,62,,,,S,,56181,Matutino,,,106970,"POINT (  584304.311985328,   6138455.48706073)",CARAMURU 5944 VEREDA. FTE 5945,0
2026-05-03,E_112,63,,,,S,,56181,Matutino,,,106971,"POINT (  584367.853659510,   6138446.25974508)",CARAMURU 5956 VEREDA,0
2026-05-03,E_112,64,,,,S,,56181,Matutino,,,180912,"POINT (  584386.669991809,   6138448.13508715)",CARAMURU 5962 EN 5968 VEREDA,0
2026-05-03,E_112,65,,,,S,,56181,Matutino,,,106973,"POINT (  584497.658819660,   6138482.63265641)",CARAMURU 6032 VEREDA,0
2026-05-03,E_112,66,,,,S,,56181,Matutino,,,106974,"POINT (  584618.576517210,   6138574.38061640)",CARAMURU 6082 VEREDA,0
2026-05-03,E_112,67,,,,S,,56181,Matutino,,,106915,"POINT (  584672.869658400,   6138396.35153951)",AV SAN MARINO 1439,0
2026-05-03,E_112,68,,,,S,,56181,Matutino,,,106916,"POINT (  584594.688615380,   6138305.26031512)",PALMAS Y OMBUES 6059,0
2026-05-03,E_112,69,,,,S,,56181,Matutino,,,179289,"POINT (  584534.169610414,   6138322.72463615)",PALMAS Y OMBUES 6041,0
2026-05-03,E_112,70,,,,S,,56181,Matutino,,,106976,"POINT (  584418.001561050,   6138347.50447346)",PALMAS Y OMBUES 5995,0
2026-05-03,E_112,71,,,,S,,56181,Matutino,,,106977,"POINT (  584304.629195968,   6138347.91246015)",PALMAS Y OMBUES 5947,0
2026-05-03,E_112,72,,,,S,,56181,Matutino,,,106975,"POINT (  584285.263130159,   6138348.79178254)",PALMAS Y OMBUES 5939 RETIRAR VIEJO,0
2026-05-03,E_112,73,,,,S,,56181,Matutino,,,182015,"POINT (  584132.471144027,   6138353.35492412)",PALMAS Y OMBUES 5885,0
2026-05-03,E_112,74,,,,S,,56181,Matutino,,,106978,"POINT (  584022.821039650,   6138356.62305099)",PALMAS Y OMBUES 5845 FTE 5846,0
2026-05-03,E_112,75,,,,S,,56181,Matutino,,,106958,"POINT (  583808.185693149,   6138360.26928445)",PALMAS Y OMBUES 5753,0
2026-05-03,E_112,76,,,,S,,56181,Matutino,,,106959,"POINT (  583701.266068954,   6138362.99437232)",PALMAS Y OMBUES 5725 EN 5717/5725,0
2026-05-03,E_112,77,,,,S,,56181,Matutino,,,106919,"POINT (  583530.218323610,   6138366.41451368)",PALMAS Y OMBUES 5653,0
2026-05-03,E_112,78,,,,S,,56181,Matutino,,,106914,"POINT (  583710.964175795,   6138217.44262005)",BRENDA 5727 FTE 5627,0
2026-05-03,E_112,79,,,,S,,56181,Matutino,,,147612,"POINT (  583820.841695643,   6138211.89293878)",BRENDA 5770 EN 5770/5780,0
2026-05-03,E_112,80,,,,S,,56181,Matutino,,,147592,"POINT (  584054.645846372,   6138201.41269139)",BRENDA 5852,0
2026-05-03,E_112,81,,,,S,,56181,Matutino,,,180319,"POINT (  584169.869427810,   6138142.38751930)",LIMBURGO 1337,0
2026-05-03,E_112,82,,,,S,,56181,Matutino,,,181272,"POINT (  584277.261368445,   6138164.29438524)",BRENDA 5938 EN 5938,0
2026-05-03,E_112,83,,,,S,,56181,Matutino,,,106956,"POINT (  584420.288519220,   6138154.76559897)",BRENDA 5988 EN 5994,0
2026-05-03,E_112,84,,,,S,,56181,Matutino,,,106957,"POINT (  584540.331769192,   6138175.14093344)",BRENDA 6041 FTE 6047,0
2026-05-03,E_112,85,,,,S,,56181,Matutino,,,179292,"POINT (  584599.411466467,   6138201.09902729)",BRENDA 6053 EN 6057,0
2026-05-03,E_112,86,,,,S,,56181,Matutino,,,106948,"POINT (  584666.588804070,   6138080.61214768)",AV SAN MARINO 1325,0
2026-05-03,E_112,87,,,,S,,56181,Matutino,,,106949,"POINT (  584547.913730530,   6138025.89979973)",RBLA REPUBLICA DE MEXICO 5695 EN 5657,0
2026-05-03,E_112,88,,,,S,,56181,Matutino,,,106950,"POINT (  584470.791223690,   6138024.62084178)",RBLA REPUBLICA DE MEXICO 5663,0
2026-05-03,E_112,89,,,,S,,56181,Matutino,,,106955,"POINT (  584455.147417070,   6138050.34274708)",BELASTIQUI Esq. CIUDAD DE PARIS,0
2026-05-03,E_112,90,,,,S,,56181,Matutino,,,106954,"POINT (  584200.117449007,   6137888.66878313)",RBLA REPUBLICA DE MEXICO 5603,0
2026-05-03,E_112,91,,,,S,,56181,Matutino,,,106938,"POINT (  583826.013658750,   6137863.73221013)",RBLA REPUBLICA DE MEXICO 5523 PDO 5603,0
2026-05-03,E_112,92,,,,S,,56181,Matutino,,,118432,"POINT (  583694.202000756,   6138155.09353197)",RBLA REPUBLICA DE MEXICO 5457 CERCO VEGETAL,0
2026-05-03,E_112,93,,,,S,,56181,Matutino,,,106917,"POINT (  583833.798487390,   6138138.72807844)",COIMBRA 5776,0
2026-05-03,E_112,94,,,,S,,56181,Matutino,,,179290,"POINT (  583881.365914967,   6138126.15177116)",COIMBRA 5800 (RETIRAR VIEJO DE COIMBRA 5775),0
2026-05-03,E_112,95,,,,S,,56181,Matutino,,,172252,"POINT (  584236.965608582,   6137987.00280036)",MAR ANTARTICO 1296 EN 1293,0
2026-05-03,E_112,96,,,,S,,56181,Matutino,,,106935,"POINT (  584121.703572620,   6137957.19734076)",MAR MEDITERRANEO 5929,0
2026-05-03,E_112,97,,,,S,,56181,Matutino,,,106951,"POINT (  583964.424749740,   6138013.82795725)",MAR MEDITERRANEO 5847,0
2026-05-03,E_112,98,,,,S,,56181,Matutino,,,106952,"POINT (  583853.003046320,   6137912.40311280)",MAR ARTICO 1231,0
2026-05-03,E_112,99,,,,S,,56181,Matutino,,,106936,"POINT (  583973.268873900,   6137886.68263219)",AV GRAL JOSE MARIA PAZ 1212,0
2026-05-03,E_112,100,,,,S,,56181,Matutino,,,106953,"POINT (  584001.209459950,   6138048.48360984)",AV GRAL JOSE MARIA PAZ 1270 VEREDA. EN 1272,0
2026-05-03,E_112,101,,,,S,,56181,Matutino,,,120132,"POINT (  584030.374628768,   6138121.33881623)",AV GRAL JOSE MARIA PAZ 1306 FTE 1305,0
2026-05-03,E_112,102,,,,S,,56181,Matutino,,,147755,"POINT (  584057.340606767,   6138287.02034016)",AV GRAL JOSE MARIA PAZ 1380,0
2026-05-03,E_112,103,,,,S,,56181,Matutino,,,147756,"POINT (  584078.129691867,   6138521.20976825)",AV GRAL JOSE MARIA PAZ 1466,0
2026-05-03,E_112,104,,,,S,,56181,Matutino,,,147758,"POINT (  584078.314389539,   6138528.51846750)",AV GRAL JOSE MARIA PAZ 1466,0
2026-05-03,E_112,105,,,,S,,56181,Matutino,,,147759,"POINT (  584072.839815408,   6138671.57049913)",AV GRAL JOSE MARIA PAZ 1546,0
2026-05-03,F_110,94,S,50,,S,"Basura Afuera, Requiere Limpieza",56182,Matutino,2026-05-03 12:28:25,,142116,"POINT (  579838.219345823,   6144758.70481308)",LUTECIA 3756 FTE 3757,0
2026-05-03,F_110,95,S,75,,S,"Basura Afuera, Requiere Limpieza",56182,Matutino,2026-05-03 12:29:50,,142113,"POINT (  579895.395816411,   6144849.29304837)",LUTECIA 3784 EN 3784/3788,0
2026-05-03,F_110,96,S,100,,S,"Basura Afuera, Requiere Limpieza",56182,Matutino,2026-05-03 12:31:28,,142114,"POINT (  579962.614131591,   6144987.46207937)",LUTECIA 3812,0
2026-05-03,F_110,97,S,100,,S,,56182,Matutino,2026-05-03 12:33:05,,142163,"POINT (  579989.984051705,   6145094.58716602)",LUTECIA 3830 FTE 3831/3833,0
2026-05-03,F_110,98,S,100,,S,,56182,Matutino,2026-05-03 12:05:36,,183623,"POINT (  580219.554011765,   6144669.18191068)",VENECIA 3501,0
2026-05-03,F_110,99,S,100,,S,"Basura Afuera, Requiere Limpieza",56182,Matutino,2026-05-03 12:17:55,,142166,"POINT (  580285.296595617,   6144581.26368700)",VENECIA 3451,0
2026-05-03,F_110,100,S,100,,S,"Basura Afuera, Requiere Limpieza",56182,Matutino,2026-05-03 12:18:05,,142167,"POINT (  580331.513463470,   6144510.35187190)",VENECIA 3431 EN 3431/3435,0
2026-05-03,F_110,101,S,75,,S,,56182,Matutino,2026-05-03 12:23:05,,142168,"POINT (  580004.956682278,   6144250.33399558)",LIBIA 3329 FTE 3329,0
2026-05-03,F_110,102,S,50,,S,,56182,Matutino,2026-05-03 12:23:13,,142169,"POINT (  579948.067793389,   6144383.80408105)",LIBIA 3388 FTE 3387,0
2026-05-03,F_110,103,S,100,,N,"Basura Afuera, Requiere Limpieza",56182,Matutino,2026-05-03 12:25:23,,142123,"POINT (  580024.648989970,   6144607.71291296)",NOVARA 3302 EN 3306,0
2026-05-03,F_110,104,S,50,,S,,56182,Matutino,2026-05-03 12:39:57,,175911,"POINT (  580088.433647713,   6144747.53731024)",RAFAEL 3789,0
2026-05-03,F_110,105,S,100,,S,"Basura Afuera, Requiere Limpieza",56182,Matutino,2026-05-03 12:35:23,,180013,"POINT (  580164.054888101,   6145215.61730435)",RAFAEL 3961 fte a 3961,0
2026-05-03,F_110,106,S,100,,S,"Basura Afuera, Poda, Requiere Limpieza",56182,Matutino,2026-05-03 12:37:33,,180014,"POINT (  580159.134979634,   6145324.31295653)",RAFAEL 3983 FTE a 3983,0
2026-05-03,E_112,52,S,100,,S,,56166,Vespertino,2026-05-03 14:14:21,,107520,"POINT (  583532.439170405,   6138653.87696462)",HERNANI 1541,0
2026-05-03,E_112,53,S,100,,S,,56166,Vespertino,2026-05-03 14:14:30,,107572,"POINT (  583529.714082532,   6138553.44946154)",HERNANI 1485,0
2026-05-03,E_112,54,S,100,,S,,56166,Vespertino,2026-05-03 14:14:45,,107573,"POINT (  583528.990186230,   6138503.55356790)",HERNANI 1455 EN 1455 (TRAER DESDE LA ESQUINA),0
2026-05-03,E_112,55,S,100,,S,,56166,Vespertino,2026-05-03 14:14:51,,180782,"POINT (  583558.351901307,   6138466.92141874)",CARAMURU 5658,0
2026-05-03,E_112,56,S,100,,S,"Basura Afuera, Poda, Requiere Limpieza",56166,Vespertino,2026-05-03 14:18:02,,106988,"POINT (  583712.491220672,   6138467.90434610)",CARAMURU 5730 VEREDA,0
2026-05-03,E_112,57,S,100,,S,,56166,Vespertino,2026-05-03 14:24:44,,109172,"POINT (  583938.509013194,   6138461.73873291)",CARAMURU 5812 VEREDA,0
2026-05-03,E_112,58,S,100,,S,,56166,Vespertino,2026-05-03 14:24:53,,106966,"POINT (  584001.990173028,   6138458.67726417)",CARAMURU 5838 VEREDA. EN 5836,0
2026-05-03,E_112,59,S,100,,S,,56166,Vespertino,2026-05-03 14:28:35,,179288,"POINT (  584115.065786588,   6138459.83266894)",CARAMURU 5866 VEREDA,0
2026-05-03,E_112,60,S,100,,S,"Basura Afuera, Requiere Limpieza",56166,Vespertino,2026-05-03 14:28:49,,106967,"POINT (  584158.649861000,   6138457.15584754)",CARAMURU 5888 VEREDA,0
2026-05-03,E_112,61,S,100,,S,,56166,Vespertino,2026-05-03 14:34:01,,106969,"POINT (  584202.754407470,   6138456.18951844)",CARAMURU 5904 VEREDA,0
2026-05-03,E_112,62,S,100,,S,,56166,Vespertino,2026-05-03 14:33:49,,106970,"POINT (  584304.311985328,   6138455.48706073)",CARAMURU 5944 VEREDA. FTE 5945,0
2026-05-03,E_112,63,S,100,,S,,56166,Vespertino,2026-05-03 14:34:11,,106971,"POINT (  584367.853659510,   6138446.25974508)",CARAMURU 5956 VEREDA,0
2026-05-03,E_112,64,S,100,,S,,56166,Vespertino,2026-05-03 14:34:20,,180912,"POINT (  584386.669991809,   6138448.13508715)",CARAMURU 5962 EN 5968 VEREDA,0
2026-05-03,E_112,65,S,100,,S,Basura Afuera,56166,Vespertino,2026-05-03 14:37:25,,106973,"POINT (  584497.658819660,   6138482.63265641)",CARAMURU 6032 VEREDA,0
2026-05-03,E_112,66,S,100,,S,Basura Afuera,56166,Vespertino,2026-05-03 14:40:30,,106974,"POINT (  584618.576517210,   6138574.38061640)",CARAMURU 6082 VEREDA,0
2026-05-03,E_112,67,S,100,,S,"Basura Afuera, Requiere Limpieza",56166,Vespertino,2026-05-03 14:43:40,,106915,"POINT (  584672.869658400,   6138396.35153951)",AV SAN MARINO 1439,0
2026-05-03,E_112,68,S,100,,S,Basura Afuera,56166,Vespertino,2026-05-03 14:48:57,,106916,"POINT (  584594.688615380,   6138305.26031512)",PALMAS Y OMBUES 6059,0
2026-05-03,E_112,69,S,100,,S,Basura Afuera,56166,Vespertino,2026-05-03 14:49:06,,179289,"POINT (  584534.169610414,   6138322.72463615)",PALMAS Y OMBUES 6041,0
2026-05-03,E_112,70,S,100,,S,Basura Afuera,56166,Vespertino,2026-05-03 14:51:58,,106976,"POINT (  584418.001561050,   6138347.50447346)",PALMAS Y OMBUES 5995,0
2026-05-03,E_112,71,S,100,,S,Basura Afuera,56166,Vespertino,2026-05-03 14:56:25,,106977,"POINT (  584304.629195968,   6138347.91246015)",PALMAS Y OMBUES 5947,0
2026-05-03,E_112,72,S,100,,S,Basura Afuera,56166,Vespertino,2026-05-03 14:56:33,,106975,"POINT (  584285.263130159,   6138348.79178254)",PALMAS Y OMBUES 5939 RETIRAR VIEJO,0
2026-05-03,E_112,73,S,100,,S,,56166,Vespertino,2026-05-03 15:00:09,,182015,"POINT (  584132.471144027,   6138353.35492412)",PALMAS Y OMBUES 5885,0
2026-05-03,E_112,74,S,100,,S,,56166,Vespertino,2026-05-03 15:01:11,,106978,"POINT (  584022.821039650,   6138356.62305099)",PALMAS Y OMBUES 5845 FTE 5846,0
2026-05-03,E_112,75,S,100,,S,"Basura Afuera, Requiere Limpieza",56166,Vespertino,2026-05-03 15:04:44,,106958,"POINT (  583808.185693149,   6138360.26928445)",PALMAS Y OMBUES 5753,0
2026-05-03,E_112,76,S,100,,S,"Basura Afuera, Requiere Limpieza",56166,Vespertino,2026-05-03 15:08:26,,106959,"POINT (  583701.266068954,   6138362.99437232)",PALMAS Y OMBUES 5725 EN 5717/5725,0
2026-05-03,E_112,77,S,100,,S,"Basura Afuera, Poda, Requiere Limpieza",56166,Vespertino,2026-05-03 15:11:29,,106919,"POINT (  583530.218323610,   6138366.41451368)",PALMAS Y OMBUES 5653,0
2026-05-03,E_112,78,S,100,,S,,56166,Vespertino,2026-05-03 15:16:48,,106914,"POINT (  583710.964175795,   6138217.44262005)",BRENDA 5727 FTE 5627,0
2026-05-03,E_112,79,S,100,,S,Basura Afuera,56166,Vespertino,2026-05-03 16:01:51,,147612,"POINT (  583820.841695643,   6138211.89293878)",BRENDA 5770 EN 5770/5780,0
2026-05-03,E_112,80,S,100,,S,Basura Afuera,56166,Vespertino,2026-05-03 16:04:54,,147592,"POINT (  584054.645846372,   6138201.41269139)",BRENDA 5852,0
2026-05-03,E_112,81,S,100,,S,Basura Afuera,56166,Vespertino,2026-05-03 16:27:39,,180319,"POINT (  584169.869427810,   6138142.38751930)",LIMBURGO 1337,0
2026-05-03,E_112,82,S,100,,S,Basura Afuera,56166,Vespertino,2026-05-03 16:07:35,,181272,"POINT (  584277.261368445,   6138164.29438524)",BRENDA 5938 EN 5938,0
2026-05-03,E_112,83,S,100,,S,Basura Afuera,56166,Vespertino,2026-05-03 16:11:26,,106956,"POINT (  584420.288519220,   6138154.76559897)",BRENDA 5988 EN 5994,0
2026-05-03,E_112,84,S,100,,S,Basura Afuera,56166,Vespertino,2026-05-03 16:15:49,,106957,"POINT (  584540.331769192,   6138175.14093344)",BRENDA 6041 FTE 6047,0
2026-05-03,E_112,85,S,100,,S,Basura Afuera,56166,Vespertino,2026-05-03 16:15:58,,179292,"POINT (  584599.411466467,   6138201.09902729)",BRENDA 6053 EN 6057,0
2026-05-03,E_112,86,S,100,,S,,56166,Vespertino,2026-05-03 16:18:20,,106948,"POINT (  584666.588804070,   6138080.61214768)",AV SAN MARINO 1325,0
2026-05-03,E_112,87,S,100,,S,Basura Afuera,56166,Vespertino,2026-05-03 16:24:33,,106949,"POINT (  584547.913730530,   6138025.89979973)",RBLA REPUBLICA DE MEXICO 5695 EN 5657,0
2026-05-03,E_112,88,S,25,,S,,56166,Vespertino,2026-05-03 16:24:42,,106950,"POINT (  584470.791223690,   6138024.62084178)",RBLA REPUBLICA DE MEXICO 5663,0
2026-05-03,E_112,89,S,100,,S,Basura Afuera,56166,Vespertino,2026-05-03 16:24:55,,106955,"POINT (  584455.147417070,   6138050.34274708)",BELASTIQUI Esq. CIUDAD DE PARIS,0
2026-05-03,E_112,90,S,100,,S,,56166,Vespertino,2026-05-03 16:32:32,,106954,"POINT (  584200.117449007,   6137888.66878313)",RBLA REPUBLICA DE MEXICO 5603,0
2026-05-03,E_112,91,S,100,,S,,56166,Vespertino,2026-05-03 16:36:30,,106938,"POINT (  583826.013658750,   6137863.73221013)",RBLA REPUBLICA DE MEXICO 5523 PDO 5603,0
2026-05-03,E_112,92,S,100,,S,,56166,Vespertino,2026-05-03 16:39:54,,118432,"POINT (  583694.202000756,   6138155.09353197)",RBLA REPUBLICA DE MEXICO 5457 CERCO VEGETAL,0
2026-05-03,E_112,93,S,75,,S,,56166,Vespertino,2026-05-03 16:43:29,,106917,"POINT (  583833.798487390,   6138138.72807844)",COIMBRA 5776,0
2026-05-03,E_112,94,S,75,,S,,56166,Vespertino,2026-05-03 16:43:38,,179290,"POINT (  583881.365914967,   6138126.15177116)",COIMBRA 5800 (RETIRAR VIEJO DE COIMBRA 5775),0
2026-05-03,E_112,95,S,100,,S,Basura Afuera,56166,Vespertino,2026-05-03 16:47:03,,172252,"POINT (  584236.965608582,   6137987.00280036)",MAR ANTARTICO 1296 EN 1293,0
2026-05-03,E_112,96,S,100,,S,Basura Afuera,56166,Vespertino,2026-05-03 16:51:48,,106935,"POINT (  584121.703572620,   6137957.19734076)",MAR MEDITERRANEO 5929,0
2026-05-03,E_112,97,S,100,,S,Basura Afuera,56166,Vespertino,2026-05-03 16:54:32,,106951,"POINT (  583964.424749740,   6138013.82795725)",MAR MEDITERRANEO 5847,0
2026-05-03,E_112,98,S,100,,S,,56166,Vespertino,2026-05-03 17:04:31,,106952,"POINT (  583853.003046320,   6137912.40311280)",MAR ARTICO 1231,0
2026-05-03,E_112,99,S,100,,S,,56166,Vespertino,2026-05-03 17:03:22,,106936,"POINT (  583973.268873900,   6137886.68263219)",AV GRAL JOSE MARIA PAZ 1212,0
2026-05-03,E_112,100,S,100,,S,,56166,Vespertino,2026-05-03 17:09:46,,106953,"POINT (  584001.209459950,   6138048.48360984)",AV GRAL JOSE MARIA PAZ 1270 VEREDA. EN 1272,0
2026-05-03,E_112,101,S,100,,S,,56166,Vespertino,2026-05-03 17:13:23,,120132,"POINT (  584030.374628768,   6138121.33881623)",AV GRAL JOSE MARIA PAZ 1306 FTE 1305,0
2026-05-03,E_112,102,S,100,,S,Basura Afuera,56166,Vespertino,2026-05-03 17:19:25,,147755,"POINT (  584057.340606767,   6138287.02034016)",AV GRAL JOSE MARIA PAZ 1380,0
2026-05-03,E_112,103,S,100,,S,,56166,Vespertino,2026-05-03 18:05:42,,147756,"POINT (  584078.129691867,   6138521.20976825)",AV GRAL JOSE MARIA PAZ 1466,0
2026-05-03,E_112,104,S,100,,S,,56166,Vespertino,2026-05-03 18:06:10,,147758,"POINT (  584078.314389539,   6138528.51846750)",AV GRAL JOSE MARIA PAZ 1466,0
2026-05-03,E_112,105,S,100,,S,Basura Afuera,56166,Vespertino,2026-05-03 18:07:43,,147759,"POINT (  584072.839815408,   6138671.57049913)",AV GRAL JOSE MARIA PAZ 1546,0
2026-05-03,E_112,1,S,100,,S,Basura Afuera,56166,Vespertino,2026-05-03 18:12:05,,178290,"POINT (  583843.171012460,   6139388.52909612)",DR CARLOS TRAVIESO 5912,1
2026-05-03,E_112,2,S,100,,S,Basura Afuera,56166,Vespertino,2026-05-03 18:14:25,,106942,"POINT (  584039.024550160,   6139463.99375675)",DR CARLOS TRAVIESO 5992,1
2026-05-03,E_112,3,N,,Contenedor No Está,S,,56166,Vespertino,2026-05-03 18:15:00,,179129,"POINT (  584031.396140305,   6139550.12831329)",ANCONA 2218 FTE 2213,1
2026-05-03,E_112,4,S,100,,S,,56166,Vespertino,2026-05-03 18:17:59,,106945,"POINT (  584282.350983058,   6139610.24304697)",BOLONIA 2185,1
2026-05-03,E_112,5,S,100,,S,,56166,Vespertino,2026-05-03 18:20:11,,106946,"POINT (  584168.025841948,   6139494.96732171)",RAUL MONTERO BUSTAMANTE 6039,1
2026-05-03,E_112,6,S,100,,S,Basura Afuera,56166,Vespertino,2026-05-03 18:24:19,,181581,"POINT (  583871.436096078,   6139428.40794118)",DR CARLOS TRAVIESO 5925 EN 5755,1
2026-05-03,E_112,7,S,100,,S,,56166,Vespertino,2026-05-03 18:28:31,,106924,"POINT (  584050.328876760,   6139320.83726557)",AV DR JUAN BAUTISTA ALBERDI 5958,1
2026-05-03,E_112,8,S,50,,S,,56166,Vespertino,2026-05-03 18:29:48,,106912,"POINT (  584148.211625920,   6139362.23185081)",AV DR JUAN BAUTISTA ALBERDI 6014 (RETIRAR VIEJO DE 6008),1
2026-05-03,E_112,9,S,100,,S,,56166,Vespertino,2026-05-03 18:32:04,,106923,"POINT (  584252.959553440,   6139404.40424150)",AV DR JUAN BAUTISTA ALBERDI 6056 (RETIRAR VIEJO DE 6016),1
2026-05-03,E_112,10,S,75,,S,Basura Afuera,56166,Vespertino,2026-05-03 18:34:31,,107007,"POINT (  584344.114608333,   6139345.24778797)",PEDRO DOMINGO MURILLO 6039 ANTES 6039,1
2026-05-03,E_112,11,S,75,,S,,56166,Vespertino,2026-05-03 18:36:45,,107008,"POINT (  584170.991378751,   6139272.31161255)",PEDRO DOMINGO MURILLO 5909 PDO 5909,1
2026-05-03,E_112,12,S,75,,S,,56166,Vespertino,2026-05-03 18:39:10,,107009,"POINT (  583969.141246690,   6139189.90989134)",PEDRO DOMINGO MURILLO 5759 VEREDA,1
2026-05-03,E_112,13,S,75,,S,,56166,Vespertino,2026-05-03 18:40:44,,106939,"POINT (  583961.121314310,   6139122.09603597)",AV BOLIVIA 1975,1
2026-05-03,E_112,14,S,75,,S,,56166,Vespertino,2026-05-03 18:42:01,,107006,"POINT (  584149.052418980,   6139105.10069801)",MONES ROSES 5978,1
2026-05-03,E_112,15,S,25,,S,,56166,Vespertino,2026-05-03 18:45:15,,180805,"POINT (  584374.223306536,   6139194.83397320)",MONES ROSES 6070,1
2026-05-03,E_112,16,S,75,,S,,56166,Vespertino,2026-05-03 18:47:08,,179279,"POINT (  584429.017500672,   6139067.69301068)",MARIANO URIARTE 6077 (RETIRA VIEJO DE MARIANO URIARTE 6087),1
2026-05-03,E_112,17,S,75,,S,Basura Afuera,56166,Vespertino,2026-05-03 18:50:06,,107005,"POINT (  584210.146268030,   6138979.86003104)",MARIANO URIARTE 6009,1
2026-05-03,E_112,18,S,100,,S,,56166,Vespertino,2026-05-03 18:51:47,,106920,"POINT (  584254.467904370,   6138903.87074825)",AV BOLIVIA 1873,1
2026-05-03,E_112,19,S,100,,S,,56166,Vespertino,2026-05-03 18:53:17,,106921,"POINT (  584371.519741360,   6138827.40594844)",AV BOLIVIA 1843,1
2026-05-03,E_112,20,S,50,,S,,56166,Vespertino,2026-05-03 18:54:47,,179280,"POINT (  584551.621754499,   6138863.61957890)",HORACIO QUIROGA 6074 (RETIRAR VIEJO DE HORACIO QUIROGA 6096),1
2026-05-03,E_112,21,S,75,,S,,56166,Vespertino,2026-05-03 18:56:33,,106925,"POINT (  584474.192614860,   6138959.04135366)",AV SAN CARLOS DE BOLIVAR 6073,1
2026-05-03,E_112,22,S,75,,S,,56166,Vespertino,2026-05-03 18:58:33,,179294,"POINT (  584374.416839216,   6138916.61748869)",AV SAN CARLOS DE BOLIVAR 6025 SOLAMENTE RETIRAR,1
2026-05-03,E_112,23,S,25,,S,,56166,Vespertino,2026-05-03 19:01:36,,106926,"POINT (  584464.121488192,   6138918.39788613)",AV SAN CARLOS DE BOLIVAR 6060,1
2026-05-03,E_112,24,S,100,,S,,56166,Vespertino,2026-05-03 19:03:23,,183423,"POINT (  584537.762964972,   6138950.08566441)",AV SAN CARLOS DE BOLIVAR 6094,1
2026-05-03,E_112,25,,,,S,,56166,Vespertino,,,107001,"POINT (  584545.685815070,   6138764.79376836)",AV BOLIVIA 1744,1
2026-05-03,E_112,26,,,,S,,56166,Vespertino,,,166595,"POINT (  584375.524943423,   6138852.34801968)",AV BOLIVIA 1850 EN 1852,1
2026-05-03,E_112,27,,,,S,,56166,Vespertino,,,108372,"POINT (  584032.667695233,   6139000.23668287)",AV GRAL JOSE MARIA PAZ 1639,1
2026-05-03,E_112,28,,,,S,,56166,Vespertino,,,106929,"POINT (  583788.967471540,   6138975.94796469)",VICENTE ROCAFUERTE 1620,1
2026-05-03,E_112,29,,,,S,,56166,Vespertino,,,179281,"POINT (  583895.924015078,   6139139.82689000)",VICENTE ROCAFUERTE 1694 EN 1696. (RETIRAR VIEJO DE VICENTE ROCAFUERTE 1682),1
2026-05-03,E_112,30,,,,S,,56166,Vespertino,,,107000,"POINT (  583805.136393770,   6139232.52685981)",MARIA ESPINOLA 1739 EN 1741,1
2026-05-03,E_112,31,,,,S,,56166,Vespertino,,,106931,"POINT (  583710.603502401,   6139116.20064550)",MARIA ESPINOLA 1692 FTE 1692,1
2026-05-03,E_112,32,,,,S,,56166,Vespertino,,,107568,"POINT (  583617.918420932,   6139076.22067304)",AV ESC LEDO ARROYO TORRES 5692,1
2026-05-03,E_112,33,,,,S,,56166,Vespertino,,,106991,"POINT (  583584.928861667,   6138905.72768212)",PALERMO 5656,1
2026-05-03,E_112,34,,,,S,,56166,Vespertino,,,106992,"POINT (  583637.186429115,   6138904.92618568)",PALERMO 5698,1
2026-05-03,E_112,35,,,,S,,56166,Vespertino,,,106994,"POINT (  583752.281316929,   6138903.00259424)",PALERMO 5748,1
2026-05-03,E_112,36,,,,S,,56166,Vespertino,,,106995,"POINT (  583798.768110058,   6138901.55990067)",PALERMO 5752 EN 5754,1
2026-05-03,E_112,37,,,,S,,56166,Vespertino,,,179282,"POINT (  583885.140237218,   6138900.65810246)",PALERMO 5790 EN 5792,1
2026-05-03,E_112,38,,,,S,,56166,Vespertino,,,106997,"POINT (  583930.534123684,   6138898.75466315)",PALERMO 5808,1
2026-05-03,E_112,39,,,,S,,56166,Vespertino,,,106998,"POINT (  584019.013136650,   6138878.62838483)",PALERMO 5842 EN 5844,1
2026-05-03,E_112,40,,,,S,,56166,Vespertino,,,179283,"POINT (  584083.869857780,   6138837.95813690)",FRIBURGO 5874 VEREDA. FTE 5863. (RETIRAR VIEJO DE PLAZA SUIZA),1
2026-05-03,E_112,41,,,,S,,56166,Vespertino,,,179284,"POINT (  584289.531906965,   6138821.78247011)",FRIBURGO 5926 EN 5938. (RETIRAR VIEJO DE PLAZA SUIZA),1
2026-05-03,E_112,42,,,,S,,56166,Vespertino,,,106979,"POINT (  584572.696229100,   6138721.81199619)",AV BOLIVIA 1669 VEREDA,1
2026-05-03,E_112,43,,,,S,,56166,Vespertino,,,126774,"POINT (  584600.464917413,   6138684.55474136)",AV GRAL RIVERA 6065 VEREDA. FTE 6086 (ALEJAR DE ARBOL),1
2026-05-03,E_112,44,,,,S,,56166,Vespertino,,,180913,"POINT (  584504.503025825,   6138685.38627429)",AV GRAL RIVERA 6053 VEREDA,1
2026-05-03,E_112,45,,,,S,,56166,Vespertino,,,106982,"POINT (  584406.304815790,   6138688.44875957)",AV GRAL RIVERA 5993 VEREDA. EN 5997,1
2026-05-03,E_112,46,,,,S,,56166,Vespertino,,,106983,"POINT (  584307.204849080,   6138689.00456108)",AV GRAL RIVERA 5947 VEREDA,1
2026-05-03,E_112,47,,,,S,,56166,Vespertino,,,179285,"POINT (  584267.040027428,   6138689.14200243)",AV GRAL RIVERA 5929 VEREDA. FTE 5930. (RETIRAR VIEJO DE PLAZA SUIZA),1
2026-05-03,E_112,48,,,,S,,56166,Vespertino,,,179286,"POINT (  584126.542807311,   6138694.07172946)",AV GRAL RIVERA 5865 VEREDA. FTE 5874. (RETIRAR VIEJO DE PLAZA SUIZA),1
2026-05-03,E_112,49,,,,S,,56166,Vespertino,,,106933,"POINT (  583938.211829686,   6138698.07713266)",AV GRAL RIVERA 5811 VEREDA. PDO 5811,1
2026-05-03,E_112,50,,,,S,,56166,Vespertino,,,106934,"POINT (  583862.405279780,   6138699.94337026)",AV GRAL RIVERA 5787 VEREDA,1
2026-05-03,E_112,51,,,,S,,56166,Vespertino,,,181327,"POINT (  583738.157257110,   6138704.27559329)",AV GRAL RIVERA 5737,1
2026-05-03,E_113,42,S,100,,S,,56167,Vespertino,2026-05-03 14:27:14,,180238,"POINT (  584518.575635294,   6139253.44302462)",MONES ROSES 6130,0
2026-05-03,E_113,43,S,100,,S,Basura Afuera,56167,Vespertino,2026-05-03 14:30:05,,180233,"POINT (  584670.267287005,   6139316.14482373)",MONES ROSES 6182,0
2026-05-03,E_113,44,S,100,,S,,56167,Vespertino,2026-05-03 14:30:32,,107034,"POINT (  584808.260222080,   6139370.16065302)",MONES ROSES 6238,0
2026-05-03,E_113,45,S,100,,S,,56167,Vespertino,2026-05-03 14:36:25,,107097,"POINT (  584942.216625630,   6139427.57159170)",MONES ROSES 6296,0
2026-05-03,E_113,46,S,100,,S,,56167,Vespertino,2026-05-03 14:36:38,,107035,"POINT (  584996.880552000,   6139448.88865818)",MONES ROSES 6312,0
2026-05-03,E_113,47,S,100,,S,Basura Afuera,56167,Vespertino,2026-05-03 14:39:02,,107098,"POINT (  585194.267237080,   6139530.60109063)",MONES ROSES 6434,0
2026-05-03,E_113,48,S,100,,S,Basura Afuera,56167,Vespertino,2026-05-03 14:41:31,,107036,"POINT (  585273.705642670,   6139563.62161837)",MONES ROSES 6478,0
2026-05-03,E_113,49,S,100,,S,Basura Afuera,56167,Vespertino,2026-05-03 14:45:19,,107037,"POINT (  585480.377626510,   6139648.65274772)",MONES ROSES 6566,0
2026-05-03,E_113,50,S,100,,S,Basura Afuera,56167,Vespertino,2026-05-03 14:50:48,,107099,"POINT (  585592.822542700,   6139694.32141916)",MONES ROSES 6588,0
2026-05-03,E_113,51,S,100,,S,Basura Afuera,56167,Vespertino,2026-05-03 14:55:12,,107100,"POINT (  585703.555933020,   6139740.00500084)",MONES ROSES 6632,0
2026-05-03,E_113,52,S,100,,S,Basura Afuera,56167,Vespertino,2026-05-03 15:03:15,,107018,"POINT (  585697.374112890,   6139628.55017173)",DIVINA COMEDIA 1959,0
2026-05-03,E_113,53,N,,Contenedor Volcado,S,,56167,Vespertino,2026-05-03 15:03:25,,181125,"POINT (  585698.965156209,   6139624.54257909)",DIVINA COMEDIA 1959 PROV OV (O: MARIANO URIARTE 6539) - MOV OPERATIVA 23/03 (no se modificó ruta),0
2026-05-03,E_113,54,S,100,,S,Basura Afuera,56167,Vespertino,2026-05-03 15:06:47,,181126,"POINT (  585236.332698475,   6139399.19486449)",MARIANO URIARTE 6397 PROV OV (O: MARIANO URIARTE 6463) - Mov operativa 23/03 (no se modifica la ruta),0
2026-05-03,E_113,55,S,100,,S,Basura Afuera,56167,Vespertino,2026-05-03 15:08:32,,107020,"POINT (  585201.135925440,   6139385.26759882)",MARIANO URIARTE 6381,0
2026-05-03,E_113,56,S,100,,S,"Basura Afuera, Poda",56167,Vespertino,2026-05-03 15:10:34,,107066,"POINT (  585074.923135860,   6139331.88074755)",MARIANO URIARTE 6327,0
2026-05-03,E_113,57,S,100,,S,Basura Afuera,56167,Vespertino,2026-05-03 15:13:11,,107067,"POINT (  584988.986743355,   6139300.94492092)",MARIANO URIARTE 6289 EN 6293,0
2026-05-03,E_113,58,S,100,,S,Basura Afuera,56167,Vespertino,2026-05-03 15:16:03,,107021,"POINT (  584823.207665200,   6139227.31283328)",MARIANO URIARTE 6223,0
2026-05-03,E_113,59,S,100,,S,Basura Afuera,56167,Vespertino,2026-05-03 15:17:51,,107068,"POINT (  584748.261300730,   6139197.99915976)",MARIANO URIARTE 6196,0
2026-05-03,E_113,60,S,100,,S,Basura Afuera,56167,Vespertino,2026-05-03 15:20:53,,107069,"POINT (  584517.552101500,   6139104.65341888)",MARIANO URIARTE 6107,0
2026-05-03,E_113,61,S,100,,S,,56167,Vespertino,2026-05-03 15:24:31,,107070,"POINT (  584873.383679960,   6139097.26886268)",AV SAN CARLOS DE BOLIVAR 6222,0
2026-05-03,E_113,62,S,100,,S,,56167,Vespertino,2026-05-03 15:27:27,,107071,"POINT (  585047.090165740,   6139175.10860208)",AV SAN CARLOS DE BOLIVAR 6298,0
2026-05-03,E_113,63,S,100,,S,Basura Afuera,56167,Vespertino,2026-05-03 15:30:33,,107072,"POINT (  585133.416499540,   6139212.49792784)",AV SAN CARLOS DE BOLIVAR 6328,0
2026-05-03,E_113,64,S,100,,S,,56167,Vespertino,2026-05-03 15:34:09,,107073,"POINT (  585289.211663780,   6139279.24770931)",AV SAN CARLOS DE BOLIVAR 6396,0
2026-05-03,E_113,65,S,100,,S,"Basura Afuera, Poda",56167,Vespertino,2026-05-03 16:27:15,,107074,"POINT (  585299.247020220,   6139326.89458938)",HAVRE 1910,0
2026-05-03,E_113,66,S,100,,S,Basura Afuera,56167,Vespertino,2026-05-03 16:30:47,,107075,"POINT (  585485.217883180,   6139359.94217817)",DR EVANGELIO BONILLA 6512,0
2026-05-03,E_113,67,S,100,,S,Basura Afuera,56167,Vespertino,2026-05-03 16:33:15,,107076,"POINT (  585646.540124660,   6139431.06862405)",DR EVANGELIO BONILLA 6590,0
2026-05-03,E_113,68,S,100,,S,,56167,Vespertino,2026-05-03 16:35:43,,107023,"POINT (  585737.003304800,   6139507.28994056)",PARQUE DR JULIO CÉSAR GRAUERT,0
2026-05-03,E_113,69,S,100,,S,"Basura Afuera, Poda",56167,Vespertino,2026-05-03 16:39:08,,107079,"POINT (  585668.902102400,   6139368.11410902)",HORACIO QUIROGA 6593,0
2026-05-03,E_113,70,S,100,,S,"Basura Afuera, Poda",56167,Vespertino,2026-05-03 16:40:56,,107080,"POINT (  585556.761828670,   6139318.01222430)",HORACIO QUIROGA 6533,0
2026-05-03,E_113,71,S,100,,S,,56167,Vespertino,2026-05-03 16:43:54,,107081,"POINT (  585449.459449000,   6139272.29714662)",HORACIO QUIROGA 6486,0
2026-05-03,E_113,72,S,100,,S,,56167,Vespertino,2026-05-03 16:45:16,,107082,"POINT (  585268.719585540,   6139193.84754797)",HORACIO QUIROGA 6471,0
2026-05-03,E_113,73,S,100,,S,,56167,Vespertino,2026-05-03 16:47:17,,107025,"POINT (  585105.343180510,   6139122.05364975)",HORACIO QUIROGA 6311,0
2026-05-03,E_113,74,S,100,,S,,56167,Vespertino,2026-05-03 16:49:34,,107083,"POINT (  584932.683673900,   6139046.25172281)",HORACIO QUIROGA 6237,0
2026-05-03,E_113,75,S,100,,S,Basura Afuera,56167,Vespertino,2026-05-03 16:51:58,,107026,"POINT (  584723.569898980,   6138954.41729951)",HORACIO QUIROGA Esq. CECILIA FONTANA DE HEBER,0
2026-05-03,E_113,76,S,100,,S,Basura Afuera,56167,Vespertino,2026-05-03 16:55:19,,107027,"POINT (  584784.859416150,   6138785.40262351)",AV ALM HARWOOD 6116,0
2026-05-03,E_113,77,S,100,,S,,56167,Vespertino,2026-05-03 16:56:48,,107084,"POINT (  584917.982592020,   6138846.22752887)",AV ALM HARWOOD 6200,0
2026-05-03,E_113,78,S,100,,S,,56167,Vespertino,2026-05-03 16:58:31,,107028,"POINT (  585123.796228270,   6138914.72938889)",AV ALM HARWOOD 6290,0
2026-05-03,E_113,79,S,100,,S,Poda,56167,Vespertino,2026-05-03 17:00:14,,107049,"POINT (  585198.770154820,   6138947.10769690)",AV ALM HARWOOD 6302,0
2026-05-03,E_113,80,S,100,,S,"Basura Afuera, Poda",56167,Vespertino,2026-05-03 17:00:57,,107050,"POINT (  585485.060026490,   6139086.29106576)",AV ALM HARWOOD Esq. CANADA,0
2026-05-03,E_113,81,S,100,,S,,56167,Vespertino,2026-05-03 14:11:30,,107051,"POINT (  585620.649685030,   6139135.15013656)",AV ALM HARWOOD 6548,0
2026-05-03,E_113,82,S,100,,S,,56167,Vespertino,2026-05-03 14:11:40,,107052,"POINT (  585667.477187400,   6139051.16806656)",SANLUCAR Esq. AV GRAL RIVERA,0
2026-05-03,E_113,83,S,100,,S,,56167,Vespertino,2026-05-03 14:11:49,,181668,"POINT (  585807.174224619,   6139118.18175883)",DR LEONEL AGUIRRE 1708,0
2026-05-03,E_113,84,S,100,,S,,56167,Vespertino,2026-05-03 14:12:10,,181669,"POINT (  585778.416054684,   6139183.32337103)",DR LEONEL AGUIRRE 1726,0
2026-05-03,E_113,85,S,100,,S,,56167,Vespertino,2026-05-03 14:12:28,,181670,"POINT (  585758.590346623,   6139233.65016841)",DR LEONEL AGUIRRE 1744,0
2026-05-03,E_113,86,S,100,,S,,56167,Vespertino,2026-05-03 14:12:36,,107056,"POINT (  585690.196169000,   6139246.00604874)",AV ALM HARWOOD 6527,0
2026-05-03,E_113,87,S,100,,S,,56167,Vespertino,2026-05-03 14:09:54,,107057,"POINT (  585504.787780510,   6139126.34430187)",AV ALM HARWOOD 6485,0
2026-05-03,E_113,88,S,100,,S,,56167,Vespertino,2026-05-03 14:12:46,,107011,"POINT (  585126.012964450,   6138987.33954818)",AV ALM HARWOOD Esq. DR RAUL LEON JUDE,0
2026-05-03,E_113,89,S,100,,S,,56167,Vespertino,2026-05-03 14:18:47,,107059,"POINT (  585015.307486160,   6138943.35784349)",AV ALM HARWOOD 6225,0
2026-05-03,E_113,90,S,100,,S,,56167,Vespertino,2026-05-03 14:20:55,,107060,"POINT (  584826.047639030,   6138849.97845336)",AV ALM HARWOOD 6161,0
2026-05-03,E_113,1,S,100,,S,Basura Afuera,56167,Vespertino,2026-05-03 17:11:40,,180240,"POINT (  584330.049412372,   6139641.15309160)",LOMBARDIA 6113,1
2026-05-03,E_113,2,S,75,,S,Basura Afuera,56167,Vespertino,2026-05-03 17:11:51,,179104,"POINT (  584334.365555556,   6139642.54699434)",LOMBARDIA 6113,1
2026-05-03,E_113,3,S,50,,S,,56167,Vespertino,2026-05-03 17:13:00,,179103,"POINT (  584525.215228759,   6139720.54263704)",LOMBARDIA 6196,1
2026-05-03,E_113,4,S,75,,S,,56167,Vespertino,2026-05-03 17:17:06,,107115,"POINT (  584713.340307611,   6139804.21035919)",LOMBARDIA 6266,1
2026-05-03,E_113,5,S,100,,S,,56167,Vespertino,2026-05-03 17:19:14,,107116,"POINT (  584835.095783550,   6139789.35717620)",DR MANUEL B OTERO 6326,1
2026-05-03,E_113,6,S,50,,S,,56167,Vespertino,2026-05-03 17:20:28,,107103,"POINT (  585035.276009670,   6139876.16573360)",DR MANUEL B OTERO 6392,1
2026-05-03,E_113,7,S,50,,S,,56167,Vespertino,2026-05-03 17:22:36,,175427,"POINT (  585042.554355875,   6139878.75115054)",DR MANUEL B OTERO 6392,1
2026-05-03,E_113,8,S,75,,S,Basura Afuera,56167,Vespertino,2026-05-03 17:25:06,,107104,"POINT (  585122.468415950,   6139895.47589100)",COSTA RICA 2285,1
2026-05-03,E_113,9,S,75,,S,,56167,Vespertino,2026-05-03 17:25:49,,183572,"POINT (  585274.410816361,   6139969.96862497)",COSTA RICA 2243,1
2026-05-03,E_113,10,S,50,,S,,56167,Vespertino,2026-05-03 17:28:22,,107105,"POINT (  585276.295934810,   6139970.43420790)",COSTA RICA 2243,1
2026-05-03,E_113,11,S,50,,S,Basura Afuera,56167,Vespertino,2026-05-03 17:31:48,,183574,"POINT (  585419.262720451,   6140009.60191129)",COSTA RICA 2193,1
2026-05-03,E_113,12,S,50,,S,Basura Afuera,56167,Vespertino,2026-05-03 17:31:59,,183573,"POINT (  585420.955245134,   6140009.31982384)",COSTA RICA 2193,1
2026-05-03,E_113,13,S,100,,S,,56167,Vespertino,2026-05-03 17:33:43,,107040,"POINT (  585626.209277890,   6139985.92495440)",COSTA RICA 2105,1
2026-05-03,E_113,14,S,75,,S,,56167,Vespertino,2026-05-03 17:35:51,,107108,"POINT (  585520.938263110,   6139901.82268773)",AV DR JUAN BAUTISTA ALBERDI 6579,1
2026-05-03,E_113,15,S,50,,S,Basura Afuera,56167,Vespertino,2026-05-03 17:37:47,,107109,"POINT (  585329.371119700,   6139875.98712587)",AV DR JUAN BAUTISTA ALBERDI 6523,1
2026-05-03,E_113,16,S,50,,S,,56167,Vespertino,2026-05-03 17:39:31,,107044,"POINT (  585160.856804750,   6139805.60041149)",AV DR JUAN BAUTISTA ALBERDI 6463,1
2026-05-03,E_113,17,S,50,,S,Basura Afuera,56167,Vespertino,2026-05-03 17:40:56,,107048,"POINT (  584948.813164946,   6139717.53747812)",AV DR JUAN BAUTISTA ALBERDI 6337,1
2026-05-03,E_113,18,S,100,,S,Poda,56167,Vespertino,2026-05-03 17:44:06,,153073,"POINT (  584859.688878213,   6139690.51416928)",CORCEGA 2105 PROV OV (O: CORCEGA FTE 2105),1
2026-05-03,E_113,19,S,100,,S,,56167,Vespertino,2026-05-03 17:45:27,,175691,"POINT (  584520.944220904,   6139814.99561299)",DUBLIN 2196,1
2026-05-03,E_113,20,S,50,,S,,56167,Vespertino,2026-05-03 17:49:56,,175692,"POINT (  584751.390222034,   6139911.72170678)",CORCEGA 2190,1
2026-05-03,E_113,21,S,50,,S,Basura Afuera,56167,Vespertino,2026-05-03 17:52:02,,107045,"POINT (  584733.966163970,   6139726.01168581)",RAUL MONTERO BUSTAMANTE 6273,1
2026-05-03,E_113,22,S,50,,S,,56167,Vespertino,2026-05-03 17:53:08,,107110,"POINT (  584628.071402740,   6139684.36410249)",RAUL MONTERO BUSTAMANTE 6221,1
2026-05-03,E_113,23,S,75,,S,"Basura Afuera, Poda",56167,Vespertino,2026-05-03 17:55:49,,107111,"POINT (  584561.719958310,   6139658.71904116)",RAUL MONTERO BUSTAMANTE 6195,1
2026-05-03,E_113,24,S,75,,S,,56167,Vespertino,2026-05-03 17:57:59,,107046,"POINT (  584388.764584950,   6139588.53167647)",RAUL MONTERO BUSTAMANTE 6137,1
2026-05-03,E_113,25,S,100,,S,Basura Afuera,56167,Vespertino,2026-05-03 18:03:45,,107112,"POINT (  584381.211418960,   6139456.63058133)",AV DR JUAN BAUTISTA ALBERDI 6102,1
2026-05-03,E_113,26,S,50,,S,,56167,Vespertino,2026-05-03 18:05:51,,107047,"POINT (  584574.472612600,   6139537.37123517)",AV DR JUAN BAUTISTA ALBERDI 6190,1
2026-05-03,E_113,27,S,100,,S,,56167,Vespertino,2026-05-03 18:08:01,,180071,"POINT (  584655.011937691,   6139571.27388039)",AV DR JUAN BAUTISTA ALBERDI 6216,1
2026-05-03,E_113,28,S,75,,S,,56167,Vespertino,2026-05-03 18:10:31,,107086,"POINT (  584781.143383230,   6139623.09967346)",AV DR JUAN BAUTISTA ALBERDI 6270,1
2026-05-03,E_113,29,S,50,,S,,56167,Vespertino,2026-05-03 18:12:01,,107087,"POINT (  584908.030726460,   6139675.12202199)",AV DR JUAN BAUTISTA ALBERDI 6318,1
2026-05-03,E_113,30,S,50,,S,,56167,Vespertino,2026-05-03 18:14:43,,107029,"POINT (  585048.681147350,   6139733.49445758)",AV DR JUAN BAUTISTA ALBERDI 6380,1
2026-05-03,E_113,31,S,50,,S,Basura Afuera,56167,Vespertino,2026-05-03 18:16:23,,107088,"POINT (  585258.466113700,   6139821.57250025)",AV DR JUAN BAUTISTA ALBERDI 6494,1
2026-05-03,E_113,32,S,75,,S,,56167,Vespertino,2026-05-03 18:18:39,,180552,"POINT (  585441.255077299,   6139856.27203655)",JAMAICA 2095,1
2026-05-03,E_113,33,S,75,,S,,56167,Vespertino,2026-05-03 18:20:35,,107030,"POINT (  585438.476095890,   6139802.16124437)",PEDRO DOMINGO MURILLO 6541,1
2026-05-03,E_113,34,S,50,,S,,56167,Vespertino,2026-05-03 18:24:32,,107090,"POINT (  585340.625049290,   6139760.27582149)",PEDRO DOMINGO MURILLO 6507,1
2026-05-03,E_113,35,S,75,,S,"Basura Afuera, Poda",56167,Vespertino,2026-05-03 18:28:00,,107091,"POINT (  585270.122378850,   6139730.58205835)",PEDRO DOMINGO MURILLO 6487,1
2026-05-03,E_113,36,,,,S,,56167,Vespertino,,,107031,"POINT (  585159.733947450,   6139684.89016044)",PEDRO DOMINGO MURILLO 6443,1
2026-05-03,E_113,37,,,,S,,56167,Vespertino,,,107092,"POINT (  585013.753688700,   6139624.35264256)",PEDRO DOMINGO MURILLO 6331,1
2026-05-03,E_113,38,,,,S,,56167,Vespertino,,,107032,"POINT (  584863.646101930,   6139561.80545890)",PEDRO DOMINGO MURILLO 6291,1
2026-05-03,E_113,39,,,,S,,56167,Vespertino,,,107033,"POINT (  584683.800110570,   6139487.42565000)",PEDRO DOMINGO MURILLO 6211,1
2026-05-03,E_113,40,,,,S,,56167,Vespertino,,,107093,"POINT (  584595.427479690,   6139451.07287767)",PEDRO DOMINGO MURILLO 6177,1
2026-05-03,E_113,41,,,,S,,56167,Vespertino,,,107094,"POINT (  584411.728263871,   6139374.75325156)",PEDRO DOMINGO MURILLO 6055,1
2026-05-03,G_112,4,S,100,,S,"Basura Afuera, Requiere Limpieza",56184,Vespertino,2026-05-03 14:51:40,,152252,"POINT (  573832.022026007,   6144424.97278822)",CHARCOT 1301,0
2026-05-03,G_112,9,S,100,,S,"Basura Afuera, Requiere Limpieza",56184,Vespertino,2026-05-03 14:54:58,,117163,"POINT (  573884.035462319,   6144819.85187100)",CNO EDISON 4290 FTE 4291. MURO ABITAB,1
2026-05-03,G_112,10,S,50,,S,,56184,Vespertino,2026-05-03 15:10:08,,162412,"POINT (  569875.919250512,   6149710.67647179)",CNO COLMAN Esq. PSJE CONT DEL APERO,1
2026-05-03,G_112,25,S,100,,S,,56184,Vespertino,2026-05-03 15:14:00,,129606,"POINT (  569036.945087854,   6149589.39920702)",GIOIA 6370 FTE 6375,2
2026-05-03,G_112,36,,,,S,,56184,Vespertino,,,150552,"POINT (  568942.105871482,   6150454.49913689)",CNO DEL PAYADOR 2291,3
2026-05-03,G_112,44,S,100,,S,,56184,Vespertino,2026-05-03 15:41:12,,129644,"POINT (  569107.250914460,   6148959.24249774)",AV LEZICA 6234 VEREDA,4
2026-05-03,G_112,61,S,100,,S,"Basura Afuera, Requiere Limpieza",56184,Vespertino,2026-05-03 15:18:17,,129594,"POINT (  568229.501893896,   6150157.93990535)",GUTTEMBERG 6623 FTE 6624. VIVIENDAS,5
2026-05-03,G_112,62,S,100,,S,"Basura Afuera, Requiere Limpieza",56184,Vespertino,2026-05-03 15:20:02,,129666,"POINT (  568304.416027038,   6150076.08927840)",GUTTEMBERG 9599 ANTES 6599,5
2026-05-03,G_112,63,S,100,,S,"Basura Afuera, Requiere Limpieza",56184,Vespertino,2026-05-03 15:21:35,,129668,"POINT (  568364.852970692,   6150014.92475759)",GUTTEMBERG 6579 MURO CHAPA,5
2026-05-03,G_112,64,S,100,,S,"Basura Afuera, Requiere Limpieza",56184,Vespertino,2026-05-03 15:26:02,,129623,"POINT (  568408.885464008,   6149964.57991383)",GUTTEMBERG 6553,5
2026-05-03,G_112,65,S,100,,S,,56184,Vespertino,2026-05-03 15:26:05,,129625,"POINT (  568410.271101909,   6149962.80937651)",GUTTEMBERG 6553,5
2026-05-03,G_112,66,S,100,,S,,56184,Vespertino,2026-05-03 15:26:13,,129618,"POINT (  568489.329442181,   6149880.94127050)",GUTTEMBERG 6523,5
2026-05-03,G_112,67,S,100,,S,"Basura Afuera, Requiere Limpieza",56184,Vespertino,2026-05-03 15:28:03,,129621,"POINT (  568548.580609127,   6149816.66440993)",GUTTEMBERG 6497 EN 6491,5
2026-05-03,G_112,68,S,100,,S,"Basura Afuera, Requiere Limpieza",56184,Vespertino,2026-05-03 15:29:37,,136352,"POINT (  568674.072322841,   6149683.33168674)",GUTTEMBERG Esq. PEABODY,5
2026-05-03,G_112,69,S,100,,S,"Basura Afuera, Requiere Limpieza",56184,Vespertino,2026-05-03 15:34:46,,129654,"POINT (  568821.878465216,   6149528.10626746)",GUTTEMBERG 6393 EN 6389. RETIRO Y REJAS,5
2026-05-03,G_112,70,S,100,,S,"Basura Afuera, Requiere Limpieza",56184,Vespertino,2026-05-03 15:31:58,,129671,"POINT (  568913.440183500,   6149432.38265289)",GUTTEMBERG 6353 CERCO,5
2026-05-03,G_112,71,S,100,,S,"Basura Afuera, Requiere Limpieza",56184,Vespertino,2026-05-03 15:32:51,,175938,"POINT (  568945.915185185,   6149389.61849804)",GUTTEMBERG 6343 PROV A,5
2026-05-03,G_112,72,N,,Contenedor No Está,N,,56184,Vespertino,2026-05-03 15:32:55,,129672,"POINT (  568948.311699346,   6149387.00411896)",GUTTEMBERG 6343 FTE 6346,5
2026-05-03,G_112,73,S,100,,S,"Basura Afuera, Requiere Limpieza",56184,Vespertino,2026-05-03 15:37:11,,129669,"POINT (  569082.690632449,   6149245.09732004)",GUTTEMBERG 6295 FTE 6294. CERCO,5
2026-05-03,G_112,74,S,100,,S,"Basura Afuera, Requiere Limpieza",56184,Vespertino,2026-05-03 15:39:19,,173033,"POINT (  569224.920932203,   6149091.18048701)",GUTTEMBERG 6233,5
2026-05-03,G_112,75,S,100,,S,"Basura Afuera, Requiere Limpieza",56184,Vespertino,2026-05-03 15:45:33,,129651,"POINT (  569328.242513301,   6148980.12325652)",GUTTEMBERG 6197,5
2026-05-03,G_112,76,S,100,,S,"Basura Afuera, Requiere Limpieza",56184,Vespertino,2026-05-03 15:46:55,,129652,"POINT (  569436.797847305,   6148868.19392423)",GUTTEMBERG 6155,5
2026-05-03,G_112,77,S,100,,S,"Basura Afuera, Requiere Limpieza",56184,Vespertino,2026-05-03 15:48:58,,182133,"POINT (  569494.606506318,   6148800.63344030)",GUTTEMBERG 6133,5
2026-05-03,G_112,78,S,50,,S,,56184,Vespertino,2026-05-03 15:50:43,,129650,"POINT (  569700.069048599,   6148677.59173288)",AV LEZICA 6065,5
2026-05-03,G_112,79,S,100,,S,"Basura Afuera, Requiere Limpieza",56184,Vespertino,2026-05-03 15:52:15,,129647,"POINT (  569890.007944962,   6148628.23390244)",AV LEZICA 6005 BALDIO,5
2026-05-03,G_112,86,N,,Fuego,S,,56184,Vespertino,2026-05-03 15:56:46,,129597,"POINT (  569917.768158908,   6148237.57471926)",CARVE 6024,6
2026-05-03,G_112,87,S,100,,S,"Basura Afuera, Requiere Limpieza",56184,Vespertino,2026-05-03 15:56:55,,135992,"POINT (  569912.225607302,   6148237.88263879)",CARVE 6024,6
2026-05-03,G_112,88,S,50,,S,"Basura Afuera, Requiere Limpieza",56184,Vespertino,2026-05-03 15:59:37,,129648,"POINT (  570033.237984037,   6148377.06226802)",PERFECTO GIOT 6002,6
2026-05-03,G_112,89,N,,Contenedor No Está,N,,56184,Vespertino,2026-05-03 16:06:12,,179515,"POINT (  569933.388328281,   6148434.20268369)",LANUS 6022 EN 6028,6
2026-05-03,G_112,90,N,,Contenedor No Está,N,,56184,Vespertino,2026-05-03 16:06:18,,179516,"POINT (  569930.086441488,   6148435.14607992)",LANUS 6022 EN 6028,6
2026-05-03,G_112,91,S,100,,S,"Basura Afuera, Requiere Limpieza",56184,Vespertino,2026-05-03 16:00:30,,180644,"POINT (  569868.279149237,   6148448.23385295)",LANUS 6040 ALTA POR RELEVAMIENTO,6
2026-05-03,G_112,92,N,,Auto,S,,56184,Vespertino,2026-05-03 18:31:40,,129674,"POINT (  569748.047956583,   6148391.79879984)",RBLA COSTANERA Esq. ROMAN FREIRE,6
2026-05-03,G_112,93,S,50,,S,"Basura Afuera, Requiere Limpieza",56184,Vespertino,2026-05-03 16:22:59,,129609,"POINT (  569734.556036370,   6148527.63491999)",RBLA COSTANERA Esq. PSJE DE LA CAÑADA,6
2026-05-03,G_112,94,N,,Fuego,S,,56184,Vespertino,2026-05-03 16:26:37,,129673,"POINT (  569779.704539357,   6148844.88364080)",CNO DEL APERO 1994,6
2026-05-03,G_112,95,N,,Fuego,S,,56184,Vespertino,2026-05-03 16:26:48,,129596,"POINT (  569762.886979758,   6148930.94997522)",CNO DEL APERO 2012,6
2026-05-03,G_112,96,S,50,,S,"Basura Afuera, Requiere Limpieza",56184,Vespertino,2026-05-03 17:16:03,,180852,"POINT (  569828.263785185,   6148979.80318933)",RODRIGO DE TRIANA Esq. PSJE 12 DE OCTUBRE EN 2049,6
2026-05-03,G_112,97,S,75,,S,"Basura Afuera, Requiere Limpieza",56184,Vespertino,2026-05-03 17:17:35,,129632,"POINT (  569869.116872587,   6148971.03904848)",CIRC INT SIN DENOM Esq. RODRIGO DE TRIANA,6
2026-05-03,G_112,98,S,50,,S,"Basura Afuera, Requiere Limpieza",56184,Vespertino,2026-05-03 17:18:25,,129656,"POINT (  569873.735665592,   6148970.42320941)",CIRC INT SIN DENOM Esq. RODRIGO DE TRIANA,6
2026-05-03,G_112,99,S,50,,S,"Basura Afuera, Requiere Limpieza",56184,Vespertino,2026-05-03 17:21:07,,129634,"POINT (  569914.756159913,   6148961.39360327)",RODRIGO DE TRIANA 6141 FTE 6124,6
2026-05-03,G_112,100,S,50,,S,,56184,Vespertino,2026-05-03 17:21:16,,129657,"POINT (  569923.252891939,   6148959.86854880)",CIRC INT SIN DENOM Esq. RODRIGO DE TRIANA EN 6121,6
2026-05-03,G_112,101,S,75,,S,"Basura Afuera, Requiere Limpieza",56184,Vespertino,2026-05-03 17:21:11,,129635,"POINT (  569967.915201307,   6148950.93608693)",RODRIGO DE TRIANA 6091 EN 6071,6
2026-05-03,G_112,102,S,100,,S,"Basura Afuera, Requiere Limpieza",56184,Vespertino,2026-05-03 17:22:35,,180851,"POINT (  570011.488186057,   6148940.91430044)",RODRIGO DE TRIANA 6047 EN 6047,6
2026-05-03,G_112,103,S,100,,S,"Basura Afuera, Requiere Limpieza",56184,Vespertino,2026-05-03 17:26:42,,129636,"POINT (  570075.340692063,   6148927.71489571)",RODRIGO DE TRIANA 6011 EN 6011,6
2026-05-03,G_112,104,S,75,,S,,56184,Vespertino,2026-05-03 17:27:48,,129659,"POINT (  570041.071862085,   6148805.92874610)",CNO DEL PRETAL 5910 VEREDA. EN 2007,6
2026-05-03,G_112,105,S,100,,S,"Basura Afuera, Fuera de Lugar, Requiere Limpieza",56184,Vespertino,2026-05-03 17:31:34,,129660,"POINT (  569889.761797412,   6148847.57855484)",CNO DEL PRETAL Esq. CIRC INT SIN DENOM VEREDA. EN 5966,6
2026-05-03,G_112,106,S,100,,S,"Basura Afuera, Fuera de Lugar, Requiere Limpieza",56184,Vespertino,2026-05-03 17:31:42,,129662,"POINT (  569866.564435580,   6148899.24540619)",FRAY ANTON DE MONTESINOS Esq. CNO DEL PRETAL SENDA PEATONAL. COMPLEJO,6
2026-05-03,G_113,5,S,100,,S,"Basura Afuera, Requiere Limpieza",56184,Vespertino,2026-05-03 18:21:35,,146712,"POINT (  570157.668858198,   6149401.60075305)",VICTORIANO ALVAREZ 6236,7
2026-05-03,G_113,6,S,100,,S,"Basura Afuera, Requiere Limpieza",56184,Vespertino,2026-05-03 18:22:03,,146752,"POINT (  570149.407469315,   6149401.19374933)",VICTORIANO ALVAREZ 6236,7
2026-05-03,G_113,17,N,,Persona en el Interior del Cont.,S,,56184,Vespertino,2026-05-03 18:24:16,,129512,"POINT (  570394.235147332,   6149169.80110749)",CNO JOSE DURAN 5980,8
2026-05-03,G_113,33,S,100,,S,"Basura Afuera, Requiere Limpieza",56184,Vespertino,2026-05-03 18:29:51,,183659,"POINT (  570590.633591549,   6148995.17647277)",YEGROS 2144 PDO CARTEL,9
2026-05-03,G_113,34,S,75,,S,,56184,Vespertino,2026-05-03 17:55:06,,129568,"POINT (  570586.936135148,   6148757.40304200)",ANDRE GIOT DE BADET 5836 EN 5836/34,9
2026-05-03,G_113,35,N,,Contenedor No Está,N,,56184,Vespertino,2026-05-03 17:56:30,,129570,"POINT (  570493.654666768,   6148778.58933995)",CIRC INT 12 Esq. ANDRE GIOT DE BADET VEREDA,9
2026-05-03,G_113,36,S,100,,S,"Basura Afuera, Requiere Limpieza",56184,Vespertino,2026-05-03 17:57:30,,129551,"POINT (  570489.959632364,   6148779.97497785)",ANDRE GIOT DE BADET Esq. CIRC INT 12 VEREDA,9
2026-05-03,G_113,37,N,,Contenedor No Está,N,,56184,Vespertino,2026-05-03 17:57:37,,182030,"POINT (  570486.466394335,   6148780.65633922)",ANDRE GIOT DE BADET Esq. CIRC INT 12 PROV OV (O: YERGOS 2060),9
2026-05-03,G_113,38,S,100,,S,"Basura Afuera, Requiere Limpieza",56184,Vespertino,2026-05-03 17:59:30,,129564,"POINT (  570408.342508866,   6148803.24955342)",ANDRE GIOT DE BADET Esq. CIRC INT 10 VEREDA. ANTES REBAJE,9
2026-05-03,G_113,39,S,75,,S,,56184,Vespertino,2026-05-03 18:01:02,,129545,"POINT (  570361.008698877,   6148815.58092200)",ANDRE GIOT DE BADET Esq. CIRC INT 4 VEREDA,9
2026-05-03,G_113,40,S,100,,S,"Basura Afuera, Requiere Limpieza",56184,Vespertino,2026-05-03 18:03:03,,129556,"POINT (  570303.801318855,   6148830.97747613)",ANDRE GIOT DE BADET Esq. CIRC INT SIN DENOM VEREDA,9
2026-05-03,G_113,41,S,75,,S,,56184,Vespertino,2026-05-03 18:03:39,,129566,"POINT (  570299.665360551,   6148832.16733881)",ANDRE GIOT DE BADET Esq. CIRC INT SIN DENOM VEREDA,9
2026-05-03,G_113,42,S,50,,S,,56184,Vespertino,2026-05-03 18:03:45,,150852,"POINT (  570214.822472770,   6148853.63019744)",CIRC INT 1 Esq. ANDRE GIOT DE BADET,9
2026-05-03,G_113,43,S,75,,S,,56184,Vespertino,2026-05-03 18:11:02,,149392,"POINT (  570458.620910364,   6149267.03302608)",VICTORIANO ALVAREZ 6003,9
2026-05-03,G_113,44,S,75,,S,"Basura Afuera, Requiere Limpieza",56184,Vespertino,2026-05-03 18:12:12,,129567,"POINT (  570512.938127565,   6149239.66035169)",VICTORIANO ALVAREZ 5923,9
2026-05-03,G_113,45,N,,Contenedor No Está,N,,56184,Vespertino,2026-05-03 18:12:26,,129553,"POINT (  570655.889771074,   6149164.83590500)",VICTORIANO ALVAREZ 5871,9
2026-05-03,G_113,46,N,,Persona en el Interior del Cont.,S,,56184,Vespertino,2026-05-03 18:13:46,,129555,"POINT (  570751.036906981,   6149115.18388020)",VICTORIANO ALVAREZ 5811 EN 5817,9
2026-05-03,G_113,47,S,100,,S,"Basura Afuera, Requiere Limpieza",56184,Vespertino,2026-05-03 18:15:48,,129573,"POINT (  570865.352033858,   6149054.67769183)",VICTORIANO ALVAREZ 5735 EN 5731. MURO,9
2026-05-03,G_113,48,S,100,,S,"Basura Afuera, Requiere Limpieza",56184,Vespertino,2026-05-03 18:31:53,,181180,"POINT (  570594.982068828,   6149012.31024994)",YEGROS Esq. CIRC INT SIN DENOM ALTA POR RELEVAMIENTO,9
2026-05-03,G_113,49,S,100,,S,"Basura Afuera, Requiere Limpieza",56184,Vespertino,2026-05-03 18:38:55,,129548,"POINT (  570593.049579383,   6149004.16388201)",YEGROS 2144 FTE 2144. PDO CARTEL,9
2026-05-03,G_113,50,,,,S,,56184,Vespertino,,,182956,"POINT (  570564.353104575,   6148882.29032614)",CIRC INT 9 Esq. YEGROS,9
2026-05-03,G_113,51,,,,S,,56184,Vespertino,,,182957,"POINT (  570564.353104575,   6148879.02235229)",CIRC INT 9 Esq. YEGROS,9
2026-05-03,G_113,52,,,,S,,56184,Vespertino,,,183648,"POINT (  570555.117441830,   6148819.27215708)",YEGROS 2066,9
2026-05-03,G_113,53,S,100,,S,"Basura Afuera, Requiere Limpieza",56184,Vespertino,2026-05-03 18:54:51,,129473,"POINT (  570506.349824783,   6148666.81291379)",YEGROS 2010 FTE MURO CIEGO. ESPACIO LIBRE,9
2026-05-03,G_113,54,,,,S,,56184,Vespertino,,,129485,"POINT (  570472.447997665,   6148512.30950496)",YEGROS 1955 ESQ AV LEZICA. VEREDA,9
2026-05-03,G_113,55,S,75,,S,,56184,Vespertino,2026-05-03 17:40:54,,129575,"POINT (  570131.206655845,   6148681.81864055)",CALLE B Esq. CALLE C VIVIENDAS,9
2026-05-03,G_113,56,S,100,,S,"Basura Afuera, Requiere Limpieza",56184,Vespertino,2026-05-03 17:42:28,,129576,"POINT (  570224.019854679,   6148747.39922416)",CALLE D Esq. CALLE A VIVIENDAS,9
2026-05-03,G_113,57,S,75,,S,"Basura Afuera, Requiere Limpieza",56184,Vespertino,2026-05-03 17:43:49,,180634,"POINT (  570182.320409524,   6148780.04670000)",CALLE A 5976 EN 5970,9
2026-05-03,G_113,58,S,50,,S,,56184,Vespertino,2026-05-03 17:46:23,,129476,"POINT (  570158.439271072,   6148784.07988957)",CALLE A 6012 VIVIENDAS,9
2026-05-03,G_113,59,S,100,,S,"Basura Afuera, Requiere Limpieza",56184,Vespertino,2026-05-03 17:46:09,,129477,"POINT (  570091.704205494,   6148761.84621530)",CAACUPE 2028 FTE 2028,9
2026-05-03,G_113,60,S,100,,S,"Basura Afuera, Fuera de Lugar, Requiere Limpieza",56184,Vespertino,2026-05-03 15:54:28,,175347,"POINT (  570001.624970057,   6148621.40472939)",AV LEZICA 5920,9
2026-05-03,G_113,61,N,,Contenedor No Está,N,,56184,Vespertino,2026-05-03 17:33:29,,129578,"POINT (  569917.575709200,   6148526.51871169)",FRAY ANTONIO DE MARCHENA 1920 ANTES DE 5993. APTO 6,9
2026-05-03,G_113,62,N,,Contenedor No Está,N,,56184,Vespertino,2026-05-03 17:33:37,,129481,"POINT (  569902.786148536,   6148467.29232468)",FRAY ANTONIO DE MARCHENA Esq. LANUS FTE PUERTA B 123,9
2026-05-03,G_113,63,N,,Contenedor No Está,N,,56184,Vespertino,2026-05-03 17:33:42,,180645,"POINT (  569902.048212418,   6148463.70226253)",FRAY ANTONIO DE MARCHENA Esq. LANUS ALTA POR RELEVAMIENTO,9
2026-05-03,G_113,64,S,100,,S,,56184,Vespertino,2026-05-03 17:37:27,,166912,"POINT (  570073.397287485,   6148449.89296266)",CAACUPE 1918 FTE 1921,9
2026-05-03,G_113,65,S,75,,S,,56184,Vespertino,2026-05-03 17:39:15,,129486,"POINT (  570085.237895287,   6148500.65347086)",CAACUPE 1933 FTE MURO,9
2026-05-03,G_113,66,S,100,,S,"Basura Afuera, Requiere Limpieza",56184,Vespertino,2026-05-03 17:48:33,,129483,"POINT (  570135.582739043,   6148566.00939188)",AV LEZICA 5935 EN 5933,9
2026-05-03,G_113,67,S,75,,S,"Basura Afuera, Poda, Requiere Limpieza",56184,Vespertino,2026-05-03 17:50:20,,129484,"POINT (  570287.377367655,   6148530.64983766)",AV LEZICA Esq. ITURBE,9
2026-05-03,G_113,68,S,100,,S,"Basura Afuera, Requiere Limpieza",56184,Vespertino,2026-05-03 17:51:58,,129478,"POINT (  570428.542352707,   6148496.19224288)",AV LEZICA 5853 EN 5867/5853,9
2026-05-03,G_113,69,,,,S,,56184,Vespertino,,,129521,"POINT (  570418.059243887,   6148281.95288399)",YEGROS Esq. LANUS,9
2026-05-03,G_113,70,,,,S,,56184,Vespertino,,,181452,"POINT (  570415.782492811,   6148268.79940959)",YEGROS 1884 Estaba de mas en territorio,9
2026-05-03,G_113,71,,,,S,,56184,Vespertino,,,129543,"POINT (  570533.521800000,   6148070.74380476)",CARVE 5809 PDO 5811. MURO,9
2026-05-03,G_113,72,,,,S,,56184,Vespertino,,,129559,"POINT (  570494.506325989,   6147894.17309097)",DR VALENTIN ALVAREZ 5808,9
2026-05-03,G_113,73,,,,S,,56184,Vespertino,,,165232,"POINT (  570415.932015094,   6147913.93311132)",DR VALENTIN ALVAREZ 5826 EN 5826,9
2026-05-03,G_113,74,,,,S,,56184,Vespertino,,,129497,"POINT (  570528.554810125,   6148273.85376838)",LANUS 5819 VEREDA. EN 5821,9
2026-05-03,G_113,75,,,,S,,56184,Vespertino,,,129498,"POINT (  570532.422841980,   6148272.82987759)",LANUS 5819 VEREDA. EN 5821,9
2026-05-03,G_113,76,,,,S,,56184,Vespertino,,,129500,"POINT (  570632.456816243,   6148283.35014390)",CALDERON DE LA BARCA 1913,9
2026-05-03,G_113,77,,,,S,,56184,Vespertino,,,129525,"POINT (  570665.579772317,   6148420.72676328)",CALDERON DE LA BARCA 1946,9
2026-05-03,G_113,78,,,,S,,56184,Vespertino,,,129527,"POINT (  570764.284127018,   6148415.17745468)",AV LEZICA 5773,9
2026-05-03,G_113,79,,,,S,,56184,Vespertino,,,129522,"POINT (  570833.666922163,   6148397.83175589)",AV LEZICA 5743 EN 5759. CERCO MADERA,9
2026-05-03,G_113,80,,,,S,,56184,Vespertino,,,129524,"POINT (  570978.214412047,   6148360.82759848)",AV LEZICA 5681 EN 5685. SUB ESTACION,9
2026-05-03,G_113,81,,,,S,,56184,Vespertino,,,129532,"POINT (  570882.234878764,   6148256.75340577)",IGNACIO AMANDAU 5736 EN 5738. MURO,9
2026-05-03,G_113,82,,,,S,,56184,Vespertino,,,129499,"POINT (  570750.407567989,   6148289.13204350)",IGNACIO AMANDAU 5772 EN 5776/5772,9
2026-05-03,G_113,83,,,,S,,56184,Vespertino,,,129529,"POINT (  570724.967209769,   6148224.37476803)",LANUS 5779,9
2026-05-03,G_113,84,,,,S,,56184,Vespertino,,,129535,"POINT (  570835.979682001,   6148198.93440981)",LANUS 5743,9
2026-05-03,G_113,85,,,,S,,56184,Vespertino,,,129536,"POINT (  571016.374949377,   6148153.83559297)",LANUS 5689 VEREDA. FTE 5682,9
2026-05-03,G_113,86,,,,S,,56184,Vespertino,,,129534,"POINT (  571123.918281851,   6148127.23885483)",LANUS 5661 VEREDA,9
2026-05-03,G_113,87,,,,S,,56184,Vespertino,,,129526,"POINT (  571112.354482660,   6148042.82312074)",19 DE JUNIO 5614 EN 5632/5626,9
2026-05-03,G_113,88,,,,S,,56184,Vespertino,,,129528,"POINT (  571010.593049782,   6148064.79433920)",19 DE JUNIO 5678,9
2026-05-03,G_113,89,,,,S,,56184,Vespertino,,,129523,"POINT (  570796.662764752,   6148119.14419540)",19 DE JUNIO 5746 VEREDA. EN 5744/5750,9
2026-05-03,G_113,90,,,,S,,56184,Vespertino,,,129531,"POINT (  570657.897174463,   6148150.36645321)",19 DE JUNIO 5786 VEREDA,9
2026-05-03,G_113,91,,,,S,,56184,Vespertino,,,129533,"POINT (  570645.497486812,   6148041.31450650)",CARVE 5785 EN 5783,9
2026-05-03,G_113,92,,,,S,,56184,Vespertino,,,129547,"POINT (  570905.362477145,   6147979.22222519)",CARVE 5703,9
2026-05-03,G_113,93,,,,S,,56184,Vespertino,,,129530,"POINT (  570992.599781149,   6147955.40495660)",CARVE 5665 EN 5667,9
2026-05-03,G_113,94,,,,S,,56184,Vespertino,,,129488,"POINT (  571183.586871913,   6147908.52420760)",CARVE 5607,9
2026-05-03,G_113,95,,,,N,,56184,Vespertino,,,129489,"POINT (  571165.610514181,   6147566.54435461)",CNO CASAVALLE 5507 VEREDA. EN 5468,9
2026-05-03,G_113,96,,,,S,,56184,Vespertino,,,129541,"POINT (  571058.683371199,   6147657.00991683)",CNO CASAVALLE 5554 VEREDA,9
2026-05-03,G_113,97,,,,S,,56184,Vespertino,,,129580,"POINT (  570860.844624290,   6147799.40437923)",CNO CASAVALLE 5679 VEREDA,9
2026-05-03,G_113,98,,,,S,,56184,Vespertino,,,129504,"POINT (  570657.237767184,   6147850.19111067)",DR VALENTIN ALVAREZ 5744,9
2026-05-03,G_113,99,,,,S,,56184,Vespertino,,,129539,"POINT (  570572.982436632,   6147871.57386356)",DR VALENTIN ALVAREZ 5792 EN 5790. FTE 5799,9
2026-05-03,G_113,100,,,,S,,56184,Vespertino,,,132852,"POINT (  570707.389313082,   6147934.85132773)",MATTO GROSSO 5745 FTE 5754,9
2026-05-03,G_113,101,,,,S,,56184,Vespertino,,,181674,"POINT (  570800.846113072,   6147912.01375730)",MATTO GROSSO 5731 FTE 5730,9
2026-05-03,G_113,102,,,,S,,56184,Vespertino,,,129501,"POINT (  571026.776567412,   6147833.94764693)",MATTO GROSSO 5627 EN 5631/5635,9
2026-05-03,G_113,103,,,,S,,56184,Vespertino,,,129502,"POINT (  571091.750422397,   6147809.00232760)",MATTO GROSSO 5599 FTE 5602. CERCO,9
2026-05-03,G_113,104,,,,S,,56184,Vespertino,,,129540,"POINT (  571212.416153083,   6147759.11168895)",MATTO GROSSO Esq. AV GRAL EUGENIO GARZON,9
2026-05-03,G_113,105,,,,N,,56184,Vespertino,,,129542,"POINT (  571167.166504076,   6147689.49684432)",YAMANDU 5534 EN 5534/5536,9
2026-05-03,G_113,106,,,,S,,56184,Vespertino,,,129506,"POINT (  571031.417557054,   6147746.92909114)",YAMANDU 5590 MURO,9
2026-05-03,CH_101,1,S,75,,S,Basura Afuera,55989,Nocturno,2026-05-03 23:05:45,37,175380,"POINT (  576783.184780077,   6134713.16203109)",TABARE 2425 PDO 2425,0
2026-05-03,CH_101,2,S,25,,S,Basura Afuera,55989,Nocturno,2026-05-03 23:05:39,37,180708,"POINT (  576782.176882294,   6134713.73880978)",TABARE 2425,0
2026-05-03,CH_101,3,S,50,,N,,55989,Nocturno,2026-05-03 23:08:05,37,175381,"POINT (  576663.128313290,   6134745.17970458)",TABARE 2373 FTE 2374. SUB ESTACION,0
2026-05-03,CH_101,4,S,100,,S,Basura Afuera,55989,Nocturno,2026-05-03 23:11:04,37,175382,"POINT (  576633.716548584,   6134623.66554336)","MANUEL J ERRAZQUIN 2366 EN 2360. EDIFICIO, MURO DE PIEDRA",0
2026-05-03,CH_101,5,S,25,,S,,55989,Nocturno,2026-05-03 23:13:58,37,175498,"POINT (  576708.771014815,   6134577.69604445)",MANUEL J ERRAZQUIN 2394 FTE 2399,0
2026-05-03,CH_101,6,S,75,,S,,55989,Nocturno,2026-05-03 23:14:05,37,179030,"POINT (  576713.209093177,   6134575.10261863)",MANUEL J ERRAZQUIN Esq. JOSE LUIS ZORRILLA DE SAN MARTIN FTE 2399. ESQ,0
2026-05-03,CH_101,7,S,75,,S,,55989,Nocturno,2026-05-03 23:16:43,37,176426,"POINT (  576617.836767782,   6134611.03628235)",BV GRAL ARTIGAS 42 PDO 42. ARBOL/COLUMNA,0
2026-05-03,CH_101,8,S,25,,S,,55989,Nocturno,2026-05-03 23:22:54,37,176427,"POINT (  576617.626374967,   6134612.96832707)",BV GRAL ARTIGAS 42 PDO 42. ARBOL/COLUMNA,0
2026-05-03,CH_101,9,S,25,,S,,55989,Nocturno,2026-05-03 23:27:20,37,176428,"POINT (  576603.982776673,   6134784.25249835)",BV GRAL ARTIGAS 118 EN 122. ARBOL/ARBOL,0
2026-05-03,CH_101,10,S,100,,S,,55989,Nocturno,2026-05-03 23:28:44,37,176429,"POINT (  576596.228298668,   6134883.37756991)",BV GRAL ARTIGAS 160 ANTES DE PARADA,0
2026-05-03,CH_101,11,S,75,,S,,55989,Nocturno,2026-05-03 23:32:02,37,176432,"POINT (  576570.530319231,   6135195.57044992)",BV GRAL ARTIGAS 336 PDO REBAJE,0
2026-05-03,CH_101,12,S,50,,S,,55989,Nocturno,2026-05-03 23:34:28,37,176434,"POINT (  576549.551150053,   6135463.40050227)",BV GRAL ARTIGAS 456 ANTES DE COLUMNA,0
2026-05-03,CH_101,13,S,25,,S,,55989,Nocturno,2026-05-03 23:35:27,37,176435,"POINT (  576536.867468974,   6135611.78754844)",BV GRAL ARTIGAS 516 ARBOL/ARBOL,0
2026-05-03,CH_101,14,S,25,,S,,55989,Nocturno,2026-05-03 23:36:54,37,176436,"POINT (  576526.197547688,   6135738.35385418)",BV GRAL ARTIGAS 574 ANTES DE COLUMNA,0
2026-05-03,CH_101,15,S,100,,S,,55989,Nocturno,2026-05-04 00:57:56,37,182034,"POINT (  576800.039219385,   6135781.15530082)",AGRIM FRANCISCO ROS 2718,0
2026-05-03,CH_101,16,S,50,,S,,55989,Nocturno,2026-05-04 00:58:03,37,182035,"POINT (  576801.961214894,   6135778.82144913)",AGRIM FRANCISCO ROS 2718,0
2026-05-03,CH_101,17,S,100,,S,Basura Afuera,55989,Nocturno,2026-05-04 01:02:30,37,183159,"POINT (  576945.585711464,   6135752.46927707)",LUIS DE LA TORRE 644,0
2026-05-03,CH_101,18,S,25,,S,,55989,Nocturno,2026-05-04 01:03:36,37,175658,"POINT (  576950.090298872,   6135756.50251974)",LUIS DE LA TORRE 644 PDO ANTEL,0
2026-05-03,CH_101,19,S,100,,S,,55989,Nocturno,2026-05-04 01:04:29,37,175659,"POINT (  576954.075241769,   6135759.87439449)",LUIS DE LA TORRE 644 PDO ANTEL,0
2026-05-03,CH_101,20,S,100,,S,,55989,Nocturno,2026-05-04 01:07:14,37,181869,"POINT (  577022.835564278,   6135665.15526929)",CORONEL MORA 641,0
2026-05-03,CH_101,21,S,100,,S,,55989,Nocturno,2026-05-04 01:08:27,37,175679,"POINT (  577020.248283905,   6135663.39279628)",CORONEL MORA 641 EN 635,0
2026-05-03,CH_101,22,S,50,,S,,55989,Nocturno,2026-05-04 01:09:17,37,175680,"POINT (  577016.876409147,   6135660.63398966)",CORONEL MORA 635,0
2026-05-03,CH_101,23,S,100,,S,,55989,Nocturno,2026-05-04 02:02:52,4,175655,"POINT (  576920.596707910,   6135586.55155480)",CORONEL MORA 581 EN 583. EDIFICIO,0
2026-05-03,CH_101,24,S,75,,S,Basura Afuera,55989,Nocturno,2026-05-04 02:05:00,4,181655,"POINT (  576918.802681570,   6135585.19253743)",CORONEL MORA 581 EN 583,0
2026-05-03,CH_101,25,S,100,,S,,55989,Nocturno,2026-05-04 02:06:19,4,175654,"POINT (  576832.611116944,   6135599.17390885)",GRAL GREGORIO SUAREZ 2773,0
2026-05-03,CH_101,26,S,100,,S,,55989,Nocturno,2026-05-04 02:08:23,4,175653,"POINT (  576746.781577636,   6135702.32262305)",GRAL GREGORIO SUAREZ 2725 EN 2727 BIS,0
2026-05-03,CH_101,27,S,75,,S,,55989,Nocturno,2026-05-04 02:11:45,4,175574,"POINT (  576664.516081366,   6135622.31830798)",DR JOSE MARIA MONTERO 2730,0
2026-05-03,CH_101,28,S,100,,S,,55989,Nocturno,2026-05-04 02:13:24,4,175576,"POINT (  576740.957105592,   6135527.01721231)",DR JOSE MARIA MONTERO 2770,0
2026-05-03,CH_101,29,S,75,,S,,55989,Nocturno,2026-05-04 02:14:53,4,175577,"POINT (  576797.460340016,   6135457.73531724)",DR JOSE MARIA MONTERO 2804 EN 2804/2806,0
2026-05-03,CH_101,30,S,75,,S,,55989,Nocturno,2026-05-04 02:16:29,4,175578,"POINT (  576879.059016431,   6135386.45194521)",DR JOSE MARIA MONTERO 2860 EN 2860/2864,0
2026-05-03,CH_101,31,S,50,,S,,55989,Nocturno,2026-05-04 02:18:15,4,179955,"POINT (  576969.430630986,   6135329.79771409)",DR JOSE MARIA MONTERO 2928 SUBESTACION,0
2026-05-03,CH_101,32,S,50,,S,,55989,Nocturno,2026-05-04 02:19:49,4,179934,"POINT (  577033.591616902,   6135291.35141549)",DR JOSE MARIA MONTERO 2972,0
2026-05-03,CH_101,33,S,50,,S,,55989,Nocturno,2026-05-04 02:21:12,4,179262,"POINT (  577120.969988453,   6135236.07634270)",DR JOSE MARIA MONTERO 3034,0
2026-05-03,CH_101,34,S,75,,S,,55989,Nocturno,2026-05-04 02:21:19,4,175582,"POINT (  577123.661858606,   6135235.30986187)",DR JOSE MARIA MONTERO 3034,0
2026-05-03,CH_101,35,S,75,,S,,55989,Nocturno,2026-05-04 02:25:02,4,175640,"POINT (  577218.616498425,   6135177.93222193)",DR JOSE MARIA MONTERO 3072,0
2026-05-03,CH_101,36,S,50,,S,,55989,Nocturno,2026-05-04 02:25:08,4,175583,"POINT (  577222.466276327,   6135176.37384338)",DR JOSE MARIA MONTERO 3072 EDIFICIO,0
2026-05-03,CH_101,37,S,100,,S,,55989,Nocturno,2026-05-04 02:27:41,4,175585,"POINT (  577312.224820384,   6135121.87208592)",DR JOSE MARIA MONTERO 3100,0
2026-05-03,CH_101,38,S,75,,S,,55989,Nocturno,2026-05-04 02:31:19,4,175559,"POINT (  577019.624283540,   6134980.07514069)",GUIPUZCOA 358 TINTORERIA,0
2026-05-03,CH_101,39,S,100,,S,,55989,Nocturno,2026-05-04 02:32:26,4,175564,"POINT (  577085.057184440,   6135087.46207805)",GUIPUZCOA 434,0
2026-05-03,CH_101,40,S,100,,S,,55989,Nocturno,2026-05-04 02:33:54,4,175566,"POINT (  577088.598259077,   6135137.96088156)",JOAQUIN NUÑEZ 3043,0
2026-05-03,CH_101,41,S,50,,S,,55989,Nocturno,2026-05-04 02:35:22,4,175567,"POINT (  576968.240211364,   6135213.13173771)",JOAQUIN NUÑEZ 2957 PDO 2957. MURO LADRILLO,0
2026-05-03,CH_101,42,S,100,,S,Basura Afuera,55989,Nocturno,2026-05-04 02:38:06,4,175568,"POINT (  576849.498741202,   6135285.91621748)",JOAQUIN NUÑEZ 2893 FTE 2890. REJAS,0
2026-05-03,CH_101,43,S,100,,S,Basura Afuera,55989,Nocturno,2026-05-04 02:38:38,4,175569,"POINT (  576728.447874539,   6135397.61402831)",JOAQUIN NUÑEZ 2807,0
2026-05-03,CH_101,44,S,100,,S,,55989,Nocturno,2026-05-04 02:41:47,4,175571,"POINT (  576659.165979469,   6135483.48508825)",JOAQUIN NUÑEZ 2763 EDIFICIO,0
2026-05-03,CH_101,45,S,100,,S,,55989,Nocturno,2026-05-04 02:44:17,4,175573,"POINT (  576607.397007875,   6135553.15188273)",JOAQUIN NUÑEZ 2725 VENTANA TAPIADA,0
2026-05-03,CH_101,46,S,100,,S,,55989,Nocturno,2026-05-04 02:47:31,4,175542,"POINT (  576606.030614945,   6135302.77481196)",SOLANO GARCIA 2406 VEREDA. MURO,0
2026-05-03,CH_101,47,S,100,,S,,55989,Nocturno,2026-05-04 02:47:38,4,175544,"POINT (  576615.152731129,   6135297.65564971)",SOLANO GARCIA 2414 VEREDA. MURO,0
2026-05-03,CH_101,48,S,50,,S,,55989,Nocturno,2026-05-04 02:50:56,4,175547,"POINT (  576759.874911941,   6135210.70687139)",SOLANO GARCIA 2490 VEREDA,0
2026-05-03,CH_101,49,S,25,,S,,55989,Nocturno,2026-05-04 02:53:08,4,175555,"POINT (  576942.182520829,   6135099.39395998)",SOLANO GARCIA 2555 VEREDA. FTE 2555,0
2026-05-03,CH_101,50,S,100,,S,,55989,Nocturno,2026-05-04 02:54:54,4,175557,"POINT (  577127.550080083,   6134988.54292787)",SOLANO GARCIA 2634 VEREDA. MURO,0
2026-05-03,CH_101,51,S,100,,S,,55989,Nocturno,2026-05-04 02:58:31,4,175529,"POINT (  576756.795716620,   6135015.49069830)",FRANCISCO GARCIA CORTINAS 2416 FTE 2412,0
2026-05-03,CH_101,52,S,25,,S,,55989,Nocturno,2026-05-04 03:00:45,4,183710,"POINT (  576627.272370588,   6135097.37071700)",FRANCISCO GARCIA CORTINAS 2379 PROV O : O BV Gral Artigas 254,0
2026-05-03,CH_101,53,S,25,,S,,55989,Nocturno,2026-05-04 03:00:52,4,183709,"POINT (  576623.350801961,   6135099.98509608)",FRANCISCO GARCIA CORTINAS 2379 PROV O. O Bv Gral Artigas 254,0
2026-05-03,CH_101,54,S,100,,S,,55989,Nocturno,2026-05-04 03:01:24,4,175539,"POINT (  576611.169022162,   6135105.95649505)",FRANCISCO GARCIA CORTINAS 2365,0
2026-05-03,CH_101,55,S,100,,S,,55989,Nocturno,2026-05-04 03:04:23,4,175510,"POINT (  576727.372196078,   6134857.61452288)",PARVA DOMUS 2402 EN 2406. CERCO VEGETAL,0
2026-05-03,CH_101,56,S,100,,S,Basura Afuera,55989,Nocturno,2026-05-04 03:04:31,4,175512,"POINT (  576732.827391642,   6134857.89344403)",PARVA DOMUS 2402 EN 2406. CERCO VEGETAL,0
2026-05-03,CH_101,57,S,50,,S,,55989,Nocturno,2026-05-04 03:07:21,4,175521,"POINT (  576835.931036775,   6134934.04598164)",ARIOSTO 260 FTE 291,0
2026-05-03,CH_101,58,S,100,,S,Basura Afuera,55989,Nocturno,2026-05-04 03:10:18,4,175550,"POINT (  576665.382105055,   6135179.79944820)",DR HECTOR MIRANDA 2421 PROV OP. ORIGEN 2445,0
2026-05-03,CH_101,59,S,75,,S,Basura Afuera,55989,Nocturno,2026-05-04 03:10:25,4,180638,"POINT (  576663.329567103,   6135180.11456188)",DR HECTOR MIRANDA 2421,0
2026-05-03,CH_101,60,S,50,,S,,55989,Nocturno,2026-05-04 03:12:43,4,179038,"POINT (  576574.932575482,   6135236.23816856)",DR HECTOR MIRANDA 2355 EST 45,0
2026-05-03,CH_101,61,S,50,,S,,55989,Nocturno,2026-05-04 03:16:20,4,175641,"POINT (  576979.706927931,   6135393.30646925)",JOSE ELLAURI 526 DROGUERIA,0
2026-05-03,CH_101,62,S,100,,S,,55989,Nocturno,2026-05-04 03:17:06,4,175642,"POINT (  577042.839283330,   6135491.07235134)",JOSE ELLAURI 558,0
2026-05-03,CH_101,63,S,100,,S,,55989,Nocturno,2026-05-04 03:18:44,4,180162,"POINT (  577082.021973979,   6135497.25313241)",LEYENDA PATRIA 2872,0
2026-05-03,CH_101,64,S,100,,S,,55989,Nocturno,2026-05-04 03:20:42,4,180163,"POINT (  577109.740667082,   6135381.08097617)",LEYENDA PATRIA 2942,0
2026-05-03,CH_101,65,S,75,,S,,55989,Nocturno,2026-05-04 03:23:43,4,175646,"POINT (  577051.717425811,   6135388.84545790)",BLANCA DEL TABARE 2941,0
2026-05-03,CH_101,66,S,75,,S,,55989,Nocturno,2026-05-04 03:23:50,4,175643,"POINT (  577041.198983577,   6135432.72454585)",BLANCA DEL TABARE 2917 EDIFICIO,0
2026-05-03,CH_101,67,S,100,,S,Basura Afuera,55989,Nocturno,2026-05-04 03:25:53,4,179737,"POINT (  577231.393518453,   6135259.37292425)",LEYENDA PATRIA 3022 EDIFICIO,0
2026-05-03,CH_101,68,S,50,,S,Basura Afuera,55989,Nocturno,2026-05-04 03:26:01,4,179722,"POINT (  577234.178103806,   6135258.03019343)",LEYENDA PATRIA 3022 EDIFICIO,0
2026-05-03,CH_101,69,S,100,,S,,55989,Nocturno,2026-05-04 03:29:32,4,175649,"POINT (  577349.341008554,   6135243.97291002)",LEYENDA PATRIA 3096,0
2026-05-03,CH_101,70,S,50,,S,,55989,Nocturno,2026-05-04 03:29:39,4,175650,"POINT (  577375.252053460,   6135248.79525272)",LEYENDA PATRIA 3088 EDIFICIO,0
2026-05-03,CH_101,71,S,75,,S,,55989,Nocturno,2026-05-04 03:32:32,4,175651,"POINT (  577459.006763451,   6135300.73899789)",LEYENDA PATRIA 3132 ARBOL/ARBOL,0
2026-05-03,CH_101,72,S,75,,S,,55989,Nocturno,2026-05-04 03:34:42,4,181650,"POINT (  577460.879109101,   6135303.13208180)",LEYENDA PATRIA 3132,0
2026-05-03,B_103,1,S,100,,S,Basura Afuera,55989,Nocturno,2026-05-03 23:38:46,37,176379,"POINT (  576425.631564924,   6135985.56362614)",JOSE H FIGUEIRA 2335 EN 2335/2327,1
2026-05-03,B_103,2,S,100,,S,Basura Afuera,55989,Nocturno,2026-05-03 23:41:33,37,176380,"POINT (  576293.879229462,   6135974.15839099)",JOSE H FIGUEIRA 2263 FTE 2260,1
2026-05-03,B_103,3,S,100,,S,,55989,Nocturno,2026-05-03 23:43:42,37,181607,"POINT (  576243.243926735,   6135855.36076929)",IBIRAY 2230,1
2026-05-03,B_103,4,S,100,,S,,55989,Nocturno,2026-05-03 23:46:44,37,176383,"POINT (  576479.770998475,   6135861.70741699)",BV GRAL ARTIGAS 641 ARBOL/ARBOL,1
2026-05-03,B_103,5,S,25,,S,,55989,Nocturno,2026-05-03 23:48:33,37,176384,"POINT (  576484.564026797,   6135803.97321220)",BV GRAL ARTIGAS 607 PDO LOMA DE BURRO,1
2026-05-03,B_103,6,S,25,,S,,55989,Nocturno,2026-05-03 23:52:52,37,176385,"POINT (  576486.947380392,   6135765.35034401)",BV GRAL ARTIGAS 589 PDO COLUMNA. EDIFICIO ITAPUA,1
2026-05-03,B_103,7,S,25,,S,,55989,Nocturno,2026-05-03 23:55:49,37,176386,"POINT (  576489.235732790,   6135748.14554610)",BV GRAL ARTIGAS 581,1
2026-05-03,B_103,8,S,25,,S,,55989,Nocturno,2026-05-03 23:57:34,37,176387,"POINT (  576497.573904575,   6135660.99136296)",BV GRAL ARTIGAS 541,1
2026-05-03,B_103,9,S,100,,S,,55989,Nocturno,2026-05-03 23:58:26,37,176388,"POINT (  576501.277608279,   6135612.18962005)",BV GRAL ARTIGAS 529 NATAL. PDO COLUMNA,1
2026-05-03,B_103,10,S,25,,S,,55989,Nocturno,2026-05-04 00:00:01,37,176389,"POINT (  576506.857236158,   6135541.56650735)",BV GRAL ARTIGAS 493 MAPFRE,1
2026-05-03,B_103,11,S,25,,S,,55989,Nocturno,2026-05-04 00:00:30,37,179338,"POINT (  576507.159006931,   6135537.23256733)",BV GRAL ARTIGAS 493 PROV OV (O: BV GRAL ARTIGAS 417),1
2026-05-03,B_103,12,S,25,,S,,55989,Nocturno,2026-05-04 00:01:03,37,180364,"POINT (  576516.044250740,   6135404.41292219)",BV GRAL ARTIGAS 417,1
2026-05-03,B_103,13,S,25,,S,,55989,Nocturno,2026-05-04 00:03:32,37,176392,"POINT (  576481.134037062,   6135393.30932459)",AV JULIO MARIA SOSA 2333 REBAJE/REBAJE,1
2026-05-03,B_103,14,S,25,,S,,55989,Nocturno,2026-05-04 00:03:40,37,176393,"POINT (  576443.624401118,   6135416.36444556)",AV JULIO MARIA SOSA 2305 EN 2305. PDO REBAJE,1
2026-05-03,B_103,15,S,25,,S,,55989,Nocturno,2026-05-04 00:03:47,37,176394,"POINT (  576442.533361616,   6135417.04634525)",AV JULIO MARIA SOSA 2305 EN 2305. PDO REBAJE,1
2026-05-03,B_103,16,S,100,,S,,55989,Nocturno,2026-05-04 00:05:31,37,176395,"POINT (  576421.582852072,   6135481.31363296)",ING CARLOS MARIA MAGGIOLO 456 ANTES ARBOL,1
2026-05-03,B_103,17,S,100,,S,,55989,Nocturno,2026-05-04 00:07:56,37,176396,"POINT (  576413.137083409,   6135583.49440947)",ING CARLOS MARIA MAGGIOLO 514 EN 508. ARBOL/ARBOL,1
2026-05-03,B_103,18,S,25,,S,,55989,Nocturno,2026-05-04 00:08:03,37,176397,"POINT (  576413.137083409,   6135584.73672894)",ING CARLOS MARIA MAGGIOLO 514 EN 508. ARBOL/ARBOL,1
2026-05-03,B_103,19,S,75,,S,,55989,Nocturno,2026-05-04 00:11:29,37,176398,"POINT (  576407.436440025,   6135648.74623786)",ING CARLOS MARIA MAGGIOLO 546 ANTES SE?AL DE TRANSITO,1
2026-05-03,B_103,20,S,100,,S,Basura Afuera,55989,Nocturno,2026-05-04 00:13:07,37,176399,"POINT (  576397.698258360,   6135759.11229672)",ING CARLOS MARIA MAGGIOLO 594 PDO ARBOL,1
2026-05-03,B_103,21,S,100,,S,Basura Afuera,55989,Nocturno,2026-05-04 00:14:39,37,176400,"POINT (  576389.282545812,   6135861.22294231)",ING CARLOS MARIA MAGGIOLO 642 FTE 647. MURO,1
2026-05-03,B_103,22,S,75,,S,,55989,Nocturno,2026-05-04 00:17:18,37,176401,"POINT (  576382.560283987,   6135935.73334353)",ING CARLOS MARIA MAGGIOLO 684 ARBOL/ARBOL,1
2026-05-03,B_103,23,N,,Contenedor No Está,N,,55989,Nocturno,2026-05-04 00:17:28,,176402,"POINT (  576376.286806850,   6136019.06148550)",ING CARLOS MARIA MAGGIOLO 720 EN 724/726. CASA LADRILLO. PDO ARBOL,1
2026-05-03,B_103,24,S,100,,S,Basura Afuera,55989,Nocturno,2026-05-04 00:19:27,37,181516,"POINT (  576373.905058930,   6136052.10656257)",ING CARLOS MARIA MAGGIOLO 740 PROV(O:ING CARLOS MARIA MAGGIOLO 720),1
2026-05-03,B_103,25,S,100,,S,Basura Afuera,55989,Nocturno,2026-05-04 00:21:34,37,176404,"POINT (  576369.740569837,   6136101.29858797)",ING CARLOS MARIA MAGGIOLO 778 FTE 761,1
2026-05-03,B_103,26,S,25,,S,,55989,Nocturno,2026-05-04 00:23:36,37,176405,"POINT (  576254.199952358,   6136108.83893137)",PATRIA 765 PDO REBAJE,1
2026-05-03,B_103,27,S,50,,S,,55989,Nocturno,2026-05-04 00:24:58,37,176406,"POINT (  576258.923005364,   6136047.85740036)",PATRIA 741 FTE 746. PDO COLUMNA,1
2026-05-03,B_103,28,S,50,,S,,55989,Nocturno,2026-05-04 00:26:53,37,176407,"POINT (  576267.707577630,   6135938.68642592)",PATRIA 685 REJA CON VEGETACION,1
2026-05-03,B_103,29,S,50,,S,,55989,Nocturno,2026-05-04 00:28:22,37,176408,"POINT (  576274.808127832,   6135851.63646470)",PATRIA 647 FARMACIA. ANTES COLUMNA,1
2026-05-03,B_103,30,S,75,,S,,55989,Nocturno,2026-05-04 00:29:23,37,176440,"POINT (  576278.968015292,   6135797.11435678)",PATRIA 617,1
2026-05-03,B_103,31,S,75,,S,Basura Afuera,55989,Nocturno,2026-05-04 00:30:43,37,176409,"POINT (  576286.443961072,   6135711.67117538)",PATRIA 571 EN 579/581. EDIFICIO,1
2026-05-03,B_103,32,S,100,,S,,55989,Nocturno,2026-05-04 00:31:47,37,176410,"POINT (  576289.711934929,   6135683.34873529)",PATRIA 553 REDPAGOS,1
2026-05-03,B_103,33,S,100,,S,,55989,Nocturno,2026-05-04 00:32:00,37,176411,"POINT (  576289.929799852,   6135680.29862636)",PATRIA 553 REDPAGOS,1
2026-05-03,B_103,34,S,50,,S,,55989,Nocturno,2026-05-04 00:34:16,37,180000,"POINT (  576296.566251522,   6135572.82861402)",PATRIA 505,1
2026-05-03,B_103,35,S,100,,S,,55989,Nocturno,2026-05-04 00:36:00,37,176413,"POINT (  576305.148532958,   6135510.63922286)",PATRIA 458 FTE 458. ARBOL/ARBOL,1
2026-05-03,B_103,36,S,25,,S,,55989,Nocturno,2026-05-04 00:36:06,37,176414,"POINT (  576305.451908005,   6135506.69534724)",PATRIA 458 FTE 458. ARBOL/ARBOL,1
2026-05-03,B_103,37,S,50,,S,,55989,Nocturno,2026-05-04 00:39:41,37,176415,"POINT (  576250.237649378,   6135534.60585160)",AV JULIO MARIA SOSA 2223 CASA LADRILLOS,1
2026-05-03,B_103,38,S,25,,S,,55989,Nocturno,2026-05-04 00:42:12,37,176416,"POINT (  576211.948981849,   6135608.83063272)",AV JULIO HERRERA Y REISSIG 522 VEREDA. PDO REBAJE,1
2026-05-03,B_103,39,S,100,,S,,55989,Nocturno,2026-05-04 00:42:56,37,176417,"POINT (  576208.312846893,   6135711.66158475)",AV JULIO HERRERA Y REISSIG 572 VEREDA. EN 574 BIS. PDO COLUMNA,1
2026-05-03,B_103,40,S,25,,S,,55989,Nocturno,2026-05-04 00:44:21,37,176418,"POINT (  576208.198533561,   6135845.85896455)",AV JULIO HERRERA Y REISSIG 650 VEREDA,1
2026-05-03,B_103,41,S,50,,S,,55989,Nocturno,2026-05-04 00:46:01,37,176419,"POINT (  576208.880433249,   6135886.09104619)",AV JULIO HERRERA Y REISSIG 660 VEREDA. ANTES CARTEL,1
2026-05-03,B_103,42,S,50,,S,,55989,Nocturno,2026-05-04 00:47:36,37,176420,"POINT (  576212.903641413,   6136042.99616458)",AV JULIO HERRERA Y REISSIG 750 VEREDA. PDO COLUMNA. EDIFICIO,1
2026-05-03,B_103,43,S,25,,S,,55989,Nocturno,2026-05-04 00:47:42,37,176421,"POINT (  576212.971831382,   6136045.17824358)",AV JULIO HERRERA Y REISSIG 750 RETIRO PROVISORIO POR FERIA PQE RODO // VEREDA. PDO COLUMNA. EDIFICIO,1
2026-05-03,B_103,44,S,25,,S,,55989,Nocturno,2026-05-04 00:49:47,37,176422,"POINT (  576214.267440791,   6136100.07116853)",AV JULIO HERRERA Y REISSIG 780 RETIRO PROVISORIO POR FERIA PQE RODO // VEREDA. ANTES 780. MURO VEGETAL,1
2026-05-03,B_103,45,S,25,,S,,55989,Nocturno,2026-05-04 00:50:04,37,176423,"POINT (  576214.335630760,   6136103.13971713)",AV JULIO HERRERA Y REISSIG 780 VEREDA. ANTES 780. MURO VEGETAL,1
2026-05-03,B_103,46,S,25,,S,,55989,Nocturno,2026-05-04 00:52:21,37,176424,"POINT (  576306.898523312,   6136134.80030650)",AV TOMAS GIRIBALDI 2270 ARBOL/ARBOL,1
2026-05-03,B_103,47,S,75,,S,,55989,Nocturno,2026-05-04 00:53:53,37,176425,"POINT (  576421.189488588,   6136154.47691721)",AV TOMAS GIRIBALDI 2336,1
2026-05-03,CH_102,1,N,,Otros,S,,55990,Nocturno,2026-05-03 23:19:22,,175449,"POINT (  577139.564468152,   6136678.15534173)",LUIS B CAVIA 2768 FTE 2761. ARBOL/ARBOL,0
2026-05-03,CH_102,2,S,75,,S,,55990,Nocturno,2026-05-03 23:30:06,35,175450,"POINT (  577223.170422276,   6136555.94720235)",LUIS B CAVIA 2805 CERCO COLEGIO,0
2026-05-03,CH_102,3,S,75,,S,,55990,Nocturno,2026-05-04 02:29:21,35,175451,"POINT (  577299.905966093,   6136469.72749019)",LUIS B CAVIA 2872 EN 2870/2872. CERCO VERDE,0
2026-05-03,CH_102,4,S,75,,S,,55990,Nocturno,2026-05-03 23:18:42,35,175505,"POINT (  577325.742740647,   6136440.86825579)",LUIS B CAVIA 2888,0
2026-05-03,CH_102,5,S,75,,S,,55990,Nocturno,2026-05-04 02:11:24,35,176023,"POINT (  577365.668104492,   6136397.43356547)",LUIS B CAVIA 2912 EN 2908/2912. ARBOL/ARBOL,0
2026-05-03,CH_102,6,S,75,,S,,55990,Nocturno,2026-05-03 23:24:02,35,175506,"POINT (  577306.186167348,   6136269.14424873)",PLAZOLETA LEÓN TOLSTOI FTE 2892. MURO. VENTANA/VENTANA,0
2026-05-03,CH_102,7,S,75,,S,,55990,Nocturno,2026-05-04 00:29:10,35,175509,"POINT (  577218.646548489,   6136306.95318917)",JOSE BENITO LAMAS 2857 FTE 2862. PDO 2875. MURO VEGETAL,0
2026-05-03,CH_102,8,S,75,,S,,55990,Nocturno,2026-05-04 00:29:20,35,180048,"POINT (  577103.503241605,   6136358.96448659)",LUIS DE LA TORRE 1004 MURO BLANCO,0
2026-05-03,CH_102,9,S,75,,S,,55990,Nocturno,2026-05-03 23:38:46,35,175536,"POINT (  577104.128950606,   6136361.48395988)",LUIS DE LA TORRE 1004 MURO BLANCO,0
2026-05-03,CH_102,10,S,75,,S,,55990,Nocturno,2026-05-03 23:28:35,35,182146,"POINT (  577131.833027986,   6136514.04645461)",TRABAJO 2797 FTE 2790,0
2026-05-03,CH_102,11,S,75,,S,,55990,Nocturno,2026-05-03 23:29:46,35,182145,"POINT (  577086.554302162,   6136577.07262071)",TRABAJO 2767 FTE 2770,0
2026-05-03,CH_102,12,S,75,,S,,55990,Nocturno,2026-05-03 23:33:30,35,182075,"POINT (  576994.654202781,   6136561.13994557)",CARLOS M MAESO 2710,0
2026-05-03,CH_102,13,S,100,,S,,55990,Nocturno,2026-05-03 23:35:43,35,181677,"POINT (  577014.053809586,   6136463.65085120)",DR ENRIQUE MUÑOZ 1085 EN 1087,0
2026-05-03,CH_102,14,S,100,,S,,55990,Nocturno,2026-05-03 23:35:33,35,175558,"POINT (  576899.054541177,   6136496.23724581)",QUEBRACHO 2703 FTE 2702,0
2026-05-03,CH_102,15,S,75,,S,,55990,Nocturno,2026-05-03 23:38:25,35,175562,"POINT (  576831.235263885,   6136484.61328341)",LIBERTAD 2507 VEREDA. PDO ARBOL,0
2026-05-03,CH_102,16,S,75,,S,,55990,Nocturno,2026-05-03 23:38:17,35,175565,"POINT (  576787.864757516,   6136452.61941220)",LIBERTAD 2485 EN 2493 VEREDA. LOCAL DE CARNES,0
2026-05-03,CH_102,17,S,75,,S,,55990,Nocturno,2026-05-04 01:02:29,35,183655,"POINT (  576799.898783201,   6136320.96174461)",DR JUAN C DIGHIERO 2485,0
2026-05-03,CH_102,18,S,75,,S,,55990,Nocturno,2026-05-04 01:02:20,35,183654,"POINT (  576797.401620885,   6136320.50771510)",DR JUAN C DIGHIERO 2485,0
2026-05-03,CH_102,19,S,75,,S,,55990,Nocturno,2026-05-04 00:36:14,35,175572,"POINT (  576824.538014028,   6136203.02086987)",LUIS FRANZINI 945 FTE 946. ANTES DE REBAJE,0
2026-05-03,CH_102,20,S,75,,S,"Basura Afuera, Requiere Limpieza",55990,Nocturno,2026-05-04 02:08:33,35,180541,"POINT (  576683.439545752,   6136129.14307103)",21 DE SETIEMBRE 2535 FTE ANCAP,0
2026-05-03,CH_102,21,S,75,,S,"Basura Afuera, Requiere Limpieza",55990,Nocturno,2026-05-04 02:09:22,35,180540,"POINT (  576681.696626362,   6136130.77705795)",21 DE SETIEMBRE 2535 FTE ANCAP,0
2026-05-03,CH_102,22,S,75,,S,,55990,Nocturno,2026-05-04 02:09:07,35,180539,"POINT (  576679.844774510,   6136131.64851765)",21 DE SETIEMBRE 2535 FTE ANCAP,0
2026-05-03,CH_102,23,S,75,,S,Basura Afuera,55990,Nocturno,2026-05-04 02:10:21,35,182996,"POINT (  576532.552949149,   6136251.47239762)",LIBERTAD 2358 EN 2358,0
2026-05-03,CH_102,24,S,100,,S,,55990,Nocturno,2026-05-04 02:10:32,35,182995,"POINT (  576535.390633599,   6136253.06150091)",LIBERTAD 2 EN 2358,0
2026-05-03,CH_102,25,S,75,,S,,55990,Nocturno,2026-05-04 02:29:09,35,177380,"POINT (  576695.196462963,   6136355.14746166)",OBLIGADO 1037 EN 1045,0
2026-05-03,CH_102,26,S,75,,S,,55990,Nocturno,2026-05-04 02:50:14,35,175638,"POINT (  576707.130461042,   6136228.91377537)",OBLIGADO 955,0
2026-05-03,CH_102,27,S,75,,S,,55990,Nocturno,2026-05-04 02:52:28,35,180620,"POINT (  576707.133553356,   6136227.07873618)",OBLIGADO 955,0
2026-05-03,CH_102,28,S,75,,S,,55990,Nocturno,2026-05-04 02:55:05,35,175637,"POINT (  576707.284420808,   6136224.75686167)",OBLIGADO 955,0
2026-05-03,CH_102,29,S,75,,S,,55990,Nocturno,2026-05-04 02:55:21,35,180023,"POINT (  576887.954146198,   6136217.96227696)",CARLOS BERG 2530,0
2026-05-03,CH_102,30,S,75,,S,,55990,Nocturno,2026-05-04 02:55:34,35,175604,"POINT (  577017.051471518,   6136226.91229840)",CARLOS BERG 2580 SUBESTACION,0
2026-05-03,CH_102,31,S,75,,S,,55990,Nocturno,2026-05-04 02:54:32,35,181305,"POINT (  577177.778407168,   6136190.93149659)",FRANCISCO AGUILAR 943,0
2026-05-03,CH_102,32,S,75,,S,,55990,Nocturno,2026-05-04 02:54:48,35,181304,"POINT (  577178.290352560,   6136181.85868657)",FRANCISCO AGUILAR 931 EN 945,0
2026-05-03,CH_102,33,S,75,,S,,55990,Nocturno,2026-05-04 02:54:22,35,183802,"POINT (  577179.363323779,   6136176.86658886)",FRANCISCO AGUILAR 931,0
2026-05-03,CH_102,34,S,75,,S,,55990,Nocturno,2026-05-04 02:25:54,35,181031,"POINT (  577113.581839097,   6136154.17063273)",AV SARMIENTO 2623 PROV OV(O:FRANCISCO AGUILAR 871),0
2026-05-03,CH_102,35,S,75,,S,,55990,Nocturno,2026-05-04 02:49:55,35,181383,"POINT (  577187.735082139,   6136070.33908726)",FRANCISCO AGUILAR 863,0
2026-05-03,CH_102,36,S,75,,S,"Basura Afuera, Requiere Limpieza",55990,Nocturno,2026-05-04 03:03:38,35,181303,"POINT (  577204.172036291,   6135890.98837941)",FRANCISCO AGUILAR 777,0
2026-05-03,CH_102,37,S,75,,S,,55990,Nocturno,2026-05-04 03:05:18,35,183712,"POINT (  577062.006495425,   6135831.81043726)",FRANCISCO SOLANO ANTUÑA 2657,0
2026-05-03,CH_102,38,S,100,,S,,55990,Nocturno,2026-05-04 03:05:32,35,183711,"POINT (  577061.026103268,   6135832.35509957)",FRANCISCO SOLANO ANTUÑA 2657,0
2026-05-03,CH_102,39,S,75,,S,,55990,Nocturno,2026-05-04 03:05:49,35,180623,"POINT (  577060.060859841,   6135833.77653003)",FRANCISCO SOLANO ANTUÑA 2656 ESQ. VEREDA,0
2026-05-03,CH_102,40,S,75,,S,,55990,Nocturno,2026-05-04 03:06:04,35,180625,"POINT (  577005.407930444,   6135895.46930239)",FRANCISCO SOLANO ANTUÑA 2609,0
2026-05-03,CH_102,41,S,75,,S,,55990,Nocturno,2026-05-04 02:56:00,35,175673,"POINT (  576973.233621080,   6136000.42700510)",DR ENRIQUE MUÑOZ 842,0
2026-05-03,CH_102,42,S,75,,S,,55990,Nocturno,2026-05-04 02:56:11,35,175672,"POINT (  576973.080354045,   6136004.71848206)",DR ENRIQUE MUÑOZ 846,0
2026-05-03,CH_102,43,S,75,,S,,55990,Nocturno,2026-05-04 02:57:44,35,183794,"POINT (  576965.512730827,   6136101.15890978)",DR ENRIQUE MUÑOZ 894 PROV O: Luis Franzini 889,0
2026-05-03,CH_102,44,N,,Auto,S,,55990,Nocturno,2026-05-04 03:04:26,,175639,"POINT (  576964.012331871,   6136112.44321182)",DR ENRIQUE MUÑOZ 894 PDO 894,0
2026-05-03,CH_102,45,S,75,,S,,55990,Nocturno,2026-05-04 03:03:57,35,183127,"POINT (  576950.526770989,   6136269.23025063)",DR ENRIQUE MUÑOZ 975,0
2026-05-03,CH_102,46,S,75,,S,,55990,Nocturno,2026-05-04 02:44:33,35,175602,"POINT (  576949.688059509,   6136272.02371288)",DR ENRIQUE MUÑOZ 975,0
2026-05-03,CH_102,47,S,75,,S,,55990,Nocturno,2026-05-04 02:44:21,35,183795,"POINT (  576824.293139850,   6136198.95910151)",LUIS FRANZINI 945 PROV O: Luis Franzini 889,0
2026-05-03,CH_102,48,S,75,,S,,55990,Nocturno,2026-05-04 02:44:06,35,183793,"POINT (  576861.815939098,   6136005.06465038)",DR JOSE SCOSERIA 2502 PROV O: LUIS FRANZINI 889,0
2026-05-03,CH_102,49,S,75,,S,,55990,Nocturno,2026-05-04 02:43:49,35,175669,"POINT (  576866.636398599,   6136007.40065517)",DR JOSE SCOSERIA 2506 EN 2502/2506. EST 45,0
2026-05-03,CH_102,50,S,75,,S,,55990,Nocturno,2026-05-04 02:49:31,35,175671,"POINT (  576903.880287978,   6136011.00243048)",DR JOSE SCOSERIA 2524 EST 45,0
2026-05-03,CH_102,51,S,75,,S,,55990,Nocturno,2026-05-04 02:48:54,35,181894,"POINT (  577001.576579181,   6136019.45301536)",DR JOSE SCOSERIA 2562,0
2026-05-03,CH_102,52,S,75,,S,,55990,Nocturno,2026-05-04 02:48:31,35,182991,"POINT (  577126.648093857,   6136031.89771286)",DR JOSE SCOSERIA 2622,0
2026-05-03,CH_102,53,S,75,,S,,55990,Nocturno,2026-05-04 02:52:56,35,181384,"POINT (  577136.760933902,   6135939.12511513)",JAIME ZUDAÑEZ 2621,0
2026-05-03,CH_102,54,S,75,,S,,55990,Nocturno,2026-05-04 02:28:15,35,181034,"POINT (  577303.191243725,   6136068.61886936)",JOSE ELLAURI 855 EN 853/855. PROV OV(O:DR JOSE SCOSERIA 2682),0
2026-05-03,CH_102,55,S,75,,S,,55990,Nocturno,2026-05-04 02:58:05,35,175676,"POINT (  577043.391606112,   6135932.52970882)",JAIME ZUDAÑEZ 2581 EN 2577,0
2026-05-03,CH_102,56,S,75,,S,,55990,Nocturno,2026-05-04 02:41:22,35,175674,"POINT (  576950.205249149,   6135925.55605876)",JAIME ZUDAÑEZ 2549 FTE 2544,0
2026-05-03,CH_102,57,S,75,,S,,55990,Nocturno,2026-05-04 03:06:26,35,178304,"POINT (  576844.858184519,   6135973.90187204)",LUIS FRANZINI 831 EN 831,0
2026-05-03,CH_102,58,S,75,,S,,55990,Nocturno,2026-05-04 03:06:37,35,175668,"POINT (  576846.251883014,   6135952.99085793)",LUIS FRANZINI 827 EN 803,0
2026-05-03,CH_102,59,S,75,,S,,55990,Nocturno,2026-05-03 23:57:49,35,182012,"POINT (  576831.487925926,   6135862.22872571)",WILLIMAN 637 MURO LADRILLO CON REJA,0
2026-05-03,CH_102,60,S,75,,S,,55990,Nocturno,2026-05-03 23:58:24,35,182013,"POINT (  576830.207969499,   6135861.11216798)",WILLIMAN 631 MURO LADRILLO CON REJA,0
2026-05-03,CH_102,61,S,75,,S,,55990,Nocturno,2026-05-03 23:58:15,35,183092,"POINT (  576761.688176678,   6135807.62571229)",WILLIMAN 597,0
2026-05-03,CH_102,62,S,75,,S,,55990,Nocturno,2026-05-04 02:11:06,35,177032,"POINT (  576642.038631804,   6135710.34761279)",WILLIMAN 515 FTE 516,0
2026-05-03,CH_102,63,S,100,,S,,55990,Nocturno,2026-05-04 02:10:57,35,175678,"POINT (  576543.434539641,   6135790.60443490)",DR JOSE MARIA MONTERO 2613 FTE 2612. MURO CON REJA,0
2026-05-03,CH_102,64,S,75,,S,,55990,Nocturno,2026-05-04 01:05:30,35,175662,"POINT (  576607.691743847,   6135888.77197048)",ECHEVERRIA 538 FTE 541. COLEGIO. ANTES LOMA DE BURRO,0
2026-05-03,CH_102,65,S,75,,S,,55990,Nocturno,2026-05-04 00:07:50,35,175661,"POINT (  576677.581511569,   6135972.14923724)",ECHEVERRIA 592 SUBESTACION,0
2026-05-03,CH_102,66,S,75,,S,,55990,Nocturno,2026-05-04 00:08:00,35,180044,"POINT (  576678.058328722,   6135972.84024425)",ECHEVERRIA 592 SUBESTACION,0
2026-05-03,CH_102,67,S,75,,S,,55990,Nocturno,2026-05-04 01:04:05,35,175664,"POINT (  576789.083279153,   6135968.77736248)",AMADO BONPLAND 645 ANTES DE 645,0
2026-05-03,CH_102,68,S,75,,S,,55990,Nocturno,2026-05-04 01:04:13,35,180661,"POINT (  576785.224547712,   6135963.58777124)",AMADO BONPLAND 645,0
2026-05-03,CH_102,69,S,75,,S,,55990,Nocturno,2026-05-04 01:04:27,35,175663,"POINT (  576688.386837500,   6135847.46650469)",AMADO BONPLAND 581 REJAS VERDES,0
2026-05-03,CH_102,70,S,75,,S,,55990,Nocturno,2026-05-04 01:04:44,35,176437,"POINT (  576516.729871054,   6135847.17202325)",BV GRAL ARTIGAS 628 PDO COLUMNA,0
2026-05-03,CH_102,71,S,75,,S,,55990,Nocturno,2026-05-04 01:04:54,35,180110,"POINT (  576568.762009804,   6135982.79381656)",JOSE H FIGUEIRA 2380 EN 2378,0
2026-05-03,CH_102,72,S,75,,S,,55990,Nocturno,2026-05-04 00:19:55,35,182074,"POINT (  576617.219854215,   6136049.09093801)",PRUDENCIO VAZQUEZ Y VEGA 872,0
2026-05-03,CH_102,73,S,75,,S,,55990,Nocturno,2026-05-04 00:28:47,35,180798,"POINT (  576617.012130717,   6136051.01897793)",PRUDENCIO VAZQUEZ Y VEGA 880,0
2026-05-03,CH_102,74,N,,Auto,S,,55990,Nocturno,2026-05-04 00:28:36,,182073,"POINT (  576616.560116407,   6136054.20390601)",PRUDENCIO VAZQUEZ Y VEGA 880,0
2026-05-03,CH_102,75,S,75,,S,,55990,Nocturno,2026-05-04 00:29:58,35,175627,"POINT (  576480.424704496,   6136257.43482216)",PLAZOLETA MANUEL MAGARIÑOS CASTAÑO VEREDA,0
2026-05-03,CH_102,76,S,75,,S,,55990,Nocturno,2026-05-04 01:03:22,35,176438,"POINT (  576478.273070247,   6136340.07730252)",BV GRAL ARTIGAS 898 ARBOL/ARBOL,0
2026-05-03,CH_102,77,S,75,,S,,55990,Nocturno,2026-05-04 01:03:31,35,176439,"POINT (  576472.718470876,   6136400.56006426)",BV GRAL ARTIGAS 928 EDIFICIO ORLEANS,0
2026-05-03,CH_102,78,S,75,,S,,55990,Nocturno,2026-05-04 01:03:42,35,183123,"POINT (  576470.549524118,   6136404.27006860)",BV GRAL ARTIGAS 928,0
2026-05-03,CH_123,1,,,,S,,55990,Nocturno,,,176627,"POINT (  577203.130934859,   6138746.89167843)",AV CENTENARIO 2754 EN 2756. EDIFICIO,1
2026-05-03,CH_123,2,,,,S,,55990,Nocturno,,,176628,"POINT (  577304.002394554,   6138941.22719041)",AV CENTENARIO 2854 EDIFICIO,1
2026-05-03,CH_123,3,,,,S,,55990,Nocturno,,,176629,"POINT (  577317.074289979,   6138969.98536035)",AV CENTENARIO 2872 CCZ. ANTES DE CORDON RESERVADO,1
2026-05-03,CH_123,4,,,,S,,55990,Nocturno,,,176630,"POINT (  577373.501305229,   6139097.00061089)",AV CENTENARIO 2908 VEREDA. EN 2910,1
2026-05-03,CH_123,5,,,,S,,55990,Nocturno,,,176631,"POINT (  577411.409801961,   6139228.37315991)",AV CENTENARIO 2946 ESQ,1
2026-05-03,CH_123,6,,,,S,,55990,Nocturno,,,176632,"POINT (  577446.921784532,   6139379.57141699)",AV CENTENARIO 2992,1
2026-05-03,CH_123,7,,,,S,,55990,Nocturno,,,176633,"POINT (  577478.076468627,   6139564.97446710)",AV CENTENARIO 3090 EN 3090 BIS,1
2026-05-03,CH_123,8,,,,S,,55990,Nocturno,,,181844,"POINT (  577148.139726508,   6138741.42117088)",AV CENTENARIO 2757 EN 2751,1
2026-05-03,CH_123,9,S,75,,S,,55990,Nocturno,2026-05-04 01:23:59,35,176644,"POINT (  577684.817289543,   6138333.03012201)",AV DR ALFREDO NAVARRO 3100 VEREDA. EN 3102. EDIFICIO,1
2026-05-03,CH_123,10,S,75,,S,,55990,Nocturno,2026-05-04 03:07:40,35,176645,"POINT (  577846.146265578,   6138195.77522005)",AV DR ALFREDO NAVARRO 3190 EN 3192,1
2026-05-03,CH_123,11,S,75,,S,,55990,Nocturno,2026-05-04 01:31:04,35,176646,"POINT (  579556.371994771,   6138376.95894031)",AV SANTIAGO RIVAS 1679 PDO EDIFICIO. ESTACION UTE,1
2026-05-03,CH_123,12,S,75,,S,,55990,Nocturno,2026-05-04 01:48:38,35,176647,"POINT (  579269.626759695,   6137977.46172985)",AV SANTIAGO RIVAS 1487 REJA CON ESTERILLA,1
2026-05-03,CH_123,13,S,75,,S,,55990,Nocturno,2026-05-04 01:36:34,35,176648,"POINT (  579225.400180174,   6137829.96717647)",AV SANTIAGO RIVAS 1419,1
2026-05-03,CH_123,14,S,75,,S,,55990,Nocturno,2026-05-04 01:57:31,35,177413,"POINT (  578653.910732203,   6137666.36398305)",AV DR LUIS ALBERTO DE HERRERA 1437 VEREDA,1
2026-05-03,CH_123,15,S,75,,S,,55990,Nocturno,2026-05-04 01:48:00,35,176649,"POINT (  578659.861689543,   6137657.61556493)",AV DR LUIS ALBERTO DE HERRERA 1431 VEREDA. EDIFICIO,1
2026-05-03,CH_123,16,S,75,,S,,55990,Nocturno,2026-05-04 01:56:55,35,176657,"POINT (  578724.411986128,   6137468.08445143)",AV DR LUIS ALBERTO DE HERRERA 1361,1
2026-05-03,CH_123,17,S,75,,S,,55990,Nocturno,2026-05-04 01:57:11,35,176658,"POINT (  578744.773788417,   6137397.49687016)",AV DR LUIS ALBERTO DE HERRERA 1339,1
2026-05-03,CH_123,18,S,75,,S,,55990,Nocturno,2026-05-04 03:02:59,35,176659,"POINT (  578828.034518301,   6137112.14020435)",AV DR LUIS ALBERTO DE HERRERA 1223 EN ARBOL/COLUMNA. ANTES DE LA ESPAÑOLA,1
2026-05-03,CH_123,19,S,75,,S,,55990,Nocturno,2026-05-04 03:02:45,35,181280,"POINT (  578856.812011604,   6137006.85637532)",AV DR LUIS ALBERTO DE HERRERA 1175 EN 1183,1
2026-05-03,CH_123,20,S,75,,S,,55990,Nocturno,2026-05-04 01:57:46,35,182116,"POINT (  578910.818817179,   6136820.27397645)",AV DR LUIS ALBERTO DE HERRERA 1087,1
2026-05-03,CH_103,1,S,100,,S,,55991,Nocturno,2026-05-03 23:42:59,11,176453,"POINT (  577593.738073182,   6135392.87743479)",FRANCISCO A VIDAL 630 FTE 627/629. MURO CON CHAPAS,0
2026-05-03,CH_103,2,S,100,,S,,55991,Nocturno,2026-05-03 23:44:04,11,176454,"POINT (  577594.501640769,   6135395.50750092)",FRANCISCO A VIDAL 630 FTE 627/629. MURO CON CHAPAS,0
2026-05-03,CH_103,3,S,75,,S,,55991,Nocturno,2026-05-03 23:46:31,11,176456,"POINT (  577619.402428151,   6135484.03892046)",FRANCISCO A VIDAL 656 ANTES COLUMNA,0
2026-05-03,CH_103,4,S,75,,S,,55991,Nocturno,2026-05-03 23:49:31,11,179079,"POINT (  577620.345404519,   6135486.26388664)",FRANCISCO A VIDAL 656 PDO COLUMNA,0
2026-05-03,CH_103,5,S,75,,S,,55991,Nocturno,2026-05-03 23:51:15,11,176457,"POINT (  577632.849701747,   6135532.61030300)",FRANCISCO A VIDAL 678 MURO REJADO ARBOLES,0
2026-05-03,CH_103,6,S,75,,S,,55991,Nocturno,2026-05-03 23:52:20,11,176458,"POINT (  577642.860921205,   6135567.39504858)",FRANCISCO A VIDAL 690 COLUMNA/ARBOL,0
2026-05-03,CH_103,7,S,50,,S,,55991,Nocturno,2026-05-03 23:54:17,11,176265,"POINT (  577655.545060268,   6135607.86420287)",FRANCISCO A VIDAL 710 PDO ARBOL,0
2026-05-03,CH_103,8,S,75,,S,,55991,Nocturno,2026-05-03 23:55:46,11,176266,"POINT (  577664.423055910,   6135635.45134884)",FRANCISCO A VIDAL 720 EN 722. OPTICA,0
2026-05-03,CH_103,9,S,75,,S,,55991,Nocturno,2026-05-03 23:57:18,11,176268,"POINT (  577685.246552441,   6135715.05107265)",FRANCISCO A VIDAL 754 ANTES DE ZAPATERIA,0
2026-05-03,CH_103,10,S,50,,S,,55991,Nocturno,2026-05-03 23:58:59,11,176269,"POINT (  577693.290158307,   6135738.71932270)",FRANCISCO A VIDAL 768 EDIFICIO,0
2026-05-03,CH_103,11,S,50,,S,,55991,Nocturno,2026-05-03 23:59:50,11,176270,"POINT (  577698.192119091,   6135759.74328784)",FRANCISCO A VIDAL 782 MURO Y CERCO VEGETAL,0
2026-05-03,CH_103,12,S,100,,S,,55991,Nocturno,2026-05-04 00:36:19,11,176271,"POINT (  577641.111509070,   6135892.31409394)",JUAN BENITO BLANCO 822 VEREDA,0
2026-05-03,CH_103,13,S,75,,S,,55991,Nocturno,2026-05-04 00:36:29,11,181870,"POINT (  577642.136824005,   6135894.74401673)",JUAN BENITO BLANCO 822,0
2026-05-03,CH_103,14,S,100,,S,,55991,Nocturno,2026-05-04 00:01:43,11,176273,"POINT (  577563.373057757,   6135860.42826993)",JAIME ZUDAÑEZ 2863,0
2026-05-03,CH_103,15,S,75,,S,,55991,Nocturno,2026-05-04 00:06:13,11,176274,"POINT (  577496.028424988,   6135878.05538857)",JAIME ZUDAÑEZ 2833 REBAJE/REBAJE,0
2026-05-03,CH_103,16,S,100,,S,,55991,Nocturno,2026-05-04 00:09:27,11,176275,"POINT (  577463.034074706,   6135888.22488010)",JAIME ZUDAÑEZ 2809 PDO 2809. PARED FARMACIA,0
2026-05-03,CH_103,17,S,100,,S,,55991,Nocturno,2026-05-04 00:11:13,11,176276,"POINT (  577371.282662276,   6135913.30962586)",JAIME ZUDAÑEZ 2755 ARBOL/ARBOL,0
2026-05-03,CH_103,18,S,100,,S,"Basura Afuera, Requiere Limpieza",55991,Nocturno,2026-05-04 00:14:47,11,176277,"POINT (  577313.881532333,   6135930.25877840)",JAIME ZUDAÑEZ 2725 ANTES DE 2727. MURO BAJO CON REJAS,0
2026-05-03,CH_103,19,S,75,,S,,55991,Nocturno,2026-05-03 23:21:41,11,176278,"POINT (  577246.310910864,   6135815.45651851)",JUAN MARIA PEREZ 2720 EDIFICIO,0
2026-05-03,CH_103,20,S,75,,S,,55991,Nocturno,2026-05-03 23:26:41,11,176279,"POINT (  577282.469102954,   6135804.38307219)",JUAN MARIA PEREZ 2738 MURO CON CERCO VEGETAL,0
2026-05-03,CH_103,21,S,100,,S,,55991,Nocturno,2026-05-03 23:27:53,11,176280,"POINT (  577352.299611429,   6135784.27007784)",JUAN MARIA PEREZ 2762 EDIFICIO,0
2026-05-03,CH_103,22,S,100,,S,,55991,Nocturno,2026-05-03 23:30:05,11,176281,"POINT (  577443.486052107,   6135756.19098180)",JUAN MARIA PEREZ 2824 EN 2820,0
2026-05-03,CH_103,23,S,100,,S,,55991,Nocturno,2026-05-03 23:32:19,11,176282,"POINT (  577551.960628378,   6135727.60341117)",JUAN MARIA PEREZ 2870 EN 2880. EDIFICIO,0
2026-05-03,CH_103,24,S,25,,S,,55991,Nocturno,2026-05-03 23:34:28,11,176283,"POINT (  577555.463453237,   6135726.36047332)",JUAN MARIA PEREZ 2896 EN 2880. EDIFICIO,0
2026-05-03,CH_103,25,S,75,,S,,55991,Nocturno,2026-05-03 23:35:13,11,176284,"POINT (  577569.022775271,   6135722.17968236)",JUAN MARIA PEREZ 2896 EN 2892. EDIFICIO,0
2026-05-03,CH_103,26,S,100,,S,,55991,Nocturno,2026-05-03 23:36:59,11,180659,"POINT (  577624.469859695,   6135706.18491678)",JUAN MARIA PEREZ 2924,0
2026-05-03,CH_103,27,S,100,,S,,55991,Nocturno,2026-05-03 23:38:49,11,180639,"POINT (  577711.549454030,   6135679.70374619)",JUAN MARIA PEREZ 2970,0
2026-05-03,CH_103,28,S,50,,S,,55991,Nocturno,2026-05-03 23:00:22,11,176471,"POINT (  577435.115188453,   6135379.11840959)",JOSE VAZQUEZ LEDESMA 3021 PROV OP. ORIGEN: JOSE VAZQUEZ LEDESMA 3033,0
2026-05-03,CH_103,29,S,50,,S,,55991,Nocturno,2026-05-03 23:00:32,11,176472,"POINT (  577432.936539216,   6135380.42559913)",JOSE VAZQUEZ LEDESMA 3021 PROV OP. ORIGEN: JOSE VAZQUEZ LEDESMA 3033,0
2026-05-03,CH_103,30,S,50,,S,,55991,Nocturno,2026-05-03 23:03:36,11,176294,"POINT (  577342.017125553,   6135434.38307220)",JOSE VAZQUEZ LEDESMA 2967 EN 2969. FTE CLUB BIGUA,0
2026-05-03,CH_103,31,S,75,,S,,55991,Nocturno,2026-05-03 23:05:25,11,176295,"POINT (  577256.028424988,   6135485.00454112)",JOSE VAZQUEZ LEDESMA 2905,0
2026-05-03,CH_103,32,S,100,,S,,55991,Nocturno,2026-05-03 23:07:44,11,181708,"POINT (  577181.074594539,   6135528.33717031)",JOSE VAZQUEZ LEDESMA 2881,0
2026-05-03,CH_103,33,S,75,,S,,55991,Nocturno,2026-05-03 23:09:10,11,176296,"POINT (  577178.514300695,   6135530.20228124)",JOSE VAZQUEZ LEDESMA 2881,0
2026-05-03,CH_103,34,S,75,,S,,55991,Nocturno,2026-05-04 00:30:26,11,181306,"POINT (  577531.401148009,   6135506.64425688)",JUAN BENITO BLANCO Esq. 21 DE SETIEMBRE VEREDA. EN 660,0
2026-05-03,CH_103,35,S,50,,S,,55991,Nocturno,2026-05-04 00:32:15,11,181307,"POINT (  577532.993867008,   6135510.96735131)",JUAN BENITO BLANCO 664 VEREDA. EN 660,0
2026-05-03,CH_103,36,S,75,,S,,55991,Nocturno,2026-05-04 00:33:01,11,180834,"POINT (  577549.745250361,   6135565.87773931)",JUAN BENITO BLANCO 684,0
2026-05-03,CH_103,37,S,75,,S,,55991,Nocturno,2026-05-04 00:34:10,11,176326,"POINT (  577583.419573420,   6135683.85424488)",JUAN BENITO BLANCO 734 VEREDA. EN 736,0
2026-05-03,CH_103,38,S,50,,S,,55991,Nocturno,2026-05-04 00:43:44,11,176461,"POINT (  577451.205457158,   6135597.38628653)",ROQUE GRASERAS 683,0
2026-05-03,CH_103,39,S,50,,S,,55991,Nocturno,2026-05-04 00:44:13,11,176462,"POINT (  577450.950934630,   6135596.02883305)",ROQUE GRASERAS 683,0
2026-05-03,CH_103,40,S,100,,S,,55991,Nocturno,2026-05-04 00:46:25,11,176463,"POINT (  577436.273468813,   6135547.49987093)",ROQUE GRASERAS 655 HELADERIA FREDO,0
2026-05-03,CH_103,41,S,100,,S,,55991,Nocturno,2026-05-04 00:48:06,11,176464,"POINT (  577424.268489547,   6135508.68518531)",ROQUE GRASERAS 646 FTE A 646. MURO GRIS,0
2026-05-03,CH_103,42,S,100,,S,,55991,Nocturno,2026-05-04 00:52:33,11,176465,"POINT (  577397.183050460,   6135412.85745329)",ROQUE GRASERAS 607 PARED AMARILLA,0
2026-05-03,CH_103,43,S,100,,S,,55991,Nocturno,2026-05-04 00:56:12,11,176466,"POINT (  577329.140694476,   6135476.65776713)",TOMAS DIAGO 612 EN 620,0
2026-05-03,CH_103,44,S,100,,S,,55991,Nocturno,2026-05-04 01:01:45,11,176467,"POINT (  577360.404545074,   6135578.93340321)",TOMAS DIAGO 658 ANTES DE 658. PINTURERIA INCA,0
2026-05-03,CH_103,45,S,50,,S,,55991,Nocturno,2026-05-04 01:03:02,11,176469,"POINT (  577375.675896791,   6135630.85599905)",TOMAS DIAGO 684 PDO 684. MURO REJA,0
2026-05-03,CH_103,46,S,100,,S,,55991,Nocturno,2026-05-04 01:05:50,11,176287,"POINT (  577391.169667926,   6135685.79550157)",TOMAS DIAGO 712 FTE 709,0
2026-05-03,CH_103,47,S,100,,S,,55991,Nocturno,2026-05-04 00:18:50,11,176288,"POINT (  577291.734639678,   6135706.69945638)",PEDRO F BERRO 708 FTE 706,0
2026-05-03,CH_103,48,S,75,,S,,55991,Nocturno,2026-05-04 00:19:37,11,176289,"POINT (  577291.056673576,   6135703.53561457)",PEDRO F BERRO 704 FTE 706,0
2026-05-03,CH_103,49,S,75,,S,,55991,Nocturno,2026-05-04 00:21:04,11,179201,"POINT (  577279.916222004,   6135670.34470523)",PEDRO F BERRO 697 MURO SUPERMERCADO,0
2026-05-03,CH_103,50,S,100,,S,,55991,Nocturno,2026-05-04 00:22:23,11,176470,"POINT (  577241.627365054,   6135538.20979864)",PEDRO F BERRO 631 ANTES DE 631. BAR ORO DEL RHIN,0
2026-05-03,CH_103,51,S,75,,S,,55991,Nocturno,2026-05-04 00:25:46,11,180041,"POINT (  577241.028066209,   6135536.25155069)",PEDRO F BERRO 631,0
2026-05-03,CH_103,52,S,100,,S,,55991,Nocturno,2026-05-03 23:11:54,11,176447,"POINT (  577109.887514869,   6135636.43805914)",JOSE ELLAURI 660 VEREDA. BROU,0
2026-05-03,CH_103,53,S,100,,S,,55991,Nocturno,2026-05-03 23:11:58,11,179153,"POINT (  577112.114830307,   6135641.52310000)",JOSE ELLAURI 660 VEREDA. PDO ARBOL. BROU,0
2026-05-03,CH_103,54,S,100,,S,,55991,Nocturno,2026-05-03 23:15:50,11,183568,"POINT (  577180.108123530,   6135775.18086667)",JOSE ELLAURI 728,0
2026-05-03,CH_103,55,S,25,,S,,55991,Nocturno,2026-05-03 23:17:16,11,180042,"POINT (  577179.914897994,   6135782.86554055)",JOSE ELLAURI 732 VEREDA,0
2026-05-03,CH_103,56,S,50,,S,,55991,Nocturno,2026-05-03 23:19:36,11,176290,"POINT (  577180.435204649,   6135784.32657502)",JOSE ELLAURI 732 VEREDA. EN 734. CLINICA ESTETICA,0
2026-05-03,CH_106,1,S,50,,S,,55991,Nocturno,2026-05-04 01:55:34,17,176063,"POINT (  577220.915474058,   6137175.38373296)",CHARRUA 2724 VEREDA,1
2026-05-03,CH_106,2,S,75,,S,,55991,Nocturno,2026-05-04 01:59:20,17,176064,"POINT (  577267.184537239,   6137190.52534516)",CHARRUA 2770 VEREDA. CASA ROSADA,1
2026-05-03,CH_106,3,S,100,,S,"Basura Afuera, Requiere Limpieza",55991,Nocturno,2026-05-04 02:14:12,17,176065,"POINT (  577375.572336803,   6137229.52316651)",MANUEL HAEDO 2866 CASA ROSADA,1
2026-05-03,CH_106,4,S,100,,S,"Basura Afuera, Requiere Limpieza",55991,Nocturno,2026-05-04 02:16:50,17,176066,"POINT (  577377.750986041,   6137229.63209897)",MANUEL HAEDO 2866 CASA ROSADA,1
2026-05-03,CH_106,5,S,75,,S,,55991,Nocturno,2026-05-04 02:00:10,17,176068,"POINT (  577404.875169048,   6137080.72142359)",GUAYAQUI 2944 VEREDA. FTE 2947. MURO LADRILLOS,1
2026-05-03,CH_106,6,S,100,,S,,55991,Nocturno,2026-05-04 02:02:07,17,176448,"POINT (  577389.351800000,   6137066.58935338)",PTE GRAL OSCAR DIEGO GESTIDO 2841,1
2026-05-03,CH_106,7,S,50,,S,,55991,Nocturno,2026-05-04 02:04:44,17,176070,"POINT (  577292.347935932,   6137057.19201183)",PTE GRAL OSCAR DIEGO GESTIDO 2781,1
2026-05-03,CH_106,8,S,25,,S,,55991,Nocturno,2026-05-04 02:05:37,17,176262,"POINT (  577256.912086777,   6137056.91145207)",PTE GRAL OSCAR DIEGO GESTIDO 2761 EN 2763. MURO DISCO,1
2026-05-03,CH_106,9,S,25,,S,,55991,Nocturno,2026-05-04 02:02:39,17,183616,"POINT (  577250.753892157,   6136982.14682615)",AV DR FRANCISCO SOCA 1270,1
2026-05-03,CH_106,10,S,25,,S,,55991,Nocturno,2026-05-04 02:02:48,17,183615,"POINT (  577214.596859695,   6137084.29802244)",AV DR FRANCISCO SOCA 1312,1
2026-05-03,CH_106,11,S,25,,S,,55991,Nocturno,2026-05-04 02:02:57,17,183640,"POINT (  577168.564563941,   6137213.92039108)",AV DR FRANCISCO SOCA 1360,1
2026-05-03,CH_106,12,S,25,,S,,55991,Nocturno,2026-05-04 02:03:28,17,183649,"POINT (  577146.757011691,   6137255.07472736)",AV DR FRANCISCO SOCA 1374,1
2026-05-03,CH_106,13,S,100,,S,,55991,Nocturno,2026-05-04 02:08:04,17,176072,"POINT (  577196.814166869,   6137328.43384189)",GABRIEL A PEREIRA 2768 ANTES DE ARBOL,1
2026-05-03,CH_106,14,S,100,,S,,55991,Nocturno,2026-05-04 02:12:14,17,176074,"POINT (  577256.509155976,   6137285.29658699)",GABRIEL A PEREIRA 2804 FTE 2799. COLEGIO,1
2026-05-03,CH_106,15,S,100,,S,,55991,Nocturno,2026-05-04 02:19:01,17,176075,"POINT (  577502.369722425,   6137232.68220791)",MANUEL HAEDO 2964,1
2026-05-03,CH_106,16,S,75,,S,,55991,Nocturno,2026-05-04 02:19:39,17,176076,"POINT (  577506.182358590,   6137232.90007283)",MANUEL HAEDO 2964,1
2026-05-03,CH_106,17,S,100,,S,,55991,Nocturno,2026-05-04 02:23:10,17,180322,"POINT (  577603.654833898,   6137233.13281074)",MANUEL HAEDO 3008 3008,1
2026-05-03,CH_106,18,S,100,,S,,55991,Nocturno,2026-05-04 02:25:08,17,176079,"POINT (  577756.727020900,   6137235.07872207)",MANUEL HAEDO 3090 EN 3088/3090. MURO VEGETAL,1
2026-05-03,CH_106,19,S,75,,S,,55991,Nocturno,2026-05-04 02:34:26,17,176081,"POINT (  577728.785844429,   6137152.34451728)",CIPRIANO PAYAN 3053 MURO BAJO CON REJAS,1
2026-05-03,CH_106,20,S,25,,S,,55991,Nocturno,2026-05-04 02:36:16,17,176263,"POINT (  577726.808066942,   6137150.81274463)",CIPRIANO PAYAN 3053,1
2026-05-03,CH_106,21,S,50,,S,"Basura Afuera, Requiere Limpieza",55991,Nocturno,2026-05-04 02:37:30,17,176083,"POINT (  577593.164929396,   6137027.22196826)",CIPRIANO PAYAN 2963 PDO 2965. COLUMNA/ARBOL,1
2026-05-03,CH_106,22,S,100,,S,"Basura Afuera, Requiere Limpieza",55991,Nocturno,2026-05-04 02:39:06,17,176084,"POINT (  577590.305452272,   6137024.10377654)",CIPRIANO PAYAN 2952 PDO 2965. COLUMNA/ARBOL,1
2026-05-03,CH_106,23,S,100,,S,,55991,Nocturno,2026-05-04 02:44:31,17,176085,"POINT (  577489.433992577,   6137156.91968068)",RAFAEL PASTORIZA 1322,1
2026-05-03,CH_106,24,S,100,,S,,55991,Nocturno,2026-05-04 02:45:23,17,176086,"POINT (  577489.488458808,   6137165.30748024)",RAFAEL PASTORIZA 1328 EN 1330. PDO ARBOL,1
2026-05-03,CH_106,25,S,75,,S,,55991,Nocturno,2026-05-04 02:47:58,17,176087,"POINT (  577584.423099331,   6137277.04495301)",FRANCISCO LLAMBI 1367 EN 1367/1363,1
2026-05-03,CH_106,26,S,25,,S,,55991,Nocturno,2026-05-04 02:49:51,17,176088,"POINT (  577588.249352055,   6137141.54658699)",FRANCISCO LLAMBI 1307,1
2026-05-03,CH_106,27,S,100,,S,,55991,Nocturno,2026-05-04 02:50:45,17,176089,"POINT (  577656.386606956,   6137058.64898349)",MIGUEL BARREIRO 3004 EDIFICIO,1
2026-05-03,CH_106,28,S,100,,S,,55991,Nocturno,2026-05-04 02:53:17,17,176090,"POINT (  577700.885517631,   6137013.38754559)",MIGUEL BARREIRO 3040,1
2026-05-03,CH_106,29,S,100,,S,,55991,Nocturno,2026-05-04 02:55:54,17,176091,"POINT (  577773.347517648,   6137027.68173529)",FRANCISCO JOAQUIN MUÑOZ 3030 VEREDA,1
2026-05-03,CH_106,30,S,75,,S,,55991,Nocturno,2026-05-04 02:56:56,17,176092,"POINT (  577829.288694118,   6137079.56408824)",FRANCISCO JOAQUIN MUÑOZ 3064 VEREDA,1
2026-05-03,CH_106,31,S,50,,S,,55991,Nocturno,2026-05-04 03:00:43,17,183442,"POINT (  578269.152110580,   6136738.05218043)",FELIX BUXAREO 1114,1
2026-05-03,CH_106,32,S,25,,S,,55991,Nocturno,2026-05-04 03:00:50,17,183443,"POINT (  578273.702736291,   6136732.59142958)",FELIX BUXAREO 1115,1
2026-05-03,CH_106,33,S,50,,S,,55991,Nocturno,2026-05-04 03:01:59,17,183444,"POINT (  578277.343236860,   6136725.31042844)",FELIX BUXAREO 1115,1
2026-05-03,CH_106,34,S,75,,S,,55991,Nocturno,2026-05-04 03:03:57,17,179671,"POINT (  578401.554272529,   6136832.17766416)",JOSE L OSORIO 1154,1
2026-05-03,CH_106,35,S,50,,S,,55991,Nocturno,2026-05-04 03:05:07,17,179672,"POINT (  578400.214239029,   6136837.87280654)",JOSE L OSORIO 1154,1
2026-05-03,CH_106,36,S,100,,S,"Basura Afuera, Requiere Limpieza",55991,Nocturno,2026-05-04 03:07:13,17,179673,"POINT (  578383.808024623,   6136904.86667488)",JOSE L OSORIO 1178 EN 1174. EDIFICIO,1
2026-05-03,CH_106,37,S,100,,S,"Basura Afuera, Requiere Limpieza",55991,Nocturno,2026-05-04 03:07:21,17,179738,"POINT (  578383.396655658,   6136907.46807011)",JOSE L OSORIO 1178 EN 1174. EDIFICIO,1
2026-05-03,CH_106,38,S,100,,S,"Basura Afuera, Requiere Limpieza",55991,Nocturno,2026-05-04 03:14:21,17,181431,"POINT (  578365.586420915,   6136974.96575076)",JOSE L OSORIO 1220,1
2026-05-03,CH_106,39,S,50,,S,,55991,Nocturno,2026-05-04 03:18:21,17,176097,"POINT (  578363.625636601,   6136983.24461786)",JOSE L OSORIO 1220 EN 1212,1
2026-05-03,CH_106,40,S,100,,S,,55991,Nocturno,2026-05-04 03:19:18,17,176098,"POINT (  578340.206732228,   6137087.54331901)",JOSE L OSORIO 1256 EN 1252,1
2026-05-03,CH_106,41,S,100,,S,,55991,Nocturno,2026-05-04 03:23:37,17,176099,"POINT (  578339.117407609,   6137090.81129287)",JOSE L OSORIO 1256 EN 1260,1
2026-05-03,CH_106,42,,,,S,,55991,Nocturno,,,176120,"POINT (  578309.748307083,   6137204.20047889)",JOSE L OSORIO 1308,1
2026-05-03,CH_106,43,,,,S,,55991,Nocturno,,,176100,"POINT (  578291.867952272,   6137288.16968067)",JOSE L OSORIO 1340,1
2026-05-03,CH_106,44,,,,S,,55991,Nocturno,,,176101,"POINT (  578291.459455540,   6137290.53896172)",JOSE L OSORIO 1340,1
2026-05-03,CH_106,45,,,,S,,55991,Nocturno,,,176102,"POINT (  578272.096710442,   6137364.66750202)",JOSE L OSORIO 1364 ARBOL/ARBOL,1
2026-05-03,CH_106,46,,,,S,,55991,Nocturno,,,176103,"POINT (  578266.650087348,   6137387.02588982)",JOSE L OSORIO 1376,1
2026-05-03,CH_106,47,S,100,,S,,55991,Nocturno,2026-05-04 04:30:34,17,176104,"POINT (  578116.050958808,   6137378.52915779)",FELIX BUXAREO 1387 EN 1389. UTE,1
2026-05-03,CH_106,48,S,100,,S,,55991,Nocturno,2026-05-04 04:31:15,17,176105,"POINT (  578115.942026346,   6137375.37011640)",FELIX BUXAREO 1387 UTE,1
2026-05-03,CH_106,49,S,100,,S,,55991,Nocturno,2026-05-04 04:31:29,17,176106,"POINT (  578129.286252925,   6137249.44419047)",FELIX BUXAREO 1341,1
2026-05-03,CH_106,50,S,100,,S,,55991,Nocturno,2026-05-04 04:31:53,17,176107,"POINT (  578148.077102598,   6137188.98667413)",FELIX BUXAREO 1323 EN 1325. EDIFICIO,1
2026-05-03,CH_106,51,S,100,,S,,55991,Nocturno,2026-05-04 04:32:19,17,176108,"POINT (  578168.270457718,   6137130.74184842)",FELIX BUXAREO 1295 EDIFICIO,1
2026-05-03,CH_106,52,S,100,,S,,55991,Nocturno,2026-05-04 04:32:27,17,176109,"POINT (  578177.454825910,   6137082.83879831)",FELIX BUXAREO 1269 FTE EDIFICIO,1
2026-05-03,CH_106,53,S,100,,S,,55991,Nocturno,2026-05-04 04:32:37,17,176110,"POINT (  578203.053954450,   6136963.66668502)",FELIX BUXAREO 1217 ARBOL/COLUMNA,1
2026-05-03,CH_106,54,S,100,,S,,55991,Nocturno,2026-05-04 04:32:59,17,180046,"POINT (  578208.158591658,   6136937.87371045)",FELIX BUXAREO 1208,1
2026-05-03,CH_106,55,S,100,,S,,55991,Nocturno,2026-05-04 04:33:10,17,176111,"POINT (  578208.565961834,   6136935.76607907)",FELIX BUXAREO 1204 ESQUINA/SALIDA DE GARAJE,1
2026-05-03,CH_106,56,S,100,,S,,55991,Nocturno,2026-05-04 04:33:20,17,176502,"POINT (  578208.880448241,   6136932.35122293)",FELIX BUXAREO 1204 PROV A,1
2026-05-03,CH_106,57,S,75,,S,,55991,Nocturno,2026-05-04 04:33:35,17,182256,"POINT (  578131.459613197,   6136953.22062617)",LA GACETA 1216 EN 1218,1
2026-05-03,CH_106,58,S,100,,S,,55991,Nocturno,2026-05-04 04:33:45,17,176113,"POINT (  578103.497624704,   6137034.62712690)",LA GACETA 1256 EN 1256/1258,1
2026-05-03,CH_106,59,S,100,,S,,55991,Nocturno,2026-05-04 04:33:56,17,176114,"POINT (  578090.883729488,   6137076.88225219)",LA GACETA 1270 EDIFICIO,1
2026-05-03,CH_106,60,,,,S,,55991,Nocturno,,,181872,"POINT (  577999.933166667,   6137273.50786678)",SAN LORENZO 3191,1
2026-05-03,CH_106,61,,,,S,,55991,Nocturno,,,183335,"POINT (  577991.438911010,   6137273.21373156)",SAN LORENZO 3189,1
2026-05-03,CH_106,62,S,75,,S,,55991,Nocturno,2026-05-04 02:31:20,17,176116,"POINT (  577840.331095754,   6137257.82248326)",CIPRIANO PAYAN 3137 MURO CIEGO,1
2026-05-03,CH_106,63,S,100,,S,,55991,Nocturno,2026-05-04 02:32:08,17,176117,"POINT (  577837.989047824,   6137255.80723271)",CIPRIANO PAYAN 3137 MURO CIEGO,1
2026-05-03,CH_106,64,S,50,,S,Requiere Limpieza,55991,Nocturno,2026-05-04 02:27:45,17,176118,"POINT (  577791.774450874,   6137304.14601267)",14 DE JULIO 1378 CASA BLANCA,1
2026-05-03,CH_106,65,S,100,,S,"Basura Afuera, Requiere Limpieza",55991,Nocturno,2026-05-04 02:28:46,17,176119,"POINT (  577785.361052181,   6137360.02836561)",14 DE JULIO 1392 PDO 1394. MURO,1
2026-05-03,CH_104,1,S,100,,S,,55992,Nocturno,2026-05-03 23:05:47,5,176011,"POINT (  577361.472700874,   6136025.08186934)",DR JOSE SCOSERIA 2738 EN 2738/2740. REJA,0
2026-05-03,CH_104,2,S,100,,S,Requiere Limpieza,55992,Nocturno,2026-05-03 23:06:01,5,176781,"POINT (  577363.981922807,   6136024.50387193)",DR JOSE SCOSERIA 2738 EN 2738/2740. REJA,0
2026-05-03,CH_104,3,S,100,,S,Requiere Limpieza,55992,Nocturno,2026-05-03 23:07:08,5,176012,"POINT (  577433.063992454,   6136004.45126058)",DR JOSE SCOSERIA 2780 EDIFICIO. COLUMNA/ARBOL,0
2026-05-03,CH_104,4,S,50,,S,,55992,Nocturno,2026-05-03 23:07:51,5,176013,"POINT (  577522.206697453,   6135978.12414045)",DR JOSE SCOSERIA 2824,0
2026-05-03,CH_104,5,S,75,,S,,55992,Nocturno,2026-05-03 23:09:10,5,176836,"POINT (  577576.774508173,   6135964.22672463)",DR JOSE SCOSERIA 2852,0
2026-05-03,CH_104,6,S,75,,S,,55992,Nocturno,2026-05-04 01:51:37,36,176014,"POINT (  577579.479730718,   6135963.34400284)",DR JOSE SCOSERIA 2852,0
2026-05-03,CH_104,7,S,100,,S,Requiere Limpieza,55992,Nocturno,2026-05-03 23:17:29,5,176015,"POINT (  577630.440413541,   6135948.40990545)",DR JOSE SCOSERIA 2882 EDIFICIO,0
2026-05-03,CH_104,8,S,100,,S,Requiere Limpieza,55992,Nocturno,2026-05-03 23:17:36,5,176016,"POINT (  577669.315254672,   6136002.29582385)",JUAN BENITO BLANCO 870 VEREDA. ITAU,0
2026-05-03,CH_104,9,S,100,,S,Requiere Limpieza,55992,Nocturno,2026-05-03 23:23:22,5,176017,"POINT (  577334.991620946,   6136200.90392309)",JOSE ELLAURI 914 VEREDA. MURO CIEGO,0
2026-05-03,CH_104,10,S,100,,S,,55992,Nocturno,2026-05-03 23:24:26,5,176018,"POINT (  577329.295109572,   6136338.38999489)",JOSE ELLAURI 988 PDO 990. ARBOL/COLUMNA,0
2026-05-03,CH_104,11,S,75,,S,Requiere Limpieza,55992,Nocturno,2026-05-03 23:28:54,5,181843,"POINT (  577436.567490899,   6136504.25052025)",JOSE ELLAURI 1091 PROV A,0
2026-05-03,CH_104,12,S,50,,S,,55992,Nocturno,2026-05-03 23:29:01,5,181842,"POINT (  577437.932678612,   6136507.43595825)",JOSE ELLAURI 1091,0
2026-05-03,CH_104,13,S,50,,S,,55992,Nocturno,2026-05-04 00:01:57,5,176020,"POINT (  577515.163038109,   6136595.96468484)",JOSE ELLAURI 1142,0
2026-05-03,CH_104,14,S,75,,S,,55992,Nocturno,2026-05-04 00:06:44,5,176021,"POINT (  577573.975669047,   6136660.24288750)",JOSE ELLAURI 1185,0
2026-05-03,CH_104,15,S,50,,S,,55992,Nocturno,2026-05-04 00:06:57,5,180118,"POINT (  577615.226348148,   6136708.39075185)",JOSE ELLAURI 1224,0
2026-05-03,CH_104,16,S,50,,S,,55992,Nocturno,2026-05-03 23:30:19,5,176024,"POINT (  577430.138756862,   6136330.30710713)",LUIS B CAVIA 2966 MURO. FTE EDIFICIO LADRILLO,0
2026-05-03,CH_104,17,S,50,,S,,55992,Nocturno,2026-05-03 23:30:26,5,176025,"POINT (  577431.562884706,   6136329.19089881)",LUIS B CAVIA 2966 MURO. FTE EDIFICIO LADRILLO,0
2026-05-03,CH_104,18,S,100,,S,,55992,Nocturno,2026-05-03 23:35:32,5,176026,"POINT (  577521.937267850,   6136234.58262208)",LUIS B CAVIA 3052 REJA GRIS,0
2026-05-03,CH_104,19,S,75,,S,,55992,Nocturno,2026-05-03 23:35:42,5,180820,"POINT (  577572.215796587,   6136178.98090410)",LUIS B CAVIA 3082 CASA ANTES DE EDIFICIO,0
2026-05-03,CH_104,20,S,75,,S,,55992,Nocturno,2026-05-03 23:35:48,5,176027,"POINT (  577573.706239455,   6136178.07938765)",LUIS B CAVIA 3082 CASA ANTES DE EDIFICIO,0
2026-05-03,CH_104,21,S,75,,S,,55992,Nocturno,2026-05-03 23:41:17,5,182861,"POINT (  577602.482208419,   6136127.00267247)",ROQUE GRASERAS 945 VEREDA,0
2026-05-03,CH_104,22,S,75,,S,,55992,Nocturno,2026-05-03 23:41:31,5,182862,"POINT (  577602.027145848,   6136125.18242219)",ROQUE GRASERAS 945 VEREDA,0
2026-05-03,CH_104,23,S,100,,S,,55992,Nocturno,2026-05-03 23:42:50,5,176031,"POINT (  577434.757549868,   6136163.10680032)",PEDRO F BERRO 914,0
2026-05-03,CH_104,24,S,100,,S,,55992,Nocturno,2026-05-03 23:44:25,5,176032,"POINT (  577457.582085305,   6136234.73658185)",PEDRO F BERRO 968 REJA,0
2026-05-03,CH_104,25,S,100,,S,,55992,Nocturno,2026-05-03 23:21:06,5,176033,"POINT (  577698.375160666,   6136101.33044387)",JUAN BENITO BLANCO 920 VEREDA,0
2026-05-03,CH_104,26,S,100,,S,,55992,Nocturno,2026-05-03 23:48:07,5,176034,"POINT (  577749.027923962,   6136198.94093605)",JUAN BENITO BLANCO 972 VEREDA. KIOSCO,0
2026-05-03,CH_104,27,S,100,,S,,55992,Nocturno,2026-05-03 23:49:23,5,176035,"POINT (  577843.097341511,   6136301.40116090)",JUAN BENITO BLANCO 1030 VEREDA,0
2026-05-03,CH_104,28,N,,Auto,S,,55992,Nocturno,2026-05-03 23:50:49,,176036,"POINT (  577750.990910989,   6136372.26114359)",ALEJANDRO CHUCARRO 1061 FTE 1070,0
2026-05-03,CH_104,29,S,75,,S,,55992,Nocturno,2026-05-04 00:01:00,5,176037,"POINT (  577659.885218953,   6136267.95340155)",ALEJANDRO CHUCARRO 1017 BROU,0
2026-05-03,CH_104,30,S,50,,S,,55992,Nocturno,2026-05-04 00:01:06,5,176038,"POINT (  577658.076191692,   6136264.02742749)",ALEJANDRO CHUCARRO 1017 BROU,0
2026-05-03,CH_104,31,S,100,,S,,55992,Nocturno,2026-05-04 00:01:12,5,181652,"POINT (  577634.945703982,   6136422.40406906)",PEDRO F BERRO 1086 EN 1088. PROV OV(O:PEDRO F BERRO 1076),0
2026-05-03,CH_104,32,S,75,,S,,55992,Nocturno,2026-05-04 00:00:40,5,176040,"POINT (  577640.948167629,   6136426.16630696)",PEDRO F BERRO 1096 EDIFICIO,0
2026-05-03,CH_104,33,S,75,,S,,55992,Nocturno,2026-05-04 00:01:26,5,176041,"POINT (  577669.892603797,   6136449.60668146)",PEDRO F BERRO 1102 ANTES DE 1104. SUB ESTACION,0
2026-05-03,CH_104,34,S,100,,S,Requiere Limpieza,55992,Nocturno,2026-05-04 00:01:19,5,176042,"POINT (  577708.536505277,   6136483.16991064)",PEDRO F BERRO 1133,0
2026-05-03,CH_104,35,S,50,,S,,55992,Nocturno,2026-05-03 23:01:07,5,176043,"POINT (  577633.866018352,   6136573.15939437)",26 DE MARZO 1133 VEREDA. EDIFICIO,0
2026-05-03,CH_104,36,S,50,,S,,55992,Nocturno,2026-05-03 23:01:23,5,176044,"POINT (  577525.709282137,   6136487.88492850)",26 DE MARZO 1065 VEREDA,0
2026-05-03,CH_104,37,S,50,,S,,55992,Nocturno,2026-05-04 00:22:03,5,180131,"POINT (  577304.555297616,   6136937.80328854)",BARTOLITO MITRE 2778,0
2026-05-03,CH_104,38,S,75,,S,,55992,Nocturno,2026-05-04 00:24:44,5,179593,"POINT (  577406.994863366,   6136945.84714060)",BARTOLITO MITRE 2812 EN 2812/2808,0
2026-05-03,CH_104,39,N,,Auto,S,Requiere Limpieza,55992,Nocturno,2026-05-04 00:24:54,,176048,"POINT (  577497.111255443,   6136939.07685524)",GUAYAQUI 3024 VEREDA. ANTES DE 3024,0
2026-05-03,CH_104,40,S,75,,S,,55992,Nocturno,2026-05-04 00:25:01,5,176049,"POINT (  577504.090764874,   6136903.35818933)",LIBERTAD 2893 VEREDA. FTE 2886. COLEGIO/NICHO UTE,0
2026-05-03,CH_104,41,S,50,,S,,55992,Nocturno,2026-05-04 00:25:08,5,176050,"POINT (  577392.315974136,   6136841.46636305)",LIBERTAD 2831 EN 2831,0
2026-05-03,CH_104,42,S,75,,S,Requiere Limpieza,55992,Nocturno,2026-05-04 00:25:15,5,176051,"POINT (  577377.638476362,   6136801.64210336)",JOSE MARTI 3062,0
2026-05-03,CH_104,43,S,75,,S,Requiere Limpieza,55992,Nocturno,2026-05-04 00:25:22,5,176052,"POINT (  577479.457202177,   6136784.29596963)",DR MARCELINO IZCUA BARBAT Esq. RAMON MASINI FTE A EDIFICIO. MURO Y CERCO VEGETAL,0
2026-05-03,CH_104,44,S,50,,S,,55992,Nocturno,2026-05-04 00:33:40,5,176053,"POINT (  577548.328537885,   6136837.56604896)",DR MARCELINO IZCUA BARBAT 1234 PDO 1234. MURO BAJO CON CAÑAS,0
2026-05-03,CH_104,45,S,75,,S,,55992,Nocturno,2026-05-04 00:35:32,5,176054,"POINT (  577583.149105156,   6136786.04084698)",SANTIAGO VAZQUEZ 1233 ANTES DE PELUQUERIA,0
2026-05-03,CH_104,46,S,25,,S,,55992,Nocturno,2026-05-04 00:37:51,5,176055,"POINT (  577499.138392374,   6136642.96090365)",JOSE MARTI 3188 EDIFICIO,0
2026-05-03,CH_104,47,S,50,,S,,55992,Nocturno,2026-05-04 00:39:37,5,176056,"POINT (  577576.426195336,   6136539.49994032)",JOSE MARTI 3244 FTE 3249. EDIFICIO,0
2026-05-03,CH_104,48,S,50,,S,,55992,Nocturno,2026-05-04 00:41:31,5,176057,"POINT (  577613.941058527,   6136489.77093562)",JOSE MARTI 3254 FTE 3263/3269,0
2026-05-03,CH_104,49,S,50,,S,,55992,Nocturno,2026-05-04 00:41:45,5,176058,"POINT (  577667.673017161,   6136416.17816706)",JOSE MARTI 3310 EN 3312/3314. EDIFICIO IBIZA,0
2026-05-03,CH_104,50,S,100,,S,,55992,Nocturno,2026-05-04 00:45:05,5,176059,"POINT (  577703.040458825,   6136369.36766473)",JOSE MARTI 3336 EN 3336/3338. EDIFICIO,0
2026-05-03,CH_104,51,S,75,,S,,55992,Nocturno,2026-05-04 01:35:49,36,176060,"POINT (  577784.785079817,   6136263.70667795)",JOSE MARTI 3392 EDIFICIO. FALSO REBAJE,0
2026-05-03,CH_104,52,S,100,,S,,55992,Nocturno,2026-05-04 01:36:24,36,176061,"POINT (  577815.705332996,   6136223.67713857)",JOSE MARTI 3424 EDIFICIO,0
2026-05-03,CH_107,1,S,75,,S,,55992,Nocturno,2026-05-04 01:39:37,36,175949,"POINT (  577872.392473707,   6136323.37659568)",RAMON MASINI 3409,1
2026-05-03,CH_107,2,S,75,,S,,55992,Nocturno,2026-05-04 01:43:41,36,175950,"POINT (  577833.191673678,   6136367.16136023)",RAMON MASINI 3377 EDIFICIO,1
2026-05-03,CH_107,3,S,100,,S,,55992,Nocturno,2026-05-04 01:43:52,36,175951,"POINT (  577829.872251094,   6136369.69044410)",RAMON MASINI 3377,1
2026-05-03,CH_107,4,S,100,,S,Requiere Limpieza,55992,Nocturno,2026-05-04 01:43:58,36,175952,"POINT (  577773.600134923,   6136445.28634174)",RAMON MASINI 3337,1
2026-05-03,CH_107,5,S,100,,S,,55992,Nocturno,2026-05-04 01:45:57,36,175953,"POINT (  577766.882255885,   6136454.29620304)",RAMON MASINI 3325 EDIFICIO LEBLON,1
2026-05-03,CH_107,6,S,75,,S,Requiere Limpieza,55992,Nocturno,2026-05-04 01:49:19,36,175954,"POINT (  577716.537680040,   6136515.42890228)",RAMON MASINI 3285 EN 3279/3281. PDO REBAJE,1
2026-05-03,CH_107,7,S,25,,S,,55992,Nocturno,2026-05-04 01:49:38,36,175955,"POINT (  577670.302865489,   6136575.77126281)",RAMON MASINI 3251 FTE 3260,1
2026-05-03,CH_107,8,S,50,,S,,55992,Nocturno,2026-05-04 01:52:29,36,175956,"POINT (  577631.615785621,   6136623.31013623)",RAMON MASINI 3234 FTE 3234. MURO,1
2026-05-03,CH_107,9,S,50,,S,,55992,Nocturno,2026-05-04 01:53:57,36,175957,"POINT (  577640.349028370,   6136693.29462903)",MONS DOMINGO TAMBURINI 1216 FTE 1223. MURO REJAS,1
2026-05-03,CH_107,10,S,100,,S,Requiere Limpieza,55992,Nocturno,2026-05-04 01:59:27,36,175959,"POINT (  577743.468471594,   6136631.90506971)",GUAYAQUI 3251 VEREDA. EN 3256. ARBOL/COLUMNA,1
2026-05-03,CH_107,11,S,75,,S,,55992,Nocturno,2026-05-04 01:59:19,36,182992,"POINT (  577745.369683498,   6136629.43326968)",GUAYAQUI 3251,1
2026-05-03,CH_107,12,S,100,,S,,55992,Nocturno,2026-05-04 02:00:52,36,175961,"POINT (  577808.710932127,   6136547.99085714)",GUAYAQUI 3306 VEREDA. EN 3306,1
2026-05-03,CH_107,13,S,100,,S,Requiere Limpieza,55992,Nocturno,2026-05-04 02:00:59,36,182994,"POINT (  577811.070301551,   6136543.65531270)",GUAYAQUI 3310,1
2026-05-03,CH_107,14,S,100,,S,,55992,Nocturno,2026-05-04 02:05:52,36,180502,"POINT (  577844.358757081,   6136501.32429848)",GUAYAQUI 3338 VEREDA,1
2026-05-03,CH_107,15,S,100,,S,Requiere Limpieza,55992,Nocturno,2026-05-04 02:06:04,36,180503,"POINT (  577846.319541394,   6136498.92778432)",GUAYAQUI 3338 VEREDA,1
2026-05-03,CH_107,16,S,100,,S,,55992,Nocturno,2026-05-04 02:07:11,36,182993,"POINT (  577911.792135684,   6136414.49831425)",GUAYAQUI 3382,1
2026-05-03,CH_107,17,S,100,,S,,55992,Nocturno,2026-05-04 02:07:19,36,175964,"POINT (  577914.306590414,   6136412.50573464)",GUAYAQUI 3382 VEREDA. FTE 3395. ARBOL/ARBOL,1
2026-05-03,CH_107,18,S,100,,S,,55992,Nocturno,2026-05-04 02:07:26,36,180501,"POINT (  577915.896200872,   6136411.30075229)",GUAYAQUI 3382 VEREDA. FTE 3395,1
2026-05-03,CH_107,19,S,100,,S,,55992,Nocturno,2026-05-04 02:16:55,36,176353,"POINT (  577996.981264924,   6136496.03942876)",GABRIEL A PEREIRA 3285,1
2026-05-03,CH_107,20,S,100,,S,Requiere Limpieza,55992,Nocturno,2026-05-04 02:17:05,36,175967,"POINT (  577992.061744444,   6136502.01176863)",GABRIEL A PEREIRA 3285 EN 3285. EDIFICIO,1
2026-05-03,CH_107,21,S,100,,S,Requiere Limpieza,55992,Nocturno,2026-05-04 02:24:57,36,180613,"POINT (  577916.723978840,   6136596.78929966)",GABRIEL A PEREIRA 3221,1
2026-05-03,CH_107,22,S,75,,S,,55992,Nocturno,2026-05-04 02:25:03,36,175969,"POINT (  577914.398976159,   6136599.20480557)",GABRIEL A PEREIRA 3221 EN 3221/3227. EDIFICIO,1
2026-05-03,CH_107,23,S,75,,S,,55992,Nocturno,2026-05-04 02:25:11,36,177410,"POINT (  577912.721127684,   6136601.10454746)",GABRIEL A PEREIRA 3215 EN 3221/3227. EDIFICIO,1
2026-05-03,CH_107,24,S,100,,S,Requiere Limpieza,55992,Nocturno,2026-05-04 02:24:49,36,175970,"POINT (  577879.992379067,   6136641.94496394)",GABRIEL A PEREIRA 3185 FTE 3195,1
2026-05-03,CH_107,25,S,100,,S,,55992,Nocturno,2026-05-04 02:24:37,36,175971,"POINT (  577859.668020473,   6136668.02354876)",GABRIEL A PEREIRA 3181 EDIFICIO,1
2026-05-03,CH_107,26,S,100,,S,Requiere Limpieza,55992,Nocturno,2026-05-04 02:28:01,36,182147,"POINT (  577796.267473265,   6136749.52801798)",GABRIEL A PEREIRA 3129 EN 3129,1
2026-05-03,CH_107,27,S,100,,S,,55992,Nocturno,2026-05-04 02:28:08,36,183556,"POINT (  577784.264064924,   6136766.09871700)",GABRIEL A PEREIRA 3119,1
2026-05-03,CH_107,28,S,100,,S,Requiere Limpieza,55992,Nocturno,2026-05-04 02:28:18,36,182148,"POINT (  577782.615596132,   6136768.18558339)",GABRIEL A PEREIRA 3119 EN 3119,1
2026-05-03,CH_107,29,S,100,,S,Requiere Limpieza,55992,Nocturno,2026-05-04 02:31:57,36,175974,"POINT (  577698.280855834,   6136899.67182474)",JOSE ELLAURI 1312 EDIFICIO,1
2026-05-03,CH_107,30,S,75,,S,,55992,Nocturno,2026-05-04 02:32:03,36,177151,"POINT (  577701.455959913,   6136919.15943116)",JOSE ELLAURI 1316 EN 1320,1
2026-05-03,CH_107,31,S,50,,S,,55992,Nocturno,2026-05-04 02:32:09,36,177411,"POINT (  577701.823962712,   6136923.03607514)",JOSE ELLAURI 1316 EN 1320,1
2026-05-03,CH_107,32,S,100,,S,,55992,Nocturno,2026-05-04 02:35:57,36,176473,"POINT (  577775.091899319,   6136923.39144847)",MIGUEL BARREIRO 3110,1
2026-05-03,CH_107,33,S,100,,S,,55992,Nocturno,2026-05-04 02:37:12,36,176474,"POINT (  577861.130491827,   6136811.70018854)",MIGUEL BARREIRO 3176,1
2026-05-03,CH_107,34,S,100,,S,Requiere Limpieza,55992,Nocturno,2026-05-04 02:38:15,36,183334,"POINT (  577918.043870337,   6136738.19281211)",MIGUEL BARREIRO 3214,1
2026-05-03,CH_107,35,S,100,,S,,55992,Nocturno,2026-05-04 02:40:49,36,183094,"POINT (  577919.165780887,   6136737.12428840)",MIGUEL BARREIRO 3214 VEREDA,1
2026-05-03,CH_107,36,S,100,,S,,55992,Nocturno,2026-05-04 02:41:14,36,183382,"POINT (  577920.175904427,   6136735.87294143)",MIGUEL BARREIRO 3214,1
2026-05-03,CH_107,37,S,100,,S,,55992,Nocturno,2026-05-04 02:44:25,36,183095,"POINT (  577936.003096018,   6136715.96387884)",MIGUEL BARREIRO 3236 VEREDA,1
2026-05-03,CH_107,38,S,100,,S,,55992,Nocturno,2026-05-04 02:49:35,36,175979,"POINT (  577991.516275801,   6136641.10263646)",MIGUEL BARREIRO 3278 VEREDA,1
2026-05-03,CH_107,39,S,100,,S,,55992,Nocturno,2026-05-04 02:50:06,36,175980,"POINT (  578040.797249238,   6136582.24451787)",MIGUEL BARREIRO 3316 VEREDA. EN 3318/3316,1
2026-05-03,CH_107,40,S,100,,S,,55992,Nocturno,2026-05-04 02:53:34,36,176516,"POINT (  578042.649101089,   6136578.97654401)",MIGUEL BARREIRO 3316 VEREDA. EN 3318/3316. OS 4731736,1
2026-05-03,CH_107,41,S,75,,S,,55992,Nocturno,2026-05-04 02:53:27,36,181962,"POINT (  578068.471624837,   6136540.17617168)",MIGUEL BARREIRO 3336,1
2026-05-03,CH_107,42,S,100,,S,,55992,Nocturno,2026-05-04 02:56:44,36,181963,"POINT (  578070.432409150,   6136537.34392767)",MIGUEL BARREIRO 3336,1
2026-05-03,CH_107,43,S,50,,S,,55992,Nocturno,2026-05-04 02:11:00,36,176445,"POINT (  578266.411691285,   6136662.93110131)",PLAZA RUB?N DAR?O VEREDA. FTE 1289. PLAZA RUBEN DARIO,1
2026-05-03,CH_107,44,S,50,,S,,55992,Nocturno,2026-05-04 02:11:11,36,176446,"POINT (  578270.115394989,   6136665.54548039)",PLAZA RUB?N DAR?O VEREDA. FTE 1289. PLAZA RUBEN DARIO,1
2026-05-03,CH_107,45,S,75,,S,,55992,Nocturno,2026-05-04 03:18:27,7,178774,"POINT (  578163.436338252,   6136610.01053496)",MANUEL V PAGOLA 3347,1
2026-05-03,CH_107,46,S,100,,S,,55992,Nocturno,2026-05-04 03:18:40,7,175986,"POINT (  578159.804102157,   6136614.09680057)",MANUEL V PAGOLA 3347,1
2026-05-03,CH_107,47,S,100,,S,Requiere Limpieza,55992,Nocturno,2026-05-04 03:18:47,7,175987,"POINT (  578131.541321871,   6136655.56783302)",MANUEL V PAGOLA 3315 EN 3319/3315,1
2026-05-03,CH_107,48,S,100,,S,Requiere Limpieza,55992,Nocturno,2026-05-04 03:22:06,7,175988,"POINT (  578080.959644414,   6136716.26584596)",MANUEL V PAGOLA 3281,1
2026-05-03,CH_107,49,S,100,,S,,55992,Nocturno,2026-05-04 03:21:59,7,175989,"POINT (  578072.898189569,   6136723.69502984)",MANUEL V PAGOLA 3269,1
2026-05-03,CH_107,50,S,100,,S,Requiere Limpieza,55992,Nocturno,2026-05-04 03:30:00,7,175990,"POINT (  578016.072836302,   6136795.81343715)",MANUEL V PAGOLA 3225,1
2026-05-03,CH_107,51,S,100,,S,Requiere Limpieza,55992,Nocturno,2026-05-04 03:30:23,7,175991,"POINT (  577992.204607251,   6136829.36331540)",MANUEL V PAGOLA 3201 FTE 3208/3210,1
2026-05-03,CH_107,52,S,75,,S,,55992,Nocturno,2026-05-04 03:30:31,7,179078,"POINT (  577942.907109234,   6136897.19560864)",MANUEL V PAGOLA 3167 EN 3163/3161,1
2026-05-03,CH_107,53,S,75,,S,,55992,Nocturno,2026-05-04 03:30:37,7,175992,"POINT (  577942.023022790,   6136898.17792692)",MANUEL V PAGOLA 3159 EN 3163/3161,1
2026-05-03,CH_107,54,S,100,,S,Requiere Limpieza,55992,Nocturno,2026-05-04 03:32:43,7,175993,"POINT (  577869.160732917,   6136990.06381306)",MANUEL V PAGOLA 3107 FTE 3108. MURO Y CERCO VEGETAL,1
2026-05-03,CH_107,55,S,75,,S,,55992,Nocturno,2026-05-04 03:32:53,7,180049,"POINT (  577868.015524709,   6136991.19702809)",MANUEL V PAGOLA 3107 FTE 3108. MURO Y CERCO VEGETAL,1
2026-05-03,CH_107,56,S,75,,S,,55992,Nocturno,2026-05-04 03:35:27,7,175995,"POINT (  577904.793145894,   6137086.93470108)",LORENZO JUSTINIANO PEREZ 3072 EN 3070/3074,1
2026-05-03,CH_107,57,S,75,,S,,55992,Nocturno,2026-05-04 03:36:58,7,176483,"POINT (  577917.275772767,   6137071.37997190)",LORENZO JUSTINIANO PEREZ 3086 EN 3088. OS 4691496,1
2026-05-03,CH_107,58,S,100,,S,Requiere Limpieza,55992,Nocturno,2026-05-04 03:39:00,7,183093,"POINT (  577982.578490785,   6136989.99602207)",LORENZO JUSTINIANO PEREZ 3146,1
2026-05-03,CH_107,59,S,100,,S,Requiere Limpieza,55992,Nocturno,2026-05-04 03:39:21,7,179046,"POINT (  577984.354220825,   6136987.05157702)",LORENZO JUSTINIANO PEREZ 3146 PDO 3146. ESQ,1
2026-05-03,CH_107,60,S,50,,S,,55992,Nocturno,2026-05-04 03:42:03,7,182115,"POINT (  578068.890683276,   6136881.02346246)",LORENZO JUSTINIANO PEREZ 3209,1
2026-05-03,CH_107,61,S,50,,S,,55992,Nocturno,2026-05-04 03:43:43,7,180631,"POINT (  578102.384244938,   6136836.71699340)",LORENZO JUSTINIANO PEREZ 3242,1
2026-05-03,CH_107,62,S,100,,S,Requiere Limpieza,55992,Nocturno,2026-05-04 03:45:32,7,178771,"POINT (  578150.719759024,   6136806.59089183)",ECHEVARRIARZA 3216,1
2026-05-03,CH_107,63,S,75,,S,,55992,Nocturno,2026-05-04 03:47:27,7,182990,"POINT (  578201.583643018,   6136791.94888265)",ECHEVARRIARZA 3238,1
2026-05-03,CH_107,64,S,100,,S,Requiere Limpieza,55992,Nocturno,2026-05-04 03:48:25,7,176002,"POINT (  578206.030745317,   6136790.63671860)",ECHEVARRIARZA 3238 FTE ABITAB,1
2026-05-03,CH_107,65,S,75,,S,,55992,Nocturno,2026-05-04 03:51:53,7,176003,"POINT (  578297.417245870,   6136775.72178699)",ECHEVARRIARZA 3270 EN 3274 BIS,1
2026-05-03,CH_107,66,S,75,,S,Requiere Limpieza,55992,Nocturno,2026-05-04 03:52:01,7,176191,"POINT (  578343.462940070,   6136767.98892232)",ECHEVARRIARZA 3298 MURO VEGETAL,1
2026-05-03,CH_107,67,S,50,,S,,55992,Nocturno,2026-05-04 03:58:13,7,176005,"POINT (  578346.913519378,   6136767.26111286)",ECHEVARRIARZA 3298 EDIFICIO,1
2026-05-03,CH_107,68,S,50,,S,,55992,Nocturno,2026-05-04 03:58:24,7,176006,"POINT (  578454.829371313,   6136748.66973308)",ECHEVARRIARZA 3324 EN 3324/3328,1
2026-05-03,CH_107,69,S,50,,S,,55992,Nocturno,2026-05-04 03:58:32,7,176007,"POINT (  578526.829227820,   6136738.15822823)",ECHEVARRIARZA Esq. BASILIO PEREIRA DE LA LUZ,1
2026-05-03,CH_105,1,S,100,,S,,55993,Nocturno,2026-05-04 01:49:37,17,175453,"POINT (  576978.808062446,   6137033.84863734)",PTE GRAL OSCAR DIEGO GESTIDO 2599 EDIFICIO,0
2026-05-03,CH_105,2,S,50,,S,,55993,Nocturno,2026-05-04 01:49:59,17,175454,"POINT (  576970.946867423,   6137033.18351503)",PTE GRAL OSCAR DIEGO GESTIDO 2587 MURO CASA,0
2026-05-03,CH_105,3,S,100,,S,,55993,Nocturno,2026-05-04 01:50:06,17,175483,"POINT (  576840.545708590,   6137021.75919012)",PTE GRAL OSCAR DIEGO GESTIDO 2531 EN 2527/2529. OFICINA,0
2026-05-03,CH_105,4,S,100,,S,,55993,Nocturno,2026-05-04 01:50:12,17,175484,"POINT (  576777.234011578,   6137015.38705670)",PTE GRAL OSCAR DIEGO GESTIDO 2501 FTE A EDIFICIO,0
2026-05-03,CH_105,5,S,100,,S,,55993,Nocturno,2026-05-04 01:50:18,17,175485,"POINT (  576714.878134580,   6137011.38171570)",PTE GRAL OSCAR DIEGO GESTIDO 2481 ARBOL/ARBOL,0
2026-05-03,CH_105,6,S,100,,S,,55993,Nocturno,2026-05-03 23:40:30,17,175486,"POINT (  576489.213581178,   6137106.87268646)",CHARRUA 2370 FTE 2371. MURO CIEGO,0
2026-05-03,CH_105,7,S,100,,S,,55993,Nocturno,2026-05-03 23:40:37,17,176368,"POINT (  576552.184997386,   6137111.43061939)",CHARRUA 2392,0
2026-05-03,CH_105,8,S,50,,S,,55993,Nocturno,2026-05-03 23:40:44,17,175495,"POINT (  576596.492998760,   6137115.79367325)",CHARRUA 2414 EN 2414/2424. COLUMNA/ARBOL,0
2026-05-03,CH_105,9,S,100,,S,,55993,Nocturno,2026-05-03 23:40:49,17,175496,"POINT (  576701.587684884,   6137123.53126382)",CHARRUA 2464,0
2026-05-03,CH_105,10,S,100,,S,,55993,Nocturno,2026-05-03 23:40:55,17,183068,"POINT (  576891.537774894,   6137140.16337447)",CHARRUA 2544,0
2026-05-03,CH_105,11,S,50,,S,,55993,Nocturno,2026-05-03 23:41:02,17,180187,"POINT (  576898.198680952,   6137140.05383810)",CHARRUA 2544 ESQUINA BRITO DEL PINO,0
2026-05-03,CH_105,12,S,100,,S,,55993,Nocturno,2026-05-03 23:41:08,17,175501,"POINT (  577074.688891419,   6137154.01716019)",CHARRUA 2644 MURO DE PIEDRA,0
2026-05-03,CH_105,13,S,50,,S,,55993,Nocturno,2026-05-03 23:41:16,17,183338,"POINT (  577077.079957208,   6137154.10098876)",CHARRUA 2644,0
2026-05-03,CH_105,14,S,100,,S,,55993,Nocturno,2026-05-03 23:51:12,17,183792,"POINT (  577088.990039850,   6137249.41373158)",CNEL ALEGRE 1344 Coronel alegre 1348,0
2026-05-03,CH_105,15,S,100,,S,,55993,Nocturno,2026-05-03 23:51:24,17,175888,"POINT (  577031.544746651,   6137277.34802407)",SILVESTRE BLANCO 2593 EN 2589,0
2026-05-03,CH_105,16,S,100,,S,,55993,Nocturno,2026-05-03 23:51:37,17,175514,"POINT (  576857.340831665,   6137260.48661703)",SILVESTRE BLANCO 2517 FTE 2520,0
2026-05-03,CH_105,17,S,100,,S,,55993,Nocturno,2026-05-03 23:54:43,17,180262,"POINT (  576854.333218706,   6137260.35515029)",SILVESTRE BLANCO 2517,0
2026-05-03,CH_105,18,S,100,,S,,55993,Nocturno,2026-05-03 23:54:49,17,183613,"POINT (  576650.561145970,   6137245.70034706)",SILVESTRE BLANCO 2435,0
2026-05-03,CH_105,19,S,100,,S,,55993,Nocturno,2026-05-03 23:54:55,17,179023,"POINT (  576647.087990963,   6137245.64222711)",SILVESTRE BLANCO 2435 MURO GRAFFITI,0
2026-05-03,CH_105,20,S,100,,S,,55993,Nocturno,2026-05-03 23:58:06,17,175633,"POINT (  576558.253391827,   6137236.73332293)",SILVESTRE BLANCO 2379 FTE 2396,0
2026-05-03,CH_105,21,S,100,,S,,55993,Nocturno,2026-05-03 23:58:11,17,178772,"POINT (  576553.032052440,   6137236.50630817)",SILVESTRE BLANCO 2379 FTE 2396,0
2026-05-03,CH_105,22,S,100,,S,,55993,Nocturno,2026-05-04 00:08:45,17,175518,"POINT (  576537.596279901,   6136742.65974651)",GRAL ARQ ALFREDO BALDOMIR 2400 FTE 2405. CASA ABANDONADA,0
2026-05-03,CH_105,23,S,100,,S,,55993,Nocturno,2026-05-04 00:08:56,17,175524,"POINT (  576575.925952605,   6136747.00692375)",GRAL ARQ ALFREDO BALDOMIR 2406 VEREDA,0
2026-05-03,CH_105,24,S,100,,S,,55993,Nocturno,2026-05-04 00:09:02,17,175526,"POINT (  576626.305480099,   6136750.03321517)",GRAL ARQ ALFREDO BALDOMIR 2438 MURO GRIS,0
2026-05-03,CH_105,25,S,100,,S,,55993,Nocturno,2026-05-04 00:09:37,17,181971,"POINT (  576646.167493156,   6136752.70360658)",GRAL ARQ ALFREDO BALDOMIR 2442,0
2026-05-03,CH_105,26,S,100,,S,,55993,Nocturno,2026-05-04 02:43:10,17,180033,"POINT (  576739.835513621,   6136760.00679932)",GRAL ARQ ALFREDO BALDOMIR 2480,0
2026-05-03,CH_105,27,S,100,,S,,55993,Nocturno,2026-05-04 02:44:36,17,181974,"POINT (  576753.461874852,   6136760.42767857)",GRAL ARQ ALFREDO BALDOMIR 2482,0
2026-05-03,CH_105,28,S,50,,S,,55993,Nocturno,2026-05-04 02:45:37,17,175535,"POINT (  576787.664649871,   6136667.09409705)",GRAL JOSE ESTEBAN BRITO DEL PINO 1123 EN 1123/1125,0
2026-05-03,CH_105,29,S,100,,S,,55993,Nocturno,2026-05-04 01:13:41,17,181935,"POINT (  576828.049312854,   6136741.26543028)",EUFEMIO MASCULINO 2541 PROV OV(O: EL VIEJO PANCHO 2540),0
2026-05-03,CH_105,30,N,,Tapa Bloqueda,S,,55993,Nocturno,2026-05-04 02:53:56,,181973,"POINT (  576796.014489583,   6136573.08382361)",GRAL JOSE ESTEBAN BRITO DEL PINO 1091,0
2026-05-03,CH_105,31,S,50,,S,,55993,Nocturno,2026-05-04 02:54:05,17,175528,"POINT (  576796.363376696,   6136570.56132324)",GRAL JOSE ESTEBAN BRITO DEL PINO 1091 EN 1093/1099. LABORATORIO,0
2026-05-03,CH_105,32,S,50,,S,,55993,Nocturno,2026-05-04 03:19:30,17,183122,"POINT (  576688.069433106,   6136447.27348157)",OBLIGADO 1057 EN 1051,0
2026-05-03,CH_105,33,S,100,,S,,55993,Nocturno,2026-05-04 03:19:46,17,183124,"POINT (  576687.386839249,   6136452.50670114)",OBLIGADO 1057,0
2026-05-03,CH_105,34,S,50,,S,,55993,Nocturno,2026-05-04 03:19:51,17,181972,"POINT (  576691.809736679,   6136552.43948577)",OBLIGADO 1094,0
2026-05-03,CH_105,35,S,100,,S,,55993,Nocturno,2026-05-04 01:56:46,17,179011,"POINT (  576691.207398976,   6136556.29080603)",OBLIGADO 1094,0
2026-05-03,CH_105,36,S,100,,S,,55993,Nocturno,2026-05-04 01:56:56,17,175519,"POINT (  576683.664827371,   6136673.09852795)",OBLIGADO 1118,0
2026-05-03,CH_105,37,S,100,,S,,55993,Nocturno,2026-05-04 01:16:06,17,183336,"POINT (  576557.860727582,   6136620.07723644)",PRUDENCIO VAZQUEZ Y VEGA 1113,0
2026-05-03,CH_105,38,S,100,,S,,55993,Nocturno,2026-05-04 01:16:16,17,183125,"POINT (  576567.705383049,   6136485.95380012)",PRUDENCIO VAZQUEZ Y VEGA 1053,0
2026-05-03,CH_105,39,S,100,,S,,55993,Nocturno,2026-05-04 01:16:22,17,180542,"POINT (  576565.640464924,   6136481.62363922)",PRUDENCIO VAZQUEZ Y VEGA 1053 VEREDA.ESQ,0
2026-05-03,CH_105,40,N,,Fuego,S,,55993,Nocturno,2026-05-04 01:21:44,,175546,"POINT (  576458.399764588,   6136869.69277767)",MALDONADO 2361 MURO CIEGO,0
2026-05-03,CH_105,41,N,,Fuego,S,,55993,Nocturno,2026-05-04 01:22:02,,181970,"POINT (  576460.228014929,   6136869.54775000)",MALDONADO 2366,0
2026-05-03,CH_105,42,S,100,,S,,55993,Nocturno,2026-05-04 01:22:11,17,175610,"POINT (  576552.183186491,   6136941.83530098)",FRANCISCO ARAUCHO 1228,0
2026-05-03,CH_105,43,S,100,,S,,55993,Nocturno,2026-05-04 01:25:31,17,176573,"POINT (  576552.722153672,   6136944.91521074)",FRANCISCO ARAUCHO 1228,0
2026-05-03,CH_105,44,S,100,,S,,55993,Nocturno,2026-05-04 03:24:53,17,175561,"POINT (  577069.396328700,   6136747.80296847)",LUIS B CAVIA 2716 FTE 2717,0
2026-05-03,CH_105,45,S,100,,S,,55993,Nocturno,2026-05-04 03:25:00,17,175545,"POINT (  577082.420623483,   6136736.60693178)",LUIS B CAVIA 2724 MURO EDIFICIO,0
2026-05-03,CH_105,46,S,50,,S,,55993,Nocturno,2026-05-04 03:25:06,17,175543,"POINT (  577110.749220581,   6136713.51296676)",LUIS B CAVIA 2742 FTE 2670,0
2026-05-03,CH_105,47,S,100,,S,,55993,Nocturno,2026-05-04 01:05:16,17,175540,"POINT (  577090.580491125,   6136672.25174924)",LIBERTAD 2667 VEREDA. FTE 2670/2680,0
2026-05-03,CH_105,48,S,100,,S,,55993,Nocturno,2026-05-04 01:11:32,17,176140,"POINT (  576956.176151198,   6136635.87382811)",EUFEMIO MASCULINO 2657 EN 2655,0
2026-05-03,CH_105,49,S,100,,S,,55993,Nocturno,2026-05-04 01:11:41,17,175533,"POINT (  576968.259456372,   6136613.74703784)",EUFEMIO MASCULINO 2687,0
2026-05-03,CH_105,50,S,50,,S,,55993,Nocturno,2026-05-04 03:22:14,17,175608,"POINT (  576727.389401153,   6136845.91836624)",SIMON BOLIVAR 1182 EDIFICIO,0
2026-05-03,CH_105,51,S,75,,S,,55993,Nocturno,2026-05-04 03:22:24,17,175609,"POINT (  576743.555176672,   6136893.03005489)",SIMON BOLIVAR 1194 MURO GRIS,0
2026-05-03,CH_105,52,S,50,,S,,55993,Nocturno,2026-05-04 03:22:31,17,175611,"POINT (  576750.329406412,   6136917.20173829)",SIMON BOLIVAR 1206 LOCAL,0
2026-05-03,CH_105,53,S,100,,S,,55993,Nocturno,2026-05-04 01:34:00,17,175616,"POINT (  577018.835239779,   6136870.09004963)",BALTASAR VARGAS 1178 ANTES DE 1178. MURO BAJO CON REJAS,0
2026-05-03,CH_105,54,S,100,,N,,55993,Nocturno,2026-05-04 01:33:53,17,175618,"POINT (  577018.527320245,   6136872.01454672)",BALTASAR VARGAS 1178 ANTES DE 1178. MURO BAJO CON REJAS,0
2026-05-03,CH_105,55,S,100,,S,,55993,Nocturno,2026-05-04 01:36:39,17,175622,"POINT (  577035.154975064,   6136915.35422109)",BARTOLITO MITRE 2608,0
2026-05-03,CH_105,56,S,100,,S,,55993,Nocturno,2026-05-04 01:36:47,17,175628,"POINT (  577134.256952493,   6136922.91268337)",BARTOLITO MITRE 2651 FTE 2651,0
2026-05-03,CH_105,57,S,100,,S,,55993,Nocturno,2026-05-04 01:36:57,17,180043,"POINT (  577235.300844456,   6136931.64439187)",BARTOLITO MITRE Esq. AV DR FRANCISCO SOCA,0
2026-05-03,CH_105,58,S,100,,S,,55993,Nocturno,2026-05-04 01:37:26,17,175630,"POINT (  577237.409996264,   6136931.53443032)",BARTOLITO MITRE Esq. AV DR FRANCISCO SOCA,0
2026-05-03,CH_105,59,S,50,,S,,55993,Nocturno,2026-05-04 01:42:39,17,175623,"POINT (  577251.285620248,   6136768.62575204)",LIBERTAD 2757 FTE A IGLESIA,0
2026-05-03,CH_105,60,S,50,,S,,55993,Nocturno,2026-05-04 01:44:16,17,175625,"POINT (  577131.716616340,   6136863.48421338)",CNEL ALEGRE 1176 EN 1176/1180 ,0
2026-05-03,CH_105,61,S,100,,S,,55993,Nocturno,2026-05-04 01:44:23,17,175631,"POINT (  577120.455586446,   6136976.22898800)",CNEL ALEGRE 1222 PDO 1222,0
2026-05-03,CH_105,62,S,100,,S,,55993,Nocturno,2026-05-04 01:44:29,17,181969,"POINT (  577117.546540491,   6136991.44764963)",CNEL ALEGRE 1230,0
2026-05-03,CH_105,63,S,75,,S,,55993,Nocturno,2026-05-04 00:53:36,17,175615,"POINT (  576876.730374987,   6136991.87222520)",GRAL JOSE ESTEBAN BRITO DEL PINO 1239,0
2026-05-03,CH_105,64,S,75,,S,,55993,Nocturno,2026-05-04 00:54:41,17,175614,"POINT (  576867.492788977,   6136945.37637562)",GRAL JOSE ESTEBAN BRITO DEL PINO 1221 PDO REBAJE,0
2026-05-03,CH_122,1,S,75,,S,,55993,Nocturno,2026-05-04 02:57:31,17,180045,"POINT (  577307.695318268,   6136150.63316822)",BV ESPAÑA Esq. JOSE ELLAURI VEREDA. EN 2698,1
2026-05-03,CH_122,2,S,75,,S,,55993,Nocturno,2026-05-04 02:58:16,17,177239,"POINT (  577309.866145530,   6136150.65433355)",BV ESPAÑA Esq. JOSE ELLAURI VEREDA. AV SARMIENTO 2698. EL QUIJOTE,1
2026-05-03,CH_122,3,S,100,,S,,55993,Nocturno,2026-05-04 02:58:21,17,177240,"POINT (  577448.061525296,   6136108.32407209)",BV ESPAÑA 2812 VEREDA,1
2026-05-03,CH_122,4,S,100,,S,,55993,Nocturno,2026-05-04 02:58:32,17,177242,"POINT (  577453.775975417,   6136106.30720734)",BV ESPAÑA 2818 VEREDA. EN 2820,1
2026-05-03,CH_122,5,S,50,,S,,55993,Nocturno,2026-05-04 02:58:39,17,177243,"POINT (  577524.618349699,   6136082.86115464)",BV ESPAÑA 2866 VEREDA. EN 2868,1
2026-05-03,CH_122,6,S,50,,S,,55993,Nocturno,2026-05-04 02:58:46,17,177244,"POINT (  577526.601762740,   6136082.10497255)",BV ESPAÑA 2866 VEREDA. EN 2868,1
2026-05-03,CH_122,7,S,75,,S,,55993,Nocturno,2026-05-04 03:03:21,17,181099,"POINT (  577564.738239591,   6135991.31535620)",ROQUE GRASERAS 853,1
2026-05-03,CH_122,8,S,50,,S,,55993,Nocturno,2026-05-04 03:03:27,17,181100,"POINT (  577564.055645734,   6135988.81251206)",ROQUE GRASERAS 853,1
2026-05-03,CH_122,9,S,100,,S,,55993,Nocturno,2026-05-03 23:06:44,17,177202,"POINT (  577736.522205297,   6136118.20530880)","PLAZA JOAQUÍN DA SILVA XAVIER, TIRADENTES EN 3139. INMOB. PARK",1
2026-05-03,CH_122,10,S,100,,S,,55993,Nocturno,2026-05-03 23:05:46,17,177203,"POINT (  577688.722875326,   6136191.93200577)",AV BRASIL 3091 PDO 3099. FTE ABITAB,1
2026-05-03,CH_122,11,S,100,,S,,55993,Nocturno,2026-05-03 23:05:52,17,177204,"POINT (  577616.637803838,   6136301.18676364)",AV BRASIL 3029 EN 3033/3031. EDIFICIO,1
2026-05-03,CH_122,12,S,100,,S,,55993,Nocturno,2026-05-03 23:06:00,17,177205,"POINT (  577554.399194119,   6136392.59920588)",AV BRASIL 2995,1
2026-05-03,CH_122,13,S,50,,S,,55993,Nocturno,2026-05-03 23:06:08,17,177206,"POINT (  577489.659360730,   6136492.87295075)",AV BRASIL 2939 EN 2939/2941. EDIFICIO,1
2026-05-03,CH_122,14,S,100,,S,,55993,Nocturno,2026-05-03 23:06:15,17,177207,"POINT (  577438.210287571,   6136567.62403107)",AV BRASIL 2887 EDIFICIO. BETTER LIFE,1
2026-05-03,CH_122,15,S,100,,S,,55993,Nocturno,2026-05-03 23:06:53,17,177208,"POINT (  577382.617450686,   6136650.33356082)",AV BRASIL 2835,1
2026-05-03,CH_122,16,S,100,,S,,55993,Nocturno,2026-05-03 23:07:00,17,180040,"POINT (  577381.561484477,   6136651.70631690)",AV BRASIL 2835,1
2026-05-03,CH_122,17,S,100,,S,,55993,Nocturno,2026-05-03 23:15:51,17,177209,"POINT (  577329.380363375,   6136751.12208235)",AV DR FRANCISCO SOCA 1126 EN 1128. EDIFICIO/REBAJE,1
2026-05-03,CH_122,18,S,100,,S,,55993,Nocturno,2026-05-03 23:15:57,17,177210,"POINT (  577303.458017648,   6136823.42273529)",AV DR FRANCISCO SOCA 1158,1
2026-05-03,CH_122,19,S,100,,S,,55993,Nocturno,2026-05-03 23:16:02,17,177216,"POINT (  577071.093974675,   6137529.21460243)",AV DR FRANCISCO SOCA 1480 PDO REBAJE,1
2026-05-03,CH_122,20,S,75,,S,,55993,Nocturno,2026-05-03 23:19:05,17,177217,"POINT (  576999.435172859,   6137747.19475211)",AV DR FRANCISCO SOCA 1562 VEREDA. FTE 1553. MEDPOINT,1
2026-05-03,CH_122,21,S,100,,S,,55993,Nocturno,2026-05-03 23:21:11,17,177778,"POINT (  576622.637154617,   6137447.27474519)",AV ING LUIS P PONCE 1367 VEREDA. EN 1367/1369,1
2026-05-03,CH_122,22,S,100,,S,,55993,Nocturno,2026-05-03 23:21:17,17,177218,"POINT (  576620.672518075,   6137443.34547210)",AV ING LUIS P PONCE 1363 VEREDA. EN 1367/1369,1
2026-05-03,CH_122,23,S,75,,S,,55993,Nocturno,2026-05-03 23:21:28,17,182998,"POINT (  576617.619988293,   6137439.22028956)",AV ING LUIS P PONCE 1363,1
2026-05-03,CH_122,24,S,50,,S,,55993,Nocturno,2026-05-03 23:21:34,17,177219,"POINT (  576540.430370570,   6137321.35617012)",AV ING LUIS P PONCE 1325 PDO REBAJE,1
2026-05-03,CH_122,25,S,50,,S,,55993,Nocturno,2026-05-03 23:21:45,17,177220,"POINT (  576467.480418375,   6137195.05053678)",AV ING LUIS P PONCE 1282 FTE 1296. ANTES OBRA,1
2026-05-03,CH_122,26,S,100,,S,,55993,Nocturno,2026-05-04 01:26:57,17,177221,"POINT (  576665.917174124,   6136956.56276177)",AV BRASIL 2452 EDIFICIO,1
2026-05-03,CH_122,27,S,100,,S,,55993,Nocturno,2026-05-04 01:27:16,17,177222,"POINT (  576670.266038738,   6136955.28121231)",AV BRASIL 2452 EN 2454,1
2026-05-03,CH_122,28,S,100,,S,,55993,Nocturno,2026-05-04 01:27:21,17,177223,"POINT (  576802.034535623,   6136904.60748551)",AV BRASIL 2524 EDIFICIO,1
2026-05-03,CH_122,29,S,100,,S,,55993,Nocturno,2026-05-04 00:55:33,17,179040,"POINT (  576879.561718048,   6136876.61763610)",AV BRASIL 2560 EN 2564,1
2026-05-03,CH_122,30,S,100,,S,,55993,Nocturno,2026-05-04 00:57:42,17,177224,"POINT (  576887.450480817,   6136873.26916845)",AV BRASIL 2570 EN COLUMNA/CARTEL. ANTES REBAJE,1
2026-05-03,CH_122,31,S,100,,S,,55993,Nocturno,2026-05-04 01:03:27,17,177225,"POINT (  577029.057873848,   6136814.77296818)",AV BRASIL 2652 EN 2666. ARBOL/ARBOL,1
2026-05-03,CH_122,32,S,100,,S,,55993,Nocturno,2026-05-04 01:03:33,17,177226,"POINT (  577072.077754067,   6136797.68723037)",AV BRASIL 2666 EN 2670,1
2026-05-03,CH_122,33,S,100,,S,,55993,Nocturno,2026-05-04 01:03:38,17,177227,"POINT (  577098.345581553,   6136787.25116797)",AV BRASIL 2686 EDIFICIO,1
2026-05-03,CH_122,34,S,75,,S,,55993,Nocturno,2026-05-04 01:04:03,17,177228,"POINT (  577167.752135295,   6136760.77567647)",AV BRASIL 2728 EN 2722,1
2026-05-03,CH_108,1,S,100,,S,Basura Afuera,55994,Nocturno,2026-05-04 03:15:24,33,175857,"POINT (  578501.775713952,   6137398.86486883)",JULIO CESAR 1365 EN 1365/1375,0
2026-05-03,CH_108,2,S,75,,S,Requiere Limpieza,55994,Nocturno,2026-05-04 03:17:05,33,175900,"POINT (  578525.259660452,   6137292.38999887)",JULIO CESAR 1319 EN 1319,0
2026-05-03,CH_108,3,S,50,,S,Basura Afuera,55994,Nocturno,2026-05-04 03:20:00,33,179725,"POINT (  578550.097319377,   6137210.42952076)",JULIO CESAR 1287,0
2026-05-03,CH_108,4,S,50,,S,Basura Afuera,55994,Nocturno,2026-05-04 03:20:07,33,179724,"POINT (  578560.616934948,   6137173.86192734)",JULIO CESAR 1267 EN 1265. SUBESTACION,0
2026-05-03,CH_108,5,S,50,,S,Basura Afuera,55994,Nocturno,2026-05-04 03:24:53,33,175832,"POINT (  578581.795951604,   6137103.79008325)",JULIO CESAR 1243 EN 1237/1245. EDIFICIO,0
2026-05-03,CH_108,6,S,75,,S,,55994,Nocturno,2026-05-04 03:25:00,33,175833,"POINT (  578582.247929005,   6137101.98217365)",JULIO CESAR 1243 EN 1237/1245. EDIFICIO,0
2026-05-03,CH_108,7,S,100,,S,Basura Afuera,55994,Nocturno,2026-05-04 03:25:10,33,175834,"POINT (  578590.457400565,   6137068.20920791)",JULIO CESAR 1222 EN 1215,0
2026-05-03,CH_108,8,S,50,,S,,55994,Nocturno,2026-05-04 03:28:29,33,179723,"POINT (  578626.898483045,   6136929.75982284)",JULIO CESAR 1179 EN 1175,0
2026-05-03,CH_108,9,S,75,,S,Basura Afuera,55994,Nocturno,2026-05-04 03:28:36,33,175836,"POINT (  578640.666008102,   6136863.76183467)",JULIO CESAR 1139 EN 1141. ANTES DE ESCUELA,0
2026-05-03,CH_108,10,S,50,,S,Basura Afuera,55994,Nocturno,2026-05-04 03:30:23,33,175837,"POINT (  578668.349623921,   6136740.14601546)",JULIO CESAR 1063 ARBOL/ARBOL,0
2026-05-03,CH_108,11,S,50,,S,"Poda, Requiere Limpieza",55994,Nocturno,2026-05-04 03:31:22,33,175838,"POINT (  578756.446101130,   6136687.07926441)",ECHEVARRIARZA 3420 EN 3422. MURO CHAPA,0
2026-05-03,CH_108,12,S,75,,S,Requiere Mantenimiento,55994,Nocturno,2026-05-04 02:49:13,33,183559,"POINT (  578811.839432462,   6136679.14608214)",MARCO BRUTO 1041,0
2026-05-03,CH_108,13,S,75,,S,,55994,Nocturno,2026-05-04 02:49:19,33,182864,"POINT (  578833.839475430,   6136615.34456467)",MARCO BRUTO 1001,0
2026-05-03,CH_108,14,S,25,,S,Requiere Mantenimiento,55994,Nocturno,2026-05-04 02:49:32,33,182865,"POINT (  578834.351420822,   6136613.69496285)",MARCO BRUTO 1001,0
2026-05-03,CH_108,15,S,75,,S,Basura Afuera,55994,Nocturno,2026-05-04 02:56:50,33,181966,"POINT (  578537.509147276,   6136677.14256100)",BASILIO PEREIRA DE LA LUZ 1035,0
2026-05-03,CH_108,16,S,75,,S,,55994,Nocturno,2026-05-04 02:58:02,33,181965,"POINT (  578538.053809586,   6136679.86587255)",BASILIO PEREIRA DE LA LUZ 1040,0
2026-05-03,CH_108,17,S,75,,S,Basura Afuera,55994,Nocturno,2026-05-04 03:00:02,33,179598,"POINT (  578551.676890099,   6136758.78131023)",BASILIO PEREIRA DE LA LUZ 1058,0
2026-05-03,CH_108,18,S,75,,S,Basura Afuera,55994,Nocturno,2026-05-04 03:00:18,33,179674,"POINT (  578519.561841374,   6136888.18957488)",BASILIO PEREIRA DE LA LUZ 1148,0
2026-05-03,CH_108,19,S,100,,S,"Basura Afuera, Requiere Mantenimiento",55994,Nocturno,2026-05-04 03:00:11,33,179675,"POINT (  578490.258614406,   6136956.13449582)",BASILIO PEREIRA DE LA LUZ 1190,0
2026-05-03,CH_108,20,S,75,,S,Basura Afuera,55994,Nocturno,2026-05-04 03:03:21,33,175847,"POINT (  578464.846799062,   6137066.58669342)",BASILIO PEREIRA DE LA LUZ 1240 EDIFICIO. ARBOL/ARBOL,0
2026-05-03,CH_108,21,S,75,,S,Basura Afuera,55994,Nocturno,2026-05-04 03:03:27,33,175848,"POINT (  578462.699906407,   6137073.14036574)",BASILIO PEREIRA DE LA LUZ 1240 EDIFICIO. ARBOL/ARBOL,0
2026-05-03,CH_108,22,S,100,,S,"Basura Afuera, Requiere Mantenimiento",55994,Nocturno,2026-05-04 03:07:42,33,183496,"POINT (  578434.670455221,   6137191.63570031)",BASILIO PEREIRA DE LA LUZ 1294,0
2026-05-03,CH_108,23,S,75,,S,Basura Afuera,55994,Nocturno,2026-05-04 03:09:55,33,175850,"POINT (  578416.590437853,   6137268.55975989)",BASILIO PEREIRA DE LA LUZ 1330 FABRICA,0
2026-05-03,CH_108,24,S,100,,S,Basura Afuera,55994,Nocturno,2026-05-04 03:11:42,33,175851,"POINT (  578390.383522226,   6137375.28725840)",BASILIO PEREIRA DE LA LUZ 1378 EDIFICIO,0
2026-05-03,CH_108,25,S,75,,S,Basura Afuera,55994,Nocturno,2026-05-04 02:31:17,33,175858,"POINT (  578588.963319210,   6137458.61625706)",MARCO BRUTO 1369 EN 1375. VOPERO,0
2026-05-03,CH_108,26,S,100,,S,Requiere Mantenimiento,55994,Nocturno,2026-05-04 02:31:24,33,175859,"POINT (  578629.292890835,   6137332.58518921)",MARCO BRUTO 1333,0
2026-05-03,CH_108,27,S,75,,S,Basura Afuera,55994,Nocturno,2026-05-04 02:31:30,33,175860,"POINT (  578643.087612995,   6137281.55411017)",MARCO BRUTO 1305 FTE 1306,0
2026-05-03,CH_108,28,S,75,,S,Basura Afuera,55994,Nocturno,2026-05-04 02:34:33,33,175861,"POINT (  578674.518572347,   6137175.46924715)",MARCO BRUTO 1259 EN 1263 BIS. EDIFICIO,0
2026-05-03,CH_108,29,S,75,,S,"Basura Afuera, Poda, Requiere Limpieza",55994,Nocturno,2026-05-04 02:34:48,33,175862,"POINT (  578688.624336159,   6137124.83094633)",MARCO BRUTO 1237 EN 1239,0
2026-05-03,CH_108,30,S,75,,S,Basura Afuera,55994,Nocturno,2026-05-04 02:41:57,33,179163,"POINT (  578707.003618468,   6137063.97300000)",MARCO BRUTO 1207 FTE 1208,0
2026-05-03,CH_108,31,S,75,,S,Basura Afuera,55994,Nocturno,2026-05-04 02:42:03,33,175863,"POINT (  578708.235761285,   6137058.61378412)",MARCO BRUTO 1207 FTE 1208,0
2026-05-03,CH_108,32,S,100,,S,Basura Afuera,55994,Nocturno,2026-05-04 02:42:09,33,175864,"POINT (  578725.864154588,   6137013.65753220)",MARCO BRUTO 1193 ANTES DE 1197. CASA GRIS,0
2026-05-03,CH_108,33,S,75,,S,Basura Afuera,55994,Nocturno,2026-05-04 02:44:20,33,176189,"POINT (  578726.765744068,   6137008.85575932)",MARCO BRUTO 1193 ANTES DE 1197. CASA GRIS,0
2026-05-03,CH_108,34,S,75,,S,Basura Afuera,55994,Nocturno,2026-05-04 02:44:27,33,175865,"POINT (  578751.611758590,   6136905.44085097)",MARCO BRUTO 1139 FTE 1144C,0
2026-05-03,CH_108,35,S,25,,S,,55994,Nocturno,2026-05-04 02:45:40,33,175866,"POINT (  578796.993566867,   6136751.31008951)",MARCO BRUTO 1057 FTE 1074. PDO EMBAJADA,0
2026-05-03,CH_108,36,S,75,,S,,55994,Nocturno,2026-05-04 03:34:13,33,181215,"POINT (  578924.951395677,   6136725.91329579)",ECHEVARRIARZA 3494 VEREDA,0
2026-05-03,CH_108,37,S,25,,S,,55994,Nocturno,2026-05-04 03:34:20,33,175867,"POINT (  578926.544114676,   6136726.25459272)",ECHEVARRIARZA 3494 VEREDA. EN 3496,0
2026-05-03,CH_108,39,S,50,,S,,55994,Nocturno,2026-05-04 02:05:05,33,175871,"POINT (  578963.578034587,   6136852.92353562)",AV DR LUIS ALBERTO DE HERRERA 989,1
2026-05-03,CH_108,40,S,50,,S,"Basura Afuera, Poda",55994,Nocturno,2026-05-04 00:06:00,33,175873,"POINT (  579131.127861220,   6136893.64912680)",ANTONIO D COSTA 3584 EN 3592,1
2026-05-03,CH_108,41,S,50,,S,,55994,Nocturno,2026-05-04 00:00:09,33,181923,"POINT (  578988.208749891,   6136649.15627255)",AV DR LUIS ALBERTO DE HERRERA Esq. RBLA ARMENIA,1
2026-05-03,CH_108,42,S,50,,S,,55994,Nocturno,2026-05-04 00:00:15,33,181922,"POINT (  578987.228357734,   6136650.89919194)",AV DR LUIS ALBERTO DE HERRERA Esq. RBLA ARMENIA,1
2026-05-03,CH_108,43,S,50,,S,,55994,Nocturno,2026-05-04 00:03:31,33,181284,"POINT (  578963.031595222,   6136731.98769864)",AV DR LUIS ALBERTO DE HERRERA Esq. PSJE CRISTOBAL ECHEVARRIARZA FTE PANAMERICANO,1
2026-05-03,CH_108,44,S,50,,S,,55994,Nocturno,2026-05-04 00:03:36,33,181283,"POINT (  578962.121470080,   6136735.17313664)",AV DR LUIS ALBERTO DE HERRERA Esq. PSJE CRISTOBAL ECHEVARRIARZA FTE PANAMERICANO,1
2026-05-03,CH_108,45,S,75,,S,,55994,Nocturno,2026-05-04 00:03:43,33,181282,"POINT (  578961.211344937,   6136737.90351206)",AV DR LUIS ALBERTO DE HERRERA Esq. PSJE CRISTOBAL ECHEVARRIARZA FTE PANAMERICANO,1
2026-05-03,CH_108,46,S,25,,S,,55994,Nocturno,2026-05-03 23:53:55,33,175874,"POINT (  579156.027743135,   6137063.69445642)",TOMAS DE TEZANOS 1065 MURO LADRILLOS,1
2026-05-03,CH_108,47,S,50,,S,,55994,Nocturno,2026-05-03 23:55:06,33,175875,"POINT (  578976.741594652,   6136989.71678846)",JOSE A ITURRIAGA 3531 EN 3527,1
2026-05-03,CH_108,48,S,75,,S,Basura Afuera,55994,Nocturno,2026-05-04 02:21:32,33,175876,"POINT (  579017.502442922,   6137544.31835855)",TIBURCIO GOMEZ 1332 EDIFICIO,1
2026-05-03,CH_108,49,S,25,,S,,55994,Nocturno,2026-05-04 02:21:45,33,175877,"POINT (  579008.957675863,   6137588.58179152)",TIBURCIO GOMEZ 1354 FTE 1355,1
2026-05-03,CH_108,50,S,50,,S,,55994,Nocturno,2026-05-04 02:23:47,33,176230,"POINT (  579006.310858388,   6137617.44628475)",TIBURCIO GOMEZ 1372,1
2026-05-03,CH_108,51,S,75,,S,,55994,Nocturno,2026-05-04 02:09:04,33,175879,"POINT (  578866.590437855,   6137583.24902543)",MAGARIÑOS CERVANTES 1383,1
2026-05-03,CH_108,52,S,75,,S,Basura Afuera,55994,Nocturno,2026-05-04 02:12:06,33,175880,"POINT (  578887.175500294,   6137520.14667515)",MAGARIÑOS CERVANTES 1355 EDIFICIO,1
2026-05-03,CH_108,53,S,50,,S,Basura Afuera,55994,Nocturno,2026-05-04 02:14:29,33,175881,"POINT (  578958.227932689,   6137469.30146216)",TTE GRAL PABLO GALARZA 3585 FTE 3571,1
2026-05-03,CH_108,54,S,50,,S,,55994,Nocturno,2026-05-04 02:16:40,33,175882,"POINT (  578960.075449892,   6137468.83958285)",TTE GRAL PABLO GALARZA 3585 FTE 3571,1
2026-05-03,CH_108,55,S,50,,S,,55994,Nocturno,2026-05-04 02:16:46,33,175884,"POINT (  579100.154108967,   6137420.74135153)",TTE GRAL PABLO GALARZA 3618 FTE 3641,1
2026-05-03,CH_109,1,S,100,,S,,55994,Nocturno,2026-05-03 23:06:07,33,175769,"POINT (  579209.822709040,   6137192.76235311)",TOMAS DE TEZANOS 1102 VEREDA. FTE 1107,2
2026-05-03,CH_109,2,S,100,,S,Basura Afuera,55994,Nocturno,2026-05-03 23:06:14,33,175770,"POINT (  579210.557172317,   6137198.63805932)",TOMAS DE TEZANOS 1102 VEREDA. FTE 1107,2
2026-05-03,CH_109,3,S,50,,S,Basura Afuera,55994,Nocturno,2026-05-03 23:07:57,33,175771,"POINT (  579231.489375707,   6137313.86404802)",TOMAS DE TEZANOS 1170 VEREDA,2
2026-05-03,CH_109,4,S,50,,S,,55994,Nocturno,2026-05-03 23:09:07,33,175772,"POINT (  579251.867697987,   6137423.96031082)",TOMAS DE TEZANOS 1220,2
2026-05-03,CH_109,5,S,100,,S,Basura Afuera,55994,Nocturno,2026-05-03 23:13:44,33,175904,"POINT (  579294.108253672,   6137644.89398870)",TOMAS DE TEZANOS 1336 CASA VERDE,2
2026-05-03,CH_109,6,S,75,,S,Basura Afuera,55994,Nocturno,2026-05-03 23:17:39,33,175774,"POINT (  579073.813227639,   6137706.78440250)",PEDRO BUSTAMANTE 1389,2
2026-05-03,CH_109,7,S,100,,S,Basura Afuera,55994,Nocturno,2026-05-03 23:17:55,33,175775,"POINT (  579092.188689513,   6137643.37298123)",PEDRO BUSTAMANTE 1311 MURO CIEGO,2
2026-05-03,CH_109,8,S,100,,S,Basura Afuera,55994,Nocturno,2026-05-03 23:19:35,33,175776,"POINT (  579124.465990930,   6137530.57744936)",PEDRO BUSTAMANTE 1251 EN 1255. PELUQUERIA/MURO,2
2026-05-03,CH_109,9,S,50,,S,,55994,Nocturno,2026-05-03 23:21:34,33,175777,"POINT (  579200.983995048,   6137381.15949564)",MIGUEL GRAU 3731 EN 3750. EDIFICIO,2
2026-05-03,CH_109,10,S,50,,S,,55994,Nocturno,2026-05-03 23:21:41,33,175778,"POINT (  579205.756747820,   6137380.38969681)",MIGUEL GRAU 3731 EN 3750. EDIFICIO,2
2026-05-03,CH_109,11,S,50,,S,Basura Afuera,55994,Nocturno,2026-05-03 23:25:24,33,181961,"POINT (  579389.626145752,   6137346.75414946)",MIGUEL GRAU 3828 PROV OV(O: MIGUEL GRAU 3789),2
2026-05-03,CH_109,12,S,50,,S,,55994,Nocturno,2026-05-03 23:26:17,33,175779,"POINT (  579392.534573447,   6137346.32167514)",MIGUEL GRAU 3828 FTE EDIFICIO,2
2026-05-03,CH_109,13,S,50,,S,,55994,Nocturno,2026-05-03 23:26:23,33,175780,"POINT (  579476.571977689,   6137327.42753701)",MIGUEL GRAU 3868 EN 3862. FTE EDIFICIO,2
2026-05-03,CH_109,14,S,50,,S,,55994,Nocturno,2026-05-03 23:27:21,33,175781,"POINT (  579613.325533898,   6137305.10698588)",MIGUEL GRAU 3939 FTE 3975. MURO COLEGIO,2
2026-05-03,CH_109,15,S,75,,S,Escombro,55994,Nocturno,2026-05-03 22:54:21,33,175782,"POINT (  579808.692765537,   6137358.86404803)",AV TOMAS BASAÑEZ 1241 CASA DE LADRILLOS,2
2026-05-03,CH_109,16,S,25,,S,,55994,Nocturno,2026-05-03 22:54:29,33,175783,"POINT (  579870.867906780,   6137259.17478249)",AV TOMAS BASAÑEZ 1211 FTE ECOCENTRO,2
2026-05-03,CH_109,17,S,50,,S,,55994,Nocturno,2026-05-03 22:55:38,33,175784,"POINT (  579724.031748588,   6137211.63240961)",DR JUAN A GOLFARINI 4003,2
2026-05-03,CH_109,18,S,100,,S,Basura Afuera,55994,Nocturno,2026-05-03 23:31:37,33,175785,"POINT (  579619.810455708,   6137418.30034109)",SALDANHA DA GAMA 3922 EN 3925. VIVIENDAS,2
2026-05-03,CH_109,19,S,75,,S,,55994,Nocturno,2026-05-03 23:34:20,33,175786,"POINT (  579480.950522470,   6137445.42860620)",SALDANHA DA GAMA Esq. NICOLAS PIAGGIO PDO ESTACIONAMIENTO,2
2026-05-03,CH_109,20,S,50,,S,,55994,Nocturno,2026-05-03 23:34:26,33,175787,"POINT (  579420.716577919,   6137456.69373323)",SALDANHA DA GAMA 3829 ANTES DE ARBOL,2
2026-05-03,CH_109,21,S,75,,S,,55994,Nocturno,2026-05-03 23:36:29,33,175788,"POINT (  579290.867906780,   6137574.79625142)",RIZAL 3760,2
2026-05-03,CH_109,22,S,75,,S,Basura Afuera,55994,Nocturno,2026-05-03 23:41:02,33,175789,"POINT (  579416.630618644,   6137551.40642091)",RIZAL 3820 ESTERILLA,2
2026-05-03,CH_109,23,S,50,,S,Basura Afuera,55994,Nocturno,2026-05-03 23:43:09,33,175790,"POINT (  579487.478076271,   6137567.45161865)",CEMENTERIO BRITÁNICO FTE 1311. MURO CEMENTERIO,2
2026-05-03,CH_109,24,S,50,,S,"Basura Afuera, Requiere Limpieza",55994,Nocturno,2026-05-03 23:45:02,33,175791,"POINT (  579510.980901130,   6137695.02224012)",CEMENTERIO BRITÁNICO FTE 1393. MURO CEMENTERIO,2
2026-05-03,CH_109,25,N,,Contenedor No Está,S,,55994,Nocturno,2026-05-03 22:58:00,,175792,"POINT (  579711.093895480,   6137519.31602543)",AV TOMAS BASAÑEZ Esq. RIZAL MURO CEMENTERIO,2
2026-05-03,CH_109,26,S,50,,S,,55994,Nocturno,2026-05-03 22:57:51,33,175793,"POINT (  579446.461127118,   6137249.25952825)",RBLA ARMENIA 3853 VEREDA. EN 3857. COLUMNA/PALMERA,2
2026-05-03,CH_109,27,S,50,,S,,55994,Nocturno,2026-05-03 23:00:08,33,175794,"POINT (  579348.495025424,   6137246.32167515)",RBLA ARMENIA 3801 FTE 3807. EDIFICIO,2
2026-05-03,CH_109,28,S,50,,S,,55994,Nocturno,2026-05-03 23:00:14,33,175795,"POINT (  579344.879206215,   6137245.41772034)",RBLA ARMENIA 3801 FTE 3807. EDIFICIO,2
2026-05-03,CH_109,29,S,75,,S,,55994,Nocturno,2026-05-03 23:01:43,33,175804,"POINT (  579285.500675141,   6137227.28212713)",RBLA ARMENIA 3795 VEREDA. EDIFICIO,2
2026-05-03,CH_109,30,S,100,,S,Requiere Mantenimiento,55994,Nocturno,2026-05-04 00:10:36,33,181968,"POINT (  578743.391500218,   6136606.77219063)",RBLA REPUBLICA DEL PERU 1503 REBAJE/ENTRADA PRINCIPAL,2
2026-05-03,CH_109,31,S,100,,S,"Basura Afuera, Requiere Mantenimiento",55994,Nocturno,2026-05-04 00:14:29,33,181967,"POINT (  578598.947055773,   6136632.37131917)",RBLA REPUBLICA DEL PERU 1419 EN 1421. EDIFICIO ARCADIA. REBAJE/PUERTA,2
2026-05-03,CH_109,32,S,100,,S,Basura Afuera,55994,Nocturno,2026-05-04 00:16:44,33,181964,"POINT (  578444.154027451,   6136658.40617756)",RBLA REPUBLICA DEL PERU 1383,2
2026-05-03,CH_109,33,S,50,,S,,55994,Nocturno,2026-05-04 00:18:22,33,175805,"POINT (  578079.794460452,   6136468.18608193)",RBLA REPUBLICA DEL PERU 1175 VEREDA. EN 1179. REBAJE/REBAJE,2
2026-05-03,CH_109,34,S,75,,S,Basura Afuera,55994,Nocturno,2026-05-04 00:20:19,33,175806,"POINT (  577990.585420904,   6136375.36122317)",RBLA REPUBLICA DEL PERU 1105 VEREDA,2
2026-05-03,CH_109,35,S,50,,S,,55994,Nocturno,2026-05-04 00:23:21,33,175807,"POINT (  577923.271890055,   6136296.12803885)",RBLA REPUBLICA DEL PERU 1057 EN 1069. URBAN HAUS,2
2026-05-03,CH_109,36,S,50,,S,,55994,Nocturno,2026-05-04 00:23:28,33,175808,"POINT (  577861.489375706,   6136224.96574295)",RBLA REPUBLICA DEL PERU 1003 EN 1017. BIGG FITNESS,2
2026-05-03,CH_109,37,S,75,,S,Basura Afuera,55994,Nocturno,2026-05-04 00:23:34,33,175809,"POINT (  577828.212539548,   6136182.14088419)",RBLA REPUBLICA DEL PERU 999,2
2026-05-03,CH_109,38,S,75,,S,,55994,Nocturno,2026-05-04 00:25:28,33,175810,"POINT (  577731.828358757,   6135963.55331357)",RBLA REPUBLICA DEL PERU 877,2
2026-05-03,CH_109,39,S,75,,S,,55994,Nocturno,2026-05-04 00:27:35,33,175811,"POINT (  577724.047951766,   6135859.19022056)",RBLA REPUBLICA DEL PERU 809 EN 811,2
2026-05-03,CH_109,40,S,75,,S,,55994,Nocturno,2026-05-04 00:27:49,33,176843,"POINT (  577722.037919527,   6135854.03652189)",RBLA REPUBLICA DEL PERU 809 PROV PELIGRO DERRUMBE DESDE RBLA REPUBLICA DEL PERU 765,2
2026-05-03,CH_109,41,S,50,,S,,55994,Nocturno,2026-05-04 00:29:19,33,175813,"POINT (  577749.454517198,   6135605.30459024)",RBLA REPUBLICA DEL PERU 727 EN 727/735,2
2026-05-03,CH_109,42,S,75,,S,,55994,Nocturno,2026-05-04 00:30:37,33,175814,"POINT (  577717.119762258,   6135504.77483730)",RBLA MAHATMA GANDHI 669 ESTACIONAMIENTO,2
2026-05-03,CH_109,43,S,75,,S,Basura Afuera,55994,Nocturno,2026-05-04 00:34:47,33,175816,"POINT (  577615.557172318,   6135344.62675990)",RBLA MAHATMA GANDHI 617 ESTACIONAMIENTO,2
2026-05-03,CH_109,44,S,100,,S,,55994,Nocturno,2026-05-04 00:37:21,33,175817,"POINT (  577505.133443504,   6135249.20303108)",RBLA MAHATMA GANDHI 567,2
2026-05-03,CH_109,45,S,75,,S,,55994,Nocturno,2026-05-04 00:37:27,33,175818,"POINT (  577502.802935030,   6135247.66348306)",RBLA MAHATMA GANDHI 567,2
2026-05-03,CH_109,46,S,75,,S,Requiere Mantenimiento,55994,Nocturno,2026-05-04 00:43:57,33,175819,"POINT (  577399.716776837,   6135161.32167515)",RBLA MAHATMA GANDHI 519,2
2026-05-03,CH_109,47,S,100,,S,Basura Afuera,55994,Nocturno,2026-05-04 00:47:57,33,175820,"POINT (  577306.383443504,   6135078.96291809)",RBLA MAHATMA GANDHI 485,2
2026-05-03,CH_109,48,S,100,,S,Basura Afuera,55994,Nocturno,2026-05-04 01:47:23,33,175821,"POINT (  577218.925816386,   6135003.59568645)",RBLA MAHATMA GANDHI 421,2
2026-05-03,CH_109,49,S,50,,S,,55994,Nocturno,2026-05-04 01:50:09,33,175822,"POINT (  577130.840970137,   6134926.34799328)",RBLA MAHATMA GANDHI 371 EN 365. CERCO VEGETAL,2
2026-05-03,CH_109,50,S,100,,S,Basura Afuera,55994,Nocturno,2026-05-04 01:50:16,33,175823,"POINT (  577087.922991528,   6134887.97421753)",RBLA MAHATMA GANDHI 343 PDO COLUMNA,2
2026-05-03,CH_109,51,S,100,,S,Requiere Mantenimiento,55994,Nocturno,2026-05-04 01:52:17,33,175824,"POINT (  576968.233725991,   6134786.56178815)",RBLA MAHATMA GANDHI 211,2
2026-05-03,CH_109,52,S,75,,S,Requiere Mantenimiento,55994,Nocturno,2026-05-04 01:53:50,33,175825,"POINT (  576905.211127121,   6134730.12111019)",RBLA MAHATMA GANDHI 181 EN 183,2
2026-05-03,CH_109,53,S,50,,N,,55994,Nocturno,2026-05-04 01:55:55,33,175826,"POINT (  576863.473838985,   6134693.20020623)",RBLA MAHATMA GANDHI 161 EN 155,2
2026-05-03,CH_109,54,S,25,,S,,55994,Nocturno,2026-05-04 01:56:01,33,175827,"POINT (  576811.990293014,   6134635.44101384)",RBLA MAHATMA GANDHI 129 EN 137,2
2026-05-03,CH_119,1,S,100,,S,,56211,Nocturno,2026-05-04 03:29:37,,180448,"POINT (  576458.428927202,   6138565.32773144)",PTE LORENZO BATLLE 2587,0
2026-05-03,CH_119,2,S,75,,S,,56211,Nocturno,2026-05-04 03:29:47,,183708,"POINT (  576457.416788453,   6138566.04366754)",PTE LORENZO BATLLE 2587,0
2026-05-03,CH_119,3,S,75,,S,,56211,Nocturno,2026-05-04 03:30:59,,180449,"POINT (  576421.753777342,   6138590.84344249)",PTE LORENZO BATLLE 2559,0
2026-05-03,CH_119,4,S,75,,S,,56211,Nocturno,2026-05-04 03:36:59,,176910,"POINT (  576383.830122635,   6138616.84716176)",PTE LORENZO BATLLE 2541 CASA TAPEADA,0
2026-05-03,CH_119,5,S,75,,S,,56211,Nocturno,2026-05-04 03:36:19,,176911,"POINT (  576382.541665011,   6138617.81350498)",PTE LORENZO BATLLE 2541 CASA TAPEADA,0
2026-05-03,CH_119,6,S,100,,S,,56211,Nocturno,2026-05-04 03:35:20,,176912,"POINT (  576326.010586795,   6138656.95040528)",PTE LORENZO BATLLE Esq. JUAN RAMON GOMEZ,0
2026-05-03,CH_119,7,S,100,,S,,56211,Nocturno,2026-05-04 03:30:35,,176913,"POINT (  576348.236480795,   6138689.32290306)",JUAN RAMON GOMEZ 2524 VEREDA,0
2026-05-03,CH_119,8,S,100,,S,Requiere Limpieza,56211,Nocturno,2026-05-04 03:30:51,,181432,"POINT (  576369.766987800,   6138725.68781939)",JUAN RAMON GOMEZ 2548,0
2026-05-03,CH_119,9,S,75,,S,,56211,Nocturno,2026-05-04 03:31:08,,180793,"POINT (  576421.957419453,   6138696.40847732)",PTE BERRO 2534 VEREDA,0
2026-05-03,CH_119,10,S,50,,S,,56211,Nocturno,2026-05-04 03:31:13,,176915,"POINT (  576423.171011686,   6138695.68032198)",PTE BERRO 2534 VEREDA,0
2026-05-03,CH_119,11,S,100,,S,,56211,Nocturno,2026-05-04 03:31:19,,180628,"POINT (  576524.519875130,   6138626.53942021)",PTE BERRO 2592 VEREDA. EN 2600 (FARMACIA),0
2026-05-03,CH_119,12,S,50,,S,,56211,Nocturno,2026-05-04 03:31:31,,180629,"POINT (  576525.361844042,   6138626.05366892)",PTE BERRO 2592 VEREDA. EN 2600 (FARMACIA),0
2026-05-03,CH_119,13,S,100,,S,,56211,Nocturno,2026-05-04 03:31:38,,180630,"POINT (  576526.236196373,   6138625.50315078)",PTE BERRO 2592 VEREDA. EN 2600 (FARMACIA),0
2026-05-03,CH_119,14,S,100,,S,,56211,Nocturno,2026-05-04 03:31:43,,181875,"POINT (  576607.026151081,   6138570.46536564)",PTE BERRO 2620 VEREDA,0
2026-05-03,CH_119,15,S,100,,S,,56211,Nocturno,2026-05-04 03:31:56,,181874,"POINT (  576608.334455973,   6138569.66900615)",PTE BERRO 2620 VEREDA,0
2026-05-03,CH_119,16,S,75,,S,,56211,Nocturno,2026-05-04 03:32:03,,181876,"POINT (  576609.130815472,   6138568.87264664)",PTE BERRO 2620 VEREDA,0
2026-05-03,CH_119,17,S,100,,S,,56211,Nocturno,2026-05-04 03:32:10,,183651,"POINT (  576655.278521340,   6138596.67590114)",GERARDO GRASSO 2566 CASA CON RETIRO,0
2026-05-03,CH_119,18,S,100,,S,,56211,Nocturno,2026-05-04 03:32:15,,183652,"POINT (  576655.959565608,   6138597.24343803)",GERARDO GRASSO 2566 CASA CON RETIRO,0
2026-05-03,CH_119,19,S,75,,S,,56211,Nocturno,2026-05-04 03:32:43,,183650,"POINT (  576745.176364699,   6138681.57941986)",GERARDO GRASSO 2622,0
2026-05-03,CH_119,20,S,100,,S,,56211,Nocturno,2026-05-04 03:32:48,,183653,"POINT (  576746.708714302,   6138683.05501578)",GERARDO GRASSO 2622,0
2026-05-03,CH_119,21,S,100,,S,Requiere Limpieza,56211,Nocturno,2026-05-04 03:32:54,,176924,"POINT (  576984.211288889,   6138669.86888936)",LUIS SAMBUCETTI 2652 2652 EDIFICIO,0
2026-05-03,CH_119,22,S,75,,S,,56211,Nocturno,2026-05-04 03:33:01,,176925,"POINT (  576983.265662412,   6138671.52373570)",LUIS SAMBUCETTI 2652 2652 EDIFICIO,0
2026-05-03,CH_119,23,S,100,,S,,56211,Nocturno,2026-05-04 03:33:10,,183791,"POINT (  576935.636152632,   6138780.21739925)",LUIS SAMBUCETTI 2691,0
2026-05-03,CH_119,24,S,100,,S,,56211,Nocturno,2026-05-04 03:33:17,,176926,"POINT (  576933.029255792,   6138784.40789645)",LUIS SAMBUCETTI 2695 FTE 2695,0
2026-05-03,CH_119,25,S,75,,S,,56211,Nocturno,2026-05-04 03:33:33,,176927,"POINT (  576932.438239244,   6138785.82633617)",LUIS SAMBUCETTI 2695 FTE 2695,0
2026-05-03,CH_119,26,S,100,,S,,56211,Nocturno,2026-05-04 03:33:40,,181387,"POINT (  576806.457676223,   6138862.76821252)",AV GRAL GARIBALDI 2789,0
2026-05-03,CH_119,27,S,100,,S,,56211,Nocturno,2026-05-04 03:33:55,,179177,"POINT (  576804.116035293,   6138863.58471177)",AV GRAL GARIBALDI 2789 PDO 2789. MURO OBRA,0
2026-05-03,CH_119,28,S,100,,S,,56211,Nocturno,2026-05-04 03:34:19,,181386,"POINT (  576409.420557793,   6139136.23584938)",TTE JUAN S WALCALDE 2653,0
2026-05-03,CH_119,29,S,75,,S,,56211,Nocturno,2026-05-04 03:34:39,,181877,"POINT (  576408.671525142,   6139134.53579636)",TTE JUAN S WALCALDE 2653,0
2026-05-03,CH_119,30,S,100,,S,,56211,Nocturno,2026-05-04 03:34:45,,180414,"POINT (  576370.445505006,   6139061.45433515)",TTE JUAN S WALCALDE 2601,0
2026-05-03,CH_119,31,S,75,,S,,56211,Nocturno,2026-05-04 03:37:11,,181295,"POINT (  576369.689116724,   6139059.52189420)",TTE JUAN S WALCALDE 2601,0
2026-05-03,CH_119,32,S,25,,S,,56211,Nocturno,2026-05-04 03:35:10,,176928,"POINT (  576388.584811348,   6139012.71758913)",RAMON Y CAJAL 2589 FTE 2585 Y 2589,0
2026-05-03,CH_119,33,S,50,,S,,56211,Nocturno,2026-05-04 03:35:16,,176929,"POINT (  576389.648641135,   6139011.53555603)",RAMON Y CAJAL 2589 FTE A 2585 Y 2589,0
2026-05-03,CH_119,34,S,75,,S,,56211,Nocturno,2026-05-04 03:35:43,,176930,"POINT (  576470.026891726,   6138951.60647801)",RAMON Y CAJAL 2474 REJA VERDE,0
2026-05-03,CH_119,35,S,100,,S,,56211,Nocturno,2026-05-04 03:35:55,,176931,"POINT (  576549.511900000,   6138983.76352353)",JUAN RAMON GOMEZ 2674 FTE A 2673,0
2026-05-03,CH_119,36,S,100,,S,,56211,Nocturno,2026-05-04 03:36:02,,176932,"POINT (  576584.511900000,   6139036.23411177)",JUAN RAMON GOMEZ 2699,0
2026-05-03,CH_119,37,S,100,,S,Requiere Limpieza,56211,Nocturno,2026-05-04 03:36:08,,176933,"POINT (  576644.494976833,   6138959.88070969)",GRAL URQUIZA 2743 VEREDA. ANTES 2747. MURO,0
2026-05-03,CH_119,38,S,75,,S,,56211,Nocturno,2026-05-04 03:36:14,,176934,"POINT (  576564.707742790,   6138849.00600520)",GRAL URQUIZA 2689 VEREDA,0
2026-05-03,CH_119,39,S,50,,S,,56211,Nocturno,2026-05-04 03:36:39,,176935,"POINT (  576504.542258157,   6138784.23059149)",PTE GIRO 2541 FTE A 2544 MURO VEGETAL,0
2026-05-03,CH_119,40,S,75,,S,,56211,Nocturno,2026-05-04 03:36:44,,176936,"POINT (  576475.582447282,   6138804.08874752)",PTE GIRO 2527 MURO,0
2026-05-03,CH_119,41,S,100,,S,,56211,Nocturno,2026-05-04 03:36:50,,176937,"POINT (  576395.617908275,   6138858.93508322)",PTE GIRO 2475 2477 ANTES DE VENTANA,0
2026-05-03,CH_119,42,S,75,,S,,56211,Nocturno,2026-05-04 03:37:39,,176938,"POINT (  576402.072644226,   6138950.66139739)",CARLOS ANAYA 2636 MURO LADRILLO CON REJAS,0
2026-05-03,CH_119,43,S,100,,S,,56211,Nocturno,2026-05-04 03:37:44,,176939,"POINT (  576468.154613907,   6139072.04102451)",CARLOS ANAYA 2673,0
2026-05-03,CH_119,44,S,100,,S,,56211,Nocturno,2026-05-04 03:37:49,,176940,"POINT (  576466.697660265,   6139069.98804437)",CARLOS ANAYA 2673,0
2026-05-03,CH_110,1,S,100,,S,,56211,Nocturno,2026-05-04 01:00:57,,176997,"POINT (  576524.482049460,   6137485.88296258)",PEDRO CAMPBELL 1415 CASA ABANDONADA,1
2026-05-03,CH_110,2,S,100,,S,,56211,Nocturno,2026-05-04 01:01:03,,180261,"POINT (  576524.010912486,   6137484.03087624)",PEDRO CAMPBELL 1415,1
2026-05-03,CH_110,3,S,75,,S,,56211,Nocturno,2026-05-04 01:01:27,,176998,"POINT (  576443.589919969,   6137505.53869876)",20 DE SETIEMBRE 1420 REJAS GRISES,1
2026-05-03,CH_110,4,S,75,,S,,56211,Nocturno,2026-05-04 01:01:37,,180800,"POINT (  576486.352107395,   6137618.39080615)",20 DE SETIEMBRE 1498,1
2026-05-03,CH_110,5,S,75,,S,,56211,Nocturno,2026-05-04 01:01:42,,176999,"POINT (  576486.594893703,   6137619.54613499)",20 DE SETIEMBRE 1498,1
2026-05-03,CH_110,6,S,75,,S,,56211,Nocturno,2026-05-04 01:01:49,,181925,"POINT (  576593.113626580,   6137589.96664336)",PALMAR 2460,1
2026-05-03,CH_110,7,S,100,,S,,56211,Nocturno,2026-05-04 01:01:54,,181924,"POINT (  576594.638681046,   6137589.31304859)",PALMAR 2460,1
2026-05-03,CH_110,8,S,100,,S,,56211,Nocturno,2026-05-04 01:02:01,,177000,"POINT (  576674.905690663,   6137560.06028540)",PALMAR 2498 EST 45,1
2026-05-03,CH_110,9,S,100,,S,,56211,Nocturno,2026-05-04 01:02:20,,177001,"POINT (  576681.495824714,   6137558.22117822)",PALMAR 2498 EST 45,1
2026-05-03,CH_110,10,S,75,,S,,56211,Nocturno,2026-05-04 01:02:35,,177002,"POINT (  576764.389437197,   6137694.84596739)",DR ENRIQUE POUEY 2547 EN 2549,1
2026-05-03,CH_110,11,S,75,,S,,56211,Nocturno,2026-05-04 01:02:42,,177003,"POINT (  576759.731937914,   6137696.96301252)",DR ENRIQUE POUEY 2547 EN 2549,1
2026-05-03,CH_110,12,S,100,,S,,56211,Nocturno,2026-05-04 01:02:48,,177004,"POINT (  576652.146739344,   6137755.61868191)",DR ENRIQUE POUEY 2503 ANTES DE CORDON ROJO,1
2026-05-03,CH_110,13,S,75,,S,,56211,Nocturno,2026-05-04 01:03:02,,177005,"POINT (  576544.482340011,   6137763.89466420)",DR GASTON RAMON 2383 FTE 2358. MURO HOSPITAL,1
2026-05-03,CH_110,14,S,50,,S,,56211,Nocturno,2026-05-04 01:03:08,,177008,"POINT (  576567.471179726,   6138040.98681224)",LORD PONSOMBY 2490 EDIFICIO,1
2026-05-03,CH_110,15,S,50,,S,,56211,Nocturno,2026-05-04 01:03:18,,177009,"POINT (  576639.196359638,   6138010.79480274)",DR PRUDENCIO DE PENA 2506 ARBOL/ARBOL,1
2026-05-03,CH_110,16,S,50,,S,,56211,Nocturno,2026-05-04 01:03:25,,177010,"POINT (  576734.349067551,   6137953.05325636)",DR PRUDENCIO DE PENA 2546 PDO 2546. CERCO VEGETAL,1
2026-05-03,CH_110,17,S,25,,S,,56211,Nocturno,2026-05-04 01:03:30,,177011,"POINT (  576829.178033393,   6137895.39821893)",DR PRUDENCIO DE PENA 2576 PROVISORIO POR OBRA,1
2026-05-03,CH_110,18,S,25,,S,,56211,Nocturno,2026-05-04 01:03:36,,177012,"POINT (  576832.546864111,   6137893.71380357)",DR PRUDENCIO DE PENA 2576 PROVISORIO POR OBRA,1
2026-05-03,CH_110,19,S,50,,S,,56211,Nocturno,2026-05-04 01:03:41,,177013,"POINT (  576827.053973002,   6137799.00458772)",DR ISABELINO J BOSCH 2595 ARBOL/ARBOL,1
2026-05-03,CH_110,20,S,50,,S,,56211,Nocturno,2026-05-04 01:04:01,,177014,"POINT (  576820.279428591,   6137802.39185993)",DR ISABELINO J BOSCH 2595 ARBOL/ARBOL,1
2026-05-03,CH_110,21,S,50,,S,,56211,Nocturno,2026-05-04 01:04:11,,182162,"POINT (  576630.145279104,   6137873.64334777)",SOMME 1596 PROV OV (O: DR ISABELINO J BOSCH 2519),1
2026-05-03,CH_110,22,S,50,,S,,56211,Nocturno,2026-05-04 01:04:17,,182161,"POINT (  576629.846771642,   6137876.47916866)",SOMME 1596 PROV OV (O: DR ISABELINO J BOSCH 2535),1
2026-05-03,CH_110,23,S,25,,S,,56211,Nocturno,2026-05-04 01:04:32,,177017,"POINT (  576679.886605933,   6138085.12538449)",LORD PONSOMBY 2542 ANTES DE 2542. CERCO VEGETAL,1
2026-05-03,CH_110,24,S,100,,S,,56211,Nocturno,2026-05-04 01:04:51,,177018,"POINT (  576618.736732353,   6138206.32407045)",JORGE CANNING 2405 ESQ. EDIFICIO,1
2026-05-03,CH_110,25,S,75,,S,,56211,Nocturno,2026-05-04 01:04:57,,177019,"POINT (  576542.566603368,   6138254.47650372)",MORALES 2611 FTE 2614. GINECOLOGIA HOSPITAL BRITANICO,1
2026-05-03,CH_110,26,S,50,,S,,56211,Nocturno,2026-05-04 01:05:09,,177020,"POINT (  576433.264886062,   6138330.25470895)",MORALES 2554 FTE 2560. ESQ. MURO VEGETAL,1
2026-05-03,CH_110,27,S,25,,S,,56211,Nocturno,2026-05-04 01:05:16,,177021,"POINT (  576429.896306886,   6138332.49996012)",MORALES 2554 FTE 2560. ESQ. MURO VEGETAL,1
2026-05-03,CH_110,28,S,75,,S,,56211,Nocturno,2026-05-04 01:05:27,,183379,"POINT (  576679.826069239,   6138401.55794325)",PTE LORENZO BATLLE 2686,1
2026-05-03,CH_110,29,S,75,,S,,56211,Nocturno,2026-05-04 01:05:33,,177023,"POINT (  576625.604064850,   6138327.46489600)",AVELINO MIRANDA 2681 EN 2685,1
2026-05-03,CH_110,30,S,75,,S,,56211,Nocturno,2026-05-04 01:05:41,,180268,"POINT (  576551.920019573,   6138374.81695762)",AVELINO MIRANDA 2625 VEREDA,1
2026-05-03,CH_110,31,S,75,,S,,56211,Nocturno,2026-05-04 01:00:41,,177024,"POINT (  576549.457365209,   6138376.54081567)",AVELINO MIRANDA 2617 VEREDA. ESQ. CASA AMARILLA,1
2026-05-03,CH_110,32,S,75,,S,,56211,Nocturno,2026-05-04 01:00:33,,177025,"POINT (  576812.995273521,   6138547.10564040)",CIUDAD DE BAHIA BLANCA 2595 EN 2593. MURO CIEGO,1
2026-05-03,CH_110,33,S,100,,S,Poda,56211,Nocturno,2026-05-04 01:00:20,,177026,"POINT (  576773.165868682,   6138490.85318581)",CIUDAD DE BAHIA BLANCA 2557 EN 2557/2559. ANTES DE CORDON ROJO,1
2026-05-03,CH_110,34,S,75,,S,,56211,Nocturno,2026-05-04 01:00:11,,177027,"POINT (  576728.177941805,   6138428.10871370)",CIUDAD DE BAHIA BLANCA 2525 PDO GARAJE. ANTES DE ARBOL.,1
2026-05-03,CH_110,35,S,75,,S,,56211,Nocturno,2026-05-04 01:00:03,,177028,"POINT (  576762.133719742,   6138339.78215724)",PTE LORENZO BATLLE 2747 VEREDA. FTE 2747,1
2026-05-03,CH_110,36,S,50,,S,,56211,Nocturno,2026-05-04 00:59:52,,177029,"POINT (  576416.912020282,   6138124.98413307)",JORGE CANNING 2363 MURO EST HOSPITAL,1
2026-05-03,CH_120,1,S,75,,S,,56212,Nocturno,2026-05-03 23:07:21,,180291,"POINT (  576430.084450763,   6139267.83942462)",MONTE CASEROS 2708,0
2026-05-03,CH_120,2,S,75,,S,,56212,Nocturno,2026-05-03 23:07:42,,179606,"POINT (  576432.535431155,   6139270.67166863)",MONTE CASEROS 2708,0
2026-05-03,CH_120,3,S,75,,S,,56212,Nocturno,2026-05-03 23:08:23,,179605,"POINT (  576434.441749238,   6139273.66731133)",MONTE CASEROS 2708,0
2026-05-03,CH_120,4,S,50,,S,,56212,Nocturno,2026-05-03 23:10:49,,176525,"POINT (  576516.707523918,   6139300.53849424)",ESTERO BELLACO 2564 PDO REBAJE,0
2026-05-03,CH_120,5,S,50,,S,,56212,Nocturno,2026-05-03 23:12:03,,176526,"POINT (  576557.705930562,   6139265.85664519)",ESTERO BELLACO 2584 MMURO CIEGO,0
2026-05-03,CH_120,6,S,100,,S,Basura Afuera,56212,Nocturno,2026-05-03 23:14:18,,176527,"POINT (  576603.658887070,   6139225.11484870)",ESTERO BELLACO 2604 CASA NARANJA,0
2026-05-03,CH_120,7,S,75,,S,Basura Afuera,56212,Nocturno,2026-05-03 23:14:26,,180267,"POINT (  576607.261385269,   6139223.61794786)",ESTERO BELLACO 2608,0
2026-05-03,CH_120,8,S,75,,S,,56212,Nocturno,2026-05-03 23:16:48,,176528,"POINT (  576709.487231593,   6139132.71564539)",ESTERO BELLACO 2674 EN 2666. CHAPA AZUL. ANTES DE MURO,0
2026-05-03,CH_120,9,S,50,,S,,56212,Nocturno,2026-05-03 23:17:35,,183129,"POINT (  576803.495239249,   6139056.44779374)",ESTERO BELLACO 2724 EN 2734,0
2026-05-03,CH_120,10,S,75,,S,,56212,Nocturno,2026-05-03 23:20:13,,176529,"POINT (  576811.730096226,   6139051.33515280)",ESTERO BELLACO 2744 EN 2734/2744,0
2026-05-03,CH_120,11,S,25,,S,,56212,Nocturno,2026-05-03 23:23:23,,176530,"POINT (  576818.342888353,   6139046.43522572)",ESTERO BELLACO 2744,0
2026-05-03,CH_120,12,S,25,,S,,56212,Nocturno,2026-05-03 23:25:18,,176531,"POINT (  576868.282641926,   6139011.85182059)",ESTERO BELLACO 2775 FTE 2773. EST 45,0
2026-05-03,CH_120,13,S,50,,S,,56212,Nocturno,2026-05-03 23:26:01,,183128,"POINT (  576904.234715927,   6138988.87100193)",ESTERO BELLACO 2782,0
2026-05-03,CH_120,14,S,100,,S,,56212,Nocturno,2026-05-03 23:33:28,,176533,"POINT (  576990.863867685,   6138940.23810114)",ESTERO BELLACO 2842 FTE 2841. ESQ,0
2026-05-03,CH_120,15,S,25,,S,,56212,Nocturno,2026-05-03 23:35:13,,180817,"POINT (  577078.807706143,   6138895.51748464)",ESTERO BELLACO 2878,0
2026-05-03,CH_120,16,S,25,,S,,56212,Nocturno,2026-05-03 23:35:23,,176534,"POINT (  577080.699520894,   6138894.78115434)",ESTERO BELLACO 2878 FTE 2889 BIS. ARBOL/ARBOL,0
2026-05-03,CH_120,17,S,75,,S,,56212,Nocturno,2026-05-03 23:36:22,,180266,"POINT (  577082.595861327,   6138893.87169223)",ESTERO BELLACO 2878,0
2026-05-03,CH_120,18,S,100,,S,,56212,Nocturno,2026-05-03 23:38:40,,176535,"POINT (  577184.861142841,   6138843.35789902)",ESTERO BELLACO 2956 MURO,0
2026-05-03,CH_120,19,S,50,,S,,56212,Nocturno,2026-05-03 23:39:51,,181718,"POINT (  577187.531690268,   6138841.61799302)",ESTERO BELLACO 2956,0
2026-05-03,CH_120,20,S,25,,S,,56212,Nocturno,2026-05-04 00:18:17,,176536,"POINT (  577248.806701284,   6139031.07882186)",JOAQUIN SECCO ILLA Esq. TUYUTI FTE 2948. MURO,0
2026-05-03,CH_120,21,S,75,,S,Contenedor en Tolva,56212,Nocturno,2026-05-04 00:28:57,,176537,"POINT (  577242.883094480,   6139034.71055699)",JOAQUIN SECCO ILLA 2955 FTE 2948. MURO,0
2026-05-03,CH_120,22,S,100,,S,,56212,Nocturno,2026-05-04 01:55:15,,182247,"POINT (  577095.094305665,   6139083.15049499)",JOAQUIN SECCO ILLA Esq. HUMAITA EN 2835,0
2026-05-03,CH_120,23,S,25,,S,,56212,Nocturno,2026-05-04 01:56:37,,182260,"POINT (  577026.939902958,   6139080.29609545)",JOAQUIN SECCO ILLA 2805,0
2026-05-03,CH_120,24,S,100,,S,,56212,Nocturno,2026-05-04 01:58:31,,176540,"POINT (  576966.166033803,   6139107.27474033)",JOAQUIN SECCO ILLA 2775 ARBOL/ARBOL,0
2026-05-03,CH_120,25,S,75,,S,,56212,Nocturno,2026-05-04 01:59:58,,176541,"POINT (  576892.967178302,   6139165.87613620)",CDTE BRAGA 2715 FTE 2748,0
2026-05-03,CH_120,26,S,50,,S,Basura Afuera,56212,Nocturno,2026-05-04 02:01:51,,180347,"POINT (  576855.554023965,   6139199.58286885)",CDTE BRAGA 2711,0
2026-05-03,CH_120,27,S,75,,S,,56212,Nocturno,2026-05-04 02:02:26,,176542,"POINT (  576852.066083706,   6139202.40504482)",CDTE BRAGA 2711 FTE 2704,0
2026-05-03,CH_120,28,S,100,,S,,56212,Nocturno,2026-05-04 02:04:41,,176543,"POINT (  576785.848621939,   6139258.29145425)",CDTE BRAGA 2663 MURO,0
2026-05-03,CH_120,29,S,75,,S,,56212,Nocturno,2026-05-04 02:05:31,,176544,"POINT (  576778.726189949,   6139265.59018406)",CDTE BRAGA 2663 MURO,0
2026-05-03,CH_120,30,S,100,,S,,56212,Nocturno,2026-05-04 02:07:28,,177150,"POINT (  576653.379337691,   6139379.99461438)",CDTE BRAGA 2589,0
2026-05-03,CH_120,31,S,100,,S,Basura Afuera,56212,Nocturno,2026-05-04 02:08:50,,176545,"POINT (  576611.736893393,   6139414.80866020)",CDTE BRAGA 2565 EN 2569 BIS,0
2026-05-03,CH_120,32,S,50,,S,,56212,Nocturno,2026-05-04 02:10:48,,182080,"POINT (  576715.606605287,   6139444.31459471)",CNEL LUCAS PIRIZ 2596,0
2026-05-03,CH_120,33,S,75,,S,,56212,Nocturno,2026-05-04 02:11:36,,181728,"POINT (  576719.217450853,   6139441.75328328)",CNEL LUCAS PIRIZ 2596 EN 2598. ESQ.,0
2026-05-03,CH_120,34,S,50,,S,,56212,Nocturno,2026-05-04 02:13:24,,181730,"POINT (  576790.093446303,   6139507.39605916)",CARLOS ANAYA 2898,0
2026-05-03,CH_120,35,S,75,,S,,56212,Nocturno,2026-05-04 02:14:13,,181729,"POINT (  576792.141227873,   6139510.80902844)",CARLOS ANAYA 2898,0
2026-05-03,CH_120,36,S,25,,S,,56212,Nocturno,2026-05-04 02:15:45,,181731,"POINT (  576843.563298407,   6139584.07410239)",CARLOS ANAYA 2930 FTE 2935. ARBOL/ARBOL,0
2026-05-03,CH_120,37,S,25,,S,,56212,Nocturno,2026-05-04 02:17:04,,176550,"POINT (  576895.576386060,   6139571.14956833)",JAIME CIBILS 2629 FTE 2629. MURO,0
2026-05-03,CH_120,38,S,50,,S,,56212,Nocturno,2026-05-04 02:18:17,,177280,"POINT (  576977.273963616,   6139479.71813355)",JAIME CIBILS 2680 ANTES DE 2680. REJA,0
2026-05-03,CH_120,39,S,50,,S,,56212,Nocturno,2026-05-04 02:20:23,,176552,"POINT (  576968.739981996,   6139411.03588682)",GRAL URQUIZA 2982 VEREDA. FTE 2982. MURO DE NACIONAL,0
2026-05-03,CH_120,40,S,25,,S,,56212,Nocturno,2026-05-04 02:23:36,,176554,"POINT (  576960.022054720,   6139020.60673124)",CORNELIO CANTERA 2770,0
2026-05-03,CH_120,41,S,50,,S,,56212,Nocturno,2026-05-04 02:25:12,,176555,"POINT (  577038.080135712,   6139127.68194780)",CORNELIO CANTERA 2814 REJAS,0
2026-05-03,CH_120,42,S,25,,S,,56212,Nocturno,2026-05-04 02:27:13,,176556,"POINT (  577134.644509956,   6139264.75124762)",CORNELIO CANTERA 2884 EN 2888. MURO,0
2026-05-03,CH_120,43,S,75,,S,,56212,Nocturno,2026-05-04 02:28:14,,176557,"POINT (  577137.408003904,   6139268.93596703)",CORNELIO CANTERA 2884 EN 2888. MURO,0
2026-05-03,CH_120,44,S,50,,S,,56212,Nocturno,2026-05-04 02:30:50,,176558,"POINT (  577297.493260469,   6139115.16726806)",JAIME CIBILS 2878 LICEO. ARBOL/ARBOL,0
2026-05-03,CH_120,45,S,100,,S,Basura Afuera,56212,Nocturno,2026-05-04 02:31:48,,176559,"POINT (  577300.098840477,   6139112.08794624)",JAIME CIBILS 2884 LICEO. ARBOL/ARBOL,0
2026-05-03,CH_120,46,S,75,,S,,56212,Nocturno,2026-05-04 02:34:40,,176560,"POINT (  577388.267093004,   6138961.56459080)",DR JOSE BRITO FORESTI Esq. GREGORIO FUNES EN 2952. ACDE,0
2026-05-03,CH_120,47,S,50,,S,Basura Afuera,56212,Nocturno,2026-05-04 02:35:26,,180265,"POINT (  577390.296135286,   6138957.74895010)",DR JOSE BRITO FORESTI 2956,0
2026-05-03,CH_120,48,S,75,,S,,56212,Nocturno,2026-05-04 02:36:36,,176561,"POINT (  577424.937039883,   6138896.12283945)",DR JOSE BRITO FORESTI 2998 PDO 2996. MURO VEGETAL,0
2026-05-03,CH_120,49,S,50,,S,,56212,Nocturno,2026-05-04 02:37:51,,176562,"POINT (  577445.774450027,   6138853.34595573)",DR JOSE BRITO FORESTI 3010 EN 3020. REJAS CON VEGETACION,0
2026-05-03,CH_120,50,S,100,,S,Basura Afuera,56212,Nocturno,2026-05-04 02:38:50,,183265,"POINT (  577451.651831312,   6138843.40477631)",DR JOSE BRITO FORESTI 3026,0
2026-05-03,CH_120,51,S,50,,S,,56212,Nocturno,2026-05-04 02:42:58,,183267,"POINT (  577251.998461918,   6138819.46656150)",BELGRANO 2850,0
2026-05-03,CH_120,52,S,100,,S,Basura Afuera,56212,Nocturno,2026-05-04 02:45:10,,176563,"POINT (  577258.018262456,   6138821.16100573)",BELGRANO 2854 PDO 2852. MURO CHAPA,0
2026-05-03,CH_120,53,S,50,,S,,56212,Nocturno,2026-05-04 02:47:22,,176564,"POINT (  577418.660837436,   6138871.08854879)",BELGRANO 2898 FTE 2897,0
2026-05-03,CH_120,54,S,25,,S,,56212,Nocturno,2026-05-04 02:48:09,,183266,"POINT (  577420.212806488,   6138871.40318378)",BELGRANO 2898,0
2026-05-03,CH_121,1,,,,S,,56212,Nocturno,,,183263,"POINT (  577705.302370535,   6138896.16431855)",JUAN SPIKERMAN 2108,1
2026-05-03,CH_121,2,S,25,,S,Basura Afuera,56212,Nocturno,2026-05-04 02:49:39,,176580,"POINT (  577475.134315033,   6138887.02287843)",BELGRANO 2908 AL LADO DE ARBOL,1
2026-05-03,CH_121,3,S,50,,S,,56212,Nocturno,2026-05-04 02:50:59,,176581,"POINT (  577554.328214815,   6138921.33660392)",BELGRANO 2942 FTE 2947. ESQ,1
2026-05-03,CH_121,4,S,50,,S,,56212,Nocturno,2026-05-04 02:52:21,,176578,"POINT (  577597.574402179,   6138939.47385882)",BELGRANO 2964 EN 2960. ANTES DE EDIFICIO,1
2026-05-03,CH_121,5,S,50,,S,Basura Afuera,56212,Nocturno,2026-05-04 02:53:47,,180682,"POINT (  577712.952685185,   6138991.92723181)",BELGRANO 3024 FTE 3015,1
2026-05-03,CH_121,6,S,75,,S,,56212,Nocturno,2026-05-04 02:55:01,,180615,"POINT (  577807.848935722,   6139028.82471536)",BELGRANO 3060,1
2026-05-03,CH_121,7,S,75,,S,,56212,Nocturno,2026-05-04 02:56:28,,180653,"POINT (  577809.788825142,   6139029.30310671)",BELGRANO 3060,1
2026-05-03,CH_121,8,S,75,,S,Basura Afuera,56212,Nocturno,2026-05-04 02:59:22,,183264,"POINT (  577603.767487165,   6138853.13679323)",DR PEDRO ESCUDER NUÑEZ 2110,1
2026-05-03,CH_121,9,S,50,,S,,56212,Nocturno,2026-05-04 03:00:06,,176577,"POINT (  577601.495970806,   6138857.99237734)",DR PEDRO ESCUDER NUÑEZ 2110 VEREDA. EN 2112,1
2026-05-03,CH_121,10,S,50,,S,,56212,Nocturno,2026-05-04 03:02:05,,183498,"POINT (  577520.687625529,   6139040.11371947)",DR PEDRO ESCUDER NUÑEZ 2202,1
2026-05-03,CH_121,11,S,100,,S,,56212,Nocturno,2026-05-04 03:06:46,,183499,"POINT (  577476.431988293,   6139145.82645670)",DR PEDRO ESCUDER NUÑEZ 2292,1
2026-05-03,CH_121,12,S,25,,S,,56212,Nocturno,2026-05-04 03:09:47,,176583,"POINT (  577487.007953377,   6139169.70261699)",REPUBLICA DOMINICANA 2960,1
2026-05-03,CH_121,13,,,,S,,56212,Nocturno,,,176584,"POINT (  577520.014489325,   6139188.33006798)",REPUBLICA DOMINICANA 2976 FTE 2975,1
2026-05-03,CH_121,14,,,,S,,56212,Nocturno,,,176586,"POINT (  577660.428432680,   6139267.41503529)",REPUBLICA DOMINICANA 3040 ANTES DE ESQ,1
2026-05-03,CH_121,15,,,,S,,56212,Nocturno,,,180865,"POINT (  577751.315892575,   6139126.45376311)",GREGORIO FUNES 3047 EN 3047 BIS,1
2026-05-03,CH_121,16,,,,S,,56212,Nocturno,,,176587,"POINT (  577749.317321569,   6139125.80283486)",GREGORIO FUNES 3047 EDIFICIO/CASA,1
2026-05-03,CH_121,17,,,,S,,56212,Nocturno,,,176588,"POINT (  577680.907735512,   6139098.35185447)",GREGORIO FUNES 3019 EN 3021. EDIFICIO,1
2026-05-03,CH_121,18,,,,S,,56212,Nocturno,,,176589,"POINT (  577584.829304140,   6139059.35403312)",GREGORIO FUNES 2981,1
2026-05-03,CH_121,19,,,,S,,56212,Nocturno,,,176590,"POINT (  577537.988345534,   6139039.09259521)",GREGORIO FUNES 2957,1
2026-05-03,CH_121,20,,,,S,,56212,Nocturno,,,176591,"POINT (  577451.278105883,   6139216.43464314)",DR PEDRO ESCUDER NUÑEZ 2318 VEREDA,1
2026-05-03,CH_121,21,,,,S,,56212,Nocturno,,,176592,"POINT (  577433.195317212,   6139258.04684357)",DR PEDRO ESCUDER NUÑEZ 2340 VEREDA,1
2026-05-03,CH_121,22,,,,S,,56212,Nocturno,,,176593,"POINT (  577501.387038345,   6139374.16884793)",JUAN SPIKERMAN 2441,1
2026-05-03,CH_121,23,,,,S,,56212,Nocturno,,,176594,"POINT (  577528.620153813,   6139306.84858649)",JUAN SPIKERMAN 2391 EN 2397. MURO CIEGO,1
2026-05-03,CH_121,24,,,,S,,56212,Nocturno,,,176595,"POINT (  577573.718193029,   6139197.15359738)",JUAN SPIKERMAN 2289 MURO,1
2026-05-03,CH_121,25,,,,S,,56212,Nocturno,,,176596,"POINT (  577352.803160349,   6139314.80065621)",FEDERICO SUSVIELA GUARCH 2987 VEREDA,1
2026-05-03,CH_121,26,,,,S,,56212,Nocturno,,,176597,"POINT (  577263.587474074,   6139253.68954509)",FEDERICO SUSVIELA GUARCH 2961 EN 2961BIS/2963. VEREDA,1
2026-05-03,CH_121,27,,,,S,,56212,Nocturno,,,176598,"POINT (  577174.371787800,   6139280.70479564)",JAIME CIBILS 2807 FTE 2810. MURO,1
2026-05-03,CH_121,28,,,,S,,56212,Nocturno,,,180815,"POINT (  577171.032275427,   6139281.96979272)",JAIME CIBILS 2807,1
2026-05-03,CH_121,29,,,,S,,56212,Nocturno,,,176599,"POINT (  577102.258498040,   6139358.26470849)",JAIME CIBILS 2747 EN 2751. EDIFICIO,1
2026-05-03,CH_121,30,,,,S,,56212,Nocturno,,,176600,"POINT (  577037.770480611,   6139432.77451241)",JAIME CIBILS 2723,1
2026-05-03,CH_121,31,,,,S,,56212,Nocturno,,,180816,"POINT (  577036.902582594,   6139433.33498043)",JAIME CIBILS 2723,1
2026-05-03,CH_121,32,,,,S,,56212,Nocturno,,,183115,"POINT (  576967.804018770,   6139506.91505059)",JAIME CIBILS 2671,1
2026-05-03,CH_121,33,,,,S,,56212,Nocturno,,,176601,"POINT (  576843.652833552,   6139649.11438169)",JAIME CIBILS 2583,1
2026-05-03,CH_121,34,,,,S,,56212,Nocturno,,,183497,"POINT (  576840.583927080,   6139653.18825825)",JAIME CIBILS 2571,1
2026-05-03,CH_121,35,,,,S,,56212,Nocturno,,,176603,"POINT (  576892.563508933,   6139688.98366274)",PEDRO OLMIDA 2590 FTE 2597. MURO ESQ,1
2026-05-03,CH_121,36,,,,S,,56212,Nocturno,,,183112,"POINT (  576894.718702737,   6139688.21364583)",PEDRO OLMIDA 2590,1
2026-05-03,CH_121,37,,,,S,,56212,Nocturno,,,176604,"POINT (  576978.184423966,   6139630.37799825)",PEDRO OLMIDA 2642 EN 2648,1
2026-05-03,CH_121,38,,,,S,,56212,Nocturno,,,176605,"POINT (  577042.672441395,   6139582.88344488)",PEDRO OLMIDA 2676 EN 2678/2682,1
2026-05-03,CH_121,39,,,,S,,56212,Nocturno,,,176606,"POINT (  577109.556972986,   6139537.13181089)",PEDRO OLMIDA 2730 FTE 2717. MURO CIEGO,1
2026-05-03,CH_121,40,,,,S,,56212,Nocturno,,,176607,"POINT (  577115.112528541,   6139532.99237733)",PEDRO OLMIDA 2730 FTE 2717. MURO CIEGO,1
2026-05-03,CH_121,41,,,,S,,56212,Nocturno,,,183272,"POINT (  577135.276139351,   6139521.84084584)",PEDRO OLMIDA 2736,1
2026-05-03,CH_121,42,,,,S,,56212,Nocturno,,,183113,"POINT (  577138.238057546,   6139520.28936488)",PEDRO OLMIDA 2742 FTE 2747,1
2026-05-03,CH_121,43,,,,S,,56212,Nocturno,,,180896,"POINT (  577429.879809671,   6139614.06997782)",AV CENTENARIO 3105 EN 4109,1
2026-05-03,CH_121,44,,,,S,,56212,Nocturno,,,183116,"POINT (  577426.498716159,   6139535.63228320)",AV CENTENARIO 3077,1
2026-05-03,CH_121,45,,,,S,,56212,Nocturno,,,183117,"POINT (  577427.039312927,   6139529.14512199)",AV CENTENARIO 3077,1
2026-05-03,CH_121,46,,,,S,,56212,Nocturno,,,176608,"POINT (  577281.125600437,   6139629.17974117)",MARIANO MORENO 2745 SUBESTACION UTE,1
2026-05-03,CH_121,47,,,,S,,56212,Nocturno,,,183111,"POINT (  577278.283450250,   6139630.10000371)",MARIANO MORENO 2745,1
2026-05-03,CH_121,48,,,,S,,56212,Nocturno,,,180935,"POINT (  577204.301729851,   6139682.37204478)",MARIANO MORENO 2715 FTE 2708,1
2026-05-03,CH_121,49,,,,S,,56212,Nocturno,,,176609,"POINT (  577202.912092811,   6139683.21024226)",MARIANO MORENO 2715 FTE 2708,1
2026-05-03,CH_121,50,,,,S,,56212,Nocturno,,,183614,"POINT (  577030.157635294,   6139803.41808867)",MARIANO MORENO 2609,1
2026-05-03,CH_121,51,,,,S,,56212,Nocturno,,,176611,"POINT (  577027.095099347,   6139805.21459956)",MARIANO MORENO 2609,1
2026-05-03,CH_121,52,,,,S,,56212,Nocturno,,,176612,"POINT (  577098.336929413,   6139881.24945794)",JUAN CABAL 2562 ANTES DE ARBOL,1
2026-05-03,CH_121,53,,,,S,,56212,Nocturno,,,176613,"POINT (  577170.232354249,   6139866.65250805)",JUAN RAMON GOMEZ 3105 FTE 3105. MURO,1
2026-05-03,CH_121,54,,,,S,,56212,Nocturno,,,176614,"POINT (  577222.846733334,   6139939.85512243)",JUAN RAMON GOMEZ 3141 EN 3144. CASA LADRILLOS. PDO ARBOL,1
2026-05-03,CH_121,55,,,,S,,56212,Nocturno,,,176615,"POINT (  577279.709478432,   6139856.52178910)",GRAL URQUIZA 3194 FTE 3194. MURO,1
2026-05-03,CH_121,56,,,,S,,56212,Nocturno,,,176616,"POINT (  577216.746515469,   6139769.37581960)",GRAL URQUIZA 3141,1
2026-05-03,CH_121,57,,,,S,,56212,Nocturno,,,176617,"POINT (  577138.750872768,   6139656.84858648)",GRAL URQUIZA 3087 VEREDA,1
2026-05-03,CH_114,1,S,50,,S,,56213,Nocturno,2026-05-04 02:43:47,,176793,"POINT (  578810.383601267,   6138272.64110451)",TIBURCIO GOMEZ 1666 EDIFICIO,0
2026-05-03,CH_114,2,S,100,,S,Requiere Limpieza,56213,Nocturno,2026-05-04 02:46:07,,176794,"POINT (  578893.204899360,   6138340.61987606)",PEDRO BUSTAMANTE 1697 EN 1697BIS. REJAS GRISES,0
2026-05-03,CH_114,3,S,25,,S,,56213,Nocturno,2026-05-04 02:47:26,,176795,"POINT (  578911.646738587,   6138277.94730775)",PEDRO BUSTAMANTE 1661 MURO CON REJA. ARBOL/COLUMNA,0
2026-05-03,CH_114,4,S,25,,S,,56213,Nocturno,2026-05-04 02:48:58,,176796,"POINT (  578932.611807324,   6138203.77178136)",PEDRO BUSTAMANTE 1627 MURO CON REJA. ARBOL/COLUMNA,0
2026-05-03,CH_114,5,S,25,,S,Requiere Limpieza,56213,Nocturno,2026-05-04 03:24:54,,177270,"POINT (  578955.900260613,   6138119.83597151)",PEDRO BUSTAMANTE 1581,0
2026-05-03,CH_114,6,S,50,,S,,56213,Nocturno,2026-05-04 02:51:52,,176798,"POINT (  579028.865591936,   6138052.11826644)",JACINTO VERA 3664 CASA NARANJA,0
2026-05-03,CH_114,7,S,75,,S,,56213,Nocturno,2026-05-04 00:17:53,,176799,"POINT (  579099.664443533,   6138059.46531709)",FRANCISCO ANZANI 1547 EN 1549. COLUMNA/ARBOL,0
2026-05-03,CH_114,8,S,50,,S,,56213,Nocturno,2026-05-04 00:19:48,,176800,"POINT (  579118.440239606,   6137993.26764872)",FRANCISCO ANZANI 1505 CASA LADRILLOS,0
2026-05-03,CH_114,9,S,75,,S,,56213,Nocturno,2026-05-04 00:21:56,,176801,"POINT (  579142.410919968,   6137904.73197791)",FRANCISCO ANZANI 1463 SUB ESTACION,0
2026-05-03,CH_114,10,S,75,,S,,56213,Nocturno,2026-05-04 00:24:09,,176802,"POINT (  579158.811911794,   6137839.35064850)",FRANCISCO ANZANI 1439 EDIFICIO DE DOS PISOS,0
2026-05-03,CH_114,11,S,50,,S,,56213,Nocturno,2026-05-04 00:26:05,,176803,"POINT (  579175.806604683,   6137776.56676123)",FRANCISCO ANZANI 1405 CONSULTORIO ODONTOLOGICO,0
2026-05-03,CH_114,12,S,100,,S,,56213,Nocturno,2026-05-04 00:31:21,,176804,"POINT (  578970.905525798,   6137694.71022737)",TIBURCIO GOMEZ 1408 VEREDA. EN 1406,0
2026-05-03,CH_114,13,S,50,,S,,56213,Nocturno,2026-05-04 00:31:28,,176805,"POINT (  578957.547251912,   6137738.49568066)",TIBURCIO GOMEZ 1426 ANTES 1426. MURO,0
2026-05-03,CH_114,14,S,50,,S,,56213,Nocturno,2026-05-04 00:33:52,,176806,"POINT (  578948.344885457,   6137769.29392323)",TIBURCIO GOMEZ 1440 ANTES 1444. CASA TAPEADA,0
2026-05-03,CH_114,15,N,,Contenedor No Está,S,,56213,Nocturno,2026-05-04 00:24:25,,180565,"POINT (  578936.758490632,   6137818.93976079)",TIBURCIO GOMEZ 1454,0
2026-05-03,CH_114,16,S,50,,S,,56213,Nocturno,2026-05-04 00:36:41,,176807,"POINT (  578914.503924946,   6137889.14732504)",TIBURCIO GOMEZ 1494 PARED ALTA CON VENTANAS. ARBOL/ARBOL,0
2026-05-03,CH_114,17,S,75,,S,Requiere Limpieza,56213,Nocturno,2026-05-04 00:36:34,,176808,"POINT (  578892.611198299,   6137973.15602526)",TIBURCIO GOMEZ 1532 CASA LADRILLOS Y REJAS GRISES,0
2026-05-03,CH_114,18,S,50,,S,,56213,Nocturno,2026-05-04 00:37:54,,180209,"POINT (  578949.116217763,   6138028.95588115)",JACINTO VERA 3642,0
2026-05-03,CH_114,19,S,75,,S,,56213,Nocturno,2026-05-04 00:39:34,,176810,"POINT (  578990.646086096,   6138006.32907208)",PEDRO BUSTAMANTE 1545 FTE 1536. CASA TAPEADA,0
2026-05-03,CH_114,20,S,100,,S,,56213,Nocturno,2026-05-04 00:41:06,,176811,"POINT (  579021.518541299,   6137898.42390413)",PEDRO BUSTAMANTE 1483 EN 1483/1485,0
2026-05-03,CH_114,21,S,100,,S,,56213,Nocturno,2026-05-04 00:43:30,,176812,"POINT (  579055.359501811,   6137777.01203704)",PEDRO BUSTAMANTE 1425 ANTES GARAJE. REJA GRIS,0
2026-05-03,CH_114,22,S,75,,S,,56213,Nocturno,2026-05-04 01:50:12,,176813,"POINT (  578801.255447446,   6137729.96122790)",PTE ORIBE 1437,0
2026-05-03,CH_114,23,S,100,,S,,56213,Nocturno,2026-05-04 01:53:20,,176814,"POINT (  578767.794826677,   6137647.65941824)",PTE ORIBE 1411 EN 1413,0
2026-05-03,CH_114,24,S,100,,S,Requiere Limpieza,56213,Nocturno,2026-05-04 01:53:26,,176815,"POINT (  578767.915422206,   6137645.21967794)",PTE ORIBE 1411 EN 1413. CASA LADRILLOS,0
2026-05-03,CH_114,25,S,100,,S,,56213,Nocturno,2026-05-04 02:09:49,,176816,"POINT (  578688.841862064,   6137699.20936822)",JUAN JOSE DE HERRERA 1440,0
2026-05-03,CH_114,26,S,100,,S,Requiere Limpieza,56213,Nocturno,2026-05-04 02:11:56,,179002,"POINT (  578658.637696071,   6137805.55615147)",JUAN JOSE DE HERRERA 1484,0
2026-05-03,CH_114,27,S,50,,S,,56213,Nocturno,2026-05-04 02:14:48,,176818,"POINT (  578707.543445505,   6137844.51770305)",DEMOSTENES 3518 PDO 3514. CASA LADRILLOS,0
2026-05-03,CH_114,28,S,25,,S,,56213,Nocturno,2026-05-04 02:16:05,,176819,"POINT (  578744.093167109,   6137854.46219584)",DEMOSTENES 3532 EDIFICIO,0
2026-05-03,CH_114,29,S,50,,S,,56213,Nocturno,2026-05-04 02:17:51,,176820,"POINT (  578875.078463825,   6137892.60748904)",DEMOSTENES 3592 FTE 3593. MURO CIEGO ENTRE ARBOLES,0
2026-05-03,CH_114,30,S,75,,S,,56213,Nocturno,2026-05-04 02:19:47,,176823,"POINT (  578817.118397686,   6137800.88067503)",MAGARIÑOS CERVANTES 1460 EDIFICIO. REJA CON ESTERILLA,0
2026-05-03,CH_114,31,S,75,,S,Requiere Limpieza,56213,Nocturno,2026-05-04 02:21:57,,181736,"POINT (  578790.847174289,   6137900.71464357)",MAGARIÑOS CERVANTES 1502 EN 1506. SUB ESTACION,0
2026-05-03,CH_114,32,S,50,,S,,56213,Nocturno,2026-05-04 02:25:57,,182102,"POINT (  578752.564609015,   6138095.43292790)",MIGUEL MARTINEZ 3569,0
2026-05-03,CH_114,33,S,50,,S,,56213,Nocturno,2026-05-04 02:26:03,,176825,"POINT (  578754.779786218,   6138096.84065424)",MIGUEL MARTINEZ 3569 FTE 3569,0
2026-05-03,CH_114,34,S,100,,S,Requiere Limpieza,56213,Nocturno,2026-05-04 02:26:13,,176826,"POINT (  578758.193567323,   6138097.80541846)",MIGUEL MARTINEZ 3569 FTE 3569,0
2026-05-03,CH_114,35,S,100,,S,,56213,Nocturno,2026-05-04 02:27:42,,176828,"POINT (  578827.211315733,   6138189.53223248)",TIBURCIO GOMEZ 1638 MURO CON REJA,0
2026-05-03,CH_114,36,S,75,,S,Requiere Limpieza,56213,Nocturno,2026-05-04 02:29:48,,176829,"POINT (  578779.269955009,   6138217.13933184)",JOSE LEGUIZAMON 3589 EN 3585. CASA AZUL,0
2026-05-03,CH_114,37,S,75,,S,Requiere Limpieza,56213,Nocturno,2026-05-04 02:31:06,,176830,"POINT (  578714.259688764,   6138198.28932314)",JOSE LEGUIZAMON 3553,0
2026-05-03,CH_114,38,S,75,,S,,56213,Nocturno,2026-05-04 02:33:18,,176831,"POINT (  578670.919511267,   6138275.76731167)",MAGARIÑOS CERVANTES 1685,0
2026-05-03,CH_114,39,S,100,,S,,56213,Nocturno,2026-05-04 02:35:16,,176832,"POINT (  578576.966318269,   6138159.36479728)",JOSE LEGUIZAMON 3489 CENTRAL UTE,0
2026-05-03,CH_114,40,S,50,,S,,56213,Nocturno,2026-05-04 02:37:39,,176833,"POINT (  578444.570981533,   6138129.82816947)",JOSE LEGUIZAMON Esq. ALBERTO LASPLACES CENTRAL UTE,0
2026-05-03,CH_114,41,S,50,,S,,56213,Nocturno,2026-05-04 02:39:27,,176834,"POINT (  578413.698526329,   6138176.95319124)",ALBERTO LASPLACES 1673 FTE 1673,0
2026-05-03,CH_114,42,S,75,,S,Requiere Limpieza,56213,Nocturno,2026-05-04 02:41:38,,176835,"POINT (  578586.836598418,   6138280.99930228)",LYON 1695 FTE 1675,0
2026-05-03,CH_115,1,S,25,,S,,56213,Nocturno,2026-05-03 23:47:23,,176851,"POINT (  579464.190696680,   6137842.16261414)",VANGUARDIA 1425 FTE MURO VEGETAL,1
2026-05-03,CH_115,2,S,25,,S,,56213,Nocturno,2026-05-03 23:52:20,,176852,"POINT (  579428.585937782,   6137901.12188193)",VANGUARDIA 1477 FTE 1475,1
2026-05-03,CH_115,3,S,25,,S,,56213,Nocturno,2026-05-03 23:55:04,,176853,"POINT (  579339.791383682,   6137918.98353678)",CAP ANTONIO PEREZ 3815 FTE 3818,1
2026-05-03,CH_115,4,S,50,,S,,56213,Nocturno,2026-05-03 23:57:50,,176854,"POINT (  579331.097657869,   6137858.12745609)",MOLLES 1476 FTE 1476,1
2026-05-03,CH_115,5,S,50,,S,,56213,Nocturno,2026-05-03 23:58:38,,180555,"POINT (  579379.876752070,   6137808.93737996)",MOLLES 1424 FTE 1424,1
2026-05-03,CH_115,6,S,50,,S,,56213,Nocturno,2026-05-03 23:41:48,,176856,"POINT (  579394.957025659,   6138111.90521596)",MANGARIPE 1588 FTE 1594,1
2026-05-03,CH_115,7,S,50,,S,Requiere Limpieza,56213,Nocturno,2026-05-03 23:41:58,,176857,"POINT (  579397.565143403,   6138108.74386112)",MANGARIPE 1588 FTE 1594,1
2026-05-03,CH_115,8,S,75,,S,,56213,Nocturno,2026-05-03 23:43:28,,176858,"POINT (  579436.133672464,   6137986.55749651)",MANGARIPE 1485 ANTES 1495,1
2026-05-03,CH_115,9,S,50,,S,,56213,Nocturno,2026-05-03 22:49:30,,176859,"POINT (  579587.246433870,   6137917.71899484)",GRACIELA DE GOUVEIA DE MICHELENA 1436 EN 1444,1
2026-05-03,CH_115,10,S,50,,S,,56213,Nocturno,2026-05-03 22:49:36,,181656,"POINT (  579584.947825711,   6137920.55934187)",GRACIELA DE GOUVEIA DE MICHELENA 1436,1
2026-05-03,CH_115,11,S,75,,S,,56213,Nocturno,2026-05-03 22:50:44,,176860,"POINT (  579553.261869328,   6137968.93294327)",GRACIELA DE GOUVEIA DE MICHELENA Esq. JAZMIN DEL PAIS EN 1482. JUNTO A ARBOL,1
2026-05-03,CH_115,12,S,50,,S,,56213,Nocturno,2026-05-03 22:52:05,,176861,"POINT (  579511.690053167,   6138038.00854654)",GRACIELA DE GOUVEIA DE MICHELENA Esq. JOSE ENRIQUE MICHELENA ANTES 1618,1
2026-05-03,CH_115,13,S,75,,S,Requiere Limpieza,56213,Nocturno,2026-05-03 22:54:06,,176862,"POINT (  579503.391496709,   6138119.09729822)",GRACIELA DE GOUVEIA DE MICHELENA 1620 EN 1636,1
2026-05-03,CH_115,14,S,50,,S,,56213,Nocturno,2026-05-03 22:55:46,,176863,"POINT (  579482.842690242,   6138213.62180797)",GRACIELA DE GOUVEIA DE MICHELENA Esq. AV SANTIAGO RIVAS EN 1648,1
2026-05-03,CH_115,15,N,,Fuego,S,,56213,Nocturno,2026-05-03 22:56:13,,176864,"POINT (  579479.839403143,   6138216.30895958)",GRACIELA DE GOUVEIA DE MICHELENA Esq. AV SANTIAGO RIVAS EN 1648,1
2026-05-03,CH_115,16,S,25,,S,,56213,Nocturno,2026-05-03 23:13:33,,176865,"POINT (  579520.462812851,   6138284.43615641)",CHALCHAL 1668 EN 1664,1
2026-05-03,CH_115,17,S,50,,S,Requiere Limpieza,56213,Nocturno,2026-05-03 23:15:40,,176866,"POINT (  579534.688909636,   6138242.39013702)",CHALCHAL 1668 FTE A CENTRAL UTE,1
2026-05-03,CH_115,18,S,50,,S,Requiere Limpieza,56213,Nocturno,2026-05-03 23:19:10,,176867,"POINT (  579536.032485444,   6138172.52419504)",GRACIELA DE GOUVEIA DE MICHELENA Esq. AV SANTIAGO RIVAS FTE 1676,1
2026-05-03,CH_115,19,S,25,,S,,56213,Nocturno,2026-05-03 23:19:17,,176868,"POINT (  579539.272874156,   6138155.92708212)",CHALCHAL Esq. JOSE ENRIQUE MICHELENA EN 1636,1
2026-05-03,CH_115,20,S,50,,S,,56213,Nocturno,2026-05-03 23:20:47,,176869,"POINT (  579619.176117765,   6138014.21935137)",CHALCHAL Esq. JAZMIN DEL PAIS EN 1477,1
2026-05-03,CH_115,21,S,75,,S,,56213,Nocturno,2026-05-03 23:26:47,,176870,"POINT (  579661.538272636,   6137946.17118841)",CHALCHAL 1443,1
2026-05-03,CH_115,22,S,75,,S,Requiere Limpieza,56213,Nocturno,2026-05-03 23:26:54,,176871,"POINT (  579662.802814573,   6137944.11630777)",CHALCHAL 1443,1
2026-05-03,CH_115,23,S,75,,S,Requiere Limpieza,56213,Nocturno,2026-05-03 23:30:39,,176872,"POINT (  579811.860695331,   6137966.64096101)",JOSE GESTAL Esq. AV GRAL RIVERA FTE 1411. MURO CIEGO,1
2026-05-03,CH_115,24,S,100,,S,,56213,Nocturno,2026-05-03 23:34:35,,176873,"POINT (  579714.016762999,   6138077.36741432)",JOSE ENRIQUE MICHELENA Esq. JOSE GESTAL BLOCK Q. PDO CURVA,1
2026-05-03,CH_115,25,S,50,,S,Requiere Limpieza,56213,Nocturno,2026-05-03 23:34:42,,176874,"POINT (  579685.090366203,   6138077.36741432)",JOSE ENRIQUE MICHELENA Esq. JOSE GESTAL ANTES 4028,1
2026-05-03,CH_115,26,S,50,,S,,56213,Nocturno,2026-05-03 23:37:28,,176875,"POINT (  579619.808388734,   6138077.05127883)",JOSE ENRIQUE MICHELENA 1605 EN 1603,1
2026-05-03,CH_115,27,S,50,,S,Requiere Limpieza,56213,Nocturno,2026-05-03 23:37:38,,176876,"POINT (  579616.172830666,   6138076.73514335)",JOSE ENRIQUE MICHELENA 1605 EN 1603,1
2026-05-03,CH_115,28,S,50,,S,Requiere Limpieza,56213,Nocturno,2026-05-04 01:39:17,,176877,"POINT (  579367.690340155,   6138431.28108878)",ANDRES AGUIAR 1688 PDO 1685. PUERTA/PUERTA,1
2026-05-03,CH_115,29,S,50,,S,,56213,Nocturno,2026-05-04 01:40:32,,176878,"POINT (  579316.718017166,   6138372.95409196)",JOSE LEGUIZAMON 3813 PDO REBAJE,1
2026-05-03,CH_115,30,S,100,,S,,56213,Nocturno,2026-05-04 01:42:26,,176879,"POINT (  579228.328522743,   6138346.95718184)",JOSE LEGUIZAMON 3777 3777/3773,1
2026-05-03,CH_115,31,S,100,,S,Requiere Limpieza,56213,Nocturno,2026-05-04 01:44:27,,176880,"POINT (  579109.354428174,   6138311.32612267)",JOSE LEGUIZAMON 3741,1
2026-05-03,CH_115,32,S,100,,S,Requiere Limpieza,56213,Nocturno,2026-05-04 01:46:31,,176881,"POINT (  579058.431068930,   6138298.17474461)",JOSE LEGUIZAMON 3711 MURO CIEGO,1
2026-05-03,CH_115,33,S,75,,S,Requiere Limpieza,56213,Nocturno,2026-05-04 01:47:51,,176882,"POINT (  579042.527076854,   6138266.97845246)",FRANCISCO ANZANI 1642 FTE 1640. MURO CIEGO,1
2026-05-03,CH_115,34,S,75,,S,,56213,Nocturno,2026-05-04 02:54:09,,179676,"POINT (  579122.523805863,   6138201.38537270)",MIGUEL MARTINEZ 3720 PDO REBAJE,1
2026-05-03,CH_115,35,S,100,,S,Requiere Limpieza,56213,Nocturno,2026-05-04 02:56:58,,176884,"POINT (  579228.634368745,   6138232.72370029)",MIGUEL MARTINEZ 3766 MURO LADRILLO,1
2026-05-03,CH_115,36,S,100,,S,,56213,Nocturno,2026-05-03 23:01:29,,176885,"POINT (  579319.547092680,   6138260.70860943)",MIGUEL MARTINEZ 3810 EN 3804. PDO TUNAS,1
2026-05-03,CH_115,37,S,100,,S,Requiere Limpieza,56213,Nocturno,2026-05-03 23:03:33,,176886,"POINT (  579385.533367495,   6138278.90644652)",MIGUEL MARTINEZ 3844 PDO 3844. CERCO MADERA,1
2026-05-03,CH_115,38,S,25,,S,,56213,Nocturno,2026-05-03 23:07:38,,176887,"POINT (  579473.464092916,   6138305.59151014)",MIGUEL MARTINEZ 3874 FTE 3871. PDO REBAJE,1
2026-05-03,CH_115,39,S,50,,S,,56213,Nocturno,2026-05-03 23:08:57,,176888,"POINT (  579513.071150106,   6138348.86871935)",JAIME ESTRAZULAS 1630 FTE 1607,1
2026-05-03,CH_115,40,S,75,,S,,56213,Nocturno,2026-05-03 23:11:08,,176889,"POINT (  579510.624382094,   6138411.26130365)",JOSE LEGUIZAMON 3888 PDO COLUMNA,1
2026-05-03,CH_115,41,S,100,,S,,56213,Nocturno,2026-05-04 02:04:58,,176890,"POINT (  579394.938132040,   6138173.61896051)",AV SANTIAGO RIVAS 1593 EDIFICIO. EN ESQUINA,1
2026-05-03,CH_115,42,S,100,,S,,56213,Nocturno,2026-05-03 23:00:10,,176891,"POINT (  579390.962134021,   6138172.54849950)",JACINTO VERA 3841 EDIFICIO. EN ESQUINA,1
2026-05-03,CH_115,43,S,100,,S,,56213,Nocturno,2026-05-04 00:12:36,,179506,"POINT (  579309.628332013,   6138147.88645248)",JACINTO VERA 3797 EN 3799,1
2026-05-03,CH_115,44,S,75,,S,,56213,Nocturno,2026-05-04 00:14:21,,176893,"POINT (  579226.187600732,   6138123.00144727)",JACINTO VERA 3753,1
2026-05-03,CH_115,45,S,25,,S,,56213,Nocturno,2026-05-04 00:15:45,,176894,"POINT (  579158.825018910,   6138104.42130268)",JACINTO VERA 3725 FTE 3726,1
2026-05-03,CH_115,46,S,50,,S,,56213,Nocturno,2026-05-04 00:10:09,,176895,"POINT (  579183.522083528,   6137980.01844158)",DEMOSTENES 3716 ARBOL/ARBOL,1
2026-05-03,CH_115,47,S,100,,S,,56213,Nocturno,2026-05-04 00:02:14,,176896,"POINT (  579233.374981767,   6137976.42475107)",ESTIVAO 1489 EN 1497. JUNTO A COLUMNA,1
2026-05-03,CH_115,48,S,25,,S,,56213,Nocturno,2026-05-04 00:03:40,,176897,"POINT (  579247.138051832,   6137923.58985431)",ESTIVAO 1459 PDO ARBOL,1
2026-05-03,CH_115,49,S,75,,S,,56213,Nocturno,2026-05-04 00:05:04,,176898,"POINT (  579229.246060747,   6137896.67540618)",FRANCISCO BAUZA 3785,1
2026-05-03,CH_115,50,S,75,,S,,56213,Nocturno,2026-05-04 00:08:48,,176899,"POINT (  579178.781470505,   6137881.30664461)",FRANCISCO BAUZA 3755,1
2026-05-03,E_104,93,N,,Contenedor No Está,S,,56213,Nocturno,2026-05-04 03:02:22,,107749,"POINT (  579245.247209270,   6139011.94437772)",LUIS ALBERTO CAUSA 1854 1858,2
2026-05-03,E_104,94,S,100,,S,,56213,Nocturno,2026-05-04 03:02:29,,107837,"POINT (  579248.160467510,   6139141.74621705)",LUIS ALBERTO CAUSA 1946,2
2026-05-03,E_104,95,S,100,,S,,56213,Nocturno,2026-05-04 03:06:50,,107722,"POINT (  579360.159062050,   6139103.87385994)",JUAN DE DIOS PEZA 1879,2
2026-05-03,E_104,96,S,100,,S,,56213,Nocturno,2026-05-04 03:06:58,,163812,"POINT (  579360.538573950,   6139094.37606030)",JUAN DE DIOS PEZA 1869,2
2026-05-03,E_104,97,S,100,,S,,56213,Nocturno,2026-05-04 03:08:31,,182002,"POINT (  579357.193637577,   6139038.98618886)",JUAN DE DIOS PEZA 1847,2
2026-05-03,E_104,98,S,100,,S,,56213,Nocturno,2026-05-04 03:13:07,,175097,"POINT (  579347.916312739,   6138863.99538280)",JUAN DE DIOS PEZA 1793,2
2026-05-03,E_104,99,S,100,,N,Requiere Limpieza,56213,Nocturno,2026-05-04 03:13:22,,175757,"POINT (  579348.007122876,   6138862.12452462)",JUAN DE DIOS PEZA 1793,2
2026-05-03,E_104,100,S,100,,S,Requiere Limpieza,56213,Nocturno,2026-05-04 03:16:22,,175758,"POINT (  579343.863549269,   6138786.35914959)",JUAN DE DIOS PEZA 1765,2
2026-05-03,E_104,101,S,100,,S,Requiere Limpieza,56213,Nocturno,2026-05-04 03:19:14,,107773,"POINT (  579460.152818590,   6138858.77085604)",NIZA 1812,2
2026-05-03,E_104,102,S,25,,S,,56213,Nocturno,2026-05-04 03:24:45,,107831,"POINT (  579608.109707750,   6139063.73563531)",AV MCAL FRANCISCO SOLANO LOPEZ 1842 EN 1836,2
2026-05-03,E_104,103,S,25,,S,,56213,Nocturno,2026-05-04 03:25:19,,107828,"POINT (  579600.700942770,   6139071.93428840)",AV MCAL FRANCISCO SOLANO LOPEZ 1846 EN 1836,2
2026-05-03,E_104,104,S,50,,S,Requiere Limpieza,56213,Nocturno,2026-05-04 03:25:28,,107829,"POINT (  579598.474435860,   6139073.43997932)",AV MCAL FRANCISCO SOLANO LOPEZ 1846 EN 1836,2
2026-05-03,CH_111,1,S,75,,S,"Basura Afuera, Requiere Limpieza",56214,Nocturno,2026-05-03 23:36:02,,177042,"POINT (  576759.233261983,   6137530.17896525)",PALMAR 2528 CASA RETIRO,0
2026-05-03,CH_111,2,S,50,,S,"Basura Afuera, Requiere Limpieza",56214,Nocturno,2026-05-03 23:36:10,,177043,"POINT (  576761.156853422,   6137529.21716953)",PALMAR 2528 CASA RETIRO,0
2026-05-03,CH_111,3,S,100,,S,"Basura Afuera, Requiere Limpieza",56214,Nocturno,2026-05-03 23:38:11,,181926,"POINT (  576866.845729194,   6137544.68373246)",SIMON BOLIVAR 1468,0
2026-05-03,CH_111,4,S,75,,S,"Basura Afuera, Requiere Limpieza",56214,Nocturno,2026-05-03 23:42:55,,181927,"POINT (  576891.682330501,   6137658.40922266)",SIMON BOLIVAR 1518,0
2026-05-03,CH_111,5,S,75,,S,"Basura Afuera, Requiere Limpieza",56214,Nocturno,2026-05-03 23:43:27,,177045,"POINT (  576892.154024177,   6137660.97130914)",SIMON BOLIVAR 1518 COLUMNA/ARBOL,0
2026-05-03,CH_111,6,S,50,,S,"Basura Afuera, Requiere Limpieza",56214,Nocturno,2026-05-03 23:43:37,,177046,"POINT (  576937.720580659,   6137697.48392443)",LEONOR HORTICOU 2574 FTE 2561. MURO CHAPA,0
2026-05-03,CH_111,7,S,50,,S,,56214,Nocturno,2026-05-03 23:43:42,,181802,"POINT (  576940.308996951,   6137698.13971809)",LEONOR HORTICOU 2574,0
2026-05-03,CH_111,8,S,50,,S,,56214,Nocturno,2026-05-03 23:44:37,,178830,"POINT (  577036.369828976,   6137772.40705970)",GRAL JOSE ESTEBAN BRITO DEL PINO 1590 FTE 1569,0
2026-05-03,CH_111,9,S,100,,S,,56214,Nocturno,2026-05-03 23:46:48,,177049,"POINT (  577345.296359493,   6137819.19264208)",BRIG GRAL DIEGO LAMAS 1591 ARBOL/COLUMNA,0
2026-05-03,CH_111,10,S,50,,S,,56214,Nocturno,2026-05-03 23:51:03,,177050,"POINT (  577354.498725948,   6137731.62173548)",BRIG GRAL DIEGO LAMAS 1548 FTE 1546/1548. COLUMNA/ARBOL,0
2026-05-03,CH_111,11,S,50,,S,,56214,Nocturno,2026-05-03 23:51:08,,182204,"POINT (  577355.334240959,   6137727.72610065)",BRIG GRAL DIEGO LAMAS 1537,0
2026-05-03,CH_111,12,S,100,,S,,56214,Nocturno,2026-05-03 23:51:11,,177051,"POINT (  577366.818022978,   6137629.65357814)",BRIG GRAL DIEGO LAMAS 1503 COLUMNA/ARBOL,0
2026-05-03,CH_111,13,S,75,,S,,56214,Nocturno,2026-05-03 23:56:15,,177053,"POINT (  577392.495593895,   6137448.87160487)",BRIG GRAL DIEGO LAMAS 1425 FTE 1432. MURO VEGETAL,0
2026-05-03,CH_111,14,S,75,,S,"Basura Afuera, Requiere Limpieza",56214,Nocturno,2026-05-03 23:57:17,,177054,"POINT (  577399.620006635,   6137395.88378511)",BRIG GRAL DIEGO LAMAS 1409 MURO,0
2026-05-03,CH_111,15,S,100,,S,"Basura Afuera, Requiere Limpieza",56214,Nocturno,2026-05-03 23:57:12,,180306,"POINT (  577400.933514124,   6137391.87605142)",BRIG GRAL DIEGO LAMAS 1409,0
2026-05-03,CH_111,16,S,50,,S,,56214,Nocturno,2026-05-03 23:59:03,,183645,"POINT (  577310.873953159,   6137438.96421852)",PEDRO DE ALARCON 1372,0
2026-05-03,CH_111,17,S,50,,S,,56214,Nocturno,2026-05-03 23:59:07,,183644,"POINT (  577310.002493464,   6137441.36073268)",PEDRO DE ALARCON 1372,0
2026-05-03,CH_111,18,S,50,,S,"Basura Afuera, Requiere Limpieza",56214,Nocturno,2026-05-04 00:02:44,,183612,"POINT (  577269.874997604,   6137610.70128148)",CAP VIDELA 2841,0
2026-05-03,CH_111,19,S,50,,S,"Basura Afuera, Requiere Limpieza",56214,Nocturno,2026-05-04 00:02:49,,177058,"POINT (  577261.139234002,   6137609.61616731)",CAP VIDELA 2835 EN 2845. ARBOL/COLUMNA,0
2026-05-03,CH_111,20,S,75,,S,,56214,Nocturno,2026-05-04 00:06:54,,177059,"POINT (  577205.628184736,   6137603.23388090)",CAP VIDELA 2783 EN 2785. PDO GARAGE,0
2026-05-03,CH_111,21,S,75,,S,,56214,Nocturno,2026-05-04 00:06:59,,177060,"POINT (  577161.694306173,   6137598.03899661)",CAP VIDELA 2743 EN 2747. ARBOL/COLUMNA,0
2026-05-03,CH_111,22,S,50,,S,,56214,Nocturno,2026-05-04 00:10:08,,177061,"POINT (  577067.295837368,   6137585.71969958)",CAP VIDELA 2635,0
2026-05-03,CH_111,23,S,50,,S,,56214,Nocturno,2026-05-04 00:10:11,,177062,"POINT (  577062.843079406,   6137584.97757325)",CAP VIDELA 2635,0
2026-05-03,CH_111,24,S,50,,S,"Basura Afuera, Requiere Limpieza",56214,Nocturno,2026-05-04 00:12:41,,180263,"POINT (  576983.100869615,   6137533.04446912)",GRAL JOSE ESTEBAN BRITO DEL PINO 1489 PDO 1491,0
2026-05-03,CH_111,25,N,,Contenedor No Está,S,,56214,Nocturno,2026-05-04 00:12:46,,177063,"POINT (  576982.545010815,   6137528.72439766)",GRAL JOSE ESTEBAN BRITO DEL PINO 1489 PDO 1491. COLUMNA/ARBOL,0
2026-05-03,CH_111,26,S,100,,S,"Basura Afuera, Requiere Limpieza",56214,Nocturno,2026-05-04 00:16:42,,179127,"POINT (  576961.315050763,   6137397.66511591)",GRAL JOSE ESTEBAN BRITO DEL PINO 1407 FTE 1404,0
2026-05-03,CH_111,27,S,100,,S,"Basura Afuera, Requiere Limpieza",56214,Nocturno,2026-05-04 00:16:50,,177065,"POINT (  576960.429646268,   6137392.32157874)",GRAL JOSE ESTEBAN BRITO DEL PINO 1407 FTE 1404,0
2026-05-03,CH_111,28,S,75,,S,"Basura Afuera, Requiere Limpieza",56214,Nocturno,2026-05-04 00:19:32,,180797,"POINT (  576944.111189796,   6137312.87508181)",GRAL JOSE ESTEBAN BRITO DEL PINO 1365 EN 1367,0
2026-05-03,CH_111,29,S,75,,S,,56214,Nocturno,2026-05-04 00:52:34,,180796,"POINT (  576826.022452595,   6137318.10830138)",SIMON BOLIVAR 1378,0
2026-05-03,CH_111,30,S,100,,S,"Basura Afuera, Requiere Limpieza",56214,Nocturno,2026-05-04 00:52:41,,180795,"POINT (  576831.986000000,   6137343.14300000)",SIMON BOLIVAR 1388,0
2026-05-03,CH_111,31,S,75,,S,"Basura Afuera, Requiere Limpieza",56214,Nocturno,2026-05-04 00:52:47,,183582,"POINT (  576858.441362341,   6137471.79097701)",SIMON BOLIVAR 1440,0
2026-05-03,CH_111,32,S,50,,S,,56214,Nocturno,2026-05-04 00:52:53,,183581,"POINT (  576859.005537236,   6137475.74020127)",SIMON BOLIVAR 1440,0
2026-05-03,CH_111,33,S,50,,S,"Basura Afuera, Requiere Limpieza",56214,Nocturno,2026-05-04 00:52:59,,177068,"POINT (  576876.420946042,   6137488.94642653)",PALMAR 2606 MURO LADRILLO,0
2026-05-03,CH_111,34,S,75,,S,"Basura Afuera, Requiere Limpieza",56214,Nocturno,2026-05-04 00:53:06,,180545,"POINT (  576993.232640959,   6137454.91528628)",MENDEZ NUÑEZ 2656 PDO 2656. MURO CIEGO,0
2026-05-03,CH_111,35,S,75,,S,,56214,Nocturno,2026-05-04 00:53:13,,177071,"POINT (  577044.289921228,   6137461.93302822)",MENDEZ NUÑEZ 2684 EDIFICIO,0
2026-05-03,CH_111,36,S,75,,S,,56214,Nocturno,2026-05-04 00:53:17,,177072,"POINT (  577046.961576005,   6137461.93302822)",MENDEZ NUÑEZ 2690 EDIFICIO,0
2026-05-03,CH_111,37,S,50,,S,,56214,Nocturno,2026-05-04 00:53:30,,177073,"POINT (  577108.186997989,   6137469.79956729)",MENDEZ NUÑEZ 2708 EN 2712,0
2026-05-03,CH_111,38,S,75,,S,"Basura Afuera, Requiere Limpieza",56214,Nocturno,2026-05-04 00:53:36,,177074,"POINT (  577138.020476338,   6137472.76807259)",MENDEZ NUÑEZ 2726 ANTES 2734. MURO LAVADERO,0
2026-05-03,CH_111,39,S,75,,S,"Basura Afuera, Requiere Limpieza",56214,Nocturno,2026-05-04 00:53:48,,182257,"POINT (  577231.351310011,   6137483.74696462)",MENDEZ NUÑEZ 2788,0
2026-05-03,CH_111,40,S,75,,S,,56214,Nocturno,2026-05-04 00:53:53,,177077,"POINT (  577248.448873808,   6137451.09798384)",LEPANTO 1381 REJA,0
2026-05-03,CH_111,41,S,75,,S,,56214,Nocturno,2026-05-04 00:53:58,,181349,"POINT (  577251.889290960,   6137419.75978870)",LEPANTO 1363,0
2026-05-03,CH_111,42,S,50,,S,,56214,Nocturno,2026-05-04 00:54:09,,181273,"POINT (  577109.446540976,   6137411.25576720)",AV DR FRANCISCO SOCA 1402 EN 1420,0
2026-05-03,CH_111,43,S,50,,S,,56214,Nocturno,2026-05-04 00:54:17,,177076,"POINT (  577050.894845539,   6137678.04021466)",FELICIANO RODRIGUEZ 2658,0
2026-05-03,CH_111,44,S,50,,S,,56214,Nocturno,2026-05-04 00:54:26,,177078,"POINT (  577057.573982482,   6137679.37604205)",FELICIANO RODRIGUEZ 2658,0
2026-05-03,CH_111,45,S,50,,S,,56214,Nocturno,2026-05-04 00:54:30,,177079,"POINT (  577149.746072306,   6137698.22605076)",FELICIANO RODRIGUEZ 2710 FTE 2715. ARBOL/ARBOL,0
2026-05-03,CH_111,46,S,75,,S,,56214,Nocturno,2026-05-04 00:54:58,,177080,"POINT (  577153.605129207,   6137698.37447602)",FELICIANO RODRIGUEZ 2710 FTE 2715. ARBOL/ARBOL,0
2026-05-03,CH_111,47,S,50,,S,,56214,Nocturno,2026-05-04 00:55:12,,177082,"POINT (  577419.731630098,   6137753.29182423)",FELICIANO RODRIGUEZ 2946 EN 2948. ESQ,0
2026-05-03,CH_116,1,S,100,,S,"Basura Afuera, Requiere Limpieza",56214,Nocturno,2026-05-04 01:59:19,,176941,"POINT (  577643.342187402,   6138759.61670274)",GRAL LAS HERAS 1984 VEREDA EN 1990. PASANDO ARBOL,1
2026-05-03,CH_116,2,S,50,,S,,56214,Nocturno,2026-05-04 01:59:25,,176942,"POINT (  577681.190630083,   6138667.97515429)",GRAL LAS HERAS 1925 VEREDA EN 1948. ENTRE ARBOLES,1
2026-05-03,CH_116,3,S,50,,S,"Basura Afuera, Requiere Limpieza",56214,Nocturno,2026-05-04 02:02:21,,176943,"POINT (  577733.936864032,   6138561.91898618)",GRAL LAS HERAS 1906 VEREDA EN 1904. ENTRE ARBOL Y CARTEL DE NO ESTACIONAR,1
2026-05-03,CH_116,4,S,50,,S,"Basura Afuera, Requiere Limpieza",56214,Nocturno,2026-05-04 02:02:26,,176944,"POINT (  577762.363460344,   6138487.67161565)",GRAL LAS HERAS 1892 VEREDA EN 1892. ENTRE ARBOLES,1
2026-05-03,CH_116,5,S,50,,S,,56214,Nocturno,2026-05-04 02:27:28,,176945,"POINT (  577810.841678416,   6138377.99166047)",GRAL LAS HERAS 1845 VEREDA. EN 1845. CARTEL/ARBOL,1
2026-05-03,CH_116,6,S,75,,S,,56214,Nocturno,2026-05-04 02:27:50,,176946,"POINT (  577831.295943184,   6138336.47916642)",GRAL LAS HERAS 1815 VEREDA. FTE 1812. MURO NEGRO,1
2026-05-03,CH_116,7,S,75,,S,"Basura Afuera, Requiere Limpieza",56214,Nocturno,2026-05-04 02:28:06,,176947,"POINT (  577861.010997119,   6138272.37839967)",GRAL LAS HERAS 1783 VEREDA. FTE 1780. MURO VEGETAL,1
2026-05-03,CH_116,8,S,75,,S,"Basura Afuera, Requiere Limpieza",56214,Nocturno,2026-05-04 02:28:13,,176948,"POINT (  577884.047533939,   6138225.19290863)",GRAL LAS HERAS Esq. AYACUCHO VEREDA. ESQ,1
2026-05-03,CH_116,9,S,50,,S,,56214,Nocturno,2026-05-04 02:31:45,,176949,"POINT (  578051.219553742,   6138189.67552598)",NAVARRA 1748 FTE PORTON,1
2026-05-03,CH_116,10,S,50,,S,,56214,Nocturno,2026-05-04 02:31:50,,176950,"POINT (  578050.655853532,   6138190.56134060)",NAVARRA 1748 EN 1750. FTE PROTON,1
2026-05-03,CH_116,11,S,50,,S,"Basura Afuera, Requiere Limpieza",56214,Nocturno,2026-05-04 02:34:05,,176951,"POINT (  577991.869974474,   6138315.21961564)",NAVARRA 1820 1820/1826,1
2026-05-03,CH_116,12,S,50,,S,"Basura Afuera, Requiere Limpieza",56214,Nocturno,2026-05-04 02:43:37,,176952,"POINT (  577973.428924742,   6138355.00074476)",NAVARRA 1844 FTE 1847. MURO LADRILLO,1
2026-05-03,CH_116,13,S,50,,S,"Basura Afuera, Requiere Limpieza",56214,Nocturno,2026-05-04 02:43:42,,176953,"POINT (  577956.759504242,   6138387.37324254)",NAVARRA 1856 1856/1860. VEREDA,1
2026-05-03,CH_116,14,S,50,,S,"Basura Afuera, Requiere Limpieza",56214,Nocturno,2026-05-04 02:43:48,,176954,"POINT (  577942.022770177,   6138419.34309732)",NAVARRA 1876 VEREDA. EN 1880. MURO LADRILLO,1
2026-05-03,CH_116,15,S,50,,S,"Basura Afuera, Requiere Limpieza",56214,Nocturno,2026-05-04 02:44:03,,176955,"POINT (  577889.598650634,   6138530.79468172)",NAVARRA 1936 VEREDA. PASANDO 1934,1
2026-05-03,CH_116,16,S,50,,S,"Basura Afuera, Requiere Limpieza",56214,Nocturno,2026-05-04 02:46:42,,176956,"POINT (  577877.519360416,   6138555.19484796)",NAVARRA 1940 EN 1942. ANTES DE PUERTA. VEREDA,1
2026-05-03,CH_116,17,S,75,,S,"Basura Afuera, Requiere Limpieza",56214,Nocturno,2026-05-04 02:46:48,,176957,"POINT (  577823.082025836,   6138671.31709125)",NAVARRA 1998 MURO AMARILLO,1
2026-05-03,CH_116,18,S,50,,S,"Basura Afuera, Requiere Limpieza",56214,Nocturno,2026-05-04 02:43:31,,176958,"POINT (  577838.785103119,   6138722.29169597)",DR MANUEL QUINTELA 3280 3270/3280. ENTRE ARBOLES,1
2026-05-03,CH_116,19,S,50,,S,"Basura Afuera, Requiere Limpieza",56214,Nocturno,2026-05-04 02:46:58,,176959,"POINT (  577763.974032373,   6138843.08459814)",JUAN SPIKERMAN 2093 EN 2098.,1
2026-05-03,CH_116,20,S,50,,S,"Basura Afuera, Requiere Limpieza",56214,Nocturno,2026-05-04 02:47:04,,176960,"POINT (  577763.007689156,   6138843.88988416)",JUAN SPIKERMAN 2093 EN 2098,1
2026-05-03,CH_116,21,S,50,,S,"Basura Afuera, Requiere Limpieza",56214,Nocturno,2026-05-04 02:49:23,,176961,"POINT (  577816.881323525,   6138855.08335976)",MAIPU 2083,1
2026-05-03,CH_116,22,S,50,,S,"Basura Afuera, Requiere Limpieza",56214,Nocturno,2026-05-04 02:49:29,,176962,"POINT (  577841.039903960,   6138811.03421477)",MAIPU 2067 2067/2065,1
2026-05-03,CH_116,23,S,75,,S,,56214,Nocturno,2026-05-04 02:50:20,,176963,"POINT (  577880.659975873,   6138737.51160164)",MAIPU 2037 2037/2031,1
2026-05-03,CH_116,24,S,50,,S,"Basura Afuera, Requiere Limpieza",56214,Nocturno,2026-05-04 02:51:56,,176964,"POINT (  577926.722335902,   6138651.66811250)",MAIPU 1951 EN 1963. REJAS,1
2026-05-03,CH_116,25,S,50,,S,"Basura Afuera, Requiere Limpieza",56214,Nocturno,2026-05-04 02:12:50,,176965,"POINT (  578004.432436300,   6138647.72221103)",REPUBLICA DE EL SALVADOR 3382,1
2026-05-03,CH_116,26,S,75,,S,,56214,Nocturno,2026-05-04 02:16:02,,176968,"POINT (  578064.788623085,   6138544.92745127)",SANTIAGO GADEA 3087 EN 3087. REBAJE MAL HECHO,1
2026-05-03,CH_116,27,S,50,,S,,56214,Nocturno,2026-05-04 02:21:47,,176966,"POINT (  578032.778504010,   6138526.32534434)",SANTIAGO GADEA 3361 EN 3061. FTE EDIFICIO ENTRE COLUMNA Y ARBUSTO,1
2026-05-03,CH_116,28,S,50,,S,,56214,Nocturno,2026-05-04 02:21:54,,176969,"POINT (  577942.626734687,   6138478.16924067)",SANTIAGO GADEA 3319 EN 3319. MURO CON REJAS,1
2026-05-03,CH_116,29,S,75,,S,,56214,Nocturno,2026-05-04 02:28:28,,176970,"POINT (  577837.617438397,   6138420.59129063)",SANTIAGO GADEA 3235 EN 3235,1
2026-05-03,CH_116,30,S,50,,S,,56214,Nocturno,2026-05-04 02:03:50,,176971,"POINT (  577734.621357144,   6138365.75131304)",SANTIAGO GADEA 3169 EN 3165,1
2026-05-03,CH_116,31,S,50,,S,,56214,Nocturno,2026-05-04 02:07:00,,176972,"POINT (  577699.833001318,   6138373.07941578)",DR MANUEL QUINTELA 3156 EN 3156,1
2026-05-03,CH_116,32,S,75,,S,"Basura Afuera, Requiere Limpieza",56214,Nocturno,2026-05-04 02:07:09,,176973,"POINT (  577713.683920767,   6138402.87499831)",DR MANUEL QUINTELA 3160 EN 3166. FTE A EDIFICIO,1
2026-05-03,CH_116,33,S,50,,S,,56214,Nocturno,2026-05-04 02:08:52,,176974,"POINT (  577801.460096346,   6138556.52356988)",REPUBLICA DE EL SALVADOR 3272 3272/3274,1
2026-05-03,CH_116,34,S,50,,S,"Basura Afuera, Requiere Limpieza",56214,Nocturno,2026-05-04 02:11:19,,176975,"POINT (  577885.934599267,   6138592.43932613)",REPUBLICA DE EL SALVADOR 3018 EN 3310. MURO CIEGO,1
2026-05-03,CH_116,35,S,50,,S,"Basura Afuera, Requiere Limpieza",56214,Nocturno,2026-05-04 02:53:34,,176976,"POINT (  577946.894750564,   6138617.64477838)",MAIPU 1947 ESQ. MURO CIEGO,1
2026-05-03,CH_116,36,S,50,,S,,56214,Nocturno,2026-05-04 03:02:25,,176977,"POINT (  578017.759919839,   6138485.57787200)",MAIPU 1887 MURO VEGETAL,1
2026-05-03,CH_116,37,S,50,,S,,56214,Nocturno,2026-05-04 03:02:34,,176978,"POINT (  578044.978587129,   6138437.09965393)",MAIPU 1859 MURO. PDO ARBOL,1
2026-05-03,CH_116,38,S,50,,S,,56214,Nocturno,2026-05-04 03:02:40,,176979,"POINT (  578060.601135810,   6138404.56609894)",MAIPU 1845 ESQ. MURO. COHCERA,1
2026-05-03,CH_116,39,S,50,,S,"Basura Afuera, Requiere Limpieza",56214,Nocturno,2026-05-04 03:02:47,,176980,"POINT (  578086.209231071,   6138356.24893808)",MAIPU 1809 REJA GRIS. PASANDO REBAJE,1
2026-05-03,CH_116,40,S,50,,S,"Basura Afuera, Requiere Limpieza",56214,Nocturno,2026-05-04 03:02:56,,180837,"POINT (  578095.088023436,   6138266.24668180)",MAIPU 1767 EN 1765. PROV OV(O: MAIPU fte 1776),1
2026-05-03,CH_116,41,S,50,,S,"Basura Afuera, Requiere Limpieza",56214,Nocturno,2026-05-04 03:03:09,,176982,"POINT (  578090.718832752,   6138217.25657197)",MAIPU 1741 MURO MADERA,1
2026-05-03,CH_116,42,S,50,,S,"Basura Afuera, Requiere Limpieza",56214,Nocturno,2026-05-04 03:03:17,,176983,"POINT (  578091.040947158,   6138214.67965673)",MAIPU 1741 MURO MADERA,1
2026-05-03,CH_112,1,,,,S,,56215,Nocturno,,,177030,"POINT (  577490.435055556,   6137417.69121111)",RAFAEL PASTORIZA 1416 FTE 1413. EDIFICIO,0
2026-05-03,CH_112,2,,,,S,,56215,Nocturno,,,177384,"POINT (  577489.920467797,   6137422.41588305)",RAFAEL PASTORIZA 1416 FTE 1413. EDIFICIO,0
2026-05-03,CH_112,3,,,,S,,56215,Nocturno,,,177031,"POINT (  577479.879500000,   6137496.02454445)",RAFAEL PASTORIZA 1444 FTE 1443. EDIFICIO,0
2026-05-03,CH_112,4,,,,S,,56215,Nocturno,,,176681,"POINT (  577461.000645098,   6137667.43885294)",RAFAEL PASTORIZA 1508 PDO COLUMNA,0
2026-05-03,CH_112,5,,,,S,,56215,Nocturno,,,176682,"POINT (  577445.238955806,   6137788.32874736)",RAFAEL PASTORIZA 1552 EN 1554. ARBOL/COLUMNA,0
2026-05-03,CH_112,6,,,,S,,56215,Nocturno,,,176683,"POINT (  577474.198231825,   6137836.44337782)",FRANCISCO LLAMBI 1585,0
2026-05-03,CH_112,7,,,,S,,56215,Nocturno,,,176684,"POINT (  577487.094159426,   6137800.01803845)",FRANCISCO LLAMBI 1551 ESQ. ARBOL/COLUMNA,0
2026-05-03,CH_112,8,,,,S,,56215,Nocturno,,,176685,"POINT (  577531.136391704,   6137671.66208069)",FRANCISCO LLAMBI 1515 MURO VEGETAL,0
2026-05-03,CH_112,9,,,,S,,56215,Nocturno,,,176686,"POINT (  577558.339154778,   6137541.30382183)",FRANCISCO LLAMBI 1459 CASA ABANDONADA,0
2026-05-03,CH_112,10,,,,S,,56215,Nocturno,,,176687,"POINT (  577575.889193792,   6137404.35867844)",FRANCISCO LLAMBI 1403 EN 1405. MURO VEGETAL,0
2026-05-03,CH_112,11,,,,S,,56215,Nocturno,,,176688,"POINT (  577576.038894391,   6137401.21496587)",FRANCISCO LLAMBI 1403 EN 1405. MURO VEGETAL,0
2026-05-03,CH_112,12,,,,S,,56215,Nocturno,,,176689,"POINT (  577669.802870659,   6137423.21995270)",EDUARDO MAC EACHEN 1412 EN 1414. EST 45,0
2026-05-03,CH_112,13,,,,S,,56215,Nocturno,,,176690,"POINT (  577666.060355688,   6137451.43851557)",EDUARDO MAC EACHEN 1426 EDIFICIO. EST 45,0
2026-05-03,CH_112,14,,,,S,,56215,Nocturno,,,176691,"POINT (  577651.901437875,   6137559.00947637)",EDUARDO MAC EACHEN 1460 FTE 1461. CASA GRIS/CASA ROJA,0
2026-05-03,CH_112,15,,,,S,,56215,Nocturno,,,176692,"POINT (  577644.499625186,   6137612.67261836)",EDUARDO MAC EACHEN 1488 ARBUSTO/ARBUSTO. MURO ROJO Y REJA MARRON,0
2026-05-03,CH_112,16,,,,S,,56215,Nocturno,,,176693,"POINT (  577626.467429668,   6137741.92614930)",EDUARDO MAC EACHEN Esq. LIBER ARCE FTE 1557. MURO CIEGO,0
2026-05-03,CH_112,17,,,,S,,56215,Nocturno,,,176694,"POINT (  577698.672810252,   6137813.25597583)",FELICIANO RODRIGUEZ 3086 EN 3088. ANTES DE ARBUSTO,0
2026-05-03,CH_112,18,,,,S,,56215,Nocturno,,,176695,"POINT (  577826.865749060,   6137821.55453229)",2 DE MAYO 1583 EN 1591,0
2026-05-03,CH_112,19,,,,S,,56215,Nocturno,,,176696,"POINT (  577835.638508744,   6137745.44491449)",2 DE MAYO 1539 EN 1541. ESQ,0
2026-05-03,CH_112,20,,,,S,,56215,Nocturno,,,176697,"POINT (  577845.596776493,   6137663.56582410)",2 DE MAYO 1495 FTE 1496. ESQ,0
2026-05-03,CH_112,21,,,,S,,56215,Nocturno,,,176698,"POINT (  577860.139008762,   6137545.96342401)",2 DE MAYO 1447 ESQ,0
2026-05-03,CH_112,22,,,,S,,56215,Nocturno,,,180277,"POINT (  577871.195647458,   6137451.88637062)",2 DE MAYO 1421,0
2026-05-03,CH_112,23,S,100,,S,Basura Afuera,56215,Nocturno,2026-05-04 01:15:53,,182258,"POINT (  577780.434678840,   6137416.88391081)",14 DE JULIO 1410,0
2026-05-03,CH_112,24,,,,S,,56215,Nocturno,,,182259,"POINT (  577780.320913197,   6137417.85091877)",14 DE JULIO 1410,0
2026-05-03,CH_112,25,,,,S,,56215,Nocturno,,,176702,"POINT (  577767.432278047,   6137526.40254093)",14 DE JULIO 1448,0
2026-05-03,CH_112,26,,,,S,,56215,Nocturno,,,176703,"POINT (  577764.626575625,   6137566.63078128)",14 DE JULIO 1458 FTE 1451. MURO VERDE,0
2026-05-03,CH_112,27,,,,S,,56215,Nocturno,,,176704,"POINT (  577751.190817550,   6137690.79299267)",14 DE JULIO 1516 1510/1516,0
2026-05-03,CH_112,28,,,,S,,56215,Nocturno,,,176705,"POINT (  577741.469651414,   6137760.02666369)",14 DE JULIO 1554 ESQ,0
2026-05-03,CH_112,29,,,,S,,56215,Nocturno,,,176706,"POINT (  577922.173620999,   6137843.41584416)",FELICIANO RODRIGUEZ 3186 PDO 3186. GARAJE/COLUMNA,0
2026-05-03,CH_112,30,S,50,,S,,56215,Nocturno,2026-05-03 23:53:32,,176707,"POINT (  577966.948793956,   6137744.37084143)",ALEJO ROSELL Y RIUS 1529 EN 1533,0
2026-05-03,CH_112,31,S,75,,S,Escombro,56215,Nocturno,2026-05-03 23:55:08,,176708,"POINT (  577975.003803779,   6137666.37477071)",ALEJO ROSELL Y RIUS 1489,0
2026-05-03,CH_112,32,S,75,,S,,56215,Nocturno,2026-05-03 23:56:26,,176709,"POINT (  577987.528361736,   6137542.70090037)",ALEJO ROSELL Y RIUS 1437 1439/1437. ESQ,0
2026-05-03,CH_112,33,S,100,,S,,56215,Nocturno,2026-05-03 23:57:56,,176710,"POINT (  577993.422271362,   6137484.54765872)",ALEJO ROSELL Y RIUS 1429 VENTANA/VENTANA,0
2026-05-03,CH_112,34,,,,S,,56215,Nocturno,,,176711,"POINT (  577613.068636785,   6137851.44353299)",EDUARDO MAC EACHEN 1646 FTE 1641,0
2026-05-03,CH_112,35,,,,S,,56215,Nocturno,,,176712,"POINT (  577598.039167237,   6137950.65767837)",EDUARDO MAC EACHEN 1678 EN 1680,0
2026-05-03,CH_112,36,,,,S,,56215,Nocturno,,,177370,"POINT (  577681.972734423,   6138026.13440937)",DR ALFREDO VIDAL Y FUENTES 3092 FTE 3115,0
2026-05-03,CH_112,37,,,,S,,56215,Nocturno,,,176713,"POINT (  577685.170797885,   6138027.67143083)",DR ALFREDO VIDAL Y FUENTES 3092 FTE 3115,0
2026-05-03,CH_112,38,S,50,,S,,56215,Nocturno,2026-05-03 23:42:31,,176714,"POINT (  577817.734648573,   6138094.02703004)",DR ALFREDO VIDAL Y FUENTES 3158 EN 3160,0
2026-05-03,CH_112,39,S,50,,S,,56215,Nocturno,2026-05-03 23:46:26,,176715,"POINT (  577613.918672888,   6138244.49540020)",DR ATILIO NARANCIO 3106 3108/3106,0
2026-05-03,CH_112,40,S,75,,S,,56215,Nocturno,2026-05-03 23:48:07,,176716,"POINT (  577725.117101179,   6138252.15748271)",DR ATILIO NARANCIO 3146 EN 3150. ESQ,0
2026-05-03,CH_112,41,S,50,,S,,56215,Nocturno,2026-05-03 23:49:44,,176717,"POINT (  577739.753643418,   6138177.99245324)",MANUEL ALONSO 1705 ANTES 1705. MURO,0
2026-05-03,CH_112,42,S,75,,S,,56215,Nocturno,2026-05-03 23:51:46,,176718,"POINT (  577932.680951866,   6138115.71347486)",ALEJO ROSELL Y RIUS Esq. CDRO COE,0
2026-05-03,CH_112,43,S,50,,S,,56215,Nocturno,2026-05-03 23:36:19,,176719,"POINT (  577926.394114932,   6138025.92958488)",4 DE JULIO Esq. ALEJO ROSELL Y RIUS EN 3191. VENTANA TAPEADA. MURO,0
2026-05-03,CH_112,44,S,50,,S,,56215,Nocturno,2026-05-03 23:40:41,,180833,"POINT (  577841.715372332,   6137984.14298288)",4 DE JULIO 3155 EN 3153,0
2026-05-03,CH_112,45,S,50,,S,,56215,Nocturno,2026-05-03 23:40:46,,176720,"POINT (  577822.268378193,   6138007.06907407)",MANUEL ALONSO 1662 ANTES 1666,0
2026-05-03,CH_113,1,S,100,,S,Basura Afuera,56215,Nocturno,2026-05-03 22:49:39,,176729,"POINT (  578571.327038624,   6137575.91860069)",MARCO BRUTO 1418 EN 1412. MURO. ARBOL/COLUMNA,1
2026-05-03,CH_113,2,S,100,,S,,56215,Nocturno,2026-05-03 22:49:46,,177268,"POINT (  578570.711199557,   6137577.76611789)",MARCO BRUTO 1418 EN 1412,1
2026-05-03,CH_113,3,S,100,,S,,56215,Nocturno,2026-05-03 22:52:03,,176730,"POINT (  578547.891972014,   6137657.78029660)",MARCO BRUTO 1440 EDIFICIO,1
2026-05-03,CH_113,4,S,75,,S,,56215,Nocturno,2026-05-03 22:55:26,,180652,"POINT (  578514.726966781,   6137769.48455996)",MARCO BRUTO 1496,1
2026-05-03,CH_113,5,S,100,,S,,56215,Nocturno,2026-05-03 22:55:31,,176732,"POINT (  578502.576067874,   6137814.64304169)",MARCO BRUTO 1508 EN 1508/1504,1
2026-05-03,CH_113,6,S,75,,S,,56215,Nocturno,2026-05-03 22:57:16,,176733,"POINT (  578478.175196415,   6137895.47092841)",MARCO BRUTO Esq. LIBER ARCE ESQ,1
2026-05-03,CH_113,7,S,100,,S,,56215,Nocturno,2026-05-03 23:01:00,,176734,"POINT (  578377.957331491,   6137888.71711577)",LIBER ARCE 3401 ARBOL/COLUMNA,1
2026-05-03,CH_113,8,S,75,,S,,56215,Nocturno,2026-05-03 23:02:27,,176735,"POINT (  578369.896329312,   6137856.90883690)",JULIO CESAR 1539 EN 1541. MURO,1
2026-05-03,CH_113,9,S,100,,S,,56215,Nocturno,2026-05-03 23:04:29,,176736,"POINT (  578390.375632144,   6137776.73454496)",JULIO CESAR 1507 CASA DE LADRILLOS,1
2026-05-03,CH_113,10,S,100,,S,,56215,Nocturno,2026-05-03 23:05:56,,176737,"POINT (  578421.748181164,   6137676.73454496)",JULIO CESAR 1455 VEREDA. FTE 1456,1
2026-05-03,CH_113,11,S,75,,S,,56215,Nocturno,2026-05-03 23:10:53,,176738,"POINT (  578455.735109268,   6137567.14848832)",JULIO CESAR 1421,1
2026-05-03,CH_113,12,S,100,,S,,56215,Nocturno,2026-05-03 23:10:59,,176739,"POINT (  578465.974760685,   6137529.02212666)",JULIO CESAR 1402 EN 1407. EDIFICIO,1
2026-05-03,CH_113,13,S,50,,S,,56215,Nocturno,2026-05-04 00:01:48,,176740,"POINT (  578365.212233452,   6137486.75633145)",BERNARDINA FRAGOSO DE RIVERA 1406 EN 1408,1
2026-05-03,CH_113,14,S,75,,S,,56215,Nocturno,2026-05-04 00:04:01,,176741,"POINT (  578342.663213844,   6137571.72365171)",BERNARDINA FRAGOSO DE RIVERA 1432 EN 1430. MURO BLANCO,1
2026-05-03,CH_113,15,S,100,,S,,56215,Nocturno,2026-05-04 00:06:56,,176742,"POINT (  578321.203518855,   6137663.11798722)",BERNARDINA FRAGOSO DE RIVERA 1460 EN 1460/1462,1
2026-05-03,CH_113,16,S,100,,S,,56215,Nocturno,2026-05-04 00:09:06,,176743,"POINT (  578289.830969835,   6137776.84347742)",BERNARDINA FRAGOSO DE RIVERA 1520,1
2026-05-03,CH_113,17,S,50,,S,,56215,Nocturno,2026-05-04 00:10:36,,176744,"POINT (  578263.905043909,   6137880.11145128)",BERNARDINA FRAGOSO DE RIVERA 1562 MURO VEGETAL,1
2026-05-03,CH_113,18,S,100,,S,,56215,Nocturno,2026-05-04 00:14:59,,176745,"POINT (  578230.571710576,   6138006.90883690)",BERNARDINA FRAGOSO DE RIVERA 1624,1
2026-05-03,CH_113,19,N,,Contenedor Volcado,S,,56215,Nocturno,2026-05-04 00:16:55,,176746,"POINT (  578209.112015587,   6138091.65829223)",BERNARDINA FRAGOSO DE RIVERA 1654 EN 1656,1
2026-05-03,CH_113,20,S,100,,S,Basura Afuera,56215,Nocturno,2026-05-04 00:18:16,,176747,"POINT (  578192.881078768,   6138152.33367350)",BERNARDINA FRAGOSO DE RIVERA 1688 EN 1690/1692,1
2026-05-03,CH_113,21,S,100,,S,,56215,Nocturno,2026-05-04 00:20:54,,176748,"POINT (  578270.485567538,   6138184.26075665)",JULIO CESAR 1697 EN 1699. ESQ,1
2026-05-03,CH_113,22,S,75,,S,,56215,Nocturno,2026-05-04 00:24:27,,176749,"POINT (  578291.945262527,   6138109.53308780)",JULIO CESAR 1651,1
2026-05-03,CH_113,23,S,100,,S,,56215,Nocturno,2026-05-04 00:26:08,,176750,"POINT (  578322.446351852,   6138001.58101809)",JULIO CESAR 1613,1
2026-05-03,CH_113,24,S,100,,S,Poda,56215,Nocturno,2026-05-04 00:28:48,,177006,"POINT (  578194.182137037,   6137840.89091198)",LIBER ARCE 3311 FTE 3322,1
2026-05-03,CH_113,25,S,75,,S,,56215,Nocturno,2026-05-04 00:32:59,,176752,"POINT (  578108.611929194,   6137817.26729260)",LIBER ARCE 3281 MURO,1
2026-05-03,CH_113,26,S,25,,S,,56215,Nocturno,2026-05-04 00:33:06,,176753,"POINT (  578073.753541395,   6137808.33483072)",LIBER ARCE 3243 EN 3247. EDIFICIO,1
2026-05-03,CH_113,27,S,50,,S,,56215,Nocturno,2026-05-04 00:33:13,,176754,"POINT (  578017.685620915,   6137793.05276536)",LIBER ARCE 3223 EN 3223/MURO,1
2026-05-03,CH_113,28,S,100,,S,,56215,Nocturno,2026-05-03 23:24:36,,176755,"POINT (  578235.877342048,   6137488.91333181)",DOLORES PEREIRA DE ROSELL 1420 EN 1420/1422. EDIFICIO,1
2026-05-03,CH_113,29,S,75,,S,,56215,Nocturno,2026-05-03 23:25:44,,176756,"POINT (  578220.844662310,   6137545.34034706)",DOLORES PEREIRA DE ROSELL 1430 CERCO TABLAS,1
2026-05-03,CH_113,30,S,100,,S,,56215,Nocturno,2026-05-03 23:25:50,,177289,"POINT (  578215.473649238,   6137569.95737103)",DOLORES PEREIRA DE ROSELL 1436 EN 1438,1
2026-05-03,CH_113,31,S,50,,S,,56215,Nocturno,2026-05-03 23:25:55,,176758,"POINT (  578193.611546841,   6137654.70853878)",DOLORES PEREIRA DE ROSELL 1474 MURO GRIS,1
2026-05-03,CH_113,32,S,75,,S,,56215,Nocturno,2026-05-03 23:27:41,,176759,"POINT (  578167.685620915,   6137755.79786340)",DOLORES PEREIRA DE ROSELL 1524 MURO,1
2026-05-03,CH_113,33,S,100,,S,,56215,Nocturno,2026-05-03 23:27:48,,176760,"POINT (  578136.095206972,   6137879.54514009)",DOLORES PEREIRA DE ROSELL 1590 EN 1592. MURO,1
2026-05-03,CH_113,34,S,100,,S,,56215,Nocturno,2026-05-03 23:31:27,,176761,"POINT (  578114.526579521,   6137969.30548867)",DOLORES PEREIRA DE ROSELL 1618,1
2026-05-03,CH_113,35,S,100,,S,,56215,Nocturno,2026-05-03 23:34:39,,176762,"POINT (  578061.422004358,   6138055.25320109)",4 DE JULIO 3279 EN 3281,1
2026-05-03,CH_113,36,S,100,,S,Basura Afuera,56215,Nocturno,2026-05-03 23:34:46,,177481,"POINT (  578059.537457775,   6138054.98942826)",4 DE JULIO 3279 EN 3281. PROV A,1
2026-05-03,CH_117,1,S,75,,S,,56216,Nocturno,2026-05-03 23:20:01,,177090,"POINT (  578040.520302694,   6138766.29426069)",D AZEGLIO 2016 BIS,0
2026-05-03,CH_117,2,S,75,,S,,56216,Nocturno,2026-05-03 23:20:10,,177091,"POINT (  578004.007687402,   6138847.33445560)",D AZEGLIO 2038 CASA TAPEADA,0
2026-05-03,CH_117,3,S,100,,S,,56216,Nocturno,2026-05-03 23:22:09,,177092,"POINT (  577970.463577418,   6138922.14078937)",D AZEGLIO 2068 REJA,0
2026-05-03,CH_117,4,S,100,,S,"Basura Afuera, Requiere Limpieza",56216,Nocturno,2026-05-04 03:33:09,,177093,"POINT (  577960.073808839,   6138947.07623396)",D AZEGLIO 2070 MURO. ANTES SUPER,0
2026-05-03,CH_117,5,S,100,,S,"Basura Afuera, Requiere Limpieza",56216,Nocturno,2026-05-03 23:37:42,,180588,"POINT (  578094.784443791,   6138952.80562092)",ABALOS 3176,0
2026-05-03,CH_117,6,S,75,,S,,56216,Nocturno,2026-05-03 23:37:14,,180589,"POINT (  578097.834552723,   6138954.11281046)",ABALOS 3176,0
2026-05-03,CH_117,7,S,75,,S,,56216,Nocturno,2026-05-03 23:37:21,,177096,"POINT (  578143.007948464,   6138973.68146279)",ABALOS 3194 EN 3196. CERCO MADERA,0
2026-05-03,CH_117,8,S,75,,S,,56216,Nocturno,2026-05-03 22:00:00,,177097,"POINT (  578202.378054630,   6139029.78621312)",ABALOS 3245 FTE 3245,0
2026-05-03,CH_117,9,S,75,,S,"Basura Afuera, Requiere Limpieza",56216,Nocturno,2026-05-03 23:37:34,,177098,"POINT (  578214.845776925,   6139058.87756514)",DR FRANCISCO SIMON 2048 VEREDA. FTE 2053,0
2026-05-03,CH_117,10,S,100,,S,,56216,Nocturno,2026-05-03 23:37:51,,177099,"POINT (  578213.509949536,   6139060.36181779)",DR FRANCISCO SIMON 2048 VEREDA. FTE 2053,0
2026-05-03,CH_117,11,S,100,,S,,56216,Nocturno,2026-05-03 23:41:56,,177100,"POINT (  578424.867527489,   6139095.39018043)",MAGARI?OS CERVANTES 2033,0
2026-05-03,CH_117,12,S,50,,S,,56216,Nocturno,2026-05-03 23:43:41,,177101,"POINT (  578437.335249784,   6139058.58071461)",MAGARI?OS CERVANTES 2017 2013/2017,0
2026-05-03,CH_117,13,S,75,,S,,56216,Nocturno,2026-05-03 23:48:45,,181079,"POINT (  578389.608317747,   6138986.96287020)",DR JULIO CESAR GRAUERT 3331,0
2026-05-03,CH_117,14,S,75,,S,,56216,Nocturno,2026-05-03 23:48:51,,177103,"POINT (  578346.498987349,   6138962.54956789)",DR JULIO CESAR GRAUERT 3311,0
2026-05-03,CH_117,15,S,100,,S,,56216,Nocturno,2026-05-03 23:48:56,,177104,"POINT (  578262.490287124,   6138973.53303753)",CAVOUR 3247 FTE 3250. EDIFICIO,0
2026-05-03,CH_117,16,S,75,,S,,56216,Nocturno,2026-05-03 23:52:03,,177105,"POINT (  578156.217797086,   6138846.33258506)",CAVOUR 3159 FTE 3154. MURO VEGETAL,0
2026-05-03,CH_117,17,S,75,,S,,56216,Nocturno,2026-05-03 23:54:12,,177106,"POINT (  578072.654372656,   6138746.29395617)",CAVOUR 3107 EN 3111. MURO CIEGO,0
2026-05-03,CH_117,18,S,75,,S,,56216,Nocturno,2026-05-03 23:54:59,,177107,"POINT (  578102.747595220,   6138693.49166800)",REPUBLICA DE EL SALVADOR 3442 EN 3446,0
2026-05-03,CH_117,19,S,100,,S,"Basura Afuera, Requiere Limpieza",56216,Nocturno,2026-05-03 23:57:24,,177108,"POINT (  578199.001379842,   6138738.79848027)",REPUBLICA DE EL SALVADOR 3496 PDO REBAJE,0
2026-05-03,CH_117,20,S,75,,S,,56216,Nocturno,2026-05-04 00:00:16,,177109,"POINT (  578235.142931971,   6138822.62164891)",DR JULIO CESAR GRAUERT 3220,0
2026-05-03,CH_117,21,S,75,,S,,56216,Nocturno,2026-05-04 00:01:45,,177110,"POINT (  578269.800231445,   6138862.84489584)",DR JULIO CESAR GRAUERT 3244,0
2026-05-03,CH_117,22,S,75,,S,,56216,Nocturno,2026-05-04 00:03:08,,177111,"POINT (  578333.845733472,   6138891.41675944)",ALICANTE 1991 ARBOL/ARBOL,0
2026-05-03,CH_117,23,S,50,,S,,56216,Nocturno,2026-05-04 00:04:25,,177112,"POINT (  578449.320589966,   6138836.05413544)",PROF CLEMENTE ESTABLE 3334 EN 3332,0
2026-05-03,CH_117,24,S,75,,S,,56216,Nocturno,2026-05-04 00:08:04,,177113,"POINT (  578476.333988272,   6138863.36438427)",PROF CLEMENTE ESTABLE 3346 EN 3348,0
2026-05-03,CH_117,25,S,75,,S,,56216,Nocturno,2026-05-04 00:17:34,,177114,"POINT (  578411.768997816,   6138726.36786430)",SANTIAGO GADEA 3561 FTE 3556,0
2026-05-03,CH_117,26,S,75,,S,,56216,Nocturno,2026-05-04 00:17:24,,177115,"POINT (  578349.133535810,   6138693.41745537)",SANTIAGO GADEA 3537 GIMNASIO,0
2026-05-03,CH_117,27,S,75,,S,,56216,Nocturno,2026-05-04 00:17:16,,177116,"POINT (  578290.505555971,   6138663.73240229)",SANTIAGO GADEA 3517 FTE 3504. MURO,0
2026-05-03,CH_117,28,S,75,,S,,56216,Nocturno,2026-05-04 00:16:58,,177117,"POINT (  578196.700788228,   6138613.86151311)",SANTIAGO GADEA 3455,0
2026-05-03,CH_117,29,S,75,,S,,56216,Nocturno,2026-05-04 00:16:50,,177118,"POINT (  578114.918466984,   6138570.07605981)",SANTIAGO GADEA 3407 ANTES CORDON ROJO,0
2026-05-03,CH_117,30,S,50,,S,,56216,Nocturno,2026-05-04 00:18:52,,177119,"POINT (  578185.717318587,   6138486.66106065)",TALCAHUANO 3428,0
2026-05-03,CH_117,31,S,100,,S,"Basura Afuera, Requiere Limpieza",56216,Nocturno,2026-05-04 00:21:10,,177120,"POINT (  578305.199657247,   6138547.36699420)",TALCAHUANO 3494,0
2026-05-03,CH_117,32,S,75,,S,"Basura Afuera, Requiere Limpieza",56216,Nocturno,2026-05-04 00:24:01,,177121,"POINT (  578404.793010342,   6138595.75363073)",TALCAHUANO 3546 EN 3548,0
2026-05-03,CH_117,33,S,75,,S,,56216,Nocturno,2026-05-04 00:24:06,,177122,"POINT (  578435.517040283,   6138609.55718041)",TALCAHUANO 3552,0
2026-05-03,CH_117,34,S,50,,S,,56216,Nocturno,2026-05-04 00:25:13,,177123,"POINT (  578533.032439661,   6138653.78790951)",TALCAHUANO 3590 MURO CIEGO,0
2026-05-03,CH_117,35,S,75,,S,,56216,Nocturno,2026-05-04 00:28:41,,177124,"POINT (  578555.593080004,   6138585.36386215)",AYACUCHO 3593,0
2026-05-03,CH_117,36,S,50,,S,,56216,Nocturno,2026-05-04 00:28:48,,177125,"POINT (  578494.145020122,   6138550.63235004)",AYACUCHO 3569 FABRICA,0
2026-05-03,CH_117,37,S,50,,S,,56216,Nocturno,2026-05-04 00:31:31,,177126,"POINT (  578384.755599510,   6138490.96539334)",AYACUCHO 3507 MURO,0
2026-05-03,CH_117,38,S,50,,S,,56216,Nocturno,2026-05-04 00:32:01,,177127,"POINT (  578314.402023703,   6138452.37482434)",AYACUCHO 3467 MURO,0
2026-05-03,CH_117,39,S,75,,S,,56216,Nocturno,2026-05-04 00:33:55,,177128,"POINT (  578277.740983145,   6138404.73031414)",CHACABUCO 1789 FTE 1796,0
2026-05-03,CH_117,40,S,75,,S,,56216,Nocturno,2026-05-04 00:41:42,,177252,"POINT (  578280.672382136,   6138400.57440671)",CHACABUCO 1789 FTE 1796,0
2026-05-03,CH_117,41,S,100,,S,,56216,Nocturno,2026-05-04 00:41:49,,177129,"POINT (  578358.039051736,   6138254.37552027)",CHACABUCO 1701 EN 1709. MURO,0
2026-05-03,CH_117,42,S,100,,S,"Basura Afuera, Requiere Limpieza",56216,Nocturno,2026-05-04 00:43:18,,177130,"POINT (  578512.104477238,   6138311.66767272)",ALICANTE 1710 EN 1710/1714,0
2026-05-03,CH_117,43,S,75,,S,,56216,Nocturno,2026-05-04 00:45:38,,177131,"POINT (  578489.989112691,   6138392.26259184)",ALICANTE 1746,0
2026-05-03,CH_117,44,S,75,,S,,56216,Nocturno,2026-05-04 00:47:38,,177132,"POINT (  578488.208009506,   6138397.16062560)",ALICANTE 1746,0
2026-05-03,CH_117,45,S,100,,S,,56216,Nocturno,2026-05-04 00:54:52,,183495,"POINT (  578391.673408011,   6138366.21132121)",CDRO COE 3449,0
2026-05-03,CH_117,46,S,75,,S,,56216,Nocturno,2026-05-04 00:54:59,,177134,"POINT (  578336.814238781,   6138338.38422050)",CDRO COE 3429,0
2026-05-03,CH_117,47,S,100,,S,"Basura Afuera, Requiere Limpieza",56216,Nocturno,2026-05-04 00:58:00,,177135,"POINT (  578291.396107564,   6138313.30035064)",CDRO COE 3417 VEREDA,0
2026-05-03,CH_118,1,S,100,,S,,56216,Nocturno,2026-05-04 02:05:57,,177157,"POINT (  578603.520560354,   6139154.68367385)",FRANCISCO ANZANI 2096 PDO 2096. MURO NEGRO,1
2026-05-03,CH_118,2,S,75,,S,"Basura Afuera, Requiere Limpieza",56216,Nocturno,2026-05-04 02:13:52,,181766,"POINT (  578768.622873947,   6139136.53197133)",DR HUGO ANTUÑA 3515 FTE 3514,1
2026-05-03,CH_118,3,S,100,,S,"Basura Afuera, Requiere Limpieza",56216,Nocturno,2026-05-04 02:13:59,,177158,"POINT (  578764.172712407,   6139134.25544953)",DR HUGO ANTUÑA Esq. ESTIVAO PDO 3515. REJA BLANCA,1
2026-05-03,CH_118,4,S,100,,S,"Basura Afuera, Requiere Limpieza",56216,Nocturno,2026-05-04 02:17:31,,177159,"POINT (  578661.529998573,   6139088.46100798)",DR HUGO ANTUÑA 3455,1
2026-05-03,CH_118,5,S,75,,S,"Basura Afuera, Requiere Limpieza",56216,Nocturno,2026-05-04 02:23:07,,177160,"POINT (  578603.102607622,   6139062.01077018)",DR HUGO ANTUÑA 3382 FTE  3436. CONT ROJO. MANTIENE POS,1
2026-05-03,CH_118,6,S,100,,S,"Basura Afuera, Requiere Limpieza",56216,Nocturno,2026-05-04 02:23:33,,177161,"POINT (  578496.408656289,   6139014.05274557)",DR HUGO ANTUÑA 3363 FTE 3384,1
2026-05-03,CH_118,7,S,50,,S,,56216,Nocturno,2026-05-04 02:23:41,,177162,"POINT (  578483.089588370,   6138893.43985169)",MAGARIÑOS CERVANTES 1953 CONT ROJO,1
2026-05-03,CH_118,8,S,75,,S,"Basura Afuera, Requiere Limpieza",56216,Nocturno,2026-05-04 02:25:08,,177163,"POINT (  578616.525116354,   6138929.36480154)",PROF CLEMENTE ESTABLE 3412 ANTES 3412. MURO  LADRILLO,1
2026-05-03,CH_118,9,S,100,,S,"Basura Afuera, Requiere Limpieza",56216,Nocturno,2026-05-04 02:28:56,,177164,"POINT (  578685.611558357,   6138961.73673436)",PROF CLEMENTE ESTABLE 3450 ARBOL/ARBOL. CASA VERDE,1
2026-05-03,CH_118,10,S,75,,S,,56216,Nocturno,2026-05-04 02:29:04,,177165,"POINT (  578791.807289208,   6139009.11029459)",PROF CLEMENTE ESTABLE 3490 PDO REBAJE. MURO CIEGO,1
2026-05-03,CH_118,11,S,75,,S,,56216,Nocturno,2026-05-04 02:31:26,,177166,"POINT (  578858.525053200,   6139040.29788841)",PROF CLEMENTE ESTABLE 3530 EDIFICIO OILUJ,1
2026-05-03,CH_118,12,S,50,,S,,56216,Nocturno,2026-05-04 02:32:01,,181765,"POINT (  578862.138232309,   6139041.19636268)",PROF CLEMENTE ESTABLE 3530 FTE 3529,1
2026-05-03,CH_118,13,S,100,,S,,56216,Nocturno,2026-05-04 02:40:58,,177167,"POINT (  578957.219970348,   6138979.50181945)",FLORENCIO VARELA 3793 PDO 3797. MURO CIEGO,1
2026-05-03,CH_118,14,S,75,,S,"Basura Afuera, Requiere Limpieza",56216,Nocturno,2026-05-04 02:41:23,,177168,"POINT (  578842.733866457,   6138926.60134385)",FLORENCIO VARELA 3741 MURO VIOLETA,1
2026-05-03,CH_118,15,S,100,,S,"Poda, Requiere Limpieza",56216,Nocturno,2026-05-04 02:41:11,,177169,"POINT (  578774.831763459,   6138895.80852971)",FLORENCIO VARELA 3711 FTE EDIFICIO,1
2026-05-03,CH_118,16,S,75,,S,,56216,Nocturno,2026-05-04 02:41:17,,177170,"POINT (  578671.399490288,   6138849.22452881)",FLORENCIO VARELA 3661 ARBOL/ARBOL,1
2026-05-03,CH_118,17,S,100,,S,,56216,Nocturno,2026-05-04 02:42:40,,177171,"POINT (  578615.340777348,   6138823.16907068)",FLORENCIO VARELA 3640 FTE 3640. MURO ENFOQUE,1
2026-05-03,CH_118,18,S,100,,S,"Basura Afuera, Requiere Limpieza",56216,Nocturno,2026-05-04 02:46:08,,177172,"POINT (  578524.664463470,   6138754.17566343)",MAGARIÑOS CERVANTES 1919,1
2026-05-03,CH_118,19,S,100,,S,"Basura Afuera, Requiere Limpieza",56216,Nocturno,2026-05-04 02:49:28,,177173,"POINT (  578575.073251152,   6138675.12669496)",NEYRA 3608 FTE 3557. ARBOL/ARBOL,1
2026-05-03,CH_118,20,S,100,,S,"Basura Afuera, Poda, Requiere Limpieza",56216,Nocturno,2026-05-04 02:49:44,,177174,"POINT (  578633.895421772,   6138703.55083110)",NEYRA 3626 EN 3626/3628,1
2026-05-03,CH_118,21,S,100,,S,,56216,Nocturno,2026-05-04 02:53:02,,177175,"POINT (  578710.482677479,   6138736.71232326)",NEYRA 3660 FTE AL 3655. ARBOL/ARBOL,1
2026-05-03,CH_118,22,S,100,,S,,56216,Nocturno,2026-05-04 02:53:08,,177176,"POINT (  578736.280977110,   6138749.06083513)",NEYRA 3670 EDIFICIO,1
2026-05-03,CH_118,23,S,100,,S,,56216,Nocturno,2026-05-04 03:03:17,,177177,"POINT (  578826.153120376,   6138790.00757852)",NEYRA 3708 EN ARBOL/REBAJE,1
2026-05-03,CH_118,24,S,100,,S,"Basura Afuera, Poda, Requiere Limpieza",56216,Nocturno,2026-05-04 03:03:10,,177178,"POINT (  578936.691427581,   6138840.14459643)",NEYRA 3762 REJA NEGRA,1
2026-05-03,CH_118,25,S,100,,S,"Basura Afuera, Poda, Requiere Limpieza",56216,Nocturno,2026-05-04 03:02:56,,177179,"POINT (  579029.859429369,   6138883.17558031)",NEYRA 3816 EN 3826/3816,1
2026-05-03,CH_118,26,S,75,,S,,56216,Nocturno,2026-05-04 03:06:42,,177180,"POINT (  579102.104108721,   6138753.68784901)",CDRO COE 3813 FTE 3808,1
2026-05-03,CH_118,27,S,100,,S,"Basura Afuera, Requiere Limpieza",56216,Nocturno,2026-05-04 03:06:51,,177181,"POINT (  579098.945871372,   6138751.31917100)",CDRO COE 3813 FTE 3808,1
2026-05-03,CH_118,28,S,100,,S,"Basura Afuera, Requiere Limpieza",56216,Nocturno,2026-05-04 03:09:57,,177182,"POINT (  579002.224852567,   6138699.20825475)",CDRO COE 3761,1
2026-05-03,CH_118,29,S,75,,S,,56216,Nocturno,2026-05-04 03:10:53,,177183,"POINT (  578926.427156198,   6138656.17727087)",CDRO COE 3723 MURO CON REJAS,1
2026-05-03,CH_118,30,S,100,,S,"Basura Afuera, Requiere Limpieza",56216,Nocturno,2026-05-04 03:17:15,,177184,"POINT (  578831.290147495,   6138605.64788889)",CDRO COE 3677 MURO CON REJAS,1
2026-05-03,CH_118,31,S,100,,S,,56216,Nocturno,2026-05-04 03:17:32,,177185,"POINT (  578736.932915274,   6138553.13977737)",CDRO COE 3625 EDIFICIO,1
2026-05-03,CH_118,32,S,100,,S,,56216,Nocturno,2026-05-04 03:21:44,,177186,"POINT (  578618.104235029,   6138464.31435193)",MAGARIÑOS CERVANTES 1791 MURO VEGETAL,1
2026-05-03,CH_118,33,S,100,,S,,56216,Nocturno,2026-05-04 03:21:56,,177187,"POINT (  578689.164575375,   6138383.38451987)",TOMAS GOMEZ 3566 EN ARBOL/GARAGE,1
2026-05-03,CH_118,34,S,75,,S,,56216,Nocturno,2026-05-04 03:26:14,,177188,"POINT (  578782.727356831,   6138433.12675812)",TOMAS GOMEZ 3620 MURO VEGETAL,1
2026-05-03,CH_118,35,S,100,,S,"Basura Afuera, Requiere Limpieza",56216,Nocturno,2026-05-04 03:26:29,,177189,"POINT (  578821.415764353,   6138454.44486022)",TOMAS GOMEZ 3636 VENTANA/VENTANA,1
2026-05-03,CH_118,36,S,75,,S,,56216,Nocturno,2026-05-04 03:27:30,,177190,"POINT (  578926.821935867,   6138512.08269183)",TOMAS GOMEZ 3692 FTE 3693. MANTIENE POS,1
2026-05-03,CH_118,37,S,100,,S,"Basura Afuera, Requiere Limpieza",56216,Nocturno,2026-05-04 03:31:46,,177191,"POINT (  579034.991565061,   6138570.90486245)",TOMAS GOMEZ 3744 FTE REJA,1
2026-05-03,CH_118,38,,,,S,,56216,Nocturno,,,177192,"POINT (  579093.813735680,   6138478.52642000)",ESTIVAO 1725 MANTIENE POS,1
2026-05-03,CH_118,39,,,,S,,56216,Nocturno,,,177194,"POINT (  578977.353733446,   6138474.57862332)",FRANCISCO ANZANI 1732 SUBESTACION,1
2026-05-03,CH_118,40,,,,S,,56216,Nocturno,,,177193,"POINT (  579111.184041098,   6138447.73360585)",ESTIVAO 1715 MURO REJAS,1
2026-05-03,CH_118,41,S,100,,S,"Basura Afuera, Requiere Limpieza",56216,Nocturno,2026-05-04 03:35:52,,177195,"POINT (  579126.185668505,   6138621.04188037)",TOMAS GOMEZ 3796 PDO 3796. PDO REBAJE,1
2026-05-03,CH_118,42,S,100,,S,"Basura Afuera, Requiere Limpieza",56216,Nocturno,2026-05-04 03:35:41,,177196,"POINT (  579187.376517137,   6138654.59815220)",TOMAS GOMEZ 3816 PDO COLUMNA,1
2026-05-03,CH_118,43,,,,S,,56216,Nocturno,,,177197,"POINT (  579299.099163348,   6138634.66177893)",PTE ORIBE 1793 PDO REBAJE,1
2026-05-03,CH_118,44,,,,S,,56216,Nocturno,,,177198,"POINT (  579235.342246870,   6138516.62265802)",PTE ORIBE 1753 EDIFICIO,1
2026-05-03,CH_118,45,,,,S,,56216,Nocturno,,,177199,"POINT (  579232.381399356,   6138512.28008167)",PTE ORIBE 1753 EDIFICIO,1
2026-05-03,CH_118,46,,,,S,,56216,Nocturno,,,177200,"POINT (  579363.843028997,   6138498.26540343)",ANDRES AGUIAR 1712 REJA MADERA,1
2026-05-03,CH_118,47,,,,S,,56216,Nocturno,,,177201,"POINT (  579342.722316727,   6138578.80045583)",ANDRES AGUIAR 1746 PDO 1740. MURO CALADO,1
2026-05-03,E_104,82,,,,S,,56216,Nocturno,,,107840,"POINT (  579547.543794248,   6139023.15392098)",CDRO COE 4033 EN 4039,2
2026-05-03,E_104,83,,,,S,,56216,Nocturno,,,107841,"POINT (  579466.816683140,   6138974.23386829)",CDRO COE 3989,2
2026-05-03,E_104,84,,,,S,,56216,Nocturno,,,154712,"POINT (  579256.127925235,   6138841.67386594)",CDRO COE 3883,2
2026-05-03,E_104,85,,,,S,,56216,Nocturno,,,179203,"POINT (  579066.684164270,   6138925.52384009)",BV JOSE BATLLE Y ORDOÑEZ 2108,2
2026-05-03,E_104,86,,,,S,,56216,Nocturno,,,175494,"POINT (  579065.758052885,   6138926.49530333)",BV JOSE BATLLE Y ORDOÑEZ 2108,2
2026-05-03,E_104,87,,,,S,,56216,Nocturno,,,181769,"POINT (  578962.934591809,   6139069.63777337)",BARROSO Esq. CIRC INT PSJE A 3558 CALLE,2
2026-05-03,E_104,88,,,,S,,56216,Nocturno,,,181768,"POINT (  578957.701372241,   6139069.86530466)",BARROSO Esq. CIRC INT PSJE A 3558 CALLE,2
2026-05-03,E_104,89,,,,S,,56216,Nocturno,,,179161,"POINT (  578938.136183107,   6139051.66145579)",BV JOSE BATLLE Y ORDOÑEZ 2192 EN 2196,2
2026-05-03,E_104,90,,,,S,,56216,Nocturno,,,181767,"POINT (  579060.545513310,   6139067.58999180)",BARROSO 3614 3614 FTE 3629 CALLE,2
2026-05-03,E_104,91,,,,S,,56216,Nocturno,,,180284,"POINT (  579159.744854769,   6139018.96133590)",ALICIA GOYENA 1927,2
2026-05-03,E_104,92,,,,S,,56216,Nocturno,,,180678,"POINT (  579175.636410169,   6139010.90431356)",ALICIA GOYENA 1921,2
2026-05-03,C_103,1,S,100,,S,,56217,Nocturno,2026-05-03 22:57:37,,180439,"POINT (  576029.706111281,   6140138.37859805)",COLORADO 2310 FTE 2303,0
2026-05-03,C_103,2,S,100,,S,,56217,Nocturno,2026-05-03 22:57:44,,183016,"POINT (  576032.599528249,   6140138.56252881)",COLORADO 2310,0
2026-05-03,C_103,3,S,100,,S,,56217,Nocturno,2026-05-03 23:00:26,,134166,"POINT (  576132.576214705,   6140111.20617390)",BV GRAL ARTIGAS Esq. COLORADO VIVIENDAS,0
2026-05-03,C_103,4,S,25,,S,,56217,Nocturno,2026-05-03 23:03:59,,134165,"POINT (  576137.186673464,   6140055.16161735)",BV GRAL ARTIGAS 2445 VIVIENDAS,0
2026-05-03,C_103,5,S,100,,S,,56217,Nocturno,2026-05-03 23:06:39,,169132,"POINT (  576184.863361751,   6139468.35257479)",BV GRAL ARTIGAS 2339,0
2026-05-03,C_103,6,S,100,,S,,56217,Nocturno,2026-05-03 23:08:41,,179257,"POINT (  576187.614647930,   6139397.02735011)",BV GRAL ARTIGAS 2301 EN 2301,0
2026-05-03,C_103,7,S,100,,S,,56217,Nocturno,2026-05-04 02:29:31,,176329,"POINT (  576073.753211044,   6139524.04851037)",DR DUVIMIOSO TERRA 2312,0
2026-05-03,C_103,8,S,100,,S,,56217,Nocturno,2026-05-04 02:29:37,,165252,"POINT (  576072.983412210,   6139538.82864799)",DR DUVIMIOSO TERRA 2318 FTE 2323,0
2026-05-03,C_103,9,S,100,,S,,56217,Nocturno,2026-05-04 02:35:37,,134122,"POINT (  575954.261518932,   6139490.61665343)",DR JUAN J DE AMEZAGA 2245 EN 2243,0
2026-05-03,C_103,10,S,100,,S,,56217,Nocturno,2026-05-04 02:35:44,,139553,"POINT (  575914.857721605,   6139488.35205747)",DR JUAN J DE AMEZAGA 2227,0
2026-05-03,C_103,11,S,100,,S,,56217,Nocturno,2026-05-04 02:38:58,,171712,"POINT (  575827.879463403,   6139483.63407157)",DR JUAN J DE AMEZAGA 2195,0
2026-05-03,C_103,12,S,100,,S,,56217,Nocturno,2026-05-04 02:44:19,,170312,"POINT (  575708.607336036,   6139475.00173326)",DR JUAN J DE AMEZAGA 2149,0
2026-05-03,C_103,13,S,100,,S,,56217,Nocturno,2026-05-04 02:44:38,,169112,"POINT (  575699.472681474,   6139472.65681965)",DR JUAN J DE AMEZAGA 2143 SUBESTACIÓN,0
2026-05-03,C_103,14,S,100,,S,,56217,Nocturno,2026-05-04 02:51:50,,134156,"POINT (  575601.253794402,   6139448.37283805)",DR JUAN J DE AMEZAGA 2097,0
2026-05-03,C_103,15,S,100,,S,,56217,Nocturno,2026-05-04 02:51:56,,137333,"POINT (  575547.343016030,   6139430.38778054)",DR JUAN J DE AMEZAGA 2071,0
2026-05-03,C_103,16,S,100,,S,,56217,Nocturno,2026-05-04 00:05:26,,134159,"POINT (  575477.450137458,   6139358.44788452)",DR MARTIN C MARTINEZ 2373,0
2026-05-03,C_103,17,S,100,,S,,56217,Nocturno,2026-05-04 00:06:29,,134160,"POINT (  575497.404823884,   6139331.82974148)",CAGANCHA 2054 ARBOL/ARBOL,0
2026-05-03,C_103,18,S,100,,S,Basura Afuera,56217,Nocturno,2026-05-04 00:13:45,,134097,"POINT (  575605.099680788,   6139338.45001145)",CAGANCHA 2098,0
2026-05-03,C_103,19,S,100,,S,,56217,Nocturno,2026-05-04 00:13:53,,183018,"POINT (  575655.028787006,   6139343.94585141)",CAGANCHA 2110 EN 2110/2114,0
2026-05-03,C_103,20,S,100,,S,,56217,Nocturno,2026-05-04 00:15:42,,134098,"POINT (  575717.490310580,   6139346.30195956)",CAGANCHA 2144 MURO,0
2026-05-03,C_103,21,S,100,,S,,56217,Nocturno,2026-05-04 00:15:50,,142873,"POINT (  575755.565955829,   6139347.77381508)",CAGANCHA 2156,0
2026-05-03,C_103,22,S,100,,S,,56217,Nocturno,2026-05-04 00:20:16,,176511,"POINT (  575875.409760784,   6139356.36327255)",CAGANCHA 2202 ARBOL/ARBOL,0
2026-05-03,C_103,23,S,100,,S,,56217,Nocturno,2026-05-04 00:20:34,,134095,"POINT (  575887.076993752,   6139356.92518347)",CAGANCHA 2210 EN 2212,0
2026-05-03,C_103,24,S,100,,S,,56217,Nocturno,2026-05-04 00:28:10,,134113,"POINT (  576034.955349800,   6139366.16276948)",CAGANCHA 2276 EN 2278,0
2026-05-03,C_103,25,S,100,,S,,56217,Nocturno,2026-05-04 00:34:00,,134130,"POINT (  576095.615497935,   6139369.85780389)",CAGANCHA 2304 PDO COLUMNA. MURO C/REJAS,0
2026-05-03,C_103,26,S,100,,S,,56217,Nocturno,2026-05-04 01:46:55,,134129,"POINT (  576172.980280771,   6139375.40035549)",CAGANCHA 2348,0
2026-05-03,C_103,27,S,100,,S,,56217,Nocturno,2026-05-03 23:10:37,,134162,"POINT (  576196.013254452,   6139327.28784249)",BV GRAL ARTIGAS 2275 VEREDA. EN 2277,0
2026-05-03,C_103,28,S,100,,S,,56217,Nocturno,2026-05-04 01:50:51,,180390,"POINT (  576189.143124801,   6139278.85415085)",COQUIMBO 2347 ESQ,0
2026-05-03,C_103,29,S,100,,S,,56217,Nocturno,2026-05-04 01:51:06,,181854,"POINT (  576067.957197386,   6139268.41805861)",COQUIMBO 2289,0
2026-05-03,C_103,30,S,100,,S,,56217,Nocturno,2026-05-04 01:51:12,,176510,"POINT (  576053.206980392,   6139266.94016667)",COQUIMBO 2279,0
2026-05-03,C_103,31,S,100,,S,Basura Afuera,56217,Nocturno,2026-05-04 01:54:09,,176565,"POINT (  575969.875252716,   6139260.91035336)",COQUIMBO 2241,0
2026-05-03,C_103,32,S,100,,S,,56217,Nocturno,2026-05-04 01:54:02,,134171,"POINT (  575913.201126057,   6139256.56466785)",COQUIMBO 2219,0
2026-05-03,C_103,33,S,100,,S,,56217,Nocturno,2026-05-04 01:56:03,,134170,"POINT (  575810.488288557,   6139248.91450535)",COQUIMBO 2179 CASA CON RETIRO.,0
2026-05-03,C_103,34,S,100,,S,,56217,Nocturno,2026-05-04 01:58:13,,134132,"POINT (  575725.333201057,   6139240.76269285)",COQUIMBO 2143 EN 2145,0
2026-05-03,C_103,35,S,100,,S,,56217,Nocturno,2026-05-04 01:59:40,,181901,"POINT (  575662.831364924,   6139237.59784946)",COQUIMBO 2109,0
2026-05-03,C_103,36,S,100,,S,,56217,Nocturno,2026-05-04 01:59:48,,134131,"POINT (  575615.346438557,   6139231.35675535)",COQUIMBO 2099,0
2026-05-03,C_103,37,S,100,,S,,56217,Nocturno,2026-05-04 02:04:16,,134100,"POINT (  575509.498288557,   6139220.32045535)",COQUIMBO 2051,0
2026-05-03,C_103,38,S,100,,S,,56217,Nocturno,2026-05-04 02:06:11,,179065,"POINT (  575495.136851412,   6139155.73578136)",DR MARTIN C MARTINEZ 2275,0
2026-05-03,C_103,39,N,,Contenedor No Está,N,,56217,Nocturno,2026-05-04 02:09:32,,177493,"POINT (  575531.012557627,   6139107.48719379)",MARTIN GARCIA 2116,0
2026-05-03,C_103,40,S,100,,S,,56217,Nocturno,2026-05-04 02:09:10,,134173,"POINT (  575620.990001057,   6139117.48220535)",MARTIN GARCIA 2148,0
2026-05-03,C_103,41,S,100,,S,,56217,Nocturno,2026-05-04 02:09:16,,181902,"POINT (  575624.043332026,   6139117.81739368)",MARTIN GARCIA 2148,0
2026-05-03,C_103,42,S,100,,S,,56217,Nocturno,2026-05-04 02:12:08,,183019,"POINT (  575684.825828249,   6139123.37349661)",MARTIN GARCIA 2168,0
2026-05-03,C_103,43,S,100,,S,,56217,Nocturno,2026-05-04 02:14:33,,134101,"POINT (  575778.257276057,   6139131.02675535)",MARTIN GARCIA 2206,0
2026-05-03,C_103,44,S,100,,S,,56217,Nocturno,2026-05-04 02:17:41,,134120,"POINT (  575856.514676057,   6139136.41949285)",MARTIN GARCIA 2242,0
2026-05-03,C_103,45,S,100,,S,,56217,Nocturno,2026-05-04 02:19:37,,134118,"POINT (  575912.950301057,   6139140.80893035)",MARTIN GARCIA 2268 EN 2266/2268,0
2026-05-03,C_103,46,S,100,,S,,56217,Nocturno,2026-05-04 02:21:40,,177447,"POINT (  575980.521063277,   6139144.09684577)",MARTIN GARCIA 2294,0
2026-05-03,C_103,47,S,100,,S,,56217,Nocturno,2026-05-04 02:25:45,,183017,"POINT (  576040.751950848,   6139152.48534012)",MARTIN GARCIA 2318 EN 2320,0
2026-05-03,C_103,48,S,100,,S,,56217,Nocturno,2026-05-04 02:25:53,,177446,"POINT (  576079.843097175,   6139152.91040509)",MARTIN GARCIA 2344,0
2026-05-03,C_103,49,S,100,,S,,56217,Nocturno,2026-05-03 23:13:03,,134133,"POINT (  576209.622705278,   6139157.23936589)",BV GRAL ARTIGAS 2193 ESQ. EDIFICIO,0
2026-05-03,C_103,50,S,100,,S,Basura Afuera,56217,Nocturno,2026-05-03 23:17:27,,134178,"POINT (  576205.773711107,   6139061.01451161)",NUEVA PALMIRA 2246 PDO CORDON ROJO,0
2026-05-03,C_103,51,S,100,,S,Basura Afuera,56217,Nocturno,2026-05-03 23:18:07,,181837,"POINT (  576030.028486803,   6139042.07668931)",NUEVA PALMIRA 2151 EN 2159,0
2026-05-03,C_103,52,S,100,,S,Basura Afuera,56217,Nocturno,2026-05-03 23:18:22,,173272,"POINT (  576027.180381575,   6139041.46162122)",NUEVA PALMIRA 2151 EN 2159,0
2026-05-03,C_103,53,S,100,,S,Basura Afuera,56217,Nocturno,2026-05-03 23:30:48,,134135,"POINT (  575934.270426057,   6139029.81886785)",NUEVA PALMIRA 2117 EN 2117/2119,0
2026-05-03,C_103,54,S,100,,S,Basura Afuera,56217,Nocturno,2026-05-03 23:32:37,,181794,"POINT (  575798.391958170,   6139013.34326013)",NUEVA PALMIRA 2055,0
2026-05-03,C_103,55,S,100,,S,Basura Afuera,56217,Nocturno,2026-05-03 23:37:01,,134176,"POINT (  575704.765551057,   6139007.37003035)",NUEVA PALMIRA 2021,0
2026-05-03,C_103,56,S,100,,S,Basura Afuera,56217,Nocturno,2026-05-03 23:39:08,,142852,"POINT (  575596.208504252,   6139002.16339074)",NUEVA PALMIRA 1973 EN 1975,0
2026-05-03,C_103,57,S,100,,S,Basura Afuera,56217,Nocturno,2026-05-03 23:41:39,,134103,"POINT (  575540.349763557,   6139000.22151785)",NUEVA PALMIRA 1957 PDO ARBOL,0
2026-05-03,C_103,58,S,100,,S,Basura Afuera,56217,Nocturno,2026-05-03 23:53:05,,183020,"POINT (  575506.571879661,   6139045.56047740)",DR MARTIN C MARTINEZ 2225,0
2026-05-03,C_103,59,S,100,,S,Basura Afuera,56217,Nocturno,2026-05-03 23:43:59,,134180,"POINT (  575447.795338557,   6138995.95749285)",NUEVA PALMIRA 1913 MURO. CLUB DE BOCHAS,0
2026-05-03,C_103,60,S,100,,S,,56217,Nocturno,2026-05-03 23:46:02,,134102,"POINT (  575409.920763557,   6139066.18849285)",DEFENSA 2188 EN 2190,0
2026-05-03,C_103,61,S,100,,S,,56217,Nocturno,2026-05-03 23:46:18,,181903,"POINT (  575409.474497604,   6139071.21142985)",DEFENSA 2188,0
2026-05-03,C_103,62,S,100,,S,,56217,Nocturno,2026-05-03 23:55:23,,155952,"POINT (  575397.047784863,   6139186.17653927)",DEFENSA 2246 FTE 2249,0
2026-05-03,C_103,63,S,100,,S,Basura Afuera,56217,Nocturno,2026-05-03 23:55:34,,134107,"POINT (  575390.858063557,   6139230.85510535)",DEFENSA 2260,0
2026-05-03,C_103,64,S,100,,S,Basura Afuera,56217,Nocturno,2026-05-04 00:01:51,,134105,"POINT (  575382.330013557,   6139299.33033035)",DEFENSA 2280,0
2026-05-03,C_103,65,S,100,,S,,56217,Nocturno,2026-05-04 02:55:31,,134142,"POINT (  575371.669951057,   6139402.79564285)",DEFENSA 2326,0
2026-05-03,C_103,66,S,100,,S,Basura Afuera,56217,Nocturno,2026-05-04 02:58:01,,134106,"POINT (  575366.528038557,   6139450.32698035)",DEFENSA 2352 EN 2354,0
2026-05-03,C_103,67,S,100,,S,,56217,Nocturno,2026-05-04 03:00:15,,134144,"POINT (  575360.633651057,   6139501.74610535)",DEFENSA 2370,0
2026-05-03,C_103,68,S,100,,S,Basura Afuera,56217,Nocturno,2026-05-04 03:04:25,,134143,"POINT (  575348.217813557,   6139602.20151785)",DEFENSA 2408 EN 2408/2410,0
2026-05-03,C_103,69,S,100,,S,Basura Afuera,56217,Nocturno,2026-05-04 03:06:39,,134146,"POINT (  575340.880534375,   6139670.86352812)",DEFENSA 2442 ANTES 2448,0
2026-05-03,C_103,70,,,,S,,56217,Nocturno,,,134145,"POINT (  575334.605940625,   6139734.02777187)",DEFENSA 2462 MURO LADRILLOS,0
2026-05-03,C_103,71,,,,S,,56217,Nocturno,,,173332,"POINT (  575326.490128050,   6139814.86941389)",DEFENSA 2494 EN 2490,0
2026-05-03,C_103,72,,,,S,,56217,Nocturno,,,180492,"POINT (  575319.455321502,   6139872.99615154)",DEFENSA 2532,0
2026-05-03,C_103,73,,,,S,,56217,Nocturno,,,180671,"POINT (  575313.763990322,   6139917.68227420)",DEFENSA 2556 EN 2556,0
2026-05-03,C_103,74,,,,S,,56217,Nocturno,,,134448,"POINT (  575316.886997266,   6139991.00848319)",VILARDEBO 2002 EN 2012. PDO ARBOL,0
2026-05-03,C_103,75,,,,S,,56217,Nocturno,,,143632,"POINT (  575521.212195292,   6140008.96959392)",VILARDEBO 2084,0
2026-05-03,C_103,76,,,,S,,56217,Nocturno,,,182111,"POINT (  575522.603739249,   6140009.02778339)",VILARDEBO 2084,0
2026-05-03,C_103,77,,,,S,,56217,Nocturno,,,143872,"POINT (  575634.525669376,   6140016.87684825)",VILARDEBO 2130,0
2026-05-03,C_103,78,,,,S,,56217,Nocturno,,,137412,"POINT (  575706.251247600,   6140023.80191353)",VILARDEBO 2158,0
2026-05-03,C_103,79,,,,S,,56217,Nocturno,,,134436,"POINT (  575777.573109588,   6140029.53691486)",VILARDEBO 2198,0
2026-05-03,C_103,80,,,,S,,56217,Nocturno,,,134435,"POINT (  575881.726891854,   6140039.15940029)",CIRC INT PSJE A Esq. VILARDEBO EN 2240. MURO,0
2026-05-03,C_103,81,,,,S,,56217,Nocturno,,,134447,"POINT (  575883.805348707,   6140039.39033994)",CIRC INT PSJE A 2555 EN 2240. MURO,0
2026-05-03,C_103,82,,,,S,,56217,Nocturno,,,134182,"POINT (  575923.449988667,   6139969.41562591)",AURELIANO RODRIGUEZ LARRETA Esq. GUADALUPE COLUMNA/ARBOL,0
2026-05-03,C_103,83,,,,S,,56217,Nocturno,,,134186,"POINT (  575884.678659377,   6139956.14839062)",CIRC INT PSJE A Esq. GUADALUPE SALIDA VIVIENDAS. MURO,0
2026-05-03,C_103,84,,,,S,,56217,Nocturno,,,137012,"POINT (  575772.011142920,   6139947.94648976)",GUADALUPE 2187 EN 2189,0
2026-05-03,C_103,85,,,,S,,56217,Nocturno,,,149552,"POINT (  575751.476929109,   6139946.24468100)",GUADALUPE 2173,0
2026-05-03,C_103,86,,,,S,,56217,Nocturno,,,134187,"POINT (  575609.679983850,   6139934.73618843)",GUADALUPE 2115 EN 2119,0
2026-05-03,C_103,87,,,,S,,56217,Nocturno,,,134189,"POINT (  575556.099100000,   6139931.05001562)",GUADALUPE 2097,0
2026-05-03,C_103,88,,,,S,,56217,Nocturno,,,182122,"POINT (  575455.285551536,   6139923.01035586)",GUADALUPE 2057,0
2026-05-03,C_103,89,,,,S,,56217,Nocturno,,,134188,"POINT (  575450.476771875,   6139922.68389062)",GUADALUPE 2057,0
2026-05-03,C_103,90,,,,S,,56217,Nocturno,,,134138,"POINT (  575451.139913948,   6139823.50025689)",RIVADAVIA 2058 ARBOL/ARBOL,0
2026-05-03,C_103,91,,,,S,,56217,Nocturno,,,134136,"POINT (  575567.687457445,   6139826.96435164)",RIVADAVIA 2094 MURO,0
2026-05-03,C_103,92,,,,S,,56217,Nocturno,,,134110,"POINT (  575611.733831250,   6139828.14667813)",RIVADAVIA 2114 MURO,0
2026-05-03,C_103,93,,,,S,,56217,Nocturno,,,179260,"POINT (  575668.295726362,   6139828.56568170)",RIVADAVIA 2142,0
2026-05-03,C_103,94,,,,S,,56217,Nocturno,,,177382,"POINT (  575690.085472086,   6139812.18421401)",JUAN PAULLIER 2497,0
2026-05-03,C_103,95,,,,S,,56217,Nocturno,,,143233,"POINT (  575828.649262236,   6139747.13621252)",CUFRE 2468,0
2026-05-03,C_103,96,,,,S,,56217,Nocturno,,,181851,"POINT (  575823.095333987,   6139814.05120893)",CUFRE 2496 FTE 2493,0
2026-05-03,C_103,97,,,,S,,56217,Nocturno,,,155333,"POINT (  575815.562682055,   6139879.38765223)",CUFRE 2516 EN 2516/2518,0
2026-05-03,C_103,98,,,,S,,56217,Nocturno,,,134111,"POINT (  575440.646575000,   6139748.25018438)",DR MARTIN C MARTINEZ 2567 EN 2569,0
2026-05-03,C_103,99,,,,S,,56217,Nocturno,,,134190,"POINT (  575473.901921875,   6139700.35411875)",ISLA DE GORRITI 2056,0
2026-05-03,C_103,100,,,,S,,56217,Nocturno,,,134141,"POINT (  575562.792000000,   6139702.44565000)",ISLA DE GORRITI 2094,0
2026-05-03,C_103,101,,,,S,,56217,Nocturno,,,176571,"POINT (  575669.608823092,   6139704.33539736)",ISLA DE GORRITI 2138,0
2026-05-03,C_103,102,,,,S,,56217,Nocturno,,,150877,"POINT (  575724.957359270,   6139706.18291456)",ISLA DE GORRITI 2154 EN 2160,0
2026-05-03,C_103,103,,,,S,,56217,Nocturno,,,140633,"POINT (  575949.507679204,   6139685.16740639)",ACEVEDO DIAZ 2389 EN 2391,0
2026-05-03,C_103,104,,,,S,,56217,Nocturno,,,140772,"POINT (  575953.763649238,   6139621.07526100)",ACEVEDO DIAZ 2361,0
2026-05-03,C_103,105,,,,S,,56217,Nocturno,,,182137,"POINT (  575961.298852941,   6139573.35451220)",ACEVEDO DIAZ 2347 EN 2347/2343,0
2026-05-03,C_103,106,,,,S,,56217,Nocturno,,,182136,"POINT (  575966.353319172,   6139508.16932702)",ACEVEDO DIAZ 2311 EN 2311/2307,0
2026-05-03,C_103,107,,,,S,,56217,Nocturno,,,134117,"POINT (  575824.107449114,   6139591.63684803)",DR DOMINGO ARAMBURU 2143 ARBOL/ARBOL,0
2026-05-03,C_103,108,,,,S,,56217,Nocturno,,,181904,"POINT (  575821.930134641,   6139591.59322615)",DR DOMINGO ARAMBURU 2143,0
2026-05-03,C_103,109,,,,S,,56217,Nocturno,,,134192,"POINT (  575733.390481606,   6139588.30192466)",DR DOMINGO ARAMBURU 2109 ARBOL/ARBOL,0
2026-05-03,C_103,110,,,,S,,56217,Nocturno,,,136779,"POINT (  575681.309765371,   6139586.17127631)",DR DOMINGO ARAMBURU 2081 EN 2091,0
2026-05-03,C_103,111,,,,S,,56217,Nocturno,,,134153,"POINT (  575627.577806745,   6139584.16979934)",DR DOMINGO ARAMBURU 2057 EN 2059. ANTES ARBOL,0
2026-05-03,C_103,112,,,,S,,56217,Nocturno,,,134152,"POINT (  575549.802721189,   6139581.43995591)",DR DOMINGO ARAMBURU 2031 EN 2031A,0
2026-05-03,C_103,113,,,,S,,56217,Nocturno,,,175730,"POINT (  575478.390792678,   6139579.78194598)",DR DOMINGO ARAMBURU 2001 EN 2007,0
2026-05-03,C_103,114,,,,S,,56217,Nocturno,,,176240,"POINT (  575460.762399375,   6139530.82274013)",DR MARTIN C MARTINEZ 2477,0
2026-05-03,C_103,115,,,,S,,56217,Nocturno,,,176570,"POINT (  575471.116193695,   6139427.01536734)",DR MARTIN C MARTINEZ 2409 EN 2409B,0
2026-05-03,C_103,116,,,,S,,56217,Nocturno,,,181900,"POINT (  575471.295976689,   6139425.39423421)",DR MARTIN C MARTINEZ 2409,0
2026-05-03,C_102,1,S,75,,S,,56218,Nocturno,2026-05-03 23:03:29,7,134664,"POINT (  574335.824558786,   6140230.42512798)",GUADALUPE 1469,0
2026-05-03,C_102,2,S,75,,S,,56218,Nocturno,2026-05-03 23:03:40,7,180420,"POINT (  574334.219297838,   6140229.65569659)",GUADALUPE 1469,0
2026-05-03,C_102,3,S,100,,S,,56218,Nocturno,2026-05-03 23:06:23,7,181755,"POINT (  574281.420595093,   6140091.64560914)",CONCEPCION ARENAL 1468 ANTES DE GOMERIA,0
2026-05-03,C_102,4,S,100,,S,,56218,Nocturno,2026-05-03 23:10:39,7,180193,"POINT (  574340.397176104,   6140078.13612653)",CONCEPCION ARENAL Esq. AV GRAL SAN MARTIN ESQ.,0
2026-05-03,C_102,5,S,100,,S,,56218,Nocturno,2026-05-03 23:12:38,7,180192,"POINT (  574346.809147570,   6140078.13612653)",CONCEPCION ARENAL Esq. AV GRAL SAN MARTIN ESQ. (RETIRAR VIEJO DE  AV GRAL SAN MARTIN 2515),0
2026-05-03,C_102,6,S,100,,S,,56218,Nocturno,2026-05-03 23:14:15,7,134004,"POINT (  574384.974872885,   6139941.29743222)",CARLOS REYLES 1508 COLUMNA/ARBOL,0
2026-05-03,C_102,7,S,75,,S,,56218,Nocturno,2026-05-03 23:14:29,7,183024,"POINT (  574397.205805085,   6139935.74678927)",CARLOS REYLES 1518 FTE 1513,0
2026-05-03,C_102,8,S,100,,S,,56218,Nocturno,2026-05-03 23:15:37,7,134002,"POINT (  574472.305381360,   6139899.94150002)",CARLOS REYLES 1546 ANTES COLUMNA,0
2026-05-03,C_102,9,S,100,,S,,56218,Nocturno,2026-05-03 23:17:04,7,134005,"POINT (  574582.239834828,   6139848.31067706)",CARLOS REYLES Esq. ROCHA MURO. BAJAR A CALLE,0
2026-05-03,C_102,10,S,100,,S,,56218,Nocturno,2026-05-03 23:17:08,7,181895,"POINT (  574584.414528540,   6139847.11503878)",CARLOS REYLES 1603,0
2026-05-03,C_102,11,S,75,,S,,56218,Nocturno,2026-05-03 23:20:31,7,173372,"POINT (  574746.588514125,   6139770.24598136)",CARLOS REYLES 1715 FTE 1715,0
2026-05-03,C_102,12,S,100,,S,,56218,Nocturno,2026-05-03 23:21:34,7,134064,"POINT (  574788.897836159,   6139750.65558588)",CARLOS REYLES 1742,0
2026-05-03,C_102,13,N,,Contenedor No Está,N,,56218,Nocturno,2026-05-03 23:24:31,,134006,"POINT (  574934.547553674,   6139681.61603786)",CARLOS REYLES 1806 ARBOL/ARBOL,0
2026-05-03,C_102,14,S,100,,S,,56218,Nocturno,2026-05-03 23:25:22,7,181896,"POINT (  574938.197098039,   6139679.89671917)",CARLOS REYLES 1806,0
2026-05-03,C_102,15,S,100,,S,,56218,Nocturno,2026-05-03 23:27:01,7,133994,"POINT (  574996.807440679,   6139652.74598136)",CARLOS REYLES 1846 EN 1844. ANTES ARBOL,0
2026-05-03,C_102,16,S,100,,S,,56218,Nocturno,2026-05-03 23:28:36,7,134007,"POINT (  575042.005180792,   6139630.88157458)",CARLOS REYLES 1868,0
2026-05-03,C_102,17,S,100,,S,,56218,Nocturno,2026-05-03 23:29:37,7,181897,"POINT (  574959.295570370,   6139567.29593856)",DR DOMINGO ARAMBURU 1747,0
2026-05-03,C_102,18,S,75,,S,,56218,Nocturno,2026-05-03 23:30:32,7,134084,"POINT (  574957.250023251,   6139568.22259888)",DR DOMINGO ARAMBURU 1747 EN 1749,0
2026-05-03,C_102,19,S,100,,S,,56218,Nocturno,2026-05-03 23:32:31,7,134083,"POINT (  574908.370529193,   6139590.35426761)",DR DOMINGO ARAMBURU 1715 EN 1715/1719,0
2026-05-03,C_102,20,S,100,,S,,56218,Nocturno,2026-05-03 23:34:22,7,136972,"POINT (  574833.747177029,   6139625.56142392)",DR DOMINGO ARAMBURU 1677 EN 1679,0
2026-05-03,C_102,21,S,100,,S,,56218,Nocturno,2026-05-03 23:35:40,7,182087,"POINT (  574759.878862309,   6139660.42641416)",DR DOMINGO ARAMBURU 1643 EN 1643,0
2026-05-03,C_102,22,S,100,,S,,56218,Nocturno,2026-05-03 23:38:56,7,179074,"POINT (  574590.159319607,   6139740.19788736)",DR DOMINGO ARAMBURU 1529 EN 1537,0
2026-05-03,C_102,23,S,100,,S,,56218,Nocturno,2026-05-03 23:42:19,7,134082,"POINT (  574510.695211868,   6139777.22963561)",DR DOMINGO ARAMBURU 1489,0
2026-05-03,C_102,24,S,100,,S,,56218,Nocturno,2026-05-03 23:42:35,7,134039,"POINT (  574445.781075393,   6139807.39758208)",DR DOMINGO ARAMBURU 1445 EN 1447,0
2026-05-03,C_102,25,S,100,,S,,56218,Nocturno,2026-05-03 23:44:38,7,181898,"POINT (  574318.876905664,   6139867.53179608)",DR DOMINGO ARAMBURU 1385,0
2026-05-03,C_102,26,S,75,,S,,56218,Nocturno,2026-05-03 23:45:53,7,134038,"POINT (  574312.051144071,   6139870.44997459)",DR DOMINGO ARAMBURU 1381 EN 1389,0
2026-05-03,C_102,27,S,100,,S,,56218,Nocturno,2026-05-03 23:47:10,7,180419,"POINT (  574266.528740387,   6139893.25069090)",DR DOMINGO ARAMBURU 1361 EN 1359/1361,0
2026-05-03,C_102,28,S,100,,S,,56218,Nocturno,2026-05-03 23:49:38,7,133996,"POINT (  574278.830805088,   6139753.50082205)",BLANDENGUES 1414 EN 1412. MURO,0
2026-05-03,C_102,29,S,100,,S,,56218,Nocturno,2026-05-03 23:59:25,7,133997,"POINT (  574329.547970152,   6139730.62679586)",BLANDENGUES 1440 (AJUSTAR POSICION FTE AL 1477),0
2026-05-03,C_102,30,S,100,,S,,56218,Nocturno,2026-05-04 00:00:22,7,133995,"POINT (  574427.474872885,   6139684.17878815)",BLANDENGUES 1508 PDO 1508. MURO,0
2026-05-03,C_102,31,S,75,,S,,56218,Nocturno,2026-05-04 00:33:15,32,133998,"POINT (  574547.220635597,   6139628.67031358)",BLANDENGUES 1592 EN 1600. PDO REBAJE,0
2026-05-03,C_102,32,S,100,,S,,56218,Nocturno,2026-05-04 00:33:19,32,133999,"POINT (  574548.830805089,   6139628.16183900)",BLANDENGUES 1592 EN 1600. PDO REBAJE,0
2026-05-03,C_102,33,S,100,,S,,56218,Nocturno,2026-05-04 00:35:32,32,134065,"POINT (  574597.813855936,   6139605.06861866)",BLANDENGUES 1618,0
2026-05-03,C_102,34,S,100,,S,,56218,Nocturno,2026-05-04 01:21:00,32,175355,"POINT (  574711.203686445,   6139552.10251696)",BLANDENGUES 1694,0
2026-05-03,C_102,35,S,100,,S,,56218,Nocturno,2026-05-04 03:11:58,13,181899,"POINT (  574714.155962527,   6139550.81935643)",BLANDENGUES 1694,0
2026-05-03,C_102,36,S,100,,S,,56218,Nocturno,2026-05-04 01:27:18,32,134014,"POINT (  574801.997529328,   6139509.64653272)",BLANDENGUES 1738 ARBOL/ARBOL,0
2026-05-03,C_102,37,S,100,,S,,56218,Nocturno,2026-05-04 01:28:09,32,182971,"POINT (  574877.406585906,   6139473.87775571)",BLANDENGUES 1778 EN 1780/1782. ANTES ARBOL,0
2026-05-03,C_102,38,,,,S,,56218,Nocturno,,,134040,"POINT (  574953.283429378,   6139436.77140509)",BLANDENGUES 1818,0
2026-05-03,C_102,39,S,100,,S,,56218,Nocturno,2026-05-04 00:38:47,32,181686,"POINT (  575102.268551413,   6139404.80784520)",BLANDENGUES 1916 EN 1918,0
2026-05-03,C_102,40,S,100,,S,,56218,Nocturno,2026-05-04 00:40:35,32,181699,"POINT (  575214.788024859,   6139416.61296836)",BLANDENGUES 1982 EN 1980,0
2026-05-03,C_102,41,S,100,,S,,56218,Nocturno,2026-05-04 00:40:39,32,181700,"POINT (  575220.098759322,   6139417.29093447)",BLANDENGUES 1982 EN 1982,0
2026-05-03,C_102,42,S,100,,S,,56218,Nocturno,2026-05-04 00:52:27,32,134092,"POINT (  574992.153515067,   6139183.37508492)",JUSTICIA 2310 EN 2314/2318. PDO REBAJE,0
2026-05-03,C_102,43,N,,Contenedor No Está,N,,56218,Nocturno,2026-05-04 00:50:32,,134077,"POINT (  574984.094691537,   6139259.02214374)",JUSTICIA 2372,0
2026-05-03,C_102,44,S,100,,S,,56218,Nocturno,2026-05-04 00:55:50,32,134076,"POINT (  575046.873354022,   6139306.11697951)",DR JUAN C PATRON 1838,0
2026-05-03,C_102,45,S,100,,S,,56218,Nocturno,2026-05-04 00:57:46,32,181685,"POINT (  575078.087760452,   6139347.51970961)",INCA 2316 VEREDA,0
2026-05-03,C_102,46,S,100,,S,,56218,Nocturno,2026-05-04 01:00:39,32,134078,"POINT (  575066.800573891,   6139462.78684963)",INCA 2370,0
2026-05-03,C_102,47,S,100,,S,,56218,Nocturno,2026-05-04 01:01:26,32,134036,"POINT (  575061.824707286,   6139507.48911011)",INCA 2390,0
2026-05-03,C_102,48,S,100,,S,,56218,Nocturno,2026-05-04 01:03:38,32,134041,"POINT (  574972.729110173,   6139367.78048307)",ARENAL GRANDE 2369 EN 2367,0
2026-05-03,C_102,49,S,100,,S,,56218,Nocturno,2026-05-04 01:05:17,32,181411,"POINT (  574910.074519608,   6139352.82168845)",MARCELINO BERTHELOT 1769 EN 1771,0
2026-05-03,C_102,50,S,100,,S,,56218,Nocturno,2026-05-04 01:08:53,32,134043,"POINT (  574908.393437101,   6139353.35729427)",MARCELINO BERTHELOT 1769 EN 1771,0
2026-05-03,C_102,51,S,100,,S,,56218,Nocturno,2026-05-04 01:12:13,32,134042,"POINT (  574865.886911218,   6139373.44421961)",MARCELINO BERTHELOT 1735 REBAJE/REBAJE. (RETIRAR VIEJO DE MARCELINO 1727),0
2026-05-03,C_102,52,S,100,,S,,56218,Nocturno,2026-05-04 01:15:10,32,134058,"POINT (  574803.552646129,   6139403.12103189)",MARCELINO BERTHELOT 1705 EN 1707/1713,0
2026-05-03,C_102,53,S,100,,S,,56218,Nocturno,2026-05-04 01:18:18,32,164053,"POINT (  574704.339279665,   6139450.23811018)",MARCELINO BERTHELOT 1657,0
2026-05-03,C_102,54,S,75,,S,,56218,Nocturno,2026-05-04 01:58:54,13,178984,"POINT (  574622.006072316,   6139490.16189661)",MARCELINO BERTHELOT 1603,0
2026-05-03,C_102,55,S,100,,S,,56218,Nocturno,2026-05-04 01:59:05,13,134068,"POINT (  574576.764779379,   6139510.29449806)",MARCELINO BERTHELOT 1581 FTE 1590,0
2026-05-03,C_102,56,S,100,,S,,56218,Nocturno,2026-05-04 02:00:06,13,134073,"POINT (  574513.828197034,   6139540.25349354)",MARCELINO BERTHELOT 1547,0
2026-05-03,C_102,57,S,100,,S,,56218,Nocturno,2026-05-04 02:01:34,13,180991,"POINT (  574479.250028322,   6139556.14223050)",MARCELINO BERTHELOT 1521,0
2026-05-03,C_102,58,S,100,,S,,56218,Nocturno,2026-05-04 02:04:20,13,134072,"POINT (  574484.820623410,   6139630.84390979)",ROCHA 2384 EN 2386. MURO,0
2026-05-03,C_102,59,S,100,,S,,56218,Nocturno,2026-05-04 02:09:44,13,183641,"POINT (  574719.285962092,   6139314.19989848)",LIBRES 1695,0
2026-05-03,C_102,60,S,100,,S,,56218,Nocturno,2026-05-04 02:12:45,13,183642,"POINT (  574722.336071024,   6139312.89270893)",LIBRES 1697,0
2026-05-03,C_102,61,S,100,,S,,56218,Nocturno,2026-05-04 02:14:35,13,134021,"POINT (  574838.638634535,   6139259.53983729)",LIBRES Esq. PORONGOS,0
2026-05-03,C_102,62,S,100,,S,,56218,Nocturno,2026-05-04 02:15:11,13,134070,"POINT (  574898.007959535,   6139230.28538729)",LIBRES 1794 ANTES 1796,0
2026-05-03,C_102,63,S,100,,S,,56218,Nocturno,2026-05-04 02:17:59,13,145053,"POINT (  574819.524467813,   6139168.91776348)",DR JUAN J DE AMEZAGA 1721 FTE 1726,0
2026-05-03,C_102,64,S,100,,S,,56218,Nocturno,2026-05-04 02:20:18,13,145072,"POINT (  574817.146169783,   6139169.86908269)",DR JUAN J DE AMEZAGA 1721 FTE 1726,0
2026-05-03,C_102,65,S,100,,S,,56218,Nocturno,2026-05-04 02:24:37,13,145092,"POINT (  574664.406310765,   6139087.15276109)",MARTIN GARCIA 1662 EN 1664,0
2026-05-03,C_102,66,S,100,,S,,56218,Nocturno,2026-05-04 02:27:11,13,182038,"POINT (  574666.540290785,   6139086.30711593)",MARTIN GARCIA 1662,0
2026-05-03,C_102,67,S,100,,S,,56218,Nocturno,2026-05-04 02:29:14,13,136912,"POINT (  574693.322330512,   6139074.64488985)",MARTIN GARCIA 1682,0
2026-05-03,C_102,68,S,100,,S,,56218,Nocturno,2026-05-04 02:30:52,13,134010,"POINT (  574767.729110173,   6139039.47539832)",MARTIN GARCIA 1725 EN 1718. MURO,0
2026-05-03,C_102,69,S,100,,S,,56218,Nocturno,2026-05-04 02:30:56,13,134044,"POINT (  574787.729110173,   6139030.15336443)",MARTIN GARCIA 1732 ANTES ARBOL,0
2026-05-03,C_102,70,S,100,,S,,56218,Nocturno,2026-05-04 02:37:09,13,134045,"POINT (  574508.235434535,   6139079.49590604)",JOSE L TERRA 2151,0
2026-05-03,C_102,71,S,100,,S,,56218,Nocturno,2026-05-04 02:39:18,13,134074,"POINT (  574509.865407018,   6139082.04305343)",JOSE L TERRA 2151,0
2026-05-03,C_102,72,S,100,,S,,56218,Nocturno,2026-05-04 02:43:00,13,134001,"POINT (  574507.918220949,   6139047.08096728)",ISIDORO DE MARIA 1614,0
2026-05-03,C_102,73,S,100,,S,,56218,Nocturno,2026-05-04 02:44:58,13,181614,"POINT (  574511.703753731,   6139045.70939403)",ISIDORO DE MARIA 1614,0
2026-05-03,C_102,74,S,100,,S,,56218,Nocturno,2026-05-04 02:48:13,13,134000,"POINT (  574577.565279772,   6139016.37508493)",ISIDORO DE MARIA 1632 PDO 1632,0
2026-05-03,C_102,75,S,100,,S,,56218,Nocturno,2026-05-04 02:49:48,13,134063,"POINT (  574581.565279772,   6139014.37508493)",ISIDORO DE MARIA 1636 PDO 1632,0
2026-05-03,C_102,76,S,75,,S,,56218,Nocturno,2026-05-04 02:51:37,13,136892,"POINT (  574716.682926831,   6138950.25743787)",ISIDORO DE MARIA 1728 EN 1728/1732,0
2026-05-03,C_102,77,S,100,,S,,56218,Nocturno,2026-05-04 02:53:13,13,134046,"POINT (  574754.506456243,   6138932.37508493)",ISIDORO DE MARIA 1744 PDO CARTEL,0
2026-05-03,C_102,78,S,100,,S,,56218,Nocturno,2026-05-04 03:00:39,13,167972,"POINT (  574913.050378524,   6138949.54447484)",REPUBLICA 2210,0
2026-05-03,C_102,79,S,100,,S,,56218,Nocturno,2026-05-04 03:02:47,13,177292,"POINT (  574911.807795480,   6138963.73105085)",REPUBLICA 2210,0
2026-05-03,C_102,80,S,100,,S,,56218,Nocturno,2026-05-04 03:07:28,13,177291,"POINT (  574919.870408475,   6139041.99521243)",MARTIN GARCIA 1810,0
2026-05-03,C_102,81,S,100,,S,,56218,Nocturno,2026-05-04 03:08:16,13,177274,"POINT (  575021.763611299,   6139053.10277853)",MARTIN GARCIA 1858,0
2026-05-03,C_102,82,S,100,,S,,56218,Nocturno,2026-05-04 03:10:01,13,161497,"POINT (  575061.271162126,   6139057.66920257)",MARTIN GARCIA 1884 EN 1876,0
2026-05-03,C_102,83,,,,S,,56218,Nocturno,,,134048,"POINT (  575214.329985655,   6139073.66920257)",MARTIN GARCIA 1954,0
2026-05-03,C_102,84,,,,S,,56218,Nocturno,,,181721,"POINT (  575288.763835294,   6139082.64688954)",MARTIN GARCIA 2000 PDO 1990,0
2026-05-03,C_102,85,,,,S,,56218,Nocturno,,,183746,"POINT (  575299.867480702,   6139044.04322105)",CONSTITUCION 2181,0
2026-05-03,C_102,86,,,,S,,56218,Nocturno,,,134028,"POINT (  575305.035868008,   6139007.55155551)",CONSTITUCION 2159 EN 2161,0
2026-05-03,C_102,87,,,,S,,56218,Nocturno,,,161472,"POINT (  575225.825210958,   6138975.64099910)",NUEVA PALMIRA 1801,0
2026-05-03,C_102,88,,,,S,,56218,Nocturno,,,181723,"POINT (  575163.345522440,   6138968.04263137)",NUEVA PALMIRA 1771 EN 1771,0
2026-05-03,C_102,89,,,,S,,56218,Nocturno,,,181836,"POINT (  575080.540432195,   6138959.48283265)",NUEVA PALMIRA 1735,0
2026-05-03,C_102,90,,,,S,,56218,Nocturno,,,181724,"POINT (  575015.197374292,   6138963.24960305)",JUSTICIA 2202 FTE 2205,0
2026-05-03,C_102,91,,,,S,,56218,Nocturno,,,134011,"POINT (  575073.329985655,   6139272.96332021)",INCA 2287 MURO,0
2026-05-03,C_102,92,,,,S,,56218,Nocturno,,,144972,"POINT (  575075.271162126,   6139253.66920256)",INCA 2277,0
2026-05-03,C_102,93,,,,S,,56218,Nocturno,,,134013,"POINT (  575090.890250398,   6139103.98795358)",INCA 2215 EN 2117/2115,0
2026-05-03,C_102,94,,,,S,,56218,Nocturno,,,134015,"POINT (  575193.791095017,   6139177.83362711)",DEMOCRACIA 2284 EN 2282/2284. MEDIANERA,0
2026-05-03,C_102,95,,,,S,,56218,Nocturno,,,183015,"POINT (  575184.756312994,   6139264.10899153)",DEMOCRACIA 2310 EN 2310,0
2026-05-03,C_102,96,,,,S,,56218,Nocturno,,,134049,"POINT (  575184.333437108,   6139266.63943192)",DEMOCRACIA 2310 PDO REBAJE,0
2026-05-03,C_102,97,,,,S,,56218,Nocturno,,,181040,"POINT (  575171.242643355,   6139403.89462026)",DEMOCRACIA 2388 MURO. ESQ,0
2026-05-03,C_102,98,,,,S,,56218,Nocturno,,,181039,"POINT (  575171.079244662,   6139404.76607995)",DEMOCRACIA 2388 MURO. ESQ,0
2026-05-03,C_102,99,,,,S,,56218,Nocturno,,,181615,"POINT (  575157.861986567,   6139523.98983731)",DEMOCRACIA 2444,0
2026-05-03,C_102,100,,,,S,,56218,Nocturno,,,134033,"POINT (  575157.624103302,   6139525.90449668)",DEMOCRACIA 2444 PDO 2444,0
2026-05-03,C_102,101,,,,S,,56218,Nocturno,,,134034,"POINT (  575153.388809185,   6139566.72802609)",DEMOCRACIA 2452 ARBOL/COLUMNA,0
2026-05-03,C_102,102,,,,S,,56218,Nocturno,,,134035,"POINT (  575144.447632714,   6139647.55155550)",DEMOCRACIA 2490,0
2026-05-03,C_102,103,,,,S,,56218,Nocturno,,,181571,"POINT (  575230.366110458,   6139669.17920872)",CONSTITUCION 2443 FTE 2448,0
2026-05-03,C_102,104,,,,S,,56218,Nocturno,,,181722,"POINT (  575240.934727451,   6139582.08168802)",CONSTITUCION 2407 PDO 2407,0
2026-05-03,C_102,105,,,,S,,56218,Nocturno,,,134031,"POINT (  575245.407167448,   6139543.40312980)",CONSTITUCION 2393,0
2026-05-03,C_102,106,,,,S,,56218,Nocturno,,,134032,"POINT (  575250.905786848,   6139503.31642062)",CONSTITUCION 2377,0
2026-05-03,C_102,107,S,100,,S,,56218,Nocturno,2026-05-04 00:45:19,32,134029,"POINT (  575262.212338597,   6139398.02214374)",CONSTITUCION 2341 BIS,0
2026-05-03,C_102,108,S,100,,S,,56218,Nocturno,2026-05-04 00:48:51,32,183014,"POINT (  575273.606607910,   6139314.19680622)",CONSTITUCION 2307 EN 2303/2307,0
2026-05-03,C_102,109,S,100,,S,,56218,Nocturno,2026-05-04 00:50:19,32,183747,"POINT (  575279.801691228,   6139226.00594035)",CONSTITUCION 2267,0
2026-05-03,C_102,110,,,,S,,56218,Nocturno,,,183748,"POINT (  575280.130638596,   6139225.12874737)",CONSTITUCION 2261,0
2026-05-03,D_101,1,S,100,,S,Requiere Limpieza,56219,Nocturno,2026-05-03 23:23:37,,179235,"POINT (  577481.202203527,   6139803.30798032)",AV DAMASO ANTONIO LARRAÑAGA 3162 EN 3164,0
2026-05-03,D_101,2,S,100,,S,Requiere Limpieza,56219,Nocturno,2026-05-03 23:23:47,,183131,"POINT (  577481.429180952,   6139813.12849048)",AV DAMASO ANTONIO LARRAÑAGA 3166,0
2026-05-03,D_101,3,S,100,,S,Requiere Limpieza,56219,Nocturno,2026-05-03 23:25:40,,114488,"POINT (  577529.901455521,   6140047.53990520)",JUAN JACOBO ROUSSEAU 3310 VEREDA,0
2026-05-03,D_101,4,N,,Contenedor No Está,N,,56219,Nocturno,2026-05-03 23:25:51,,114490,"POINT (  577648.764885249,   6140115.75717791)",JUAN JACOBO ROUSSEAU 3368 VEREDA,0
2026-05-03,D_101,5,S,100,,S,"Requiere Limpieza, Requiere Mantenimiento",56219,Nocturno,2026-05-03 23:32:39,,179307,"POINT (  577726.604832418,   6140040.08295407)",JOANICO 3337 VEREDA,0
2026-05-03,D_101,6,S,100,,S,Requiere Limpieza,56219,Nocturno,2026-05-03 23:32:51,,175891,"POINT (  577725.130363582,   6140039.02587865)",JOANICO 3337 VEREDA,0
2026-05-03,D_101,7,S,100,,S,Requiere Limpieza,56219,Nocturno,2026-05-03 23:35:19,,114516,"POINT (  577527.820319390,   6139915.60395076)",JOANICO 3267 VEREDA,0
2026-05-03,D_101,8,S,75,,S,Requiere Limpieza,56219,Nocturno,2026-05-03 23:35:23,,183132,"POINT (  577507.574172014,   6139903.29286530)",JOANICO 3259 EN 3255,0
2026-05-03,D_101,9,S,100,,S,Requiere Limpieza,56219,Nocturno,2026-05-03 23:38:13,,114517,"POINT (  577391.924099216,   6139831.62942589)",JOANICO 3205 VEREDA,0
2026-05-03,D_101,10,S,100,,S,,56219,Nocturno,2026-05-03 23:39:56,,114502,"POINT (  577365.995399436,   6139925.62340508)",GRAL URQUIZA 3238,0
2026-05-03,D_101,11,S,100,,S,Requiere Limpieza,56219,Nocturno,2026-05-03 23:46:45,,114504,"POINT (  577412.588418354,   6139971.57066968)",GRAL URQUIZA 3278,0
2026-05-03,D_101,12,S,100,,S,,56219,Nocturno,2026-05-03 23:45:51,,114505,"POINT (  577700.961434825,   6140121.44195064)",FAMAILLA 3387 ANTES 3387,0
2026-05-03,D_101,13,S,100,,S,,56219,Nocturno,2026-05-03 23:48:18,,114533,"POINT (  577634.695964408,   6140066.52735989)",FAMAILLA 3335,0
2026-05-03,D_101,14,S,100,,S,,56219,Nocturno,2026-05-03 23:48:28,,114528,"POINT (  577509.837207346,   6139965.05843333)",FAMAILLA 3253,0
2026-05-03,D_101,15,S,100,,S,,56219,Nocturno,2026-05-03 23:50:09,,176839,"POINT (  577485.204438984,   6140074.88894181)",AV DAMASO ANTONIO LARRAÑAGA 3288 EN 3288/3264,0
2026-05-03,D_101,16,S,100,,S,Requiere Limpieza,56219,Nocturno,2026-05-03 23:52:28,,177358,"POINT (  577485.882405085,   6140182.00758588)",AV DAMASO ANTONIO LARRAÑAGA 3350,0
2026-05-03,D_101,17,S,100,,S,Requiere Limpieza,56219,Nocturno,2026-05-03 23:57:13,,128592,"POINT (  577362.492574578,   6140040.31267062)",JUAN RAMON GOMEZ 3225,0
2026-05-03,D_101,18,S,100,,S,,56219,Nocturno,2026-05-04 00:02:00,,128612,"POINT (  577315.938902261,   6139995.34091921)",JUAN RAMON GOMEZ 3191 EN 3185/3189,0
2026-05-03,D_101,19,S,100,,S,Requiere Limpieza,56219,Nocturno,2026-05-04 00:02:22,,114536,"POINT (  577579.686968955,   6140139.31861415)",GLORIA 3283 VEREDA. EN 3279/3283,0
2026-05-03,D_101,20,S,100,,S,"Poda, Requiere Limpieza",56219,Nocturno,2026-05-04 00:25:13,,179236,"POINT (  577582.908688168,   6140508.65496553)",GRAL JULIO AMADEO ROLETTI Esq. QUICHUAS EN 3409,0
2026-05-03,D_101,21,S,100,,S,Requiere Limpieza,56219,Nocturno,2026-05-04 00:25:19,,179237,"POINT (  577543.090713197,   6140455.64017599)",GRAL JULIO AMADEO ROLETTI 3371,0
2026-05-03,D_101,22,S,75,,S,,56219,Nocturno,2026-05-04 00:29:18,,179238,"POINT (  577405.661816723,   6140468.38192798)",BV JOSE BATLLE Y ORDOÑEZ 3164,0
2026-05-03,D_101,23,S,100,,S,Requiere Limpieza,56219,Nocturno,2026-05-04 00:30:43,,114522,"POINT (  577383.896791052,   6140535.25947429)",EMILIO RAÑA 3158,0
2026-05-03,D_101,24,S,100,,S,"Poda, Requiere Limpieza",56219,Nocturno,2026-05-04 00:43:46,,114523,"POINT (  577611.645116951,   6140606.64035424)",CARLOS CROCKER 2867,0
2026-05-03,D_101,25,S,100,,S,"Poda, Requiere Limpieza",56219,Nocturno,2026-05-04 00:43:50,,114492,"POINT (  577678.198789266,   6140509.01323559)",CARLOS CROCKER 2783,0
2026-05-03,D_101,26,S,100,,S,"Escombro, Requiere Limpieza",56219,Nocturno,2026-05-04 00:46:36,,114530,"POINT (  577732.436077401,   6140415.22792486)",MARCOS DE AVELLANEDA Esq. CARLOS CROCKER MURO,0
2026-05-03,D_101,27,S,100,,S,Requiere Limpieza,56219,Nocturno,2026-05-04 00:53:04,,114493,"POINT (  577811.532122600,   6140316.47086271)",CARLOS CROCKER 2687,0
2026-05-03,D_101,28,S,100,,S,Requiere Limpieza,56219,Nocturno,2026-05-04 00:53:12,,114495,"POINT (  577860.571670622,   6140243.92848983)",CARLOS CROCKER 2649,0
2026-05-03,D_101,29,S,100,,S,Requiere Limpieza,56219,Nocturno,2026-05-04 01:02:37,,179591,"POINT (  577956.305373073,   6140096.84623506)",CARLOS CROCKER 2567 ESQ,0
2026-05-03,D_101,30,S,100,,S,Requiere Limpieza,56219,Nocturno,2026-05-04 01:02:31,,114494,"POINT (  577958.068251418,   6140094.19537840)",CARLOS CROCKER Esq. AV 8 DE OCTUBRE ESQ,0
2026-05-03,D_101,31,S,100,,S,Requiere Limpieza,56219,Nocturno,2026-05-04 00:07:03,,114509,"POINT (  577760.444126316,   6140183.27835601)",JUAN JACOBO ROUSSEAU 3414,0
2026-05-03,D_101,32,N,,Contenedor No Está,S,,56219,Nocturno,2026-05-04 00:09:52,,114511,"POINT (  577880.246229092,   6140158.30332481)",JOANICO 3441 VEREDA,0
2026-05-03,D_101,33,S,100,,S,,56219,Nocturno,2026-05-04 00:11:09,,114512,"POINT (  577800.232687573,   6140104.49346158)",JOANICO 3409 EN 3407,0
2026-05-03,D_101,34,S,100,,S,Requiere Limpieza,56219,Nocturno,2026-05-04 00:15:51,,177259,"POINT (  577713.511646075,   6140309.67885631)",QUICHUAS 2710 PDO 2710,0
2026-05-03,D_101,35,S,100,,S,Requiere Limpieza,56219,Nocturno,2026-05-04 00:24:55,,114525,"POINT (  577663.622518081,   6140384.26747288)",QUICHUAS 2752,0
2026-05-03,D_101,36,S,100,,S,"Poda, Requiere Limpieza",56219,Nocturno,2026-05-04 00:24:59,,114499,"POINT (  577611.645116951,   6140464.04148418)",QUICHUAS 2786,0
2026-05-03,D_101,37,S,100,,S,,56219,Nocturno,2026-05-04 02:39:04,,114497,"POINT (  577521.475625426,   6140696.92284012)",JUAN FRANCISCO MARTINEZ 3455,0
2026-05-03,D_101,38,S,100,,S,Requiere Limpieza,56219,Nocturno,2026-05-04 02:41:27,,114496,"POINT (  577498.083251712,   6140800.47522073)",AV DAMASO ANTONIO LARRAÑAGA 3502 VEREDA,0
2026-05-03,D_101,39,S,100,,S,Requiere Limpieza,56219,Nocturno,2026-05-04 02:43:55,,179245,"POINT (  577571.966550285,   6140845.92200796)",FELIPE SANGUINETTI 2953,0
2026-05-03,D_101,40,S,100,,S,Requiere Limpieza,56219,Nocturno,2026-05-04 02:45:55,,114498,"POINT (  577624.519347150,   6140768.73611858)",FELIPE SANGUINETTI 2931 EN 2929,0
2026-05-03,D_101,41,N,,Contenedor No Está,S,,56219,Nocturno,2026-05-04 02:34:45,,114527,"POINT (  577691.419128250,   6140672.06408305)",FELIPE SANGUINETTI 2869,0
2026-05-03,D_101,42,S,100,,S,"Escombro, Poda, Requiere Limpieza",56219,Nocturno,2026-05-04 02:48:45,,117352,"POINT (  577710.407915327,   6140643.72075871)",FELIPE SANGUINETTI 2855 EN 2851. CERRAMIENTO DE CHAPA,0
2026-05-03,D_101,43,S,100,,S,Requiere Limpieza,56219,Nocturno,2026-05-04 02:52:30,,114531,"POINT (  577795.147941809,   6140520.08668192)",FELIPE SANGUINETTI 2775,0
2026-05-03,D_101,44,S,100,,S,Requiere Limpieza,56219,Nocturno,2026-05-04 02:52:38,,114500,"POINT (  577843.848506781,   6140446.75334859)",FELIPE SANGUINETTI 2737 EN 2739. MURO,0
2026-05-03,D_101,45,S,100,,S,Requiere Limpieza,56219,Nocturno,2026-05-04 02:55:19,,157712,"POINT (  577886.705180555,   6140383.50951145)",FELIPE SANGUINETTI 2697,0
2026-05-03,D_101,46,N,,Contenedor No Está,N,,56219,Nocturno,2026-05-04 02:31:41,,114532,"POINT (  578020.827206161,   6140203.07486733)",FELIPE SANGUINETTI 2589 FTE 2589,0
2026-05-03,D_101,47,S,100,,N,Requiere Limpieza,56219,Nocturno,2026-05-04 02:31:55,,180957,"POINT (  578019.137404778,   6140205.83337350)",FELIPE SANGUINETTI 2589 FTE 2589,0
2026-05-03,D_101,48,S,100,,S,Requiere Limpieza,56219,Nocturno,2026-05-04 02:34:23,,114501,"POINT (  577957.916303391,   6140298.16577797)",FELIPE SANGUINETTI 2636,0
2026-05-03,D_103,1,,,,S,,56219,Nocturno,,,114276,"POINT (  579100.472458471,   6141394.25938335)",20 DE FEBRERO 2656 VEREDA. EN 2656/2658,1
2026-05-03,D_103,2,,,,N,,56219,Nocturno,,,183130,"POINT (  579062.756352901,   6141401.66299568)",20 DE FEBRERO 2684,1
2026-05-03,D_103,3,,,,S,,56219,Nocturno,,,114250,"POINT (  578909.793651607,   6141432.75583217)",20 DE FEBRERO 2752 ANTES 2752,1
2026-05-03,D_103,4,,,,S,,56219,Nocturno,,,181117,"POINT (  579012.889783561,   6141352.58342333)",JUAN JACOBO ROUSSEAU 4273,1
2026-05-03,D_103,5,,,,S,,56219,Nocturno,,,183562,"POINT (  579012.730383357,   6141350.42631580)",JUAN JACOBO ROUSSEAU 4273 PROV OV.(O:20 DE FEBRERO ANTES DE 2720),1
2026-05-03,D_103,6,,,,S,,56219,Nocturno,,,177279,"POINT (  578926.316810169,   6141323.23480113)",21 DE ABRIL 2700 FTE 2681. MURO,1
2026-05-03,D_103,7,,,,S,,56219,Nocturno,,,114232,"POINT (  578884.406804276,   6141330.09863532)",21 DE ABRIL 2716 CERCO VEGETAL,1
2026-05-03,D_103,8,,,,S,,56219,Nocturno,,,114256,"POINT (  578811.503874015,   6141342.64317913)",21 DE ABRIL 2752 ANTES 2760. MURO LADRILLO,1
2026-05-03,D_103,9,,,,S,,56219,Nocturno,,,114255,"POINT (  578695.184619799,   6141347.85555586)",FRAY MANUEL DE UBEDA Esq. 21 DE ABRIL MURO,1
2026-05-03,D_103,10,,,,S,,56219,Nocturno,,,177476,"POINT (  578694.768441974,   6141342.44524413)",FRAY MANUEL DE UBEDA Esq. 21 DE ABRIL,1
2026-05-03,D_103,11,,,,S,,56219,Nocturno,,,177477,"POINT (  578706.698872960,   6141248.66650754)",GRAL IGNACIO ORIBE 2785 EN 2789. CASA TEPAEADA (RETIRAR VIEJO DE 2769),1
2026-05-03,D_103,12,,,,S,,56219,Nocturno,,,177478,"POINT (  578732.224446233,   6141197.19918317)",GRAL IGNACIO ORIBE 2767 MURO. (RETIRAR VIEJO DE 2769),1
2026-05-03,D_103,13,,,,S,,56219,Nocturno,,,114244,"POINT (  578974.347456477,   6141199.92746003)",GRAL JOSE VILLAGRAN 2653 EN 2655,1
2026-05-03,D_103,14,,,,S,,56219,Nocturno,,,121172,"POINT (  578977.491911155,   6141199.46504022)",GRAL JOSE VILLAGRAN 2653 EN 2655,1
2026-05-03,D_103,15,,,,S,,56219,Nocturno,,,177479,"POINT (  579063.964414814,   6141184.02021871)",GRAL JOSE VILLAGRAN 2610 VEREDA. (SOLAMENTE RETIRAR VIEJO) FTE 2610,1
2026-05-03,D_103,16,,,,S,,56219,Nocturno,,,114246,"POINT (  579065.515173451,   6141183.71662546)",GRAL JOSE VILLAGRAN 2610 VEREDA. EN 2625 FTE 2610,1
2026-05-03,D_103,17,,,,S,,56219,Nocturno,,,114245,"POINT (  579066.645116954,   6141183.49063676)",GRAL JOSE VILLAGRAN 2610 VEREDA. EN 2625 FTE 2610,1
2026-05-03,D_103,18,,,,S,,56219,Nocturno,,,176778,"POINT (  579038.300115600,   6141100.78465369)",ENRIQUE CLAY 2602 MURO ESTACION,1
2026-05-03,D_103,19,,,,S,,56219,Nocturno,,,114275,"POINT (  578896.811979924,   6141132.90752587)",ENRIQUE CLAY 2690 VEREDA,1
2026-05-03,D_103,20,,,,S,,56219,Nocturno,,,114259,"POINT (  578799.321560038,   6141154.98025491)",ENRIQUE CLAY 2738,1
2026-05-03,D_103,21,,,,S,,56219,Nocturno,,,183451,"POINT (  578821.434214161,   6141055.81552048)",PAN DE AZUCAR 2687,1
2026-05-03,D_103,22,,,,S,,56219,Nocturno,,,183164,"POINT (  578920.800162309,   6140967.72916907)",PAN DE AZUCAR 2623,1
2026-05-03,D_103,23,,,,S,,56219,Nocturno,,,114247,"POINT (  578966.306133903,   6140925.01606049)",PAN DE AZUCAR 2600 VIVIENDAS,1
2026-05-03,D_103,24,,,,S,,56219,Nocturno,,,114240,"POINT (  578906.510470988,   6140849.13579545)",DR SILVESTRE PEREZ 2595 FTE 2597. VIVIENDAS,1
2026-05-03,D_103,25,,,,S,,56219,Nocturno,,,114263,"POINT (  578904.753275726,   6140850.52305486)",DR SILVESTRE PEREZ 2595 FTE 2597. VIVIENDAS,1
2026-05-03,D_103,26,,,,S,,56219,Nocturno,,,114253,"POINT (  578837.887371828,   6140904.53368816)",DR SILVESTRE PEREZ 2646 EN 2634. SUB-ESTACION,1
2026-05-03,D_103,27,,,,S,,56219,Nocturno,,,152953,"POINT (  578891.250617401,   6141012.55495476)",JUAN JACOBO ROUSSEAU Esq. PAN DE AZUCAR,1
2026-05-03,D_103,28,,,,S,,56219,Nocturno,,,114254,"POINT (  578894.210104157,   6141016.06934529)",JUAN JACOBO ROUSSEAU 4051,1
2026-05-03,D_103,29,,,,S,,56219,Nocturno,,,114264,"POINT (  578954.208336645,   6141024.89504415)",PASCUAL PALADINO 4127 FTE 4126. MURO,1
2026-05-03,D_103,30,,,,S,,56219,Nocturno,,,114251,"POINT (  579027.387008185,   6140992.11599936)",PASCUAL PALADINO 2559 EN 2955,1
2026-05-03,D_103,31,S,100,,S,Requiere Limpieza,56219,Nocturno,2026-05-04 02:20:43,,179192,"POINT (  578797.946420904,   6140781.72243560)",JOANICO 3937 FTE 3936,1
2026-05-03,D_103,32,N,,Contenedor No Está,N,,56219,Nocturno,2026-05-04 02:21:46,,114241,"POINT (  578824.893704525,   6140838.91436557)",GRAL FELIX LABORDE 2618 EN 2614/2618,1
2026-05-03,D_103,33,N,,Sobrepeso,S,"Escombro, Requiere Limpieza",56219,Nocturno,2026-05-04 03:05:44,,114242,"POINT (  578779.808958762,   6140904.67707744)",GRAL FELIX LABORDE 2652,1
2026-05-03,D_103,34,S,100,,S,Requiere Limpieza,56219,Nocturno,2026-05-04 03:09:52,,114243,"POINT (  578728.917944011,   6140981.80258649)",GRAL FELIX LABORDE 2704,1
2026-05-03,D_103,35,S,100,,S,Requiere Limpieza,56219,Nocturno,2026-05-04 03:11:40,,114272,"POINT (  578674.485365925,   6140956.09831351)",PAMPLONA 2703 MURO FABRICA,1
2026-05-03,D_103,36,N,,Contenedor No Está,S,,56219,Nocturno,2026-05-04 03:10:07,,183366,"POINT (  578675.778725708,   6140954.43106754)",PAMPLONA 2703,1
2026-05-03,D_103,37,S,100,,S,,56219,Nocturno,2026-05-04 03:16:13,,176918,"POINT (  578604.780710174,   6140901.96521303)",LINDORO FORTEZA 2701,1
2026-05-03,D_103,38,S,100,,S,"Poda, Requiere Limpieza",56219,Nocturno,2026-05-04 03:22:33,,114265,"POINT (  578606.066639302,   6140900.53172338)",LINDORO FORTEZA 2701,1
2026-05-03,D_103,39,S,100,,S,"Poda, Requiere Limpieza",56219,Nocturno,2026-05-04 03:22:23,,114266,"POINT (  578641.599016664,   6140849.87918544)",LINDORO FORTEZA 2677 EN 2677/2675,1
2026-05-03,D_103,40,S,100,,S,Requiere Limpieza,56219,Nocturno,2026-05-04 03:30:54,,114267,"POINT (  578695.275586721,   6140771.63235444)",LINDORO FORTEZA 2641,1
2026-05-03,D_103,41,S,100,,S,Requiere Limpieza,56219,Nocturno,2026-05-04 02:20:51,,114234,"POINT (  578747.807993687,   6140693.30032094)",LINDORO FORTEZA 2583 EN 2589,1
2026-05-03,D_103,42,N,,"Contenedor Roto (choque, desfonde, etc.)",S,"Requiere Limpieza, Requiere Mantenimiento",56219,Nocturno,2026-05-04 02:22:48,,114268,"POINT (  578750.027608754,   6140690.61828607)",LINDORO FORTEZA 2583 EN 2589,1
2026-05-03,D_103,43,,,,S,,56219,Nocturno,,,180803,"POINT (  578612.719763181,   6140731.33130414)",LARRAVIDE 2648,1
2026-05-03,D_103,44,,,,S,,56219,Nocturno,,,114235,"POINT (  578610.746763291,   6140734.08574780)",LARRAVIDE 2648 VEREDA. FTE 2643.,1
2026-05-03,D_103,45,,,,S,,56219,Nocturno,,,114257,"POINT (  578565.176190400,   6140801.06125823)",LARRAVIDE 2678 VEREDA,1
2026-05-03,D_103,46,,,,S,,56219,Nocturno,,,114273,"POINT (  578516.249636728,   6140874.16860286)",LARRAVIDE 2720 VEREDA,1
2026-05-03,D_103,47,,,,S,,56219,Nocturno,,,114269,"POINT (  578427.210088705,   6140818.34939382)",CIPRIANO MIRO 2725,1
2026-05-03,D_103,48,,,,S,,56219,Nocturno,,,177482,"POINT (  578445.755376634,   6140788.00389714)",CIPRIANO MIRO 2707 EN 2705 (RETIRAR VIEJO EN 2737),1
2026-05-03,D_103,49,,,,S,,56219,Nocturno,,,114238,"POINT (  578487.928062909,   6140722.52525266)",CIPRIANO MIRO 2665,1
2026-05-03,D_103,50,S,100,,S,"Poda, Requiere Limpieza",56219,Nocturno,2026-05-04 02:26:11,,119492,"POINT (  578570.938902265,   6140601.28724693)",CIPRIANO MIRO 2592 PROV OV. ORIGEN: CIPRIANO MIRO FTE 2573,1
2026-05-03,D_103,51,S,100,,S,Requiere Limpieza,56219,Nocturno,2026-05-04 02:27:55,,177483,"POINT (  578569.036496820,   6140605.07062202)",CIPRIANO MIRO 2592,1
2026-05-03,E_101,44,S,100,,S,"Basura Afuera, Requiere Limpieza",56220,Nocturno,2026-05-04 00:11:23,,180940,"POINT (  578130.647603005,   6139388.83305125)",IGNACIO NUÑEZ 2219,0
2026-05-03,E_101,45,S,100,,S,"Basura Afuera, Escombro, Requiere Limpieza",56220,Nocturno,2026-05-04 00:15:03,,101366,"POINT (  578196.812575730,   6139263.16617515)",IGNACIO NUÑEZ 2151,0
2026-05-03,E_101,46,S,100,,S,"Basura Afuera, Requiere Limpieza",56220,Nocturno,2026-05-04 00:16:19,,101418,"POINT (  578123.909785320,   6139220.36066615)",JUAN ORTIZ 3253,0
2026-05-03,E_101,47,S,100,,S,"Basura Afuera, Requiere Limpieza",56220,Nocturno,2026-05-04 00:20:13,,101367,"POINT (  578058.778237680,   6139212.04640359)",DR FRANCISCO SIMON 2168 EN 2162,0
2026-05-03,E_101,48,S,100,,S,"Basura Afuera, Escombro, Poda, Requiere Limpieza",56220,Nocturno,2026-05-04 00:26:30,,101358,"POINT (  577965.912159340,   6139390.46527780)",CARDAL 3190 FTE 3348. MURO,0
2026-05-03,E_101,49,S,100,,S,"Basura Afuera, Escombro, Requiere Limpieza",56220,Nocturno,2026-05-04 00:29:04,,101359,"POINT (  578145.465853250,   6139485.79013215)",CARDAL 3280 EN 3280,0
2026-05-03,E_101,50,S,100,,S,"Basura Afuera, Requiere Limpieza",56220,Nocturno,2026-05-04 00:32:33,,179945,"POINT (  578226.001345752,   6139507.03425229)",CARDAL 3310 en 3314,0
2026-05-03,E_101,51,S,100,,N,"Basura Afuera, Requiere Limpieza",56220,Nocturno,2026-05-04 00:34:53,,101341,"POINT (  578252.732960600,   6139514.37156505)",CARDAL 3328,0
2026-05-03,E_101,52,S,100,,S,"Basura Afuera, Requiere Limpieza",56220,Nocturno,2026-05-04 00:35:07,,101416,"POINT (  578285.471007500,   6139524.36751890)",CARDAL 3342,0
2026-05-03,E_101,53,S,100,,S,"Basura Afuera, Requiere Limpieza",56220,Nocturno,2026-05-04 00:39:27,,101355,"POINT (  578412.778936880,   6139483.52049276)",DIONISIO ORIBE 3441,0
2026-05-03,E_101,54,S,100,,S,"Basura Afuera, Requiere Limpieza",56220,Nocturno,2026-05-04 00:42:32,,101356,"POINT (  578338.511292420,   6139443.67571237)",DIONISIO ORIBE 3405 PPO 3405,0
2026-05-03,E_101,55,S,100,,S,"Basura Afuera, Escombro, Requiere Limpieza",56220,Nocturno,2026-05-04 00:45:46,,101434,"POINT (  578241.547254060,   6139390.59136888)",DIONISIO ORIBE 3337,0
2026-05-03,E_101,56,S,100,,S,"Basura Afuera, Escombro, Poda, Requiere Limpieza",56220,Nocturno,2026-05-04 00:48:47,,101431,"POINT (  578077.470817647,   6139303.03276471)",DIONISIO ORIBE 3253,0
2026-05-03,E_101,57,S,100,,S,"Basura Afuera, Requiere Limpieza",56220,Nocturno,2026-05-04 00:23:50,,150032,"POINT (  577909.470817647,   6139327.97394118)",DR FRANCISCO SIMON 2240,0
2026-05-03,E_101,58,S,100,,S,,56220,Nocturno,2026-05-04 00:51:46,,156533,"POINT (  578273.292742748,   6139281.56314100)",JUAN ORTIZ 3332 FTE 3321,0
2026-05-03,E_101,59,S,100,,S,"Basura Afuera, Poda, Requiere Limpieza",56220,Nocturno,2026-05-04 00:54:16,,101423,"POINT (  578348.559052941,   6139322.97394118)",JUAN ORTIZ 3346,0
2026-05-03,E_101,60,S,100,,S,Basura Afuera,56220,Nocturno,2026-05-04 00:57:23,,101428,"POINT (  578456.658631740,   6139381.07149256)",JUAN ORTIZ 3384 pdo 3388,0
2026-05-03,E_101,61,S,100,,S,,56220,Nocturno,2026-05-04 01:01:36,,101427,"POINT (  578538.794347059,   6139389.35629412)",BV JOSE BATLLE Y ORDOÑEZ 2437,0
2026-05-03,E_101,62,S,100,,S,Requiere Limpieza,56220,Nocturno,2026-05-04 01:01:43,,101339,"POINT (  578603.588464706,   6139331.03276471)",BV JOSE BATLLE Y ORDOÑEZ 2397,0
2026-05-03,E_101,63,S,100,,S,"Basura Afuera, Requiere Limpieza",56220,Nocturno,2026-05-04 01:06:19,,176080,"POINT (  578668.409308932,   6139271.16470087)",BV JOSE BATLLE Y ORDOÑEZ 2337,0
2026-05-03,E_101,64,S,100,,S,"Basura Afuera, Escombro, Poda, Requiere Limpieza",56220,Nocturno,2026-05-04 01:09:41,,181914,"POINT (  578546.880987145,   6139258.05829329)",FRANCISCO ANZANI 2134,0
2026-05-03,E_101,65,S,100,,S,"Basura Afuera, Requiere Limpieza",56220,Nocturno,2026-05-04 01:14:18,,101424,"POINT (  578502.559052941,   6139303.26805883)",AYUI 3445,0
2026-05-03,E_101,66,S,100,,S,"Basura Afuera, Escombro, Requiere Limpieza",56220,Nocturno,2026-05-04 01:14:26,,179336,"POINT (  578499.853170588,   6139301.38570589)",AYUI 3445,0
2026-05-03,E_101,67,S,100,,S,"Basura Afuera, Requiere Limpieza",56220,Nocturno,2026-05-04 01:18:21,,181665,"POINT (  578388.530925054,   6139205.22904292)",MAGARIÑOS CERVANTES 2109,0
2026-05-03,E_101,68,S,100,,S,"Basura Afuera, Requiere Limpieza",56220,Nocturno,2026-05-04 01:17:27,,101425,"POINT (  578389.199905450,   6139203.28307373)",MAGARIÑOS CERVANTES 2109 VEREDA,0
2026-05-03,E_101,69,S,100,,S,"Basura Afuera, Requiere Limpieza",56220,Nocturno,2026-05-04 00:05:20,,101420,"POINT (  578266.323758824,   6139160.44452942)",IGNACIO NUÑEZ 2102,0
2026-05-03,E_101,70,S,100,,S,"Basura Afuera, Requiere Limpieza",56220,Nocturno,2026-05-04 00:03:10,,101421,"POINT (  578264.323758824,   6139164.20923530)",IGNACIO NUÑEZ 2102,0
2026-05-03,E_101,71,S,50,,S,,56220,Nocturno,2026-05-04 01:27:58,,101410,"POINT (  578694.996314719,   6139300.02411898)",MATEO CABRAL 3402,0
2026-05-03,E_101,72,S,50,,S,,56220,Nocturno,2026-05-04 01:28:07,,104852,"POINT (  578743.098574835,   6139347.11882244)",MATEO CABRAL 3452,0
2026-05-03,E_101,73,S,100,,S,"Basura Afuera, Poda, Requiere Limpieza",56220,Nocturno,2026-05-04 01:29:30,,179188,"POINT (  578759.559186274,   6139424.20016972)",ESCOCIA 2160,0
2026-05-03,E_101,74,S,100,,S,Requiere Limpieza,56220,Nocturno,2026-05-04 01:31:49,,101334,"POINT (  578694.794347059,   6139482.38570588)",ESCOCIA 2186,0
2026-05-03,E_101,75,S,100,,S,Requiere Limpieza,56220,Nocturno,2026-05-04 01:33:14,,101409,"POINT (  578558.147288235,   6139641.09158824)",JUSTO MAESO 3518,0
2026-05-03,E_101,76,S,100,,S,"Basura Afuera, Requiere Limpieza",56220,Nocturno,2026-05-04 01:37:48,,150072,"POINT (  578696.845804277,   6139558.95779520)",IRLANDA 2191  2191/2187 MEDIANERA,0
2026-05-03,E_101,77,S,100,,S,,56220,Nocturno,2026-05-04 01:40:21,,101406,"POINT (  578768.669144635,   6139493.04555425)",IRLANDA 2067,0
2026-05-03,E_101,78,S,100,,S,"Basura Afuera, Escombro, Poda, Requiere Limpieza",56220,Nocturno,2026-05-04 01:42:17,,183798,"POINT (  578861.920968525,   6139380.20683903)",IRLANDA 2043,0
2026-05-03,E_101,79,S,50,,S,,56220,Nocturno,2026-05-04 02:06:59,,101383,"POINT (  578980.374706530,   6139241.25122441)",IRLANDA 2007,0
2026-05-03,E_101,80,S,50,,S,,56220,Nocturno,2026-05-04 01:51:19,,183268,"POINT (  578978.482974894,   6139217.82546883)",IRLANDA 2001,0
2026-05-03,E_101,81,S,100,,S,"Basura Afuera, Requiere Limpieza",56220,Nocturno,2026-05-04 02:46:01,,101336,"POINT (  578604.941738510,   6139367.45365622)",BV JOSE BATLLE Y ORDOÑEZ 2394 EN 2406,0
2026-05-03,E_101,82,S,100,,S,"Basura Afuera, Requiere Limpieza",56220,Nocturno,2026-05-04 02:46:09,,101337,"POINT (  578602.167734810,   6139369.72329561)",BV JOSE BATLLE Y ORDOÑEZ 2406 EN 2406,0
2026-05-03,E_101,83,,,,S,,56220,Nocturno,,,180845,"POINT (  578498.037648354,   6139465.09097458)",BV JOSE BATLLE Y ORDOÑEZ 2462,0
2026-05-03,E_101,84,,,,S,,56220,Nocturno,,,175417,"POINT (  578502.391553024,   6139556.91892059)",FELIPE SANGUINETTI 2246,0
2026-05-03,E_101,85,,,,S,,56220,Nocturno,,,163732,"POINT (  578504.330049677,   6139555.94651659)",FELIPE SANGUINETTI 2241,0
2026-05-03,E_101,86,,,,S,,56220,Nocturno,,,101402,"POINT (  578579.408295380,   6139483.96181154)",FELIPE SANGUINETTI 2185 EN 2189,0
2026-05-03,E_101,87,,,,S,,56220,Nocturno,,,176073,"POINT (  578616.269710675,   6139448.03405839)",FELIPE SANGUINETTI 2181 Felipe Sanguinetti 2181,0
2026-05-03,E_101,88,,,,S,,56220,Nocturno,,,101404,"POINT (  578650.964981680,   6139421.79891049)",FELIPE SANGUINETTI 2153,0
2026-05-03,E_101,89,,,,S,,56220,Nocturno,,,101333,"POINT (  578386.403193440,   6139564.21627161)",BV JOSE BATLLE Y ORDOÑEZ 2550,0
2026-05-03,E_101,90,,,,S,,56220,Nocturno,,,183177,"POINT (  578317.688126446,   6139637.87572645)",AGUAPEY 3408,0
2026-05-03,E_101,91,,,,S,,56220,Nocturno,,,101435,"POINT (  578404.393880250,   6139717.10421325)",AGUSTIN SOSA 3492,0
2026-05-03,E_101,92,,,,S,,56220,Nocturno,,,101400,"POINT (  578519.010669410,   6139791.56099433)",AGUSTIN SOSA Esq. PERNAS,0
2026-05-03,E_101,93,,,,S,,56220,Nocturno,,,101401,"POINT (  578427.235899659,   6139902.28501271)",DR JUAN B MORELLI 3543,0
2026-05-03,E_101,94,,,,S,,56220,Nocturno,,,147575,"POINT (  578377.973697616,   6139865.73563700)",DR JUAN B MORELLI 3511 ESQ. MA. STANGERO DE MUNAR_ OS:3410005,0
2026-05-03,E_101,95,,,,S,,56220,Nocturno,,,101398,"POINT (  578269.476427660,   6139785.88689586)",DR JUAN B MORELLI 3441,0
2026-05-03,E_101,96,,,,S,,56220,Nocturno,,,101393,"POINT (  578148.428313800,   6139778.36195145)",BV JOSE BATLLE Y ORDOÑEZ 2686,0
2026-05-03,E_101,97,,,,S,,56220,Nocturno,,,101394,"POINT (  578209.204892760,   6139879.19429298)",ANGEL MARIA CUSANO 3496,0
2026-05-03,E_101,98,,,,S,,56220,Nocturno,,,101395,"POINT (  578055.121596400,   6139862.29808863)",BV JOSE BATLLE Y ORDOÑEZ Esq. JOSE ANTONIO CABRERA,0
2026-05-03,E_101,99,,,,S,,56220,Nocturno,,,101396,"POINT (  577925.240475713,   6139979.74417022)",BV JOSE BATLLE Y ORDOÑEZ 2818 VEREDA,0
2026-05-03,E_101,100,,,,S,,56220,Nocturno,,,101391,"POINT (  577923.867719641,   6139981.01132967)",BV JOSE BATLLE Y ORDOÑEZ 2818 VEREDA,0
2026-05-03,E_101,101,,,,S,,56220,Nocturno,,,101332,"POINT (  577979.094752376,   6140022.29960845)",AGUSTINA CONTUCCI DE ORIBE 2531,0
2026-05-03,E_101,102,,,,S,,56220,Nocturno,,,179007,"POINT (  578057.975428194,   6139905.98493052)",AGUSTINA CONTUCCI DE ORIBE 2459,0
2026-05-03,E_101,103,,,,S,,56220,Nocturno,,,101384,"POINT (  578058.925797782,   6139904.66497276)",AGUSTINA CONTUCCI DE ORIBE 2459,0
2026-05-03,E_101,104,,,,S,,56220,Nocturno,,,175099,"POINT (  578163.750975160,   6139988.61886624)",FELIPE SANGUINETTI 2458 Lindero con 2464,0
2026-05-03,E_101,105,,,,S,,56220,Nocturno,,,101386,"POINT (  578132.350719048,   6140036.28983809)",FELIPE SANGUINETTI 2486 EN 2486,0
2026-05-03,E_101,106,,,,S,,56220,Nocturno,,,101387,"POINT (  578078.637582340,   6140112.52583131)",FELIPE SANGUINETTI 2520,0
2026-05-03,E_101,107,,,,S,,56220,Nocturno,,,176673,"POINT (  578076.350319209,   6140115.06787232)",FELIPE SANGUINETTI 2520,0
2026-05-03,E_101,108,,,,S,,56220,Nocturno,,,101388,"POINT (  578166.972278775,   6140144.56679478)",MARIA STAGNERO DE MUNAR 2517 2517/2511,0
2026-05-03,E_101,109,,,,S,,56220,Nocturno,,,175295,"POINT (  578233.798044949,   6140045.39185153)",MARIA STAGNERO DE MUNAR 2451 2463/2465,0
2026-05-03,E_101,110,,,,S,,56220,Nocturno,,,101390,"POINT (  578239.804855392,   6140036.94477434)",MARIA STAGNERO DE MUNAR Esq. JOSE ANTONIO CABRERA 2463/2465,0
2026-05-03,E_101,1,,,,S,,56220,Nocturno,,,180407,"POINT (  577877.817641317,   6139072.37170749)",JUAN ORTIZ 3156,1
2026-05-03,E_101,2,,,,S,,56220,Nocturno,,,180408,"POINT (  577882.357936436,   6139073.96081078)",JUAN ORTIZ 3156,1
2026-05-03,E_101,3,,,,S,,56220,Nocturno,,,180409,"POINT (  577887.579275823,   6139076.00394359)",JUAN ORTIZ 3160,1
2026-05-03,E_101,4,,,,S,,56220,Nocturno,,,101419,"POINT (  578018.330161584,   6139172.70657120)",MATIAS ABACU 2158 ESQ MURO DE CHAPA,1
2026-05-03,E_101,5,,,,S,,56220,Nocturno,,,175906,"POINT (  578016.239766104,   6139176.54837911)",MATIAS ABACU 2158 ESQ MURO DE CHAPA,1
2026-05-03,E_101,6,,,,S,,56220,Nocturno,,,179252,"POINT (  577986.353170588,   6139230.91511765)",MATIAS ABACU Esq. DIONISIO ORIBE ESQ,1
2026-05-03,E_101,7,,,,S,,56220,Nocturno,,,101432,"POINT (  577946.126559887,   6139232.18415198)",DIONISIO ORIBE 3169,1
2026-05-03,E_101,8,,,,S,,56220,Nocturno,,,177387,"POINT (  577812.115260452,   6139157.60788079)",DIONISIO ORIBE 3057 VEREDA,1
2026-05-03,E_101,9,,,,S,,56220,Nocturno,,,156913,"POINT (  577725.787788703,   6139300.44668419)",CARDAL 3058,1
2026-05-03,E_101,10,,,,S,,56220,Nocturno,,,178352,"POINT (  577759.937171025,   6139310.84193726)",CARDAL 3064,1
2026-05-03,E_101,11,,,,S,,56220,Nocturno,,,156895,"POINT (  577835.279314126,   6139337.39583673)",CARDAL Esq. DR FRANCISCO SIMON,1
2026-05-03,E_101,12,,,,S,,56220,Nocturno,,,181425,"POINT (  577826.409945534,   6139551.73009564)",JUAN A GUZMAN 3222,1
2026-05-03,E_101,13,,,,S,,56220,Nocturno,,,181424,"POINT (  577892.640882353,   6139534.51876667)",AGUSTIN ABREU 2323 antes 2323,1
2026-05-03,E_101,14,,,,S,,56220,Nocturno,,,175489,"POINT (  577865.117876470,   6139435.50335294)",JOAQUIN VELAZCO 3197,1
2026-05-03,E_101,15,,,,S,,56220,Nocturno,,,101364,"POINT (  577864.176699999,   6139434.20923530)",JOAQUIN VELAZCO 3197,1
2026-05-03,E_101,16,,,,S,,56220,Nocturno,,,180985,"POINT (  577721.636175313,   6139426.07905871)",DR FRANCISCO SIMON 2364,1
2026-05-03,E_101,17,,,,S,,56220,Nocturno,,,174313,"POINT (  577707.823758823,   6139432.91511765)",DR FRANCISCO SIMON 2374,1
2026-05-03,E_101,18,,,,S,,56220,Nocturno,,,105114,"POINT (  577705.470817647,   6139434.20923530)",DR FRANCISCO SIMON 2374,1
2026-05-03,E_101,19,,,,S,,56220,Nocturno,,,181055,"POINT (  577537.865268244,   6139637.21960809)",ASILO 3110,1
2026-05-03,E_101,20,,,,S,,56220,Nocturno,,,181056,"POINT (  577542.099390287,   6139639.46120212)",ASILO 3110,1
2026-05-03,E_101,21,,,,S,,56220,Nocturno,,,181057,"POINT (  577546.333512329,   6139641.70279614)",ASILO 3110,1
2026-05-03,E_101,22,,,,S,,56220,Nocturno,,,181058,"POINT (  577586.184072727,   6139661.87714234)",ASILO 3132,1
2026-05-03,E_101,23,,,,S,,56220,Nocturno,,,183097,"POINT (  577611.751068990,   6139667.41803464)",ASILO 3254,1
2026-05-03,E_101,24,,,,S,,56220,Nocturno,,,183098,"POINT (  577615.825143064,   6139670.13408402)",ASILO 3254,1
2026-05-03,E_101,25,,,,S,,56220,Nocturno,,,183096,"POINT (  577624.960945534,   6139675.68963958)",ASILO 3254,1
2026-05-03,E_101,26,,,,S,,56220,Nocturno,,,181059,"POINT (  577627.030897136,   6139677.07016849)",ASILO 3254,1
2026-05-03,E_101,27,,,,S,,56220,Nocturno,,,181054,"POINT (  577633.257547198,   6139678.81363051)",ASILO 3254,1
2026-05-03,E_101,28,,,,S,,56220,Nocturno,,,181348,"POINT (  577684.262900218,   6139706.62220240)",ASILO 3257 EN 2439,1
2026-05-03,E_101,29,,,,S,,56220,Nocturno,,,182143,"POINT (  577706.390207167,   6139721.57128373)",ASILO 3257 2444 viviendas,1
2026-05-03,E_101,30,,,,S,,56220,Nocturno,,,101377,"POINT (  577947.897033998,   6139885.77340772)",ASILO 3392,1
2026-05-03,E_101,31,,,,S,,56220,Nocturno,,,101378,"POINT (  578086.171524190,   6139784.59446230)",DR AUGUSTO TURENNE 3347,1
2026-05-03,E_101,32,,,,S,,56220,Nocturno,,,101350,"POINT (  577981.137656900,   6139755.46742347)",DR AUGUSTO TURENNE 3314 ANTES DE 3352,1
2026-05-03,E_101,33,,,,S,,56220,Nocturno,,,182261,"POINT (  577795.925910893,   6139736.49292680)",AGUSTIN ABREU 2428,1
2026-05-03,E_101,34,,,,S,,56220,Nocturno,,,115332,"POINT (  577763.329156863,   6139670.72232353)",MATEO VIDAL 3268 Fte,1
2026-05-03,E_101,35,,,,S,,56220,Nocturno,,,183099,"POINT (  577754.714031954,   6139654.57852847)",MATEO VIDAL 3249,1
2026-05-03,E_101,36,,,,S,,56220,Nocturno,,,183100,"POINT (  577717.800451707,   6139581.86247909)",MATEO VIDAL 3211,1
2026-05-03,E_101,37,,,,S,,56220,Nocturno,,,181761,"POINT (  577715.812323208,   6139576.28195757)",MATEO VIDAL 3211 calle,1
2026-05-03,E_101,38,,,,S,,56220,Nocturno,,,181760,"POINT (  577660.067158248,   6139466.38434665)",MATEO VIDAL 3152,1
2026-05-03,E_101,39,,,,S,,56220,Nocturno,,,173792,"POINT (  578164.647288236,   6139727.73864706)",BV JOSE BATLLE Y ORDOÑEZ 2645,1
2026-05-03,E_101,40,,,,S,,56220,Nocturno,,,101372,"POINT (  578211.600623230,   6139644.72793494)",LUCIANO ROMERO 3335 ESQ,1
2026-05-03,E_101,41,,,,S,,56220,Nocturno,,,181108,"POINT (  578118.376974945,   6139674.83525730)",SANTIAGO NIEVAS 2332 PDO 2332 MURO,1
2026-05-03,E_101,42,,,,S,,56220,Nocturno,,,181110,"POINT (  578006.394404139,   6139629.95508301)",IGNACIO NUÑEZ 2345,1
2026-05-03,E_101,43,,,,S,,56220,Nocturno,,,181109,"POINT (  578035.370438998,   6139567.42784990)",IGNACIO NUÑEZ 2306 FTE. 2306,1
2026-05-03,E_108,1,S,100,,S,,56221,Nocturno,2026-05-03 23:40:22,,147653,"POINT (  582485.391745186,   6138113.81743620)",ENRIQUE ESTRAZULAS 1393 FTE 1395,0
2026-05-03,E_108,2,S,100,,S,,56221,Nocturno,2026-05-03 23:40:28,,107611,"POINT (  582484.697223050,   6138115.72443850)",ENRIQUE ESTRAZULAS Esq. ORINOCO FTE 1395,0
2026-05-03,E_108,3,S,100,,S,,56221,Nocturno,2026-05-03 23:45:03,,181104,"POINT (  582342.308212250,   6138141.00612957)",ORINOCO 5087,0
2026-05-03,E_108,4,S,100,,S,,56221,Nocturno,2026-05-03 23:45:17,,181103,"POINT (  582339.112473236,   6138141.27244115)",ORINOCO 5087,0
2026-05-03,E_108,5,S,100,,S,,56221,Nocturno,2026-05-03 23:50:18,,180092,"POINT (  582246.916868846,   6138001.36466514)",MICHIGAN 1355 EN 1355,0
2026-05-03,E_108,6,S,100,,S,,56221,Nocturno,2026-05-03 23:50:25,,175098,"POINT (  582246.725486812,   6137998.77428941)",MICHIGAN 1355,0
2026-05-03,E_108,7,S,100,,S,,56221,Nocturno,2026-05-03 23:53:51,,180093,"POINT (  582141.905975599,   6137990.41695272)",AMAZONAS 1360 EN 1360,0
2026-05-03,E_108,8,S,100,,S,,56221,Nocturno,2026-05-03 23:58:10,,107657,"POINT (  582036.071698240,   6138039.39873485)",RIO DE LA PLATA Esq. MAL ABRIGO,0
2026-05-03,E_108,9,S,100,,S,,56221,Nocturno,2026-05-03 23:58:16,,179167,"POINT (  582035.965179879,   6138036.72471106)",RIO DE LA PLATA Esq. MAL ABRIGO,0
2026-05-03,E_108,10,S,100,,S,,56221,Nocturno,2026-05-03 23:59:46,,107623,"POINT (  581959.321962900,   6138089.29313001)",RIMAC 1368,0
2026-05-03,E_108,11,S,100,,S,,56221,Nocturno,2026-05-04 00:02:20,,181070,"POINT (  581906.067117514,   6138156.53931695)",ORINOCO 4883,0
2026-05-03,E_108,12,S,100,,S,,56221,Nocturno,2026-05-04 00:05:27,,107653,"POINT (  581805.525490770,   6138132.66836882)",RBLA O´HIGGINS 4741 EN 4741,0
2026-05-03,E_108,13,S,100,,S,,56221,Nocturno,2026-05-04 00:05:33,,107654,"POINT (  581701.420568641,   6138171.53641113)",RBLA CONCEPCION DEL URUGUAY 1406,0
2026-05-03,E_108,14,S,100,,S,,56221,Nocturno,2026-05-04 00:07:54,,180094,"POINT (  581701.274167321,   6138173.31455621)",RBLA CONCEPCION DEL URUGUAY 1406 EN 4705,0
2026-05-03,E_108,15,S,100,,S,,56221,Nocturno,2026-05-04 00:12:02,,107650,"POINT (  581620.629728170,   6138171.61656078)",RBLA REPUBLICA DE CHILE 4673 EN 4697,0
2026-05-03,E_108,16,S,100,,S,,56221,Nocturno,2026-05-04 00:12:08,,179731,"POINT (  581617.072218083,   6138171.45888845)",RBLA REPUBLICA DE CHILE 4673 EN 4697,0
2026-05-03,E_108,17,S,100,,S,,56221,Nocturno,2026-05-04 00:15:02,,111832,"POINT (  581619.026735304,   6138270.84181921)",ALMERIA 4746 VEREDA,0
2026-05-03,E_108,18,S,100,,S,,56221,Nocturno,2026-05-04 00:17:14,,107642,"POINT (  581820.963761660,   6138229.04378022)",AV 18 DE DICIEMBRE 1433 FTE 1446,0
2026-05-03,E_108,19,S,100,,S,,56221,Nocturno,2026-05-04 00:21:13,,181068,"POINT (  582094.541693785,   6138135.74835650)",ORINOCO 4978,0
2026-05-03,E_108,20,S,100,,S,,56221,Nocturno,2026-05-04 00:23:53,,181072,"POINT (  582218.157512995,   6138132.58451469)",ORINOCO 5034,0
2026-05-03,E_108,21,S,100,,S,,56221,Nocturno,2026-05-04 00:30:39,,183797,"POINT (  582629.785231475,   6138142.10442032)",ORINOCO 5198,0
2026-05-03,E_108,22,S,100,,S,,56221,Nocturno,2026-05-04 00:41:49,,107660,"POINT (  582585.350910048,   6138128.37582820)",ORINOCO 5170 EN 5174,0
2026-05-03,E_108,23,S,100,,S,,56221,Nocturno,2026-05-04 00:42:00,,181027,"POINT (  582577.658752505,   6138267.93464488)",ACONCAGUA 5189,0
2026-05-03,E_108,24,S,50,,S,,56221,Nocturno,2026-05-04 00:42:06,,107662,"POINT (  582517.985134833,   6138249.32163998)",ACONCAGUA 5153 VEREDA,0
2026-05-03,E_108,25,S,100,,S,,56221,Nocturno,2026-05-04 00:42:11,,180097,"POINT (  582448.002419608,   6138247.64928301)",ACONCAGUA 5101 EN 5111,0
2026-05-03,E_108,26,S,100,,S,,56221,Nocturno,2026-05-04 00:42:18,,113872,"POINT (  582409.702966701,   6138247.51827301)",ACONCAGUA 5095 COLUMNA/REBAJE,0
2026-05-03,E_108,27,S,100,,S,,56221,Nocturno,2026-05-04 00:46:21,,107649,"POINT (  582228.016708540,   6138249.22374795)",ACONCAGUA 5039 VEREDA,0
2026-05-03,E_108,28,S,75,,S,,56221,Nocturno,2026-05-04 00:51:23,,181949,"POINT (  582123.581546075,   6138253.95749613)",ACONCAGUA 4996,0
2026-05-03,E_108,29,S,75,,S,,56221,Nocturno,2026-05-04 00:51:31,,107640,"POINT (  582114.941592020,   6138254.31212819)",ACONCAGUA 4992 VEREDA. MURO. FTE 4992,0
2026-05-03,E_108,30,S,100,,S,,56221,Nocturno,2026-05-04 00:54:45,,107641,"POINT (  581971.685165932,   6138256.97593091)",ACONCAGUA 4905 VEREDA. FTE 4906,0
2026-05-03,E_108,31,S,100,,S,,56221,Nocturno,2026-05-04 01:00:54,,107643,"POINT (  581765.483573370,   6138268.36896643)",ALMERIA 4803 EN 4803,0
2026-05-03,E_108,32,S,100,,S,,56221,Nocturno,2026-05-04 01:01:01,,179170,"POINT (  581688.997373925,   6138277.49423961)",ALMERIA 4757 VEREDA. EN 4757,0
2026-05-03,E_108,33,S,100,,S,,56221,Nocturno,2026-05-04 01:07:14,,107718,"POINT (  581569.766089362,   6138402.96325393)",ACEGUA 4732,0
2026-05-03,E_108,34,S,100,,S,,56221,Nocturno,2026-05-04 01:14:53,,179171,"POINT (  581683.867796752,   6138376.87979733)",PILCOMAYO 4754 EN 4758 BIS,0
2026-05-03,E_108,35,S,100,,S,,56221,Nocturno,2026-05-04 01:15:00,,180099,"POINT (  581688.361896732,   6138376.46191918)",PILCOMAYO 4754 EN 4758 BIS,0
2026-05-03,E_108,36,S,100,,S,,56221,Nocturno,2026-05-04 01:21:44,,180100,"POINT (  581804.810698475,   6138353.58610219)",PILCOMAYO 4838 ESQ.,0
2026-05-03,E_108,37,S,100,,S,,56221,Nocturno,2026-05-04 02:16:47,,173992,"POINT (  581861.151836645,   6138350.37332059)",PILCOMAYO 4858 EN 4858,0
2026-05-03,E_108,38,S,100,,S,,56221,Nocturno,2026-05-04 02:19:08,,107715,"POINT (  582041.619183400,   6138344.82692951)",PILCOMAYO 4948,0
2026-05-03,E_108,39,S,100,,S,,56221,Nocturno,2026-05-04 02:21:16,,107716,"POINT (  582170.897629060,   6138339.45051022)",PILCOMAYO 5094 MURO,0
2026-05-03,E_108,40,S,100,,S,,56221,Nocturno,2026-05-04 02:23:31,,107717,"POINT (  582283.802434150,   6138337.25106597)",PILCOMAYO 5058,0
2026-05-03,E_108,41,S,100,,S,,56221,Nocturno,2026-05-04 02:31:44,,163852,"POINT (  582504.582286391,   6138479.65024690)",DR DECROLY 5194 FTE 5195,0
2026-05-03,E_108,42,S,100,,S,,56221,Nocturno,2026-05-04 02:31:50,,107665,"POINT (  582508.634513560,   6138481.07028196)",DR DECROLY 5194 FTE 5195,0
2026-05-03,E_108,43,S,100,,S,,56221,Nocturno,2026-05-04 02:34:17,,107663,"POINT (  582551.645867880,   6138367.43232878)",PILCOMAYO 5193 EN 5193,0
2026-05-03,E_108,44,S,75,,S,,56221,Nocturno,2026-05-04 02:35:51,,107664,"POINT (  582470.266430400,   6138342.99405928)",PILCOMAYO 5149,0
2026-05-03,E_108,45,S,75,,S,,56221,Nocturno,2026-05-04 02:26:09,,107621,"POINT (  582380.244566780,   6138408.43113346)",ENRIQUE ESTRAZULAS 1538,0
2026-05-03,E_108,46,S,100,,S,,56221,Nocturno,2026-05-04 02:41:29,,180101,"POINT (  582362.272572114,   6138457.45320458)",ENRIQUE ESTRAZULAS 1552,0
2026-05-03,E_108,47,S,100,,S,,56221,Nocturno,2026-05-04 02:45:10,,181467,"POINT (  582311.483876906,   6138607.43893878)",ENRIQUE ESTRAZULAS 1632 1632,0
2026-05-03,E_108,48,S,100,,S,,56221,Nocturno,2026-05-04 02:45:16,,107711,"POINT (  582309.951382520,   6138613.40351132)",ENRIQUE ESTRAZULAS 1632,0
2026-05-03,E_108,49,S,100,,S,,56221,Nocturno,2026-05-04 03:05:29,,107712,"POINT (  582260.097312700,   6138452.84408070)",DR DECROLY 5043 EN 5047,0
2026-05-03,E_108,50,S,100,,S,,56221,Nocturno,2026-05-04 03:08:01,,107713,"POINT (  582133.018311330,   6138457.97611730)",DR DECROLY 4989 EN 4991,0
2026-05-03,E_108,51,S,100,,S,,56221,Nocturno,2026-05-04 03:11:15,,107719,"POINT (  582024.503780883,   6138460.55602496)",DR DECROLY 4935,0
2026-05-03,E_108,52,S,100,,S,,56221,Nocturno,2026-05-04 03:15:39,,179174,"POINT (  581974.330104162,   6138547.67868725)",RIMAC 1592,0
2026-05-03,E_108,53,S,75,,S,,56221,Nocturno,2026-05-04 03:18:19,,158572,"POINT (  581979.463259012,   6138695.26742005)",RIMAC 1652,0
2026-05-03,E_108,54,S,100,,S,,56221,Nocturno,2026-05-04 02:10:06,,180939,"POINT (  581838.735786348,   6138757.11083902)",AV 18 DE DICIEMBRE 1693,0
2026-05-03,E_108,55,S,100,,S,,56221,Nocturno,2026-05-04 02:12:05,,180124,"POINT (  581837.834152941,   6138614.41035011)",AV 18 DE DICIEMBRE 1627,0
2026-05-03,E_108,56,S,75,,S,,56221,Nocturno,2026-05-04 03:22:13,,179173,"POINT (  581818.358898252,   6138524.75588925)",VERDI 4837,0
2026-05-03,E_108,57,S,50,,S,,56221,Nocturno,2026-05-04 03:22:35,,107708,"POINT (  581814.766518028,   6138524.84918170)",VERDI 4837,0
2026-05-03,E_108,58,S,100,,S,,56221,Nocturno,2026-05-04 03:24:43,,107709,"POINT (  581713.168841320,   6138529.58024693)",VERDI 4791,0
2026-05-03,E_108,59,S,100,,S,,56221,Nocturno,2026-05-04 03:33:48,,165734,"POINT (  581554.265823497,   6138535.17534289)",VERDI 4727,0
2026-05-03,E_108,60,S,100,,S,,56221,Nocturno,2026-05-04 03:31:20,,180679,"POINT (  581620.553185876,   6138619.44752769)",RBLA CONCEPCION DEL URUGUAY 1583 EN 1585,0
2026-05-03,E_108,61,S,100,,S,,56221,Nocturno,2026-05-04 03:28:42,,179190,"POINT (  581670.387611571,   6138660.47276665)",RBLA CONCEPCION DEL URUGUAY 1580 EN 1584,0
2026-05-03,E_108,62,S,100,,S,,56221,Nocturno,2026-05-04 03:38:42,,182851,"POINT (  582057.337399346,   6138637.50792157)",RIO DE LA PLATA 1637 EN 1939,0
2026-05-03,E_108,63,,,,S,,56221,Nocturno,,,107691,"POINT (  582274.271509050,   6138714.45575570)",MICHIGAN 1665,0
2026-05-03,E_108,64,S,100,,S,,56221,Nocturno,2026-05-04 03:42:11,,179178,"POINT (  582166.889605204,   6138755.37495368)",AMAZONAS 1676 EN 1678,0
2026-05-03,E_108,65,,,,S,,56221,Nocturno,,,107699,"POINT (  582085.738091338,   6138792.24378961)",DR JOSE DE AGUIRRE Y LECUBE 4962,0
2026-05-03,E_108,66,,,,S,,56221,Nocturno,,,107700,"POINT (  581999.585359860,   6138795.71300179)",DR JOSE DE AGUIRRE Y LECUBE 4909,0
2026-05-03,E_108,67,,,,S,,56221,Nocturno,,,180103,"POINT (  581756.604873332,   6138805.53264238)",DR JOSE DE AGUIRRE Y LECUBE 4811 ESQ,0
2026-05-03,E_108,68,,,,S,,56221,Nocturno,,,107703,"POINT (  581682.621004440,   6138808.29871058)",DR JOSE DE AGUIRRE Y LECUBE 4785,0
2026-05-03,E_108,69,,,,S,,56221,Nocturno,,,166992,"POINT (  581513.670012108,   6138807.57240890)",ASAMBLEA 4741 VEREDA. FTE 4740,0
2026-05-03,E_108,70,,,,S,,56221,Nocturno,,,107632,"POINT (  581450.358553400,   6138866.42539530)",QUIEBRAYUGOS 4644,0
2026-05-03,E_108,71,,,,S,,56221,Nocturno,,,107693,"POINT (  581613.949467140,   6138867.19494008)",QUIEBRAYUGOS 4736,0
2026-05-03,E_108,72,,,,S,,56221,Nocturno,,,120174,"POINT (  581691.401846181,   6138867.98520256)",QUIEBRAYUGOS 4756 EN 4764,0
2026-05-03,E_108,73,,,,S,,56221,Nocturno,,,165812,"POINT (  581758.326798357,   6138868.28576372)",QUIEBRAYUGOS 4808,0
2026-05-03,E_108,74,,,,S,,56221,Nocturno,,,107636,"POINT (  581419.028194453,   6138966.86336975)",AV ESTANISLAO LOPEZ 4540,0
2026-05-03,E_108,75,,,,S,,56221,Nocturno,,,107678,"POINT (  581547.631791545,   6138972.66310708)",AV ESTANISLAO LOPEZ 4606 EN 4606,0
2026-05-03,E_108,76,,,,S,,56221,Nocturno,,,180104,"POINT (  581563.254306954,   6138972.33684651)",AV ESTANISLAO LOPEZ 4716 EN 4716,0
2026-05-03,E_108,77,,,,S,,56221,Nocturno,,,181530,"POINT (  581817.117020879,   6138994.18372528)",AV ESTANISLAO LOPEZ 4836 EN 4836,0
2026-05-03,E_108,78,,,,S,,56221,Nocturno,,,107697,"POINT (  581820.283173163,   6138994.19937517)",AV ESTANISLAO LOPEZ 4836 EN 4826,0
2026-05-03,E_108,79,,,,S,,56221,Nocturno,,,179022,"POINT (  581823.280406239,   6138994.40608090)",AV ESTANISLAO LOPEZ 4836 EN 4826,0
2026-05-03,E_108,80,,,,S,,56221,Nocturno,,,107698,"POINT (  582011.804494610,   6138933.17826773)",AV ENRIQUE LEGRAND 4910,0
2026-05-03,E_108,81,,,,S,,56221,Nocturno,,,180105,"POINT (  582119.599009896,   6138878.46672015)",AV ENRIQUE LEGRAND 4972,0
2026-05-03,E_108,82,,,,S,,56221,Nocturno,,,107616,"POINT (  582225.150587350,   6138827.11617810)",AV ENRIQUE LEGRAND 5026,0
2026-05-03,E_108,83,,,,S,,56221,Nocturno,,,180106,"POINT (  582334.432972540,   6138774.81275410)",AV ENRIQUE LEGRAND 5076 EN 5076,0
2026-05-03,E_108,84,,,,S,,56221,Nocturno,,,109872,"POINT (  582329.693568193,   6139013.25643108)",MICHIGAN 1796 1796 FTE PROA,0
2026-05-03,E_108,85,,,,S,,56221,Nocturno,,,107690,"POINT (  582291.522300560,   6138910.16395236)",MICHIGAN 1757 EN 1763,0
2026-05-03,E_108,86,,,,S,,56221,Nocturno,,,180065,"POINT (  582186.476833987,   6138914.42122920)",AMAZONAS 1706 EN 1706,0
2026-05-03,E_108,87,,,,S,,56221,Nocturno,,,107628,"POINT (  582200.223552460,   6139009.67005127)",AMAZONAS 1744,0
2026-05-03,E_108,88,,,,S,,56221,Nocturno,,,107684,"POINT (  582041.372386114,   6139098.75010707)",AV ESTANISLAO LOPEZ 4895 EN 4897,0
2026-05-03,E_108,89,,,,S,,56221,Nocturno,,,107627,"POINT (  581990.103783757,   6139061.10694407)",AV ESTANISLAO LOPEZ 4881 4869/4871,0
2026-05-03,E_108,90,,,,S,,56221,Nocturno,,,181529,"POINT (  581985.578559340,   6139059.01889011)",AV ESTANISLAO LOPEZ 4881 EN 4881,0
2026-05-03,E_108,91,,,,S,,56221,Nocturno,,,107681,"POINT (  581665.047170397,   6138998.59187192)",AV ESTANISLAO LOPEZ Esq. RBLA CONCEPCION DEL URUGUAY,0
2026-05-03,E_108,92,,,,S,,56221,Nocturno,,,107682,"POINT (  581662.256643050,   6138998.59187192)",AV ESTANISLAO LOPEZ Esq. RBLA CONCEPCION DEL URUGUAY,0
2026-05-03,E_108,93,,,,S,,56221,Nocturno,,,179183,"POINT (  581659.466115703,   6138998.54019549)",AV ESTANISLAO LOPEZ Esq. RBLA CONCEPCION DEL URUGUAY,0
2026-05-03,E_108,94,,,,S,,56221,Nocturno,,,180107,"POINT (  581557.986085578,   6139007.77760850)",AV ESTANISLAO LOPEZ 4711 EN 4703,0
2026-05-03,E_108,95,,,,S,,56221,Nocturno,,,107676,"POINT (  581434.518677235,   6139000.88549973)",AV ESTANISLAO LOPEZ 4639 EN 4653,0
2026-05-03,E_108,96,,,,S,,56221,Nocturno,,,181285,"POINT (  582092.070631373,   6139199.69965186)",SEGOVIA 1883,0
2026-05-03,E_108,97,,,,S,,56221,Nocturno,,,168352,"POINT (  582092.106940538,   6139160.52646353)",SEGOVIA 1851,0
2026-05-03,E_108,98,,,,N,,56221,Nocturno,,,179186,"POINT (  582004.811998335,   6139131.75266938)",VALIENTE 4905,0
2026-05-03,E_108,99,,,,S,,56221,Nocturno,,,107689,"POINT (  582001.649054713,   6139131.88211037)",VALIENTE 4905,0
2026-05-03,E_108,100,,,,S,,56221,Nocturno,,,183625,"POINT (  581915.333215254,   6139136.42285989)",VALIENTE 4865 PDO PORTON,0
2026-05-03,E_108,101,,,,S,,56221,Nocturno,,,183624,"POINT (  581912.395362147,   6139136.64884859)",VALIENTE 4865 PDO PORTON,0
2026-05-03,E_108,102,,,,S,,56221,Nocturno,,,179187,"POINT (  581748.333139702,   6139079.25465301)",VICTOR RAUL HAYA DE LA TORRE 1879 FTE 1824,0
2026-05-03,E_108,103,,,,S,,56221,Nocturno,,,107683,"POINT (  581745.235585839,   6139021.50079407)",VICTOR RAUL HAYA DE LA TORRE 1809,0
2026-05-03,E_108,104,,,,S,,56221,Nocturno,,,107680,"POINT (  581745.581995314,   6139016.53559159)",VICTOR RAUL HAYA DE LA TORRE 1809,0
2026-05-03,E_108,105,,,,S,,56221,Nocturno,,,176246,"POINT (  581667.329198752,   6139133.06564506)",OVIEDO 4779,0
2026-05-03,E_108,106,,,,S,,56221,Nocturno,,,176245,"POINT (  581665.967110216,   6139133.00889138)",OVIEDO 4779,0
2026-05-03,E_108,107,,,,S,,56221,Nocturno,,,179021,"POINT (  581597.599851412,   6139129.39924916)",OVIEDO 4730 EN 4729,0
2026-05-03,E_108,108,,,,S,,56221,Nocturno,,,176243,"POINT (  581579.305447123,   6139127.50209354)",OVIEDO 4716 FTE 4716,0
2026-05-03,E_108,109,,,,S,,56221,Nocturno,,,107671,"POINT (  581447.647043190,   6139124.04115253)",OVIEDO 4677 PDO 4677,0
2026-05-03,C_116,1,S,75,,S,"Basura Afuera, Requiere Limpieza",56222,Nocturno,2026-05-03 21:46:49,,179548,"POINT (  571531.038872985,   6140756.45760262)",CAPURRO 652 EN 612. MURO ROJO,0
2026-05-03,C_116,2,S,50,,S,,56222,Nocturno,2026-05-03 21:46:52,,183219,"POINT (  571534.846403065,   6140758.34323167)",CAPURRO 660,0
2026-05-03,C_116,3,S,75,,S,,56222,Nocturno,2026-05-03 21:53:10,,183223,"POINT (  572149.013021697,   6140778.27652541)",SOLIS GRANDE 827 FTE PLAZA. REJA BAJA,0
2026-05-03,C_116,4,S,75,,S,Basura Afuera,56222,Nocturno,2026-05-03 21:53:06,,183222,"POINT (  572149.684815317,   6140778.99999546)",SOLIS GRANDE 827 FTE PLAZA. REJA BAJA,0
2026-05-03,C_116,5,S,100,,S,"Basura Afuera, Requiere Limpieza",56222,Nocturno,2026-05-03 21:53:00,,183221,"POINT (  572151.131755423,   6140780.24022984)",SOLIS GRANDE 827 FTE PLAZA. REJA BAJA,0
2026-05-03,C_116,6,S,75,,S,"Basura Afuera, Requiere Limpieza",56222,Nocturno,2026-05-03 21:55:28,,183317,"POINT (  572138.626058794,   6140625.67602069)",HERMANOS GIL 815,0
2026-05-03,C_116,7,S,50,,S,,56222,Nocturno,2026-05-03 21:55:32,,183318,"POINT (  572138.005941606,   6140624.90087421)",HERMANOS GIL 815,0
2026-05-03,C_116,8,S,50,,S,,56222,Nocturno,2026-05-03 21:24:05,,183464,"POINT (  572474.991848148,   6140910.50767647)",HERMANOS GIL 912,0
2026-05-03,C_116,9,S,50,,S,,56222,Nocturno,2026-05-03 21:25:12,,181449,"POINT (  572577.460156646,   6140941.50127298)",HERMANOS GIL 942,0
2026-05-03,C_116,10,S,50,,S,,56222,Nocturno,2026-05-03 21:27:36,,181450,"POINT (  572727.351224184,   6140985.94571742)",HERMANOS GIL 988 EN 984/988,0
2026-05-03,C_116,11,S,75,,S,Basura Afuera,56222,Nocturno,2026-05-03 21:27:39,,183208,"POINT (  572751.288375381,   6140991.55297909)",HERMANOS GIL 992,0
2026-05-03,C_116,12,S,75,,S,Basura Afuera,56222,Nocturno,2026-05-04 00:01:25,,183246,"POINT (  572840.682256135,   6140859.64733329)",MATURANA 979 ANTES DE 981,0
2026-05-03,C_116,13,S,75,,S,,56222,Nocturno,2026-05-04 00:01:21,,183245,"POINT (  572838.637122144,   6140858.44846164)",MATURANA 979 ANTES DE 981,0
2026-05-03,C_116,14,S,100,,S,Basura Afuera,56222,Nocturno,2026-05-03 21:20:42,,183226,"POINT (  572653.995118567,   6140774.03905795)",BV GRAL ARTIGAS 4538 VEREDA,0
2026-05-03,C_116,15,S,75,,S,,56222,Nocturno,2026-05-03 21:21:12,,183225,"POINT (  572652.754884191,   6140773.52229363)",BV GRAL ARTIGAS 4538 VEREDA,0
2026-05-03,C_116,16,N,,Contenedor No Está,S,,56222,Nocturno,2026-05-03 21:28:30,,183243,"POINT (  572799.731449488,   6140944.57066677)",LARROBLA 991,0
2026-05-03,C_116,17,S,100,,S,"Basura Afuera, Requiere Limpieza",56222,Nocturno,2026-05-03 21:30:02,,183224,"POINT (  572683.037273544,   6140871.50080936)",LARROBLA 942,0
2026-05-03,C_116,18,S,100,,S,"Basura Afuera, Requiere Limpieza",56222,Nocturno,2026-05-03 21:32:04,,183244,"POINT (  572641.142143458,   6140844.22936984)",LARROBLA 928 FTE 928,0
2026-05-03,C_116,19,S,100,,S,"Basura Afuera, Requiere Limpieza",56222,Nocturno,2026-05-03 22:01:56,,183629,"POINT (  572394.084941706,   6141011.28215261)",SOLIS GRANDE 916,0
2026-05-03,C_116,20,S,100,,S,"Basura Afuera, Requiere Limpieza",56222,Nocturno,2026-05-03 22:04:33,,181451,"POINT (  572386.392618519,   6141198.36401808)",MANUEL CORREA 3503 FTE 3503,0
2026-05-03,C_116,21,S,100,,S,"Basura Afuera, Requiere Limpieza",56222,Nocturno,2026-05-03 22:04:39,,181445,"POINT (  572327.266121133,   6141293.78248432)",MANUEL CORREA 3524 FTE 3529,0
2026-05-03,C_116,22,S,100,,S,,56222,Nocturno,2026-05-03 22:04:43,,181444,"POINT (  572326.067864052,   6141295.74326863)",MANUEL CORREA 3524 FTE 3529,0
2026-05-03,C_116,23,S,75,,S,,56222,Nocturno,2026-05-03 22:06:19,,181420,"POINT (  572267.508277124,   6141393.08114183)",MANUEL CORREA 3552 EN 3552,0
2026-05-03,C_116,24,S,75,,S,"Basura Afuera, Requiere Limpieza",56222,Nocturno,2026-05-03 22:10:13,,181447,"POINT (  572225.499372331,   6141483.76706819)",FRANCISCO GOMEZ 958,0
2026-05-03,C_116,25,N,,Contenedor No Está,S,,56222,Nocturno,2026-05-03 22:10:24,,183203,"POINT (  572271.127694771,   6141560.55867909)",FRANCISCO GOMEZ 986,0
2026-05-03,C_116,26,S,100,,S,"Basura Afuera, Requiere Limpieza",56222,Nocturno,2026-05-03 22:10:20,,183204,"POINT (  572271.999154466,   6141563.28199063)",FRANCISCO GOMEZ 986,0
2026-05-03,C_116,27,S,100,,S,"Basura Afuera, Requiere Limpieza",56222,Nocturno,2026-05-03 22:12:30,,183205,"POINT (  572336.204871024,   6141485.29509194)",ENRIQUE TURINI 997,0
2026-05-03,C_116,28,S,100,,S,"Basura Afuera, Requiere Limpieza",56222,Nocturno,2026-05-03 22:14:17,,181446,"POINT (  572220.052749238,   6141318.40759107)",ENRIQUE TURINI 929,0
2026-05-03,C_116,29,S,100,,S,"Basura Afuera, Requiere Limpieza",56222,Nocturno,2026-05-03 22:16:23,,183319,"POINT (  572143.638672731,   6141393.63948176)",AMADO NERVO 3616,0
2026-05-03,C_116,30,S,75,,S,"Basura Afuera, Requiere Limpieza",56222,Nocturno,2026-05-03 22:19:07,,183320,"POINT (  572028.090170009,   6141569.33935174)",AMADO NERVO 3696,0
2026-05-03,C_116,31,S,50,,S,,56222,Nocturno,2026-05-03 22:19:11,,183254,"POINT (  572010.123555853,   6141605.82893244)",AMADO NERVO 3702,0
2026-05-03,C_116,32,S,50,,S,,56222,Nocturno,2026-05-03 22:22:12,,183256,"POINT (  571957.091115796,   6141699.19987743)",AMADO NERVO 3746 PROV OV (O: PABLO ZUFRIATEGUI 960),0
2026-05-03,C_116,33,S,75,,S,"Basura Afuera, Requiere Limpieza",56222,Nocturno,2026-05-03 22:22:16,,183255,"POINT (  571955.398591114,   6141702.02075190)",AMADO NERVO 3746,0
2026-05-03,C_116,34,S,75,,S,"Basura Afuera, Requiere Limpieza",56222,Nocturno,2026-05-03 23:55:08,,183252,"POINT (  571969.711702344,   6141870.58942307)",PABLO ZUFRIATEGUI 980,0
2026-05-03,C_116,35,S,50,,S,,56222,Nocturno,2026-05-03 23:55:12,,183253,"POINT (  571976.340757351,   6141873.55134127)",PABLO ZUFRIATEGUI 980,0
2026-05-03,C_116,36,S,75,,S,,56222,Nocturno,2026-05-03 22:28:14,,183304,"POINT (  572165.783239775,   6141697.63953385)",VALENTIN GOMEZ 985 PDO 987,0
2026-05-03,C_116,37,S,50,,S,,56222,Nocturno,2026-05-03 22:28:17,,183202,"POINT (  572164.205331155,   6141696.49775556)",VALENTIN GOMEZ 985 PDO 987,0
2026-05-03,C_116,38,S,75,,S,,56222,Nocturno,2026-05-03 22:32:21,,183321,"POINT (  572114.389812025,   6141664.42398725)",VALENTIN GOMEZ 967,0
2026-05-03,C_116,39,S,75,,S,,56222,Nocturno,2026-05-03 23:51:39,,181448,"POINT (  572082.797847277,   6141642.69953006)",VALENTIN GOMEZ 961,0
2026-05-03,C_116,40,S,100,,S,"Basura Afuera, Requiere Limpieza",56222,Nocturno,2026-05-03 22:24:06,,183240,"POINT (  572014.862279977,   6141741.27146313)",INOCENCIO RAFFO ARROSA 962,0
2026-05-03,C_116,41,S,100,,S,Basura Afuera,56222,Nocturno,2026-05-03 22:25:37,,183241,"POINT (  572093.219331594,   6141785.75518138)",INOCENCIO RAFFO ARROSA 990,0
2026-05-03,C_109,7,S,100,,S,"Basura Afuera, Requiere Limpieza",56222,Nocturno,2026-05-04 00:09:40,,158813,"POINT (  572935.377531962,   6140230.91847541)",EDUARDO DIONISIO CARBAJAL 2869 FTE 2876,1
2026-05-03,C_109,8,S,100,,S,"Basura Afuera, Requiere Limpieza",56222,Nocturno,2026-05-04 00:11:01,,158801,"POINT (  573004.018664816,   6140166.90458852)",EDUARDO DIONISIO CARBAJAL 2835 FTE 2850. MURO,1
2026-05-03,C_109,9,N,,Contenedor No Está,S,,56222,Nocturno,2026-05-04 00:19:06,,183472,"POINT (  573156.655513901,   6140111.38581345)",GRAL FARIAS 4,1
2026-05-03,C_109,10,S,100,,S,"Basura Afuera, Requiere Limpieza",56222,Nocturno,2026-05-04 00:12:40,,134725,"POINT (  573120.689689750,   6140055.71202228)",EDUARDO DIONISIO CARBAJAL 2763,1
2026-05-03,C_109,11,S,100,,S,"Basura Afuera, Fuera de Lugar, Requiere Limpieza",56222,Nocturno,2026-05-04 00:14:16,,180759,"POINT (  573216.454068713,   6139935.72946269)",TAPES 905 PDO ESQUINA,1
2026-05-03,C_109,12,S,100,,S,"Basura Afuera, Requiere Limpieza",56222,Nocturno,2026-05-04 00:17:34,,182330,"POINT (  573493.101430577,   6139883.15280816)",SAN FRUCTUOSO 1096 FTE 1096,1
2026-05-03,C_109,13,S,100,,S,"Basura Afuera, Requiere Limpieza",56222,Nocturno,2026-05-04 00:18:58,,134726,"POINT (  573447.069512274,   6139870.97238513)",SAN FRUCTUOSO 1067,1
2026-05-03,C_109,14,S,100,,S,"Basura Afuera, Requiere Limpieza",56222,Nocturno,2026-05-04 00:20:39,,152052,"POINT (  573347.823385051,   6139842.69344111)",SAN FRUCTUOSO 1019,1
2026-05-03,C_109,15,S,50,,S,,56222,Nocturno,2026-05-04 00:22:34,,134757,"POINT (  573537.080263058,   6139708.64360241)",ENTRE RIOS 1090,1
2026-05-03,C_109,16,S,75,,S,"Basura Afuera, Requiere Limpieza",56222,Nocturno,2026-05-04 00:24:25,,134759,"POINT (  573555.544088545,   6139617.18707440)",SANTA FE Esq. PARAGUAY,1
2026-05-03,C_109,17,S,50,,S,Basura Afuera,56222,Nocturno,2026-05-04 00:26:18,,134760,"POINT (  573401.624873967,   6139920.85786758)",JUJUY 2678 EN 2680,1
2026-05-03,C_109,18,S,50,,S,Basura Afuera,56222,Nocturno,2026-05-04 00:27:29,,176134,"POINT (  573386.843523573,   6139976.50910830)",JUJUY 2693 PROV OV (O: TAPES 1010),1
2026-05-03,C_109,19,S,50,,S,,56222,Nocturno,2026-05-04 00:27:33,,176133,"POINT (  573386.052563121,   6139979.33396705)",JUJUY Esq. TAPES PROV OV (O: TAPES 1010),1
2026-05-03,C_109,20,S,75,,S,Basura Afuera,56222,Nocturno,2026-05-04 00:31:31,,134753,"POINT (  573352.267252386,   6140100.23792186)",JUJUY 2744 ANTES DE COLUMNA,1
2026-05-03,C_109,21,S,50,,S,,56222,Nocturno,2026-05-04 00:31:34,,134754,"POINT (  573331.193806059,   6140146.79159417)",JUJUY 2760,1
2026-05-03,C_109,22,S,75,,S,Basura Afuera,56222,Nocturno,2026-05-04 00:31:38,,183492,"POINT (  573326.049224619,   6140160.73162505)",JUJUY 2770,1
2026-05-03,C_109,23,S,100,,S,"Basura Afuera, Requiere Limpieza",56222,Nocturno,2026-05-04 00:34:44,,183213,"POINT (  573252.871654466,   6140258.48567691)",JUJUY 2826,1
2026-05-03,C_109,24,S,50,,S,,56222,Nocturno,2026-05-04 00:34:49,,134755,"POINT (  573250.628834307,   6140260.68989926)",JUJUY 2826,1
2026-05-03,C_109,25,S,100,,S,"Basura Afuera, Requiere Limpieza",56222,Nocturno,2026-05-04 00:34:54,,134727,"POINT (  573224.188156341,   6140289.16447553)",JUJUY 2834 EN 2836A,1
2026-05-03,C_109,26,S,100,,S,Basura Afuera,56222,Nocturno,2026-05-04 00:36:51,,147212,"POINT (  573078.877421878,   6140375.26617044)",DRA OBDULIA EBOLE 2924 EN 2922/2924,1
2026-05-03,C_109,27,S,100,,S,"Basura Afuera, Requiere Limpieza",56222,Nocturno,2026-05-04 00:38:31,,134758,"POINT (  572991.532789110,   6140426.22662242)",DRA OBDULIA EBOLE Esq. RIO GRANDE PDO ARBOL,1
2026-05-03,C_109,28,S,100,,S,"Basura Afuera, Requiere Limpieza",56222,Nocturno,2026-05-04 00:39:54,,134781,"POINT (  573020.120359731,   6140475.04018174)",RIO GRANDE 946 FTE 947,1
2026-05-03,C_109,29,N,,Contenedor No Está,N,,56222,Nocturno,2026-05-04 00:23:04,,134820,"POINT (  572932.054919837,   6140559.73028019)",URUGUAYANA 3152 VEREDA.EN 3154,1
2026-05-03,C_109,30,S,100,,S,"Basura Afuera, Requiere Limpieza",56222,Nocturno,2026-05-04 00:41:57,,180068,"POINT (  572801.946985403,   6140637.91820654)",URUGUAYANA 3230 PROV OV. (O: VEREDA. URUGUAYANA 3208),1
2026-05-03,C_109,31,S,75,,S,Basura Afuera,56222,Nocturno,2026-05-04 00:43:42,,159853,"POINT (  572784.075161991,   6140648.82549248)",URUGUAYANA 3236,1
2026-05-03,C_109,32,S,75,,S,"Basura Afuera, Requiere Limpieza",56222,Nocturno,2026-05-04 00:45:38,,134782,"POINT (  572749.129901276,   6140670.43555116)",URUGUAYANA 3248 VEREDA,1
2026-05-03,C_109,33,S,75,,S,,56222,Nocturno,2026-05-04 00:46:31,,134818,"POINT (  572693.019068492,   6140706.05336391)",URUGUAYANA 3274 VEREDA. EN 3278. PDO REBAJE,1
2026-05-03,C_109,34,S,50,,S,,56222,Nocturno,2026-05-04 00:07:51,,181628,"POINT (  572669.949308434,   6140568.63567590)",HERVIDERO 3096,1
2026-05-03,C_109,35,S,50,,S,Basura Afuera,56222,Nocturno,2026-05-04 00:07:58,,134765,"POINT (  572673.001715664,   6140566.33961677)",HERVIDERO 3096,1
2026-05-03,C_109,36,,,,S,,56222,Nocturno,,,134763,"POINT (  572797.973467076,   6140620.91588796)",URUGUAYANA 3223 VEREDA,1
2026-05-03,C_109,37,,,,S,,56222,Nocturno,,,137592,"POINT (  572860.947750374,   6140581.48092957)",URUGUAYANA 3193,1
2026-05-03,C_109,38,,,,S,,56222,Nocturno,,,134772,"POINT (  572859.555387980,   6140449.50345858)",PROGRESO 901,1
2026-05-03,C_109,39,,,,S,,56222,Nocturno,,,138133,"POINT (  572979.280005508,   6140328.62811427)",HERVIDERO 2879,1
2026-05-03,C_109,40,,,,S,,56222,Nocturno,,,134796,"POINT (  573036.391546173,   6140276.17012525)",HERVIDERO 2853,1
2026-05-03,C_109,41,,,,S,,56222,Nocturno,,,134771,"POINT (  573111.871772161,   6140206.90458853)",HERVIDERO 2803 EN 2807. SALIDA VIVIENDAS,1
2026-05-03,C_109,42,,,,S,,56222,Nocturno,,,181296,"POINT (  572796.695978661,   6140693.28016506)",12 DE DICIEMBRE 976,1
2026-05-03,C_109,66,,,,S,,56222,Nocturno,,,134751,"POINT (  573707.738616075,   6140644.16909132)",ZAPICAN 2886,2
2026-05-03,C_109,89,,,,S,,56222,Nocturno,,,180495,"POINT (  573528.958790785,   6140774.41677054)",GRAL ENRIQUE MARTINEZ 1167,3
2026-05-03,C_109,90,,,,S,,56222,Nocturno,,,180676,"POINT (  573527.234072549,   6140774.23186754)",GRAL ENRIQUE MARTINEZ 1167,3
2026-05-03,C_109,91,,,,S,,56222,Nocturno,,,134734,"POINT (  573417.542537643,   6140748.47192356)",AV JOAQUIN SUAREZ 3091 VEREDA. EN 3093,3
2026-05-03,C_109,92,,,,S,,56222,Nocturno,,,134808,"POINT (  573417.597003874,   6140746.89240287)",AV JOAQUIN SUAREZ 3091,3
2026-05-03,C_109,93,,,,S,,56222,Nocturno,,,134735,"POINT (  573415.418354637,   6140632.73118282)",AV JOAQUIN SUAREZ 3045 VEREDA,3
2026-05-03,C_114,91,S,50,,S,,56223,Nocturno,2026-05-03 23:16:45,,138896,"POINT (  573439.861878182,   6142030.88356363)",AV JOAQUIN SUAREZ 3621 ARBOL/ARBOL_MURO BAJO,0
2026-05-03,C_114,92,S,100,,S,,56223,Nocturno,2026-05-03 23:18:12,,138840,"POINT (  573449.074168819,   6141940.04014207)",AV JOAQUIN SUAREZ 3571 MURO BAJO,0
2026-05-03,C_114,93,S,100,,S,,56223,Nocturno,2026-05-03 23:20:24,,138839,"POINT (  573455.471592872,   6141883.48691344)",AV JOAQUIN SUAREZ 3551 MURO BAJO,0
2026-05-03,C_114,94,S,100,,S,,56223,Nocturno,2026-05-03 23:22:01,,138895,"POINT (  573470.057719713,   6141617.60996980)",AV JOAQUIN SUAREZ 3441 EN 3437. MURO BAJO,0
2026-05-03,C_114,95,S,75,,S,,56223,Nocturno,2026-05-03 23:23:48,,138825,"POINT (  573464.939780470,   6141534.18756015)",AV JOAQUIN SUAREZ 3415 EN 3415/3421.ARBOL/ARBOL,0
2026-05-03,C_114,96,S,100,,S,Requiere Limpieza,56223,Nocturno,2026-05-03 23:26:03,,138897,"POINT (  573336.735402447,   6141587.92592219)",AV DR JUAN CARLOS BLANCO 3552,0
2026-05-03,C_114,97,S,75,,S,,56223,Nocturno,2026-05-03 23:28:08,,138826,"POINT (  573450.865447553,   6141730.97232402)",AV DR JUAN CARLOS BLANCO 3631 VEREDA.FTE 3627.ARBOL/ARBOL,0
2026-05-03,C_114,98,S,100,,S,Requiere Limpieza,56223,Nocturno,2026-05-03 23:31:25,,138853,"POINT (  573392.776837152,   6141684.39907691)",AV DR JUAN CARLOS BLANCO Esq. VALDENSE,0
2026-05-03,C_114,99,S,100,,S,,56223,Nocturno,2026-05-03 23:31:32,,176233,"POINT (  573389.573990632,   6141680.94784488)",AV DR JUAN CARLOS BLANCO Esq. VALDENSE,0
2026-05-03,C_114,100,S,100,,S,Requiere Limpieza,56223,Nocturno,2026-05-03 23:34:22,,138841,"POINT (  573302.445209523,   6141580.24901333)",AV DR JUAN CARLOS BLANCO Esq. LUCAS J OBES PDO PARADA,0
2026-05-03,C_114,101,S,100,,S,Requiere Limpieza,56223,Nocturno,2026-05-03 23:36:57,,138824,"POINT (  573178.846976818,   6141632.96378753)",LUCAS J OBES 1129 VEREDA. MURO,0
2026-05-03,C_114,102,S,100,,S,Requiere Limpieza,56223,Nocturno,2026-05-03 23:39:26,,139732,"POINT (  573000.201119774,   6141703.86069605)",LUCAS J OBES 1071,0
2026-05-03,C_114,103,S,100,,S,,56223,Nocturno,2026-05-03 23:42:18,,138843,"POINT (  572938.177964155,   6141813.06599329)",AV 19 DE ABRIL 1068 EN 1068/1070. ARBOL/ARBOL,0
2026-05-03,C_114,104,S,100,,S,,56223,Nocturno,2026-05-03 23:45:30,,181323,"POINT (  573118.400243137,   6141966.39734488)",AV 19 DE ABRIL 1138,0
2026-05-03,C_114,105,S,100,,S,,56223,Nocturno,2026-05-03 23:48:00,,138854,"POINT (  573196.163592185,   6141931.00228039)",LUGANO 3593 MURO BAJO,0
2026-05-03,C_114,106,S,100,,S,Requiere Limpieza,56223,Nocturno,2026-05-03 23:49:55,,138829,"POINT (  573214.360792734,   6141822.27976572)",LUGANO 3546 FTE 3542,0
2026-05-03,C_114,107,S,100,,S,Requiere Limpieza,56223,Nocturno,2026-05-03 23:51:37,,138904,"POINT (  573228.642140000,   6141734.05789471)",LUGANO 3495 MURO BAJO,0
2026-05-03,C_114,108,S,100,,S,,56223,Nocturno,2026-05-03 23:54:24,,138830,"POINT (  573259.508277639,   6141679.23594875)",AIGUA 1157 EN 1158/1164 MURO,0
2026-05-03,C_114,109,S,100,,S,,56223,Nocturno,2026-05-03 23:57:23,,176301,"POINT (  573350.606856497,   6141947.80669040)",VALDENSE 3610 EN 3610,0
2026-05-03,C_114,110,S,100,,S,Requiere Limpieza,56223,Nocturno,2026-05-03 23:59:26,,176300,"POINT (  573341.887735593,   6142007.55385085)",VALDENSE 3638,0
2026-05-03,C_114,111,S,75,,S,,56223,Nocturno,2026-05-04 00:01:05,,138832,"POINT (  573378.596286293,   6142062.75922613)",AV 19 DE ABRIL 1224 EN 1220,0
2026-05-03,C_114,1,S,100,,S,,56223,Nocturno,2026-05-04 02:06:05,,138868,"POINT (  574146.039056909,   6143539.68164844)",PARQUE ANDALUCÍA VEREDA.FTE 3764.MURO,1
2026-05-03,C_114,2,S,100,,S,,56223,Nocturno,2026-05-04 02:10:19,,138862,"POINT (  574067.701874461,   6143513.56925429)",TEODORO ALVAREZ 3731 PDO 3731/3733,1
2026-05-03,C_114,3,S,100,,S,Poda,56223,Nocturno,2026-05-04 02:10:29,,138860,"POINT (  574004.637979157,   6143495.33984705)",TEODORO ALVAREZ 3691 PDO 3691. MURO,1
2026-05-03,C_114,4,S,100,,S,Requiere Limpieza,56223,Nocturno,2026-05-04 02:12:12,,183695,"POINT (  573917.831697274,   6143533.56300434)",PABLO NIN GONZALEZ 1023,1
2026-05-03,C_114,5,S,100,,S,,56223,Nocturno,2026-05-04 02:14:33,,138864,"POINT (  573775.045985314,   6143504.20820733)",PEDRO TRAPANI 1013 FTE 1013. MURO.ARBOL/ARBOL,1
2026-05-03,C_114,6,S,100,,S,Requiere Limpieza,56223,Nocturno,2026-05-04 02:16:31,,138863,"POINT (  573914.969003021,   6143352.46070926)",ARECHAVALETA 3625 FTE 3625. MURO,1
2026-05-03,C_114,7,S,75,,S,,56223,Nocturno,2026-05-04 02:18:10,,183178,"POINT (  574017.882828686,   6143382.73757618)",ARECHAVALETA 3680 3675 FTE,1
2026-05-03,C_114,8,S,100,,S,Poda,56223,Nocturno,2026-05-04 02:19:51,,138865,"POINT (  574055.877394091,   6143395.81713728)",ARECHAVALETA 3700 FTE 3693. MURO,1
2026-05-03,C_114,9,S,100,,S,Requiere Limpieza,56223,Nocturno,2026-05-04 02:22:46,,138859,"POINT (  574214.696983307,   6143442.74628810)",ARECHAVALETA 3776 FTE 3775. MURO,1
2026-05-03,C_114,10,S,100,,S,,56223,Nocturno,2026-05-04 02:24:55,,138861,"POINT (  574329.486643711,   6143379.37017848)",DR FRANCISCO GOYEN 3792 COLUMNA/ARBOL,1
2026-05-03,C_114,11,S,100,,S,Requiere Limpieza,56223,Nocturno,2026-05-04 02:28:19,,179868,"POINT (  574217.608694336,   6143345.71595970)",DR FRANCISCO GOYEN 3763,1
2026-05-03,C_114,12,N,,Contenedor No Está,N,,56223,Nocturno,2026-05-04 02:28:41,,182200,"POINT (  574199.999264706,   6143237.12631089)",FLORENTINO CASTELLANOS 1186 FTE 1199,1
2026-05-03,C_114,13,S,100,,S,Requiere Limpieza,56223,Nocturno,2026-05-04 02:31:15,,138850,"POINT (  574146.484945637,   6143215.11830668)",DOMINGO ORDOÑANA 3727,1
2026-05-03,C_114,14,S,75,,S,,56223,Nocturno,2026-05-04 02:34:42,,151732,"POINT (  573946.274807593,   6143209.13946899)",PEDRO TRAPANI 1172 FTE 1170,1
2026-05-03,C_114,15,S,75,,S,,56223,Nocturno,2026-05-04 02:34:51,,138848,"POINT (  573944.530203945,   6143212.53769155)",PEDRO TRAPANI 1172 FTE 1156/1158. MURO,1
2026-05-03,C_114,16,S,100,,S,Poda,56223,Nocturno,2026-05-04 02:37:37,,138905,"POINT (  573903.637209333,   6143292.35293404)",PEDRO TRAPANI 1118 FTE 1118. MURO,1
2026-05-03,C_114,17,S,100,,S,Requiere Limpieza,56223,Nocturno,2026-05-04 02:40:04,,142992,"POINT (  573838.928870635,   6143435.95689358)",TEODORO ALVAREZ Esq. PEDRO TRAPANI,1
2026-05-03,C_114,18,S,100,,S,Requiere Limpieza,56223,Nocturno,2026-05-04 02:43:43,,138813,"POINT (  573994.784245515,   6143081.48303412)",PEDRO TRAPANI 1248 MURO,1
2026-05-03,C_114,19,S,100,,S,,56223,Nocturno,2026-05-04 02:45:22,,180946,"POINT (  574100.641010922,   6143079.95533186)",ATAHONA 3668,1
2026-05-03,C_114,20,S,100,,S,,56223,Nocturno,2026-05-04 02:47:56,,138907,"POINT (  574208.610265532,   6143152.92260302)",ATAHONA 3736,1
2026-05-03,C_114,21,N,,Contenedor No Está,N,,56223,Nocturno,2026-05-04 02:48:26,,138815,"POINT (  574290.396254755,   6143229.78172542)",ATAHONA 3768 ARBOL/ARBOL,1
2026-05-03,C_114,22,S,100,,S,,56223,Nocturno,2026-05-04 02:50:17,,138909,"POINT (  574349.025969920,   6143281.51382704)",ATAHONA 3786 EN 3786/3790,1
2026-05-03,C_114,23,N,,Contenedor No Está,S,,56223,Nocturno,2026-05-04 02:53:25,,182086,"POINT (  574322.523766099,   6143145.57389111)",ANDRES SPIKERMAN 3751,1
2026-05-03,C_114,24,S,100,,S,Requiere Limpieza,56223,Nocturno,2026-05-04 02:53:17,,183323,"POINT (  574320.774837864,   6143144.13968965)",ANDRES SPIKERMAN 3751,1
2026-05-03,C_114,25,S,100,,S,Requiere Limpieza,56223,Nocturno,2026-05-04 02:55:54,,138869,"POINT (  574214.029819034,   6142922.83792250)",VAIMACA 1347 MURO BAJO,1
2026-05-03,C_114,26,S,100,,S,,56223,Nocturno,2026-05-04 02:57:45,,176672,"POINT (  574193.420707344,   6142975.58636215)",VAIMACA 1317,1
2026-05-03,C_114,27,S,100,,S,Requiere Limpieza,56223,Nocturno,2026-05-04 03:02:21,,138851,"POINT (  574099.282112778,   6142906.54700631)",PEDRO TRAPANI 1340 FTE 1337,1
2026-05-03,C_114,28,S,100,,S,,56223,Nocturno,2026-05-04 03:11:42,,138872,"POINT (  573947.263175603,   6142806.99103280)",REYES 1573 FTE 1573,1
2026-05-03,C_114,29,S,100,,S,,56223,Nocturno,2026-05-04 03:14:53,,138871,"POINT (  573787.268535189,   6143080.35539963)",ATAHONA 3511 PDO 3511. FTE 3512,1
2026-05-03,C_114,30,S,100,,S,,56223,Nocturno,2026-05-04 03:17:20,,138833,"POINT (  573700.202505758,   6143098.15700417)",ATAHONA 3431 FTE VIVIENDAS,1
2026-05-03,C_114,31,S,100,,S,Requiere Limpieza,56223,Nocturno,2026-05-04 03:17:27,,138911,"POINT (  573696.642184852,   6143099.12800078)",ATAHONA 3431 FTE VIVIENDAS,1
2026-05-03,C_114,32,S,100,,S,,56223,Nocturno,2026-05-04 03:18:44,,138910,"POINT (  573717.033113678,   6143227.94688447)",EUSEBIO VALDENEGRO 3470,1
2026-05-03,C_114,33,S,100,,S,,56223,Nocturno,2026-05-04 03:21:32,,138873,"POINT (  573753.283653812,   6143326.98853877)",EUSEBIO VALDENEGRO 3548,1
2026-05-03,C_114,34,S,100,,S,,56223,Nocturno,2026-05-04 03:21:42,,138870,"POINT (  573798.596828981,   6143272.28906303)",IGUALDAD 1108 MURO,1
2026-05-03,C_114,35,S,100,,S,Requiere Limpieza,56223,Nocturno,2026-05-04 03:25:18,,140132,"POINT (  573893.300430960,   6143085.19919589)",IGUALDAD 1240 FTE 1233.COLUMNA/ARBOL,1
2026-05-03,C_114,36,S,100,,S,Requiere Limpieza,56223,Nocturno,2026-05-04 03:25:27,,138913,"POINT (  573893.754496835,   6143083.26838947)",IGUALDAD 1240 FTE 1233.COLUMNA/ARBOL,1
2026-05-03,C_114,37,S,100,,S,,56223,Nocturno,2026-05-04 03:00:20,,138914,"POINT (  574045.229968113,   6143018.53528208)",PEDRO TRAPANI 1280 EN 1274/1280. MURO,1
2026-05-03,C_114,38,,,,S,,56223,Nocturno,,,183086,"POINT (  573990.038845579,   6142967.11757250)",COMANDIYU 3571,1
2026-05-03,C_114,39,,,,S,,56223,Nocturno,,,181065,"POINT (  573852.781197821,   6142860.57576275)",COMANDIYU 3505,1
2026-05-03,C_114,40,,,,S,,56223,Nocturno,,,138880,"POINT (  573747.134008611,   6142908.81266507)",TREBOL 1606 EN 1610/1612.ARBOL/COLUMNA,1
2026-05-03,C_114,41,,,,S,,56223,Nocturno,,,138879,"POINT (  573666.285774982,   6143071.22823718)",CAICOBE Esq. EUSEBIO VALDENEGRO,1
2026-05-03,C_114,42,,,,S,,56223,Nocturno,,,138834,"POINT (  573546.434809333,   6143113.32296957)",RBLA COSTANERA FRANCISCO LAVALLEJA 3368 VEREDA. FTE 3368/3378,1
2026-05-03,C_114,43,,,,S,,56223,Nocturno,,,183594,"POINT (  573581.022807053,   6143006.11464368)",AV COSTANERA FELIPE CARAPE 4510 FTE 4510,1
2026-05-03,C_114,44,,,,S,,56223,Nocturno,,,183595,"POINT (  573583.753182480,   6143003.15673697)",AV COSTANERA FELIPE CARAPE 4510 FTE 4510,1
2026-05-03,C_114,45,,,,N,,56223,Nocturno,,,183386,"POINT (  573616.294483768,   6142958.37612327)",GRAL JOSE R USERA Esq. AV COSTANERA FELIPE CARAPE,1
2026-05-03,C_114,46,,,,S,,56223,Nocturno,,,138874,"POINT (  573729.496594688,   6142768.67950328)",AV COSTANERA FELIPE CARAPE Esq. COMANDIYU,1
2026-05-03,C_114,47,,,,S,,56223,Nocturno,,,138921,"POINT (  573733.863721597,   6142768.01815651)",AV COSTANERA FELIPE CARAPE Esq. COMANDIYU,1
2026-05-03,C_114,48,,,,S,,56223,Nocturno,,,138919,"POINT (  573739.366035725,   6142766.72349436)",AV COSTANERA FELIPE CARAPE Esq. COMANDIYU,1
2026-05-03,C_114,49,,,,S,,56223,Nocturno,,,183631,"POINT (  573749.417233649,   6142763.08440332)",AV COSTANERA FELIPE CARAPE 4421,1
2026-05-03,C_114,50,,,,S,,56223,Nocturno,,,183630,"POINT (  573750.483584360,   6142762.37350285)",AV COSTANERA FELIPE CARAPE 4421,1
2026-05-03,C_114,51,,,,S,,56223,Nocturno,,,183632,"POINT (  573751.786901896,   6142762.13653602)",AV COSTANERA FELIPE CARAPE 4421,1
2026-05-03,C_114,52,,,,S,,56223,Nocturno,,,183633,"POINT (  573753.445669668,   6142761.78108579)",AV COSTANERA FELIPE CARAPE 4421,1
2026-05-03,C_114,53,,,,S,,56223,Nocturno,,,183634,"POINT (  573754.867470616,   6142761.07018531)",AV COSTANERA FELIPE CARAPE 4421,1
2026-05-03,C_114,54,,,,S,,56223,Nocturno,,,183635,"POINT (  573757.000172038,   6142760.35928484)",AV COSTANERA FELIPE CARAPE Esq. COMANDIYU,1
2026-05-03,C_114,55,,,,S,,56223,Nocturno,,,138884,"POINT (  573856.209294552,   6142714.61334292)",FRANCISCO BICUDO 3928 FTE 4394,1
2026-05-03,C_114,56,,,,S,,56223,Nocturno,,,178829,"POINT (  573945.179284877,   6142677.62950847)",REYES 1547 ANTES 1547,1
2026-05-03,C_114,57,,,,S,,56223,Nocturno,,,138883,"POINT (  573794.630125708,   6142601.22053464)",FRANCISCO BICUDO 3877 EN 3883/3877,1
2026-05-03,C_114,58,,,,S,,56223,Nocturno,,,138881,"POINT (  573771.732589417,   6142525.26900382)",FRANCISCO BICUDO 3849 VEREDA.PDO REBAJE,1
2026-05-03,C_114,59,,,,S,,56223,Nocturno,,,138888,"POINT (  573627.134459720,   6142434.10448971)",AV DR LUIS ALBERTO DE HERRERA Esq. MATIAS ALVAREZ FTE 4447,1
2026-05-03,C_114,60,,,,S,,56223,Nocturno,,,138887,"POINT (  573625.037890470,   6142434.64451512)",AV DR LUIS ALBERTO DE HERRERA Esq. MATIAS ALVAREZ FTE 4447,1
2026-05-03,C_114,61,,,,S,,56223,Nocturno,,,138852,"POINT (  573622.782490216,   6142435.24807294)",AV DR LUIS ALBERTO DE HERRERA Esq. MATIAS ALVAREZ FTE 4447,1
2026-05-03,C_114,62,,,,S,,56223,Nocturno,,,179028,"POINT (  573620.336492757,   6142435.97869555)",AV DR LUIS ALBERTO DE HERRERA Esq. MATIAS ALVAREZ,1
2026-05-03,C_114,63,,,,S,,56223,Nocturno,,,178826,"POINT (  573617.890495299,   6142436.61401957)",AV DR LUIS ALBERTO DE HERRERA Esq. MATIAS ALVAREZ FTE 4447,1
2026-05-03,C_114,64,,,,S,,56223,Nocturno,,,138835,"POINT (  573505.679518070,   6142472.51152130)",AV DR LUIS ALBERTO DE HERRERA 4486 SUPERMERCADO. ANTES DE RESERVADO.,1
2026-05-03,C_114,65,,,,S,,56223,Nocturno,,,138886,"POINT (  573502.119197164,   6142473.80618345)",AV DR LUIS ALBERTO DE HERRERA 4486 SUPERMERCADO. ANTES DE RESERVADO.,1
2026-05-03,C_114,66,,,,S,,56223,Nocturno,,,178827,"POINT (  573466.445465296,   6142527.82982509)",AV MILLAN 3822 PDO 3822,1
2026-05-03,C_114,67,,,,S,,56223,Nocturno,,,138845,"POINT (  573466.205016366,   6142530.63506260)",AV MILLAN 3822 PDO 3822,1
2026-05-03,C_114,68,,,,S,,56223,Nocturno,,,138899,"POINT (  573446.123787730,   6142642.52745815)",AV MILLAN 3898 FTE 3883,1
2026-05-03,C_114,69,,,,S,,56223,Nocturno,,,178828,"POINT (  573434.385607966,   6142689.33135639)",AV MILLAN 3906,1
2026-05-03,C_114,70,,,,S,,56223,Nocturno,,,138836,"POINT (  573433.744410819,   6142693.01823998)",AV MILLAN Esq. PSJE PNAL CABALLEROS ORIENTALES,1
2026-05-03,C_114,71,,,,S,,56223,Nocturno,,,138890,"POINT (  573408.256191457,   6142829.83827406)",AV MILLAN 3958,1
2026-05-03,C_114,72,,,,S,,56223,Nocturno,,,138846,"POINT (  573467.407261015,   6143040.70739272)",AGUSTIN VELAZQUEZ 3936 PDO ESQ,1
2026-05-03,C_114,73,,,,S,,56223,Nocturno,,,138837,"POINT (  573471.575042468,   6143043.27218131)",AGUSTIN VELAZQUEZ 3936 PDO ESQ,1
2026-05-03,C_114,74,,,,S,,56223,Nocturno,,,138838,"POINT (  573475.903123208,   6143045.19577275)",AGUSTIN VELAZQUEZ 3936 PDO ESQ,1
2026-05-03,C_114,75,S,100,,S,,56223,Nocturno,2026-05-04 00:22:14,,138900,"POINT (  573393.043911222,   6142825.95428762)",PARQUE JARDÍN DE LOS ARTISTAS,1
2026-05-03,C_114,76,S,75,,S,,56223,Nocturno,2026-05-04 00:10:07,,138903,"POINT (  573322.484824174,   6142736.62259943)",ENRIQUE GUARNERO Esq. FRANCISCO DEL PUERTO MURO,1
2026-05-03,C_114,77,S,100,,S,Requiere Limpieza,56223,Nocturno,2026-05-04 00:12:15,,138902,"POINT (  573214.704200380,   6142705.87437342)",BALTASAR OJEDA 3887 PDO 3893.,1
2026-05-03,C_114,78,S,75,,S,,56223,Nocturno,2026-05-04 00:16:04,,139712,"POINT (  573416.351938218,   6142576.07991037)",PANTALEON SOTELO 3853 IGLESIA,1
2026-05-03,C_114,79,S,50,,S,,56223,Nocturno,2026-05-04 00:16:13,,183196,"POINT (  573421.032242702,   6142575.72095708)",PANTALEON SOTELO 3853,1
2026-05-03,C_114,80,S,75,,S,,56223,Nocturno,2026-05-04 00:16:54,,138891,"POINT (  573425.969895417,   6142574.79751608)",PANTALEON SOTELO 3853 IGLESIA,1
2026-05-03,C_114,81,S,75,,S,,56223,Nocturno,2026-05-04 00:05:55,,138892,"POINT (  573346.436073906,   6142472.18785576)",AV DR LUIS ALBERTO DE HERRERA 4534 MURO BAJO,1
2026-05-03,C_114,82,S,100,,S,,56223,Nocturno,2026-05-04 00:07:58,,138858,"POINT (  573288.499942798,   6142490.63679137)",FRANCISCO DEL PUERTO 3800 MURO.REBAJE/RAMPA,1
2026-05-03,C_114,83,S,100,,S,Requiere Limpieza,56223,Nocturno,2026-05-04 00:24:43,,177278,"POINT (  573236.682596045,   6142612.42798305)",PANTALEON SOTELO 3934,1
2026-05-03,C_114,84,S,75,,S,Requiere Limpieza,56223,Nocturno,2026-05-04 00:26:54,,138821,"POINT (  573189.338752265,   6142531.92981546)",BALTASAR OJEDA 3810 VEREDA.FTE 3810.MURO,1
2026-05-03,C_114,85,S,75,,S,,56223,Nocturno,2026-05-04 00:28:30,,138819,"POINT (  573137.391668954,   6142503.52525266)",AV DR LUIS ALBERTO DE HERRERA 4626 EN 4626/4620. MUROS BAJO,1
2026-05-03,C_114,86,S,100,,S,Requiere Limpieza,56223,Nocturno,2026-05-04 00:31:02,,143674,"POINT (  573101.557742478,   6142633.25374205)",PANTALEON SOTELO Esq. FRANCISCO TORRES,1
2026-05-03,C_114,87,S,100,,S,,56223,Nocturno,2026-05-04 00:32:39,,138822,"POINT (  572999.719103333,   6142597.43943776)",VASCO DA GAMA 3836 FTE 3836,1
2026-05-03,C_114,88,S,75,,S,,56223,Nocturno,2026-05-04 00:33:53,,138818,"POINT (  572987.180152189,   6142528.34725799)",AV DR LUIS ALBERTO DE HERRERA Esq. VASCO DA GAMA,1
2026-05-03,C_114,89,S,75,,S,,56223,Nocturno,2026-05-04 00:35:35,,138894,"POINT (  573259.454519886,   6142468.72326581)",AV DR LUIS ALBERTO DE HERRERA 4553 FTE 4558,1
2026-05-03,C_114,90,S,75,,S,,56223,Nocturno,2026-05-04 00:41:32,,138823,"POINT (  573394.116351050,   6142445.27249847)",AV DR LUIS ALBERTO DE HERRERA 4515 UTE,1
2026-05-03,C_112,1,S,50,,S,,56224,Nocturno,2026-05-03 23:41:41,,138681,"POINT (  574370.371435446,   6140964.20412381)",BV GRAL ARTIGAS 3802 VEREDA,0
2026-05-03,C_112,2,S,50,,S,,56224,Nocturno,2026-05-03 23:42:57,,138657,"POINT (  574244.907910731,   6140954.65014851)",BV GRAL ARTIGAS 3852 VEREDA,0
2026-05-03,C_112,3,S,50,,S,,56224,Nocturno,2026-05-04 01:57:56,,138677,"POINT (  574181.140028555,   6140950.91873743)",BV GRAL ARTIGAS 3896 VEREDA MURO,0
2026-05-03,C_112,4,S,50,,S,,56224,Nocturno,2026-05-04 01:58:06,,180418,"POINT (  574178.652254949,   6140950.62891684)",BV GRAL ARTIGAS 3896 VEREDA,0
2026-05-03,C_112,5,S,50,,S,,56224,Nocturno,2026-05-04 02:02:42,,138656,"POINT (  573956.786882823,   6141099.44068363)",ESPINILLO 1416 FTE 1405/1409 MURO,0
2026-05-03,C_112,6,S,50,,S,,56224,Nocturno,2026-05-04 02:02:52,,143112,"POINT (  573962.699123008,   6141100.91874367)",ESPINILLO 1416 COLEGIO FTE 1405,0
2026-05-03,C_112,7,S,100,,S,Dos Ciclos,56224,Nocturno,2026-05-04 02:04:52,,138634,"POINT (  574036.374793820,   6141131.18613688)",ESPINILLO 1434 EN 1434 BIS/1436,0
2026-05-03,C_112,8,S,50,,S,,56224,Nocturno,2026-05-04 02:06:43,,138633,"POINT (  574138.915701355,   6141236.15886897)",GUARDIA ORIENTAL 3132 CERCO VEGETAL,0
2026-05-03,C_112,9,S,100,,S,,56224,Nocturno,2026-05-04 02:09:56,,143113,"POINT (  574157.385607096,   6141289.14031555)",GUARDIA ORIENTAL 3156 EN 3156/60,0
2026-05-03,C_112,10,S,100,,S,,56224,Nocturno,2026-05-04 02:12:16,,138632,"POINT (  574176.359889192,   6141347.50605911)",HERRERO Y ESPINOSA Esq. GUARDIA ORIENTAL PDO COLUMNA,0
2026-05-03,C_112,11,S,50,,S,,56224,Nocturno,2026-05-04 02:13:44,,138676,"POINT (  574232.033484265,   6141267.69081662)",ENRIQUE GARCIA PEÑA 3069 COLUMNA/ARBOL,0
2026-05-03,C_112,12,S,100,,S,Dos Ciclos,56224,Nocturno,2026-05-04 02:15:24,,181791,"POINT (  574229.108535730,   6141155.79683726)",ENRIQUE GARCIA PEÑA 3039 EN 3025. PDO REBAJE,0
2026-05-03,C_112,13,S,75,,S,,56224,Nocturno,2026-05-04 02:18:53,,181673,"POINT (  574168.617270621,   6141107.83509266)",ANDRES CHEVESTE 1455 EN 1457,0
2026-05-03,C_112,14,S,100,,S,,56224,Nocturno,2026-05-04 02:18:59,,138658,"POINT (  574127.682918940,   6141088.65797182)",ANDRES CHEVESTE 1447,0
2026-05-03,C_112,15,S,75,,S,,56224,Nocturno,2026-05-04 02:20:19,,138679,"POINT (  574057.784497003,   6141059.56516785)",ANDRES CHEVESTE 1425 EN 1425/1427,0
2026-05-03,C_112,16,S,75,,S,,56224,Nocturno,2026-05-04 02:21:46,,138678,"POINT (  574001.618215248,   6141034.93083375)",ANDRES CHEVESTE 1405 EN 1405/1407,0
2026-05-03,C_112,17,S,100,,S,"Basura Afuera, Dos Ciclos, Requiere Limpieza",56224,Nocturno,2026-05-04 02:29:41,,182036,"POINT (  573877.063651309,   6141343.75012878)",JUAN RODRIGUEZ CORREA 1434 FTE 1415,0
2026-05-03,C_112,18,S,100,,S,"Basura Afuera, Dos Ciclos, Requiere Limpieza",56224,Nocturno,2026-05-04 02:29:48,,175337,"POINT (  573878.984043089,   6141342.97325068)",JUAN RODRIGUEZ CORREA 1434 FTE 1415,0
2026-05-03,C_112,19,S,100,,N,"Basura Afuera, Dos Ciclos, Requiere Limpieza",56224,Nocturno,2026-05-04 02:34:49,,138668,"POINT (  573999.878541826,   6141310.44392656)",JUAN RODRIGUEZ CORREA 1470 CASA ABANDONADA,0
2026-05-03,C_112,20,S,100,,S,"Basura Afuera, Dos Ciclos, Requiere Limpieza",56224,Nocturno,2026-05-04 02:40:09,,181415,"POINT (  574069.731644662,   6141367.57571264)",NELSON 3293 FTE 3295,0
2026-05-03,C_112,21,S,100,,S,"Basura Afuera, Dos Ciclos, Requiere Limpieza",56224,Nocturno,2026-05-04 02:43:06,,183314,"POINT (  574070.259569397,   6141369.07813333)",NELSON 3293 PROV OV. (O: NELSON FTE 3371),0
2026-05-03,C_112,22,S,100,,N,"Basura Afuera, Dos Ciclos, Poda, Requiere Limpieza",56224,Nocturno,2026-05-04 02:57:58,,152072,"POINT (  574158.147355402,   6141649.92275503)",NELSON Esq. GRAL ENRIQUE PEREDA,0
2026-05-03,C_112,23,S,100,,S,"Basura Afuera, Dos Ciclos, Poda, Requiere Limpieza",56224,Nocturno,2026-05-04 02:48:09,,138684,"POINT (  574186.250751308,   6141735.21953126)",NELSON 3494 EN 3496.MURO,0
2026-05-03,C_112,24,S,100,,S,"Basura Afuera, Dos Ciclos, Requiere Limpieza",56224,Nocturno,2026-05-04 02:54:15,,183538,"POINT (  574073.314170057,   6141724.47327062)",CHUY 3525 FTE 3518 MURO,0
2026-05-03,C_112,25,S,100,,S,"Basura Afuera, Dos Ciclos, Poda, Requiere Limpieza",56224,Nocturno,2026-05-04 02:58:23,,183315,"POINT (  574132.546258817,   6141669.36254743)",GRAL ENRIQUE PEREDA 1538 PROV OV. (O: NELSON 3448),0
2026-05-03,C_112,26,S,100,,S,"Basura Afuera, Dos Ciclos, Requiere Limpieza",56224,Nocturno,2026-05-04 03:01:18,,138665,"POINT (  574214.191033458,   6141827.00298795)",NELSON 3534 EN 3534/3536 MURO BAJO,0
2026-05-03,C_112,27,S,100,,S,"Basura Afuera, Dos Ciclos, Requiere Limpieza",56224,Nocturno,2026-05-04 03:05:17,,138664,"POINT (  574256.290958012,   6141968.18665797)",NELSON 3588 MURO ANTES DE ARBOL,0
2026-05-03,C_112,28,S,100,,S,"Basura Afuera, Dos Ciclos, Requiere Limpieza",56224,Nocturno,2026-05-04 03:08:32,,169932,"POINT (  574146.500358702,   6142056.43599977)",FLORENCIO ESCARDO 1511,0
2026-05-03,C_112,29,S,100,,S,"Basura Afuera, Dos Ciclos, Requiere Limpieza",56224,Nocturno,2026-05-04 03:12:27,,138662,"POINT (  574068.355775565,   6141961.50645215)",RAMON ESTOMBA 3611 EN 3607. MURO BAJO,0
2026-05-03,C_112,30,N,,Contenedor No Está,S,,56224,Nocturno,2026-05-04 03:12:40,,182332,"POINT (  574024.084622990,   6141874.81760204)",RAMON ESTOMBA 3559 PROV OV. (O: CARMELO 1458/1460 MURO),0
2026-05-03,C_112,31,S,100,,S,"Basura Afuera, Dos Ciclos, Requiere Limpieza",56224,Nocturno,2026-05-04 03:15:29,,183546,"POINT (  574050.623163277,   6141817.58977062)",CARMELO 1458,0
2026-05-03,C_112,32,S,100,,S,Dos Ciclos,56224,Nocturno,2026-05-04 03:19:42,,182124,"POINT (  574028.448153563,   6141604.30869688)",CHUY 3437 EDIFICIO ANTES DE ENTRADA,0
2026-05-03,C_112,33,S,75,,S,,56224,Nocturno,2026-05-04 03:36:23,,180038,"POINT (  573986.063988889,   6141477.73665469)",CHUY 3325 EN 3325,0
2026-05-03,C_112,34,S,100,,S,Dos Ciclos,56224,Nocturno,2026-05-04 03:36:16,,138616,"POINT (  573965.384259013,   6141410.19005492)",CHUY Esq. HERRERO Y ESPINOSA FTE 3280,0
2026-05-03,C_112,35,S,75,,S,,56224,Nocturno,2026-05-04 03:36:10,,181416,"POINT (  573951.456391721,   6141364.58829216)",CHUY 3265 FTE 3264,0
2026-05-03,C_112,36,S,100,,S,,56224,Nocturno,2026-05-04 03:36:01,,183545,"POINT (  573928.834515254,   6141298.37740565)",CHUY 3233 3233/3227,0
2026-05-03,C_112,37,,,,S,,56224,Nocturno,,,138666,"POINT (  573881.627523061,   6141247.11076316)",AMERICO VESPUCIO 1401 EN 1401/1403,0
2026-05-03,C_112,38,,,,S,,56224,Nocturno,,,183190,"POINT (  573796.687010457,   6141741.21648955)",DR CARLOS VAZ FERREIRA 3464,0
2026-05-03,C_112,39,,,,S,,56224,Nocturno,,,151752,"POINT (  573824.845825988,   6141790.23864274)",DR CARLOS VAZ FERREIRA 3490 EN 3486/3490,0
2026-05-03,C_112,40,,,,S,,56224,Nocturno,,,151772,"POINT (  573867.613573605,   6141869.64549078)",DR CARLOS VAZ FERREIRA 3534,0
2026-05-03,C_112,41,,,,S,,56224,Nocturno,,,138655,"POINT (  573922.027830991,   6141978.25779934)",DR CARLOS VAZ FERREIRA 3584,0
2026-05-03,C_112,42,,,,S,,56224,Nocturno,,,138637,"POINT (  573956.124330964,   6142037.16002048)",DR CARLOS VAZ FERREIRA 3610,0
2026-05-03,C_112,43,,,,S,,56224,Nocturno,,,138640,"POINT (  573979.179486111,   6142087.14155608)",DR CARLOS VAZ FERREIRA 3639 FTE 3639 MURO VEGETAL.,0
2026-05-03,C_112,44,,,,S,,56224,Nocturno,,,179862,"POINT (  573979.727138562,   6142088.42804292)",DR CARLOS VAZ FERREIRA 3639 PROV A. FTE 3639,0
2026-05-03,C_112,45,,,,S,,56224,Nocturno,,,183494,"POINT (  574021.350486274,   6142161.67003311)",DR CARLOS VAZ FERREIRA 3660,0
2026-05-03,C_112,46,,,,S,,56224,Nocturno,,,183493,"POINT (  574101.742643137,   6142226.15805054)",AV DR LUIS ALBERTO DE HERRERA 4235,0
2026-05-03,C_112,47,,,,S,,56224,Nocturno,,,181909,"POINT (  574261.789863616,   6142028.66950785)",NELSON 3613,0
2026-05-03,C_112,48,,,,S,,56224,Nocturno,,,183539,"POINT (  574167.325469491,   6141876.16818588)",CHUY 3595 FTE 3578/3598,0
2026-05-03,C_112,49,,,,S,,56224,Nocturno,,,138619,"POINT (  574268.794731445,   6141692.08398623)",GUARDIA ORIENTAL 3493 EN 3491/3493,0
2026-05-03,C_112,50,,,,S,,56224,Nocturno,,,138618,"POINT (  574212.393276187,   6141507.42144383)",GUARDIA ORIENTAL 3260 MURO,0
2026-05-03,C_112,51,,,,S,,56224,Nocturno,,,183313,"POINT (  574211.613380546,   6141504.40236542)",GUARDIA ORIENTAL 3260 PROV OV. (O: LUISA LUISI FTE 1484 MURO),0
2026-05-03,C_112,52,,,,S,,56224,Nocturno,,,183189,"POINT (  573895.808090196,   6141445.72588584)",HERRERO Y ESPINOSA 1364,0
2026-05-03,C_112,53,,,,S,,56224,Nocturno,,,138693,"POINT (  573892.367241166,   6141447.25989155)",HERRERO Y ESPINOSA Esq. RAMON ESTOMBA CERCO VEGETAL,0
2026-05-03,C_112,54,,,,S,,56224,Nocturno,,,138694,"POINT (  573909.078783465,   6141539.59116276)",RAMON ESTOMBA 3352 MURO BAJO,0
2026-05-03,C_112,55,,,,S,,56224,Nocturno,,,138627,"POINT (  573938.741771045,   6141659.49647875)",RAMON ESTOMBA 3430 FTE 3409.BALDIO,0
2026-05-03,C_112,56,,,,S,,56224,Nocturno,,,138695,"POINT (  573972.582644200,   6141763.94361812)",RAMON ESTOMBA 3516 EN 3514/3518,0
2026-05-03,C_112,57,,,,S,,56224,Nocturno,,,138696,"POINT (  573810.936306264,   6141956.80895128)",CARMELO 1371 EN 1373,0
2026-05-03,C_112,58,,,,S,,56224,Nocturno,,,179419,"POINT (  573750.802224619,   6141976.50979008)",CARMELO 1367,0
2026-05-03,C_112,59,,,,S,,56224,Nocturno,,,138621,"POINT (  573525.146634858,   6142421.93108824)",AV DR LUIS ALBERTO DE HERRERA 4493 EN 4495,0
2026-05-03,C_112,60,,,,S,,56224,Nocturno,,,138643,"POINT (  573728.818237684,   6142390.30843967)",AV DR LUIS ALBERTO DE HERRERA 4405,0
2026-05-03,C_112,61,,,,S,,56224,Nocturno,,,138671,"POINT (  573856.916775022,   6142351.87887847)",AV DR LUIS ALBERTO DE HERRERA 4333 VEREDA.FTE 4338,0
2026-05-03,C_112,62,,,,S,,56224,Nocturno,,,138673,"POINT (  573899.287829679,   6142234.61944814)",CUBO DEL NORTE 3717 FTE 3708,0
2026-05-03,C_112,63,,,,S,,56224,Nocturno,,,138680,"POINT (  573827.355574098,   6142102.08673067)",CUBO DEL NORTE 3667 MURO,0
2026-05-03,C_112,64,,,,S,,56224,Nocturno,,,138672,"POINT (  573724.876744228,   6142118.83807786)",JUAN JOSE ARTEAGA 1361 EN 1365/1361,0
2026-05-03,C_112,65,,,,S,,56224,Nocturno,,,183191,"POINT (  573707.885275381,   6142125.83823137)",JUAN JOSE ARTEAGA 1355,0
2026-05-03,C_112,66,,,,N,,56224,Nocturno,,,138670,"POINT (  573746.062271557,   6142229.69258132)",MIGUEL CANE 3693 FTE 3693/3695 MURO,0
2026-05-03,C_112,67,,,,S,,56224,Nocturno,,,138642,"POINT (  573684.969122980,   6142253.34154206)",REYES 1339 VEREDA 1339/1341,0
2026-05-03,C_112,68,,,,S,,56224,Nocturno,,,138628,"POINT (  573593.822086798,   6142211.95586077)",REYES 1309 FTE 1310,0
2026-05-03,C_112,69,,,,S,,56224,Nocturno,,,183192,"POINT (  573583.379238780,   6142208.41528584)",REYES 1305,0
2026-05-03,C_112,70,,,,S,,56224,Nocturno,,,181462,"POINT (  573532.429967320,   6142187.23249412)",REYES 1281 EN 1293,0
2026-05-03,C_112,71,,,,S,,56224,Nocturno,,,181463,"POINT (  573531.122777778,   6142186.46996689)",REYES 1281 EN 1293,0
2026-05-03,C_112,72,,,,S,,56224,Nocturno,,,138697,"POINT (  573461.289369322,   6142264.18064907)",AV JOAQUIN SUAREZ 3760 VEREDA,0
2026-05-03,C_112,73,,,,S,,56224,Nocturno,,,183194,"POINT (  573720.572914161,   6141818.84569630)",REGIDORES 1343,0
2026-05-03,C_112,74,,,,S,,56224,Nocturno,,,183193,"POINT (  573715.997750763,   6141819.28142615)",REGIDORES 1343,0
2026-05-03,C_112,75,,,,S,,56224,Nocturno,,,183197,"POINT (  573747.584929848,   6141695.72880893)",CAIGUA 1344,0
2026-05-03,C_112,76,,,,S,,56224,Nocturno,,,138699,"POINT (  573680.534942842,   6141482.77957132)",CISPLATINA 1343,0
2026-05-03,C_112,77,,,,S,,56224,Nocturno,,,170492,"POINT (  573676.151100001,   6141482.87021905)",CISPLATINA 1343,0
2026-05-03,C_112,78,,,,S,,56224,Nocturno,,,138703,"POINT (  573508.798990279,   6141487.76898853)",CISPLATINA 1265 FTE 1256/1262 MURO BAJO,0
2026-05-03,C_112,79,,,,S,,56224,Nocturno,,,138705,"POINT (  573490.201536392,   6141590.37563067)",AV JOAQUIN SUAREZ 3430 EN 3430/3434,0
2026-05-03,C_112,80,,,,S,,56224,Nocturno,,,138704,"POINT (  573513.608676629,   6141664.44480046)",CAIGUA 1257 ANTES DE 1264,0
2026-05-03,C_112,81,,,,S,,56224,Nocturno,,,138702,"POINT (  573614.291444225,   6141689.45516948)",VENANCIO BENAVIDEZ Esq. CAIGUA EN 3464,0
2026-05-03,C_112,82,,,,S,,56224,Nocturno,,,138710,"POINT (  573601.144968201,   6141809.37668248)",VENANCIO BENAVIDEZ Esq. REGIDORES,0
2026-05-03,C_112,83,,,,S,,56224,Nocturno,,,138711,"POINT (  573596.014636094,   6141865.16904414)",VENANCIO BENAVIDEZ 3528,0
2026-05-03,C_112,84,,,,S,,56224,Nocturno,,,138708,"POINT (  573549.200355620,   6142028.69838005)",VENANCIO BENAVIDEZ 3628,0
2026-05-03,C_112,85,,,,S,,56224,Nocturno,,,138709,"POINT (  573588.639783691,   6142097.95786349)",AV 19 DE ABRIL 1294,0
2026-05-03,C_112,86,,,,S,,56224,Nocturno,,,176202,"POINT (  573659.474115254,   6141939.59941638)",MICENAS 1335 FTE 1336.MURO,0
2026-05-03,C_112,87,,,,S,,56224,Nocturno,,,138706,"POINT (  573653.730872296,   6141937.31433939)",MICENAS 1335 ANTES DE 1335 MURO,0
2026-05-03,C_112,88,,,,S,,56224,Nocturno,,,138707,"POINT (  573483.788621258,   6141869.01679322)",MICENAS 1254 FTE 1260 MURO,0
2026-05-03,C_112,89,,,,S,,56224,Nocturno,,,181986,"POINT (  573677.261974517,   6141331.74632037)",JUAN RODRIGUEZ CORREA 1328 EN 1332,0
2026-05-03,C_112,90,,,,S,,56224,Nocturno,,,182007,"POINT (  573802.771881011,   6141354.15239063)",JUAN RODRIGUEZ CORREA 1388 EN 1388,0
2026-05-03,C_112,91,,,,S,,56224,Nocturno,,,154352,"POINT (  573799.760379272,   6141198.45425804)",PASCUAL RUIZ HUIDOBRO 1381,0
2026-05-03,C_112,92,,,,S,,56224,Nocturno,,,138650,"POINT (  573591.342916761,   6141169.31831742)",PASCUAL RUIZ HUIDOBRO 1304,0
2026-05-03,C_112,93,,,,S,,56224,Nocturno,,,183575,"POINT (  573713.873894076,   6141236.31951805)",AMERICO VESPUCIO 1344,0
2026-05-03,C_112,94,,,,S,,56224,Nocturno,,,138649,"POINT (  573795.315203135,   6141251.59699333)",AMERICO VESPUCIO 1382 PDO ARBOL,0
2026-05-03,C_112,95,,,,S,,56224,Nocturno,,,180869,"POINT (  573844.717569063,   6141261.58359695)",AMERICO VESPUCIO Esq. AV MILLAN FTE. 1399,0
2026-05-03,C_112,96,,,,S,,56224,Nocturno,,,138647,"POINT (  573869.710892127,   6141120.54233590)",ARAPEY 1447 FTE 1442,0
2026-05-03,C_112,97,,,,S,,56224,Nocturno,,,138714,"POINT (  573758.363701981,   6141075.21516115)",ARAPEY 1389,0
2026-05-03,C_112,98,,,,S,,56224,Nocturno,,,183085,"POINT (  573755.748554420,   6141075.60759057)",ARAPEY 1389,0
2026-05-03,C_112,99,,,,S,,56224,Nocturno,,,138715,"POINT (  573660.811738932,   6140966.33140441)",ZAPICAN 3119,0
2026-05-03,C_112,100,,,,S,,56224,Nocturno,,,138674,"POINT (  573626.816357870,   6140906.22362920)",BV GRAL ARTIGAS 4114 VEREDA.EN 4118,0
2026-05-03,C_112,101,,,,S,,56224,Nocturno,,,138651,"POINT (  573567.693956022,   6140900.80407570)",BV GRAL ARTIGAS 4140,0
2026-05-03,C_112,102,,,,S,,56224,Nocturno,,,140432,"POINT (  573561.204879636,   6140989.29551024)",VENANCIO BENAVIDEZ 3200,0
2026-05-03,C_112,103,,,,S,,56224,Nocturno,,,138781,"POINT (  573564.959145848,   6141017.50938965)",VENANCIO BENAVIDEZ 3230 EN 3225/3231 MURO BAJO,0
2026-05-03,C_112,104,,,,S,,56224,Nocturno,,,138675,"POINT (  573957.409121534,   6140932.33602335)",BV GRAL ARTIGAS 3958 VEREDA.EN 3962/3958,0
2026-05-03,C_112,105,,,,S,,56224,Nocturno,,,138717,"POINT (  573837.686257793,   6140922.97497639)",BV GRAL ARTIGAS 4038 VEREDA,0
2026-05-03,C_112,106,,,,S,,56224,Nocturno,,,161872,"POINT (  573758.054689305,   6140945.48256926)",FRANCISCO ESTOLE 3081,0
2026-05-03,C_112,107,,,,S,,56224,Nocturno,,,138653,"POINT (  573814.529983736,   6141004.26827893)",ESPINILLO 1372 MURO BAJO,0
2026-05-03,C_112,108,,,,S,,56224,Nocturno,,,183195,"POINT (  573895.281923094,   6141064.31413442)",ESPINILLO 1392,0
2026-05-03,C_112,109,,,,S,,56224,Nocturno,,,138654,"POINT (  573899.272093051,   6141067.33217424)",ESPINILLO 1392 VEREDA.FTE 1395. MURO BAJO,0
2026-05-03,C_104,1,S,100,,S,,56225,Nocturno,2026-05-04 00:45:16,14,134248,"POINT (  576620.414079748,   6140098.57428556)",CADIZ 2852,0
2026-05-03,C_104,2,S,100,,S,,56225,Nocturno,2026-05-04 00:47:12,14,134247,"POINT (  576667.381770736,   6140167.50297882)",CADIZ 2894,0
2026-05-03,C_104,3,S,100,,S,,56225,Nocturno,2026-05-04 00:48:58,14,134246,"POINT (  576697.197438053,   6140209.34109264)",CADIZ 2908 EN 2908/2916,0
2026-05-03,C_104,4,S,100,,S,,56225,Nocturno,2026-05-04 00:50:35,14,134245,"POINT (  576799.057672621,   6140352.69846550)",CADIZ 2992 ARBOL/COLUMNA,0
2026-05-03,C_104,5,S,100,,S,,56225,Nocturno,2026-05-04 00:53:57,14,134262,"POINT (  576861.904955085,   6140437.44697754)",CADIZ 3028 EN 3032,0
2026-05-03,C_104,6,S,100,,S,,56225,Nocturno,2026-05-04 00:56:02,14,134203,"POINT (  576880.499672336,   6140463.73606055)",CADIZ 3040 EN 3042. COMERCIOS,0
2026-05-03,C_104,7,S,100,,S,,56225,Nocturno,2026-05-04 00:37:51,14,180198,"POINT (  576919.171875240,   6140515.95355318)",CADIZ 3062 VEREDA,0
2026-05-03,C_104,8,S,100,,S,,56225,Nocturno,2026-05-04 00:37:46,14,180391,"POINT (  576921.574758703,   6140517.97993675)",CADIZ 3062 VEREDA,0
2026-05-03,C_104,9,S,100,,S,,56225,Nocturno,2026-05-04 00:41:11,14,180194,"POINT (  577014.028978115,   6140616.46120591)",CADIZ 3100 VEREDA. ARBOL/ARBOL,0
2026-05-03,C_104,10,S,100,,S,,56225,Nocturno,2026-05-03 23:01:59,3,183604,"POINT (  577060.108810011,   6140668.39183129)",CADIZ 3150 PROV OV. (O: TOMAS GOMENSORO 2976),0
2026-05-03,C_104,11,S,25,,S,,56225,Nocturno,2026-05-03 23:03:24,3,179227,"POINT (  577141.135646405,   6140683.85848170)",BV JOSE BATLLE Y ORDOÑEZ 3293 EN 3285. MURO. Frigorífico.,0
2026-05-03,C_104,12,S,100,,S,,56225,Nocturno,2026-05-03 23:05:08,3,177273,"POINT (  577351.850215455,   6140485.41178452)",BV JOSE BATLLE Y ORDOÑEZ 3191,0
2026-05-03,C_104,13,S,100,,S,,56225,Nocturno,2026-05-03 23:07:32,3,180343,"POINT (  577512.673435076,   6140269.61776928)",MONTE CASEROS 3341,0
2026-05-03,C_104,14,S,25,,S,,56225,Nocturno,2026-05-03 23:07:40,3,134244,"POINT (  577509.901523108,   6140267.77981813)",MONTE CASEROS 3341,0
2026-05-03,C_104,15,S,50,,S,,56225,Nocturno,2026-05-03 23:07:43,3,134193,"POINT (  577507.340134544,   6140265.41545946)",MONTE CASEROS 3341,0
2026-05-03,C_104,16,S,75,,S,,56225,Nocturno,2026-05-03 23:11:15,3,134227,"POINT (  577444.687954858,   6140280.49133484)",AV DAMASO ANTONIO LARRAÑAGA 3355 EN 3357. VIVIENDA C/REJAS,0
2026-05-03,C_104,17,S,100,,S,,56225,Nocturno,2026-05-03 23:13:29,3,134229,"POINT (  577361.735046156,   6140323.93333666)",TOMAS GOMENSORO 2790 MURO,0
2026-05-03,C_104,18,S,100,,S,,56225,Nocturno,2026-05-03 23:14:56,3,180546,"POINT (  577275.665147213,   6140281.69226200)",GRAL JULIO AMADEO ROLETTI 3267 EN 3267,0
2026-05-03,C_104,19,S,100,,S,,56225,Nocturno,2026-05-03 23:16:53,3,140612,"POINT (  577254.008783628,   6140233.91850537)",JOAQUIN CAMPANA 2785,0
2026-05-03,C_104,20,S,100,,S,,56225,Nocturno,2026-05-03 23:19:02,3,183329,"POINT (  577328.201362310,   6140150.69981002)",JOAQUIN CAMPANA 2761,0
2026-05-03,C_104,21,N,,Contenedor No Está,S,,56225,Nocturno,2026-05-03 23:19:07,,139612,"POINT (  577339.456454223,   6140139.38720853)",JOAQUIN CAMPANA Esq. MONTE CASEROS,0
2026-05-03,C_104,22,N,,Contenedor No Está,S,,56225,Nocturno,2026-05-03 23:22:29,,183480,"POINT (  577273.044030045,   6140094.54221525)",ECHEANDIA 2752,0
2026-05-03,C_104,23,S,100,,S,,56225,Nocturno,2026-05-03 23:22:23,3,134197,"POINT (  577200.170536712,   6140191.13519109)",ECHEANDIA 2796,0
2026-05-03,C_104,24,S,100,,S,,56225,Nocturno,2026-05-03 23:23:53,3,134272,"POINT (  577142.637808959,   6140179.11636783)",GRAL JULIO AMADEO ROLETTI 3185 MURO DE PIEDRA,0
2026-05-03,C_104,25,S,100,,S,Requiere Mantenimiento,56225,Nocturno,2026-05-03 23:23:57,3,180491,"POINT (  577140.779456428,   6140178.07045017)",GRAL JULIO AMADEO ROLETTI 3185,0
2026-05-03,C_104,26,S,100,,S,,56225,Nocturno,2026-05-03 23:28:37,3,134273,"POINT (  577058.900105894,   6140287.87686687)",EMILIO RAÑA 3012 ANTES CORDON ROJO,0
2026-05-03,C_104,27,S,100,,S,,56225,Nocturno,2026-05-03 23:30:07,3,134220,"POINT (  577098.700143586,   6140316.64323075)",EMILIO RAÑA 3024 FTE SALIDA EDIFICIO,0
2026-05-03,C_104,28,S,100,,S,,56225,Nocturno,2026-05-03 23:32:00,3,134224,"POINT (  577162.143768026,   6140364.91555369)",EMILIO RAÑA 3054 ANTES ARBOL,0
2026-05-03,C_104,29,S,100,,S,,56225,Nocturno,2026-05-03 23:34:06,3,134267,"POINT (  577233.074528270,   6140444.12156929)",TOMAS GOMENSORO 2866 MURO LADRILLO,0
2026-05-03,C_104,30,S,75,,S,,56225,Nocturno,2026-05-03 23:34:11,3,134268,"POINT (  577230.316109816,   6140447.07701764)",TOMAS GOMENSORO 2866 MURO LADRILLO,0
2026-05-03,C_104,31,S,100,,S,,56225,Nocturno,2026-05-03 23:38:18,3,134221,"POINT (  577102.049651709,   6140500.66914760)",THOMPSON 3095,0
2026-05-03,C_104,32,S,100,,S,,56225,Nocturno,2026-05-03 23:44:52,3,134216,"POINT (  577062.634401820,   6140471.85178777)",THOMPSON 3083,0
2026-05-03,C_104,33,S,100,,S,,56225,Nocturno,2026-05-03 23:48:48,3,134215,"POINT (  576997.032720571,   6140425.20669990)",THOMPSON 3061 EDIFICIO,0
2026-05-03,C_104,34,S,75,,S,,56225,Nocturno,2026-05-04 00:58:20,14,134254,"POINT (  577063.133751546,   6140144.81204662)",DR LUIS ALBERTO SURRACO 2979 EN 2979/2981,0
2026-05-03,C_104,35,S,100,,S,,56225,Nocturno,2026-05-04 00:59:25,14,137352,"POINT (  577041.544305391,   6140115.90834410)",DR LUIS ALBERTO SURRACO 2963 FTE 2933,0
2026-05-03,C_104,36,S,100,,S,,56225,Nocturno,2026-05-04 01:00:51,14,134250,"POINT (  576987.897881482,   6140039.18401917)",DR LUIS ALBERTO SURRACO 2927 CASA ABANDONADA,0
2026-05-03,C_104,37,S,75,,S,,56225,Nocturno,2026-05-04 01:02:29,14,134249,"POINT (  576966.861272889,   6140007.81358565)",DR LUIS ALBERTO SURRACO 2907,0
2026-05-03,C_104,38,S,100,,S,,56225,Nocturno,2026-05-04 01:03:49,14,170092,"POINT (  576899.593400366,   6139922.38091719)",DR LUIS ALBERTO SURRACO 2871,0
2026-05-03,C_104,39,S,75,,S,,56225,Nocturno,2026-05-04 01:05:51,14,171772,"POINT (  576845.974679856,   6139869.96882735)",DR LUIS ALBERTO SURRACO 2769,0
2026-05-03,C_104,40,S,25,,S,,56225,Nocturno,2026-05-04 01:07:19,14,176236,"POINT (  576822.151637647,   6139849.25002794)",DR LUIS ALBERTO SURRACO 2745,0
2026-05-03,C_104,41,S,25,,S,,56225,Nocturno,2026-05-04 01:07:22,14,176237,"POINT (  576789.501077014,   6139815.24766012)",DR LUIS ALBERTO SURRACO 2721,0
2026-05-03,C_104,42,S,100,,S,,56225,Nocturno,2026-05-04 01:09:10,14,180590,"POINT (  576788.565914458,   6139814.30491566)",DR LUIS ALBERTO SURRACO 2721,0
2026-05-03,C_104,43,S,100,,S,,56225,Nocturno,2026-05-04 01:11:02,14,180591,"POINT (  576661.407279917,   6139691.13724498)",DR LUIS ALBERTO SURRACO 2613,0
2026-05-03,C_104,44,S,100,,S,Requiere Mantenimiento,56225,Nocturno,2026-05-04 01:11:05,14,176238,"POINT (  576660.339922699,   6139690.20958880)",DR LUIS ALBERTO SURRACO 2613,0
2026-05-03,C_104,45,S,100,,S,,56225,Nocturno,2026-05-04 01:14:50,14,180592,"POINT (  576585.855071080,   6139613.32600000)",DR LUIS ALBERTO SURRACO 2559,0
2026-05-03,C_104,46,S,100,,S,,56225,Nocturno,2026-05-04 01:14:54,14,183489,"POINT (  576585.351340523,   6139612.96275469)",DR LUIS ALBERTO SURRACO 2559,0
2026-05-03,C_104,47,S,100,,S,,56225,Nocturno,2026-05-04 02:27:00,18,161433,"POINT (  576493.847135895,   6139490.18040969)",DR LUIS ALBERTO SURRACO 2493 EN 2493/2495,0
2026-05-03,C_104,48,S,100,,S,Requiere Mantenimiento,56225,Nocturno,2026-05-04 02:27:04,18,180593,"POINT (  576480.232581118,   6139476.65431325)",DR LUIS ALBERTO SURRACO 2489 EN 2489 BIS,0
2026-05-03,C_104,49,S,75,,S,Requiere Mantenimiento,56225,Nocturno,2026-05-04 02:32:26,18,183490,"POINT (  576426.691209804,   6139391.31242789)",JOSE HERNANDEZ 2510,0
2026-05-03,C_104,50,S,100,,S,,56225,Nocturno,2026-05-04 02:32:17,18,183491,"POINT (  576425.819750109,   6139392.18388758)",JOSE HERNANDEZ 2510,0
2026-05-03,C_104,51,S,100,,S,,56225,Nocturno,2026-05-04 02:30:24,18,143812,"POINT (  576408.214872951,   6139405.06732927)",DR LUIS ALBERTO SURRACO 2447,0
2026-05-03,C_104,52,S,100,,S,,56225,Nocturno,2026-05-04 02:37:16,18,180298,"POINT (  576251.858635495,   6139406.58006200)",EMILIO RAÑA 2403 EN 2404,0
2026-05-03,C_104,53,S,100,,S,,56225,Nocturno,2026-05-04 02:38:56,18,134289,"POINT (  576295.517861205,   6139449.23633233)",EMILIO RAÑA 2428 FTE 2423,0
2026-05-03,C_104,54,S,100,,S,,56225,Nocturno,2026-05-04 02:43:19,18,134284,"POINT (  576347.957163985,   6139501.11177164)",EMILIO RAÑA 2452 EN 2454. ARBOL/ARBOL,0
2026-05-03,C_104,55,S,100,,S,Requiere Mantenimiento,56225,Nocturno,2026-05-04 02:43:24,18,180276,"POINT (  576349.027313538,   6139501.94729568)",EMILIO RAÑA 2452 PROV A. EN 2454,0
2026-05-03,C_104,56,S,100,,S,Requiere Limpieza,56225,Nocturno,2026-05-04 02:48:14,18,176512,"POINT (  576428.480959085,   6139575.54748561)",EMILIO RAÑA 2498 REJAS,0
2026-05-03,C_104,57,,,,S,,56225,Nocturno,,,179181,"POINT (  576493.162482571,   6139641.19755120)",EMILIO RAÑA 2540,0
2026-05-03,C_104,58,,,,S,,56225,Nocturno,,,181636,"POINT (  576497.152074699,   6139646.00050603)",EMILIO RAÑA 2540,0
2026-05-03,C_104,59,,,,S,,56225,Nocturno,,,179182,"POINT (  576538.641785403,   6139684.66160349)",EMILIO RAÑA 2566,0
2026-05-03,C_104,60,,,,S,,56225,Nocturno,,,159832,"POINT (  576556.417080083,   6139704.52784711)",EMILIO RAÑA 2578 EN 2578/2584,0
2026-05-03,C_104,61,,,,S,,56225,Nocturno,,,155819,"POINT (  576645.980050673,   6139793.58220342)",EMILIO RAÑA 2632 EN 2634,0
2026-05-03,C_104,62,,,,S,,56225,Nocturno,,,134285,"POINT (  576715.852855747,   6139863.11610248)",EMILIO RAÑA 2700 EN 2696. MURO,0
2026-05-03,C_104,63,,,,S,,56225,Nocturno,,,134293,"POINT (  576741.533866573,   6139892.62097484)",EMILIO RAÑA 2722,0
2026-05-03,C_104,64,,,,S,,56225,Nocturno,,,134291,"POINT (  576856.638625418,   6140034.92550674)",EMILIO RAÑA 2892 EN 2896/2894,0
2026-05-03,C_104,65,,,,S,,56225,Nocturno,,,134257,"POINT (  576912.790315777,   6140114.14040004)",EMILIO RAÑA 2934 EN 2934/2936,0
2026-05-03,C_104,66,,,,S,,56225,Nocturno,,,134256,"POINT (  576979.806438889,   6140211.51735931)",EMILIO RAÑA 2976 FTE 2959. MURO DE PIEDRA,0
2026-05-03,C_104,67,,,,S,,56225,Nocturno,,,173452,"POINT (  577029.381483811,   6140260.93844446)",EMILIO RAÑA 3001,0
2026-05-03,C_104,68,S,100,,S,,56225,Nocturno,2026-05-04 02:06:09,18,183481,"POINT (  577160.600083857,   6139999.13862781)",PEDRO VIDAL 2595,0
2026-05-03,C_104,69,S,100,,S,,56225,Nocturno,2026-05-04 02:06:16,18,183482,"POINT (  577159.366900000,   6140000.03548879)",PEDRO VIDAL 2595,0
2026-05-03,C_104,70,S,100,,S,Requiere Limpieza,56225,Nocturno,2026-05-04 02:09:28,18,183750,"POINT (  577047.685631579,   6140077.15124386)",PEDRO VIDAL 2503,0
2026-05-03,C_104,71,S,50,,S,,56225,Nocturno,2026-05-04 02:09:32,18,183749,"POINT (  577046.698789474,   6140077.91878772)",PEDRO VIDAL 2503,0
2026-05-03,C_104,72,S,100,,S,,56225,Nocturno,2026-05-04 01:59:44,18,183484,"POINT (  577043.828481046,   6139920.39384445)",JUAN CABAL 2548,0
2026-05-03,C_104,73,S,75,,S,,56225,Nocturno,2026-05-04 02:01:09,18,183483,"POINT (  577009.732620480,   6139944.68578344)",JUAN CABAL 2532,0
2026-05-03,C_104,74,S,100,,S,Requiere Limpieza,56225,Nocturno,2026-05-04 02:11:33,18,183485,"POINT (  576960.495147713,   6139853.40038039)",MARIANO MORENO 2593,0
2026-05-03,C_104,75,S,100,,S,,56225,Nocturno,2026-05-04 02:24:41,18,183486,"POINT (  576783.153099782,   6139715.70974859)",JAIME CIBILS 2535,0
2026-05-03,C_104,76,S,100,,S,Requiere Limpieza,56225,Nocturno,2026-05-04 02:17:29,18,183487,"POINT (  576718.466808933,   6139611.62833203)",AZAMBUYA 2545 FTE 2548,0
2026-05-03,C_104,77,S,100,,S,,56225,Nocturno,2026-05-04 02:17:35,18,183488,"POINT (  576715.852429848,   6139614.24271111)",AZAMBUYA 2545,0
2026-05-03,C_104,78,,,,S,,56225,Nocturno,,,180371,"POINT (  576248.833172810,   6139103.12244903)",BV GRAL ARTIGAS 2168,0
2026-05-03,C_104,79,,,,S,,56225,Nocturno,,,177086,"POINT (  576248.766975997,   6139103.89230672)",BV GRAL ARTIGAS 2168,0
2026-05-03,C_104,80,,,,S,,56225,Nocturno,,,180428,"POINT (  576240.525112418,   6139209.31744793)",BV GRAL ARTIGAS 2202 EN 2208,0
2026-05-03,C_104,81,,,,S,,56225,Nocturno,,,180427,"POINT (  576240.416179956,   6139210.62463747)",BV GRAL ARTIGAS 2202 EN 2208,0
2026-05-03,C_104,82,,,,S,,56225,Nocturno,,,137074,"POINT (  576234.004430912,   6139285.29910339)",BV GRAL ARTIGAS Esq. COQUIMBO,0
2026-05-03,C_104,83,,,,S,,56225,Nocturno,,,137072,"POINT (  576233.654650951,   6139288.44712304)",BV GRAL ARTIGAS Esq. COQUIMBO,0
2026-05-03,C_104,84,,,,S,,56225,Nocturno,,,137075,"POINT (  576232.780201049,   6139299.20285683)",BV GRAL ARTIGAS 2256 EN 2258,0
2026-05-03,C_104,85,,,,S,,56225,Nocturno,,,137076,"POINT (  576232.605311068,   6139301.12664662)",BV GRAL ARTIGAS 2256 EN 2258,0
2026-05-03,C_104,86,,,,S,,56225,Nocturno,,,137092,"POINT (  576232.485730655,   6139303.61661426)",BV GRAL ARTIGAS 2256 EN 2258,0
2026-05-03,C_104,87,,,,S,,56225,Nocturno,,,134258,"POINT (  576214.178182230,   6139535.18481392)",BV GRAL ARTIGAS 2372 VEREDA. EN 2372.,0
2026-05-03,C_104,88,,,,S,,56225,Nocturno,,,134297,"POINT (  576211.573888477,   6139562.39811375)",BV GRAL ARTIGAS 2388 VEREDA,0
2026-05-03,C_104,89,,,,S,,56225,Nocturno,,,134210,"POINT (  576207.929147844,   6139617.15567942)",BV GRAL ARTIGAS 2412 VEREDA,0
2026-05-03,C_104,90,,,,S,,56225,Nocturno,,,134209,"POINT (  576207.775188077,   6139620.08091499)",BV GRAL ARTIGAS 2412 VEREDA,0
2026-05-03,C_104,91,,,,S,,56225,Nocturno,,,134269,"POINT (  576200.697132227,   6139708.08536999)",BV GRAL ARTIGAS 2440 VEREDA. PDO REBAJE,0
2026-05-03,C_104,92,,,,S,,56225,Nocturno,,,134261,"POINT (  576191.352313477,   6139805.97617624)",BV GRAL ARTIGAS 2456,0
2026-05-03,C_104,93,,,,S,,56225,Nocturno,,,134211,"POINT (  576189.360794727,   6139826.35094499)",BV GRAL ARTIGAS 2474,0
2026-05-03,C_104,94,,,,S,,56225,Nocturno,,,134270,"POINT (  576183.278625825,   6139871.97190034)",BV GRAL ARTIGAS 2474,0
2026-05-03,C_104,95,,,,S,,56225,Nocturno,,,182123,"POINT (  576274.443209784,   6140102.21703607)",QUIJOTE 2561 EN 2621,0
2026-05-03,C_104,96,,,,S,,56225,Nocturno,,,134214,"POINT (  576274.842907227,   6140094.44000749)",QUIJOTE 2561 SALIDA VIVIENDAS,0
2026-05-03,C_104,97,,,,S,,56225,Nocturno,,,134213,"POINT (  576276.068457227,   6140080.65256999)",QUIJOTE 2561 VEREDA. SALIDA VIVIENDAS,0
2026-05-03,C_104,98,,,,S,,56225,Nocturno,,,134212,"POINT (  576283.268563477,   6139986.13202624)",QUIJOTE 2526,0
2026-05-03,C_104,99,,,,S,,56225,Nocturno,,,134298,"POINT (  576291.387832227,   6139885.17734499)",QUIJOTE 2496 PDO REBAJE. ARBOL/ARBOL,0
2026-05-03,C_104,100,,,,S,,56225,Nocturno,,,134219,"POINT (  576297.995611445,   6139815.91773841)",QUIJOTE 2480 PARADA/COLUMNA,0
2026-05-03,C_104,101,,,,S,,56225,Nocturno,,,134266,"POINT (  576298.303530978,   6139811.45290517)",QUIJOTE 2480 PARADA/COLUMNA,0
2026-05-03,C_104,102,,,,S,,56225,Nocturno,,,134300,"POINT (  576378.086151977,   6139723.74533231)",MARTIN FIERRO 2518 VEREDA,0
2026-05-03,C_104,103,,,,S,,56225,Nocturno,,,176267,"POINT (  576440.963120668,   6139778.21576196)",MARTIN FIERRO Esq. CNEL LUCAS PIRIZ,0
2026-05-03,C_104,104,,,,S,,56225,Nocturno,,,134299,"POINT (  576442.525342564,   6139779.50625355)",MARTIN FIERRO Esq. CNEL LUCAS PIRIZ VEREDA. ARBOL/CARTEL,0
2026-05-03,C_104,105,,,,S,,56225,Nocturno,,,172112,"POINT (  576447.336585278,   6139783.54769743)",MARTIN FIERRO 2580,0
2026-05-03,C_104,106,,,,S,,56225,Nocturno,,,182302,"POINT (  576563.865997386,   6139879.44895556)",MARTIN FIERRO 2640 EN 2638,0
2026-05-03,C_104,107,,,,S,,56225,Nocturno,,,134239,"POINT (  576712.301344007,   6140032.46215047)",THOMPSON Esq. MARIANO MORENO PDO BT,0
2026-05-03,C_104,108,,,,S,,56225,Nocturno,,,134202,"POINT (  576763.573594431,   6140108.04115979)",THOMPSON Esq. JUAN CABAL,0
2026-05-03,C_104,109,,,,S,,56225,Nocturno,,,181905,"POINT (  576764.631977778,   6140109.56087168)",THOMPSON Esq. JUAN CABAL,0
2026-05-03,C_104,110,,,,S,,56225,Nocturno,,,180392,"POINT (  576854.737443572,   6140339.14034631)",JOSE CATALA 2376 EN 2376/2380,0
2026-05-03,C_104,111,,,,S,,56225,Nocturno,,,134241,"POINT (  576888.097358685,   6140317.76539433)",JOSE CATALA 2388,0
2026-05-03,C_108,91,,,,N,,56226,Nocturno,,,183425,"POINT (  573896.591609102,   6139995.59246052)",SAN FRUCTUOSO 1295 PROV OV. (SAN FRUCTUOSO 1305/1307. ARBOL/ARBOL),0
2026-05-03,C_108,92,S,100,,S,Requiere Limpieza,56226,Nocturno,2026-05-03 23:52:39,,134702,"POINT (  573733.869740111,   6139953.21376783)",SAN FRUCTUOSO 1211,0
2026-05-03,C_108,93,S,100,,S,Requiere Limpieza,56226,Nocturno,2026-05-03 23:55:56,,134703,"POINT (  573638.206637764,   6139925.36728056)",SAN FRUCTUOSO 1159,0
2026-05-03,C_108,94,S,100,,S,,56226,Nocturno,2026-05-03 23:58:57,,139652,"POINT (  573564.185119395,   6139903.19313723)",SAN FRUCTUOSO 1120 FTE 1118.,0
2026-05-03,C_108,95,S,100,,S,,56226,Nocturno,2026-05-04 00:00:44,,182331,"POINT (  573549.839822423,   6139899.12109808)",SAN FRUCTUOSO 1112 FTE 1112,0
2026-05-03,C_108,96,S,100,,S,Requiere Limpieza,56226,Nocturno,2026-05-04 00:04:36,,136174,"POINT (  573640.988384179,   6139819.14597122)",GRAL PALLEJAS 2559 EN 2561.,0
2026-05-03,C_108,97,S,100,,S,Requiere Limpieza,56226,Nocturno,2026-05-04 00:07:44,,134704,"POINT (  573648.784994348,   6139793.38325935)",GRAL PALLEJAS 2553 FTE 2554,0
2026-05-03,C_108,98,S,100,,S,,56226,Nocturno,2026-05-04 00:10:05,,134695,"POINT (  573682.513807907,   6139749.65444579)",ENTRE RIOS Esq. GRAL PALLEJAS MURO,0
2026-05-03,C_108,99,S,100,,S,Requiere Limpieza,56226,Nocturno,2026-05-04 00:11:33,,137552,"POINT (  573746.581604517,   6139766.77308986)",ENTRE RIOS 1193 FTE 1197,0
2026-05-03,C_108,100,,,,N,,56226,Nocturno,,,134644,"POINT (  573834.844316382,   6139827.53580173)",ZAPICAN 2556 FTE 2557. MURO BAJO,0
2026-05-03,C_108,101,,,,N,,56226,Nocturno,,,134694,"POINT (  573834.674824857,   6139829.06122546)",ZAPICAN 2556 FTE 2557. MURO BAJO,0
2026-05-03,C_108,102,S,100,,S,,56226,Nocturno,2026-05-04 00:20:45,,134636,"POINT (  573824.251096043,   6139881.01037800)",ZAPICAN 2586 EN 2574,0
2026-05-03,C_108,103,S,100,,S,,56226,Nocturno,2026-05-04 00:20:50,,134638,"POINT (  573818.022282484,   6139911.77308986)",ZAPICAN 2596 FTE 2577,0
2026-05-03,C_108,104,S,100,,S,,56226,Nocturno,2026-05-04 00:20:53,,134631,"POINT (  573817.344316382,   6139916.34936105)",ZAPICAN 2596 FTE 2577,0
2026-05-03,C_108,105,S,100,,S,Requiere Limpieza,56226,Nocturno,2026-05-04 00:21:06,,139472,"POINT (  573809.293468924,   6139952.62054749)",ZAPICAN 2599,0
2026-05-03,C_108,106,S,100,,S,,56226,Nocturno,2026-05-04 00:34:48,,180642,"POINT (  573725.956503640,   6139881.81585950)",CASTILLOS 2577 EN 2575/2577,0
2026-05-03,C_108,107,S,100,,S,Requiere Limpieza,56226,Nocturno,2026-05-04 00:41:55,,181240,"POINT (  574067.381166965,   6139868.95591114)",CIRC INT CONT MELO Esq. SANTA FE REJA. PDO 1299,0
2026-05-03,C_108,108,S,100,,S,Requiere Limpieza,56226,Nocturno,2026-05-04 00:42:03,,181241,"POINT (  574066.484880154,   6139868.57178822)",CIRC INT CONT MELO Esq. SANTA FE REJA. PDO 1299,0
2026-05-03,C_108,109,S,100,,S,Requiere Limpieza,56226,Nocturno,2026-05-04 00:44:55,,181414,"POINT (  573926.836914053,   6139793.97792865)",SANTA FE 1223,0
2026-05-03,C_108,110,S,100,,S,Requiere Limpieza,56226,Nocturno,2026-05-04 00:49:10,,155772,"POINT (  573786.327367229,   6139717.66292037)",SANTA FE 1177,0
2026-05-03,C_108,111,S,100,,S,Requiere Limpieza,56226,Nocturno,2026-05-04 00:50:25,,134649,"POINT (  573666.671915369,   6139651.16996170)",SANTA FE 1123,0
2026-05-03,C_108,1,S,100,,S,Requiere Limpieza,56226,Nocturno,2026-05-04 02:02:26,,155798,"POINT (  573720.734146892,   6140879.65444580)",BV GRAL ARTIGAS 4085 EN 4087,1
2026-05-03,C_108,2,S,50,,S,,56226,Nocturno,2026-05-04 02:17:05,,134708,"POINT (  573833.361265536,   6140887.95953055)",BV GRAL ARTIGAS 4043,1
2026-05-03,C_108,3,S,100,,S,Requiere Limpieza,56226,Nocturno,2026-05-04 02:17:09,,134706,"POINT (  573901.327367231,   6140893.80698818)",BV GRAL ARTIGAS 4009,1
2026-05-03,C_108,4,S,100,,S,,56226,Nocturno,2026-05-04 02:17:14,,134707,"POINT (  573987.683299434,   6140900.41715767)",BV GRAL ARTIGAS 3967,1
2026-05-03,C_108,5,S,100,,S,,56226,Nocturno,2026-05-04 02:17:18,,180772,"POINT (  574044.691836246,   6140902.75502007)",BV GRAL ARTIGAS 3931 VEREDA. EN 3931,1
2026-05-03,C_108,6,S,100,,S,,56226,Nocturno,2026-05-04 02:17:22,,161532,"POINT (  574125.225672315,   6140910.84088648)",BV GRAL ARTIGAS 3905 VEREDA,1
2026-05-03,C_108,7,S,100,,S,,56226,Nocturno,2026-05-04 02:17:26,,134669,"POINT (  574230.528433294,   6140919.33669138)",BV GRAL ARTIGAS 3861 VEREDA.,1
2026-05-03,C_108,8,S,25,,S,,56226,Nocturno,2026-05-04 02:17:00,,134671,"POINT (  574322.845820968,   6140927.06199579)",BV GRAL ARTIGAS 3821 VEREDA. BSE,1
2026-05-03,C_108,9,S,50,,S,Requiere Limpieza,56226,Nocturno,2026-05-04 02:18:45,,179095,"POINT (  574472.373867974,   6140936.99481939)",BV GRAL ARTIGAS 3763 EN 3763,1
2026-05-03,C_108,10,S,100,,S,Requiere Limpieza,56226,Nocturno,2026-05-04 02:20:58,,134617,"POINT (  574563.615502824,   6140944.73919156)",BV GRAL ARTIGAS 3713 VEREDA. MURO BAJO. CERCO VEGETAL,1
2026-05-03,C_108,11,S,25,,S,,56226,Nocturno,2026-05-04 02:23:40,,137512,"POINT (  574720.988384180,   6140951.01037800)",AV GRAL SAN MARTIN 2993 EN ESQUINA/PALMERA,1
2026-05-03,C_108,12,S,100,,S,,56226,Nocturno,2026-05-04 02:24:59,,140932,"POINT (  574720.395163841,   6140947.87478478)",AV GRAL SAN MARTIN 2993 EN 2995,1
2026-05-03,C_108,13,S,75,,S,,56226,Nocturno,2026-05-04 02:26:21,,181756,"POINT (  574686.435695262,   6140863.45789882)",ANTONIO MACHADO 1597 ANTES DE 1597,1
2026-05-03,C_108,14,S,75,,S,Requiere Limpieza,56226,Nocturno,2026-05-04 02:27:42,,134657,"POINT (  574629.717197739,   6140857.87478478)",ANTONIO MACHADO 1581 REBAJE/COLUMNA,1
2026-05-03,C_108,15,S,100,,S,Requiere Limpieza,56226,Nocturno,2026-05-04 02:29:14,,134618,"POINT (  574577.852790959,   6140854.06122546)",ANTONIO MACHADO 1569 EN 1567/1569,1
2026-05-03,C_108,16,S,100,,S,Requiere Limpieza,56226,Nocturno,2026-05-04 02:32:04,,134712,"POINT (  574466.810995596,   6140845.38469478)",ANTONIO MACHADO 1527 FTE 1528. MURO,1
2026-05-03,C_108,17,S,100,,S,,56226,Nocturno,2026-05-04 02:37:25,,134716,"POINT (  574372.735271765,   6140837.30748617)",ANTONIO MACHADO 1481 EN 1495,1
2026-05-03,C_108,18,S,100,,S,,56226,Nocturno,2026-05-04 02:37:36,,181634,"POINT (  574370.689254217,   6140837.40963735)",ANTONIO MACHADO 1481 EN 1493,1
2026-05-03,C_108,19,S,100,,S,,56226,Nocturno,2026-05-04 02:39:29,,134715,"POINT (  574294.971435027,   6140831.60359834)",ANTONIO MACHADO 1457 MURO,1
2026-05-03,C_108,20,S,100,,S,,56226,Nocturno,2026-05-04 02:39:34,,183021,"POINT (  574282.041380226,   6140830.51759435)",ANTONIO MACHADO 1453 EN 1455,1
2026-05-03,C_108,21,S,100,,S,,56226,Nocturno,2026-05-04 02:45:11,,134713,"POINT (  574100.310418078,   6140817.19681868)",ANTONIO MACHADO 1409,1
2026-05-03,C_108,22,S,100,,S,Requiere Limpieza,56226,Nocturno,2026-05-04 02:45:15,,134714,"POINT (  574097.598553671,   6140817.02732716)",ANTONIO MACHADO 1409,1
2026-05-03,C_108,23,S,100,,S,,56226,Nocturno,2026-05-04 02:46:32,,181993,"POINT (  574005.978887713,   6140849.35664482)",GRITO DE ASENCIO 1481 EN 1485,1
2026-05-03,C_108,24,S,75,,S,,56226,Nocturno,2026-05-04 02:48:58,,182006,"POINT (  573953.774704316,   6140837.38997361)",GRITO DE ASENCIO 1437,1
2026-05-03,C_108,25,S,100,,S,,56226,Nocturno,2026-05-04 02:52:36,,181994,"POINT (  573867.071037884,   6140816.47837406)",GRITO DE ASENCIO 1385 EN 1385/1377,1
2026-05-03,C_108,26,S,100,,S,,56226,Nocturno,2026-05-04 02:52:41,,181995,"POINT (  573812.577294994,   6140797.59327736)",GRITO DE ASENCIO 1359,1
2026-05-03,C_108,27,S,100,,S,,56226,Nocturno,2026-05-04 02:54:55,,182047,"POINT (  573713.763444141,   6140715.71215302)",GRITO DE ASENCIO 1311,1
2026-05-03,C_108,28,S,100,,S,,56226,Nocturno,2026-05-04 02:57:56,,134620,"POINT (  573731.327367230,   6140671.34936106)",GRAL ENRIQUE MARTINEZ 1214,1
2026-05-03,C_108,29,S,100,,S,,56226,Nocturno,2026-05-04 02:59:24,,134645,"POINT (  573793.107028247,   6140677.45105597)",GRAL ENRIQUE MARTINEZ 1228,1
2026-05-03,C_108,30,S,100,,S,,56226,Nocturno,2026-05-04 03:02:42,,134676,"POINT (  573887.768045196,   6140684.90868309)",GRAL ENRIQUE MARTINEZ 1294,1
2026-05-03,C_108,31,S,100,,S,,56226,Nocturno,2026-05-04 03:06:38,,134678,"POINT (  573948.954485874,   6140690.24766614)",GRAL ENRIQUE MARTINEZ 1312,1
2026-05-03,C_108,32,S,100,,S,Poda,56226,Nocturno,2026-05-04 03:09:14,,135312,"POINT (  574044.702685069,   6140699.22886341)",GRAL ENRIQUE MARTINEZ 1348,1
2026-05-03,C_108,33,S,100,,S,Requiere Limpieza,56226,Nocturno,2026-05-04 03:10:43,,134679,"POINT (  574083.276519772,   6140701.77308987)",GRAL ENRIQUE MARTINEZ 1352 EN 1384. ANTES DE CARGA Y DESCARGA,1
2026-05-03,C_108,34,S,100,,S,"Poda, Requiere Limpieza",56226,Nocturno,2026-05-04 03:13:17,,170392,"POINT (  574222.980402300,   6140711.51927901)",GRAL ENRIQUE MARTINEZ 1432,1
2026-05-03,C_108,35,S,100,,S,,56226,Nocturno,2026-05-04 03:15:42,,134621,"POINT (  574313.361265535,   6140718.29851360)",GRAL ENRIQUE MARTINEZ 1464 EN 1458/1464. PDO SALIDA GARAJE,1
2026-05-03,C_108,36,S,100,,S,Requiere Limpieza,56226,Nocturno,2026-05-04 03:19:51,,134624,"POINT (  574396.920587569,   6140724.31546275)",GRAL ENRIQUE MARTINEZ 1494 EN 1496,1
2026-05-03,C_108,37,S,100,,S,Requiere Limpieza,56226,Nocturno,2026-05-04 03:20:15,,134718,"POINT (  574456.012242543,   6140730.29060609)",GRAL ENRIQUE MARTINEZ 1506 EN 1516,1
2026-05-03,C_108,38,S,100,,S,Requiere Limpieza,56226,Nocturno,2026-05-04 03:25:25,,134623,"POINT (  574499.632451976,   6140735.75614071)",GRAL ENRIQUE MARTINEZ 1544,1
2026-05-03,C_108,39,,,,S,,56226,Nocturno,,,134650,"POINT (  574566.073129942,   6140743.38325936)",GRAL ENRIQUE MARTINEZ 1572,1
2026-05-03,C_108,40,,,,S,,56226,Nocturno,,,134633,"POINT (  574603.954485874,   6140746.68834410)",GRAL ENRIQUE MARTINEZ 1586 ARBOL/ARBOL,1
2026-05-03,C_108,41,,,,S,,56226,Nocturno,,,134626,"POINT (  574610.318648657,   6140693.40755332)",AV GRAL SAN MARTIN 2853 VEREDA. EN 2855. ANTES CRUCE PEATONAL,1
2026-05-03,C_108,42,,,,S,,56226,Nocturno,,,134625,"POINT (  574568.427901695,   6140629.00122938)",AV GRAL SAN MARTIN 2817 EN 2819,1
2026-05-03,C_108,43,,,,S,,56226,Nocturno,,,134615,"POINT (  574512.005333332,   6140543.46800512)",AV GRAL SAN MARTIN 2781 EN 2783,1
2026-05-03,C_108,44,,,,S,,56226,Nocturno,,,134680,"POINT (  574454.462960450,   6140488.72224241)",AV BURGUES 2764 EN 2760,1
2026-05-03,C_108,45,,,,S,,56226,Nocturno,,,134659,"POINT (  574429.324585881,   6140534.46008405)",ALEJANDRO FIOL DE PEREDA Esq. AV BURGUES MURO,1
2026-05-03,C_108,46,,,,S,,56226,Nocturno,,,183522,"POINT (  574359.529723747,   6140410.02692985)",ENRIQUE GARCIA PEÑA 2713,1
2026-05-03,C_108,47,,,,S,,56226,Nocturno,,,183523,"POINT (  574361.054778214,   6140404.58030675)",ENRIQUE GARCIA PEÑA 2709,1
2026-05-03,C_108,48,,,,S,,56226,Nocturno,,,183524,"POINT (  574255.971002614,   6140499.56485338)",ALEJANDRO FIOL DE PEREDA 1420,1
2026-05-03,C_108,49,,,,S,,56226,Nocturno,,,134681,"POINT (  574322.895484173,   6140538.73625332)",ENRIQUE GARCIA PEÑA 2756 FTE 2757. MURO,1
2026-05-03,C_108,50,,,,S,,56226,Nocturno,,,134698,"POINT (  574282.513807907,   6140623.80698817)",SITIO GRANDE 1445,1
2026-05-03,C_108,51,,,,S,,56226,Nocturno,,,174412,"POINT (  574209.378214687,   6140618.89173394)",SITIO GRANDE 1421 FTE 1416.,1
2026-05-03,C_108,52,,,,S,,56226,Nocturno,,,134720,"POINT (  574088.538811478,   6140607.44634735)",SITIO GRANDE 1359 EN 1359/1365,1
2026-05-03,C_108,53,,,,S,,56226,Nocturno,,,134719,"POINT (  574011.496858755,   6140602.79003902)",SITIO GRANDE 1335 EN 1335 BIS,1
2026-05-03,C_108,54,,,,S,,56226,Nocturno,,,183544,"POINT (  573969.637820339,   6140600.42023560)",SITIO GRANDE 1323 EDIFICIO,1
2026-05-03,C_108,55,,,,S,,56226,Nocturno,,,134634,"POINT (  573827.692486310,   6140587.01576087)",SITIO GRANDE 1251 ENTRE ARBOL/COLUMNA,1
2026-05-03,C_108,56,,,,S,,56226,Nocturno,,,139492,"POINT (  573777.916789011,   6140583.01135785)",SITIO GRANDE 1223,1
2026-05-03,C_108,57,,,,S,,56226,Nocturno,,,180441,"POINT (  573740.523629373,   6140460.54712336)",ALEJANDRO FIOL DE PEREDA 1210,1
2026-05-03,C_108,58,,,,S,,56226,Nocturno,,,175340,"POINT (  573865.988384179,   6140468.80698817)",ALEJANDRO FIOL DE PEREDA 1268 EN 1272,1
2026-05-03,C_108,59,,,,S,,56226,Nocturno,,,175341,"POINT (  573917.852790958,   6140474.23071699)",ALEJANDRO FIOL DE PEREDA 1296,1
2026-05-03,C_108,60,,,,S,,56226,Nocturno,,,175339,"POINT (  574049.844316382,   6140484.69681868)",ALEJANDRO FIOL DE PEREDA 1344,1
2026-05-03,C_108,61,,,,S,,56226,Nocturno,,,175342,"POINT (  574052.005333331,   6140484.90868309)",ALEJANDRO FIOL DE PEREDA 1344,1
2026-05-03,C_108,62,,,,S,,56226,Nocturno,,,175338,"POINT (  574162.895163840,   6140494.31546275)",ALEJANDRO FIOL DE PEREDA 1390,1
2026-05-03,C_108,63,,,,S,,56226,Nocturno,,,134723,"POINT (  574212.496523491,   6140421.69790059)",DR EVARISTO CIGANDA 1436 MURO,1
2026-05-03,C_108,64,,,,S,,56226,Nocturno,,,134691,"POINT (  574136.369740111,   6140417.53580173)",DR EVARISTO CIGANDA 1385,1
2026-05-03,C_108,65,,,,S,,56226,Nocturno,,,134652,"POINT (  574043.827367230,   6140409.73919156)",DR EVARISTO CIGANDA 1345,1
2026-05-03,C_108,66,,,,S,,56226,Nocturno,,,134684,"POINT (  573961.200248586,   6140402.95953055)",DR EVARISTO CIGANDA 1309,1
2026-05-03,C_108,67,,,,S,,56226,Nocturno,,,134686,"POINT (  573870.946011297,   6140394.56970004)",DR EVARISTO CIGANDA 1267 ARBOL/COLUMNA,1
2026-05-03,C_108,68,,,,S,,56226,Nocturno,,,134648,"POINT (  573805.076804180,   6140389.97254402)",DR EVARISTO CIGANDA 1239 EN 1239/1249,1
2026-05-03,C_108,69,,,,S,,56226,Nocturno,,,139452,"POINT (  573753.234146891,   6140217.45105597)",VILARDEBO 1202,1
2026-05-03,C_108,70,,,,S,,56226,Nocturno,,,154292,"POINT (  573790.183299433,   6140226.85783563)",VILARDEBO 1218,1
2026-05-03,C_108,71,,,,S,,56226,Nocturno,,,134646,"POINT (  573854.696004452,   6140249.03573964)",VILARDEBO 1256 EN 1256/1258,1
2026-05-03,C_108,72,,,,S,,56226,Nocturno,,,134647,"POINT (  573928.341141794,   6140275.16788515)",VILARDEBO 1295 FTE 1297. MURO LADRILLO,1
2026-05-03,C_108,73,,,,S,,56226,Nocturno,,,183469,"POINT (  574026.711556502,   6140309.23843139)",VILARDEBO 1356,1
2026-05-03,C_108,74,,,,S,,56226,Nocturno,,,183470,"POINT (  574175.193667265,   6140363.58983543)",VILARDEBO 1424,1
2026-05-03,C_108,75,,,,S,,56226,Nocturno,,,181853,"POINT (  574237.224011111,   6140314.28136580)",TOMAS TORIBIO 1441 en 1441,1
2026-05-03,C_108,76,,,,S,,56226,Nocturno,,,135452,"POINT (  574234.771319586,   6140313.19576309)",TOMAS TORIBIO 1441,1
2026-05-03,C_108,77,,,,S,,56226,Nocturno,,,134661,"POINT (  574142.783259964,   6140241.03957380)",BERNARDO ETCHEPARE 2625 MURO BAJO,1
2026-05-03,C_108,78,,,,S,,56226,Nocturno,,,134654,"POINT (  574118.361265535,   6140198.46800512)",DR ALFREDO GARCIA MORALES 1385 EN 1385/1387,1
2026-05-03,C_108,79,,,,S,,56226,Nocturno,,,134639,"POINT (  574017.259570620,   6140165.84088647)",DR ALFREDO GARCIA MORALES 1349,1
2026-05-03,C_108,80,,,,S,,56226,Nocturno,,,134641,"POINT (  573907.593950386,   6140129.85917291)",DR ALFREDO GARCIA MORALES 1317 EN 1319. FACHADA AZUL,1
2026-05-03,C_108,81,,,,S,,56226,Nocturno,,,134642,"POINT (  573812.683299433,   6140098.55275088)",DR ALFREDO GARCIA MORALES 1267,1
2026-05-03,C_108,82,S,100,,S,Requiere Limpieza,56226,Nocturno,2026-05-04 00:23:43,,134640,"POINT (  573698.446011297,   6140061.43410681)",DR ALFREDO GARCIA MORALES 1209 EN 1211. MURO,1
2026-05-03,C_108,83,,,,N,,56226,Nocturno,,,134667,"POINT (  573608.022282484,   6140032.11207291)",DR ALFREDO GARCIA MORALES 1153 EN 1155. MURO,1
2026-05-03,C_108,84,S,100,,S,Requiere Limpieza,56226,Nocturno,2026-05-04 00:26:33,,167692,"POINT (  573504.808744809,   6139998.16427545)",DR ALFREDO GARCIA MORALES 1115,1
2026-05-03,C_108,85,S,100,,S,Requiere Limpieza,56226,Nocturno,2026-05-04 00:26:47,,134699,"POINT (  573500.225672315,   6139996.94258139)",DR ALFREDO GARCIA MORALES 1115 VEREDA,1
2026-05-03,C_108,86,S,100,,S,Requiere Limpieza,56226,Nocturno,2026-05-04 00:02:44,,161914,"POINT (  573540.479909603,   6140088.29851359)",DR SALVADOR GARCIA PINTOS 1082 EN 1098,1
2026-05-03,C_108,87,S,75,,S,,56226,Nocturno,2026-05-04 00:29:07,,134701,"POINT (  573572.152228040,   6140122.25709422)",DR SALVADOR GARCIA PINTOS 1108 VEREDA. EN 1104/1108,1
2026-05-03,C_108,88,S,50,,S,,56226,Nocturno,2026-05-04 00:31:24,,134693,"POINT (  573669.510282353,   6140198.76267647)",VILARDEBO Esq. CASTILLOS VEREDA,1
2026-05-03,C_108,89,S,100,,S,,56226,Nocturno,2026-05-04 00:31:29,,134692,"POINT (  573696.333811764,   6140207.58620589)",VILARDEBO 1173 VEREDA. FTE 1173.,1
2026-05-03,C_108,90,S,25,,S,,56226,Nocturno,2026-05-03 23:49:39,,134630,"POINT (  573747.005333331,   6140173.63749664)",ZAPICAN 2678 FTE 2678,1
2026-05-03,C_106,67,S,100,,S,Basura Afuera,56227,Nocturno,2026-05-04 00:56:42,,134482,"POINT (  575110.657889583,   6140106.78622801)",RAMON DEL VALLE INCLAN 2711 MURO,0
2026-05-03,C_106,68,S,100,,S,Basura Afuera,56227,Nocturno,2026-05-04 01:47:23,,134416,"POINT (  575068.794107042,   6140019.65537721)",RAMON DEL VALLE INCLAN 2667 EN 2667,0
2026-05-03,C_106,69,S,100,,S,,56227,Nocturno,2026-05-04 02:48:59,,181328,"POINT (  575043.013542048,   6139964.86146558)",RAMON DEL VALLE INCLAN 2641,0
2026-05-03,C_106,70,S,100,,S,Basura Afuera,56227,Nocturno,2026-05-04 01:51:11,,181234,"POINT (  575042.545707555,   6139963.70147196)",RAMON DEL VALLE INCLAN 2641,0
2026-05-03,C_106,71,S,100,,S,Basura Afuera,56227,Nocturno,2026-05-04 01:53:57,,165032,"POINT (  574993.494507019,   6139858.98798328)",RAMON DEL VALLE INCLAN 2589 EN 2589/2591,0
2026-05-03,C_106,72,S,100,,S,Basura Afuera,56227,Nocturno,2026-05-04 01:56:00,,155022,"POINT (  574964.819500446,   6139797.28860672)",RAMON DEL VALLE INCLAN 2551,0
2026-05-03,C_106,73,S,25,,S,,56227,Nocturno,2026-05-04 01:57:27,,134429,"POINT (  574807.197350129,   6139865.50993973)",CONCEPCION ARENAL 1757 EN 1769. MURO,0
2026-05-03,C_106,74,S,100,,S,Basura Afuera,56227,Nocturno,2026-05-04 02:00:00,,134453,"POINT (  574808.700441131,   6139927.40996011)",AV GRAL FLORES 2580,0
2026-05-03,C_106,75,S,100,,S,Basura Afuera,56227,Nocturno,2026-05-04 02:02:31,,134455,"POINT (  574852.544340478,   6140037.15792347)",AV GRAL FLORES 2638 EN 2642,0
2026-05-03,C_106,76,S,100,,N,,56227,Nocturno,2026-05-04 02:05:25,,134456,"POINT (  574888.364264269,   6140128.00428663)",AV GRAL FLORES 2688,0
2026-05-03,C_106,77,S,75,,S,,56227,Nocturno,2026-05-04 02:06:04,,134483,"POINT (  574914.463389860,   6140175.41997553)",AV GRAL FLORES 2710,0
2026-05-03,C_106,78,S,100,,S,,56227,Nocturno,2026-05-04 02:12:10,,134454,"POINT (  574938.376201266,   6140253.99064158)",AV GRAL FLORES 2748 VEREDA. AUTOMOTORA. ARBOL/COLUMNA.,0
2026-05-03,C_106,79,S,75,,S,Basura Afuera,56227,Nocturno,2026-05-04 02:15:41,,149572,"POINT (  575031.599549312,   6140418.93965527)",AV GRAL FLORES 2828,0
2026-05-03,C_106,80,S,100,,S,Basura Afuera,56227,Nocturno,2026-05-04 02:18:01,,175313,"POINT (  575117.509099207,   6140542.72330781)",AV GRAL FLORES 2880,0
2026-05-03,C_106,81,S,75,,S,Basura Afuera,56227,Nocturno,2026-05-04 02:20:12,,159532,"POINT (  575130.441719622,   6140561.96827867)",AV GRAL FLORES 2886 EN 2890,0
2026-05-03,C_106,82,S,100,,S,Basura Afuera,56227,Nocturno,2026-05-04 02:23:12,,134509,"POINT (  575241.415820547,   6140582.66894209)",DR LUIS MELIAN LAFINUR 1884,0
2026-05-03,C_106,83,S,100,,S,Basura Afuera,56227,Nocturno,2026-05-04 02:26:48,,134508,"POINT (  575345.946718678,   6140570.15915915)",PBRO LORENZO FERNANDEZ 2995 FTE 2992,0
2026-05-03,C_106,84,S,75,,S,Basura Afuera,56227,Nocturno,2026-05-04 02:26:54,,134507,"POINT (  575375.237748895,   6140532.25404367)",PBRO LORENZO FERNANDEZ 2955,0
2026-05-03,C_106,85,S,100,,S,Basura Afuera,56227,Nocturno,2026-05-04 02:32:51,,134484,"POINT (  575457.050553607,   6140423.85830781)",PBRO LORENZO FERNANDEZ 2921 FTE 2922. MURO,0
2026-05-03,C_106,86,S,100,,S,Basura Afuera,56227,Nocturno,2026-05-04 02:37:04,,180200,"POINT (  575536.214004096,   6140258.53944301)",DR JOAQUIN REQUENA 2735 EN 2737,0
2026-05-03,C_106,87,S,100,,S,Basura Afuera,56227,Nocturno,2026-05-04 02:40:13,,180674,"POINT (  575541.735147712,   6140196.87922375)",DR JOAQUIN REQUENA Esq. ITAPEBI EN 2707,0
2026-05-03,C_106,88,S,100,,S,Basura Afuera,56227,Nocturno,2026-05-04 02:44:27,,134488,"POINT (  575555.644605596,   6140063.19490473)",DR JOAQUIN REQUENA 2628 FTE 2628,0
2026-05-03,C_106,89,S,100,,S,,56227,Nocturno,2026-05-04 02:48:03,,134487,"POINT (  575442.518167004,   6140105.32361023)",COLORADO 2066 MURO,0
2026-05-03,C_106,90,S,100,,S,"Basura Afuera, Poda",56227,Nocturno,2026-05-04 02:48:09,,134418,"POINT (  575438.207293532,   6140104.55381139)",COLORADO 2051 MURO,0
2026-05-03,C_106,91,S,100,,S,,56227,Nocturno,2026-05-04 02:55:28,,134511,"POINT (  575394.328759983,   6140101.47461605)",COLORADO 2041 VEREDA,0
2026-05-03,C_106,92,S,100,,S,Basura Afuera,56227,Nocturno,2026-05-04 03:07:22,,134419,"POINT (  575225.089493659,   6139726.70294665)",CONSTITUCION 2463,0
2026-05-03,C_106,93,S,75,,S,,56227,Nocturno,2026-05-04 03:10:57,,134434,"POINT (  575032.566054506,   6139684.29690278)",PORONGOS 2524 ANTES ARBOL,0
2026-05-03,C_106,94,S,100,,S,Basura Afuera,56227,Nocturno,2026-05-04 03:17:21,,134428,"POINT (  575103.808208202,   6139837.80678158)",PORONGOS Esq. RIVADAVIA PDO PARADA,0
2026-05-03,C_106,95,S,100,,S,Basura Afuera,56227,Nocturno,2026-05-04 03:17:26,,134422,"POINT (  575147.685213508,   6139927.80799906)",PORONGOS 2642 PDO 2642,0
2026-05-03,C_106,96,S,100,,S,Basura Afuera,56227,Nocturno,2026-05-04 03:20:25,,134421,"POINT (  575168.053364659,   6139972.87003129)",PORONGOS 2668,0
2026-05-03,C_106,97,S,100,,S,Basura Afuera,56227,Nocturno,2026-05-04 03:22:37,,134433,"POINT (  575201.978199752,   6140041.77985257)",PORONGOS 2704,0
2026-05-03,C_106,98,S,100,,S,Basura Afuera,56227,Nocturno,2026-05-04 03:26:03,,134432,"POINT (  575236.327095284,   6140115.56636890)",PORONGOS 2746 PDO COLUMNA,0
2026-05-03,C_106,99,S,100,,S,Basura Afuera,56227,Nocturno,2026-05-04 03:28:38,,177469,"POINT (  575284.938297335,   6140210.43285698)",PORONGOS 2796,0
2026-05-03,B_102,1,,,,S,,56227,Nocturno,,,182857,"POINT (  574628.844509442,   6138405.68630478)",BATOVI 2097,1
2026-05-03,B_102,2,,,,S,,56227,Nocturno,,,182858,"POINT (  574653.645419568,   6138360.29381331)",BATOVI 2075,1
2026-05-03,B_102,3,,,,S,,56227,Nocturno,,,183567,"POINT (  574654.957591939,   6138358.38718584)",BATOVI 2075,1
2026-05-03,B_102,4,,,,S,,56227,Nocturno,,,182859,"POINT (  574719.913906485,   6138303.75228885)",ESTRELLA DEL NORTE 1800,1
2026-05-03,B_102,5,,,,N,,56227,Nocturno,,,183509,"POINT (  574813.017460062,   6138348.27725627)",ARENAL GRANDE 1939,1
2026-05-03,B_102,6,,,,S,,56227,Nocturno,,,181511,"POINT (  574739.020204778,   6138446.57246701)",PROF CARLOS BACIGALUPI 2086 EN 2090,1
2026-05-03,B_102,7,,,,S,,56227,Nocturno,,,181523,"POINT (  574718.958378157,   6138491.58744277)",PROF CARLOS BACIGALUPI 2102,1
2026-05-03,B_102,8,,,,S,,56227,Nocturno,,,181512,"POINT (  574705.231808874,   6138519.83754096)",PROF CARLOS BACIGALUPI 2126,1
2026-05-03,B_102,9,,,,S,,56227,Nocturno,,,178985,"POINT (  574685.268864440,   6138563.39935167)",PROF CARLOS BACIGALUPI 2145 FTE 2145. MURO LADRILLOS. PROV OP (O: PROF CARLOS BACIGALUPI 2158),1
2026-05-03,B_102,10,,,,S,,56227,Nocturno,,,181509,"POINT (  574673.604960182,   6138594.24027133)",PROF CARLOS BACIGALUPI 2158,1
2026-05-03,B_102,11,,,,S,,56227,Nocturno,,,181508,"POINT (  574622.013357679,   6138707.65539397)",PROF CARLOS BACIGALUPI 2244,1
2026-05-03,B_102,12,,,,S,,56227,Nocturno,,,139278,"POINT (  574619.317934870,   6138712.78695249)",PROF CARLOS BACIGALUPI 2244,1
2026-05-03,B_102,13,,,,S,,56227,Nocturno,,,139281,"POINT (  574657.789763666,   6138736.67154620)",HOCQUART 1570 VEREDA. FTE 1575,1
2026-05-03,B_102,14,,,,S,,56227,Nocturno,,,139280,"POINT (  574758.618014968,   6138765.36511851)",HOCQUART 1632 EN 1634,1
2026-05-03,B_102,15,,,,S,,56227,Nocturno,,,139237,"POINT (  574877.560085662,   6138796.14258155)",HOCQUART 1684 PANADERIA,1
2026-05-03,B_102,16,,,,S,,56227,Nocturno,,,139238,"POINT (  574965.042754817,   6138827.65767156)",HOCQUART 1724 VENTANAS,1
2026-05-03,B_102,17,,,,S,,56227,Nocturno,,,140672,"POINT (  575048.599424517,   6138850.96493759)",HOCQUART 1762 EN 1760,1
2026-05-03,B_102,18,,,,S,,56227,Nocturno,,,139264,"POINT (  575146.061390800,   6138860.74319407)",HOCQUART 1810,1
2026-05-03,B_102,19,,,,S,,56227,Nocturno,,,139198,"POINT (  575192.548183929,   6138865.07127481)",HOCQUART 1842,1
2026-05-03,B_102,20,,,,S,,56227,Nocturno,,,181835,"POINT (  575252.212787144,   6138871.65575643)",HOCQUART 1864,1
2026-05-03,B_102,21,,,,S,,56227,Nocturno,,,139239,"POINT (  575255.225205008,   6138872.60534128)",HOCQUART 1864 FABRICA,1
2026-05-03,B_102,22,,,,S,,56227,Nocturno,,,139224,"POINT (  575349.481185558,   6138883.18509420)",HOCQUART 1910,1
2026-05-03,B_102,30,,,,S,,56227,Nocturno,,,139243,"POINT (  575859.232917104,   6138917.97003940)",HOCQUART 2132,2
2026-05-03,B_102,63,,,,S,,56227,Nocturno,,,139255,"POINT (  575257.201551836,   6138557.08316561)",DEMOCRACIA 1994 MURO,3
2026-05-03,B_102,64,,,,S,,56227,Nocturno,,,139270,"POINT (  575239.214642609,   6138723.59055389)",DEMOCRACIA 2072 FTE 2075. REJA,3
2026-05-03,B_102,65,,,,S,,56227,Nocturno,,,139271,"POINT (  575130.008408015,   6138736.69530204)",INCA 2041 EN 2041,3
2026-05-03,B_102,66,,,,S,,56227,Nocturno,,,139253,"POINT (  575033.906921573,   6138559.65272408)",JUSTICIA 2001 EN 2005/2001,3
2026-05-03,B_102,67,,,,S,,56227,Nocturno,,,139283,"POINT (  575041.872552802,   6138478.71163255)",JUSTICIA 1967,3
2026-05-03,B_102,68,,,,S,,56227,Nocturno,,,139232,"POINT (  574946.493782709,   6138507.91799152)",REPUBLICA 1988 ARBOL/ARBOL,3
2026-05-03,B_102,69,,,,S,,56227,Nocturno,,,139234,"POINT (  574940.756147716,   6138595.41692517)",REPUBLICA 2030 EN 2030/2038,3
2026-05-03,B_102,70,,,,S,,56227,Nocturno,,,139254,"POINT (  574950.139315743,   6138741.06355142)",GRAL PAGOLA 1760 EN 1756/1760,3
2026-05-03,B_102,71,,,,S,,56227,Nocturno,,,181457,"POINT (  575056.312605041,   6138746.37709232)",GRAL PAGOLA 1810 EN 1812,3
2026-05-03,B_102,72,,,,S,,56227,Nocturno,,,163552,"POINT (  575334.092454039,   6138751.49923021)",CONSTITUCION 2037,3
2026-05-03,B_102,73,,,,S,,56227,Nocturno,,,139211,"POINT (  575401.096825654,   6138592.02916069)",PEDRO ERRAZQUIN 2086 FTE 2073,3
2026-05-03,B_102,74,,,,S,,56227,Nocturno,,,182989,"POINT (  575404.114822285,   6138592.88653992)",PEDRO ERRAZQUIN 2086,3
2026-05-03,B_102,75,,,,S,,56227,Nocturno,,,139212,"POINT (  575441.172377522,   6138772.65873605)",DEFENSA 2050 EN 2050,3
2026-05-03,B_102,76,,,,S,,56227,Nocturno,,,171472,"POINT (  575540.718234531,   6138604.18418580)",DR MARTIN C MARTINEZ 2001,3
2026-05-03,B_102,77,,,,S,,56227,Nocturno,,,171473,"POINT (  575541.038833105,   6138601.77969650)",DR MARTIN C MARTINEZ 2001,3
2026-05-03,B_102,78,,,,S,,56227,Nocturno,,,181515,"POINT (  575656.737490102,   6138591.29361684)",MIGUELETE 2194,3
2026-05-03,B_102,79,,,,S,,56227,Nocturno,,,181506,"POINT (  575894.576355291,   6138609.18253868)",MIGUELETE 2288 EN 2288,3
2026-05-03,B_102,80,,,,S,,56227,Nocturno,,,181521,"POINT (  576159.117650057,   6138657.34398430)",DR DUVIMIOSO TERRA 1904,3
2026-05-03,B_102,81,,,,S,,56227,Nocturno,,,139290,"POINT (  576149.609205352,   6138740.80659558)",DR DUVIMIOSO TERRA 1946 ESQ,3
2026-05-03,B_102,82,,,,S,,56227,Nocturno,,,183047,"POINT (  576144.363479085,   6138798.14903704)",DR DUVIMIOSO TERRA 1962,3
2026-05-03,B_102,83,,,,N,,56227,Nocturno,,,182937,"POINT (  575901.795652950,   6138849.81028278)",CUFRE 2055,3
2026-05-03,B_102,84,,,,S,,56227,Nocturno,,,181793,"POINT (  575902.967121569,   6138942.97288976)",CUFRE 2102,3
2026-05-03,B_102,85,,,,S,,56227,Nocturno,,,139207,"POINT (  575897.792476171,   6138986.19942861)",CUFRE 2138 EN 2136/2138,3
2026-05-03,B_102,86,,,,S,,56227,Nocturno,,,181839,"POINT (  575421.432311490,   6138972.98126542)",DEFENSA 2146 EN 2146,3
2026-05-03,B_102,87,,,,S,,56227,Nocturno,,,139273,"POINT (  575309.887261755,   6138962.29279216)",CONSTITUCION 2133,3
2026-05-03,B_102,88,,,,S,,56227,Nocturno,,,181840,"POINT (  575427.461890557,   6138918.25999124)",DEFENSA 2114 FTE 2111,3
2026-05-03,B_102,89,,,,S,,56227,Nocturno,,,139222,"POINT (  575575.826801004,   6138795.02427911)",GRAL PAGOLA 2068 MURO CIEGO,3
2026-05-03,B_102,90,,,,S,,56227,Nocturno,,,155517,"POINT (  575717.524354324,   6138807.59048720)",GRAL PAGOLA 2116 EN 2120,3
2026-05-03,B_102,91,,,,S,,56227,Nocturno,,,181458,"POINT (  575819.656357547,   6138817.27171270)",GRAL PAGOLA 2164,3
2026-05-03,B_102,92,,,,S,,56227,Nocturno,,,182226,"POINT (  575828.104018316,   6138819.15554972)",GRAL PAGOLA 2170 PROV OV(O: GRAL PAGOLA 2188),3
2026-05-03,B_101,1,,,,S,,56227,Nocturno,,,139154,"POINT (  574405.875224049,   6138678.70195198)",HOCQUART 1464 VEREDA,4
2026-05-03,B_101,2,,,,S,,56227,Nocturno,,,139175,"POINT (  574496.701615381,   6138693.17028117)",HOCQUART 1496,4
2026-05-03,B_101,3,,,,S,,56227,Nocturno,,,139124,"POINT (  574551.398433943,   6138580.54615218)",BATOVI 2181 TALLER. PDO REBAJE,4
2026-05-03,B_101,4,,,,S,,56227,Nocturno,,,139125,"POINT (  574582.187250503,   6138508.44242793)",BATOVI 2147 EN 2143. PUERTA TAPIADA,4
2026-05-03,B_101,5,,,,S,,56227,Nocturno,,,180741,"POINT (  574583.596946083,   6138505.81119138)",BATOVI 2147 EN 2143. PUERTA TAPIADA,4
2026-05-03,B_101,6,,,,S,,56227,Nocturno,,,181190,"POINT (  574599.373474972,   6138420.21017099)",LIMA 1579 FTE 1582,4
2026-05-03,B_101,7,,,,S,,56227,Nocturno,,,181191,"POINT (  574597.780755973,   6138418.21927224)",LIMA 1579 FTE 1582,4
2026-05-03,B_101,8,,,,S,,56227,Nocturno,,,139193,"POINT (  574555.608870396,   6138393.70803459)",LIMA 1535 EN 1541. ARBOL/ARBOL,4
2026-05-03,B_101,9,,,,S,,56227,Nocturno,,,139102,"POINT (  574458.512183766,   6138352.01135873)",LIMA 1489 EN 1489. VENTANAS,4
2026-05-03,B_101,10,,,,S,,56227,Nocturno,,,160272,"POINT (  574385.299135389,   6138317.61739153)",LIMA 1443,4
2026-05-03,B_101,11,,,,S,,56227,Nocturno,,,139183,"POINT (  574279.381610361,   6138264.99986310)",LIMA 1379 EN 1379/1373,4
2026-05-03,B_101,12,,,,S,,56227,Nocturno,,,179301,"POINT (  574252.510263223,   6138254.43122770)",LIMA 1355,4
2026-05-03,B_101,13,,,,S,,56227,Nocturno,,,180735,"POINT (  573914.882417140,   6138312.30948876)",LIMA 1221,4
2026-05-03,B_101,14,,,,S,,56227,Nocturno,,,180736,"POINT (  573912.612269580,   6138312.08247401)",LIMA 1221,4
2026-05-03,B_101,15,,,,S,,56227,Nocturno,,,139141,"POINT (  573938.563223530,   6138199.03604706)",ASUNCION 1220 FTE 1231. SUBESTACION,4
2026-05-03,B_101,16,,,,S,,56227,Nocturno,,,179233,"POINT (  573914.765440959,   6138106.27646231)",NUEVA YORK 1201,4
2026-05-03,B_101,17,,,,S,,56227,Nocturno,,,179232,"POINT (  573910.626007408,   6138106.05859739)",NUEVA YORK 1201,4
2026-05-03,B_101,18,,,,N,,56227,Nocturno,,,139093,"POINT (  573803.731575142,   6138072.16847712)",AV GRAL RONDEAU 1794 FTE 1799. ARBOL/ARBOL,4
2026-05-03,B_101,19,,,,S,,56227,Nocturno,,,180737,"POINT (  573800.126458002,   6138103.90994279)",AV GRAL RONDEAU 1804,4
2026-05-03,B_101,20,,,,S,,56227,Nocturno,,,180738,"POINT (  573799.785935868,   6138106.97464200)",AV GRAL RONDEAU 1804,4
2026-05-03,B_101,21,,,,S,,56227,Nocturno,,,181709,"POINT (  573901.728789989,   6137982.43558919)",CUAREIM 1759,4
2026-05-03,B_101,22,,,,S,,56227,Nocturno,,,181710,"POINT (  573902.183852560,   6137979.47768248)",CUAREIM 1759,4
2026-05-03,B_101,23,,,,S,,56227,Nocturno,,,139092,"POINT (  573792.810091594,   6138215.66838796)",AV GRAL RONDEAU 1866,4
2026-05-03,B_101,24,,,,S,,56227,Nocturno,,,139173,"POINT (  573792.542095582,   6138219.01833811)",AV GRAL RONDEAU 1866,4
2026-05-03,B_101,25,,,,S,,56227,Nocturno,,,139120,"POINT (  573781.699193823,   6138332.52295497)",AV GRAL RONDEAU 1904 EN 1918,4
2026-05-03,C_107,52,S,100,,S,"Basura Afuera, Requiere Limpieza",56228,Nocturno,2026-05-03 23:20:18,,174392,"POINT (  574854.519457627,   6140756.29286386)",PANDO 2947,0
2026-05-03,C_107,53,S,100,,S,"Basura Afuera, Requiere Limpieza",56228,Nocturno,2026-05-03 23:24:17,,180201,"POINT (  574843.806246623,   6140643.88923552)",PANDO 2891 EN 2891BIS/2891,0
2026-05-03,C_107,54,S,100,,S,"Basura Afuera, Requiere Limpieza",56228,Nocturno,2026-05-03 23:24:10,,180211,"POINT (  574827.691095159,   6140619.76584642)",PANDO 2877,0
2026-05-03,C_107,55,S,100,,S,"Basura Afuera, Requiere Limpieza",56228,Nocturno,2026-05-03 23:28:17,,134612,"POINT (  574708.304768362,   6140408.83523674)",PANDO 2767 MURO.,0
2026-05-03,C_107,56,S,100,,S,"Basura Afuera, Requiere Limpieza",56228,Nocturno,2026-05-03 23:31:33,,134611,"POINT (  574657.033419915,   6140290.54672203)",PANDO 2711 MURO,0
2026-05-03,C_107,57,S,100,,S,Basura Afuera,56228,Nocturno,2026-05-03 23:33:17,,134540,"POINT (  574637.077963345,   6140244.93424987)",PANDO 2691,0
2026-05-03,C_107,58,S,100,,S,"Basura Afuera, Requiere Limpieza",56228,Nocturno,2026-05-03 23:37:19,,134521,"POINT (  574587.676722548,   6140128.07172050)",PANDO 2633 EN 2631,0
2026-05-03,C_107,59,S,100,,S,Basura Afuera,56228,Nocturno,2026-05-04 01:01:54,,134520,"POINT (  574555.843018019,   6140050.62554381)",PANDO 2591 EN 2583/2591,0
2026-05-03,C_107,60,S,100,,S,,56228,Nocturno,2026-05-04 01:05:18,,134571,"POINT (  574506.597316080,   6140002.22153892)",CONCEPCION ARENAL 1595 FTE 1586,0
2026-05-03,C_107,61,S,100,,S,,56228,Nocturno,2026-05-04 01:05:13,,183467,"POINT (  574457.483356772,   6140032.39360702)",MARSELLA Esq. CONCEPCION ARENAL,0
2026-05-03,C_107,62,S,100,,S,,56228,Nocturno,2026-05-04 01:06:59,,183465,"POINT (  574489.946938344,   6140114.61423835)",MARSELLA 2606 MURO,0
2026-05-03,C_107,63,S,100,,S,Basura Afuera,56228,Nocturno,2026-05-04 01:11:48,,140352,"POINT (  574526.496858757,   6140205.33241188)",MARSELLA 2654 EN 2658. CASA TAPEADA,0
2026-05-03,C_107,64,S,100,,S,Basura Afuera,56228,Nocturno,2026-05-04 01:14:31,,134572,"POINT (  574573.163525424,   6140318.32676217)",MARSELLA 2708 EN 2706,0
2026-05-03,C_107,65,N,,Contenedor No Está,S,,56228,Nocturno,2026-05-04 01:14:26,,140332,"POINT (  574574.285710698,   6140321.20422231)",MARSELLA 2708,0
2026-05-03,C_107,66,S,100,,N,,56228,Nocturno,2026-05-04 01:17:52,,134576,"POINT (  574606.609853108,   6140402.16857008)",MARSELLA 2746,0
2026-05-03,C_107,67,S,100,,S,,56228,Nocturno,2026-05-04 01:19:14,,175460,"POINT (  574635.649401130,   6140468.04427629)",MARSELLA 2774 REBAJE/ARBOL. FTE MURO.,0
2026-05-03,C_107,68,S,100,,S,,56228,Nocturno,2026-05-04 01:19:21,,135812,"POINT (  574641.864090396,   6140482.95953053)",MARSELLA 2780,0
2026-05-03,C_107,69,S,100,,S,Basura Afuera,56228,Nocturno,2026-05-04 01:24:27,,134591,"POINT (  574713.954485876,   6140609.28721413)",MARSELLA Esq. CEIBAL MURO,0
2026-05-03,C_107,70,S,100,,S,,56228,Nocturno,2026-05-04 01:24:32,,171172,"POINT (  574726.383864407,   6140629.28721413)",MARSELLA 2870,0
2026-05-03,C_107,71,S,100,,S,,56228,Nocturno,2026-05-04 01:27:31,,181992,"POINT (  574765.666655859,   6140706.13290569)",MARSELLA 2924,0
2026-05-03,C_107,72,N,,Contenedor No Está,N,,56228,Nocturno,2026-05-04 01:19:33,,134613,"POINT (  574813.446011300,   6140759.17421979)",GRAL ENRIQUE MARTINEZ 1676,0
2026-05-03,C_107,73,S,75,,S,,56228,Nocturno,2026-05-04 01:30:17,,153552,"POINT (  574981.299118644,   6140771.26461527)",GRAL ENRIQUE MARTINEZ 1758,0
2026-05-03,C_107,74,S,50,,S,,56228,Nocturno,2026-05-04 01:30:23,,134554,"POINT (  574984.010983051,   6140771.43410680)",GRAL ENRIQUE MARTINEZ 1758 MURO LADRILLO,0
2026-05-03,C_107,75,S,50,,S,,56228,Nocturno,2026-05-04 01:34:11,,134526,"POINT (  575011.299118644,   6140587.08382431)",DR LUIS MELIAN LAFINUR 1765,0
2026-05-03,C_107,76,S,100,,S,Basura Afuera,56228,Nocturno,2026-05-04 01:41:08,,181991,"POINT (  574951.088222412,   6140504.88792241)",MARCELINO SOSA 2859 PDO 2859. ANTES DE CORDON ROJO,0
2026-05-03,C_107,77,S,100,,S,Basura Afuera,56228,Nocturno,2026-05-04 01:41:01,,134525,"POINT (  574935.935946135,   6140481.66391666)",MARCELINO SOSA 2845,0
2026-05-03,C_107,78,S,100,,S,Basura Afuera,56228,Nocturno,2026-05-04 01:40:54,,134524,"POINT (  574905.527631361,   6140436.05144450)",MARCELINO SOSA 2813,0
2026-05-03,C_107,79,S,100,,S,Basura Afuera,56228,Nocturno,2026-05-04 01:48:07,,134602,"POINT (  574864.191328465,   6140351.95344896)",MARCELINO SOSA 2775,0
2026-05-03,C_107,80,N,,Sobrepeso,S,,56228,Nocturno,2026-05-04 01:55:58,,183603,"POINT (  574824.427569284,   6140249.58125586)",MARCELINO SOSA 2729,0
2026-05-03,C_107,81,S,100,,S,,56228,Nocturno,2026-05-04 01:57:58,,158175,"POINT (  574779.092265114,   6140133.98304051)",MARCELINO SOSA 2665 EN 2667. MURO,0
2026-05-03,C_107,82,S,100,,S,,56228,Nocturno,2026-05-04 01:57:54,,134523,"POINT (  574762.824542373,   6140086.74484126)",MARCELINO SOSA Esq. GUADALUPE,0
2026-05-03,C_107,83,S,100,,S,Basura Afuera,56228,Nocturno,2026-05-04 02:00:21,,134565,"POINT (  574719.966746346,   6139975.61702305)",MARCELINO SOSA 2583 MURO. PDO REBAJE,0
2026-05-03,C_107,84,S,100,,S,Basura Afuera,56228,Nocturno,2026-05-04 02:03:17,,134952,"POINT (  574419.927986160,   6140041.48931268)",CONCEPCION ARENAL 1533,0
2026-05-03,C_107,85,S,100,,S,,56228,Nocturno,2026-05-04 02:04:13,,152512,"POINT (  574371.387376926,   6140072.55074123)",AV GRAL SAN MARTIN 2552,0
2026-05-03,C_107,86,S,100,,S,,56228,Nocturno,2026-05-04 02:11:54,,183468,"POINT (  574388.585667713,   6140137.37403946)",RIVADAVIA 1504 EN 1506,0
2026-05-03,C_107,87,S,75,,S,,56228,Nocturno,2026-05-04 02:07:45,,134529,"POINT (  574372.595975340,   6140181.52487741)",AV GRAL SAN MARTIN 2602 EN 2618,0
2026-05-03,C_107,88,S,100,,S,,56228,Nocturno,2026-05-04 02:14:59,,171115,"POINT (  574392.764667565,   6140276.79818529)",AV GRAL SAN MARTIN 2656 PROV OV (O: SAN MARTIN 2660),0
2026-05-03,C_107,89,S,100,,S,,56228,Nocturno,2026-05-04 02:25:49,,134530,"POINT (  574496.270870057,   6140479.00472827)",COLORADO 1552 MURO,0
2026-05-03,C_107,90,S,100,,S,,56228,Nocturno,2026-05-04 02:09:16,,134603,"POINT (  574355.719194264,   6140174.28885447)",AV GRAL SAN MARTIN 2615 VEREDA. PDO PARADA,0
2026-05-03,C_107,91,S,100,,S,,56228,Nocturno,2026-05-04 02:13:27,,134578,"POINT (  574399.688716937,   6140246.49867040)",GUADALUPE 1510 FTE 1510,0
2026-05-03,C_107,92,S,75,,S,,56228,Nocturno,2026-05-04 02:25:41,,134579,"POINT (  574523.728013431,   6140533.12651918)",AV GRAL SAN MARTIN 2768 PDO REBAJE,0
2026-05-03,C_107,93,S,75,,S,,56228,Nocturno,2026-05-04 02:25:28,,158412,"POINT (  574531.948532113,   6140543.56689877)",AV GRAL SAN MARTIN 2768 EN 2790,0
2026-05-03,C_107,94,,,,S,,56228,Nocturno,,,134593,"POINT (  574624.930686038,   6140686.11835288)",AV GRAL SAN MARTIN 2852,0
2026-05-03,C_107,95,,,,S,,56228,Nocturno,,,134594,"POINT (  574719.956669708,   6140896.60090670)",AV GRAL SAN MARTIN 2972 VEREDA. EN 2966,0
2026-05-03,C_107,96,S,100,,S,,56228,Nocturno,2026-05-04 03:30:39,,134534,"POINT (  574783.926598471,   6140961.01565088)",BV GRAL ARTIGAS 3623 VEREDA. EN 3629.,0
2026-05-03,C_107,97,S,100,,S,,56228,Nocturno,2026-05-04 03:30:44,,134597,"POINT (  574890.395163842,   6140970.19116896)",BV GRAL ARTIGAS 3577 VEREDA. PALMERA/CARTEL,0
2026-05-03,C_107,98,S,100,,S,,56228,Nocturno,2026-05-04 03:30:49,,134596,"POINT (  574988.474259887,   6140977.98777913)",BV GRAL ARTIGAS 3535 VEREDA. PDO PALMERA,0
2026-05-03,C_107,99,S,100,,S,,56228,Nocturno,2026-05-04 03:32:35,,134533,"POINT (  575043.841491525,   6140983.07252489)",BV GRAL ARTIGAS 3503 VEREDA,0
2026-05-03,C_107,100,,,,S,,56228,Nocturno,,,134555,"POINT (  575237.739796610,   6140997.42280738)",BV GRAL ARTIGAS 3413 VEREDA,0
2026-05-03,C_107,101,,,,S,,56228,Nocturno,,,175456,"POINT (  575367.683299435,   6140955.04992602)",DR MARTIN C MARTINEZ 3151,0
2026-05-03,C_107,102,,,,S,,56228,Nocturno,,,134556,"POINT (  575367.683299435,   6140952.67704466)",DR MARTIN C MARTINEZ 3151 ANTES CRUCE PEATONAL,0
2026-05-03,C_101,1,,,,S,,56228,Nocturno,,,176904,"POINT (  574732.884193221,   6138897.07284747)",DR LUIS P LENGUAS 1581,1
2026-05-03,C_101,2,,,,S,,56228,Nocturno,,,136832,"POINT (  574630.737300565,   6138860.57567233)",DR LUIS P LENGUAS 1535,1
2026-05-03,C_101,3,,,,S,,56228,Nocturno,,,136812,"POINT (  574493.901142373,   6138811.19714126)",DR LUIS P LENGUAS 1455 EN 1457,1
2026-05-03,C_101,4,,,,S,,56228,Nocturno,,,136813,"POINT (  574491.415266667,   6138810.51917516)",DR LUIS P LENGUAS 1455 EN 1457,1
2026-05-03,C_101,5,,,,S,,56228,Nocturno,,,183542,"POINT (  574493.712783051,   6138908.66190791)",DR ANGEL FLORO COSTA 1528,1
2026-05-03,C_101,6,,,,S,,56228,Nocturno,,,183541,"POINT (  574559.362500565,   6138931.71275537)",DR ANGEL FLORO COSTA 1560,1
2026-05-03,C_101,7,,,,S,,56228,Nocturno,,,183543,"POINT (  574599.701483616,   6138944.93309435)",DR ANGEL FLORO COSTA 1584,1
2026-05-03,C_101,8,,,,N,,56228,Nocturno,,,136852,"POINT (  574600.755032853,   6138945.54017132)",DR ANGEL FLORO COSTA 1584 EN 1580/1584,1
2026-05-03,C_101,9,,,,S,,56228,Nocturno,,,176984,"POINT (  574656.381941612,   6138964.07058824)",DR ANGEL FLORO COSTA 1616,1
2026-05-03,C_101,10,,,,S,,56228,Nocturno,,,133955,"POINT (  574400.827351187,   6139110.78441793)",ISIDORO DE MARIA 1537 EN 1547,1
2026-05-03,C_101,11,,,,S,,56228,Nocturno,,,133917,"POINT (  574398.113420041,   6139112.36754443)",ISIDORO DE MARIA 1537 EN 1547,1
2026-05-03,C_101,12,,,,S,,56228,Nocturno,,,133954,"POINT (  574280.057415181,   6139168.00313293)",ISIDORO DE MARIA 1455 EN 1457,1
2026-05-03,C_101,13,,,,S,,56228,Nocturno,,,181792,"POINT (  574323.192982789,   6139281.13209826)",ROCHA 2211 FTE 2211,1
2026-05-03,C_101,14,,,,S,,56228,Nocturno,,,133973,"POINT (  574377.245123531,   6139393.33723532)",ROCHA 2254,1
2026-05-03,C_101,15,,,,S,,56228,Nocturno,,,180673,"POINT (  574452.131221569,   6139473.65310676)",LIBRES 1538 FTE 1527. MURO,1
2026-05-03,C_101,16,,,,S,,56228,Nocturno,,,133919,"POINT (  574566.421594119,   6139385.17547061)",LIBRES 1610 EN 1604,1
2026-05-03,C_101,17,,,,S,,56228,Nocturno,,,133918,"POINT (  574612.568652943,   6139362.76370591)",LIBRES 1642,1
2026-05-03,C_101,18,,,,S,,56228,Nocturno,,,180340,"POINT (  574543.262378649,   6139301.40623421)",DR JUAN J DE AMEZAGA 1557 EN 1573,1
2026-05-03,C_101,19,,,,S,,56228,Nocturno,,,180339,"POINT (  574540.756932026,   6139302.38662636)",DR JUAN J DE AMEZAGA 1557 EN 1573,1
2026-05-03,C_101,20,,,,S,,56228,Nocturno,,,133922,"POINT (  574502.712654940,   6139317.91644894)",DR JUAN J DE AMEZAGA 1535,1
2026-05-03,C_101,21,,,,S,,56228,Nocturno,,,133892,"POINT (  574462.292788273,   6139337.22415311)",DR JUAN J DE AMEZAGA 1517,1
2026-05-03,C_101,22,,,,S,,56228,Nocturno,,,182031,"POINT (  574408.896512854,   6139302.98763508)",MARCELINO SOSA 2235,1
2026-05-03,C_101,23,,,,S,,56228,Nocturno,,,182032,"POINT (  574424.908645098,   6139199.00295076)",MARTIN GARCIA 1526,1
2026-05-03,C_101,24,,,,S,,56228,Nocturno,,,182033,"POINT (  574425.780104793,   6139198.51275468)",MARTIN GARCIA 1526,1
2026-05-03,C_101,25,,,,S,,56228,Nocturno,,,133893,"POINT (  574339.409175774,   6138990.22681561)",YATAY 1496,1
2026-05-03,C_101,26,,,,S,,56228,Nocturno,,,182277,"POINT (  574296.518758606,   6139012.34544793)",YATAY Esq. MARCELINO SOSA FTE 1458,1
2026-05-03,C_101,27,,,,S,,56228,Nocturno,,,133896,"POINT (  574183.138430509,   6139063.57002262)",YATAY 1414 EN 1417,1
2026-05-03,C_101,28,,,,S,,56228,Nocturno,,,133897,"POINT (  574181.158179940,   6139064.57049894)",YATAY 1414 EN 1417,1
2026-05-03,C_101,29,,,,S,,56228,Nocturno,,,134832,"POINT (  574183.251424859,   6139156.50787573)",AV GRAL SAN MARTIN 2130 VEREDA. EN 2134,1
2026-05-03,C_101,30,,,,S,,56228,Nocturno,,,182276,"POINT (  574211.166429847,   6139228.70681504)",AV GRAL SAN MARTIN 2164 VEREDA. PDO ARBOLES,1
2026-05-03,C_101,31,,,,S,,56228,Nocturno,,,182275,"POINT (  574246.583096514,   6139314.50474532)",AV GRAL SAN MARTIN 2206 VEREDA,1
2026-05-03,C_101,32,,,,S,,56228,Nocturno,,,182274,"POINT (  574266.790068192,   6139363.72860153)",AV GRAL SAN MARTIN 2232 VEREDA. EN 2234,1
2026-05-03,C_101,33,,,,S,,56228,Nocturno,,,133986,"POINT (  574294.303947061,   6139428.23429415)",AV GRAL SAN MARTIN 2252 VEREDA. EN 2252/2262,1
2026-05-03,C_101,34,,,,S,,56228,Nocturno,,,133988,"POINT (  574253.892182355,   6139720.55782356)",GRAL FAUSTO AGUILAR 1389 PDO ARBUSTO,1
2026-05-03,C_101,35,,,,S,,56228,Nocturno,,,133911,"POINT (  574195.413400773,   6139687.10862394)",GRAL FAUSTO AGUILAR 1357,1
2026-05-03,C_101,36,,,,S,,56228,Nocturno,,,177360,"POINT (  574188.110784337,   6139557.39455060)",CLEMENTE CESAR 2313,1
2026-05-03,C_101,37,,,,S,,56228,Nocturno,,,177361,"POINT (  574189.884422034,   6139556.60100226)",CLEMENTE CESAR 2313,1
2026-05-03,C_101,38,,,,S,,56228,Nocturno,,,133910,"POINT (  574191.198133735,   6139556.11443012)",CLEMENTE CESAR 2313,1
2026-05-03,C_101,39,,,,S,,56228,Nocturno,,,133956,"POINT (  574163.003765111,   6139425.07036834)",MARMARAJA 2246 FTE 2246,1
2026-05-03,C_101,40,,,,S,,56228,Nocturno,,,133901,"POINT (  574134.435457513,   6139350.95259128)",MARMARAJA Esq. MARTIN GARCIA,1
2026-05-03,C_101,41,,,,S,,56228,Nocturno,,,133899,"POINT (  574102.127476473,   6139265.44017650)",MARMARAJA 2157,1
2026-05-03,C_101,42,,,,S,,56228,Nocturno,,,133900,"POINT (  574087.833358826,   6139232.44017650)",MARMARAJA 2148 EN 2147. EDIFICIO,1
2026-05-03,C_101,43,,,,S,,56228,Nocturno,,,133898,"POINT (  574086.245123532,   6139229.35194121)",MARMARAJA 2135 EN 2147. EDIFICIO,1
2026-05-03,C_101,44,,,,S,,56228,Nocturno,,,133909,"POINT (  574050.128983343,   6139146.77909223)",MARMARAJA 2103,1
2026-05-03,C_101,45,,,,S,,56228,Nocturno,,,181187,"POINT (  573996.263240959,   6139248.79104357)",AREQUITA 2134 ANTES DE REBAJE,1
2026-05-03,C_101,46,,,,S,,56228,Nocturno,,,133908,"POINT (  574006.377519259,   6139275.23658723)",AREQUITA 2145 FTE 2145,1
2026-05-03,C_101,47,,,,S,,56228,Nocturno,,,133907,"POINT (  574059.119010209,   6139414.88167122)",AREQUITA 2213 FTE 2213,1
2026-05-03,C_101,48,,,,S,,56228,Nocturno,,,179532,"POINT (  574052.980774074,   6139499.06884815)",ENRIQUETA COMPTE Y RIQUE 1291,1
2026-05-03,C_101,49,,,,S,,56228,Nocturno,,,133939,"POINT (  573941.049990695,   6139509.37684251)",GRAL FELIPE FRAGA 2243,1
2026-05-03,C_101,50,,,,S,,56228,Nocturno,,,133924,"POINT (  573955.436300002,   6139326.49900003)",GRAL FELIPE FRAGA 2163 FTE 3154,1
2026-05-03,C_101,51,,,,S,,56228,Nocturno,,,133902,"POINT (  573961.921594120,   6139254.41076474)",GRAL FELIPE FRAGA 2125 EN 2129/2125,1
2026-05-03,C_101,52,,,,S,,56228,Nocturno,,,183249,"POINT (  573744.756506536,   6139428.74345817)",GRAL FAUSTO AGUILAR 1180,1
2026-05-03,C_101,53,,,,S,,56228,Nocturno,,,133925,"POINT (  573772.037485605,   6139443.05042207)",GRAL FAUSTO AGUILAR 1187 FTE 1183. PDO PARADA,1
2026-05-03,C_101,54,,,,S,,56228,Nocturno,,,133974,"POINT (  573830.172992675,   6139475.21474042)",GRAL FAUSTO AGUILAR 1198 EN SUBESTACION,1
2026-05-03,C_101,55,,,,S,,56228,Nocturno,,,133957,"POINT (  573936.654866449,   6139566.51345770)",ZAPICAN 2406 PDO CORDON ROJO,1
2026-05-03,C_101,56,,,,S,,56228,Nocturno,,,143472,"POINT (  573904.932500004,   6139632.69573730)",ZAPICAN 2444 EN 2450,1
2026-05-03,C_101,57,,,,S,,56228,Nocturno,,,143473,"POINT (  573904.254533902,   6139634.22116103)",ZAPICAN 2444 EN 2450,1
2026-05-03,C_101,58,,,,S,,56228,Nocturno,,,183261,"POINT (  574001.431871460,   6139692.66016362)",GRAL JOSE MARIA LUNA 1276 EN 1292. FTE 1293,1
2026-05-03,C_101,60,,,,S,,56228,Nocturno,,,183184,"POINT (  574215.935965795,   6139809.84438867)",GRAL JOSE MARIA LUNA 1396,2
2026-05-03,C_101,61,,,,S,,56228,Nocturno,,,183183,"POINT (  574218.332479956,   6139811.58730806)",GRAL JOSE MARIA LUNA 1396,2
2026-05-03,C_101,62,,,,S,,56228,Nocturno,,,182953,"POINT (  574242.531577658,   6139766.58949442)",AV MILLAN 2371 PROV OV. (O: GRAL JOSE MARIA LUNA 1398),2
2026-05-03,C_101,63,,,,S,,56228,Nocturno,,,182278,"POINT (  574243.373333769,   6139346.56385752)",AV GRAL SAN MARTIN 2215,2
2026-05-03,C_101,64,,,,S,,56228,Nocturno,,,133943,"POINT (  574166.759829414,   6139163.39605885)",AV GRAL SAN MARTIN 2123 EN COMERCIO. PDO CARTEL,2
2026-05-03,C_101,65,,,,S,,56228,Nocturno,,,133946,"POINT (  573710.230417649,   6139535.48429415)",GRAL JOSE MARIA LUNA 1176 FTE 1171,2
2026-05-03,C_101,66,,,,S,,56228,Nocturno,,,135132,"POINT (  573712.789241178,   6139536.80782356)",GRAL JOSE MARIA LUNA 1176 FTE 1171,2
2026-05-03,C_101,67,,,,S,,56228,Nocturno,,,136254,"POINT (  573577.335888528,   6139495.59517666)",PARAGUAY 2496 FTE 2496/2498,2
2026-05-03,C_101,91,,,,S,,56228,Nocturno,,,175477,"POINT (  573730.721648587,   6138768.24379209)",AV GRAL RONDEAU 2113,3
2026-05-03,C_101,92,,,,S,,56228,Nocturno,,,175478,"POINT (  573731.230123164,   6138766.04040226)",AV GRAL RONDEAU 2113,3
2026-05-03,C_101,93,,,,S,,56228,Nocturno,,,133905,"POINT (  573956.027902598,   6138736.42504413)",ARTURO LEZAMA 2101,3
2026-05-03,C_101,94,,,,S,,56228,Nocturno,,,133934,"POINT (  573948.786256765,   6138813.56431496)",ARTURO LEZAMA 2149 MURO,3
2026-05-03,C_101,95,,,,S,,56228,Nocturno,,,133971,"POINT (  574002.576005883,   6138927.91811768)",GRAL CESAR DIAZ 1286 EN 1296,3
2026-05-03,C_101,96,,,,S,,56228,Nocturno,,,133972,"POINT (  574122.928947059,   6138937.44752945)",GRAL CESAR DIAZ 1342,3
2026-05-03,C_101,97,,,,S,,56228,Nocturno,,,133952,"POINT (  574178.164241177,   6138940.97694121)",GRAL CESAR DIAZ Esq. AV AGRACIADA,3
2026-05-03,C_101,98,,,,S,,56228,Nocturno,,,133969,"POINT (  574113.046594118,   6138843.21223533)",COLOMBIA 1335 PDO REBAJE,3
2026-05-03,C_101,99,,,,S,,56228,Nocturno,,,133970,"POINT (  574017.424465098,   6138836.86352330)",COLOMBIA 1281 MURO,3
2026-05-03,C_110,1,S,75,,S,,56229,Nocturno,2026-05-03 23:13:41,,138408,"POINT (  575321.470312785,   6142402.63983764)",BV JOSE BATLLE Y ORDOÑEZ 4297,0
2026-05-03,C_110,2,S,100,,S,,56229,Nocturno,2026-05-03 23:28:09,,183476,"POINT (  575268.479159193,   6142316.16033588)",AV GRAL SAN MARTIN 3606,0
2026-05-03,C_110,3,S,75,,S,,56229,Nocturno,2026-05-03 23:28:17,,183474,"POINT (  575267.694405830,   6142315.03925964)",AV GRAL SAN MARTIN 3606,0
2026-05-03,C_110,4,S,100,,S,Requiere Limpieza,56229,Nocturno,2026-05-03 23:16:51,,138473,"POINT (  575380.263848441,   6142346.10060416)",BV JOSE BATLLE Y ORDOÑEZ 4267,0
2026-05-03,C_110,5,S,100,,S,Requiere Limpieza,56229,Nocturno,2026-05-03 23:20:07,,138472,"POINT (  575394.424516788,   6142227.40151017)",DR JOSE MARIA PENCO 3639 EN 3639/3641,0
2026-05-03,C_110,6,S,100,,S,Requiere Limpieza,56229,Nocturno,2026-05-03 23:25:20,,183477,"POINT (  575243.254943947,   6142264.14239866)",AV GRAL SAN MARTIN 3576,0
2026-05-03,C_110,7,S,100,,S,Requiere Limpieza,56229,Nocturno,2026-05-03 23:20:11,,138474,"POINT (  575357.894472694,   6142152.54139082)",DR JOSE MARIA PENCO 3617 EN 3615,0
2026-05-03,C_110,8,S,100,,S,Requiere Limpieza,56229,Nocturno,2026-05-03 23:22:25,,138475,"POINT (  575307.599484448,   6142060.84568594)",DR JOSE MARIA PENCO 3557 REBAJE/REBAJE,0
2026-05-03,C_110,9,S,100,,S,Requiere Limpieza,56229,Nocturno,2026-05-03 23:33:19,,138409,"POINT (  575266.463478253,   6141988.79149752)",DR JOSE MARIA PENCO 3527 EN 3529.,0
2026-05-03,C_110,10,S,75,,S,,56229,Nocturno,2026-05-03 23:34:35,,138476,"POINT (  575230.515797200,   6141925.41981233)",DR JOSE MARIA PENCO 3501 EN 3503,0
2026-05-03,C_110,11,S,75,,S,,56229,Nocturno,2026-05-03 23:38:26,,138477,"POINT (  575274.064946416,   6141871.22944820)",ANDRES LAMAS 3775 EN FTE 3774/3772,0
2026-05-03,C_110,12,S,75,,S,,56229,Nocturno,2026-05-04 00:41:10,,138478,"POINT (  575337.321135120,   6141869.94335412)",SENAQUE 3508,0
2026-05-03,C_110,13,N,,"Contenedor Roto (choque, desfonde, etc.)",S,,56229,Nocturno,2026-05-04 00:44:32,,138479,"POINT (  575398.742695247,   6141992.60757002)",SENAQUE 3552 EN 3554. MURO Y CERCO,0
2026-05-03,C_110,14,S,100,,S,,56229,Nocturno,2026-05-04 00:56:49,,138480,"POINT (  575458.590333371,   6142109.23475884)",SENAQUE 3604 FTE 3611. MURO BAJO,0
2026-05-03,C_110,15,S,100,,S,,56229,Nocturno,2026-05-04 00:56:44,,138481,"POINT (  575537.016365283,   6142199.92258792)",BV JOSE BATLLE Y ORDOÑEZ 4195 PDO CORDON ROJO.,0
2026-05-03,C_110,16,S,100,,S,Requiere Limpieza,56229,Nocturno,2026-05-04 00:56:39,,138482,"POINT (  575587.276598923,   6142150.98738855)",BV JOSE BATLLE Y ORDOÑEZ 4159 VEREDA. EN 4157,0
2026-05-03,C_110,17,S,100,,S,Requiere Limpieza,56229,Nocturno,2026-05-04 00:56:33,,138438,"POINT (  575551.556648487,   6142056.29266595)",TERMOPILAS 3609 ANTES ARBOL,0
2026-05-03,C_110,18,S,100,,S,Requiere Limpieza,56229,Nocturno,2026-05-04 00:56:15,,138437,"POINT (  575499.327313516,   6141966.99170993)",TERMOPILAS 3563 MURO BAJO Y CERCO VEGETAL,0
2026-05-03,C_110,19,S,100,,S,Requiere Limpieza,56229,Nocturno,2026-05-04 00:59:14,,138439,"POINT (  575495.024792507,   6141876.63876875)",MARGARITA URIARTE DE HERRERA 3535 COLUMNA/REBAJE,0
2026-05-03,C_110,20,S,100,,S,Requiere Limpieza,56229,Nocturno,2026-05-04 01:02:27,,138440,"POINT (  575367.106396857,   6141784.38207687)",MARGARITA URIARTE DE HERRERA Esq. ANDRES LAMAS,0
2026-05-03,C_110,21,S,25,,S,,56229,Nocturno,2026-05-04 01:04:40,,138483,"POINT (  575298.599328657,   6141729.63995282)",MARGARITA URIARTE DE HERRERA Esq. AV DR LUIS ALBERTO DE HERRERA,0
2026-05-03,C_110,22,S,100,,S,Requiere Limpieza,56229,Nocturno,2026-05-04 01:07:57,,138486,"POINT (  575146.231985319,   6141815.30025912)",AV DR LUIS ALBERTO DE HERRERA 3810 VEREDA. EN 3804/3806.,0
2026-05-03,C_110,23,S,100,,S,,56229,Nocturno,2026-05-04 01:11:57,,138487,"POINT (  575060.332902629,   6141885.92801895)",AV GRAL SAN MARTIN 3410,0
2026-05-03,C_110,24,S,100,,S,,56229,Nocturno,2026-05-04 01:16:01,,182061,"POINT (  575137.303939818,   6141978.02633846)",ANDRES LAMAS 3846,0
2026-05-03,C_110,25,S,100,,S,,56229,Nocturno,2026-05-04 01:11:53,,138488,"POINT (  575139.298057562,   6142049.81588066)",AV GRAL SAN MARTIN 3476,0
2026-05-03,C_110,26,S,75,,S,,56229,Nocturno,2026-05-04 01:12:53,,138411,"POINT (  575179.186508499,   6142094.91251494)",JUAN JOSE QUESADA 3897 FTE 3896,0
2026-05-03,C_110,27,S,100,,S,Requiere Limpieza,56229,Nocturno,2026-05-04 01:13:58,,181787,"POINT (  575182.044450763,   6142093.44822026)",JUAN JOSE QUESADA 3897 FTE 3896,0
2026-05-03,C_110,28,S,100,,S,"Poda, Requiere Limpieza",56229,Nocturno,2026-05-04 01:21:16,,138410,"POINT (  575627.263841320,   6141949.56140668)",MARGARITA URIARTE DE HERRERA 3568 FTE 3599,0
2026-05-03,C_110,29,S,50,,S,,56229,Nocturno,2026-05-04 01:22:35,,138441,"POINT (  575722.665492708,   6142006.84475119)",MARGARITA URIARTE DE HERRERA 3643 FTE 3643,0
2026-05-03,C_110,30,S,100,,S,,56229,Nocturno,2026-05-04 01:25:22,,138484,"POINT (  575785.348930691,   6141949.66729087)",DR HOMERO DE GREGORIO 3593,0
2026-05-03,C_110,31,S,100,,S,Requiere Limpieza,56229,Nocturno,2026-05-04 01:26:46,,138485,"POINT (  575700.853350437,   6141875.44247664)",DR HOMERO DE GREGORIO 3575,0
2026-05-03,C_110,32,S,100,,S,Requiere Limpieza,56229,Nocturno,2026-05-04 01:29:01,,138412,"POINT (  575651.299551492,   6141831.50053954)",DR HOMERO DE GREGORIO 3551 EN 3551/3557.,0
2026-05-03,C_110,33,S,100,,S,Requiere Limpieza,56229,Nocturno,2026-05-04 01:29:19,,179911,"POINT (  575501.024992264,   6141703.79112526)",DR HOMERO DE GREGORIO 3489 ANTES DEL 3491,0
2026-05-03,C_110,34,S,100,,S,Requiere Limpieza,56229,Nocturno,2026-05-04 01:29:14,,179913,"POINT (  575500.285515586,   6141702.93788294)",DR HOMERO DE GREGORIO 3489 ANTES DEL 3491,0
2026-05-03,C_110,35,S,100,,S,Requiere Limpieza,56229,Nocturno,2026-05-04 02:37:50,,138462,"POINT (  575431.166329254,   6141638.05013212)",DR HOMERO DE GREGORIO 3451,0
2026-05-03,C_110,36,S,100,,S,,56229,Nocturno,2026-05-04 02:39:24,,138463,"POINT (  575392.095064701,   6141599.29652012)",DR MANUEL LANDEIRA 3445 EN 3447.,0
2026-05-03,C_110,37,S,100,,S,,56229,Nocturno,2026-05-04 02:40:56,,138465,"POINT (  575389.667468965,   6141596.70195275)",DR MANUEL LANDEIRA 3445 EN 3447.,0
2026-05-03,C_110,38,S,100,,S,Requiere Limpieza,56229,Nocturno,2026-05-04 02:42:41,,138464,"POINT (  575337.458824838,   6141541.69552306)",DR MANUEL LANDEIRA 3423,0
2026-05-03,C_110,39,S,75,,S,Requiere Limpieza,56229,Nocturno,2026-05-04 02:45:42,,181106,"POINT (  575480.262134926,   6141520.57841547)",DR FRANCISCO LAVANDEIRA 3341 FTE 3343/3345. MURO,0
2026-05-03,C_110,40,S,100,,S,Requiere Limpieza,56229,Nocturno,2026-05-04 02:45:46,,138471,"POINT (  575491.520315149,   6141538.94253423)",DR FRANCISCO LAVANDEIRA Esq. AV DR LUIS ALBERTO DE HERRERA ANTES ARBOLES,0
2026-05-03,C_110,41,S,100,,S,Requiere Limpieza,56229,Nocturno,2026-05-04 02:47:48,,138469,"POINT (  575553.039027088,   6141528.35411565)",DR FRANCISCO LAVANDEIRA 3354 VEREDA,0
2026-05-03,C_110,42,S,100,,S,Requiere Limpieza,56229,Nocturno,2026-05-04 02:50:56,,176304,"POINT (  575554.716125405,   6141530.73460897)",DR FRANCISCO LAVANDEIRA 3354,0
2026-05-03,C_110,43,S,100,,S,Requiere Limpieza,56229,Nocturno,2026-05-04 02:51:03,,138470,"POINT (  575628.428567364,   6141618.56744193)",DR FRANCISCO LAVANDEIRA 3382 EN 3398.,0
2026-05-03,C_110,44,S,100,,S,Requiere Limpieza,56229,Nocturno,2026-05-04 02:57:00,,138468,"POINT (  575709.959390415,   6141715.13381936)",DR FRANCISCO LAVANDEIRA 3442,0
2026-05-03,C_110,45,S,100,,S,Requiere Limpieza,56229,Nocturno,2026-05-04 02:58:26,,138416,"POINT (  575762.160294005,   6141776.75841549)",DR FRANCISCO LAVANDEIRA 3458 EN 3458/3504,0
2026-05-03,C_110,46,S,100,,S,Requiere Limpieza,56229,Nocturno,2026-05-04 03:00:05,,138414,"POINT (  575852.903041219,   6141864.21875294)",CNEL JUSTO ARECHAGA 3534 EN 3543.,0
2026-05-03,C_110,47,S,100,,S,Requiere Limpieza,56229,Nocturno,2026-05-04 03:02:58,,138489,"POINT (  575879.282703264,   6141745.29631917)",AV GRAL FLORES 3475 VEREDA. EN 3479,0
2026-05-03,C_110,48,S,100,,S,,56229,Nocturno,2026-05-04 03:05:31,,138491,"POINT (  575831.661780740,   6141699.04019074)",JUAN JOSE QUESADA 3510,0
2026-05-03,C_110,49,S,100,,S,Requiere Limpieza,56229,Nocturno,2026-05-04 03:07:33,,138490,"POINT (  575720.786762627,   6141644.97923254)",CNEL JUSTO ARECHAGA 3425 FTE 3424,0
2026-05-03,C_110,50,S,100,,S,Requiere Limpieza,56229,Nocturno,2026-05-04 03:09:07,,138494,"POINT (  575673.293522134,   6141562.32412781)",CNEL JUSTO ARECHAGA 3389 EN 3391/3393,0
2026-05-03,C_110,51,S,25,,S,,56229,Nocturno,2026-05-04 03:12:22,,182090,"POINT (  575593.566428322,   6141426.08074510)",CNEL JUSTO ARECHAGA 3341 MURO CIEGO,0
2026-05-03,C_110,52,,,,S,,56229,Nocturno,,,182091,"POINT (  575556.529391285,   6141376.51647495)",CNEL JUSTO ARECHAGA 3295,0
2026-05-03,C_110,53,,,,S,,56229,Nocturno,,,182088,"POINT (  575479.146493682,   6141274.16081046)",CNEL JUSTO ARECHAGA 3212 FTE 3214,0
2026-05-03,C_110,54,,,,S,,56229,Nocturno,,,182089,"POINT (  575477.880153813,   6141272.63575599)",CNEL JUSTO ARECHAGA 3212 FTE 3214,0
2026-05-03,C_110,55,,,,S,,56229,Nocturno,,,181688,"POINT (  575453.569012429,   6141261.73467684)",CONSULADO 3254 PROV OV. (O: CNEL JUSTO ARECHAGA FTE 3214),0
2026-05-03,C_110,56,,,,S,,56229,Nocturno,,,144132,"POINT (  575437.731148772,   6141335.11547659)",JUANA DE ARCO 3302 EN 3264,0
2026-05-03,C_110,57,,,,S,,56229,Nocturno,,,138445,"POINT (  575458.060912442,   6141362.32771234)",JUANA DE ARCO 3304 EN 3302,0
2026-05-03,C_110,58,,,,S,,56229,Nocturno,,,138443,"POINT (  575528.473895986,   6141453.49399630)",JUANA DE ARCO 3338 EN 3338/3342,0
2026-05-03,C_110,59,,,,S,,56229,Nocturno,,,151712,"POINT (  575597.510385115,   6141264.80837723)",AV GRAL FLORES 3269,0
2026-05-03,C_110,60,,,,S,,56229,Nocturno,,,138442,"POINT (  575544.325589981,   6141186.05746527)",AV GRAL FLORES 3201,0
2026-05-03,C_110,61,,,,S,,56229,Nocturno,,,138420,"POINT (  575506.116333967,   6141130.76053980)",AV GRAL FLORES 3155,0
2026-05-03,C_110,62,,,,S,,56229,Nocturno,,,138419,"POINT (  575542.729045252,   6141122.67246536)",AV GRAL FLORES 3190,0
2026-05-03,C_110,63,,,,S,,56229,Nocturno,,,138418,"POINT (  575568.544171302,   6141161.39515444)",AV GRAL FLORES 3200,0
2026-05-03,C_110,64,,,,S,,56229,Nocturno,,,138421,"POINT (  575656.539595104,   6141287.57025420)",AV GRAL FLORES 3274 EN 3276/3284. EDIFICIO,0
2026-05-03,C_110,65,,,,S,,56229,Nocturno,,,138499,"POINT (  575721.315106939,   6141270.38016756)",CUFRE 3179,0
2026-05-03,C_110,66,,,,S,,56229,Nocturno,,,138498,"POINT (  575726.689091768,   6141164.00663237)",CUFRE Esq. PAMPILLO Y NOVAS MURO,0
2026-05-03,C_110,67,,,,S,,56229,Nocturno,,,138497,"POINT (  575708.900548557,   6141066.91083401)",BV GRAL ARTIGAS Esq. CUFRE VEREDA. MURO,0
2026-05-03,C_110,68,,,,S,,56229,Nocturno,,,138500,"POINT (  575619.488776407,   6141059.55663815)",BV GRAL ARTIGAS 3262 VEREDA. EDIFICIO,0
2026-05-03,C_110,69,,,,S,,56229,Nocturno,,,138505,"POINT (  576010.988130589,   6141732.28705745)",AV GRAL FLORES 3484 EN 3486. VIVIENDAS,0
2026-05-03,C_110,70,,,,S,,56229,Nocturno,,,138502,"POINT (  576014.694077091,   6141732.92236257)",AV GRAL FLORES 3484 EN 3486. VIVIENDAS,0
2026-05-03,C_110,71,,,,S,,56229,Nocturno,,,138501,"POINT (  576118.404293318,   6141651.08273827)",BV JOSE BATLLE Y ORDOÑEZ 3885,0
2026-05-03,C_110,72,,,,S,,56229,Nocturno,,,138503,"POINT (  576162.754389722,   6141607.06354119)",BV JOSE BATLLE Y ORDOÑEZ 3865,0
2026-05-03,C_110,73,,,,S,,56229,Nocturno,,,183273,"POINT (  576164.819752327,   6141605.47005980)",BV JOSE BATLLE Y ORDOÑEZ 3865,0
2026-05-03,C_110,74,,,,S,,56229,Nocturno,,,138446,"POINT (  576267.168834846,   6141514.15610894)",BV JOSE BATLLE Y ORDOÑEZ 3789 EN 3793/3791,0
2026-05-03,C_110,75,,,,S,,56229,Nocturno,,,138447,"POINT (  576366.972826911,   6141414.21397701)",BV JOSE BATLLE Y ORDOÑEZ 3721 EN 3725,0
2026-05-03,C_110,76,,,,S,,56229,Nocturno,,,138448,"POINT (  576463.007719691,   6141326.83003905)",BV JOSE BATLLE Y ORDOÑEZ 3667,0
2026-05-03,C_110,77,,,,S,,56229,Nocturno,,,138449,"POINT (  576361.236132233,   6141223.46887897)",AV JOSE PEDRO VARELA 3210,0
2026-05-03,C_110,78,,,,S,,56229,Nocturno,,,138422,"POINT (  576229.586032133,   6141250.93754888)",ANDRES LAMAS 3286 ANTES REBAJE,0
2026-05-03,C_110,79,,,,S,,56229,Nocturno,,,138450,"POINT (  576137.943269339,   6141308.43266177)",ANDRES LAMAS 3330 FTE PLAZA,0
2026-05-03,C_110,80,,,,S,,56229,Nocturno,,,138455,"POINT (  576147.155193502,   6141364.86893279)",JUAN CRUZ VARELA 3422 EN 3422/3426,0
2026-05-03,C_110,81,,,,S,,56229,Nocturno,,,138453,"POINT (  576247.600566013,   6141323.87859739)",CARDOSO 3295 EN 3295/3297,0
2026-05-03,C_110,82,,,,S,,56229,Nocturno,,,138454,"POINT (  576372.582625033,   6141336.80962355)",JUAN JOSE QUESADA 3258 MURO,0
2026-05-03,C_110,83,,,,S,,56229,Nocturno,,,138452,"POINT (  576266.169018322,   6141408.91675407)",JUAN JOSE QUESADA 3308,0
2026-05-03,C_110,84,,,,S,,56229,Nocturno,,,177295,"POINT (  576191.097130602,   6141458.47055302)",JUAN JOSE QUESADA Esq. JUAN CRUZ VARELA,0
2026-05-03,C_110,85,,,,S,,56229,Nocturno,,,177293,"POINT (  576129.154881919,   6141499.65950129)",JUAN JOSE QUESADA 3410 MURO,0
2026-05-03,C_110,86,,,,S,,56229,Nocturno,,,177294,"POINT (  576126.932436158,   6141501.56287345)",JUAN JOSE QUESADA 3410 MURO,0
2026-05-03,C_110,87,,,,S,,56229,Nocturno,,,138457,"POINT (  576035.157159293,   6141563.38547853)",JUAN JOSE QUESADA 3446,0
2026-05-03,C_110,88,,,,S,,56229,Nocturno,,,143412,"POINT (  576001.464501997,   6141584.18927787)",JUAN JOSE QUESADA 3453 ANTES BOCA DE TORMENTA,0
2026-05-03,C_110,89,,,,S,,56229,Nocturno,,,138458,"POINT (  575904.045102944,   6141647.79147719)",JUAN JOSE QUESADA 3492 FTE 3493,0
2026-05-03,C_110,90,,,,S,,56229,Nocturno,,,138459,"POINT (  575821.561322220,   6141636.25010094)",AV GRAL FLORES 3431,0
2026-05-03,C_110,91,,,,S,,56229,Nocturno,,,138425,"POINT (  575747.971813101,   6141505.05959476)",AV GRAL FLORES 3385 EN 3374.,0
2026-05-03,C_110,92,S,75,,S,,56229,Nocturno,2026-05-04 02:54:04,,182968,"POINT (  575675.133582571,   6141597.73228888)",ANDRES LAMAS 3563 PDO 3565,0
2026-05-03,C_110,93,,,,S,,56229,Nocturno,,,161734,"POINT (  575751.105076396,   6141546.98653347)",ANDRES LAMAS 3521 EN 3501.MURO,0
2026-05-03,C_110,94,,,,S,,56229,Nocturno,,,182306,"POINT (  575808.563273421,   6141511.35153050)",ANDRES LAMAS 3491 VEREDA,0
2026-05-03,C_110,95,,,,S,,56229,Nocturno,,,138426,"POINT (  575809.823771148,   6141510.25157413)",ANDRES LAMAS 3491 VEREDA. PDO ARBOL,0
2026-05-03,C_110,96,,,,S,,56229,Nocturno,,,138461,"POINT (  575934.433864264,   6141428.71709681)",ANDRES LAMAS 3446 VEREDA,0
2026-05-03,C_110,97,,,,S,,56229,Nocturno,,,138431,"POINT (  576010.141057099,   6141379.58683461)",ANDRES LAMAS 3419 VEREDA,0
2026-05-03,C_110,98,,,,S,,56229,Nocturno,,,138433,"POINT (  575859.106038490,   6141350.54606979)",GUALEGUAY 3357 EN 3362,0
2026-05-03,C_110,99,,,,S,,56229,Nocturno,,,180941,"POINT (  575862.501503185,   6141354.24638498)",GUALEGUAY 3361,0
2026-05-03,C_110,100,,,,S,,56229,Nocturno,,,138429,"POINT (  575882.054477124,   6141382.79007851)",GUALEGUAY 3371 EN 3386,0
2026-05-03,C_110,101,,,,S,,56229,Nocturno,,,138428,"POINT (  575883.750593029,   6141385.17909427)",GUALEGUAY 3375 EN 3386,0
2026-05-03,C_110,102,,,,S,,56229,Nocturno,,,138434,"POINT (  575904.546111236,   6141416.73091500)",GUALEGUAY 3389 EN 3394,0
2026-05-03,C_105,1,S,100,,S,,56249,Nocturno,2026-05-04 00:12:49,,134343,"POINT (  575547.614011958,   6141020.91314968)",BV GRAL ARTIGAS 3283 VEREDA. PDO EDIFICIO,0
2026-05-03,C_105,2,S,50,,S,,56249,Nocturno,2026-05-04 00:13:56,,134390,"POINT (  575664.786328625,   6141029.46130802)",BV GRAL ARTIGAS 3249 VEREDA. EN 3243,0
2026-05-03,C_105,3,S,75,,S,,56249,Nocturno,2026-05-04 02:06:56,,134376,"POINT (  575815.525803625,   6141041.97080802)",BV GRAL ARTIGAS 3171 VEREDA. ANTES 3167,0
2026-05-03,C_105,4,S,75,,S,,56249,Nocturno,2026-05-04 02:40:24,,134377,"POINT (  575910.806495292,   6141049.05952468)",BV GRAL ARTIGAS 3123 VEREDA,0
2026-05-03,C_105,5,S,75,,S,,56249,Nocturno,2026-05-04 02:41:22,,134378,"POINT (  576001.930979814,   6141056.29460003)",BV GRAL ARTIGAS 3087 VEREDA. EN 3071. ANTES CARTEL,0
2026-05-03,C_105,6,S,100,,S,,56249,Nocturno,2026-05-04 02:43:19,,134381,"POINT (  576030.897695292,   6140967.33079135)",ANTONIO MACHADO 2181,0
2026-05-03,C_105,7,S,100,,S,,56249,Nocturno,2026-05-04 02:45:22,,180179,"POINT (  575928.645036158,   6140959.99289209)",ANTONIO MACHADO 2139,0
2026-05-03,C_105,8,S,100,,S,,56249,Nocturno,2026-05-04 02:47:23,,134383,"POINT (  575824.107449115,   6140950.63971002)",ANTONIO MACHADO 2085 MURO,0
2026-05-03,C_105,9,S,100,,S,,56249,Nocturno,2026-05-04 02:51:15,,134402,"POINT (  575710.029020292,   6140940.43536635)",ANTONIO MACHADO 2044 FTE 2048. MURO,0
2026-05-03,C_105,10,S,100,,S,,56249,Nocturno,2026-05-04 02:53:39,,134403,"POINT (  575597.443520292,   6140931.88720802)",ANTONIO MACHADO 1981 ARBOL/COLUMNA,0
2026-05-03,C_105,11,S,100,,S,,56249,Nocturno,2026-05-04 02:56:30,,134404,"POINT (  575609.744528625,   6140818.88472468)",GRAL ENRIQUE MARTINEZ 2048 EN 2040,0
2026-05-03,C_105,12,S,100,,S,,56249,Nocturno,2026-05-04 02:57:38,,137132,"POINT (  575687.699095696,   6140825.16250004)",GRAL ENRIQUE MARTINEZ 2072,0
2026-05-03,C_105,13,S,100,,S,,56249,Nocturno,2026-05-04 03:03:38,,134362,"POINT (  575816.776753625,   6140835.98104135)",GRAL ENRIQUE MARTINEZ 2130 ANTES ARBOL. MURO BAJO C/REJA,0
2026-05-03,C_105,14,S,100,,S,,56249,Nocturno,2026-05-04 03:03:44,,181251,"POINT (  575885.110070588,   6140840.81007059)",GRAL ENRIQUE MARTINEZ 2154,0
2026-05-03,C_105,15,S,100,,S,,56249,Nocturno,2026-05-04 03:03:49,,180729,"POINT (  575952.739943137,   6140845.97382353)",GRAL ENRIQUE MARTINEZ 2192,0
2026-05-03,C_105,16,S,100,,S,,56249,Nocturno,2026-05-04 03:07:19,,134396,"POINT (  576013.871714916,   6140852.25838425)",GRAL ENRIQUE MARTINEZ 2218,0
2026-05-03,C_105,17,S,100,,S,,56249,Nocturno,2026-05-04 03:07:28,,183106,"POINT (  576017.691622223,   6140852.63937654)",GRAL ENRIQUE MARTINEZ 2220,0
2026-05-03,C_105,18,S,100,,S,,56249,Nocturno,2026-05-04 03:10:18,,183605,"POINT (  575982.207295677,   6140658.98221991)",DR JUAN CAMPISTEGUY 2918 EN 2916/2918. PROV OV. (O: DR LUIS MELIAN LAFINUR FTE 2221),0
2026-05-03,C_105,19,S,100,,S,,56249,Nocturno,2026-05-04 03:18:49,,134302,"POINT (  575646.470239916,   6140701.85609425)",DR GUSTAVO GALLINAL 2056 VEREDA,0
2026-05-03,C_105,20,S,100,,S,,56249,Nocturno,2026-05-04 03:18:57,,134303,"POINT (  575720.294704916,   6140707.36281425)",DR GUSTAVO GALLINAL 2084 VEREDA,0
2026-05-03,C_105,21,S,100,,S,,56249,Nocturno,2026-05-04 03:23:47,,180728,"POINT (  575959.384823312,   6140714.49234205)",DR GUSTAVO GALLINAL 2194 FTE 2197,0
2026-05-03,C_105,22,S,100,,S,,56249,Nocturno,2026-05-04 03:23:54,,170472,"POINT (  576018.008121049,   6140718.38505535)",DR GUSTAVO GALLINAL 2218,0
2026-05-03,C_105,23,S,100,,S,,56249,Nocturno,2026-05-04 03:24:21,,170452,"POINT (  576074.565564091,   6140720.06277599)",DR GUSTAVO GALLINAL 2242 EN 2244,0
2026-05-03,C_105,24,,,,S,,56249,Nocturno,,,181412,"POINT (  576230.010522658,   6140655.04876540)",QUIJOTE 2863,0
2026-05-03,C_105,25,,,,S,,56249,Nocturno,,,134346,"POINT (  576235.000939917,   6140586.04288925)",QUIJOTE 2829,0
2026-05-03,C_105,26,,,,S,,56249,Nocturno,,,183752,"POINT (  576236.061302362,   6140554.88188399)",QUIJOTE 2811,0
2026-05-03,C_105,27,,,,S,,56249,Nocturno,,,134347,"POINT (  576241.540169917,   6140503.61417425)",QUIJOTE 2789 VEREDA. EN 2793,0
2026-05-03,C_105,28,,,,S,,56249,Nocturno,,,134345,"POINT (  576250.832759917,   6140388.31722425)",QUIJOTE 2725 MURETE PIEDRA,0
2026-05-03,C_105,29,,,,S,,56249,Nocturno,,,183755,"POINT (  576251.177671916,   6140384.59610315)",QUIJOTE 2725,0
2026-05-03,C_105,30,,,,S,,56249,Nocturno,,,183754,"POINT (  576257.168701575,   6140277.37463360)",QUIJOTE 2675,0
2026-05-03,C_105,31,,,,N,,56249,Nocturno,,,134344,"POINT (  576262.534539917,   6140241.01246425)",QUIJOTE 2669,0
2026-05-03,C_105,32,,,,S,,56249,Nocturno,,,135632,"POINT (  576264.182977297,   6140220.33349089)",QUIJOTE 2665,0
2026-05-03,C_105,33,,,,S,,56249,Nocturno,,,183753,"POINT (  576322.806709187,   6140156.65353754)",COLORADO 2411,0
2026-05-03,C_105,34,,,,S,,56249,Nocturno,,,179043,"POINT (  576324.210990196,   6140156.94926166)",COLORADO 2411 FTE 2413. MURO,0
2026-05-03,C_105,35,,,,S,,56249,Nocturno,,,134276,"POINT (  576417.735497889,   6140040.81771065)",INGAVI 2648 VIVIENDAS. ARBOL/ARBOL,0
2026-05-03,C_105,36,,,,S,,56249,Nocturno,,,168952,"POINT (  576422.164163400,   6139954.40454869)",INGAVI 2601,0
2026-05-03,C_105,37,,,,S,,56249,Nocturno,,,134277,"POINT (  576422.626042701,   6139950.40159475)",INGAVI 2601,0
2026-05-03,C_105,38,,,,S,,56249,Nocturno,,,134282,"POINT (  576501.974597889,   6139941.80533565)",CHIRIGUANOS 2774 VIVIENDAS,0
2026-05-03,C_105,39,,,,S,,56249,Nocturno,,,134281,"POINT (  576568.887821197,   6140025.53396097)",CADIZ 2824,0
2026-05-03,C_105,40,,,,S,,56249,Nocturno,,,134274,"POINT (  576467.713172889,   6140097.39621065)",CHIAVARI 2829 VEREDA,0
2026-05-03,C_105,41,,,,N,,56249,Nocturno,,,134399,"POINT (  576147.753844917,   6140341.85427425)",BV GRAL ARTIGAS 2758 VEREDA,0
2026-05-03,C_105,42,,,,S,,56249,Nocturno,,,183806,"POINT (  576136.639166667,   6141071.51551667)",BV EMILIO MIRA Y LOPEZ Esq. AV JOSE PEDRO VARELA,0
2026-05-03,C_105,43,,,,S,,56249,Nocturno,,,134387,"POINT (  576139.340071717,   6141072.11396604)",BV EMILIO MIRA Y LOPEZ Esq. AV JOSE PEDRO VARELA,0
2026-05-03,C_105,44,,,,S,,56249,Nocturno,,,134388,"POINT (  576205.465791574,   6140944.63527912)",QUIJOTE 2983 EN 2981,0
2026-05-03,C_105,45,,,,S,,56249,Nocturno,,,180726,"POINT (  576212.005235076,   6140841.35936101)",QUIJOTE 2941,0
2026-05-03,C_105,46,,,,S,,56249,Nocturno,,,183756,"POINT (  576215.054636746,   6140811.40586719)",QUIJOTE 2927,0
2026-05-03,C_105,47,,,,S,,56249,Nocturno,,,183804,"POINT (  576217.654233333,   6140766.85759167)",QUIJOTE 2903,0
2026-05-03,C_105,48,,,,S,,56249,Nocturno,,,183805,"POINT (  576217.784441667,   6140764.38363333)",QUIJOTE 2903,0
2026-05-03,C_105,49,,,,S,,56249,Nocturno,,,180731,"POINT (  576273.163887800,   6140728.28797604)",DR GUSTAVO GALLINAL 2332,0
2026-05-03,C_105,50,,,,S,,56249,Nocturno,,,134323,"POINT (  576365.891868620,   6140800.83685689)",GALATEA 3040 EN 3042,0
2026-05-03,C_105,51,,,,S,,56249,Nocturno,,,134328,"POINT (  576419.706471761,   6140873.81614823)",GALATEA 3096 PDO 3096,0
2026-05-03,C_105,52,,,,S,,56249,Nocturno,,,134324,"POINT (  576429.246312674,   6140777.51195221)",DULCINEA 3055 EN 3059,0
2026-05-03,C_105,53,,,,S,,56249,Nocturno,,,134322,"POINT (  576355.622271761,   6140677.02118156)",DULCINEA 2997,0
2026-05-03,C_105,54,,,,S,,56249,Nocturno,,,180727,"POINT (  576283.994757734,   6140584.46204488)",DULCINEA 2949 FTE 2946,0
2026-05-03,C_105,55,,,,S,,56249,Nocturno,,,134357,"POINT (  576433.003050980,   6140582.33141722)",FRANCISCO RODRIGO 2976 MURO,0
2026-05-03,C_105,56,,,,S,,56249,Nocturno,,,134358,"POINT (  576486.214992646,   6140655.11723388)",FRANCISCO RODRIGO 3023 FTE 3023,0
2026-05-03,C_105,57,,,,S,,56249,Nocturno,,,134330,"POINT (  576572.124525683,   6140771.36631546)",FRANCISCO RODRIGO 3085,0
2026-05-03,C_105,58,,,,S,,56249,Nocturno,,,134368,"POINT (  576656.490928529,   6140720.16193906)",JUAN ARRIETA 3092 MURO,0
2026-05-03,C_105,59,,,,S,,56249,Nocturno,,,134367,"POINT (  576655.259250394,   6140718.31442186)",JUAN ARRIETA 3092 MURO,0
2026-05-03,C_105,60,,,,S,,56249,Nocturno,,,134366,"POINT (  576566.830359313,   6140599.00545889)",JUAN ARRIETA 3010 FTE 3010,0
2026-05-03,C_105,61,,,,S,,56249,Nocturno,,,134339,"POINT (  576489.694792647,   6140489.24676722)",JUAN ARRIETA 2954 FTE 2954. CERCO VEGTAL,0
2026-05-03,C_105,62,,,,S,,56249,Nocturno,,,134374,"POINT (  576434.162984313,   6140412.40118389)",JUAN ARRIETA 2921 EN 2925. COLUMNA/ARBOL,0
2026-05-03,C_105,63,,,,S,,56249,Nocturno,,,180730,"POINT (  576437.226722440,   6140346.76375381)",JUAN CABAL 2231 FTE 2231,0
2026-05-03,C_105,64,,,,S,,56249,Nocturno,,,181946,"POINT (  576517.248688671,   6140288.50939608)",JUAN CABAL 2258 EN 2258/2260,0
2026-05-03,C_105,65,,,,S,,56249,Nocturno,,,134394,"POINT (  576563.396520061,   6140223.87416863)",CHIAVARI 2889,0
2026-05-03,C_105,66,,,,S,,56249,Nocturno,,,134391,"POINT (  576489.858863394,   6140179.50735363)",MARIANO MORENO 2251 EN 2275,0
2026-05-03,C_105,67,,,,S,,56249,Nocturno,,,134392,"POINT (  576401.260911728,   6140241.64803030)",MARIANO MORENO 2237 EN 2239/2241,0
2026-05-03,C_105,68,,,,S,,56249,Nocturno,,,134317,"POINT (  576325.323470058,   6140295.27147254)",MARIANO MORENO 2187 EN 2189,0
2026-05-03,C_105,69,,,,S,,56249,Nocturno,,,134359,"POINT (  576290.911217646,   6140392.53732555)",FRANCISCO RODRIGO 2870,0
2026-05-03,C_105,70,,,,S,,56249,Nocturno,,,134369,"POINT (  576331.508884313,   6140447.63415888)",FRANCISCO RODRIGO 2936 EN 2932,0
2026-05-03,C_105,71,,,,S,,56249,Nocturno,,,180733,"POINT (  576566.274320261,   6140390.99353747)",ING EDUARDO CANSTATT 2940,0
2026-05-03,C_105,72,,,,S,,56249,Nocturno,,,134401,"POINT (  576593.049530037,   6140430.00261413)",ING EDUARDO CANSTATT 2966,0
2026-05-03,C_105,73,,,,S,,56249,Nocturno,,,136534,"POINT (  576662.088551608,   6140524.09847229)",ING EDUARDO CANSTATT 3014,0
2026-05-03,C_105,74,,,,S,,56249,Nocturno,,,134373,"POINT (  576703.294697647,   6140582.59888738)",ING EDUARDO CANSTATT 3050,0
2026-05-03,C_105,75,,,,S,,56249,Nocturno,,,134365,"POINT (  576746.711351895,   6140644.02883435)",ING EDUARDO CANSTATT 3084 ARBOL/ARBOL,0
2026-05-03,C_105,76,,,,S,,56249,Nocturno,,,134405,"POINT (  576774.670993257,   6140683.67391056)",ING EDUARDO CANSTATT 3124 FTE 3105 (EN 3124. EDIFICIOS). ARBOL/COLUMNA,0
2026-05-03,C_105,77,,,,S,,56249,Nocturno,,,134406,"POINT (  576777.265585589,   6140687.06683900)",ING EDUARDO CANSTATT 3124 FTE 3105 (EN 3124. EDIFICIOS). ARBOL/COLUMNA,0
2026-05-03,C_105,78,,,,S,,56249,Nocturno,,,183022,"POINT (  576836.039609039,   6140767.17248475)",ING EDUARDO CANSTATT 3156 ANTES 3156,0
2026-05-03,C_105,79,,,,S,,56249,Nocturno,,,134320,"POINT (  576869.872573429,   6140816.79645559)",ING EDUARDO CANSTATT 3194 EN 3190/3194,0
2026-05-03,C_105,80,,,,S,,56249,Nocturno,,,135732,"POINT (  576837.345499945,   6140873.20095833)",BONAPARTE 3068,0
2026-05-03,C_105,81,,,,S,,56249,Nocturno,,,134318,"POINT (  576775.038392647,   6140913.20240055)",BONAPARTE Esq. JUAN ARRIETA,0
2026-05-03,C_105,82,S,100,,S,,56249,Nocturno,2026-05-03 23:48:03,,137133,"POINT (  576566.809364345,   6141073.03772465)",SETEMBRINO PEREDA 3206 EN 3206/3204.,0
2026-05-03,C_105,83,S,100,,S,,56249,Nocturno,2026-05-03 23:51:10,,134348,"POINT (  576580.627668394,   6141143.23055529)",SETEMBRINO PEREDA 3228,0
2026-05-03,C_105,84,S,100,,S,,56249,Nocturno,2026-05-04 00:04:40,,181633,"POINT (  576631.342432530,   6141084.97094940)",IGNACIO MANUEL ALTAMIRANO 3219,0
2026-05-03,C_105,85,S,100,,S,,56249,Nocturno,2026-05-04 00:04:34,,181632,"POINT (  576630.137613253,   6141082.56131084)",IGNACIO MANUEL ALTAMIRANO 3219,0
2026-05-03,C_105,86,S,100,,S,,56249,Nocturno,2026-05-04 00:04:28,,181330,"POINT (  576605.969335948,   6141031.42487103)",IGNACIO MANUEL ALTAMIRANO 3201,0
2026-05-03,C_105,87,S,100,,S,,56249,Nocturno,2026-05-04 00:04:22,,134313,"POINT (  576565.181680174,   6140943.20069630)",IGNACIO MANUEL ALTAMIRANO 3159 MURO,0
2026-05-03,C_105,88,S,100,,S,,56249,Nocturno,2026-05-03 23:45:52,,134350,"POINT (  576526.763370060,   6140960.74319696)",SETEMBRINO PEREDA 3162 MURO,0
2026-05-03,C_105,89,S,100,,S,,56249,Nocturno,2026-05-03 23:40:02,,145032,"POINT (  576412.849739326,   6141105.29323554)",SANCHO PANZA 3187,0
2026-05-03,C_105,90,S,100,,S,,56249,Nocturno,2026-05-03 23:43:31,,134408,"POINT (  576374.160038428,   6141005.05371490)",SANCHO PANZA 3115 FTE 3114. SALIDA EDIFICO,0
2026-05-03,C_105,91,S,75,,S,,56249,Nocturno,2026-05-03 23:43:48,,183023,"POINT (  576372.514610170,   6141000.27773672)",SANCHO PANZA 3107,0
2026-05-03,C_105,92,S,100,,S,,56249,Nocturno,2026-05-03 23:21:01,,137134,"POINT (  576325.246490174,   6140995.28804238)",AV DR LUIS ALBERTO DE HERRERA 3264,0
2026-05-03,C_105,93,S,100,,S,,56249,Nocturno,2026-05-03 23:30:37,,134327,"POINT (  576229.483515201,   6141066.18651501)",AV DR LUIS ALBERTO DE HERRERA 3298 VEREDA,0
2026-05-03,C_105,94,S,100,,S,,56249,Nocturno,2026-05-03 23:33:13,,134307,"POINT (  576290.004678394,   6141152.32100362)",AV JOSE PEDRO VARELA 3178,0
2026-05-03,C_105,95,S,100,,S,,56249,Nocturno,2026-05-03 23:34:50,,134306,"POINT (  576369.512181727,   6141185.83355196)",AV JOSE PEDRO VARELA 3210 MURO CALADO,0
2026-05-03,C_105,96,S,100,,S,,56249,Nocturno,2026-05-03 23:37:34,,137154,"POINT (  576440.947254954,   6141216.60520723)",AV JOSE PEDRO VARELA Esq. SANCHO PANZA,0
2026-05-03,C_105,97,,,,S,,56249,Nocturno,,,134305,"POINT (  576566.347485043,   6141229.30688800)",BV JOSE BATLLE Y ORDOÑEZ 3609 EN 3609/3611,0
2026-05-03,C_105,98,,,,S,,56249,Nocturno,,,134349,"POINT (  576804.225561728,   6141002.66780196)",BV JOSE BATLLE Y ORDOÑEZ Esq. JUAN ARRIETA,0
2026-05-03,C_105,99,,,,S,,56249,Nocturno,,,134336,"POINT (  576738.705444020,   6140889.51768258)",JUAN ARRIETA 3179,0
2026-05-03,C_105,100,,,,S,,56249,Nocturno,,,134334,"POINT (  576693.105006728,   6140817.73823363)",JUAN ARRIETA 3147,0
2026-05-03,C_105,101,,,,S,,56249,Nocturno,,,177277,"POINT (  576583.206079513,   6140815.61699450)",FRANCISCO RODRIGO 3106 ESQ.,0
2026-05-03,C_105,102,,,,S,,56249,Nocturno,,,181989,"POINT (  576583.892713652,   6140816.65380080)",FRANCISCO RODRIGO 3106 ESQ,0
2026-05-03,C_105,103,,,,S,,56249,Nocturno,,,134338,"POINT (  576652.265828395,   6140925.87386529)",FRANCISCO RODRIGO 3172 EN 3170/3172,0
2026-05-03,C_105,104,,,,S,,56249,Nocturno,,,134337,"POINT (  576687.949230061,   6140982.18037363)",FRANCISCO RODRIGO 3202 FTE 3203. ARBOL/ARBOL,0
2026-05-03,C_105,105,,,,S,,56249,Nocturno,,,134332,"POINT (  576730.959261728,   6141049.47682696)",FRANCISCO RODRIGO 3246 CERCO VEGETAL. ARBOL/REBAJE,0
2026-05-03,C_105,106,,,,S,,56249,Nocturno,,,176841,"POINT (  576992.585099536,   6140822.54518400)",BV JOSE BATLLE Y ORDOÑEZ 3363 PROV OV (O: BV JOSE BATTLE Y ORDOÑEZ 3373),0
2026-05-03,C_105,107,,,,S,,56249,Nocturno,,,134353,"POINT (  577006.114921728,   6140775.54227196)",CHIAVARI 3241 ANTES ARBOL,0
2026-05-03,C_105,108,,,,S,,56249,Nocturno,,,181252,"POINT (  576938.801394118,   6140707.70921177)","CHIAVARI 3153 VEREDA. EN 3155. PROV OP. (REBAJE, O:CHIAVARI 3165, FECHA ALTA: 25/09/2020)",0
2026-05-03,C_105,109,,,,S,,56249,Nocturno,,,181705,"POINT (  576849.859191526,   6140619.48594237)",CHIAVARI 3121,0
2026-05-03,C_105,110,,,,S,,56249,Nocturno,,,181706,"POINT (  576846.568231074,   6140616.12436045)",CHIAVARI 3121,0
2026-05-03,C_105,111,,,,S,,56249,Nocturno,,,134315,"POINT (  576788.351196728,   6140539.32629363)",CHIAVARI 3055 EN 3057,0
2026-05-03,C_105,112,,,,S,,56249,Nocturno,,,134316,"POINT (  576738.964283394,   6140470.67305696)",CHIAVARI 3009 MURO C/ REJAS,0
2026-05-03,C_105,113,,,,S,,56249,Nocturno,,,134393,"POINT (  576681.436670061,   6140392.38665863)",CHIAVARI 2973 FTE 2978. MURO,0
2026-05-03,C_105,114,,,,S,,56249,Nocturno,,,134395,"POINT (  576639.783421728,   6140332.55251363)",CHIAVARI 2949,0
