dia_viaje,circuito,posicion,levantado,porcentaje_llenado,motivo_no_levante,contenedor_activo,condiciones_contenedor,id_viaje,turno,fecha_pasaje,numero_caja,contenedor_gid,the_geom,ubicacion,prioridad
2026-04-25,B_07,1,S,75,,S,Basura Afuera,54514,Matutino,2026-04-25 02:41:36,,178166,"POINT (  575423.643166976,   6136881.99273395)",EDUARDO ACEVEDO 1194 FTE 1194 FTE 1194,0
2026-04-25,B_07,2,S,50,,S,Basura Afuera,54514,Matutino,2026-04-25 02:41:30,,178167,"POINT (  575429.983405520,   6136825.05613633)",EDUARDO ACEVEDO 1160 FTE 1160 FTE 1160,0
2026-04-25,B_07,3,S,50,,S,Basura Afuera,54514,Matutino,2026-04-25 02:41:43,,178168,"POINT (  575430.234504076,   6136823.42399572)",EDUARDO ACEVEDO 1160 FTE 1160 FTE 1160,0
2026-04-25,B_07,4,S,50,,S,,54514,Matutino,2026-04-25 05:26:29,,178169,"POINT (  575454.794423518,   6136671.21007303)",EDUARDO ACEVEDO 1104 ,0
2026-04-25,B_07,5,S,50,,S,,54514,Matutino,2026-04-25 02:53:43,,178496,"POINT (  575412.532055864,   6136662.21872264)",DURAZNO 1867 FTE 1878 FTE 1878,0
2026-04-25,B_07,6,S,50,,S,Basura Afuera,54514,Matutino,2026-04-25 02:53:50,,183066,"POINT (  575475.625266291,   6136467.71620508)","EDUARDO ACEVEDO 985 EN 979 FTE, MURO FACULTAD EN 979 FTE, MURO FACULTAD",0
2026-04-25,B_07,7,S,50,,S,,54514,Matutino,2026-04-25 02:53:57,,178171,"POINT (  575476.064864442,   6136440.28685505)",EDUARDO ACEVEDO 963 FTE 963 FTE 963,0
2026-04-25,B_07,8,S,25,,S,,54514,Matutino,2026-04-25 02:54:00,,178172,"POINT (  575475.846166669,   6136437.76851707)",EDUARDO ACEVEDO 963 FTE 963 FTE 963,0
2026-04-25,B_07,9,S,25,,S,,54514,Matutino,2026-04-25 02:54:07,,178173,"POINT (  575480.328666038,   6136378.03793166)",EDUARDO ACEVEDO 935 FTE 935/MURO FTE 935/MURO,0
2026-04-25,B_07,10,S,25,,S,,54514,Matutino,2026-04-25 02:54:04,,178174,"POINT (  575480.705313873,   6136374.77365043)",EDUARDO ACEVEDO 935 FTE 935/MURO FTE 935/MURO,0
2026-04-25,B_07,11,S,50,,S,,54514,Matutino,2026-04-25 02:55:44,,178252,"POINT (  575494.688364676,   6136228.35180490)",EDUARDO ACEVEDO 858 EN 854 EN 854,0
2026-04-25,B_07,12,S,25,,S,,54514,Matutino,2026-04-25 02:55:40,,178253,"POINT (  575495.692758901,   6136223.32983378)",EDUARDO ACEVEDO 852 EN 854 EN 854,0
2026-04-25,B_07,13,S,25,,S,,54514,Matutino,2026-04-25 03:05:15,,178291,"POINT (  575567.556712090,   6136213.92671439)",DR LUIS PIERA 1935 FTE 1937/1939 FTE 1937/1939,0
2026-04-25,B_07,14,S,25,,S,,54514,Matutino,2026-04-25 03:05:18,,178292,"POINT (  575572.883651815,   6136214.56594715)",DR LUIS PIERA 1943 FTE 1937/1939 FTE 1937/1939,0
2026-04-25,B_07,15,S,25,,S,,54514,Matutino,2026-04-25 03:11:11,,178296,"POINT (  575562.361920804,   6136532.90357877)",JUAN D JACKSON 1015 EN 1012 EN 1012,0
2026-04-25,B_07,16,S,50,,S,,54514,Matutino,2026-04-25 03:11:14,,178297,"POINT (  575573.852899069,   6136555.26874764)",JUAN D JACKSON 1028 EN 1022/1028 EN 1022/1028,0
2026-04-25,B_07,17,S,50,,S,,54514,Matutino,2026-04-25 03:11:18,,178298,"POINT (  575570.887508576,   6136584.67714814)",JUAN D JACKSON 1048 EN 1042/1048 EN 1042/1048,0
2026-04-25,B_07,18,S,25,,S,,54514,Matutino,2026-04-25 03:12:40,,178299,"POINT (  575553.887468702,   6136773.83518551)",JUAN D JACKSON 1142 EN 1142/1144 EN 1142/1144,0
2026-04-25,B_07,19,S,50,,S,Basura Afuera,54514,Matutino,2026-04-25 03:22:50,,178511,"POINT (  575551.598402935,   6136792.30507722)",JUAN D JACKSON 1146 EN 1146 EN 1146,0
2026-04-25,B_07,20,S,50,,S,Basura Afuera,54514,Matutino,2026-04-25 03:22:45,,178301,"POINT (  575551.752459230,   6136792.98442479)",JUAN D JACKSON 1146 EN 1146 EN 1146,0
2026-04-25,B_07,21,S,50,,S,,54514,Matutino,2026-04-25 03:24:11,,178305,"POINT (  575531.067174975,   6136868.18145139)",JUAN D JACKSON 1187 ,0
2026-04-25,B_07,22,S,25,,S,,54514,Matutino,2026-04-25 03:24:14,,178306,"POINT (  575531.067174975,   6136872.65608076)",JUAN D JACKSON 1187 ,0
2026-04-25,B_07,23,S,50,,S,,54514,Matutino,2026-04-25 03:30:07,,179081,"POINT (  575524.432427505,   6136966.79340039)",JUAN D JACKSON 1203 FTE 1230. EDIFICIO CORDON DESIGN FTE 1230. EDIFICIO CORDON DESIGN,0
2026-04-25,B_07,24,S,50,,S,,54514,Matutino,2026-04-25 03:34:52,,179082,"POINT (  575524.137732024,   6136970.62444165)",JUAN D JACKSON 1203 FTE 1230. EDIFICIO CORDON DESIGN FTE 1230. EDIFICIO CORDON DESIGN,0
2026-04-25,B_07,25,S,25,,S,,54514,Matutino,2026-04-25 03:34:43,,178309,"POINT (  575525.207541278,   6137096.70716558)",JUAN D JACKSON 1278 ,0
2026-04-25,B_07,26,S,50,,S,,54514,Matutino,2026-04-25 03:34:37,,178310,"POINT (  575524.994463689,   6137099.69025183)",JUAN D JACKSON 1282 ,0
2026-04-25,B_07,27,S,50,,S,,54514,Matutino,2026-04-25 02:32:15,,179010,"POINT (  575402.119059024,   6137084.76125869)",EDUARDO ACEVEDO 1265 CASA TAPIADA CASA TAPIADA,0
2026-04-25,B_07,28,S,50,,S,Basura Afuera,54514,Matutino,2026-04-25 02:36:25,,178312,"POINT (  575422.133203410,   6137035.48028058)",EDUARDO ACEVEDO 1250 ALMACEN ALMACEN,0
2026-04-25,B_07,29,S,50,,S,Basura Afuera,54514,Matutino,2026-04-25 02:36:29,,178313,"POINT (  575422.007616738,   6137034.02489164)",EDUARDO ACEVEDO 1250 ALMACEN ALMACEN,0
2026-04-25,B_07,30,S,25,,S,,54514,Matutino,2026-04-25 03:38:06,,178314,"POINT (  575516.258282540,   6137049.29740203)",JUAN D JACKSON 1251 EN 1253 EN 1253,0
2026-04-25,B_07,31,S,50,,S,,54514,Matutino,2026-04-25 03:38:02,,178315,"POINT (  575515.938666157,   6137052.06741069)",JUAN D JACKSON 1251 EN 1253 EN 1253,0
2026-04-25,B_07,32,S,50,,S,,54514,Matutino,2026-04-25 03:41:46,,178316,"POINT (  575631.831467555,   6137117.00809153)",JUAN MANUEL BLANES 1284 ,0
2026-04-25,B_07,33,S,50,,S,Basura Afuera,54514,Matutino,2026-04-25 03:41:51,,178317,"POINT (  575623.862464981,   6137056.64857885)",JUAN MANUEL BLANES 1253 ,0
2026-04-25,B_07,34,S,25,,S,Basura Afuera,54514,Matutino,2026-04-25 03:41:54,,178318,"POINT (  575624.182081365,   6137054.09164779)",JUAN MANUEL BLANES 1253 ,0
2026-04-25,B_07,35,S,50,,S,,54514,Matutino,2026-04-25 03:44:22,,178319,"POINT (  575646.981383387,   6136939.45590491)",JUAN MANUEL BLANES 1208 EN 1208B EN 1208B,0
2026-04-25,B_07,36,S,25,,S,,54514,Matutino,2026-04-25 03:44:25,,178321,"POINT (  575634.196728047,   6136932.74396085)",JUAN MANUEL BLANES 1205 EN 1208B EN 1208B,0
2026-04-25,B_07,37,S,50,,S,,54514,Matutino,2026-04-25 03:48:41,,178322,"POINT (  575643.891758346,   6136832.49095523)",JUAN MANUEL BLANES Esq. BV ESPAÑA ,0
2026-04-25,B_07,38,N,,Auto,S,,54514,Matutino,2026-04-25 03:48:37,,182180,"POINT (  575644.890912287,   6136828.51135358)",JUAN MANUEL BLANES Esq. MALDONADO ,0
2026-04-25,B_07,39,S,50,,S,,54514,Matutino,2026-04-25 03:55:16,,182181,"POINT (  575667.416509556,   6136698.36345825)",JUAN MANUEL BLANES 1116 ,0
2026-04-25,B_07,40,S,25,,S,,54514,Matutino,2026-04-25 03:55:20,,178327,"POINT (  575667.809717711,   6136693.24475082)",JUAN MANUEL BLANES 1116 FTE 1101. MURO FTE 1101. MURO,0
2026-04-25,B_07,41,S,25,,S,,54514,Matutino,2026-04-25 03:55:28,,178328,"POINT (  575668.235872889,   6136689.72897061)",JUAN MANUEL BLANES 1101 FTE 1101. MURO FTE 1101. MURO,0
2026-04-25,B_07,42,S,50,,S,,54514,Matutino,2026-04-25 03:55:33,,178329,"POINT (  575669.727416012,   6136662.34850042)",JUAN MANUEL BLANES 1096 ,0
2026-04-25,B_07,43,S,25,,S,,54514,Matutino,2026-04-25 03:55:36,,178330,"POINT (  575670.153571190,   6136658.51310382)",JUAN MANUEL BLANES 1096 ,0
2026-04-25,B_07,44,S,50,,S,,54514,Matutino,2026-04-25 03:56:55,,178331,"POINT (  575681.365425156,   6136543.03818505)",JUAN MANUEL BLANES 1008 ,0
2026-04-25,B_07,45,S,50,,S,Basura Afuera,54514,Matutino,2026-04-25 03:58:29,,178332,"POINT (  575688.563344829,   6136448.50351171)",JUAN MANUEL BLANES 966 FERRETERIA FERRETERIA,0
2026-04-25,B_07,46,S,25,,S,Basura Afuera,54514,Matutino,2026-04-25 03:58:38,,179796,"POINT (  575680.371709859,   6136382.44879859)",JUAN MANUEL BLANES 925 CASA TAPIADA CASA TAPIADA,0
2026-04-25,B_07,47,S,25,,S,,54514,Matutino,2026-04-25 03:13:17,,178949,"POINT (  575587.734232462,   6136366.23216384)",JUAN D JACKSON 926 ,0
2026-04-25,B_07,48,S,50,,S,,54514,Matutino,2026-04-25 04:16:07,,178516,"POINT (  575616.158477061,   6136501.81965703)",SAN SALVADOR 1968 EN 1972. FERRETERIA EN 1972. FERRETERIA,0
2026-04-25,B_07,49,S,50,,S,,54514,Matutino,2026-04-25 04:11:28,,178335,"POINT (  575794.439531506,   6136304.33925534)",DR PABLO DE MARIA 855 ,0
2026-04-25,B_07,50,S,50,,S,,54514,Matutino,2026-04-25 03:13:26,,178338,"POINT (  575598.825848275,   6136259.04589386)",JUAN D JACKSON 858 EN 872/868 EN 872/868,0
2026-04-25,B_07,51,S,25,,S,,54514,Matutino,2026-04-25 03:13:30,,178339,"POINT (  575598.399693097,   6136261.70936372)",JUAN D JACKSON 858 EN 868/872 EN 868/872,0
2026-04-25,B_07,52,S,50,,S,,54514,Matutino,2026-04-25 03:13:36,,178340,"POINT (  575595.310068057,   6136295.53543097)",JUAN D JACKSON 888 ,0
2026-04-25,B_07,53,S,25,,S,,54514,Matutino,2026-04-25 03:13:39,,178341,"POINT (  575594.990451673,   6136297.02697409)",JUAN D JACKSON 888 ,0
2026-04-25,B_07,54,S,50,,S,,54514,Matutino,2026-04-25 04:16:11,,178365,"POINT (  575838.911021672,   6136335.48747890)",DR LAURO MULLER 2069 ,0
2026-04-25,B_07,55,S,25,,S,,54514,Matutino,2026-04-25 04:16:15,,178366,"POINT (  575842.533340685,   6136336.12671167)",DR LAURO MULLER 2069 ,0
2026-04-25,B_07,56,S,50,,S,,54514,Matutino,2026-04-25 04:16:20,,178367,"POINT (  575845.303349342,   6136336.02017288)",DR LAURO MULLER 2089 ,0
2026-04-25,B_07,57,S,50,,S,,54514,Matutino,2026-04-25 04:22:13,,178368,"POINT (  575887.173095579,   6136387.15879423)",DR JOAQUIN DE SALTERAIN 925 SUBESTACION SUBESTACION,0
2026-04-25,B_07,58,S,25,,S,,54514,Matutino,2026-04-25 04:22:16,,178369,"POINT (  575888.345022319,   6136395.14920382)",DR JOAQUIN DE SALTERAIN 925 SUBESTACION SUBESTACION,0
2026-04-25,B_07,59,S,50,,S,,54514,Matutino,2026-04-25 04:22:53,,178370,"POINT (  575884.829242100,   6136619.46663563)",DR JOAQUIN DE SALTERAIN 1054 ,0
2026-04-25,B_07,60,S,50,,S,,54514,Matutino,2026-04-25 04:25:20,,178371,"POINT (  575884.616164512,   6136622.87587705)",DR JOAQUIN DE SALTERAIN 1054 EN 1044 EN 1044,0
2026-04-25,B_07,61,S,25,,S,,54514,Matutino,2026-04-25 04:27:12,,178372,"POINT (  575875.666905774,   6136729.09505517)",DR JOAQUIN DE SALTERAIN 1116 ,0
2026-04-25,B_07,62,S,50,,S,,54514,Matutino,2026-04-25 04:27:08,,178373,"POINT (  575875.421862356,   6136732.20326430)",DR JOAQUIN DE SALTERAIN 1116 ,0
2026-04-25,B_07,63,S,25,,S,,54514,Matutino,2026-04-25 05:49:31,,178374,"POINT (  576076.625706894,   6136595.52204156)",JUAN PAULLIER 1011 EN 1013 EN 1013,0
2026-04-25,B_07,64,S,50,,S,,54514,Matutino,2026-04-25 05:49:27,,178375,"POINT (  576076.708861873,   6136592.82690647)",JUAN PAULLIER 1011 EN 1013 EN 1013,0
2026-04-25,B_07,65,S,25,,S,,54514,Matutino,2026-04-25 05:47:44,,178376,"POINT (  576096.761539054,   6136526.96432731)",JUAN PAULLIER 990 ,0
2026-04-25,B_07,66,S,50,,S,,54514,Matutino,2026-04-25 05:47:34,,178377,"POINT (  576085.988020641,   6136487.56295290)",JUAN PAULLIER 951 EN 961 EN 961,0
2026-04-25,B_07,67,S,50,,S,,54514,Matutino,2026-04-25 05:49:38,,178378,"POINT (  576086.220536671,   6136484.23022313)",JUAN PAULLIER 951 EN 961 EN 961,0
2026-04-25,B_07,68,S,50,,S,,54514,Matutino,2026-04-25 06:15:55,,178518,"POINT (  575949.497072004,   6136527.52002668)",SAN SALVADOR 2122 EN 2126 EN 2126,0
2026-04-25,B_07,69,S,50,,S,Basura Afuera,54514,Matutino,2026-04-25 06:15:47,,178379,"POINT (  576131.610577004,   6136604.78866027)",21 DE SETIEMBRE 2276 EN 2276/2280. MURO EN 2276/2280. MURO,0
2026-04-25,B_07,70,S,50,,S,Basura Afuera,54514,Matutino,2026-04-25 06:15:35,,178380,"POINT (  576132.401781047,   6136603.57708559)",21 DE SETIEMBRE 2276 EN 2276/2280. MURO EN 2276/2280. MURO,0
2026-04-25,B_07,71,S,25,,S,Basura Afuera,54514,Matutino,2026-04-25 06:15:41,,178381,"POINT (  576133.626829007,   6136601.15553931)",21 DE SETIEMBRE 2280 EN 2276/2280. MURO EN 2276/2280. MURO,0
2026-04-25,B_07,72,S,25,,S,,54514,Matutino,2026-04-25 07:17:34,,178382,"POINT (  576459.156572294,   6136581.60079904)",BV GRAL ARTIGAS 996 ,0
2026-04-25,B_07,73,S,25,,S,,54514,Matutino,2026-04-25 07:17:36,,178383,"POINT (  576459.418013945,   6136582.15977913)",BV GRAL ARTIGAS 996 ,0
2026-04-25,B_07,74,S,25,,S,,54514,Matutino,2026-04-25 07:17:38,,178384,"POINT (  576437.259526265,   6136793.20477475)",BV GRAL ARTIGAS 1118 ,0
2026-04-25,B_07,75,S,25,,S,,54514,Matutino,2026-04-25 07:17:41,,178385,"POINT (  576437.174923180,   6136794.28810667)",BV GRAL ARTIGAS 1118 ,0
2026-04-25,B_07,76,S,25,,S,,54514,Matutino,2026-04-25 07:25:05,,178386,"POINT (  576435.448366758,   6136820.69178373)",BV GRAL ARTIGAS 1132 ,0
2026-04-25,B_07,77,S,25,,S,,54514,Matutino,2026-04-25 07:25:07,,178387,"POINT (  576407.641741395,   6136723.42186436)",BV GRAL ARTIGAS 1097 ,0
2026-04-25,B_07,78,S,25,,S,,54514,Matutino,2026-04-25 07:25:11,,178388,"POINT (  576407.854818984,   6136718.73415740)",BV GRAL ARTIGAS 1093 ,0
2026-04-25,B_07,79,S,25,,S,,54514,Matutino,2026-04-25 07:01:50,,178392,"POINT (  576435.093656003,   6136405.30848312)",BV GRAL ARTIGAS 917 EN 931 EN 931,0
2026-04-25,B_07,80,S,25,,S,,54514,Matutino,2026-04-25 07:01:57,,178393,"POINT (  576435.217878811,   6136401.43230510)",BV GRAL ARTIGAS 917 EN 931 EN 931,0
2026-04-25,B_07,81,S,50,,S,Basura Afuera,54514,Matutino,2026-04-25 05:59:35,,178394,"POINT (  576343.611925902,   6136391.97967468)",21 DE SETIEMBRE Esq. PSJE 18 EN 2357/2363 EN 2357/2363,0
2026-04-25,B_07,82,S,50,,S,Basura Afuera,54514,Matutino,2026-04-25 05:59:38,,178395,"POINT (  576341.873554948,   6136393.82797572)",21 DE SETIEMBRE Esq. PSJE 18 EN 2357/2363 EN 2357/2363,0
2026-04-25,B_07,83,S,50,,S,,54514,Matutino,2026-04-25 05:52:16,,178396,"POINT (  576253.554573015,   6136515.15485513)",JAVIER DE VIANA 1035 ,0
2026-04-25,B_07,84,S,25,,S,,54514,Matutino,2026-04-25 05:52:23,,178405,"POINT (  576337.260343860,   6136510.34952384)",JAVIER DE VIANA 1005 ,0
2026-04-25,B_07,85,S,25,,S,,54514,Matutino,2026-04-25 05:59:43,,178406,"POINT (  576340.360557594,   6136508.48939560)",JAVIER DE VIANA 1005 ,0
2026-04-25,B_07,86,S,25,,S,,54514,Matutino,2026-04-25 05:59:47,,178455,"POINT (  576397.869522378,   6136432.68916978)",JAVIER DE VIANA 971 EN 971 EN 971,0
2026-04-25,B_07,87,S,50,,S,,54514,Matutino,2026-04-25 05:59:49,,178456,"POINT (  576303.553339172,   6136459.41873160)",PSJE 15 Esq. GURI EN 978 EN 978,0
2026-04-25,B_07,88,S,50,,S,,54514,Matutino,2026-04-25 06:18:46,,178467,"POINT (  576315.574743624,   6136586.42464250)",DR MARIO CASSINONI 1001 MURO MURO,0
2026-04-25,B_07,89,S,50,,S,,54514,Matutino,2026-04-25 06:20:57,,178468,"POINT (  576318.387889836,   6136716.86101421)",DR MARIO CASSINONI 1046 ,0
2026-04-25,B_07,90,S,50,,S,,54514,Matutino,2026-04-25 07:02:11,,178469,"POINT (  576305.696308861,   6136849.36049270)",DR MARIO CASSINONI 1094 FTE 1095 FTE 1095,0
2026-04-25,B_07,91,S,25,,S,,54514,Matutino,2026-04-25 07:02:08,,178470,"POINT (  576284.688912950,   6136942.42485509)",DR MARIO CASSINONI 1139 ,0
2026-04-25,B_07,92,S,50,,S,,54514,Matutino,2026-04-25 07:02:06,,178471,"POINT (  576274.842450631,   6137063.93666727)",DR MARIO CASSINONI 1191 MURO MURO,0
2026-04-25,B_07,93,S,25,,S,,54514,Matutino,2026-04-25 06:32:10,,178472,"POINT (  576356.849371118,   6137209.21213256)",GUANA 2344 ,0
2026-04-25,B_07,94,S,50,,S,,54514,Matutino,2026-04-25 06:32:22,,178475,"POINT (  576359.459571584,   6137209.53174894)",GUANA 2344 ,0
2026-04-25,B_07,95,S,25,,S,,54514,Matutino,2026-04-25 06:35:17,,178476,"POINT (  576375.174043772,   6137131.75842896)",BV GRAL ARTIGAS 1259 EN 1259 EN 1259,0
2026-04-25,B_07,96,S,25,,S,Basura Afuera,54514,Matutino,2026-04-25 06:55:03,,178941,"POINT (  576392.401058388,   6136888.60377930)",BV GRAL ARTIGAS 1153 EN 1157 EN 1157,0
2026-04-25,B_07,97,S,50,,S,,54514,Matutino,2026-04-25 06:54:58,,178480,"POINT (  576392.564457081,   6136886.91532615)",BV GRAL ARTIGAS 1153 ,0
2026-04-25,B_07,98,S,50,,S,,54514,Matutino,2026-04-25 07:01:41,,178481,"POINT (  576399.729650619,   6136822.69605764)",BV GRAL ARTIGAS 1133 ,0
2026-04-25,B_07,99,S,25,,S,,54514,Matutino,2026-04-25 07:01:44,,178482,"POINT (  576399.884661306,   6136820.13838131)",BV GRAL ARTIGAS 1133 ,0
2026-04-25,B_07,100,S,50,,S,,54514,Matutino,2026-04-25 06:16:34,,178483,"POINT (  576210.935147075,   6136591.71765425)",ACEVEDO DIAZ 1011 VEREDA VEREDA,0
2026-04-25,B_07,101,S,50,,S,Basura Afuera,54514,Matutino,2026-04-25 05:15:15,,178484,"POINT (  575997.440747884,   6136565.13185044)",DR JOAQUIN REQUENA 1004 EN 1006. FTE 1007. MURO EN 1006. FTE 1007. MURO,0
2026-04-25,B_07,102,S,50,,S,Basura Afuera,54514,Matutino,2026-04-25 05:15:12,,178488,"POINT (  575997.348204421,   6136567.29767975)",DR JOAQUIN REQUENA 1006 EN 1006. FTE 1007. MURO EN 1006. FTE 1007. MURO,0
2026-04-25,B_07,103,S,50,,S,Basura Afuera,54514,Matutino,2026-04-25 05:15:09,,178489,"POINT (  575988.350714403,   6136669.64033038)",DR JOAQUIN REQUENA 1040 ESQ BV ESPAÑA ESQ BV ESPAÑA,0
2026-04-25,B_07,104,S,25,,S,Basura Afuera,54514,Matutino,2026-04-25 05:15:06,,178490,"POINT (  575988.041823762,   6136677.15321736)",DR JOAQUIN REQUENA 1040 ESQ BV ESPAÑA ESQ BV ESPAÑA,0
2026-04-25,B_07,105,S,50,,S,Basura Afuera,54514,Matutino,2026-04-25 05:15:03,,178491,"POINT (  575987.426101201,   6136682.21798559)",DR JOAQUIN REQUENA 1040 ESQ BV ESPAÑA ESQ BV ESPAÑA,0
2026-04-25,B_07,106,S,25,,S,,54514,Matutino,2026-04-25 05:26:44,,178523,"POINT (  575977.411454519,   6136801.27508844)",DR JOAQUIN REQUENA 1090 EN 1092 EN 1092,0
2026-04-25,B_07,107,S,25,,S,,54514,Matutino,2026-04-25 05:26:41,,178524,"POINT (  575977.248023885,   6136803.97851721)",DR JOAQUIN REQUENA 1090 EN 1092 EN 1092,0
2026-04-25,B_07,108,S,50,,S,,54514,Matutino,2026-04-25 05:26:38,,178525,"POINT (  575958.847069577,   6136861.44287263)",DR JOAQUIN REQUENA 1108 FTE 1108 FTE 1108,0
2026-04-25,B_07,109,S,25,,S,,54514,Matutino,2026-04-25 05:26:26,,178526,"POINT (  575954.159362620,   6136919.93267081)",DR JOAQUIN REQUENA 1142 FTE 1144 FTE 1144,0
2026-04-25,B_07,110,S,25,,S,,54514,Matutino,2026-04-25 05:26:23,,178527,"POINT (  575950.377235415,   6136960.68375970)",DR JOAQUIN REQUENA 1153 ,0
2026-04-25,B_07,111,S,50,,S,,54514,Matutino,2026-04-25 05:26:19,,178528,"POINT (  575955.757444538,   6137051.61462080)",DR JOAQUIN REQUENA 1192 EN 1194 EN 1194,0
2026-04-25,B_07,112,S,25,,S,,54514,Matutino,2026-04-25 05:26:13,,178529,"POINT (  575955.650905743,   6137054.91732343)",DR JOAQUIN REQUENA 1192 EN 1194 EN 1194,0
2026-04-25,B_07,113,S,50,,S,,54514,Matutino,2026-04-25 05:31:38,,178530,"POINT (  575940.587996469,   6137081.29263580)",DR JOAQUIN REQUENA 1203 ,0
2026-04-25,B_07,114,S,25,,S,,54514,Matutino,2026-04-25 05:35:31,,178531,"POINT (  575946.910254154,   6137154.59045885)",DR JOAQUIN REQUENA 1248 ,0
2026-04-25,B_07,115,S,50,,S,,54514,Matutino,2026-04-25 05:35:23,,178532,"POINT (  576040.569889421,   6137045.48516717)",JUAN PAULLIER 1189 EN 1195 EN 1195,0
2026-04-25,B_07,116,S,25,,S,,54514,Matutino,2026-04-25 05:36:24,,178534,"POINT (  576040.647394764,   6137043.70254427)",JUAN PAULLIER 1185 EN 1195 EN 1195,0
2026-04-25,B_07,117,S,50,,S,,54514,Matutino,2026-04-25 05:40:04,,178535,"POINT (  576046.954652627,   6136968.30128351)",JUAN PAULLIER 1155 S/N ESQ CANELONES S/N ESQ CANELONES,0
2026-04-25,B_07,118,S,25,,S,,54514,Matutino,2026-04-25 05:40:09,,178536,"POINT (  576068.458788401,   6136870.56005969)",JUAN PAULLIER 1102 ,0
2026-04-25,B_07,119,S,50,,S,,54514,Matutino,2026-04-25 05:41:23,,178537,"POINT (  576059.206613994,   6136813.60695390)",JUAN PAULLIER 1087 ,0
2026-04-25,B_07,120,S,50,,S,Basura Afuera,54514,Matutino,2026-04-25 07:18:25,,178538,"POINT (  576070.073571032,   6136694.49658165)",JUAN PAULLIER 1043 FTE 1046 FTE 1046,0
2026-04-25,B_07,121,S,25,,S,Basura Afuera,54514,Matutino,2026-04-25 07:18:22,,178540,"POINT (  575751.282863200,   6136856.94160856)",DR PABLO DE MARIA 1111 EN 1115/1119 EN 1115/1119,0
2026-04-25,B_07,122,S,25,,S,Basura Afuera,54514,Matutino,2026-04-25 07:18:18,,178541,"POINT (  575747.554005392,   6136907.12138077)",DR PABLO DE MARIA 1141 FTE 1148 FTE 1148,0
2026-04-25,B_07,123,S,25,,S,,54514,Matutino,2026-04-25 04:33:40,,178542,"POINT (  575746.062462269,   6137085.68040035)",DR PABLO DE MARIA 1214 EN 1216 EN 1216,0
2026-04-25,B_07,124,S,50,,S,,54514,Matutino,2026-04-25 04:33:37,,178543,"POINT (  575745.902654077,   6137087.75790684)",DR PABLO DE MARIA 1214 EN 1216 EN 1216,0
2026-04-25,B_07,125,S,25,,S,,54514,Matutino,2026-04-25 04:33:35,,178544,"POINT (  575745.583037694,   6137089.78214393)",DR PABLO DE MARIA 1214 EN 1216 EN 1216,0
2026-04-25,B_07,126,S,25,,S,,54514,Matutino,2026-04-25 04:33:46,,178575,"POINT (  575728.057405999,   6137145.55520285)",DR PABLO DE MARIA 1247 ,0
2026-04-25,B_07,127,S,50,,S,,54514,Matutino,2026-04-25 04:44:30,,178577,"POINT (  575842.251691198,   6137137.86307779)",DR JOAQUIN DE SALTERAIN 1288 EN 1280/1288 EN 1280/1288,0
2026-04-25,B_07,128,S,25,,S,,54514,Matutino,2026-04-25 04:44:25,,178578,"POINT (  575852.351388977,   6137024.87204573)",DR JOAQUIN DE SALTERAIN 1236 ,0
2026-04-25,B_07,129,S,50,,S,,54514,Matutino,2026-04-25 04:44:22,,178579,"POINT (  575852.547987368,   6137022.28981762)",DR JOAQUIN DE SALTERAIN 1236 ,0
2026-04-25,B_07,130,S,50,,S,Basura Afuera,54514,Matutino,2026-04-25 04:49:49,,178580,"POINT (  575859.952433586,   6136919.16026455)",DR JOAQUIN DE SALTERAIN 1191 FTE 1187/1191. IGLESIA FTE 1187/1191. IGLESIA,0
2026-04-25,B_07,131,S,50,,S,Basura Afuera,54514,Matutino,2026-04-25 04:49:52,,178582,"POINT (  575860.369966075,   6136916.36126509)",DR JOAQUIN DE SALTERAIN 1191 FTE 1187/1191. IGLESIA FTE 1187/1191. IGLESIA,0
2026-04-25,B_07,132,S,25,,S,Basura Afuera,54514,Matutino,2026-04-25 04:53:04,,179068,"POINT (  575873.047072767,   6136774.37761351)",DR JOAQUIN DE SALTERAIN 1124 ,0
2026-04-25,B_07,133,S,25,,S,Basura Afuera,54514,Matutino,2026-04-25 04:53:07,,179069,"POINT (  575873.156005229,   6136772.30789673)",DR JOAQUIN DE SALTERAIN 1124 ,0
2026-04-25,B_07,134,S,50,,S,,54514,Matutino,2026-04-25 04:09:42,,178587,"POINT (  575874.654787226,   6136588.51711583)",DR JOAQUIN DE SALTERAIN 1031 EN 1029/1031. PROV OP (O: DR JOAQUIN DE SALTERAIN 1007) EN 1029/1031. PROV OP (O: DR JOAQUIN DE SALTERAIN 1007),0
2026-04-25,B_07,135,S,25,,S,,54514,Matutino,2026-04-25 04:09:37,,179502,"POINT (  575879.513785889,   6136509.41945971)",DR JOAQUIN DE SALTERAIN 985 EN 991 EN 991,0
2026-04-25,B_07,136,S,50,,S,Basura Afuera,54514,Matutino,2026-04-25 04:09:33,,178591,"POINT (  575880.514420924,   6136495.10922776)",DR JOAQUIN DE SALTERAIN 977 ,0
2026-04-25,B_07,137,S,50,,S,Basura Afuera,54514,Matutino,2026-04-25 04:09:29,,178600,"POINT (  575880.567690321,   6136493.59104993)",DR JOAQUIN DE SALTERAIN 977 ,0
2026-04-25,B_07,138,S,25,,S,Basura Afuera,54514,Matutino,2026-04-25 05:06:05,,178601,"POINT (  575781.699689028,   6136454.91746753)",DR PABLO DE MARIA Esq. AV GONZALO RAMIREZ FTE 954 FTE 954,0
2026-04-25,B_07,139,S,50,,S,Basura Afuera,54514,Matutino,2026-04-25 05:06:03,,178603,"POINT (  575781.593150234,   6136458.85940293)",DR PABLO DE MARIA 967 FTE 954 FTE 954,0
2026-04-25,B_07,140,S,50,,S,Basura Afuera,54514,Matutino,2026-04-25 05:02:09,,178605,"POINT (  575786.559680432,   6136565.56041192)",DR PABLO DE MARIA 1010 ESTACIONAMIENTO ESTACIONAMIENTO,0
2026-04-25,B_07,141,S,25,,S,Basura Afuera,54514,Matutino,2026-04-25 05:02:05,,178606,"POINT (  575786.501782012,   6136567.28933736)",DR PABLO DE MARIA 1010 ESTACIONAMIENTO ESTACIONAMIENTO,0
2026-04-25,B_07,142,S,50,,S,Basura Afuera,54514,Matutino,2026-04-25 05:02:16,,178607,"POINT (  575778.369312785,   6136667.18158613)",DR PABLO DE MARIA 1048 ,0
2026-04-25,B_07,143,S,25,,S,Basura Afuera,54514,Matutino,2026-04-25 05:02:20,,178609,"POINT (  575778.175318182,   6136669.41391783)",DR PABLO DE MARIA 1048 ,0
2026-04-25,B_07,144,S,50,,S,,54514,Matutino,2026-04-25 05:01:41,,178610,"POINT (  575762.895591800,   6136707.46767988)",DR PABLO DE MARIA 1057 ,0
2026-04-25,B_07,145,S,50,,S,Basura Afuera,54514,Matutino,2026-04-25 04:55:12,,178616,"POINT (  575770.107390456,   6136773.42105112)",DR PABLO DE MARIA 1092 EN 1086/1092 EN 1086/1092,0
2026-04-25,B_07,146,S,50,,S,Basura Afuera,54514,Matutino,2026-04-25 07:18:08,,183675,"POINT (  575879.252714161,   6136822.17714815)",MALDONADO 2106 ,0
2026-04-25,B_07,147,S,50,,S,Basura Afuera,54514,Matutino,2026-04-25 07:18:05,,183676,"POINT (  575882.956417865,   6136821.74141830)",MALDONADO 2112 ,0
2026-04-25,B_07,148,S,25,,S,Basura Afuera,54514,Matutino,2026-04-25 07:18:02,,178617,"POINT (  576078.490135798,   6136854.41131219)",MALDONADO 2203 ,0
2026-04-25,B_07,149,S,50,,S,Basura Afuera,54514,Matutino,2026-04-25 07:17:59,,178618,"POINT (  576082.655290873,   6136854.82202244)",MALDONADO 2203 ,0
2026-04-25,B_07,150,S,50,,S,,54514,Matutino,2026-04-25 06:47:37,,178619,"POINT (  576206.353818898,   6136826.76508814)",ACEVEDO DIAZ 1092 EN 1088/1096. CASA TAPEADA EN 1088/1096. CASA TAPEADA,0
2026-04-25,B_07,151,S,25,,S,Basura Afuera,54514,Matutino,2026-04-25 06:47:44,,178626,"POINT (  576206.258263623,   6136821.98877310)",ACEVEDO DIAZ 1092 EN 1088/1096. CASA TAPEADA EN 1088/1096. CASA TAPEADA,0
2026-04-25,B_07,152,S,25,,S,,54514,Matutino,2026-04-25 06:03:19,,178631,"POINT (  576110.435392850,   6136708.26896653)",EDIL HUGO PRATO 2214 EN 2214 EN 2214,0
2026-04-25,B_07,153,S,50,,S,,54514,Matutino,2026-04-25 06:03:14,,178633,"POINT (  576113.328321598,   6136708.87931891)",EDIL HUGO PRATO 2214 EN 2214 EN 2214,0
2026-04-25,B_07,154,S,50,,S,Basura Afuera,54514,Matutino,2026-04-25 06:05:18,,178635,"POINT (  576181.548798070,   6136713.99658037)",EDIL HUGO PRATO 2244 (*)PROV OV (O: ACEVEDO DIAZ 1050). VERIFICAR QUE ESTE (*)PROV OV (O: ACEVEDO DIAZ 1050). VERIFICAR QUE ESTE,0
2026-04-25,B_07,155,S,50,,S,Basura Afuera,54514,Matutino,2026-04-25 06:07:54,,178637,"POINT (  576214.259363923,   6136708.80195552)",ACEVEDO DIAZ 1050 ,0
2026-04-25,B_07,156,S,75,,S,Basura Afuera,54514,Matutino,2026-04-25 06:48:13,,178639,"POINT (  576195.041378612,   6136943.75630356)",ACEVEDO DIAZ 1142 FTE 1145 FTE 1145,0
2026-04-25,B_07,157,S,25,,S,,54514,Matutino,2026-04-25 07:02:47,,178640,"POINT (  576283.418733475,   6137134.49046631)",DR MARIO CASSINONI 1220 ,0
2026-04-25,B_07,158,S,25,,S,,54514,Matutino,2026-04-25 07:02:49,,178641,"POINT (  576279.832081706,   6137190.64817507)",DR MARIO CASSINONI 1246 EN 1248 EN 1248,0
2026-04-25,B_07,159,S,50,,S,,54514,Matutino,2026-04-25 06:39:35,,178644,"POINT (  576163.002034532,   6137182.04473997)",ACEVEDO DIAZ 1247 ,0
2026-04-25,B_07,160,S,50,,S,,54514,Matutino,2026-04-25 06:39:16,,178645,"POINT (  576165.985120778,   6137134.68824581)",ACEVEDO DIAZ 1221 EN 1217/1221 EN 1217/1221,0
2026-04-25,B_07,161,S,25,,S,,54514,Matutino,2026-04-25 06:39:30,,178646,"POINT (  576166.038390175,   6137131.54535137)",ACEVEDO DIAZ 1217 EN 1217/1221 EN 1217/1221,0
2026-04-25,B_07,162,S,50,,S,,54514,Matutino,2026-04-25 07:17:47,,178648,"POINT (  576171.378124913,   6137072.95615188)",ACEVEDO DIAZ 1197 ,0
2026-04-25,B_07,163,S,50,,S,Basura Afuera,54514,Matutino,2026-04-25 07:17:53,,178649,"POINT (  576378.050591223,   6136986.22643568)",CANELONES 2339 FTE 2348 FTE 2348,0
2026-04-25,B_04,1,S,75,,S,Basura Afuera,55141,Matutino,2026-04-25 02:42:42,,177687,"POINT (  574673.683640346,   6137302.08625601)",TACUAREMBO 1472,0
2026-04-25,B_04,2,S,75,,S,Basura Afuera,55141,Matutino,2026-04-25 02:42:47,,177708,"POINT (  574658.326626828,   6137338.83872040)",TACUAREMBO 1494,0
2026-04-25,B_04,3,S,50,,S,Basura Afuera,55141,Matutino,2026-04-25 02:42:45,,177709,"POINT (  574638.205780252,   6137392.03155299)",TACUAREMBO 1520,0
2026-04-25,B_04,4,S,50,,S,Basura Afuera,55141,Matutino,2026-04-25 06:23:29,,177710,"POINT (  574712.169278165,   6137436.43428950)",CARLOS ROXLO 1475 EN 1469,0
2026-04-25,B_04,5,S,50,,S,Basura Afuera,55141,Matutino,2026-04-25 02:42:52,,177711,"POINT (  574752.705166214,   6137320.87250556)",CARLOS ROXLO 1427 MURO SUPERMERCADO,0
2026-04-25,B_04,6,S,75,,S,Basura Afuera,55141,Matutino,2026-04-25 02:42:54,,177712,"POINT (  574753.550050453,   6137318.78514450)",CARLOS ROXLO 1427 MURO SUPERMERCADO,0
2026-04-25,B_04,7,S,75,,S,Basura Afuera,55141,Matutino,2026-04-25 02:42:57,,177715,"POINT (  574833.029789288,   6137371.42281815)",MINAS 1463,0
2026-04-25,B_04,8,S,75,,S,Basura Afuera,55141,Matutino,2026-04-25 02:43:29,,179373,"POINT (  574714.066719986,   6137377.61359304)",COLONIA 1594,0
2026-04-25,B_04,9,S,50,,S,Basura Afuera,55141,Matutino,2026-04-25 02:43:32,,179374,"POINT (  574672.051936797,   6137359.04576950)",COLONIA 1562,0
2026-04-25,B_04,10,S,75,,S,Basura Afuera,55141,Matutino,2026-04-25 02:43:00,,177779,"POINT (  574933.907985908,   6137440.05088231)",MAGALLANES 1420 EN 1418/1424,0
2026-04-25,B_04,11,S,75,,S,Basura Afuera,55141,Matutino,2026-04-25 02:43:36,,177780,"POINT (  575028.187127149,   6137467.28597424)",GABOTO 1468 EN 1472,0
2026-04-25,B_04,12,S,75,,S,Basura Afuera,55141,Matutino,2026-04-25 02:43:39,,177781,"POINT (  575007.673253256,   6137506.09751066)",GABOTO 1488 EN 1494,0
2026-04-25,B_04,13,S,100,,S,Basura Afuera,55141,Matutino,2026-04-25 02:43:42,,177782,"POINT (  575006.902917626,   6137507.19089026)",GABOTO 1488 EN 1494,0
2026-04-25,B_04,14,S,50,,S,Basura Afuera,55141,Matutino,2026-04-25 02:43:49,,177783,"POINT (  574969.182290593,   6137589.53977362)",GABOTO 1550 FTE 1543,0
2026-04-25,B_04,15,S,75,,S,Basura Afuera,55141,Matutino,2026-04-25 02:43:46,,180002,"POINT (  574967.900635211,   6137593.24868874)",GABOTO 1550 PROV OV (O: AV URUGUAY 1760/1754),0
2026-04-25,B_04,16,S,75,,S,Basura Afuera,55141,Matutino,2026-04-25 02:43:51,,177784,"POINT (  575106.985007189,   6137562.38515018)",COLONIA 1796 EN 1796/1800,0
2026-04-25,B_04,17,S,75,,S,Basura Afuera,55141,Matutino,2026-04-25 02:43:54,,177785,"POINT (  575105.792229440,   6137561.73906224)",COLONIA 1796 EN 1796/1800,0
2026-04-25,B_04,18,S,50,,S,Basura Afuera,55141,Matutino,2026-04-25 02:43:57,,180181,"POINT (  574789.169776836,   6137511.89230904)",MINAS Esq. MERCEDES,0
2026-04-25,B_04,19,S,50,,S,Basura Afuera,55141,Matutino,2026-04-25 02:44:02,,177786,"POINT (  575187.913221098,   6137674.28663310)",EDUARDO ACEVEDO 1595 FTE 1569,0
2026-04-25,B_04,20,S,75,,S,Basura Afuera,55141,Matutino,2026-04-25 02:44:00,,177787,"POINT (  575188.879632207,   6137671.61214654)",EDUARDO ACEVEDO 1551 FTE 1569,0
2026-04-25,B_04,21,S,100,,S,Basura Afuera,55141,Matutino,2026-04-25 02:44:05,,177788,"POINT (  575190.093264762,   6137669.29725481)",EDUARDO ACEVEDO 1551 FTE 1569,0
2026-04-25,B_04,22,S,75,,S,Basura Afuera,55141,Matutino,2026-04-25 02:44:07,,177789,"POINT (  575218.366408367,   6137605.04215341)",EDUARDO ACEVEDO 1542,0
2026-04-25,B_04,23,S,75,,S,Basura Afuera,55141,Matutino,2026-04-25 02:44:10,,177790,"POINT (  575218.815901906,   6137603.60377409)",EDUARDO ACEVEDO 1542,0
2026-04-25,B_04,24,S,75,,S,Basura Afuera,55141,Matutino,2026-04-25 02:44:15,,177809,"POINT (  575233.357017894,   6137537.68554659)",EDUARDO ACEVEDO 1503 EN 1507/1511,0
2026-04-25,B_04,25,S,50,,S,Basura Afuera,55141,Matutino,2026-04-25 02:44:13,,177810,"POINT (  575234.098682233,   6137536.29211662)",EDUARDO ACEVEDO 1503 EN 1507/1511,0
2026-04-25,B_04,26,S,75,,S,Basura Afuera,55141,Matutino,2026-04-25 03:40:23,,177816,"POINT (  574883.811719674,   6138231.64757235)",ARENAL GRANDE 1883,0
2026-04-25,B_04,27,S,50,,S,,55141,Matutino,2026-04-25 03:40:25,,177817,"POINT (  574884.465827862,   6138230.57847201)",ARENAL GRANDE 1883,0
2026-04-25,B_04,28,S,100,,S,Basura Afuera,55141,Matutino,2026-04-25 03:40:28,,177818,"POINT (  575004.025414283,   6138123.71274809)",ARENAL GRANDE 1819 FTE 1816. MURO,0
2026-04-25,B_04,29,S,50,,S,Basura Afuera,55141,Matutino,2026-04-25 03:40:30,,177819,"POINT (  575005.643591023,   6138121.73497652)",ARENAL GRANDE 1819 FTE 1816. MURO,0
2026-04-25,B_04,30,S,75,,S,Basura Afuera,55141,Matutino,2026-04-25 03:40:32,,177820,"POINT (  575140.671450147,   6137999.69748068)",ARENAL GRANDE 1717,0
2026-04-25,B_04,31,S,75,,S,Basura Afuera,55141,Matutino,2026-04-25 03:40:35,,177821,"POINT (  575142.072070031,   6137997.99725370)",ARENAL GRANDE 1717,0
2026-04-25,B_04,32,N,,Auto,S,,55141,Matutino,2026-04-25 03:36:09,,177822,"POINT (  575213.804048947,   6137930.56537438)",ARENAL GRANDE 1681 FTE 1678. MURO,0
2026-04-25,B_04,33,S,75,,S,Basura Afuera,55141,Matutino,2026-04-25 03:40:12,,177823,"POINT (  575296.355473229,   6137868.82513885)",ARENAL GRANDE 1638 EN 1638,0
2026-04-25,B_04,34,S,100,,S,Basura Afuera,55141,Matutino,2026-04-25 03:40:15,,177824,"POINT (  575356.698045003,   6137814.14654777)",ARENAL GRANDE 1604 (*) UTU. VERIFICAR,0
2026-04-25,B_04,35,S,100,,S,Basura Afuera,55141,Matutino,2026-04-25 03:40:20,,177825,"POINT (  575361.282879101,   6137809.47181496)",ARENAL GRANDE 1604 (*) UTU. VERIFICAR,0
2026-04-25,B_04,36,S,50,,S,Basura Afuera,55141,Matutino,2026-04-25 03:40:17,,177826,"POINT (  575464.527548949,   6137658.06227082)",ARENAL GRANDE 1533 FTE 1510,0
2026-04-25,B_04,37,S,50,,S,Basura Afuera,55141,Matutino,2026-04-25 03:40:38,,177827,"POINT (  575464.843789252,   6137657.28296436)",ARENAL GRANDE 1533 FTE 1510,0
2026-04-25,B_04,38,S,100,,S,Basura Afuera,55141,Matutino,2026-04-25 03:40:42,,177828,"POINT (  575465.103558073,   6137656.65048375)",ARENAL GRANDE 1533 FTE 1510,0
2026-04-25,B_04,39,S,75,,S,Basura Afuera,55141,Matutino,2026-04-25 03:40:40,,181137,"POINT (  575172.154974858,   6137802.95554414)",AV URUGUAY 1884,0
2026-04-25,B_04,40,S,75,,S,Basura Afuera,55141,Matutino,2026-04-25 03:40:45,,177831,"POINT (  575092.485880202,   6137765.88978582)",AV URUGUAY 1830 EN 1832,0
2026-04-25,B_04,41,S,75,,S,Basura Afuera,55141,Matutino,2026-04-25 03:40:51,,177832,"POINT (  575090.715910261,   6137764.81707677)",AV URUGUAY 1830 EN 1832,0
2026-04-25,B_04,42,S,50,,S,Basura Afuera,55141,Matutino,2026-04-25 03:40:49,,181138,"POINT (  575078.867147782,   6137889.41743265)",PAYSANDU 1839,0
2026-04-25,B_04,43,S,75,,S,Basura Afuera,55141,Matutino,2026-04-25 03:40:47,,181139,"POINT (  575083.417773493,   6137891.69274551)",PAYSANDU 1843,0
2026-04-25,B_04,44,S,50,,S,Basura Afuera,55141,Matutino,2026-04-25 03:40:53,,177833,"POINT (  575249.480120848,   6138036.70259187)",PAYSANDU 1940 ESTACIONAMIENTO,0
2026-04-25,B_04,45,S,75,,S,Basura Afuera,55141,Matutino,2026-04-25 05:06:18,,182220,"POINT (  575345.900351195,   6138010.84407429)",REPUBLICA 1658,0
2026-04-25,B_04,46,S,75,,S,Basura Afuera,55141,Matutino,2026-04-25 05:06:23,,182221,"POINT (  575347.379304551,   6138009.59265222)",REPUBLICA 1658,0
2026-04-25,B_04,47,S,50,,S,Basura Afuera,55141,Matutino,2026-04-25 05:06:21,,177851,"POINT (  575495.505942731,   6137855.20021968)",REPUBLICA 1593 FTE 1593,0
2026-04-25,B_04,48,S,50,,S,Basura Afuera,55141,Matutino,2026-04-25 05:06:25,,177852,"POINT (  575497.651360842,   6137853.37661429)",REPUBLICA 1593 FTE 1593,0
2026-04-25,B_04,49,S,75,,S,Basura Afuera,55141,Matutino,2026-04-25 03:40:58,,177853,"POINT (  575553.967083367,   6137745.06223718)",DR PABLO DE MARIA 1588 EN 1590,0
2026-04-25,B_04,50,S,75,,S,Basura Afuera,55141,Matutino,2026-04-25 03:41:04,,177854,"POINT (  575553.082098397,   6137746.83220712)",DR PABLO DE MARIA 1592 EN 1590,0
2026-04-25,B_04,51,S,75,,S,Basura Afuera,55141,Matutino,2026-04-25 03:41:08,,177855,"POINT (  575530.905341563,   6137762.00862048)",DR PABLO DE MARIA 1595,0
2026-04-25,B_04,52,S,50,,S,Basura Afuera,55141,Matutino,2026-04-25 03:41:06,,177856,"POINT (  575530.073992045,   6137763.40314226)",DR PABLO DE MARIA 1595,0
2026-04-25,B_04,53,S,75,,S,Basura Afuera,55141,Matutino,2026-04-25 05:06:06,,177857,"POINT (  575533.426207843,   6137934.58068979)",DEFENSA 1656,0
2026-04-25,B_04,54,S,75,,S,Basura Afuera,55141,Matutino,2026-04-25 05:06:29,,177858,"POINT (  575524.737443883,   6138012.78224272)",DEFENSA 1700 FTE 1693,0
2026-04-25,B_04,55,S,75,,S,Basura Afuera,55141,Matutino,2026-04-25 05:06:08,,183531,"POINT (  575524.719635495,   6138014.70699102)",DEFENSA 1700,0
2026-04-25,B_04,56,S,75,,S,Basura Afuera,55141,Matutino,2026-04-25 05:06:33,,183392,"POINT (  575493.553812827,   6138288.30401521)",DEFENSA 1816,0
2026-04-25,B_04,57,S,75,,S,Basura Afuera,55141,Matutino,2026-04-25 05:06:40,,177860,"POINT (  575493.038711903,   6138291.52462801)",DEFENSA 1816,0
2026-04-25,B_04,58,S,75,,S,Basura Afuera,55141,Matutino,2026-04-25 05:06:44,,175883,"POINT (  579101.970227015,   6137420.40082940)",TTE GRAL PABLO GALARZA 3618 FTE 3641,0
2026-04-25,B_04,59,S,75,,S,Basura Afuera,55141,Matutino,2026-04-25 05:06:49,,177861,"POINT (  575487.031541192,   6138341.83468271)",DEFENSA 1844 EN 1846,0
2026-04-25,B_04,60,S,75,,S,Basura Afuera,55141,Matutino,2026-04-25 05:06:53,,177862,"POINT (  575483.491601309,   6138390.21386112)",DEFENSA 1864 MURO,0
2026-04-25,B_04,61,S,75,,S,Basura Afuera,55141,Matutino,2026-04-25 05:06:56,,182183,"POINT (  575470.036824573,   6138510.32200615)",DEFENSA 1926 PROV OV(O: DEFENSA 1944),0
2026-04-25,B_04,62,S,75,,S,Basura Afuera,55141,Matutino,2026-04-25 05:07:02,,177864,"POINT (  575569.940623403,   6138413.85284581)",DR MARTIN C MARTINEZ 1916 EN 1914/1930. MURO,0
2026-04-25,B_04,63,S,75,,S,Basura Afuera,55141,Matutino,2026-04-25 05:07:10,,177865,"POINT (  575584.093832121,   6138103.33225631)",DR MARTIN C MARTINEZ 1781 EN 1781,0
2026-04-25,B_04,64,S,75,,S,Basura Afuera,55141,Matutino,2026-04-25 05:07:06,,179376,"POINT (  575594.852436895,   6137968.32789148)",DR MARTIN C MARTINEZ 1705,0
2026-04-25,B_04,65,N,,"Contenedor Roto (choque, desfonde, etc.)",S,,55141,Matutino,2026-04-25 05:07:15,,177867,"POINT (  575644.011724561,   6137885.66711453)",DR MARTIN C MARTINEZ 1667 REBAJE/EDIFICIO,0
2026-04-25,B_04,66,S,75,,S,Basura Afuera,55141,Matutino,2026-04-25 05:07:19,,177868,"POINT (  575700.286101427,   6137824.35983433)",DR MARTIN C MARTINEZ 1642 EN 1644/1650,0
2026-04-25,B_04,67,S,50,,S,Basura Afuera,55141,Matutino,2026-04-25 05:07:21,,177869,"POINT (  575701.680623199,   6137821.78533260)",DR MARTIN C MARTINEZ 1642 EN 1644,0
2026-04-25,B_04,68,S,75,,S,Basura Afuera,55141,Matutino,2026-04-25 05:07:24,,177870,"POINT (  575717.192257177,   6137796.11245761)",DR MARTIN C MARTINEZ 1622 EN 1630,0
2026-04-25,B_04,69,S,75,,S,Basura Afuera,55141,Matutino,2026-04-25 06:22:56,,182172,"POINT (  575773.723330148,   6137934.18713470)",DR JOAQUIN REQUENA 1667,0
2026-04-25,B_04,70,S,75,,S,Basura Afuera,55141,Matutino,2026-04-25 06:23:00,,177872,"POINT (  575746.899923425,   6137991.48157503)",DR JOAQUIN REQUENA 1691,0
2026-04-25,B_04,71,S,100,,S,Basura Afuera,55141,Matutino,2026-04-25 06:23:06,,177873,"POINT (  575745.955179370,   6137993.24359620)",DR JOAQUIN REQUENA 1691,0
2026-04-25,B_04,72,S,75,,S,Basura Afuera,55141,Matutino,2026-04-25 06:23:03,,177874,"POINT (  575684.088194689,   6138551.14703717)",DR JOAQUIN REQUENA 1925 EN 1925/1939,0
2026-04-25,B_04,73,S,75,,S,Basura Afuera,55141,Matutino,2026-04-25 06:23:09,,177875,"POINT (  575823.647642811,   6138504.26965145)",JUAN PAULLIER 1906,0
2026-04-25,B_04,74,S,75,,S,Basura Afuera,55141,Matutino,2026-04-25 06:23:14,,177876,"POINT (  575823.540371906,   6138501.48060790)",JUAN PAULLIER 1906,0
2026-04-25,B_04,75,S,100,,S,Basura Afuera,55141,Matutino,2026-04-25 06:23:21,,177908,"POINT (  575828.689375372,   6138430.35999752)",JUAN PAULLIER 1856 EN 1860,0
2026-04-25,B_04,76,S,75,,S,Basura Afuera,55141,Matutino,2026-04-25 06:23:19,,177909,"POINT (  575823.483089322,   6138361.37699057)",JUAN PAULLIER 1843,0
2026-04-25,B_04,77,S,75,,S,Basura Afuera,55141,Matutino,2026-04-25 06:23:17,,177910,"POINT (  575839.755172317,   6138330.92137282)",JUAN PAULLIER 1822,0
2026-04-25,B_04,78,S,50,,S,Basura Afuera,55141,Matutino,2026-04-25 06:23:24,,177911,"POINT (  575845.821703092,   6138253.25297924)",JUAN PAULLIER 1788,0
2026-04-25,B_04,79,S,50,,S,Basura Afuera,55141,Matutino,2026-04-25 06:24:15,,177912,"POINT (  575851.278145875,   6138187.79866213)",JUAN PAULLIER 1752 EN 1754,0
2026-04-25,B_04,80,S,75,,S,Basura Afuera,55141,Matutino,2026-04-25 06:24:17,,177913,"POINT (  575845.279703634,   6138110.10069921)",JUAN PAULLIER 1711,0
2026-04-25,B_04,81,S,75,,S,Basura Afuera,55141,Matutino,2026-04-25 06:23:26,,177914,"POINT (  575851.859890971,   6138071.32427664)",JUAN PAULLIER 1693 PDO RESERVADO,0
2026-04-25,B_04,82,S,75,,S,Basura Afuera,55141,Matutino,2026-04-25 06:24:19,,182184,"POINT (  575868.808156428,   6138022.61231286)",JUAN PAULLIER 1675,0
2026-04-25,B_04,83,S,75,,S,Basura Afuera,55141,Matutino,2026-04-25 06:24:22,,182185,"POINT (  575870.628406712,   6138019.42687486)",JUAN PAULLIER 1675,0
2026-04-25,B_04,84,S,50,,S,Basura Afuera,55141,Matutino,2026-04-25 06:24:26,,183673,"POINT (  575873.661785403,   6138012.92959260)",JUAN PAULLIER 1675 PROV O: Juan Paullier 1604,0
2026-04-25,B_04,85,S,75,,S,Basura Afuera,55141,Matutino,2026-04-25 06:24:24,,182192,"POINT (  575816.385082822,   6137873.93952662)",DR JOAQUIN REQUENA 1642 PROV OV(O: DR JOAQUIN REQUENA 1617),0
2026-04-25,B_04,86,S,75,,S,,55141,Matutino,2026-04-25 06:24:28,,177921,"POINT (  575915.073406382,   6138118.59551805)",EDUARDO VICTOR HAEDO 2225,0
2026-04-25,B_04,87,S,75,,S,Basura Afuera,55141,Matutino,2026-04-25 06:24:31,,179377,"POINT (  576081.817327152,   6138166.42985304)",ACEVEDO DIAZ 1693 FTE 1698,0
2026-04-25,B_04,88,S,75,,S,Basura Afuera,55141,Matutino,2026-04-25 06:24:36,,177923,"POINT (  576085.335016903,   6138124.47701034)",ACEVEDO DIAZ 1675 EN 1681,0
2026-04-25,B_04,89,S,50,,S,Basura Afuera,55141,Matutino,2026-04-25 06:24:33,,177924,"POINT (  576085.431502049,   6138123.33081739)",ACEVEDO DIAZ 1675 EN 1681,0
2026-04-25,B_04,90,S,75,,S,Basura Afuera,55141,Matutino,2026-04-25 06:24:38,,177925,"POINT (  576103.141987225,   6138066.01436681)",ACEVEDO DIAZ 1658 EN 1658/1654,0
2026-04-25,B_04,91,S,75,,S,Basura Afuera,55141,Matutino,2026-04-25 06:24:40,,177926,"POINT (  576103.678341752,   6138060.75809244)",ACEVEDO DIAZ 1652 EN 1658/1654,0
2026-04-25,B_04,92,S,75,,S,Basura Afuera,55141,Matutino,2026-04-25 06:24:45,,177927,"POINT (  576109.256428841,   6137994.14286009)",ACEVEDO DIAZ 1638 EN 638/1628. MURO,0
2026-04-25,B_04,93,S,100,,S,Basura Afuera,55141,Matutino,2026-04-25 06:24:43,,177928,"POINT (  576109.900054274,   6137989.36930480)",ACEVEDO DIAZ 1628 EN 638/1628. MURO,0
2026-04-25,B_04,94,S,75,,S,,55141,Matutino,2026-04-25 06:24:48,,177929,"POINT (  576009.333580320,   6137945.54913988)",ALEJANDRO BEISSO 1636 FTE 1635. MURO,0
2026-04-25,B_04,95,S,75,,S,Basura Afuera,55141,Matutino,2026-04-25 06:24:51,,177930,"POINT (  576006.651807681,   6137949.19635067)",ALEJANDRO BEISSO 1636 FTE 1635. MURO,0
2026-04-25,B_04,96,S,100,,S,Basura Afuera,55141,Matutino,2026-04-25 06:24:55,,177944,"POINT (  576148.318145266,   6138052.04121753)",COLONIA 2274 EN 2288/2276,0
2026-04-25,B_04,97,S,75,,S,Basura Afuera,55141,Matutino,2026-04-25 06:24:53,,177945,"POINT (  576197.177272162,   6138182.69364007)",DR MARIO CASSINONI 1690,0
2026-04-25,B_04,98,S,75,,S,Basura Afuera,55141,Matutino,2026-04-25 06:24:58,,177947,"POINT (  576197.267626535,   6138181.15761574)",DR MARIO CASSINONI 1690,0
2026-04-25,B_04,99,S,75,,S,Basura Afuera,55141,Matutino,2026-04-25 06:25:02,,177950,"POINT (  576203.366546674,   6138108.28681437)",DR MARIO CASSINONI 1656 EN 1656,0
2026-04-25,B_04,100,S,50,,S,Basura Afuera,55141,Matutino,2026-04-25 06:25:00,,177953,"POINT (  576203.456901047,   6138106.47972692)",DR MARIO CASSINONI 1656 EN 1656,0
2026-04-25,B_04,101,S,75,,S,Basura Afuera,55141,Matutino,2026-04-25 06:25:04,,177954,"POINT (  576203.592432605,   6138104.22086761)",DR MARIO CASSINONI 1656 EN 1656,0
2026-04-25,B_04,102,S,50,,S,Basura Afuera,55141,Matutino,2026-04-25 06:25:07,,177957,"POINT (  575732.923274441,   6138125.52290167)",DR JOAQUIN REQUENA 1738,0
2026-04-25,B_04,103,S,50,,S,Basura Afuera,55141,Matutino,2026-04-25 06:25:11,,177958,"POINT (  575732.655097177,   6138126.86378799)",DR JOAQUIN REQUENA 1738,0
2026-04-25,B_04,104,S,50,,S,,55141,Matutino,2026-04-25 06:25:13,,177959,"POINT (  575722.003627508,   6138244.58638519)",DR JOAQUIN REQUENA 1786 FTE 1791,0
2026-04-25,B_04,105,S,75,,S,Basura Afuera,55141,Matutino,2026-04-25 06:25:16,,177960,"POINT (  575713.374784941,   6138349.57816597)",DR JOAQUIN REQUENA 1844 EN 1844/1846,0
2026-04-25,B_04,106,S,100,,S,Basura Afuera,55141,Matutino,2026-04-25 06:25:19,,177962,"POINT (  575713.239253382,   6138350.88830437)",DR JOAQUIN REQUENA 1844 EN 1844/1846,0
2026-04-25,B_04,107,S,50,,S,Basura Afuera,55141,Matutino,2026-04-25 06:25:21,,177963,"POINT (  575705.252982552,   6138447.33118777)",DR JOAQUIN REQUENA 1880,0
2026-04-25,B_04,108,S,75,,S,Basura Afuera,55141,Matutino,2026-04-25 03:42:15,,177965,"POINT (  575670.681494639,   6138469.37599864)",GOES 2092 ESTACIONAMIENTO,0
2026-04-25,B_04,109,S,75,,S,Basura Afuera,55141,Matutino,2026-04-25 03:42:13,,177968,"POINT (  575422.094876792,   6138449.71339922)",GOES 1980 EN 1980,0
2026-04-25,B_04,110,S,50,,S,Basura Afuera,55141,Matutino,2026-04-25 03:42:10,,177970,"POINT (  575281.450597080,   6138437.81769188)",GOES 1906 MURO,0
2026-04-25,B_04,111,S,75,,S,Basura Afuera,55141,Matutino,2026-04-25 03:42:07,,182140,"POINT (  575277.156779739,   6138437.13763137)",GOES 1906,0
2026-04-25,B_04,112,S,75,,S,Basura Afuera,55141,Matutino,2026-04-25 03:42:05,,177972,"POINT (  575547.868163227,   6138519.91874660)",DR MARTIN C MARTINEZ 1963 FTE 1976. UTU,0
2026-04-25,B_04,113,S,75,,S,Basura Afuera,55141,Matutino,2026-04-25 03:42:03,,177975,"POINT (  575569.425996462,   6138276.70229718)",DR MARTIN C MARTINEZ 1851 EN 1855,0
2026-04-25,B_04,114,S,50,,S,Basura Afuera,55141,Matutino,2026-04-25 07:38:44,,177977,"POINT (  575531.042281088,   6138249.04851432)",DR SALVADOR FERRER SERRA 2072,0
2026-04-25,B_04,115,S,50,,S,Basura Afuera,55141,Matutino,2026-04-25 03:42:00,,177979,"POINT (  575465.419798377,   6138257.12305437)",DR SALVADOR FERRER SERRA 2040 EN 2025,0
2026-04-25,B_04,116,S,75,,S,,55141,Matutino,2026-04-25 03:41:57,,177980,"POINT (  575383.739445692,   6138169.29860436)",CONSTITUCION 1757 EN 1775,0
2026-04-25,B_04,117,S,50,,S,Basura Afuera,55141,Matutino,2026-04-25 03:41:54,,179378,"POINT (  575504.633596015,   6138193.73946210)",DEFENSA 1776,0
2026-04-25,B_04,118,S,75,,S,Basura Afuera,55141,Matutino,2026-04-25 03:41:52,,177985,"POINT (  575502.465091076,   6138217.27677612)",DEFENSA 1786 EN 1786/1782,0
2026-04-25,B_04,119,S,75,,S,,55141,Matutino,2026-04-25 03:41:49,,177988,"POINT (  575348.169945338,   6138244.55022527)",DR SALVADOR FERRER SERRA 1986 FTE 1986. UTU,0
2026-04-25,B_04,120,S,75,,S,Basura Afuera,55141,Matutino,2026-04-25 07:38:48,,177990,"POINT (  575206.685803364,   6138220.92776878)",DR SALVADOR FERRER SERRA 1912 MURO,0
2026-04-25,B_04,121,S,75,,S,Basura Afuera,55141,Matutino,2026-04-25 03:41:42,,177996,"POINT (  575269.667050489,   6138300.71903907)",DEMOCRACIA 1825 EN 1825,0
2026-04-25,B_04,122,S,50,,S,Basura Afuera,55141,Matutino,2026-04-25 03:41:44,,183400,"POINT (  575269.046797389,   6138303.91505517)",DEMOCRACIA 1825,0
2026-04-25,B_04,123,S,75,,S,Basura Afuera,55141,Matutino,2026-04-25 03:41:46,,177998,"POINT (  575264.336142515,   6138362.34072108)",DEMOCRACIA 1857,0
2026-04-25,B_04,124,S,75,,S,Basura Afuera,55141,Matutino,2026-04-25 03:41:38,,178003,"POINT (  575064.743333798,   6138269.00465435)",JUSTICIA 1828 FTE 1828,0
2026-04-25,B_04,125,S,50,,S,Basura Afuera,55141,Matutino,2026-04-25 03:41:35,,178004,"POINT (  575065.160764378,   6138266.73860265)",JUSTICIA 1828 FTE 1828,0
2026-04-25,B_04,126,S,75,,S,,55141,Matutino,2026-04-25 03:41:33,,182186,"POINT (  575066.320373151,   6138263.60377429)",JUSTICIA 1828 PROV OV(O: REPUBLICA 1869),0
2026-04-25,B_04,127,S,75,,S,Basura Afuera,55141,Matutino,2026-04-25 07:38:51,,178008,"POINT (  575141.168080610,   6138120.60912811)",CERRO LARGO 1887,0
2026-04-25,B_04,128,S,50,,S,Basura Afuera,55141,Matutino,2026-04-25 07:38:56,,178009,"POINT (  575140.000687563,   6138119.43412822)",CERRO LARGO 1887,0
2026-04-25,B_04,129,S,100,,S,Basura Afuera,55141,Matutino,2026-04-25 07:38:54,,181141,"POINT (  575051.563393516,   6137998.63244972)",CERRO LARGO 1802,0
2026-04-25,B_04,130,S,75,,S,Basura Afuera,55141,Matutino,2026-04-25 07:38:58,,181140,"POINT (  575048.833018089,   6137996.35713686)",CERRO LARGO 1802,0
2026-04-25,B_04,131,S,75,,S,Basura Afuera,55141,Matutino,2026-04-25 07:39:01,,183534,"POINT (  574987.523860524,   6137966.04883868)",CERRO LARGO 1787,0
2026-04-25,B_04,132,S,75,,S,Basura Afuera,55141,Matutino,2026-04-25 03:41:28,,183160,"POINT (  574876.069073238,   6138269.63474636)",ARENAL GRANDE 1896 PROV OV (O: MIGUELETE 1720 - Alta del 13/8/24),0
2026-04-25,B_04,133,S,75,,S,,55141,Matutino,2026-04-25 03:41:25,,183161,"POINT (  574885.149121028,   6138273.93582163)",MIGUELETE 1814 PROV OV (O: MIGUELETE 1720 - Alta del 13/8/24),0
2026-04-25,B_04,134,S,75,,S,,55141,Matutino,2026-04-25 03:41:23,,183162,"POINT (  574894.229168817,   6138282.06007491)",MIGUELETE 1818 PROV OV (O: MIGUELETE 1720 - Alta del 13/8/24),0
2026-04-25,B_04,135,S,50,,S,Basura Afuera,55141,Matutino,2026-04-25 03:41:20,,178018,"POINT (  575163.179833687,   6138404.96592811)",INCA 1880 EN 1880,0
2026-04-25,B_04,136,S,75,,S,Basura Afuera,55141,Matutino,2026-04-25 03:41:18,,178020,"POINT (  575163.357078743,   6138402.85164355)",INCA 1880 EN 1880,0
2026-04-25,B_04,137,S,75,,S,Basura Afuera,55141,Matutino,2026-04-25 03:41:16,,178023,"POINT (  575173.528796018,   6138300.76340346)",INCA 1834,0
2026-04-25,B_04,138,S,75,,S,Basura Afuera,55141,Matutino,2026-04-25 07:39:05,,178028,"POINT (  575959.198419690,   6138306.64981603)",CUFRE 1802 EN 1802,0
2026-04-25,B_04,139,S,50,,S,Basura Afuera,55141,Matutino,2026-04-25 07:39:09,,179381,"POINT (  575953.896014058,   6138370.38370000)",CUFRE 1838 EN 1838 BIS,0
2026-04-25,B_04,140,S,75,,S,Basura Afuera,55141,Matutino,2026-04-25 07:39:07,,178030,"POINT (  575932.543228912,   6138466.27229416)",CUFRE 1881 EN 1883,0
2026-04-25,B_04,141,S,75,,S,,55141,Matutino,2026-04-25 07:39:12,,178031,"POINT (  576166.102184614,   6138554.59311586)",DR DUVIMIOSO TERRA 1866 MURO,0
2026-04-25,B_04,142,S,100,,S,Basura Afuera,55141,Matutino,2026-04-25 07:39:14,,178032,"POINT (  576162.967195788,   6138625.47112410)",DR DUVIMIOSO TERRA 1890 FTE 1893,0
2026-04-25,B_04,143,S,50,,S,Basura Afuera,55141,Matutino,2026-04-25 07:39:17,,178034,"POINT (  576055.553838991,   6138543.19537109)",ACEVEDO DIAZ 1865 EN 1869/1865,0
2026-04-25,B_04,144,S,75,,S,Basura Afuera,55141,Matutino,2026-04-25 07:38:32,,178035,"POINT (  576055.686861727,   6138541.09329395)",ACEVEDO DIAZ 1865 EN 1869/1865,0
2026-04-25,B_04,145,S,100,,S,Basura Afuera,55141,Matutino,2026-04-25 06:58:56,,178038,"POINT (  576072.264714323,   6138283.64629947)",ACEVEDO DIAZ 1745 EN 1739/1745. MURO,0
2026-04-25,B_04,146,S,75,,S,Basura Afuera,55141,Matutino,2026-04-25 06:58:53,,178039,"POINT (  575973.325722281,   6138239.21659125)",MANUEL FERNANDEZ LUNA 2261,0
2026-04-25,B_04,147,S,75,,S,Basura Afuera,55141,Matutino,2026-04-25 07:39:20,,178043,"POINT (  576015.364758272,   6138291.84189236)",DR SALVADOR FERRER SERRA 2278,0
2026-04-25,B_04,148,S,75,,S,Basura Afuera,55141,Matutino,2026-04-25 07:39:22,,178044,"POINT (  576004.173196558,   6138498.91298823)",GOES 2224 VEREDA. EN 2232,0
2026-04-25,B_04,149,S,75,,S,Basura Afuera,55141,Matutino,2026-04-25 07:39:25,,179382,"POINT (  575924.983547214,   6138557.85054351)",CUFRE 1915 EN 1920,0
2026-04-25,B_04,150,S,75,,S,Basura Afuera,55141,Matutino,2026-04-25 07:39:30,,180521,"POINT (  576020.423362558,   6138396.08832647)",LA PAZ 2336 EN 2334,0
2026-04-25,B_04,151,S,75,,S,Basura Afuera,55141,Matutino,2026-04-25 07:39:27,,180520,"POINT (  576016.928667386,   6138396.08832647)",LA PAZ 2330 EN 2334,0
2026-04-25,B_04,152,S,50,,S,Basura Afuera,55141,Matutino,2026-04-25 03:42:21,,178050,"POINT (  575438.478242175,   6138348.46725439)",LA PAZ 2054 FTE 2081. EDIFICIO,0
2026-04-25,B_04,153,S,75,,S,Basura Afuera,55141,Matutino,2026-04-25 03:42:19,,178051,"POINT (  575436.170651918,   6138348.23269097)",LA PAZ 2054 FTE 2081. EDIFICIO,0
2026-04-25,B_05,1,S,75,,S,,55142,Matutino,2026-04-25 03:41:20,,178078,"POINT (  574543.289270425,   6136380.57580249)",DR JAVIER BARRIOS AMORIN 973 EN 961/ 973,0
2026-04-25,B_05,2,S,50,,S,,55142,Matutino,2026-04-25 03:41:25,,178079,"POINT (  574533.522677507,   6136509.62627427)",DR JAVIER BARRIOS AMORIN 1043 FTE 1050,0
2026-04-25,B_05,3,S,25,,S,,55142,Matutino,2026-04-25 03:41:22,,178080,"POINT (  574543.955080196,   6136540.72877707)",DR JAVIER BARRIOS AMORIN 1058,0
2026-04-25,B_05,4,S,75,,S,,55142,Matutino,2026-04-25 03:44:35,,178081,"POINT (  574532.631330114,   6136705.78671268)",DR JAVIER BARRIOS AMORIN 1144,0
2026-04-25,B_05,5,S,25,,S,,55142,Matutino,2026-04-25 03:44:38,,178082,"POINT (  574532.429003416,   6136708.22440847)",DR JAVIER BARRIOS AMORIN 1146 EN 1144/1146,0
2026-04-25,B_05,6,S,50,,S,,55142,Matutino,2026-04-25 03:50:31,,178083,"POINT (  574521.581635439,   6136817.42784860)",DR JAVIER BARRIOS AMORIN Esq. CANELONES PDO 1192. ESQ SORIANO,0
2026-04-25,B_05,7,S,25,,S,,55142,Matutino,2026-04-25 03:50:33,,178084,"POINT (  574516.279871279,   6136885.29042985)",DR JAVIER BARRIOS AMORIN 1223 FTE 1225. MURO,0
2026-04-25,B_05,8,S,25,,S,,55142,Matutino,2026-04-25 03:50:36,,178085,"POINT (  574500.223850888,   6136949.24213544)",DR JAVIER BARRIOS AMORIN 1251 FTE 1251. ARBOL/ARBOL,0
2026-04-25,B_05,9,S,25,,S,Basura Afuera,55142,Matutino,2026-04-25 03:08:37,,179497,"POINT (  574491.974214676,   6137134.00837565)",CONSTITUYENTE 1459 EN 1459. VEREDA,0
2026-04-25,B_05,10,S,25,,S,Basura Afuera,55142,Matutino,2026-04-25 03:08:39,,178086,"POINT (  574491.803566212,   6137135.77174311)",CONSTITUYENTE 1459 EN 1459. VEREDA,0
2026-04-25,B_05,11,S,25,,S,Basura Afuera,55142,Matutino,2026-04-25 03:08:42,,178087,"POINT (  574491.519152105,   6137137.42134494)",CONSTITUYENTE 1459 EN 1459. VEREDA,0
2026-04-25,B_05,12,S,75,,S,Basura Afuera,55142,Matutino,2026-04-25 03:03:39,,178088,"POINT (  574612.908703636,   6137187.04609241)",VAZQUEZ 1385 EN 1385. FTE 1390,0
2026-04-25,B_05,13,S,75,,S,Basura Afuera,55142,Matutino,2026-04-25 03:03:41,,178089,"POINT (  574613.787548583,   6137185.66505035)",VAZQUEZ 1385 EN 1385. FTE 1390,0
2026-04-25,B_05,14,S,75,,S,Basura Afuera,55142,Matutino,2026-04-25 03:03:45,,179574,"POINT (  574614.387420916,   6137184.16459404)",VAZQUEZ 1385 EN 1385. FTE 1390,0
2026-04-25,B_05,15,S,50,,S,,55142,Matutino,2026-04-25 03:56:15,,179003,"POINT (  574625.751855206,   6137010.45180982)",Q F ANDRES MARTINEZ TRUEBA 1278,0
2026-04-25,B_05,16,S,50,,S,,55142,Matutino,2026-04-25 03:57:59,,178091,"POINT (  574620.378885683,   6136925.08752365)",Q F ANDRES MARTINEZ TRUEBA 1227 EN 1245,0
2026-04-25,B_05,17,S,50,,S,Basura Afuera,55142,Matutino,2026-04-25 04:00:58,,178092,"POINT (  574626.405251032,   6136856.97704028)",Q F ANDRES MARTINEZ TRUEBA 1204 FTE 1206,0
2026-04-25,B_05,18,S,75,,S,,55142,Matutino,2026-04-25 04:01:03,,178093,"POINT (  574635.005376582,   6136755.09380110)",Q F ANDRES MARTINEZ TRUEBA 1151 FTE 1058,0
2026-04-25,B_05,19,S,75,,S,,55142,Matutino,2026-04-25 04:11:36,,183723,"POINT (  574677.322708061,   6136412.09412244)",Q F ANDRES MARTINEZ TRUEBA 984,0
2026-04-25,B_05,20,S,50,,S,,55142,Matutino,2026-04-25 03:31:58,,178098,"POINT (  574699.522202125,   6136345.61326538)",AV GONZALO RAMIREZ 1513 EN 1510/1520,0
2026-04-25,B_05,21,,,,S,,55142,Matutino,,,178099,"POINT (  574767.159351349,   6136232.74929699)",SALTO Esq. CEBOLLATI (*),0
2026-04-25,B_05,22,S,25,,S,,55142,Matutino,2026-04-25 03:25:28,,179496,"POINT (  574692.538333272,   6136263.63115198)",DR CARLOS MARIA MORALES Esq. CEBOLLATI EN 926,0
2026-04-25,B_05,23,S,25,,S,,55142,Matutino,2026-04-25 03:26:31,,178100,"POINT (  574655.647496203,   6136288.86924437)",DR CARLOS MARIA MORALES Esq. CEBOLLATI EN 932,0
2026-04-25,B_05,24,S,25,,S,,55142,Matutino,2026-04-25 03:26:33,,179493,"POINT (  574652.739212114,   6136290.49869749)",AV GONZALO RAMIREZ Esq. Q F ANDRES MARTINEZ TRUEBA EN 932,0
2026-04-25,B_05,25,S,50,,S,,55142,Matutino,2026-04-25 03:30:20,,178102,"POINT (  574627.252708659,   6136341.97390151)",AV GONZALO RAMIREZ 1485 FTE 1485,0
2026-04-25,B_05,26,S,25,,S,,55142,Matutino,2026-04-25 06:16:51,,178103,"POINT (  574773.517617647,   6136293.76297872)",SALTO 918 FTE 913,0
2026-04-25,B_05,27,,,,S,,55142,Matutino,,,178104,"POINT (  574897.683822957,   6136222.28390418)",DR LORENZO CARNELLI 896 (*),0
2026-04-25,B_05,28,,,,S,,55142,Matutino,,,178105,"POINT (  575102.867057985,   6136246.53388381)",MAGALLANES 895 (*),0
2026-04-25,B_05,29,,,,S,,55142,Matutino,,,178106,"POINT (  575103.185163834,   6136244.09507229)",MAGALLANES 895 (*),0
2026-04-25,B_05,30,S,25,,S,Basura Afuera,55142,Matutino,2026-04-25 05:08:42,,178107,"POINT (  574893.040530399,   6136399.97766800)",DR LORENZO CARNELLI 962 EN 964/MURO,0
2026-04-25,B_05,31,S,25,,S,Basura Afuera,55142,Matutino,2026-04-25 05:08:45,,178108,"POINT (  574892.852206482,   6136401.35871005)",DR LORENZO CARNELLI 962 EN 964/MURO,0
2026-04-25,B_05,32,S,25,,S,Basura Afuera,55142,Matutino,2026-04-25 05:00:08,,178110,"POINT (  574866.361308802,   6136721.66630581)",DR LORENZO CARNELLI 1164,0
2026-04-25,B_05,33,S,100,,S,Basura Afuera,55142,Matutino,2026-04-25 05:00:12,,178111,"POINT (  574866.110210246,   6136722.63931271)",DR LORENZO CARNELLI 1164,0
2026-04-25,B_05,34,S,25,,S,Basura Afuera,55142,Matutino,2026-04-25 05:31:34,,178112,"POINT (  574963.097027579,   6136786.98331774)",MINAS 1159 FTE 1159,0
2026-04-25,B_05,35,S,25,,S,Basura Afuera,55142,Matutino,2026-04-25 05:31:37,,179572,"POINT (  574962.902490676,   6136790.33001210)",MINAS 1159 FTE 1159,0
2026-04-25,B_05,36,S,25,,S,,55142,Matutino,2026-04-25 05:32:38,,178113,"POINT (  574952.986185170,   6136912.06433886)",MINAS 1226,0
2026-04-25,B_05,37,S,25,,S,,55142,Matutino,2026-04-25 05:33:58,,179491,"POINT (  574946.650072148,   6136991.25199321)",MINAS 1258 FTE 1259,0
2026-04-25,B_05,38,S,75,,S,,55142,Matutino,2026-04-25 04:42:32,,180346,"POINT (  574955.327155119,   6137088.34543464)",MINAS 1318 EN 1324,0
2026-04-25,B_05,39,S,25,,S,,55142,Matutino,2026-04-25 04:45:17,,178114,"POINT (  574909.915188391,   6137257.74687802)",MINAS 1401 EN 1402,0
2026-04-25,B_05,40,S,25,,S,,55142,Matutino,2026-04-25 04:45:20,,178115,"POINT (  574908.451366223,   6137260.60231477)",MINAS 1401 EN 1402,0
2026-04-25,B_05,41,S,25,,S,,55142,Matutino,2026-04-25 05:57:15,,180654,"POINT (  575050.842470153,   6136962.49657320)",MAGALLANES 1222,0
2026-04-25,B_05,42,S,25,,S,,55142,Matutino,2026-04-25 05:57:24,,180655,"POINT (  575051.060335076,   6136960.97151874)",MAGALLANES 1222,0
2026-04-25,B_05,43,S,25,,S,,55142,Matutino,2026-04-25 05:59:30,,178116,"POINT (  575054.029806455,   6136920.17423715)",MAGALLANES 1215 FTE 1215.,0
2026-04-25,B_05,44,S,25,,S,,55142,Matutino,2026-04-25 05:59:33,,178117,"POINT (  575054.154565848,   6136916.04039927)",MAGALLANES 1215 FTE 1215.,0
2026-04-25,B_05,45,S,50,,S,,55142,Matutino,2026-04-25 06:04:03,,182178,"POINT (  575046.992687145,   6136851.00149318)",MAGALLANES 1191 ANTES 1185,0
2026-04-25,B_05,46,S,25,,S,,55142,Matutino,2026-04-25 06:04:05,,182179,"POINT (  575047.106452787,   6136848.72618032)",MAGALLANES 1191 ANTES 1185,0
2026-04-25,B_05,47,S,25,,S,,55142,Matutino,2026-04-25 06:05:57,,178120,"POINT (  575079.867871411,   6136426.95927469)",MAGALLANES 979,0
2026-04-25,B_05,48,S,25,,S,,55142,Matutino,2026-04-25 06:06:00,,178121,"POINT (  575080.007998304,   6136423.65144771)",MAGALLANES 979,0
2026-04-25,B_05,49,S,50,,S,,55142,Matutino,2026-04-25 06:09:18,,178122,"POINT (  575087.527803492,   6136314.02348877)",MAGALLANES 919,0
2026-04-25,B_05,50,S,50,,S,,55142,Matutino,2026-04-25 05:11:30,,181084,"POINT (  574932.069333334,   6136260.84226030)",CEBOLLATI 1604,0
2026-04-25,B_05,51,N,,No Levantado por Feria,S,,55142,Matutino,2026-04-25 04:13:10,,183721,"POINT (  574744.350409586,   6136658.43910523)",SALTO 1105,0
2026-04-25,B_05,52,N,,No Levantado por Feria,S,,55142,Matutino,2026-04-25 04:13:14,,178126,"POINT (  574739.022953489,   6136720.63052426)",SALTO 1135 FTE 1135,0
2026-04-25,B_05,53,N,,No Levantado por Feria,S,,55142,Matutino,2026-04-25 04:13:18,,178127,"POINT (  574738.834629572,   6136722.95318591)",SALTO 1135 FTE 1135,0
2026-04-25,B_05,54,S,25,,S,,55142,Matutino,2026-04-25 04:36:00,,178130,"POINT (  574813.159802208,   6137066.89543327)",CONSTITUYENTE 1641 FTE 1641,0
2026-04-25,B_05,55,S,25,,S,,55142,Matutino,2026-04-25 04:36:02,,178131,"POINT (  574825.840279296,   6137065.63994049)",CONSTITUYENTE 1645 FTE 1647,0
2026-04-25,B_05,56,,,,S,,55142,Matutino,,,181369,"POINT (  574294.618492634,   6137083.92837711)",EJIDO 1323 SOTERRADO,0
2026-04-25,B_05,57,S,50,,S,"Basura Afuera, Requiere Limpieza",55142,Matutino,2026-04-25 03:53:10,,178132,"POINT (  574471.320911198,   6137038.82951994)",MANUEL FLORES MORA 1427,0
2026-04-25,B_05,58,S,50,,S,Requiere Mantenimiento,55142,Matutino,2026-04-25 03:53:25,,178133,"POINT (  574522.262124848,   6137043.35494362)",MANUEL FLORES MORA 1457,0
2026-04-25,B_05,59,S,25,,S,Basura Afuera,55142,Matutino,2026-04-25 03:17:35,,178134,"POINT (  574699.851578722,   6137042.47609868)",SALTO 1287,0
2026-04-25,B_05,60,S,25,,S,Basura Afuera,55142,Matutino,2026-04-25 03:17:38,,178135,"POINT (  574699.882966042,   6137041.34615518)",SALTO 1287,0
2026-04-25,B_05,61,S,25,,S,,55142,Matutino,2026-04-25 03:17:41,,178136,"POINT (  574702.833374077,   6137003.33611123)",SALTO 1265 EN 1269,0
2026-04-25,B_05,62,S,100,,S,,55142,Matutino,2026-04-25 03:17:43,,178137,"POINT (  574702.833374077,   6137001.45287206)",SALTO 1265 EN 1269,0
2026-04-25,B_05,63,S,50,,S,,55142,Matutino,2026-04-25 03:17:45,,178145,"POINT (  574714.070034467,   6136868.30786263)",SALTO 1205 EN 1205/1207,0
2026-04-25,B_05,64,S,25,,S,,55142,Matutino,2026-04-25 04:06:04,,183725,"POINT (  574669.568367538,   6136638.78742615)",DURAZNO 1509,0
2026-04-25,B_05,65,S,25,,S,,55142,Matutino,2026-04-25 04:06:06,,183724,"POINT (  574670.984489542,   6136638.89635861)",DURAZNO 1509,0
2026-04-25,B_05,66,S,25,,S,,55142,Matutino,2026-04-25 04:07:09,,183515,"POINT (  574678.522655732,   6136638.17540488)",DURAZNO 1515,0
2026-04-25,B_05,67,S,25,,S,,55142,Matutino,2026-04-25 04:07:11,,183516,"POINT (  574682.154891827,   6136638.17540488)",DURAZNO 1515,0
2026-04-25,B_05,68,S,50,,S,,55142,Matutino,2026-04-25 03:21:55,,183669,"POINT (  574748.579064924,   6136418.16772353)",SALTO 997,0
2026-04-25,B_05,69,S,50,,S,,55142,Matutino,2026-04-25 03:21:59,,183670,"POINT (  574748.905862309,   6136416.64266907)",SALTO 997,0
2026-04-25,B_05,70,S,25,,S,,55142,Matutino,2026-04-25 03:20:50,,183722,"POINT (  574752.546214161,   6136389.72028214)",SALTO 963,0
2026-04-25,B_05,71,S,75,,S,,55142,Matutino,2026-04-25 05:14:17,,183718,"POINT (  574994.026820044,   6136400.86454183)",MINAS 955,0
2026-04-25,B_05,72,S,25,,S,,55142,Matutino,2026-04-25 05:15:28,,183717,"POINT (  574993.591090196,   6136403.47892092)",MINAS 963,0
2026-04-25,B_05,73,S,75,,S,,55142,Matutino,2026-04-25 05:15:31,,178147,"POINT (  574992.914981130,   6136406.85149098)",MINAS 963 FTE 963,0
2026-04-25,B_05,74,S,75,,S,,55142,Matutino,2026-04-25 05:24:12,,178148,"POINT (  575057.196211518,   6136459.83328634)",SAN SALVADOR 1689 FTE 1689,0
2026-04-25,B_05,75,S,25,,S,,55142,Matutino,2026-04-25 05:19:22,,183719,"POINT (  575023.995009368,   6136667.21772005)",PLAZA JUAN RAMÓN GÓMEZ,0
2026-04-25,B_05,76,S,50,,S,,55142,Matutino,2026-04-25 05:21:39,,178152,"POINT (  575026.344430889,   6136666.24644987)",DURAZNO Esq. NUESTRA SEÑORA DE LA ENCINA (*) FTE 1686,0
2026-04-25,B_05,77,S,100,,S,,55142,Matutino,2026-04-25 05:21:44,,178153,"POINT (  575028.476756563,   6136666.79430087)",DURAZNO Esq. NUESTRA SEÑORA DE LA ENCINA (*) FTE 1686,0
2026-04-25,B_05,78,S,50,,S,,55142,Matutino,2026-04-25 05:03:34,,178154,"POINT (  574910.308062518,   6136550.35529339)",ISLA DE FLORES 1617 EN 1614,0
2026-04-25,B_05,79,S,25,,S,Basura Afuera,55142,Matutino,2026-04-25 05:01:59,,183720,"POINT (  574843.327445534,   6136636.24161569)",DURAZNO 1596,0
2026-04-25,B_05,80,S,25,,S,Basura Afuera,55142,Matutino,2026-04-25 05:27:26,,178156,"POINT (  574955.269838805,   6136711.36184515)",MINAS 1123,0
2026-04-25,B_05,81,S,75,,S,Basura Afuera,55142,Matutino,2026-04-25 04:55:42,,178157,"POINT (  574820.316111061,   6136912.43843389)",DR LORENZO CARNELLI 1284 FTE 1280. MURO,0
2026-04-25,B_05,82,S,75,,S,Basura Afuera,55142,Matutino,2026-04-25 04:55:45,,179482,"POINT (  574820.629984256,   6136911.24571575)",DR LORENZO CARNELLI 1284,0
2026-04-25,B_05,83,S,50,,S,Basura Afuera,55142,Matutino,2026-04-25 04:18:26,,179481,"POINT (  574776.923141821,   6137083.40516336)",CONSTITUYENTE 1607 FTE 1586,0
2026-04-25,B_05,84,S,25,,S,,55142,Matutino,2026-04-25 04:42:16,,178158,"POINT (  574922.030307319,   6137041.20499995)",CONSTITUYENTE 1694 EN 1698,0
2026-04-25,B_05,85,S,25,,S,,55142,Matutino,2026-04-25 04:42:24,,178159,"POINT (  574923.446429323,   6137040.98713503)",CONSTITUYENTE 1694 EN 1698,0
2026-04-25,B_05,86,S,75,,S,Basura Afuera,55142,Matutino,2026-04-25 05:37:26,,178160,"POINT (  574987.547749491,   6137035.47672643)",CONSTITUYENTE 1724 EN 1726,0
2026-04-25,B_05,87,S,25,,S,Basura Afuera,55142,Matutino,2026-04-25 05:39:59,,178163,"POINT (  575080.014792813,   6137011.99901142)",CONSTITUYENTE 1768 EN 1770/1772,0
2026-04-25,B_05,88,N,,"Contenedor Roto (choque, desfonde, etc.)",S,,55142,Matutino,2026-04-25 05:40:04,,178165,"POINT (  575082.902426209,   6137010.99461720)",CONSTITUYENTE 1774 EN 1770/1772,0
2026-04-25,B_05,89,S,25,,S,Basura Afuera,55142,Matutino,2026-04-25 05:40:13,,180656,"POINT (  575085.591925490,   6137010.64472135)",CONSTITUYENTE 1774,0
2026-04-25,B_05,90,,,,S,,55142,Matutino,,,178175,"POINT (  575426.781898928,   6136203.96385757)",DR LUIS PIERA 1863 (*) FTE 1863,0
2026-04-25,B_05,91,S,25,,S,,55142,Matutino,2026-04-25 07:00:03,,178177,"POINT (  575385.915608907,   6136266.29907415)",DR EMILIO FRUGONI 859 FTE 880/886,0
2026-04-25,B_05,92,S,25,,S,,55142,Matutino,2026-04-25 07:00:06,,178178,"POINT (  575385.727284989,   6136268.11953868)",DR EMILIO FRUGONI 859 FTE 880/886,0
2026-04-25,B_05,93,S,75,,S,,55142,Matutino,2026-04-25 07:03:52,,178179,"POINT (  575391.000354670,   6136355.18796304)",DR EMILIO FRUGONI 920 EN 934,0
2026-04-25,B_05,94,S,50,,S,,55142,Matutino,2026-04-25 07:06:49,,178180,"POINT (  575371.295377426,   6136457.49107975)",DR EMILIO FRUGONI 975 EN 981,0
2026-04-25,B_05,95,S,25,,S,Basura Afuera,55142,Matutino,2026-04-25 07:08:51,,178181,"POINT (  575376.333872881,   6136571.23560565)",DR EMILIO FRUGONI 1044 FTE 1043/1049,0
2026-04-25,B_05,96,S,25,,S,,55142,Matutino,2026-04-25 07:10:04,,178494,"POINT (  575374.476435923,   6136608.48532304)",DR EMILIO FRUGONI 1064,0
2026-04-25,B_05,97,S,25,,S,,55142,Matutino,2026-04-25 07:13:02,,178183,"POINT (  575368.151993971,   6136681.84430570)",DR EMILIO FRUGONI 1110,0
2026-04-25,B_05,98,S,75,,S,,55142,Matutino,2026-04-25 07:14:05,,178184,"POINT (  575349.820191453,   6136770.69329892)",DR EMILIO FRUGONI 1143 EN 1145,0
2026-04-25,B_05,99,S,75,,S,Basura Afuera,55142,Matutino,2026-04-25 07:17:16,,178185,"POINT (  575346.398973624,   6136817.77427821)",DR EMILIO FRUGONI 1157 FTE 1154,0
2026-04-25,B_05,100,S,50,,S,Basura Afuera,55142,Matutino,2026-04-25 07:17:21,,183258,"POINT (  575345.579214753,   6136826.33008719)",DR EMILIO FRUGONI 1163,0
2026-04-25,B_05,101,S,50,,S,,55142,Matutino,2026-04-25 07:19:55,,178186,"POINT (  575336.303733968,   6136937.72487740)",DR EMILIO FRUGONI 1900 FTE 1250,0
2026-04-25,B_05,102,S,25,,S,Basura Afuera,55142,Matutino,2026-04-25 07:24:04,,178187,"POINT (  575341.879199613,   6136989.65123993)",DR EMILIO FRUGONI 1266 EN 1269,0
2026-04-25,B_05,103,S,25,,S,,55142,Matutino,2026-04-25 04:26:59,,178195,"POINT (  574780.516989904,   6137259.67634981)",CARLOS ROXLO 1380 EN 1386,0
2026-04-25,B_05,104,S,25,,S,,55142,Matutino,2026-04-25 04:27:02,,178196,"POINT (  574781.144736294,   6137258.29530775)",CARLOS ROXLO 1380 EN 1386,0
2026-04-25,B_05,105,S,25,,S,Basura Afuera,55142,Matutino,2026-04-25 04:30:58,,178204,"POINT (  574809.832746341,   6137176.37440378)",CARLOS ROXLO 1346 FTE 1345,0
2026-04-25,B_05,106,S,50,,S,Basura Afuera,55142,Matutino,2026-04-25 04:31:01,,178205,"POINT (  574810.209394175,   6137175.27584760)",CARLOS ROXLO 1346 FTE 1345,0
2026-04-25,B_05,107,S,25,,S,Basura Afuera,55142,Matutino,2026-04-25 04:31:03,,179571,"POINT (  574810.587951793,   6137174.42383779)",CARLOS ROXLO 1346 FTE 1345,0
2026-04-25,B_05,108,S,100,,S,Basura Afuera,55142,Matutino,2026-04-25 05:44:14,,178206,"POINT (  575147.030753443,   6137021.73133052)",GABOTO 1253,0
2026-04-25,B_05,109,S,100,,S,,55142,Matutino,2026-04-25 05:44:16,,178207,"POINT (  575163.042081207,   6137097.97069915)",GABOTO 1295,0
2026-04-25,B_05,110,S,75,,S,Basura Afuera,55142,Matutino,2026-04-25 05:07:22,,178209,"POINT (  575162.484974843,   6137124.96197441)",GABOTO 1301 FTE 1304,0
2026-04-25,B_05,111,S,75,,S,Basura Afuera,55142,Matutino,2026-04-25 05:48:01,,183075,"POINT (  575162.082641831,   6137127.73309889)",GABOTO 1301,0
2026-04-25,B_05,112,S,75,,S,Basura Afuera,55142,Matutino,2026-04-25 05:48:05,,183076,"POINT (  575161.597204937,   6137130.88843869)",GABOTO 1301,0
2026-04-25,B_05,113,S,75,,S,Basura Afuera,55142,Matutino,2026-04-25 05:51:31,,183529,"POINT (  575160.880270080,   6137166.59214744)",GABOTO 1328,0
2026-04-25,B_05,114,S,100,,S,Basura Afuera,55142,Matutino,2026-04-25 05:51:35,,183530,"POINT (  575159.742613652,   6137169.09499158)",GABOTO 1328,0
2026-04-25,B_05,115,S,25,,S,Basura Afuera,55142,Matutino,2026-04-25 04:22:59,,179480,"POINT (  574742.836512819,   6137130.73724120)",TACUAREMBO 1384,0
2026-04-25,B_05,116,S,25,,S,Basura Afuera,55142,Matutino,2026-04-25 04:23:01,,178217,"POINT (  574742.585414262,   6137131.20805099)",TACUAREMBO 1384 FTE 1384/1378,0
2026-04-25,B_05,117,S,25,,S,Basura Afuera,55142,Matutino,2026-04-25 04:23:09,,178220,"POINT (  574714.022953496,   6137201.76674528)",TACUAREMBO 1424 FTE 1429.,0
2026-04-25,B_05,118,S,75,,S,Basura Afuera,55142,Matutino,2026-04-25 04:23:11,,178221,"POINT (  574713.206883189,   6137203.27333662)",TACUAREMBO 1424 FTE 1429,0
2026-04-25,B_05,119,S,50,,S,Basura Afuera,55142,Matutino,2026-04-25 04:52:09,,178237,"POINT (  574960.037531505,   6137349.40686445)",MAGALLANES 1353 VEREDA. FTE 1396.,0
2026-04-25,B_05,120,S,75,,S,Basura Afuera,55142,Matutino,2026-04-25 04:52:11,,178238,"POINT (  574960.885813771,   6137347.49822935)",MAGALLANES 1353 VEREDA. FTE 1396.,0
2026-04-25,B_05,121,S,100,,S,,55142,Matutino,2026-04-25 07:42:45,,183527,"POINT (  575121.744888965,   6137254.87428623)",GABOTO 1365,0
2026-04-25,B_05,122,S,75,,S,,55142,Matutino,2026-04-25 07:42:48,,183528,"POINT (  575120.379701252,   6137257.60466166)",GABOTO 1365,0
2026-04-25,B_05,123,S,25,,S,,55142,Matutino,2026-04-25 06:31:01,,178239,"POINT (  575287.280957268,   6137005.28212506)",YARO 1264 EN 1262/1264,0
2026-04-25,B_05,124,S,25,,S,,55142,Matutino,2026-04-25 06:31:02,,178240,"POINT (  575286.402112321,   6137004.40328011)",YARO 1264 EN 1262/1264,0
2026-04-25,B_05,125,S,75,,S,Basura Afuera,55142,Matutino,2026-04-25 06:35:20,,178241,"POINT (  575249.804497757,   6136955.81570949)",YARO 1243,0
2026-04-25,B_05,126,S,25,,S,,55142,Matutino,2026-04-25 06:35:58,,178242,"POINT (  575266.125903909,   6136876.15469254)",YARO 1191 FTE 1191,0
2026-04-25,B_05,127,S,50,,S,,55142,Matutino,2026-04-25 06:36:00,,178243,"POINT (  575266.251453187,   6136873.51815770)",YARO 1194 FTE 1191,0
2026-04-25,B_05,128,S,50,,S,Basura Afuera,55142,Matutino,2026-04-25 06:40:48,,183396,"POINT (  575267.513458904,   6136709.37759548)",YARO 1121 PROV OV(O: YARO 1144),0
2026-04-25,B_05,129,S,25,,S,,55142,Matutino,2026-04-25 06:41:40,,178245,"POINT (  575272.717241009,   6136631.45914954)",YARO 1095,0
2026-04-25,B_05,130,S,25,,S,Basura Afuera,55142,Matutino,2026-04-25 06:44:19,,178246,"POINT (  575275.165451932,   6136597.65500641)",YARO 1067 FTE 1058,0
2026-04-25,B_05,131,S,50,,S,,55142,Matutino,2026-04-25 06:44:42,,178247,"POINT (  575280.940718724,   6136532.24383253)",YARO 1021,0
2026-04-25,B_05,132,S,50,,S,Basura Afuera,55142,Matutino,2026-04-25 06:49:25,,178248,"POINT (  575298.266519101,   6136428.66567810)",YARO 960,0
2026-04-25,B_05,133,S,50,,S,Basura Afuera,55142,Matutino,2026-04-25 06:49:30,,178249,"POINT (  575302.911842390,   6136364.69832091)",YARO 934 EN 934/MURO,0
2026-04-25,B_05,134,S,25,,S,,55142,Matutino,2026-04-25 06:57:20,,178250,"POINT (  575341.329921486,   6136293.26078168)",DR LAURO MULLER 1824 FTE 1815,0
2026-04-25,B_05,135,S,25,,S,,55142,Matutino,2026-04-25 06:57:22,,178251,"POINT (  575343.903681687,   6136293.38633095)",DR LAURO MULLER 1824 FTE 1815,0
2026-04-25,B_05,136,S,25,,S,Basura Afuera,55142,Matutino,2026-04-25 06:52:44,,178254,"POINT (  575252.001610123,   6136319.75167935)",DR HORACIO ABADIE SANTOS 923 FTE 923,0
2026-04-25,B_05,137,S,25,,S,Basura Afuera,55142,Matutino,2026-04-25 06:52:47,,178255,"POINT (  575253.633750739,   6136322.89041130)",DR HORACIO ABADIE SANTOS 923 FTE 923,0
2026-04-25,B_05,138,S,25,,S,Basura Afuera,55142,Matutino,2026-04-25 06:17:03,,178256,"POINT (  575195.316111064,   6136371.28965801)",GABOTO 945 FTE 945,0
2026-04-25,B_05,139,S,25,,S,Basura Afuera,55142,Matutino,2026-04-25 06:17:05,,178257,"POINT (  575195.002237869,   6136373.29844645)",GABOTO 945 FTE 945,0
2026-04-25,B_05,140,S,25,,S,Basura Afuera,55142,Matutino,2026-04-25 06:17:11,,178263,"POINT (  575181.819563670,   6136407.82449793)",GABOTO 955 PDO 957,0
2026-04-25,B_05,141,S,50,,S,Basura Afuera,55142,Matutino,2026-04-25 06:17:09,,178264,"POINT (  575181.694014392,   6136409.20553999)",GABOTO 955 PDO 957,0
2026-04-25,B_05,142,S,75,,S,,55142,Matutino,2026-04-25 06:19:03,,178265,"POINT (  575165.272863680,   6136622.15998467)",GABOTO 1083,0
2026-04-25,B_05,143,S,75,,S,,55142,Matutino,2026-04-25 06:20:08,,178266,"POINT (  575155.579764549,   6136759.92744834)",GABOTO 1141 EN 1147,0
2026-04-25,B_05,144,S,75,,S,,55142,Matutino,2026-04-25 06:25:10,,178267,"POINT (  575147.921258585,   6136861.12016649)",GABOTO 1191,0
2026-04-25,B_05,145,S,25,,S,Basura Afuera,55142,Matutino,2026-04-25 06:25:13,,178268,"POINT (  575153.633750738,   6136936.57528262)",GABOTO 1216 EN 1216/MURO,0
2026-04-25,B_05,146,S,50,,S,Basura Afuera,55142,Matutino,2026-04-25 06:25:15,,178269,"POINT (  575153.508201460,   6136938.33297251)",GABOTO 1216 EN 1216/MURO,0
2026-04-25,B_06,1,S,50,,S,,55143,Matutino,2026-04-25 02:00:00,,178188,"POINT (  575353.668634085,   6137077.72388476)",DR EMILIO FRUGONI 1302 COMERCIO,0
2026-04-25,B_06,2,S,50,,S,,55143,Matutino,2026-04-25 02:00:00,,178189,"POINT (  575329.623511126,   6137147.25059702)",DR EMILIO FRUGONI 1334 EN 1336,0
2026-04-25,B_06,3,S,50,,S,,55143,Matutino,2026-04-25 02:00:00,,179080,"POINT (  575328.811823183,   6137149.72585717)",DR EMILIO FRUGONI 1334 EN 1336,0
2026-04-25,B_06,4,S,50,,S,,55143,Matutino,2026-04-25 02:00:00,,178191,"POINT (  575285.812884854,   6137252.49844251)",DR EMILIO FRUGONI 1386 FTE 1393,0
2026-04-25,B_06,5,S,50,,S,,55143,Matutino,2026-04-25 02:00:00,,183535,"POINT (  575283.740220364,   6137256.49338658)",DR EMILIO FRUGONI 1393,0
2026-04-25,B_06,6,S,50,,S,,55143,Matutino,2026-04-25 02:00:00,,178192,"POINT (  575263.536450078,   6137293.85714077)",DR EMILIO FRUGONI 1409 FTE 1411,0
2026-04-25,B_06,7,S,50,,S,,55143,Matutino,2026-04-25 02:00:00,,178193,"POINT (  575262.657605131,   6137295.48928139)",DR EMILIO FRUGONI 1409 FTE 1411,0
2026-04-25,B_06,8,S,50,,S,,55143,Matutino,2026-04-25 02:00:00,,178194,"POINT (  575224.118404334,   6137370.87900930)",DR EMILIO FRUGONI 1447 FTE 1447,0
2026-04-25,B_06,9,S,50,,S,,55143,Matutino,2026-04-25 02:00:00,,177522,"POINT (  575279.311806537,   6137443.20915172)",EDUARDO ACEVEDO 1464 FTE 1460,0
2026-04-25,B_06,10,S,50,,S,,55143,Matutino,2026-04-25 02:00:00,,177529,"POINT (  575280.280012346,   6137440.58116453)",EDUARDO ACEVEDO 1464 FTE 1460,0
2026-04-25,B_06,11,S,50,,S,,55143,Matutino,2026-04-25 02:00:00,,179575,"POINT (  575281.248218155,   6137438.50643780)",EDUARDO ACEVEDO 1464 FTE 1460,0
2026-04-25,B_06,12,S,50,,S,,55143,Matutino,2026-04-25 02:00:00,,177549,"POINT (  575313.549713608,   6137397.90581784)",EDUARDO ACEVEDO 1442 EN 1444,0
2026-04-25,B_06,13,S,50,,S,,55143,Matutino,2026-04-25 02:00:00,,179164,"POINT (  575345.994452630,   6137327.17044088)",EDUARDO ACEVEDO 1402,0
2026-04-25,B_06,14,S,50,,S,,55143,Matutino,2026-04-25 02:00:00,,177564,"POINT (  575389.195441630,   6137238.07076696)",EDUARDO ACEVEDO 1360 EN 1360,0
2026-04-25,B_06,15,S,50,,S,,55143,Matutino,2026-04-25 02:00:00,,177565,"POINT (  575409.057087262,   6137150.69736714)",EDUARDO ACEVEDO 1312 FTE 1307,0
2026-04-25,B_06,16,S,50,,S,,55143,Matutino,2026-04-25 02:00:00,,178053,"POINT (  575409.568603418,   6137146.97060658)",EDUARDO ACEVEDO 1312 FTE 1307,0
2026-04-25,B_06,17,S,50,,S,,55143,Matutino,2026-04-25 02:00:00,,178070,"POINT (  575510.921875994,   6137270.17292638)",JUAN D JACKSON Esq. CHANA EN1356,0
2026-04-25,B_06,18,S,50,,S,,55143,Matutino,2026-04-25 02:00:00,,178705,"POINT (  575510.483433575,   6137274.77657178)",JUAN D JACKSON Esq. CHANA EN1356,0
2026-04-25,B_06,19,S,50,,S,,55143,Matutino,2026-04-25 02:00:00,,178303,"POINT (  575493.164958016,   6137334.25859332)",JUAN D JACKSON 1387 EN 1391 (*),0
2026-04-25,B_06,20,S,50,,S,,55143,Matutino,2026-04-25 02:00:00,,178320,"POINT (  575504.512380446,   6137372.03004526)",JUAN D JACKSON 1404,0
2026-04-25,B_06,21,S,50,,S,,55143,Matutino,2026-04-25 02:00:00,,178325,"POINT (  575487.359634532,   6137392.27241622)",JUAN D JACKSON 1411 (*),0
2026-04-25,B_06,22,S,50,,S,,55143,Matutino,2026-04-25 02:00:00,,178326,"POINT (  575483.524237930,   6137433.82254607)",JUAN D JACKSON 1429 EN 1429,0
2026-04-25,B_06,23,S,50,,S,,55143,Matutino,2026-04-25 02:00:00,,178333,"POINT (  575483.311160341,   6137435.84678317)",JUAN D JACKSON 1429 EN 1429,0
2026-04-25,B_06,24,S,50,,S,,55143,Matutino,2026-04-25 02:00:00,,178342,"POINT (  575502.481859425,   6137556.76812108)",ARENAL GRANDE 1435 FTE 1439,0
2026-04-25,B_06,25,S,50,,S,,55143,Matutino,2026-04-25 02:00:00,,178343,"POINT (  575502.847228107,   6137555.05088827)",ARENAL GRANDE 1435 FTE 1439,0
2026-04-25,B_06,26,S,50,,S,,55143,Matutino,2026-04-25 02:00:00,,178344,"POINT (  575534.926598447,   6137429.36406143)",ARENAL GRANDE 1376 FTE 1379,0
2026-04-25,B_06,27,S,50,,S,,55143,Matutino,2026-04-25 02:00:00,,178345,"POINT (  575549.687493227,   6137371.70888330)",ARENAL GRANDE 1356 EN 1354. FARMACIA,0
2026-04-25,B_06,28,S,50,,S,,55143,Matutino,2026-04-25 02:00:00,,178347,"POINT (  575549.906714437,   6137369.73589241)",ARENAL GRANDE 1352 EN 1354. FARMACIA,0
2026-04-25,B_06,29,S,50,,S,,55143,Matutino,2026-04-25 02:00:00,,180522,"POINT (  575587.051058774,   6137255.60691539)",CHANA 2034 PROV OV(O:ARENAL GRANDE1310 ),0
2026-04-25,B_06,30,S,50,,S,,55143,Matutino,2026-04-25 02:00:00,,183716,"POINT (  575388.808744009,   6137356.85893813)",DR JUAN A RODRIGUEZ 1407 PROV O: O Juan a Rodriguez  entre Rodo y Guayabos,0
2026-04-25,B_06,31,S,50,,S,,55143,Matutino,2026-04-25 02:00:00,,183715,"POINT (  575387.719419390,   6137360.12691199)",DR JUAN A RODRIGUEZ 1407 PROV O: O Juan a Rodriguez  entre Rodo y Guayabos,0
2026-04-25,B_06,32,S,50,,S,,55143,Matutino,2026-04-25 02:00:00,,183714,"POINT (  575386.630094771,   6137362.52342615)",DR JUAN A RODRIGUEZ 1411 PROV O: O JUAN A RODRIGUEZ entre Rodo y Guayabos,0
2026-04-25,B_06,33,S,50,,S,,55143,Matutino,2026-04-25 02:00:00,,180981,"POINT (  575365.425283049,   6137489.82350228)",DR JUAN A RODRIGUEZ 1472 EN 1482,0
2026-04-25,B_06,34,S,50,,S,,55143,Matutino,2026-04-25 02:00:00,,180982,"POINT (  575364.628923550,   6137491.98504949)",DR JUAN A RODRIGUEZ 1472 EN 1482,0
2026-04-25,B_06,35,S,50,,S,,55143,Matutino,2026-04-25 02:00:00,,178665,"POINT (  575648.324303625,   6137630.71939472)",CNEL FEDERICO BRANDSEN 2012,0
2026-04-25,B_06,36,S,50,,S,,55143,Matutino,2026-04-25 02:00:00,,178666,"POINT (  575650.004705303,   6137631.53062312)",CNEL FEDERICO BRANDSEN 2012,0
2026-04-25,B_06,37,S,25,,S,,55143,Matutino,2026-04-25 04:57:45,,178723,"POINT (  576020.866946415,   6137811.94160906)",CNEL FEDERICO BRANDSEN 2164,0
2026-04-25,B_06,38,S,50,,S,,55143,Matutino,2026-04-25 05:02:32,,178363,"POINT (  576094.652382307,   6137846.60246531)",CNEL FEDERICO BRANDSEN 2194 EN 2196,0
2026-04-25,B_06,39,S,50,,S,,55143,Matutino,2026-04-25 05:02:37,,178389,"POINT (  576096.116916254,   6137847.45393853)",CNEL FEDERICO BRANDSEN 2194 EN 2196,0
2026-04-25,B_06,40,S,25,,S,,55143,Matutino,2026-04-25 05:02:39,,178390,"POINT (  576097.411155556,   6137848.16917604)",CNEL FEDERICO BRANDSEN 2194 EN 2196,0
2026-04-25,B_06,41,N,,No Levantado por Feria,S,,55143,Matutino,2026-04-25 05:32:29,,178391,"POINT (  576120.795281129,   6137712.48825364)",ACEVEDO DIAZ 1493,0
2026-04-25,B_06,42,N,,No Levantado por Feria,S,,55143,Matutino,2026-04-25 05:32:41,,178397,"POINT (  576122.512513938,   6137675.33025861)",ACEVEDO DIAZ 1479 EN 1471. MURO IGLESIA,0
2026-04-25,B_06,43,N,,No Levantado por Feria,S,,55143,Matutino,2026-04-25 05:32:37,,178398,"POINT (  576122.731735148,   6137672.91882530)",ACEVEDO DIAZ 1479 EN 1471. MURO IGLESIA,0
2026-04-25,B_06,44,S,25,,S,,55143,Matutino,2026-04-25 05:30:45,,178400,"POINT (  576341.806797285,   6137534.51716831)",BV GRAL ARTIGAS 1461,0
2026-04-25,B_06,45,S,50,,S,,55143,Matutino,2026-04-25 02:00:00,,178401,"POINT (  576341.806797285,   6137531.66729258)",BV GRAL ARTIGAS 1461,0
2026-04-25,B_06,46,S,25,,S,,55143,Matutino,2026-04-25 05:34:20,,178402,"POINT (  576355.902645388,   6137347.23999507)",BV GRAL ARTIGAS 1353,0
2026-04-25,B_06,47,S,25,,S,,55143,Matutino,2026-04-25 05:34:25,,178403,"POINT (  576363.694488664,   6137266.53000402)",BV GRAL ARTIGAS 1327,0
2026-04-25,B_06,48,S,25,,S,,55143,Matutino,2026-04-25 05:56:19,,179793,"POINT (  576259.507676056,   6137258.09978451)",DR MARIO CASSINONI 1275 PROV OP (O: DR MARIO CASSINONI 1269),0
2026-04-25,B_06,49,S,25,,S,,55143,Matutino,2026-04-25 05:56:22,,178422,"POINT (  576268.513839539,   6137304.70026690)",DR MARIO CASSINONI 1294,0
2026-04-25,B_06,50,S,25,,S,,55143,Matutino,2026-04-25 05:40:20,,178423,"POINT (  576265.006300185,   6137358.70175820)",DR MARIO CASSINONI 1316 MURO,0
2026-04-25,B_06,51,S,50,,S,,55143,Matutino,2026-04-25 05:35:05,,178425,"POINT (  576296.866449315,   6137329.83763227)",CHANA 2371 EN 2373,0
2026-04-25,B_06,52,S,25,,S,,55143,Matutino,2026-04-25 05:59:52,,183661,"POINT (  576245.876422004,   6137418.92998323)",DR MARIO CASSINONI 1355,0
2026-04-25,B_06,53,S,25,,S,,55143,Matutino,2026-04-25 05:59:54,,178427,"POINT (  576242.353441859,   6137490.30755770)",DR MARIO CASSINONI 1393,0
2026-04-25,B_06,54,S,25,,S,,55143,Matutino,2026-04-25 06:04:30,,178428,"POINT (  576238.553607559,   6137534.00565215)",DR MARIO CASSINONI 1411,0
2026-04-25,B_06,55,S,25,,S,,55143,Matutino,2026-04-25 06:04:34,,178441,"POINT (  576233.876888421,   6137595.09529590)",DR MARIO CASSINONI 1441 EN 1447,0
2026-04-25,B_06,56,S,50,,S,,55143,Matutino,2026-04-25 06:07:34,,178442,"POINT (  576219.758869757,   6137756.53635990)",DR MARIO CASSINONI 1505,0
2026-04-25,B_06,57,S,25,,S,,55143,Matutino,2026-04-25 06:07:39,,178443,"POINT (  576229.076887256,   6137805.77849853)",DR MARIO CASSINONI 1532 EN 1536,0
2026-04-25,B_06,58,S,50,,S,,55143,Matutino,2026-04-25 06:07:42,,178444,"POINT (  576228.790179026,   6137808.35887261)",DR MARIO CASSINONI 1536 EN 1536,0
2026-04-25,B_06,59,S,50,,S,,55143,Matutino,2026-04-25 05:08:59,,178721,"POINT (  576211.772083118,   6137858.05113683)",DR MARIO CASSINONI 1559 EN 1559 (*),0
2026-04-25,B_06,60,S,50,,S,,55143,Matutino,2026-04-25 05:09:02,,178722,"POINT (  576211.041345753,   6137862.14326607)",DR MARIO CASSINONI 1559 EN 1559 (*),0
2026-04-25,B_06,61,S,25,,S,,55143,Matutino,2026-04-25 05:12:58,,179145,"POINT (  576220.688483301,   6137901.99469489)",DR MARIO CASSINONI 1574 EN 1578. PROV OP (O: DR MARIO CASSINONI 1581),0
2026-04-25,B_06,62,S,50,,S,,55143,Matutino,2026-04-25 05:12:55,,179146,"POINT (  576220.393787819,   6137904.45049057)",DR MARIO CASSINONI 1574 EN 1578. PROV OP (O: DR MARIO CASSINONI 1581),0
2026-04-25,B_06,63,S,50,,S,,55143,Matutino,2026-04-25 05:12:50,,180608,"POINT (  576220.604570421,   6137908.10208453)",DR MARIO CASSINONI 1578,0
2026-04-25,B_06,64,S,50,,S,,55143,Matutino,2026-04-25 05:16:03,,177933,"POINT (  576214.848538930,   6137984.97544180)",AV 8 DE OCTUBRE 2250 FTE 2285,0
2026-04-25,B_06,65,S,50,,S,,55143,Matutino,2026-04-25 05:16:05,,177934,"POINT (  576216.902026384,   6137990.58009143)",AV 8 DE OCTUBRE 2250 FTE 2285,0
2026-04-25,B_06,66,S,50,,S,,55143,Matutino,2026-04-25 05:16:07,,177935,"POINT (  576219.743407610,   6137996.22279186)",AV 8 DE OCTUBRE 2250 FTE 2285,0
2026-04-25,B_06,67,S,50,,S,,55143,Matutino,2026-04-25 04:15:07,,179380,"POINT (  576280.340942408,   6138191.97755185)",AV 8 DE OCTUBRE 2339,0
2026-04-25,B_06,68,S,25,,S,,55143,Matutino,2026-04-25 04:15:11,,177942,"POINT (  576280.770211596,   6138193.57247590)",AV 8 DE OCTUBRE 2339 FTE 2339. SOBRE TUNEL,0
2026-04-25,B_06,69,S,25,,S,,55143,Matutino,2026-04-25 04:15:14,,177941,"POINT (  576281.473456862,   6138195.36255476)",AV 8 DE OCTUBRE 2339 FTE 2339. SOBRE TUNEL,0
2026-04-25,B_06,70,S,50,,S,,55143,Matutino,2026-04-25 04:15:25,,177939,"POINT (  576282.496359066,   6138197.28049639)",AV 8 DE OCTUBRE 2339 FTE 2339. SOBRE TUNEL,0
2026-04-25,B_06,71,S,50,,S,,55143,Matutino,2026-04-25 05:20:53,,177931,"POINT (  576301.340135619,   6138019.87089525)",BV GRAL ARTIGAS 1653 EN 1657,0
2026-04-25,B_06,72,S,25,,S,,55143,Matutino,2026-04-25 05:20:55,,177932,"POINT (  576301.579878324,   6138015.84321782)",BV GRAL ARTIGAS 1653 EN 1657,0
2026-04-25,B_06,73,S,50,,S,,55143,Matutino,2026-04-25 05:25:59,,178450,"POINT (  576308.448636557,   6137936.89769855)",BV GRAL ARTIGAS 1629 EN 1629/1631,0
2026-04-25,B_06,74,S,25,,S,,55143,Matutino,2026-04-25 05:26:09,,178451,"POINT (  576308.887078976,   6137933.24401173)",BV GRAL ARTIGAS 1629 EN 1629/1631,0
2026-04-25,B_06,75,S,25,,S,,55143,Matutino,2026-04-25 05:29:23,,178452,"POINT (  576321.455761660,   6137770.14343178)",BV GRAL ARTIGAS 1555 EN 1555,0
2026-04-25,B_06,76,S,25,,S,,55143,Matutino,2026-04-25 05:29:27,,178453,"POINT (  576321.821130343,   6137767.29355605)",BV GRAL ARTIGAS 1555 EN 1555,0
2026-04-25,B_06,77,S,25,,S,,55143,Matutino,2026-04-25 06:15:06,,183662,"POINT (  576210.896805229,   6137726.30224684)",ANA MONTERROSO DE LAVALLEJA 2242 PROV O: O Acevedo Diaz 1501,0
2026-04-25,B_06,78,S,50,,S,,55143,Matutino,2026-04-25 06:15:09,,183663,"POINT (  576142.420014161,   6137714.87855229)",ANA MONTERROSO DE LAVALLEJA 2206 PROV O: O Acevedo diaz 1501,0
2026-04-25,B_06,79,S,25,,S,,55143,Matutino,2026-04-25 04:39:11,,180524,"POINT (  575886.068248610,   6137694.75162801)",DR JOAQUIN REQUENA 1519 EN 1519,0
2026-04-25,B_06,80,S,25,,S,,55143,Matutino,2026-04-25 04:39:08,,180523,"POINT (  575884.882510731,   6137696.67845206)",DR JOAQUIN REQUENA 1519 EN 1519,0
2026-04-25,B_06,81,S,50,,S,,55143,Matutino,2026-04-25 05:08:55,,178864,"POINT (  576141.194426303,   6137844.03229854)",FRANCISCO CANARO 2209,0
2026-04-25,B_06,82,S,25,,S,,55143,Matutino,2026-04-25 05:08:52,,178865,"POINT (  576143.598825824,   6137844.26687410)",FRANCISCO CANARO 2209 EN 2209,0
2026-04-25,B_06,83,S,50,,S,,55143,Matutino,2026-04-25 04:39:00,,178461,"POINT (  575923.313508141,   6137685.26828679)",ANA MONTERROSO DE LAVALLEJA 2105,0
2026-04-25,B_06,84,S,25,,S,,55143,Matutino,2026-04-25 04:39:03,,178462,"POINT (  575921.413590991,   6137684.09910700)",ANA MONTERROSO DE LAVALLEJA 2105,0
2026-04-25,B_06,85,S,75,,S,,55143,Matutino,2026-04-25 04:42:40,,180527,"POINT (  575856.550779095,   6137754.12690009)",DR JOAQUIN REQUENA Esq. CNEL FEDERICO BRANDSEN FTE 1568,0
2026-04-25,B_06,86,S,50,,S,,55143,Matutino,2026-04-25 04:42:48,,180526,"POINT (  575855.847241948,   6137755.62191653)",DR JOAQUIN REQUENA 1556 FTE 1568,0
2026-04-25,B_06,87,S,50,,S,,55143,Matutino,2026-04-25 04:42:43,,180525,"POINT (  575855.219276127,   6137756.80438129)",DR JOAQUIN REQUENA 1556 FTE 1568,0
2026-04-25,B_06,88,S,50,,S,,55143,Matutino,2026-04-25 06:20:25,,182219,"POINT (  576007.889816496,   6137519.56415154)",JUAN PAULLIER 1411,0
2026-04-25,B_06,89,S,50,,S,,55143,Matutino,2026-04-25 06:20:22,,182218,"POINT (  576008.117347782,   6137517.28883868)",JUAN PAULLIER 1411,0
2026-04-25,B_06,90,S,75,,S,,55143,Matutino,2026-04-25 06:20:30,,178486,"POINT (  576008.599328214,   6137514.60810171)",JUAN PAULLIER 1411 FTE 1411 (*),0
2026-04-25,B_06,91,S,25,,S,,55143,Matutino,2026-04-25 06:20:35,,178863,"POINT (  576012.609614188,   6137468.89695290)",JUAN PAULLIER 1389 EN 1391,0
2026-04-25,B_06,92,S,50,,S,,55143,Matutino,2026-04-25 06:27:21,,178492,"POINT (  576013.454251568,   6137430.08865550)",JUAN PAULLIER 1365 EN 1365,0
2026-04-25,B_06,93,S,25,,S,,55143,Matutino,2026-04-25 06:27:26,,178493,"POINT (  576029.186670650,   6137369.08767579)",JUAN PAULLIER 1346,0
2026-04-25,B_06,94,S,25,,S,,55143,Matutino,2026-04-25 06:27:51,,178495,"POINT (  576021.045646294,   6137315.31445737)",JUAN PAULLIER 1307,0
2026-04-25,B_06,95,N,,"Contenedor Roto (choque, desfonde, etc.)",S,,55143,Matutino,2026-04-25 06:27:47,,178497,"POINT (  576021.638998862,   6137311.13509557)",JUAN PAULLIER 1307 EN 1294/1298,0
2026-04-25,B_06,96,S,50,,S,,55143,Matutino,2026-04-25 06:27:58,,178498,"POINT (  576028.709388191,   6137204.32744003)",JUAN PAULLIER 1257 FTE 1256,0
2026-04-25,B_06,97,S,50,,S,,55143,Matutino,2026-04-25 06:35:20,,178499,"POINT (  575940.120467543,   6137213.79653865)",DR JOAQUIN REQUENA 1262,0
2026-04-25,B_06,98,S,25,,S,,55143,Matutino,2026-04-25 06:35:24,,179558,"POINT (  575937.416739291,   6137250.66223874)",DR JOAQUIN REQUENA 1286,0
2026-04-25,B_06,99,S,25,,S,,55143,Matutino,2026-04-25 06:35:28,,179559,"POINT (  575937.197518082,   6137252.63522963)",DR JOAQUIN REQUENA 1286,0
2026-04-25,B_06,100,S,25,,S,,55143,Matutino,2026-04-25 06:35:33,,178501,"POINT (  575933.397683782,   6137308.02512192)",DR JOAQUIN REQUENA 1304 EN 1304/1310,0
2026-04-25,B_06,101,S,25,,S,,55143,Matutino,2026-04-25 06:35:35,,178502,"POINT (  575933.032315099,   6137311.09421886)",DR JOAQUIN REQUENA 1310 EN 1304/1310,0
2026-04-25,B_06,102,S,75,,S,,55143,Matutino,2026-04-25 08:25:17,,178503,"POINT (  575922.541328896,   6137443.49939380)",DR JOAQUIN REQUENA 1378 EN 1384,0
2026-04-25,B_06,103,S,50,,S,,55143,Matutino,2026-04-25 08:25:22,,178504,"POINT (  575922.477655001,   6137445.91900180)",DR JOAQUIN REQUENA 1378 EN 1384,0
2026-04-25,B_06,104,S,50,,S,,55143,Matutino,2026-04-25 08:25:27,,178505,"POINT (  575903.218230592,   6137522.56961240)",DR JOAQUIN REQUENA 1415,0
2026-04-25,B_06,105,S,25,,S,,55143,Matutino,2026-04-25 08:25:30,,178508,"POINT (  575902.860933069,   6137525.84542982)",DR JOAQUIN REQUENA 1415,0
2026-04-25,B_06,106,S,25,,S,,55143,Matutino,2026-04-25 08:31:23,,178509,"POINT (  575892.914833740,   6137636.85693634)",DR JOAQUIN REQUENA 1495,0
2026-04-25,B_06,107,S,50,,S,,55143,Matutino,2026-04-25 08:31:17,,178510,"POINT (  575892.622538794,   6137639.85295954)",DR JOAQUIN REQUENA 1495,0
2026-04-25,B_06,108,S,25,,S,,55143,Matutino,2026-04-25 08:31:30,,178512,"POINT (  575892.184096375,   6137642.33746658)",DR JOAQUIN REQUENA 1495,0
2026-04-25,B_06,109,S,50,,S,,55143,Matutino,2026-04-25 04:25:39,,183466,"POINT (  575965.741262179,   6137773.06034871)",JUAN PAULLIER 1541 PROV OV(O:ANA MONTERROSO DE LAVALLEJA 2155),0
2026-04-25,B_06,110,S,50,,S,,55143,Matutino,2026-04-25 04:25:42,,178513,"POINT (  575986.493400027,   6137732.83472365)",JUAN PAULLIER 1509 EN 1509,0
2026-04-25,B_06,111,S,25,,S,,55143,Matutino,2026-04-25 04:25:50,,179560,"POINT (  575987.691470028,   6137731.04898273)",JUAN PAULLIER 1503 EN 1509,0
2026-04-25,B_06,112,N,,No Levantado por Feria,S,,55143,Matutino,2026-04-25 05:33:00,,178514,"POINT (  576145.327900944,   6137544.68304143)",ACEVEDO DIAZ 1417 FTE 1417,0
2026-04-25,B_06,113,S,50,,S,,55143,Matutino,2026-04-25 05:52:59,,179797,"POINT (  576137.832532394,   6137481.35634506)",ACEVEDO DIAZ 1391,0
2026-04-25,B_06,114,S,50,,S,,55143,Matutino,2026-04-25 05:53:02,,178515,"POINT (  576137.857998612,   6137479.09073916)",ACEVEDO DIAZ 1391,0
2026-04-25,B_06,115,S,75,,S,,55143,Matutino,2026-04-25 05:53:10,,178517,"POINT (  576144.069266217,   6137414.05511364)",ACEVEDO DIAZ 1357 EN 1355,0
2026-04-25,B_06,116,S,25,,S,,55143,Matutino,2026-04-25 05:53:15,,178519,"POINT (  576159.238443292,   6137383.63151865)",ACEVEDO DIAZ 1348 EN 1348/1350,0
2026-04-25,B_06,117,S,50,,S,,55143,Matutino,2026-04-25 05:53:18,,178520,"POINT (  576159.381180386,   6137382.08995804)",ACEVEDO DIAZ 1348 EN 1348/1350,0
2026-04-25,B_06,118,S,50,,S,,55143,Matutino,2026-04-25 05:53:23,,178521,"POINT (  576162.593458429,   6137347.74069773)",ACEVEDO DIAZ 1314,0
2026-04-25,B_06,119,S,50,,S,,55143,Matutino,2026-04-25 05:53:32,,178522,"POINT (  576167.306714436,   6137294.25072259)",ACEVEDO DIAZ 1292 FTE 1295,0
2026-04-25,B_06,120,S,25,,S,,55143,Matutino,2026-04-25 05:53:35,,178533,"POINT (  576173.225687096,   6137222.20001836)",ACEVEDO DIAZ 1260,0
2026-04-25,B_06,121,S,50,,S,,55143,Matutino,2026-04-25 02:00:00,,183667,"POINT (  575706.205314379,   6137279.54316580)",CHANA 2095 PROV O: Pablo de Maria 1325,0
2026-04-25,B_06,122,S,50,,S,,55143,Matutino,2026-04-25 02:00:00,,183666,"POINT (  575708.558034640,   6137280.50903508)",CHANA 2095 PROV O: Dr Pablo de Maria 1319,0
2026-04-25,B_06,123,S,50,,S,,55143,Matutino,2026-04-25 02:00:00,,181733,"POINT (  575702.198581001,   6137411.06981536)",DR PABLO DE MARIA 1372,0
2026-04-25,B_06,124,S,50,,S,,55143,Matutino,2026-04-25 02:00:00,,181732,"POINT (  575701.402221502,   6137413.00383129)",DR PABLO DE MARIA 1372,0
2026-04-25,B_06,125,S,50,,S,,55143,Matutino,2026-04-25 02:00:00,,178581,"POINT (  575678.490231860,   6137434.99447281)",DR PABLO DE MARIA 1379 EN 1381/1383,0
2026-04-25,B_06,126,S,50,,S,,55143,Matutino,2026-04-25 02:00:00,,178585,"POINT (  575678.024124634,   6137436.32620774)",DR PABLO DE MARIA 1379 EN 1381/1383,0
2026-04-25,B_06,127,S,50,,S,,55143,Matutino,2026-04-25 02:00:00,,178586,"POINT (  575650.456175912,   6137504.11849393)",DR PABLO DE MARIA 1411 EN 1403,0
2026-04-25,B_06,128,S,50,,S,,55143,Matutino,2026-04-25 02:00:00,,178588,"POINT (  575649.140848654,   6137507.33373834)",DR PABLO DE MARIA 1411 EN 1403,0
2026-04-25,B_06,129,S,75,,S,,55143,Matutino,2026-04-25 04:49:00,,178590,"POINT (  575768.968888103,   6137716.17934666)",DR MARTIN C MARTINEZ 1552 FTE 1533,0
2026-04-25,B_06,130,S,50,,S,,55143,Matutino,2026-04-25 04:49:03,,178594,"POINT (  575770.490026131,   6137713.28254351)",DR MARTIN C MARTINEZ 1552 FTE 1533,0
2026-04-25,B_06,131,S,75,,S,,55143,Matutino,2026-04-25 04:49:09,,180378,"POINT (  575783.406114597,   6137672.90447843)",DR MARTIN C MARTINEZ 1533,0
2026-04-25,B_06,132,S,50,,S,,55143,Matutino,2026-04-25 04:49:26,,182188,"POINT (  575720.909722412,   6137587.40267793)",ANA MONTERROSO DE LAVALLEJA 2023,0
2026-04-25,B_06,133,S,25,,S,,55143,Matutino,2026-04-25 04:49:29,,182187,"POINT (  575719.317003413,   6137586.60631843)",ANA MONTERROSO DE LAVALLEJA 2023,0
2026-04-25,B_06,134,S,50,,S,,55143,Matutino,2026-04-25 08:12:48,,178602,"POINT (  575755.939339465,   6137662.86453147)",DR JOAQUIN DE SALTERAIN 1536 EN 1538,0
2026-04-25,B_06,135,S,50,,S,,55143,Matutino,2026-04-25 08:12:46,,178604,"POINT (  575756.762372360,   6137661.57630607)",DR JOAQUIN DE SALTERAIN 1536 EN 1538,0
2026-04-25,B_06,136,S,25,,S,,55143,Matutino,2026-04-25 08:12:57,,178608,"POINT (  575812.022207394,   6137515.22570188)",DR JOAQUIN DE SALTERAIN 1454,0
2026-04-25,B_06,137,S,50,,S,,55143,Matutino,2026-04-25 08:12:59,,178611,"POINT (  575812.095281131,   6137512.74119484)",DR JOAQUIN DE SALTERAIN 1454,0
2026-04-25,B_06,138,S,25,,S,,55143,Matutino,2026-04-25 08:13:05,,178614,"POINT (  575816.479705323,   6137464.87789741)",DR JOAQUIN DE SALTERAIN 1448,0
2026-04-25,B_06,139,S,50,,S,,55143,Matutino,2026-04-25 08:13:03,,178615,"POINT (  575816.479705323,   6137462.97798026)",DR JOAQUIN DE SALTERAIN 1448,0
2026-04-25,B_06,140,S,50,,S,,55143,Matutino,2026-04-25 08:18:44,,178624,"POINT (  575823.153326107,   6137389.91086908)",DR JOAQUIN DE SALTERAIN 1408 FTE 1403,0
2026-04-25,B_06,141,S,50,,S,,55143,Matutino,2026-04-25 08:19:00,,178625,"POINT (  575818.287137293,   6137261.75509817)",DR JOAQUIN DE SALTERAIN 1345 EN 1347,0
2026-04-25,B_06,142,S,25,,S,,55143,Matutino,2026-04-25 08:18:57,,178627,"POINT (  575818.425264532,   6137260.51195302)",DR JOAQUIN DE SALTERAIN 1345,0
2026-04-25,B_06,143,S,50,,S,,55143,Matutino,2026-04-25 08:19:04,,178628,"POINT (  575837.906518795,   6137192.74601054)",DR JOAQUIN DE SALTERAIN 1306,0
2026-04-25,B_06,144,S,50,,S,,55143,Matutino,2026-04-25 02:00:00,,178629,"POINT (  575500.298728215,   6137238.42675712)",JUAN D JACKSON 1345,0
2026-04-25,B_06,145,S,50,,S,,55143,Matutino,2026-04-25 02:00:00,,178630,"POINT (  575499.967222841,   6137240.41578936)",JUAN D JACKSON 1345,0
2026-04-25,B_06,146,S,50,,S,,55143,Matutino,2026-04-25 02:00:00,,178632,"POINT (  575612.465758536,   6137340.32579374)",JUAN MANUEL BLANES 1392 FTE 1395,0
2026-04-25,B_06,147,S,50,,S,,55143,Matutino,2026-04-25 02:00:00,,178634,"POINT (  575607.693090993,   6137238.92987748)",JUAN MANUEL BLANES 1345 EN 1345,0
2026-04-25,B_06,148,S,50,,S,,55143,Matutino,2026-04-25 02:00:00,,178636,"POINT (  575613.919307643,   6137189.75527935)",JUAN MANUEL BLANES 1315 EN 1311/1315,0
2026-04-25,B_06,149,S,50,,S,,55143,Matutino,2026-04-25 08:34:28,,178638,"POINT (  575741.798346582,   6137515.81029178)",MIGUEL DEL CORRO 1420 MURO,0
2026-04-25,B_06,150,S,25,,S,,55143,Matutino,2026-04-25 04:52:23,,178642,"POINT (  575649.433143600,   6137552.85867620)",ANA MONTERROSO DE LAVALLEJA 2001 EN 2001,0
2026-04-25,B_06,151,S,25,,S,,55143,Matutino,2026-04-25 04:52:25,,178643,"POINT (  575647.825521396,   6137551.83564389)",ANA MONTERROSO DE LAVALLEJA 2001 EN 2001,0
2026-04-25,B_06,152,S,50,,S,,55143,Matutino,2026-04-25 02:00:00,,178647,"POINT (  575601.935214850,   6137641.24136054)",DR PABLO DE MARIA 1518,0
2026-04-25,B_06,153,S,50,,S,,55143,Matutino,2026-04-25 02:00:00,,178650,"POINT (  575601.167940617,   6137643.14127769)",DR PABLO DE MARIA 1518,0
2026-04-25,B_06,154,S,50,,S,,55143,Matutino,2026-04-25 04:26:01,,183672,"POINT (  575960.281251634,   6137815.51116144)",JUAN PAULLIER 1574 PROV O: Juan Paullier 1624,0
2026-04-25,B_06,155,S,75,,S,,55143,Matutino,2026-04-25 04:26:06,,183671,"POINT (  575961.479508715,   6137814.20397190)",JUAN PAULLIER 1574 PROV O: Juan Paullier 1624,0
2026-04-25,B_06,156,S,50,,S,,55143,Matutino,2026-04-25 04:26:12,,178651,"POINT (  575962.362849795,   6137812.40815232)",JUAN PAULLIER 1574 EN 1586,0
2026-04-25,B_01,1,S,25,,S,,54531,Nocturno,2026-04-25 22:21:52,,177317,"POINT (  571828.384533332,   6136859.70892200)",JUAN LINDOLFO CUESTAS 1464 FTE 1458 FTE 1458,0
2026-04-25,B_01,2,S,25,,S,,54531,Nocturno,2026-04-25 22:21:43,,177316,"POINT (  571829.283226143,   6136856.93114422)",JUAN LINDOLFO CUESTAS 1464 FTE 1458 FTE 1458,0
2026-04-25,B_01,3,S,25,,S,,54531,Nocturno,2026-04-25 21:58:34,,177318,"POINT (  571952.753106551,   6136643.09245435)",JUAN LINDOLFO CUESTAS Esq. SARANDI ,0
2026-04-25,B_01,4,S,25,,S,,54531,Nocturno,2026-04-25 21:59:45,,177319,"POINT (  572045.439271894,   6136547.92379127)",JUAN LINDOLFO CUESTAS 1258 ,0
2026-04-25,B_01,5,S,25,,S,,54531,Nocturno,2026-04-25 21:59:39,,177320,"POINT (  572048.012801306,   6136546.24895467)",JUAN LINDOLFO CUESTAS 1258 ,0
2026-04-25,B_01,6,S,25,,S,,54531,Nocturno,2026-04-25 22:48:48,,180468,"POINT (  572146.732913508,   6136559.23359804)",MACIEL 1277 ,0
2026-04-25,B_01,7,S,25,,S,,54531,Nocturno,2026-04-25 22:14:56,,177521,"POINT (  572008.204794770,   6136694.83964095)",GUARANI 1360 CASA VEIGE. S/N CASA VEIGE. S/N,0
2026-04-25,B_01,8,S,25,,S,,54531,Nocturno,2026-04-25 22:14:47,,181910,"POINT (  572006.997737884,   6136698.39823550)",GUARANI 1360 ,0
2026-04-25,B_01,9,S,25,,S,,54531,Nocturno,2026-04-25 22:19:19,,181911,"POINT (  571915.530161092,   6136936.85102275)",GUARANI Esq. CERRITO ,0
2026-04-25,B_01,10,S,25,,S,,54531,Nocturno,2026-04-25 22:19:14,,177524,"POINT (  571913.798287059,   6136940.95936295)",GUARANI Esq. CERRITO EN 1480 EN 1480,0
2026-04-25,B_01,11,S,25,,S,,54531,Nocturno,2026-04-25 22:34:40,,183108,"POINT (  571933.579059520,   6136956.40101453)",CERRITO 164 PROV OV (O: MACIEL 1515 FTE.) PROV OV (O: MACIEL 1515 FTE.),0
2026-04-25,B_01,12,S,25,,S,,54531,Nocturno,2026-04-25 22:34:36,,183109,"POINT (  571936.964108886,   6136958.09353921)",CERRITO 164 POR OV (O:MACIEL 1515 FTE) POR OV (O:MACIEL 1515 FTE),0
2026-04-25,B_01,13,S,25,,S,,54531,Nocturno,2026-04-25 22:29:38,,177525,"POINT (  571866.522068601,   6137004.27500273)",PIEDRAS 135 EN 141 EN 141,0
2026-04-25,B_01,14,S,25,,S,,54531,Nocturno,2026-04-25 22:28:09,,177527,"POINT (  571958.186708803,   6137040.99474490)",PIEDRAS 192 FTE 165. MURO FTE 165. MURO,0
2026-04-25,B_01,15,S,25,,S,,54531,Nocturno,2026-04-25 21:55:38,,183110,"POINT (  571983.191189280,   6136886.33754485)",25 DE MAYO 175 PROV OV (O: MACIEL FTE 1467) PROV OV (O: MACIEL FTE 1467),0
2026-04-25,B_01,16,S,25,,S,,54531,Nocturno,2026-04-25 21:54:35,,180531,"POINT (  572062.822849268,   6136907.88030123)",25 DE MAYO 224 LABORATORIO LABORATORIO,0
2026-04-25,B_01,17,S,25,,S,,54531,Nocturno,2026-04-25 22:07:04,,183403,"POINT (  572225.510468785,   6136633.80888797)",PEREZ CASTELLANO 1288 ,0
2026-04-25,B_01,18,S,25,,S,,54531,Nocturno,2026-04-25 22:07:09,,183402,"POINT (  572223.921365493,   6136636.30605029)",PEREZ CASTELLANO 1288 ,0
2026-04-25,B_01,19,S,25,,S,,54531,Nocturno,2026-04-25 22:07:15,,183401,"POINT (  572222.218754824,   6136639.37074949)",PEREZ CASTELLANO 1295 ,0
2026-04-25,B_01,20,S,50,,S,,54531,Nocturno,2026-04-25 22:43:35,,183408,"POINT (  572102.023435982,   6136704.70870182)",MACIEL 1343 ,0
2026-04-25,B_01,21,S,25,,S,,54531,Nocturno,2026-04-25 22:40:27,,177532,"POINT (  572036.878823064,   6136857.96180376)",MACIEL 1419 FTE 1430 FTE 1430,0
2026-04-25,B_01,22,S,50,,S,,54531,Nocturno,2026-04-25 22:45:09,,182171,"POINT (  572123.986177930,   6136645.09138100)",MACIEL 1312 ,0
2026-04-25,B_01,23,S,50,,S,,54531,Nocturno,2026-04-25 21:22:04,,180457,"POINT (  572405.910473421,   6136712.09307517)",FRANCISCO DE ALZAIBAR 1299 PDO 1299 PDO 1299,0
2026-04-25,B_01,24,S,25,,S,,54531,Nocturno,2026-04-25 21:22:11,,180458,"POINT (  572406.291737037,   6136711.38501416)",FRANCISCO DE ALZAIBAR 1299 PDO 1299 PDO 1299,0
2026-04-25,B_01,25,S,50,,S,,54531,Nocturno,2026-04-25 21:22:00,,180459,"POINT (  572406.727466885,   6136710.73141939)",FRANCISCO DE ALZAIBAR 1299 PDO 1299 PDO 1299,0
2026-04-25,B_01,26,S,50,,S,Basura Afuera,54531,Nocturno,2026-04-25 21:16:24,,180462,"POINT (  572519.028708646,   6136712.56515757)",ZABALA 1270 ANTES 1266 ANTES 1266,0
2026-04-25,B_01,27,S,25,,S,Basura Afuera,54531,Nocturno,2026-04-25 21:16:16,,180463,"POINT (  572519.825068146,   6136710.40361035)",ZABALA 1270 ANTES 1266 ANTES 1266,0
2026-04-25,B_01,28,S,50,,S,Basura Afuera,54531,Nocturno,2026-04-25 21:16:08,,180464,"POINT (  572520.621427645,   6136708.35582878)",ZABALA 1264 ANTES 1266 ANTES 1266,0
2026-04-25,B_01,29,S,50,,S,,54531,Nocturno,2026-04-25 22:52:54,,180454,"POINT (  572320.888686928,   6136600.38283551)",RECONQUISTA 293 PDO 293 PDO 293,0
2026-04-25,B_01,30,S,50,,S,,54531,Nocturno,2026-04-25 22:53:05,,180455,"POINT (  572357.094252045,   6136612.64365951)",RECONQUISTA 307 307/309 307/309,0
2026-04-25,B_01,31,S,25,,S,,54531,Nocturno,2026-04-25 22:52:42,,180456,"POINT (  572358.355866801,   6136613.08893531)",RECONQUISTA 307 307/309 307/309,0
2026-04-25,B_01,32,S,50,,S,,54531,Nocturno,2026-04-25 21:29:54,,178045,"POINT (  572319.989925489,   6136861.60843180)",CIRCUNVALACION DURANGO 322 EN 322/324 EN 322/324,0
2026-04-25,B_01,33,S,25,,S,,54531,Nocturno,2026-04-25 21:29:36,,183407,"POINT (  572297.751510783,   6136920.46783962)",CIRCUNVALACION DURANGO 1401 ,0
2026-04-25,B_01,34,S,50,,S,,54531,Nocturno,2026-04-25 21:28:39,,183406,"POINT (  572297.070466515,   6136917.51664779)",CIRCUNVALACION DURANGO 1401 ,0
2026-04-25,B_01,35,S,25,,S,,54531,Nocturno,2026-04-25 21:29:45,,178007,"POINT (  572296.328729060,   6136913.64281446)",CIRCUNVALACION DURANGO 1401 EN 1409 EN 1409,0
2026-04-25,B_01,36,S,25,,S,,54531,Nocturno,2026-04-25 21:28:54,,178012,"POINT (  572296.538263202,   6136914.84015242)",CIRCUNVALACION DURANGO 1401 EN 1409 EN 1409,0
2026-04-25,B_01,37,S,50,,S,,54531,Nocturno,2026-04-25 21:52:50,,180529,"POINT (  572166.107272779,   6136947.45876609)",25 DE MAYO 272 FTE 279 FTE 279,0
2026-04-25,B_01,38,S,25,,S,,54531,Nocturno,2026-04-25 22:48:39,,183257,"POINT (  572144.972464664,   6136565.42754642)",MACIEL 1277 ,0
2026-04-25,B_01,39,S,25,,S,,54531,Nocturno,2026-04-25 21:51:35,,180533,"POINT (  572226.001290156,   6136968.53897532)",25 DE MAYO 306 ,0
2026-04-25,B_01,40,S,50,,S,,54531,Nocturno,2026-04-25 21:35:33,,179202,"POINT (  572296.794526144,   6137015.32631089)",SOLIS 1460 EN 1460. CASA TAPIADA EN 1460. CASA TAPIADA,0
2026-04-25,B_01,41,,,,S,,54531,Nocturno,,,178024,"POINT (  572272.381969913,   6137057.11383520)",SOLIS 1469 IGLESIA IGLESIA,0
2026-04-25,B_01,42,S,50,,S,,54531,Nocturno,2026-04-25 21:37:51,,178026,"POINT (  572271.723434037,   6137058.43090696)",SOLIS 1469 IGLESIA IGLESIA,0
2026-04-25,B_01,43,S,25,,S,,54531,Nocturno,2026-04-25 21:40:14,,178033,"POINT (  572212.589003328,   6137224.73858556)",SOLIS 1571 MURO. S/F MURO. S/F,0
2026-04-25,B_01,44,S,50,,S,,54531,Nocturno,2026-04-25 21:40:18,,178036,"POINT (  572210.937950558,   6137229.19679039)",SOLIS 1571 MURO. S/F MURO. S/F,0
2026-04-25,B_01,45,S,25,,S,,54531,Nocturno,2026-04-25 21:40:24,,178037,"POINT (  572208.347768626,   6137234.50467363)",SOLIS 1571 MURO. S/F MURO. S/F,0
2026-04-25,B_01,46,S,50,,S,,54531,Nocturno,2026-04-25 21:40:35,,178040,"POINT (  572314.025873201,   6137244.10434683)",ZABALA 1560 EN 1562 EN 1562,0
2026-04-25,B_01,47,S,25,,S,,54531,Nocturno,2026-04-25 21:48:04,,178041,"POINT (  572370.733857784,   6137092.90515428)",ZABALA 1486 ,0
2026-04-25,B_01,48,S,50,,S,,54531,Nocturno,2026-04-25 21:47:54,,178042,"POINT (  572370.954660453,   6137092.24984690)",ZABALA 1486 PROV PROV,0
2026-04-25,B_01,49,S,50,,S,,54531,Nocturno,2026-04-25 21:09:10,,178956,"POINT (  572420.166780392,   6136967.15962354)",ZABALA 1403 MURO. PROV OV. ORIGEN: ZABALA 1266 MURO. PROV OV. ORIGEN: ZABALA 1266,0
2026-04-25,B_01,50,S,50,,S,,54531,Nocturno,2026-04-25 21:13:13,,179347,"POINT (  572467.224228534,   6136844.02762294)",ZABALA 1341 FTE 1345. FTE 1345.,0
2026-04-25,B_01,51,S,50,,S,Basura Afuera,54531,Nocturno,2026-04-25 21:13:08,,178958,"POINT (  572468.361884962,   6136841.75231009)",ZABALA 1341 FTE 1345. PROV OV. ORIGEN: ZABALA 1266 FTE 1345. PROV OV. ORIGEN: ZABALA 1266,0
2026-04-25,B_01,52,S,50,,S,,54531,Nocturno,2026-04-25 20:53:50,,178055,"POINT (  572690.148005553,   6136795.50657630)",TREINTA Y TRES 1282 ,0
2026-04-25,B_01,53,S,25,,S,,54531,Nocturno,2026-04-25 20:58:01,,178056,"POINT (  572692.821498159,   6136788.50998927)",TREINTA Y TRES 1278 ,0
2026-04-25,B_01,54,S,50,,S,,54531,Nocturno,2026-04-25 20:53:45,,178057,"POINT (  572693.447209194,   6136787.08791873)",TREINTA Y TRES 1278 ,0
2026-04-25,B_01,55,S,25,,S,,54531,Nocturno,2026-04-25 23:02:35,,180532,"POINT (  572707.862602783,   6136747.37408013)",TREINTA Y TRES 1254 ,0
2026-04-25,B_01,56,S,50,,S,,54531,Nocturno,2026-04-25 23:02:31,,178058,"POINT (  572720.520971241,   6136714.28408538)",TREINTA Y TRES Esq. RECONQUISTA TEMPLO TEMPLO,0
2026-04-25,B_01,57,S,25,,S,,54531,Nocturno,2026-04-25 21:03:27,,179346,"POINT (  572606.018312721,   6136739.02193466)",MISIONES 1267 ,0
2026-04-25,B_01,58,,,,S,,54531,Nocturno,,,180453,"POINT (  572592.566246841,   6136772.33272658)",MISIONES 1281 ,0
2026-04-25,B_01,59,S,25,,S,,54531,Nocturno,2026-04-25 21:03:23,,180452,"POINT (  572592.402848148,   6136773.09525381)",MISIONES 1281 ,0
2026-04-25,B_01,60,S,50,,S,,54531,Nocturno,2026-04-25 21:05:24,,178066,"POINT (  572485.475299016,   6137034.72721422)",MISIONES 1429 ,0
2026-04-25,B_01,61,S,50,,S,Basura Afuera,54531,Nocturno,2026-04-25 20:42:03,,178067,"POINT (  572411.876894401,   6137226.98085286)",MISIONES 1537 ,0
2026-04-25,B_01,62,S,50,,S,Basura Afuera,54531,Nocturno,2026-04-25 20:43:20,,178068,"POINT (  572389.208490322,   6137288.30112118)",MISIONES 1571 EN 1573 EN 1573,0
2026-04-25,B_01,63,S,50,,S,,54531,Nocturno,2026-04-25 20:46:22,,178069,"POINT (  572517.089598692,   6137224.29225532)",TREINTA Y TRES 1509 EN 1513 EN 1513,0
2026-04-25,B_01,64,S,50,,S,,54531,Nocturno,2026-04-25 20:46:14,,178071,"POINT (  572518.110840522,   6137221.84127493)",TREINTA Y TRES 1509 EN 1513 EN 1513,0
2026-04-25,B_01,65,S,25,,S,,54531,Nocturno,2026-04-25 20:49:47,,183660,"POINT (  572560.560281699,   6137144.97204031)",TREINTA Y TRES 1460 ,0
2026-04-25,B_01,66,S,50,,S,,54531,Nocturno,2026-04-25 20:34:22,,177691,"POINT (  572755.179784929,   6136890.77985663)",ITUZAINGO 1315 EN 1311 EN 1311,0
2026-04-25,B_01,67,S,50,,S,,54531,Nocturno,2026-04-25 20:34:15,,177692,"POINT (  572754.576793903,   6136892.85682572)",ITUZAINGO 1315 EN 1311 EN 1311,0
2026-04-25,B_01,68,S,50,,S,,54531,Nocturno,2026-04-25 20:38:06,,177693,"POINT (  572650.527486854,   6137156.09127575)",ITUZAINGO 1461 ,0
2026-04-25,B_01,69,S,50,,S,Basura Afuera,54531,Nocturno,2026-04-25 20:04:14,,177694,"POINT (  572597.201475406,   6137287.25856720)",ITUZAINGO 1533 EN 1543 EN 1543,0
2026-04-25,B_01,70,S,50,,S,Basura Afuera,54531,Nocturno,2026-04-25 20:04:20,,177696,"POINT (  572596.348233085,   6137289.42011441)",ITUZAINGO 1533 EN 1543 EN 1543,0
2026-04-25,B_01,71,S,50,,S,Basura Afuera,54531,Nocturno,2026-04-25 20:04:00,,177698,"POINT (  572575.769381761,   6137342.02089937)",ITUZAINGO 1575 EN 1571 EN 1571,0
2026-04-25,B_01,72,S,50,,S,,54531,Nocturno,2026-04-25 20:04:06,,177699,"POINT (  572575.055284967,   6137343.65500042)",ITUZAINGO 1575 EN 1571 EN 1571,0
2026-04-25,B_01,73,S,50,,S,Basura Afuera,54531,Nocturno,2026-04-25 20:10:49,,177700,"POINT (  572658.862453790,   6137418.48723614)",JUAN CARLOS GOMEZ 1581 EN1576 EN1576,0
2026-04-25,B_01,74,,,,S,,54531,Nocturno,,,177701,"POINT (  572685.540497021,   6137353.81146822)",JUAN CARLOS GOMEZ 1544 ,0
2026-04-25,B_01,75,S,50,,S,Basura Afuera,54531,Nocturno,2026-04-25 20:13:35,,177702,"POINT (  572686.194649467,   6137352.44628051)",JUAN CARLOS GOMEZ 1544 ,0
2026-04-25,B_01,76,S,50,,S,Basura Afuera,54531,Nocturno,2026-04-25 20:17:18,,177705,"POINT (  572863.515252287,   6136915.14192852)",JUAN CARLOS GOMEZ 1301 EN 1306 EN 1306,0
2026-04-25,B_01,77,S,50,,S,Basura Afuera,54531,Nocturno,2026-04-25 20:17:13,,177706,"POINT (  572863.923749019,   6136913.58964094)",JUAN CARLOS GOMEZ 1301 EN 1306 EN 1306,0
2026-04-25,B_01,78,S,50,,S,,54531,Nocturno,2026-04-25 20:19:53,,177844,"POINT (  572991.129631372,   6136955.62395465)",BUENOS AIRES 679 SOLIS SOLIS,0
2026-04-25,B_01,79,S,25,,S,,54531,Nocturno,2026-04-25 22:58:13,,177896,"POINT (  572826.096951634,   6136787.85434682)",BRECHA 558 ,0
2026-04-25,B_01,80,S,50,,S,,54531,Nocturno,2026-04-25 22:58:07,,177897,"POINT (  572827.322441830,   6136790.06022917)",BRECHA 558 ,0
2026-04-25,B_01,81,,,,S,,54531,Nocturno,,,177850,"POINT (  572801.677092897,   6137264.13179993)",BARTOLOME MITRE 1467 EN 1475 EN 1475,0
2026-04-25,B_01,82,S,50,,S,Basura Afuera,54531,Nocturno,2026-04-25 19:38:36,,177877,"POINT (  572800.739106857,   6137265.47177999)",BARTOLOME MITRE 1467 EN 1475 EN 1475,0
2026-04-25,B_01,83,S,50,,S,,54531,Nocturno,2026-04-25 19:38:42,,177879,"POINT (  572781.501816702,   6137309.30066049)",BARTOLOME MITRE 1501 EN 1507 EN 1507,0
2026-04-25,B_01,84,S,50,,S,Basura Afuera,54531,Nocturno,2026-04-25 20:17:31,,177880,"POINT (  572813.811259250,   6137414.53388005)",PIEDRAS 674 EN 676 EN 676,0
2026-04-25,B_01,85,S,25,,S,Basura Afuera,54531,Nocturno,2026-04-25 19:46:18,,177883,"POINT (  572869.556424211,   6137437.96960246)",PIEDRAS 696 ESQ JUNCAL ESQ JUNCAL,0
2026-04-25,B_01,86,S,50,,S,,54531,Nocturno,2026-04-25 19:20:05,,177899,"POINT (  573134.172138998,   6137389.45227865)",FLORIDA 1518 ,0
2026-04-25,B_01,87,S,50,,S,,54531,Nocturno,2026-04-25 19:22:53,,178138,"POINT (  573142.096975600,   6137286.06175577)",FLORIDA 1468 ,0
2026-04-25,B_01,88,S,50,,S,,54531,Nocturno,2026-04-25 19:22:39,,178139,"POINT (  573142.178674946,   6137283.61077538)",FLORIDA 1468 ,0
2026-04-25,B_01,89,S,50,,S,,54531,Nocturno,2026-04-25 19:25:45,,178140,"POINT (  573148.242937847,   6137207.19325572)",FLORIDA 1430 EN 1430 EN 1430,0
2026-04-25,B_01,90,S,50,,S,,54531,Nocturno,2026-04-25 19:25:40,,178218,"POINT (  573148.504802226,   6137204.64925533)",FLORIDA 1430 EN 1428 EN 1428,0
2026-04-25,B_01,91,S,50,,S,,54531,Nocturno,2026-04-25 19:29:23,,178142,"POINT (  573040.830599410,   6137279.66471054)",CIUDADELA 1437 EN 1443 EN 1443,0
2026-04-25,B_01,92,S,25,,S,,54531,Nocturno,2026-04-25 19:29:19,,178143,"POINT (  573039.920474267,   6137282.28132032)",CIUDADELA 1437 EN 1443 EN 1443,0
2026-04-25,B_01,93,S,50,,S,,54531,Nocturno,2026-04-25 19:29:10,,178144,"POINT (  573038.782817840,   6137284.89793011)",CIUDADELA 1437 EN 1443 EN 1443,0
2026-04-25,B_01,94,S,50,,S,,54531,Nocturno,2026-04-25 19:33:18,,178162,"POINT (  572995.464177911,   6137393.54227642)",CIUDADELA Esq. CERRITO ESQ CERRITO ESQ CERRITO,0
2026-04-25,B_01,95,S,100,,S,Basura Afuera,54531,Nocturno,2026-04-26 00:26:10,,178164,"POINT (  573330.378225600,   6137540.38160870)",CONVENCION 1576 FTE 1589 FTE 1589,0
2026-04-25,B_01,96,S,100,,S,Basura Afuera,54531,Nocturno,2026-04-26 00:26:14,,178219,"POINT (  573341.080839979,   6137393.07768713)",CONVENCION 1516 ,0
2026-04-25,B_01,97,,,,S,,54531,Nocturno,,,178222,"POINT (  573341.244238672,   6137391.44370020)",CONVENCION 1516 ,0
2026-04-25,B_01,98,,,,S,,54531,Nocturno,,,178223,"POINT (  573344.984379096,   6137347.77728136)",CONVENCION 1490 EN 1496 EN 1496,0
2026-04-25,B_01,99,S,25,,S,Basura Afuera,54531,Nocturno,2026-04-26 00:25:43,,178224,"POINT (  573345.153693836,   6137346.18917016)",CONVENCION 1490 EN 1496 EN 1496,0
2026-04-25,B_01,100,,,,S,,54531,Nocturno,,,178225,"POINT (  573349.704319547,   6137284.69884024)",CONVENCION 1462 EN 1456 EN 1456,0
2026-04-25,B_01,101,S,50,,S,Basura Afuera,54531,Nocturno,2026-04-26 00:25:35,,178226,"POINT (  573349.881058757,   6137282.33257118)",CONVENCION 1462 EN 1456 EN 1456,0
2026-04-25,B_01,102,,,,S,,54531,Nocturno,,,178227,"POINT (  573340.887482232,   6137210.38143410)",CONVENCION 1417 EN 1423 EN 1423,0
2026-04-25,B_01,103,S,50,,S,,54531,Nocturno,2026-04-25 23:46:18,,178228,"POINT (  573340.944365053,   6137209.21533626)",CONVENCION 1417 EN 1423 EN 1423,0
2026-04-25,B_01,104,S,25,,S,,54531,Nocturno,2026-04-25 23:46:06,,178229,"POINT (  573347.002385531,   6137138.28245799)",CONVENCION 1391 EN 1391 EN 1391,0
2026-04-25,B_01,105,S,25,,S,,54531,Nocturno,2026-04-25 18:59:32,,178231,"POINT (  573349.879683847,   6137093.23409345)",CONVENCION 1363 ,0
2026-04-25,B_01,106,S,50,,S,,54531,Nocturno,2026-04-25 18:59:23,,178356,"POINT (  573349.879683847,   6137091.62611738)",CONVENCION 1363 ,0
2026-04-25,B_01,107,S,50,,S,,54531,Nocturno,2026-04-25 23:45:57,,178232,"POINT (  573246.206026031,   6137110.06857859)",ANDES 1381 EN 1379 EN 1379,0
2026-04-25,B_01,108,S,50,,S,,54531,Nocturno,2026-04-25 19:03:23,,179734,"POINT (  573252.654245982,   6137204.93480482)",ANDES 1424 EN 1426 EN 1426,0
2026-04-25,B_01,109,S,25,,S,,54531,Nocturno,2026-04-25 19:03:29,,179733,"POINT (  573252.302752133,   6137207.74675561)",ANDES 1424 EN 1426 EN 1426,0
2026-04-25,B_01,110,S,50,,S,,54531,Nocturno,2026-04-25 19:06:41,,178235,"POINT (  573247.116151174,   6137268.94229872)",ANDES 1452 EN 1452 EN 1452,0
2026-04-25,B_01,111,S,50,,S,,54531,Nocturno,2026-04-25 19:10:47,,178236,"POINT (  573242.508642641,   6137335.21078564)",ANDES 1492 FTE 1499 FTE 1499,0
2026-04-25,B_01,112,S,50,,S,,54531,Nocturno,2026-04-25 19:09:25,,178258,"POINT (  573242.508642641,   6137336.40532489)",ANDES 1492 FTE 1499 FTE 1499,0
2026-04-25,B_01,113,,,,S,,54531,Nocturno,,,178259,"POINT (  573235.056993040,   6137436.68973900)",ANDES 1540 ,0
2026-04-25,B_01,114,S,25,,S,,54531,Nocturno,2026-04-25 19:13:20,,178260,"POINT (  573235.000110218,   6137437.82739543)",ANDES 1540 ,0
2026-04-25,B_01,115,S,50,,S,Basura Afuera,54531,Nocturno,2026-04-25 19:17:25,,178261,"POINT (  573214.074099783,   6137501.91142897)",ANDES 1569 ,0
2026-04-25,B_01,116,S,50,,S,,54531,Nocturno,2026-04-25 19:17:10,,178262,"POINT (  573214.018687006,   6137503.05411582)",ANDES 1569 ,0
2026-04-25,B_01,117,S,50,,S,Basura Afuera,54531,Nocturno,2026-04-25 19:47:46,,182208,"POINT (  573113.674589227,   6137484.32800074)",FLORIDA 1575 ,0
2026-04-25,B_01,118,S,50,,S,,54531,Nocturno,2026-04-25 19:54:18,,178270,"POINT (  572983.313234675,   6137142.42337633)",JUNCAL 1384 FTE 1397 FTE 1397,0
2026-04-25,B_01,119,S,50,,S,Basura Afuera,54531,Nocturno,2026-04-25 19:54:12,,178271,"POINT (  572957.241293381,   6137220.64878337)",JUNCAL 1434 EN 1438 EN 1438,0
2026-04-25,B_01,120,S,50,,S,Basura Afuera,54531,Nocturno,2026-04-25 19:46:11,,178272,"POINT (  572903.543909990,   6137382.42352740)",JUNCAL 1514 FTE 1511 FTE 1511,0
2026-04-25,B_01,121,S,25,,S,,54531,Nocturno,2026-04-25 23:02:23,,178275,"POINT (  573167.821498159,   6136793.28814628)",FLORIDA 1237 ,0
2026-04-25,B_01,122,S,50,,S,,54531,Nocturno,2026-04-25 23:02:16,,178276,"POINT (  573169.186685872,   6136767.00828280)",FLORIDA 1217 EN 1221 EN 1221,0
2026-04-25,B_01,123,S,50,,S,Basura Afuera,54531,Nocturno,2026-04-25 23:07:30,,178277,"POINT (  573177.377812152,   6136670.30748644)",FLORIDA 1171 EN 1175 EN 1175,0
2026-04-25,B_01,124,,,,S,,54531,Nocturno,,,178278,"POINT (  573301.496128421,   6136579.46562068)",JOSE GERMAN ARAUJO 1128 ,0
2026-04-25,B_01,125,S,50,,S,Basura Afuera,54531,Nocturno,2026-04-25 23:24:07,,179343,"POINT (  573301.439245599,   6136580.54639429)",JOSE GERMAN ARAUJO 1128 ,0
2026-04-25,B_01,126,S,25,,S,,54531,Nocturno,2026-04-25 23:12:29,,183049,"POINT (  573281.579943441,   6136650.11579972)","JOSE GERMAN ARAUJO 1157 PROV OV (O: JOSE GERMAN ARAUJO 1168, F: 14/07/2021) EN 1169 PROV OV (O: JOSE GERMAN ARAUJO 1168, F: 14/07/2021) EN 1169",0
2026-04-25,B_01,127,S,25,,S,,54531,Nocturno,2026-04-25 23:12:42,,183048,"POINT (  573281.368377856,   6136652.01988999)","JOSE GERMAN ARAUJO 1157 PROV OV (O: JOSE GERMAN ARAUJO 1168, F: 28/05/25) EN 1169 PROV OV (O: JOSE GERMAN ARAUJO 1168, F: 28/05/25) EN 1169",0
2026-04-25,B_01,128,S,25,,S,,54531,Nocturno,2026-04-25 23:27:24,,180764,"POINT (  573269.520328264,   6136801.12688887)",JOSE GERMAN ARAUJO 1229 PROV OP (O: JOSE GERMAN ARAUJO 1193) PROV OP (O: JOSE GERMAN ARAUJO 1193),0
2026-04-25,B_01,129,S,25,,S,,54531,Nocturno,2026-04-25 23:27:30,,178362,"POINT (  573269.413881441,   6136802.99441318)",JOSE GERMAN ARAUJO 1235 EN 1236 EN 1236,0
2026-04-25,B_01,130,S,25,,S,,54531,Nocturno,2026-04-25 23:24:13,,178364,"POINT (  573269.145885430,   6136805.07138226)",JOSE GERMAN ARAUJO 1235 EN 1236 EN 1236,0
2026-04-25,B_01,131,,,,S,,54531,Nocturno,,,178407,"POINT (  573278.793741838,   6136858.87158154)",JOSE GERMAN ARAUJO 1252 EN 1256 EN 1256,0
2026-04-25,B_01,132,S,25,,S,,54531,Nocturno,2026-04-25 23:27:03,,178408,"POINT (  573278.726742835,   6136860.81455262)",JOSE GERMAN ARAUJO 1252 EN 1256 EN 1256,0
2026-04-25,B_01,133,S,50,,S,,54531,Nocturno,2026-04-25 23:32:42,,178409,"POINT (  573258.595137365,   6136922.85709891)",JOSE GERMAN ARAUJO 1293 ANDES 1297 ANDES 1297,0
2026-04-25,B_01,134,S,50,,S,Basura Afuera,54531,Nocturno,2026-04-25 23:39:17,,178410,"POINT (  573256.042032790,   6136967.66919041)",JOSE GERMAN ARAUJO 1313 EN 1311 EN 1311,0
2026-04-25,B_01,135,S,25,,S,,54531,Nocturno,2026-04-25 23:39:25,,178411,"POINT (  573254.510917954,   6136985.26766846)",JOSE GERMAN ARAUJO 1313 EN 1319 EN 1319,0
2026-04-25,B_01,136,S,25,,S,,54531,Nocturno,2026-04-25 23:39:41,,178412,"POINT (  573254.326346515,   6136987.19533420)",JOSE GERMAN ARAUJO 1313 EN 1319 EN 1319,0
2026-04-25,B_01,137,S,50,,S,Basura Afuera,54531,Nocturno,2026-04-25 23:39:49,,178421,"POINT (  573254.162947822,   6136988.99271982)",JOSE GERMAN ARAUJO 1321 EN 1319 EN 1319,0
2026-04-25,B_01,138,S,50,,S,,54531,Nocturno,2026-04-25 23:17:25,,178415,"POINT (  573066.171896338,   6136599.82967074)",CIUDADELA 1156 ESQ MALDONADO. FTE PLAZUELA ESQ MALDONADO. FTE PLAZUELA,0
2026-04-25,B_01,139,S,25,,S,,54531,Nocturno,2026-04-25 23:12:53,,178416,"POINT (  573084.943227396,   6136753.64081977)",CIUDADELA 1220 MURO MURO,0
2026-04-25,B_01,140,S,50,,S,,54531,Nocturno,2026-04-25 23:13:00,,178417,"POINT (  573085.284524325,   6136755.57483570)",CIUDADELA 1220 MURO MURO,0
2026-04-25,B_01,141,S,50,,S,Basura Afuera,54531,Nocturno,2026-04-25 20:26:00,,180183,"POINT (  573162.611031638,   6136845.39052995)",FLORIDA 1251 PROV OP. (O: FLORIDA 1298) PROV OP. (O: FLORIDA 1298),0
2026-04-25,B_01,142,S,50,,S,Basura Afuera,54531,Nocturno,2026-04-25 20:25:55,,180184,"POINT (  573162.724025989,   6136843.58262034)",FLORIDA 1251 PROV OP. (O: FLORIDA 1298) PROV OP. (O: FLORIDA 1298),0
2026-04-25,B_01,143,S,50,,S,Basura Afuera,54531,Nocturno,2026-04-25 20:25:48,,180185,"POINT (  573162.950014689,   6136841.54872203)",FLORIDA 1251 PROV OP. (O: FLORIDA 1298) PROV OP. (O: FLORIDA 1298),0
2026-04-25,B_01,144,S,50,,S,Basura Afuera,54531,Nocturno,2026-04-25 20:30:37,,178418,"POINT (  573138.564828904,   6136817.46619779)",SORIANO 784 EN 782 EN 782,0
2026-04-25,B_01,145,S,25,,S,,54531,Nocturno,2026-04-25 23:09:49,,178419,"POINT (  573155.128021351,   6136601.13528519)",MALDONADO 776 ,0
2026-04-25,B_01,146,S,50,,S,,54531,Nocturno,2026-04-25 23:09:43,,178420,"POINT (  573205.705457203,   6136628.72614401)",MALDONADO 805 ,0
2026-04-25,B_02,1,S,75,,S,,54532,Nocturno,2026-04-25 22:32:11,,178199,"POINT (  573359.749140633,   6136960.37752374)",CONVENCION 1303 EN 1311 EN 1311,0
2026-04-25,B_02,2,S,25,,S,,54532,Nocturno,2026-04-25 22:32:15,,178200,"POINT (  573359.912539325,   6136958.58013812)",CONVENCION 1303 EN 1311 EN 1311,0
2026-04-25,B_02,3,S,75,,S,,54532,Nocturno,2026-04-25 22:32:20,,178201,"POINT (  573379.574384611,   6136911.50049783)",CONVENCION 1290 EN 1284/CASA TAPEADA EN 1284/CASA TAPEADA,0
2026-04-25,B_02,4,S,75,,S,,54532,Nocturno,2026-04-25 22:32:23,,178202,"POINT (  573379.612294227,   6136910.13242570)",CONVENCION 1278 EN 1284/CASA TAPEADA EN 1284/CASA TAPEADA,0
2026-04-25,B_02,5,S,50,,S,,54532,Nocturno,2026-04-25 22:40:35,,178281,"POINT (  573385.962091538,   6136823.97909946)",CONVENCION 1240 FTE 1245 FTE 1245,0
2026-04-25,B_02,6,S,75,,S,,54532,Nocturno,2026-04-25 22:40:39,,182209,"POINT (  573386.332541297,   6136822.56329486)",CONVENCION 1240 ,0
2026-04-25,B_02,7,S,75,,S,,54532,Nocturno,2026-04-25 22:40:42,,182210,"POINT (  573386.332541297,   6136820.82037547)",CONVENCION 1240 ,0
2026-04-25,B_02,8,S,75,,S,Basura Afuera,54532,Nocturno,2026-04-25 22:54:54,,178284,"POINT (  573381.509709642,   6136691.04473090)",CONVENCION 1169 EN 1177 EN 1177,0
2026-04-25,B_02,9,S,75,,S,Basura Afuera,54532,Nocturno,2026-04-25 22:54:59,,178285,"POINT (  573381.806734790,   6136688.84674480)",CONVENCION 1169 EN 1177 EN 1177,0
2026-04-25,B_02,10,S,50,,S,,54532,Nocturno,2026-04-25 22:55:03,,178286,"POINT (  573384.499473753,   6136664.86168043)",CONVENCION 1161 EN 1163 EN 1163,0
2026-04-25,B_02,11,S,100,,S,Basura Afuera,54532,Nocturno,2026-04-25 22:55:07,,178287,"POINT (  573389.172958480,   6136613.58057210)",CONVENCION 1147 FTE 1144 FTE 1144,0
2026-04-25,B_02,12,N,,Contenedor No Está,S,,54532,Nocturno,2026-04-25 22:53:59,,179398,"POINT (  573412.019782075,   6136496.19875586)",CONVENCION 1060 ,0
2026-04-25,B_02,13,S,25,,S,,54532,Nocturno,2026-04-25 22:54:13,,179364,"POINT (  573413.110368937,   6136490.04409986)",CONVENCION 1060 S/NUM. ESQ RBLA S/NUM. ESQ RBLA,0
2026-04-25,B_02,14,S,50,,S,,54532,Nocturno,2026-04-25 22:54:09,,179365,"POINT (  573413.166866113,   6136488.23619025)",CONVENCION 1060 S/NUM. ESQ RBLA S/NUM. ESQ RBLA,0
2026-04-25,B_02,15,S,25,,S,,54532,Nocturno,2026-04-25 22:54:29,,178414,"POINT (  573344.869647169,   6136525.55317733)",DURAZNO 875 FTE 875 FTE 875,0
2026-04-25,B_02,16,S,50,,S,,54532,Nocturno,2026-04-25 22:54:36,,179576,"POINT (  573347.866801733,   6136526.05912414)",DURAZNO 875 FTE 875 FTE 875,0
2026-04-25,B_02,17,S,25,,S,,54532,Nocturno,2026-04-25 21:12:51,,178726,"POINT (  573606.001317096,   6136465.89966812)",JULIO HERRERA Y OBES 1053 MURO MURO,0
2026-04-25,B_02,18,S,50,,S,,54532,Nocturno,2026-04-25 21:12:54,,178727,"POINT (  573606.120127156,   6136462.92941663)",JULIO HERRERA Y OBES 1053 MURO MURO,0
2026-04-25,B_02,19,S,25,,S,,54532,Nocturno,2026-04-25 21:12:57,,178728,"POINT (  573606.357747275,   6136459.66214000)",JULIO HERRERA Y OBES 1053 MURO MURO,0
2026-04-25,B_02,20,S,50,,S,Basura Afuera,54532,Nocturno,2026-04-25 21:23:15,,178729,"POINT (  573515.402052040,   6136485.96757632)",WILSON FERREIRA ALDUNATE 1074 EN 1080 EN 1080,0
2026-04-25,B_02,21,S,50,,S,,54532,Nocturno,2026-04-25 21:23:01,,178730,"POINT (  573515.320477401,   6136487.33922994)",WILSON FERREIRA ALDUNATE 1074 EN 1080 EN 1080,0
2026-04-25,B_02,22,S,25,,S,,54532,Nocturno,2026-04-25 21:23:06,,178731,"POINT (  573515.304696188,   6136489.60546490)",WILSON FERREIRA ALDUNATE 1074 EN 1080 EN 1080,0
2026-04-25,B_02,23,S,50,,S,,54532,Nocturno,2026-04-25 21:36:01,,178732,"POINT (  573499.438052553,   6136691.62602075)",WILSON FERREIRA ALDUNATE 1168 FTE 1171 FTE 1171,0
2026-04-25,B_02,24,S,25,,S,,54532,Nocturno,2026-04-25 21:36:05,,181178,"POINT (  573496.654263823,   6136731.38301229)",WILSON FERREIRA ALDUNATE 1192 ,0
2026-04-25,B_02,25,S,75,,S,,54532,Nocturno,2026-04-25 21:36:08,,181177,"POINT (  573496.711146644,   6136732.97573129)",WILSON FERREIRA ALDUNATE 1192 ,0
2026-04-25,B_02,26,S,75,,S,,54532,Nocturno,2026-04-25 21:36:21,,178735,"POINT (  573491.082044978,   6136803.59654341)",WILSON FERREIRA ALDUNATE 1226 EN 1228 EN 1228,0
2026-04-25,B_02,27,S,50,,S,,54532,Nocturno,2026-04-25 21:36:24,,178736,"POINT (  573491.083189265,   6136804.62736554)",WILSON FERREIRA ALDUNATE 1226 EN 1228 EN 1228,0
2026-04-25,B_02,28,S,100,,S,,54532,Nocturno,2026-04-25 21:36:29,,178737,"POINT (  573488.466460894,   6136834.33585706)",WILSON FERREIRA ALDUNATE 1238 EN 1244 EN 1244,0
2026-04-25,B_02,29,S,50,,S,,54532,Nocturno,2026-04-25 21:40:17,,178738,"POINT (  573486.464826907,   6136863.74762177)",WILSON FERREIRA ALDUNATE 1262 EN 1252 EN 1252,0
2026-04-25,B_02,30,S,75,,S,Basura Afuera,54532,Nocturno,2026-04-25 21:44:07,,183405,"POINT (  573460.086132236,   6137021.13736130)",WILSON FERREIRA ALDUNATE 1333 ,0
2026-04-25,B_02,31,S,75,,S,Basura Afuera,54532,Nocturno,2026-04-25 21:40:13,,178739,"POINT (  573486.278213057,   6136865.74372265)",WILSON FERREIRA ALDUNATE 1262 EN 1252 EN 1252,0
2026-04-25,B_02,32,S,50,,S,,54532,Nocturno,2026-04-25 21:44:11,,183404,"POINT (  573460.313146992,   6137024.31556788)",WILSON FERREIRA ALDUNATE 1333 ,0
2026-04-25,B_02,33,S,100,,S,Basura Afuera,54532,Nocturno,2026-04-25 21:49:07,,178940,"POINT (  573467.644267244,   6137099.57799815)",RIO BRANCO 1364 EN 1366 EN 1366,0
2026-04-25,B_02,34,S,50,,S,,54532,Nocturno,2026-04-25 22:03:51,,178742,"POINT (  573422.558585204,   6137497.34919981)",RIO BRANCO 1569 FTE 1558 FTE 1558,0
2026-04-25,B_02,35,S,25,,S,,54532,Nocturno,2026-04-25 22:03:46,,178743,"POINT (  573422.380370114,   6137499.84421106)",RIO BRANCO 1569 FTE 1558 FTE 1558,0
2026-04-25,B_02,36,S,75,,S,Basura Afuera,54532,Nocturno,2026-04-25 22:04:02,,178744,"POINT (  573418.222018031,   6137569.94214617)",RIO BRANCO 1593 S/NUM. ESQ CERRO LARGO S/NUM. ESQ CERRO LARGO,0
2026-04-25,B_02,37,S,75,,S,"Basura Afuera, Requiere Limpieza",54532,Nocturno,2026-04-25 20:34:35,,178745,"POINT (  573624.522205061,   6137731.93282837)",RIO NEGRO 1660 EN 1664 EN 1664,0
2026-04-25,B_02,38,S,75,,S,Basura Afuera,54532,Nocturno,2026-04-25 20:34:55,,178746,"POINT (  573506.779236612,   6137730.82522798)",JULIO HERRERA Y OBES 1674 FTE 1674 FTE 1674,0
2026-04-25,B_02,39,S,75,,S,Basura Afuera,54532,Nocturno,2026-04-25 20:34:59,,178747,"POINT (  573507.118219663,   6137726.75743137)",JULIO HERRERA Y OBES 1674 FTE 1674 FTE 1674,0
2026-04-25,B_02,40,S,25,,S,,54532,Nocturno,2026-04-25 20:38:46,,183664,"POINT (  573512.901394771,   6137632.04823290)",JULIO HERRERA Y OBES 1629 PROV O: O Julio Herrera y Obeas 1586 PROV O: O Julio Herrera y Obeas 1586,0
2026-04-25,B_02,41,S,75,,S,,54532,Nocturno,2026-04-25 20:43:38,,178749,"POINT (  573527.824297935,   6137461.82499201)",JULIO HERRERA Y OBES 1537 EN 1541 EN 1541,0
2026-04-25,B_02,42,S,25,,S,,54532,Nocturno,2026-04-25 20:43:43,,178750,"POINT (  573527.883702965,   6137460.63689142)",JULIO HERRERA Y OBES 1537 EN 1541 EN 1541,0
2026-04-25,B_02,43,S,50,,S,,54532,Nocturno,2026-04-25 20:25:48,,183665,"POINT (  573535.060059695,   6137359.68196645)",JULIO HERRERA Y OBES 1495 PROV O: Julio Herrera y Obes 1509 PROV O: Julio Herrera y Obes 1509,0
2026-04-25,B_02,44,S,25,,S,,54532,Nocturno,2026-04-25 20:47:59,,179142,"POINT (  573545.031272892,   6137246.48477782)",JULIO HERRERA Y OBES 1426 EN 1431 EN 1431,0
2026-04-25,B_02,45,S,25,,S,,54532,Nocturno,2026-04-25 20:48:03,,179143,"POINT (  573545.144267242,   6137242.52997555)",JULIO HERRERA Y OBES 1425 EN 1431 EN 1431,0
2026-04-25,B_02,46,S,75,,S,Basura Afuera,54532,Nocturno,2026-04-25 20:54:10,,183533,"POINT (  573558.497188282,   6137087.21408874)",JULIO HERRERA Y OBES 1365 ,0
2026-04-25,B_02,47,S,50,,S,,54532,Nocturno,2026-04-25 20:54:13,,183532,"POINT (  573558.497188282,   6137084.25618203)",JULIO HERRERA Y OBES 1365 ,0
2026-04-25,B_02,48,S,75,,S,Basura Afuera,54532,Nocturno,2026-04-25 20:59:09,,178758,"POINT (  573569.325688161,   6136922.33363436)",JULIO HERRERA Y OBES 1284 FTE 1284 FTE 1284,0
2026-04-25,B_02,49,S,50,,S,,54532,Nocturno,2026-04-25 20:59:13,,179360,"POINT (  573569.438052553,   6136920.43958008)",JULIO HERRERA Y OBES 1284 FTE 1284 FTE 1284,0
2026-04-25,B_02,50,S,75,,S,,54532,Nocturno,2026-04-25 21:05:50,,178759,"POINT (  573588.534097750,   6136882.02150098)",JULIO HERRERA Y OBES 1258 EN 1262 EN 1262,0
2026-04-25,B_02,51,S,50,,S,,54532,Nocturno,2026-04-25 21:05:54,,178760,"POINT (  573588.816583626,   6136880.66556878)",JULIO HERRERA Y OBES 1258 EN 1262 EN 1262,0
2026-04-25,B_02,52,S,75,,S,Basura Afuera,54532,Nocturno,2026-04-25 21:05:58,,180120,"POINT (  573578.773662309,   6136823.42032179)",JULIO HERRERA Y OBES 1239 ,0
2026-04-25,B_02,53,S,25,,S,,54532,Nocturno,2026-04-25 21:06:02,,180121,"POINT (  573578.882594771,   6136821.78633486)",JULIO HERRERA Y OBES 1239 ,0
2026-04-25,B_02,54,S,25,,S,"Basura Afuera, Requiere Mantenimiento",54532,Nocturno,2026-04-25 21:06:25,,178763,"POINT (  573602.390029954,   6136696.41415635)",JULIO HERRERA Y OBES 1170 ,0
2026-04-25,B_02,55,S,75,,S,Basura Afuera,54532,Nocturno,2026-04-25 21:06:31,,178764,"POINT (  573602.616018655,   6136693.92828064)",JULIO HERRERA Y OBES 1170 ,0
2026-04-25,B_02,56,S,50,,S,,54532,Nocturno,2026-04-25 21:12:27,,178765,"POINT (  573608.555733375,   6136616.07558334)",JULIO HERRERA Y OBES 1136 EN 1130/1136 EN 1130/1136,0
2026-04-25,B_02,57,S,75,,S,,54532,Nocturno,2026-04-25 21:12:31,,178766,"POINT (  573608.793353494,   6136613.81819221)",JULIO HERRERA Y OBES 1136 EN 1130/1136 EN 1130/1136,0
2026-04-25,B_02,58,S,50,,S,,54532,Nocturno,2026-04-25 21:12:34,,178767,"POINT (  573608.852758524,   6136611.91723126)",JULIO HERRERA Y OBES 1126 EN 1130/1136 EN 1130/1136,0
2026-04-25,B_02,59,S,50,,S,,54532,Nocturno,2026-04-25 19:34:22,,178972,"POINT (  573837.089619375,   6136337.73180098)",PARAGUAY 990 ,0
2026-04-25,B_02,60,S,25,,S,,54532,Nocturno,2026-04-25 19:34:25,,178973,"POINT (  573836.685447865,   6136344.60271667)",PARAGUAY 990 ,0
2026-04-25,B_02,61,S,100,,S,,54532,Nocturno,2026-04-25 19:34:29,,179396,"POINT (  573836.339236601,   6136349.04414488)",PARAGUAY 990 ,0
2026-04-25,B_02,62,S,50,,S,,54532,Nocturno,2026-04-25 19:34:41,,178975,"POINT (  573831.422868291,   6136410.28203657)",PARAGUAY 1020 1024/1034 1024/1034,0
2026-04-25,B_02,63,S,50,,S,,54532,Nocturno,2026-04-25 19:34:44,,179397,"POINT (  573830.892613507,   6136415.05721678)",PARAGUAY 1030 ,0
2026-04-25,B_02,64,S,100,,S,Basura Afuera,54532,Nocturno,2026-04-25 19:36:33,,178432,"POINT (  573820.364366977,   6136553.67059958)",PARAGUAY 1094 EN 1102/FARMACIA EN 1102/FARMACIA,0
2026-04-25,B_02,65,S,75,,S,,54532,Nocturno,2026-04-25 22:59:14,,178433,"POINT (  573815.374344477,   6136614.67956514)",PARAGUAY 1120 EN 1122 EN 1122,0
2026-04-25,B_02,66,S,50,,S,,54532,Nocturno,2026-04-25 22:59:18,,178434,"POINT (  573807.748597655,   6136694.56986167)",PARAGUAY 1164 ,0
2026-04-25,B_02,67,S,75,,S,Basura Afuera,54532,Nocturno,2026-04-25 22:59:36,,178435,"POINT (  573801.224205784,   6136790.21927507)",PARAGUAY 1208 ,0
2026-04-25,B_02,68,S,50,,S,Basura Afuera,54532,Nocturno,2026-04-25 22:59:49,,178436,"POINT (  573794.208754071,   6136896.73640908)",PARAGUAY 1254 FARMACIA FARMACIA,0
2026-04-25,B_02,69,S,50,,S,,54532,Nocturno,2026-04-25 23:02:33,,178437,"POINT (  573787.929220729,   6136963.50589988)",PARAGUAY 1296 ,0
2026-04-25,B_02,70,S,25,,S,,54532,Nocturno,2026-04-25 23:02:37,,178438,"POINT (  573787.810410670,   6136965.94150610)",PARAGUAY 1296 ,0
2026-04-25,B_02,71,S,75,,S,,54532,Nocturno,2026-04-25 23:11:27,,178439,"POINT (  573786.270762037,   6136996.22070822)",PARAGUAY 1306 EN 1308 EN 1308,0
2026-04-25,B_02,72,S,25,,S,,54532,Nocturno,2026-04-25 23:11:32,,178440,"POINT (  573786.064598456,   6136998.33812160)",PARAGUAY 1306 EN 1308 EN 1308,0
2026-04-25,B_02,73,S,100,,S,,54532,Nocturno,2026-04-25 23:11:50,,178545,"POINT (  573779.720385896,   6137070.61320001)",PARAGUAY 1338 S/NUM. ESQ 18 DE JULIO S/NUM. ESQ 18 DE JULIO,0
2026-04-25,B_02,74,S,50,,S,,54532,Nocturno,2026-04-25 23:22:47,,178546,"POINT (  573761.373080802,   6137108.33506030)",PARAGUAY 1373 EN 1367 EN 1367,0
2026-04-25,B_02,75,S,25,,S,,54532,Nocturno,2026-04-25 23:22:54,,178547,"POINT (  573760.921103401,   6137111.38590776)",PARAGUAY 1373 EN 1367 EN 1367,0
2026-04-25,B_02,76,S,50,,S,,54532,Nocturno,2026-04-25 23:23:08,,178548,"POINT (  573756.919795195,   6137161.97810430)",PARAGUAY 1387 EN 1387 EN 1387,0
2026-04-25,B_02,77,S,75,,S,Basura Afuera,54532,Nocturno,2026-04-25 23:25:22,,178549,"POINT (  573756.740312440,   6137165.73619025)",PARAGUAY 1387 EN 1387 EN 1387,0
2026-04-25,B_02,78,S,50,,S,Basura Afuera,54532,Nocturno,2026-04-25 23:25:26,,178550,"POINT (  573765.652334570,   6137219.24455299)",PARAGUAY 1402 AL LADO DE 1410 AL LADO DE 1410,0
2026-04-25,B_02,79,S,75,,S,Basura Afuera,54532,Nocturno,2026-04-25 23:29:05,,178551,"POINT (  573741.722739437,   6137354.38455002)",PARAGUAY 1473 EN 1491 EN 1491,0
2026-04-25,B_02,80,S,50,,S,Basura Afuera,54532,Nocturno,2026-04-25 23:29:09,,178552,"POINT (  573741.496750737,   6137356.70093421)",PARAGUAY 1473 EN 1491 EN 1491,0
2026-04-25,B_02,81,S,50,,S,,54532,Nocturno,2026-04-25 22:24:17,,178554,"POINT (  573631.144777767,   6137225.23758137)",AV LIB BRIG GRAL LAVALLEJA 1409 (*) FTE 1409 (*) FTE 1409,0
2026-04-25,B_02,82,S,25,,S,Basura Afuera,54532,Nocturno,2026-04-25 22:24:24,,178555,"POINT (  573629.697837662,   6137222.13699543)",AV LIB BRIG GRAL LAVALLEJA 1409 (*) FTE 1409 (*) FTE 1409,0
2026-04-25,B_02,83,S,50,,S,,54532,Nocturno,2026-04-25 20:24:42,,178556,"POINT (  573641.054091276,   6137330.06409288)",RIO NEGRO 1467 ,0
2026-04-25,B_02,84,S,50,,S,,54532,Nocturno,2026-04-25 20:31:11,,178558,"POINT (  573635.940695386,   6137586.43000196)",RIO NEGRO 1598 ,0
2026-04-25,B_02,85,S,25,,S,,54532,Nocturno,2026-04-25 20:31:14,,178559,"POINT (  573633.544773336,   6137617.76025624)",RIO NEGRO 1601 FTE 1607. MURO FTE 1607. MURO,0
2026-04-25,B_02,86,S,25,,S,,54532,Nocturno,2026-04-25 20:31:17,,178560,"POINT (  573633.318784636,   6137620.47212065)",RIO NEGRO 1601 FTE 1607. MURO FTE 1607. MURO,0
2026-04-25,B_02,87,S,25,,S,,54532,Nocturno,2026-04-25 18:41:26,,179357,"POINT (  573919.282685321,   6137781.78138799)",CUAREIM 1678 FTE 1680 FTE 1680,0
2026-04-25,B_02,88,S,50,,S,,54532,Nocturno,2026-04-25 18:41:23,,178562,"POINT (  573922.541018160,   6137736.78117224)",CUAREIM Esq. GALICIA S/NUM. ESQ GALICIA S/NUM. ESQ GALICIA,0
2026-04-25,B_02,89,S,75,,S,"Basura Afuera, Escombro",54532,Nocturno,2026-04-25 18:41:31,,178563,"POINT (  573925.582120350,   6137699.49325240)",CUAREIM 1643 EN 1647 EN 1647,0
2026-04-25,B_02,90,S,75,,S,Basura Afuera,54532,Nocturno,2026-04-25 18:46:34,,178924,"POINT (  573945.692784520,   6137607.50427075)",CUAREIM 1596 ,0
2026-04-25,B_02,91,S,25,,S,,54532,Nocturno,2026-04-25 18:48:25,,178564,"POINT (  573936.373080802,   6137539.01302641)",CUAREIM 1552 FTE 1556 FTE 1556,0
2026-04-25,B_02,92,S,25,,S,,54532,Nocturno,2026-04-25 18:48:30,,178565,"POINT (  573936.599069503,   6137536.35765918)",CUAREIM 1552 FTE 1556 FTE 1556,0
2026-04-25,B_02,93,S,50,,S,,54532,Nocturno,2026-04-25 18:53:12,,178567,"POINT (  573946.778270302,   6137388.78650792)",CUAREIM 1489 FTE 1492 FTE 1492,0
2026-04-25,B_02,94,S,75,,S,Basura Afuera,54532,Nocturno,2026-04-25 18:56:12,,178568,"POINT (  573957.785510181,   6137263.25031454)",CUAREIM 1425 FTE 1430 FTE 1430,0
2026-04-25,B_02,95,S,25,,S,,54532,Nocturno,2026-04-25 18:56:18,,183674,"POINT (  573967.372289543,   6137132.59142615)",CUAREIM 1351 ,0
2026-04-25,B_02,96,S,100,,S,Basura Afuera,54532,Nocturno,2026-04-25 19:01:04,,178570,"POINT (  573971.668977770,   6137071.62305404)",ZELMAR MICHELINI 1337 EN 1337 BIS EN 1337 BIS,0
2026-04-25,B_02,97,S,50,,S,,54532,Nocturno,2026-04-25 19:01:08,,179355,"POINT (  573988.406979107,   6137030.25596426)",ZELMAR MICHELINI 1326 FTE 1317 FTE 1317,0
2026-04-25,B_02,98,S,50,,S,Basura Afuera,54532,Nocturno,2026-04-25 19:01:12,,179356,"POINT (  573988.858956508,   6137028.22206595)",ZELMAR MICHELINI 1326 FTE 1317 FTE 1317,0
2026-04-25,B_02,99,S,50,,S,Basura Afuera,54532,Nocturno,2026-04-25 19:01:38,,178571,"POINT (  573985.271385887,   6136923.36330889)",ZELMAR MICHELINI 1273 (*) EN 1275. VERIFICAR (*) EN 1275. VERIFICAR,0
2026-04-25,B_02,100,S,50,,S,Basura Afuera,54532,Nocturno,2026-04-25 19:01:42,,179354,"POINT (  573985.384380238,   6136922.23336539)",ZELMAR MICHELINI 1273 (*) EN 1275. VERIFICAR (*) EN 1275. VERIFICAR,0
2026-04-25,B_02,101,S,50,,S,,54532,Nocturno,2026-04-25 19:03:37,,178597,"POINT (  573991.110210239,   6136838.61545838)",ZELMAR MICHELINI 1223 EN 1225 EN 1225,0
2026-04-25,B_02,102,N,,"Contenedor Roto (choque, desfonde, etc.)",S,,54532,Nocturno,2026-04-25 19:04:02,,178925,"POINT (  573991.298534156,   6136837.42274024)",ZELMAR MICHELINI 1223 EN 1225 EN 1225,0
2026-04-25,B_02,103,S,50,,S,Basura Afuera,54532,Nocturno,2026-04-25 19:08:52,,178598,"POINT (  574011.606129888,   6136775.93498129)",ZELMAR MICHELINI 1194 EN 1198 EN 1198,0
2026-04-25,B_02,104,S,25,,S,Basura Afuera,54532,Nocturno,2026-04-25 19:08:57,,178934,"POINT (  574011.700291846,   6136774.55393923)",ZELMAR MICHELINI 1194 EN 1198 EN 1198,0
2026-04-25,B_02,105,S,50,,S,,54532,Nocturno,2026-04-25 19:09:14,,179353,"POINT (  574011.881555379,   6136773.08082301)",ZELMAR MICHELINI 1194 EN 1198 EN 1198,0
2026-04-25,B_02,106,S,50,,S,Basura Afuera,54532,Nocturno,2026-04-25 19:09:42,,178620,"POINT (  574009.155993857,   6136603.20811206)",ZELMAR MICHELINI 1111 EN 1105/1111 EN 1105/1111,0
2026-04-25,B_02,107,S,50,,S,Basura Afuera,54532,Nocturno,2026-04-25 19:09:45,,178621,"POINT (  574009.326642321,   6136601.33097896)",ZELMAR MICHELINI 1111 EN 1105/1111 EN 1105/1111,0
2026-04-25,B_02,108,S,50,,S,,54532,Nocturno,2026-04-25 19:14:56,,178622,"POINT (  574012.341431854,   6136567.20128612)",ZELMAR MICHELINI 1099 FTE 1094 FTE 1094,0
2026-04-25,B_02,109,S,50,,S,,54532,Nocturno,2026-04-25 19:14:59,,178652,"POINT (  574012.455197497,   6136565.38103584)",ZELMAR MICHELINI 1099 FTE 1094 FTE 1094,0
2026-04-25,B_02,110,S,50,,S,,54532,Nocturno,2026-04-25 19:15:03,,179369,"POINT (  574012.796494426,   6136563.90208248)",ZELMAR MICHELINI 1099 ,0
2026-04-25,B_02,111,S,75,,S,,54532,Nocturno,2026-04-25 19:39:14,,178775,"POINT (  573915.234199500,   6136489.81019259)",HECTOR GUTIERREZ RUIZ 1061 FTE 1056 FTE 1056,0
2026-04-25,B_02,112,S,25,,S,,54532,Nocturno,2026-04-25 19:39:17,,179399,"POINT (  573915.751001307,   6136485.48205338)",HECTOR GUTIERREZ RUIZ 1051 ,0
2026-04-25,B_02,113,S,50,,S,,54532,Nocturno,2026-04-25 19:42:37,,178653,"POINT (  573919.847657074,   6136589.29551228)",HECTOR GUTIERREZ RUIZ 1104 FTE 1103 FTE 1103,0
2026-04-25,B_02,114,S,100,,S,Basura Afuera,54532,Nocturno,2026-04-25 19:42:43,,178654,"POINT (  573919.621668373,   6136591.66839364)",HECTOR GUTIERREZ RUIZ 1104 FTE 1103 FTE 1103,0
2026-04-25,B_02,115,S,50,,S,,54532,Nocturno,2026-04-25 19:45:48,,178655,"POINT (  573909.113193797,   6136758.10907160)",HECTOR GUTIERREZ RUIZ 1189 IGLECIA. FTE 1991 IGLECIA. FTE 1991,0
2026-04-25,B_02,116,S,50,,S,,54532,Nocturno,2026-04-25 19:45:51,,178656,"POINT (  573908.774210746,   6136760.93393036)",HECTOR GUTIERREZ RUIZ 1189 IGLECIA. FTE 1991 IGLECIA. FTE 1991,0
2026-04-25,B_02,117,S,75,,S,Basura Afuera,54532,Nocturno,2026-04-25 19:47:29,,178657,"POINT (  573881.722739439,   6136901.41844834)",HECTOR GUTIERREZ RUIZ 1257 EN 1255/1257 EN 1255/1257,0
2026-04-25,B_02,118,S,75,,S,,54532,Nocturno,2026-04-25 19:58:25,,178659,"POINT (  573891.531284746,   6136962.85467175)",HECTOR GUTIERREZ RUIZ 1290 UTE UTE,0
2026-04-25,B_02,119,S,75,,S,,54532,Nocturno,2026-04-25 19:58:31,,178660,"POINT (  573891.270762037,   6136966.05121670)",HECTOR GUTIERREZ RUIZ 1290 UTE UTE,0
2026-04-25,B_02,120,S,75,,S,Basura Afuera,54532,Nocturno,2026-04-26 00:12:19,,178661,"POINT (  573684.706414136,   6136783.70229194)",RIO NEGRO 1207 EN 1205 EN 1205,0
2026-04-25,B_02,121,S,50,,S,Basura Afuera,54532,Nocturno,2026-04-26 00:12:23,,178662,"POINT (  573684.819408486,   6136781.66839364)",RIO NEGRO 1201 EN 1205 EN 1205,0
2026-04-25,B_02,122,S,100,,S,"Basura Afuera, Requiere Mantenimiento",54532,Nocturno,2026-04-26 00:12:06,,178663,"POINT (  573702.594565751,   6136739.64493473)",RIO NEGRO 1186 EN 1192 EN 1192,0
2026-04-25,B_02,123,S,75,,S,Basura Afuera,54532,Nocturno,2026-04-25 19:25:03,,178664,"POINT (  573693.284007827,   6136673.34094950)",RIO NEGRO 1155 FTE 1152. ESQ MALDONADO FTE 1152. ESQ MALDONADO,0
2026-04-25,B_02,124,S,75,,S,Basura Afuera,54532,Nocturno,2026-04-25 19:25:19,,178667,"POINT (  573712.729013006,   6136594.09777217)",RIO NEGRO 1108 EN 1110 EN 1110,0
2026-04-25,B_02,125,S,50,,S,,54532,Nocturno,2026-04-25 19:25:22,,178668,"POINT (  573712.842007356,   6136591.83788516)",RIO NEGRO 1108 EN 1110 EN 1110,0
2026-04-25,B_02,126,S,50,,S,,54532,Nocturno,2026-04-25 19:27:42,,182141,"POINT (  573707.332164924,   6136501.21625991)",RIO NEGRO 1073 ,0
2026-04-25,B_02,127,S,75,,S,,54532,Nocturno,2026-04-25 21:23:32,,179363,"POINT (  573494.918278542,   6136579.02715070)",WILSON FERREIRA ALDUNATE 1115 ,0
2026-04-25,B_02,128,S,50,,S,,54532,Nocturno,2026-04-25 21:23:37,,179362,"POINT (  573494.579295491,   6136581.06104900)",WILSON FERREIRA ALDUNATE 1115 ,0
2026-04-25,B_02,129,S,50,,S,,54532,Nocturno,2026-04-25 21:35:42,,178670,"POINT (  573486.423977234,   6136663.58422308)",WILSON FERREIRA ALDUNATE 1157 FTE 1156 FTE 1156,0
2026-04-25,B_02,130,S,50,,S,,54532,Nocturno,2026-04-25 21:35:45,,178671,"POINT (  573486.280929378,   6136665.02284577)",WILSON FERREIRA ALDUNATE 1157 FTE 1156. MURO FTE 1156. MURO,0
2026-04-25,B_02,131,N,,Contenedor No Está,S,,54532,Nocturno,2026-04-25 21:44:29,,178673,"POINT (  573463.406979108,   6136968.39155748)",WILSON FERREIRA ALDUNATE 1301 EN 1305 EN 1305,0
2026-04-25,B_02,132,S,75,,S,,54532,Nocturno,2026-04-25 21:51:32,,178674,"POINT (  573449.061885989,   6137148.25010495)",RIO BRANCO 1391 FTE 1394 FTE 1394,0
2026-04-25,B_02,133,S,50,,S,Basura Afuera,54532,Nocturno,2026-04-25 21:51:41,,178675,"POINT (  573448.690657810,   6137151.88810151)",RIO BRANCO 1391 FTE 1394 FTE 1394,0
2026-04-25,B_02,134,S,25,,S,,54532,Nocturno,2026-04-25 21:54:08,,178676,"POINT (  573445.247506646,   6137187.93062831)",RIO BRANCO 1407 ,0
2026-04-25,B_02,135,S,50,,S,,54532,Nocturno,2026-04-25 21:54:12,,178677,"POINT (  573445.037117770,   6137192.29690154)",RIO BRANCO 1407 ,0
2026-04-25,B_02,136,S,100,,S,,54532,Nocturno,2026-04-25 21:55:51,,178678,"POINT (  573440.864606227,   6137253.81528629)",RIO BRANCO 1445 ,0
2026-04-25,B_02,137,S,25,,S,,54532,Nocturno,2026-04-25 21:58:26,,178679,"POINT (  573436.994007435,   6137301.34230410)",RIO BRANCO 1461 EN 1465/1467 EN 1465/1467,0
2026-04-25,B_02,138,S,100,,S,,54532,Nocturno,2026-04-25 21:58:31,,178680,"POINT (  573437.053412464,   6137303.00564494)",RIO BRANCO 1465 EN 1465/1467 EN 1465/1467,0
2026-04-25,B_02,139,S,75,,S,,54532,Nocturno,2026-04-25 22:03:27,,178681,"POINT (  573433.067996057,   6137352.79833714)",RIO BRANCO 1494 FTE 1494 FTE 1494,0
2026-04-25,B_02,140,S,25,,S,,54532,Nocturno,2026-04-25 22:03:31,,179573,"POINT (  573432.834692264,   6137356.83495212)",RIO BRANCO 1494 FTE 1494 FTE 1494,0
2026-04-25,B_02,141,S,75,,S,,54532,Nocturno,2026-04-25 18:51:40,,180469,"POINT (  573957.276745534,   6137441.48358322)",CUAREIM 1506 EN 1516 EN 1516,0
2026-04-25,B_02,142,S,50,,S,,54532,Nocturno,2026-04-25 20:19:30,,178768,"POINT (  573697.813758770,   6137404.88873262)",AV URUGUAY 1071 ,0
2026-04-25,B_02,143,S,25,,S,Basura Afuera,54532,Nocturno,2026-04-25 20:19:34,,178769,"POINT (  573694.649916962,   6137405.11472132)",AV URUGUAY 1071 ,0
2026-04-25,B_02,144,S,75,,S,,54532,Nocturno,2026-04-25 20:28:09,,181981,"POINT (  573633.641944142,   6137436.12602458)",RIO NEGRO 1521 ,0
2026-04-25,B_02,145,S,25,,S,,54532,Nocturno,2026-04-25 20:28:14,,179358,"POINT (  573633.545866231,   6137438.11326128)",RIO NEGRO 1521 AL LADO DE 1529 AL LADO DE 1529,0
2026-04-25,B_02,146,S,25,,S,Basura Afuera,54532,Nocturno,2026-04-25 20:28:18,,179359,"POINT (  573633.483091592,   6137438.99210622)",RIO NEGRO 1521 AL LADO DE 1529 AL LADO DE 1529,0
2026-04-25,B_02,147,S,75,,S,,54532,Nocturno,2026-04-25 20:19:49,,178690,"POINT (  573865.497374588,   6137698.70229194)",AV LIB BRIG GRAL LAVALLEJA 1638 EN 1640 EN 1640,0
2026-04-25,B_02,148,S,75,,S,,54532,Nocturno,2026-04-25 20:19:54,,178691,"POINT (  573866.401329391,   6137701.41415635)",AV LIB BRIG GRAL LAVALLEJA 1638 EN 1640 EN 1640,0
2026-04-25,B_02,149,S,75,,S,Basura Afuera,54532,Nocturno,2026-04-25 20:14:30,,178692,"POINT (  573810.921103402,   6137772.26161397)",AV GRAL RONDEAU 1673 EN 1685/ESTACIONAMIENTO EN 1685/ESTACIONAMIENTO,0
2026-04-25,B_02,150,S,50,,S,,54532,Nocturno,2026-04-25 20:15:56,,178693,"POINT (  573796.572652558,   6137628.66401807)",AV LIB BRIG GRAL LAVALLEJA 1601 EN 1615/FARMACIA EN 1615/FARMACIA,0
2026-04-25,B_02,151,S,50,,S,,54532,Nocturno,2026-04-25 22:14:00,,178694,"POINT (  573725.238885658,   6137776.05617368)",PARAGUAY 1682 S/F S/F,0
2026-04-25,B_02,152,S,75,,S,,54532,Nocturno,2026-04-25 22:14:04,,178695,"POINT (  573725.435349312,   6137773.69860983)",PARAGUAY 1682 S/F S/F,0
2026-04-25,B_02,153,S,50,,S,,54532,Nocturno,2026-04-25 22:14:08,,179350,"POINT (  573725.610368938,   6137772.14861962)",PARAGUAY 1682 ,0
2026-04-25,B_02,154,S,50,,S,,54532,Nocturno,2026-04-25 22:20:16,,178696,"POINT (  573731.835733788,   6137673.84782686)",PARAGUAY 1635 FTE 1637 FTE 1637,0
2026-04-25,B_02,155,S,25,,S,Basura Afuera,54532,Nocturno,2026-04-25 22:20:21,,178697,"POINT (  573732.231214014,   6137670.62748788)",PARAGUAY 1631 FTE 1637 FTE 1637,0
2026-04-25,B_02,156,S,50,,S,,54532,Nocturno,2026-04-25 18:46:07,,178698,"POINT (  573859.791159899,   6137610.05822414)",CERRO LARGO 1162 FTE 1157 FTE 1157,0
2026-04-25,B_02,157,S,50,,S,,54532,Nocturno,2026-04-25 18:46:04,,178699,"POINT (  573856.514323740,   6137610.17121849)",CERRO LARGO 1162 FTE 1157 FTE 1157,0
2026-04-25,B_02,158,S,50,,S,,54532,Nocturno,2026-04-26 00:11:47,,178700,"POINT (  573769.056696622,   6137467.91133149)",AV LIB BRIG GRAL LAVALLEJA 1532 EN 1532/AUTOMOVIL CLUB EN 1532/AUTOMOVIL CLUB,0
2026-04-25,B_02,159,S,50,,S,,54532,Nocturno,2026-04-26 00:11:51,,178701,"POINT (  573767.926753119,   6137464.74748968)",AV LIB BRIG GRAL LAVALLEJA 1532 EN 1532/AUTOMOVIL CLUB EN 1532/AUTOMOVIL CLUB,0
2026-04-25,B_02,160,S,50,,S,,54532,Nocturno,2026-04-25 23:53:21,,182175,"POINT (  573671.368424573,   6137130.21554414)",RIO NEGRO 1362 ,0
2026-04-25,B_02,161,S,25,,S,,54532,Nocturno,2026-04-25 23:53:25,,182176,"POINT (  573671.823487145,   6137126.80257486)",RIO NEGRO 1362 ,0
2026-04-25,B_02,162,S,75,,S,Basura Afuera,54532,Nocturno,2026-04-25 23:58:16,,178706,"POINT (  573678.139360452,   6137051.28341729)",RIO NEGRO 1338 ,0
2026-04-25,B_02,163,S,75,,S,Basura Afuera,54532,Nocturno,2026-04-25 23:58:28,,178707,"POINT (  573682.842007356,   6136991.78138798)",RIO NEGRO 1310 EN 1308/1310 EN 1308/1310,0
2026-04-25,B_02,164,S,50,,S,,54532,Nocturno,2026-04-25 23:58:35,,178708,"POINT (  573683.067996056,   6136988.95652923)",RIO NEGRO 1306 EN 1308/1310 EN 1308/1310,0
2026-04-25,B_02,165,S,75,,S,Basura Afuera,54532,Nocturno,2026-04-26 00:01:07,,178709,"POINT (  573673.802459333,   6136920.14296990)",RIO NEGRO 1277 EN 1277/1279 EN 1277/1279,0
2026-04-25,B_02,166,S,75,,S,,54532,Nocturno,2026-04-26 00:12:37,,179351,"POINT (  573693.519973458,   6136848.10907160)",RIO NEGRO 1242 EN 1246 EN 1246,0
2026-04-25,B_02,167,S,50,,S,,54532,Nocturno,2026-04-26 00:12:41,,179352,"POINT (  573693.632967808,   6136845.28421284)",RIO NEGRO 1242 EN 1246 EN 1246,0
2026-04-25,B_02,168,S,75,,S,Basura Afuera,54532,Nocturno,2026-04-25 19:58:47,,178714,"POINT (  573881.609745089,   6137158.25460654)",DRA ADELA RETA 1157 ESQ RONDEAU ESQ RONDEAU,0
2026-04-25,B_02,169,S,50,,S,Basura Afuera,54532,Nocturno,2026-04-25 19:58:50,,178715,"POINT (  573878.219914580,   6137158.14161219)",DRA ADELA RETA Esq. AV GRAL RONDEAU ESQ RONDEAU ESQ RONDEAU,0
2026-04-25,B_02,170,S,50,,S,Basura Afuera,54532,Nocturno,2026-04-25 19:59:15,,178716,"POINT (  573869.395679672,   6137235.79268742)",AV GRAL RONDEAU 1414 ,0
2026-04-25,B_02,171,S,50,,S,Basura Afuera,54532,Nocturno,2026-04-25 20:02:21,,179348,"POINT (  573869.282685322,   6137237.37460832)",AV GRAL RONDEAU 1414 ,0
2026-04-25,B_02,172,S,50,,S,,54532,Nocturno,2026-04-25 20:02:39,,178718,"POINT (  573862.115168297,   6137338.99321510)",AV GRAL RONDEAU 1462 ,0
2026-04-25,B_02,173,N,,Contenedor No Está,S,,54532,Nocturno,2026-04-25 20:02:54,,178719,"POINT (  573859.363982377,   6137385.72635795)",AV GRAL RONDEAU 1492 EN 1494 EN 1494,0
2026-04-25,B_02,174,S,50,,S,Basura Afuera,54532,Nocturno,2026-04-25 20:06:13,,178720,"POINT (  573853.064426337,   6137451.76510819)",AV GRAL RONDEAU 1514 ,0
2026-04-25,B_03,1,S,25,,S,,54533,Nocturno,2026-04-25 22:09:07,,178077,"POINT (  574533.561559876,   6136240.65563409)",CEBOLLATI 1441 EN 1447 EN 1447,0
2026-04-25,B_03,2,S,50,,S,,54533,Nocturno,2026-04-25 20:05:32,,179368,"POINT (  574295.889442701,   6136284.10344706)",DOMINGO PETRARCA 918 FTE 920 FTE 920,0
2026-04-25,B_03,3,,,,S,,54533,Nocturno,,,179479,"POINT (  574268.001026360,   6136154.73080064)",DOMINGO PETRARCA 862 ,0
2026-04-25,B_03,4,S,75,,S,,54533,Nocturno,2026-04-25 22:15:07,,179394,"POINT (  573960.195445752,   6136221.26636711)",RBLA REPUBLICA ARGENTINA 1201 ,0
2026-04-25,B_03,5,S,75,,S,,54533,Nocturno,2026-04-25 22:14:27,,179395,"POINT (  573958.452526362,   6136223.00928650)",RBLA REPUBLICA ARGENTINA 1201 ,0
2026-04-25,B_03,6,S,75,,S,,54533,Nocturno,2026-04-25 22:21:32,,178977,"POINT (  573921.978767320,   6136403.65682396)",HECTOR GUTIERREZ RUIZ 1009 ,0
2026-04-25,B_03,7,S,50,,S,,54533,Nocturno,2026-04-25 22:21:38,,179400,"POINT (  573923.129227442,   6136399.80182891)",HECTOR GUTIERREZ RUIZ 1009 ,0
2026-04-25,B_03,8,S,50,,S,,54533,Nocturno,2026-04-25 22:23:42,,179401,"POINT (  574012.184386691,   6136336.42424057)",ZELMAR MICHELINI 953 ,0
2026-04-25,B_03,9,S,75,,S,,54533,Nocturno,2026-04-25 22:23:58,,178777,"POINT (  574011.229304142,   6136331.30265570)",ZELMAR MICHELINI 953 ,0
2026-04-25,B_03,10,S,50,,S,,54533,Nocturno,2026-04-25 22:29:58,,178778,"POINT (  574034.491096027,   6136327.32651726)",JOSE MARIA ROO 1259 ,0
2026-04-25,B_03,11,S,100,,S,,54533,Nocturno,2026-04-25 22:29:53,,179402,"POINT (  574038.307233404,   6136326.33132253)",JOSE MARIA ROO 1259 ,0
2026-04-25,B_03,12,S,50,,S,,54533,Nocturno,2026-04-25 22:32:33,,179403,"POINT (  574116.378923013,   6136318.31635819)",17 METROS Esq. JOSE MARIA ROO ,0
2026-04-25,B_03,13,S,25,,S,,54533,Nocturno,2026-04-25 22:34:14,,179404,"POINT (  574139.978540214,   6136411.89848803)",17 METROS 997 ,0
2026-04-25,B_03,14,S,75,,S,,54533,Nocturno,2026-04-25 22:34:39,,178782,"POINT (  574141.356240026,   6136417.71549295)",17 METROS 997 ,0
2026-04-25,B_03,15,S,75,,S,,54533,Nocturno,2026-04-25 22:40:43,,179405,"POINT (  574137.900586499,   6136470.52646787)",CARLOS QUIJANO 1024 ,0
2026-04-25,B_03,16,S,50,,S,,54533,Nocturno,2026-04-25 22:44:06,,178785,"POINT (  574130.244811308,   6136561.89112425)",CARLOS QUIJANO 1084 ,0
2026-04-25,B_03,17,S,50,,S,Basura Afuera,54533,Nocturno,2026-04-25 22:44:15,,178786,"POINT (  574104.717149910,   6136704.39719009)",CARLOS QUIJANO 1151 ,0
2026-04-25,B_03,18,S,75,,S,,54533,Nocturno,2026-04-25 22:44:38,,179370,"POINT (  574104.647828540,   6136706.05724575)",CARLOS QUIJANO 1151 SUBESTACION SUBESTACION,0
2026-04-25,B_03,19,S,50,,S,,54533,Nocturno,2026-04-25 22:49:41,,179488,"POINT (  574104.619376471,   6136707.46640370)",CARLOS QUIJANO 1151 ,0
2026-04-25,B_03,20,S,50,,S,Basura Afuera,54533,Nocturno,2026-04-25 22:56:00,,179407,"POINT (  574107.844470252,   6136846.11660201)",CARLOS QUIJANO 1226 ,0
2026-04-25,B_03,21,S,100,,S,,54533,Nocturno,2026-04-25 22:56:06,,179408,"POINT (  574107.696044986,   6136849.08510731)",CARLOS QUIJANO 1230 ,0
2026-04-25,B_03,22,,,,S,,54533,Nocturno,,,183409,"POINT (  574076.053091827,   6137077.15234915)",CARLOS QUIJANO 1337 ,0
2026-04-25,B_03,23,,,,S,,54533,Nocturno,,,179409,"POINT (  574074.560104482,   6137082.33541192)",CARLOS QUIJANO 1337 ,0
2026-04-25,B_03,24,,,,S,,54533,Nocturno,,,183114,"POINT (  574074.363569979,   6137086.28083208)",CARLOS QUIJANO 1337 ,0
2026-04-25,B_03,25,S,25,,S,,54533,Nocturno,2026-04-25 21:36:45,,183685,"POINT (  574081.221075381,   6137186.88094183)",YI 1382 PROV O: O Yaguaron 1391 PROV O: O Yaguaron 1391,0
2026-04-25,B_03,26,S,50,,S,,54533,Nocturno,2026-04-25 21:35:38,,179410,"POINT (  574078.716011914,   6137202.85672743)",YI 1394 ,0
2026-04-25,B_03,27,S,25,,S,,54533,Nocturno,2026-04-25 21:35:42,,178793,"POINT (  574074.260285446,   6137262.39900691)",YI 1428 ,0
2026-04-25,B_03,28,S,25,,S,,54533,Nocturno,2026-04-25 21:35:48,,178794,"POINT (  574073.739312765,   6137265.04394514)",YI 1428 EN 1418 EN 1418,0
2026-04-25,B_03,29,S,25,,S,Basura Afuera,54533,Nocturno,2026-04-25 21:29:09,,179411,"POINT (  574066.990415946,   6137364.64026674)",YI 1480 ,0
2026-04-25,B_03,30,S,50,,S,,54533,Nocturno,2026-04-25 21:29:04,,183681,"POINT (  574067.370670152,   6137369.12518584)",YI 1480 PROV O: O Yaguaron 1493 PROV O: O Yaguaron 1493,0
2026-04-25,B_03,31,S,50,,S,,54533,Nocturno,2026-04-25 21:29:00,,183682,"POINT (  574060.298840305,   6137447.24809695)",YI 1504 PROV O: O Yaguaron 1518 PROV O: O Yaguaron 1518,0
2026-04-25,B_03,32,S,50,,S,,54533,Nocturno,2026-04-25 21:25:51,,179412,"POINT (  574060.014428471,   6137454.73440285)",YI 1516 ,0
2026-04-25,B_03,33,S,50,,S,,54533,Nocturno,2026-04-25 21:25:46,,183678,"POINT (  574052.698742920,   6137547.12621198)",YI 1558 PROV  O: Yaguaron 1590 PROV  O: Yaguaron 1590,0
2026-04-25,B_03,34,,,,S,,54533,Nocturno,,,183668,"POINT (  574052.154080610,   6137550.17632092)",YI 1558 PROV O: O Yaguaron 1558 PROV O: O Yaguaron 1558,0
2026-04-25,B_03,35,,,,S,,54533,Nocturno,,,179413,"POINT (  574050.737849383,   6137553.62273593)",YI 1558 ,0
2026-04-25,B_03,36,,,,S,,54533,Nocturno,,,178798,"POINT (  574043.529342939,   6137648.48615735)",YI 1606 ,0
2026-04-25,B_03,37,,,,S,,54533,Nocturno,,,182169,"POINT (  574022.699081570,   6137752.31906872)",YI 1661 ,0
2026-04-25,B_03,38,,,,S,,54533,Nocturno,,,178800,"POINT (  574016.953673022,   6137821.06874475)",YI 1689 MURO MURO,0
2026-04-25,B_03,39,S,50,,S,,54533,Nocturno,2026-04-25 21:41:09,,179418,"POINT (  574178.643321855,   6137086.97370146)",DR AQUILES R LANZA 1339 ,0
2026-04-25,B_03,40,S,50,,S,Basura Afuera,54533,Nocturno,2026-04-25 21:41:17,,178808,"POINT (  574178.615121055,   6137083.62522746)",DR AQUILES R LANZA 1339 EN 1335 EN 1335,0
2026-04-25,B_03,41,,,,S,,54533,Nocturno,,,178809,"POINT (  574189.996370407,   6136942.40155592)",DR AQUILES R LANZA 1261 FTE 1266 FTE 1266,0
2026-04-25,B_03,42,,,,S,,54533,Nocturno,,,179489,"POINT (  574190.808760567,   6136937.87350218)",DR AQUILES R LANZA 1261 ,0
2026-04-25,B_03,43,,,,S,,54533,Nocturno,,,179420,"POINT (  574190.577279085,   6136933.21663943)",DR AQUILES R LANZA 1261 ,0
2026-04-25,B_03,44,,,,S,,54533,Nocturno,,,178810,"POINT (  574198.892980816,   6136825.94412417)",DR AQUILES R LANZA 1209 EN 1211 EN 1211,0
2026-04-25,B_03,45,,,,S,,54533,Nocturno,,,178811,"POINT (  574205.064503351,   6136755.73303662)",DR AQUILES R LANZA 1179 ,0
2026-04-25,B_03,46,,,,S,,54533,Nocturno,,,179421,"POINT (  574211.601244227,   6136671.50639978)",DR AQUILES R LANZA 1143 ,0
2026-04-25,B_03,47,,,,S,,54533,Nocturno,,,178813,"POINT (  574220.773833443,   6136547.02336540)",DR AQUILES R LANZA 1075 EN 1073 EN 1073,0
2026-04-25,B_03,48,,,,S,,54533,Nocturno,,,178814,"POINT (  574227.987301342,   6136443.18950247)",DR AQUILES R LANZA 1011 EN 1013. FLORERIA EN 1013. FLORERIA,0
2026-04-25,B_03,49,,,,S,,54533,Nocturno,,,179423,"POINT (  574228.213444662,   6136441.82230392)",DR AQUILES R LANZA 1011 ,0
2026-04-25,B_03,50,S,25,,S,,54533,Nocturno,2026-04-25 22:01:54,,179424,"POINT (  574446.023902179,   6136375.97263072)",AV GONZALO RAMIREZ 1395 ,0
2026-04-25,B_03,51,S,25,,S,,54533,Nocturno,2026-04-25 22:04:54,,179425,"POINT (  574467.483597168,   6136343.07502723)",SANTIAGO DE CHILE 947 ,0
2026-04-25,B_03,52,S,25,,S,,54533,Nocturno,2026-04-25 22:06:49,,179426,"POINT (  574470.969435948,   6136286.21228214)",SANTIAGO DE CHILE 929 ,0
2026-04-25,B_03,53,S,25,,S,,54533,Nocturno,2026-04-25 22:11:46,,179427,"POINT (  574449.727605883,   6136134.79616013)",LA CUMPARSITA 1389 ,0
2026-04-25,B_03,54,,,,S,,54533,Nocturno,,,179429,"POINT (  574373.202551416,   6136137.41053922)",EJIDO 862 ,0
2026-04-25,B_03,55,,,,S,,54533,Nocturno,,,180781,"POINT (  574344.030020262,   6136314.10370828)",EJIDO 963 PROV OV(O:EJIDO 966) PROV OV(O:EJIDO 966),0
2026-04-25,B_03,56,,,,S,,54533,Nocturno,,,180780,"POINT (  574343.703222876,   6136315.73769521)",EJIDO 963 PROV OV(O:EJIDO 966) PROV OV(O:EJIDO 966),0
2026-04-25,B_03,57,,,,S,,54533,Nocturno,,,180779,"POINT (  574343.267493029,   6136317.37168214)",EJIDO 967 PROV OV(O:EJIDO 966) PROV OV(O:EJIDO 966),0
2026-04-25,B_03,58,,,,S,,54533,Nocturno,,,179795,"POINT (  574333.231591549,   6136438.52647606)",EJIDO 1015 EN 1029 EN 1029,0
2026-04-25,B_03,59,,,,S,,54533,Nocturno,,,179433,"POINT (  574333.006472984,   6136440.56958061)",EJIDO 1015 EN 1029 EN 1029,0
2026-04-25,B_03,60,,,,S,,54533,Nocturno,,,179434,"POINT (  574327.723248584,   6136667.53036492)",EJIDO 1130 ,0
2026-04-25,B_03,61,,,,S,,54533,Nocturno,,,178832,"POINT (  574313.466895948,   6136685.96277210)",EJIDO 1139 ,0
2026-04-25,B_03,62,,,,S,,54533,Nocturno,,,179371,"POINT (  574313.329835512,   6136688.38008170)",EJIDO 1149 ,0
2026-04-25,B_03,63,,,,S,,54533,Nocturno,,,178833,"POINT (  574304.890884112,   6136790.07715878)",EJIDO 1195 ,0
2026-04-25,B_03,64,,,,S,,54533,Nocturno,,,179435,"POINT (  574305.065296514,   6136795.19921024)",EJIDO 1195 ,0
2026-04-25,B_03,65,,,,S,,54533,Nocturno,,,179436,"POINT (  574312.254838998,   6136888.00966775)",EJIDO 1238 ,0
2026-04-25,B_03,66,N,,Auto,S,,54533,Nocturno,2026-04-25 21:42:19,,180658,"POINT (  574271.361299782,   6137009.50272658)",SAN JOSE 1334 ,0
2026-04-25,B_03,67,,,,S,,54533,Nocturno,,,178837,"POINT (  574276.998808235,   6137157.32282449)",EJIDO 1363 ,0
2026-04-25,B_03,68,,,,S,,54533,Nocturno,,,178838,"POINT (  574272.149754814,   6137213.58787410)",EJIDO 1395 EN 1393 EN 1393,0
2026-04-25,B_03,69,,,,S,,54533,Nocturno,,,179437,"POINT (  574272.058760566,   6137215.67851307)",EJIDO 1395 ,0
2026-04-25,B_03,70,,,,S,,54533,Nocturno,,,183684,"POINT (  574266.300549238,   6137286.52762092)",EJIDO 1429 PROV O: O Yaguaron 1436 PROV O: O Yaguaron 1436,0
2026-04-25,B_03,71,,,,S,,54533,Nocturno,,,183683,"POINT (  574265.646954466,   6137290.88491939)",EJIDO 1429 PROV o: o Yaguaron 1436 PROV o: o Yaguaron 1436,0
2026-04-25,B_03,72,,,,S,,54533,Nocturno,,,178840,"POINT (  574265.337035131,   6137295.42065993)",EJIDO 1433 EN1433/1435 EN1433/1435,0
2026-04-25,B_03,73,,,,S,,54533,Nocturno,,,179438,"POINT (  574260.947649455,   6137363.66326252)",EJIDO 1463 ,0
2026-04-25,B_03,74,,,,S,,54533,Nocturno,,,178842,"POINT (  574259.005213309,   6137391.84068085)",EJIDO 1475 EN 1477 EN 1477,0
2026-04-25,B_03,75,,,,S,,54533,Nocturno,,,183679,"POINT (  574253.954715033,   6137453.46722244)",EJIDO Esq. AV URUGUAY PROV O: O Yaguaron 1546 PROV O: O Yaguaron 1546,0
2026-04-25,B_03,76,,,,S,,54533,Nocturno,,,179439,"POINT (  574253.295144008,   6137460.64038671)",EJIDO 1502 ,0
2026-04-25,B_03,77,,,,S,,54533,Nocturno,,,179440,"POINT (  574239.242856426,   6137626.89855665)",EJIDO 1589 ,0
2026-04-25,B_03,78,,,,S,,54533,Nocturno,,,178845,"POINT (  574238.727353548,   6137629.96527117)",EJIDO 1589 ,0
2026-04-25,B_03,79,N,,Contenedor No Está,S,,54533,Nocturno,2026-04-25 23:03:53,,183677,"POINT (  574235.666837255,   6137686.79750763)",EJIDO 1617 PROV O: Yaguaron 1637 PROV O: Yaguaron 1637,0
2026-04-25,B_03,80,S,50,,S,,54533,Nocturno,2026-04-25 20:25:29,,178846,"POINT (  574234.379027368,   6137692.74163484)",EJIDO 1625 FABRICA FABRICA,0
2026-04-25,B_03,81,S,50,,S,,54533,Nocturno,2026-04-25 19:33:46,,179372,"POINT (  574224.794977123,   6137807.74282679)",EJIDO 1681 ,0
2026-04-25,B_03,82,S,50,,S,,54533,Nocturno,2026-04-25 19:33:38,,179485,"POINT (  574224.322468410,   6137810.15135447)",EJIDO 1689 ,0
2026-04-25,B_03,83,S,50,,S,,54533,Nocturno,2026-04-25 19:45:10,,181135,"POINT (  574345.317211832,   6137756.91397565)",DR JAVIER BARRIOS AMORIN 1638 ,0
2026-04-25,B_03,84,S,50,,S,,54533,Nocturno,2026-04-25 19:45:14,,181136,"POINT (  574346.682399545,   6137750.99816223)",DR JAVIER BARRIOS AMORIN 1638 ,0
2026-04-25,B_03,85,S,75,,S,,54533,Nocturno,2026-04-25 19:46:56,,179442,"POINT (  574321.541331372,   6137570.25367647)",AGRIM GERMAN BARBATO 1553 ,0
2026-04-25,B_03,86,S,25,,S,,54533,Nocturno,2026-04-25 19:50:09,,178850,"POINT (  574335.650488931,   6137399.06056648)",AGRIM GERMAN BARBATO 1483 FTE 1480 FTE 1480,0
2026-04-25,B_03,87,S,75,,S,,54533,Nocturno,2026-04-25 20:14:27,,183399,"POINT (  574532.394740182,   6137360.70754427)",VAZQUEZ 1481 ,0
2026-04-25,B_03,88,S,50,,S,,54533,Nocturno,2026-04-25 19:48:32,,179443,"POINT (  574336.247213725,   6137397.05106209)",AGRIM GERMAN BARBATO 1478 ,0
2026-04-25,B_03,89,S,50,,S,,54533,Nocturno,2026-04-25 20:24:40,,179445,"POINT (  574443.491222439,   6137191.49550653)",DR JAVIER BARRIOS AMORIN 1375 ,0
2026-04-25,B_03,90,,,,S,,54533,Nocturno,,,183260,"POINT (  574309.325896584,   6137346.39076220)",MERCEDES 1381 ,0
2026-04-25,B_03,91,,,,S,,54533,Nocturno,,,183259,"POINT (  574311.677053201,   6137346.69413725)",MERCEDES 1381 ,0
2026-04-25,B_03,92,S,75,,S,,54533,Nocturno,2026-04-25 20:23:12,,182177,"POINT (  574575.439437429,   6137309.09201286)",COLONIA 1508 ,0
2026-04-25,B_03,93,S,50,,S,,54533,Nocturno,2026-04-25 20:19:53,,178857,"POINT (  574426.597368978,   6137296.00798711)",DR JAVIER BARRIOS AMORIN 1428 ,0
2026-04-25,B_03,94,S,50,,S,Basura Afuera,54533,Nocturno,2026-04-25 20:33:16,,179448,"POINT (  574529.765732243,   6137607.23624727)",PAYSANDU 1559 ,0
2026-04-25,B_03,95,S,50,,S,Basura Afuera,54533,Nocturno,2026-04-25 20:58:47,,179449,"POINT (  574636.519544879,   6137760.39528866)",CARLOS ROXLO 1644 ,0
2026-04-25,B_03,96,S,50,,S,Basura Afuera,54533,Nocturno,2026-04-25 21:02:37,,179450,"POINT (  574690.767910892,   6137501.24496186)",CARLOS ROXLO 1507 ,0
2026-04-25,B_03,97,S,50,,S,,54533,Nocturno,2026-04-25 21:03:08,,179451,"POINT (  574757.652442483,   6137580.76565903)",MINAS 1590 ,0
2026-04-25,B_03,98,S,50,,S,,54533,Nocturno,2026-04-25 21:06:28,,179452,"POINT (  574711.574011110,   6137654.73080064)",MINAS 1629 ,0
2026-04-25,B_03,99,S,25,,S,,54533,Nocturno,2026-04-25 21:07:35,,179453,"POINT (  574697.440024182,   6137714.12622548)",MINAS 1668 ,0
2026-04-25,B_03,100,N,,Tapa Bloqueda,S,,54533,Nocturno,2026-04-25 21:12:17,,178872,"POINT (  574640.838114106,   6137812.34578454)",MINAS 1707 ,0
2026-04-25,B_03,101,S,50,,S,Basura Afuera,54533,Nocturno,2026-04-25 21:12:48,,179455,"POINT (  574574.564207189,   6137981.88221676)",MINAS 1806 ,0
2026-04-25,B_03,102,S,50,,S,,54533,Nocturno,2026-04-25 19:42:26,,178875,"POINT (  574603.728829247,   6138091.46691742)",MAGALLANES 1793 ,0
2026-04-25,B_03,103,S,50,,S,,54533,Nocturno,2026-04-25 19:42:30,,178876,"POINT (  574643.900890978,   6138012.92715525)",MAGALLANES 1751 MURO. LAVADERO MURO. LAVADERO,0
2026-04-25,B_03,104,S,25,,S,,54533,Nocturno,2026-04-25 19:42:34,,179483,"POINT (  574645.743490196,   6138009.58443595)",MAGALLANES 1751 ,0
2026-04-25,B_03,105,S,50,,S,,54533,Nocturno,2026-04-25 19:42:38,,178877,"POINT (  574737.567340187,   6137815.51007471)",MAGALLANES 1647 ,0
2026-04-25,B_03,106,S,25,,S,,54533,Nocturno,2026-04-25 19:42:42,,179486,"POINT (  574777.410416776,   6137733.53031416)",MAGALLANES 1601 ,0
2026-04-25,B_03,107,S,25,,S,,54533,Nocturno,2026-04-25 19:42:46,,179456,"POINT (  574778.485775817,   6137731.11968953)",MAGALLANES 1601 ,0
2026-04-25,B_03,108,S,50,,S,,54533,Nocturno,2026-04-25 19:42:50,,178878,"POINT (  574814.900691283,   6137656.05260278)",MAGALLANES Esq. AV URUGUAY UNIVERSIDAD UNIVERSIDAD,0
2026-04-25,B_03,109,S,25,,S,,54533,Nocturno,2026-04-25 19:42:54,,179457,"POINT (  574826.742856427,   6137631.55541937)",MAGALLANES 1535 ,0
2026-04-25,B_03,110,S,50,,S,,54533,Nocturno,2026-04-25 19:42:59,,178881,"POINT (  574900.589283049,   6137718.13769556)",GABOTO 1622 ,0
2026-04-25,B_03,111,S,50,,S,,54533,Nocturno,2026-04-25 19:43:02,,181606,"POINT (  574898.541501479,   6137720.64053971)",GABOTO 1631 ,0
2026-04-25,B_03,112,S,25,,S,Basura Afuera,54533,Nocturno,2026-04-25 19:43:08,,178883,"POINT (  574863.978262824,   6137790.59547147)",GABOTO 1662 FTE 1662 FTE 1662,0
2026-04-25,B_03,113,S,50,,S,Basura Afuera,54533,Nocturno,2026-04-25 19:43:13,,178884,"POINT (  574863.549490562,   6137791.52989929)",GABOTO 1662 FTE 1662 FTE 1662,0
2026-04-25,B_03,114,S,50,,S,,54533,Nocturno,2026-04-25 19:43:17,,178885,"POINT (  574863.253237609,   6137792.37009543)",GABOTO 1662 FTE 1662 FTE 1662,0
2026-04-25,B_03,115,S,50,,S,,54533,Nocturno,2026-04-25 19:43:20,,179458,"POINT (  574811.819109150,   6137891.57720587)",GABOTO Esq. CERRO LARGO ,0
2026-04-25,B_03,116,S,25,,S,,54533,Nocturno,2026-04-25 19:43:24,,179460,"POINT (  574762.908433769,   6137977.63385075)",GABOTO 1760 ,0
2026-04-25,B_03,117,S,25,,S,,54533,Nocturno,2026-04-25 19:43:27,,179461,"POINT (  574722.167693028,   6138053.34191175)",GABOTO 1803 ,0
2026-04-25,B_03,118,S,50,,S,,54533,Nocturno,2026-04-25 19:43:31,,178889,"POINT (  574720.026109133,   6138056.19770734)",GABOTO 1809 EN 1807/1809 EN 1807/1809,0
2026-04-25,B_03,119,S,25,,S,,54533,Nocturno,2026-04-25 19:43:35,,178890,"POINT (  574694.098694258,   6138104.74064103)",GABOTO 1827 EN 1831 EN 1831,0
2026-04-25,B_03,120,S,25,,S,,54533,Nocturno,2026-04-25 19:43:39,,179462,"POINT (  574692.429130936,   6138107.26348038)",GABOTO 1827 ,0
2026-04-25,B_03,121,S,25,,S,,54533,Nocturno,2026-04-25 20:03:09,,179463,"POINT (  574848.965078649,   6138078.50531044)",LA PAZ 1700 ,0
2026-04-25,B_03,122,S,50,,S,,54533,Nocturno,2026-04-25 20:03:14,,178893,"POINT (  574769.562611640,   6138040.30060625)",LA PAZ 1660 EDIFICIO EDIFICIO,0
2026-04-25,B_03,123,S,25,,S,,54533,Nocturno,2026-04-25 19:43:50,,179464,"POINT (  574658.823466448,   6137978.50531044)",MAGALLANES 1741 ,0
2026-04-25,B_03,124,S,50,,S,,54533,Nocturno,2026-04-25 19:43:53,,178895,"POINT (  574659.229160019,   6137977.23264269)",MAGALLANES 1741 ,0
2026-04-25,B_03,125,S,75,,S,,54533,Nocturno,2026-04-25 20:02:54,,178898,"POINT (  574366.581372776,   6137633.98768177)",DR JAVIER BARRIOS AMORIN 1583 ,0
2026-04-25,B_03,126,S,25,,S,,54533,Nocturno,2026-04-25 19:56:31,,178896,"POINT (  574505.228962612,   6137617.55459987)",HERMANO DAMASCENO 1658 ,0
2026-04-25,B_03,127,S,25,,S,,54533,Nocturno,2026-04-25 19:58:44,,179465,"POINT (  574455.773357516,   6137704.75803375)",HERMANO DAMASCENO 1700 ,0
2026-04-25,B_03,128,S,25,,S,,54533,Nocturno,2026-04-25 20:03:22,,179466,"POINT (  574368.899719171,   6137630.03036491)",DR JAVIER BARRIOS AMORIN 1583 ,0
2026-04-25,B_03,129,S,50,,S,,54533,Nocturno,2026-04-25 19:54:16,,183536,"POINT (  574383.338579864,   6137579.12400740)",DR JAVIER BARRIOS AMORIN 1553 ,0
2026-04-25,B_03,130,S,25,,S,,54533,Nocturno,2026-04-25 19:54:20,,183537,"POINT (  574384.134939363,   6137577.18999147)",DR JAVIER BARRIOS AMORIN 1553 ,0
2026-04-25,B_03,131,S,75,,S,,54533,Nocturno,2026-04-25 20:07:05,,179467,"POINT (  574412.036974073,   6137575.56413397)",VAZQUEZ 1628 ,0
2026-04-25,B_03,132,S,25,,S,,54533,Nocturno,2026-04-25 20:07:14,,180528,"POINT (  574467.419288958,   6137493.04751488)",VAZQUEZ 1551 ,0
2026-04-25,B_03,133,S,25,,S,,54533,Nocturno,2026-04-25 20:10:57,,178989,"POINT (  574496.418435167,   6137433.37091395)",VAZQUEZ 1519 FTE 1524 FTE 1524,0
2026-04-25,B_03,134,S,25,,S,,54533,Nocturno,2026-04-25 20:11:01,,179468,"POINT (  574497.276625489,   6137431.88221676)",VAZQUEZ 1519 ,0
2026-04-25,B_03,135,S,75,,S,,54533,Nocturno,2026-04-25 20:14:20,,183397,"POINT (  574508.898712940,   6137412.23989387)",VAZQUEZ 1505 PROV OV(O:Vázquez 1487) PROV OV(O:Vázquez 1487),0
2026-04-25,B_03,136,S,50,,S,,54533,Nocturno,2026-04-25 20:26:28,,179470,"POINT (  574600.980329193,   6137479.75803375)",TACUAREMBO 1574 ,0
2026-04-25,B_03,137,S,100,,S,,54533,Nocturno,2026-04-25 20:26:37,,178907,"POINT (  574590.909475568,   6137505.16917205)",TACUAREMBO 1586 FTE1587 FTE1587,0
2026-04-25,B_03,138,S,25,,S,,54533,Nocturno,2026-04-25 20:49:27,,183228,"POINT (  574969.873781241,   6137708.21993738)",AV URUGUAY 1772 ,0
2026-04-25,B_03,139,S,75,,S,,54533,Nocturno,2026-04-25 20:37:04,,183227,"POINT (  574967.617081664,   6137707.23263131)",AV URUGUAY 1772 ,0
2026-04-25,B_03,140,S,25,,S,Basura Afuera,54533,Nocturno,2026-04-25 20:36:59,,178908,"POINT (  574662.865141329,   6137562.66815676)",AV URUGUAY 1598 ,0
2026-04-25,B_03,141,S,25,,S,Basura Afuera,54533,Nocturno,2026-04-25 20:41:20,,178912,"POINT (  574435.828519186,   6137767.42956355)",HERMANO DAMASCENO 1734 MURO MURO,0
2026-04-25,B_03,142,S,25,,S,Basura Afuera,54533,Nocturno,2026-04-25 20:43:07,,179794,"POINT (  574387.149635211,   6137837.60758451)",HERMANO DAMASCENO 1765 ,0
2026-04-25,B_03,143,S,25,,S,,54533,Nocturno,2026-04-25 20:45:08,,178914,"POINT (  574360.623602856,   6137893.38312106)",HERMANO DAMASCENO 1801 ,0
2026-04-25,B_03,144,S,25,,S,Basura Afuera,54533,Nocturno,2026-04-25 20:45:45,,178915,"POINT (  574360.066892501,   6137893.91652998)",HERMANO DAMASCENO 1801 ,0
2026-04-25,B_03,145,S,25,,S,,54533,Nocturno,2026-04-25 20:48:19,,178916,"POINT (  574476.163113435,   6137945.90011216)",PIEDRA ALTA 1753 FTE 1759. MURO FTE 1759. MURO,0
2026-04-25,B_03,146,S,50,,S,"Basura Afuera, Dos Ciclos",54533,Nocturno,2026-04-25 20:52:38,,181892,"POINT (  574482.914527233,   6137900.07122963)",PIEDRA ALTA 1739 ,0
2026-04-25,B_03,147,S,50,,S,Basura Afuera,54533,Nocturno,2026-04-25 20:54:28,,178918,"POINT (  574538.888789707,   6137776.77639326)",PIEDRA ALTA 1656 EN 1656/1652 EN 1656/1652,0
2026-04-25,B_03,148,S,25,,S,,54533,Nocturno,2026-04-25 20:56:22,,180338,"POINT (  574573.139484096,   6137687.85217081)",PIEDRA ALTA 1624 ,0
2026-04-25,B_03,149,S,75,,S,,54533,Nocturno,2026-04-25 21:45:10,,178923,"POINT (  574414.711858386,   6136959.04159620)",SANTIAGO DE CHILE 1270 TRANSITO TRANSITO,0
2026-04-25,B_03,150,S,75,,S,,54533,Nocturno,2026-04-25 21:47:43,,179476,"POINT (  574443.926952286,   6136810.39528865)",SANTIAGO DE CHILE 1192 ,0
2026-04-25,B_03,151,S,25,,S,,54533,Nocturno,2026-04-25 21:47:50,,178927,"POINT (  574443.924826454,   6136806.90954344)",SANTIAGO DE CHILE 1192 ,0
2026-04-25,B_03,152,S,25,,S,,54533,Nocturno,2026-04-25 21:48:01,,178928,"POINT (  574439.515211314,   6136693.74965806)",SANTIAGO DE CHILE 1137 ,0
2026-04-25,B_03,153,S,50,,S,,54533,Nocturno,2026-04-25 21:53:51,,179477,"POINT (  574439.896451196,   6136692.09463506)",SANTIAGO DE CHILE 1137 ,0
2026-04-25,B_03,154,S,50,,S,,54533,Nocturno,2026-04-25 21:53:56,,178930,"POINT (  574446.230205447,   6136604.48319543)",SANTIAGO DE CHILE 1089 ,0
2026-04-25,B_03,155,S,50,,S,,54533,Nocturno,2026-04-25 21:56:37,,179478,"POINT (  574447.957453375,   6136601.35389432)",SANTIAGO DE CHILE 1089 ,0
2026-04-25,B_03,156,S,100,,S,,54533,Nocturno,2026-04-25 22:00:06,,178931,"POINT (  574465.328821389,   6136537.49936578)",SANTIAGO DE CHILE 1052 ,0
2026-04-25,B_03,157,S,25,,S,,54533,Nocturno,2026-04-25 22:09:50,,178932,"POINT (  574497.367856325,   6136241.48964307)",CEBOLLATI Esq. SANTIAGO DE CHILE ,0
2026-04-25,A_108,1,S,75,,S,Requiere Limpieza,55149,Matutino,2026-04-25 06:08:27,,183148,"POINT (  571693.441492666,   6142248.22679647)",MARCELINO DIAZ Y GARCIA 90,0
2026-04-25,A_108,2,S,100,,S,Basura Afuera,55149,Matutino,2026-04-25 06:10:57,,183150,"POINT (  571735.895653456,   6142297.94470903)",MARCELINO DIAZ Y GARCIA 64,0
2026-04-25,A_108,3,S,100,,S,Basura Afuera,55149,Matutino,2026-04-25 06:11:07,,183151,"POINT (  571781.241210578,   6142348.15627461)",MARCELINO DIAZ Y GARCIA 36,0
2026-04-25,A_108,4,S,100,,S,Basura Afuera,55149,Matutino,2026-04-25 06:11:12,,182093,"POINT (  571735.608768146,   6142484.65157987)",PILAR COSTA Esq. SANTA LUCIA,0
2026-04-25,A_108,5,S,100,,S,Basura Afuera,55149,Matutino,2026-04-25 06:11:28,,183279,"POINT (  571547.961505783,   6142525.93071608)",SAN MATEO 4116,0
2026-04-25,A_108,6,S,75,,S,,55149,Matutino,2026-04-25 06:13:01,,177491,"POINT (  571446.248466667,   6142602.20636667)",MARIANO SAGASTA 82 En Mariano Sagasta 82/78,0
2026-04-25,A_108,7,S,100,,S,Basura Afuera,55149,Matutino,2026-04-25 06:15:21,,183280,"POINT (  571620.740067137,   6142566.97443964)",SANTA LUCIA 4103,0
2026-04-25,A_108,8,S,100,,S,,55149,Matutino,2026-04-25 06:17:17,,177143,"POINT (  571537.995755370,   6142427.72622062)",JUAN ANTONIO ARTIGAS 4104 (A) PROV. OS:4654814,0
2026-04-25,A_108,9,S,100,,S,,55149,Matutino,2026-04-25 06:17:28,,180643,"POINT (  571494.512393595,   6142451.05173257)",JUAN ANTONIO ARTIGAS 4120 EN 4118,0
2026-04-25,A_108,10,S,75,,S,,55149,Matutino,2026-04-25 06:22:01,,166572,"POINT (  571431.663097520,   6142580.49392540)",MARIANO SAGASTA 74 Vuelve a lugar,0
2026-04-25,A_108,11,S,100,,S,"Basura Afuera, Requiere Limpieza",55149,Matutino,2026-04-25 06:23:07,,160012,"POINT (  571389.646174573,   6142692.61867714)",JULIAN ALVAREZ 93 Vuelve a lugar ,0
2026-04-25,A_108,12,S,100,,S,Basura Afuera,55149,Matutino,2026-04-25 06:25:53,,181380,"POINT (  571294.226606712,   6142690.95523390)",JOSE B FREIRE 40,0
2026-04-25,A_108,13,S,50,,S,,55149,Matutino,2026-04-25 06:30:01,,166493,"POINT (  571503.937363643,   6142787.92089138)",CAP FLORENCIO 4184 Vuelve a lugar,0
2026-04-25,A_108,14,S,75,,S,,55149,Matutino,2026-04-25 06:30:05,,166494,"POINT (  571507.532869261,   6142785.52388764)",CAP FLORENCIO 4153,0
2026-04-25,A_108,15,N,,Contenedor No Está,N,,55149,Matutino,2026-04-25 06:32:40,,163472,"POINT (  571582.163325508,   6142815.11555253)",MARIANO SAGASTA 178,0
2026-04-25,A_108,16,N,,Contenedor No Está,N,,55149,Matutino,2026-04-25 06:36:20,,100702,"POINT (  571184.054814669,   6142761.30463815)",SAN QUINTIN 4280,0
2026-04-25,A_108,17,S,100,,S,"Basura Afuera, Poda",55149,Matutino,2026-04-25 06:37:05,,100780,"POINT (  571030.990360100,   6142987.42397162)",SAN QUINTIN 4360,0
2026-04-25,A_108,18,S,100,,S,Basura Afuera,55149,Matutino,2026-04-25 06:37:42,,100779,"POINT (  570939.436641070,   6143126.45109844)",SAN QUINTIN Esq. AV GRAL EUGENIO GARZON,0
2026-04-25,A_108,19,S,75,,S,Poda,55149,Matutino,2026-04-25 06:44:32,,100775,"POINT (  570959.670292290,   6143239.84064483)",AV GRAL EUGENIO GARZON 206,0
2026-04-25,A_108,20,S,75,,S,,55149,Matutino,2026-04-25 06:44:37,,100776,"POINT (  570961.100729980,   6143246.02303830)",AV GRAL EUGENIO GARZON 212,0
2026-04-25,A_108,21,S,50,,S,,55149,Matutino,2026-04-25 06:44:41,,100777,"POINT (  570970.321360730,   6143276.23088367)",AV GRAL EUGENIO GARZON 218,0
2026-04-25,A_108,22,S,75,,S,,55149,Matutino,2026-04-25 06:44:45,,100778,"POINT (  570971.735825810,   6143280.34892588)","AV GRAL EUGENIO GARZON 218 FALTA, DENUNCIA LA TRIPULACION",0
2026-04-25,A_108,23,S,75,,S,,55149,Matutino,2026-04-25 06:45:55,,100774,"POINT (  570985.263903030,   6143331.16858536)",AV GRAL EUGENIO GARZON 228,0
2026-04-25,A_108,24,S,75,,S,,55149,Matutino,2026-04-25 06:46:01,,100787,"POINT (  570986.927931180,   6143335.41749348)",AV GRAL EUGENIO GARZON 230,0
2026-04-25,A_108,25,S,75,,S,,55149,Matutino,2026-04-25 06:51:18,,100770,"POINT (  571033.328680610,   6143530.59794554)","AV GRAL EUGENIO GARZON 316 en 316, en calle",0
2026-04-25,A_108,26,S,75,,S,Basura Afuera,55149,Matutino,2026-04-25 06:51:30,,100772,"POINT (  571189.044579817,   6143721.45087311)",CNO CARLOS MARIA DE PENA 4783,0
2026-04-25,A_108,27,S,75,,S,Basura Afuera,55149,Matutino,2026-04-25 06:51:36,,100773,"POINT (  571191.087711962,   6143719.61205418)",CNO CARLOS MARIA DE PENA 4783,0
2026-04-25,A_108,28,S,75,,S,Basura Afuera,55149,Matutino,2026-04-25 06:55:59,,100768,"POINT (  571239.152796740,   6143688.43062094)",CNO CARLOS MARIA DE PENA 4751 SE MOVIO 10 MTS HACIA EL LIMITE DEL 4751BIS,0
2026-04-25,A_108,29,S,100,,S,,55149,Matutino,2026-04-25 06:56:04,,100762,"POINT (  571307.628620706,   6143533.30644293)",FRAY GENEROSO PEREZ 375,0
2026-04-25,A_108,30,S,75,,S,,55149,Matutino,2026-04-25 07:02:49,,171612,"POINT (  571247.737926535,   6143440.00415930)",FRAY GENEROSO PEREZ 347 Fte 346. Muro chapa verde,0
2026-04-25,A_108,31,S,100,,S,Basura Afuera,55149,Matutino,2026-04-25 07:03:00,,100764,"POINT (  571130.280673390,   6143333.48519566)",EMANCIPACION 4372,0
2026-04-25,A_108,32,S,100,,S,Basura Afuera,55149,Matutino,2026-04-25 07:03:06,,100765,"POINT (  571134.406824320,   6143330.70049356)",EMANCIPACION 4372,0
2026-04-25,A_108,33,S,100,,S,,55149,Matutino,2026-04-25 07:06:28,,100766,"POINT (  571217.644629900,   6143278.09741527)",EMANCIPACION Esq. CIRC INT SDA 1 Provisorio frente al 4345,0
2026-04-25,A_108,34,S,100,,S,,55149,Matutino,2026-04-25 07:06:33,,100767,"POINT (  571221.768056380,   6143274.96862701)","EMANCIPACION Esq. CIRC INT SDA 1 FALTA, DENUNCIA LA TRIPULACION",0
2026-04-25,A_108,35,S,75,,S,,55149,Matutino,2026-04-25 07:10:57,,100720,"POINT (  571220.860167740,   6143165.69864895)",GREGORIO MAS DE AYALA 229,0
2026-04-25,A_108,36,S,50,,S,,55149,Matutino,2026-04-25 07:11:05,,100758,"POINT (  571177.810236180,   6143104.37428364)",GREGORIO MAS DE AYALA 206,0
2026-04-25,A_108,37,S,75,,S,,55149,Matutino,2026-04-25 07:11:51,,100759,"POINT (  571173.366747190,   6143100.82320817)","GREGORIO MAS DE AYALA 206 FALTA, DENUNCIA LA TRIPULACION",0
2026-04-25,A_108,38,S,100,,S,,55149,Matutino,2026-04-25 07:11:55,,100760,"POINT (  571169.858314800,   6143097.04301808)",GREGORIO MAS DE AYALA 204,0
2026-04-25,A_108,39,S,100,,S,Basura Afuera,55149,Matutino,2026-04-25 07:13:21,,165472,"POINT (  571236.867381246,   6142985.91245940)",GUARUYALO 4307,0
2026-04-25,A_108,40,S,75,,S,,55149,Matutino,2026-04-25 08:17:41,,148172,"POINT (  571305.927569526,   6143037.98316073)",PEDRO GALAN Esq. CNEL BOLOGNESI cambia de esquina por calle muy angosta,0
2026-04-25,A_108,41,S,75,,S,,55149,Matutino,2026-04-25 08:17:49,,165452,"POINT (  571316.937290567,   6143028.21155029)",PEDRO GALAN 4295 Traslado prov desde Guaruyalo 4307,0
2026-04-25,A_108,42,S,75,,S,,55149,Matutino,2026-04-25 08:20:35,,177486,"POINT (  571360.918127684,   6142942.03685933)",ATANASILDO SUAREZ 171,0
2026-04-25,A_108,43,S,75,,S,,55149,Matutino,2026-04-25 08:20:40,,177488,"POINT (  571287.697788701,   6142831.64137910)",ATANASILDO SUAREZ 107,0
2026-04-25,A_108,44,S,100,,S,,55149,Matutino,2026-04-25 08:20:46,,177489,"POINT (  571287.104568361,   6142830.79392147)",ATANASILDO SUAREZ 107,0
2026-04-25,A_108,45,S,100,,S,Basura Afuera,55149,Matutino,2026-04-25 08:24:23,,100756,"POINT (  571408.389762590,   6143149.56142715)",EMANCIPACION Esq. CNEL BOLOGNESI,0
2026-04-25,A_108,46,S,100,,S,,55149,Matutino,2026-04-25 08:27:00,,178992,"POINT (  571455.218801820,   6143063.60478100)",ATANASILDO SUAREZ 233,0
2026-04-25,A_108,47,S,50,,S,,55149,Matutino,2026-04-25 08:28:34,,169792,"POINT (  571446.020907368,   6142955.26515187)",PEDRO GALAN 4263 Vuelve a lugar,0
2026-04-25,A_108,48,S,100,,S,Requiere Limpieza,55149,Matutino,2026-04-25 08:32:40,,170252,"POINT (  571512.887073183,   6142915.58062302)",PEDRO GALAN 4203,0
2026-04-25,A_108,49,S,75,,S,Basura Afuera,55149,Matutino,2026-04-25 08:32:48,,165532,"POINT (  571555.001233611,   6142888.77603524)",PEDRO GALAN 4177,0
2026-04-25,A_108,50,S,100,,S,Basura Afuera,55149,Matutino,2026-04-25 08:32:52,,151992,"POINT (  571439.100028513,   6142883.20551385)",JOSE B FREIRE 172,0
2026-04-25,A_108,51,S,75,,S,,55149,Matutino,2026-04-25 08:35:18,,181740,"POINT (  571488.552135153,   6142952.96769340)",JOSE B FREIRE 204,0
2026-04-25,A_108,52,S,75,,S,,55149,Matutino,2026-04-25 08:36:20,,181741,"POINT (  571549.871816610,   6143023.38862628)",JOSE B FREIRE 246,0
2026-04-25,A_108,53,S,75,,S,,55149,Matutino,2026-04-25 08:38:10,,164536,"POINT (  571426.364932404,   6143174.89185071)",CNEL BOLOGNESI 252 Va en 264,0
2026-04-25,A_108,54,S,100,,S,,55149,Matutino,2026-04-25 08:39:17,,100755,"POINT (  571456.404637100,   6143212.32585703)",CNEL BOLOGNESI 320,0
2026-04-25,A_108,55,S,75,,S,,55149,Matutino,2026-04-25 08:57:42,,144794,"POINT (  571493.110620937,   6143312.64245356)",GRAL HORNOS 4575,0
2026-04-25,A_108,56,S,50,,S,,55149,Matutino,2026-04-25 08:57:34,,100711,"POINT (  571350.367017429,   6143407.08742789)",GRAL HORNOS 4650 en 4652,0
2026-04-25,A_108,57,S,75,,S,,55149,Matutino,2026-04-25 08:57:24,,100712,"POINT (  571230.417326590,   6143487.28912400)",GRAL HORNOS 4726,0
2026-04-25,A_108,58,S,75,,S,,55149,Matutino,2026-04-25 08:57:10,,157172,"POINT (  571073.595239337,   6143590.97885056)",GRAL HORNOS 4846 Traslado desde GARZON 392. OS 3924857,0
2026-04-25,A_108,59,S,100,,S,,55149,Matutino,2026-04-25 08:57:06,,100749,"POINT (  571068.106025780,   6143595.21776229)",GRAL HORNOS 4846,0
2026-04-25,A_108,60,S,75,,S,,55149,Matutino,2026-04-25 08:57:50,,100747,"POINT (  571415.995226990,   6143571.18012984)",CNO CARLOS MARIA DE PENA 4675,0
2026-04-25,A_108,61,S,100,,S,,55149,Matutino,2026-04-25 08:57:58,,115032,"POINT (  571449.393887094,   6143544.52325864)",CNO CARLOS MARIA DE PENA 4653 En 4661,0
2026-04-25,A_108,62,S,75,,S,,55149,Matutino,2026-04-25 08:58:02,,172132,"POINT (  571454.089321346,   6143543.26609531)",CNO CARLOS MARIA DE PENA 4653 Provisorio desde atanasildo suarez por obra,0
2026-04-25,A_108,63,S,100,,S,,55149,Matutino,2026-04-25 08:58:06,,100701,"POINT (  571465.498444130,   6143536.38494885)",CNO CARLOS MARIA DE PENA 4659,0
2026-04-25,A_108,64,S,75,,S,,55149,Matutino,2026-04-25 08:58:15,,155616,"POINT (  571583.683816741,   6143444.87073639)",ATANASILDO SUAREZ Esq. CNO CARLOS MARIA DE PENA,0
2026-04-25,A_108,65,S,75,,S,,55149,Matutino,2026-04-25 08:58:34,,173472,"POINT (  571590.557055707,   6143309.68727831)",ATANASILDO SUAREZ 379 Vuelve a lugar,0
2026-04-25,A_108,66,S,75,,S,,55149,Matutino,2026-04-25 08:58:48,,174692,"POINT (  571533.098950637,   6143154.80418202)",ATANASILDO SUAREZ 287,0
2026-04-25,A_108,67,S,75,,S,,55149,Matutino,2026-04-25 08:58:52,,173492,"POINT (  571507.617164945,   6143126.67699965)",ATANASILDO SUAREZ 259 Vuelve a lugar,0
2026-04-25,A_108,68,S,75,,S,,55149,Matutino,2026-04-25 08:58:59,,180842,"POINT (  571670.835107971,   6142891.79944570)",ESMERALDA 4084,0
2026-04-25,A_108,69,S,75,,S,,55149,Matutino,2026-04-25 09:00:09,,100741,"POINT (  571683.088652440,   6142686.55985558)",ESMERALDA Esq. JUAN JOSE AGUIAR Esmeralda 162,0
2026-04-25,A_108,70,S,100,,S,,55149,Matutino,2026-04-25 09:02:44,,181866,"POINT (  571810.676018203,   6142570.77416826)",JUAN JOSE AGUIAR 4021,0
2026-04-25,A_108,71,S,100,,S,Basura Afuera,55149,Matutino,2026-04-25 09:03:18,,182011,"POINT (  571875.112822503,   6142524.97950038)",JUAN JOSE AGUIAR 3954 FTE 3954,0
2026-04-25,A_108,72,S,100,,S,,55149,Matutino,2026-04-25 09:04:36,,100731,"POINT (  571946.690300580,   6142603.24459545)",ADRIAN MEDINA 192,0
2026-04-25,A_108,73,S,75,,S,,55149,Matutino,2026-04-25 09:06:38,,100709,"POINT (  571884.141243870,   6142695.42009361)",JACQUARD 210,0
2026-04-25,A_108,74,S,100,,S,,55149,Matutino,2026-04-25 09:06:46,,100732,"POINT (  571918.934436370,   6142787.57804651)",JACQUARD 248,0
2026-04-25,A_108,75,S,75,,S,,55149,Matutino,2026-04-25 09:09:58,,181582,"POINT (  571906.596886675,   6142843.21674082)",TTE J GALVAN 265,0
2026-04-25,A_108,76,S,75,,S,,55149,Matutino,2026-04-25 09:11:03,,181583,"POINT (  571907.917414886,   6142935.47364358)",GAUCHOS 3970,0
2026-04-25,A_108,77,S,75,,S,,55149,Matutino,2026-04-25 09:11:07,,181584,"POINT (  571849.333981513,   6142963.08468800)",GAUCHOS 4006,0
2026-04-25,A_108,78,S,50,,S,,55149,Matutino,2026-04-25 09:13:36,,181586,"POINT (  571792.671316447,   6142913.02466399)",JUAN JOSE DURAN 267,0
2026-04-25,A_108,79,S,75,,S,,55149,Matutino,2026-04-25 09:13:30,,181585,"POINT (  571791.110692197,   6142910.38360757)",JUAN JOSE DURAN 267,0
2026-04-25,A_108,80,S,75,,S,,55149,Matutino,2026-04-25 09:15:40,,177141,"POINT (  571720.169259700,   6142948.43059370)",EMANCIPACION 4092 PROV OV. ORIGEN: ESMERALDA 4448,0
2026-04-25,A_108,81,S,100,,S,,55149,Matutino,2026-04-25 09:17:40,,182018,"POINT (  571743.743238983,   6142676.61090396)",CAP FLORENCIO 4075 EN 4077,0
2026-04-25,A_108,82,N,,Auto,S,,55149,Matutino,2026-04-25 09:19:56,,182094,"POINT (  571856.538352787,   6142628.24772822)",JACQUARD 184,0
2026-04-25,A_108,83,,,,S,,55149,Matutino,,,167932,"POINT (  571749.273642447,   6143041.74973534)",ESMERALDA 304 SPAA 4202094,0
2026-04-25,A_108,84,,,,S,,55149,Matutino,,,100727,"POINT (  571732.236247260,   6143150.57428817)",GRAL HORNOS 4514,0
2026-04-25,A_108,85,,,,S,,55149,Matutino,,,100728,"POINT (  571688.528144500,   6143187.07033610)",FILADELFIA Esq. GRAL HORNOS,0
2026-04-25,A_108,86,,,,S,,55149,Matutino,,,100705,"POINT (  571806.834367050,   6143305.41641475)",CNO CARLOS MARIA DE PENA 4539,0
2026-04-25,A_108,87,,,,S,,55149,Matutino,,,100707,"POINT (  571951.530640330,   6142993.24526791)",GRAL HORNOS 4371,0
2026-04-25,A_108,88,,,,S,,55149,Matutino,,,183628,"POINT (  572019.794503955,   6143013.13777966)",CNO MOLINOS DE RAFFO 386,0
2026-04-25,A_108,89,,,,S,,55149,Matutino,,,100730,"POINT (  572000.570073410,   6143111.38447676)",CNO MOLINOS DE RAFFO 412,0
2026-04-25,A_108,90,,,,S,,55149,Matutino,,,153193,"POINT (  572025.712194283,   6143161.57752424)",CNO CARLOS MARIA DE PENA 4425 4425 medianera con 4433,0
2026-04-25,A_108,91,,,,S,,55149,Matutino,,,177395,"POINT (  572215.576954466,   6143035.44842070)",CNO CARLOS MARIA DE PENA 4309,0
2026-04-25,A_108,92,,,,S,,55149,Matutino,,,180850,"POINT (  572278.887354466,   6142994.47437909)",CNO CARLOS MARIA DE PENA 4277,0
2026-04-25,A_108,93,,,,S,,55149,Matutino,,,100725,"POINT (  572295.063952030,   6142900.15861295)",CNO CASTRO 433,0
2026-04-25,A_108,94,,,,S,,55149,Matutino,,,180223,"POINT (  572270.837766667,   6142878.91620113)",CNO CASTRO 381,0
2026-04-25,A_108,95,,,,S,,55149,Matutino,,,180224,"POINT (  572269.481834463,   6142877.50377175)",CNO CASTRO 381,0
2026-04-25,A_108,96,,,,S,,55149,Matutino,,,100806,"POINT (  572130.646369970,   6142893.25449884)",GRAL HORNOS 4300,0
2026-04-25,A_108,97,,,,S,,55149,Matutino,,,100807,"POINT (  572024.857885270,   6142914.58568303)",CNO MOLINOS DE RAFFO 339,0
2026-04-25,A_108,98,,,,S,,55149,Matutino,,,176135,"POINT (  572061.295280175,   6142740.48532222)",CNO MOLINOS DE RAFFO 255 VUELVE AL LUGAR 255,0
2026-04-25,A_108,99,,,,S,,55149,Matutino,,,100809,"POINT (  572058.203500320,   6142679.51760977)",CNO CASTRO 241 En 241,0
2026-04-25,A_108,100,,,,S,,55149,Matutino,,,100804,"POINT (  571997.474997400,   6142526.81524696)",CNO CASTRO 175 152 B,0
2026-04-25,A_108,101,,,,S,,55149,Matutino,,,100805,"POINT (  571963.471632580,   6142439.87169865)",CNO CASTRO 143,0
2026-04-25,A_108,102,,,,S,,55149,Matutino,,,175767,"POINT (  571962.203245115,   6142434.07209481)",CNO CASTRO 139 TRASLADO PROVISORIO DESDE CNO CASTRO 69 POR CALLE CERRADA,0
2026-04-25,A_108,103,,,,S,,55149,Matutino,,,181997,"POINT (  571899.292195526,   6142277.32292198)",CNO CASTRO 55 EN 112,0
2026-04-25,A_108,104,,,,S,,55149,Matutino,,,183057,"POINT (  571804.652164053,   6142357.85233922)","FELIPE CABALLERO 3994 ANTES DE MARCELINO DIAZ Y GARCIA (PROV POR EVENTO, O: MARCELINO DIAZ Y GARCIA 38)",0
2026-04-25,A_108,105,,,,S,,55149,Matutino,,,180220,"POINT (  571501.069542938,   6142686.84180057)",MARIANO SAGASTA 112 VEREDA. EN 110,0
2026-04-25,A_108,106,,,,S,,55149,Matutino,,,171552,"POINT (  571548.571523605,   6142757.33916063)",MARIANO SAGASTA 140 En 144,0
2026-04-25,A_109,1,S,75,,S,"Basura Afuera, Requiere Limpieza",55150,Matutino,2026-04-25 07:30:30,,101912,"POINT (  571060.852735140,   6143786.06593432)",AV GRAL EUGENIO GARZON 447,0
2026-04-25,A_109,2,S,75,,S,"Basura Afuera, Requiere Limpieza",55150,Matutino,2026-04-25 07:34:13,,101913,"POINT (  571038.297390770,   6143644.00105594)",AV GRAL EUGENIO GARZON 409 407 esquina muro calado,0
2026-04-25,A_109,3,S,75,,S,"Basura Afuera, Requiere Limpieza",55150,Matutino,2026-04-25 07:34:20,,101914,"POINT (  570999.109049168,   6143649.72916506)",GRAL HORNOS 4862 sub estación ute Fte 4863,0
2026-04-25,A_109,4,S,75,,S,"Basura Afuera, Requiere Limpieza",55150,Matutino,2026-04-25 07:36:35,,101915,"POINT (  570854.829923920,   6143745.28873377)",GRAL HORNOS 4950,0
2026-04-25,A_109,5,S,75,,S,"Poda, Requiere Limpieza",55150,Matutino,2026-04-25 07:38:18,,101916,"POINT (  570752.302408290,   6143813.64680846)",GRAL HORNOS 4973 FTE 4975,0
2026-04-25,A_109,6,S,75,,S,"Basura Afuera, Requiere Limpieza",55150,Matutino,2026-04-25 07:41:50,,166512,"POINT (  570516.347818204,   6143977.56445186)",GRAL HORNOS 5132 fte 5111,0
2026-04-25,A_109,7,S,75,,S,"Basura Afuera, Requiere Limpieza",55150,Matutino,2026-04-25 07:41:56,,101918,"POINT (  570514.177408046,   6143979.01139196)",GRAL HORNOS 5132 fte 5111,0
2026-04-25,A_109,8,S,75,,S,"Basura Afuera, Escombro, Requiere Limpieza",55150,Matutino,2026-04-25 07:43:29,,101909,"POINT (  570435.849711120,   6144032.65882375)",GRAL HORNOS Esq. TAMPICO En 5192,0
2026-04-25,A_109,9,S,50,,S,"Basura Afuera, Requiere Limpieza",55150,Matutino,2026-04-25 07:45:30,,101910,"POINT (  570398.628905324,   6144060.55680221)",GRAL HORNOS 5200 En 5208,0
2026-04-25,A_109,10,S,50,,S,"Basura Afuera, Requiere Limpieza",55150,Matutino,2026-04-25 07:47:19,,181527,"POINT (  570301.225640976,   6144129.45803768)",GRAL HORNOS 5244,0
2026-04-25,A_109,11,S,75,,S,"Basura Afuera, Requiere Limpieza",55150,Matutino,2026-04-25 07:47:27,,182853,"POINT (  570295.818319605,   6144132.79511340)",GRAL HORNOS 5244,0
2026-04-25,A_109,12,S,100,,S,"Basura Afuera, Requiere Limpieza",55150,Matutino,2026-04-25 07:52:28,,101903,"POINT (  570148.620067740,   6144221.51724434)",GRAL HORNOS 5280,0
2026-04-25,A_109,13,S,75,,S,"Basura Afuera, Requiere Limpieza",55150,Matutino,2026-04-25 07:54:03,,101887,"POINT (  569997.258684173,   6144332.26010519)",GRAL HORNOS 5324,0
2026-04-25,A_109,14,S,75,,S,"Basura Afuera, Requiere Limpieza",55150,Matutino,2026-04-25 07:57:20,,101905,"POINT (  569993.186323715,   6144334.63564879)",GRAL HORNOS 5330,0
2026-04-25,A_109,15,S,100,,S,"Basura Afuera, Requiere Limpieza",55150,Matutino,2026-04-25 08:00:52,,101904,"POINT (  569943.253315060,   6144371.32919671)",GRAL HORNOS 5346,0
2026-04-25,A_109,16,S,75,,S,"Basura Afuera, Requiere Limpieza",55150,Matutino,2026-04-25 08:04:56,,101907,"POINT (  569692.064962180,   6144557.22620515)",GRAL HORNOS 5420 Fte 5405 FABRICA,0
2026-04-25,A_109,17,S,75,,S,"Basura Afuera, Requiere Limpieza",55150,Matutino,2026-04-25 08:05:03,,181204,"POINT (  569662.295716610,   6144580.98528726)",GRAL HORNOS 5428,0
2026-04-25,A_109,18,S,75,,S,"Basura Afuera, Requiere Limpieza",55150,Matutino,2026-04-25 08:07:04,,101908,"POINT (  569483.017125367,   6144713.33335602)",GRAL HORNOS 5496 PDO 5406 BALDIO,0
2026-04-25,A_109,19,N,,Fuego,S,,55150,Matutino,2026-04-25 08:09:14,,101960,"POINT (  569127.305110196,   6144579.10903803)",TIMOTE 5558 FTE 5548,0
2026-04-25,A_109,20,S,75,,S,"Basura Afuera, Requiere Limpieza",55150,Matutino,2026-04-25 08:10:37,,101958,"POINT (  569120.930171950,   6144466.41781776)",TIMOTE 5561 FTE 5561_PLAZA,0
2026-04-25,A_109,21,S,50,,S,"Basura Afuera, Requiere Limpieza",55150,Matutino,2026-04-25 08:12:05,,101959,"POINT (  569013.775855000,   6144483.03055482)",ANAGUALPO 639 FTE 639_PLAZA,0
2026-04-25,A_109,22,S,75,,S,"Basura Afuera, Escombro, Requiere Limpieza",55150,Matutino,2026-04-25 08:15:35,,101961,"POINT (  568927.358118290,   6144632.33993998)",TIMOTE 5696 ESQ GUAZCUA,0
2026-04-25,A_109,23,S,75,,S,"Basura Afuera, Escombro, Requiere Limpieza",55150,Matutino,2026-04-25 08:15:42,,130652,"POINT (  568923.264764059,   6144634.55408006)",TIMOTE 5696 ESQ GUAZCUA,0
2026-04-25,A_109,24,S,75,,S,"Basura Afuera, Requiere Limpieza",55150,Matutino,2026-04-25 08:16:31,,160412,"POINT (  568931.057949175,   6144682.33947262)",GUAZUCUA 712,0
2026-04-25,A_109,25,S,75,,S,,55150,Matutino,2026-04-25 08:18:43,,155532,"POINT (  569119.985322845,   6144736.29088952)",EMANCIPACION 5615 FABRICA,0
2026-04-25,A_109,26,S,75,,S,,55150,Matutino,2026-04-25 08:18:50,,177144,"POINT (  569159.561411954,   6144712.01832295)",EMANCIPACION Esq. ANAGUALPO FABRICA,0
2026-04-25,A_109,27,S,75,,S,,55150,Matutino,2026-04-25 08:20:22,,101964,"POINT (  569227.330889801,   6144654.93912703)",EMANCIPACION 5747,0
2026-04-25,A_109,28,S,75,,S,"Basura Afuera, Poda, Requiere Limpieza",55150,Matutino,2026-04-25 08:22:38,,101897,"POINT (  569370.853768520,   6144546.54902199)",EMANCIPACION 5485 En 5483,0
2026-04-25,A_109,29,S,75,,S,"Basura Afuera, Poda, Requiere Limpieza",55150,Matutino,2026-04-25 08:23:50,,101921,"POINT (  569375.368633020,   6144544.44843687)",EMANCIPACION 5485,0
2026-04-25,A_109,30,S,75,,S,,55150,Matutino,2026-04-25 08:26:08,,101898,"POINT (  569562.814288583,   6144403.99837158)",EMANCIPACION 5431 BALDIO,0
2026-04-25,A_109,31,N,,Contenedor No Está,N,,55150,Matutino,2026-04-25 08:27:54,,101899,"POINT (  569623.585773020,   6144356.86946528)",EMANCIPACION 5391,0
2026-04-25,A_109,32,S,75,,S,"Basura Afuera, Escombro, Poda, Requiere Limpieza",55150,Matutino,2026-04-25 08:28:04,,101922,"POINT (  569736.012518783,   6144272.24581397)",EMANCIPACION 5249 ANTES DE 5245 MURO VEGETAL,0
2026-04-25,A_109,33,S,75,,S,"Basura Afuera, Requiere Limpieza",55150,Matutino,2026-04-25 08:30:18,,183350,"POINT (  569794.322967062,   6144230.48612611)",EMANCIPACION 5183,0
2026-04-25,A_109,34,N,,Contenedor Volcado,S,,55150,Matutino,2026-04-25 08:32:00,,117832,"POINT (  569886.774696549,   6144167.21285050)",EMANCIPACION 5147 5147,0
2026-04-25,A_109,35,S,75,,S,"Basura Afuera, Requiere Limpieza",55150,Matutino,2026-04-25 08:32:56,,101974,"POINT (  570078.338377653,   6144036.06217328)",EMANCIPACION 4983 FTE 4986 PLAZA,0
2026-04-25,A_109,36,S,75,,S,"Basura Afuera, Requiere Limpieza",55150,Matutino,2026-04-25 08:34:05,,101888,"POINT (  570084.952960993,   6144032.75488161)",EMANCIPACION 4983 FTE 4986 PLAZA,0
2026-04-25,A_109,37,S,100,,S,"Basura Afuera, Requiere Limpieza",55150,Matutino,2026-04-25 08:35:37,,101920,"POINT (  570181.691242342,   6143964.54199092)",EMANCIPACION 4947 En 4953,0
2026-04-25,A_109,38,N,,No Levantado por Feria,S,,55150,Matutino,2026-04-25 08:39:31,,101891,"POINT (  570334.246512017,   6143859.79205639)",EMANCIPACION 4781 ANTES DE 4781,0
2026-04-25,A_109,39,N,,No Levantado por Feria,S,,55150,Matutino,2026-04-25 08:39:45,,181913,"POINT (  570336.857964368,   6143858.42020805)",EMANCIPACION 4781,0
2026-04-25,A_109,40,N,,Contenedor No Está,N,,55150,Matutino,2026-04-25 08:40:23,,136372,"POINT (  570389.732423249,   6143822.12272216)",EMANCIPACION 4769,0
2026-04-25,A_109,41,S,75,,S,"Basura Afuera, Escombro, Requiere Limpieza",55150,Matutino,2026-04-25 08:40:13,,101873,"POINT (  570488.745484510,   6143754.57874631)",EMANCIPACION 4705,0
2026-04-25,A_109,42,S,100,,S,"Basura Afuera, Requiere Limpieza",55150,Matutino,2026-04-25 08:41:40,,101892,"POINT (  570541.772622919,   6143717.73535004)",EMANCIPACION 4700 FTE 4700 CASA ABANDONADA,0
2026-04-25,A_109,43,S,100,,S,"Basura Afuera, Requiere Limpieza",55150,Matutino,2026-04-25 08:48:06,,101893,"POINT (  570650.086425114,   6143640.84081871)",EMANCIPACION 4626 FTE 4618 MURO,0
2026-04-25,A_109,44,S,100,,S,,55150,Matutino,2026-04-25 09:49:46,,101894,"POINT (  570776.176920035,   6143555.26464675)",EMANCIPACION 4569 En 4571,0
2026-04-25,A_109,45,S,100,,S,"Basura Afuera, Requiere Limpieza",55150,Matutino,2026-04-25 09:52:02,,101895,"POINT (  570890.691894111,   6143479.19693834)",EMANCIPACION 4489 PDO 4489 FABRICA,0
2026-04-25,A_109,46,N,,Contenedor Cruzado,N,,55150,Matutino,2026-04-25 09:56:12,,101969,"POINT (  570068.322008400,   6143835.56657833)",TIMOTE 4952 Baldio,0
2026-04-25,A_109,47,S,75,,S,,55150,Matutino,2026-04-25 09:57:23,,144092,"POINT (  569758.084529825,   6144049.91942086)",TIMOTE 5154,0
2026-04-25,A_109,48,S,75,,S,"Basura Afuera, Requiere Limpieza",55150,Matutino,2026-04-25 09:59:27,,101972,"POINT (  569663.273273061,   6144115.02376191)",TIMOTE 5236 En 5234 VEREDA,0
2026-04-25,A_109,49,S,75,,S,"Basura Afuera, Requiere Limpieza",55150,Matutino,2026-04-25 10:00:58,,101973,"POINT (  569528.501137506,   6144207.21451721)",TIMOTE 5318,0
2026-04-25,A_109,50,S,50,,S,"Basura Afuera, Requiere Limpieza",55150,Matutino,2026-04-25 10:02:06,,101886,"POINT (  569434.012784030,   6144273.53272277)",TIMOTE 5394 En 5494,0
2026-04-25,A_109,51,S,75,,S,"Basura Afuera, Poda, Requiere Limpieza",55150,Matutino,2026-04-25 10:05:27,,101968,"POINT (  569357.194427320,   6144329.21918303)",TIMOTE 5448 esq yugoslavia,0
2026-04-25,A_109,52,S,100,,S,"Basura Afuera, Poda, Requiere Limpieza",55150,Matutino,2026-04-25 10:06:43,,101957,"POINT (  569223.625513640,   6144427.62430766)",TIMOTE 5502,0
2026-04-25,A_109,53,S,75,,S,"Basura Afuera, Requiere Limpieza",55150,Matutino,2026-04-25 10:13:15,,101885,"POINT (  569417.197168400,   6144645.51870052)",CARLOS MARIA HERRERA 844,0
2026-04-25,A_109,54,S,75,,S,,55150,Matutino,2026-04-25 10:15:00,,101965,"POINT (  569381.157722000,   6144788.25933926)",GRAL HORNOS 5540 En 5342,0
2026-04-25,A_109,55,S,25,,S,"Basura Afuera, Requiere Limpieza",55150,Matutino,2026-04-25 10:16:46,,101967,"POINT (  569392.428315401,   6144908.36124353)",VITTORIO VENETO 963 fte 963,0
2026-04-25,A_109,56,S,75,,S,"Basura Afuera, Requiere Limpieza",55150,Matutino,2026-04-25 10:18:18,,101954,"POINT (  569340.398923772,   6145055.22477199)",CNO CARLOS MARIA DE PENA 5888 ESQ CONFUCIO BALDIO,0
2026-04-25,A_109,57,S,75,,S,"Basura Afuera, Requiere Limpieza",55150,Matutino,2026-04-25 10:19:40,,180377,"POINT (  569195.666002731,   6145164.58465529)",CNO CARLOS MARIA DE PENA Esq. PSJE GUEVARA,0
2026-04-25,A_109,58,S,100,,S,"Basura Afuera, Escombro, Requiere Limpieza",55150,Matutino,2026-04-25 10:21:50,,101956,"POINT (  569137.548995760,   6145205.12660100)",CNO CARLOS MARIA DE PENA 5969,0
2026-04-25,A_109,59,S,75,,S,"Basura Afuera, Requiere Limpieza",55150,Matutino,2026-04-25 10:23:33,,101942,"POINT (  569047.461340300,   6145266.68319288)",CNO CARLOS MARIA DE PENA Esq. PSJE D,0
2026-04-25,A_109,60,S,75,,N,,55150,Matutino,2026-04-25 10:29:39,,101943,"POINT (  568957.383727940,   6145329.73445883)",CNO CARLOS MARIA DE PENA Esq. PSJE E VEREDA,0
2026-04-25,A_109,61,S,75,,S,"Basura Afuera, Escombro, Poda, Requiere Limpieza",55150,Matutino,2026-04-25 10:25:17,,101944,"POINT (  568826.748513710,   6145421.28625570)",CNO CARLOS MARIA DE PENA Esq. PSJE B VEREDA,0
2026-04-25,A_109,62,S,75,,S,"Basura Afuera, Requiere Limpieza",55150,Matutino,2026-04-25 10:29:13,,101945,"POINT (  568743.076183390,   6145480.44329213)",CNO CARLOS MARIA DE PENA Esq. PSJE A fte 6177 VEREDA,0
2026-04-25,A_109,63,S,75,,S,"Basura Afuera, Requiere Limpieza",55150,Matutino,2026-04-25 10:30:52,,181865,"POINT (  568614.876481425,   6145575.50267685)",CNO CARLOS MARIA DE PENA Esq. CNO LECOCQ,0
2026-04-25,A_109,64,S,75,,S,"Basura Afuera, Escombro, Requiere Limpieza",55150,Matutino,2026-04-25 10:33:40,,101947,"POINT (  568486.847564390,   6145478.08779538)",CNO LECOCQ 411 FTE 402 VEREDA,0
2026-04-25,A_109,65,S,75,,S,,55150,Matutino,2026-04-25 10:36:00,,101879,"POINT (  568572.356728291,   6145394.15990976)",OFICIAL 1 Esq. PSJE A esq Pje A,0
2026-04-25,A_109,66,S,50,,S,,55150,Matutino,2026-04-25 10:40:35,,101949,"POINT (  568571.062905438,   6145470.94087255)",OFICIAL 2 Esq. PSJE EL BAÑADO,0
2026-04-25,A_109,67,S,75,,S,"Basura Afuera, Requiere Limpieza",55150,Matutino,2026-04-25 10:51:25,,101948,"POINT (  568668.226880726,   6145291.84185327)",GRAL HORNOS Esq. PSJE B gral hornos esq psj,0
2026-04-25,A_109,68,S,75,,S,,55150,Matutino,2026-04-25 10:47:05,,101950,"POINT (  568878.462489339,   6145329.34150582)",OFICIAL 3 Esq. CORDOBA plaza,0
2026-04-25,A_109,69,N,,Contenedor No Está,S,,55150,Matutino,2026-04-25 10:51:44,,101872,"POINT (  568763.757669789,   6145387.03327896)",OFICIAL 3 Esq. PSJE B fte 6036,0
2026-04-25,A_109,70,S,100,,S,"Basura Afuera, Requiere Limpieza",55150,Matutino,2026-04-25 10:48:37,,101880,"POINT (  568650.982979414,   6145465.46863819)",OFICIAL 3 Esq. PSJE A En 6072,0
2026-04-25,A_109,71,S,50,,S,,55150,Matutino,2026-04-25 10:40:49,,101881,"POINT (  568615.689188783,   6145424.74503361)",OFICIAL 2 Esq. PSJE A En 6102,0
2026-04-25,A_109,72,S,50,,S,"Basura Afuera, Poda, Requiere Limpieza",55150,Matutino,2026-04-25 10:42:47,,101882,"POINT (  568770.989306220,   6145311.05473355)",OFICIAL 2 Esq. PSJE B Antes de 6017,0
2026-04-25,A_109,73,S,100,,S,"Basura Afuera, Contenedor en Tolva, Escombro, Poda, Requiere Limpieza",55150,Matutino,2026-04-25 10:54:38,,101883,"POINT (  568825.076388968,   6145182.26990471)",GRAL HORNOS 5868 Esq Cordoba,0
2026-04-25,A_109,74,,,,S,,55150,Matutino,,,101884,"POINT (  569063.479157412,   6145092.89007675)",OFICIAL 2 Esq. PSJE J Fte 5767,0
2026-04-25,A_109,75,,,,N,,55150,Matutino,,,101938,"POINT (  569053.298256269,   6145098.31989070)",OFICIAL 2 Esq. PSJE J Fte 5767,0
2026-04-25,A_109,76,,,,S,,55150,Matutino,,,101953,"POINT (  568965.912188120,   6145162.79893127)",OFICIAL 2 Esq. PSJE D Fte 5839,0
2026-04-25,A_109,77,,,,N,,55150,Matutino,,,101951,"POINT (  568888.078652060,   6145215.97523714)",OFICIAL 2 Esq. PSJE E,0
2026-04-25,A_109,78,S,75,,S,,55150,Matutino,2026-04-25 10:49:02,,176250,"POINT (  568876.011489898,   6145281.41201442)",CORDOBA Esq. OFICIAL 2 En 955,0
2026-04-25,A_109,79,,,,S,,55150,Matutino,,,101939,"POINT (  569061.782340555,   6145011.44286760)",GRAL HORNOS Esq. PSJE J ESQ PJE J MURO,0
2026-04-25,A_109,80,,,,S,,55150,Matutino,,,101940,"POINT (  569186.380528270,   6145026.48818344)",PSJE GUEVARA Esq. OFICIAL 2,0
2026-04-25,A_109,81,,,,S,,55150,Matutino,,,101941,"POINT (  569167.409189918,   6144930.92890772)",GRAL HORNOS Esq. PSJE GUEVARA psj guevara ftee 5656,0
2026-04-25,A_109,82,,,,S,,55150,Matutino,,,177359,"POINT (  569215.259425292,   6144895.63511709)",GRAL HORNOS Esq. PSJE I,0
2026-04-25,A_109,83,,,,S,,55150,Matutino,,,101966,"POINT (  569218.504587533,   6144892.92021013)",GRAL HORNOS Esq. PSJE I,0
2026-04-25,A_109,84,,,,S,,55150,Matutino,,,160512,"POINT (  569222.725419464,   6144890.54466652)",GRAL HORNOS Esq. PSJE I,0
2026-04-25,A_109,85,,,,S,,55150,Matutino,,,101936,"POINT (  569543.423805484,   6144884.43612583)",CNO CARLOS MARIA DE PENA 5801 ESQ CARLOS MARIA HERRERA,0
2026-04-25,A_109,86,,,,S,,55150,Matutino,,,101937,"POINT (  569515.323519420,   6144800.57551010)",CARLOS MARIA HERRERA 958 FTE 958,0
2026-04-25,A_109,87,,,,S,,55150,Matutino,,,101928,"POINT (  569673.916306000,   6144749.40515196)",YUGOESLAVIA 956 PDO 956 BALDIO,0
2026-04-25,A_109,88,,,,S,,55150,Matutino,,,101929,"POINT (  569841.724208989,   6144660.79566405)",CNO CARLOS MARIA DE PENA Esq. CARLOS ANGEL GARRE ESQ GARRE,0
2026-04-25,A_109,89,,,,S,,55150,Matutino,,,144032,"POINT (  569884.496785621,   6144626.83831155)",CNO CARLOS MARIA DE PENA 5671 en 5671,0
2026-04-25,A_109,90,,,,S,,55150,Matutino,,,101930,"POINT (  569966.609929683,   6144568.14946364)",CNO CARLOS MARIA DE PENA 5471 En 5643,0
2026-04-25,A_109,91,,,,N,,55150,Matutino,,,101931,"POINT (  570049.075228945,   6144509.43960038)",CNO CARLOS MARIA DE PENA 5411,0
2026-04-25,A_109,92,,,,S,,55150,Matutino,,,101875,"POINT (  570098.654685140,   6144475.08836297)",CNO CARLOS MARIA DE PENA 5361,0
2026-04-25,A_109,93,,,,S,,55150,Matutino,,,165072,"POINT (  570246.245347758,   6144371.65807157)",CNO CARLOS MARIA DE PENA 5285 ESQ ALDAO,0
2026-04-25,A_109,94,,,,S,,55150,Matutino,,,165093,"POINT (  570447.487827027,   6144225.22277679)",CNO CARLOS MARIA DE PENA 5150 BALDIO,0
2026-04-25,A_109,95,,,,S,,55150,Matutino,,,180873,"POINT (  570615.229456273,   6144109.58073134)",CNO CARLOS MARIA DE PENA 5190,0
2026-04-25,A_109,96,,,,S,,55150,Matutino,,,101877,"POINT (  570620.136408140,   6144106.93304783)",CNO CARLOS MARIA DE PENA 5188 EN 5193 cooperativa,0
2026-04-25,A_109,97,,,,S,,55150,Matutino,,,101935,"POINT (  570717.242616930,   6144041.48499432)",CNO CARLOS MARIA DE PENA 5106 FTE 5106 VEREDA UTE,0
2026-04-25,A_109,98,,,,S,,55150,Matutino,,,101925,"POINT (  570834.531712780,   6143930.42293444)",OBERA 444 ANTES DE 444,0
2026-04-25,A_109,99,,,,S,,55150,Matutino,,,101926,"POINT (  570963.482864920,   6143874.94913398)",CNO CARLOS MARIA DE PENA 4930 EN 4987 FABRICA,0
2026-04-25,A_111,1,N,,Contenedor No Está,N,,55151,Matutino,2026-04-25 07:30:06,,101540,"POINT (  568405.158851210,   6143915.60440946)",PSJE F Esq. PSJE A - 7925,0
2026-04-25,A_111,2,S,75,,S,,55151,Matutino,2026-04-25 07:30:19,31,101554,"POINT (  568596.465003750,   6143796.54190934)","RBLA COSTANERA CAÑADA JESUS MARIA Esq. ERCILIA QUIROGA FALTA, DENUNCIA LA TRIPULACION",0
2026-04-25,A_111,3,N,,Sobrepeso,S,,55151,Matutino,2026-04-25 07:45:13,,183570,"POINT (  568608.660641784,   6143789.72062028)",RBLA COSTANERA CAÑADA JESUS MARIA 5496,0
2026-04-25,A_111,4,N,,"Contenedor Roto (choque, desfonde, etc.)",S,,55151,Matutino,2026-04-25 07:46:21,,101553,"POINT (  568698.577634063,   6143738.45759939)",RBLA COSTANERA CAÑADA JESUS MARIA Esq. PSJE PROF JOSE TOMAS MUJICA FTE,0
2026-04-25,A_111,5,S,25,,S,,55151,Matutino,2026-04-25 07:37:20,31,101552,"POINT (  568767.617347676,   6143790.75414892)",RBLA COSTANERA CAÑADA JESUS MARIA Esq. CELIA CORREA LUNA,0
2026-04-25,A_111,6,S,100,,S,,55151,Matutino,2026-04-25 07:37:31,31,101512,"POINT (  568701.685071751,   6143842.40030170)",CELIA CORREA LUNA 5466,0
2026-04-25,A_111,7,S,100,,N,"Basura Afuera, Fuera de Lugar, Requiere Limpieza",55151,Matutino,2026-04-25 07:40:36,31,101551,"POINT (  568639.468243239,   6143884.95804415)",CELIA CORREA LUNA 5494,0
2026-04-25,A_111,8,N,,Otros,N,Fuera de Lugar,55151,Matutino,2026-04-25 11:59:30,,159272,"POINT (  568541.791338328,   6143895.70898303)",CALLE CATAMARCA Esq. PSJE CARMELO CALVO Movido por vecinos,0
2026-04-25,A_111,9,N,,Otros,N,Fuera de Lugar,55151,Matutino,2026-04-25 11:59:41,,159292,"POINT (  568537.243812282,   6143889.50781114)",CALLE CATAMARCA Esq. PSJE CARMELO CALVO 294. muro ciego,0
2026-04-25,A_111,10,N,,Fuego,S,,55151,Matutino,2026-04-25 07:48:23,,101596,"POINT (  568540.421912850,   6144216.33540749)",CARLOS DE LA VEGA Esq. GUAZUCUA,0
2026-04-25,A_111,11,N,,Contenedor No Está,N,,55151,Matutino,2026-04-25 07:48:29,,101597,"POINT (  568542.333940847,   6144215.06933490)",CARLOS DE LA VEGA Esq. GUAZUCUA,0
2026-04-25,A_111,12,S,100,,S,"Basura Afuera, Requiere Limpieza",55151,Matutino,2026-04-25 07:53:58,31,183571,"POINT (  568544.375159925,   6144213.90661517)",CARLOS DE LA VEGA Esq. GUAZUCUA,0
2026-04-25,A_111,13,N,,Contenedor No Está,N,,55151,Matutino,2026-04-25 08:26:07,,101598,"POINT (  568623.057645350,   6144160.08382249)",CARLOS DE LA VEGA Esq. PSJE 20 MTS,0
2026-04-25,A_111,14,S,50,,S,"Basura Afuera, Requiere Limpieza",55151,Matutino,2026-04-25 07:54:39,31,182293,"POINT (  568935.849973171,   6143934.85388050)",CARLOS DE LA VEGA 5360,0
2026-04-25,A_111,15,,,,S,,55151,Matutino,,,101590,"POINT (  568937.195018753,   6143933.78275081)",CARLOS DE LA VEGA 5360,0
2026-04-25,A_111,16,,,,S,,55151,Matutino,,,101591,"POINT (  568938.950559112,   6143932.21838245)",CARLOS DE LA VEGA 5360,0
2026-04-25,A_111,17,,,,S,,55151,Matutino,,,182294,"POINT (  568940.500852083,   6143931.18485380)",CARLOS DE LA VEGA 5360,0
2026-04-25,A_111,18,,,,S,,55151,Matutino,,,180227,"POINT (  568952.090538418,   6143923.78625537)",CARLOS DE LA VEGA 5303 FTE 5350,0
2026-04-25,A_111,19,S,100,,N,"Basura Afuera, Requiere Limpieza",55151,Matutino,2026-04-25 07:59:41,31,180226,"POINT (  568955.176958869,   6143921.46968452)",CARLOS DE LA VEGA 5303 FTE 5350,0
2026-04-25,A_111,20,S,50,,S,,55151,Matutino,2026-04-25 08:01:20,31,101585,"POINT (  568947.791870740,   6144066.28957906)",JOSE PRAT 5415,0
2026-04-25,A_111,21,S,50,,S,,55151,Matutino,2026-04-25 08:02:50,31,101592,"POINT (  568876.063088230,   6144116.71974715)",JOSE PRAT 5468,0
2026-04-25,A_111,22,S,50,,S,,55151,Matutino,2026-04-25 08:04:35,31,101582,"POINT (  568771.763776910,   6144188.52148163)",JOSE PRAT 5600,0
2026-04-25,A_111,23,S,100,,S,,55151,Matutino,2026-04-25 08:07:29,31,101583,"POINT (  568698.472238870,   6144235.39889198)",JOSE PRAT 5696,0
2026-04-25,A_111,24,S,75,,S,,55151,Matutino,2026-04-25 08:09:30,31,101584,"POINT (  568606.581082630,   6144291.32441515)",SALTA 5736,0
2026-04-25,A_111,25,S,75,,S,,55151,Matutino,2026-04-25 08:11:15,31,101577,"POINT (  568526.246415900,   6144354.03588448)",SALTA Esq. LA RIOJA,0
2026-04-25,A_111,26,S,75,,S,,55151,Matutino,2026-04-25 08:12:26,31,101578,"POINT (  568417.415154920,   6144436.05133116)",SALTA 5800,0
2026-04-25,A_111,27,S,100,,S,"Basura Afuera, Requiere Limpieza",55151,Matutino,2026-04-25 08:18:11,31,101579,"POINT (  568468.997324210,   6144494.97782840)",JULIAN LAGUNA 5794,0
2026-04-25,A_111,28,N,,Contenedor No Está,N,,55151,Matutino,2026-04-25 08:21:50,,101580,"POINT (  568611.922584900,   6144390.05086253)",JULIAN LAGUNA 5743 cruzado,0
2026-04-25,A_111,29,S,75,,S,"Basura Afuera, Escombro, Requiere Limpieza",55151,Matutino,2026-04-25 08:20:23,31,101581,"POINT (  568733.026779370,   6144308.19600303)",JULIAN LAGUNA 5685,0
2026-04-25,A_111,30,S,75,,S,"Poda, Requiere Limpieza",55151,Matutino,2026-04-25 08:21:59,31,101515,"POINT (  568847.976960650,   6144224.35001877)",JULIAN LAGUNA 5589,0
2026-04-25,A_111,31,S,25,,S,,55151,Matutino,2026-04-25 08:22:47,31,101516,"POINT (  568910.544017600,   6144179.58844357)",JULIAN LAGUNA 5549,0
2026-04-25,A_111,32,S,50,,S,"Basura Afuera, Poda, Requiere Limpieza",55151,Matutino,2026-04-25 08:23:59,31,101576,"POINT (  568967.019900710,   6144140.98159778)",JULIAN LAGUNA 5517,0
2026-04-25,A_111,33,S,75,,S,"Basura Afuera, Poda, Requiere Limpieza",55151,Matutino,2026-04-25 08:24:43,31,101517,"POINT (  569002.632387850,   6144116.27711544)",JULIAN LAGUNA 5511,0
2026-04-25,A_111,34,S,100,,S,"Poda, Requiere Limpieza",55151,Matutino,2026-04-25 08:27:24,31,101575,"POINT (  569104.716974580,   6144191.99987142)",CARLOS MARIA HERRERA 561,0
2026-04-25,A_111,35,N,,Contenedor No Está,N,,55151,Matutino,2026-04-25 08:29:03,,101531,"POINT (  569118.981399040,   6144286.45776786)",SANTA LUCIA 5508,0
2026-04-25,A_111,36,N,,Fuego,S,,55151,Matutino,2026-04-25 08:28:57,,101532,"POINT (  569074.200018260,   6144316.06871827)",SANTA LUCIA 5532,0
2026-04-25,A_111,37,S,100,,S,Basura Afuera,55151,Matutino,2026-04-25 08:30:39,31,163532,"POINT (  569006.767502981,   6144362.18013273)",SANTA LUCIA 5594 fte al 5594,0
2026-04-25,A_111,38,S,100,,S,"Basura Afuera, Requiere Limpieza",55151,Matutino,2026-04-25 08:37:03,31,101534,"POINT (  568813.451469480,   6144496.21762100)",SANTA LUCIA 5696,0
2026-04-25,A_111,39,S,75,,S,,55151,Matutino,2026-04-25 08:43:40,31,183119,"POINT (  568682.217545534,   6144589.75265077)",SANTA LUCIA 5758,0
2026-04-25,A_111,40,S,75,,S,"Basura Afuera, Poda, Requiere Limpieza",55151,Matutino,2026-04-25 08:43:52,31,101536,"POINT (  568659.773662700,   6144633.55862333)",CLEVELAND 608,0
2026-04-25,A_111,41,S,50,,S,"Basura Afuera, Poda, Requiere Limpieza",55151,Matutino,2026-04-25 08:44:50,31,166892,"POINT (  568762.645972858,   6144776.55707781)",CLEVELAND 704,0
2026-04-25,A_111,42,S,25,,S,"Basura Afuera, Poda, Requiere Limpieza",55151,Matutino,2026-04-25 08:44:57,31,177304,"POINT (  568764.198733898,   6144778.20432090)",CLEVELAND 704 PROV A,0
2026-04-25,A_111,43,S,50,,S,,55151,Matutino,2026-04-25 08:48:14,31,101537,"POINT (  568846.268877705,   6144957.50463841)",EMANCIPACION 5821 5831,0
2026-04-25,A_111,44,S,75,,S,,55151,Matutino,2026-04-25 08:49:00,31,101538,"POINT (  568567.610945500,   6144893.14004933)",CORDOBA 739 cerco rejas,0
2026-04-25,A_111,45,S,100,,S,"Basura Afuera, Requiere Limpieza",55151,Matutino,2026-04-25 08:50:59,31,101530,"POINT (  568470.177173440,   6144764.90903117)",CORDOBA 629,0
2026-04-25,A_111,46,S,75,,S,Basura Afuera,55151,Matutino,2026-04-25 08:54:33,31,101566,"POINT (  568410.323973660,   6144685.18973528)",CORDOBA 556,0
2026-04-25,A_111,47,S,75,,S,,55151,Matutino,2026-04-25 10:17:10,31,101567,"POINT (  568452.305202670,   6144622.50897874)",JOSE LLUPES 5819 FTE 5822. MURO,0
2026-04-25,A_111,48,S,75,,N,,55151,Matutino,2026-04-25 10:19:59,31,101568,"POINT (  568571.417758650,   6144534.14037153)",JOSE LLUPES 5783,0
2026-04-25,A_111,49,S,25,,S,,55151,Matutino,2026-04-25 10:23:14,31,101569,"POINT (  568698.506703180,   6144444.76821290)",JOSE LLUPES 5711 5745,0
2026-04-25,A_111,50,S,75,,S,,55151,Matutino,2026-04-25 10:22:47,31,101570,"POINT (  568740.984811640,   6144414.66689976)",JOSE LLUPES 5697,0
2026-04-25,A_111,51,S,75,,S,Basura Afuera,55151,Matutino,2026-04-25 10:28:55,31,179031,"POINT (  568761.529415033,   6144400.25465076)",JOSE LLUPES 5669 VEREDA,0
2026-04-25,A_111,52,S,75,,S,"Poda, Requiere Limpieza",55151,Matutino,2026-04-25 10:29:01,31,101572,"POINT (  568927.953180290,   6144284.45941196)",JOSE LLUPES 5563,0
2026-04-25,A_111,53,S,75,,S,"Poda, Requiere Limpieza",55151,Matutino,2026-04-25 10:29:08,31,101573,"POINT (  568950.343098890,   6144269.52709614)",ABIARU Esq. JOSE LLUPES,0
2026-04-25,A_111,54,S,50,,S,Basura Afuera,55151,Matutino,2026-04-25 10:31:09,31,115232,"POINT (  569109.112885629,   6144158.95229821)",JOSE LLUPES 5489 5489/5477,0
2026-04-25,A_111,55,S,100,,S,"Basura Afuera, Requiere Limpieza",55151,Matutino,2026-04-25 10:33:37,31,101565,"POINT (  568399.151823990,   6144560.21435617)",JULIAN LAGUNA 5825 fte 5819,0
2026-04-25,A_111,56,N,,Contenedor No Está,N,,55151,Matutino,2026-04-25 10:34:41,,101559,"POINT (  568310.777750930,   6144564.41700493)",CORDOBA 483,0
2026-04-25,A_111,57,S,75,,S,,55151,Matutino,2026-04-25 10:40:32,31,101561,"POINT (  568305.313606840,   6144388.44767000)",CARLOS DE LA VEGA 5828 5820,0
2026-04-25,A_111,58,S,75,,S,"Basura Afuera, Poda, Requiere Limpieza",55151,Matutino,2026-04-25 10:41:47,31,101514,"POINT (  568441.919630360,   6144288.49861406)",CARLOS DE LA VEGA 5764 5770,0
2026-04-25,A_111,59,N,,Contenedor No Está,S,,55151,Matutino,2026-04-25 10:42:48,,101562,"POINT (  568494.577060810,   6144248.97649568)",CARLOS DE LA VEGA Esq. PSJE EMAUS,0
2026-04-25,A_111,60,N,,Contenedor No Está,S,,55151,Matutino,2026-04-25 10:44:45,,101563,"POINT (  568441.460808510,   6144167.42450316)",PSJE EMAUS Esq. PSJE E - 7930,0
2026-04-25,A_111,61,S,100,,S,"Basura Afuera, Poda, Requiere Limpieza",55151,Matutino,2026-04-25 10:44:54,31,101564,"POINT (  568401.913074920,   6144115.15476960)",GUAZUCUA Esq. PSJE 19 DE ABRIL Estan por pje emaus,0
2026-04-25,A_111,62,N,,"Contenedor Roto (choque, desfonde, etc.)",S,,55151,Matutino,2026-04-25 10:45:49,,101555,"POINT (  568398.920323880,   6144111.63340900)",GUAZUCUA Esq. PSJE 19 DE ABRIL,0
2026-04-25,A_111,63,S,100,,S,"Basura Afuera, Poda, Requiere Limpieza",55151,Matutino,2026-04-25 10:47:10,31,165572,"POINT (  568370.615674658,   6144069.31120380)",PSJE EMAUS Esq. PSJE C - 7927,0
2026-04-25,A_111,64,S,100,,S,"Basura Afuera, Requiere Limpieza",55151,Matutino,2026-04-25 10:51:59,31,101557,"POINT (  568326.396094200,   6144012.95148081)",PSJE EMAUS Esq. PSJE B - 7926,0
2026-04-25,A_111,65,S,75,,S,,55151,Matutino,2026-04-25 11:03:26,31,131272,"POINT (  567640.018904718,   6144899.75587641)",CARLOS DE LA VEGA 6090 En 6080,0
2026-04-25,A_111,66,N,,Contenedor No Está,N,,55151,Matutino,2026-04-25 11:05:40,,132692,"POINT (  567750.141689925,   6144915.52435371)",MANUEL LARRAVIDE 6051,0
2026-04-25,A_111,67,S,100,,S,"Basura Afuera, Requiere Limpieza",55151,Matutino,2026-04-25 11:07:08,31,101618,"POINT (  567987.454608640,   6144737.77924135)",PBRO BARTOLOME D MUÑOZ 5953 5951baldio,0
2026-04-25,A_111,68,S,75,,S,,55151,Matutino,2026-04-25 11:09:49,31,101620,"POINT (  568052.202131580,   6144816.96645721)",JULIAN LAGUNA 5980,0
2026-04-25,A_111,69,,,,S,,55151,Matutino,,,132752,"POINT (  567830.454730001,   6144979.36256476)",JULIAN LAGUNA 6156,0
2026-04-25,A_111,70,,,,S,,55151,Matutino,,,183564,"POINT (  568109.879716791,   6144907.99861622)",ACCESO RUTA 5 SANTA LUCIA Esq. EDUARDO PAZ AGUIRRE PROV OV (O: JOSE LLUPES 6117),0
2026-04-25,A_111,71,,,,S,,55151,Matutino,,,101527,"POINT (  568136.338050152,   6144915.64672821)",EDUARDO PAZ AGUIRRE 2046,0
2026-04-25,A_111,72,,,,S,,55151,Matutino,,,101528,"POINT (  568144.063676751,   6144996.85624167)",SANTA LUCIA 5954,0
2026-04-25,A_111,73,,,,S,,55151,Matutino,,,104332,"POINT (  568055.361939954,   6145067.34198643)",SANTA LUCIA 5994 Movido desde Sta Lucia 6018 por tratamiento oncológico de vecino,0
2026-04-25,A_111,74,,,,S,,55151,Matutino,,,101529,"POINT (  567883.192556020,   6145200.09739361)",SANTA LUCIA 6189,0
2026-04-25,A_111,75,,,,S,,55151,Matutino,,,160053,"POINT (  567955.567376351,   6145243.39759417)",JOSE MIGUEL PALLEJA 6087 Traslado provisorio por obras. OS 3989574,0
2026-04-25,A_111,76,,,,S,,55151,Matutino,,,101629,"POINT (  567963.754762710,   6145237.10841801)",JOSE MIGUEL PALLEJA 6079 6087,0
2026-04-25,A_111,77,,,,S,,55151,Matutino,,,101630,"POINT (  568078.267835970,   6145146.52476330)",JOSE MIGUEL PALLEJA 6011,0
2026-04-25,A_111,78,,,,S,,55151,Matutino,,,101523,"POINT (  568092.542273699,   6145219.99507654)",JOSE MONEGAL 6030,0
2026-04-25,A_111,79,,,,S,,55151,Matutino,,,101520,"POINT (  568071.044877843,   6145258.23563647)",JOSE MONEGAL 6056,0
2026-04-25,A_111,80,,,,S,,55151,Matutino,,,101524,"POINT (  568112.178430100,   6145348.96096683)",CNO LA GRANJA 6089,0
2026-04-25,A_111,81,,,,S,,55151,Matutino,,,101525,"POINT (  568199.391747750,   6145191.80425588)",CNO DE LAS TROPAS 1978,0
2026-04-25,A_111,82,,,,S,,55151,Matutino,,,183291,"POINT (  567995.545610185,   6144886.88879363)",EDUARDO PAZ AGUIRRE 2096,0
2026-04-25,A_111,83,,,,S,,55151,Matutino,,,183292,"POINT (  567986.476396355,   6144884.17578090)",EDUARDO PAZ AGUIRRE 2096,0
2026-04-25,A_111,84,,,,S,,55151,Matutino,,,158774,"POINT (  567807.648209407,   6144825.01948207)",EDUARDO PAZ AGUIRRE 2144 Fte al 2143,0
2026-04-25,A_111,85,,,,S,,55151,Matutino,,,101614,"POINT (  567887.671057709,   6144697.46883085)",CARLOS DE LA VEGA 5958 enfrente,0
2026-04-25,A_111,86,,,,S,,55151,Matutino,,,177297,"POINT (  568015.951757208,   6144596.01828263)",CIRC INT CALLE 5 Esq. CARLOS DE LA VEGA PROVISORIO DESDE CARLOS DE LAVEGA 5858,0
2026-04-25,A_111,87,,,,N,,55151,Matutino,,,101600,"POINT (  568012.857215021,   6144591.66133563)",CIRC INT CALLE 5 Esq. CARLOS DE LA VEGA,0
2026-04-25,A_111,88,,,,S,,55151,Matutino,,,101601,"POINT (  567965.256383370,   6144528.65492004)",CIRC INT CALLE 5 Esq. CIRC INT C,0
2026-04-25,A_111,89,,,,S,,55151,Matutino,,,101602,"POINT (  567937.119691620,   6144492.46993096)",CIRC INT CALLE 5 Esq. CIRC INT D,0
2026-04-25,A_111,90,,,,S,,55151,Matutino,,,101603,"POINT (  567910.343766860,   6144457.91560641)",CIRC INT CALLE 5 Esq. CIRC INT CALLE 2,0
2026-04-25,A_111,91,,,,S,,55151,Matutino,,,101604,"POINT (  567891.884038940,   6144413.30657048)",CIRC INT CALLE 3 Esq. CIRC INT CALLE 5,0
2026-04-25,A_111,92,,,,S,,55151,Matutino,,,101616,"POINT (  567939.386212380,   6144407.44101425)",CIRC INT CALLE 6 Esq. CIRC INT CALLE 1,0
2026-04-25,A_111,93,,,,S,,55151,Matutino,,,152474,"POINT (  568132.311234876,   6144525.23391936)",CARLOS DE LA VEGA Esq. CIRC INT I PROVISORIO,0
2026-04-25,A_111,94,,,,S,,55151,Matutino,,,174952,"POINT (  567795.816199163,   6144781.98563597)",CARLOS DE LA VEGA 5992 traslado provisorio desde Eduardo Paz Aguirre 2303,0
2026-04-25,A_111,95,,,,S,,55151,Matutino,,,101612,"POINT (  567791.254166120,   6144785.59635227)",CARLOS DE LA VEGA 5992,0
2026-04-25,A_111,96,,,,S,,55151,Matutino,,,101621,"POINT (  567712.240245260,   6144797.42116363)",EDUARDO PAZ AGUIRRE 2228,0
2026-04-25,A_111,97,,,,S,,55151,Matutino,,,101624,"POINT (  567544.705095300,   6144543.86026214)",AV LUIS BATLLE BERRES 6123,0
2026-04-25,A_111,98,,,,S,,55151,Matutino,,,101518,"POINT (  567627.633343210,   6144473.52506681)",AV LUIS BATLLE BERRES 6061,0
2026-04-25,A_111,99,,,,S,,55151,Matutino,,,101605,"POINT (  567906.880802050,   6144374.71435439)",CIRC INT CALLE 6 Esq. CIRC INT G,0
2026-04-25,A_111,100,,,,S,,55151,Matutino,,,101606,"POINT (  567890.978349380,   6144309.48217681)",CIRC INT CALLE 4 Esq. CIRC INT CALLE 6,0
2026-04-25,A_111,101,,,,S,,55151,Matutino,,,101607,"POINT (  567895.965125051,   6144305.73563545)",CIRC INT CALLE 4 Esq. CIRC INT CALLE 6,0
2026-04-25,A_111,102,,,,S,,55151,Matutino,,,183293,"POINT (  568131.583818379,   6144069.13508996)",AV LUIS BATLLE BERRES 5769,0
2026-04-25,A_116,57,S,75,,S,Basura Afuera,55153,Matutino,2026-04-25 08:29:53,,102036,"POINT (  566731.472505540,   6145229.76464844)",LAS PITAS Esq. CHARLES DICKENS,0
2026-04-25,A_116,58,S,75,,S,,55153,Matutino,2026-04-25 08:31:24,,102037,"POINT (  566720.302013430,   6145369.71912405)",LAS PITAS 2228,0
2026-04-25,A_116,59,S,50,,S,,55153,Matutino,2026-04-25 09:30:23,,102038,"POINT (  566708.743238660,   6145549.45067796)",LAS PITAS 2180,0
2026-04-25,A_116,60,N,,Contenedor No Está,N,,55153,Matutino,2026-04-25 08:16:54,,102058,"POINT (  566702.347927030,   6145787.45962226)",LAS PITAS Esq. COSTANERA PASO DE LA ARENA,0
2026-04-25,A_116,61,S,75,,S,Basura Afuera,55153,Matutino,2026-04-25 09:32:22,,102054,"POINT (  566572.922143080,   6145712.54117651)",ANATOLE FRANCE Esq. GUY DE MAUPASSANT,0
2026-04-25,A_116,62,S,75,,S,,55153,Matutino,2026-04-25 09:34:05,,102055,"POINT (  566510.540090000,   6145596.35550263)",OSCAR WILDE 6795,0
2026-04-25,A_116,63,S,75,,S,,55153,Matutino,2026-04-25 09:37:46,,102056,"POINT (  566587.248763470,   6145363.21911781)",CHARLES DICKENS Esq. ING CARLOS A AROCENA,0
2026-04-25,A_116,64,S,75,,S,,55153,Matutino,2026-04-25 09:39:46,,102057,"POINT (  566491.932138390,   6145451.47344599)",CHARLES DICKENS 6754,0
2026-04-25,A_116,65,S,75,,S,,55153,Matutino,2026-04-25 09:39:53,,102052,"POINT (  566389.350462610,   6145544.97170922)",CHARLES DICKENS 6858,0
2026-04-25,A_116,66,S,75,,S,Basura Afuera,55153,Matutino,2026-04-25 09:41:54,,102053,"POINT (  566274.661123830,   6145647.20985248)",CHARLES DICKENS 6938,0
2026-04-25,A_116,67,S,75,,S,Basura Afuera,55153,Matutino,2026-04-25 09:43:59,,102137,"POINT (  566189.535843310,   6145510.42110365)",FRANCISCA AZNAR DE ARTIGAS 7003,0
2026-04-25,A_116,68,S,75,,S,Basura Afuera,55153,Matutino,2026-04-25 09:45:43,,122392,"POINT (  566223.591064435,   6145361.20618095)",EDGAR ALLAN POE 6877,0
2026-04-25,A_116,69,S,75,,S,,55153,Matutino,2026-04-25 09:48:51,,102051,"POINT (  566321.525612900,   6145396.81224952)",FRANCISCA AZNAR DE ARTIGAS 6788,0
2026-04-25,A_116,70,N,,"Contenedor Roto (choque, desfonde, etc.)",S,,55153,Matutino,2026-04-25 09:51:43,,102136,"POINT (  566469.759976200,   6145270.45267656)",FRANCISCA AZNAR DE ARTIGAS 6705,0
2026-04-25,A_116,71,S,75,,S,Basura Afuera,55153,Matutino,2026-04-25 09:53:06,,102134,"POINT (  566576.479280600,   6145172.77306798)",FRANCISCA AZNAR DE ARTIGAS 6655,0
2026-04-25,A_116,72,N,,Contenedor No Está,N,,55153,Matutino,2026-04-25 08:16:39,,102135,"POINT (  566680.457978350,   6145080.99657106)",FRANCISCA AZNAR DE ARTIGAS 6605,0
2026-04-25,A_116,73,S,75,,S,,55153,Matutino,2026-04-25 08:22:34,,102035,"POINT (  566572.579290700,   6145066.55251291)",EDGAR ALLAN POE 6628,0
2026-04-25,A_116,74,S,75,,S,,55153,Matutino,2026-04-25 08:24:12,,102131,"POINT (  566499.167795810,   6145130.76505355)",EDGAR ALLAN POE 6670,0
2026-04-25,A_116,75,S,50,,S,,55153,Matutino,2026-04-25 08:27:07,,102133,"POINT (  566403.545498150,   6145056.53019612)",MAXIMO GORKI 6635,0
2026-04-25,A_116,76,N,,Contenedor No Está,N,,55153,Matutino,2026-04-25 08:16:28,,102130,"POINT (  566507.089670250,   6144976.69979940)",PEARL S BUCK 6619,0
2026-04-25,A_116,77,S,75,,S,Basura Afuera,55153,Matutino,2026-04-25 08:20:08,,144052,"POINT (  566380.270955117,   6144955.46817294)",AV LUIS BATLLE BERRES 6674,0
2026-04-25,A_116,78,S,75,,S,,55153,Matutino,2026-04-25 08:15:51,,167452,"POINT (  566279.869315069,   6144805.97741773)",PBRO COSME AGULLO 6661,0
2026-04-25,A_116,79,S,100,,S,Basura Afuera,55153,Matutino,2026-04-25 07:57:53,,144512,"POINT (  566230.162386005,   6144675.05608982)",PBRO JUAN JOSE ORTIZ 6602,0
2026-04-25,A_116,80,S,50,,S,,55153,Matutino,2026-04-25 08:02:09,,144532,"POINT (  566116.218846898,   6144729.79817676)",PBRO JUAN JOSE ORTIZ 6750,0
2026-04-25,A_116,81,S,75,,S,,55153,Matutino,2026-04-25 08:02:19,,177501,"POINT (  566035.327607949,   6144767.49753816)",PBRO JUAN JOSE ORTIZ 6786,0
2026-04-25,A_116,82,S,75,,S,,55153,Matutino,2026-04-25 08:02:26,,177345,"POINT (  566033.325325926,   6144768.29916863)",PBRO JUAN JOSE ORTIZ 6786,0
2026-04-25,A_116,83,S,75,,S,Basura Afuera,55153,Matutino,2026-04-25 08:04:11,,180128,"POINT (  565799.323073785,   6144620.10921164)",CALLE 9900 6815,0
2026-04-25,A_116,84,S,75,,S,,55153,Matutino,2026-04-25 08:06:18,,180129,"POINT (  565834.256342050,   6144599.23193297)",CALLE 9900 6804,0
2026-04-25,A_116,85,S,75,,S,,55153,Matutino,2026-04-25 08:08:03,,143613,"POINT (  566009.539597418,   6144821.12034336)",PBRO JOSE NICOLAS BARRALES 2483,0
2026-04-25,A_116,86,S,100,,S,Basura Afuera,55153,Matutino,2026-04-25 08:13:31,,181590,"POINT (  566123.508712569,   6145023.22414123)",PBRO JOSE NICOLAS BARRALES 2410 PROV A,0
2026-04-25,A_116,87,S,100,,S,Basura Afuera,55153,Matutino,2026-04-25 08:13:40,,181589,"POINT (  566127.778477767,   6145030.62679018)",PBRO JOSE NICOLAS BARRALES 2410,0
2026-04-25,A_116,88,S,100,,S,Basura Afuera,55153,Matutino,2026-04-25 07:37:55,,150532,"POINT (  566470.362296815,   6144674.86701479)",AV ALFREDO MORENO Esq. PSJE B,0
2026-04-25,A_116,89,S,75,,S,,55153,Matutino,2026-04-25 07:24:30,,102119,"POINT (  566637.054545680,   6144442.54557760)",PSJE C 6433,0
2026-04-25,A_116,90,S,75,,S,Basura Afuera,55153,Matutino,2026-04-25 07:24:39,,129912,"POINT (  566713.394539702,   6144377.79324758)",ROMULO GUERRINI BOZZINI Esq. PSJE C,0
2026-04-25,A_116,91,S,75,,S,Basura Afuera,55153,Matutino,2026-04-25 07:41:20,,181849,"POINT (  566390.833280174,   6144520.28957604)",ROMULO GUERRINI BOZZINI 2442,0
2026-04-25,A_116,92,S,75,,S,,55153,Matutino,2026-04-25 07:41:26,,102118,"POINT (  566389.692633880,   6144520.06800123)",ROMULO GUERRINI BOZZINI 2442,0
2026-04-25,A_116,93,S,75,,S,Basura Afuera,55153,Matutino,2026-04-25 07:45:43,,102412,"POINT (  566673.398356497,   6144074.13851978)",MARIA JULIA FERNANDEZ 2620,0
2026-04-25,A_116,94,S,75,,S,,55153,Matutino,2026-04-25 07:43:59,,102433,"POINT (  566650.539865437,   6144186.98240548)",DR OSCAR GUGLIELMONE 2287,0
2026-04-25,A_116,95,S,75,,S,,55153,Matutino,2026-04-25 07:48:45,,102413,"POINT (  566725.482513651,   6144102.68440137)",NELSON MARIO LANDO 2632,0
2026-04-25,A_116,96,S,75,,S,,55153,Matutino,2026-04-25 07:48:51,,180926,"POINT (  566757.965301422,   6144169.11395783)",MANUEL ANGEL ZARDAIN ALONSO 2656,0
2026-04-25,A_116,97,S,75,,S,,55153,Matutino,2026-04-25 07:48:59,,180925,"POINT (  566756.898950712,   6144172.13528484)",MANUEL ANGEL ZARDAIN ALONSO 2656,0
2026-04-25,A_116,98,S,75,,S,,55153,Matutino,2026-04-25 07:49:47,,102032,"POINT (  566819.280312380,   6144216.53855091)",AV CENTRAL 2606,0
2026-04-25,A_116,99,S,75,,S,,55153,Matutino,2026-04-25 07:50:42,,102033,"POINT (  566866.953962830,   6144101.60916948)",AV CENTRAL 2688,0
2026-04-25,A_116,100,S,75,,S,,55153,Matutino,2026-04-25 07:52:33,,158032,"POINT (  566978.025416059,   6144272.71680282)",MARTIN ARTIGAS 2619,0
2026-04-25,A_116,101,S,75,,S,,55153,Matutino,2026-04-25 07:32:02,,181151,"POINT (  566830.345620477,   6144732.51452176)",AV LUIS BATLLE BERRES 6465,0
2026-04-25,A_116,102,S,75,,S,,55153,Matutino,2026-04-25 07:34:25,,181149,"POINT (  566957.763140389,   6144679.72726351)",AV LUIS BATLLE BERRES 6431,0
2026-04-25,A_116,103,S,75,,S,,55153,Matutino,2026-04-25 07:34:31,,181150,"POINT (  567000.083959502,   6144666.53044895)",AV LUIS BATLLE BERRES 6409,0
2026-04-25,A_116,104,S,75,,S,,55153,Matutino,2026-04-25 07:20:53,,102112,"POINT (  566635.005729620,   6144690.61938640)",AV ALFREDO MORENO 2431,0
2026-04-25,A_116,105,S,75,,S,,55153,Matutino,2026-04-25 07:21:52,,102113,"POINT (  566713.182051740,   6144625.85772897)",AV ALFREDO MORENO 2459,0
2026-04-25,A_116,106,S,75,,S,,55153,Matutino,2026-04-25 07:22:52,,102138,"POINT (  566680.389681210,   6144550.20481671)",AV ALFREDO MORENO 2497,0
2026-04-25,A_116,107,S,75,,N,Basura Afuera,55153,Matutino,2026-04-25 07:27:33,,102114,"POINT (  566743.603850930,   6144417.16135203)",CAP MANUEL ARTIGAS 2549,0
2026-04-25,A_116,108,S,75,,S,Basura Afuera,55153,Matutino,2026-04-25 07:28:50,,102106,"POINT (  566794.739217590,   6144528.97496102)",CAP MANUEL ARTIGAS 2493,0
2026-04-25,A_112,35,S,75,,S,Basura Afuera,55153,Matutino,2026-04-25 09:58:01,,102316,"POINT (  566459.492523661,   6143405.71838873)",FRANCISCO DE GOYA 2447 Fte 2447,1
2026-04-25,A_112,36,N,,Contenedor Fuera de Alcance,S,,55153,Matutino,2026-04-25 09:59:11,,182322,"POINT (  566365.221570911,   6143397.92654438)",FRANCISCO DE GOYA 2495 FRANCISCO DE GOYA FTE 2495,1
2026-04-25,A_112,37,S,75,,S,Basura Afuera,55153,Matutino,2026-04-25 10:00:12,,182869,"POINT (  566229.883026075,   6143386.86584155)",FRANCISCO DE GOYA 2553 FRANCISCO DE GOYA esq ALFONSO X EL SABIO,1
2026-04-25,A_112,38,S,100,,S,Basura Afuera,55153,Matutino,2026-04-25 10:01:47,,182868,"POINT (  565955.097925788,   6143365.37587020)",FRANCISCO DE GOYA 2629 FRANCISCO DE GOYA fte 2629,1
2026-04-25,A_112,39,S,50,,S,,55153,Matutino,2026-04-25 10:03:08,,182886,"POINT (  565770.280918833,   6143336.15657360)",FRANCISCO DE GOYA Esq. LAS ORQUIDEAS,1
2026-04-25,A_112,40,S,25,,S,,55153,Matutino,2026-04-25 10:04:09,,182885,"POINT (  565648.324538500,   6143307.21777148)",FRANCISCO DE GOYA Esq. PSJE LAS AZUCENAS PDO 2612 BIS. MURO,1
2026-04-25,A_112,41,S,75,,S,,55153,Matutino,2026-04-25 10:06:10,,182884,"POINT (  565678.296869260,   6143333.88281057)",FRANCISCO DE GOYA 2664,1
2026-04-25,A_112,42,S,75,,S,,55153,Matutino,2026-04-25 10:08:10,,182887,"POINT (  565785.680495671,   6143361.78808404)",FRANCISCO DE GOYA Esq. LAS ORQUIDEAS FTE MURO CALADO,1
2026-04-25,A_112,43,S,75,,S,Basura Afuera,55153,Matutino,2026-04-25 10:17:55,,182866,"POINT (  565900.943197994,   6143383.57071261)",FRANCISCO DE GOYA 2644 FRANCISCO DE GOYA 2644 LOS CEDROS 2644,1
2026-04-25,A_112,44,S,75,,S,Basura Afuera,55153,Matutino,2026-04-25 10:19:39,,182881,"POINT (  566109.898432201,   6143399.20182106)",FRANCISCO DE GOYA 2600 FTE MURO,1
2026-04-25,A_112,45,S,75,,S,Basura Afuera,55153,Matutino,2026-04-25 10:20:45,,182882,"POINT (  566188.446609365,   6143404.16275856)",FRANCISCO DE GOYA 2578,1
2026-04-25,A_112,46,,,,S,,55153,Matutino,,,182883,"POINT (  566357.118484538,   6143418.21874816)",FRANCISCO DE GOYA 2498,1
2026-04-25,A_112,47,,,,S,,55153,Matutino,,,182867,"POINT (  566525.298498854,   6143431.85151490)",FRANCISCO DE GOYA 2424 Francisco de Goya FTE 2421,1
2026-04-25,A_112,56,S,100,,S,Basura Afuera,55153,Matutino,2026-04-25 10:09:46,,182910,"POINT (  565829.502110299,   6143487.25846176)",LOS LIRIOS 2630 MANTIENE POSICION,2
2026-04-25,A_112,57,S,75,,S,Basura Afuera,55153,Matutino,2026-04-25 10:11:35,,182911,"POINT (  565869.189610339,   6143530.25325347)",LOS LIRIOS 2699 MURO,2
2026-04-25,A_112,58,S,75,,S,,55153,Matutino,2026-04-25 10:12:32,,182912,"POINT (  565903.502761416,   6143574.48827956)",LOS LIRIOS Esq. PSJE LOS MALVONES MURO,2
2026-04-25,A_112,59,S,75,,S,Basura Afuera,55153,Matutino,2026-04-25 10:15:08,,182914,"POINT (  565974.196120863,   6143595.98567541)",LOS NOGALES 2663,2
2026-04-25,A_112,60,S,75,,S,,55153,Matutino,2026-04-25 10:16:10,,182339,"POINT (  565911.575189542,   6143512.12547538)",LOS NOGALES 2702 LOS NOGALES 2710,2
2026-04-25,A_112,61,,,,S,,55153,Matutino,,,182889,"POINT (  565876.631016597,   6143291.50813605)",LOS NOGALES Esq. MIGUEL DE UNAMUNO,2
2026-04-25,A_112,62,,,,S,,55153,Matutino,,,182337,"POINT (  565993.978465577,   6143276.68088214)",MIGUEL DE UNAMUNO 2620 CERCO VEGETAL,2
2026-04-25,A_112,63,,,,S,,55153,Matutino,,,182870,"POINT (  566075.871564757,   6143284.14377852)",MIGUEL DE UNAMUNO 2591 ANTES DE COLUMNA,2
2026-04-25,A_112,64,,,,S,,55153,Matutino,,,182871,"POINT (  566245.499071920,   6143295.89162952)",MIGUEL DE UNAMUNO 2551 ESQ. ALFONSO X EL SABIO,2
2026-04-25,A_112,65,N,,Contenedor Fuera de Alcance,S,,55153,Matutino,2026-04-25 10:22:52,,182930,"POINT (  566253.972325574,   6143526.84260893)",ALFONSO X EL SABIO 5906 PDO COLUMNA,2
2026-04-25,A_112,66,S,75,,S,Basura Afuera,55153,Matutino,2026-04-25 10:23:44,,182929,"POINT (  566224.206700544,   6143596.70914546)",ALFONSO X EL SABIO 6030,2
2026-04-25,A_112,67,,,,S,,55153,Matutino,,,182928,"POINT (  566144.004877546,   6143602.08349442)",JORGE MANRIQUE 2612 MURO,2
2026-04-25,A_112,68,,,,S,,55153,Matutino,,,182927,"POINT (  566008.405919075,   6143481.78075992)",JORGE MANRIQUE 2670 VEREDA. REJA,2
2026-04-25,A_112,69,,,,S,,55153,Matutino,,,182872,"POINT (  566430.885891404,   6143310.50481004)",MIGUEL DE UNAMUNO 2455 ESQ. FRANCISCO TARREGA. FTE CERCO VEGETAL,2
2026-04-25,A_112,70,,,,S,,55153,Matutino,,,182873,"POINT (  566570.713971633,   6143325.40452351)",MIGUEL DE UNAMUNO 2407,2
2026-04-25,A_112,71,,,,S,,55153,Matutino,,,182880,"POINT (  566579.533849349,   6143251.20051882)",JUAN DE HERRERA 2410 ANTES 2410. MURO,2
2026-04-25,A_112,72,,,,S,,55153,Matutino,,,182879,"POINT (  566297.587234477,   6143231.35676880)",JUAN DE HERRERA 2544 VEREDA,2
2026-04-25,A_112,73,,,,S,,55153,Matutino,,,182878,"POINT (  566112.378900954,   6143217.30077920)",JUAN DE HERRERA 2582,2
2026-04-25,A_112,74,,,,S,,55153,Matutino,,,182877,"POINT (  566001.584630007,   6143207.37890419)",JUAN DE HERRERA 2610 FTE 2551. BALDIO,2
2026-04-25,A_112,75,,,,S,,55153,Matutino,,,183070,"POINT (  565871.108020915,   6143188.95343464)",JUAN DE HERRERA Esq. LOS NOGALES,2
2026-04-25,A_112,76,,,,S,,55153,Matutino,,,182899,"POINT (  565791.054844635,   6143176.99316197)",2 LOS CIPRESES Esq. JUAN DE HERRERA MURO,2
2026-04-25,A_112,77,,,,S,,55153,Matutino,,,183071,"POINT (  565793.820439216,   6143126.69853268)",2 LOS CIPRESES Esq. PSJE LAS PITANGAS,2
2026-04-25,D_112,1,S,100,,N,"Basura Afuera, Requiere Limpieza",55154,Matutino,2026-04-25 05:33:03,,175363,"POINT (  574826.353940338,   6142921.07632745)",BV JOSE BATLLE Y ORDOÑEZ 4546,0
2026-04-25,D_112,2,N,,Contenedor No Está,S,,55154,Matutino,2026-04-25 05:35:13,,124230,"POINT (  574762.030475694,   6142985.25153842)",BV JOSE BATLLE Y ORDOÑEZ 4576,0
2026-04-25,D_112,3,S,75,,S,Basura Afuera,55154,Matutino,2026-04-25 05:35:26,,124229,"POINT (  574684.597914777,   6143062.90283539)",BV JOSE BATLLE Y ORDOÑEZ 4616,0
2026-04-25,D_112,4,S,100,,S,,55154,Matutino,2026-04-25 05:36:42,,124219,"POINT (  574569.331765047,   6143179.99924192)",BV JOSE BATLLE Y ORDOÑEZ 4696,0
2026-04-25,D_112,5,N,,Contenedor No Está,N,,55154,Matutino,2026-04-25 05:39:22,,124218,"POINT (  574510.702756787,   6143239.42282595)",BV JOSE BATLLE Y ORDOÑEZ 4732,0
2026-04-25,D_112,6,S,75,,S,,55154,Matutino,2026-04-25 05:40:02,,124220,"POINT (  574412.490271331,   6143337.63531141)",BV JOSE BATLLE Y ORDOÑEZ 4778,0
2026-04-25,D_112,7,S,75,,S,,55154,Matutino,2026-04-25 05:40:11,,124216,"POINT (  574292.879811510,   6143484.75108986)",ARECHAVALETA 3808,0
2026-04-25,D_112,8,S,100,,S,,55154,Matutino,2026-04-25 05:46:37,,124206,"POINT (  574422.341268743,   6143611.67822819)",ARECHAVALETA 3914,0
2026-04-25,D_112,9,S,100,,N,"Basura Afuera, Requiere Limpieza",55154,Matutino,2026-04-25 05:47:19,,124250,"POINT (  574551.380339493,   6143612.31180792)",SANTA ANA 4361,0
2026-04-25,D_112,10,S,100,,S,"Basura Afuera, Requiere Limpieza",55154,Matutino,2026-04-25 05:47:09,,124271,"POINT (  574659.722472545,   6143488.55256821)",SANTA ANA 4303,0
2026-04-25,D_112,11,S,100,,N,"Basura Afuera, Requiere Limpieza, Requiere Mantenimiento",55154,Matutino,2026-04-25 05:50:24,,124249,"POINT (  574780.546183844,   6143382.01802420)",SANTA ANA 4247,0
2026-04-25,D_112,12,S,100,,S,"Basura Afuera, Requiere Limpieza",55154,Matutino,2026-04-25 05:52:15,,124248,"POINT (  574891.522215983,   6143287.76349251)",SANTA ANA Esq. IBIROCAHY,0
2026-04-25,D_112,13,S,100,,S,"Basura Afuera, Requiere Limpieza",55154,Matutino,2026-04-25 05:54:52,,180257,"POINT (  574947.985265360,   6143242.18586166)",SANTA ANA 4155,0
2026-04-25,D_112,14,N,,Contenedor No Está,N,,55154,Matutino,2026-04-25 06:04:32,,124222,"POINT (  574939.214845079,   6143126.73742683)",AV BURGUES 3909,0
2026-04-25,D_112,15,S,75,,N,"Basura Afuera, Fuera de Lugar, Requiere Limpieza",55154,Matutino,2026-04-25 06:08:47,,179499,"POINT (  574875.205487855,   6143047.36481703)",ELBA 4110 ESQ,0
2026-04-25,D_112,16,S,75,,S,Basura Afuera,55154,Matutino,2026-04-25 06:04:57,,124221,"POINT (  574873.007939410,   6143049.03564790)",ELBA 4110,0
2026-04-25,D_112,17,S,75,,S,"Basura Afuera, Requiere Limpieza",55154,Matutino,2026-04-25 06:06:09,,179498,"POINT (  574770.778700113,   6143151.56459001)",ELBA 4174 EN 4158,0
2026-04-25,D_112,18,S,100,,S,"Basura Afuera, Requiere Limpieza",55154,Matutino,2026-04-25 06:10:26,,124174,"POINT (  574638.603148363,   6143284.75108986)",ELBA 4258,0
2026-04-25,D_112,19,S,75,,S,,55154,Matutino,2026-04-25 06:15:48,,124263,"POINT (  574527.515503167,   6143397.31708775)",ELBA 4320,0
2026-04-25,D_112,20,S,100,,S,"Basura Afuera, Requiere Limpieza",55154,Matutino,2026-04-25 06:17:20,,124223,"POINT (  574437.547182154,   6143488.76376146)",ELBA Esq. DR FRANCISCO GOYEN,0
2026-04-25,D_112,21,S,100,,S,"Poda, Requiere Limpieza",55154,Matutino,2026-04-25 06:19:02,,124175,"POINT (  574356.448977296,   6143571.55151225)",ELBA 4402,0
2026-04-25,D_112,22,S,25,,S,Basura Afuera,55154,Matutino,2026-04-25 06:22:13,,166012,"POINT (  574449.671469475,   6143800.79584322)",RBLA DR JOSE PEDRO CARDOSO 4040,0
2026-04-25,D_112,23,N,,Contenedor No Está,N,,55154,Matutino,2026-04-25 06:23:39,,179514,"POINT (  574644.962435323,   6143831.63659908)",EDUARDO SARLOS Esq. VICENTE PUIG,0
2026-04-25,D_112,24,S,75,,S,,55154,Matutino,2026-04-25 06:23:48,,179513,"POINT (  574645.286165403,   6143831.99629917)",EDUARDO SARLOS Esq. VICENTE PUIG,0
2026-04-25,D_112,25,S,50,,S,,55154,Matutino,2026-04-25 06:26:11,,179512,"POINT (  574647.696155999,   6144002.53011128)",DR JOSE MARIA SILVA Esq. LEANDRO SILVA DELGADO,0
2026-04-25,D_112,26,S,50,,S,,55154,Matutino,2026-04-25 06:27:22,,179511,"POINT (  574645.825715537,   6144003.39339150)",DR JOSE MARIA SILVA Esq. LEANDRO SILVA DELGADO,0
2026-04-25,D_112,27,S,75,,S,,55154,Matutino,2026-04-25 06:28:50,,124199,"POINT (  574532.839887742,   6143964.70477664)",NILDA MULLER Esq. VICENTE PUIG (*) CRUZANDO DE VEREDA LAS POSICIONES 27 AL 32 SE OPTIMIZA EL RECORRIDO,0
2026-04-25,D_112,28,S,100,,S,"Basura Afuera, Requiere Limpieza",55154,Matutino,2026-04-25 06:32:20,,124196,"POINT (  574733.006527454,   6143612.10061468)",FRANCISCO PLA 4317,0
2026-04-25,D_112,29,S,75,,S,,55154,Matutino,2026-04-25 06:33:22,,124253,"POINT (  574816.427857972,   6143535.43746790)",FRANCISCO PLA 4283,0
2026-04-25,D_112,30,S,100,,S,"Basura Afuera, Requiere Limpieza",55154,Matutino,2026-04-25 06:36:25,,124176,"POINT (  574903.017087116,   6143452.01613738)",FRANCISCO PLA 4223,0
2026-04-25,D_112,31,S,75,,S,,55154,Matutino,2026-04-25 06:36:57,,124251,"POINT (  574964.896706969,   6143393.93799588)",FRANCISCO PLA 4193,0
2026-04-25,D_112,32,S,75,,S,,55154,Matutino,2026-04-25 06:38:38,,124252,"POINT (  575067.747815733,   6143299.95700328)",FRANCISCO PLA 4115,0
2026-04-25,D_112,33,S,75,,S,"Basura Afuera, Requiere Limpieza",55154,Matutino,2026-04-25 05:58:17,,183608,"POINT (  575076.675317535,   6143041.61878531)",LEON PEREZ 4033,0
2026-04-25,D_112,34,S,25,,S,Basura Afuera,55154,Matutino,2026-04-25 05:58:33,,124254,"POINT (  575079.152250791,   6143041.24528205)",LEON PEREZ 4033,0
2026-04-25,D_112,35,S,75,,S,"Basura Afuera, Requiere Limpieza",55154,Matutino,2026-04-25 06:00:52,,183413,"POINT (  575140.508159041,   6143044.97744488)",LEON PEREZ 4007 FTE. 4004,0
2026-04-25,D_112,36,S,100,,S,,55154,Matutino,2026-04-25 08:03:59,,124200,"POINT (  575158.138523231,   6143166.69406769)",SANTA ANA 4020,0
2026-04-25,D_112,37,S,75,,S,"Poda, Requiere Limpieza",55154,Matutino,2026-04-25 06:42:45,,179742,"POINT (  575135.284747900,   6143316.49816992)",AV BURGUES 4050 ANTES 4054,0
2026-04-25,D_112,38,N,,Sobrepeso,S,"Basura Afuera, Escombro, Fuera de Lugar, Poda, Requiere Limpieza, Requiere Mantenimiento",55154,Matutino,2026-04-25 06:43:12,,124265,"POINT (  575206.425465247,   6143386.91777816)",AV BURGUES 4116,0
2026-04-25,D_112,39,S,75,,S,,55154,Matutino,2026-04-25 08:04:27,,124264,"POINT (  575252.541902322,   6143432.79755238)",AV BURGUES 4150 EN 4100,0
2026-04-25,D_112,40,S,100,,S,Basura Afuera,55154,Matutino,2026-04-25 10:23:00,,183180,"POINT (  575453.079888017,   6143486.83555447)",HUM 3963,0
2026-04-25,D_112,41,S,75,,S,,55154,Matutino,2026-04-25 08:05:53,,124177,"POINT (  575482.320149418,   6143629.62965375)",CNO CHIMBORAZO 3958,0
2026-04-25,D_112,42,S,100,,S,Basura Afuera,55154,Matutino,2026-04-25 10:27:14,,124231,"POINT (  575499.332220608,   6143813.81379395)",AV BURGUES 4318,0
2026-04-25,D_112,43,S,100,,S,Basura Afuera,55154,Matutino,2026-04-25 10:27:23,,124201,"POINT (  575555.420748230,   6143924.21026102)",AV BURGUES 4368,0
2026-04-25,D_112,44,S,100,,S,Basura Afuera,55154,Matutino,2026-04-25 10:30:57,,124179,"POINT (  575710.886181673,   6143947.37335921)",COTOPAXI 3895,0
2026-04-25,D_112,45,S,100,,S,Basura Afuera,55154,Matutino,2026-04-25 10:35:57,,124178,"POINT (  575809.523407054,   6143918.02297145)",COTOPAXI 3845,0
2026-04-25,D_112,46,S,100,,S,,55154,Matutino,2026-04-25 10:37:55,,124232,"POINT (  575906.818565469,   6143832.37516589)",AV GRAL SAN MARTIN 4377,0
2026-04-25,D_112,47,S,100,,S,Basura Afuera,55154,Matutino,2026-04-25 10:45:12,,124267,"POINT (  575897.737256071,   6143745.78593675)",AV GRAL SAN MARTIN 4343,0
2026-04-25,D_112,48,S,25,,N,,55154,Matutino,2026-04-25 10:38:59,,124269,"POINT (  575880.841796726,   6143597.95066748)",AV GRAL SAN MARTIN 4283,0
2026-04-25,D_112,49,S,100,,S,,55154,Matutino,2026-04-25 10:44:30,,124268,"POINT (  575869.014975184,   6143501.22416273)",AV GRAL SAN MARTIN 4251,0
2026-04-25,D_112,50,,,,S,,55154,Matutino,,,124217,"POINT (  575811.380298887,   6143262.72175271)",AV GRAL SAN MARTIN 4139,0
2026-04-25,D_112,51,,,,S,,55154,Matutino,,,124234,"POINT (  575769.806949840,   6143113.36777413)",AV GRAL SAN MARTIN 4051,0
2026-04-25,D_112,52,,,,N,,55154,Matutino,,,124233,"POINT (  575676.980760937,   6142937.20567939)",AV GRAL SAN MARTIN 3952,0
2026-04-25,D_112,53,,,,N,,55154,Matutino,,,124203,"POINT (  575522.710856916,   6142660.99185016)",AV GRAL SAN MARTIN 3789,0
2026-04-25,D_112,54,,,,N,,55154,Matutino,,,124270,"POINT (  575419.331765046,   6142545.46914689)",AV GRAL SAN MARTIN 3723,0
2026-04-25,D_112,55,,,,S,,55154,Matutino,,,183311,"POINT (  575245.298759259,   6142511.56476689)",BV JOSE BATLLE Y ORDOÑEZ 4328 PROV OV. BJ JOSE BATLLE Y ORDOÑEZ 4316,0
2026-04-25,D_112,56,,,,S,,55154,Matutino,,,124237,"POINT (  575207.874531678,   6142545.99712999)",BV JOSE BATLLE Y ORDOÑEZ 4344,0
2026-04-25,D_112,57,,,,S,,55154,Matutino,,,124204,"POINT (  575240.609484159,   6142611.78382482)",LANCASTER 3734,0
2026-04-25,D_112,58,,,,N,,55154,Matutino,,,124205,"POINT (  575329.731196607,   6142703.61706467)",LANCASTER 3794 3798,0
2026-04-25,D_112,59,,,,S,,55154,Matutino,,,124207,"POINT (  575478.716474110,   6142741.25818872)",SANTIAGO FIGUEREDO 3836,0
2026-04-25,D_112,60,,,,S,,55154,Matutino,,,124259,"POINT (  575609.933665786,   6142865.42690824)",GRANADEROS 3917,0
2026-04-25,D_112,61,,,,S,,55154,Matutino,,,124273,"POINT (  575660.583163852,   6143035.74479061)",GRANADEROS Esq. SANTA ANA FTE 4001,0
2026-04-25,D_112,62,,,,S,,55154,Matutino,,,179024,"POINT (  575661.292302785,   6143038.49655812)",GRANADEROS 4001 FTE 4001,0
2026-04-25,D_112,63,,,,S,,55154,Matutino,,,124274,"POINT (  575679.154242301,   6143107.86247859)",GRANADEROS Esq. FRANCISCO PLA,0
2026-04-25,D_112,64,,,,S,,55154,Matutino,,,124209,"POINT (  575714.783390204,   6143232.89690072)",GRANADEROS 4108,0
2026-04-25,D_112,65,,,,S,,55154,Matutino,,,124255,"POINT (  575751.207345623,   6143362.15955978)",GRANADEROS 4176,0
2026-04-25,D_112,66,,,,S,,55154,Matutino,,,124239,"POINT (  575782.000593942,   6143480.39865753)",GRANADEROS 4240,0
2026-04-25,D_112,67,,,,S,,55154,Matutino,,,124276,"POINT (  575796.830408480,   6143524.86993630)",GRANADEROS 4258,0
2026-04-25,D_112,68,,,,S,,55154,Matutino,,,124188,"POINT (  575819.701353220,   6143614.31814372)",GRANADEROS 4282,0
2026-04-25,D_112,69,,,,S,,55154,Matutino,,,124275,"POINT (  575843.611869416,   6143698.09500308)",GRANADEROS 4314,0
2026-04-25,D_112,70,,,,S,,55154,Matutino,,,124278,"POINT (  575779.152250791,   6143818.96439504)",CAYAMBE 3848,0
2026-04-25,D_112,71,,,,S,,55154,Matutino,,,124277,"POINT (  575743.544096784,   6143761.53957486)",SANTIAGO FIGUEREDO 4319,0
2026-04-25,D_112,72,,,,S,,55154,Matutino,,,183521,"POINT (  575702.606545534,   6143618.78478214)",SANTIAGO FIGUEREDO 4273 EN 4277,0
2026-04-25,D_112,73,,,,S,,55154,Matutino,,,124280,"POINT (  575658.713714285,   6143450.37602898)",SANTIAGO FIGUEREDO 4201,0
2026-04-25,D_112,74,,,,S,,55154,Matutino,,,124241,"POINT (  575628.334023329,   6143342.51214192)",SANTIAGO FIGUEREDO Esq. ESTANISLAO VEGA,0
2026-04-25,D_112,75,,,,S,,55154,Matutino,,,124240,"POINT (  575589.606316261,   6143201.11856610)",SANTIAGO FIGUEREDO 4078,0
2026-04-25,D_112,76,,,,S,,55154,Matutino,,,124242,"POINT (  575568.698185321,   6143122.34348690)",SANTIAGO FIGUEREDO 4036,0
2026-04-25,D_112,77,,,,S,,55154,Matutino,,,124243,"POINT (  575528.337831746,   6142978.76452758)",SANTIAGO FIGUEREDO 3956,0
2026-04-25,D_112,78,,,,S,,55154,Matutino,,,124245,"POINT (  575500.191392369,   6142872.87003216)",SANTIAGO FIGUEREDO 3919,0
2026-04-25,D_112,79,,,,S,,55154,Matutino,,,179610,"POINT (  575312.548857761,   6142543.08165069)",SANTIAGO FIGUEREDO 3693,0
2026-04-25,D_112,80,,,,S,,55154,Matutino,,,124211,"POINT (  575393.021884420,   6142818.67888142)",LANCASTER 3860,0
2026-04-25,D_112,81,,,,S,,55154,Matutino,,,124212,"POINT (  575417.588698487,   6142899.86961818)",LANCASTER 3909,0
2026-04-25,D_112,82,,,,S,,55154,Matutino,,,124210,"POINT (  575442.218233088,   6142995.81697195)",LANCASTER 3955,0
2026-04-25,D_112,83,,,,S,,55154,Matutino,,,124181,"POINT (  575470.074850761,   6143091.45802596)",LANCASTER 4008,0
2026-04-25,D_112,84,,,,S,,55154,Matutino,,,124180,"POINT (  575424.213357024,   6143197.56353394)",FRANCISCO PLA 3945,0
2026-04-25,D_112,85,,,,S,,55154,Matutino,,,124282,"POINT (  575412.504507569,   6143259.21676796)",GRAL MARTIN RODRIGUEZ 4087,0
2026-04-25,D_112,86,,,,S,,55154,Matutino,,,183154,"POINT (  575449.231518048,   6143391.55340579)",GRAL MARTIN RODRIGUEZ Esq. ESTANISLAO VEGA,0
2026-04-25,D_112,87,,,,S,,55154,Matutino,,,124281,"POINT (  575450.265700416,   6143396.79750746)",GRAL MARTIN RODRIGUEZ Esq. ESTANISLAO VEGA,0
2026-04-25,D_112,88,,,,S,,55154,Matutino,,,124256,"POINT (  575542.656815700,   6143461.95104102)",HUM Esq. LANCASTER,0
2026-04-25,D_112,89,,,,S,,55154,Matutino,,,124183,"POINT (  575599.298604970,   6143567.80618818)",LANCASTER 4240,0
2026-04-25,D_112,90,,,,S,,55154,Matutino,,,124182,"POINT (  575623.905283915,   6143651.60817969)",LANCASTER 4268,0
2026-04-25,D_112,91,,,,S,,55154,Matutino,,,124184,"POINT (  575611.988841910,   6143741.83266915)",SORATA 3918,0
2026-04-25,D_112,92,S,75,,S,,55154,Matutino,2026-04-25 08:08:19,,124246,"POINT (  575567.008639387,   6143825.40578891)",GRAL MARTIN RODRIGUEZ 4334,0
2026-04-25,D_112,93,,,,S,,55154,Matutino,,,124283,"POINT (  575627.416627076,   6143873.22587431)",PUBLICA - 5705 Esq. CAYAMBE,0
2026-04-25,D_112,94,,,,S,,55154,Matutino,,,124185,"POINT (  575668.170202217,   6143857.08477518)",LANCASTER 4361,0
2026-04-25,D_112,95,,,,S,,55154,Matutino,,,124187,"POINT (  575515.477488384,   6143678.83767909)",GRAL MARTIN RODRIGUEZ 4271,0
2026-04-25,D_112,96,,,,N,,55154,Matutino,,,124213,"POINT (  575475.561965680,   6143539.45013949)",GRAL MARTIN RODRIGUEZ 4217,0
2026-04-25,D_112,97,,,,S,,55154,Matutino,,,124214,"POINT (  575361.666180315,   6143118.69560769)",GRAL MARTIN RODRIGUEZ 4003,0
2026-04-25,D_112,98,,,,S,,55154,Matutino,,,124189,"POINT (  575317.800614043,   6142960.35827043)",GRAL MARTIN RODRIGUEZ 3933,0
2026-04-25,D_112,99,,,,S,,55154,Matutino,,,124190,"POINT (  575302.383507391,   6142901.85774245)",GRAL MARTIN RODRIGUEZ 3875,0
2026-04-25,D_112,100,,,,S,,55154,Matutino,,,124191,"POINT (  575241.348660506,   6142775.56418384)",GRAL MARTIN RODRIGUEZ 3835,0
2026-04-25,D_112,101,,,,N,,55154,Matutino,,,169692,"POINT (  575116.615598856,   6142649.20003876)",GRAL MARTIN RODRIGUEZ 3707,0
2026-04-25,D_112,102,,,,N,,55154,Matutino,,,124192,"POINT (  575114.890369340,   6142647.16062158)",GRAL MARTIN RODRIGUEZ Esq. BV JOSE BATLLE Y ORDOÑEZ,0
2026-04-25,D_112,103,,,,S,,55154,Matutino,,,183548,"POINT (  575045.170872191,   6142713.37433439)",BV JOSE BATLLE Y ORDOÑEZ 4446,0
2026-04-25,D_112,104,,,,S,,55154,Matutino,,,124247,"POINT (  574985.506214521,   6142888.28563738)",NILO 3832,0
2026-04-25,D_112,105,,,,S,,55154,Matutino,,,175032,"POINT (  575150.218776662,   6142978.30969599)",ORTIZ DE ZARATE 3908 EN 3908 BIS,0
2026-04-25,D_112,106,,,,S,,55154,Matutino,,,168498,"POINT (  575182.531342660,   6143080.84401489)",ORTIZ DE ZARATE 3962,0
2026-04-25,D_112,107,,,,S,,55154,Matutino,,,124195,"POINT (  575231.591251678,   6143208.99747665)",ORTIZ DE ZARATE 4040,0
2026-04-25,D_112,108,,,,S,,55154,Matutino,,,124215,"POINT (  575262.001392638,   6143287.53766259)",ORTIZ DE ZARATE 4080,0
2026-04-25,D_112,109,,,,S,,55154,Matutino,,,124194,"POINT (  575302.805893875,   6143397.73947423)",ORTIZ DE ZARATE 4138,0
2026-04-25,D_120,52,S,100,,S,,55155,Matutino,2026-04-25 07:46:29,,179938,"POINT (  578019.144470488,   6147943.70676561)",EUSEBIO CABRAL 4495 EN 4495 BIS,0
2026-04-25,D_120,53,S,100,,S,Requiere Limpieza,55155,Matutino,2026-04-25 07:47:51,,124498,"POINT (  578127.499111371,   6147960.88913713)",EUSEBIO CABRAL 4451,0
2026-04-25,D_120,54,S,100,,S,Requiere Limpieza,55155,Matutino,2026-04-25 07:50:17,,124500,"POINT (  578273.399544152,   6147982.86006686)",EUSEBIO CABRAL 4396,0
2026-04-25,D_120,55,S,100,,S,Requiere Limpieza,55155,Matutino,2026-04-25 07:52:13,,124501,"POINT (  578460.679877058,   6148012.20331145)",EUSEBIO CABRAL 4335,0
2026-04-25,D_120,56,S,100,,S,Requiere Limpieza,55155,Matutino,2026-04-25 07:53:31,,124502,"POINT (  578589.050608604,   6148031.74145427)",EUSEBIO CABRAL 4283 4285/4283,0
2026-04-25,D_120,57,S,100,,S,Requiere Limpieza,55155,Matutino,2026-04-25 07:56:37,,124503,"POINT (  578723.227048540,   6148051.63043984)",EUSEBIO CABRAL 4175,0
2026-04-25,D_120,58,S,75,,S,Requiere Limpieza,55155,Matutino,2026-04-25 08:00:20,,124520,"POINT (  578710.746135035,   6147943.54350074)",LAS FLORES 4152,0
2026-04-25,D_120,59,S,100,,S,,55155,Matutino,2026-04-25 08:00:29,,124538,"POINT (  578553.189937812,   6147919.69325070)",LAS FLORES 4298,0
2026-04-25,D_120,60,S,50,,N,,55155,Matutino,2026-04-25 08:03:15,,124521,"POINT (  578532.230627173,   6147795.38285656)",CNO BOISO LANZA 4314,0
2026-04-25,D_120,61,N,,Calle Cerrada,S,,55155,Matutino,2026-04-25 08:04:10,,124536,"POINT (  578411.138190458,   6147779.41850307)",CNO BOISO LANZA 4370 4370/4366,0
2026-04-25,D_120,62,S,50,,S,,55155,Matutino,2026-04-25 08:06:11,,124585,"POINT (  578122.439967424,   6147733.95039434)",CNO BOISO LANZA 4468,0
2026-04-25,D_120,63,N,,Contenedor No Está,S,,55155,Matutino,2026-04-25 08:07:28,,180745,"POINT (  577926.767588234,   6147706.19094510)",CNO BOISO LANZA 4582 PDO 4616,0
2026-04-25,D_120,64,S,75,,N,,55155,Matutino,2026-04-25 08:09:05,,180746,"POINT (  577851.386324617,   6147694.75303661)",CNO BOISO LANZA 4628,0
2026-04-25,D_120,65,S,50,,S,Requiere Limpieza,55155,Matutino,2026-04-25 08:11:54,,180744,"POINT (  577427.530115467,   6147632.55260087)",CNO BOISO LANZA 4860 PDO 4866,0
2026-04-25,D_120,66,S,25,,S,,55155,Matutino,2026-04-25 08:17:16,,180743,"POINT (  577282.649941175,   6147609.45891896)",CNO BOISO LANZA 4902 PROV.O,0
2026-04-25,D_120,67,S,25,,S,,55155,Matutino,2026-04-25 08:17:29,,180742,"POINT (  577276.985453158,   6147608.80532419)",CNO BOISO LANZA 4902,0
2026-04-25,D_120,68,S,75,,S,,55155,Matutino,2026-04-25 08:25:10,,178198,"POINT (  576563.038084439,   6146623.87716632)",CNO DOMINGO ARENA 4950,0
2026-04-25,D_120,69,S,25,,S,,55155,Matutino,2026-04-25 08:25:16,,124576,"POINT (  576560.064278227,   6146623.33647428)",CNO DOMINGO ARENA 4950,0
2026-04-25,D_120,70,S,50,,S,,55155,Matutino,2026-04-25 08:25:21,,178197,"POINT (  576556.345504139,   6146622.35401983)",CNO DOMINGO ARENA Esq. SAN JACINTO,0
2026-04-25,D_120,71,S,50,,S,,55155,Matutino,2026-04-25 08:27:43,,124508,"POINT (  576452.716288380,   6146744.69650276)",GABRIELA CHAMPAGNE Esq. ADELINA F DE VAZQUEZ,0
2026-04-25,D_120,72,S,25,,S,,55155,Matutino,2026-04-25 08:27:49,,124507,"POINT (  576396.567307843,   6146733.60506776)",GABRIELA CHAMPAGNE Esq. MARIA MORERO,0
2026-04-25,D_120,73,N,,Contenedor Fuera de Alcance,S,"Escombro, Poda, Requiere Limpieza",55155,Matutino,2026-04-25 08:42:14,,178952,"POINT (  576347.690259024,   6146604.09654938)",CNO DOMINGO ARENA Esq. GUZMAN PAPINI,0
2026-04-25,D_120,74,S,25,,S,Requiere Limpieza,55155,Matutino,2026-04-25 08:44:06,,178936,"POINT (  576338.272404043,   6146651.29025267)",CAROLINA SALGUERO 5576,0
2026-04-25,D_120,75,S,50,,S,Requiere Limpieza,55155,Matutino,2026-04-25 08:44:18,,124511,"POINT (  576337.525913508,   6146654.52010044)",CAROLINA SALGUERO 5614,0
2026-04-25,D_120,76,S,75,,S,Requiere Limpieza,55155,Matutino,2026-04-25 08:29:32,,124587,"POINT (  576226.714084240,   6146718.27680551)",GABRIELA CHAMPAGNE Esq. JOSEFA V DE LOPEZ EN 5623,0
2026-04-25,D_120,77,S,75,,S,,55155,Matutino,2026-04-25 08:30:51,,180799,"POINT (  576224.423182099,   6146643.86165508)",JOSEFA V DE LOPEZ 5619,0
2026-04-25,D_120,78,S,100,,S,"Escombro, Poda, Requiere Limpieza",55155,Matutino,2026-04-25 08:40:01,,124512,"POINT (  576237.994404411,   6146572.42424470)",JOSEFA V DE LOPEZ Esq. CNO DOMINGO ARENA,0
2026-04-25,D_120,79,S,100,,S,"Escombro, Poda, Requiere Limpieza",55155,Matutino,2026-04-25 08:38:01,,183704,"POINT (  576110.262964099,   6146532.96459175)",CNO DOMINGO ARENA Esq. ENRIQUE ALMADA,0
2026-04-25,D_120,80,S,100,,S,"Escombro, Poda, Requiere Limpieza",55155,Matutino,2026-04-25 08:38:09,,183703,"POINT (  576107.236829299,   6146532.00173068)",CNO DOMINGO ARENA Esq. ENRIQUE ALMADA,0
2026-04-25,D_120,81,N,,Contenedor No Está,N,,55155,Matutino,2026-04-25 08:28:04,,124558,"POINT (  576098.308871263,   6146661.72202926)",PSJE ADELA GUIXE Y CADENAS Esq. PSJE LEONTINA P DE ARDIZZI,0
2026-04-25,D_120,82,S,100,,S,"Poda, Requiere Limpieza",55155,Matutino,2026-04-25 08:32:33,,124560,"POINT (  576039.995100346,   6146682.06104075)",GABRIELA CHAMPAGNE 5185,0
2026-04-25,D_120,83,N,,Contenedor No Está,N,,55155,Matutino,2026-04-25 08:28:18,,124561,"POINT (  576033.662289022,   6146681.17048916)",AV GRAL SAN MARTIN Esq. PETRONA VIERA,0
2026-04-25,D_120,84,S,25,,S,,55155,Matutino,2026-04-25 08:48:43,,124578,"POINT (  576061.962039628,   6147204.91377573)",GRAL AV CESAREO L BERISSO 5198,0
2026-04-25,D_120,85,S,25,,S,Requiere Limpieza,55155,Matutino,2026-04-25 08:48:49,,124514,"POINT (  576056.816630427,   6147203.72637360)",GRAL AV CESAREO L BERISSO 5198,0
2026-04-25,D_120,86,S,25,,S,Requiere Limpieza,55155,Matutino,2026-04-25 08:52:18,,124515,"POINT (  575885.219080195,   6147170.34114782)",GRAL AV CESAREO L BERISSO 5374 (*) POSICION FUERA DE RUTA IZQUIERDA,0
2026-04-25,D_120,87,S,100,,S,"Poda, Requiere Limpieza",55155,Matutino,2026-04-25 08:55:01,,166314,"POINT (  575646.587460031,   6146954.94847835)",AV DE LAS INSTRUCCIONES 2593,0
2026-04-25,D_120,88,S,100,,S,"Poda, Requiere Limpieza",55155,Matutino,2026-04-25 08:57:04,,124563,"POINT (  575481.619251851,   6146778.63641345)",CNO COLMAN Esq. AV DE LAS INSTRUCCIONES,0
2026-04-25,D_120,89,N,,Contenedor Volcado,S,Requiere Limpieza,55155,Matutino,2026-04-25 08:57:26,,176125,"POINT (  575478.650746542,   6146780.21961628)",CNO COLMAN Esq. AV DE LAS INSTRUCCIONES,0
2026-04-25,D_120,90,N,,Contenedor No Está,S,,55155,Matutino,2026-04-25 08:57:45,,176126,"POINT (  575475.484340880,   6146781.60491876)",CNO COLMAN Esq. 20 DE AGOSTO,0
2026-04-25,D_120,91,S,100,,S,Requiere Limpieza,55155,Matutino,2026-04-25 09:00:00,,179595,"POINT (  575337.152381837,   6146645.00511954)",PSJE ARTICULO 45 Esq. 20 DE AGOSTO,0
2026-04-25,D_120,92,S,100,,S,,55155,Matutino,2026-04-25 09:02:51,,124571,"POINT (  575548.212445754,   6146717.17233650)",CNO COLMAN 4833,0
2026-04-25,D_120,93,S,100,,N,"Poda, Requiere Limpieza",55155,Matutino,2026-04-25 09:06:08,,179919,"POINT (  575685.189262302,   6146657.03295333)",CNO COLMAN 3558,0
2026-04-25,D_120,94,S,100,,S,"Poda, Requiere Limpieza",55155,Matutino,2026-04-25 09:06:16,,124579,"POINT (  575687.021824153,   6146656.21372059)",CNO COLMAN Esq. PETRONA VIERA FTE 4858,0
2026-04-25,D_120,95,S,100,,S,Requiere Limpieza,55155,Matutino,2026-04-25 09:08:31,,124568,"POINT (  575709.699409707,   6146573.31479629)",MTRA ELISA A MENENDEZ 4923 VEREDA,0
2026-04-25,D_120,96,N,,Contenedor No Está,N,,55155,Matutino,2026-04-25 09:08:41,,179144,"POINT (  575702.400361220,   6146500.30479216)",MTRA ELISA A MENENDEZ 4905 ESQ,0
2026-04-25,D_120,97,S,100,,S,Requiere Limpieza,55155,Matutino,2026-04-25 09:11:14,,124569,"POINT (  575534.625284376,   6146509.69271006)",PARAHIBA 5570,0
2026-04-25,D_120,98,N,,Contenedor No Está,N,,55155,Matutino,2026-04-25 09:06:30,,168072,"POINT (  575554.158215238,   6146577.53830561)",PETRONA VIERA 5395,0
2026-04-25,D_120,99,N,,Contenedor No Está,S,,55155,Matutino,2026-04-25 08:33:27,,124581,"POINT (  576010.155964195,   6146562.43381486)",AV GRAL SAN MARTIN 5562 5570/5568,0
2026-04-25,D_120,1,,,,S,,55155,Matutino,,,124522,"POINT (  576305.082624379,   6148885.13725532)",AV COSTANERA MIGUEL ANGEL DA COSTA 4842,1
2026-04-25,D_120,2,,,,S,,55155,Matutino,,,182237,"POINT (  576298.313738998,   6148871.26521939)",AV COSTANERA MIGUEL ANGEL DA COSTA 4840,1
2026-04-25,D_120,3,,,,S,,55155,Matutino,,,124524,"POINT (  576191.883621955,   6148855.84800295)",AV COSTANERA MIGUEL ANGEL DA COSTA 4824,1
2026-04-25,D_120,4,,,,S,,55155,Matutino,,,124525,"POINT (  576228.254272350,   6148770.46657253)",EULALIO PEREZ 4825 FTE 4827,1
2026-04-25,D_120,5,,,,S,,55155,Matutino,,,124526,"POINT (  576346.641698695,   6148793.90519218)",EULALIO PEREZ 4861 FTE 4861,1
2026-04-25,D_120,6,,,,N,,55155,Matutino,,,124529,"POINT (  576616.735590209,   6148331.38474688)",AV DON PEDRO DE MENDOZA 5469,1
2026-04-25,D_120,7,,,,S,,55155,Matutino,,,124567,"POINT (  576618.556784938,   6148322.50654922)",AV DON PEDRO DE MENDOZA 5469,1
2026-04-25,D_120,8,,,,S,,55155,Matutino,,,124566,"POINT (  576633.993012541,   6148267.68815119)",AV DON PEDRO DE MENDOZA 5445,1
2026-04-25,D_120,9,,,,N,,55155,Matutino,,,124528,"POINT (  576635.180414664,   6148263.53224376)",AV DON PEDRO DE MENDOZA 5445,1
2026-04-25,D_120,10,,,,S,,55155,Matutino,,,124549,"POINT (  576451.059734063,   6148154.28296962)",ANGEL SALVADOR ADAMI 5414,1
2026-04-25,D_120,11,,,,S,,55155,Matutino,,,124542,"POINT (  576427.391754614,   6148267.72604353)",ANGEL SALVADOR ADAMI 5450,1
2026-04-25,D_120,12,,,,S,,55155,Matutino,,,124551,"POINT (  576408.287658931,   6148377.02809672)",ANGEL SALVADOR ADAMI 5492 5498/5492,1
2026-04-25,D_120,13,,,,S,,55155,Matutino,,,124550,"POINT (  576499.211830184,   6148389.33048967)",JUAN P DUARTE 5491,1
2026-04-25,D_120,14,,,,S,,55155,Matutino,,,124552,"POINT (  576513.086162965,   6148253.85171075)",JUAN P DUARTE 5437,1
2026-04-25,D_120,15,,,,S,,55155,Matutino,,,180788,"POINT (  576523.044404576,   6148161.25374793)",JUAN P DUARTE 5405,1
2026-04-25,D_120,16,,,,S,,55155,Matutino,,,124554,"POINT (  576342.513483485,   6148166.52502796)",FRANCISCO EDUARDO BONILLA 5420,1
2026-04-25,D_120,17,,,,S,,55155,Matutino,,,124553,"POINT (  576298.442073475,   6148337.91384466)",FRANCISCO EDUARDO BONILLA 5482 5482/5486,1
2026-04-25,D_120,18,,,,N,,55155,Matutino,,,124575,"POINT (  576180.009600722,   6148311.12727887)",MANUEL BASILIO BUSTAMANTE 5486 FTE 5486,1
2026-04-25,D_120,19,,,,S,,55155,Matutino,,,179528,"POINT (  576180.579500106,   6148307.64099599)",MANUEL BASILIO BUSTAMANTE 5486 PROV A,1
2026-04-25,D_120,20,,,,S,,55155,Matutino,,,124574,"POINT (  576228.254272350,   6148141.22477406)",MANUEL BASILIO BUSTAMANTE 5418 FTE 5418,1
2026-04-25,D_120,21,,,,N,,55155,Matutino,,,124573,"POINT (  576259.267486800,   6148036.75920960)",MANUEL BASILIO BUSTAMANTE 5386 FTE 5386,1
2026-04-25,D_120,22,,,,S,,55155,Matutino,,,124572,"POINT (  576295.177524586,   6147911.07407735)",MANUEL BASILIO BUSTAMANTE 5324 FTE 5324,1
2026-04-25,D_120,23,,,,S,,55155,Matutino,,,124547,"POINT (  576371.894423491,   6148039.20762126)",FRANCISCO EDUARDO BONILLA 5379,1
2026-04-25,D_120,24,,,,S,,55155,Matutino,,,124546,"POINT (  576400.965345838,   6147922.30255858)",FRANCISCO EDUARDO BONILLA 5317 PDO 5317,1
2026-04-25,D_120,25,,,,S,,55155,Matutino,,,124543,"POINT (  576509.266314503,   6147987.80757571)",ANGEL SALVADOR ADAMI 5331 FTE 5331,1
2026-04-25,D_120,26,,,,S,,55155,Matutino,,,177468,"POINT (  576507.732586761,   6147989.48972872)",ANGEL SALVADOR ADAMI 5331 FTE 5331,1
2026-04-25,D_120,27,,,,S,,55155,Matutino,,,124545,"POINT (  576467.459864744,   6148046.18818011)",ANGEL SALVADOR ADAMI 5375 FTE 5375,1
2026-04-25,D_120,28,,,,S,,55155,Matutino,,,181932,"POINT (  576382.733872767,   6147875.24635599)",FRANCISCO EDUARDO BONILLA 5309 PROV OV (CNO CARLOS A LOPEZ  FTE 5150),1
2026-04-25,D_120,29,,,,S,,55155,Matutino,,,181931,"POINT (  576386.219711547,   6147875.89995076)",FRANCISCO EDUARDO BONILLA 5309 PROV OV (O: CNO CARLOS A LOPEZ FTE 5150),1
2026-04-25,D_120,30,N,,Contenedor Fuera de Alcance,S,"Escombro, Poda, Requiere Limpieza",55155,Matutino,2026-04-25 08:39:44,,183705,"POINT (  576162.876444154,   6146542.45565090)",CNO DOMINGO ARENA Esq. MARIA ZABELLA,1
2026-04-25,D_120,31,,,,S,,55155,Matutino,,,183611,"POINT (  576807.217824171,   6147826.37975640)",AV DON PEDRO DE MENDOZA 5272,1
2026-04-25,D_120,32,,,,S,,55155,Matutino,,,183609,"POINT (  576789.208345498,   6147884.19966161)",CNO CARLOS A LOPEZ 5098,1
2026-04-25,D_120,33,,,,S,,55155,Matutino,,,183610,"POINT (  577025.227302844,   6147916.90108342)",CNO CARLOS A LOPEZ 5055,1
2026-04-25,D_120,34,,,,S,,55155,Matutino,,,180790,"POINT (  577373.345302414,   6147969.20711543)",CNO CARLOS A LOPEZ 4787 muro,1
2026-04-25,D_120,35,,,,S,,55155,Matutino,,,180791,"POINT (  577380.166591484,   6147970.03393834)",CNO CARLOS A LOPEZ Esq. ERASMO muro,1
2026-04-25,D_120,36,,,,S,,55155,Matutino,,,175359,"POINT (  577447.462417199,   6147976.62620572)",CNO CARLOS A LOPEZ 4725,1
2026-04-25,D_120,37,,,,S,,55155,Matutino,,,124493,"POINT (  577599.274376184,   6148003.23662568)",CNO CARLOS A LOPEZ 4677,1
2026-04-25,D_120,38,,,,S,,55155,Matutino,,,176640,"POINT (  577603.804259695,   6148003.93263878)",CNO CARLOS A LOPEZ 4677,1
2026-04-25,D_120,39,,,,S,,55155,Matutino,,,124534,"POINT (  577859.779800323,   6148043.19376732)",CNO CARLOS A LOPEZ Esq. WASHINGTON SILVA FTE 4648,1
2026-04-25,D_120,40,,,,S,,55155,Matutino,,,124533,"POINT (  577865.724815142,   6148044.11022639)",CNO CARLOS A LOPEZ Esq. WASHINGTON SILVA FTE 4648,1
2026-04-25,D_120,41,,,,S,,55155,Matutino,,,183054,"POINT (  578799.493245534,   6148193.52159434)",CNO CARLOS A LOPEZ 4155,1
2026-04-25,D_120,42,,,,S,,55155,Matutino,,,183053,"POINT (  578615.424785839,   6148170.31656558)",CNO CARLOS A LOPEZ 4253,1
2026-04-25,D_120,43,,,,S,,55155,Matutino,,,183052,"POINT (  578561.728180610,   6148161.05847604)",CNO CARLOS A LOPEZ 4240,1
2026-04-25,D_120,44,,,,S,,55155,Matutino,,,183056,"POINT (  578391.179505447,   6148136.49314314)",CNO CARLOS A LOPEZ 4335,1
2026-04-25,D_120,45,,,,S,,55155,Matutino,,,183051,"POINT (  578119.369602396,   6148093.84367408)",CNO CARLOS A LOPEZ 4480,1
2026-04-25,D_120,46,,,,S,,55155,Matutino,,,183050,"POINT (  578038.759580610,   6148082.40576558)",CNO CARLOS A LOPEZ 4527,1
2026-04-25,D_120,47,,,,S,,55155,Matutino,,,183055,"POINT (  578019.501945534,   6148078.32320850)",CNO CARLOS A LOPEZ 4537,1
2026-04-25,D_120,48,,,,S,,55155,Matutino,,,124537,"POINT (  578407.197498184,   6147898.73394006)",LAS FLORES 4348 4348 BIS,1
2026-04-25,D_120,49,,,,S,,55155,Matutino,,,124540,"POINT (  578255.390611948,   6147875.20227435)",LAS FLORES 4406 4404/4406,1
2026-04-25,D_120,50,,,,S,,55155,Matutino,,,124539,"POINT (  578070.452731240,   6147847.49622481)",LAS FLORES 4470 PDO 4470,1
2026-04-25,D_120,51,,,,S,,55155,Matutino,,,124541,"POINT (  578008.970596029,   6147877.77462942)",ACHAR 5305 FTE 5315,1
2026-04-25,D_121,1,S,100,,S,"Basura Afuera, Poda, Requiere Limpieza",55156,Matutino,2026-04-25 07:24:28,,123997,"POINT (  578708.693335337,   6151267.69184260)",SALVIA 4193 BALDIO,0
2026-04-25,D_121,2,S,100,,S,"Basura Afuera, Requiere Limpieza",55156,Matutino,2026-04-25 07:27:21,,123999,"POINT (  578703.529726370,   6151267.12411596)",SALVIA 4199 BALDIO,0
2026-04-25,D_121,3,S,100,,S,"Basura Afuera, Requiere Limpieza",55156,Matutino,2026-04-25 07:27:44,,124000,"POINT (  578699.204190062,   6151266.42121631)",SALVIA 4199 BALDIO,0
2026-04-25,D_121,4,S,100,,S,"Basura Afuera, Requiere Limpieza",55156,Matutino,2026-04-25 07:27:53,,177355,"POINT (  578700.531403292,   6151153.86317038)",CNO REGULO 4202 FTE 4202,0
2026-04-25,D_121,5,S,100,,S,"Basura Afuera, Requiere Limpieza",55156,Matutino,2026-04-25 07:27:58,,177356,"POINT (  578870.111425993,   6151173.84046890)",CNO REGULO 4128 FTE 4128,0
2026-04-25,D_121,6,S,100,,S,"Basura Afuera, Requiere Limpieza",55156,Matutino,2026-04-25 07:28:02,,177357,"POINT (  578874.956137170,   6151174.53060437)",CNO REGULO 4128 FTE 4128,0
2026-04-25,D_121,7,N,,Contenedor No Está,N,,55156,Matutino,2026-04-25 07:55:18,,163752,"POINT (  578908.893748055,   6151375.07225033)",PSJE CERRO LARGO - VILLA CAMILA Esq. AV JOSE BELLONI,0
2026-04-25,D_121,8,S,100,,S,"Basura Afuera, Escombro, Requiere Limpieza",55156,Matutino,2026-04-25 07:55:12,,163753,"POINT (  578910.567319241,   6151371.85358849)",PSJE CERRO LARGO - VILLA CAMILA Esq. AV JOSE BELLONI,0
2026-04-25,D_121,9,N,,Contenedor No Está,N,,55156,Matutino,2026-04-25 07:55:22,,183248,"POINT (  579074.488073856,   6151201.76029325)",CNO REGULO 4053,0
2026-04-25,D_121,10,S,100,,S,"Basura Afuera, Poda, Requiere Limpieza",55156,Matutino,2026-04-25 07:29:26,,180836,"POINT (  579077.975659366,   6151202.00293843)",CNO REGULO 4053,0
2026-04-25,D_121,11,S,100,,S,"Basura Afuera, Requiere Limpieza",55156,Matutino,2026-04-25 07:30:50,,181572,"POINT (  579178.860335528,   6151230.07479431)",JOSE ARAUS 4252,0
2026-04-25,D_121,12,S,100,,S,,55156,Matutino,2026-04-25 07:32:23,,124025,"POINT (  579222.731462108,   6151281.73078352)",JOSE ARAUS 4272,0
2026-04-25,D_121,13,S,100,,S,"Basura Afuera, Requiere Limpieza",55156,Matutino,2026-04-25 07:34:32,,160252,"POINT (  579333.651375596,   6151409.96360511)",AGATAS 4304 FTE 4303,0
2026-04-25,D_121,14,S,100,,S,"Poda, Requiere Limpieza",55156,Matutino,2026-04-25 07:37:33,,124026,"POINT (  579369.561286976,   6151630.57157659)",AGATAS 6764 FTE 6771 BALDIO,0
2026-04-25,D_121,15,S,100,,S,,55156,Matutino,2026-04-25 07:39:20,,123988,"POINT (  579249.602279731,   6151687.67206404)",CORINDON 6795 6795/ESQUINA,0
2026-04-25,D_121,16,S,100,,S,,55156,Matutino,2026-04-25 07:40:56,,123990,"POINT (  579263.517524571,   6151546.12043549)",CORINDON Esq. MIO MIO,0
2026-04-25,D_121,17,S,100,,S,"Basura Afuera, Requiere Limpieza",55156,Matutino,2026-04-25 07:42:54,,123989,"POINT (  579181.807042048,   6151395.55945665)",ORTIGA Esq. MENTA,0
2026-04-25,D_121,18,S,100,,S,,55156,Matutino,2026-04-25 07:44:30,,123992,"POINT (  579161.312450399,   6151494.77798039)",MENTA 6734,0
2026-04-25,D_121,19,S,100,,S,,55156,Matutino,2026-04-25 07:47:28,,183247,"POINT (  579051.927008932,   6151501.58776863)",DIAMANTE 6745,0
2026-04-25,D_121,20,S,50,,S,,55156,Matutino,2026-04-25 07:47:32,,123991,"POINT (  579050.950163734,   6151496.69732451)",DIAMANTE 6745,0
2026-04-25,D_121,21,S,100,,S,,55156,Matutino,2026-04-25 07:49:26,,123994,"POINT (  579049.030819618,   6151396.89143048)",DIAMANTE 6699 FTE 6698,0
2026-04-25,D_121,22,S,100,,S,,55156,Matutino,2026-04-25 07:55:03,,123993,"POINT (  579072.062949009,   6151260.13816222)",DIAMANTE 6625 6625/6629,0
2026-04-25,F_112,68,N,,No Levantado por Feria,S,,55156,Matutino,2026-04-25 08:11:30,,141397,"POINT (  579333.976680559,   6148167.55032049)",MARRUBIO 3939 EN 3941,1
2026-04-25,F_112,69,N,,No Levantado por Feria,N,,55156,Matutino,2026-04-25 08:11:36,,158239,"POINT (  579445.202067176,   6148249.21882786)",CEIBO 3884,1
2026-04-25,F_112,70,N,,Buzonera Girada,S,,55156,Matutino,2026-04-25 08:06:26,,141389,"POINT (  579468.806932898,   6148130.19768606)",CEIBO 3853,1
2026-04-25,F_112,71,S,100,,S,"Basura Afuera, Requiere Limpieza",55156,Matutino,2026-04-25 08:07:50,,141390,"POINT (  579469.615235129,   6148023.44397875)",AV DE LA ALJABA 3903,1
2026-04-25,F_112,72,N,,No Levantado por Feria,S,,55156,Matutino,2026-04-25 08:11:50,,141435,"POINT (  579292.561503284,   6148055.31365048)",AV DE LA ALJABA 3958,1
2026-04-25,F_112,73,N,,No Levantado por Feria,S,,55156,Matutino,2026-04-25 08:11:59,,141434,"POINT (  579200.185643191,   6148039.91767380)",AV DE LA ALJABA 3988 PDO 3988,1
2026-04-25,F_112,74,N,,No Levantado por Feria,S,,55156,Matutino,2026-04-25 08:13:36,,141396,"POINT (  579093.790741855,   6148023.13500298)",AV DE LA ALJABA 4050,1
2026-04-25,F_112,75,N,,No Levantado por Feria,N,,55156,Matutino,2026-04-25 08:13:53,,141395,"POINT (  578956.874833661,   6148003.44028275)",AV DE LA ALJABA 4094 FTE 4093,1
2026-04-25,F_112,76,N,,Contenedor No Está,N,,55156,Matutino,2026-04-25 08:13:59,,149996,"POINT (  579183.557988374,   6148240.68120973)",CNO CARLOS A LOPEZ 4009,1
2026-04-25,F_112,77,N,,Sobrepeso,S,,55156,Matutino,2026-04-25 08:10:19,,141393,"POINT (  579265.772503856,   6148253.45987038)",CNO CARLOS A LOPEZ 3973,1
2026-04-25,F_112,78,N,,Contenedor Fuera de Alcance,S,,55156,Matutino,2026-04-25 08:10:48,,141442,"POINT (  579559.681698719,   6148297.26142404)",CNO CARLOS A LOPEZ 3867,1
2026-04-25,F_112,79,N,,Contenedor No Está,N,,55156,Matutino,2026-04-25 08:14:07,,141436,"POINT (  579751.900467596,   6148324.05042347)",CNO CARLOS A LOPEZ 3765,1
2026-04-25,F_112,80,S,100,,S,"Basura Afuera, Escombro, Poda, Requiere Limpieza",55156,Matutino,2026-04-25 08:14:12,,149932,"POINT (  579643.370158701,   6148109.65671555)",AV DE LA ALJABA 3860 EN 3868,1
2026-04-25,F_112,81,S,100,,S,"Basura Afuera, Requiere Limpieza",55156,Matutino,2026-04-25 08:10:00,,141440,"POINT (  579512.912697812,   6148117.03197886)",LAS PETUNIAS Esq. AV DE LA ALJABA,1
2026-04-25,F_112,82,N,,Contenedor No Está,N,,55156,Matutino,2026-04-25 08:14:33,,141439,"POINT (  579633.505406910,   6148276.16893599)",LAS PETUNIAS 5394 EN 5392,1
2026-04-25,F_112,83,S,100,,N,"Basura Afuera, Requiere Limpieza",55156,Matutino,2026-04-25 08:19:26,,141443,"POINT (  579851.795419838,   6148321.04449917)",CNO CARLOS A LOPEZ 3775 FTE 3778,1
2026-04-25,F_112,84,S,100,,N,"Basura Afuera, Requiere Limpieza",55156,Matutino,2026-04-25 08:19:33,,153112,"POINT (  579874.793777116,   6148305.82519994)",CNO CARLOS A LOPEZ 3775,1
2026-04-25,F_112,85,N,,Contenedor No Está,S,,55156,Matutino,2026-04-25 08:26:00,,183743,"POINT (  580027.135200238,   6148225.55312949)",CNO CARLOS A LOPEZ 3716 PROV OV. CNO LA CRUZ DEL SUR 3750,1
2026-04-25,F_112,86,N,,Contenedor No Está,S,,55156,Matutino,2026-04-25 08:26:06,,141441,"POINT (  579966.366422778,   6148176.09508755)",CNO LA CRUZ DEL SUR 3746 ANTES DEL 3746,1
2026-04-25,F_112,87,S,100,,S,"Basura Afuera, Requiere Limpieza",55156,Matutino,2026-04-25 08:25:37,,141444,"POINT (  579946.546004586,   6148141.78663613)",CNO LAS AMAPOLAS Esq. CNO LA CRUZ DEL SUR,1
2026-04-25,F_112,88,S,100,,S,"Basura Afuera, Requiere Limpieza",55156,Matutino,2026-04-25 08:25:41,,141445,"POINT (  580007.473680520,   6148040.76445251)",CNO LAS AMAPOLAS Esq. PSJE LOS PENSAMIENTOS,1
2026-04-25,F_112,89,S,100,,S,"Basura Afuera, Requiere Limpieza",55156,Matutino,2026-04-25 08:26:59,,141448,"POINT (  580091.381753438,   6147886.57374604)",CNO LAS AMAPOLAS 5210 FTE 5210,1
2026-04-25,D_116,12,S,100,,S,,55156,Matutino,2026-04-25 09:53:07,,128193,"POINT (  576833.440411972,   6145730.06093399)",DR ERNESTO QUINTELA Esq. ANGEL ROMANO,2
2026-04-25,D_116,13,S,75,,S,,55156,Matutino,2026-04-25 09:53:10,,181620,"POINT (  576870.636968568,   6145732.85782930)",DR ERNESTO QUINTELA Esq. SANTOS IRIARTE PROV A NO PLANIFICADO,2
2026-04-25,D_116,14,S,75,,S,,55156,Matutino,2026-04-25 09:53:14,,172313,"POINT (  576873.225080473,   6145733.17335899)",DR ERNESTO QUINTELA Esq. SANTOS IRIARTE NO PLANIFICADO,2
2026-04-25,D_116,15,S,25,,S,,55156,Matutino,2026-04-25 09:53:18,,172312,"POINT (  576877.051687348,   6145733.65168485)",DR ERNESTO QUINTELA Esq. SANTOS IRIARTE,2
2026-04-25,D_116,16,S,50,,S,,55156,Matutino,2026-04-25 09:53:22,,125040,"POINT (  576881.169915820,   6145734.75777701)",DR ERNESTO QUINTELA Esq. SANTOS IRIARTE,2
2026-04-25,D_116,17,S,50,,S,,55156,Matutino,2026-04-25 09:54:26,,125042,"POINT (  576883.420192556,   6145771.59342771)",SANTOS IRIARTE 4440 FTE 4441,2
2026-04-25,D_116,18,S,75,,S,"Basura Afuera, Requiere Limpieza",55156,Matutino,2026-04-25 09:47:43,,125047,"POINT (  576686.003970028,   6145938.66199005)",CNO TTE RINALDI 4921 EN EL 5088,2
2026-04-25,D_116,19,S,75,,S,"Basura Afuera, Fuera de Lugar, Poda, Requiere Limpieza",55156,Matutino,2026-04-25 09:57:46,,125044,"POINT (  576679.692551054,   6145733.63297580)",PEDRO DOMINGO ETCHEGOYEN Esq. DR ERNESTO QUINTELA,2
2026-04-25,D_116,20,S,100,,S,"Basura Afuera, Poda, Requiere Limpieza",55156,Matutino,2026-04-25 09:57:31,,125046,"POINT (  576740.034323905,   6145850.40852807)",HECTOR CASTRO Esq. PSJE 4826,2
2026-04-25,D_116,21,N,,Sobrepeso,S,,55156,Matutino,2026-04-25 09:58:41,,125043,"POINT (  576733.954689608,   6145924.20008935)",HECTOR CASTRO Esq. CNO TTE RINALDI corrido 4mts por boca de tormenta,2
2026-04-25,D_116,22,N,,Contenedor No Está,S,,55156,Matutino,2026-04-25 10:19:46,,183007,"POINT (  576637.245677124,   6145930.42372418)",CNO TTE RINALDI Esq. VECINAL,2
2026-04-25,D_116,23,N,,Contenedor No Está,S,,55156,Matutino,2026-04-25 10:19:51,,125036,"POINT (  576632.348055347,   6145930.21470319)",CNO TTE RINALDI Esq. VECINAL FTE 5081,2
2026-04-25,D_116,24,S,100,,S,"Basura Afuera, Requiere Limpieza",55156,Matutino,2026-04-25 10:19:40,,125038,"POINT (  576579.835960189,   6145920.40031791)",CNO TTE RINALDI 4992,2
2026-04-25,D_116,25,N,,Contenedor Fuera de Alcance,S,,55156,Matutino,2026-04-25 10:00:45,,176344,"POINT (  576578.468042472,   6145557.59814126)",JACINTO TRAPANI 5105 EN 5111,2
2026-04-25,D_116,26,N,,Contenedor Fuera de Alcance,S,,55156,Matutino,2026-04-25 10:00:53,,176345,"POINT (  576579.076005902,   6145546.04683609)",JACINTO TRAPANI 5105,2
2026-04-25,D_116,27,N,,Fuego,S,,55156,Matutino,2026-04-25 10:01:51,,124990,"POINT (  576819.981514905,   6145550.75855268)",CNO TTE GALEANO 4881 FTE 4942,2
2026-04-25,D_116,28,N,,Fuego,S,,55156,Matutino,2026-04-25 10:01:56,,176346,"POINT (  576823.976322064,   6145551.33824442)",CNO TTE GALEANO 4881,2
2026-04-25,D_116,29,N,,Contenedor No Está,S,,55156,Matutino,2026-04-25 10:02:09,,124991,"POINT (  576905.007703419,   6145560.72411871)",CNO TTE GALEANO 4861,2
2026-04-25,D_116,30,N,,"Contenedor Roto (choque, desfonde, etc.)",S,,55156,Matutino,2026-04-25 10:02:17,,124992,"POINT (  576932.454749393,   6145563.67777556)",CNO TTE GALEANO Esq. MACHIES,2
2026-04-25,D_116,31,N,,Contenedor No Está,S,,55156,Matutino,2026-04-25 10:03:39,,125048,"POINT (  576944.006054556,   6145489.88621428)",MACHIES 5103 FTE 5112,2
2026-04-25,D_116,32,N,,Contenedor No Está,S,,55156,Matutino,2026-04-25 10:03:51,,125014,"POINT (  576952.213560857,   6145416.77861187)",PSJE 8991 Esq. MACHIES EN 5059,2
2026-04-25,D_116,33,S,100,,S,,55156,Matutino,2026-04-25 10:03:32,,125013,"POINT (  576962.852920876,   6145337.51537972)",MACHIES 4431,2
2026-04-25,D_116,34,S,75,,S,,55156,Matutino,2026-04-25 10:05:17,,125050,"POINT (  577086.573478812,   6145314.41276940)",TUBICHAS 5008 ANTES DE 5008,2
2026-04-25,D_116,35,S,50,,S,,55156,Matutino,2026-04-25 10:09:22,,125049,"POINT (  577072.027644744,   6145433.14111741)",TUBICHAS 5066,2
2026-04-25,D_116,36,S,25,,S,,55156,Matutino,2026-04-25 10:09:26,,125051,"POINT (  577064.951718951,   6145500.71620873)",TUBICHAS 4182,2
2026-04-25,D_116,37,S,75,,S,,55156,Matutino,2026-04-25 10:09:32,,125052,"POINT (  577056.023316472,   6145574.46912644)",TUBICHAS Esq. CNO TTE GALEANO,2
2026-04-25,D_116,38,N,,Contenedor No Está,N,,55156,Matutino,2026-04-25 10:09:52,,181595,"POINT (  577154.528462889,   6145582.11078478)",TIMBUES Esq. CNO TTE GALEANO,2
2026-04-25,D_116,39,N,,Contenedor No Está,N,,55156,Matutino,2026-04-25 10:10:15,,125017,"POINT (  577163.784834379,   6145508.35310346)",TIMBUES 4525,2
2026-04-25,D_116,40,S,100,,S,"Basura Afuera, Requiere Limpieza",55156,Matutino,2026-04-25 10:11:47,,125016,"POINT (  577173.816230969,   6145420.65437873)",TIMBUES Esq. JOSE RAMIREZ,2
2026-04-25,D_116,41,S,100,,S,,55156,Matutino,2026-04-25 10:25:46,,125058,"POINT (  577179.287901836,   6145377.94494780)",TIMBUES 4479,2
2026-04-25,D_116,42,N,,"Contenedor Roto (choque, desfonde, etc.)",S,,55156,Matutino,2026-04-25 10:14:00,,125053,"POINT (  577212.238655119,   6145301.67398835)",CNO GRAL LEANDRO GOMEZ 3490 EN EL 3461,2
2026-04-25,F_101,1,S,100,,S,Basura Afuera,55157,Matutino,2026-04-25 06:15:36,,145732,"POINT (  584440.875898367,   6141694.42659706)",CALLE 1 7095 FTE AL 7096 POR CENSO,0
2026-04-25,F_101,2,S,75,,S,,55157,Matutino,2026-04-25 06:17:36,,142187,"POINT (  584200.426968392,   6141787.43976339)",AV DEL LAGO 3010 FTE. 3025. EN CERCO DE POSTES DE MADERA. / ESQ Y LUMINARIA,0
2026-04-25,F_101,3,S,100,,S,,55157,Matutino,2026-04-25 06:23:14,,142188,"POINT (  584429.447152930,   6142124.56301624)",AV DAYMAN 3184 FTE. 3195,0
2026-04-25,F_101,4,S,100,,S,,55157,Matutino,2026-04-25 06:24:27,,142199,"POINT (  584479.070666668,   6142253.69299715)",ARAPEY Nº8 3212 FTE. 3171. MURO BAJO CON VEGETACION,0
2026-04-25,F_101,5,S,75,,S,,55157,Matutino,2026-04-25 06:33:40,,142173,"POINT (  584322.347237426,   6142267.24949011)",CALLE 7 7061 PPO 7061. TERRENO BALDIO,0
2026-04-25,F_101,6,,,,S,,55157,Matutino,,,142252,"POINT (  584255.029795126,   6142045.92523736)",AV DEL LAGO 3135 ANTES DEL 3125. PASANDO LA COLUMNA DE ILUM,0
2026-04-25,F_101,7,S,100,,S,,55157,Matutino,2026-04-25 06:20:09,,161252,"POINT (  584387.948366190,   6141901.62011413)",BAYCURU Esq. AV DAYMAN,0
2026-04-25,F_101,8,,,,S,,55157,Matutino,,,142198,"POINT (  584385.110938253,   6141824.62872247)",AV DEL OMBU 7072 FTE A ROTONDA. AL LADO DE COLUMNA DE ILUM. TERRENO BALDIO,0
2026-04-25,F_101,9,,,,S,,55157,Matutino,,,180766,"POINT (  584694.059935512,   6142012.08132440)",CALLE 8 7064,0
2026-04-25,F_101,10,,,,S,,55157,Matutino,,,142174,"POINT (  584807.219118976,   6142099.91652094)",CALLE 8 7090 CURITIBA PASANDO EL 7090. TERRENO BALDIO,0
2026-04-25,F_101,11,,,,S,,55157,Matutino,,,181745,"POINT (  584843.715783660,   6142335.19346580)",CALLE 14 - 8740 3227,0
2026-04-25,F_101,12,,,,S,,55157,Matutino,,,181738,"POINT (  584756.179162174,   6142523.70892388)",CALLE 11 - 8848 7133,0
2026-04-25,F_101,13,,,,S,,55157,Matutino,,,181737,"POINT (  584604.997129077,   6142325.36377022)",CALLE 12 - 8737 3205,0
2026-04-25,F_101,14,,,,S,,55157,Matutino,,,142254,"POINT (  584583.473375502,   6142190.96457240)",CALLE 12 - 8737 3161 GUADALAJARA ESQ. CNODR MIGUEL C RUBINO. TERRENO BALDIO,0
2026-04-25,F_101,15,,,,S,,55157,Matutino,,,150292,"POINT (  584733.705520161,   6141902.26325742)",CALLE 1 Esq. CALLE 2 RIO BAMBA Y CORDOBA,0
2026-04-25,F_101,16,,,,S,,55157,Matutino,,,177369,"POINT (  584736.424415751,   6141897.94948865)",CALLE 1 Esq. CALLE 2,0
2026-04-25,F_101,17,,,,S,,55157,Matutino,,,150293,"POINT (  584872.132486452,   6141825.55913756)",CALLE 1 Esq. CALLE 3 RIO BAMBA Y ROSARIO,0
2026-04-25,F_101,18,,,,S,,55157,Matutino,,,142201,"POINT (  585192.946718230,   6142074.04895091)",PAPIROS 7064 ANTES DEL 7072. TERRENO BALDIO,0
2026-04-25,F_101,19,,,,S,,55157,Matutino,,,175400,"POINT (  585245.730860184,   6142086.35199093)",PAPIROS 7094 RESERVA FUTURAS VIVIENDAS,0
2026-04-25,F_101,20,,,,S,,55157,Matutino,,,142175,"POINT (  585257.717107031,   6141974.63477207)",CALAS 7093 ESQ. LA CHACRA,0
2026-04-25,F_101,21,,,,S,,55157,Matutino,,,175401,"POINT (  585238.250334569,   6141970.89170426)",CALAS 7093 RESERVA FUTURAS VIVIENDAS,0
2026-04-25,F_101,22,,,,S,,55157,Matutino,,,175399,"POINT (  585100.063885847,   6141899.25754050)",MARTIN PESCADOR 3097 RESERVA FUTURAS VIVIENDAS,0
2026-04-25,F_101,23,,,,S,,55157,Matutino,,,142255,"POINT (  585121.108889769,   6141860.36604380)",EL OLIVAR Esq. GAVIOTAS ESQ.,0
2026-04-25,F_101,24,,,,S,,55157,Matutino,,,161274,"POINT (  585105.696247087,   6141692.75743317)",GAVIOTAS 3015 ESQ. LAVANDAS,0
2026-04-25,F_101,25,,,,S,,55157,Matutino,,,175402,"POINT (  585236.624133348,   6141826.64765599)",CISNES 3096 RESERVA FUTURAS VIVIENDAS,0
2026-04-25,F_101,26,,,,N,,55157,Matutino,,,142202,"POINT (  585238.831066016,   6141836.49687207)",CISNES 3096 ESQ. EL OLIVAR,0
2026-04-25,F_101,27,,,,S,,55157,Matutino,,,142203,"POINT (  585279.169428665,   6141602.48951390)",CNO GIGANTES 2985 PPO EL 2985. TERRENO BALDIO,0
2026-04-25,F_101,28,,,,S,,55157,Matutino,,,142189,"POINT (  585241.071379133,   6141482.35422135)",AV DEL POLO Esq. CNO GIGANTES PPO ESQ CNO GIGANTES. FTE A VIVIENDAS,0
2026-04-25,F_101,29,,,,S,,55157,Matutino,,,142204,"POINT (  585051.531785106,   6141505.46880598)",AV DEL POLO 7060 FTE 7062. FTE A VIVIENDAS,0
2026-04-25,F_101,30,,,,S,,55157,Matutino,,,142215,"POINT (  584936.654409765,   6141429.09798730)",Nº 3 DE 17 METROS 2788 PPO EL 2789. TERRENO BALDIO,0
2026-04-25,F_101,31,,,,S,,55157,Matutino,,,142216,"POINT (  584990.074925781,   6141265.05923105)",Nº 3 DE 17 METROS 2691 FTE 2692,0
2026-04-25,F_101,32,,,,S,,55157,Matutino,,,175405,"POINT (  584927.789712373,   6141242.44938082)",Nº 2 DE 17 METROS 2682 RESERVA FUTURAS VIVIENDAS,0
2026-04-25,F_101,33,,,,S,,55157,Matutino,,,142218,"POINT (  584928.811278775,   6141256.41078831)",Nº 2 DE 17 METROS 2682 FTE 2681,0
2026-04-25,F_101,34,S,100,,S,,55157,Matutino,2026-04-25 06:04:16,,180189,"POINT (  585246.377151279,   6141303.37919583)",CNO GIGANTES 2829,0
2026-04-25,F_101,35,,,,S,,55157,Matutino,,,183557,"POINT (  584845.839898475,   6141532.88953747)",CALLE 9582 2943,0
2026-04-25,F_101,36,,,,S,,55157,Matutino,,,176723,"POINT (  584842.978881670,   6141538.87021114)",CALLE 9582 3004 ESPACIO VERDE,0
2026-04-25,F_101,37,,,,S,,55157,Matutino,,,182988,"POINT (  584796.661044009,   6141576.24357887)",CALLE 9576 6897,0
2026-04-25,F_101,38,,,,S,,55157,Matutino,,,182987,"POINT (  584667.467144227,   6141547.48540893)",CALLE 9574 2958,0
2026-04-25,F_101,39,,,,S,,55157,Matutino,,,182986,"POINT (  584816.176035076,   6141444.30662201)",CALLE 9578 6836,0
2026-04-25,F_101,40,,,,S,,55157,Matutino,,,183558,"POINT (  584812.308932680,   6141438.53320153)",CALLE 9583 Esq. CALLE 9578,0
2026-04-25,F_101,41,,,,S,,55157,Matutino,,,181339,"POINT (  584732.720135076,   6141304.13152396)",CALLE 9583 2773,0
2026-04-25,F_101,42,,,,S,,55157,Matutino,,,176724,"POINT (  584731.702837178,   6141298.95984610)",CALLE 9583 2773,0
2026-04-25,F_101,43,,,,S,,55157,Matutino,,,182107,"POINT (  584734.257446187,   6141122.15848693)",CALLE Nº 1 - 9552 6869,0
2026-04-25,F_101,44,,,,S,,55157,Matutino,,,182109,"POINT (  584729.678878649,   6141120.96022985)",CALLE Nº 1 - 9552 6833,0
2026-04-25,F_101,45,S,75,,S,Requiere Limpieza,55157,Matutino,2026-04-25 06:07:35,,142265,"POINT (  584764.521635937,   6140981.22901465)",CNO CARRASCO 6955 PPO EL 6955. PASANDO COLUMNA DE ILUM. SOBRE VEREDA,0
2026-04-25,F_101,46,S,100,,S,Basura Afuera,55157,Matutino,2026-04-25 06:10:03,,160652,"POINT (  584266.903279472,   6140999.87663746)",CNO CARRASCO Esq. SERVIDUMBRE,0
2026-04-25,F_101,47,,,,S,,55157,Matutino,,,142219,"POINT (  583631.762470603,   6140931.66617991)",CNO CARRASCO 6105 / ENTRADA VEHICULAR Y ARBOL. SOBRE VEREDA,0
2026-04-25,F_101,48,,,,S,,55157,Matutino,,,142205,"POINT (  583388.516159593,   6140881.83644098)",CNO PAVIA 2772 / COLUMNA DE ILUM Y ARBOL. SOBRE VEREDA,0
2026-04-25,F_101,49,,,,S,,55157,Matutino,,,142206,"POINT (  583229.356301953,   6140846.46362197)",CNO CARRASCO 5911 EN 5915. SOBRE VEREDA,0
2026-04-25,F_101,50,,,,N,,55157,Matutino,,,142220,"POINT (  582659.624288108,   6140807.83301166)",DIEGO ESPINOSA 2714 FTE 2721. PREDIO LIBRE,0
2026-04-25,F_101,51,,,,S,,55157,Matutino,,,142224,"POINT (  582700.816954102,   6140897.18613213)",DIEGO ESPINOSA 2772 PREDIO CON RETIRO,0
2026-04-25,F_101,52,,,,S,,55157,Matutino,,,142223,"POINT (  582745.064250196,   6140984.06192080)",DIEGO ESPINOSA 2794,0
2026-04-25,F_101,53,,,,N,,55157,Matutino,,,142222,"POINT (  582799.563968555,   6141093.60095869)",DIEGO ESPINOSA 2832 MURO BAJO CON VEGETACION,0
2026-04-25,F_101,54,,,,S,,55157,Matutino,,,181748,"POINT (  582832.930295425,   6141183.46663726)",DIEGO ESPINOSA 2852,0
2026-04-25,F_101,55,,,,S,,55157,Matutino,,,145772,"POINT (  582862.608220484,   6141270.51379720)",DIEGO ESPINOSA 2884,0
2026-04-25,F_101,56,,,,S,,55157,Matutino,,,178967,"POINT (  582864.202284532,   6141273.46503290)",DIEGO ESPINOSA 2884,0
2026-04-25,F_101,57,,,,S,,55157,Matutino,,,181749,"POINT (  582926.752312313,   6141271.75990276)",SAN BORJAS 2939,0
2026-04-25,F_101,58,,,,S,,55157,Matutino,,,142226,"POINT (  582870.882915884,   6141097.26227923)",SAN BORJAS 2885 EN 2881. PREDIO CON RETIRO,0
2026-04-25,F_101,59,,,,S,,55157,Matutino,,,142207,"POINT (  582823.135909876,   6140941.76833655)",SAN BORJAS 2777 2777/2775. MURO BAJO CON REJAS,0
2026-04-25,F_101,60,,,,S,,55157,Matutino,,,142256,"POINT (  582775.576318503,   6140789.32792792)",SAN BORJAS 2711 PPO 2711. MURO CIEGO,0
2026-04-25,F_101,61,,,,S,,55157,Matutino,,,142234,"POINT (  582709.965190629,   6141312.87471480)",EXODO 5653 5653/5653 BIS. CERCO VEGETAL,0
2026-04-25,F_101,62,,,,S,,55157,Matutino,,,145833,"POINT (  582644.732286477,   6141197.54828354)",JUAN AGAZZI 2843 POR JUAN AGAZZI,0
2026-04-25,F_101,63,,,,S,,55157,Matutino,,,142236,"POINT (  582631.208402930,   6141149.17987939)",JUAN AGAZZI 2831 2831/2835,0
2026-04-25,F_101,64,,,,S,,55157,Matutino,,,142270,"POINT (  582609.894156641,   6141079.57132822)",JUAN AGAZZI 2822 ESQ. ANTES DE COLUMNA DE ILUM.,0
2026-04-25,F_101,65,,,,S,,55157,Matutino,,,145852,"POINT (  582598.083071627,   6141043.70979260)",JUAN AGAZZI 2785 EN EL 2785,0
2026-04-25,F_101,66,,,,S,,55157,Matutino,,,176330,"POINT (  582589.765281925,   6141011.02233615)",JUAN AGAZZI 2777,0
2026-04-25,F_101,67,,,,S,,55157,Matutino,,,142261,"POINT (  582573.471077539,   6140954.11405576)",JUAN AGAZZI 2763 EN 2763/2765. ANTES DE ARBOL. MURO CIEGO,0
2026-04-25,F_101,68,,,,S,,55157,Matutino,,,145872,"POINT (  582552.548509195,   6140891.27174177)",JUAN AGAZZI 2747,0
2026-04-25,F_101,69,,,,S,,55157,Matutino,,,145892,"POINT (  582551.299928038,   6140887.86652043)",JUAN AGAZZI 2747,0
2026-04-25,F_101,70,,,,S,,55157,Matutino,,,142228,"POINT (  582371.597689008,   6140761.73295467)",CNO CARRASCO 5391 FTE 5410/5413. SALIDA PEATONAL VIVIENDAS. SOBRE VEREDA,0
2026-04-25,F_101,71,,,,S,,55157,Matutino,,,142191,"POINT (  582369.007618423,   6140762.16750501)",CNO CARRASCO 5391 FTE 5410/5416. SALIDA PEATONAL VIVIENDAS. SOBRE VEREDA,0
2026-04-25,F_101,72,,,,S,,55157,Matutino,,,142230,"POINT (  582253.829612460,   6140787.39980013)",CNO CARRASCO 5357 FTE 5378. VIVIENDAS. SOBRE VEREDA,0
2026-04-25,F_101,73,,,,S,,55157,Matutino,,,142229,"POINT (  582252.193798639,   6140787.62531726)",CNO CARRASCO 5357 FTE 5378. VIVIENDAS. SOBRE VEREDA,0
2026-04-25,F_101,74,,,,S,,55157,Matutino,,,142257,"POINT (  582196.636410186,   6140812.63209525)",CNO ONCATIVO 2725 EN 2710 ANTES DE ACCESO PEATONAL A VIVIENDAS,0
2026-04-25,F_101,75,,,,S,,55157,Matutino,,,142258,"POINT (  582219.691801415,   6140875.73757060)",CNO ONCATIVO 2741 FTE 2741. ENTRE SALIDAS VEHICULARES DE VIVIENDAS,0
2026-04-25,F_101,76,,,,S,,55157,Matutino,,,181401,"POINT (  582240.452866371,   6140937.41231661)",CNO ONCATIVO 2773,0
2026-04-25,F_101,77,,,,S,,55157,Matutino,,,181402,"POINT (  582241.202841096,   6140939.50153192)",CNO ONCATIVO Esq. CALLE 2,0
2026-04-25,F_101,78,,,,S,,55157,Matutino,,,181406,"POINT (  582271.153242856,   6141015.36499525)",CNO ONCATIVO 2797,0
2026-04-25,F_101,79,,,,S,,55157,Matutino,,,181407,"POINT (  582271.778242856,   6141017.77570954)",CNO ONCATIVO 2797,0
2026-04-25,F_101,80,,,,S,,55157,Matutino,,,181403,"POINT (  582286.865576906,   6141059.22169739)",CNO ONCATIVO 2795,0
2026-04-25,F_101,81,,,,S,,55157,Matutino,,,181404,"POINT (  582287.954901525,   6141061.61821155)",CNO ONCATIVO 2795,0
2026-04-25,F_101,82,,,,S,,55157,Matutino,,,181405,"POINT (  582289.044226144,   6141064.23259063)",CNO ONCATIVO 2795,0
2026-04-25,F_101,83,,,,S,,55157,Matutino,,,142269,"POINT (  582312.878997013,   6141138.61982156)",CNO ONCATIVO 2819 ANTES DE VICENTE MARTINEZ CUITIÑO,0
2026-04-25,F_101,84,,,,S,,55157,Matutino,,,142268,"POINT (  582314.593224957,   6141143.86964464)",CNO ONCATIVO 2819 ANTES DE VICENTE MARTINEZ CUITIÑO,0
2026-04-25,F_101,85,,,,S,,55157,Matutino,,,142195,"POINT (  582353.456568219,   6141242.69058400)",CIRC INT OFICIAL 15 MTS Esq. CNO ONCATIVO ANTES DE OFICIAL 15MTS,0
2026-04-25,F_101,86,,,,S,,55157,Matutino,,,142194,"POINT (  582354.307873554,   6141245.07423893)",CIRC INT OFICIAL 15 MTS Esq. CNO ONCATIVO ANTES DE OFICIAL 15MTS,0
2026-04-25,F_101,87,,,,S,,55157,Matutino,,,183026,"POINT (  582342.416711547,   6141289.87713399)",MONZONI 5339,0
2026-04-25,F_101,88,,,,S,,55157,Matutino,,,180060,"POINT (  582340.394620132,   6141290.33012047)",MONZONI 5339,0
2026-04-25,F_101,89,,,,S,,55157,Matutino,,,180063,"POINT (  582273.562936964,   6141307.73936139)",MONZONI 5331,0
2026-04-25,F_101,90,,,,S,,55157,Matutino,,,181753,"POINT (  582179.684344304,   6141246.72376985)",JOAQUIN DE LA SAGRA 2829,0
2026-04-25,F_101,91,,,,S,,55157,Matutino,,,181752,"POINT (  582145.852353510,   6141153.16795857)",JOAQUIN DE LA SAGRA 2803,0
2026-04-25,F_101,92,,,,S,,55157,Matutino,,,181751,"POINT (  582144.528993326,   6141151.49937399)",JOAQUIN DE LA SAGRA 2803,0
2026-04-25,F_101,93,,,,S,,55157,Matutino,,,181750,"POINT (  582112.825886306,   6141050.98153740)",JOAQUIN DE LA SAGRA 2784 EN 2781,0
2026-04-25,F_101,94,,,,S,,55157,Matutino,,,142238,"POINT (  581871.449952930,   6140892.32972158)",CNO CARRASCO 5185 PPO PARADA Y COLUMNA DE ILUM.,0
2026-04-25,F_101,95,,,,S,,55157,Matutino,,,145912,"POINT (  581839.670020061,   6140945.94190235)",LUGO 2758 EN EL 2758,0
2026-04-25,F_101,96,,,,S,,55157,Matutino,,,142209,"POINT (  581932.513650379,   6141011.57142601)",ANTONIO LOINAZ 5172 FTE 5171,0
2026-04-25,F_101,97,,,,S,,55157,Matutino,,,161032,"POINT (  582065.065046283,   6140952.93015188)",ANTONIO LOINAZ 5229 ESQ. JOAQUÍN DE LA SAGRA,0
2026-04-25,F_101,98,,,,S,,55157,Matutino,,,142180,"POINT (  581268.604356152,   6141304.70152451)",DR FRANCISCO NICOLA REYES 4983 EN 4979/4983,0
2026-04-25,F_101,99,,,,S,,55157,Matutino,,,142179,"POINT (  581150.562130081,   6141213.00840466)",DR FRANCISCO NICOLA REYES 4933,0
2026-04-25,F_101,100,,,,S,,55157,Matutino,,,183620,"POINT (  581096.671311547,   6141170.43355185)",DR FRANCISCO NICOLA REYES 4915,0
2026-04-25,F_101,101,,,,S,,55157,Matutino,,,142178,"POINT (  581088.814116461,   6141166.69739444)",DR FRANCISCO NICOLA REYES Esq. CAMBAY,0
2026-04-25,F_101,102,,,,S,,55157,Matutino,,,142262,"POINT (  581317.934101378,   6141170.68331054)",DR ANDRES CROVETTO 4982 FTE 4969,0
2026-04-25,F_101,103,,,,S,,55157,Matutino,,,183619,"POINT (  581358.109220044,   6141201.80610087)",DR ANDRES CROVETTO 5040,0
2026-04-25,F_101,104,,,,S,,55157,Matutino,,,142273,"POINT (  581361.893396777,   6141203.46171338)",DR ANDRES CROVETTO 4985 ESQ. EMILIO RAVIGNANI. ENTRE ARBOLES. CERCO VEGETAL,0
2026-04-25,F_101,105,,,,S,,55157,Matutino,,,183622,"POINT (  581243.512270152,   6141579.14814880)",NUÑEZ DE ARCE 5040,0
2026-04-25,F_101,106,,,,S,,55157,Matutino,,,142277,"POINT (  581193.337062012,   6141557.53602666)",NUÑEZ DE ARCE 5039 EN 5039. TERRENO LIBRE,0
2026-04-25,F_101,107,,,,S,,55157,Matutino,,,142278,"POINT (  581097.927815918,   6141483.85888662)",NUÑEZ DE ARCE 4965 MURO BAJO,0
2026-04-25,F_101,108,,,,S,,55157,Matutino,,,142279,"POINT (  581015.239802637,   6141418.13251709)",NUÑEZ DE ARCE 4937 REJAS_PADRON CON RETIRO,0
2026-04-25,F_101,109,,,,S,,55157,Matutino,,,142276,"POINT (  580941.254525087,   6141360.22747390)",NUÑEZ DE ARCE 4911 ESQ CAMBAY,0
2026-04-25,F_101,110,,,,S,,55157,Matutino,,,142247,"POINT (  581035.919678322,   6141247.96867707)",DR LUIS BRUSCO 4904 CERCO VEGETAL,0
2026-04-25,F_101,111,,,,S,,55157,Matutino,,,145932,"POINT (  581156.661835380,   6141341.56279391)",DR LUIS BRUSCO 4966,0
2026-04-25,F_101,112,,,,S,,55157,Matutino,,,142246,"POINT (  581294.693178567,   6141446.64298521)",DR LUIS BRUSCO 5044 PPO EL 5046. ESQ. EMILIO RAVIGNANI,0
2026-04-25,F_101,113,,,,S,,55157,Matutino,,,183621,"POINT (  581035.233403050,   6141679.80174357)",CAMPOAMOR 5043,0
2026-04-25,F_101,114,,,,S,,55157,Matutino,,,142250,"POINT (  581023.985650195,   6141673.88230176)",CAMPOAMOR 5037,0
2026-04-25,F_101,115,,,,S,,55157,Matutino,,,142249,"POINT (  580925.396095898,   6141596.49480215)",CAMPOAMOR 4985,0
2026-04-25,F_101,116,,,,S,,55157,Matutino,,,142251,"POINT (  580858.609623633,   6141547.73007637)",CAMPOAMOR 4937 FTE. 4928 Y 4926,0
2026-04-25,F_101,117,,,,S,,55157,Matutino,,,142248,"POINT (  580778.614947673,   6141563.91182180)",ARIOSTO D GONZALEZ 4920,0
2026-04-25,F_101,118,,,,S,,55157,Matutino,,,180058,"POINT (  580947.913566667,   6141698.55559406)",ARIOSTO D GONZALEZ 5016,0
2026-04-25,F_101,119,,,,S,,55157,Matutino,,,142181,"POINT (  581091.900838965,   6141811.46716620)",ARIOSTO D GONZALEZ 5094 FTE 5085,0
2026-04-25,F_102,1,S,75,,S,"Basura Afuera, Requiere Limpieza",55158,Matutino,2026-04-25 07:28:38,,142309,"POINT (  580765.055557324,   6140962.28834131)",HIPOLITO YRIGOYEN 2528,0
2026-04-25,F_102,2,S,100,,S,"Basura Afuera, Requiere Limpieza",55158,Matutino,2026-04-25 07:31:37,,178961,"POINT (  580875.595467961,   6140952.09202928)",MURILLO 2567,0
2026-04-25,F_102,3,N,,Contenedor No Está,N,,55158,Matutino,2026-04-25 07:32:04,,142366,"POINT (  581015.239802637,   6141014.23337529)",FELIPE FERREIRO 2536 FTE 2529,0
2026-04-25,F_102,4,S,100,,S,"Basura Afuera, Requiere Limpieza",55158,Matutino,2026-04-25 07:35:36,,142307,"POINT (  580944.742970801,   6141138.26539522)",FELIPE FERREIRO 2578,0
2026-04-25,F_102,5,S,100,,S,Basura Afuera,55158,Matutino,2026-04-25 07:35:40,,142352,"POINT (  580941.963166231,   6141141.85670022)",FELIPE FERREIRO 2586,0
2026-04-25,F_102,6,S,100,,S,Basura Afuera,55158,Matutino,2026-04-25 07:35:45,,142331,"POINT (  580940.111314379,   6141144.68894423)",FELIPE FERREIRO 2586 ENTRADA/ENTRADA,0
2026-04-25,F_102,7,S,100,,S,Basura Afuera,55158,Matutino,2026-04-25 07:37:12,,142330,"POINT (  580881.814321739,   6141141.74139136)",ISIDORO LARRAYA 4841 ENTRADA/ENTRADA,0
2026-04-25,F_102,8,N,,Contenedor No Está,N,,55158,Matutino,2026-04-25 07:37:19,,142332,"POINT (  580879.017118942,   6141140.90223052)",ISIDORO LARRAYA 4841 PDO REBAJE,0
2026-04-25,F_102,9,S,100,,S,"Basura Afuera, Requiere Limpieza",55158,Matutino,2026-04-25 07:38:52,,142310,"POINT (  580776.186636035,   6141076.77943662)",ISIDORO LARRAYA 4787,0
2026-04-25,F_102,10,S,100,,S,"Basura Afuera, Requiere Limpieza",55158,Matutino,2026-04-25 07:41:36,,142334,"POINT (  580599.149479394,   6141067.23851201)",GARCILASO DE LA VEGA 4704 FTE 4705,0
2026-04-25,F_102,11,S,100,,S,"Basura Afuera, Requiere Limpieza",55158,Matutino,2026-04-25 07:43:23,,142311,"POINT (  580757.134524016,   6141153.63405130)",GARCILASO DE LA VEGA 4797,0
2026-04-25,F_102,12,S,100,,S,"Basura Afuera, Requiere Limpieza",55158,Matutino,2026-04-25 07:45:52,,142367,"POINT (  580686.198773035,   6141212.07243672)",NU?EZ DE ARCE 4781,0
2026-04-25,F_102,13,N,,Contenedor No Está,N,,55158,Matutino,2026-04-25 07:45:58,,142369,"POINT (  580595.020810237,   6141161.55491679)",NU?EZ DE ARCE 4723,0
2026-04-25,F_102,14,S,100,,S,Basura Afuera,55158,Matutino,2026-04-25 07:47:59,,149892,"POINT (  580439.253303342,   6141340.92569630)",VERACIERTO 2742,0
2026-04-25,F_102,15,S,100,,S,"Basura Afuera, Requiere Limpieza",55158,Matutino,2026-04-25 07:49:57,,142326,"POINT (  580496.185159209,   6141442.41957050)",CANOVAS DEL CASTILLO 4792,0
2026-04-25,F_102,16,S,100,,S,"Basura Afuera, Requiere Limpieza",55158,Matutino,2026-04-25 07:51:35,,142327,"POINT (  580564.983177592,   6141495.76893206)",CANOVAS DEL CASTILLO 4836 EN 4832,0
2026-04-25,F_102,17,S,100,,S,Basura Afuera,55158,Matutino,2026-04-25 07:55:00,,149912,"POINT (  580716.474081147,   6141610.05192299)",CAMBAY Esq. CANOVAS DEL CASTILLO,0
2026-04-25,F_102,18,S,100,,S,"Basura Afuera, Requiere Limpieza",55158,Matutino,2026-04-25 07:54:48,,154932,"POINT (  580777.376735835,   6141533.30753731)",CAMBAY 2722,0
2026-04-25,F_102,19,N,,Contenedor No Está,N,,55158,Matutino,2026-04-25 07:55:12,,154952,"POINT (  580854.302529360,   6141433.74628518)",CAMBAY 2697 FTE 2712,0
2026-04-25,F_102,20,N,,Contenedor No Está,N,,55158,Matutino,2026-04-25 07:55:18,,154953,"POINT (  580857.298784041,   6141429.55152863)",CAMBAY 2689 FTE 2712,0
2026-04-25,F_102,21,S,100,,S,"Basura Afuera, Requiere Limpieza",55158,Matutino,2026-04-25 07:57:03,,142329,"POINT (  580702.759255088,   6141280.79402503)",MURILLO 2677 EN 2679,0
2026-04-25,F_102,22,S,100,,S,Basura Afuera,55158,Matutino,2026-04-25 08:00:02,,181772,"POINT (  580639.891105883,   6140930.54482702)",VERACIERTO 2573,0
2026-04-25,F_102,23,N,,Fuego,S,,55158,Matutino,2026-04-25 08:01:08,,142346,"POINT (  580420.924979721,   6140803.75332521)",CNO CARRASCO 4569 EN 4569,0
2026-04-25,F_102,24,S,100,,S,"Basura Afuera, Requiere Limpieza",55158,Matutino,2026-04-25 08:02:52,,142354,"POINT (  580374.663752295,   6140792.53722986)",CNO CARRASCO 4517 EN 4521,0
2026-04-25,F_102,25,S,100,,S,"Basura Afuera, Requiere Limpieza",55158,Matutino,2026-04-25 08:06:21,,142294,"POINT (  580462.011691992,   6141012.93058349)",ISIDORO LARRAYA 4634 FTE 4634/4636,0
2026-04-25,F_102,26,S,100,,S,"Basura Afuera, Requiere Limpieza",55158,Matutino,2026-04-25 08:08:44,,142296,"POINT (  580408.591175976,   6140918.23057783)",ESTADO DE ISRAEL 2617,0
2026-04-25,F_102,27,S,100,,S,"Basura Afuera, Requiere Limpieza",55158,Matutino,2026-04-25 08:12:47,,142348,"POINT (  580179.087362181,   6140830.28671990)",CARPINTERIA 4455,0
2026-04-25,F_102,28,S,100,,S,Basura Afuera,55158,Matutino,2026-04-25 08:12:53,,142347,"POINT (  580178.718612011,   6140753.36792051)",PIRAN 2207 EN 2217,0
2026-04-25,F_102,29,S,100,,S,"Basura Afuera, Requiere Limpieza",55158,Matutino,2026-04-25 08:14:55,,142301,"POINT (  580085.202983995,   6140754.63638525)",PAES 2224 EN 2224,0
2026-04-25,F_102,30,S,100,,S,Basura Afuera,55158,Matutino,2026-04-25 08:18:16,,142302,"POINT (  580055.521860473,   6140797.89918099)",CARPINTERIA 4395 EN 4397,0
2026-04-25,F_102,31,S,100,,S,Basura Afuera,55158,Matutino,2026-04-25 08:18:20,,142312,"POINT (  579980.537667129,   6140778.18502688)",CARPINTERIA 4363,0
2026-04-25,F_102,32,S,100,,S,Basura Afuera,55158,Matutino,2026-04-25 08:20:18,,142349,"POINT (  579889.697199071,   6140755.94552539)",CARPINTERIA 4327 FTE 4322,0
2026-04-25,F_102,33,S,100,,S,Basura Afuera,55158,Matutino,2026-04-25 08:26:14,,142376,"POINT (  579591.455573950,   6140762.26020662)",DR JOSE SANCHEZ FONTANS 4208 EN 4208/4210. FTE 4217,0
2026-04-25,F_102,34,S,100,,S,Basura Afuera,55158,Matutino,2026-04-25 08:26:19,,142375,"POINT (  579665.265226831,   6140845.21324558)",DR JOSE SANCHEZ FONTANS 4288 EN 4288/4292,0
2026-04-25,F_102,35,S,100,,S,Basura Afuera,55158,Matutino,2026-04-25 08:30:55,,142377,"POINT (  579704.057700794,   6140751.71697091)",JUAN A ARCAS 4263,0
2026-04-25,F_102,36,S,100,,S,Basura Afuera,55158,Matutino,2026-04-25 08:30:59,,142378,"POINT (  579666.391585986,   6140706.67106948)",JUAN A ARCAS 4229 EN 4237,0
2026-04-25,F_102,37,S,100,,S,Basura Afuera,55158,Matutino,2026-04-25 08:34:22,,142342,"POINT (  579811.890686280,   6140832.02821782)",ISIDORO LARRAYA 4330 PDO 4328,0
2026-04-25,F_102,38,S,100,,S,Basura Afuera,55158,Matutino,2026-04-25 08:35:50,,142380,"POINT (  579961.232658985,   6140868.99930068)",ISIDORO LARRAYA 4408,0
2026-04-25,F_102,39,S,100,,S,Basura Afuera,55158,Matutino,2026-04-25 08:37:23,,142344,"POINT (  580074.133600196,   6140898.28463872)",ISIDORO LARRAYA 4474 EN 4472/4474,0
2026-04-25,F_102,40,S,100,,S,Basura Afuera,55158,Matutino,2026-04-25 08:39:10,,142343,"POINT (  580162.387152832,   6140921.20936035)",ISIDORO LARRAYA 4504,0
2026-04-25,F_102,41,S,100,,S,Basura Afuera,55158,Matutino,2026-04-25 08:40:37,,142345,"POINT (  580254.423593991,   6140947.16349075)",ISIDORO LARRAYA 4556,0
2026-04-25,F_102,42,S,100,,S,Basura Afuera,55158,Matutino,2026-04-25 08:42:35,,142381,"POINT (  580342.604617676,   6140970.37162466)",ISIDORO LARRAYA 4590 EN 4596/4598,0
2026-04-25,F_102,43,S,100,,S,Basura Afuera,55158,Matutino,2026-04-25 10:02:45,,142368,"POINT (  580210.224288721,   6141292.90788159)",HERNAN F GOMEZ 4527 FTE 4566,0
2026-04-25,F_102,44,S,100,,S,Basura Afuera,55158,Matutino,2026-04-25 10:05:41,,182082,"POINT (  580105.940195865,   6141132.58055220)",AV CORRIENTES 4502,0
2026-04-25,F_102,45,S,100,,S,Basura Afuera,55158,Matutino,2026-04-25 10:07:01,,181797,"POINT (  580189.708714379,   6141151.56900937)",AV CORRIENTES 4550,0
2026-04-25,F_102,46,S,100,,S,Basura Afuera,55158,Matutino,2026-04-25 10:08:33,,142338,"POINT (  580306.693637549,   6141109.24508286)",ESTADO DE ISRAEL 2713,0
2026-04-25,F_102,47,S,100,,S,Basura Afuera,55158,Matutino,2026-04-25 10:10:10,,142340,"POINT (  580183.721720361,   6141045.90394448)",NU?EZ DE ARCE 4519 4511. FTE 4522,0
2026-04-25,F_102,48,S,100,,S,Basura Afuera,55158,Matutino,2026-04-25 10:11:27,,142373,"POINT (  580040.077799854,   6141005.88506626)",NU?EZ DE ARCE 4477,0
2026-04-25,F_102,49,S,100,,S,"Basura Afuera, Requiere Limpieza",55158,Matutino,2026-04-25 10:13:09,,142341,"POINT (  579925.586704541,   6140974.87706128)",NU?EZ DE ARCE 4351 EN 4357,0
2026-04-25,F_102,50,S,100,,S,"Basura Afuera, Requiere Limpieza",55158,Matutino,2026-04-25 10:15:01,,142374,"POINT (  579836.538074853,   6140952.08485249)",NU?EZ DE ARCE 4368 EN 4351. MURO,0
2026-04-25,F_102,51,S,100,,S,"Basura Afuera, Requiere Limpieza",55158,Matutino,2026-04-25 10:18:03,,142300,"POINT (  579540.912491602,   6141010.30002778)",GRAL TIMOTEO APARICIO 4312,0
2026-04-25,F_102,52,S,100,,S,"Basura Afuera, Requiere Limpieza",55158,Matutino,2026-04-25 10:19:27,,142306,"POINT (  579738.406520508,   6141086.38379302)",AV CORRIENTES 4331 FTE 4329/4331,0
2026-04-25,F_102,53,N,,Contenedor No Está,N,,55158,Matutino,2026-04-25 10:21:36,,142372,"POINT (  579852.043626891,   6141108.22108913)",AV CORRIENTES 4361,0
2026-04-25,F_102,54,N,,"Contenedor Roto (choque, desfonde, etc.)",S,,55158,Matutino,2026-04-25 10:21:30,,142371,"POINT (  579859.700463535,   6141107.42900258)",AV CORRIENTES Esq. GURMENDEZ,0
2026-04-25,F_102,55,S,100,,S,Basura Afuera,55158,Matutino,2026-04-25 10:24:35,,182083,"POINT (  579871.184951110,   6141091.74139135)",GURMENDEZ 4442,0
2026-04-25,F_102,56,N,,Contenedor No Está,N,,55158,Matutino,2026-04-25 10:25:35,,142336,"POINT (  579988.282513389,   6141111.12540648)",AV CORRIENTES Esq. MARIANO A PELLIZA,0
2026-04-25,F_102,57,S,100,,S,"Basura Afuera, Requiere Limpieza",55158,Matutino,2026-04-25 10:27:29,,142361,"POINT (  579982.529017207,   6141204.96727573)",HERNAN F GOMEZ 4424,0
2026-04-25,F_102,58,S,100,,S,"Basura Afuera, Requiere Limpieza",55158,Matutino,2026-04-25 10:29:56,,142291,"POINT (  580330.317783515,   6141337.87317776)",HERNAN F GOMEZ 4710,0
2026-04-25,F_102,59,N,,Contenedor No Está,S,,55158,Matutino,2026-04-25 10:30:09,,142290,"POINT (  580336.284618945,   6141340.53594497)",HERNAN F GOMEZ 4716 FTE 4711,0
2026-04-25,F_102,60,S,100,,S,Basura Afuera,55158,Matutino,2026-04-25 10:35:53,,175104,"POINT (  580727.040053503,   6141866.27520255)",DR PANTALEON PEREZ 4964 PROV (O:PANTALEON PEREZ 5004),0
2026-04-25,F_102,61,S,100,,S,Basura Afuera,55158,Matutino,2026-04-25 10:35:47,,175105,"POINT (  580730.861709554,   6141869.07775032)",DR PANTALEON PEREZ 4964 PROV (O:PANTALEON PEREZ 5004),0
2026-04-25,F_102,62,S,75,,S,Basura Afuera,55158,Matutino,2026-04-25 10:38:49,,176846,"POINT (  580979.182786701,   6142062.55336675)",DR PANTALEON PEREZ 5114 MURO,0
2026-04-25,F_102,63,S,50,,S,Basura Afuera,55158,Matutino,2026-04-25 10:38:52,,179060,"POINT (  581000.242399435,   6142078.81081243)",DR PANTALEON PEREZ 5124 EN 3122,0
2026-04-25,F_102,64,S,75,,S,Basura Afuera,55158,Matutino,2026-04-25 10:45:31,,176847,"POINT (  581028.308037123,   6142075.71522043)",CLEMENTE FREGEIRO 2893,0
2026-04-25,F_102,65,S,75,,S,Basura Afuera,55158,Matutino,2026-04-25 10:45:35,,142318,"POINT (  581041.273550000,   6142039.92651386)",CLEMENTE FREGEIRO 2867,0
2026-04-25,F_102,66,S,100,,S,"Basura Afuera, Requiere Limpieza",55158,Matutino,2026-04-25 10:45:39,,142317,"POINT (  581060.968992774,   6141971.12736445)",CLEMENTE FREGEIRO 2843 EN 2843/2845,0
2026-04-25,F_102,67,S,75,,S,Basura Afuera,55158,Matutino,2026-04-25 10:47:16,,142281,"POINT (  581105.157975739,   6141911.33612916)",CANOVAS DEL CASTILLO 5110 FTE 5111,0
2026-04-25,F_102,68,S,75,,S,Basura Afuera,55158,Matutino,2026-04-25 10:50:54,,181113,"POINT (  581134.945696950,   6142072.69120828)",EMILIO RAVIGNANI 2861,0
2026-04-25,F_102,69,S,75,,S,Basura Afuera,55158,Matutino,2026-04-25 10:50:59,,142283,"POINT (  581112.838155421,   6142147.91419837)",EMILIO RAVIGNANI 2852 FTE 2853,0
2026-04-25,F_102,70,S,50,,S,,55158,Matutino,2026-04-25 10:51:03,,142282,"POINT (  581110.949551319,   6142154.11961185)",EMILIO RAVIGNANI Esq. DR PANTALEON PEREZ FTE 2853,0
2026-04-25,F_102,71,S,100,,S,"Basura Afuera, Requiere Limpieza",55158,Matutino,2026-04-25 11:01:35,,142319,"POINT (  580940.765405479,   6142045.22972419)",DR PANTALEON PEREZ Esq. CIRC INT SDA Q VIVIENDAS,0
2026-04-25,F_102,72,S,100,,S,"Basura Afuera, Requiere Limpieza",55158,Matutino,2026-04-25 11:01:39,,142320,"POINT (  580938.765405479,   6142043.70031242)",DR PANTALEON PEREZ Esq. CIRC INT SDA Q VIVIENDAS,0
2026-04-25,F_102,73,S,100,,S,"Basura Afuera, Requiere Limpieza",55158,Matutino,2026-04-25 11:01:45,,142321,"POINT (  580935.824229008,   6142041.70031242)",DR PANTALEON PEREZ Esq. CIRC INT SDA P VIVIENDAS,0
2026-04-25,F_102,74,S,100,,S,"Basura Afuera, Requiere Limpieza",55158,Matutino,2026-04-25 11:01:55,,179310,"POINT (  580860.412464302,   6141985.93560654)",DR PANTALEON PEREZ Esq. CIRC INT SDA N,0
2026-04-25,F_102,75,S,100,,S,"Basura Afuera, Requiere Limpieza",55158,Matutino,2026-04-25 11:02:00,,179058,"POINT (  580857.235993714,   6141984.17090066)",DR PANTALEON PEREZ 5062 FTE. 5062,0
2026-04-25,F_102,76,S,100,,S,"Basura Afuera, Requiere Limpieza",55158,Matutino,2026-04-25 11:07:22,,142299,"POINT (  580641.423880590,   6141698.82062253)",SPENCER 4895 MURO. PDO COLUMNA,0
2026-04-25,F_102,77,S,100,,S,"Basura Afuera, Requiere Limpieza",55158,Matutino,2026-04-25 11:07:19,,142287,"POINT (  580499.918674316,   6141586.05447818)",SPENCER 4815 EN 4811,0
2026-04-25,F_102,78,S,100,,S,"Basura Afuera, Requiere Limpieza",55158,Matutino,2026-04-25 11:09:09,,142286,"POINT (  580381.476217090,   6141493.64777749)",SPENCER 4757,0
2026-04-25,F_102,79,S,100,,S,"Basura Afuera, Requiere Limpieza",55158,Matutino,2026-04-25 11:13:49,,142288,"POINT (  580325.897296387,   6141464.23951362)",SPENCER 4742,0
2026-04-25,F_102,80,S,100,,S,Basura Afuera,55158,Matutino,2026-04-25 11:13:46,,142360,"POINT (  580196.797716015,   6141412.84250200)",SPENCER 4697 EN 4695/4697,0
2026-04-25,F_102,81,S,100,,S,"Basura Afuera, Requiere Limpieza",55158,Matutino,2026-04-25 11:15:53,,142324,"POINT (  580115.317939062,   6141379.52212964)",SPENCER 4649 4635,0
2026-04-25,F_102,82,S,100,,S,"Basura Afuera, Requiere Limpieza",55158,Matutino,2026-04-25 11:17:56,,142323,"POINT (  579962.745707714,   6141317.87269575)",SPENCER 4575,0
2026-04-25,F_102,83,S,100,,S,"Basura Afuera, Requiere Limpieza",55158,Matutino,2026-04-25 11:23:38,,142322,"POINT (  579847.675757812,   6141271.33209467)",SPENCER 4511,0
2026-04-25,F_102,84,S,100,,S,"Basura Afuera, Requiere Limpieza",55158,Matutino,2026-04-25 11:23:44,,142325,"POINT (  579758.776464746,   6141236.12311821)",SPENCER 4449 EN 4451/4459,0
2026-04-25,F_102,85,S,100,,S,"Basura Afuera, Requiere Limpieza",55158,Matutino,2026-04-25 11:23:50,,142289,"POINT (  579684.851104199,   6141207.11955522)",SPENCER 4417,0
2026-04-25,F_102,86,S,100,,N,"Basura Afuera, Requiere Limpieza",55158,Matutino,2026-04-25 11:28:02,,142314,"POINT (  579795.334444141,   6141377.16137451)",CAP VILLADEMOROS 2409 FTE 2420. GALPON,0
2026-04-25,F_102,87,S,100,,S,Basura Afuera,55158,Matutino,2026-04-25 11:28:06,,183376,"POINT (  579797.551092592,   6141377.56424205)",CAP VILLADEMOROS 2409,0
2026-04-25,F_102,88,N,,Contenedor No Está,S,,55158,Matutino,2026-04-25 11:32:02,,183419,"POINT (  579899.947606754,   6141410.67971046)",CAP VILLADEMOROS 2381,0
2026-04-25,F_102,89,N,,Contenedor No Está,S,,55158,Matutino,2026-04-25 11:32:12,,183377,"POINT (  579903.215580610,   6141411.87796754)",CAP VILLADEMOROS 2381,0
2026-04-25,F_102,90,S,100,,S,Basura Afuera,55158,Matutino,2026-04-25 11:31:52,,183440,"POINT (  580055.494885839,   6141471.15781046)",CAP VILLADEMOROS 4632,0
2026-04-25,F_102,91,S,100,,S,Basura Afuera,55158,Matutino,2026-04-25 11:31:56,,183214,"POINT (  580058.109264924,   6141473.77218954)",CAP VILLADEMOROS 4632,0
2026-04-25,F_102,92,S,100,,S,"Basura Afuera, Requiere Limpieza",55158,Matutino,2026-04-25 11:34:07,,182286,"POINT (  580206.150196296,   6141524.71942985)",CAP VILLADEMOROS 4720,0
2026-04-25,F_102,93,,,,N,,55158,Matutino,,,142357,"POINT (  580518.960840035,   6141704.75139751)",DR PANTALEON PEREZ 4824,0
2026-04-25,F_102,94,,,,S,,55158,Matutino,,,163012,"POINT (  580528.452536482,   6141712.08807224)",DR PANTALEON PEREZ 4828,0
2026-04-25,F_102,95,,,,S,,55158,Matutino,,,142284,"POINT (  581030.211725977,   6141878.58576347)",CANOVAS DEL CASTILLO 5087,0
2026-04-25,F_102,96,,,,S,,55158,Matutino,,,142280,"POINT (  580861.291968659,   6141747.67421605)",CANOVAS DEL CASTILLO 4997,0
2026-04-25,F_102,97,,,,S,,55158,Matutino,,,142285,"POINT (  580775.250172266,   6141676.50512461)",CANOVAS DEL CASTILLO 4948 FTE 4948,0
2026-04-25,F_102,98,,,,S,,55158,Matutino,,,156632,"POINT (  580626.704272214,   6141437.02501675)",OROSMAN MORATORIO Esq. MURILLO,0
2026-04-25,F_107,1,S,25,,S,,55159,Matutino,2026-04-25 07:16:15,,141960,"POINT (  579881.670631640,   6143597.75509707)",CNO MALDONADO 5449,0
2026-04-25,F_107,2,N,,Contenedor No Está,N,,55159,Matutino,2026-04-25 07:16:21,,141962,"POINT (  579800.190854687,   6143378.13742012)",CNO MALDONADO 5343 EN 5345,0
2026-04-25,F_107,3,S,50,,S,,55159,Matutino,2026-04-25 07:19:37,,141958,"POINT (  579776.401758053,   6143291.65639738)",CNO MALDONADO Esq. NUEVA ESPERANZA PDO PARADA,0
2026-04-25,F_107,4,S,75,,S,,55159,Matutino,2026-04-25 07:19:41,,141956,"POINT (  579774.619607160,   6143287.61685535)",NUEVA ESPERANZA Esq. CNO MALDONADO PDO PARADA,0
2026-04-25,F_107,5,N,,Contenedor No Está,N,,55159,Matutino,2026-04-25 07:19:50,,141957,"POINT (  579753.709036685,   6143257.08267006)",CNO MALDONADO Esq. NUEVA ESPERANZA FTE 5240,0
2026-04-25,F_107,6,N,,Contenedor No Está,N,,55159,Matutino,2026-04-25 07:20:21,,141959,"POINT (  579695.508227344,   6143167.15336191)",CNO MALDONADO 5167 EN 5169,0
2026-04-25,F_107,7,S,75,,N,,55159,Matutino,2026-04-25 07:23:24,,141961,"POINT (  579672.305376953,   6143131.00008340)",CNO MALDONADO 5163 EN 5163/5159,0
2026-04-25,F_107,8,N,,Contenedor No Está,N,,55159,Matutino,2026-04-25 07:25:44,,142037,"POINT (  579545.791432533,   6142933.08763776)",CNO MALDONADO 5049,0
2026-04-25,F_107,9,N,,Otros,S,,55159,Matutino,2026-04-25 07:25:37,,142038,"POINT (  579472.485625811,   6142822.00023211)",CNO MALDONADO 4989 PDO 4989,0
2026-04-25,F_107,10,S,100,,S,,55159,Matutino,2026-04-25 07:25:30,,173632,"POINT (  579440.730214188,   6142778.46287322)",CNO MALDONADO 4963,0
2026-04-25,F_107,11,N,,Contenedor No Está,N,,55159,Matutino,2026-04-25 07:25:51,,142036,"POINT (  579410.059207422,   6142725.22000215)",CNO MALDONADO 4939,0
2026-04-25,F_107,12,S,75,,S,,55159,Matutino,2026-04-25 07:29:31,,142041,"POINT (  579516.801778011,   6142822.95071258)",RICARDO PALMA 3389 EN 3391,0
2026-04-25,F_107,13,S,50,,S,Basura Afuera,55159,Matutino,2026-04-25 07:31:34,,142042,"POINT (  579645.325318359,   6142760.29407832)",RICARDO PALMA 3341 FTE 3342,0
2026-04-25,F_107,14,S,75,,S,Basura Afuera,55159,Matutino,2026-04-25 07:33:23,,142043,"POINT (  579698.745834375,   6142733.85362090)",RICARDO PALMA 3310 FTE 3306,0
2026-04-25,F_107,15,S,100,,S,Basura Afuera,55159,Matutino,2026-04-25 07:36:12,,142044,"POINT (  579764.223726953,   6142803.64407792)",ANDRES LATORRE 5048,0
2026-04-25,F_107,16,S,75,,S,,55159,Matutino,2026-04-25 07:39:27,,141963,"POINT (  579739.755523437,   6142956.16930371)",EUSEBIO VIDAL 3346,0
2026-04-25,F_107,17,S,50,,S,,55159,Matutino,2026-04-25 07:41:10,,141964,"POINT (  579656.522408002,   6142997.60150007)",EUSEBIO VIDAL 3376 FTE 3381/3383,0
2026-04-25,F_107,18,N,,Auto,S,,55159,Matutino,2026-04-25 07:42:00,,141965,"POINT (  579549.771569526,   6143018.21504540)",ROMA 5079,0
2026-04-25,F_107,19,N,,Contenedor No Está,N,,55159,Matutino,2026-04-25 07:41:19,,141966,"POINT (  579459.594734354,   6143005.97760927)",ROMA 5047 EN 5047/5045,0
2026-04-25,F_107,20,S,100,,S,Poda,55159,Matutino,2026-04-25 07:43:53,,142045,"POINT (  579366.863482902,   6142991.77980715)",ROMA 5025 FTE 5026,0
2026-04-25,F_107,21,S,100,,S,Basura Afuera,55159,Matutino,2026-04-25 07:46:02,,142046,"POINT (  579318.210763530,   6142982.21559737)",ROMA 5010,0
2026-04-25,F_107,22,S,75,,S,Basura Afuera,55159,Matutino,2026-04-25 07:47:53,,141968,"POINT (  579278.468798622,   6143043.34337298)",AV JOSE BELLONI 3038 FTE 3031,0
2026-04-25,F_107,23,S,50,,S,Basura Afuera,55159,Matutino,2026-04-25 07:49:33,,141967,"POINT (  579259.399784069,   6143189.53915122)",AV JOSE BELLONI 3095 FTE 3095,0
2026-04-25,F_107,24,S,75,,S,Basura Afuera,55159,Matutino,2026-04-25 07:51:36,,142047,"POINT (  579437.039266015,   6143300.43485137)",DR ALFONSO LAMAS 5218,0
2026-04-25,F_107,25,S,75,,S,"Basura Afuera, Poda",55159,Matutino,2026-04-25 07:53:30,,142048,"POINT (  579489.380579687,   6143317.16248769)",DR ALFONSO LAMAS 5238,0
2026-04-25,F_107,26,S,50,,S,Poda,55159,Matutino,2026-04-25 07:55:04,,180373,"POINT (  579631.386504357,   6143360.13182397)",DR ALFONSO LAMAS 5282,0
2026-04-25,F_107,27,S,75,,S,Basura Afuera,55159,Matutino,2026-04-25 07:56:53,,180372,"POINT (  579747.720427887,   6143398.00466427)",DR ALFONSO LAMAS 5338,0
2026-04-25,F_107,28,S,100,,S,Basura Afuera,55159,Matutino,2026-04-25 07:59:28,,178687,"POINT (  579958.991707190,   6143459.93121961)",MATEO CORTES 5377,0
2026-04-25,F_107,29,S,100,,S,,55159,Matutino,2026-04-25 08:02:24,,180885,"POINT (  579910.298694771,   6143361.68322092)",MATEO CORTES 5315,0
2026-04-25,F_107,30,N,,Contenedor No Está,N,,55159,Matutino,2026-04-25 08:02:37,,142052,"POINT (  579863.863792968,   6143265.36077519)",MATEO CORTES 5262 FTE 5262/5266,0
2026-04-25,F_107,31,S,75,,S,,55159,Matutino,2026-04-25 08:04:13,,141970,"POINT (  579824.698047247,   6143186.56889974)",MATEO CORTES 5227,0
2026-04-25,F_107,32,S,75,,S,,55159,Matutino,2026-04-25 08:06:05,,141971,"POINT (  579777.411643559,   6143092.82776278)",MATEO CORTES 5173 EN 5175/5165,0
2026-04-25,F_107,33,S,50,,S,,55159,Matutino,2026-04-25 08:08:39,,141972,"POINT (  579784.002819531,   6143035.49067598)",SGTO ANDRES AREGUATI 3345,0
2026-04-25,F_107,34,S,75,,S,,55159,Matutino,2026-04-25 08:10:24,,142053,"POINT (  579894.083122004,   6142980.43344648)",SGTO ANDRES AREGUATI 3277,0
2026-04-25,F_107,35,S,50,,S,Basura Afuera,55159,Matutino,2026-04-25 08:12:45,,142028,"POINT (  579834.185728515,   6142909.76360293)",EUSEBIO VIDAL 3294,0
2026-04-25,F_107,36,N,,Otros,S,,55159,Matutino,2026-04-25 08:14:40,,142054,"POINT (  579680.938995703,   6142898.43197832)",MATEO CORTES 5075,0
2026-04-25,F_107,37,S,75,,S,Basura Afuera,55159,Matutino,2026-04-25 08:17:24,,142055,"POINT (  579705.293937433,   6142630.18139103)",RODANO 3296,0
2026-04-25,F_107,38,S,75,,S,Basura Afuera,55159,Matutino,2026-04-25 08:19:10,,142056,"POINT (  579609.592434493,   6142675.98266896)",RODANO 3332  FTE 3339,0
2026-04-25,F_107,39,S,50,,S,Basura Afuera,55159,Matutino,2026-04-25 08:20:51,,142057,"POINT (  579479.970659561,   6142739.54605080)",RODANO 3387 FTE 3387,0
2026-04-25,F_107,40,S,75,,S,,55159,Matutino,2026-04-25 08:22:50,,142029,"POINT (  579552.513916797,   6142904.90719238)",CNO MALDONADO 5044,0
2026-04-25,F_107,41,N,,Auto,S,,55159,Matutino,2026-04-25 08:23:35,,142030,"POINT (  579641.548110156,   6143035.49067598)",CNO MALDONADO 5118 EN 5118/5120,0
2026-04-25,F_107,42,S,100,,S,Basura Afuera,55159,Matutino,2026-04-25 08:25:52,,142058,"POINT (  579704.165241868,   6143123.89659333)",CNO MALDONADO 5168 EN 5168/5170,0
2026-04-25,F_107,43,N,,Contenedor No Está,N,,55159,Matutino,2026-04-25 08:26:00,,142063,"POINT (  579759.720766796,   6143207.62344980)",CNO MALDONADO 5230,0
2026-04-25,F_107,44,S,50,,S,,55159,Matutino,2026-04-25 08:27:42,,142064,"POINT (  579806.126467578,   6143287.48442324)",CNO MALDONADO 5262,0
2026-04-25,F_107,45,S,50,,S,,55159,Matutino,2026-04-25 08:29:54,,142065,"POINT (  579857.489623673,   6143456.38654490)",CNO MALDONADO 5388 ANTES 5388,0
2026-04-25,F_107,46,S,100,,S,,55159,Matutino,2026-04-25 08:31:52,,180149,"POINT (  579891.123263399,   6143564.31651024)",CNO MALDONADO 5438 CLUB FENIX,0
2026-04-25,F_107,47,S,100,,S,,55159,Matutino,2026-04-25 08:34:22,,141974,"POINT (  579904.538407242,   6143606.44365007)",CNO MALDONADO 5466,0
2026-04-25,F_107,48,S,100,,S,Basura Afuera,55159,Matutino,2026-04-25 08:37:05,,142066,"POINT (  579943.092271555,   6143734.40208417)",CNO MALDONADO 5530,0
2026-04-25,F_107,49,S,75,,S,,55159,Matutino,2026-04-25 08:39:19,,141973,"POINT (  580055.422208984,   6143845.43203496)",PETEROA 3363 EN 3365/3357,0
2026-04-25,F_107,50,S,75,,S,"Basura Afuera, Poda",55159,Matutino,2026-04-25 08:42:09,,142034,"POINT (  580158.851339635,   6143797.96546601)",FRANCISCO MARTINEZ NIETO 5597,0
2026-04-25,F_107,51,S,100,,S,"Basura Afuera, Poda",55159,Matutino,2026-04-25 08:45:17,,142035,"POINT (  580119.762830054,   6143684.44245413)",FRANCISCO MARTINEZ NIETO 5536 FTE 5528/5536,0
2026-04-25,F_107,52,N,,Contenedor No Está,N,,55159,Matutino,2026-04-25 08:42:18,,178688,"POINT (  580075.683729850,   6143578.77949107)",FRANCISCO MARTINEZ NIETO 5469,0
2026-04-25,F_107,53,S,100,,S,Basura Afuera,55159,Matutino,2026-04-25 08:49:07,,176317,"POINT (  580032.874367537,   6143461.26722191)",FRANCISCO MARTINEZ NIETO 5411 PROV (O: MATEO CORTES 5315),0
2026-04-25,F_107,54,S,100,,S,Basura Afuera,55159,Matutino,2026-04-25 09:35:00,,142033,"POINT (  580149.881180142,   6143381.00156212)",CHAYOS 5392 FTE 5392,0
2026-04-25,F_107,55,N,,Contenedor No Está,N,,55159,Matutino,2026-04-25 09:35:14,,142061,"POINT (  580063.209241725,   6143203.73695332)",CHAYOS 5289 EN 5289/5279,0
2026-04-25,F_107,56,S,75,,S,Basura Afuera,55159,Matutino,2026-04-25 09:38:05,,141975,"POINT (  579890.578225248,   6143060.86785675)",ANDRES LATORRE 5184,0
2026-04-25,F_107,57,S,75,,S,Basura Afuera,55159,Matutino,2026-04-25 09:39:38,,142010,"POINT (  579923.693704805,   6143126.76412035)",ANDRES LATORRE 5204 EN 5212,0
2026-04-25,F_107,58,S,75,,S,Basura Afuera,55159,Matutino,2026-04-25 09:41:21,,142011,"POINT (  579970.186326826,   6143220.23366254)",ANDRES LATORRE 5254,0
2026-04-25,F_107,59,S,100,,S,"Basura Afuera, Poda",55159,Matutino,2026-04-25 09:43:16,,142015,"POINT (  580006.508687780,   6143294.33127888)",ANDRES LATORRE Esq. MANUEL ACUÑA,0
2026-04-25,F_107,60,N,,Contenedor No Está,N,,55159,Matutino,2026-04-25 09:43:25,,178689,"POINT (  580053.105350763,   6143384.31636231)",ANDRES LATORRE 5368,0
2026-04-25,F_107,61,S,100,,S,Basura Afuera,55159,Matutino,2026-04-25 09:46:34,,141979,"POINT (  580216.694083169,   6143392.64380253)",PINTADO 5401 FTE 5401,0
2026-04-25,F_107,62,S,100,,S,Basura Afuera,55159,Matutino,2026-04-25 09:48:42,,142012,"POINT (  580268.513984796,   6143527.27868713)",PINTADO 5492,0
2026-04-25,F_107,63,N,,Contenedor No Está,N,,55159,Matutino,2026-04-25 09:49:00,,141976,"POINT (  580310.647923503,   6143639.63585701)",PINTADO Esq. OMBU,0
2026-04-25,F_107,64,S,50,,S,"Basura Afuera, Poda",55159,Matutino,2026-04-25 09:53:02,,181334,"POINT (  580343.225940305,   6143721.15100763)",PINTADO 5578,0
2026-04-25,F_107,65,S,100,,S,Basura Afuera,55159,Matutino,2026-04-25 09:52:55,,141977,"POINT (  580344.373247569,   6143726.44181018)",PINTADO 5597,0
2026-04-25,F_107,66,S,100,,S,"Basura Afuera, Poda",55159,Matutino,2026-04-25 09:56:54,,141978,"POINT (  580482.668156845,   6143596.52301010)",MARCOS SALCEDO Esq. OMBU,0
2026-04-25,F_107,67,S,100,,S,"Basura Afuera, Poda",55159,Matutino,2026-04-25 09:58:54,,142009,"POINT (  580441.025230985,   6143490.30681689)",MARCOS SALCEDO Esq. CELIAR,0
2026-04-25,F_107,68,S,100,,S,"Basura Afuera, Poda",55159,Matutino,2026-04-25 10:03:41,,141984,"POINT (  580342.175261468,   6143333.77456346)",COCHABAMBA 3168 EN 3170,0
2026-04-25,F_107,69,S,75,,S,Basura Afuera,55159,Matutino,2026-04-25 10:05:39,,141985,"POINT (  580181.149282031,   6143208.16305098)",PEDRO SAENZ DE ZUMARAN 5313,0
2026-04-25,F_107,70,S,75,,S,"Basura Afuera, Escombro",55159,Matutino,2026-04-25 10:07:46,,177303,"POINT (  580152.121347457,   6143147.19286949)",PEDRO SAENZ DE ZUMARAN 5281,0
2026-04-25,F_107,71,S,50,,S,"Basura Afuera, Poda",55159,Matutino,2026-04-25 10:10:14,,141980,"POINT (  580270.723076563,   6143133.69808926)",SANTO TOME Esq. MANUEL ACUÑA,0
2026-04-25,F_107,72,S,75,,S,Basura Afuera,55159,Matutino,2026-04-25 10:12:15,,141981,"POINT (  580337.094020703,   6143268.59838223)",SANTO TOME 5368,0
2026-04-25,F_107,73,S,100,,S,Basura Afuera,55159,Matutino,2026-04-25 10:01:19,,183157,"POINT (  580392.913691939,   6143301.15833813)",COCHABAMBA 3157,0
2026-04-25,F_107,74,S,50,,S,Basura Afuera,55159,Matutino,2026-04-25 10:14:47,,141982,"POINT (  580394.273472566,   6143204.92505393)",PUNTAS DE SOTO 5345,0
2026-04-25,F_107,75,S,75,,S,"Basura Afuera, Escombro, Poda",55159,Matutino,2026-04-25 10:16:46,,141989,"POINT (  580366.234298520,   6143149.44075614)",PUNTAS DE SOTO 5317,0
2026-04-25,F_107,76,S,100,,S,"Basura Afuera, Poda",55159,Matutino,2026-04-25 10:18:34,,141991,"POINT (  580323.522082124,   6143060.86785676)",PUNTAS DE SOTO 5266 EN 5245,0
2026-04-25,F_107,77,N,,Contenedor No Está,N,,55159,Matutino,2026-04-25 10:18:42,,141988,"POINT (  580420.520038706,   6142968.12059751)",RUBEN DARIO 3115,0
2026-04-25,F_107,78,N,,Contenedor No Está,N,,55159,Matutino,2026-04-25 10:19:20,,141987,"POINT (  580746.651310156,   6142942.13967324)",MANUEL ACUÑA 3025,0
2026-04-25,F_107,79,S,75,,S,Basura Afuera,55159,Matutino,2026-04-25 10:28:26,,142016,"POINT (  581011.848161929,   6142862.39565234)",MTRA JUANA MANSO 5308 ANTES 5356,0
2026-04-25,F_107,80,S,50,,S,Basura Afuera,55159,Matutino,2026-04-25 10:28:20,,141990,"POINT (  581012.679832346,   6142869.16782574)",MTRA JUANA MANSO 5308 ANTES 5356,0
2026-04-25,F_107,81,S,50,,S,Basura Afuera,55159,Matutino,2026-04-25 10:28:15,,141993,"POINT (  581021.234156631,   6142952.21605734)",MTRA JUANA MANSO 5356 PDO 5356,0
2026-04-25,F_107,82,S,50,,S,Basura Afuera,55159,Matutino,2026-04-25 10:31:53,,141995,"POINT (  580939.017595446,   6143106.55032465)",COCHABAMBA 2970 FTE 2991,0
2026-04-25,F_107,83,S,50,,S,,55159,Matutino,2026-04-25 10:33:37,,141992,"POINT (  580819.554080602,   6143150.86647684)",COCHABAMBA 3014,0
2026-04-25,F_107,84,S,100,,S,,55159,Matutino,2026-04-25 10:35:22,,149954,"POINT (  580709.357750402,   6143163.34153310)",DEL FUERTE 5397,0
2026-04-25,F_107,85,S,75,,S,Basura Afuera,55159,Matutino,2026-04-25 10:37:09,,141996,"POINT (  580661.596106477,   6143042.33348748)",DEL FUERTE 5317,0
2026-04-25,F_107,86,S,100,,S,Basura Afuera,55159,Matutino,2026-04-25 10:40:04,,141997,"POINT (  580545.380073047,   6143075.96076387)",MARCOS SALCEDO 5318,0
2026-04-25,F_107,87,S,100,,S,"Basura Afuera, Poda",55159,Matutino,2026-04-25 10:42:07,,141998,"POINT (  580490.880354687,   6143189.81661113)",MARCOS SALCEDO 5366 IGLESIA,0
2026-04-25,F_107,88,S,100,,S,,55159,Matutino,2026-04-25 10:45:30,,141999,"POINT (  580565.894603537,   6143263.49841327)",12 DE OCTUBRE 5426,0
2026-04-25,F_107,89,S,100,,S,Basura Afuera,55159,Matutino,2026-04-25 10:51:02,,142001,"POINT (  580606.527643890,   6143375.89272956)",12 DE OCTUBRE 5492 EN 5490/5492,0
2026-04-25,F_107,90,,,,S,,55159,Matutino,,,182299,"POINT (  580682.571694336,   6143577.00918671)",12 DE OCTUBRE 5582,0
2026-04-25,F_107,91,,,,S,,55159,Matutino,,,142000,"POINT (  580827.395544531,   6143463.75276859)",DEL FUERTE 5553,0
2026-04-25,F_107,92,,,,N,,55159,Matutino,,,142025,"POINT (  580798.722823242,   6143386.90593916)",DEL FUERTE 5527,0
2026-04-25,F_107,93,,,,S,,55159,Matutino,,,142020,"POINT (  580744.822553167,   6143252.44907772)",DEL FUERTE 5419 EN 5421/5419,0
2026-04-25,F_107,94,,,,N,,55159,Matutino,,,142021,"POINT (  580623.755102520,   6143228.44944572)",COCHABAMBA 3080,0
2026-04-25,F_107,95,S,75,,S,"Basura Afuera, Escombro, Poda",55159,Matutino,2026-04-25 10:21:58,,182876,"POINT (  580691.198297603,   6143000.76593159)",ITAZURUBI 5312,0
2026-04-25,F_107,96,,,,S,,55159,Matutino,,,180148,"POINT (  580924.228367974,   6143212.00040283)",SEBASTOPOL 5460 FTE 5449,0
2026-04-25,F_107,97,,,,S,,55159,Matutino,,,167072,"POINT (  580947.512514701,   6143297.83452047)",SEBASTOPOL Esq. CELIAR,0
2026-04-25,F_107,98,,,,S,,55159,Matutino,,,142013,"POINT (  580974.482398211,   6143409.27835630)",SEBASTOPOL Esq. SANTIAGO ARRIETA,0
2026-04-25,F_107,99,,,,S,,55159,Matutino,,,142014,"POINT (  581002.046332018,   6143505.39569445)",SEBASTOPOL 5622,0
2026-04-25,F_107,100,,,,S,,55159,Matutino,,,142002,"POINT (  581091.629116893,   6143471.17839730)",ULISES FAVARO 5629,0
2026-04-25,F_107,101,,,,S,,55159,Matutino,,,180894,"POINT (  581032.648450545,   6143321.47041678)",ULISES FAVARO 5540,0
2026-04-25,F_107,102,,,,S,,55159,Matutino,,,180893,"POINT (  581031.123396078,   6143318.63817277)",ULISES FAVARO 5540 TRASLADADOS UNOS METROS POR BOCA DE TORMENTA,0
2026-04-25,F_107,103,,,,S,,55159,Matutino,,,142027,"POINT (  581001.882664450,   6143239.86461982)",ULISES FAVARO 5454,0
2026-04-25,F_107,104,,,,S,,55159,Matutino,,,142026,"POINT (  581000.803462110,   6143234.73840869)",ULISES FAVARO 5454,0
2026-04-25,F_107,105,,,,S,,55159,Matutino,,,176138,"POINT (  581043.629852849,   6143080.29330150)",MTRA JUANA MANSO 5412 VEREDA. ANTES 5412,0
2026-04-25,F_107,106,,,,S,,55159,Matutino,,,149973,"POINT (  581086.163854156,   6143192.92523792)",MTRA JUANA MANSO 5457,0
2026-04-25,F_107,107,,,,S,,55159,Matutino,,,142007,"POINT (  581090.203396180,   6143203.02409298)",MTRA JUANA MANSO 5457,0
2026-04-25,F_107,108,,,,S,,55159,Matutino,,,142008,"POINT (  581144.143163200,   6143351.89309755)",MTRA JUANA MANSO 5605 VIVIENDAS,0
2026-04-25,F_107,109,,,,N,,55159,Matutino,,,142032,"POINT (  581201.766042065,   6143505.03926427)",MTRA JUANA MANSO 5652 VIVIENDAS,0
2026-04-25,F_115,1,S,100,,S,,55161,Matutino,2026-04-25 08:45:10,,141618,"POINT (  581991.781014258,   6146883.25173232)",CNO GRAL LEANDRO GOMEZ 1373,0
2026-04-25,F_115,2,S,100,,S,,55161,Matutino,2026-04-25 08:45:15,,141579,"POINT (  582011.404967581,   6146895.34709375)",CNO GRAL LEANDRO GOMEZ 1371,0
2026-04-25,F_115,3,S,25,,S,,55161,Matutino,2026-04-25 08:47:50,,141619,"POINT (  582115.995634437,   6146955.38634310)",CNO GRAL LEANDRO GOMEZ 14 EN 1361. MURO BAJO,0
2026-04-25,F_115,4,S,75,,S,,55161,Matutino,2026-04-25 08:45:22,,141553,"POINT (  582136.915471242,   6146967.79180332)",CNO GRAL LEANDRO GOMEZ 1299,0
2026-04-25,F_115,5,S,75,,S,,55161,Matutino,2026-04-25 08:45:32,,141621,"POINT (  582360.315002898,   6147018.71708485)",PLUTON 3449,0
2026-04-25,F_115,6,S,75,,N,,55161,Matutino,2026-04-25 08:45:37,,141622,"POINT (  582241.426650264,   6146906.10666504)",PERSEO 7038,0
2026-04-25,F_115,7,S,75,,S,,55161,Matutino,2026-04-25 08:45:43,,141624,"POINT (  582243.650084802,   6146909.50721198)",PERSEO 7040,0
2026-04-25,F_115,8,S,75,,S,,55161,Matutino,2026-04-25 08:46:22,,141623,"POINT (  582307.892235949,   6147041.69815725)",PERSEO Esq. PLUTON,0
2026-04-25,F_115,9,S,75,,S,,55161,Matutino,2026-04-25 08:46:30,,141625,"POINT (  582309.432003763,   6147043.89782556)",PERSEO Esq. PLUTON,0
2026-04-25,F_115,10,S,75,,S,Basura Afuera,55161,Matutino,2026-04-25 08:46:36,,181764,"POINT (  582363.164581917,   6147099.81216950)",CNO GRAL LEANDRO GOMEZ 1123 CNO GRAL LEANDRO GOMEZ 1143,0
2026-04-25,F_115,11,S,75,,S,Basura Afuera,55161,Matutino,2026-04-25 08:46:41,,141594,"POINT (  582510.067939840,   6147185.69818916)",CNO GRAL LEANDRO GOMEZ 1075 VIVIENDAS,0
2026-04-25,F_115,12,S,75,,S,Basura Afuera,55161,Matutino,2026-04-25 08:46:53,,141595,"POINT (  582513.575347461,   6147187.85659385)",CNO GRAL LEANDRO GOMEZ 1075 VIVIENDAS,0
2026-04-25,F_115,13,S,75,,S,,55161,Matutino,2026-04-25 08:46:58,,141597,"POINT (  582622.844584766,   6147255.03693975)",CNO GRAL LEANDRO GOMEZ 7380 EN 7388. PDO REBAJE,0
2026-04-25,F_115,14,S,75,,S,,55161,Matutino,2026-04-25 08:47:03,,181365,"POINT (  582768.621542702,   6147399.86193203)",RUTA NAL 8 BRIG GRAL J A LAVALLEJA 7202 PROV OV. (CNO GRAL LEANDRO GOMEZ 7241 FTE.),0
2026-04-25,F_115,15,S,75,,S,Basura Afuera,55161,Matutino,2026-04-25 08:47:09,,174452,"POINT (  583009.688678173,   6147571.95991394)",FRANCISCO RODRIGUEZ 3336,0
2026-04-25,F_115,16,S,50,,S,,55161,Matutino,2026-04-25 08:47:15,,183512,"POINT (  583101.715693813,   6147727.22567582)",ANTONIO FAGIANI Esq. JUAN GARCIA Y FERNANDEZ,0
2026-04-25,F_115,17,S,75,,S,,55161,Matutino,2026-04-25 08:47:21,,182230,"POINT (  583263.236128104,   6147767.59256558)",MIGUEL ESTEVEZ 3304,0
2026-04-25,F_115,18,S,75,,S,,55161,Matutino,2026-04-25 08:47:28,,182229,"POINT (  583173.257914597,   6147846.35073551)",MIGUEL ESTEVEZ 3370,0
2026-04-25,F_115,19,S,75,,S,,55161,Matutino,2026-04-25 08:47:34,,141627,"POINT (  583312.206565567,   6147932.22170419)",AV BERNARDO DE LA TORRE Esq. BARTOLOME DE LOS REYES,0
2026-04-25,F_115,20,S,75,,S,,55161,Matutino,2026-04-25 08:47:39,,141555,"POINT (  583433.056772204,   6147998.40157925)",AV BERNARDO DE LA TORRE 7565,0
2026-04-25,F_115,21,S,75,,S,,55161,Matutino,2026-04-25 08:48:03,,141602,"POINT (  583298.865958341,   6148072.42887033)",CNO ABREVADERO DEL MANGA 7538 FTE 7538,0
2026-04-25,F_115,22,S,75,,S,Basura Afuera,55161,Matutino,2026-04-25 08:48:09,,141603,"POINT (  583362.907591992,   6148274.88315459)",COSTANERA ARROYO MANGA 3390 ANTES DE 3396,0
2026-04-25,F_115,23,S,75,,S,,55161,Matutino,2026-04-25 08:48:16,,141628,"POINT (  583471.247530146,   6148150.37986942)",COSTANERA ARROYO MANGA 3306,0
2026-04-25,F_115,24,N,,Contenedor No Está,N,,55161,Matutino,2026-04-25 08:48:23,,141600,"POINT (  583462.876953063,   6147952.36340530)",COSTANERA ARROYO MANGA 3250,0
2026-04-25,F_115,25,S,50,,S,,55161,Matutino,2026-04-25 08:48:30,,141601,"POINT (  583510.157634556,   6147767.81833867)",COSTANERA ARROYO MANGA 3138 FTE 3138,0
2026-04-25,F_115,26,S,25,,S,,55161,Matutino,2026-04-25 08:58:46,,141629,"POINT (  583680.184981556,   6147807.97095061)",CNO DE LOS SIETE CERROS 7607 FTE 7607,0
2026-04-25,F_115,27,S,50,,S,,55161,Matutino,2026-04-25 08:58:54,,141559,"POINT (  583815.683698089,   6147892.19988251)",CNO DE LOS SIETE CERROS 7682 EN 7688/7682,0
2026-04-25,F_115,28,S,50,,S,,55161,Matutino,2026-04-25 08:59:00,,141558,"POINT (  583906.825573242,   6147948.96404677)",CNO DE LOS SIETE CERROS 7732 EN 7732/7738,0
2026-04-25,F_115,29,S,75,,S,,55161,Matutino,2026-04-25 08:59:11,,141556,"POINT (  584366.565771680,   6148232.79426318)",CNO DE LOS SIETE CERROS 7941 FTE 7941,0
2026-04-25,F_115,30,S,50,,S,,55161,Matutino,2026-04-25 08:59:17,,141557,"POINT (  584522.212720010,   6148331.91675991)",CNO DE LOS SIETE CERROS 8042 FTE 8047,0
2026-04-25,F_115,31,S,75,,S,,55161,Matutino,2026-04-25 08:59:26,,141630,"POINT (  584498.768058789,   6148452.41194013)",PROF DR JUSTO M ALONSO GONZALEZ 3231 FTE 3231,0
2026-04-25,F_115,32,S,75,,S,,55161,Matutino,2026-04-25 08:59:33,,141643,"POINT (  584384.372610351,   6148629.40112450)",PROF DR JUSTO M ALONSO GONZALEZ 3283 FTE 3285,0
2026-04-25,F_115,33,S,75,,S,,55161,Matutino,2026-04-25 08:59:41,,141631,"POINT (  584260.893766697,   6148645.81340053)",CNO MANGANGA 8021 FTE 8042/8044. BALDIO,0
2026-04-25,F_115,34,S,75,,S,,55161,Matutino,2026-04-25 09:04:00,,141580,"POINT (  584173.787448926,   6148588.00410255)",CNO MANGANGA 7969,0
2026-04-25,F_115,35,S,75,,S,,55161,Matutino,2026-04-25 09:04:06,,141632,"POINT (  584057.645691898,   6148511.88416720)",CNO MANGANGA 7887 BALDIO. ANTES DE 7883,0
2026-04-25,F_115,36,S,75,,S,,55161,Matutino,2026-04-25 09:15:11,,141644,"POINT (  583914.379989648,   6148618.06949990)",FRANCISCO DE LAS CARRERAS 7848 CERCO VEGETAL,0
2026-04-25,F_115,37,S,75,,S,,55161,Matutino,2026-04-25 09:15:16,,141604,"POINT (  584024.458628711,   6148687.67805107)",FRANCISCO DE LAS CARRERAS 7932 EN 7930. MURO,0
2026-04-25,F_115,38,S,75,,S,,55161,Matutino,2026-04-25 09:15:22,,141560,"POINT (  584170.150945117,   6148777.79144677)",FRANCISCO DE LAS CARRERAS 8020 MURO,0
2026-04-25,F_115,39,S,75,,S,,55161,Matutino,2026-04-25 09:15:28,,147072,"POINT (  583874.533775341,   6148391.02231096)",CNO MANGANGA 7821,0
2026-04-25,F_115,40,S,75,,S,,55161,Matutino,2026-04-25 09:15:35,,141581,"POINT (  583811.052785586,   6148347.61814025)",CNO MANGANGA 7775 TERRENO BALDIO,0
2026-04-25,F_115,41,S,75,,S,,55161,Matutino,2026-04-25 09:28:43,,141606,"POINT (  583621.852522509,   6148218.12922768)",CNO MANGANGA 7671 EN 7671/7661,0
2026-04-25,F_115,42,S,75,,S,Basura Afuera,55161,Matutino,2026-04-25 09:28:50,,141605,"POINT (  583494.201221992,   6147903.97100654)",JOSE MAS DE AYALA 7564,0
2026-04-25,F_115,43,N,,Contenedor No Está,N,,55161,Matutino,2026-04-25 09:29:22,,141607,"POINT (  583622.539171410,   6147980.02554675)",JOSE MAS DE AYALA 7630,0
2026-04-25,F_115,44,S,100,,S,,55161,Matutino,2026-04-25 09:28:57,,147075,"POINT (  583758.853056058,   6148084.03818730)",DIONISIO FERNANDEZ Esq. JOSE MAS DE AYALA,0
2026-04-25,F_115,45,S,75,,S,,55161,Matutino,2026-04-25 09:29:04,,141562,"POINT (  583709.710884315,   6148164.93028661)",DIONISIO FERNANDEZ 3293 FTE 3293/3287. DESCAMPADO,0
2026-04-25,F_115,46,S,75,,S,,55161,Matutino,2026-04-25 09:29:12,,141563,"POINT (  583634.866582617,   6148382.26378779)",DIONISIO FERNANDEZ 3340 PALMERA,0
2026-04-25,F_115,47,S,100,,S,,55161,Matutino,2026-04-25 10:31:48,,141608,"POINT (  583607.498290714,   6148499.16481374)",DIONISIO FERNANDEZ 3384 EN 3384/3386,0
2026-04-25,F_115,48,S,75,,S,,55161,Matutino,2026-04-25 10:31:53,,141564,"POINT (  583662.103227155,   6148595.55724046)",JOSE MARCOS MONTERROSO 3383 BALDIO. MURO BAJO,0
2026-04-25,F_115,49,S,75,,S,Basura Afuera,55161,Matutino,2026-04-25 10:32:00,,141609,"POINT (  583770.306476758,   6148549.54015107)",JOSE MARCOS MONTERROSO 3363 PDO 3361. BALDIO,0
2026-04-25,F_115,50,S,75,,S,Basura Afuera,55161,Matutino,2026-04-25 10:32:08,,141565,"POINT (  583862.343125815,   6148513.22476743)",JOSE MARCOS MONTERROSO 3323,0
2026-04-25,F_115,51,S,100,,S,Basura Afuera,55161,Matutino,2026-04-25 10:32:14,,141647,"POINT (  584056.959042997,   6148364.12386314)",JOSE MARCOS MONTERROSO 3273 FTE 3266. PDO ESCALERA,0
2026-04-25,F_115,52,S,75,,S,Basura Afuera,55161,Matutino,2026-04-25 10:32:21,,141646,"POINT (  584061.691109570,   6148354.74412802)",JOSE MARCOS MONTERROSO 3273 FTE 3266. PDO ESCALERA,0
2026-04-25,F_115,53,S,75,,S,,55161,Matutino,2026-04-25 10:32:28,,141648,"POINT (  584158.975451197,   6148325.14836360)",CARLOS CAMUSSO 7868,0
2026-04-25,F_115,54,S,100,,S,Basura Afuera,55161,Matutino,2026-04-25 10:32:34,,141645,"POINT (  584266.615840875,   6148394.33641480)",CARLOS CAMUSSO 7938 EN 7938/7944,0
2026-04-25,F_115,55,N,,Contenedor No Está,N,,55161,Matutino,2026-04-25 10:32:41,,141568,"POINT (  584367.455136673,   6148458.94680666)",CARLOS CAMUSSO 8028 EN 8026/8030,0
2026-04-25,F_115,56,S,75,,S,,55161,Matutino,2026-04-25 10:32:47,,141570,"POINT (  584286.704798242,   6148781.02905380)",PROF DR JUSTO M ALONSO GONZALEZ 3333 FTE 3333. MURO CON REJAS,0
2026-04-25,F_115,57,S,100,,S,Basura Afuera,55161,Matutino,2026-04-25 10:32:54,,141569,"POINT (  584190.116188476,   6148933.73618544)",PROF DR JUSTO M ALONSO GONZALEZ 3383 FTE 3383,0
2026-04-25,F_115,58,S,75,,S,,55161,Matutino,2026-04-25 10:47:04,,141572,"POINT (  583892.411704685,   6149294.95718767)",JOSE LIVI 8079 FTE 8084,0
2026-04-25,F_115,59,S,75,,S,,55161,Matutino,2026-04-25 10:47:09,,153152,"POINT (  583889.678291602,   6149291.95001670)",JOSE LIVI 8079,0
2026-04-25,F_115,60,N,,Contenedor No Está,N,,55161,Matutino,2026-04-25 10:47:16,,141566,"POINT (  583776.826589302,   6149219.81252208)",JOSE LIVI 8019,0
2026-04-25,F_115,61,S,75,,S,,55161,Matutino,2026-04-25 10:47:22,,141573,"POINT (  583673.191961449,   6149152.31616852)",JOSE LIVI 7967,0
2026-04-25,F_115,62,S,75,,S,,55161,Matutino,2026-04-25 10:47:28,,141571,"POINT (  583549.045409209,   6149071.79033703)",JOSE LIVI 7917,0
2026-04-25,F_115,63,S,75,,S,,55161,Matutino,2026-04-25 10:47:39,,141613,"POINT (  583564.860663697,   6148996.88717452)",LUIS PEDRO CANTU 3511,0
2026-04-25,F_115,64,S,75,,S,,55161,Matutino,2026-04-25 10:47:45,,141612,"POINT (  583627.051435619,   6148995.38308645)",ARISTIDES BASSI 7850,0
2026-04-25,F_115,65,S,100,,S,,55161,Matutino,2026-04-25 10:47:58,,141615,"POINT (  583758.691839278,   6149081.57387235)",ARISTIDES BASSI 7936,0
2026-04-25,F_115,66,S,100,,S,,55161,Matutino,2026-04-25 10:48:04,,141614,"POINT (  583902.037971826,   6149170.77283439)",ARISTIDES BASSI 8008 EN 8008/8014,0
2026-04-25,F_115,67,S,100,,S,,55161,Matutino,2026-04-25 10:52:46,,141616,"POINT (  583941.275051904,   6149103.54663719)",JUAN JOSE SEVERINO 8003 EN 8003/8019,0
2026-04-25,F_115,68,S,75,,S,,55161,Matutino,2026-04-25 10:52:54,,141611,"POINT (  583875.225967107,   6149059.60110751)",JUAN JOSE SEVERINO 7963 ANTES DE 7905. BALDIO,0
2026-04-25,F_115,69,S,75,,S,,55161,Matutino,2026-04-25 10:59:42,,141610,"POINT (  583766.259467969,   6148989.98960762)",JUAN JOSE SEVERINO 7901 EN 7901/7909,0
2026-04-25,F_115,70,S,100,,S,,55161,Matutino,2026-04-25 10:59:47,,161012,"POINT (  583761.071842309,   6148987.29297318)",JUAN JOSE SEVERINO 7901,0
2026-04-25,F_115,71,S,50,,S,,55161,Matutino,2026-04-25 10:59:55,,181186,"POINT (  583547.010981481,   6148907.48993464)",ORESTES ACQUARONE 3438,0
2026-04-25,F_115,72,S,50,,S,,55161,Matutino,2026-04-25 11:00:01,,141583,"POINT (  583543.943785156,   6148909.58903301)",ORESTES ACQUARONE 3438 FTE 3493/3495. BALDIO,0
2026-04-25,F_115,73,S,100,,S,"Basura Afuera, Poda",55161,Matutino,2026-04-25 11:00:09,,141587,"POINT (  583391.825140558,   6148968.30950120)",ARQ VICTOR RABU 7831,0
2026-04-25,F_115,74,S,100,,S,,55161,Matutino,2026-04-25 11:01:58,,141586,"POINT (  583253.994471230,   6148876.71292877)",ARQ VICTOR RABU 7773 FTE 7770. BALDIO,0
2026-04-25,F_115,75,,,,S,,55161,Matutino,,,141588,"POINT (  583152.740532622,   6148864.46202926)",CNO REPETTO 1566,0
2026-04-25,F_115,76,,,,S,,55161,Matutino,,,141578,"POINT (  583100.947586920,   6148896.63643493)",CNO REPETTO 1588,0
2026-04-25,F_115,77,,,,S,,55161,Matutino,,,141574,"POINT (  583073.951164453,   6148913.36624121)",CNO REPETTO 1594,0
2026-04-25,F_115,78,,,,S,,55161,Matutino,,,141576,"POINT (  583113.387700537,   6148967.45346138)",DOMINGO MORA 7667 FTE 7667,0
2026-04-25,F_115,79,,,,S,,55161,Matutino,,,158953,"POINT (  583116.651228311,   6148969.16681347)",DOMINGO MORA 7669 FTE 7667,0
2026-04-25,F_115,80,,,,S,,55161,Matutino,,,141575,"POINT (  583118.935697752,   6148970.47222457)",DOMINGO MORA 7676 FTE 7667,0
2026-04-25,F_115,81,,,,S,,55161,Matutino,,,141617,"POINT (  583121.220167194,   6148971.69604749)",DOMINGO MORA 7676 FTE 7667,0
2026-04-25,F_115,82,,,,S,,55161,Matutino,,,141567,"POINT (  583246.376457310,   6149043.94239358)",DOMINGO MORA 7719 FTE 7719,0
2026-04-25,F_115,83,,,,S,,55161,Matutino,,,141577,"POINT (  583248.497750363,   6149044.75827552)",DOMINGO MORA 7719 FTE 7719,0
2026-04-25,F_115,84,,,,S,,55161,Matutino,,,141590,"POINT (  583356.030990501,   6149108.88659627)",DOMINGO MORA 7769 FTE 7769,0
2026-04-25,F_115,85,,,,N,,55161,Matutino,,,141591,"POINT (  583450.673295935,   6149161.59256981)",DOMINGO MORA 7820 FTE 7815,0
2026-04-25,F_115,86,,,,S,,55161,Matutino,,,141592,"POINT (  583516.075894136,   6149201.70473252)",DOMINGO MORA 7848,0
2026-04-25,F_115,87,,,,S,,55161,Matutino,,,141589,"POINT (  583658.339233594,   6149293.78506738)",DOMINGO MORA 7946,0
2026-04-25,F_115,88,,,,S,,55161,Matutino,,,141633,"POINT (  583811.585966406,   6149393.07168301)",DOMINGO MORA 8030 EN 7996/8020,0
2026-04-25,F_115,89,,,,S,,55161,Matutino,,,141634,"POINT (  583844.501637891,   6149414.65572988)",DOMINGO MORA 8045 FTE 8045,0
2026-04-25,F_115,90,,,,S,,55161,Matutino,,,141635,"POINT (  583570.550040309,   6148708.16766029)",LUIS PEDRO CANTU Esq. GIANINO CASTIGLIONI,0
2026-04-25,F_115,91,,,,S,,55161,Matutino,,,141637,"POINT (  583405.623513719,   6148708.03687002)",CNO REPETTO 1436,0
2026-04-25,F_115,92,,,,S,,55161,Matutino,,,141593,"POINT (  583259.661575832,   6148797.49741260)",CNO REPETTO 1536 EN 3538/3542,0
2026-04-25,F_115,93,,,,S,,55161,Matutino,,,143692,"POINT (  583227.225589636,   6149216.05896433)",ORESTES ACQUARONE Esq. PSJE C - 7983 PASAJE D ESQ. ORESTES ACQUARONE,0
2026-04-25,F_115,94,,,,S,,55161,Matutino,,,143693,"POINT (  583226.310057767,   6149217.95542320)",ORESTES ACQUARONE Esq. PSJE C - 7983 PASAJE D ESQ. ORESTES ACQUARONE,0
2026-04-25,F_115,95,,,,S,,55161,Matutino,,,143694,"POINT (  582986.342615529,   6149361.59583384)",PSJE CAMICACHI Esq. PSJE COLMAR PASAJE D ESQ. ORESTES ACQUARONE,0
2026-04-25,F_115,96,,,,S,,55161,Matutino,,,143712,"POINT (  582982.615092921,   6149363.00182921)",PSJE CAMICACHI Esq. PSJE COLMAR PASAJE D y CAMICACHI,0
2026-04-25,F_115,97,,,,S,,55161,Matutino,,,143713,"POINT (  582925.623234110,   6149391.28522443)",PSJE CONRADO PEREIRA Esq. PSJE COLMAR PASAJE D y CAMICACHI,0
2026-04-25,F_115,98,,,,S,,55161,Matutino,,,143714,"POINT (  582854.211748370,   6149398.34789885)",PSJE PEREZ NAPOLI Esq. PSJE - 7973 - CONT DON BOSCO,0
2026-04-25,F_115,99,,,,S,,55161,Matutino,,,143715,"POINT (  582848.456976625,   6149395.47051297)",PSJE PEREZ NAPOLI Esq. PSJE - 7973 - CONT DON BOSCO,0
2026-04-25,F_115,100,,,,S,,55161,Matutino,,,143718,"POINT (  582778.091813020,   6149351.52498329)",PSJE - 7973 - CONT DON BOSCO Esq. PSJE PEREZ NAPOLI,0
2026-04-25,F_115,101,,,,N,,55161,Matutino,,,141638,"POINT (  582899.138205058,   6149006.53295672)",CNO REPETTO Esq. PSJE E - 7981,0
2026-04-25,F_115,102,,,,S,,55161,Matutino,,,141639,"POINT (  582902.211776331,   6149004.50570758)",CNO REPETTO Esq. PSJE E - 7981,0
2026-04-25,G_104,1,S,75,,S,"Basura Afuera, Escombro, Fuera de Lugar, Poda, Requiere Limpieza",55162,Matutino,2026-04-25 08:59:25,,116832,"POINT (  573297.129343769,   6144806.92500780)",CNO GRAL MAXIMO SANTOS 4470 EN 4470/4474. MURO,0
2026-04-25,G_104,2,S,75,,S,"Basura Afuera, Escombro, Fuera de Lugar, Poda, Requiere Limpieza",55162,Matutino,2026-04-25 08:59:42,,116784,"POINT (  573200.148275346,   6144878.73908822)",CNO GRAL MAXIMO SANTOS 4490,0
2026-04-25,G_104,3,S,50,,S,"Basura Afuera, Escombro, Poda, Requiere Limpieza",55162,Matutino,2026-04-25 09:00:28,,116671,"POINT (  573084.171741453,   6145032.30580482)",CNO CORONEL RAIZ 1317 FTE 1317,0
2026-04-25,G_104,4,S,50,,S,"Basura Afuera, Escombro, Fuera de Lugar, Poda, Requiere Limpieza",55162,Matutino,2026-04-25 08:23:03,,116838,"POINT (  573153.422593172,   6145114.04291494)",DR JOSE MARIA SILVA 4580 FTE 4580. BALDIO,0
2026-04-25,G_104,5,S,50,,S,"Basura Afuera, Escombro, Poda, Requiere Limpieza",55162,Matutino,2026-04-25 08:23:13,,116794,"POINT (  573340.089552588,   6144979.72763878)",DR JOSE MARIA SILVA 4509 EN 4509/4505,0
2026-04-25,G_104,6,N,,Contenedor No Está,N,,55162,Matutino,2026-04-25 08:28:00,,116839,"POINT (  573423.307555481,   6144917.61288122)",DR JOSE MARIA SILVA 4458 VEREDA. FTE 4456,0
2026-04-25,G_104,7,S,100,,S,"Basura Afuera, Escombro, Poda, Requiere Limpieza",55162,Matutino,2026-04-25 08:27:49,,116845,"POINT (  573532.969669254,   6144981.45085615)",TERUEL 4392 FTE 4387. MURO,0
2026-04-25,G_104,8,S,100,,S,,55162,Matutino,2026-04-25 08:29:03,,116800,"POINT (  573434.844371460,   6145052.54593007)",TERUEL 4438 MURO,0
2026-04-25,G_104,9,S,100,,S,"Basura Afuera, Escombro, Poda, Requiere Limpieza",55162,Matutino,2026-04-25 08:30:39,,116799,"POINT (  573349.266686754,   6145114.33896481)",TERUEL 4498 MURO C/REJAS,0
2026-04-25,G_104,10,S,100,,S,"Basura Afuera, Escombro, Poda, Requiere Limpieza",55162,Matutino,2026-04-25 08:31:55,,116801,"POINT (  573188.967400105,   6145232.07879085)",TERUEL Esq. BREMEN MURO,0
2026-04-25,G_104,11,N,,Contenedor No Está,N,,55162,Matutino,2026-04-25 08:32:09,,180018,"POINT (  573117.775780220,   6145283.22356154)",TERUEL 4640 4540,0
2026-04-25,G_104,12,S,100,,S,"Basura Afuera, Escombro, Poda, Requiere Limpieza",55162,Matutino,2026-04-25 08:36:01,,116776,"POINT (  573535.553289040,   6144835.90458987)",DR JOSE MARIA SILVA 4397 CERCO PIEDRA/MADERA,0
2026-04-25,G_104,13,S,100,,S,"Basura Afuera, Escombro, Poda, Requiere Limpieza",55162,Matutino,2026-04-25 08:49:15,,116765,"POINT (  573713.987638700,   6144704.97466148)",DR JOSE MARIA SILVA 4311 VEREDA,0
2026-04-25,G_104,14,S,25,,S,,55162,Matutino,2026-04-25 08:49:21,,116738,"POINT (  573382.007816048,   6144324.26385569)",BV JOSE BATLLE Y ORDOÑEZ 5362,0
2026-04-25,G_104,15,S,100,,S,"Basura Afuera, Escombro, Poda, Requiere Limpieza",55162,Matutino,2026-04-25 08:57:19,,173552,"POINT (  573311.476129923,   6144401.52811185)",YUCUTUJA 1154 EN 1156,0
2026-04-25,G_104,16,S,50,,S,"Basura Afuera, Escombro, Fuera de Lugar, Poda, Requiere Limpieza",55162,Matutino,2026-04-25 08:58:45,,175366,"POINT (  573455.745487906,   6144597.33369048)",YUCUTUJA 1270 EN 1274,0
2026-04-25,G_104,17,S,100,,S,Basura Afuera,55162,Matutino,2026-04-25 08:44:36,,116709,"POINT (  573365.336690236,   6144648.06841470)",COVADONGA 1275 FTE 1276. CERCO VEGETAL,0
2026-04-25,G_104,18,S,50,,S,"Basura Afuera, Escombro, Poda, Requiere Limpieza",55162,Matutino,2026-04-25 08:41:34,,180483,"POINT (  573321.716656655,   6144559.85306223)",TACUARI Esq. COVADONGA MURO,0
2026-04-25,G_104,19,S,75,,S,"Basura Afuera, Escombro, Poda, Requiere Limpieza",55162,Matutino,2026-04-25 08:41:42,,116668,"POINT (  573324.380819661,   6144558.16982201)",TACUARI Esq. COVADONGA MURO,0
2026-04-25,G_104,20,S,50,,S,"Basura Afuera, Escombro, Poda, Requiere Limpieza",55162,Matutino,2026-04-25 08:41:55,,183646,"POINT (  573330.157165485,   6144555.31889409)",TACUARI Esq. COVADONGA,0
2026-04-25,G_104,21,N,,Persona en el Interior del Cont.,S,,55162,Matutino,2026-04-25 08:42:48,,183647,"POINT (  573335.121704492,   6144550.82716832)",TACUARI Esq. COVADONGA,0
2026-04-25,G_104,22,N,,"Contenedor Roto (choque, desfonde, etc.)",S,"Basura Afuera, Escombro, Poda, Requiere Limpieza, Requiere Mantenimiento",55162,Matutino,2026-04-25 09:04:32,,116666,"POINT (  573282.070780799,   6144702.72912145)",SORIA 1264 FTE 1266. CERCO VEGETAL,0
2026-04-25,G_104,23,N,,Contenedor No Está,N,,55162,Matutino,2026-04-25 09:06:14,,116716,"POINT (  573220.826883321,   6144727.01581337)",ARANGUA 4320 EN 4322. CASA C/RETIRO,0
2026-04-25,G_104,24,S,100,,S,,55162,Matutino,2026-04-25 09:05:55,,116670,"POINT (  573126.811351702,   6144795.06286057)",ARANGUA 4376 EN 4370/4376. CERCO VEGETAL,0
2026-04-25,G_104,25,S,75,,S,,55162,Matutino,2026-04-25 09:07:16,,116717,"POINT (  573036.883451892,   6144863.35035668)",ARANGUA 4412 FTE 4405. PROA,0
2026-04-25,G_104,26,S,100,,S,"Basura Afuera, Escombro, Poda, Requiere Limpieza",55162,Matutino,2026-04-25 09:12:08,,116669,"POINT (  572962.982571049,   6144918.39279176)",ARANGUA 4458 CERCO VEGETAL,0
2026-04-25,G_104,27,S,25,,S,,55162,Matutino,2026-04-25 09:25:51,,116718,"POINT (  572862.317528730,   6144989.18529671)",ARANGUA 4507 FTE 4511. CERCO VEGETAL,0
2026-04-25,G_104,28,S,100,,S,"Basura Afuera, Escombro, Fuera de Lugar, Poda, Requiere Limpieza",55162,Matutino,2026-04-25 10:38:34,,116719,"POINT (  572757.896410455,   6145061.77681235)",ARANGUA Esq. PASTOR,0
2026-04-25,G_104,29,S,100,,S,"Basura Afuera, Escombro, Poda, Requiere Limpieza",55162,Matutino,2026-04-25 10:38:54,,116720,"POINT (  572602.759601295,   6145168.13954893)",ARANGUA 4598 FTE 4597. CERCO VEGETAL,0
2026-04-25,G_104,30,S,100,,S,"Basura Afuera, Escombro, Poda, Requiere Limpieza",55162,Matutino,2026-04-25 10:34:45,,116662,"POINT (  572676.802169304,   6145250.40906894)",CNO GRAL MAXIMO SANTOS 4593 ANTES 4593. MURO C/REJA,0
2026-04-25,G_104,31,S,100,,S,"Basura Afuera, Escombro, Poda, Requiere Limpieza",55162,Matutino,2026-04-25 10:36:22,,116730,"POINT (  572780.814348172,   6145175.77886150)",CNO GRAL MAXIMO SANTOS 4559 EN 4561/4559,0
2026-04-25,G_104,32,S,50,,S,"Basura Afuera, Escombro, Poda, Requiere Limpieza",55162,Matutino,2026-04-25 10:40:23,,116731,"POINT (  572845.454685322,   6145126.41714950)",CNO GRAL MAXIMO SANTOS 4535 EN 4533,0
2026-04-25,G_104,33,N,,Fuego,S,"Basura Afuera, Escombro, Poda, Requiere Limpieza, Requiere Mantenimiento",55162,Matutino,2026-04-25 10:41:07,,116732,"POINT (  572947.596749227,   6145053.30501134)",CNO GRAL MAXIMO SANTOS 4595 EN 4599/4595,0
2026-04-25,G_104,34,S,100,,S,"Basura Afuera, Escombro, Poda, Requiere Limpieza",55162,Matutino,2026-04-25 10:42:19,,116744,"POINT (  573003.107029457,   6145012.58051450)",CNO GRAL MAXIMO SANTOS 4667,0
2026-04-25,G_104,35,S,75,,S,Basura Afuera,55162,Matutino,2026-04-25 10:19:25,,116743,"POINT (  573058.838851830,   6145187.94998223)",POMPEYO 4510 FTE 4509,0
2026-04-25,G_104,36,S,25,,S,Basura Afuera,55162,Matutino,2026-04-25 10:23:25,,116672,"POINT (  572930.192999204,   6145281.16971297)",POMPEYO 4547,0
2026-04-25,G_104,37,S,25,,S,,55162,Matutino,2026-04-25 10:23:31,,180317,"POINT (  572901.637822867,   6145301.81817713)",POMPEYO 4558,0
2026-04-25,G_104,38,S,50,,S,,55162,Matutino,2026-04-25 10:23:37,,181006,"POINT (  572783.305059727,   6145390.15357964)",POMPEYO 4742,0
2026-04-25,G_104,39,S,50,,S,"Basura Afuera, Poda, Requiere Limpieza",55162,Matutino,2026-04-25 10:25:37,,179149,"POINT (  572829.165149149,   6145493.66503746)",GUSTAVO A BECQUER 1377 FTE 1377. BIMBO,0
2026-04-25,G_104,40,S,100,,S,"Basura Afuera, Poda, Requiere Limpieza",55162,Matutino,2026-04-25 10:27:29,,152212,"POINT (  572940.543580615,   6145647.37416769)",GUSTAVO A BECQUER Esq. EMILIO CARLOS TACCONI,0
2026-04-25,G_104,41,N,,Contenedor No Está,S,,55162,Matutino,2026-04-25 10:30:26,,176650,"POINT (  572941.906124551,   6145649.29775913)",GUSTAVO A BECQUER Esq. EMILIO CARLOS TACCONI,0
2026-04-25,G_104,42,S,50,,S,"Basura Afuera, Escombro, Poda, Requiere Limpieza",55162,Matutino,2026-04-25 10:30:14,,116698,"POINT (  573084.103944639,   6145630.83219736)",CNO CORONEL RAIZ 1509 VEREDA. MURO C/REJA,0
2026-04-25,G_104,43,S,25,,S,"Basura Afuera, Escombro, Requiere Limpieza",55162,Matutino,2026-04-25 10:31:49,,116699,"POINT (  572962.734535948,   6145538.33969260)",GUILLERMO CUADRI 1419 (*) PLAZA EVALUAR. FTE 1410.,0
2026-04-25,G_104,44,S,50,,S,,55162,Matutino,2026-04-25 10:47:18,,116688,"POINT (  572176.637330086,   6145196.61257363)",BV JOSE BATLLE Y ORDOÑEZ 6004,0
2026-04-25,G_104,45,,,,N,,55162,Matutino,,,116746,"POINT (  571926.414935593,   6145380.46387119)",BV JOSE BATLLE Y ORDOÑEZ 6130 CERCO VEGETAL,0
2026-04-25,G_104,46,S,50,,S,Dos Ciclos,55162,Matutino,2026-04-25 10:49:05,,116733,"POINT (  571881.446193721,   6145406.12374129)",BV JOSE BATLLE Y ORDOÑEZ 6144,0
2026-04-25,G_104,47,S,50,,S,"Basura Afuera, Requiere Limpieza",55162,Matutino,2026-04-25 10:55:45,,152195,"POINT (  571790.556498191,   6145541.65678812)",ARAURE 1165 FTE 1165,0
2026-04-25,G_104,48,S,75,,S,"Basura Afuera, Requiere Limpieza",55162,Matutino,2026-04-25 10:55:52,,177307,"POINT (  571793.204920339,   6145858.60812543)",MIGUEL A CHIAPPE 1295,0
2026-04-25,G_104,49,S,50,,S,"Basura Afuera, Requiere Limpieza",55162,Matutino,2026-04-25 10:55:59,,177308,"POINT (  571736.507368927,   6145684.59363107)",MIGUEL A CHIAPPE 1221,0
2026-04-25,G_104,50,S,25,,S,,55162,Matutino,2026-04-25 10:56:06,,180383,"POINT (  571705.512945824,   6145588.74387836)",MIGUEL A CHIAPPE 1171,0
2026-04-25,G_104,51,S,50,,S,"Basura Afuera, Escombro, Poda, Requiere Limpieza",55162,Matutino,2026-04-25 10:58:09,,116703,"POINT (  571652.057914526,   6145586.21998980)",BV JOSE BATLLE Y ORDOÑEZ 6290 EN 6296,0
2026-04-25,G_104,52,S,50,,S,"Basura Afuera, Escombro, Poda, Requiere Limpieza",55162,Matutino,2026-04-25 10:58:17,,116702,"POINT (  571650.294622373,   6145587.50238410)",BV JOSE BATLLE Y ORDOÑEZ 6296 EN 6296,0
2026-04-25,G_104,53,N,,Contenedor No Está,N,,55162,Matutino,2026-04-25 11:00:57,,116683,"POINT (  571346.595075270,   6145844.63379256)",AV GRAL EUGENIO GARZON 1180 CASA C/REJAS,0
2026-04-25,G_104,54,S,100,,S,"Basura Afuera, Escombro, Poda, Requiere Limpieza",55162,Matutino,2026-04-25 11:00:48,,116682,"POINT (  571364.558293510,   6146028.47610424)",AV GRAL EUGENIO GARZON 1246 VEREDA,0
2026-04-25,G_104,55,S,75,,S,"Basura Afuera, Escombro, Poda, Requiere Limpieza",55162,Matutino,2026-04-25 11:03:12,,179800,"POINT (  571351.736990217,   6146272.12800000)",AV GRAL EUGENIO GARZON 1314,0
2026-04-25,G_104,56,S,100,,S,,55162,Matutino,2026-04-25 11:05:44,,116706,"POINT (  571340.420219000,   6146591.23005067)",AV GRAL EUGENIO GARZON 1404 FTE 1409,0
2026-04-25,G_104,57,S,75,,S,"Basura Afuera, Escombro, Poda, Requiere Limpieza",55162,Matutino,2026-04-25 11:08:39,,116686,"POINT (  572406.945848352,   6145845.44330213)",AV SAYAGO 1415 VEREDA. FTE 1436,0
2026-04-25,G_104,58,S,25,,S,"Basura Afuera, Escombro",55162,Matutino,2026-04-25 11:09:53,,116684,"POINT (  572331.085692773,   6145737.78296532)",AV SAYAGO 1384 VEREDA. FTE 1384,0
2026-04-25,G_104,59,S,25,,S,,55162,Matutino,2026-04-25 11:11:15,,116685,"POINT (  572249.690400972,   6145625.28567580)",AV SAYAGO 1326 VEREDA. FTE 1328,0
2026-04-25,G_104,60,S,100,,S,"Basura Afuera, Escombro, Poda, Requiere Limpieza",55162,Matutino,2026-04-25 11:12:35,,116722,"POINT (  572322.349381651,   6145547.18711353)",BELL 1310,0
2026-04-25,G_104,61,S,50,,S,"Basura Afuera, Escombro, Poda, Requiere Limpieza",55162,Matutino,2026-04-25 11:14:43,,116724,"POINT (  572440.089207695,   6145714.69986805)",BELL 1401 MURO,0
2026-04-25,G_104,62,S,100,,S,"Basura Afuera, Escombro, Poda, Requiere Limpieza",55162,Matutino,2026-04-25 11:18:44,,116723,"POINT (  572514.354285996,   6145815.17904622)",BELL Esq. CNO EDISON,0
2026-04-25,G_104,63,,,,S,,55162,Matutino,,,116676,"POINT (  572541.077758284,   6145704.52086338)",MARCONI 1403 FTE 1408. MURO,0
2026-04-25,G_104,64,,,,N,,55162,Matutino,,,180123,"POINT (  572539.837156499,   6145702.56775508)",MARCONI 1403 PROV A,0
2026-04-25,G_104,65,,,,S,,55162,Matutino,,,116675,"POINT (  572425.021074750,   6145547.58786175)",MARCONI 1319 EN 1319/1323,0
2026-04-25,G_104,66,,,,S,,55162,Matutino,,,116692,"POINT (  572475.996247904,   6145435.53866038)",MOLTKE 1313,0
2026-04-25,G_104,67,,,,S,,55162,Matutino,,,116691,"POINT (  572578.975902716,   6145567.96713268)",MOLTKE 1380,0
2026-04-25,G_104,68,,,,S,,55162,Matutino,,,116693,"POINT (  572667.714194737,   6145689.45273044)",MOLTKE 1433 EN 1446. CERCO VEGETAL,0
2026-04-25,G_104,69,,,,S,,55162,Matutino,,,116735,"POINT (  572688.072204141,   6145568.58706830)",LAFAYETTE Esq. TOSTI,0
2026-04-25,G_104,70,,,,S,,55162,Matutino,,,116694,"POINT (  572547.329430463,   6145374.30433288)",LAFAYETTE 1308,0
2026-04-25,G_104,71,,,,N,,55162,Matutino,,,116695,"POINT (  572376.681592441,   6145211.67417835)",OLIVERAS 4698 MURO CALADO,0
2026-04-25,G_104,72,,,,S,,55162,Matutino,,,116747,"POINT (  572245.646172989,   6145303.61234747)",JOSE CAPARROZ 4684,0
2026-04-25,G_104,73,,,,S,,55162,Matutino,,,116727,"POINT (  572189.755305933,   6145343.41270408)",JOSE CAPARROZ 4708 FTE 4711,0
2026-04-25,G_104,74,,,,S,,55162,Matutino,,,157372,"POINT (  572014.713125888,   6145471.68558057)",JOSE CAPARROZ 4791,0
2026-04-25,G_104,75,,,,S,,55162,Matutino,,,181331,"POINT (  571995.916213072,   6145547.75296427)",OLEGARIO ANDRADE 4786 PROV OV (O: JOSE CAPARROZ 4806),0
2026-04-25,G_104,76,,,,N,,55162,Matutino,,,116696,"POINT (  571914.067098554,   6145609.94428425)",OLEGARIO ANDRADE 4864,0
2026-04-25,G_104,77,,,,S,,55162,Matutino,,,181332,"POINT (  571911.493555120,   6145611.85971808)",OLEGARIO ANDRADE 4864 PROV OV (O: CERRO 1218),0
2026-04-25,G_104,78,,,,S,,55162,Matutino,,,116677,"POINT (  571941.842507439,   6145679.08993849)",EL ORDEN 4843 EN 4843/4839,0
2026-04-25,G_104,79,,,,S,,55162,Matutino,,,116729,"POINT (  572090.836293253,   6145572.51799447)",EL ORDEN 4764 FTE 4764. CERCO VEGETAL,0
2026-04-25,G_104,80,,,,S,,55162,Matutino,,,180249,"POINT (  572089.480311966,   6145507.76760781)",OLEGARIO ANDRADE Esq. AV SAYAGO,0
2026-04-25,G_104,81,,,,S,,55162,Matutino,,,116679,"POINT (  572201.804318090,   6145428.32519248)",OLEGARIO ANDRADE 4701 EN 4701/4705,0
2026-04-25,G_104,82,,,,S,,55162,Matutino,,,116748,"POINT (  572326.196564530,   6145340.48118339)",ARANGUA 4743 FTE 4748,0
2026-04-25,G_104,83,,,,S,,55162,Matutino,,,116707,"POINT (  572478.160288274,   6145237.24844279)",ARANGUA 4647 CERCO VEGETAL,0
2026-04-25,G_104,84,,,,S,,55162,Matutino,,,180434,"POINT (  572482.211822004,   6145235.07222201)",ARANGUA 4647,0
2026-04-25,G_104,85,,,,S,,55162,Matutino,,,116704,"POINT (  572348.266316178,   6145513.08222970)",CNO GRAL MAXIMO SANTOS 4682,0
2026-04-25,G_104,86,,,,S,,55162,Matutino,,,116736,"POINT (  572145.623197486,   6145657.00191482)",CNO GRAL MAXIMO SANTOS 4781 FTE 4781,0
2026-04-25,G_104,87,,,,S,,55162,Matutino,,,116737,"POINT (  571975.702174271,   6145772.08701267)",CNO GRAL MAXIMO SANTOS 4873 FTE 4873/4875. COVIGU,0
2026-04-25,G_104,88,,,,S,,55162,Matutino,,,131492,"POINT (  571860.206538240,   6145855.44264175)",CNO GRAL MAXIMO SANTOS 4900 PROV OV (O: ARAURE 1294),0
2026-04-25,G_104,89,,,,S,,55162,Matutino,,,179816,"POINT (  571719.375878431,   6145956.88009565)",CNO GRAL MAXIMO SANTOS 4976 EN 4970/4976,0
2026-04-25,G_104,90,,,,S,,55162,Matutino,,,179944,"POINT (  571559.429800000,   6146072.12710000)",CNO GRAL MAXIMO SANTOS 5084,0
2026-04-25,G_108,1,S,100,,S,,55163,Matutino,2026-04-25 11:12:11,3,117189,"POINT (  574329.326831958,   6144446.53671315)",BEHERING Esq. CNO EDISON DESCAMPADO,0
2026-04-25,G_108,2,S,75,,S,,55163,Matutino,2026-04-25 11:12:22,3,176619,"POINT (  574327.152206101,   6144444.04602920)",BEHERING 1398 PROV (O: ARQ IGNACIO PEDRALBEZ ESQ. CNO EDISON),0
2026-04-25,G_108,3,S,75,,S,Basura Afuera,55163,Matutino,2026-04-25 11:13:39,3,176370,"POINT (  574241.625402611,   6144330.26784688)",BEHERING 1354,0
2026-04-25,G_108,4,S,100,,S,"Basura Afuera, Requiere Limpieza",55163,Matutino,2026-04-25 11:15:45,3,117201,"POINT (  574350.564855019,   6144248.93075946)",PEDRO FUENTES 1355 FTE 1355,0
2026-04-25,G_108,5,S,100,,S,"Basura Afuera, Requiere Limpieza",55163,Matutino,2026-04-25 11:19:00,3,117200,"POINT (  574431.126572349,   6144352.99750289)",PEDRO FUENTES 1442 FTE 1393,0
2026-04-25,G_108,6,S,100,,S,,55163,Matutino,2026-04-25 11:19:55,3,176242,"POINT (  574437.458394172,   6144361.73381401)",PEDRO FUENTES 1446 PROV A,0
2026-04-25,G_108,7,N,,Contenedor No Está,N,,55163,Matutino,2026-04-25 11:37:44,,117159,"POINT (  574497.971374882,   6144424.49098473)",PEDRO FUENTES 1470,0
2026-04-25,G_108,8,N,,Sobrepeso,N,"Basura Afuera, Escombro, Fuera de Lugar, Poda, Requiere Limpieza",55163,Matutino,2026-04-25 11:38:42,,176321,"POINT (  574585.695159501,   6144515.82150330)",PEDRO FUENTES 1507 (*) PROV (O: ARQ IGNACIO PEDRALBEZ 1487) CUMPLE CRITERIOS?,0
2026-04-25,G_108,9,N,,Contenedor No Está,S,,55163,Matutino,2026-04-25 11:39:01,,117193,"POINT (  574587.298152367,   6144517.70501992)",PEDRO FUENTES 1507 (*) FTE 1507. CUMPLE CRITERIOS?,0
2026-04-25,G_108,10,S,100,,S,"Basura Afuera, Requiere Limpieza",55163,Matutino,2026-04-25 11:32:15,3,176322,"POINT (  574620.199580952,   6144555.81617532)",PEDRO FUENTES Esq. SARA OTERMIN (*) PROV (O: ARQ IGNACIO PEDRALBEZ 1467) CUMPLE CRITERIOS?,0
2026-04-25,G_108,11,S,50,,S,"Basura Afuera, Requiere Limpieza",55163,Matutino,2026-04-25 11:32:29,3,117206,"POINT (  574621.962873105,   6144558.06036533)",PEDRO FUENTES Esq. SARA OTERMIN (*) CUMPLE CRITERIOS?,0
2026-04-25,G_108,12,S,100,,S,"Basura Afuera, Requiere Limpieza",55163,Matutino,2026-04-25 11:32:42,3,176215,"POINT (  574702.579437739,   6144650.90355549)",PEDRO FUENTES 1553 PROV. (*) CUMPLE CRITERIOS?,0
2026-04-25,G_108,13,N,,Sobrepeso,S,"Basura Afuera, Requiere Limpieza, Requiere Mantenimiento",55163,Matutino,2026-04-25 11:39:54,,176216,"POINT (  574705.372733828,   6144652.76575288)",PEDRO FUENTES 1553 PROV. (*) CUMPLE CRITERIOS?,0
2026-04-25,G_108,14,S,100,,S,,55163,Matutino,2026-04-25 07:58:51,3,129056,"POINT (  569971.105869303,   6146769.97446586)",BV JOSE BATLLE Y ORDOÑEZ 7153 VEREDA. MURETE C/CERCO,0
2026-04-25,G_108,15,S,100,,S,,55163,Matutino,2026-04-25 08:00:20,3,129060,"POINT (  570116.182049162,   6146673.89122543)",BV JOSE BATLLE Y ORDOÑEZ 7090 (*) CUMPLE CRITERIOS?,0
2026-04-25,G_108,16,S,100,,S,,55163,Matutino,2026-04-25 08:02:33,3,129069,"POINT (  570244.392400589,   6146574.44541732)",CALLE A Esq. BV JOSE BATLLE Y ORDOÑEZ VEREDA,0
2026-04-25,G_108,17,S,75,,S,,55163,Matutino,2026-04-25 08:04:53,3,129052,"POINT (  570429.468397993,   6146445.79635669)",BV JOSE BATLLE Y ORDOÑEZ 6879 VEREDA. MURETE,0
2026-04-25,G_108,18,S,75,,S,,55163,Matutino,2026-04-25 06:53:50,3,183428,"POINT (  570333.500543771,   6146327.82824646)",SABIA 5623,0
2026-04-25,G_108,19,N,,Contenedor Volcado,S,,55163,Matutino,2026-04-25 11:40:37,,129154,"POINT (  570198.175134281,   6146391.28358306)",SABIA Esq. PSJE CENTRAL - 5179 FTE 5651,0
2026-04-25,G_108,20,S,100,,S,"Basura Afuera, Requiere Limpieza",55163,Matutino,2026-04-25 06:57:27,3,180213,"POINT (  570196.781390785,   6146391.72754619)",SABIA Esq. PSJE CENTRAL - 5179 FTE 5651,0
2026-04-25,G_108,21,S,100,,S,,55163,Matutino,2026-04-25 07:01:30,3,129053,"POINT (  570094.469820976,   6146337.70304570)",GOLONDRINA Esq. PSJE B PDO 5663. MURO,0
2026-04-25,G_108,22,S,100,,S,,55163,Matutino,2026-04-25 07:02:48,3,129070,"POINT (  570121.354554221,   6146314.79492816)",GOLONDRINA 5657 REJAS,0
2026-04-25,G_108,23,S,100,,S,,55163,Matutino,2026-04-25 07:06:12,3,129071,"POINT (  570234.329056975,   6146261.72116096)",GOLONDRINA 5641 MURO,0
2026-04-25,G_108,24,S,100,,S,,55163,Matutino,2026-04-25 07:07:49,3,183426,"POINT (  570291.497176768,   6146225.21881885)",GOLONDRINA 5615,0
2026-04-25,G_108,25,S,100,,S,,55163,Matutino,2026-04-25 07:11:39,3,129134,"POINT (  570292.682216449,   6146463.57146380)",CARDENAL 1120 BALDIO,0
2026-04-25,G_108,26,S,75,,S,,55163,Matutino,2026-04-25 07:11:46,3,129152,"POINT (  570312.468525662,   6146505.41667516)",CARDENAL 1141 FTE 1141. MURO,0
2026-04-25,G_108,27,N,,Contenedor No Está,S,,55163,Matutino,2026-04-25 11:41:20,,180847,"POINT (  570142.069194416,   6146641.29946928)",BV JOSE BATLLE Y ORDOÑEZ Esq. FRANCISCO ALVAREZ,0
2026-04-25,G_108,28,N,,Contenedor No Está,N,,55163,Matutino,2026-04-25 07:20:09,,180556,"POINT (  570090.106255991,   6146543.83879826)",PICAFLOR 7006,0
2026-04-25,G_108,29,S,100,,S,,55163,Matutino,2026-04-25 07:20:22,3,180557,"POINT (  570149.351258170,   6146503.53870958)",PICAFLOR 1,0
2026-04-25,G_108,30,S,75,,S,,55163,Matutino,2026-04-25 07:22:39,3,176676,"POINT (  570173.317032596,   6146486.72127005)",PICAFLOR Esq. CALLE A EN 6325,0
2026-04-25,G_108,31,N,,Contenedor No Está,N,,55163,Matutino,2026-04-25 11:41:34,,129068,"POINT (  570186.501648923,   6146470.21044353)",PICAFLOR 6317 VEREDA,0
2026-04-25,G_108,32,S,100,,S,,55163,Matutino,2026-04-25 07:22:50,3,183427,"POINT (  570309.258119529,   6146380.94272458)",PICAFLOR 6290,0
2026-04-25,G_108,33,S,100,,S,,55163,Matutino,2026-04-25 07:27:57,3,129158,"POINT (  569675.868271301,   6146554.12712009)",CNO ARIEL 5847,0
2026-04-25,G_108,34,S,100,,S,,55163,Matutino,2026-04-25 07:29:17,3,129054,"POINT (  569813.693030544,   6146449.64725166)",CNO ARIEL 5765 MURO,0
2026-04-25,G_108,35,S,100,,S,,55163,Matutino,2026-04-25 07:31:30,3,129057,"POINT (  570050.487704201,   6146280.81683635)",CNO ARIEL 5702 VEREDA. FTE 5724,0
2026-04-25,G_108,36,S,100,,S,,55163,Matutino,2026-04-25 07:33:59,3,129114,"POINT (  570168.723528853,   6146271.90720963)",HUBER CHEDA 1016 FTE - MURO,0
2026-04-25,G_108,37,S,100,,S,,55163,Matutino,2026-04-25 07:36:32,3,180081,"POINT (  570194.172270056,   6146123.17825424)",CALLE 2 DE 17 MTS Esq. CALLE 4 DE 15 MTS ESQUINA,0
2026-04-25,G_108,38,N,,Contenedor No Está,N,,55163,Matutino,2026-04-25 07:37:12,,129144,"POINT (  570060.273138663,   6146144.43043519)",CALLE 5 DE 15 MTS Esq. CALLE 3 DE 17 MTS FTE 5643,0
2026-04-25,G_108,39,S,100,,S,,55163,Matutino,2026-04-25 07:38:29,3,129146,"POINT (  570101.179864787,   6146212.92541847)",CALLE 3 DE 17 MTS Esq. CNO ARIEL VEREDA. FTE 997,0
2026-04-25,G_108,40,S,100,,S,,55163,Matutino,2026-04-25 07:40:04,3,129135,"POINT (  570132.097739184,   6146215.77937611)",CNO ARIEL 5641 EN 5639. REBAJE/REBAJE,0
2026-04-25,G_108,41,S,100,,S,,55163,Matutino,2026-04-25 07:41:59,3,129115,"POINT (  570261.001492436,   6146112.08558198)",CONFEDERADA Esq. CNO ARIEL FTE ESCUELA. BALDIO,0
2026-04-25,G_108,42,S,100,,S,,55163,Matutino,2026-04-25 07:43:40,3,129116,"POINT (  570178.236720975,   6145998.40293612)",CONFEDERADA 951 VEREDA,0
2026-04-25,G_108,43,S,75,,S,,55163,Matutino,2026-04-25 07:45:24,3,129117,"POINT (  570029.355264267,   6146096.86447459)",PIRIBEBUY Esq. CALLE 7 DE 12 MTS,0
2026-04-25,G_108,44,S,75,,S,,55163,Matutino,2026-04-25 07:47:09,3,129145,"POINT (  569977.984026809,   6146247.64856972)",CALLE 8 DE 12 MTS DE ANCHO Esq. CIRC INT SIN DENOM,0
2026-04-25,G_108,45,S,100,,S,,55163,Matutino,2026-04-25 07:49:25,3,129118,"POINT (  569879.422391080,   6146360.60293831)",ALFREDO MARIO FERREIRO Esq. CNO ARIEL EN 5745,0
2026-04-25,G_108,46,S,100,,S,,55163,Matutino,2026-04-25 07:53:00,3,129061,"POINT (  569844.471235704,   6146315.94312866)",ALFREDO MARIO FERREIRO Esq. CNO ARIEL FTE 5233,0
2026-04-25,G_108,47,S,100,,S,,55163,Matutino,2026-04-25 07:54:23,3,129062,"POINT (  569807.578349473,   6146265.45812645)",ALFREDO MARIO FERREIRO Esq. PSJE PLA AL SUR DE A SOTO FTE 5233E,0
2026-04-25,G_108,48,S,75,,S,,55163,Matutino,2026-04-25 07:54:29,3,129147,"POINT (  569688.423402736,   6146179.12747718)",ALFREDO MARIO FERREIRO 917 EN 919,0
2026-04-25,G_108,49,N,,No Levantado por Feria,S,,55163,Matutino,2026-04-25 11:42:21,,129159,"POINT (  569529.910837319,   6146249.92427962)",EUGENIO ALSINA 905 ANTES 912. CERCO CHAPA,0
2026-04-25,G_108,50,N,,No Levantado por Feria,S,,55163,Matutino,2026-04-25 07:55:58,,129072,"POINT (  569692.350735259,   6146235.55282607)",JULIO CESAR PUPPO 5762 MURO,0
2026-04-25,G_108,51,N,,No Levantado por Feria,S,,55163,Matutino,2026-04-25 07:56:07,,129119,"POINT (  569538.944317935,   6146341.27020562)",JULIO CESAR PUPPO 5830 5830/5828,0
2026-04-25,G_108,76,S,100,,S,,55163,Matutino,2026-04-25 08:11:17,3,129098,"POINT (  571123.182167893,   6145314.39297534)",PIRIBEBUY 2 FTE 5039,1
2026-04-25,G_108,77,S,100,,S,,55163,Matutino,2026-04-25 08:19:40,3,129100,"POINT (  570999.065097883,   6145409.52065309)",PIRIBEBUY 5108,1
2026-04-25,G_108,78,S,100,,S,,55163,Matutino,2026-04-25 08:23:49,3,129080,"POINT (  570884.314649073,   6145493.67098221)",PIRIBEBUY 5144 VEREDA,1
2026-04-25,G_108,79,N,,Auto,S,,55163,Matutino,2026-04-25 11:44:05,,180496,"POINT (  570795.421288235,   6145477.64231569)",GABITO 919 PDO 919,1
2026-04-25,G_108,80,S,100,,S,,55163,Matutino,2026-04-25 09:20:34,3,129124,"POINT (  570808.674967487,   6145408.48865660)",SAUCE 5141 EN 5143,1
2026-04-25,G_108,81,S,100,,S,,55163,Matutino,2026-04-25 09:22:11,3,129095,"POINT (  570918.628565873,   6145326.49507067)",SAUCE 5105,1
2026-04-25,G_108,82,S,100,,S,,55163,Matutino,2026-04-25 09:23:51,3,129097,"POINT (  571007.285783645,   6145263.33765254)",SAUCE 5081 EN 5081,1
2026-04-25,G_108,83,S,100,,S,,55163,Matutino,2026-04-25 09:25:43,3,129094,"POINT (  571085.765436984,   6145206.79486019)",SAUCE 5039,1
2026-04-25,G_108,84,N,,Contenedor No Está,S,,55163,Matutino,2026-04-25 11:44:16,,129104,"POINT (  571113.815546693,   6145075.46934655)",AV MILLAN 5020 VEREDA,1
2026-04-25,G_108,85,S,100,,N,,55163,Matutino,2026-04-25 09:27:14,3,129102,"POINT (  571160.990731204,   6145150.69464077)",SAUCE 5009 VEREDA,1
2026-04-25,G_108,86,N,,Contenedor No Está,N,,55163,Matutino,2026-04-25 09:30:37,,129099,"POINT (  570866.101752788,   6145255.80912458)",AV MILLAN 5110 EN 5110,1
2026-04-25,G_108,87,S,100,,S,,55163,Matutino,2026-04-25 09:30:46,3,129101,"POINT (  570779.969682921,   6145321.12504456)",AV MILLAN 5220 EN 5224,1
2026-04-25,G_108,88,S,75,,S,Basura Afuera,55163,Matutino,2026-04-25 09:34:19,3,180289,"POINT (  570673.569610893,   6145518.76324161)",CARAFI 945 FTE 939.,1
2026-04-25,G_108,89,S,100,,S,Basura Afuera,55163,Matutino,2026-04-25 09:34:35,3,179120,"POINT (  570675.067292605,   6145521.54373014)",CARAFI 945 FTE 939,1
2026-04-25,G_108,90,S,100,,S,Basura Afuera,55163,Matutino,2026-04-25 09:37:32,3,180384,"POINT (  570695.053308497,   6145630.03244837)",PIRIBEBUY 5262,1
2026-04-25,G_108,91,S,100,,S,,55163,Matutino,2026-04-25 09:39:21,3,129126,"POINT (  570641.491060438,   6145669.04041831)",PIRIBEBUY 5286 VEREDA,1
2026-04-25,G_108,92,S,100,,S,,55163,Matutino,2026-04-25 09:41:51,3,129081,"POINT (  570542.553862370,   6145770.83157402)",HECTOR SUPPICI SEDES 955,1
2026-04-25,G_108,93,S,100,,S,,55163,Matutino,2026-04-25 09:43:43,3,129125,"POINT (  570539.224245127,   6145891.64911396)",HECTOR SUPPICI SEDES 995,1
2026-04-25,G_108,94,S,100,,S,Basura Afuera,55163,Matutino,2026-04-25 09:56:52,3,129088,"POINT (  570664.393897246,   6145826.14794715)",CNO ARIEL 5345 5345/5347,1
2026-04-25,G_108,95,S,100,,S,,55163,Matutino,2026-04-25 09:58:24,3,135192,"POINT (  570704.308419622,   6145797.29407555)",CNO ARIEL 5299,1
2026-04-25,G_108,96,S,100,,S,Basura Afuera,55163,Matutino,2026-04-25 10:01:05,3,129131,"POINT (  570884.124144421,   6145665.84866050)",CNO ARIEL 5207,1
2026-04-25,G_108,97,S,100,,S,,55163,Matutino,2026-04-25 10:04:07,3,129129,"POINT (  570917.987368726,   6145674.34452270)",OLAZABAL 1008,1
2026-04-25,G_108,98,S,100,,S,Basura Afuera,55163,Matutino,2026-04-25 10:05:56,3,129130,"POINT (  571017.991519720,   6145812.46694077)",OLAZABAL 1060 EN 1058/1060,1
2026-04-25,G_108,99,S,100,,S,Basura Afuera,55163,Matutino,2026-04-25 10:09:47,3,129089,"POINT (  571099.802588679,   6145925.21496858)",OLAZABAL 1124,1
2026-04-25,G_108,100,N,,Contenedor No Está,N,,55163,Matutino,2026-04-25 10:10:10,,182292,"POINT (  571103.663403704,   6145929.32621111)","OLAZABAL 1124 PROV OBRA , BV JOSE BATLLE Y ORDO¿æEZ 6499",1
2026-04-25,G_108,101,S,100,,S,,55163,Matutino,2026-04-25 10:12:24,3,129132,"POINT (  570966.489615193,   6145995.18404574)",CARAFI 1142 VEREDA. FTE 1142,1
2026-04-25,G_108,102,S,100,,S,Basura Afuera,55163,Matutino,2026-04-25 10:14:42,3,129082,"POINT (  570834.432230543,   6145816.59186862)",CARAFI 1023 CERCO,1
2026-04-25,G_108,103,S,100,,S,,55163,Matutino,2026-04-25 09:46:05,3,129083,"POINT (  570776.523248257,   6145874.11750868)",MARIA ADELA BONAVITA Esq. PSJE N2 EN 5268,1
2026-04-25,G_108,104,S,100,,S,,55163,Matutino,2026-04-25 10:17:43,3,129136,"POINT (  571068.551269330,   6145533.57724048)",CNO ARIEL 5151,1
2026-04-25,G_108,105,S,100,,S,,55163,Matutino,2026-04-25 09:47:24,3,129086,"POINT (  570831.906651795,   6145948.97727555)",MARIA ADELA BONAVITA Esq. PSJE SOFIA ARZARELLO ANTES ARBOL,1
2026-04-25,G_108,106,S,75,,S,,55163,Matutino,2026-04-25 09:49:49,3,179200,"POINT (  570801.525827760,   6145993.43225558)",PSJE SOFIA ARZARELLO 5287 FTE 5291,1
2026-04-25,G_108,107,N,,Contenedor No Está,S,,55163,Matutino,2026-04-25 11:44:37,,180385,"POINT (  570758.738371024,   6146025.02243028)",PSJE SOFIA ARZARELLO 5305 FTE 5311,1
2026-04-25,G_108,108,S,100,,S,Basura Afuera,55163,Matutino,2026-04-25 09:53:07,3,129084,"POINT (  570654.997869213,   6145964.40178312)",MERCEDES PINTO 1037,1
2026-04-25,G_108,109,S,100,,S,,55163,Matutino,2026-04-25 09:54:34,3,129085,"POINT (  570661.872748958,   6145903.21535340)",LAURA CORTINAS 5305 EN 5305/5311,1
2026-04-25,G_108,110,S,100,,S,,55163,Matutino,2026-04-25 10:19:39,3,129143,"POINT (  571080.462408000,   6145525.98803372)",CNO ARIEL 5147,1
2026-04-25,G_108,111,S,100,,S,,55163,Matutino,2026-04-25 10:22:40,3,129133,"POINT (  571209.892369714,   6145430.28885877)",CNO ARIEL 5108 VEREDA. FTE 5108,1
2026-04-25,G_108,112,N,,Contenedor No Está,N,,55163,Matutino,2026-04-25 11:45:09,,129138,"POINT (  571255.859544529,   6145563.00614304)",AV GRAL EUGENIO GARZON 1077,1
2026-04-25,G_110,1,S,100,,N,Basura Afuera,55164,Matutino,2026-04-25 07:49:41,,129374,"POINT (  569802.197748753,   6148059.09220353)",PSJE A Esq. CARLOS OTT PLAZA,0
2026-04-25,G_110,2,S,100,,N,Basura Afuera,55164,Matutino,2026-04-25 07:49:56,,129373,"POINT (  569831.756129739,   6148015.65823825)",PSJE 9 DE SETIEMBRE Esq. ISAAC ALBENIZ FTE 38. SOLAR CON RETIRO,0
2026-04-25,G_110,3,S,50,,S,,55164,Matutino,2026-04-25 07:50:08,,129405,"POINT (  569923.954914589,   6148041.44086553)",DR VALENTIN ALVAREZ Esq. CALLE C EN 5933,0
2026-04-25,G_110,4,S,50,,S,,55164,Matutino,2026-04-25 07:50:14,,129369,"POINT (  570266.765372105,   6147885.23171521)",BRIG GRAL ANACLETO MEDINA Esq. PSJE J - 8524 SEGUNDO PADRON,0
2026-04-25,G_110,5,S,50,,S,Basura Afuera,55164,Matutino,2026-04-25 07:50:21,,129379,"POINT (  570367.745764262,   6147809.90491782)",BRIG GRAL ANACLETO MEDINA Esq. PSJE G EN 1753. PDO BT,0
2026-04-25,G_110,6,S,100,,S,"Basura Afuera, Requiere Limpieza",55164,Matutino,2026-04-25 07:50:36,,129377,"POINT (  570412.408073631,   6147776.46265203)",BRIG GRAL ANACLETO MEDINA Esq. PSJE K - 8533 EN 1731,0
2026-04-25,G_110,7,S,100,,S,"Basura Afuera, Poda, Requiere Limpieza",55164,Matutino,2026-04-25 07:58:31,,129378,"POINT (  570477.549685831,   6147726.62605072)",BRIG GRAL ANACLETO MEDINA Esq. PSJE 8531 EN 5785,0
2026-04-25,G_110,8,S,100,,S,Basura Afuera,55164,Matutino,2026-04-25 08:01:19,,180231,"POINT (  570515.937498524,   6147802.36935778)",CALDERON DE LA BARCA 1766 EN 1774,0
2026-04-25,G_110,9,S,100,,S,"Basura Afuera, Poda",55164,Matutino,2026-04-25 08:08:54,,180430,"POINT (  570480.584332244,   6147542.27814183)",PSJE R Esq. CNO LECOCQ PROV (O: CNO LECOCQ),0
2026-04-25,G_110,10,S,100,,S,Basura Afuera,55164,Matutino,2026-04-25 08:09:41,,129422,"POINT (  570477.096499660,   6147545.07053962)",PSJE R Esq. CNO LECOCQ MURO CIEGO. PDO CERCO VEGETAL,0
2026-04-25,G_110,11,S,100,,S,Dos Ciclos,55164,Matutino,2026-04-25 08:22:21,,129428,"POINT (  570331.089990841,   6147609.25132306)",PSJE E Esq. PSJE 10 MTS PLAZA,0
2026-04-25,G_110,12,N,,Contenedor No Está,N,,55164,Matutino,2026-04-25 08:22:09,,129370,"POINT (  570244.715898033,   6147522.93613630)",CALLE D Esq. PSJE E FTE 1872,0
2026-04-25,G_110,13,,,,N,,55164,Matutino,,,129413,"POINT (  570319.379751190,   6147530.65655181)",PSJE I Esq. PSJE E EN 1515. MURO CIEGO,0
2026-04-25,G_110,14,S,100,,S,"Basura Afuera, Requiere Limpieza",55164,Matutino,2026-04-25 08:23:09,,129439,"POINT (  570289.829898521,   6147566.92736712)",PSJE I Esq. PSJE E,0
2026-04-25,G_110,15,S,100,,S,"Basura Afuera, Requiere Limpieza",55164,Matutino,2026-04-25 08:24:06,,174572,"POINT (  570288.692242094,   6147568.12190637)",PSJE I Esq. PSJE E,0
2026-04-25,G_110,16,S,100,,S,,55164,Matutino,2026-04-25 08:25:16,,174592,"POINT (  570249.073356997,   6147610.32895984)",PSJE I Esq. CALLE F EN 1654,0
2026-04-25,G_110,17,N,,"Contenedor Roto (choque, desfonde, etc.)",S,"Basura Afuera, Requiere Limpieza",55164,Matutino,2026-04-25 08:29:12,,129427,"POINT (  570180.490862301,   6147688.98988514)",PSJE I Esq. PSJE G EN 1697 BIS. MURO CIEGO,0
2026-04-25,G_110,18,S,100,,S,"Basura Afuera, Poda, Requiere Limpieza",55164,Matutino,2026-04-25 08:33:21,,129440,"POINT (  570160.174220761,   6147735.00678437)",PSJE H Esq. PSJE I EN 1647/1645,0
2026-04-25,G_110,19,S,100,,S,"Basura Afuera, Requiere Limpieza",55164,Matutino,2026-04-25 08:35:38,,129380,"POINT (  570277.672823071,   6147729.99160013)",PSJE H1 Esq. PSJE G EN 1667. FTE MURO CIEGO,0
2026-04-25,G_110,20,N,,Contenedor No Está,S,,55164,Matutino,2026-04-25 10:23:22,,129382,"POINT (  570425.479969055,   6147667.47572392)",PSJE 8531 Esq. PSJE E EN1525. BT/REBAJE,0
2026-04-25,G_110,21,S,50,,S,,55164,Matutino,2026-04-25 10:27:01,,181627,"POINT (  570452.949862005,   6147496.28286271)",CNO LECOCQ 1503,0
2026-04-25,G_110,22,S,100,,N,,55164,Matutino,2026-04-25 10:32:31,,180884,"POINT (  570348.746592179,   6147361.89660335)",CNO LECOCQ 1425,0
2026-04-25,G_110,23,N,,Otros,S,,55164,Matutino,2026-04-25 10:32:56,,129438,"POINT (  570292.001920913,   6147349.55405241)",ISAAC ALBENIZ Esq. PSJE A FTE 1042. ANTES SUB ESTACION,0
2026-04-25,G_110,24,,,,S,,55164,Matutino,,,129406,"POINT (  570266.368412940,   6147383.55830352)",ISAAC ALBENIZ Esq. PSJE B EN 1505. MURO,0
2026-04-25,G_110,25,,,,S,,55164,Matutino,,,129385,"POINT (  570237.921245751,   6147420.21440218)",ISAAC ALBENIZ Esq. PSJE C EN 1511. FTE 1022,0
2026-04-25,G_110,26,,,,S,,55164,Matutino,,,129386,"POINT (  570202.698240977,   6147458.10999761)",ISAAC ALBENIZ Esq. PSJE D EN 1521. PDO BT,0
2026-04-25,G_110,27,,,,S,,55164,Matutino,,,129414,"POINT (  570173.192387355,   6147492.91145377)",ISAAC ALBENIZ Esq. PSJE E EN 1529. FTE CERCO VEGETAL,0
2026-04-25,G_110,28,,,,S,,55164,Matutino,,,129415,"POINT (  570105.000666223,   6147571.88748863)",ISAAC ALBENIZ Esq. PSJE G MURO CIEGO,0
2026-04-25,G_110,29,,,,S,,55164,Matutino,,,129388,"POINT (  570103.148814371,   6147574.06613786)",ISAAC ALBENIZ Esq. PSJE G MURO CIEGO,0
2026-04-25,G_110,30,,,,S,,55164,Matutino,,,129447,"POINT (  570037.571472323,   6147655.32975442)",ISAAC ALBENIZ Esq. PSJE H FTE 1342,0
2026-04-25,G_110,31,,,,S,,55164,Matutino,,,129410,"POINT (  569926.609925925,   6147823.13073611)",ISAAC ALBENIZ Esq. PSJE K EN 6927,0
2026-04-25,G_110,32,,,,N,,55164,Matutino,,,129425,"POINT (  569887.244674937,   6147881.47354527)",ISAAC ALBENIZ Esq. PSJE L EN 6939. MURO,0
2026-04-25,G_110,33,,,,S,,55164,Matutino,,,129426,"POINT (  569831.321425271,   6147955.67489115)",ISAAC ALBENIZ Esq. CALLE 12 MTS,0
2026-04-25,G_110,34,,,,S,,55164,Matutino,,,129448,"POINT (  569875.915698902,   6147963.60862152)",CALLE 12 MTS Esq. PSJE LATERAL FTE 6914,0
2026-04-25,G_110,35,,,,S,,55164,Matutino,,,180328,"POINT (  569905.963404156,   6147954.20778664)",CALLE 12 MTS Esq. PSJE LATERAL ESQ,0
2026-04-25,G_110,36,,,,N,,55164,Matutino,,,129433,"POINT (  570047.375393891,   6147868.94631215)",PSJE I 1741 FTE 1798,0
2026-04-25,G_110,37,,,,N,,55164,Matutino,,,181152,"POINT (  569968.307590632,   6147769.43749325)",PSJE J - 8523 Esq. ISAAC ALBENIZ ESQ ISAAC ALBENIZ,0
2026-04-25,G_110,38,,,,N,,55164,Matutino,,,129412,"POINT (  569859.263166065,   6147695.60176531)",CNO ROGELIO GORGOROSO 5971 FTE 1298,0
2026-04-25,G_110,39,,,,S,,55164,Matutino,,,129434,"POINT (  569929.837267530,   6147586.48443851)",CNO ROGELIO GORGOROSO 4 FTE 1320,0
2026-04-25,G_110,40,,,,S,,55164,Matutino,,,129409,"POINT (  570034.194566005,   6147446.83302239)",CNO ROGELIO GORGOROSO Esq. PSJE F,0
2026-04-25,G_110,41,,,,S,,55164,Matutino,,,129411,"POINT (  570094.761014806,   6147367.74805507)",CNO ROGELIO GORGOROSO Esq. PSJE D EN 1/2.,0
2026-04-25,G_110,42,,,,S,,55164,Matutino,,,129407,"POINT (  570116.470472341,   6147340.24013881)",CNO ROGELIO GORGOROSO Esq. PSJE C,0
2026-04-25,G_110,43,,,,S,,55164,Matutino,,,129408,"POINT (  570143.695758242,   6147304.41739420)",CNO ROGELIO GORGOROSO Esq. PSJE B,0
2026-04-25,G_110,44,,,,S,,55164,Matutino,,,129389,"POINT (  570175.153171669,   6147264.26221628)",CNO ROGELIO GORGOROSO Esq. PSJE A,0
2026-04-25,G_110,45,,,,S,,55164,Matutino,,,129432,"POINT (  570221.558400427,   6147206.52801149)",CNO ROGELIO GORGOROSO Esq. CNO LECOCQ,0
2026-04-25,G_110,46,,,,S,,55164,Matutino,,,129391,"POINT (  570640.269183088,   6147684.89773881)",CNO LECOCQ 1618,0
2026-04-25,G_110,47,,,,S,,55164,Matutino,,,181548,"POINT (  570797.981642484,   6147671.26359477)",CHECOESLOVAQUIA 5459,0
2026-04-25,G_110,48,,,,S,,55164,Matutino,,,181549,"POINT (  570888.189689542,   6147602.59201416)",CHECOESLOVAQUIA 5437,0
2026-04-25,G_110,49,,,,S,,55164,Matutino,,,129416,"POINT (  571008.033087742,   6147548.00784097)",DR TEOFILO DIAZ 1654,0
2026-04-25,G_110,50,,,,N,,55164,Matutino,,,159892,"POINT (  571213.708456641,   6147533.25188184)",CNO CASAVALLE 5493 VEREDA,0
2026-04-25,G_110,51,,,,S,,55164,Matutino,,,129454,"POINT (  571204.627866402,   6147386.37333473)",CHECOESLOVAQUIA 5322,0
2026-04-25,G_110,52,,,,S,,55164,Matutino,,,129451,"POINT (  571086.432091286,   6147410.88579129)",NUEVA CALIFORNIA 1639 PDO ESQ. MURO CIEGO,0
2026-04-25,G_110,53,,,,S,,55164,Matutino,,,129452,"POINT (  571068.646027583,   6147313.27458331)",BV APARICIO SARAVIA 5385,0
2026-04-25,G_110,54,,,,S,,55164,Matutino,,,129456,"POINT (  571130.394041204,   6147270.14177968)",BV APARICIO SARAVIA 5353 EN 5335,0
2026-04-25,G_110,55,,,,S,,55164,Matutino,,,143192,"POINT (  571196.861803486,   6147221.17197451)",BV APARICIO SARAVIA 5343 EN 5343,0
2026-04-25,G_110,56,,,,S,,55164,Matutino,,,129435,"POINT (  571226.382500654,   6147201.23733399)",BV APARICIO SARAVIA 5323 VEREDA,0
2026-04-25,G_110,57,,,,S,,55164,Matutino,,,129376,"POINT (  571275.683485017,   6147007.48570703)",ROQUE SAENZ PEÑA 5305,0
2026-04-25,G_110,58,,,,S,,55164,Matutino,,,129419,"POINT (  571191.318818980,   6147069.42963556)",ROQUE SAENZ PEÑA 5354 FTE 5327,0
2026-04-25,G_110,59,,,,S,,55164,Matutino,,,129421,"POINT (  571070.689160386,   6147157.99649023)",ROQUE SAENZ PEÑA 5438 ESQ,0
2026-04-25,G_110,60,,,,S,,55164,Matutino,,,129417,"POINT (  570975.237236120,   6147228.43306446)",ROQUE SAENZ PEÑA 5444 ESQ,0
2026-04-25,G_110,61,,,,S,,55164,Matutino,,,129453,"POINT (  570904.741373780,   6147144.37560488)",PEDRO DE VALDIVIA Esq. NUEVA CALIFORNIA ESQ,0
2026-04-25,G_110,62,,,,N,,55164,Matutino,,,129462,"POINT (  570991.545280109,   6147079.62216306)",PEDRO DE VALDIVIA 5443 ESQ,0
2026-04-25,G_110,63,,,,N,,55164,Matutino,,,129393,"POINT (  571092.255562202,   6147005.66958898)",PEDRO DE VALDIVIA 5385 FTE 5384. CERCO VEGETAL,0
2026-04-25,G_110,64,,,,S,,55164,Matutino,,,129459,"POINT (  571276.137514529,   6146867.41760261)",PEDRO DE VALDIVIA 5315,0
2026-04-25,G_110,65,,,,S,,55164,Matutino,,,129395,"POINT (  571281.013060922,   6146864.55983295)",PEDRO DE VALDIVIA 5315,0
2026-04-25,G_110,66,,,,S,,55164,Matutino,,,129397,"POINT (  571261.154540635,   6146728.48457196)",CNO EDISON 5262 MURO CIEGO,0
2026-04-25,G_110,67,,,,S,,55164,Matutino,,,180252,"POINT (  571256.937627684,   6146731.38447797)",CNO EDISON 5262 PROV A,0
2026-04-25,G_110,68,,,,S,,55164,Matutino,,,129464,"POINT (  571208.033087741,   6146767.64461736)",CNO EDISON 5317 FTE 5317. MURO TEJIDO,0
2026-04-25,G_110,69,,,,S,,55164,Matutino,,,129465,"POINT (  571139.020601929,   6146817.36084892)",CNO EDISON Esq. AMERICA VEREDA. FTE 5363,0
2026-04-25,G_110,70,,,,S,,55164,Matutino,,,129399,"POINT (  571017.908229625,   6146906.35063325)",CNO EDISON 5416,0
2026-04-25,G_110,71,,,,S,,55164,Matutino,,,129400,"POINT (  570958.929192130,   6146956.29258039)",CNO EDISON 5438 EN 5438/5434,0
2026-04-25,G_110,72,,,,S,,55164,Matutino,,,129401,"POINT (  570861.949092281,   6147025.76039488)",CNO EDISON 5514 FTE 5515. MURO BAJO,0
2026-04-25,G_110,73,,,,S,,55164,Matutino,,,129467,"POINT (  570747.987684789,   6147106.12361849)",CNO EDISON Esq. NUEVA ERA CARTEL,0
2026-04-25,G_110,74,,,,S,,55164,Matutino,,,129468,"POINT (  570657.230378325,   6147174.41266875)",CNO EDISON 5657,0
2026-04-25,G_110,75,,,,S,,55164,Matutino,,,129402,"POINT (  570622.575784847,   6147199.89398748)",CNO EDISON Esq. PSJE MARIO ORRICO,0
2026-04-25,G_110,76,,,,S,,55164,Matutino,,,129466,"POINT (  570520.745914073,   6147273.88752315)",CNO EDISON 5753,0
2026-04-25,G_110,77,,,,S,,55164,Matutino,,,180667,"POINT (  570456.924438225,   6147320.54036269)",CNO EDISON Esq. DR ENRIQUE BADARACCO LINDERO,0
2026-04-25,G_110,78,,,,S,,55164,Matutino,,,129444,"POINT (  570398.680581760,   6147363.84354874)",CNO EDISON 5841,0
2026-04-25,G_110,79,,,,S,,55164,Matutino,,,129372,"POINT (  570403.434813535,   6147388.20898658)",CNO LECOCQ 1455,0
2026-04-25,G_110,80,,,,S,,55164,Matutino,,,129449,"POINT (  570442.909162954,   6147440.07920975)",PSJE A 2,0
2026-04-25,G_110,81,,,,S,,55164,Matutino,,,181550,"POINT (  570511.007614161,   6147527.26248214)",PSJE EDISON CANTERO 14,0
2026-04-25,G_110,82,,,,S,,55164,Matutino,,,183166,"POINT (  570514.651277996,   6147529.92571329)",PSJE EDISON CANTERO 14,0
2026-04-25,G_110,83,,,,N,,55164,Matutino,,,129450,"POINT (  570518.340117647,   6147535.86582941)",CNO LECOCQ Esq. PSJE EDISON CANTERO MURO. FTE 1537. ESQ. PSEJ B,0
2026-04-25,G_110,84,,,,S,,55164,Matutino,,,182084,"POINT (  570560.894313072,   6147587.01982201)",CIRC INT 17 METROS Esq. CNO LECOCQ,0
2026-04-25,G_110,85,,,,S,,55164,Matutino,,,182085,"POINT (  570563.399759695,   6147590.06993094)",CIRC INT 17 METROS Esq. CNO LECOCQ,0
2026-04-25,G_110,86,,,,S,,55164,Matutino,,,129392,"POINT (  570568.181494109,   6147598.46700931)",CNO LECOCQ 1556,0
2026-04-25,G_110,87,,,,S,,55164,Matutino,,,129469,"POINT (  570627.896878886,   6147618.04189318)",BV APARICIO SARAVIA 5765 EN 5819. 1ER SALIDA VIVIENDAS,0
2026-04-25,G_110,88,,,,S,,55164,Matutino,,,129443,"POINT (  570655.819693869,   6147597.61056514)",BV APARICIO SARAVIA 5814 EN 5797,0
2026-04-25,G_110,89,,,,S,,55164,Matutino,,,129424,"POINT (  570687.601759703,   6147574.22804528)",BV APARICIO SARAVIA 5796 FTE 5796. PDO SALIDA VEHICULAR,0
2026-04-25,G_110,90,,,,N,,55164,Matutino,,,129457,"POINT (  570735.988824972,   6147548.97759603)",BV APARICIO SARAVIA Esq. CNEL JOSE MARIA NAVAJAS EN 5765,0
2026-04-25,G_110,91,,,,S,,55164,Matutino,,,177290,"POINT (  570748.928666061,   6147539.44297628)",BV APARICIO SARAVIA 5445,0
2026-04-25,G_110,92,,,,S,,55164,Matutino,,,129461,"POINT (  570845.863966856,   6147475.42481510)",BV APARICIO SARAVIA Esq. PSJE MARIO ORRICO PDO SUB ESTACION,0
2026-04-25,G_110,93,,,,S,,55164,Matutino,,,129463,"POINT (  570850.858291487,   6147472.01959376)",BV APARICIO SARAVIA 5470 PDO SUB ESTACION,0
2026-04-25,G_110,94,,,,S,,55164,Matutino,,,129394,"POINT (  570898.702916303,   6147434.86125425)",BV APARICIO SARAVIA Esq. DR TEOFILO DIAZ,0
2026-04-25,G_110,95,,,,S,,55164,Matutino,,,152114,"POINT (  570876.450157639,   6147390.85850210)",DR TEOFILO DIAZ Esq. PSJE FROILAN AGUILAR,0
2026-04-25,G_110,96,,,,N,,55164,Matutino,,,129460,"POINT (  570841.715125956,   6147345.64713063)",DR TEOFILO DIAZ Esq. PSJE SAENZ PEÑA CERCO VEGETAL,0
2026-04-25,G_110,97,,,,N,,55164,Matutino,,,129398,"POINT (  570748.474636549,   6147254.42595017)",PEDRO DE VALDIVIA 5638,0
2026-04-25,G_110,98,,,,S,,55164,Matutino,,,129423,"POINT (  570656.760675142,   6147319.69269251)",PEDRO DE VALDIVIA Esq. PSJE JOSE LUIS PANIZZA,0
2026-04-25,G_111,1,S,75,,S,Requiere Limpieza,55165,Matutino,2026-04-25 07:15:50,,117211,"POINT (  573440.634762700,   6144328.90528214)",AV DE LAS INSTRUCCIONES 1173 EN 1170,0
2026-04-25,G_111,2,S,75,,S,Requiere Limpieza,55165,Matutino,2026-04-25 07:16:00,,117175,"POINT (  573478.731848764,   6144373.92911113)",AV DE LAS INSTRUCCIONES 1199 EN 1200,0
2026-04-25,G_111,3,S,75,,S,,55165,Matutino,2026-04-25 07:16:06,,117204,"POINT (  573506.438820447,   6144407.69698287)",AV DE LAS INSTRUCCIONES Esq. PSJE C EN 1248,0
2026-04-25,G_111,4,S,75,,S,,55165,Matutino,2026-04-25 07:16:22,,117168,"POINT (  573559.821158237,   6144473.62407454)",AV DE LAS INSTRUCCIONES 1228,0
2026-04-25,G_111,5,S,75,,S,,55165,Matutino,2026-04-25 07:16:33,,117154,"POINT (  573660.991771867,   6144589.09106310)",AV DE LAS INSTRUCCIONES 1326,0
2026-04-25,G_111,6,S,75,,S,,55165,Matutino,2026-04-25 07:16:40,,117155,"POINT (  573760.281973737,   6144704.49227943)",AV DE LAS INSTRUCCIONES 1404,0
2026-04-25,G_111,7,N,,Contenedor No Está,S,,55165,Matutino,2026-04-25 09:00:42,,117205,"POINT (  574321.939693502,   6144931.31767433)",BV APARICIO SARAVIA 4195,0
2026-04-25,G_111,8,S,75,,S,,55165,Matutino,2026-04-25 09:00:51,,117199,"POINT (  574586.149394658,   6144815.83979139)",BV APARICIO SARAVIA Esq. ING ARQ IGNACIO PEDRALBES EN 4124,0
2026-04-25,G_111,9,S,75,,S,,55165,Matutino,2026-04-25 09:00:57,,117198,"POINT (  574685.448365088,   6144771.20540569)",BV APARICIO SARAVIA Esq. PEDRO FUENTES EN 4128,0
2026-04-25,G_111,10,N,,Contenedor Volcado,S,,55165,Matutino,2026-04-25 07:42:03,,129350,"POINT (  569138.525025050,   6148166.39730773)",DOMINGO BASSO 6087 FTE 6076/6080,0
2026-04-25,G_111,11,S,50,,S,,55165,Matutino,2026-04-25 07:43:59,,129294,"POINT (  569419.529674547,   6148008.34221110)",DOMINGO BASSO 6029 EN 6031,0
2026-04-25,G_111,12,S,100,,S,Requiere Limpieza,55165,Matutino,2026-04-25 07:47:13,,137794,"POINT (  569458.722850133,   6147902.54468191)",CORNELIO GUERRA 1721,0
2026-04-25,G_111,13,S,75,,S,,55165,Matutino,2026-04-25 07:49:31,,129346,"POINT (  569394.122237613,   6147812.13588424)",ISOLICA 5954 BALDIO,0
2026-04-25,G_111,14,S,100,,S,,55165,Matutino,2026-04-25 07:49:50,,129272,"POINT (  569025.594177605,   6148015.07478114)",ISOLICA 6095 FTE 6099. MURO,0
2026-04-25,G_111,15,S,100,,S,,55165,Matutino,2026-04-25 07:49:41,,180156,"POINT (  569021.828847713,   6148016.80423050)",ISOLICA 6095 PROV (O: ISOLICA 6117),0
2026-04-25,G_111,16,S,75,,S,,55165,Matutino,2026-04-25 08:14:27,,180219,"POINT (  569590.470052381,   6148576.57840476)",VOLTA 6021 FTE 1918,0
2026-04-25,G_111,17,S,75,,S,,55165,Matutino,2026-04-25 08:14:40,,129349,"POINT (  569488.399949570,   6148511.26188894)",CORNELIO GUERRA 1870 EN 1875. CERCO,0
2026-04-25,G_111,18,S,75,,S,,55165,Matutino,2026-04-25 08:14:45,,137792,"POINT (  569513.219626525,   6148362.64778490)",CORNELIO GUERRA 1801,0
2026-04-25,G_111,19,S,75,,S,,55165,Matutino,2026-04-25 08:14:51,,145172,"POINT (  569344.941601371,   6148434.85491555)",LUIS LASAGNA 6090,0
2026-04-25,G_111,20,S,75,,S,,55165,Matutino,2026-04-25 08:14:15,,129347,"POINT (  569254.721178003,   6148671.64503695)",JUAN P LAMOLLE 1880 MURO,0
2026-04-25,G_111,21,S,75,,S,,55165,Matutino,2026-04-25 08:14:21,,181168,"POINT (  569500.086875381,   6148692.92330371)",AV LEZICA 6121,0
2026-04-25,G_111,22,S,75,,S,,55165,Matutino,2026-04-25 08:14:35,,129302,"POINT (  569418.689346429,   6148580.97249208)",GALILEO 1897 PDO COLUMNA,0
2026-04-25,G_111,23,S,75,,S,,55165,Matutino,2026-04-25 08:14:56,,129345,"POINT (  569323.510401844,   6148492.76665535)",GALILEO 1871 FTE 1866,0
2026-04-25,G_111,24,S,75,,S,,55165,Matutino,2026-04-25 08:15:10,,129351,"POINT (  569160.325728035,   6148613.99299091)",LUIS LASAGNA 6155 FTE 6155. MURO,0
2026-04-25,G_111,25,S,75,,S,,55165,Matutino,2026-04-25 08:15:14,,129352,"POINT (  569065.668999268,   6148712.77742628)",LUIS LASAGNA 6191 FTE 6183/6191,0
2026-04-25,G_111,26,S,75,,S,,55165,Matutino,2026-04-25 08:15:19,,129339,"POINT (  569171.466528458,   6148850.43443872)",NIÑA Esq. AV LEZICA MURO,0
2026-04-25,G_111,27,S,75,,S,,55165,Matutino,2026-04-25 08:15:26,,129319,"POINT (  569017.659362917,   6148979.71581340)",SANTA MARIA 1890,0
2026-04-25,G_111,28,S,75,,S,,55165,Matutino,2026-04-25 09:01:08,,129340,"POINT (  568879.561527468,   6148912.10958923)",LUIS LASAGNA 6260 EN 6260/6266,0
2026-04-25,G_111,29,S,75,,S,,55165,Matutino,2026-04-25 08:21:21,,129322,"POINT (  568808.148195266,   6148989.65436917)",LUIS LASAGNA 6292 CERCO,0
2026-04-25,G_111,30,S,75,,S,,55165,Matutino,2026-04-25 08:21:26,,181169,"POINT (  568801.009120915,   6149025.15455185)",PINTA 1860,0
2026-04-25,G_111,31,S,75,,S,,55165,Matutino,2026-04-25 08:21:32,,129321,"POINT (  568657.947763676,   6149172.39555595)",GUANAHANY 1854,0
2026-04-25,G_111,32,S,50,,S,,55165,Matutino,2026-04-25 08:30:05,,129341,"POINT (  568536.200455465,   6149279.99645209)",LUIS LASAGNA 6397 FTE 6399,0
2026-04-25,G_111,33,S,75,,S,,55165,Matutino,2026-04-25 08:30:12,,129353,"POINT (  568644.661270180,   6149397.06731161)",VERAGUAS 1893,0
2026-04-25,G_111,34,S,75,,S,,55165,Matutino,2026-04-25 08:30:20,,173152,"POINT (  568503.579550632,   6149542.72698291)",PEABODY 1887,0
2026-04-25,G_111,35,S,75,,S,,55165,Matutino,2026-04-25 08:30:26,,161832,"POINT (  568368.928149846,   6149458.52978262)",LUIS LASAGNA 6458,0
2026-04-25,G_111,36,S,50,,S,,55165,Matutino,2026-04-25 08:30:31,,145152,"POINT (  568315.067589532,   6149516.71842368)",LUIS LASAGNA 6488,0
2026-04-25,G_111,37,S,100,,S,,55165,Matutino,2026-04-25 08:58:42,,179063,"POINT (  568210.102895791,   6149629.72511957)",LUIS LASAGNA 6530,0
2026-04-25,G_111,38,S,100,,S,,55165,Matutino,2026-04-25 08:59:07,,129277,"POINT (  568267.218252467,   6149799.24591639)",MEDIODIA 1892,0
2026-04-25,G_111,39,S,100,,S,,55165,Matutino,2026-04-25 08:59:33,,150832,"POINT (  568371.182374954,   6149687.47666038)",LUIS MORANDI 1897,0
2026-04-25,G_111,40,S,100,,S,,55165,Matutino,2026-04-25 08:58:58,,156273,"POINT (  568135.852987058,   6149710.92100945)",LUIS LASAGNA 6551 FTE VIVIENDAS,0
2026-04-25,G_111,41,S,100,,S,,55165,Matutino,2026-04-25 08:59:15,,181605,"POINT (  568049.165507407,   6149803.73827843)",LUIS LASAGNA Esq. MESETA prov obra,0
2026-04-25,G_111,42,S,100,,S,,55165,Matutino,2026-04-25 08:59:20,,158152,"POINT (  568045.945124659,   6149806.57960875)",LUIS LASAGNA Esq. MESETA,0
2026-04-25,G_111,43,S,100,,S,,55165,Matutino,2026-04-25 09:00:04,,139073,"POINT (  567882.660263795,   6149790.87027866)",MONROE 1811,0
2026-04-25,G_111,44,S,100,,S,,55165,Matutino,2026-04-25 09:00:09,,181604,"POINT (  567840.592764052,   6149763.16325578)",MONROE 1809,0
2026-04-25,G_111,45,S,100,,S,,55165,Matutino,2026-04-25 08:59:51,,150632,"POINT (  567943.413693435,   6150013.28553888)",CNO AVIADORES CIVILES 1860 EN 1852/1860,0
2026-04-25,G_111,46,S,100,,S,,55165,Matutino,2026-04-25 08:59:56,,164878,"POINT (  567945.337284875,   6150019.05631320)",CNO AVIADORES CIVILES 1860 EN 1852/1860,0
2026-04-25,G_111,47,S,25,,S,,55165,Matutino,2026-04-25 08:59:37,,129304,"POINT (  567977.156693275,   6150088.22545537)",CNO AVIADORES CIVILES 1874 FTE 1843,0
2026-04-25,G_111,48,N,,Contenedor No Está,N,,55165,Matutino,2026-04-25 09:00:19,,129330,"POINT (  567783.755603933,   6150039.41432261)",LUIS LASAGNA 6694 FTE 6694,0
2026-04-25,G_111,49,S,100,,S,,55165,Matutino,2026-04-25 08:59:25,,183359,"POINT (  567925.801624332,   6149702.90704362)",MESETA 1834,0
2026-04-25,G_111,50,S,100,,S,,55165,Matutino,2026-04-25 08:58:49,,129283,"POINT (  568030.776804659,   6149597.38903965)",MEDIODIA 1815 PDO 1815,0
2026-04-25,G_111,51,S,100,,S,"Escombro, Fuera de Lugar, Poda, Requiere Limpieza",55165,Matutino,2026-04-25 10:34:08,,183585,"POINT (  567901.384754865,   6149312.37395247)",CNO MELILLA 6513,0
2026-04-25,G_111,52,S,100,,S,,55165,Matutino,2026-04-25 08:58:24,,181553,"POINT (  568217.740945534,   6149261.26740893)",PEABODY 1788,0
2026-04-25,G_111,53,S,100,,S,,55165,Matutino,2026-04-25 09:36:39,,181464,"POINT (  568306.073408715,   6149340.43328170)",PEABODY 1824,0
2026-04-25,G_111,54,S,100,,S,,55165,Matutino,2026-04-25 09:37:25,,180665,"POINT (  568308.217369966,   6149342.88598282)",PEABODY 1824 PROV A,0
2026-04-25,G_111,55,S,100,,S,,55165,Matutino,2026-04-25 09:37:45,,129343,"POINT (  568309.938012359,   6149344.91766319)",PEABODY 1826 EN 1824/1826,0
2026-04-25,G_111,56,S,100,,S,,55165,Matutino,2026-04-25 09:37:56,,129281,"POINT (  568360.151763901,   6149391.08385775)",PEABODY 1844,0
2026-04-25,G_111,57,S,100,,S,,55165,Matutino,2026-04-25 09:38:18,,129282,"POINT (  568419.904670399,   6149205.96410645)",VERAGUAS 1819 TEJIDO,0
2026-04-25,G_111,58,S,50,,S,,55165,Matutino,2026-04-25 10:30:40,,129285,"POINT (  568404.153918086,   6149126.02898727)",MONTALVO 6387,0
2026-04-25,G_111,59,S,50,,S,,55165,Matutino,2026-04-25 09:40:09,,129286,"POINT (  568408.001100966,   6149121.54060724)",MONTALVO 6387,0
2026-04-25,G_111,60,S,100,,S,"Escombro, Requiere Limpieza",55165,Matutino,2026-04-25 09:42:14,,129344,"POINT (  568492.939053770,   6149028.63374668)",MONTALVO Esq. GUANAHANY,0
2026-04-25,G_111,61,S,50,,S,,55165,Matutino,2026-04-25 09:47:46,,181675,"POINT (  568594.274189543,   6148919.71785708)",MONTALVO 6313 PROV A,0
2026-04-25,G_111,62,S,75,,S,,55165,Matutino,2026-04-25 09:47:38,,129289,"POINT (  568595.737349360,   6148918.06079008)",MONTALVO 6313,0
2026-04-25,G_111,63,S,75,,S,,55165,Matutino,2026-04-25 09:46:40,,129333,"POINT (  568688.885525998,   6148818.97570368)",MONTALVO 6284 CANCHA. FTE 6284,0
2026-04-25,G_111,64,S,75,,S,,55165,Matutino,2026-04-25 09:47:59,,129334,"POINT (  568775.418403848,   6148728.01352091)",MONTALVO 6247,0
2026-04-25,G_111,65,S,75,,S,,55165,Matutino,2026-04-25 09:48:09,,129305,"POINT (  568884.263658008,   6148612.25745696)",MONTALVO Esq. NIÑA MURO,0
2026-04-25,G_111,66,S,100,,S,,55165,Matutino,2026-04-25 09:48:53,,180357,"POINT (  569011.806770153,   6148472.83968562)",MONTALVO 6157 ESQ,0
2026-04-25,G_111,67,S,100,,S,,55165,Matutino,2026-04-25 09:50:50,,129332,"POINT (  569194.148877518,   6148558.00846501)",LUIS LASAGNA 6144 FTE 6144. VIVIENDAS,0
2026-04-25,G_111,68,S,75,,S,,55165,Matutino,2026-04-25 09:51:44,,129287,"POINT (  569269.541303684,   6148476.63281487)",LUIS LASAGNA 6107,0
2026-04-25,G_111,69,N,,Tapa Bloqueda,S,,55165,Matutino,2026-04-25 09:53:46,,129338,"POINT (  569212.062322800,   6148391.85825441)",GALILEO 1830 FTE 1830,0
2026-04-25,G_111,70,S,75,,S,,55165,Matutino,2026-04-25 09:59:02,,129336,"POINT (  569115.705250000,   6148282.49702857)",GALILEO 1781 EN 1781/1775,0
2026-04-25,G_111,71,S,100,,S,"Escombro, Poda, Requiere Limpieza",55165,Matutino,2026-04-25 09:59:13,,129291,"POINT (  569072.962616810,   6148216.49083482)",DOMINGO BASSO Esq. GALILEO MURO,0
2026-04-25,G_111,72,S,75,,S,,55165,Matutino,2026-04-25 10:07:02,,129335,"POINT (  568930.135952405,   6148292.51277151)",DOMINGO BASSO 6128 MURO,0
2026-04-25,G_111,73,S,75,,S,,55165,Matutino,2026-04-25 10:06:54,,129290,"POINT (  568888.377988233,   6148317.51946023)",DOMINGO BASSO 6154 FTE 6153. MURO,0
2026-04-25,G_111,74,S,75,,S,,55165,Matutino,2026-04-25 10:05:31,,129355,"POINT (  568807.380899117,   6148360.01289970)",DOMINGO BASSO 6166 FTE 6165,0
2026-04-25,G_111,75,S,100,,S,Requiere Limpieza,55165,Matutino,2026-04-25 10:05:10,,129356,"POINT (  568789.240023424,   6148480.95207099)",NIÑA 1764,0
2026-04-25,G_111,76,S,75,,S,Requiere Limpieza,55165,Matutino,2026-04-25 10:06:24,,129337,"POINT (  568876.963308358,   6148576.57259076)",NIÑA 1794 FTE 1789. BALDIO,0
2026-04-25,G_111,77,S,100,,S,,55165,Matutino,2026-04-25 10:08:39,,129307,"POINT (  568702.854901075,   6148691.73176952)",SANTA MARIA 1781,0
2026-04-25,G_111,78,S,100,,S,,55165,Matutino,2026-04-25 10:08:47,,129299,"POINT (  568698.535644957,   6148688.27636463)",SANTA MARIA 1781,0
2026-04-25,G_111,79,S,100,,S,,55165,Matutino,2026-04-25 11:43:10,,129297,"POINT (  568514.479902123,   6148747.52229667)",LISTER Esq. PINTA CERCO,0
2026-04-25,G_111,80,S,75,,S,,55165,Matutino,2026-04-25 10:18:14,,167353,"POINT (  568512.716609970,   6148749.52603775)",LISTER Esq. PINTA,0
2026-04-25,G_111,81,S,75,,S,,55165,Matutino,2026-04-25 10:18:19,,129298,"POINT (  568391.004609395,   6148880.05133624)",LISTER 6344,0
2026-04-25,G_111,82,S,75,,S,,55165,Matutino,2026-04-25 10:18:24,,129310,"POINT (  568302.891784599,   6148835.99492384)",GUANAHANY 1677,0
2026-04-25,G_111,83,S,75,,S,,55165,Matutino,2026-04-25 10:18:31,,129311,"POINT (  568293.146662081,   6148667.61310226)",JULIO CESAR TRIAY ANGLADA 6403,0
2026-04-25,G_111,84,S,75,,S,,55165,Matutino,2026-04-25 10:18:42,,129361,"POINT (  568460.844880786,   6148706.22651031)",PINTA 1672,0
2026-04-25,G_111,85,S,75,,S,,55165,Matutino,2026-04-25 10:22:13,,157412,"POINT (  568261.931552187,   6149020.43062495)",LISTER 6395 FTE 6395,0
2026-04-25,G_111,86,S,75,,S,,55165,Matutino,2026-04-25 10:22:23,,129320,"POINT (  568260.272766916,   6149021.70213108)",LISTER 6395 FTE 6395,0
2026-04-25,G_111,87,S,100,,S,,55165,Matutino,2026-04-25 10:22:43,,129308,"POINT (  568193.600805072,   6149093.84890547)",LISTER 6420 FTE 6435,0
2026-04-25,G_111,88,S,75,,S,,55165,Matutino,2026-04-25 10:28:46,,129357,"POINT (  568126.916301826,   6149165.42253696)",LISTER 6448 MURO,0
2026-04-25,G_111,89,S,75,,S,,55165,Matutino,2026-04-25 10:28:52,,182027,"POINT (  568038.767242266,   6149112.80812419)",PEABODY 1709,0
2026-04-25,G_111,90,S,75,,S,,55165,Matutino,2026-04-25 10:28:58,,129358,"POINT (  568108.525259314,   6148885.23444358)",JULIO VERNE 6396 FTE 6396,0
2026-04-25,G_111,91,S,75,,S,,55165,Matutino,2026-04-25 10:29:10,,129292,"POINT (  568194.910381663,   6148668.40778648)",JULIO VERNE 6318 FTE 6318. CANCHA,0
2026-04-25,G_111,92,,,,S,,55165,Matutino,,,129293,"POINT (  568325.351916410,   6148578.56725924)",JULIO CESAR TRIAY ANGLADA 6377 6385/6377. MURETE,0
2026-04-25,G_111,93,,,,S,,55165,Matutino,,,129301,"POINT (  568374.418400413,   6148433.89674233)",JULIO CESAR TRIAY ANGLADA 6321 MURETE,0
2026-04-25,G_111,94,,,,S,,55165,Matutino,,,129313,"POINT (  568466.159665838,   6148309.04567751)",JULIO CESAR TRIAY ANGLADA 6263 MURO,0
2026-04-25,G_111,95,,,,S,,55165,Matutino,,,129314,"POINT (  568600.920456703,   6148231.29906740)",ISOLICA 6209 BALDIO,0
2026-04-25,G_111,96,,,,S,,55165,Matutino,,,180323,"POINT (  568742.741961905,   6148159.82713334)",ISOLICA 6171 MURO,0
2026-04-25,G_111,97,,,,S,,55165,Matutino,,,129317,"POINT (  568910.179194712,   6147904.76330492)",GALILEO 1663 EN 1363/1365,0
2026-04-25,G_111,98,,,,S,,55165,Matutino,,,129360,"POINT (  568692.412110303,   6147941.13673517)",ANTONIO RUBIO Esq. JUAN P LAMOLLE,0
2026-04-25,G_111,99,,,,S,,55165,Matutino,,,131552,"POINT (  568550.286367590,   6148022.14700970)",ANTONIO RUBIO 6436,0
2026-04-25,G_111,100,,,,S,,55165,Matutino,,,129315,"POINT (  568407.480128284,   6148098.83115841)",ANTONIO RUBIO 6458 EN 6462/6458,0
2026-04-25,G_111,101,,,,S,,55165,Matutino,,,129318,"POINT (  568353.434745098,   6148225.21191546)",TACUATY Esq. JULIO VERNE,0
2026-04-25,G_111,102,,,,S,,55165,Matutino,,,129312,"POINT (  568567.773509586,   6148112.59401198)",TACUATY 6215,0
2026-04-25,G_111,103,,,,S,,55165,Matutino,,,129362,"POINT (  568273.165059727,   6148467.18454493)",JULIO VERNE 6244,0
2026-04-25,G_111,104,,,,S,,55165,Matutino,,,132492,"POINT (  568227.086691346,   6148602.04666969)",JULIO VERNE 6296,0
2026-04-25,G_111,105,,,,S,,55165,Matutino,,,180122,"POINT (  568425.202388309,   6148590.95740125)",APOLO XI 6371,0
2026-04-25,G_111,106,,,,N,,55165,Matutino,,,181552,"POINT (  568463.732379085,   6148482.65750000)",APOLO XI 6329 Opt de ruta,0
2026-04-25,G_111,107,,,,S,,55165,Matutino,,,181551,"POINT (  568590.354155991,   6148448.53689216)",SPUTNIK I 1648 Opt de ruta,0
2026-04-25,G_111,108,,,,S,,55165,Matutino,,,129365,"POINT (  568542.358391068,   6148549.59442985)",DOMINGO BASSO 6292,0
2026-04-25,G_112,58,N,,Contenedor Cruzado,S,,55166,Matutino,2026-04-25 07:21:09,,129628,"POINT (  567714.988794866,   6150418.37632659)",CALLE N1 Esq. CALLE N2,0
2026-04-25,G_112,59,N,,Contenedor Cruzado,S,,55166,Matutino,2026-04-25 07:21:22,,129630,"POINT (  567716.066513234,   6150420.14686390)",CALLE N1 Esq. CALLE N2,0
2026-04-25,G_112,60,S,75,,S,,55166,Matutino,2026-04-25 07:19:15,17,129631,"POINT (  568098.239220915,   6150297.30525033)",GUTTEMBERG 6649 ESQUINA,0
2026-04-25,G_112,61,S,100,,S,"Basura Afuera, Dos Ciclos, Poda, Requiere Limpieza",55166,Matutino,2026-04-25 07:20:45,17,129594,"POINT (  568229.501893896,   6150157.93990535)",GUTTEMBERG 6623 FTE 6624. VIVIENDAS,0
2026-04-25,G_112,62,S,100,,S,,55166,Matutino,2026-04-25 07:21:42,17,129666,"POINT (  568304.416027038,   6150076.08927840)",GUTTEMBERG 9599 ANTES 6599,0
2026-04-25,G_112,63,S,100,,S,"Basura Afuera, Poda, Requiere Limpieza",55166,Matutino,2026-04-25 07:23:34,17,129668,"POINT (  568364.852970692,   6150014.92475759)",GUTTEMBERG 6579 MURO CHAPA,0
2026-04-25,G_112,64,S,50,,S,"Basura Afuera, Requiere Limpieza",55166,Matutino,2026-04-25 07:26:15,17,129623,"POINT (  568408.885464008,   6149964.57991383)",GUTTEMBERG 6553,0
2026-04-25,G_112,65,S,100,,S,"Basura Afuera, Dos Ciclos, Requiere Limpieza",55166,Matutino,2026-04-25 07:26:26,17,129625,"POINT (  568410.271101909,   6149962.80937651)",GUTTEMBERG 6553,0
2026-04-25,G_112,66,S,100,,S,Requiere Mantenimiento,55166,Matutino,2026-04-25 07:27:02,17,129618,"POINT (  568489.329442181,   6149880.94127050)",GUTTEMBERG 6523,0
2026-04-25,G_112,67,S,100,,S,Requiere Mantenimiento,55166,Matutino,2026-04-25 07:30:02,17,129621,"POINT (  568548.580609127,   6149816.66440993)",GUTTEMBERG 6497 EN 6491,0
2026-04-25,G_112,68,S,100,,S,,55166,Matutino,2026-04-25 07:32:54,17,136352,"POINT (  568674.072322841,   6149683.33168674)",GUTTEMBERG Esq. PEABODY,0
2026-04-25,G_112,69,S,75,,S,,55166,Matutino,2026-04-25 07:34:27,17,129654,"POINT (  568821.878465216,   6149528.10626746)",GUTTEMBERG 6393 EN 6389. RETIRO Y REJAS,0
2026-04-25,G_112,70,S,100,,S,,55166,Matutino,2026-04-25 07:35:10,17,129671,"POINT (  568913.440183500,   6149432.38265289)",GUTTEMBERG 6353 CERCO,0
2026-04-25,G_112,71,S,75,,S,"Basura Afuera, Dos Ciclos, Requiere Limpieza",55166,Matutino,2026-04-25 07:36:31,17,175938,"POINT (  568945.915185185,   6149389.61849804)",GUTTEMBERG 6343 PROV A,0
2026-04-25,G_112,72,N,,Contenedor No Está,N,,55166,Matutino,2026-04-25 07:39:05,,129672,"POINT (  568948.311699346,   6149387.00411896)",GUTTEMBERG 6343 FTE 6346,0
2026-04-25,G_112,73,S,100,,S,"Basura Afuera, Poda, Requiere Limpieza",55166,Matutino,2026-04-25 07:39:15,17,129669,"POINT (  569082.690632449,   6149245.09732004)",GUTTEMBERG 6295 FTE 6294. CERCO,0
2026-04-25,G_112,74,S,100,,S,"Basura Afuera, Dos Ciclos, Requiere Limpieza",55166,Matutino,2026-04-25 07:40:39,17,173033,"POINT (  569224.920932203,   6149091.18048701)",GUTTEMBERG 6233,0
2026-04-25,G_116,12,S,100,,S,Requiere Mantenimiento,55166,Matutino,2026-04-25 07:59:44,17,163792,"POINT (  573257.219564708,   6146198.12569413)",PANTANOSO 4638 EN 4638/4646,1
2026-04-25,G_116,13,S,100,,S,,55166,Matutino,2026-04-25 08:00:40,17,125980,"POINT (  573140.512562309,   6146282.58553442)",PANTANOSO 4688,1
2026-04-25,G_116,14,S,50,,S,,55166,Matutino,2026-04-25 08:02:13,17,126013,"POINT (  573101.663480174,   6146291.21679586)",PANTANOSO 4688 PLATAFORMA DE MATERIAL,1
2026-04-25,G_116,15,S,75,,S,,55166,Matutino,2026-04-25 08:02:42,17,182135,"POINT (  573100.374580897,   6146292.21211354)",PANTANOSO 4688 PANTANOSO 4688 PLATAFORMA DE MATERIAL,1
2026-04-25,G_116,16,S,75,,S,,55166,Matutino,2026-04-25 08:03:48,17,126012,"POINT (  572999.101917649,   6146360.24334119)",PANTANOSO 4707 EN 4741,1
2026-04-25,G_116,17,S,75,,S,,55166,Matutino,2026-04-25 08:05:50,17,126011,"POINT (  572876.043094119,   6146451.30216472)",PANTANOSO 4790,1
2026-04-25,G_116,18,S,100,,S,,55166,Matutino,2026-04-25 08:08:15,17,125981,"POINT (  572816.513682355,   6146493.06687061)",PANTANOSO 4820,1
2026-04-25,G_116,19,N,,Sobrepeso,S,,55166,Matutino,2026-04-25 08:09:09,,183395,"POINT (  572673.248273061,   6146644.94944288)",WALTER SCOTT 1778,1
2026-04-25,G_116,21,N,,Contenedor No Está,N,,55166,Matutino,2026-04-25 08:09:24,,183393,"POINT (  572759.990163047,   6146633.03124824)",SENEN RODRIGUEZ 4877,1
2026-04-25,G_116,22,S,75,,S,"Basura Afuera, Dos Ciclos, Requiere Limpieza",55166,Matutino,2026-04-25 08:09:18,17,181148,"POINT (  572926.091584749,   6146520.22006384)",SENEN RODRIGUEZ Esq. MOLIERE FTE 4780,1
2026-04-25,G_116,23,N,,Contenedor No Está,S,,55166,Matutino,2026-04-25 08:10:43,,126016,"POINT (  572997.333414814,   6146468.91287429)",SENEN RODRIGUEZ 4757 EN IGLESIA,1
2026-04-25,G_116,24,S,75,,S,,55166,Matutino,2026-04-25 08:10:35,17,137113,"POINT (  573071.516421350,   6146420.22006384)",SENEN RODRIGUEZ Esq. JUAN JOSE MOROSOLI EN 4727,1
2026-04-25,G_116,25,S,100,,S,"Basura Afuera, Requiere Limpieza, Requiere Mantenimiento",55166,Matutino,2026-04-25 08:13:00,17,125960,"POINT (  573224.160741179,   6146325.65510590)",SENEN RODRIGUEZ 4673 FTE 4678,1
2026-04-25,G_116,26,S,100,,S,,55166,Matutino,2026-04-25 08:14:36,17,137772,"POINT (  573345.101917650,   6146244.59628237)",SENEN RODRIGUEZ 4613,1
2026-04-25,G_116,27,N,,Contenedor No Está,S,,55166,Matutino,2026-04-25 08:16:36,,125930,"POINT (  573393.666508280,   6146243.72552627)",HEINE 1762 EN 1756/1762,1
2026-04-25,G_116,28,S,100,,S,,55166,Matutino,2026-04-25 08:16:27,17,125912,"POINT (  573434.300387740,   6146300.89573674)",HEINE 1798,1
2026-04-25,G_116,29,S,100,,S,"Basura Afuera, Dos Ciclos, Requiere Limpieza",55166,Matutino,2026-04-25 08:20:09,17,125962,"POINT (  573375.136441465,   6146371.06034439)",CHAMBERLAIN 4648 FTE 4645,1
2026-04-25,G_116,30,N,,Contenedor No Está,N,,55166,Matutino,2026-04-25 08:20:23,,125961,"POINT (  573286.762276654,   6146429.02619442)",CHAMBERLAIN 4674,1
2026-04-25,G_116,31,S,50,,S,Requiere Mantenimiento,55166,Matutino,2026-04-25 08:20:41,17,182001,"POINT (  573203.507864706,   6146487.18638541)",CHAMBERLAIN 4696 EN MURO,1
2026-04-25,G_116,32,S,50,,S,,55166,Matutino,2026-04-25 08:23:47,17,125971,"POINT (  573297.579634463,   6146674.59234181)",CNO CORONEL RAIZ 1884,1
2026-04-25,G_116,33,S,75,,S,,55166,Matutino,2026-04-25 08:24:44,17,125969,"POINT (  573379.412610730,   6146665.64089376)",ING ALBERTO CAUBARRERE 4681 FTE 4662. BALDIO,1
2026-04-25,G_116,34,S,100,,S,"Basura Afuera, Requiere Limpieza, Requiere Mantenimiento",55166,Matutino,2026-04-25 08:30:00,17,131694,"POINT (  573506.278388238,   6146572.94922355)",ING ALBERTO CAUBARRERE 4641,1
2026-04-25,G_116,35,S,100,,S,"Basura Afuera, Dos Ciclos, Poda, Requiere Limpieza",55166,Matutino,2026-04-25 08:33:37,17,125985,"POINT (  573569.572505885,   6146518.83157649)",HEINE Esq. ING ALBERTO CAUBARRERE,1
2026-04-25,G_116,36,S,75,,S,,55166,Matutino,2026-04-25 08:40:40,17,125987,"POINT (  573509.572505885,   6146432.94922355)",HEINE 1851,1
2026-04-25,G_116,37,S,100,,S,,55166,Matutino,2026-04-25 08:40:49,17,125968,"POINT (  573507.101917650,   6146428.83157649)",HEINE 1851,1
2026-04-25,G_116,38,S,75,,S,"Basura Afuera, Dos Ciclos, Requiere Limpieza",55166,Matutino,2026-04-25 09:24:58,17,126006,"POINT (  573435.807800003,   6146464.94922355)",HUDSON 4642 FTE 4645,1
2026-04-25,G_116,39,N,,Contenedor No Está,S,,55166,Matutino,2026-04-25 09:26:46,,125988,"POINT (  573347.690152944,   6146529.24334119)",HENDERSON 1854,1
2026-04-25,G_116,40,S,75,,S,,55166,Matutino,2026-04-25 09:26:54,17,126002,"POINT (  573480.140153417,   6146725.03213355)",HENDERSON 1936 FTE 1947,1
2026-04-25,G_116,41,S,25,,S,,55166,Matutino,2026-04-25 09:22:54,17,125940,"POINT (  573365.816541565,   6146804.99426918)",CNO CORONEL RAIZ 1945 FTE 1934,1
2026-04-25,G_116,42,S,50,,S,,55166,Matutino,2026-04-25 09:29:21,17,125936,"POINT (  573253.243800000,   6146581.37424286)",HUDSON 4709 ANTES 4724,1
2026-04-25,G_116,43,S,75,,S,,55166,Matutino,2026-04-25 09:29:27,17,125931,"POINT (  573221.219564708,   6146604.41981178)",HUDSON Esq. CNO CORONEL RAIZ ANTES 4724,1
2026-04-25,G_116,44,S,100,,S,Requiere Mantenimiento,55166,Matutino,2026-04-25 09:31:07,17,125932,"POINT (  573128.278388238,   6146671.00804708)",HUDSON 4734 FTE 4775/4777,1
2026-04-25,G_116,45,S,100,,S,"Basura Afuera, Poda, Requiere Limpieza, Requiere Mantenimiento",55166,Matutino,2026-04-25 09:32:59,17,125933,"POINT (  573032.367262200,   6146738.13571987)",HUDSON 4824,1
2026-04-25,G_116,46,S,25,,S,,55166,Matutino,2026-04-25 09:34:04,17,125965,"POINT (  572858.944842008,   6146861.19436872)",HUDSON Esq. MIGUEL OTTO CIONE,1
2026-04-25,G_116,47,S,25,,S,,55166,Matutino,2026-04-25 09:34:10,17,180349,"POINT (  572855.591763617,   6146864.12942309)",HUDSON Esq. MIGUEL OTTO CIONE PROV A.,1
2026-04-25,G_116,48,S,25,,S,,55166,Matutino,2026-04-25 09:35:32,17,125928,"POINT (  572743.101917650,   6146914.77275296)",JUAN BAUTISTA CROSA 1840 FTE1840 .,1
2026-04-25,G_116,93,S,100,,S,"Dos Ciclos, Requiere Limpieza",55166,Matutino,2026-04-25 09:19:01,17,125914,"POINT (  573530.028794843,   6146991.10488782)",CNO JOSE DURAN 4464 VIVIENDAS,2
2026-04-25,G_116,94,S,75,,S,,55166,Matutino,2026-04-25 09:51:34,17,125972,"POINT (  573348.054036119,   6147120.34022560)",CNO JOSE DURAN 4545 FTE VIVIENDAS,2
2026-04-25,G_116,95,S,25,,S,"Basura Afuera, Dos Ciclos, Requiere Limpieza",55166,Matutino,2026-04-25 09:53:27,17,125991,"POINT (  573079.130502340,   6147318.94453147)",ARTURO DESPOUEY Esq. CNO JOSE DURAN,2
2026-04-25,G_116,96,N,,"Contenedor Roto (choque, desfonde, etc.)",S,"Basura Afuera, Requiere Limpieza, Requiere Mantenimiento",55166,Matutino,2026-04-25 09:53:37,,159312,"POINT (  573083.174234684,   6147323.85514470)",ARTURO DESPOUEY 2135,2
2026-04-25,G_116,97,S,75,,S,"Basura Afuera, Dos Ciclos, Requiere Limpieza",55166,Matutino,2026-04-25 09:56:31,17,164033,"POINT (  573010.043094120,   6147439.47863532)",ARTURO SERGIO VISCA Esq. ANTONIO TADDEI,2
2026-04-25,G_116,98,S,100,,S,"Basura Afuera, Dos Ciclos, Requiere Limpieza",55166,Matutino,2026-04-25 09:56:20,17,164012,"POINT (  573007.219564708,   6147441.59628238)",ARTURO SERGIO VISCA Esq. ANTONIO TADDEI,2
2026-04-25,G_116,99,S,50,,S,Basura Afuera,55166,Matutino,2026-04-25 09:57:03,17,126007,"POINT (  572866.866623532,   6147458.06687062)",CNO JOSE DURAN 4949 EN 4974,2
2026-04-25,G_116,100,S,100,,S,,55166,Matutino,2026-04-25 09:58:38,17,126008,"POINT (  572795.925447061,   6147509.83157650)",CNO JOSE DURAN 5010 EN 5014,2
2026-04-25,G_116,101,S,50,,S,,55166,Matutino,2026-04-25 09:59:19,17,137212,"POINT (  572793.294574691,   6147511.33794504)",CNO JOSE DURAN 5010 EN 5014,2
2026-04-25,G_116,102,S,50,,S,"Contenedor en Tolva, Fuera de Lugar",55166,Matutino,2026-04-25 10:01:37,17,143932,"POINT (  572789.465091882,   6147513.98912545)",CNO JOSE DURAN 5010,2
2026-04-25,G_116,103,S,75,,S,Requiere Mantenimiento,55166,Matutino,2026-04-25 10:01:15,17,125918,"POINT (  572709.396035297,   6147517.24334121)",RENOIR 2042 fte 2042,2
2026-04-25,G_116,104,S,50,,S,"Basura Afuera, Dos Ciclos, Requiere Limpieza",55166,Matutino,2026-04-25 10:03:04,17,125919,"POINT (  572481.414959581,   6147622.41481004)",PICASSO 5061 FTE 5061,2
2026-04-25,G_116,105,S,50,,S,,55166,Matutino,2026-04-25 10:04:00,17,125976,"POINT (  572499.984270591,   6147693.71392944)",REMBRANDT 2047,2
2026-04-25,G_116,106,S,25,,S,,55166,Matutino,2026-04-25 10:08:02,17,180214,"POINT (  572582.536434205,   6147351.04684270)",RENOIR 1969,2
2026-04-25,G_116,107,S,25,,S,,55166,Matutino,2026-04-25 10:08:07,17,125977,"POINT (  572579.922055120,   6147347.56100392)",RENOIR 1969,2
2026-04-25,G_116,108,S,25,,S,,55166,Matutino,2026-04-25 10:07:56,17,180215,"POINT (  572545.034246273,   6147334.19288643)",VELAZQUEZ 5012 EN 5048,2
2026-04-25,G_116,109,S,25,,S,"Basura Afuera, Dos Ciclos, Requiere Limpieza",55166,Matutino,2026-04-25 10:09:22,17,125916,"POINT (  572639.306012035,   6147264.33780643)",VELAZQUEZ 4957,2
2026-04-25,G_116,110,S,50,,S,"Basura Afuera, Dos Ciclos, Requiere Limpieza",55166,Matutino,2026-04-25 10:12:15,17,137217,"POINT (  572547.043094120,   6147117.71392945)",1º PARALELA A RENOIR 1705,2
2026-04-25,G_116,58,S,25,,S,,55166,Matutino,2026-04-25 09:40:00,17,181871,"POINT (  573063.054428584,   6146204.76320745)",JUAN JOSE MOROSOLI Esq. CIRC INT SIN DENOM,3
2026-04-25,G_116,59,S,25,,S,,55166,Matutino,2026-04-25 09:42:09,17,126003,"POINT (  572964.135555599,   6146270.51503911)",CNO CASAVALLE Esq. JUAN JOSE MOROSOLI EN 4728. VIVIENDAS,3
2026-04-25,G_116,60,S,50,,S,,55166,Matutino,2026-04-25 09:42:14,17,125973,"POINT (  572954.845407196,   6146277.61927024)",CNO CASAVALLE Esq. JUAN JOSE MOROSOLI EN 4728. VIVIENDAS,3
2026-04-25,G_116,61,N,,Contenedor No Está,S,,55166,Matutino,2026-04-25 09:43:27,,126004,"POINT (  572853.243282987,   6146355.18100569)",CNO CASAVALLE 4770 EN 4776/4770,3
2026-04-25,G_116,62,S,50,,S,,55166,Matutino,2026-04-25 09:43:19,17,125934,"POINT (  572672.690152944,   6146480.36098827)",CNO CASAVALLE 4886,3
2026-04-25,G_116,63,S,50,,S,,55166,Matutino,2026-04-25 09:44:30,17,125993,"POINT (  572566.649199826,   6146554.98107237)",CNO CASAVALLE 4901,3
2026-04-25,G_116,64,S,25,,S,,55166,Matutino,2026-04-25 09:46:58,17,126005,"POINT (  572389.991612609,   6146692.99837763)",CNO CASAVALLE 5016,3
2026-04-25,G_115,1,S,50,,N,,55167,Matutino,2026-04-25 06:42:31,27,180255,"POINT (  574509.197893221,   6144846.02704578)",BV APARICIO SARAVIA Esq. ARQ JUAN G GIURIA,0
2026-04-25,G_115,2,S,50,,S,,55167,Matutino,2026-04-25 06:42:36,27,176347,"POINT (  574556.881509042,   6144825.83872185)",ING ARQ IGNACIO PEDRALBES Esq. BV APARICIO SARAVIA PROV (O: ARQ IGNACIO PEDRALVEZ Y BV APARICIO SARAVIA),0
2026-04-25,G_115,3,S,50,,S,"Basura Afuera, Requiere Limpieza",55167,Matutino,2026-04-25 06:48:27,27,117157,"POINT (  574520.222183768,   6144731.35272424)",ING ARQ IGNACIO PEDRALBES 1493 MURO,0
2026-04-25,G_115,4,S,50,,S,,55167,Matutino,2026-04-25 06:47:26,27,117191,"POINT (  574464.180828640,   6144597.71564662)",ING ARQ IGNACIO PEDRALBES 1451,0
2026-04-25,G_115,5,S,50,,S,,55167,Matutino,2026-04-25 06:47:16,27,117169,"POINT (  574449.161072271,   6144572.25744321)",ING ARQ IGNACIO PEDRALBES 1447 EN 4009,0
2026-04-25,G_115,6,S,75,,S,,55167,Matutino,2026-04-25 06:46:02,27,117185,"POINT (  574418.069878472,   6144501.10589293)",ING ARQ IGNACIO PEDRALBES 1419,0
2026-04-25,G_115,7,S,50,,S,,55167,Matutino,2026-04-25 10:54:04,27,181185,"POINT (  571352.663706754,   6147425.18364052)",CNO CASAVALLE Esq. WALDEMAR HANSEN MURO CHAPA,0
2026-04-25,G_115,8,S,50,,S,,55167,Matutino,2026-04-25 10:54:13,27,181184,"POINT (  571350.267192593,   6147426.70869499)",CNO CASAVALLE Esq. WALDEMAR HANSEN MURO CHAPA,0
2026-04-25,G_115,9,S,25,,S,,55167,Matutino,2026-04-25 07:03:41,27,126044,"POINT (  571217.147464374,   6148143.71150322)",PLAZA VIDIELLA 5619,0
2026-04-25,G_115,10,S,75,,S,"Basura Afuera, Requiere Limpieza",55167,Matutino,2026-04-25 07:08:16,27,126102,"POINT (  571124.621777626,   6148456.15982755)",BESNES E IRIGOYEN 5653 FTE 5656,0
2026-04-25,G_115,11,S,50,,S,,55167,Matutino,2026-04-25 07:09:13,27,126101,"POINT (  571214.653595061,   6148391.39956983)",BESNES E IRIGOYEN 5611,0
2026-04-25,G_115,12,S,50,,S,,55167,Matutino,2026-04-25 07:11:32,27,126100,"POINT (  571340.952998553,   6148454.71572546)",IRIS 2009 FTE 2009,0
2026-04-25,G_115,13,S,50,,S,,55167,Matutino,2026-04-25 07:11:40,27,159592,"POINT (  571342.646555989,   6148456.87116220)",IRIS 2009,0
2026-04-25,G_115,14,S,100,,N,,55167,Matutino,2026-04-25 07:12:48,27,126103,"POINT (  571391.143882543,   6148526.61493658)",IRIS 2054,0
2026-04-25,G_115,15,S,50,,S,,55167,Matutino,2026-04-25 07:14:23,27,126045,"POINT (  571439.949128631,   6148595.28099258)",IRIS 2082 FTE 2077,0
2026-04-25,G_115,16,S,100,,S,,55167,Matutino,2026-04-25 07:15:35,27,126032,"POINT (  571420.959682624,   6148705.47749418)",CNO VIDIELLA 5688 EN 5686/5688,0
2026-04-25,G_115,17,N,,Contenedor No Está,N,,55167,Matutino,2026-04-25 07:18:07,,169452,"POINT (  571266.898350704,   6148638.54368707)",JOSE SALGADO 2064 FTE 2058,0
2026-04-25,G_115,18,N,,Contenedor No Está,N,,55167,Matutino,2026-04-25 07:18:20,,126116,"POINT (  571267.514189771,   6148633.30905500)",JOSE SALGADO 2064 FTE 2064B,0
2026-04-25,G_115,19,S,50,,S,,55167,Matutino,2026-04-25 07:18:31,27,176621,"POINT (  571129.566238684,   6148686.11725502)",CNO JOSE DURAN 5692,0
2026-04-25,G_115,20,S,50,,S,"Basura Afuera, Requiere Limpieza",55167,Matutino,2026-04-25 07:21:38,27,126062,"POINT (  570909.813256721,   6148996.76937304)",CALDERON DE LA BARCA 2185 EN 3411,0
2026-04-25,G_115,21,S,100,,S,,55167,Matutino,2026-04-25 07:23:17,27,169993,"POINT (  570946.763600762,   6148884.07082371)",AV GRAL EUGENIO GARZON 2083,0
2026-04-25,G_115,22,S,100,,S,"Basura Afuera, Requiere Limpieza",55167,Matutino,2026-04-25 07:24:56,27,176523,"POINT (  570960.687621719,   6148736.26623892)",AV GRAL EUGENIO GARZON 2039 PROV OV (O: CNO JOSE DURAN),0
2026-04-25,G_115,23,S,100,,S,"Basura Afuera, Requiere Limpieza",55167,Matutino,2026-04-25 07:25:08,27,151852,"POINT (  570960.619979777,   6148732.03555396)",AV GRAL EUGENIO GARZON 2039 VEREDA,0
2026-04-25,G_115,24,S,100,,S,"Basura Afuera, Requiere Limpieza",55167,Matutino,2026-04-25 07:29:52,27,126121,"POINT (  571344.356244049,   6148526.16103709)",CNO JOSE DURAN 5601 en 5609/5615,0
2026-04-25,G_115,25,S,50,,S,,55167,Matutino,2026-04-25 07:32:12,27,152173,"POINT (  571275.852602379,   6148383.16272230)",IRIS 1981 FTE 1990,0
2026-04-25,G_115,26,S,75,,S,,55167,Matutino,2026-04-25 07:33:46,27,181111,"POINT (  571350.314860785,   6148223.48534662)",BOBI 1932 ALTA POR RELEVAMIENTO. RETIRAR,0
2026-04-25,G_115,27,S,50,,S,,55167,Matutino,2026-04-25 07:33:53,27,135232,"POINT (  571350.677049062,   6148220.58120852)",BOBI 1930,0
2026-04-25,G_115,28,N,,Contenedor No Está,N,,55167,Matutino,2026-04-25 07:34:03,,158592,"POINT (  571308.799992482,   6148168.85072686)",WALDEMAR HANSEN Esq. DANIEL ZORRILLA,0
2026-04-25,G_115,29,S,50,,S,,55167,Matutino,2026-04-25 07:37:11,27,126124,"POINT (  571365.582198900,   6148337.06933085)",FEDERACION 1980,0
2026-04-25,G_115,30,S,100,,S,,55167,Matutino,2026-04-25 07:38:56,27,126125,"POINT (  571438.742035694,   6148444.13078997)",FEDERACION 2044 EN 2044/2048,0
2026-04-25,G_115,31,S,75,,S,,55167,Matutino,2026-04-25 07:41:15,27,126123,"POINT (  571507.434145284,   6148538.96694684)",FEDERACION 2084,0
2026-04-25,G_115,32,S,100,,S,,55167,Matutino,2026-04-25 07:42:16,27,126070,"POINT (  571552.783386725,   6148605.99286462)",FEDERACION 2094 FTE 2097,0
2026-04-25,G_115,33,S,75,,S,"Basura Afuera, Requiere Limpieza",55167,Matutino,2026-04-25 07:43:42,27,126064,"POINT (  571637.356512189,   6148491.96168422)",JUAN MAC COLL 2114 FTE 2114,0
2026-04-25,G_115,34,S,50,,S,"Basura Afuera, Requiere Limpieza",55167,Matutino,2026-04-25 07:44:47,27,126083,"POINT (  571594.594819539,   6148408.81394851)",JUAN MAC COLL 2063 FTE 2068,0
2026-04-25,G_115,35,S,50,,S,,55167,Matutino,2026-04-25 07:46:17,27,126084,"POINT (  571537.104099420,   6148304.76049640)",JUAN MAC COLL Esq. DR MIGUEL A PAEZ FORMOSO EN 2005,0
2026-04-25,G_115,36,S,100,,S,"Basura Afuera, Requiere Limpieza",55167,Matutino,2026-04-25 07:47:26,27,126126,"POINT (  571483.889548566,   6148231.11535906)",JUAN MAC COLL 1967 COLUMNA/CARTEL,0
2026-04-25,G_115,37,S,25,,S,,55167,Matutino,2026-04-25 07:49:18,27,126127,"POINT (  571441.112469178,   6148297.72980175)",BERNABE MAGARI?OS 1978 EN 1974. FTE 1971,0
2026-04-25,G_115,38,S,100,,S,"Basura Afuera, Requiere Limpieza",55167,Matutino,2026-04-25 07:50:05,27,126128,"POINT (  571513.077743724,   6148398.39964477)",BERNABE MAGARI?OS 2043 EN 2042,0
2026-04-25,G_115,39,S,25,,S,,55167,Matutino,2026-04-25 07:52:35,27,126086,"POINT (  571667.079035158,   6148302.86135962)",CNO JOSE DURAN 5501 EN 5505/5501,0
2026-04-25,G_115,40,S,25,,S,,55167,Matutino,2026-04-25 07:54:02,27,126085,"POINT (  571765.044230140,   6148237.09749569)",CNO JOSE DURAN 5475,0
2026-04-25,G_115,41,S,50,,S,"Basura Afuera, Requiere Limpieza",55167,Matutino,2026-04-25 07:54:52,27,126089,"POINT (  571959.847496662,   6148096.93416977)",CNO JOSE DURAN 5415 FTE 5414,0
2026-04-25,G_115,42,S,50,,S,,55167,Matutino,2026-04-25 07:56:13,27,126087,"POINT (  572117.590629550,   6147980.05220986)",CNO JOSE DURAN 5363,0
2026-04-25,G_115,43,S,25,,S,,55167,Matutino,2026-04-25 07:57:10,27,126088,"POINT (  572188.860117301,   6147928.73817868)",CNO JOSE DURAN 5329 EN 5335/5329,0
2026-04-25,G_115,44,S,25,,S,,55167,Matutino,2026-04-25 07:57:50,27,126065,"POINT (  572263.930644398,   6147873.62310816)",CNO JOSE DURAN 5311,0
2026-04-25,G_115,45,S,50,,S,,55167,Matutino,2026-04-25 07:59:51,27,126066,"POINT (  572320.623580145,   6148028.90129881)",CNO MANUEL FORTET 2098 FTE 2075,0
2026-04-25,G_115,46,S,75,,S,,55167,Matutino,2026-04-25 08:01:00,27,126067,"POINT (  572191.235766893,   6148171.52956695)",CNO VIDIELLA 5304 FTE 5277,0
2026-04-25,G_115,47,N,,Contenedor No Está,N,,55167,Matutino,2026-04-25 08:01:14,,126071,"POINT (  572075.519631338,   6148252.14296072)",CNO VIDIELLA 5372 EN 5378/5366,0
2026-04-25,G_115,48,S,100,,S,,55167,Matutino,2026-04-25 08:04:31,27,126072,"POINT (  571903.392612013,   6148370.07614212)",CNO VIDIELLA 5470 FTE 5443,0
2026-04-25,G_115,49,S,75,,S,,55167,Matutino,2026-04-25 08:06:01,27,126073,"POINT (  571763.289224190,   6148466.14703663)",CNO VIDIELLA 5544,0
2026-04-25,G_115,50,S,50,,S,,55167,Matutino,2026-04-25 08:45:17,27,126090,"POINT (  571754.502600001,   6148362.57635295)",FRAY JUAN PEREZ 5475 EN 5475/5467,0
2026-04-25,G_115,51,S,75,,S,,55167,Matutino,2026-04-25 08:47:39,27,180251,"POINT (  571852.604251978,   6148290.64894351)",FRAY JUAN PEREZ 5427 EN 5427/5433,0
2026-04-25,G_115,52,S,100,,S,"Basura Afuera, Requiere Limpieza",55167,Matutino,2026-04-25 08:49:13,27,126091,"POINT (  572005.284521454,   6148182.96057596)",FRAY JUAN PEREZ 5335 EN 5339/5335,0
2026-04-25,G_115,53,S,100,,S,,55167,Matutino,2026-04-25 08:50:31,27,126092,"POINT (  572120.136219057,   6148103.49031788)",FRAY JUAN PEREZ 5285,0
2026-04-25,G_115,54,S,100,,S,,55167,Matutino,2026-04-25 08:52:18,27,126130,"POINT (  572252.109996113,   6148009.46559099)",FRAY JUAN PEREZ 5223,0
2026-04-25,G_115,55,S,100,,S,,55167,Matutino,2026-04-25 08:54:23,27,126131,"POINT (  572310.326464679,   6147805.84761866)",CNO MANUEL FORTET 2041 FTE 2034/2040,0
2026-04-25,G_115,56,S,100,,S,,55167,Matutino,2026-04-25 08:56:07,27,126093,"POINT (  572269.752389510,   6147633.60146303)",CNO MANUEL FORTET 1991,0
2026-04-25,G_115,57,S,100,,S,"Basura Afuera, Requiere Limpieza",55167,Matutino,2026-04-25 08:58:37,27,126133,"POINT (  572202.690398747,   6147544.23595279)",DANIEL ZORRILLA 5112,0
2026-04-25,G_115,58,S,100,,S,,55167,Matutino,2026-04-25 09:00:32,27,175923,"POINT (  571992.381357245,   6147693.26900709)",TOBATI Esq. DANIEL ZORRILLA,0
2026-04-25,G_115,59,S,100,,S,"Basura Afuera, Requiere Limpieza",55167,Matutino,2026-04-25 09:13:24,27,126060,"POINT (  571866.629433365,   6147784.20347967)",DANIEL ZORRILLA 5308 FTE 5311,0
2026-04-25,G_115,60,S,100,,S,"Basura Afuera, Requiere Limpieza",55167,Matutino,2026-04-25 09:13:30,27,126059,"POINT (  571808.620247059,   6147827.22341177)",DANIEL ZORRILLA 5346 FTE 5343/5345,0
2026-04-25,G_115,61,N,,"Contenedor Roto (choque, desfonde, etc.)",S,,55167,Matutino,2026-04-25 09:08:03,,181197,"POINT (  571632.607276035,   6147954.68598497)",DANIEL ZORRILLA 5446,0
2026-04-25,G_115,62,S,100,,S,"Basura Afuera, Poda, Requiere Limpieza",55167,Matutino,2026-04-25 09:13:07,27,126075,"POINT (  571522.496148854,   6148046.45271222)",SAMBUCETTI 1908 ANTES 1918. MURO,0
2026-04-25,G_115,63,S,100,,S,,55167,Matutino,2026-04-25 09:14:49,27,126034,"POINT (  571601.234888351,   6148153.98592469)",SAMBUCETTI Esq. BESNES E IRIGOYEN FTE 1957,0
2026-04-25,G_115,64,S,75,,S,"Basura Afuera, Requiere Limpieza",55167,Matutino,2026-04-25 09:16:09,27,126033,"POINT (  571649.542349031,   6148198.51578549)",DR MIGUEL A PAEZ FORMOSO 5489 FTE 5498,0
2026-04-25,G_115,65,S,75,,S,,55167,Matutino,2026-04-25 09:17:36,27,126035,"POINT (  571769.648082789,   6148117.35394031)",DR MIGUEL A PAEZ FORMOSO 5457,0
2026-04-25,G_115,66,S,100,,S,"Basura Afuera, Requiere Limpieza",55167,Matutino,2026-04-25 09:20:25,27,126036,"POINT (  571745.104089248,   6148041.95562939)",LEONOR Esq. BESNES E IRIGOYEN,0
2026-04-25,G_115,67,S,75,,S,,55167,Matutino,2026-04-25 09:21:41,27,126061,"POINT (  571957.480196389,   6147876.94696692)",BESNES E IRIGOYEN 5301 EN EL 5303,0
2026-04-25,G_115,68,S,50,,S,,55167,Matutino,2026-04-25 09:23:06,27,126134,"POINT (  572059.687304792,   6147823.95068849)",CARLOS MAURICIO PACHECO Esq. BESNES E IRIGOYEN,0
2026-04-25,G_115,69,S,75,,S,,55167,Matutino,2026-04-25 09:24:46,27,126038,"POINT (  572177.023469200,   6147849.20970554)",VICTOR DAMIANI Esq. RAMON OTERO IGLESIA,0
2026-04-25,G_115,70,S,75,,S,,55167,Matutino,2026-04-25 09:28:27,27,126039,"POINT (  572178.928931262,   6147730.73402018)",BESNES E IRIGOYEN 5204,0
2026-04-25,G_115,71,S,100,,S,,55167,Matutino,2026-04-25 09:30:21,27,126037,"POINT (  572028.373723776,   6147947.98075797)",RAMON OTERO 5268,0
2026-04-25,G_115,72,S,75,,S,,55167,Matutino,2026-04-25 09:32:14,27,126041,"POINT (  571842.437323465,   6147979.21286430)",TABAPY Esq. BESNES E IRIGOYEN,0
2026-04-25,G_115,73,S,75,,S,"Basura Afuera, Requiere Limpieza",55167,Matutino,2026-04-25 09:33:36,27,126042,"POINT (  571796.848245210,   6147916.29034578)",TABAPY 1939 FTE 1936,0
2026-04-25,G_115,74,S,75,,S,,55167,Matutino,2026-04-25 09:35:45,27,126040,"POINT (  571666.947027133,   6148053.44350134)",JUAN PROUDFOOT 1941 FTE 1940,0
2026-04-25,G_115,75,S,100,,S,"Basura Afuera, Requiere Limpieza",55167,Matutino,2026-04-25 09:38:40,27,183454,"POINT (  571345.184775381,   6147798.79191939)",SAMBUCETTI 1804,0
2026-04-25,G_115,76,S,100,,S,"Basura Afuera, Poda, Requiere Limpieza",55167,Matutino,2026-04-25 10:20:59,27,181198,"POINT (  571487.130752941,   6147874.03800480)",HUDSON 5468,0
2026-04-25,G_115,77,S,75,,S,"Basura Afuera, Requiere Limpieza",55167,Matutino,2026-04-25 10:21:57,27,180253,"POINT (  571471.171112429,   6147778.44725876)",JUAN PROUDFOOT 1821 EN 1819/1821,0
2026-04-25,G_115,78,S,100,,S,"Basura Afuera, Requiere Limpieza",55167,Matutino,2026-04-25 10:23:47,27,126050,"POINT (  571509.871447974,   6147632.60885896)",ISIDRO FYNN 5459 FTE 5432,0
2026-04-25,G_115,79,S,100,,S,"Basura Afuera, Requiere Limpieza",55167,Matutino,2026-04-25 10:26:15,27,126051,"POINT (  571738.780040476,   6147452.84833953)",ISIDRO FYNN 5277 FTE 5280/5272,0
2026-04-25,G_115,80,S,75,,S,"Basura Afuera, Requiere Limpieza",55167,Matutino,2026-04-25 10:27:35,27,177505,"POINT (  571836.578588826,   6147370.59456066)",ISIDRO FYNN 5247,0
2026-04-25,G_115,81,N,,Sobrepeso,S,,55167,Matutino,2026-04-25 10:30:06,,126094,"POINT (  571919.334258403,   6147445.23309767)",AREGUA 5240,0
2026-04-25,G_115,82,S,100,,S,"Basura Afuera, Requiere Limpieza",55167,Matutino,2026-04-25 10:31:29,27,126108,"POINT (  571768.314972185,   6147561.78847335)",AREGUA 5338 FTE 5339,0
2026-04-25,G_115,83,S,100,,S,"Basura Afuera, Poda, Requiere Limpieza",55167,Matutino,2026-04-25 10:33:57,27,126109,"POINT (  571670.605444553,   6147578.10710150)",VICU?A 1821,0
2026-04-25,G_115,84,S,100,,S,,55167,Matutino,2026-04-25 10:35:17,27,179798,"POINT (  571620.996246416,   6147704.67660728)",YUTY 1831 PROV A,0
2026-04-25,G_115,85,S,75,,S,,55167,Matutino,2026-04-25 10:35:31,27,126096,"POINT (  571621.320526328,   6147708.46232064)",YUTY 1831 FTE 1833,0
2026-04-25,G_115,86,S,100,,S,"Basura Afuera, Requiere Limpieza",55167,Matutino,2026-04-25 10:39:03,27,126099,"POINT (  571686.659544203,   6147715.10822571)",HUDSON 5341 FTE 5340,0
2026-04-25,G_115,87,N,,Contenedor No Está,N,,55167,Matutino,2026-04-25 10:40:30,,126097,"POINT (  571893.555943669,   6147568.47899262)",HUDSON 5253,0
2026-04-25,G_115,88,S,75,,S,"Basura Afuera, Requiere Limpieza",55167,Matutino,2026-04-25 10:41:43,27,126098,"POINT (  571729.418075485,   6147341.62489964)",FRANCISCO PIZARRO 5288,0
2026-04-25,G_115,89,S,100,,S,,55167,Matutino,2026-04-25 10:43:08,27,180889,"POINT (  571659.217219826,   6147394.32728693)",FRANCISCO PIZARRO 5318 EN 5318/3514,0
2026-04-25,G_115,90,S,100,,S,,55167,Matutino,2026-04-25 10:44:28,27,126095,"POINT (  571616.103687092,   6147425.37901280)",FRANCISCO PIZARRO 5324 FTE 5323,0
2026-04-25,G_115,91,S,100,,S,,55167,Matutino,2026-04-25 10:46:56,27,180167,"POINT (  571440.107076035,   6147554.63896296)",FRANCISCO PIZARRO 5414 EN 5416,0
2026-04-25,G_115,92,N,,Contenedor No Está,S,,55167,Matutino,2026-04-25 10:48:44,,180155,"POINT (  571327.698567102,   6147748.52000349)",WALDEMAR HANSEN 1 PROV OV (O: JUAN MAC CALL FTE 1868),0
2026-04-25,G_115,93,S,75,,S,"Basura Afuera, Poda, Requiere Limpieza",55167,Matutino,2026-04-25 10:48:55,27,172932,"POINT (  571338.668187249,   6147629.52966363)",WALDEMAR HANSEN 1752,0
2026-04-25,G_115,94,S,50,,S,,55167,Matutino,2026-04-25 10:54:23,27,180232,"POINT (  571471.387624518,   6147335.55238842)",CNO CASAVALLE 5346 PROV OV (O: CNO CASAVALLE Y WALDEMAR HANSEN),0
2026-04-25,G_115,95,S,50,,S,,55167,Matutino,2026-04-25 10:54:39,27,180329,"POINT (  571500.485057516,   6147312.87427233)",CNO CASAVALLE 5355 FTE 5332,0
2026-04-25,G_115,96,S,100,,S,"Basura Afuera, Requiere Limpieza",55167,Matutino,2026-04-25 10:57:08,27,126107,"POINT (  571588.138670740,   6147248.21844440)",CNO CASAVALLE 5281 FTE 5282. VIVIENDAS,0
2026-04-25,G_115,97,S,100,,S,"Basura Afuera, Requiere Limpieza",55167,Matutino,2026-04-25 10:57:28,27,126078,"POINT (  571631.268724126,   6147215.45487072)",CNO CASAVALLE 5269 FTE 5268. SUBESTACION,0
2026-04-25,G_115,98,S,100,,S,"Basura Afuera, Requiere Limpieza",55167,Matutino,2026-04-25 10:57:47,27,126105,"POINT (  571772.882049974,   6147107.40467933)",CNO CASAVALLE 5223 EN 5223/5225,0
2026-04-25,G_107,1,S,75,,S,Basura Afuera,55168,Matutino,2026-04-25 08:10:58,,129109,"POINT (  570731.390725990,   6145338.45699208)",AV MILLAN 5246,0
2026-04-25,G_107,2,S,100,,S,Basura Afuera,55168,Matutino,2026-04-25 08:11:06,,129137,"POINT (  570771.325233697,   6145310.46564282)",AV MILLAN 5115 FTE 5200,0
2026-04-25,G_107,3,S,100,,S,Basura Afuera,55168,Matutino,2026-04-25 08:11:12,,129113,"POINT (  570773.248825137,   6145309.26339817)",AV MILLAN 5115 FTE 5200,0
2026-04-25,G_107,4,S,75,,S,Basura Afuera,55168,Matutino,2026-04-25 08:26:56,,176574,"POINT (  570925.062216063,   6144770.52024656)",MARIA ORTICOCHEA 4881 FTE 4883,0
2026-04-25,G_107,5,S,100,,S,Basura Afuera,55168,Matutino,2026-04-25 08:27:07,,125883,"POINT (  570771.942785691,   6144882.23506833)",MARIA ORTICOCHEA 5193 FTE 5193,0
2026-04-25,G_107,6,S,75,,S,Basura Afuera,55168,Matutino,2026-04-25 08:27:02,,149612,"POINT (  570765.640225031,   6144886.50433496)",MARIA ORTICOCHEA Esq. CRISTOBAL CAYETANO DE HERRERA,0
2026-04-25,G_107,7,S,100,,S,Basura Afuera,55168,Matutino,2026-04-25 08:31:18,,175944,"POINT (  570735.499592375,   6144911.55512854)",MARIA ORTICOCHEA 5217 FTE 5227,0
2026-04-25,G_107,8,S,100,,S,Basura Afuera,55168,Matutino,2026-04-25 08:31:13,,125868,"POINT (  570667.618448208,   6144744.52694285)",FELIPE PEREZ DE SOSA 5095 FTE 5098,0
2026-04-25,G_107,9,S,100,,S,Basura Afuera,55168,Matutino,2026-04-25 08:35:31,,149372,"POINT (  570786.740593562,   6144660.31813818)",FELIPE PEREZ DE SOSA 5054,0
2026-04-25,G_107,10,S,100,,S,Basura Afuera,55168,Matutino,2026-04-25 08:40:58,,125893,"POINT (  571050.732104941,   6144478.78954199)",FELIPE PEREZ DE SOSA Esq. CORONILLA,0
2026-04-25,G_107,11,S,25,,S,,55168,Matutino,2026-04-25 08:41:05,,125884,"POINT (  571129.437987294,   6144429.20130670)",FELIPE PEREZ DE SOSA Esq. AV GRAL EUGENIO GARZON,0
2026-04-25,G_107,12,S,75,,S,Basura Afuera,55168,Matutino,2026-04-25 08:44:12,,125885,"POINT (  571107.202693176,   6144120.37777730)",AV ISLAS CANARIAS 4852 FTE 4857,0
2026-04-25,G_107,13,N,,Buzonera Girada,S,Basura Afuera,55168,Matutino,2026-04-25 09:16:16,,182008,"POINT (  570803.640178839,   6144151.86772890)",CORONILLA Esq. JOSE FERNANDEZ MEDINA,0
2026-04-25,G_107,14,S,100,,S,Basura Afuera,55168,Matutino,2026-04-25 09:19:57,,182009,"POINT (  570964.959860295,   6144011.36716007)",LORENZO CALLEROS 502,0
2026-04-25,G_107,15,S,50,,S,,55168,Matutino,2026-04-25 09:23:54,,125903,"POINT (  570756.412066209,   6144362.59987424)",AV ISLAS CANARIAS 5013 FTE 5013/5019. PDO CUTCSA,0
2026-04-25,G_107,16,S,100,,S,Basura Afuera,55168,Matutino,2026-04-25 09:28:07,,125911,"POINT (  570688.795436773,   6144453.66031173)",ALCIDES DE MARIA 559 FTE 559,0
2026-04-25,G_107,17,S,100,,S,Basura Afuera,55168,Matutino,2026-04-25 09:31:47,,125796,"POINT (  570747.026222589,   6144502.34836553)",TOMAS TEXERA 5045 FTE 5046,0
2026-04-25,G_107,18,N,,Contenedor No Está,N,,55168,Matutino,2026-04-25 09:32:02,,125795,"POINT (  570851.937987294,   6144431.93660083)",TOMAS TEXERA 4993 FTE 4984,0
2026-04-25,G_107,19,S,100,,S,Basura Afuera,55168,Matutino,2026-04-25 09:35:50,,125829,"POINT (  570995.320340236,   6144330.81895376)",TOMAS TEXERA 4945 FTE 4942,0
2026-04-25,G_107,20,S,75,,S,Basura Afuera,55168,Matutino,2026-04-25 09:37:41,,125828,"POINT (  571117.173281412,   6144247.52483612)",TOMAS TEXERA 4911,0
2026-04-25,G_107,21,S,75,,S,,55168,Matutino,2026-04-25 09:20:52,,125843,"POINT (  570934.542372804,   6144238.07991575)",AV ISLAS CANARIAS 4940,0
2026-04-25,G_107,22,S,100,,S,,55168,Matutino,2026-04-25 09:40:42,,125842,"POINT (  570555.621198984,   6144500.74954498)",AV ISLAS CANARIAS 5161 EN 5160. VIVIENDAS,0
2026-04-25,G_107,23,S,50,,S,,55168,Matutino,2026-04-25 09:41:43,,125820,"POINT (  570512.210812080,   6144531.65185430)",AV ISLAS CANARIAS 5193 CASA4/CASA5,0
2026-04-25,G_107,24,S,100,,S,Basura Afuera,55168,Matutino,2026-04-25 10:13:09,,125904,"POINT (  570436.879163764,   6144474.81895377)",CRISTOBAL CAYETANO DE HERRERA 1055 FTE A TALLER,0
2026-04-25,G_107,25,S,100,,S,,55168,Matutino,2026-04-25 10:16:10,,125821,"POINT (  570585.051969766,   6144311.65684271)",ALCIDES DE MARIA 1060,0
2026-04-25,G_107,26,S,100,,S,Basura Afuera,55168,Matutino,2026-04-25 09:43:57,,167252,"POINT (  570470.937987294,   6144563.93660083)",AV ISLAS CANARIAS 5210 EN 5270,0
2026-04-25,G_107,27,S,100,,S,,55168,Matutino,2026-04-25 09:45:49,,125797,"POINT (  570288.997548866,   6144693.87234581)",AV ISLAS CANARIAS 5390,0
2026-04-25,G_107,28,S,50,,S,,55168,Matutino,2026-04-25 09:47:31,,125823,"POINT (  570235.782998012,   6144727.60657001)",AV ISLAS CANARIAS 5416,0
2026-04-25,G_107,29,S,100,,S,Basura Afuera,55168,Matutino,2026-04-25 09:51:20,,125874,"POINT (  569978.408575529,   6144914.49542435)",AV ISLAS CANARIAS 5660,0
2026-04-25,G_107,30,S,100,,S,Basura Afuera,55168,Matutino,2026-04-25 10:00:03,,125873,"POINT (  569951.408575529,   6144933.55424788)",AV ISLAS CANARIAS 5664,0
2026-04-25,G_107,31,S,75,,S,,55168,Matutino,2026-04-25 10:01:16,,125875,"POINT (  569831.143869647,   6144978.55424788)",YUGOESLAVIA 1061,0
2026-04-25,G_107,32,N,,Contenedor No Está,N,,55168,Matutino,2026-04-25 09:51:49,,125846,"POINT (  569609.114801961,   6145016.32757059)",SILVESTRE PEREZ BRAVO 5810 EN 5806,0
2026-04-25,G_107,33,S,100,,S,Basura Afuera,55168,Matutino,2026-04-25 10:06:51,,125848,"POINT (  569412.146956863,   6145147.68373725)",FRIULI Esq. VITTORIO VENETO,0
2026-04-25,A_107,22,S,50,,S,Basura Afuera,55168,Matutino,2026-04-25 10:34:48,,100617,"POINT (  570135.473456770,   6143176.51731849)",GOWLAND 139,1
2026-04-25,A_107,23,S,50,,S,,55168,Matutino,2026-04-25 10:36:48,,100631,"POINT (  570191.088056880,   6143267.28216350)",GOWLAND 61,1
2026-04-25,A_107,24,S,50,,S,Basura Afuera,55168,Matutino,2026-04-25 10:39:13,,100633,"POINT (  570322.182808010,   6143465.10586010)",DIOGENES HECQUET 104,1
2026-04-25,A_107,25,S,75,,S,Basura Afuera,55168,Matutino,2026-04-25 10:42:19,,100697,"POINT (  570395.081105670,   6143571.11677789)",DIOGENES HECQUET 183,1
2026-04-25,A_107,26,S,75,,S,Basura Afuera,55168,Matutino,2026-04-25 10:42:24,,100698,"POINT (  570463.375387690,   6143552.43867529)",TIMOTE 4726 EN 4736,1
2026-04-25,A_107,27,S,100,,S,Basura Afuera,55168,Matutino,2026-04-25 10:46:42,,100699,"POINT (  570442.047797160,   6143485.11506327)",FLEYTAS Esq. PROF DR PEDRO ALBERTO BARCIA,1
2026-04-25,A_107,28,S,75,,S,Basura Afuera,55168,Matutino,2026-04-25 10:49:54,,100621,"POINT (  570335.310616100,   6143330.67257798)",FLEYTAS 65,1
2026-04-25,A_107,29,S,100,,S,Basura Afuera,55168,Matutino,2026-04-25 10:46:34,,100622,"POINT (  570262.010387000,   6143227.87052096)",ADOLFO VAILLANT 58,1
2026-04-25,A_107,30,S,100,,S,Basura Afuera,55168,Matutino,2026-04-25 11:00:06,,100623,"POINT (  570205.264067020,   6143101.45083605)",ADOLFO VAILLANT 137,1
2026-04-25,A_107,31,S,100,,S,Basura Afuera,55168,Matutino,2026-04-25 11:00:11,,100624,"POINT (  570128.410705700,   6142982.44734273)",ADOLFO VAILLANT 214,1
2026-04-25,A_107,32,S,75,,S,Basura Afuera,55168,Matutino,2026-04-25 11:02:44,,100625,"POINT (  570018.182255580,   6142818.85389177)",ADOLFO VAILLANT 294 MURO,1
2026-04-25,A_107,33,S,75,,S,Basura Afuera,55168,Matutino,2026-04-25 11:06:27,,180127,"POINT (  570127.121663368,   6142761.62871309)",ANTONIO ZUBILLAGA 279,1
2026-04-25,A_107,34,S,50,,S,,55168,Matutino,2026-04-25 11:11:20,,183288,"POINT (  570187.803456204,   6142849.86526861)",ANTONIO ZUBILLAGA 239,1
2026-04-25,A_107,35,N,,Fuego,S,Basura Afuera,55168,Matutino,2026-04-25 11:12:44,,126992,"POINT (  570283.382409954,   6142987.73778098)",ANTONIO ZUBILLAGA 163,1
2026-04-25,A_107,36,S,75,,S,,55168,Matutino,2026-04-25 11:19:02,,100616,"POINT (  570316.074720910,   6143032.47646993)",ANTONIO ZUBILLAGA 135,1
2026-04-25,A_107,37,,,,S,,55168,Matutino,,,100629,"POINT (  570353.733759990,   6143089.63443011)",ANTONIO ZUBILLAGA 93,1
2026-04-25,A_107,38,,,,S,,55168,Matutino,,,100695,"POINT (  570389.221861000,   6143143.39232480)",ANTONIO ZUBILLAGA 55,1
2026-04-25,A_107,39,,,,S,,55168,Matutino,,,100691,"POINT (  570440.389049130,   6143297.19043747)",VILLAVICENCIO 124,1
2026-04-25,A_107,40,,,,S,,55168,Matutino,,,181342,"POINT (  570472.263757627,   6143344.48068870)",VILLAVICENCIO 156,1
2026-04-25,A_107,41,,,,S,,55168,Matutino,,,100693,"POINT (  570527.618443770,   6143425.51264219)",VILLAVICENCIO 204 EN 204,1
2026-04-25,A_107,42,,,,S,,55168,Matutino,,,100665,"POINT (  570615.485418390,   6143455.26935647)",TIMOTE 4617,1
2026-04-25,A_107,43,,,,S,,55168,Matutino,,,100687,"POINT (  570529.659713130,   6143272.58490438)",LADINES 83 EN 103,1
2026-04-25,A_107,44,,,,S,,55168,Matutino,,,183353,"POINT (  570474.392799703,   6143195.48939288)",LADINES Esq. JOSE LLUPES,1
2026-04-25,A_107,45,,,,S,,55168,Matutino,,,183354,"POINT (  570473.650959941,   6143193.85734540)",LADINES Esq. JOSE LLUPES,1
2026-04-25,A_107,46,,,,S,,55168,Matutino,,,181948,"POINT (  570440.952281699,   6143145.58742397)",LADINES 75,1
2026-04-25,A_107,47,,,,S,,55168,Matutino,,,100689,"POINT (  570465.463417280,   6143098.49298349)",JULIAN LAGUNA 4579,1
2026-04-25,A_107,48,,,,S,,55168,Matutino,,,100690,"POINT (  570418.836897870,   6143005.09967379)",GREGORIO CAMINO 102,1
2026-04-25,A_107,49,,,,S,,55168,Matutino,,,100615,"POINT (  570354.101556610,   6142913.98167597)",GREGORIO CAMINO 174,1
2026-04-25,A_107,50,,,,S,,55168,Matutino,,,100685,"POINT (  570269.044053050,   6142788.21110259)",GREGORIO CAMINO 250,1
2026-04-25,A_107,51,,,,S,,55168,Matutino,,,149412,"POINT (  570199.051449261,   6142683.02124926)",GREGORIO CAMINO 284,1
2026-04-25,A_107,52,,,,S,,55168,Matutino,,,100611,"POINT (  570298.553869090,   6142608.17644033)",JUAN C MOLINA 293,1
2026-04-25,A_107,53,,,,S,,55168,Matutino,,,100682,"POINT (  570370.605322000,   6142716.53305460)",JUAN C MOLINA 242,1
2026-04-25,A_107,54,,,,S,,55168,Matutino,,,100683,"POINT (  570447.624990720,   6142829.12327804)",JUAN C MOLINA 189 EN 191,1
2026-04-25,A_107,55,,,,S,,55168,Matutino,,,100684,"POINT (  570441.094919550,   6142928.47579144)",VITORIA 4,1
2026-04-25,A_107,56,,,,S,,55168,Matutino,,,100700,"POINT (  570493.311124430,   6142995.55777879)",VITORIA 32 EN 32,1
2026-04-25,A_107,57,,,,S,,55168,Matutino,,,100676,"POINT (  570545.200158410,   6143047.90702846)",JULIAN LAGUNA 4547,1
2026-04-25,E_110,48,S,100,,S,Basura Afuera,55170,Matutino,2026-04-25 07:54:39,36,105523,"POINT (  583046.504343686,   6140619.19402389)",JUAN D ANIELLO 5836,0
2026-04-25,E_110,49,S,100,,S,,55170,Matutino,2026-04-25 07:54:44,36,105618,"POINT (  582913.893920530,   6140709.58425408)",PABLO MAÑE 2746,0
2026-04-25,E_110,50,S,100,,S,,55170,Matutino,2026-04-25 07:33:30,36,105619,"POINT (  581795.073557952,   6140892.32973508)",CNO CARRASCO Esq. ANA MARIA RUBENS,0
2026-04-25,E_110,51,S,100,,S,"Basura Afuera, Requiere Limpieza",55170,Matutino,2026-04-25 07:31:28,36,105620,"POINT (  581851.543299050,   6140752.86375757)",ANA MARIA RUBENS 2357,0
2026-04-25,E_110,52,S,100,,S,"Basura Afuera, Requiere Limpieza",55170,Matutino,2026-04-25 07:36:32,36,105622,"POINT (  582071.797060000,   6140797.94521124)",CNO CARRASCO 5286,0
2026-04-25,E_110,53,S,100,,S,,55170,Matutino,2026-04-25 07:36:40,36,105623,"POINT (  582073.621924700,   6140797.24528182)",CNO CARRASCO 5286,0
2026-04-25,E_110,54,N,,Contenedor No Está,N,,55170,Matutino,2026-04-25 07:36:49,,105596,"POINT (  582159.811218030,   6140760.24302292)",CNO ONCATIVO 2693,0
2026-04-25,E_110,55,S,100,,S,"Basura Afuera, Poda, Requiere Limpieza",55170,Matutino,2026-04-25 07:39:39,36,105531,"POINT (  582079.641166000,   6140626.07118493)",CNO ONCATIVO 2653,0
2026-04-25,E_110,56,S,100,,S,"Basura Afuera, Requiere Limpieza",55170,Matutino,2026-04-25 07:43:22,36,180351,"POINT (  582195.023075706,   6140548.89016497)",ROMILDO RISSO 2602,0
2026-04-25,E_110,57,S,100,,S,"Basura Afuera, Requiere Limpieza",55170,Matutino,2026-04-25 07:46:34,36,180352,"POINT (  582299.429855367,   6140719.73762260)",ROMILDO RISSO 2694 FTE 2501,0
2026-04-25,E_110,58,S,100,,S,"Basura Afuera, Requiere Limpieza",55170,Matutino,2026-04-25 07:11:10,36,105598,"POINT (  582439.870982311,   6140580.85522756)",PRUDENCIO MURGUIONDO 5581,0
2026-04-25,E_110,59,S,100,,S,,55170,Matutino,2026-04-25 07:10:58,36,105972,"POINT (  582438.187839802,   6140578.45073826)",PRUDENCIO MURGUIONDO 5581,0
2026-04-25,E_110,60,S,100,,S,"Basura Afuera, Requiere Limpieza",55170,Matutino,2026-04-25 07:15:03,36,105600,"POINT (  582281.254838171,   6140240.86044058)",PRUDENCIO MURGUIONDO 5129,0
2026-04-25,E_110,61,S,100,,S,"Basura Afuera, Requiere Limpieza",55170,Matutino,2026-04-25 07:25:15,36,105601,"POINT (  582224.268441768,   6140144.19997073)",PRUDENCIO MURGUIONDO Esq. CIRC INT 357,0
2026-04-25,E_107,4,S,100,,S,"Basura Afuera, Requiere Limpieza",55170,Matutino,2026-04-25 08:08:27,36,183421,"POINT (  582308.944833898,   6139630.60205819)",PEDRO COSIO 1972,1
2026-04-25,E_107,5,S,100,,S,"Basura Afuera, Requiere Limpieza",55170,Matutino,2026-04-25 08:08:34,36,105405,"POINT (  582308.325380203,   6139631.50273977)",PEDRO COSIO 1972,1
2026-04-25,E_107,6,S,100,,S,"Basura Afuera, Requiere Limpieza",55170,Matutino,2026-04-25 08:12:50,36,105407,"POINT (  582052.644496340,   6140020.10323917)",PEDRO COSIO 2132,1
2026-04-25,E_107,7,S,100,,S,"Basura Afuera, Requiere Limpieza",55170,Matutino,2026-04-25 08:12:57,36,105302,"POINT (  582002.431851070,   6140095.52838492)",PEDRO COSIO 2158,1
2026-04-25,E_107,8,S,75,,S,"Basura Afuera, Requiere Limpieza",55170,Matutino,2026-04-25 08:15:53,36,105303,"POINT (  581904.379854300,   6140246.09641178)",PEDRO COSIO 2212,1
2026-04-25,E_107,9,S,100,,S,,55170,Matutino,2026-04-25 08:16:07,36,105304,"POINT (  581903.452114800,   6140247.72723154)",PEDRO COSIO 2212,1
2026-04-25,E_107,10,N,,Tapa Bloqueda,S,,55170,Matutino,2026-04-25 08:18:56,,105402,"POINT (  581826.946622394,   6140361.18509260)",PEDRO COSIO 2260,1
2026-04-25,E_107,11,N,,Contenedor Fuera de Alcance,S,,55170,Matutino,2026-04-25 08:19:08,,158672,"POINT (  581792.642575050,   6140412.80146290)",PEDRO COSIO 2276,1
2026-04-25,E_107,12,N,,Otros,S,,55170,Matutino,2026-04-25 08:20:32,,117332,"POINT (  581752.647903031,   6140473.95564075)",PEDRO COSIO 2310,1
2026-04-25,E_107,13,S,100,,S,,55170,Matutino,2026-04-25 08:20:21,36,105401,"POINT (  581651.648801910,   6140625.62594676)",PEDRO COSIO 2386,1
2026-04-25,E_107,14,S,100,,S,,55170,Matutino,2026-04-25 08:21:24,36,180135,"POINT (  581535.384404086,   6140802.51065982)",PEDRO COSIO 2454,1
2026-04-25,E_107,15,S,25,,S,,55170,Matutino,2026-04-25 08:23:54,36,181216,"POINT (  581448.787117647,   6140934.14035294)",PEDRO COSIO 2489 FTE 2489,1
2026-04-25,E_107,16,S,75,,S,,55170,Matutino,2026-04-25 08:52:20,36,178348,"POINT (  581377.948320489,   6140727.54911223)",DR ALEJANDRO GALLINAL 2381,1
2026-04-25,E_107,17,S,100,,S,"Basura Afuera, Requiere Limpieza",55170,Matutino,2026-04-25 08:54:22,36,158652,"POINT (  581505.787001591,   6140533.02592788)",DR ALEJANDRO GALLINAL 2325,1
2026-04-25,E_107,18,S,100,,N,"Basura Afuera, Requiere Limpieza",55170,Matutino,2026-04-25 08:56:23,36,105398,"POINT (  581510.696438100,   6140525.77920328)",DR ALEJANDRO GALLINAL Esq. LUIS CLUZEAU MORTET,1
2026-04-25,E_107,19,S,100,,S,Basura Afuera,55170,Matutino,2026-04-25 09:00:51,36,179219,"POINT (  581647.863570057,   6140316.51434633)",DR ALEJANDRO GALLINAL 2245,1
2026-04-25,E_107,20,S,100,,S,,55170,Matutino,2026-04-25 09:01:00,36,179220,"POINT (  581692.368958757,   6140250.18612091)",DR ALEJANDRO GALLINAL 2225,1
2026-04-25,E_107,21,S,100,,S,,55170,Matutino,2026-04-25 09:01:04,36,179221,"POINT (  581712.255964407,   6140220.12962373)",DR ALEJANDRO GALLINAL 2183,1
2026-04-25,E_107,22,S,100,,S,,55170,Matutino,2026-04-25 09:29:01,36,162055,"POINT (  581703.596321317,   6140114.00359257)",IGUA 4801,1
2026-04-25,E_107,23,S,100,,S,Basura Afuera,55170,Matutino,2026-04-25 09:32:19,36,163212,"POINT (  581655.787059074,   6139961.31852204)",RUFINO T DOMINGUEZ 2011 FTE 2032,1
2026-04-25,E_107,24,N,,Contenedor Cruzado,S,,55170,Matutino,2026-04-25 09:32:49,,183554,"POINT (  581751.136936602,   6139982.43170153)",GODOY 4795,1
2026-04-25,E_107,25,N,,Contenedor Cruzado,S,,55170,Matutino,2026-04-25 09:33:03,,183555,"POINT (  581754.840640305,   6139984.39248584)",GODOY 4795,1
2026-04-25,E_107,26,S,100,,S,,55170,Matutino,2026-04-25 09:24:54,36,105933,"POINT (  581977.026829521,   6139796.97167840)",ESPUELITAS 4846 VEREDA,1
2026-04-25,E_107,27,S,100,,S,"Basura Afuera, Requiere Limpieza",55170,Matutino,2026-04-25 09:27:04,36,105932,"POINT (  581980.393114540,   6139799.21586841)",ESPUELITAS Esq. DR ALEJANDRO GALLINAL VEREDA,1
2026-04-25,E_107,28,S,75,,S,"Basura Afuera, Requiere Limpieza",55170,Matutino,2026-04-25 09:03:19,36,105341,"POINT (  582026.173092250,   6139743.31005996)",DR ALEJANDRO GALLINAL 2033,1
2026-04-25,E_107,29,S,100,,S,"Basura Afuera, Requiere Limpieza",55170,Matutino,2026-04-25 09:04:36,36,105340,"POINT (  582114.872379200,   6139611.65624928)",DR ALEJANDRO GALLINAL 2013,1
2026-04-25,E_107,30,S,100,,S,,55170,Matutino,2026-04-25 09:07:04,36,120992,"POINT (  582167.302082774,   6139530.07336612)",DR ALEJANDRO GALLINAL 1969,1
2026-04-25,E_107,31,N,,Contenedor No Está,N,,55170,Matutino,2026-04-25 09:07:25,,177500,"POINT (  582188.594858192,   6139494.87745085)",DR ALEJANDRO GALLINAL 1909 EN 1907,1
2026-04-25,E_107,32,S,100,,S,,55170,Matutino,2026-04-25 09:07:13,36,120972,"POINT (  582265.565545490,   6139361.59881585)",DR ALEJANDRO GALLINAL 1841,1
2026-04-25,E_107,33,S,100,,S,"Basura Afuera, Requiere Limpieza",55170,Matutino,2026-04-25 09:08:47,36,105391,"POINT (  582275.368668100,   6139343.65851079)",DR ALEJANDRO GALLINAL 1833,1
2026-04-25,E_107,34,S,75,,S,Basura Afuera,55170,Matutino,2026-04-25 09:10:55,36,105390,"POINT (  582152.394249115,   6139316.55471631)",GRAL ANDRES GOMEZ 1884,1
2026-04-25,E_107,35,S,50,,S,"Basura Afuera, Requiere Limpieza",55170,Matutino,2026-04-25 09:11:25,36,105337,"POINT (  582098.263012330,   6139320.96383675)",SEGOVIA 1919,1
2026-04-25,E_107,36,S,100,,S,,55170,Matutino,2026-04-25 09:16:42,36,105338,"POINT (  582002.714538800,   6139322.94265129)",TRES CERROS 1932,1
2026-04-25,E_107,37,S,100,,S,"Basura Afuera, Poda, Requiere Limpieza",55170,Matutino,2026-04-25 09:19:45,36,105389,"POINT (  582008.085606900,   6139467.96148823)",TRES CERROS 1992,1
2026-04-25,E_107,38,S,100,,S,"Basura Afuera, Requiere Limpieza",55170,Matutino,2026-04-25 09:21:00,36,183384,"POINT (  581984.625227504,   6139565.98362496)",GRAL ANDRES GOMEZ 2022,1
2026-04-25,E_107,39,S,50,,S,Basura Afuera,55170,Matutino,2026-04-25 09:22:33,36,183385,"POINT (  581902.537780395,   6139614.43214401)",RUFINO T DOMINGUEZ 1856,1
2026-04-25,E_107,40,S,100,,S,"Basura Afuera, Requiere Limpieza",55170,Matutino,2026-04-25 09:40:31,36,105410,"POINT (  581786.832463290,   6139784.73743622)",RUFINO T DOMINGUEZ 1932,1
2026-04-25,E_107,41,S,100,,S,"Basura Afuera, Requiere Limpieza",55170,Matutino,2026-04-25 09:41:49,36,105336,"POINT (  581739.108173400,   6139855.80913789)",RUFINO T DOMINGUEZ 1960,1
2026-04-25,E_107,42,S,100,,S,,55170,Matutino,2026-04-25 09:44:24,36,105333,"POINT (  581634.467253951,   6139903.73100330)",GODOY 4731,1
2026-04-25,E_107,43,S,50,,S,"Basura Afuera, Requiere Limpieza",55170,Matutino,2026-04-25 09:56:58,36,177391,"POINT (  581519.136366667,   6139723.27746328)",MTRO LORENZO D AURIA 1970 FTE 1972,1
2026-04-25,E_107,44,S,100,,S,,55170,Matutino,2026-04-25 09:36:02,36,105384,"POINT (  581864.480208920,   6139500.47058423)",REQUEMADA Esq. VALENCIA,1
2026-04-25,E_107,45,S,100,,S,"Basura Afuera, Requiere Limpieza",55170,Matutino,2026-04-25 09:37:32,36,105388,"POINT (  581753.949282520,   6139631.35503160)",ZARAGOZA 1896,1
2026-04-25,E_107,46,S,75,,S,Escombro,55170,Matutino,2026-04-25 09:59:34,36,105332,"POINT (  581669.284289020,   6139751.63868680)",ZARAGOZA 1948,1
2026-04-25,E_107,47,S,75,,S,Basura Afuera,55170,Matutino,2026-04-25 09:45:33,36,168192,"POINT (  581492.673903316,   6139814.97210293)",GODOY 4627,1
2026-04-25,E_107,48,S,100,,S,,55170,Matutino,2026-04-25 09:47:54,36,183500,"POINT (  581450.038375740,   6139788.60722553)",GODOY 4609,1
2026-04-25,E_107,49,S,100,,S,,55170,Matutino,2026-04-25 09:51:01,36,176377,"POINT (  581207.343362712,   6139631.63051356)",HIPOLITO YRIGOYEN 2002,1
2026-04-25,E_107,50,S,100,,S,,55170,Matutino,2026-04-25 09:51:08,36,105347,"POINT (  581204.837824420,   6139633.46269161)",HIPOLITO YRIGOYEN 2002,1
2026-04-25,E_107,51,S,100,,S,,55170,Matutino,2026-04-25 09:54:08,36,176129,"POINT (  581206.839098543,   6139764.37106301)",HIPOLITO YRIGOYEN 2050,1
2026-04-25,E_107,52,N,,Contenedor No Está,N,,55170,Matutino,2026-04-25 09:54:19,,118672,"POINT (  581206.594000504,   6139767.06714144)",HIPOLITO YRIGOYEN 2050,1
2026-04-25,E_107,53,S,100,,S,,55170,Matutino,2026-04-25 09:54:32,36,180875,"POINT (  581252.928977995,   6139805.73598693)",IGUA 4570,1
2026-04-25,E_107,54,S,75,,S,"Basura Afuera, Requiere Limpieza",55170,Matutino,2026-04-25 10:02:14,36,180269,"POINT (  581385.945329825,   6139891.34707719)",IGUA 4610,1
2026-04-25,E_107,55,S,100,,S,,55170,Matutino,2026-04-25 10:40:01,36,180007,"POINT (  581447.084818838,   6139931.93028758)",IGUA 4634 EN 4644,1
2026-04-25,E_107,56,S,100,,S,,55170,Matutino,2026-04-25 10:39:52,36,105375,"POINT (  581457.833821130,   6139938.28330100)",IGUA 4644,1
2026-04-25,E_107,57,N,,Contenedor No Está,N,,55170,Matutino,2026-04-25 10:40:17,,179223,"POINT (  581601.860484181,   6140061.82453899)",RUFINO T DOMINGUEZ Esq. IGUA,1
2026-04-25,E_107,58,S,75,,S,,55170,Matutino,2026-04-25 10:41:51,36,105378,"POINT (  581582.499137090,   6140253.69220415)",CALLE 9902 Esq. PLA A CIUDAD DE AZUL,1
2026-04-25,E_107,59,S,100,,S,,55170,Matutino,2026-04-25 10:42:40,36,105329,"POINT (  581504.901338380,   6140279.98216874)",MYOR JUAN A DOBRICH 4726,1
2026-04-25,E_107,60,S,100,,S,,55170,Matutino,2026-04-25 10:45:17,36,105379,"POINT (  581496.279360700,   6140199.98152380)",CIRC INT 2 4709,1
2026-04-25,E_107,61,S,100,,N,"Basura Afuera, Requiere Limpieza",55170,Matutino,2026-04-25 10:47:19,36,105380,"POINT (  581474.653744710,   6140140.47574373)",CIUDAD DE AZUL 4715,1
2026-04-25,E_107,62,S,100,,S,,55170,Matutino,2026-04-25 10:48:46,36,105330,"POINT (  581311.624490639,   6140066.43477925)",CIUDAD DE AZUL 4535,1
2026-04-25,E_107,63,N,,Contenedor No Está,S,,55170,Matutino,2026-04-25 10:48:55,,105381,"POINT (  581254.237346018,   6140041.42809053)",CIUDAD DE AZUL 4507,1
2026-04-25,E_107,64,N,,Contenedor No Está,S,,55170,Matutino,2026-04-25 10:49:35,,105310,"POINT (  581238.367716640,   6140079.89991933)",HIPOLITO YRIGOYEN 2166,1
2026-04-25,E_107,65,S,100,,S,,55170,Matutino,2026-04-25 10:51:03,36,105373,"POINT (  581252.461140750,   6140305.28272606)",ADOLFO PEDRALBES 2290,1
2026-04-25,E_107,66,S,100,,S,,55170,Matutino,2026-04-25 10:52:41,36,105372,"POINT (  581312.105388499,   6140341.82895371)",RAMON RODRIGUEZ SOCAS 2591,1
2026-04-25,E_107,67,S,100,,S,,55170,Matutino,2026-04-25 10:55:30,36,182243,"POINT (  581404.795254643,   6140189.90359912)",CAP LUIS DUARTE 2141 PROV O (DESDE MYOR JUAN A DOBRICH 4592),1
2026-04-25,E_107,68,N,,Otros,N,,55170,Matutino,2026-04-25 10:55:50,,105327,"POINT (  581269.305478963,   6140140.49304968)",MYOR JUAN A DOBRICH 4616,1
2026-04-25,E_107,69,N,,Contenedor No Está,S,,55170,Matutino,2026-04-25 10:56:01,,105345,"POINT (  581216.887612229,   6140198.52139145)",HIPOLITO YRIGOYEN 2299,1
2026-04-25,E_107,70,N,,Contenedor No Está,S,,55170,Matutino,2026-04-25 10:57:36,,105321,"POINT (  581247.938136000,   6140409.73586495)",DR SAYAGUES LASO 4772,1
2026-04-25,E_107,71,S,100,,S,,55170,Matutino,2026-04-25 11:00:51,36,105322,"POINT (  581318.517359964,   6140513.83008829)",DR JOSE CREMONESI 2309,1
2026-04-25,E_107,72,S,100,,S,"Basura Afuera, Poda, Requiere Limpieza",55170,Matutino,2026-04-25 11:06:17,36,181593,"POINT (  581064.644541205,   6140610.63817889)",ADOLFO PEDRALBES 2390,1
2026-04-25,E_107,73,S,100,,S,,55170,Matutino,2026-04-25 11:08:18,36,105367,"POINT (  581013.467817470,   6140703.78474297)",ADOLFO PEDRALBES 2421,1
2026-04-25,E_107,74,S,100,,N,Basura Afuera,55170,Matutino,2026-04-25 11:10:04,36,105368,"POINT (  581024.074733900,   6140762.54225919)",DR ALEJANDRO LAGARMILLA 4754,1
2026-04-25,E_107,75,S,100,,N,,55170,Matutino,2026-04-25 11:11:08,36,105324,"POINT (  581042.001090494,   6140855.10726957)",PETRONA ROSENDE 4795,1
2026-04-25,E_107,76,S,75,,S,,55170,Matutino,2026-04-25 11:13:17,36,181661,"POINT (  580905.745734812,   6140768.26650238)",PETRONA ROSENDE 4711,1
2026-04-25,E_107,77,N,,Contenedor No Está,S,,55170,Matutino,2026-04-25 11:13:40,,105307,"POINT (  580861.664393013,   6140797.39952637)",HIPOLITO YRIGOYEN 2470,1
2026-04-25,E_107,78,S,100,,S,,55170,Matutino,2026-04-25 11:16:21,36,183517,"POINT (  580957.030752609,   6140911.27295853)",CNO CARRASCO 4774,1
2026-04-25,E_107,79,S,100,,S,"Basura Afuera, Poda, Requiere Limpieza",55170,Matutino,2026-04-25 11:04:55,36,181594,"POINT (  581206.651377289,   6140667.27554874)",DR JOSE CREMONESI Esq. DR MELITON ROMERO,1
2026-04-25,E_107,80,S,100,,S,"Basura Afuera, Poda, Requiere Limpieza",55170,Matutino,2026-04-25 11:21:44,36,105325,"POINT (  581213.121081280,   6140508.25334586)",DR CARLOS SALVAGNO CAMPOS 4773,1
2026-04-25,E_107,81,N,,Contenedor No Está,S,,55170,Matutino,2026-04-25 11:11:38,,105365,"POINT (  581111.156756863,   6140441.81663529)",DR CARLOS SALVAGNO CAMPOS 4701,1
2026-04-25,E_107,82,S,75,,S,"Basura Afuera, Requiere Limpieza",55170,Matutino,2026-04-25 11:23:04,36,105308,"POINT (  581058.055796080,   6140499.79223151)",HIPOLITO YRIGOYEN 2372,1
2026-04-25,E_107,83,N,,Contenedor No Está,N,,55170,Matutino,2026-04-25 11:23:13,,105309,"POINT (  580931.394582706,   6140686.15182144)",HIPOLITO YRIGOYEN 2428,1
2026-04-25,E_107,84,S,75,,S,,55170,Matutino,2026-04-25 11:29:27,36,105348,"POINT (  581252.995026545,   6140974.24971438)",CNO CARRASCO 4908,1
2026-04-25,E_107,85,S,100,,S,,55170,Matutino,2026-04-25 11:29:34,36,109032,"POINT (  581260.689392304,   6140975.85270725)",CNO CARRASCO 4908,1
2026-04-25,E_107,86,S,100,,S,,55170,Matutino,2026-04-25 11:29:39,36,105409,"POINT (  581267.582261630,   6140977.45570012)",CNO CARRASCO 4912,1
2026-04-25,E_107,87,S,100,,S,,55170,Matutino,2026-04-25 07:58:30,36,180711,"POINT (  581593.022361002,   6140944.45461242)",ALBERTO ZUM FELDE 2407 EN 2409,1
2026-04-25,E_107,88,S,75,,S,,55170,Matutino,2026-04-25 07:58:39,36,180712,"POINT (  581623.741315251,   6140899.57443813)",ALBERTO ZUM FELDE 2393,1
2026-04-25,E_107,89,S,50,,S,,55170,Matutino,2026-04-25 07:59:13,36,180988,"POINT (  581658.564669852,   6140844.15565779)",ALBERTO ZUM FELDE 2369 EN 2369,1
2026-04-25,E_102,80,S,100,,S,,55171,Matutino,2026-04-25 07:20:09,,105451,"POINT (  578443.686288794,   6140082.79093257)",JUAN DE DIOS PEZA 2411,0
2026-04-25,E_102,81,S,75,,S,,55171,Matutino,2026-04-25 07:20:18,,105450,"POINT (  578445.855400000,   6140079.63500640)",JUAN DE DIOS PEZA 2411,0
2026-04-25,E_102,82,S,75,,S,,55171,Matutino,2026-04-25 07:24:57,,181942,"POINT (  578491.226999544,   6139949.93017964)",DR JUAN B MORELLI 3579,0
2026-04-25,E_102,83,S,75,,S,,55171,Matutino,2026-04-25 07:24:39,,181829,"POINT (  578487.568646405,   6139948.43921525)",DR JUAN B MORELLI 3579,0
2026-04-25,E_102,84,S,100,,S,,55171,Matutino,2026-04-25 07:35:04,,105453,"POINT (  578241.702666480,   6140231.53331891)",PERNAS 2540 ESQ,0
2026-04-25,E_102,85,S,75,,S,,55171,Matutino,2026-04-25 07:40:14,,180627,"POINT (  578413.237550283,   6140232.08477458)",COMERCIO 2479,0
2026-04-25,E_102,86,S,50,,S,,55171,Matutino,2026-04-25 07:43:23,,179299,"POINT (  578416.929372767,   6140228.72392832)",COMERCIO 2475,0
2026-04-25,E_102,87,S,50,,S,,55171,Matutino,2026-04-25 07:43:16,,181939,"POINT (  578500.783313538,   6140146.17591342)",COMERCIO 2415 2417,0
2026-04-25,E_102,88,S,50,,S,,55171,Matutino,2026-04-25 07:48:09,,181940,"POINT (  578557.324837998,   6140089.63438896)",COMERCIO 2381,0
2026-04-25,E_102,89,S,75,,S,,55171,Matutino,2026-04-25 07:48:01,,181938,"POINT (  578560.965338567,   6140086.33518533)",COMERCIO 2381,0
2026-04-25,E_102,90,S,75,,S,"Basura Afuera, Requiere Limpieza",55171,Matutino,2026-04-25 07:51:22,,105464,"POINT (  578705.866430400,   6140101.70801148)",DR JUAN B MORELLI 3726,0
2026-04-25,E_102,91,S,75,,S,"Basura Afuera, Requiere Limpieza",55171,Matutino,2026-04-25 07:54:56,,105420,"POINT (  578741.935644292,   6140189.67703999)",ING JOSE SERRATO 2363,0
2026-04-25,E_102,92,S,50,,S,,55171,Matutino,2026-04-25 08:01:29,,105459,"POINT (  578701.911994115,   6140243.44452941)",ING JOSE SERRATO Esq. ANTONIO F SARAVIA,0
2026-04-25,E_102,93,S,75,,S,Requiere Limpieza,55171,Matutino,2026-04-25 07:59:27,,105419,"POINT (  578625.088464703,   6140215.20923529)",ANTONIO F SARAVIA 3715,0
2026-04-25,E_102,94,S,75,,S,"Basura Afuera, Requiere Limpieza",55171,Matutino,2026-04-25 08:01:16,,179298,"POINT (  578623.794347056,   6140214.20923529)",ANTONIO F SARAVIA 3715,0
2026-04-25,E_102,95,S,100,,S,"Basura Afuera, Requiere Limpieza",55171,Matutino,2026-04-25 08:05:50,,181833,"POINT (  578593.668864270,   6140210.20392113)",GDOR VIANA 2414 FTE 2417,0
2026-04-25,E_102,96,S,75,,S,"Basura Afuera, Requiere Limpieza",55171,Matutino,2026-04-25 08:05:43,,181832,"POINT (  578592.143809804,   6140212.38257037)",GDOR VIANA 2414 FTE 2417,0
2026-04-25,E_102,97,S,75,,S,,55171,Matutino,2026-04-25 08:10:33,,183502,"POINT (  578686.917916772,   6140363.05511665)",JOSE ANTONIO CABRERA 3788,0
2026-04-25,E_102,98,S,100,,S,"Basura Afuera, Requiere Limpieza",55171,Matutino,2026-04-25 08:10:42,,183547,"POINT (  578688.644449152,   6140364.90931469)",JOSE ANTONIO CABRERA 3788 EN 3790/3788,0
2026-04-25,E_102,1,N,,Contenedor No Está,N,,55171,Matutino,2026-04-25 10:34:47,,183101,"POINT (  579923.842461728,   6139591.43774691)",SANTANDER 2087,1
2026-04-25,E_102,2,S,50,,S,,55171,Matutino,2026-04-25 08:19:28,,105518,"POINT (  579910.430224113,   6139526.99179977)",SANTANDER 2051 2059/2067,1
2026-04-25,E_102,3,N,,Contenedor No Está,N,,55171,Matutino,2026-04-25 08:19:47,,105519,"POINT (  579757.082035610,   6139519.88161636)",ANDRES BELLO 3753,1
2026-04-25,E_102,4,S,75,,S,,55171,Matutino,2026-04-25 08:18:58,,105438,"POINT (  579752.847622000,   6139569.70354211)",RAMALLO 2072,1
2026-04-25,E_102,5,S,75,,S,"Basura Afuera, Requiere Limpieza",55171,Matutino,2026-04-25 08:38:01,,181063,"POINT (  579639.205315819,   6139604.57112542)",MINNESOTA 2081,1
2026-04-25,E_102,6,S,75,,S,,55171,Matutino,2026-04-25 08:45:08,,181646,"POINT (  579628.349268942,   6139506.22200683)",MINNESOTA 2037 EN 2037,1
2026-04-25,E_102,7,S,75,,S,,55171,Matutino,2026-04-25 08:46:36,,181062,"POINT (  579617.660438418,   6139419.62376836)",MINNESOTA 1991 EN 1995,1
2026-04-25,E_102,8,S,75,,S,,55171,Matutino,2026-04-25 08:49:07,,105506,"POINT (  579559.598791278,   6139403.44194447)",BENITO AIZPURUA 1946,1
2026-04-25,E_102,9,S,75,,S,,55171,Matutino,2026-04-25 09:11:15,,179261,"POINT (  579582.695916675,   6139482.07510315)",ALFONSO RODRIGUEZ CASTELAO 1968,1
2026-04-25,E_102,10,S,75,,S,"Basura Afuera, Requiere Limpieza",55171,Matutino,2026-04-25 09:13:44,,183452,"POINT (  579499.453078867,   6139565.05264248)",ALFONSO RODRIGUEZ CASTELAO 2008,1
2026-04-25,E_102,11,S,75,,S,,55171,Matutino,2026-04-25 08:51:23,,105500,"POINT (  579448.264935293,   6139407.09158824)",LAMBARE 1979,1
2026-04-25,E_102,12,S,75,,S,,55171,Matutino,2026-04-25 10:01:57,,180622,"POINT (  579548.597433898,   6139305.55993559)",LAMBARE 1921,1
2026-04-25,E_102,13,S,75,,S,,55171,Matutino,2026-04-25 10:05:02,,181822,"POINT (  579682.804874728,   6139284.30707342)",GAUNA 3884 EN 3886,1
2026-04-25,E_102,14,S,75,,S,,55171,Matutino,2026-04-25 10:06:56,,181821,"POINT (  579695.059776689,   6139283.32668126)",GAUNA 3894,1
2026-04-25,E_102,15,S,50,,S,,55171,Matutino,2026-04-25 10:06:46,,181820,"POINT (  579846.802696079,   6139277.17199717)",GAUNA 3944 EN 3948,1
2026-04-25,E_102,16,S,25,,S,,55171,Matutino,2026-04-25 10:11:05,,181819,"POINT (  579855.408360567,   6139409.47047212)",ALFONSO RODRIGUEZ CASTELAO 3835 FTE 3840,1
2026-04-25,E_102,17,S,50,,S,,55171,Matutino,2026-04-25 10:10:58,,181818,"POINT (  579853.502042484,   6139409.68833704)",ALFONSO RODRIGUEZ CASTELAO 3835 FTE 3840,1
2026-04-25,E_102,18,S,75,,S,,55171,Matutino,2026-04-25 10:10:46,,181817,"POINT (  579851.214460785,   6139410.01513442)",ALFONSO RODRIGUEZ CASTELAO 3833 FTE 3840,1
2026-04-25,E_102,19,S,50,,N,,55171,Matutino,2026-04-25 10:16:06,,181815,"POINT (  579749.471541394,   6139419.16546122)",ALFONSO RODRIGUEZ CASTELAO 3751,1
2026-04-25,E_102,20,S,50,,S,,55171,Matutino,2026-04-25 11:27:32,,182019,"POINT (  579709.895190865,   6139314.69660856)",RAMALLO 1955 PDO 1957,1
2026-04-25,E_102,21,S,50,,S,,55171,Matutino,2026-04-25 11:27:44,,181920,"POINT (  579702.687269511,   6139237.73256371)",RAMALLO 1935,1
2026-04-25,E_102,22,N,,Contenedor No Está,N,,55171,Matutino,2026-04-25 10:45:06,,105502,"POINT (  579458.600950610,   6139276.35780930)",GAUNA 3771,1
2026-04-25,E_102,23,S,50,,S,,55171,Matutino,2026-04-25 10:23:43,,125472,"POINT (  579344.115200265,   6139323.01658757)",COMERCIO 1988,1
2026-04-25,E_102,24,S,50,,S,,55171,Matutino,2026-04-25 10:23:34,,105503,"POINT (  579342.029641175,   6139324.85629412)",COMERCIO 1988,1
2026-04-25,E_102,25,S,75,,S,,55171,Matutino,2026-04-25 10:43:33,,166972,"POINT (  579438.231258277,   6139314.20304838)",RAFAEL PEREZ 1945,1
2026-04-25,E_102,26,S,50,,S,,55171,Matutino,2026-04-25 10:43:49,,105496,"POINT (  579594.090015850,   6139193.91096877)",MINNESOTA 1905,1
2026-04-25,E_102,27,S,50,,S,,55171,Matutino,2026-04-25 10:21:05,,105497,"POINT (  579433.640878500,   6139232.41222757)",COMERCIO 1942,1
2026-04-25,E_102,28,S,50,,S,,55171,Matutino,2026-04-25 10:48:25,,180616,"POINT (  579317.521072881,   6139284.61828644)",HERNANDARIAS 3643,1
2026-04-25,E_102,29,S,75,,S,,55171,Matutino,2026-04-25 10:49:43,,180617,"POINT (  579240.119942937,   6139208.29060282)",HERNANDARIAS 3609,1
2026-04-25,E_102,30,S,50,,S,,55171,Matutino,2026-04-25 10:51:55,,179266,"POINT (  579175.788051540,   6139240.77272790)",DIONISIO LOPEZ 1980,1
2026-04-25,E_102,31,S,100,,S,,55171,Matutino,2026-04-25 10:57:24,,105489,"POINT (  579197.075217133,   6139314.56261430)",MIGUEL ANGEL 3622 FTE 3619,1
2026-04-25,E_102,32,S,50,,S,,55171,Matutino,2026-04-25 11:01:05,,105427,"POINT (  579291.566863190,   6139353.29799843)",COMERCIO 1983,1
2026-04-25,E_102,33,S,75,,S,,55171,Matutino,2026-04-25 11:00:45,,125452,"POINT (  579295.365537225,   6139350.62804615)",COMERCIO 1983,1
2026-04-25,E_102,34,S,75,,S,Requiere Limpieza,55171,Matutino,2026-04-25 09:16:02,,105443,"POINT (  579470.853720780,   6139629.88626616)",MIGUEL ANGEL 3751,1
2026-04-25,E_102,35,S,75,,S,"Basura Afuera, Requiere Limpieza",55171,Matutino,2026-04-25 09:16:11,,105442,"POINT (  579536.532172620,   6139695.92509360)",MIGUEL ANGEL 3849,1
2026-04-25,E_102,36,S,75,,S,,55171,Matutino,2026-04-25 11:07:23,,179471,"POINT (  579566.566218274,   6139606.82003281)",CUBO DEL SUR 3805 PROV OV. O: MINNESOTA 2081,1
2026-04-25,E_102,37,N,,Contenedor No Está,S,,55171,Matutino,2026-04-25 11:10:55,,179258,"POINT (  579537.206111764,   6139576.62100000)",CUBO DEL SUR 3785,1
2026-04-25,E_102,38,S,25,,S,,55171,Matutino,2026-04-25 11:10:45,,105507,"POINT (  579419.049729260,   6139544.92772008)",BENITO AIZPURUA 2044,1
2026-04-25,E_102,39,S,50,,S,,55171,Matutino,2026-04-25 11:14:43,,176199,"POINT (  579355.794347058,   6139530.38570588)",MIGUEL ANGEL 3739,1
2026-04-25,E_102,40,S,50,,S,,55171,Matutino,2026-04-25 11:14:37,,105429,"POINT (  579352.264935293,   6139527.09158824)",MIGUEL ANGEL Esq. LAMBARE,1
2026-04-25,E_102,41,S,75,,S,,55171,Matutino,2026-04-25 11:17:07,,182130,"POINT (  579131.504504209,   6139532.89116519)",COMERCIO 2082 2088 calle,1
2026-04-25,E_102,42,N,,Contenedor No Está,N,,55171,Matutino,2026-04-25 09:17:01,,181912,"POINT (  579121.166350980,   6139561.69761830)",LOMBARDINI 3656,1
2026-04-25,E_102,43,S,50,,S,,55171,Matutino,2026-04-25 09:16:48,,156392,"POINT (  579195.607729260,   6139620.04793025)",CNEL EUGENIO MANUEL ABELLA 2089,1
2026-04-25,E_102,44,S,75,,S,,55171,Matutino,2026-04-25 09:01:21,,105430,"POINT (  579199.220617450,   6139617.81368379)",CNEL EUGENIO MANUEL ABELLA 2089,1
2026-04-25,E_102,45,S,75,,S,,55171,Matutino,2026-04-25 09:00:58,,105505,"POINT (  579301.441405881,   6139576.03276471)",PEDRO RICALDONI 3730,1
2026-04-25,E_102,46,S,75,,S,Requiere Limpieza,55171,Matutino,2026-04-25 09:01:06,,105488,"POINT (  579304.735523528,   6139579.56217647)",PEDRO RICALDONI 3730,1
2026-04-25,E_102,47,S,75,,S,"Basura Afuera, Requiere Limpieza",55171,Matutino,2026-04-25 08:54:25,,181827,"POINT (  579330.661789324,   6139664.69268148)",BENITO AIZPURUA 2060 FTE 2061,1
2026-04-25,E_102,48,,,,S,,55171,Matutino,,,105432,"POINT (  579269.747431591,   6139728.15121765)",LOMBARDINI Esq. BENITO AIZPURUA,1
2026-04-25,E_102,49,,,,S,,55171,Matutino,,,105508,"POINT (  579205.887565930,   6139795.02838171)",BENITO AIZPURUA 2108,1
2026-04-25,E_102,50,,,,S,,55171,Matutino,,,105509,"POINT (  579153.441405881,   6139850.85629412)",BENITO AIZPURUA 2177,1
2026-04-25,E_102,51,,,,S,,55171,Matutino,,,177281,"POINT (  578970.321472374,   6139678.18940634)",COMERCIO 2173,1
2026-04-25,E_102,52,,,,S,,55171,Matutino,,,183471,"POINT (  578977.530311124,   6139591.06961850)",MATEO CABRAL 3629 EN 3625,1
2026-04-25,E_102,53,,,,S,,55171,Matutino,,,180069,"POINT (  578910.802957019,   6139527.35764631)",MATEO CABRAL 3563 EN 3563,1
2026-04-25,E_102,54,,,,S,,55171,Matutino,,,181826,"POINT (  579046.702094336,   6139357.66653769)",DIONISIO LOPEZ 2055,1
2026-04-25,E_102,55,,,,S,,55171,Matutino,,,175418,"POINT (  579097.653143606,   6139378.21943185)",PEDRO RICALDONI 3618,1
2026-04-25,E_102,56,,,,S,,55171,Matutino,,,181824,"POINT (  579075.724264706,   6139460.55979674)",JUAN DE DIOS PEZA 2082,1
2026-04-25,E_102,57,,,,S,,55171,Matutino,,,181825,"POINT (  579024.417075164,   6139511.43125643)",JUAN DE DIOS PEZA 2110,1
2026-04-25,E_102,58,,,,S,,55171,Matutino,,,179267,"POINT (  578782.535310819,   6139679.44359984)",AZARA 3579,1
2026-04-25,E_102,59,,,,S,,55171,Matutino,,,105479,"POINT (  578765.598685010,   6139660.42809769)",AZARA 3553,1
2026-04-25,E_102,60,,,,S,,55171,Matutino,,,179268,"POINT (  578699.751119033,   6139605.52781767)",AZARA 3509 EN 3513,1
2026-04-25,E_102,61,,,,S,,55171,Matutino,,,173772,"POINT (  578613.903833505,   6139697.64249390)",JUSTO MAESO 3562,1
2026-04-25,E_102,62,,,,S,,55171,Matutino,,,125132,"POINT (  578686.019068711,   6139769.16837733)",JUSTO MAESO 3588,1
2026-04-25,E_102,63,,,,S,,55171,Matutino,,,177282,"POINT (  578769.947364062,   6139851.15233663)",JUSTO MAESO 3628,1
2026-04-25,E_102,64,,,,S,,55171,Matutino,,,105433,"POINT (  578924.974791080,   6139720.43063394)",COMERCIO 2189,1
2026-04-25,E_102,65,,,,N,,55171,Matutino,,,181937,"POINT (  579115.552192226,   6139721.14815552)",MATEO CABRAL 3704 3704,1
2026-04-25,E_102,66,,,,S,,55171,Matutino,,,181933,"POINT (  579299.779214452,   6139914.14313696)",MATEO CABRAL 3770 MATEO CABRAL 3792,1
2026-04-25,E_102,67,,,,S,,55171,Matutino,,,181934,"POINT (  579301.406599412,   6139916.10722226)",MATEO CABRAL 3770 MATEO CABRAL 3792,1
2026-04-25,E_102,68,,,,S,,55171,Matutino,,,182021,"POINT (  579186.619636945,   6140019.76985147)",AZARA 3827,1
2026-04-25,E_102,69,,,,S,,55171,Matutino,,,182020,"POINT (  579077.272306105,   6139943.28873160)",AZARA Esq. BENITO AIZPURUA,1
2026-04-25,E_102,70,,,,S,,55171,Matutino,,,181823,"POINT (  578897.183959695,   6139856.09356580)",GDOR VIANA 2224,1
2026-04-25,E_102,71,,,,S,,55171,Matutino,,,180311,"POINT (  578895.707486928,   6139930.35070109)",VICTOR ARREGUINE 3732 EN 3728/3732,1
2026-04-25,E_102,72,,,,N,,55171,Matutino,,,181834,"POINT (  578819.812655119,   6140035.47625228)",AGUSTIN SOSA 3697 EN 3697 BIS,1
2026-04-25,E_102,73,,,,S,,55171,Matutino,,,181066,"POINT (  578734.541245198,   6139945.37126158)",AGUSTIN SOSA 3657 EN 3654 FTE.,1
2026-04-25,E_102,74,,,,S,,55171,Matutino,,,105462,"POINT (  578635.413001990,   6139879.98692780)",AGUSTIN SOSA 3595,1
2026-04-25,E_102,75,,,,S,,55171,Matutino,,,105413,"POINT (  578534.260761310,   6139813.74725826)",AGUSTIN SOSA 3551,1
2026-04-25,E_102,76,,,,S,,55171,Matutino,,,105446,"POINT (  578507.088464704,   6139836.03276471)",PERNAS 2316,1
2026-04-25,E_102,77,,,,S,,55171,Matutino,,,105416,"POINT (  578413.241448820,   6139976.02702338)",PERNAS 2384,1
2026-04-25,E_102,78,S,75,,S,Requiere Limpieza,55171,Matutino,2026-04-25 12:13:11,,105417,"POINT (  578357.610733331,   6140060.97855717)",PERNAS 2429,1
2026-04-25,E_102,79,,,,S,,55171,Matutino,,,162952,"POINT (  578356.094178589,   6140063.19796055)",PERNAS 2432,1
2026-04-25,CH_109,25,S,25,,S,,55200,Matutino,2026-04-25 07:11:29,,175792,"POINT (  579711.093895480,   6137519.31602543)",AV TOMAS BASAÑEZ Esq. RIZAL MURO CEMENTERIO,0
2026-04-25,CH_109,29,S,25,,S,,55200,Matutino,2026-04-25 07:15:04,,175804,"POINT (  579285.500675141,   6137227.28212713)",RBLA ARMENIA 3795 VEREDA. EDIFICIO,0
2026-04-25,CH_109,30,S,100,,S,,55200,Matutino,2026-04-25 07:20:43,,181968,"POINT (  578743.391500218,   6136606.77219063)",RBLA REPUBLICA DEL PERU 1503 REBAJE/ENTRADA PRINCIPAL,0
2026-04-25,CH_109,31,S,100,,S,,55200,Matutino,2026-04-25 08:00:17,,181967,"POINT (  578598.947055773,   6136632.37131917)",RBLA REPUBLICA DEL PERU 1419 EN 1421. EDIFICIO ARCADIA. REBAJE/PUERTA,0
2026-04-25,CH_109,33,S,50,,S,,55200,Matutino,2026-04-25 08:02:17,,175805,"POINT (  578079.794460452,   6136468.18608193)",RBLA REPUBLICA DEL PERU 1175 VEREDA. EN 1179. REBAJE/REBAJE,0
2026-04-25,CH_109,34,S,100,,S,,55200,Matutino,2026-04-25 08:04:28,,175806,"POINT (  577990.585420904,   6136375.36122317)",RBLA REPUBLICA DEL PERU 1105 VEREDA,0
2026-04-25,CH_109,35,S,100,,S,,55200,Matutino,2026-04-25 08:07:18,,175807,"POINT (  577923.271890055,   6136296.12803885)",RBLA REPUBLICA DEL PERU 1057 EN 1069. URBAN HAUS,0
2026-04-25,CH_109,36,S,100,,S,,55200,Matutino,2026-04-25 08:10:06,,175808,"POINT (  577861.489375706,   6136224.96574295)",RBLA REPUBLICA DEL PERU 1003 EN 1017. BIGG FITNESS,0
2026-04-25,CH_109,37,S,100,,S,,55200,Matutino,2026-04-25 08:12:33,,175809,"POINT (  577828.212539548,   6136182.14088419)",RBLA REPUBLICA DEL PERU 999,0
2026-04-25,CH_109,38,N,,Contenedor No Está,S,,55200,Matutino,2026-04-25 08:13:28,,175810,"POINT (  577731.828358757,   6135963.55331357)",RBLA REPUBLICA DEL PERU 877,0
2026-04-25,CH_109,39,S,75,,S,,55200,Matutino,2026-04-25 08:16:23,,175811,"POINT (  577724.047951766,   6135859.19022056)",RBLA REPUBLICA DEL PERU 809 EN 811,0
2026-04-25,CH_109,40,S,100,,S,,55200,Matutino,2026-04-25 08:16:17,,176843,"POINT (  577722.037919527,   6135854.03652189)",RBLA REPUBLICA DEL PERU 809 PROV PELIGRO DERRUMBE DESDE RBLA REPUBLICA DEL PERU 765,0
2026-04-25,CH_109,41,S,75,,S,,55200,Matutino,2026-04-25 08:18:22,,175813,"POINT (  577749.454517198,   6135605.30459024)",RBLA REPUBLICA DEL PERU 727 EN 727/735,0
2026-04-25,CH_109,42,S,100,,S,,55200,Matutino,2026-04-25 08:21:17,,175814,"POINT (  577717.119762258,   6135504.77483730)",RBLA MAHATMA GANDHI 669 ESTACIONAMIENTO,0
2026-04-25,CH_109,43,S,100,,S,Requiere Limpieza,55200,Matutino,2026-04-25 08:25:17,,175816,"POINT (  577615.557172318,   6135344.62675990)",RBLA MAHATMA GANDHI 617 ESTACIONAMIENTO,0
2026-04-25,CH_109,44,S,100,,S,,55200,Matutino,2026-04-25 08:35:00,,175817,"POINT (  577505.133443504,   6135249.20303108)",RBLA MAHATMA GANDHI 567,0
2026-04-25,CH_109,45,S,100,,S,,55200,Matutino,2026-04-25 08:35:06,,175818,"POINT (  577502.802935030,   6135247.66348306)",RBLA MAHATMA GANDHI 567,0
2026-04-25,CH_109,46,S,100,,S,,55200,Matutino,2026-04-25 08:36:30,,175819,"POINT (  577399.716776837,   6135161.32167515)",RBLA MAHATMA GANDHI 519,0
2026-04-25,CH_109,47,S,100,,S,,55200,Matutino,2026-04-25 08:38:39,,175820,"POINT (  577306.383443504,   6135078.96291809)",RBLA MAHATMA GANDHI 485,0
2026-04-25,CH_109,48,S,100,,S,,55200,Matutino,2026-04-25 08:43:33,,175821,"POINT (  577218.925816386,   6135003.59568645)",RBLA MAHATMA GANDHI 421,0
2026-04-25,CH_109,49,S,100,,S,,55200,Matutino,2026-04-25 08:48:03,,175822,"POINT (  577130.840970137,   6134926.34799328)",RBLA MAHATMA GANDHI 371 EN 365. CERCO VEGETAL,0
2026-04-25,CH_109,50,S,100,,S,,55200,Matutino,2026-04-25 08:47:57,,175823,"POINT (  577087.922991528,   6134887.97421753)",RBLA MAHATMA GANDHI 343 PDO COLUMNA,0
2026-04-25,CH_109,51,S,100,,S,,55200,Matutino,2026-04-25 08:51:30,,175824,"POINT (  576968.233725991,   6134786.56178815)",RBLA MAHATMA GANDHI 211,0
2026-04-25,CH_109,52,S,100,,S,,55200,Matutino,2026-04-25 08:54:24,,175825,"POINT (  576905.211127121,   6134730.12111019)",RBLA MAHATMA GANDHI 181 EN 183,0
2026-04-25,CH_109,54,S,75,,S,,55200,Matutino,2026-04-25 08:57:33,,175827,"POINT (  576811.990293014,   6134635.44101384)",RBLA MAHATMA GANDHI 129 EN 137,0
2026-04-25,CH_107,34,S,100,,S,,55200,Matutino,2026-04-25 09:15:14,,183334,"POINT (  577918.043870337,   6136738.19281211)",MIGUEL BARREIRO 3214,1
2026-04-25,CH_107,35,S,100,,S,,55200,Matutino,2026-04-25 09:15:40,,183094,"POINT (  577919.165780887,   6136737.12428840)",MIGUEL BARREIRO 3214 VEREDA,1
2026-04-25,CH_107,36,S,75,,S,,55200,Matutino,2026-04-25 09:15:57,,183382,"POINT (  577920.175904427,   6136735.87294143)",MIGUEL BARREIRO 3214,1
2026-04-25,CH_107,37,S,100,,S,,55200,Matutino,2026-04-25 09:16:04,,183095,"POINT (  577936.003096018,   6136715.96387884)",MIGUEL BARREIRO 3236 VEREDA,1
2026-04-25,CH_107,38,S,100,,S,,55200,Matutino,2026-04-25 09:15:50,,175979,"POINT (  577991.516275801,   6136641.10263646)",MIGUEL BARREIRO 3278 VEREDA,1
2026-04-25,CH_107,39,S,100,,S,,55200,Matutino,2026-04-25 09:35:57,,175980,"POINT (  578040.797249238,   6136582.24451787)",MIGUEL BARREIRO 3316 VEREDA. EN 3318/3316,1
2026-04-25,CH_107,40,S,100,,S,,55200,Matutino,2026-04-25 09:35:51,,176516,"POINT (  578042.649101089,   6136578.97654401)",MIGUEL BARREIRO 3316 VEREDA. EN 3318/3316. OS 4731736,1
2026-04-25,CH_107,41,S,100,,S,,55200,Matutino,2026-04-25 09:35:44,,181962,"POINT (  578068.471624837,   6136540.17617168)",MIGUEL BARREIRO 3336,1
2026-04-25,CH_107,42,S,100,,S,,55200,Matutino,2026-04-25 09:35:38,,181963,"POINT (  578070.432409150,   6136537.34392767)",MIGUEL BARREIRO 3336,1
2026-04-25,CH_107,45,S,100,,S,,55200,Matutino,2026-04-25 09:42:23,,178774,"POINT (  578163.436338252,   6136610.01053496)",MANUEL V PAGOLA 3347,1
2026-04-25,CH_107,46,S,100,,S,,55200,Matutino,2026-04-25 09:42:31,,175986,"POINT (  578159.804102157,   6136614.09680057)",MANUEL V PAGOLA 3347,1
2026-04-25,CH_107,47,,,,S,,55200,Matutino,,,175987,"POINT (  578131.541321871,   6136655.56783302)",MANUEL V PAGOLA 3315 EN 3319/3315,1
2026-04-25,CH_107,48,,,,S,,55200,Matutino,,,175988,"POINT (  578080.959644414,   6136716.26584596)",MANUEL V PAGOLA 3281,1
2026-04-25,CH_107,49,,,,S,,55200,Matutino,,,175989,"POINT (  578072.898189569,   6136723.69502984)",MANUEL V PAGOLA 3269,1
2026-04-25,CH_107,50,,,,S,,55200,Matutino,,,175990,"POINT (  578016.072836302,   6136795.81343715)",MANUEL V PAGOLA 3225,1
2026-04-25,CH_107,51,,,,S,,55200,Matutino,,,175991,"POINT (  577992.204607251,   6136829.36331540)",MANUEL V PAGOLA 3201 FTE 3208/3210,1
2026-04-25,CH_107,52,,,,S,,55200,Matutino,,,179078,"POINT (  577942.907109234,   6136897.19560864)",MANUEL V PAGOLA 3167 EN 3163/3161,1
2026-04-25,CH_107,53,,,,S,,55200,Matutino,,,175992,"POINT (  577942.023022790,   6136898.17792692)",MANUEL V PAGOLA 3159 EN 3163/3161,1
2026-04-25,CH_107,54,,,,S,,55200,Matutino,,,175993,"POINT (  577869.160732917,   6136990.06381306)",MANUEL V PAGOLA 3107 FTE 3108. MURO Y CERCO VEGETAL,1
2026-04-25,CH_107,55,,,,S,,55200,Matutino,,,180049,"POINT (  577868.015524709,   6136991.19702809)",MANUEL V PAGOLA 3107 FTE 3108. MURO Y CERCO VEGETAL,1
2026-04-25,CH_107,56,,,,S,,55200,Matutino,,,175995,"POINT (  577904.793145894,   6137086.93470108)",LORENZO JUSTINIANO PEREZ 3072 EN 3070/3074,1
2026-04-25,CH_107,57,,,,S,,55200,Matutino,,,176483,"POINT (  577917.275772767,   6137071.37997190)",LORENZO JUSTINIANO PEREZ 3086 EN 3088. OS 4691496,1
2026-04-25,CH_107,58,,,,S,,55200,Matutino,,,183093,"POINT (  577982.578490785,   6136989.99602207)",LORENZO JUSTINIANO PEREZ 3146,1
2026-04-25,CH_107,59,,,,S,,55200,Matutino,,,179046,"POINT (  577984.354220825,   6136987.05157702)",LORENZO JUSTINIANO PEREZ 3146 PDO 3146. ESQ,1
2026-04-25,CH_107,60,,,,S,,55200,Matutino,,,182115,"POINT (  578068.890683276,   6136881.02346246)",LORENZO JUSTINIANO PEREZ 3209,1
2026-04-25,CH_107,61,,,,S,,55200,Matutino,,,180631,"POINT (  578102.384244938,   6136836.71699340)",LORENZO JUSTINIANO PEREZ 3242,1
2026-04-25,CH_107,62,,,,S,,55200,Matutino,,,178771,"POINT (  578150.719759024,   6136806.59089183)",ECHEVARRIARZA 3216,1
2026-04-25,CH_107,63,,,,S,,55200,Matutino,,,182990,"POINT (  578201.583643018,   6136791.94888265)",ECHEVARRIARZA 3238,1
2026-04-25,CH_107,64,,,,S,,55200,Matutino,,,176002,"POINT (  578206.030745317,   6136790.63671860)",ECHEVARRIARZA 3238 FTE ABITAB,1
2026-04-25,CH_107,65,,,,S,,55200,Matutino,,,176003,"POINT (  578297.417245870,   6136775.72178699)",ECHEVARRIARZA 3270 EN 3274 BIS,1
2026-04-25,CH_107,66,,,,S,,55200,Matutino,,,176191,"POINT (  578343.462940070,   6136767.98892232)",ECHEVARRIARZA 3298 MURO VEGETAL,1
2026-04-25,CH_107,67,,,,S,,55200,Matutino,,,176005,"POINT (  578346.913519378,   6136767.26111286)",ECHEVARRIARZA 3298 EDIFICIO,1
2026-04-25,CH_107,68,,,,S,,55200,Matutino,,,176006,"POINT (  578454.829371313,   6136748.66973308)",ECHEVARRIARZA 3324 EN 3324/3328,1
2026-04-25,CH_107,69,,,,S,,55200,Matutino,,,176007,"POINT (  578526.829227820,   6136738.15822823)",ECHEVARRIARZA Esq. BASILIO PEREIRA DE LA LUZ,1
2026-04-25,CH_106,51,,,,S,,55200,Matutino,,,176108,"POINT (  578168.270457718,   6137130.74184842)",FELIX BUXAREO 1295 EDIFICIO,2
2026-04-25,CH_106,57,,,,S,,55200,Matutino,,,182256,"POINT (  578131.459613197,   6136953.22062617)",LA GACETA 1216 EN 1218,2
2026-04-25,CH_106,58,,,,S,,55200,Matutino,,,176113,"POINT (  578103.497624704,   6137034.62712690)",LA GACETA 1256 EN 1256/1258,2
2026-04-25,CH_106,59,,,,S,,55200,Matutino,,,176114,"POINT (  578090.883729488,   6137076.88225219)",LA GACETA 1270 EDIFICIO,2
2026-04-25,CH_106,60,,,,S,,55200,Matutino,,,181872,"POINT (  577999.933166667,   6137273.50786678)",SAN LORENZO 3191,2
2026-04-25,CH_106,61,,,,S,,55200,Matutino,,,183335,"POINT (  577991.438911010,   6137273.21373156)",SAN LORENZO 3189,2
2026-04-25,CH_106,62,,,,S,,55200,Matutino,,,176116,"POINT (  577840.331095754,   6137257.82248326)",CIPRIANO PAYAN 3137 MURO CIEGO,2
2026-04-25,CH_106,63,,,,S,,55200,Matutino,,,176117,"POINT (  577837.989047824,   6137255.80723271)",CIPRIANO PAYAN 3137 MURO CIEGO,2
2026-04-25,CH_106,64,,,,S,,55200,Matutino,,,176118,"POINT (  577791.774450874,   6137304.14601267)",14 DE JULIO 1378 CASA BLANCA,2
2026-04-25,CH_106,65,,,,S,,55200,Matutino,,,176119,"POINT (  577785.361052181,   6137360.02836561)",14 DE JULIO 1392 PDO 1394. MURO,2
2026-04-25,CH_121,28,,,,S,,55200,Matutino,,,180815,"POINT (  577171.032275427,   6139281.96979272)",JAIME CIBILS 2807,3
2026-04-25,CH_121,29,,,,S,,55200,Matutino,,,176599,"POINT (  577102.258498040,   6139358.26470849)",JAIME CIBILS 2747 EN 2751. EDIFICIO,3
2026-04-25,CH_121,30,,,,S,,55200,Matutino,,,176600,"POINT (  577037.770480611,   6139432.77451241)",JAIME CIBILS 2723,3
2026-04-25,CH_121,31,,,,S,,55200,Matutino,,,180816,"POINT (  577036.902582594,   6139433.33498043)",JAIME CIBILS 2723,3
2026-04-25,CH_121,32,,,,S,,55200,Matutino,,,183115,"POINT (  576967.804018770,   6139506.91505059)",JAIME CIBILS 2671,3
2026-04-25,CH_121,33,,,,S,,55200,Matutino,,,176601,"POINT (  576843.652833552,   6139649.11438169)",JAIME CIBILS 2583,3
2026-04-25,CH_121,34,,,,S,,55200,Matutino,,,183497,"POINT (  576840.583927080,   6139653.18825825)",JAIME CIBILS 2571,3
2026-04-25,CH_121,35,,,,S,,55200,Matutino,,,176603,"POINT (  576892.563508933,   6139688.98366274)",PEDRO OLMIDA 2590 FTE 2597. MURO ESQ,3
2026-04-25,CH_121,36,,,,S,,55200,Matutino,,,183112,"POINT (  576894.718702737,   6139688.21364583)",PEDRO OLMIDA 2590,3
2026-04-25,CH_121,37,,,,S,,55200,Matutino,,,176604,"POINT (  576978.184423966,   6139630.37799825)",PEDRO OLMIDA 2642 EN 2648,3
2026-04-25,CH_121,38,,,,S,,55200,Matutino,,,176605,"POINT (  577042.672441395,   6139582.88344488)",PEDRO OLMIDA 2676 EN 2678/2682,3
2026-04-25,CH_121,39,,,,S,,55200,Matutino,,,176606,"POINT (  577109.556972986,   6139537.13181089)",PEDRO OLMIDA 2730 FTE 2717. MURO CIEGO,3
2026-04-25,CH_121,40,,,,S,,55200,Matutino,,,176607,"POINT (  577115.112528541,   6139532.99237733)",PEDRO OLMIDA 2730 FTE 2717. MURO CIEGO,3
2026-04-25,CH_121,41,,,,S,,55200,Matutino,,,183272,"POINT (  577135.276139351,   6139521.84084584)",PEDRO OLMIDA 2736,3
2026-04-25,CH_121,42,,,,S,,55200,Matutino,,,183113,"POINT (  577138.238057546,   6139520.28936488)",PEDRO OLMIDA 2742 FTE 2747,3
2026-04-25,CH_121,43,,,,S,,55200,Matutino,,,180896,"POINT (  577429.879809671,   6139614.06997782)",AV CENTENARIO 3105 EN 4109,3
2026-04-25,CH_121,44,,,,S,,55200,Matutino,,,183116,"POINT (  577426.498716159,   6139535.63228320)",AV CENTENARIO 3077,3
2026-04-25,CH_121,45,,,,S,,55200,Matutino,,,183117,"POINT (  577427.039312927,   6139529.14512199)",AV CENTENARIO 3077,3
2026-04-25,CH_121,46,,,,S,,55200,Matutino,,,176608,"POINT (  577281.125600437,   6139629.17974117)",MARIANO MORENO 2745 SUBESTACION UTE,3
2026-04-25,CH_121,47,,,,S,,55200,Matutino,,,183111,"POINT (  577278.283450250,   6139630.10000371)",MARIANO MORENO 2745,3
2026-04-25,CH_121,48,,,,S,,55200,Matutino,,,180935,"POINT (  577204.301729851,   6139682.37204478)",MARIANO MORENO 2715 FTE 2708,3
2026-04-25,CH_121,49,,,,S,,55200,Matutino,,,176609,"POINT (  577202.912092811,   6139683.21024226)",MARIANO MORENO 2715 FTE 2708,3
2026-04-25,CH_121,50,,,,S,,55200,Matutino,,,183614,"POINT (  577030.157635294,   6139803.41808867)",MARIANO MORENO 2609,3
2026-04-25,CH_121,51,,,,S,,55200,Matutino,,,176611,"POINT (  577027.095099347,   6139805.21459956)",MARIANO MORENO 2609,3
2026-04-25,CH_121,52,,,,S,,55200,Matutino,,,176612,"POINT (  577098.336929413,   6139881.24945794)",JUAN CABAL 2562 ANTES DE ARBOL,3
2026-04-25,CH_121,53,,,,S,,55200,Matutino,,,176613,"POINT (  577170.232354249,   6139866.65250805)",JUAN RAMON GOMEZ 3105 FTE 3105. MURO,3
2026-04-25,CH_121,54,,,,S,,55200,Matutino,,,176614,"POINT (  577222.846733334,   6139939.85512243)",JUAN RAMON GOMEZ 3141 EN 3144. CASA LADRILLOS. PDO ARBOL,3
2026-04-25,CH_121,55,,,,S,,55200,Matutino,,,176615,"POINT (  577279.709478432,   6139856.52178910)",GRAL URQUIZA 3194 FTE 3194. MURO,3
2026-04-25,CH_121,56,,,,S,,55200,Matutino,,,176616,"POINT (  577216.746515469,   6139769.37581960)",GRAL URQUIZA 3141,3
2026-04-25,CH_121,57,,,,S,,55200,Matutino,,,176617,"POINT (  577138.750872768,   6139656.84858648)",GRAL URQUIZA 3087 VEREDA,3
2026-04-25,E_103,30,,,,S,,55201,Matutino,,,105673,"POINT (  579753.022814242,   6140271.05631795)",ESPRONCEDA 2138 EN 2140,0
2026-04-25,E_103,31,,,,S,,55201,Matutino,,,105639,"POINT (  579639.544185970,   6140359.42607141)",ESPRONCEDA 2174,0
2026-04-25,E_103,32,S,25,,S,Basura Afuera,55201,Matutino,2026-04-25 07:23:12,32,177430,"POINT (  579351.566664450,   6140627.65768681)",DR JUAN B MORELLI Esq. CNO CARRASCO,0
2026-04-25,E_103,33,S,50,,S,Basura Afuera,55201,Matutino,2026-04-25 07:23:19,32,177431,"POINT (  579358.362599865,   6140628.27549912)",CNO CARRASCO 4050,0
2026-04-25,E_103,34,S,100,,S,Basura Afuera,55201,Matutino,2026-04-25 10:10:51,32,177432,"POINT (  579492.839746109,   6140527.88099866)",PEREZ GALDOS 4124 (RETIRAR VIEJO DE 4135),0
2026-04-25,E_103,35,S,100,,S,Basura Afuera,55201,Matutino,2026-04-25 07:27:08,32,177433,"POINT (  579555.238789465,   6140529.63146687)",PEREZ GALDOS 4154 MURO. (RETIRAR VIEJO DE 4196),0
2026-04-25,E_103,36,S,100,,S,Basura Afuera,55201,Matutino,2026-04-25 10:16:04,32,118592,"POINT (  579639.461316600,   6140632.16516035)",JOSE ZORRILLA Esq. CNO CARRASCO,0
2026-04-25,E_103,37,S,100,,S,Basura Afuera,55201,Matutino,2026-04-25 10:21:08,32,176226,"POINT (  579780.519970334,   6140549.01415933)",PEREZ GALDOS 4241 FTE 4234,0
2026-04-25,E_103,38,N,,Fuego,S,,55201,Matutino,2026-04-25 10:21:53,,105637,"POINT (  579746.771142064,   6140361.14451705)",JUAN JOSE CASTRO 2373,0
2026-04-25,E_103,39,N,,Sobrepeso,S,"Basura Afuera, Escombro",55201,Matutino,2026-04-25 10:26:24,,179179,"POINT (  579669.341480392,   6140104.16057342)",JUAN JOSE CASTRO 2298 FTE 2298,0
2026-04-25,E_103,40,S,100,,S,Basura Afuera,55201,Matutino,2026-04-25 10:24:24,32,179180,"POINT (  579668.796818083,   6140102.19978911)",JUAN JOSE CASTRO 2298 FTE 2298,0
2026-04-25,E_103,41,S,50,,S,Basura Afuera,55201,Matutino,2026-04-25 10:28:55,32,105663,"POINT (  579684.773437224,   6139720.81218377)",RBLA EUSKAL ERRIA 3703,0
2026-04-25,E_103,42,S,25,,S,Basura Afuera,55201,Matutino,2026-04-25 10:30:43,32,175931,"POINT (  579689.201092116,   6139721.22405864)",RBLA EUSKAL ERRIA 3703,0
2026-04-25,E_103,43,S,50,,S,Basura Afuera,55201,Matutino,2026-04-25 10:29:02,32,175932,"POINT (  579693.319840852,   6139722.04780839)",RBLA EUSKAL ERRIA 3703,0
2026-04-25,E_103,44,S,75,,S,Basura Afuera,55201,Matutino,2026-04-25 10:32:44,32,179277,"POINT (  579724.847597740,   6139920.12589209)",ISLA DE GASPAR 2210,0
2026-04-25,E_103,45,S,50,,S,Basura Afuera,55201,Matutino,2026-04-25 10:33:06,32,175942,"POINT (  579725.549049714,   6139923.55759032)",ISLA DE GASPAR 2210 MURO,0
2026-04-25,E_103,46,S,50,,N,Basura Afuera,55201,Matutino,2026-04-25 10:37:19,32,175943,"POINT (  579774.502918654,   6140093.12410976)",ISLA DE GASPAR 2266,0
2026-04-25,E_103,47,S,100,,S,,55201,Matutino,2026-04-25 10:35:08,32,176141,"POINT (  579775.625013661,   6140097.77278907)",ISLA DE GASPAR 2266,0
2026-04-25,E_103,48,S,50,,S,,55201,Matutino,2026-04-25 10:35:17,32,175933,"POINT (  579818.264623909,   6140252.46160069)",ISLA DE GASPAR 2310,0
2026-04-25,E_103,49,S,75,,S,Basura Afuera,55201,Matutino,2026-04-25 10:38:31,32,105636,"POINT (  579841.903701517,   6140339.13933782)",ISLA DE GASPAR 2346 EN 2350,0
2026-04-25,E_103,50,S,100,,S,Basura Afuera,55201,Matutino,2026-04-25 10:39:34,32,105659,"POINT (  579819.782839600,   6140629.87002745)",ISLA DE GASPAR 2500,0
2026-04-25,E_103,51,,,,N,,55201,Matutino,,,105657,"POINT (  579927.392486890,   6140637.55389965)",MANILA 2497,0
2026-04-25,E_103,52,,,,S,,55201,Matutino,,,105658,"POINT (  580058.972885560,   6140639.86757382)",IRUN 2440 FTE 2435,0
2026-04-25,E_103,53,,,,N,,55201,Matutino,,,105645,"POINT (  580194.647348963,   6140627.40163216)",PEREZ GALDOS 4391,0
2026-04-25,E_103,54,,,,S,,55201,Matutino,,,182264,"POINT (  580064.160614815,   6140559.38156754)",IRUN 2417 FTE 2422,0
2026-04-25,E_103,55,,,,S,,55201,Matutino,,,182265,"POINT (  580065.032074510,   6140556.65825599)",IRUN 2417 FTE 2422,0
2026-04-25,E_103,56,,,,S,,55201,Matutino,,,105654,"POINT (  579993.712193148,   6140457.48438831)",EMILIO CASTELAR 4302,0
2026-04-25,E_103,57,,,,S,,55201,Matutino,,,105635,"POINT (  580072.541639200,   6140473.68157800)",EMILIO CASTELAR 4344,0
2026-04-25,E_103,58,,,,S,,55201,Matutino,,,180651,"POINT (  580188.899326144,   6140499.64399848)",EMILIO CASTELAR 4380,0
2026-04-25,E_103,59,,,,S,,55201,Matutino,,,105655,"POINT (  580193.583298130,   6140500.64110551)",EMILIO CASTELAR 4380,0
2026-04-25,E_103,60,,,,S,,55201,Matutino,,,105656,"POINT (  580130.077182620,   6140290.58630793)",MALLORCA 4355,0
2026-04-25,E_103,61,,,,S,,55201,Matutino,,,181218,"POINT (  579952.511463026,   6140339.25807270)",MANILA 2358,0
2026-04-25,E_103,62,,,,S,,55201,Matutino,,,181219,"POINT (  579953.421588169,   6140344.94635484)",MANILA 2358,0
2026-04-25,E_136,10,,,,S,,55201,Matutino,,,181263,"POINT (  580662.032458824,   6140254.37932353)",MALLORCA 4541 VEREDA. FTE CASA,1
2026-04-25,E_136,11,,,,S,,55201,Matutino,,,181264,"POINT (  580659.326576471,   6140251.43814706)",MALLORCA 4541 VEREDA. FTE CASA,1
2026-04-25,E_136,12,,,,S,,55201,Matutino,,,180603,"POINT (  580442.732206409,   6140222.13752583)",MALLORCA 4461,1
2026-04-25,E_136,13,,,,S,,55201,Matutino,,,116012,"POINT (  580254.145780100,   6140264.74894863)",MALLORCA 4380 PDO PARADA,1
2026-04-25,E_136,14,,,,S,,55201,Matutino,,,115992,"POINT (  580249.988866395,   6140265.05686816)",MALLORCA 4380 PDO PARADA,1
2026-04-25,E_136,15,,,,S,,55201,Matutino,,,183626,"POINT (  580220.439326554,   6140285.77325537)",PIRAN Esq. MALLORCA,1
2026-04-25,E_136,16,,,,S,,55201,Matutino,,,105238,"POINT (  580220.043691745,   6140288.53573260)",PIRAN 1913,1
2026-04-25,E_136,17,,,,S,,55201,Matutino,,,105236,"POINT (  580218.350134310,   6140425.09804579)",PIRAN 1963,1
2026-04-25,E_136,18,,,,S,,55201,Matutino,,,105237,"POINT (  580218.350134310,   6140434.33563180)",PIRAN 1963,1
2026-04-25,E_136,19,,,,S,,55201,Matutino,,,105242,"POINT (  580489.319323945,   6140488.06759043)",EMILIO CASTELAR 4510,1
2026-04-25,E_136,20,,,,S,,55201,Matutino,,,105241,"POINT (  580493.938116950,   6140487.91363066)",EMILIO CASTELAR 4510,1
2026-04-25,E_136,21,,,,S,,55201,Matutino,,,105243,"POINT (  580517.647921044,   6140487.14383183)",EMILIO CASTELAR 4510,1
2026-04-25,E_136,22,,,,N,,55201,Matutino,,,180650,"POINT (  580649.302252288,   6140481.93886863)",EMILIO CASTELAR Esq. DR ROBERTO BERRO,1
2026-04-25,E_136,23,,,,S,,55201,Matutino,,,180599,"POINT (  580774.284323529,   6140643.31757059)",VERACIERTO 2443,1
2026-04-25,E_136,24,,,,S,,55201,Matutino,,,180174,"POINT (  580784.793383878,   6140515.22720632)",ING FELIX DE MEDINA Esq. ING R V MESURES,1
2026-04-25,E_136,25,,,,S,,55201,Matutino,,,182223,"POINT (  580826.645435076,   6140819.64736013)",HIPOLITO YRIGOYEN 2487 fte 2480,1
2026-04-25,E_136,26,,,,S,,55201,Matutino,,,182224,"POINT (  580827.734759695,   6140817.57764336)",HIPOLITO YRIGOYEN 2487 fte 2480,1
2026-04-25,E_136,27,,,,S,,55201,Matutino,,,105230,"POINT (  580863.287597596,   6140763.50161330)",HIPOLITO YRIGOYEN 2462,1
2026-04-25,E_136,28,,,,S,,55201,Matutino,,,182225,"POINT (  580917.821905664,   6140678.57982201)",HIPOLITO YRIGOYEN 2428 FTE 2428,1
2026-04-25,E_136,29,,,,S,,55201,Matutino,,,180867,"POINT (  581160.911414816,   6140296.51936514)",HIPOLITO YRIGOYEN 2311 EN 2323,1
2026-04-25,E_136,30,,,,S,,55201,Matutino,,,176373,"POINT (  581199.381768604,   6139878.07899421)",HIPOLITO YRIGOYEN 2073 *,1
2026-04-25,E_136,31,,,,S,,55201,Matutino,,,176371,"POINT (  581198.919889304,   6139872.07456331)",HIPOLITO YRIGOYEN 2073 *,1
2026-04-25,E_136,32,,,,S,,55201,Matutino,,,176372,"POINT (  581198.458010003,   6139864.37657497)",HIPOLITO YRIGOYEN Esq. CIRC INT CALLE DIAGONAL *,1
2026-04-25,E_136,33,,,,S,,55201,Matutino,,,182855,"POINT (  580659.751876123,   6139764.82923074)",CIRC INT SDA 5 Esq. IGUA antes de parada,1
2026-04-25,E_136,34,,,,S,,55201,Matutino,,,182856,"POINT (  580650.295611347,   6139767.19329693)",IGUA Esq. CIRC INT SDA 5,1
2026-04-25,E_136,35,,,,S,,55201,Matutino,,,105212,"POINT (  580528.886984022,   6139825.57871372)",CIRC INT SDA 4 Esq. CIRC INT SDA 11,1
2026-04-25,E_136,36,,,,S,,55201,Matutino,,,176376,"POINT (  580564.451690162,   6139998.09063246)",CIRC INT SDA 4 Esq. CIRC INT SDA 7,1
2026-04-25,E_136,37,,,,S,,55201,Matutino,,,176375,"POINT (  580565.683368297,   6140003.63318407)",CIRC INT SDA 4 Esq. CIRC INT SDA 7,1
2026-04-25,E_136,38,,,,S,,55201,Matutino,,,176374,"POINT (  580565.991287830,   6140008.40593684)",MATAOJO Esq. CALLE 5,1
2026-04-25,E_136,39,,,,S,,55201,Matutino,,,105232,"POINT (  580868.794797330,   6140368.79612090)",ENRIQUE CHIANCONE Esq. VERACIERTO,1
2026-04-25,E_136,40,,,,S,,55201,Matutino,,,105195,"POINT (  581029.872065315,   6140457.35261694)",ENRIQUE CHIANCONE 4747,1
2026-04-25,E_136,41,,,,S,,55201,Matutino,,,166652,"POINT (  581032.951260651,   6140459.04617438)",ENRIQUE CHIANCONE 4747 PROV FELIX MEDINA,1
2026-04-25,E_136,42,,,,S,,55201,Matutino,,,105231,"POINT (  580905.229478790,   6140560.64087541)",ING R V MESURES 4707,1
2026-04-25,E_106,1,,,,S,,55201,Matutino,,,177405,"POINT (  581873.341553577,   6139367.44923918)",VALENCIA Esq. QUIRQUINCHO ANTES 1955,2
2026-04-25,E_106,2,,,,S,,55201,Matutino,,,177406,"POINT (  581873.341553577,   6139365.44549809)",VALENCIA Esq. QUIRQUINCHO,2
2026-04-25,E_106,3,,,,S,,55201,Matutino,,,182975,"POINT (  581871.198752955,   6139301.15776218)",VALENCIA 1833,2
2026-04-25,E_106,4,,,,S,,55201,Matutino,,,177407,"POINT (  581871.177513207,   6139298.19994734)",VALENCIA 1833,2
2026-04-25,E_106,5,,,,S,,55201,Matutino,,,177408,"POINT (  581871.097363563,   6139294.91381197)",VALENCIA 1833,2
2026-04-25,E_106,6,,,,S,,55201,Matutino,,,177409,"POINT (  581871.097363563,   6139292.10857445)",VALENCIA 1833,2
2026-04-25,E_106,7,,,,S,,55201,Matutino,,,177453,"POINT (  581356.452796284,   6139393.09204262)",EDUARDO FERREIRA 1924,2
2026-04-25,E_106,8,,,,S,,55201,Matutino,,,177454,"POINT (  581341.147921900,   6139461.46477080)",EDUARDO FERREIRA 1948 ESQ,2
2026-04-25,E_106,9,,,,S,,55201,Matutino,,,179248,"POINT (  581435.857122581,   6139620.15709964)",RBLA CONCEPCION DEL URUGUAY 4600,2
2026-04-25,E_106,10,,,,S,,55201,Matutino,,,179249,"POINT (  581593.144903226,   6139598.77704588)",RBLA CONCEPCION DEL URUGUAY 4646,2
2026-04-25,E_106,11,,,,S,,55201,Matutino,,,177443,"POINT (  581667.356970232,   6139526.06538332)",RBLA CONCEPCION DEL URUGUAY 1973,2
2026-04-25,E_106,12,,,,S,,55201,Matutino,,,177442,"POINT (  581735.319521786,   6139282.70487865)",RBLA CONCEPCION DEL URUGUAY 1857 EN 1855,2
2026-04-25,E_106,13,,,,S,,55201,Matutino,,,105294,"POINT (  581552.090840678,   6139256.95904181)",ADRIAN TROITIÑO 1868 FTE 1855. MURO BALDIO,2
2026-04-25,E_106,14,,,,S,,55201,Matutino,,,180382,"POINT (  581395.326355367,   6139355.64459718)",JULIO SOSA 4553,2
2026-04-25,E_106,15,,,,S,,55201,Matutino,,,181209,"POINT (  581400.593697259,   6139309.13604160)",JULIO SOSA 4556,2
2026-04-25,E_106,16,,,,S,,55201,Matutino,,,105293,"POINT (  581512.203835028,   6139437.29802486)",ADRIAN TROITIÑO 1954,2
2026-04-25,E_106,17,,,,S,,55201,Matutino,,,180369,"POINT (  581590.628682353,   6139472.71885599)",PAULINA LUISI 1963,2
2026-04-25,E_106,18,,,,S,,55201,Matutino,,,105247,"POINT (  581639.327184490,   6139268.54931206)",PAULINA LUISI 1861,2
2026-04-25,E_106,19,,,,S,,55201,Matutino,,,105292,"POINT (  581227.458072317,   6139440.00988927)",HIPOLITO YRIGOYEN 1959 ANTES 1861,2
2026-04-25,E_106,20,,,,S,,55201,Matutino,,,105254,"POINT (  581265.876151413,   6139280.46186667)",HIPOLITO YRIGOYEN 1907,2
2026-04-25,E_106,21,,,,S,,55201,Matutino,,,177455,"POINT (  581222.686749066,   6139141.18679608)",CANDELARIA 1784 PDO CORDON ROJO,2
2026-04-25,E_106,22,,,,S,,55201,Matutino,,,166692,"POINT (  581211.864851978,   6139181.47881582)",CANDELARIA 1798,2
2026-04-25,E_106,23,,,,S,,55201,Matutino,,,105260,"POINT (  581194.802705085,   6139260.12288362)",CANDELARIA 1830,2
2026-04-25,E_106,24,,,,S,,55201,Matutino,,,177456,"POINT (  581161.051673349,   6139427.24087311)",CANDELARIA 1900,2
2026-04-25,E_106,25,,,,S,,55201,Matutino,,,177457,"POINT (  581078.818139298,   6139421.14950022)",EREVAN 1941,2
2026-04-25,E_106,26,,,,S,,55201,Matutino,,,177420,"POINT (  581088.121129414,   6139369.41473119)",EREVAN 1903,2
2026-04-25,E_106,27,,,,N,,55201,Matutino,,,105283,"POINT (  581088.376169867,   6139367.37440757)",EREVAN 1903,2
2026-04-25,E_106,28,,,,N,,55201,Matutino,,,175356,"POINT (  581103.051292656,   6139263.73870283)",EREVAN 1845 FTE 1848,2
2026-04-25,E_106,29,,,,S,,55201,Matutino,,,177394,"POINT (  581103.503270057,   6139261.70480452)",EREVAN 1845 FTE 1848,2
2026-04-25,E_106,30,,,,S,,55201,Matutino,,,180626,"POINT (  581108.991209605,   6139210.27892768)",EREVAN 1805 EN 1807,2
2026-04-25,E_106,31,,,,S,,55201,Matutino,,,183046,"POINT (  581115.288732680,   6139178.93017734)",EREVAN 1795,2
2026-04-25,E_106,32,,,,S,,55201,Matutino,,,177392,"POINT (  581120.925057062,   6139137.29248079)",EREVAN 1785 FTE 1772,2
2026-04-25,E_106,33,,,,S,,55201,Matutino,,,177393,"POINT (  581121.377034463,   6139135.25858249)",EREVAN 1785 FTE 1772,2
2026-04-25,E_106,34,,,,S,,55201,Matutino,,,177458,"POINT (  580921.083641234,   6139361.83876416)",FRANCISCO DE CALDAS 1845,2
2026-04-25,E_106,35,,,,S,,55201,Matutino,,,177459,"POINT (  580920.923341948,   6139358.47247914)",FRANCISCO DE CALDAS 1845,2
2026-04-25,E_106,36,,,,S,,55201,Matutino,,,105253,"POINT (  580920.339428249,   6139313.34322260)",FRANCISCO DE CALDAS 1809,2
2026-04-25,E_106,37,,,,S,,55201,Matutino,,,180607,"POINT (  580920.265837274,   6139311.93413760)",FRANCISCO DE CALDAS 1809,2
2026-04-25,E_106,38,,,,S,,55201,Matutino,,,181497,"POINT (  580914.793394994,   6139207.31065996)",FRANCISCO DE CALDAS 1787 1787 en calle,2
2026-04-25,E_106,39,,,,S,,55201,Matutino,,,105279,"POINT (  580809.234394478,   6139138.79440193)",DESSALINES 1753,2
2026-04-25,E_106,40,,,,S,,55201,Matutino,,,105280,"POINT (  580809.489434931,   6139141.72736714)",DESSALINES 1755 FTE 1753,2
2026-04-25,E_106,41,,,,S,,55201,Matutino,,,105282,"POINT (  580813.446772882,   6139337.52401356)",DESSALINES 1834 FTE 1753,2
2026-04-25,E_106,42,,,,S,,55201,Matutino,,,183009,"POINT (  580629.992683815,   6139342.35947110)",ALEJANDRO KORN 1974,2
2026-04-25,E_106,43,,,,S,,55201,Matutino,,,177463,"POINT (  580576.864560992,   6139275.73910145)",TABOBA 4085 CANTERO,2
2026-04-25,E_106,44,,,,S,,55201,Matutino,,,177465,"POINT (  580629.335149227,   6139272.44498380)",TABOBA 4120,2
2026-04-25,E_106,45,,,,S,,55201,Matutino,,,105281,"POINT (  580784.759758850,   6139262.27025937)",TABOBA Esq. DESSALINES,2
2026-04-25,E_106,46,,,,S,,55201,Matutino,,,105249,"POINT (  580444.407224859,   6139200.57486102)",MARISCALA 1942,2
2026-04-25,E_106,47,,,,S,,55201,Matutino,,,175312,"POINT (  580499.774456497,   6139349.95339210)",MARISCALA 2022,2
2026-04-25,E_106,48,,,,S,,55201,Matutino,,,183010,"POINT (  580397.478232948,   6139433.11091618)",MATAOJO 1997 1999,2
2026-04-25,E_106,49,,,,S,,55201,Matutino,,,180327,"POINT (  580356.402706712,   6139326.19794300)",MATAOJO 1959,2
2026-04-25,E_106,50,,,,S,,55201,Matutino,,,105266,"POINT (  580302.486320904,   6139173.00423955)",MATAOJO 1915,2
2026-04-25,E_106,51,,,,S,,55201,Matutino,,,172812,"POINT (  580195.367676836,   6139234.47316611)",DR JOSE MA DELGADO 1936,2
2026-04-25,E_106,52,,,,S,,55201,Matutino,,,105268,"POINT (  580230.508919774,   6139328.14548249)",DR JOSE MA DELGADO 1952,2
2026-04-25,E_106,53,,,,S,,55201,Matutino,,,105269,"POINT (  580265.311179661,   6139426.45056723)",DR JOSE MA DELGADO 1986,2
2026-04-25,E_106,54,,,,S,,55201,Matutino,,,105270,"POINT (  580149.643324234,   6139492.80328134)",ALTO PERU 2065,2
2026-04-25,E_106,55,,,,S,,55201,Matutino,,,105271,"POINT (  580117.966546893,   6139327.91949379)",ALTO PERU 2007,2
2026-04-25,E_106,56,,,,N,,55201,Matutino,,,158292,"POINT (  580059.234526564,   6139183.42565811)",ALTO PERU 1923,2
2026-04-25,E_106,57,,,,S,,55201,Matutino,,,118612,"POINT (  580058.305529944,   6139180.80084972)",ALTO PERU 1923 EN 1923/1925,2
2026-04-25,E_106,58,,,,S,,55201,Matutino,,,179231,"POINT (  579922.489016723,   6139188.37834187)",SEVILLA 1908 en 1911,2
2026-04-25,E_106,59,,,,S,,55201,Matutino,,,105272,"POINT (  580021.003146698,   6139287.45989514)",SEVILLA 1980 EN 1980,2
2026-04-25,E_106,60,,,,S,,55201,Matutino,,,175390,"POINT (  580022.881801130,   6139289.50141469)",SEVILLA 1980 EN 1980,2
2026-04-25,E_106,61,,,,S,,55201,Matutino,,,105274,"POINT (  580005.346887833,   6139497.89135922)",SEVILLA 2060,2
2026-04-25,E_106,62,,,,S,,55201,Matutino,,,177462,"POINT (  579974.917101786,   6139602.44799341)",SEVILLA 2096,2
2026-04-25,A_113,1,S,100,,S,,55202,Vespertino,2026-04-25 13:23:48,18,102163,"POINT (  568102.896994780,   6142502.96981844)",CNO DE LAS TROPAS 2635 fte 5162 casi  la boyada,0
2026-04-25,A_113,2,S,100,,S,,55202,Vespertino,2026-04-25 13:25:42,18,102210,"POINT (  568179.277438280,   6142365.46000571)",CNO LA BOYADA 1786 1075,0
2026-04-25,A_113,3,S,100,,S,,55202,Vespertino,2026-04-25 13:25:54,18,102239,"POINT (  568187.362006480,   6142366.08807098)","CNO LA BOYADA 1760 FALTA, DENUNCIA LA TRIPULACION",0
2026-04-25,A_113,4,N,,Contenedor No Está,S,,55202,Vespertino,2026-04-25 13:29:39,,143752,"POINT (  568209.771769577,   6142591.34560541)",CNO ALIANZA 1695 EN 1751,0
2026-04-25,A_113,5,S,100,,S,,55202,Vespertino,2026-04-25 13:29:32,18,102240,"POINT (  568308.860581490,   6142606.94866928)",CNO ALIANZA 1673,0
2026-04-25,A_113,6,S,100,,S,,55202,Vespertino,2026-04-25 13:31:36,18,102242,"POINT (  568485.873892280,   6142553.21439328)",IMPERIO 4219,0
2026-04-25,A_113,7,S,100,,S,,55202,Vespertino,2026-04-25 13:32:54,18,102243,"POINT (  568373.776144870,   6142519.31443918)",DR JOSE GARCIA DE COSSIO 1664,0
2026-04-25,A_113,8,S,100,,S,,55202,Vespertino,2026-04-25 13:34:50,18,102245,"POINT (  568303.611993288,   6142464.06870478)",ANTONIO CAMACHO 5187,0
2026-04-25,A_113,9,S,100,,S,Poda,55202,Vespertino,2026-04-25 13:39:02,18,102244,"POINT (  568384.886213870,   6142397.95830094)",CNO LA BOYADA 1682,0
2026-04-25,A_113,10,S,100,,S,Poda,55202,Vespertino,2026-04-25 13:39:12,18,183089,"POINT (  568388.294080536,   6142399.17899831)",CNO LA BOYADA 1676,0
2026-04-25,A_113,11,S,100,,N,,55202,Vespertino,2026-04-25 13:43:55,18,166412,"POINT (  568449.325977767,   6142311.66950770)",AV DR SANTIN CARLOS ROSSI Esq. PSJE T3 Alta operativa,0
2026-04-25,A_113,12,S,100,,S,,55202,Vespertino,2026-04-25 13:44:01,18,102236,"POINT (  568447.878880690,   6142307.47533520)",AV DR SANTIN CARLOS ROSSI Esq. PSJE T3,0
2026-04-25,A_113,13,S,100,,S,,55202,Vespertino,2026-04-25 13:45:45,18,102238,"POINT (  568373.376092964,   6141843.02787720)",PARALELA AL PARQUE Esq. CNO AL PARQUE OS 3470127,0
2026-04-25,A_113,14,S,100,,S,,55202,Vespertino,2026-04-25 13:47:30,18,180972,"POINT (  568567.442423164,   6141771.82837458)",TRANSVERSAL 2 Esq. PARALELA AL PARQUE,0
2026-04-25,A_113,15,S,100,,S,,55202,Vespertino,2026-04-25 13:47:23,18,145692,"POINT (  568567.920871856,   6141773.58157471)",TRANSVERSAL 2 Esq. PARALELA AL PARQUE OS 3470127 fte escuela 371,0
2026-04-25,A_113,16,S,75,,S,,55202,Vespertino,2026-04-25 13:49:42,18,180974,"POINT (  568792.188185876,   6141612.28035198)",PARALELA AL PARQUE Esq. COSTANERA GATO,0
2026-04-25,A_113,17,S,100,,S,"Basura Afuera, Requiere Limpieza",55202,Vespertino,2026-04-25 13:55:51,18,180973,"POINT (  568853.883101130,   6141784.93571921)",COSTANERA GATO Esq. PSJE 16 DE DICIEMBRE,0
2026-04-25,A_113,18,S,100,,S,"Basura Afuera, Requiere Limpieza",55202,Vespertino,2026-04-25 13:55:42,18,180975,"POINT (  568733.883101131,   6141844.59673616)",16 DE DICIEMBRE Esq. 16 DE ENERO,0
2026-04-25,A_113,19,S,100,,S,"Basura Afuera, Requiere Limpieza",55202,Vespertino,2026-04-25 13:55:30,18,181271,"POINT (  568732.123657143,   6141845.27060000)",16 DE DICIEMBRE Esq. 16 DE ENERO,0
2026-04-25,A_113,20,S,100,,S,"Basura Afuera, Poda, Requiere Limpieza",55202,Vespertino,2026-04-25 13:56:51,18,180976,"POINT (  568557.159937289,   6141902.90182091)",16 DE ENERO Esq. TRANSVERSAL 1,0
2026-04-25,A_113,21,S,100,,S,"Basura Afuera, Requiere Limpieza",55202,Vespertino,2026-04-25 14:02:36,18,102229,"POINT (  568188.533224940,   6141805.31369871)",PSJE LATERAL RUTA 1 Esq. PSJE B,0
2026-04-25,A_113,22,S,100,,S,"Basura Afuera, Requiere Limpieza",55202,Vespertino,2026-04-25 14:06:05,18,102230,"POINT (  568014.140123890,   6141968.91212522)",PSJE LATERAL RUTA 1 Esq. AGUSTIN ESTRADA,0
2026-04-25,A_113,23,S,100,,S,"Basura Afuera, Requiere Limpieza",55202,Vespertino,2026-04-25 14:09:12,18,102231,"POINT (  567951.018524210,   6142086.93748139)",PSJE LATERAL RUTA 1 Esq. CNO DE LAS TROPAS,0
2026-04-25,A_113,24,S,100,,S,,55202,Vespertino,2026-04-25 14:07:24,18,164592,"POINT (  567945.766771581,   6142091.55733650)",PSJE LATERAL RUTA 1 Esq. CNO DE LAS TROPAS Traslado Prov,0
2026-04-25,A_113,25,S,100,,S,,55202,Vespertino,2026-04-25 14:11:01,18,164612,"POINT (  567687.972939654,   6142308.63809142)",CNO LA BOYADA 1936 Traslado prov,0
2026-04-25,A_113,26,S,100,,S,,55202,Vespertino,2026-04-25 14:17:25,18,102234,"POINT (  567636.061291010,   6142304.09756882)",CNO LA BOYADA 1928 FTE 1929,0
2026-04-25,A_113,27,N,,Contenedor No Está,N,,55202,Vespertino,2026-04-25 14:19:39,,102225,"POINT (  567529.679939060,   6142290.94565430)",CNO LA BOYADA 1898 1928,0
2026-04-25,A_113,28,S,100,,S,Requiere Limpieza,55202,Vespertino,2026-04-25 14:19:30,18,102226,"POINT (  567399.713988190,   6142269.43347997)",CNO LA BOYADA 2068 alado 2014,0
2026-04-25,A_113,29,S,100,,S,,55202,Vespertino,2026-04-25 14:21:05,18,102227,"POINT (  567303.963819610,   6142251.36569511)",CNO LA BOYADA 1838 2070 esq cabildo,0
2026-04-25,A_113,30,S,100,,S,,55202,Vespertino,2026-04-25 14:22:36,18,102162,"POINT (  567206.370623270,   6142241.65339649)",CNO LA BOYADA 2174 2180,0
2026-04-25,A_113,31,S,100,,S,,55202,Vespertino,2026-04-25 14:24:52,18,102222,"POINT (  567082.570552310,   6142216.58384352)",CNO LA BOYADA 2240 fte iglesia,0
2026-04-25,A_113,32,N,,Fuego,S,,55202,Vespertino,2026-04-25 14:26:05,,102223,"POINT (  566949.506493130,   6142200.87133507)",CNO LA BOYADA 2306,0
2026-04-25,A_113,33,S,100,,S,"Basura Afuera, Poda, Requiere Limpieza",55202,Vespertino,2026-04-25 14:28:20,18,182099,"POINT (  566737.155114815,   6142159.25131895)",CNO LA BOYADA 2420,0
2026-04-25,A_113,34,S,100,,S,"Basura Afuera, Requiere Limpieza",55202,Vespertino,2026-04-25 15:42:33,18,182100,"POINT (  566733.669276035,   6142159.03345403)",CNO LA BOYADA 2420,0
2026-04-25,A_113,35,S,100,,S,,55202,Vespertino,2026-04-25 15:46:40,18,182101,"POINT (  566706.852568974,   6142354.11359014)",CNO ALIANZA 2421,0
2026-04-25,A_113,36,N,,Contenedor No Está,N,,55202,Vespertino,2026-04-25 14:00:00,,180721,"POINT (  566890.703486696,   6143025.68456807)",NUBLE YIC Esq. CALLE 8016,0
2026-04-25,A_113,37,,,,S,,55202,Vespertino,,,182346,"POINT (  566692.149147712,   6143040.82133726)",CALLE 7282 Esq. AV CIBILS CALLE 7282 ESQ AV CIBILS,0
2026-04-25,A_113,38,,,,S,,55202,Vespertino,,,183347,"POINT (  566681.755633234,   6143025.85653828)",AV CIBILS Esq. CALLE 7282,0
2026-04-25,A_113,39,,,,S,,55202,Vespertino,,,183346,"POINT (  566681.162161424,   6143023.03754718)",AV CIBILS Esq. CALLE 7282,0
2026-04-25,A_113,40,,,,N,,55202,Vespertino,,,183348,"POINT (  566680.568689614,   6143020.36692404)",AV CIBILS Esq. CALLE 7282,0
2026-04-25,A_113,41,,,,S,,55202,Vespertino,,,183349,"POINT (  566680.568689614,   6143017.39956499)",AV CIBILS Esq. CALLE 7282,0
2026-04-25,A_113,42,,,,S,,55202,Vespertino,,,181203,"POINT (  567336.467342321,   6142837.70177691)",CALLE 7264 Esq. CALLE 7282 EN 1115,0
2026-04-25,A_113,43,,,,S,,55202,Vespertino,,,181202,"POINT (  567339.709663140,   6142836.16594073)",CALLE 7282 1143 EN 1115,0
2026-04-25,A_113,44,,,,S,,55202,Vespertino,,,181199,"POINT (  567478.788161433,   6142754.93727179)",CALLE 7282 1047 EN 1056,0
2026-04-25,A_113,45,,,,S,,55202,Vespertino,,,181200,"POINT (  567473.668707509,   6142753.74273254)",CALLE 7282 1057 EN 1056,0
2026-04-25,A_113,46,,,,S,,55202,Vespertino,,,181201,"POINT (  567385.614100000,   6142752.71884175)",CALLE 7270 5408 EN 5408,0
2026-04-25,A_113,47,,,,S,,55202,Vespertino,,,182154,"POINT (  567029.063999782,   6142995.83957037)",CALLE 7282 Esq. CONGRESO DE AVALOS PROV OV (O: CONGRESO DE AVALOS esq NUBLE YIC),0
2026-04-25,A_113,48,,,,N,,55202,Vespertino,,,182155,"POINT (  567027.647877777,   6142996.27530022)",CALLE 7282 Esq. CONGRESO DE AVALOS PROV OV (O: CONGRESO DE AVALOS esq NUBLE YIC),0
2026-04-25,A_113,49,,,,S,,55202,Vespertino,,,102205,"POINT (  567033.869809450,   6142888.75757446)",CONGRESO DE AVALOS 28,0
2026-04-25,A_113,50,,,,S,,55202,Vespertino,,,102161,"POINT (  567042.350527870,   6142824.22323049)",CONGRESO DE AVALOS 19 fte 024,0
2026-04-25,A_113,51,,,,N,,55202,Vespertino,,,102200,"POINT (  567060.103988430,   6142699.32172897)",CONGRESO DE AVALOS 5325 fte 5318 baldio,0
2026-04-25,A_113,52,,,,N,,55202,Vespertino,,,102201,"POINT (  567070.421017660,   6142625.48386070)",CONGRESO DE AVALOS 5327 fte 5290,0
2026-04-25,A_113,53,S,100,,S,"Basura Afuera, Requiere Limpieza",55202,Vespertino,2026-04-25 16:03:56,18,115258,"POINT (  567102.416353335,   6142443.04235379)","CONGRESO DE AVALOS 5255 En esq, movido desde Cno Alianza esq Congreso de Avalos",0
2026-04-25,A_113,54,S,100,,S,"Basura Afuera, Requiere Limpieza",55202,Vespertino,2026-04-25 16:03:28,18,113232,"POINT (  567338.874096269,   6142456.15781356)",CNO ALIANZA 2075,0
2026-04-25,A_113,55,S,100,,S,"Basura Afuera, Requiere Limpieza",55202,Vespertino,2026-04-25 15:51:15,18,102193,"POINT (  567425.401824200,   6142550.63390851)",PASCUAL ANDINO Esq. CONGRESO DEL ARROYO DE LA CHINA,0
2026-04-25,A_113,56,S,100,,S,,55202,Vespertino,2026-04-25 15:53:29,18,102195,"POINT (  567415.744245380,   6142636.03363669)",GORGONIO AGUIAR Esq. PASCUAL ANDINO,0
2026-04-25,A_113,57,S,75,,S,,55202,Vespertino,2026-04-25 15:54:36,18,102194,"POINT (  567504.598415420,   6142648.27369823)",GORGONIO AGUIAR 2023 ftev1835,0
2026-04-25,A_113,58,S,100,,S,,55202,Vespertino,2026-04-25 15:57:48,18,181051,"POINT (  567580.617679085,   6142570.64014031)",JUAN B MENDEZ 5220,0
2026-04-25,A_113,59,S,100,,S,"Basura Afuera, Requiere Limpieza",55202,Vespertino,2026-04-25 16:00:12,18,102197,"POINT (  567583.911411440,   6142503.19940938)",CNO ALIANZA Esq. JUAN B MENDEZ,0
2026-04-25,A_113,60,S,100,,S,"Basura Afuera, Requiere Limpieza",55202,Vespertino,2026-04-25 16:01:54,18,102198,"POINT (  567443.305415983,   6142483.96052780)",CNO ALIANZA 2005,0
2026-04-25,A_113,61,S,75,,S,,55202,Vespertino,2026-04-25 16:06:04,18,170692,"POINT (  567052.243475541,   6142426.78135097)",CNO ALIANZA 2216 Esta en Cno Alianza 2286,0
2026-04-25,A_113,62,S,100,,S,"Basura Afuera, Poda, Requiere Limpieza",55202,Vespertino,2026-04-25 16:05:27,18,102192,"POINT (  566839.658151308,   6142395.04073663)",CNO ALIANZA 2368,0
2026-04-25,A_113,63,N,,Contenedor No Está,S,,55202,Vespertino,2026-04-25 16:06:22,,180696,"POINT (  566834.282724687,   6142394.52879124)",CNO ALIANZA 2368 ESQ. AV CIBILS,0
2026-04-25,A_113,64,S,100,,S,"Basura Afuera, Escombro, Poda, Requiere Limpieza",55202,Vespertino,2026-04-25 16:11:43,18,102179,"POINT (  566906.189067470,   6141511.78816038)",VERDUN Esq. AV CIBILS,0
2026-04-25,A_113,65,S,100,,S,"Basura Afuera, Requiere Limpieza",55202,Vespertino,2026-04-25 16:12:56,18,180693,"POINT (  566910.128505882,   6141512.58842940)",VERDUN Esq. AV CIBILS,0
2026-04-25,A_113,66,S,100,,S,"Basura Afuera, Requiere Limpieza",55202,Vespertino,2026-04-25 16:14:44,18,181294,"POINT (  566914.658151309,   6141513.08681172)",VERDUN 2375,0
2026-04-25,A_113,67,S,75,,S,,55202,Vespertino,2026-04-25 16:14:36,18,135012,"POINT (  567088.258934347,   6141541.07702772)",VERDUN 2303,0
2026-04-25,A_113,68,S,75,,S,,55202,Vespertino,2026-04-25 16:14:26,18,102181,"POINT (  567148.342847270,   6141549.07330446)",VERDUN 2291,0
2026-04-25,A_113,69,,,,S,,55202,Vespertino,,,102182,"POINT (  567733.588888410,   6141750.85982694)",CNO DE LAS TROPAS 4826,0
2026-04-25,A_113,70,,,,S,,55202,Vespertino,,,102183,"POINT (  567806.094148360,   6141871.29046705)",CNO DE LAS TROPAS 4888,0
2026-04-25,A_113,71,,,,S,,55202,Vespertino,,,102157,"POINT (  567857.766511520,   6141956.04079212)",CNO DE LAS TROPAS 5036,0
2026-04-25,A_113,72,,,,S,,55202,Vespertino,,,102158,"POINT (  567859.900853090,   6141961.33396619)",CNO DE LAS TROPAS 5036 verdun ycibil,0
2026-04-25,A_113,73,,,,N,,55202,Vespertino,,,102155,"POINT (  568305.405900990,   6141706.22886843)",AV DR SANTIN CARLOS ROSSI Esq. PSJE LATERAL RUTA 1,0
2026-04-25,A_113,74,,,,N,,55202,Vespertino,,,102170,"POINT (  568292.887696000,   6141662.14512475)",AV DR SANTIN CARLOS ROSSI Esq. PSJE A,0
2026-04-25,A_113,75,,,,N,,55202,Vespertino,,,102171,"POINT (  568289.438920000,   6141646.62358859)","AV DR SANTIN CARLOS ROSSI 4751 FALTA, DENUNCIA LA TRIPULACION",0
2026-04-25,A_113,76,,,,N,,55202,Vespertino,,,170712,"POINT (  568093.092914454,   6141637.73920211)",PSJE LAUTARO Esq. PSJE TUPAC AMARU,0
2026-04-25,A_113,77,,,,N,,55202,Vespertino,,,167472,"POINT (  568036.629118564,   6141649.04412067)",PSJE LAUTARO Esq. CALLE 9151 Alta operativa,0
2026-04-25,A_113,78,,,,S,,55202,Vespertino,,,102261,"POINT (  568199.750856410,   6141597.99578313)",PSJE EMILIANO ZAPATA 1803,0
2026-04-25,A_113,79,,,,N,,55202,Vespertino,,,102156,"POINT (  568277.791699560,   6141578.83371393)",AV DR SANTIN CARLOS ROSSI Esq. PSJE LAUTARO,0
2026-04-25,A_113,80,,,,S,,55202,Vespertino,,,133873,"POINT (  568793.032712590,   6141502.64149321)","PSJE LATERAL RUTA 1 Esq. 3RA PLA A LA PALOMA FTE 4443. FTE AL CAIF, BARRIO TOBOGAN.",0
2026-04-25,A_113,81,,,,S,,55202,Vespertino,,,113532,"POINT (  568717.771874517,   6141569.76878009)",PSJE A Esq. 2DA PLA A LA PALOMA,0
2026-04-25,A_113,82,,,,S,,55202,Vespertino,,,102172,"POINT (  568635.238427602,   6141623.90953331)",CNO LA PALOMA Esq. PSJE LATERAL RUTA 1,0
2026-04-25,A_113,83,,,,N,,55202,Vespertino,,,102173,"POINT (  568629.068609285,   6141621.53652626)",CNO LA PALOMA Esq. PSJE LATERAL RUTA 1,0
2026-04-25,A_113,84,,,,N,,55202,Vespertino,,,102174,"POINT (  568624.797196605,   6141616.79051217)",CNO LA PALOMA Esq. PSJE LATERAL RUTA 1,0
2026-04-25,A_113,85,,,,S,,55202,Vespertino,,,102175,"POINT (  568503.905139590,   6141407.84567172)",CNO LA PALOMA Esq. PSJE G,0
2026-04-25,A_113,86,,,,N,,55202,Vespertino,,,102176,"POINT (  568500.838893720,   6141403.30411948)",CNO LA PALOMA Esq. PSJE G,0
2026-04-25,A_113,87,,,,N,,55202,Vespertino,,,133872,"POINT (  568378.319104133,   6141329.81871211)","CNO LA PALOMA Esq. CIRC INT SIN DENOM LA PALOMA, ESTADIO TROCOLLI",0
2026-04-25,A_113,88,,,,N,,55202,Vespertino,,,133852,"POINT (  568360.758852001,   6141326.97110365)","CNO LA PALOMA Esq. CIRC INT SIN DENOM LA PALOMA, ESTADIO TROCOLLI",0
2026-04-25,A_113,89,,,,N,,55202,Vespertino,,,133833,"POINT (  568348.419215367,   6141325.07269802)","CNO LA PALOMA Esq. AV DR SANTIN CARLOS ROSSI LA PALOMA, ESTADIO TROCOLLI",0
2026-04-25,A_113,90,,,,S,,55202,Vespertino,,,102169,"POINT (  568193.413008175,   6141517.48654000)",JOAQUIN MARTORI 1767,0
2026-04-25,A_113,91,,,,S,,55202,Vespertino,,,142752,"POINT (  568007.390136580,   6141486.58437991)",JOAQUIN MARTORI 1879 Provisorio. Origen: PERNAMBUCO esq. CALLE DE TOSCA,0
2026-04-25,A_113,92,,,,S,,55202,Vespertino,,,142753,"POINT (  568003.328702343,   6141485.87851288)",JOAQUIN MARTORI Esq. CALLE DE TOSCA Provisorio. Origen: PERNAMBUCO 1950,0
2026-04-25,A_113,93,,,,S,,55202,Vespertino,,,181350,"POINT (  567924.969240501,   6141508.36463072)",JOAQUIN MARTORI 1888,0
2026-04-25,A_113,94,,,,S,,55202,Vespertino,,,106892,"POINT (  567741.448234638,   6141608.78617497)",JOAQUIN MARTORI Esq. PSJE LAUTARO,0
2026-04-25,A_113,95,,,,S,,55202,Vespertino,,,102263,"POINT (  567835.491762170,   6141815.89802760)",LUCIO RODRIGUEZ 4876 Terreno baldio,0
2026-04-25,A_113,96,,,,N,,55202,Vespertino,,,102264,"POINT (  567815.053968440,   6141962.42446440)",LUCIO RODRIGUEZ 4912,0
2026-04-25,A_113,97,,,,N,,55202,Vespertino,,,177146,"POINT (  567814.715424859,   6141964.79550565)",LUCIO RODRIGUEZ 4912 (A),0
2026-04-25,A_113,98,,,,S,,55202,Vespertino,,,102154,"POINT (  567797.418699700,   6142075.94040220)",LUCIO RODRIGUEZ 4878,0
2026-04-25,A_113,99,,,,S,,55202,Vespertino,,,134993,"POINT (  567774.413903691,   6142216.57461482)",LUCIO RODRIGUEZ 5028,0
2026-04-25,A_113,100,,,,S,,55202,Vespertino,,,102165,"POINT (  567773.809088740,   6142231.59568620)",LUCIO RODRIGUEZ 5028,0
2026-04-25,A_113,101,,,,S,,55202,Vespertino,,,171653,"POINT (  567583.339479236,   6142245.39745650)",RAMON ALVAREZ 5117 En 5165/67 Muro blanco,0
2026-04-25,A_113,102,,,,S,,55202,Vespertino,,,102256,"POINT (  567624.161881800,   6141982.22732986)",RAMON ALVAREZ 5005,0
2026-04-25,A_113,103,,,,S,,55202,Vespertino,,,183351,"POINT (  567654.064630860,   6141757.52344065)",RAMON ALVAREZ 4855,0
2026-04-25,A_113,104,,,,S,,55202,Vespertino,,,102214,"POINT (  567582.131586551,   6141630.70472154)",PSJE G Esq. VERDUN,0
2026-04-25,A_113,105,,,,S,,55202,Vespertino,,,180859,"POINT (  567578.177663761,   6141630.54905529)",VERDUN 2048 PROV OV (O:,0
2026-04-25,A_113,106,,,,S,,55202,Vespertino,,,102211,"POINT (  567229.519351412,   6141572.89355424)",VERDUN 2222 traslado provisorio 28/10/23,0
2026-04-25,A_113,107,,,,S,,55202,Vespertino,,,102260,"POINT (  567220.790256090,   6141572.05210000)",VERDUN 2228,0
2026-04-25,A_113,108,S,100,,S,"Basura Afuera, Requiere Limpieza",55202,Vespertino,2026-04-25 16:19:07,18,181171,"POINT (  567193.897129579,   6141855.63954061)",JUAN MEDINA Esq. JUAN LEON PROV OV (O: FRANCISCO JAVIER DE SITTI 2203),0
2026-04-25,A_113,109,S,100,,S,"Basura Afuera, Poda, Requiere Limpieza",55202,Vespertino,2026-04-25 16:19:50,18,181173,"POINT (  567189.574035154,   6141854.95694675)",JUAN MEDINA Esq. JUAN LEON PROV OV (O: JOSE VIDAL y RAMON PIEDRA),0
2026-04-25,A_113,110,S,100,,S,,55202,Vespertino,2026-04-25 16:21:44,18,102254,"POINT (  567008.210280100,   6141829.47068393)",JOSE VIDAL 2322,0
2026-04-25,A_113,111,S,100,,S,"Basura Afuera, Poda, Requiere Limpieza",55202,Vespertino,2026-04-25 16:25:24,18,181174,"POINT (  566978.670453356,   6141696.82398771)",ANTOLIN REINA 4857 PROV OV (O:CABILDO GDOR DE LA PROV ORIENTAL 4966),0
2026-04-25,A_113,112,S,100,,S,"Basura Afuera, Poda, Requiere Limpieza",55202,Vespertino,2026-04-25 16:25:37,18,102255,"POINT (  566978.784218999,   6141694.54867486)",ANTOLIN REINA 4857,0
2026-04-25,A_113,113,S,100,,S,"Basura Afuera, Poda, Requiere Limpieza",55202,Vespertino,2026-04-25 16:27:01,18,102247,"POINT (  567068.248764340,   6141680.76758075)",FRANCISCO JAVIER SITI 2301,0
2026-04-25,A_113,114,S,100,,S,"Basura Afuera, Poda, Requiere Limpieza",55202,Vespertino,2026-04-25 16:31:07,18,102248,"POINT (  567161.459809605,   6141697.27651469)",FRANCISCO JAVIER SITI Esq. RAMON PIEDRA,0
2026-04-25,A_113,115,S,75,,S,,55202,Vespertino,2026-04-25 16:33:17,18,182966,"POINT (  567299.076493312,   6141718.47753549)",FRANCISCO JAVIER SITI 2203,0
2026-04-25,A_113,116,S,100,,S,,55202,Vespertino,2026-04-25 16:40:55,18,182967,"POINT (  567440.566565071,   6141744.21239880)",FRANCISCO JAVIER SITI Esq. PSJE B,0
2026-04-25,A_113,117,,,,N,,55202,Vespertino,,,182974,"POINT (  567473.739338505,   6141797.61883188)",CABILDO GDOR DE LA PROV ORIENTAL Esq. PSJE D,0
2026-04-25,A_113,118,,,,S,,55202,Vespertino,,,182973,"POINT (  567468.379677010,   6141833.16185021)",CABILDO GDOR DE LA PROV ORIENTAL Esq. PSJE C ANTES DE PJE C,0
2026-04-25,A_113,119,,,,S,,55202,Vespertino,,,182972,"POINT (  567463.866277856,   6141855.44675853)",CABILDO GDOR DE LA PROV ORIENTAL Esq. PSJE C ANTES DE PJE A,0
2026-04-25,A_113,120,,,,S,,55202,Vespertino,,,183286,"POINT (  567449.119050365,   6141948.45056278)",CABILDO GDOR DE LA PROV ORIENTAL 4978,0
2026-04-25,A_113,121,,,,S,,55202,Vespertino,,,183287,"POINT (  567439.192043066,   6142009.18048979)",CABILDO GDOR DE LA PROV ORIENTAL 5030,0
2026-04-25,A_113,122,,,,S,,55202,Vespertino,,,183285,"POINT (  567413.964983988,   6142142.09491512)",CABILDO GDOR DE LA PROV ORIENTAL 5105,0
2026-04-25,A_113,123,,,,S,,55202,Vespertino,,,102212,"POINT (  567168.004316500,   6142106.73809102)",CONGRESO DE AVALOS Esq. JUAN LEON,0
2026-04-25,A_113,124,,,,S,,55202,Vespertino,,,102152,"POINT (  567060.083331440,   6142090.17233610)",CABILDO DE 1815 2292,0
2026-04-25,A_113,125,,,,N,,55202,Vespertino,,,102153,"POINT (  566925.692452630,   6142000.98752957)","LUIS DE LA ROSA 5057 EN 5115, numeración de casas no concordante con Street View",0
2026-04-25,A_113,126,,,,S,,55202,Vespertino,,,102213,"POINT (  567020.631535420,   6141957.96165324)",PASCUAL BLANCO 2325,0
2026-04-25,A_113,127,,,,S,,55202,Vespertino,,,102215,"POINT (  567107.127044420,   6141981.45763913)",PASCUAL BLANCO Esq. PSJE 21 DE NOVIEMBRE,0
2026-04-25,F_111,70,S,100,,S,Basura Afuera,55203,Vespertino,2026-04-25 13:11:31,17,175357,"POINT (  578766.581079081,   6146296.02523117)",MATILDE PACHECO DE BATLLE Y ORDOÑEZ 4003,0
2026-04-25,F_111,71,S,100,,S,,55203,Vespertino,2026-04-25 13:11:57,17,141507,"POINT (  578920.101343359,   6146313.56779512)",MATILDE PACHECO DE BATLLE Y ORDOÑEZ 3935 EN 3935/3937.,0
2026-04-25,F_111,72,S,100,,S,Basura Afuera,55203,Vespertino,2026-04-25 13:13:48,17,141477,"POINT (  579072.808475000,   6146336.77064551)",MATILDE PACHECO DE BATLLE Y ORDOÑEZ 3881 FTE 3880. MURO,0
2026-04-25,F_111,73,S,75,,S,"Basura Afuera, Requiere Mantenimiento",55203,Vespertino,2026-04-25 13:17:31,17,141538,"POINT (  579272.460908594,   6146370.76551934)",CARLOS HOUNIE Esq. MATILDE PACHECO DE BATLLE Y ORDOÑEZ,0
2026-04-25,F_111,74,N,,Fuego,S,Basura Afuera,55203,Vespertino,2026-04-25 13:19:08,,141480,"POINT (  579308.249311464,   6146479.33586947)",PARROCO JACINTO TUCCILLO 4476,0
2026-04-25,F_111,75,S,100,,S,Basura Afuera,55203,Vespertino,2026-04-25 13:21:11,17,141479,"POINT (  579368.064077411,   6146528.53934642)",CNO CAP MATEO TULA DUFORT Esq. PSJE HAROLDO PONCE DE LEON MURO,0
2026-04-25,F_111,76,S,50,,S,,55203,Vespertino,2026-04-25 13:21:03,17,141478,"POINT (  579370.789165284,   6146528.85994500)",CNO CAP MATEO TULA DUFORT Esq. PSJE HAROLDO PONCE DE LEON MURO,0
2026-04-25,F_111,77,S,75,,S,,55203,Vespertino,2026-04-25 13:24:32,17,141481,"POINT (  579524.195582607,   6146550.01945083)",CNO CAP MATEO TULA DUFORT Esq. JULIO DA ROSA PDO 3623,0
2026-04-25,F_111,78,S,75,,S,Basura Afuera,55203,Vespertino,2026-04-25 13:26:47,17,141485,"POINT (  579641.374361148,   6146566.00930467)",CNO CAP MATEO TULA DUFORT 3561,0
2026-04-25,F_111,79,S,75,,S,Basura Afuera,55203,Vespertino,2026-04-25 13:26:52,17,141539,"POINT (  579643.458251874,   6146566.08945432)",CNO CAP MATEO TULA DUFORT 3561,0
2026-04-25,F_111,80,S,50,,S,,55203,Vespertino,2026-04-25 13:28:31,17,141452,"POINT (  579749.776753747,   6146526.13485715)",RAFAEL 4407 PDO 1er PASAJE,0
2026-04-25,F_111,81,S,50,,S,,55203,Vespertino,2026-04-25 13:38:03,17,141454,"POINT (  579773.821646744,   6146449.99269599)",RAFAEL 4404 PDO 2do PASAJE,0
2026-04-25,F_111,82,S,75,,S,,55203,Vespertino,2026-04-25 13:38:11,17,141453,"POINT (  579798.507736888,   6146365.35467264)",RAFAEL 4357 BLOQUE/BLOQUE,0
2026-04-25,F_111,83,S,75,,S,Basura Afuera,55203,Vespertino,2026-04-25 13:39:29,17,141450,"POINT (  579816.781855566,   6146306.84543301)",RAFAEL 4352 BLOQUE/BLOQUE,0
2026-04-25,F_111,84,S,75,,S,,55203,Vespertino,2026-04-25 13:42:08,17,176136,"POINT (  579709.223546841,   6146258.07236013)",CNO TTE RINALDI 3558,0
2026-04-25,F_111,85,N,,Contenedor No Está,N,,55203,Vespertino,2026-04-25 13:42:17,,141510,"POINT (  579626.025704453,   6146251.46202947)",CARMEN GARAYALDE 4358 MURO,0
2026-04-25,F_111,86,S,75,,S,"Basura Afuera, Requiere Mantenimiento",55203,Vespertino,2026-04-25 13:44:10,17,141509,"POINT (  579609.715252036,   6146357.78053134)",CARMEN GARAYALDE 4381,0
2026-04-25,F_111,87,S,75,,S,,55203,Vespertino,2026-04-25 13:45:32,17,141512,"POINT (  579600.017145193,   6146427.59087065)",CARMEN GARAYALDE 4405 FTE 4405,0
2026-04-25,F_111,88,S,50,,S,Poda,55203,Vespertino,2026-04-25 13:46:37,17,141511,"POINT (  579588.876344772,   6146515.03413155)",CARMEN GARAYALDE 4433 FTE 4433/4437,0
2026-04-25,F_111,89,S,50,,S,,55203,Vespertino,2026-04-25 13:48:13,17,141484,"POINT (  579693.889423828,   6146381.01794160)",DR ZELMAR RICCETTO 4356,0
2026-04-25,F_111,90,S,75,,S,Basura Afuera,55203,Vespertino,2026-04-25 13:49:35,17,171412,"POINT (  579721.403780010,   6146269.33539994)",DR ZELMAR RICCETTO Esq. CNO TTE RINALDI,0
2026-04-25,F_111,91,N,,Contenedor No Está,N,,55203,Vespertino,2026-04-25 13:58:08,,141483,"POINT (  579536.618777324,   6146457.48668763)",LA HAYA 3618,0
2026-04-25,F_111,92,S,75,,S,,55203,Vespertino,2026-04-25 13:58:18,17,141482,"POINT (  579440.519354976,   6146445.62454040)",LA HAYA 3705 MURO,0
2026-04-25,F_111,93,S,50,,S,,55203,Vespertino,2026-04-25 13:58:23,17,147052,"POINT (  579380.767795879,   6146437.24890269)",LA HAYA 3735 MURO,0
2026-04-25,F_111,94,S,75,,S,,55203,Vespertino,2026-04-25 13:58:27,17,141545,"POINT (  579373.514253158,   6146436.64778037)",PSJE HAROLDO PONCE DE LEON Esq. LA HAYA MURO,0
2026-04-25,F_111,95,S,50,,S,Basura Afuera,55203,Vespertino,2026-04-25 13:55:49,17,141541,"POINT (  579304.425260612,   6146400.29991712)",PARROCO JACINTO TUCCILLO 4448 FTE 4444/4448,0
2026-04-25,F_111,96,S,100,,S,"Basura Afuera, Requiere Mantenimiento",55203,Vespertino,2026-04-25 13:57:53,17,141544,"POINT (  579348.427414797,   6146307.32633086)",UMBERTO PITTAMIGLIO 3744 FTE 3744. BALDIO,0
2026-04-25,F_111,97,S,100,,S,"Basura Afuera, Requiere Mantenimiento",55203,Vespertino,2026-04-25 13:59:55,17,141543,"POINT (  579456.629433285,   6146320.63117165)",UMBERTO PITTAMIGLIO 3705,0
2026-04-25,F_111,98,N,,Contenedor No Está,N,,55203,Vespertino,2026-04-25 14:00:29,,141456,"POINT (  579545.435238088,   6146331.89219652)",UMBERTO PITTAMIGLIO 3651 MURO,0
2026-04-25,F_111,99,S,75,,S,Escombro,55203,Vespertino,2026-04-25 14:07:16,17,181759,"POINT (  579548.701070370,   6146239.35860610)",CNO TTE RINALDI 3656,0
2026-04-25,F_111,100,S,75,,S,Basura Afuera,55203,Vespertino,2026-04-25 14:09:24,17,141458,"POINT (  579468.732029427,   6146228.29878254)",CNO TTE RINALDI 3712 MURO,0
2026-04-25,F_111,101,S,100,,S,Requiere Mantenimiento,55203,Vespertino,2026-04-25 14:11:27,17,141457,"POINT (  579397.719445441,   6146219.88306999)",NORBERTO BERDIA 4352,0
2026-04-25,F_111,102,S,100,,S,Requiere Mantenimiento,55203,Vespertino,2026-04-25 14:13:20,17,141486,"POINT (  579292.082215539,   6146206.41792991)",CARLOS HOUNIE Esq. CNO TTE RINALDI MURO C/REJAS,0
2026-04-25,F_111,103,S,50,,S,Requiere Mantenimiento,55203,Vespertino,2026-04-25 14:19:53,17,141546,"POINT (  579174.582838425,   6146191.75054518)",CNO TTE RINALDI 3854 FTE 3855. MURO C/REJAS,0
2026-04-25,F_111,104,S,100,,S,,55203,Vespertino,2026-04-25 14:20:00,17,141547,"POINT (  579139.397145006,   6146188.06366159)",CNO TTE RINALDI 3866 EN 3866,0
2026-04-25,F_111,105,S,100,,S,Basura Afuera,55203,Vespertino,2026-04-25 14:20:05,17,141552,"POINT (  579093.791997954,   6146182.77378513)",CNO TTE RINALDI 3874,0
2026-04-25,F_111,1,S,100,,S,Basura Afuera,55203,Vespertino,2026-04-25 15:47:02,17,180783,"POINT (  578721.792486275,   6145508.26744488)",CNO GRAL LEANDRO GOMEZ 2852,1
2026-04-25,F_111,2,S,75,,S,,55203,Vespertino,2026-04-25 15:47:09,17,147032,"POINT (  578713.562090021,   6145506.95199261)",CNO GRAL LEANDRO GOMEZ 2852,1
2026-04-25,F_111,3,S,100,,S,"Basura Afuera, Requiere Mantenimiento",55203,Vespertino,2026-04-25 15:47:40,17,141460,"POINT (  578708.038082810,   6145506.32444200)",CNO GRAL LEANDRO GOMEZ 2852,1
2026-04-25,F_111,4,S,100,,S,"Basura Afuera, Requiere Mantenimiento",55203,Vespertino,2026-04-25 15:47:53,17,141517,"POINT (  578703.623534249,   6145505.50929903)",CNO GRAL LEANDRO GOMEZ 2852,1
2026-04-25,F_111,5,S,75,,S,,55203,Vespertino,2026-04-25 15:50:03,17,141493,"POINT (  578582.918171402,   6145671.57936000)",JORGE PACHECO 4097 CERCO CON REJAS,1
2026-04-25,F_111,6,S,75,,S,Basura Afuera,55203,Vespertino,2026-04-25 15:51:15,17,141494,"POINT (  578698.325261719,   6145684.39282871)",JORGE PACHECO Esq. HOMERO CERCO CON REJAS,1
2026-04-25,F_111,7,N,,Sobrepeso,S,Basura Afuera,55203,Vespertino,2026-04-25 15:52:40,,141462,"POINT (  578807.864299609,   6145698.96206035)",JORGE PACHECO 4017 EN 4013/4017,1
2026-04-25,F_111,8,S,100,,S,,55203,Vespertino,2026-04-25 15:54:28,17,141459,"POINT (  578946.002199609,   6145716.76889902)",JORGE PACHECO 3975,1
2026-04-25,F_111,9,N,,Contenedor No Está,N,,55203,Vespertino,2026-04-25 15:55:06,,141464,"POINT (  579099.001724772,   6145737.86311507)",JORGE PACHECO 3897 MURO,1
2026-04-25,F_111,10,S,100,,S,,55203,Vespertino,2026-04-25 15:56:12,17,141519,"POINT (  579234.294322704,   6145755.97693446)",JORGE PACHECO 3851,1
2026-04-25,F_111,11,S,100,,S,,55203,Vespertino,2026-04-25 15:58:00,17,141466,"POINT (  579245.354973483,   6145697.14709626)",ADOLFO ARTAGAVEYTIA 3900,1
2026-04-25,F_111,12,S,100,,S,"Basura Afuera, Poda, Requiere Mantenimiento",55203,Vespertino,2026-04-25 16:01:19,17,176494,"POINT (  579119.840632036,   6145677.26998472)",ADOLFO ARTAGAVEYTIA 3944,1
2026-04-25,F_111,13,S,100,,S,"Basura Afuera, Poda, Requiere Mantenimiento",55203,Vespertino,2026-04-25 16:01:27,17,141496,"POINT (  579116.153748443,   6145677.02953579)",ADOLFO ARTAGAVEYTIA 3944 ARBOL/ARBOL,1
2026-04-25,F_111,14,S,100,,S,,55203,Vespertino,2026-04-25 16:02:48,17,141463,"POINT (  578999.135269189,   6145659.15616533)",ADOLFO ARTAGAVEYTIA 3966 REJAS BAJAS,1
2026-04-25,F_111,15,S,100,,S,,55203,Vespertino,2026-04-25 15:48:03,17,181194,"POINT (  578990.246352941,   6145543.19142353)",CNO GRAL LEANDRO GOMEZ 2833,1
2026-04-25,F_111,16,S,100,,S,,55203,Vespertino,2026-04-25 15:48:08,17,181195,"POINT (  578984.146135076,   6145541.88423399)",CNO GRAL LEANDRO GOMEZ 2833,1
2026-04-25,F_111,17,S,100,,S,Basura Afuera,55203,Vespertino,2026-04-25 16:04:38,17,141495,"POINT (  578821.283210652,   6145631.42438874)",ADOLFO ARTAGAVEYTIA 4010 PDO 4010. MURO BAJO,1
2026-04-25,F_111,18,S,100,,S,,55203,Vespertino,2026-04-25 16:07:36,17,183599,"POINT (  578619.017767637,   6145602.05378999)",ADOLFO ARTAGAVEYTIA 4093,1
2026-04-25,F_111,19,S,100,,S,,55203,Vespertino,2026-04-25 16:08:08,17,141521,"POINT (  578612.733838721,   6145601.44842213)",ADOLFO ARTAGAVEYTIA 4093 FTE 4095. MURO CIEGO,1
2026-04-25,F_111,20,S,75,,S,,55203,Vespertino,2026-04-25 16:09:37,17,141522,"POINT (  578611.772043001,   6145787.23529536)",CNO TTE GALEANO 4089 EN 4089/4091,1
2026-04-25,F_111,21,S,100,,S,Requiere Mantenimiento,55203,Vespertino,2026-04-25 16:12:10,17,141465,"POINT (  578715.966579323,   6145799.89893900)",CNO TTE GALEANO 4029 BIS,1
2026-04-25,F_111,22,S,100,,S,"Basura Afuera, Requiere Mantenimiento",55203,Vespertino,2026-04-25 16:13:41,17,141523,"POINT (  578831.606751172,   6145813.89710996)",CNO TTE GALEANO 4001,1
2026-04-25,F_111,23,S,100,,S,,55203,Vespertino,2026-04-25 16:16:23,17,141468,"POINT (  578875.854047266,   6145912.64412442)",DUNANT 3991 EN 3993. MURO,1
2026-04-25,F_111,24,S,100,,S,Requiere Mantenimiento,55203,Vespertino,2026-04-25 16:17:54,17,141488,"POINT (  578988.555516269,   6145928.85971507)",DUNANT 3919 FTE 3916. MURO BAJO,1
2026-04-25,F_111,25,S,100,,S,"Basura Afuera, Requiere Mantenimiento",55203,Vespertino,2026-04-25 16:21:05,17,141489,"POINT (  579134.588166406,   6145946.49263660)",DUNANT 3875 EN 3873/3879,1
2026-04-25,F_111,26,N,,Contenedor No Está,N,,55203,Vespertino,2026-04-25 16:24:10,,141490,"POINT (  579247.839612424,   6145960.59897383)",DUNANT 3815 EN 3813/3815,1
2026-04-25,F_111,27,N,,Contenedor No Está,N,,55203,Vespertino,2026-04-25 16:23:54,,141467,"POINT (  579443.404742136,   6145984.16296897)",DUNANT 3715 EN 3713. REJAS BAJAS,1
2026-04-25,F_111,28,S,100,,S,Requiere Mantenimiento,55203,Vespertino,2026-04-25 16:23:46,33,141491,"POINT (  579581.903325801,   6145999.23110191)",DUNANT 3638 FTE 3638,1
2026-04-25,F_111,29,S,75,,S,"Basura Afuera, Poda, Requiere Mantenimiento",55203,Vespertino,2026-04-25 16:25:18,33,141469,"POINT (  579681.609482097,   6146011.09324912)",DUNANT 3614 FTE 3614. BALDIO,1
2026-04-25,F_111,30,S,100,,S,Basura Afuera,55203,Vespertino,2026-04-25 16:29:17,33,141470,"POINT (  579870.339007031,   6146030.27717988)",DUNANT Esq. RAFAEL MURO,1
2026-04-25,F_111,31,N,,Contenedor No Está,N,,55203,Vespertino,2026-04-25 16:41:09,,141499,"POINT (  579901.059205523,   6146105.74997793)",CNO TTE GALEANO Esq. RAFAEL VEREDA,1
2026-04-25,F_111,32,N,,Contenedor No Está,N,,55203,Vespertino,2026-04-25 16:41:29,,141498,"POINT (  579893.525139051,   6146108.63536509)",CNO TTE GALEANO Esq. RAFAEL VEREDA,1
2026-04-25,F_111,33,N,,Contenedor No Está,N,,55203,Vespertino,2026-04-25 16:41:47,,141497,"POINT (  579887.594065445,   6146113.60464297)",CNO TTE GALEANO Esq. RAFAEL VEREDA,1
2026-04-25,F_111,34,S,100,,S,"Basura Afuera, Requiere Limpieza",55203,Vespertino,2026-04-25 16:42:14,33,141471,"POINT (  579855.774657045,   6145745.19680743)",URBINO 4132 MURO CON REJAS,1
2026-04-25,F_111,35,S,100,,S,"Basura Afuera, Poda, Requiere Limpieza",55203,Vespertino,2026-04-25 16:42:22,33,141524,"POINT (  579719.790280078,   6145789.61505723)",EL PARNASO 4160,1
2026-04-25,F_111,36,N,,Sobrepeso,S,"Basura Afuera, Escombro, Poda, Requiere Mantenimiento",55203,Vespertino,2026-04-25 16:51:58,,141525,"POINT (  579703.650634014,   6145905.17549551)",EL PARNASO 4196,1
2026-04-25,F_111,37,,,,S,,55203,Vespertino,,,141526,"POINT (  579612.760938484,   6145901.64891120)",CALLE 20 MTS Esq. CNO TTE GALEANO,1
2026-04-25,F_111,38,,,,S,,55203,Vespertino,,,141527,"POINT (  579622.579269791,   6145762.66942967)",CALLE 20 MTS 4157,1
2026-04-25,F_111,39,,,,S,,55203,Vespertino,,,141472,"POINT (  579632.517825563,   6145634.02925214)",CALLE 20 MTS 4121,1
2026-04-25,F_111,40,,,,S,,55203,Vespertino,,,175463,"POINT (  579453.944420235,   6145883.21449324)",SIXTINA Esq. CNO TTE GALEANO,1
2026-04-25,F_111,41,,,,S,,55203,Vespertino,,,175464,"POINT (  579457.310705254,   6145832.15917044)",SIXTINA Esq. PSJE B - 9439,1
2026-04-25,F_111,42,,,,S,,55203,Vespertino,,,175465,"POINT (  579459.795344198,   6145794.28846397)",SIXTINA Esq. PSJE C,1
2026-04-25,F_111,43,,,,S,,55203,Vespertino,,,175466,"POINT (  579464.524173154,   6145731.37099396)",SIXTINA Esq. TIMOTEO VITI,1
2026-04-25,F_111,44,,,,S,,55203,Vespertino,,,141500,"POINT (  579506.647817187,   6145599.13584355)",CNO GRAL LEANDRO GOMEZ 2725 EN 2723/2725,1
2026-04-25,F_111,45,,,,S,,55203,Vespertino,,,141501,"POINT (  579590.825600000,   6145604.53185527)",CNO GRAL LEANDRO GOMEZ 2707 EN 2707/2709,1
2026-04-25,F_111,46,,,,S,,55203,Vespertino,,,141473,"POINT (  579703.062643750,   6145613.70507519)",CNO GRAL LEANDRO GOMEZ 2659 MURO,1
2026-04-25,F_111,47,,,,S,,55203,Vespertino,,,183153,"POINT (  579794.646092525,   6145627.26053089)",CNO GRAL LEANDRO GOMEZ 2607,1
2026-04-25,F_111,48,,,,S,,55203,Vespertino,,,141492,"POINT (  579798.572051172,   6145627.73470566)",CNO GRAL LEANDRO GOMEZ 2607 CERCO VEGETAL,1
2026-04-25,F_111,49,,,,S,,55203,Vespertino,,,141474,"POINT (  579910.809094922,   6145656.33356777)",CNO GRAL LEANDRO GOMEZ 2547 EN 2547/2549,1
2026-04-25,F_111,50,,,,S,,55203,Vespertino,,,141529,"POINT (  579972.512612546,   6145795.41055897)",RAFAEL 4135 FTE 4135,1
2026-04-25,F_111,51,,,,S,,55203,Vespertino,,,141528,"POINT (  579934.011945310,   6145877.03044707)",RAFAEL 4175  FTE 4175,1
2026-04-25,F_111,52,,,,S,,55203,Vespertino,,,141531,"POINT (  579782.384016015,   6145943.40139121)",CNO TTE GALEANO 3560,1
2026-04-25,F_111,53,,,,S,,55203,Vespertino,,,141530,"POINT (  579510.964626562,   6145909.94611855)",CNO TTE GALEANO 3740 CERCO VEGETAL,1
2026-04-25,F_111,54,,,,S,,55203,Vespertino,,,141532,"POINT (  579327.500228125,   6145887.82247051)",CNO TTE GALEANO 3784 EN 3782/3784,1
2026-04-25,F_111,55,,,,S,,55203,Vespertino,,,141533,"POINT (  579166.699078906,   6145868.39682832)",CNO TTE GALEANO 3856 PADRON CON RETIRO,1
2026-04-25,F_111,56,,,,S,,55203,Vespertino,,,141503,"POINT (  579020.467161328,   6145849.51078730)",CNO TTE GALEANO 3916 CASA TAPEADA,1
2026-04-25,F_111,57,,,,S,,55203,Vespertino,,,141513,"POINT (  578782.450708460,   6145915.63502395)",DUNANT 4018 EN 4018/4022,1
2026-04-25,F_111,58,,,,S,,55203,Vespertino,,,141514,"POINT (  578657.457339694,   6145898.56314990)",DUNANT 4056 EN 4058,1
2026-04-25,F_111,59,,,,S,,55203,Vespertino,,,141475,"POINT (  578581.595702288,   6145888.06354665)",DUNANT 4075,1
2026-04-25,F_111,60,,,,S,,55203,Vespertino,,,141515,"POINT (  578709.995430894,   6146007.64681449)",HELVECIA 4043 MURO CON REJAS,1
2026-04-25,F_111,61,,,,S,,55203,Vespertino,,,141476,"POINT (  578802.327820005,   6146019.02806384)",HELVECIA 4005,1
2026-04-25,F_111,62,,,,S,,55203,Vespertino,,,141502,"POINT (  578904.759064174,   6146031.37110891)",HELVECIA 3963 EN 3965,1
2026-04-25,F_111,63,,,,S,,55203,Vespertino,,,141505,"POINT (  579004.465220470,   6146043.87445327)",HELVECIA 3911 FTE 3912. ARBOL/ARBOL,1
2026-04-25,F_111,64,,,,S,,55203,Vespertino,,,141504,"POINT (  579042.295852119,   6146085.23166923)",CESAR BATLLE PACHECO 4316 FTE 4305,1
2026-04-25,F_111,65,,,,S,,55203,Vespertino,,,141534,"POINT (  578998.883114453,   6146166.79627637)",CNO TTE RINALDI 3904 EN 3904/3912.,1
2026-04-25,F_111,66,,,,S,,55203,Vespertino,,,141506,"POINT (  578879.631255469,   6146152.22704473)",CNO TTE RINALDI 3972,1
2026-04-25,F_111,67,,,,S,,55203,Vespertino,,,141535,"POINT (  578749.587373047,   6146137.11821191)",CNO TTE RINALDI 4028 EN 4028/4036,1
2026-04-25,F_111,68,,,,S,,55203,Vespertino,,,141508,"POINT (  578619.543490625,   6146120.39057559)",CNO TTE RINALDI 4092 VEREDA. MURO,1
2026-04-25,F_111,69,N,,Contenedor No Está,N,,55203,Vespertino,2026-04-25 13:11:43,,162092,"POINT (  578760.329406902,   6146295.70463260)",MATILDE PACHECO DE BATLLE Y ORDOÑEZ 4011 PROV (O:MATILDE PACHECO 4097),1
2026-04-25,F_102,94,S,100,,S,"Basura Afuera, Poda",55204,Vespertino,2026-04-25 14:49:01,,163012,"POINT (  580528.452536482,   6141712.08807224)",DR PANTALEON PEREZ 4828,0
2026-04-25,F_102,95,S,100,,S,Basura Afuera,55204,Vespertino,2026-04-25 14:54:32,,142284,"POINT (  581030.211725977,   6141878.58576347)",CANOVAS DEL CASTILLO 5087,0
2026-04-25,F_102,96,S,100,,S,Basura Afuera,55204,Vespertino,2026-04-25 15:00:40,,142280,"POINT (  580861.291968659,   6141747.67421605)",CANOVAS DEL CASTILLO 4997,0
2026-04-25,F_102,97,N,,Contenedor Fuera de Alcance,S,,55204,Vespertino,2026-04-25 15:04:01,,142285,"POINT (  580775.250172266,   6141676.50512461)",CANOVAS DEL CASTILLO 4948 FTE 4948,0
2026-04-25,F_102,98,S,100,,S,"Basura Afuera, Poda",55204,Vespertino,2026-04-25 15:08:31,,156632,"POINT (  580626.704272214,   6141437.02501675)",OROSMAN MORATORIO Esq. MURILLO,0
2026-04-25,F_101,10,S,100,,S,,55204,Vespertino,2026-04-25 15:30:45,,142174,"POINT (  584807.219118976,   6142099.91652094)",CALLE 8 7090 CURITIBA PASANDO EL 7090. TERRENO BALDIO,1
2026-04-25,F_101,11,S,100,,S,,55204,Vespertino,2026-04-25 15:36:30,,181745,"POINT (  584843.715783660,   6142335.19346580)",CALLE 14 - 8740 3227,1
2026-04-25,F_101,12,S,100,,S,,55204,Vespertino,2026-04-25 15:40:50,,181738,"POINT (  584756.179162174,   6142523.70892388)",CALLE 11 - 8848 7133,1
2026-04-25,F_101,13,S,100,,S,,55204,Vespertino,2026-04-25 15:42:40,,181737,"POINT (  584604.997129077,   6142325.36377022)",CALLE 12 - 8737 3205,1
2026-04-25,F_101,14,S,100,,S,,55204,Vespertino,2026-04-25 15:48:51,,142254,"POINT (  584583.473375502,   6142190.96457240)",CALLE 12 - 8737 3161 GUADALAJARA ESQ. CNODR MIGUEL C RUBINO. TERRENO BALDIO,1
2026-04-25,F_101,15,S,100,,S,,55204,Vespertino,2026-04-25 15:51:23,,150292,"POINT (  584733.705520161,   6141902.26325742)",CALLE 1 Esq. CALLE 2 RIO BAMBA Y CORDOBA,1
2026-04-25,F_101,16,S,100,,S,,55204,Vespertino,2026-04-25 15:54:59,,177369,"POINT (  584736.424415751,   6141897.94948865)",CALLE 1 Esq. CALLE 2,1
2026-04-25,F_101,17,S,100,,S,,55204,Vespertino,2026-04-25 15:59:48,,150293,"POINT (  584872.132486452,   6141825.55913756)",CALLE 1 Esq. CALLE 3 RIO BAMBA Y ROSARIO,1
2026-04-25,F_101,18,S,100,,S,,55204,Vespertino,2026-04-25 16:08:49,,142201,"POINT (  585192.946718230,   6142074.04895091)",PAPIROS 7064 ANTES DEL 7072. TERRENO BALDIO,1
2026-04-25,F_101,19,S,100,,S,,55204,Vespertino,2026-04-25 16:08:56,,175400,"POINT (  585245.730860184,   6142086.35199093)",PAPIROS 7094 RESERVA FUTURAS VIVIENDAS,1
2026-04-25,F_101,20,S,100,,S,,55204,Vespertino,2026-04-25 16:12:30,,142175,"POINT (  585257.717107031,   6141974.63477207)",CALAS 7093 ESQ. LA CHACRA,1
2026-04-25,F_101,21,S,100,,S,,55204,Vespertino,2026-04-25 16:12:40,,175401,"POINT (  585238.250334569,   6141970.89170426)",CALAS 7093 RESERVA FUTURAS VIVIENDAS,1
2026-04-25,F_101,22,S,100,,S,,55204,Vespertino,2026-04-25 16:17:39,,175399,"POINT (  585100.063885847,   6141899.25754050)",MARTIN PESCADOR 3097 RESERVA FUTURAS VIVIENDAS,1
2026-04-25,F_101,23,S,100,,S,,55204,Vespertino,2026-04-25 16:19:32,,142255,"POINT (  585121.108889769,   6141860.36604380)",EL OLIVAR Esq. GAVIOTAS ESQ.,1
2026-04-25,F_101,24,S,100,,S,,55204,Vespertino,2026-04-25 16:21:37,,161274,"POINT (  585105.696247087,   6141692.75743317)",GAVIOTAS 3015 ESQ. LAVANDAS,1
2026-04-25,F_101,25,S,100,,S,,55204,Vespertino,2026-04-25 16:26:21,,175402,"POINT (  585236.624133348,   6141826.64765599)",CISNES 3096 RESERVA FUTURAS VIVIENDAS,1
2026-04-25,F_101,26,N,,Contenedor No Está,N,,55204,Vespertino,2026-04-25 16:25:19,,142202,"POINT (  585238.831066016,   6141836.49687207)",CISNES 3096 ESQ. EL OLIVAR,1
2026-04-25,F_101,27,S,100,,S,,55204,Vespertino,2026-04-25 16:30:13,,142203,"POINT (  585279.169428665,   6141602.48951390)",CNO GIGANTES 2985 PPO EL 2985. TERRENO BALDIO,1
2026-04-25,F_101,28,S,100,,S,,55204,Vespertino,2026-04-25 16:34:26,,142189,"POINT (  585241.071379133,   6141482.35422135)",AV DEL POLO Esq. CNO GIGANTES PPO ESQ CNO GIGANTES. FTE A VIVIENDAS,1
2026-04-25,F_101,29,S,100,,S,,55204,Vespertino,2026-04-25 16:35:44,,142204,"POINT (  585051.531785106,   6141505.46880598)",AV DEL POLO 7060 FTE 7062. FTE A VIVIENDAS,1
2026-04-25,F_101,30,S,100,,S,,55204,Vespertino,2026-04-25 16:39:50,,142215,"POINT (  584936.654409765,   6141429.09798730)",Nº 3 DE 17 METROS 2788 PPO EL 2789. TERRENO BALDIO,1
2026-04-25,F_101,31,S,100,,S,,55204,Vespertino,2026-04-25 16:47:20,,142216,"POINT (  584990.074925781,   6141265.05923105)",Nº 3 DE 17 METROS 2691 FTE 2692,1
2026-04-25,F_101,32,S,100,,S,,55204,Vespertino,2026-04-25 16:49:42,,175405,"POINT (  584927.789712373,   6141242.44938082)",Nº 2 DE 17 METROS 2682 RESERVA FUTURAS VIVIENDAS,1
2026-04-25,F_101,33,S,50,,S,,55204,Vespertino,2026-04-25 16:49:54,,142218,"POINT (  584928.811278775,   6141256.41078831)",Nº 2 DE 17 METROS 2682 FTE 2681,1
2026-04-25,F_101,34,S,100,,S,,55204,Vespertino,2026-04-25 16:58:40,,180189,"POINT (  585246.377151279,   6141303.37919583)",CNO GIGANTES 2829,1
2026-04-25,F_101,35,S,100,,S,,55204,Vespertino,2026-04-25 17:08:03,,183557,"POINT (  584845.839898475,   6141532.88953747)",CALLE 9582 2943,1
2026-04-25,F_101,36,S,100,,S,,55204,Vespertino,2026-04-25 17:07:54,,176723,"POINT (  584842.978881670,   6141538.87021114)",CALLE 9582 3004 ESPACIO VERDE,1
2026-04-25,F_101,37,S,100,,S,,55204,Vespertino,2026-04-25 17:09:23,,182988,"POINT (  584796.661044009,   6141576.24357887)",CALLE 9576 6897,1
2026-04-25,F_101,38,S,100,,S,,55204,Vespertino,2026-04-25 17:16:18,,182987,"POINT (  584667.467144227,   6141547.48540893)",CALLE 9574 2958,1
2026-04-25,F_101,39,S,100,,S,,55204,Vespertino,2026-04-25 17:17:06,,182986,"POINT (  584816.176035076,   6141444.30662201)",CALLE 9578 6836,1
2026-04-25,F_101,40,S,100,,S,,55204,Vespertino,2026-04-25 17:21:35,,183558,"POINT (  584812.308932680,   6141438.53320153)",CALLE 9583 Esq. CALLE 9578,1
2026-04-25,F_101,41,S,100,,S,,55204,Vespertino,2026-04-25 17:22:32,,181339,"POINT (  584732.720135076,   6141304.13152396)",CALLE 9583 2773,1
2026-04-25,F_101,42,S,100,,S,,55204,Vespertino,2026-04-25 17:22:39,,176724,"POINT (  584731.702837178,   6141298.95984610)",CALLE 9583 2773,1
2026-04-25,F_101,43,S,100,,S,,55204,Vespertino,2026-04-25 17:32:42,,182107,"POINT (  584734.257446187,   6141122.15848693)",CALLE Nº 1 - 9552 6869,1
2026-04-25,F_101,44,S,100,,S,,55204,Vespertino,2026-04-25 17:32:54,,182109,"POINT (  584729.678878649,   6141120.96022985)",CALLE Nº 1 - 9552 6833,1
2026-04-25,F_101,45,S,25,,S,,55204,Vespertino,2026-04-25 17:35:06,,142265,"POINT (  584764.521635937,   6140981.22901465)",CNO CARRASCO 6955 PPO EL 6955. PASANDO COLUMNA DE ILUM. SOBRE VEREDA,1
2026-04-25,F_101,46,S,25,,S,,55204,Vespertino,2026-04-25 17:36:23,,160652,"POINT (  584266.903279472,   6140999.87663746)",CNO CARRASCO Esq. SERVIDUMBRE,1
2026-04-25,F_101,47,S,100,,S,,55204,Vespertino,2026-04-25 17:38:19,,142219,"POINT (  583631.762470603,   6140931.66617991)",CNO CARRASCO 6105 / ENTRADA VEHICULAR Y ARBOL. SOBRE VEREDA,1
2026-04-25,F_101,48,S,75,,S,,55204,Vespertino,2026-04-25 17:45:45,,142205,"POINT (  583388.516159593,   6140881.83644098)",CNO PAVIA 2772 / COLUMNA DE ILUM Y ARBOL. SOBRE VEREDA,1
2026-04-25,F_101,49,S,100,,S,,55204,Vespertino,2026-04-25 17:49:00,,142206,"POINT (  583229.356301953,   6140846.46362197)",CNO CARRASCO 5911 EN 5915. SOBRE VEREDA,1
2026-04-25,F_101,50,N,,Contenedor No Está,N,,55204,Vespertino,2026-04-25 14:00:00,,142220,"POINT (  582659.624288108,   6140807.83301166)",DIEGO ESPINOSA 2714 FTE 2721. PREDIO LIBRE,1
2026-04-25,F_101,51,,,,S,,55204,Vespertino,,,142224,"POINT (  582700.816954102,   6140897.18613213)",DIEGO ESPINOSA 2772 PREDIO CON RETIRO,1
2026-04-25,F_101,52,,,,S,,55204,Vespertino,,,142223,"POINT (  582745.064250196,   6140984.06192080)",DIEGO ESPINOSA 2794,1
2026-04-25,F_101,53,,,,N,,55204,Vespertino,,,142222,"POINT (  582799.563968555,   6141093.60095869)",DIEGO ESPINOSA 2832 MURO BAJO CON VEGETACION,1
2026-04-25,F_101,54,,,,S,,55204,Vespertino,,,181748,"POINT (  582832.930295425,   6141183.46663726)",DIEGO ESPINOSA 2852,1
2026-04-25,F_101,55,,,,S,,55204,Vespertino,,,145772,"POINT (  582862.608220484,   6141270.51379720)",DIEGO ESPINOSA 2884,1
2026-04-25,F_101,56,,,,S,,55204,Vespertino,,,178967,"POINT (  582864.202284532,   6141273.46503290)",DIEGO ESPINOSA 2884,1
2026-04-25,F_101,57,,,,S,,55204,Vespertino,,,181749,"POINT (  582926.752312313,   6141271.75990276)",SAN BORJAS 2939,1
2026-04-25,F_101,58,,,,S,,55204,Vespertino,,,142226,"POINT (  582870.882915884,   6141097.26227923)",SAN BORJAS 2885 EN 2881. PREDIO CON RETIRO,1
2026-04-25,F_101,59,,,,S,,55204,Vespertino,,,142207,"POINT (  582823.135909876,   6140941.76833655)",SAN BORJAS 2777 2777/2775. MURO BAJO CON REJAS,1
2026-04-25,F_101,60,,,,S,,55204,Vespertino,,,142256,"POINT (  582775.576318503,   6140789.32792792)",SAN BORJAS 2711 PPO 2711. MURO CIEGO,1
2026-04-25,F_101,61,,,,S,,55204,Vespertino,,,142234,"POINT (  582709.965190629,   6141312.87471480)",EXODO 5653 5653/5653 BIS. CERCO VEGETAL,1
2026-04-25,F_101,62,,,,S,,55204,Vespertino,,,145833,"POINT (  582644.732286477,   6141197.54828354)",JUAN AGAZZI 2843 POR JUAN AGAZZI,1
2026-04-25,F_101,63,,,,S,,55204,Vespertino,,,142236,"POINT (  582631.208402930,   6141149.17987939)",JUAN AGAZZI 2831 2831/2835,1
2026-04-25,F_101,64,,,,S,,55204,Vespertino,,,142270,"POINT (  582609.894156641,   6141079.57132822)",JUAN AGAZZI 2822 ESQ. ANTES DE COLUMNA DE ILUM.,1
2026-04-25,F_101,65,,,,S,,55204,Vespertino,,,145852,"POINT (  582598.083071627,   6141043.70979260)",JUAN AGAZZI 2785 EN EL 2785,1
2026-04-25,F_101,66,,,,S,,55204,Vespertino,,,176330,"POINT (  582589.765281925,   6141011.02233615)",JUAN AGAZZI 2777,1
2026-04-25,F_101,67,,,,S,,55204,Vespertino,,,142261,"POINT (  582573.471077539,   6140954.11405576)",JUAN AGAZZI 2763 EN 2763/2765. ANTES DE ARBOL. MURO CIEGO,1
2026-04-25,F_101,68,,,,S,,55204,Vespertino,,,145872,"POINT (  582552.548509195,   6140891.27174177)",JUAN AGAZZI 2747,1
2026-04-25,F_101,69,,,,S,,55204,Vespertino,,,145892,"POINT (  582551.299928038,   6140887.86652043)",JUAN AGAZZI 2747,1
2026-04-25,F_101,70,,,,S,,55204,Vespertino,,,142228,"POINT (  582371.597689008,   6140761.73295467)",CNO CARRASCO 5391 FTE 5410/5413. SALIDA PEATONAL VIVIENDAS. SOBRE VEREDA,1
2026-04-25,F_101,71,,,,S,,55204,Vespertino,,,142191,"POINT (  582369.007618423,   6140762.16750501)",CNO CARRASCO 5391 FTE 5410/5416. SALIDA PEATONAL VIVIENDAS. SOBRE VEREDA,1
2026-04-25,F_101,72,,,,S,,55204,Vespertino,,,142230,"POINT (  582253.829612460,   6140787.39980013)",CNO CARRASCO 5357 FTE 5378. VIVIENDAS. SOBRE VEREDA,1
2026-04-25,F_101,73,,,,S,,55204,Vespertino,,,142229,"POINT (  582252.193798639,   6140787.62531726)",CNO CARRASCO 5357 FTE 5378. VIVIENDAS. SOBRE VEREDA,1
2026-04-25,F_101,74,,,,S,,55204,Vespertino,,,142257,"POINT (  582196.636410186,   6140812.63209525)",CNO ONCATIVO 2725 EN 2710 ANTES DE ACCESO PEATONAL A VIVIENDAS,1
2026-04-25,F_101,75,,,,S,,55204,Vespertino,,,142258,"POINT (  582219.691801415,   6140875.73757060)",CNO ONCATIVO 2741 FTE 2741. ENTRE SALIDAS VEHICULARES DE VIVIENDAS,1
2026-04-25,F_101,76,,,,S,,55204,Vespertino,,,181401,"POINT (  582240.452866371,   6140937.41231661)",CNO ONCATIVO 2773,1
2026-04-25,F_101,77,,,,S,,55204,Vespertino,,,181402,"POINT (  582241.202841096,   6140939.50153192)",CNO ONCATIVO Esq. CALLE 2,1
2026-04-25,F_101,78,,,,S,,55204,Vespertino,,,181406,"POINT (  582271.153242856,   6141015.36499525)",CNO ONCATIVO 2797,1
2026-04-25,F_101,79,,,,S,,55204,Vespertino,,,181407,"POINT (  582271.778242856,   6141017.77570954)",CNO ONCATIVO 2797,1
2026-04-25,F_101,80,,,,S,,55204,Vespertino,,,181403,"POINT (  582286.865576906,   6141059.22169739)",CNO ONCATIVO 2795,1
2026-04-25,F_101,81,,,,S,,55204,Vespertino,,,181404,"POINT (  582287.954901525,   6141061.61821155)",CNO ONCATIVO 2795,1
2026-04-25,F_101,82,,,,S,,55204,Vespertino,,,181405,"POINT (  582289.044226144,   6141064.23259063)",CNO ONCATIVO 2795,1
2026-04-25,F_101,83,,,,S,,55204,Vespertino,,,142269,"POINT (  582312.878997013,   6141138.61982156)",CNO ONCATIVO 2819 ANTES DE VICENTE MARTINEZ CUITIÑO,1
2026-04-25,F_101,84,,,,S,,55204,Vespertino,,,142268,"POINT (  582314.593224957,   6141143.86964464)",CNO ONCATIVO 2819 ANTES DE VICENTE MARTINEZ CUITIÑO,1
2026-04-25,F_101,85,,,,S,,55204,Vespertino,,,142195,"POINT (  582353.456568219,   6141242.69058400)",CIRC INT OFICIAL 15 MTS Esq. CNO ONCATIVO ANTES DE OFICIAL 15MTS,1
2026-04-25,F_101,86,,,,S,,55204,Vespertino,,,142194,"POINT (  582354.307873554,   6141245.07423893)",CIRC INT OFICIAL 15 MTS Esq. CNO ONCATIVO ANTES DE OFICIAL 15MTS,1
2026-04-25,F_101,87,,,,S,,55204,Vespertino,,,183026,"POINT (  582342.416711547,   6141289.87713399)",MONZONI 5339,1
2026-04-25,F_101,88,,,,S,,55204,Vespertino,,,180060,"POINT (  582340.394620132,   6141290.33012047)",MONZONI 5339,1
2026-04-25,F_101,89,,,,S,,55204,Vespertino,,,180063,"POINT (  582273.562936964,   6141307.73936139)",MONZONI 5331,1
2026-04-25,F_101,90,,,,S,,55204,Vespertino,,,181753,"POINT (  582179.684344304,   6141246.72376985)",JOAQUIN DE LA SAGRA 2829,1
2026-04-25,F_101,91,,,,S,,55204,Vespertino,,,181752,"POINT (  582145.852353510,   6141153.16795857)",JOAQUIN DE LA SAGRA 2803,1
2026-04-25,F_101,92,,,,S,,55204,Vespertino,,,181751,"POINT (  582144.528993326,   6141151.49937399)",JOAQUIN DE LA SAGRA 2803,1
2026-04-25,F_101,93,,,,S,,55204,Vespertino,,,181750,"POINT (  582112.825886306,   6141050.98153740)",JOAQUIN DE LA SAGRA 2784 EN 2781,1
2026-04-25,F_101,94,,,,S,,55204,Vespertino,,,142238,"POINT (  581871.449952930,   6140892.32972158)",CNO CARRASCO 5185 PPO PARADA Y COLUMNA DE ILUM.,1
2026-04-25,F_101,95,,,,S,,55204,Vespertino,,,145912,"POINT (  581839.670020061,   6140945.94190235)",LUGO 2758 EN EL 2758,1
2026-04-25,F_101,96,,,,S,,55204,Vespertino,,,142209,"POINT (  581932.513650379,   6141011.57142601)",ANTONIO LOINAZ 5172 FTE 5171,1
2026-04-25,F_101,97,,,,S,,55204,Vespertino,,,161032,"POINT (  582065.065046283,   6140952.93015188)",ANTONIO LOINAZ 5229 ESQ. JOAQUÍN DE LA SAGRA,1
2026-04-25,F_101,98,,,,S,,55204,Vespertino,,,142180,"POINT (  581268.604356152,   6141304.70152451)",DR FRANCISCO NICOLA REYES 4983 EN 4979/4983,1
2026-04-25,F_101,99,,,,S,,55204,Vespertino,,,142179,"POINT (  581150.562130081,   6141213.00840466)",DR FRANCISCO NICOLA REYES 4933,1
2026-04-25,F_101,100,,,,S,,55204,Vespertino,,,183620,"POINT (  581096.671311547,   6141170.43355185)",DR FRANCISCO NICOLA REYES 4915,1
2026-04-25,F_101,101,,,,S,,55204,Vespertino,,,142178,"POINT (  581088.814116461,   6141166.69739444)",DR FRANCISCO NICOLA REYES Esq. CAMBAY,1
2026-04-25,F_101,102,,,,S,,55204,Vespertino,,,142262,"POINT (  581317.934101378,   6141170.68331054)",DR ANDRES CROVETTO 4982 FTE 4969,1
2026-04-25,F_101,103,,,,S,,55204,Vespertino,,,183619,"POINT (  581358.109220044,   6141201.80610087)",DR ANDRES CROVETTO 5040,1
2026-04-25,F_101,104,,,,S,,55204,Vespertino,,,142273,"POINT (  581361.893396777,   6141203.46171338)",DR ANDRES CROVETTO 4985 ESQ. EMILIO RAVIGNANI. ENTRE ARBOLES. CERCO VEGETAL,1
2026-04-25,F_101,105,S,100,,S,,55204,Vespertino,2026-04-25 18:46:52,,183622,"POINT (  581243.512270152,   6141579.14814880)",NUÑEZ DE ARCE 5040,1
2026-04-25,F_101,106,S,100,,S,,55204,Vespertino,2026-04-25 18:47:17,,142277,"POINT (  581193.337062012,   6141557.53602666)",NUÑEZ DE ARCE 5039 EN 5039. TERRENO LIBRE,1
2026-04-25,F_101,107,S,100,,S,"Basura Afuera, Poda",55204,Vespertino,2026-04-25 18:51:46,,142278,"POINT (  581097.927815918,   6141483.85888662)",NUÑEZ DE ARCE 4965 MURO BAJO,1
2026-04-25,F_101,108,S,100,,S,Basura Afuera,55204,Vespertino,2026-04-25 18:52:15,,142279,"POINT (  581015.239802637,   6141418.13251709)",NUÑEZ DE ARCE 4937 REJAS_PADRON CON RETIRO,1
2026-04-25,F_101,109,S,100,,S,"Basura Afuera, Poda",55204,Vespertino,2026-04-25 18:53:42,,142276,"POINT (  580941.254525087,   6141360.22747390)",NUÑEZ DE ARCE 4911 ESQ CAMBAY,1
2026-04-25,F_101,110,,,,S,,55204,Vespertino,,,142247,"POINT (  581035.919678322,   6141247.96867707)",DR LUIS BRUSCO 4904 CERCO VEGETAL,1
2026-04-25,F_101,111,,,,S,,55204,Vespertino,,,145932,"POINT (  581156.661835380,   6141341.56279391)",DR LUIS BRUSCO 4966,1
2026-04-25,F_101,112,,,,S,,55204,Vespertino,,,142246,"POINT (  581294.693178567,   6141446.64298521)",DR LUIS BRUSCO 5044 PPO EL 5046. ESQ. EMILIO RAVIGNANI,1
2026-04-25,F_101,113,,,,S,,55204,Vespertino,,,183621,"POINT (  581035.233403050,   6141679.80174357)",CAMPOAMOR 5043,1
2026-04-25,F_101,114,,,,S,,55204,Vespertino,,,142250,"POINT (  581023.985650195,   6141673.88230176)",CAMPOAMOR 5037,1
2026-04-25,F_101,115,,,,S,,55204,Vespertino,,,142249,"POINT (  580925.396095898,   6141596.49480215)",CAMPOAMOR 4985,1
2026-04-25,F_101,116,,,,S,,55204,Vespertino,,,142251,"POINT (  580858.609623633,   6141547.73007637)",CAMPOAMOR 4937 FTE. 4928 Y 4926,1
2026-04-25,F_101,117,,,,S,,55204,Vespertino,,,142248,"POINT (  580778.614947673,   6141563.91182180)",ARIOSTO D GONZALEZ 4920,1
2026-04-25,F_101,118,,,,S,,55204,Vespertino,,,180058,"POINT (  580947.913566667,   6141698.55559406)",ARIOSTO D GONZALEZ 5016,1
2026-04-25,F_101,119,,,,S,,55204,Vespertino,,,142181,"POINT (  581091.900838965,   6141811.46716620)",ARIOSTO D GONZALEZ 5094 FTE 5085,1
2026-04-25,A_108,82,,,,S,,55205,Vespertino,,,182094,"POINT (  571856.538352787,   6142628.24772822)",JACQUARD 184,0
2026-04-25,A_108,83,,,,S,,55205,Vespertino,,,167932,"POINT (  571749.273642447,   6143041.74973534)",ESMERALDA 304 SPAA 4202094,0
2026-04-25,A_108,84,,,,S,,55205,Vespertino,,,100727,"POINT (  571732.236247260,   6143150.57428817)",GRAL HORNOS 4514,0
2026-04-25,A_108,85,,,,S,,55205,Vespertino,,,100728,"POINT (  571688.528144500,   6143187.07033610)",FILADELFIA Esq. GRAL HORNOS,0
2026-04-25,A_108,86,,,,S,,55205,Vespertino,,,100705,"POINT (  571806.834367050,   6143305.41641475)",CNO CARLOS MARIA DE PENA 4539,0
2026-04-25,A_108,87,,,,S,,55205,Vespertino,,,100707,"POINT (  571951.530640330,   6142993.24526791)",GRAL HORNOS 4371,0
2026-04-25,A_108,88,,,,S,,55205,Vespertino,,,183628,"POINT (  572019.794503955,   6143013.13777966)",CNO MOLINOS DE RAFFO 386,0
2026-04-25,A_108,89,,,,S,,55205,Vespertino,,,100730,"POINT (  572000.570073410,   6143111.38447676)",CNO MOLINOS DE RAFFO 412,0
2026-04-25,A_108,90,,,,S,,55205,Vespertino,,,153193,"POINT (  572025.712194283,   6143161.57752424)",CNO CARLOS MARIA DE PENA 4425 4425 medianera con 4433,0
2026-04-25,A_108,91,,,,S,,55205,Vespertino,,,177395,"POINT (  572215.576954466,   6143035.44842070)",CNO CARLOS MARIA DE PENA 4309,0
2026-04-25,A_108,92,,,,S,,55205,Vespertino,,,180850,"POINT (  572278.887354466,   6142994.47437909)",CNO CARLOS MARIA DE PENA 4277,0
2026-04-25,A_108,93,,,,S,,55205,Vespertino,,,100725,"POINT (  572295.063952030,   6142900.15861295)",CNO CASTRO 433,0
2026-04-25,A_108,94,,,,S,,55205,Vespertino,,,180223,"POINT (  572270.837766667,   6142878.91620113)",CNO CASTRO 381,0
2026-04-25,A_108,95,,,,S,,55205,Vespertino,,,180224,"POINT (  572269.481834463,   6142877.50377175)",CNO CASTRO 381,0
2026-04-25,A_108,96,,,,S,,55205,Vespertino,,,100806,"POINT (  572130.646369970,   6142893.25449884)",GRAL HORNOS 4300,0
2026-04-25,A_108,97,,,,S,,55205,Vespertino,,,100807,"POINT (  572024.857885270,   6142914.58568303)",CNO MOLINOS DE RAFFO 339,0
2026-04-25,A_108,98,,,,S,,55205,Vespertino,,,176135,"POINT (  572061.295280175,   6142740.48532222)",CNO MOLINOS DE RAFFO 255 VUELVE AL LUGAR 255,0
2026-04-25,A_108,99,,,,S,,55205,Vespertino,,,100809,"POINT (  572058.203500320,   6142679.51760977)",CNO CASTRO 241 En 241,0
2026-04-25,A_108,100,,,,S,,55205,Vespertino,,,100804,"POINT (  571997.474997400,   6142526.81524696)",CNO CASTRO 175 152 B,0
2026-04-25,A_108,101,,,,S,,55205,Vespertino,,,100805,"POINT (  571963.471632580,   6142439.87169865)",CNO CASTRO 143,0
2026-04-25,A_108,102,,,,S,,55205,Vespertino,,,175767,"POINT (  571962.203245115,   6142434.07209481)",CNO CASTRO 139 TRASLADO PROVISORIO DESDE CNO CASTRO 69 POR CALLE CERRADA,0
2026-04-25,A_108,103,,,,S,,55205,Vespertino,,,181997,"POINT (  571899.292195526,   6142277.32292198)",CNO CASTRO 55 EN 112,0
2026-04-25,A_108,104,,,,S,,55205,Vespertino,,,183057,"POINT (  571804.652164053,   6142357.85233922)","FELIPE CABALLERO 3994 ANTES DE MARCELINO DIAZ Y GARCIA (PROV POR EVENTO, O: MARCELINO DIAZ Y GARCIA 38)",0
2026-04-25,A_108,105,,,,S,,55205,Vespertino,,,180220,"POINT (  571501.069542938,   6142686.84180057)",MARIANO SAGASTA 112 VEREDA. EN 110,0
2026-04-25,A_108,106,,,,S,,55205,Vespertino,,,171552,"POINT (  571548.571523605,   6142757.33916063)",MARIANO SAGASTA 140 En 144,0
2026-04-25,A_107,37,,,,S,,55205,Vespertino,,,100629,"POINT (  570353.733759990,   6143089.63443011)",ANTONIO ZUBILLAGA 93,1
2026-04-25,A_107,38,,,,S,,55205,Vespertino,,,100695,"POINT (  570389.221861000,   6143143.39232480)",ANTONIO ZUBILLAGA 55,1
2026-04-25,A_107,47,,,,S,,55205,Vespertino,,,100689,"POINT (  570465.463417280,   6143098.49298349)",JULIAN LAGUNA 4579,2
2026-04-25,A_107,48,,,,S,,55205,Vespertino,,,100690,"POINT (  570418.836897870,   6143005.09967379)",GREGORIO CAMINO 102,2
2026-04-25,A_107,49,,,,S,,55205,Vespertino,,,100615,"POINT (  570354.101556610,   6142913.98167597)",GREGORIO CAMINO 174,2
2026-04-25,A_107,50,,,,S,,55205,Vespertino,,,100685,"POINT (  570269.044053050,   6142788.21110259)",GREGORIO CAMINO 250,2
2026-04-25,A_107,51,,,,S,,55205,Vespertino,,,149412,"POINT (  570199.051449261,   6142683.02124926)",GREGORIO CAMINO 284,2
2026-04-25,A_107,52,,,,S,,55205,Vespertino,,,100611,"POINT (  570298.553869090,   6142608.17644033)",JUAN C MOLINA 293,2
2026-04-25,A_107,53,,,,S,,55205,Vespertino,,,100682,"POINT (  570370.605322000,   6142716.53305460)",JUAN C MOLINA 242,2
2026-04-25,A_107,54,,,,S,,55205,Vespertino,,,100683,"POINT (  570447.624990720,   6142829.12327804)",JUAN C MOLINA 189 EN 191,2
2026-04-25,A_107,55,,,,S,,55205,Vespertino,,,100684,"POINT (  570441.094919550,   6142928.47579144)",VITORIA 4,2
2026-04-25,A_107,56,,,,S,,55205,Vespertino,,,100700,"POINT (  570493.311124430,   6142995.55777879)",VITORIA 32 EN 32,2
2026-04-25,A_107,57,,,,S,,55205,Vespertino,,,100676,"POINT (  570545.200158410,   6143047.90702846)",JULIAN LAGUNA 4547,2
2026-04-25,A_111,70,,,,S,,55205,Vespertino,,,183564,"POINT (  568109.879716791,   6144907.99861622)",ACCESO RUTA 5 SANTA LUCIA Esq. EDUARDO PAZ AGUIRRE PROV OV (O: JOSE LLUPES 6117),3
2026-04-25,A_111,71,,,,S,,55205,Vespertino,,,101527,"POINT (  568136.338050152,   6144915.64672821)",EDUARDO PAZ AGUIRRE 2046,3
2026-04-25,A_111,72,,,,S,,55205,Vespertino,,,101528,"POINT (  568144.063676751,   6144996.85624167)",SANTA LUCIA 5954,3
2026-04-25,A_111,73,,,,S,,55205,Vespertino,,,104332,"POINT (  568055.361939954,   6145067.34198643)",SANTA LUCIA 5994 Movido desde Sta Lucia 6018 por tratamiento oncológico de vecino,3
2026-04-25,A_111,74,,,,S,,55205,Vespertino,,,101529,"POINT (  567883.192556020,   6145200.09739361)",SANTA LUCIA 6189,3
2026-04-25,A_111,75,,,,S,,55205,Vespertino,,,160053,"POINT (  567955.567376351,   6145243.39759417)",JOSE MIGUEL PALLEJA 6087 Traslado provisorio por obras. OS 3989574,3
2026-04-25,A_111,76,,,,S,,55205,Vespertino,,,101629,"POINT (  567963.754762710,   6145237.10841801)",JOSE MIGUEL PALLEJA 6079 6087,3
2026-04-25,A_111,77,,,,S,,55205,Vespertino,,,101630,"POINT (  568078.267835970,   6145146.52476330)",JOSE MIGUEL PALLEJA 6011,3
2026-04-25,A_111,78,,,,S,,55205,Vespertino,,,101523,"POINT (  568092.542273699,   6145219.99507654)",JOSE MONEGAL 6030,3
2026-04-25,A_111,79,,,,S,,55205,Vespertino,,,101520,"POINT (  568071.044877843,   6145258.23563647)",JOSE MONEGAL 6056,3
2026-04-25,A_111,80,,,,S,,55205,Vespertino,,,101524,"POINT (  568112.178430100,   6145348.96096683)",CNO LA GRANJA 6089,3
2026-04-25,A_111,81,,,,S,,55205,Vespertino,,,101525,"POINT (  568199.391747750,   6145191.80425588)",CNO DE LAS TROPAS 1978,3
2026-04-25,A_111,82,,,,S,,55205,Vespertino,,,183291,"POINT (  567995.545610185,   6144886.88879363)",EDUARDO PAZ AGUIRRE 2096,3
2026-04-25,A_111,83,,,,S,,55205,Vespertino,,,183292,"POINT (  567986.476396355,   6144884.17578090)",EDUARDO PAZ AGUIRRE 2096,3
2026-04-25,A_111,84,,,,S,,55205,Vespertino,,,158774,"POINT (  567807.648209407,   6144825.01948207)",EDUARDO PAZ AGUIRRE 2144 Fte al 2143,3
2026-04-25,A_111,85,,,,S,,55205,Vespertino,,,101614,"POINT (  567887.671057709,   6144697.46883085)",CARLOS DE LA VEGA 5958 enfrente,3
2026-04-25,A_111,86,,,,S,,55205,Vespertino,,,177297,"POINT (  568015.951757208,   6144596.01828263)",CIRC INT CALLE 5 Esq. CARLOS DE LA VEGA PROVISORIO DESDE CARLOS DE LAVEGA 5858,3
2026-04-25,A_111,87,,,,N,,55205,Vespertino,,,101600,"POINT (  568012.857215021,   6144591.66133563)",CIRC INT CALLE 5 Esq. CARLOS DE LA VEGA,3
2026-04-25,A_111,88,,,,S,,55205,Vespertino,,,101601,"POINT (  567965.256383370,   6144528.65492004)",CIRC INT CALLE 5 Esq. CIRC INT C,3
2026-04-25,A_111,89,,,,S,,55205,Vespertino,,,101602,"POINT (  567937.119691620,   6144492.46993096)",CIRC INT CALLE 5 Esq. CIRC INT D,3
2026-04-25,A_111,90,,,,S,,55205,Vespertino,,,101603,"POINT (  567910.343766860,   6144457.91560641)",CIRC INT CALLE 5 Esq. CIRC INT CALLE 2,3
2026-04-25,A_111,91,,,,S,,55205,Vespertino,,,101604,"POINT (  567891.884038940,   6144413.30657048)",CIRC INT CALLE 3 Esq. CIRC INT CALLE 5,3
2026-04-25,A_111,92,,,,S,,55205,Vespertino,,,101616,"POINT (  567939.386212380,   6144407.44101425)",CIRC INT CALLE 6 Esq. CIRC INT CALLE 1,3
2026-04-25,A_111,93,,,,S,,55205,Vespertino,,,152474,"POINT (  568132.311234876,   6144525.23391936)",CARLOS DE LA VEGA Esq. CIRC INT I PROVISORIO,3
2026-04-25,A_111,94,,,,S,,55205,Vespertino,,,174952,"POINT (  567795.816199163,   6144781.98563597)",CARLOS DE LA VEGA 5992 traslado provisorio desde Eduardo Paz Aguirre 2303,3
2026-04-25,A_111,95,,,,S,,55205,Vespertino,,,101612,"POINT (  567791.254166120,   6144785.59635227)",CARLOS DE LA VEGA 5992,3
2026-04-25,A_111,96,,,,S,,55205,Vespertino,,,101621,"POINT (  567712.240245260,   6144797.42116363)",EDUARDO PAZ AGUIRRE 2228,3
2026-04-25,A_111,97,,,,S,,55205,Vespertino,,,101624,"POINT (  567544.705095300,   6144543.86026214)",AV LUIS BATLLE BERRES 6123,3
2026-04-25,A_111,98,,,,S,,55205,Vespertino,,,101518,"POINT (  567627.633343210,   6144473.52506681)",AV LUIS BATLLE BERRES 6061,3
2026-04-25,A_111,99,,,,S,,55205,Vespertino,,,101605,"POINT (  567906.880802050,   6144374.71435439)",CIRC INT CALLE 6 Esq. CIRC INT G,3
2026-04-25,A_111,100,,,,S,,55205,Vespertino,,,101606,"POINT (  567890.978349380,   6144309.48217681)",CIRC INT CALLE 4 Esq. CIRC INT CALLE 6,3
2026-04-25,A_111,101,,,,S,,55205,Vespertino,,,101607,"POINT (  567895.965125051,   6144305.73563545)",CIRC INT CALLE 4 Esq. CIRC INT CALLE 6,3
2026-04-25,A_111,102,,,,S,,55205,Vespertino,,,183293,"POINT (  568131.583818379,   6144069.13508996)",AV LUIS BATLLE BERRES 5769,3
2026-04-25,E_103,30,N,,Contenedor No Está,S,,55206,Vespertino,2026-04-25 14:57:20,,105673,"POINT (  579753.022814242,   6140271.05631795)",ESPRONCEDA 2138 EN 2140,0
2026-04-25,E_103,31,N,,Contenedor No Está,S,,55206,Vespertino,2026-04-25 14:57:35,,105639,"POINT (  579639.544185970,   6140359.42607141)",ESPRONCEDA 2174,0
2026-04-25,E_103,52,S,25,,S,"Basura Afuera, Poda",55206,Vespertino,2026-04-25 15:04:49,,105658,"POINT (  580058.972885560,   6140639.86757382)",IRUN 2440 FTE 2435,1
2026-04-25,E_103,53,N,,Contenedor No Está,N,,55206,Vespertino,2026-04-25 15:05:47,,105645,"POINT (  580194.647348963,   6140627.40163216)",PEREZ GALDOS 4391,1
2026-04-25,E_103,54,S,100,,S,,55206,Vespertino,2026-04-25 15:09:09,,182264,"POINT (  580064.160614815,   6140559.38156754)",IRUN 2417 FTE 2422,1
2026-04-25,E_103,55,S,100,,S,,55206,Vespertino,2026-04-25 15:09:13,,182265,"POINT (  580065.032074510,   6140556.65825599)",IRUN 2417 FTE 2422,1
2026-04-25,E_103,56,S,100,,S,"Basura Afuera, Poda, Requiere Limpieza, Requiere Mantenimiento",55206,Vespertino,2026-04-25 15:13:01,,105654,"POINT (  579993.712193148,   6140457.48438831)",EMILIO CASTELAR 4302,1
2026-04-25,E_103,57,S,100,,S,"Basura Afuera, Poda, Requiere Limpieza",55206,Vespertino,2026-04-25 15:15:09,,105635,"POINT (  580072.541639200,   6140473.68157800)",EMILIO CASTELAR 4344,1
2026-04-25,E_103,58,N,,Fuego,S,,55206,Vespertino,2026-04-25 15:23:30,,180651,"POINT (  580188.899326144,   6140499.64399848)",EMILIO CASTELAR 4380,1
2026-04-25,E_103,59,N,,"Contenedor Roto (choque, desfonde, etc.)",S,,55206,Vespertino,2026-04-25 15:23:42,,105655,"POINT (  580193.583298130,   6140500.64110551)",EMILIO CASTELAR 4380,1
2026-04-25,E_103,60,S,100,,S,"Basura Afuera, Poda, Requiere Limpieza",55206,Vespertino,2026-04-25 15:26:48,,105656,"POINT (  580130.077182620,   6140290.58630793)",MALLORCA 4355,1
2026-04-25,E_103,61,S,100,,S,"Basura Afuera, Requiere Limpieza",55206,Vespertino,2026-04-25 15:30:50,,181218,"POINT (  579952.511463026,   6140339.25807270)",MANILA 2358,1
2026-04-25,E_103,62,S,100,,S,"Basura Afuera, Requiere Limpieza",55206,Vespertino,2026-04-25 15:30:57,,181219,"POINT (  579953.421588169,   6140344.94635484)",MANILA 2358,1
2026-04-25,E_136,10,S,25,,S,,55206,Vespertino,2026-04-25 15:50:25,,181263,"POINT (  580662.032458824,   6140254.37932353)",MALLORCA 4541 VEREDA. FTE CASA,2
2026-04-25,E_136,11,S,25,,S,Basura Afuera,55206,Vespertino,2026-04-25 15:50:30,,181264,"POINT (  580659.326576471,   6140251.43814706)",MALLORCA 4541 VEREDA. FTE CASA,2
2026-04-25,E_136,12,S,100,,S,"Basura Afuera, Requiere Limpieza",55206,Vespertino,2026-04-25 15:52:26,,180603,"POINT (  580442.732206409,   6140222.13752583)",MALLORCA 4461,2
2026-04-25,E_136,13,S,75,,S,,55206,Vespertino,2026-04-25 15:57:44,,116012,"POINT (  580254.145780100,   6140264.74894863)",MALLORCA 4380 PDO PARADA,2
2026-04-25,E_136,14,S,100,,S,,55206,Vespertino,2026-04-25 15:57:48,,115992,"POINT (  580249.988866395,   6140265.05686816)",MALLORCA 4380 PDO PARADA,2
2026-04-25,E_136,15,S,50,,S,,55206,Vespertino,2026-04-25 16:00:48,,183626,"POINT (  580220.439326554,   6140285.77325537)",PIRAN Esq. MALLORCA,2
2026-04-25,E_136,16,S,75,,S,,55206,Vespertino,2026-04-25 16:00:53,,105238,"POINT (  580220.043691745,   6140288.53573260)",PIRAN 1913,2
2026-04-25,E_136,17,S,100,,S,Basura Afuera,55206,Vespertino,2026-04-25 16:03:28,,105236,"POINT (  580218.350134310,   6140425.09804579)",PIRAN 1963,2
2026-04-25,E_136,18,S,100,,S,Basura Afuera,55206,Vespertino,2026-04-25 16:03:32,,105237,"POINT (  580218.350134310,   6140434.33563180)",PIRAN 1963,2
2026-04-25,E_136,19,S,100,,S,,55206,Vespertino,2026-04-25 16:04:26,,105242,"POINT (  580489.319323945,   6140488.06759043)",EMILIO CASTELAR 4510,2
2026-04-25,E_136,20,S,100,,S,,55206,Vespertino,2026-04-25 16:04:33,,105241,"POINT (  580493.938116950,   6140487.91363066)",EMILIO CASTELAR 4510,2
2026-04-25,E_136,21,S,100,,S,,55206,Vespertino,2026-04-25 16:04:43,,105243,"POINT (  580517.647921044,   6140487.14383183)",EMILIO CASTELAR 4510,2
2026-04-25,E_136,22,N,,Contenedor No Está,N,,55206,Vespertino,2026-04-25 16:05:13,,180650,"POINT (  580649.302252288,   6140481.93886863)",EMILIO CASTELAR Esq. DR ROBERTO BERRO,2
2026-04-25,E_136,23,S,100,,S,"Basura Afuera, Requiere Limpieza",55206,Vespertino,2026-04-25 16:08:14,,180599,"POINT (  580774.284323529,   6140643.31757059)",VERACIERTO 2443,2
2026-04-25,E_136,24,N,,Auto,S,,55206,Vespertino,2026-04-25 16:09:08,,180174,"POINT (  580784.793383878,   6140515.22720632)",ING FELIX DE MEDINA Esq. ING R V MESURES,2
2026-04-25,E_136,25,S,25,,S,,55206,Vespertino,2026-04-25 16:14:35,,182223,"POINT (  580826.645435076,   6140819.64736013)",HIPOLITO YRIGOYEN 2487 fte 2480,2
2026-04-25,E_136,26,S,50,,S,,55206,Vespertino,2026-04-25 16:14:39,,182224,"POINT (  580827.734759695,   6140817.57764336)",HIPOLITO YRIGOYEN 2487 fte 2480,2
2026-04-25,E_136,27,S,75,,S,Basura Afuera,55206,Vespertino,2026-04-25 16:16:02,,105230,"POINT (  580863.287597596,   6140763.50161330)",HIPOLITO YRIGOYEN 2462,2
2026-04-25,E_136,28,S,25,,S,,55206,Vespertino,2026-04-25 16:17:19,,182225,"POINT (  580917.821905664,   6140678.57982201)",HIPOLITO YRIGOYEN 2428 FTE 2428,2
2026-04-25,E_136,29,S,75,,S,,55206,Vespertino,2026-04-25 16:19:14,,180867,"POINT (  581160.911414816,   6140296.51936514)",HIPOLITO YRIGOYEN 2311 EN 2323,2
2026-04-25,E_136,30,S,100,,S,,55206,Vespertino,2026-04-25 16:29:31,,176373,"POINT (  581199.381768604,   6139878.07899421)",HIPOLITO YRIGOYEN 2073 *,2
2026-04-25,E_136,31,S,75,,S,,55206,Vespertino,2026-04-25 16:29:42,,176371,"POINT (  581198.919889304,   6139872.07456331)",HIPOLITO YRIGOYEN 2073 *,2
2026-04-25,E_136,32,S,100,,S,,55206,Vespertino,2026-04-25 16:29:47,,176372,"POINT (  581198.458010003,   6139864.37657497)",HIPOLITO YRIGOYEN Esq. CIRC INT CALLE DIAGONAL *,2
2026-04-25,E_136,33,S,75,,S,,55206,Vespertino,2026-04-25 16:35:16,,182855,"POINT (  580659.751876123,   6139764.82923074)",CIRC INT SDA 5 Esq. IGUA antes de parada,2
2026-04-25,E_136,34,S,100,,S,,55206,Vespertino,2026-04-25 16:35:20,,182856,"POINT (  580650.295611347,   6139767.19329693)",IGUA Esq. CIRC INT SDA 5,2
2026-04-25,E_136,35,S,75,,S,Requiere Mantenimiento,55206,Vespertino,2026-04-25 16:37:13,,105212,"POINT (  580528.886984022,   6139825.57871372)",CIRC INT SDA 4 Esq. CIRC INT SDA 11,2
2026-04-25,E_136,36,S,25,,S,,55206,Vespertino,2026-04-25 16:39:18,,176376,"POINT (  580564.451690162,   6139998.09063246)",CIRC INT SDA 4 Esq. CIRC INT SDA 7,2
2026-04-25,E_136,37,S,25,,S,,55206,Vespertino,2026-04-25 16:40:18,,176375,"POINT (  580565.683368297,   6140003.63318407)",CIRC INT SDA 4 Esq. CIRC INT SDA 7,2
2026-04-25,E_136,38,S,50,,S,,55206,Vespertino,2026-04-25 16:41:49,,176374,"POINT (  580565.991287830,   6140008.40593684)",MATAOJO Esq. CALLE 5,2
2026-04-25,E_136,39,N,,Auto,S,,55206,Vespertino,2026-04-25 16:44:35,,105232,"POINT (  580868.794797330,   6140368.79612090)",ENRIQUE CHIANCONE Esq. VERACIERTO,2
2026-04-25,E_136,40,S,50,,S,,55206,Vespertino,2026-04-25 16:46:35,,105195,"POINT (  581029.872065315,   6140457.35261694)",ENRIQUE CHIANCONE 4747,2
2026-04-25,E_136,41,S,25,,S,,55206,Vespertino,2026-04-25 16:47:11,,166652,"POINT (  581032.951260651,   6140459.04617438)",ENRIQUE CHIANCONE 4747 PROV FELIX MEDINA,2
2026-04-25,E_136,42,S,100,,S,,55206,Vespertino,2026-04-25 16:50:39,,105231,"POINT (  580905.229478790,   6140560.64087541)",ING R V MESURES 4707,2
2026-04-25,E_106,1,S,50,,S,,55206,Vespertino,2026-04-25 17:32:58,,177405,"POINT (  581873.341553577,   6139367.44923918)",VALENCIA Esq. QUIRQUINCHO ANTES 1955,3
2026-04-25,E_106,2,S,75,,S,Basura Afuera,55206,Vespertino,2026-04-25 17:33:03,,177406,"POINT (  581873.341553577,   6139365.44549809)",VALENCIA Esq. QUIRQUINCHO,3
2026-04-25,E_106,3,S,75,,S,,55206,Vespertino,2026-04-25 17:36:06,,182975,"POINT (  581871.198752955,   6139301.15776218)",VALENCIA 1833,3
2026-04-25,E_106,4,S,100,,S,Basura Afuera,55206,Vespertino,2026-04-25 17:38:07,,177407,"POINT (  581871.177513207,   6139298.19994734)",VALENCIA 1833,3
2026-04-25,E_106,5,S,100,,S,"Basura Afuera, Requiere Limpieza",55206,Vespertino,2026-04-25 17:40:05,,177408,"POINT (  581871.097363563,   6139294.91381197)",VALENCIA 1833,3
2026-04-25,E_106,6,S,100,,S,"Basura Afuera, Requiere Limpieza",55206,Vespertino,2026-04-25 17:42:09,,177409,"POINT (  581871.097363563,   6139292.10857445)",VALENCIA 1833,3
2026-04-25,E_106,7,S,100,,S,"Basura Afuera, Requiere Limpieza",55206,Vespertino,2026-04-25 17:48:15,,177453,"POINT (  581356.452796284,   6139393.09204262)",EDUARDO FERREIRA 1924,3
2026-04-25,E_106,8,S,100,,S,Basura Afuera,55206,Vespertino,2026-04-25 17:48:07,,177454,"POINT (  581341.147921900,   6139461.46477080)",EDUARDO FERREIRA 1948 ESQ,3
2026-04-25,E_106,9,S,100,,S,Basura Afuera,55206,Vespertino,2026-04-25 17:50:26,,179248,"POINT (  581435.857122581,   6139620.15709964)",RBLA CONCEPCION DEL URUGUAY 4600,3
2026-04-25,E_106,10,S,100,,S,,55206,Vespertino,2026-04-25 17:52:05,,179249,"POINT (  581593.144903226,   6139598.77704588)",RBLA CONCEPCION DEL URUGUAY 4646,3
2026-04-25,E_106,11,S,100,,S,,55206,Vespertino,2026-04-25 17:54:15,,177443,"POINT (  581667.356970232,   6139526.06538332)",RBLA CONCEPCION DEL URUGUAY 1973,3
2026-04-25,E_106,12,S,100,,S,"Basura Afuera, Requiere Limpieza",55206,Vespertino,2026-04-25 17:57:31,,177442,"POINT (  581735.319521786,   6139282.70487865)",RBLA CONCEPCION DEL URUGUAY 1857 EN 1855,3
2026-04-25,E_106,13,S,100,,S,Basura Afuera,55206,Vespertino,2026-04-25 18:00:31,,105294,"POINT (  581552.090840678,   6139256.95904181)",ADRIAN TROITIÑO 1868 FTE 1855. MURO BALDIO,3
2026-04-25,E_106,14,S,100,,S,,55206,Vespertino,2026-04-25 18:02:05,,180382,"POINT (  581395.326355367,   6139355.64459718)",JULIO SOSA 4553,3
2026-04-25,E_106,15,S,100,,S,,55206,Vespertino,2026-04-25 18:04:16,,181209,"POINT (  581400.593697259,   6139309.13604160)",JULIO SOSA 4556,3
2026-04-25,E_106,16,S,100,,S,,55206,Vespertino,2026-04-25 18:06:40,,105293,"POINT (  581512.203835028,   6139437.29802486)",ADRIAN TROITIÑO 1954,3
2026-04-25,E_106,17,S,100,,S,"Basura Afuera, Requiere Limpieza",55206,Vespertino,2026-04-25 18:09:54,,180369,"POINT (  581590.628682353,   6139472.71885599)",PAULINA LUISI 1963,3
2026-04-25,E_106,18,N,,Contenedor No Está,S,,55206,Vespertino,2026-04-25 18:10:42,,105247,"POINT (  581639.327184490,   6139268.54931206)",PAULINA LUISI 1861,3
2026-04-25,E_106,19,S,100,,S,,55206,Vespertino,2026-04-25 18:14:36,,105292,"POINT (  581227.458072317,   6139440.00988927)",HIPOLITO YRIGOYEN 1959 ANTES 1861,3
2026-04-25,E_106,20,S,100,,S,,55206,Vespertino,2026-04-25 18:17:19,,105254,"POINT (  581265.876151413,   6139280.46186667)",HIPOLITO YRIGOYEN 1907,3
2026-04-25,E_106,21,S,100,,S,"Basura Afuera, Requiere Limpieza",55206,Vespertino,2026-04-25 18:23:42,,177455,"POINT (  581222.686749066,   6139141.18679608)",CANDELARIA 1784 PDO CORDON ROJO,3
2026-04-25,E_106,22,S,100,,S,,55206,Vespertino,2026-04-25 18:23:46,,166692,"POINT (  581211.864851978,   6139181.47881582)",CANDELARIA 1798,3
2026-04-25,E_106,23,S,100,,S,Basura Afuera,55206,Vespertino,2026-04-25 18:26:00,,105260,"POINT (  581194.802705085,   6139260.12288362)",CANDELARIA 1830,3
2026-04-25,E_106,24,N,,Sobrepeso,S,,55206,Vespertino,2026-04-25 18:28:08,,177456,"POINT (  581161.051673349,   6139427.24087311)",CANDELARIA 1900,3
2026-04-25,E_106,25,S,100,,S,,55206,Vespertino,2026-04-25 18:38:19,,177457,"POINT (  581078.818139298,   6139421.14950022)",EREVAN 1941,3
2026-04-25,E_106,26,S,100,,S,,55206,Vespertino,2026-04-25 18:38:27,,177420,"POINT (  581088.121129414,   6139369.41473119)",EREVAN 1903,3
2026-04-25,E_106,27,N,,Contenedor No Está,N,,55206,Vespertino,2026-04-25 18:38:32,,105283,"POINT (  581088.376169867,   6139367.37440757)",EREVAN 1903,3
2026-04-25,E_106,28,S,100,,N,,55206,Vespertino,2026-04-25 18:43:46,,175356,"POINT (  581103.051292656,   6139263.73870283)",EREVAN 1845 FTE 1848,3
2026-04-25,E_106,29,S,75,,S,,55206,Vespertino,2026-04-25 18:43:50,,177394,"POINT (  581103.503270057,   6139261.70480452)",EREVAN 1845 FTE 1848,3
2026-04-25,E_106,30,S,75,,S,,55206,Vespertino,2026-04-25 18:43:55,,180626,"POINT (  581108.991209605,   6139210.27892768)",EREVAN 1805 EN 1807,3
2026-04-25,E_106,31,N,,Contenedor No Está,S,,55206,Vespertino,2026-04-25 18:44:23,,183046,"POINT (  581115.288732680,   6139178.93017734)",EREVAN 1795,3
2026-04-25,E_106,32,S,100,,S,"Basura Afuera, Requiere Limpieza",55206,Vespertino,2026-04-25 18:46:11,,177392,"POINT (  581120.925057062,   6139137.29248079)",EREVAN 1785 FTE 1772,3
2026-04-25,E_106,33,N,,Auto,S,,55206,Vespertino,2026-04-25 18:46:16,,177393,"POINT (  581121.377034463,   6139135.25858249)",EREVAN 1785 FTE 1772,3
2026-04-25,E_106,34,,,,S,,55206,Vespertino,,,177458,"POINT (  580921.083641234,   6139361.83876416)",FRANCISCO DE CALDAS 1845,3
2026-04-25,E_106,35,,,,S,,55206,Vespertino,,,177459,"POINT (  580920.923341948,   6139358.47247914)",FRANCISCO DE CALDAS 1845,3
2026-04-25,E_106,36,,,,S,,55206,Vespertino,,,105253,"POINT (  580920.339428249,   6139313.34322260)",FRANCISCO DE CALDAS 1809,3
2026-04-25,E_106,37,,,,S,,55206,Vespertino,,,180607,"POINT (  580920.265837274,   6139311.93413760)",FRANCISCO DE CALDAS 1809,3
2026-04-25,E_106,38,,,,S,,55206,Vespertino,,,181497,"POINT (  580914.793394994,   6139207.31065996)",FRANCISCO DE CALDAS 1787 1787 en calle,3
2026-04-25,E_106,39,S,100,,S,,55206,Vespertino,2026-04-25 18:51:33,,105279,"POINT (  580809.234394478,   6139138.79440193)",DESSALINES 1753,3
2026-04-25,E_106,40,S,100,,S,Basura Afuera,55206,Vespertino,2026-04-25 18:51:42,,105280,"POINT (  580809.489434931,   6139141.72736714)",DESSALINES 1755 FTE 1753,3
2026-04-25,E_106,41,S,100,,S,,55206,Vespertino,2026-04-25 18:55:05,,105282,"POINT (  580813.446772882,   6139337.52401356)",DESSALINES 1834 FTE 1753,3
2026-04-25,E_106,42,,,,S,,55206,Vespertino,,,183009,"POINT (  580629.992683815,   6139342.35947110)",ALEJANDRO KORN 1974,3
2026-04-25,E_106,43,,,,S,,55206,Vespertino,,,177463,"POINT (  580576.864560992,   6139275.73910145)",TABOBA 4085 CANTERO,3
2026-04-25,E_106,44,,,,S,,55206,Vespertino,,,177465,"POINT (  580629.335149227,   6139272.44498380)",TABOBA 4120,3
2026-04-25,E_106,45,,,,S,,55206,Vespertino,,,105281,"POINT (  580784.759758850,   6139262.27025937)",TABOBA Esq. DESSALINES,3
2026-04-25,E_106,46,,,,S,,55206,Vespertino,,,105249,"POINT (  580444.407224859,   6139200.57486102)",MARISCALA 1942,3
2026-04-25,E_106,47,,,,S,,55206,Vespertino,,,175312,"POINT (  580499.774456497,   6139349.95339210)",MARISCALA 2022,3
2026-04-25,E_106,48,,,,S,,55206,Vespertino,,,183010,"POINT (  580397.478232948,   6139433.11091618)",MATAOJO 1997 1999,3
2026-04-25,E_106,49,,,,S,,55206,Vespertino,,,180327,"POINT (  580356.402706712,   6139326.19794300)",MATAOJO 1959,3
2026-04-25,E_106,50,,,,S,,55206,Vespertino,,,105266,"POINT (  580302.486320904,   6139173.00423955)",MATAOJO 1915,3
2026-04-25,E_106,51,,,,S,,55206,Vespertino,,,172812,"POINT (  580195.367676836,   6139234.47316611)",DR JOSE MA DELGADO 1936,3
2026-04-25,E_106,52,,,,S,,55206,Vespertino,,,105268,"POINT (  580230.508919774,   6139328.14548249)",DR JOSE MA DELGADO 1952,3
2026-04-25,E_106,53,,,,S,,55206,Vespertino,,,105269,"POINT (  580265.311179661,   6139426.45056723)",DR JOSE MA DELGADO 1986,3
2026-04-25,E_106,54,,,,S,,55206,Vespertino,,,105270,"POINT (  580149.643324234,   6139492.80328134)",ALTO PERU 2065,3
2026-04-25,E_106,55,,,,S,,55206,Vespertino,,,105271,"POINT (  580117.966546893,   6139327.91949379)",ALTO PERU 2007,3
2026-04-25,E_106,56,,,,N,,55206,Vespertino,,,158292,"POINT (  580059.234526564,   6139183.42565811)",ALTO PERU 1923,3
2026-04-25,E_106,57,,,,S,,55206,Vespertino,,,118612,"POINT (  580058.305529944,   6139180.80084972)",ALTO PERU 1923 EN 1923/1925,3
2026-04-25,E_106,58,,,,S,,55206,Vespertino,,,179231,"POINT (  579922.489016723,   6139188.37834187)",SEVILLA 1908 en 1911,3
2026-04-25,E_106,59,,,,S,,55206,Vespertino,,,105272,"POINT (  580021.003146698,   6139287.45989514)",SEVILLA 1980 EN 1980,3
2026-04-25,E_106,60,,,,S,,55206,Vespertino,,,175390,"POINT (  580022.881801130,   6139289.50141469)",SEVILLA 1980 EN 1980,3
2026-04-25,E_106,61,,,,S,,55206,Vespertino,,,105274,"POINT (  580005.346887833,   6139497.89135922)",SEVILLA 2060,3
2026-04-25,E_106,62,,,,S,,55206,Vespertino,,,177462,"POINT (  579974.917101786,   6139602.44799341)",SEVILLA 2096,3
2026-04-25,CH_107,47,S,100,,S,,55219,Vespertino,2026-04-25 15:53:35,,175987,"POINT (  578131.541321871,   6136655.56783302)",MANUEL V PAGOLA 3315 EN 3319/3315,0
2026-04-25,CH_107,48,S,100,,S,,55219,Vespertino,2026-04-25 16:51:45,,175988,"POINT (  578080.959644414,   6136716.26584596)",MANUEL V PAGOLA 3281,0
2026-04-25,CH_107,49,S,100,,S,,55219,Vespertino,2026-04-25 16:51:40,,175989,"POINT (  578072.898189569,   6136723.69502984)",MANUEL V PAGOLA 3269,0
2026-04-25,CH_107,50,S,100,,S,,55219,Vespertino,2026-04-25 16:51:36,,175990,"POINT (  578016.072836302,   6136795.81343715)",MANUEL V PAGOLA 3225,0
2026-04-25,CH_107,51,S,100,,S,,55219,Vespertino,2026-04-25 16:51:30,,175991,"POINT (  577992.204607251,   6136829.36331540)",MANUEL V PAGOLA 3201 FTE 3208/3210,0
2026-04-25,CH_107,52,S,100,,S,,55219,Vespertino,2026-04-25 16:51:15,,179078,"POINT (  577942.907109234,   6136897.19560864)",MANUEL V PAGOLA 3167 EN 3163/3161,0
2026-04-25,CH_107,53,S,100,,S,,55219,Vespertino,2026-04-25 16:51:20,,175992,"POINT (  577942.023022790,   6136898.17792692)",MANUEL V PAGOLA 3159 EN 3163/3161,0
2026-04-25,CH_107,54,S,100,,S,,55219,Vespertino,2026-04-25 16:51:09,,175993,"POINT (  577869.160732917,   6136990.06381306)",MANUEL V PAGOLA 3107 FTE 3108. MURO Y CERCO VEGETAL,0
2026-04-25,CH_107,55,S,100,,S,,55219,Vespertino,2026-04-25 16:50:58,,180049,"POINT (  577868.015524709,   6136991.19702809)",MANUEL V PAGOLA 3107 FTE 3108. MURO Y CERCO VEGETAL,0
2026-04-25,CH_107,56,N,,Auto,S,,55219,Vespertino,2026-04-25 15:53:15,,175995,"POINT (  577904.793145894,   6137086.93470108)",LORENZO JUSTINIANO PEREZ 3072 EN 3070/3074,0
2026-04-25,CH_107,57,S,100,,S,,55219,Vespertino,2026-04-25 16:50:48,,176483,"POINT (  577917.275772767,   6137071.37997190)",LORENZO JUSTINIANO PEREZ 3086 EN 3088. OS 4691496,0
2026-04-25,CH_107,58,S,100,,S,,55219,Vespertino,2026-04-25 16:50:40,,183093,"POINT (  577982.578490785,   6136989.99602207)",LORENZO JUSTINIANO PEREZ 3146,0
2026-04-25,CH_107,59,S,100,,S,,55219,Vespertino,2026-04-25 16:50:36,,179046,"POINT (  577984.354220825,   6136987.05157702)",LORENZO JUSTINIANO PEREZ 3146 PDO 3146. ESQ,0
2026-04-25,CH_107,60,S,100,,S,,55219,Vespertino,2026-04-25 16:50:27,,182115,"POINT (  578068.890683276,   6136881.02346246)",LORENZO JUSTINIANO PEREZ 3209,0
2026-04-25,CH_107,61,S,100,,S,,55219,Vespertino,2026-04-25 16:50:23,,180631,"POINT (  578102.384244938,   6136836.71699340)",LORENZO JUSTINIANO PEREZ 3242,0
2026-04-25,CH_107,62,S,100,,S,,55219,Vespertino,2026-04-25 16:50:18,,178771,"POINT (  578150.719759024,   6136806.59089183)",ECHEVARRIARZA 3216,0
2026-04-25,CH_107,63,S,100,,S,,55219,Vespertino,2026-04-25 16:50:14,,182990,"POINT (  578201.583643018,   6136791.94888265)",ECHEVARRIARZA 3238,0
2026-04-25,CH_107,64,S,100,,S,,55219,Vespertino,2026-04-25 16:50:10,,176002,"POINT (  578206.030745317,   6136790.63671860)",ECHEVARRIARZA 3238 FTE ABITAB,0
2026-04-25,CH_107,65,N,,Auto,S,,55219,Vespertino,2026-04-25 15:46:51,,176003,"POINT (  578297.417245870,   6136775.72178699)",ECHEVARRIARZA 3270 EN 3274 BIS,0
2026-04-25,CH_107,66,S,100,,S,,55219,Vespertino,2026-04-25 16:50:03,,176191,"POINT (  578343.462940070,   6136767.98892232)",ECHEVARRIARZA 3298 MURO VEGETAL,0
2026-04-25,CH_107,67,S,100,,S,,55219,Vespertino,2026-04-25 16:49:54,,176005,"POINT (  578346.913519378,   6136767.26111286)",ECHEVARRIARZA 3298 EDIFICIO,0
2026-04-25,CH_107,68,N,,Auto,S,,55219,Vespertino,2026-04-25 15:52:22,,176006,"POINT (  578454.829371313,   6136748.66973308)",ECHEVARRIARZA 3324 EN 3324/3328,0
2026-04-25,CH_107,69,N,,Auto,S,,55219,Vespertino,2026-04-25 15:52:15,,176007,"POINT (  578526.829227820,   6136738.15822823)",ECHEVARRIARZA Esq. BASILIO PEREIRA DE LA LUZ,0
2026-04-25,CH_106,57,S,100,,S,,55219,Vespertino,2026-04-25 16:49:41,,182256,"POINT (  578131.459613197,   6136953.22062617)",LA GACETA 1216 EN 1218,1
2026-04-25,CH_106,58,S,50,,S,,55219,Vespertino,2026-04-25 16:49:36,,176113,"POINT (  578103.497624704,   6137034.62712690)",LA GACETA 1256 EN 1256/1258,1
2026-04-25,CH_106,59,S,100,,S,,55219,Vespertino,2026-04-25 16:49:32,,176114,"POINT (  578090.883729488,   6137076.88225219)",LA GACETA 1270 EDIFICIO,1
2026-04-25,CH_106,60,S,100,,S,,55219,Vespertino,2026-04-25 16:49:12,,181872,"POINT (  577999.933166667,   6137273.50786678)",SAN LORENZO 3191,1
2026-04-25,CH_106,61,S,100,,S,,55219,Vespertino,2026-04-25 16:49:08,,183335,"POINT (  577991.438911010,   6137273.21373156)",SAN LORENZO 3189,1
2026-04-25,CH_106,62,S,100,,S,,55219,Vespertino,2026-04-25 16:49:17,,176116,"POINT (  577840.331095754,   6137257.82248326)",CIPRIANO PAYAN 3137 MURO CIEGO,1
2026-04-25,CH_106,63,S,100,,S,,55219,Vespertino,2026-04-25 16:49:24,,176117,"POINT (  577837.989047824,   6137255.80723271)",CIPRIANO PAYAN 3137 MURO CIEGO,1
2026-04-25,CH_106,64,S,75,,S,,55219,Vespertino,2026-04-25 16:24:08,,176118,"POINT (  577791.774450874,   6137304.14601267)",14 DE JULIO 1378 CASA BLANCA,1
2026-04-25,CH_106,65,S,100,,S,,55219,Vespertino,2026-04-25 16:24:03,,176119,"POINT (  577785.361052181,   6137360.02836561)",14 DE JULIO 1392 PDO 1394. MURO,1
2026-04-25,CH_102,67,S,100,,S,Basura Afuera,55219,Vespertino,2026-04-25 18:21:59,,180661,"POINT (  576785.224547712,   6135963.58777124)",AMADO BONPLAND 645,2
2026-04-25,CH_102,68,S,100,,S,Basura Afuera,55219,Vespertino,2026-04-25 18:23:28,,175663,"POINT (  576688.386837500,   6135847.46650469)",AMADO BONPLAND 581 REJAS VERDES,2
2026-04-25,CH_102,69,S,100,,S,Basura Afuera,55219,Vespertino,2026-04-25 18:26:23,,176437,"POINT (  576516.729871054,   6135847.17202325)",BV GRAL ARTIGAS 628 PDO COLUMNA,2
2026-04-25,CH_102,70,S,100,,S,,55219,Vespertino,2026-04-25 18:28:27,,180110,"POINT (  576568.762009804,   6135982.79381656)",JOSE H FIGUEIRA 2380 EN 2378,2
2026-04-25,CH_102,71,S,100,,S,Basura Afuera,55219,Vespertino,2026-04-25 18:36:12,,182074,"POINT (  576617.219854215,   6136049.09093801)",PRUDENCIO VAZQUEZ Y VEGA 872,2
2026-04-25,CH_102,72,S,100,,S,Basura Afuera,55219,Vespertino,2026-04-25 18:36:24,,180798,"POINT (  576617.012130717,   6136051.01897793)",PRUDENCIO VAZQUEZ Y VEGA 880,2
2026-04-25,CH_102,73,S,100,,S,Basura Afuera,55219,Vespertino,2026-04-25 18:36:43,,182073,"POINT (  576616.560116407,   6136054.20390601)",PRUDENCIO VAZQUEZ Y VEGA 880,2
2026-04-25,CH_102,74,S,100,,S,,55219,Vespertino,2026-04-25 18:39:16,,175627,"POINT (  576480.424704496,   6136257.43482216)",PLAZOLETA MANUEL MAGARIÑOS CASTAÑO VEREDA,2
2026-04-25,CH_102,75,S,50,,S,,55219,Vespertino,2026-04-25 18:43:17,,176438,"POINT (  576478.273070247,   6136340.07730252)",BV GRAL ARTIGAS 898 ARBOL/ARBOL,2
2026-04-25,CH_102,76,S,50,,S,,55219,Vespertino,2026-04-25 18:46:18,,176439,"POINT (  576472.718470876,   6136400.56006426)",BV GRAL ARTIGAS 928 EDIFICIO ORLEANS,2
2026-04-25,CH_102,77,S,100,,S,,55219,Vespertino,2026-04-25 18:46:22,,183123,"POINT (  576470.549524118,   6136404.27006860)",BV GRAL ARTIGAS 928,2
2026-04-25,CH_123,1,S,100,,S,Basura Afuera,55219,Vespertino,2026-04-25 16:23:49,,176627,"POINT (  577203.130934859,   6138746.89167843)",AV CENTENARIO 2754 EN 2756. EDIFICIO,3
2026-04-25,CH_123,2,S,100,,S,,55219,Vespertino,2026-04-25 16:27:27,,176628,"POINT (  577304.002394554,   6138941.22719041)",AV CENTENARIO 2854 EDIFICIO,3
2026-04-25,CH_123,3,S,75,,S,,55219,Vespertino,2026-04-25 16:27:32,,176629,"POINT (  577317.074289979,   6138969.98536035)",AV CENTENARIO 2872 CCZ. ANTES DE CORDON RESERVADO,3
2026-04-25,CH_123,4,S,100,,S,,55219,Vespertino,2026-04-25 16:31:00,,176630,"POINT (  577373.501305229,   6139097.00061089)",AV CENTENARIO 2908 VEREDA. EN 2910,3
2026-04-25,CH_123,5,S,100,,S,,55219,Vespertino,2026-04-25 16:31:46,,176631,"POINT (  577411.409801961,   6139228.37315991)",AV CENTENARIO 2946 ESQ,3
2026-04-25,CH_123,6,S,75,,S,,55219,Vespertino,2026-04-25 16:32:51,,176632,"POINT (  577446.921784532,   6139379.57141699)",AV CENTENARIO 2992,3
2026-04-25,CH_123,7,S,100,,S,,55219,Vespertino,2026-04-25 16:34:29,,176633,"POINT (  577478.076468627,   6139564.97446710)",AV CENTENARIO 3090 EN 3090 BIS,3
2026-04-25,CH_121,29,N,,Otros,S,,55219,Vespertino,2026-04-25 18:01:40,,176599,"POINT (  577102.258498040,   6139358.26470849)",JAIME CIBILS 2747 EN 2751. EDIFICIO,4
2026-04-25,CH_121,30,N,,Otros,S,,55219,Vespertino,2026-04-25 18:47:50,,176600,"POINT (  577037.770480611,   6139432.77451241)",JAIME CIBILS 2723,4
2026-04-25,CH_121,31,N,,Otros,S,,55219,Vespertino,2026-04-25 18:01:29,,180816,"POINT (  577036.902582594,   6139433.33498043)",JAIME CIBILS 2723,4
2026-04-25,CH_121,32,N,,Otros,S,,55219,Vespertino,2026-04-25 18:01:20,,183115,"POINT (  576967.804018770,   6139506.91505059)",JAIME CIBILS 2671,4
2026-04-25,CH_121,33,N,,Otros,S,,55219,Vespertino,2026-04-25 18:00:46,,176601,"POINT (  576843.652833552,   6139649.11438169)",JAIME CIBILS 2583,4
2026-04-25,CH_121,34,N,,Otros,S,,55219,Vespertino,2026-04-25 18:00:59,,183497,"POINT (  576840.583927080,   6139653.18825825)",JAIME CIBILS 2571,4
2026-04-25,CH_121,35,N,,Otros,S,,55219,Vespertino,2026-04-25 18:00:40,,176603,"POINT (  576892.563508933,   6139688.98366274)",PEDRO OLMIDA 2590 FTE 2597. MURO ESQ,4
2026-04-25,CH_121,36,N,,Otros,S,,55219,Vespertino,2026-04-25 18:00:34,,183112,"POINT (  576894.718702737,   6139688.21364583)",PEDRO OLMIDA 2590,4
2026-04-25,CH_121,37,N,,Otros,S,,55219,Vespertino,2026-04-25 18:00:28,,176604,"POINT (  576978.184423966,   6139630.37799825)",PEDRO OLMIDA 2642 EN 2648,4
2026-04-25,CH_121,38,N,,Otros,S,,55219,Vespertino,2026-04-25 18:00:23,,176605,"POINT (  577042.672441395,   6139582.88344488)",PEDRO OLMIDA 2676 EN 2678/2682,4
2026-04-25,CH_121,39,N,,Otros,S,,55219,Vespertino,2026-04-25 18:00:17,,176606,"POINT (  577109.556972986,   6139537.13181089)",PEDRO OLMIDA 2730 FTE 2717. MURO CIEGO,4
2026-04-25,CH_121,40,N,,Otros,S,,55219,Vespertino,2026-04-25 18:00:12,,176607,"POINT (  577115.112528541,   6139532.99237733)",PEDRO OLMIDA 2730 FTE 2717. MURO CIEGO,4
2026-04-25,CH_121,41,N,,Otros,S,,55219,Vespertino,2026-04-25 18:48:26,,183272,"POINT (  577135.276139351,   6139521.84084584)",PEDRO OLMIDA 2736,4
2026-04-25,CH_121,42,N,,Otros,S,,55219,Vespertino,2026-04-25 18:00:06,,183113,"POINT (  577138.238057546,   6139520.28936488)",PEDRO OLMIDA 2742 FTE 2747,4
2026-04-25,CH_121,43,S,50,,S,,55219,Vespertino,2026-04-25 17:59:03,,180896,"POINT (  577429.879809671,   6139614.06997782)",AV CENTENARIO 3105 EN 4109,4
2026-04-25,CH_121,44,N,,Auto,S,,55219,Vespertino,2026-04-25 17:58:40,,183116,"POINT (  577426.498716159,   6139535.63228320)",AV CENTENARIO 3077,4
2026-04-25,CH_121,45,N,,Auto,S,,55219,Vespertino,2026-04-25 17:58:55,,183117,"POINT (  577427.039312927,   6139529.14512199)",AV CENTENARIO 3077,4
2026-04-25,CH_121,46,S,50,,S,,55219,Vespertino,2026-04-25 16:40:30,,176608,"POINT (  577281.125600437,   6139629.17974117)",MARIANO MORENO 2745 SUBESTACION UTE,4
2026-04-25,CH_121,47,S,50,,S,,55219,Vespertino,2026-04-25 16:40:35,,183111,"POINT (  577278.283450250,   6139630.10000371)",MARIANO MORENO 2745,4
2026-04-25,CH_121,48,S,25,,S,,55219,Vespertino,2026-04-25 16:43:04,,180935,"POINT (  577204.301729851,   6139682.37204478)",MARIANO MORENO 2715 FTE 2708,4
2026-04-25,CH_121,49,S,25,,S,,55219,Vespertino,2026-04-25 16:43:07,,176609,"POINT (  577202.912092811,   6139683.21024226)",MARIANO MORENO 2715 FTE 2708,4
2026-04-25,CH_121,50,S,100,,S,,55219,Vespertino,2026-04-25 16:48:18,,183614,"POINT (  577030.157635294,   6139803.41808867)",MARIANO MORENO 2609,4
2026-04-25,CH_121,51,S,100,,S,,55219,Vespertino,2026-04-25 16:48:21,,176611,"POINT (  577027.095099347,   6139805.21459956)",MARIANO MORENO 2609,4
2026-04-25,CH_121,52,S,50,,S,,55219,Vespertino,2026-04-25 17:48:50,,176612,"POINT (  577098.336929413,   6139881.24945794)",JUAN CABAL 2562 ANTES DE ARBOL,4
2026-04-25,CH_121,53,S,25,,S,,55219,Vespertino,2026-04-25 17:48:54,,176613,"POINT (  577170.232354249,   6139866.65250805)",JUAN RAMON GOMEZ 3105 FTE 3105. MURO,4
2026-04-25,CH_121,54,N,,Auto,S,Basura Afuera,55219,Vespertino,2026-04-25 17:49:42,,176614,"POINT (  577222.846733334,   6139939.85512243)",JUAN RAMON GOMEZ 3141 EN 3144. CASA LADRILLOS. PDO ARBOL,4
2026-04-25,CH_121,55,S,50,,S,,55219,Vespertino,2026-04-25 17:54:25,,176615,"POINT (  577279.709478432,   6139856.52178910)",GRAL URQUIZA 3194 FTE 3194. MURO,4
2026-04-25,CH_121,56,S,75,,S,,55219,Vespertino,2026-04-25 17:49:51,,176616,"POINT (  577216.746515469,   6139769.37581960)",GRAL URQUIZA 3141,4
2026-04-25,CH_121,57,N,,Otros,S,,55219,Vespertino,2026-04-25 17:59:40,,176617,"POINT (  577138.750872768,   6139656.84858648)",GRAL URQUIZA 3087 VEREDA,4
2026-04-25,G_109,1,N,,Contenedor No Está,N,,55283,Vespertino,2026-04-25 14:00:00,,117203,"POINT (  574032.005439561,   6143782.12551283)",BV JOSE BATLLE Y ORDOÑEZ 5020 VIVIENDAS,0
2026-04-25,G_109,2,S,100,,S,,55283,Vespertino,2026-04-25 17:53:31,,117210,"POINT (  574007.328917906,   6143812.43001311)",BV JOSE BATLLE Y ORDOÑEZ 5026 VIVIENDAS,0
2026-04-25,G_109,3,S,100,,S,,55283,Vespertino,2026-04-25 17:53:34,,117180,"POINT (  573962.150971840,   6143863.36333166)",BV JOSE BATLLE Y ORDOÑEZ 5050 EN 5062,0
2026-04-25,G_109,4,S,100,,S,,55283,Vespertino,2026-04-25 17:53:39,,117174,"POINT (  573783.508537278,   6144021.09814360)",BV JOSE BATLLE Y ORDOÑEZ 5146 SUBESTACION,0
2026-04-25,G_109,5,S,100,,S,,55283,Vespertino,2026-04-25 17:53:42,,117173,"POINT (  573716.838636666,   6144066.12197259)",BV JOSE BATLLE Y ORDOÑEZ Esq. CALLE 12 MTS,0
2026-04-25,G_109,6,,,,S,,55283,Vespertino,,,117153,"POINT (  573594.321871255,   6144160.93176631)",BV JOSE BATLLE Y ORDOÑEZ Esq. GAMBETTA,0
2026-04-25,G_109,7,S,100,,S,,55283,Vespertino,2026-04-25 17:53:47,,177260,"POINT (  573590.843967974,   6144163.58824532)",BV JOSE BATLLE Y ORDOÑEZ 5257 PROV,0
2026-04-25,G_109,8,S,100,,S,,55283,Vespertino,2026-04-25 17:53:59,,183081,"POINT (  573490.655818271,   6144238.20088369)",BV JOSE BATLLE Y ORDOÑEZ Esq. VICTOR HUGO,0
2026-04-25,G_109,9,S,100,,S,,55283,Vespertino,2026-04-25 17:53:52,,117152,"POINT (  573489.554884578,   6144238.85762417)",BV JOSE BATLLE Y ORDOÑEZ Esq. VICTOR HUGO CABINA,0
2026-04-25,G_110,24,S,100,,S,,55283,Vespertino,2026-04-25 17:54:11,,129406,"POINT (  570266.368412940,   6147383.55830352)",ISAAC ALBENIZ Esq. PSJE B EN 1505. MURO,1
2026-04-25,G_110,25,S,100,,S,,55283,Vespertino,2026-04-25 17:54:14,,129385,"POINT (  570237.921245751,   6147420.21440218)",ISAAC ALBENIZ Esq. PSJE C EN 1511. FTE 1022,1
2026-04-25,G_110,26,S,100,,S,,55283,Vespertino,2026-04-25 17:54:17,,129386,"POINT (  570202.698240977,   6147458.10999761)",ISAAC ALBENIZ Esq. PSJE D EN 1521. PDO BT,1
2026-04-25,G_110,27,S,100,,S,,55283,Vespertino,2026-04-25 17:54:23,,129414,"POINT (  570173.192387355,   6147492.91145377)",ISAAC ALBENIZ Esq. PSJE E EN 1529. FTE CERCO VEGETAL,1
2026-04-25,G_110,28,S,100,,S,,55283,Vespertino,2026-04-25 17:54:33,,129415,"POINT (  570105.000666223,   6147571.88748863)",ISAAC ALBENIZ Esq. PSJE G MURO CIEGO,1
2026-04-25,G_110,29,S,100,,S,,55283,Vespertino,2026-04-25 17:54:26,,129388,"POINT (  570103.148814371,   6147574.06613786)",ISAAC ALBENIZ Esq. PSJE G MURO CIEGO,1
2026-04-25,G_110,30,S,100,,S,,55283,Vespertino,2026-04-25 17:54:38,,129447,"POINT (  570037.571472323,   6147655.32975442)",ISAAC ALBENIZ Esq. PSJE H FTE 1342,1
2026-04-25,G_110,31,S,100,,S,,55283,Vespertino,2026-04-25 17:54:47,,129410,"POINT (  569926.609925925,   6147823.13073611)",ISAAC ALBENIZ Esq. PSJE K EN 6927,1
2026-04-25,G_110,32,N,,Contenedor No Está,N,,55283,Vespertino,2026-04-25 14:00:00,,129425,"POINT (  569887.244674937,   6147881.47354527)",ISAAC ALBENIZ Esq. PSJE L EN 6939. MURO,1
2026-04-25,G_110,33,S,100,,S,,55283,Vespertino,2026-04-25 17:54:50,,129426,"POINT (  569831.321425271,   6147955.67489115)",ISAAC ALBENIZ Esq. CALLE 12 MTS,1
2026-04-25,G_110,34,S,100,,S,,55283,Vespertino,2026-04-25 17:54:55,,129448,"POINT (  569875.915698902,   6147963.60862152)",CALLE 12 MTS Esq. PSJE LATERAL FTE 6914,1
2026-04-25,G_110,35,S,100,,S,,55283,Vespertino,2026-04-25 17:54:59,,180328,"POINT (  569905.963404156,   6147954.20778664)",CALLE 12 MTS Esq. PSJE LATERAL ESQ,1
2026-04-25,G_110,36,N,,Contenedor No Está,N,,55283,Vespertino,2026-04-25 14:00:00,,129433,"POINT (  570047.375393891,   6147868.94631215)",PSJE I 1741 FTE 1798,1
2026-04-25,G_110,37,N,,Contenedor No Está,N,,55283,Vespertino,2026-04-25 14:00:00,,181152,"POINT (  569968.307590632,   6147769.43749325)",PSJE J - 8523 Esq. ISAAC ALBENIZ ESQ ISAAC ALBENIZ,1
2026-04-25,G_110,38,N,,Contenedor No Está,N,,55283,Vespertino,2026-04-25 14:00:00,,129412,"POINT (  569859.263166065,   6147695.60176531)",CNO ROGELIO GORGOROSO 5971 FTE 1298,1
2026-04-25,G_110,39,S,100,,S,,55283,Vespertino,2026-04-25 17:55:03,,129434,"POINT (  569929.837267530,   6147586.48443851)",CNO ROGELIO GORGOROSO 4 FTE 1320,1
2026-04-25,G_110,40,S,100,,S,,55283,Vespertino,2026-04-25 17:55:07,,129409,"POINT (  570034.194566005,   6147446.83302239)",CNO ROGELIO GORGOROSO Esq. PSJE F,1
2026-04-25,G_110,41,S,100,,S,,55283,Vespertino,2026-04-25 17:55:12,,129411,"POINT (  570094.761014806,   6147367.74805507)",CNO ROGELIO GORGOROSO Esq. PSJE D EN 1/2.,1
2026-04-25,G_110,42,S,100,,S,,55283,Vespertino,2026-04-25 17:55:16,,129407,"POINT (  570116.470472341,   6147340.24013881)",CNO ROGELIO GORGOROSO Esq. PSJE C,1
2026-04-25,G_110,43,S,100,,S,,55283,Vespertino,2026-04-25 17:55:20,,129408,"POINT (  570143.695758242,   6147304.41739420)",CNO ROGELIO GORGOROSO Esq. PSJE B,1
2026-04-25,G_110,44,S,100,,S,,55283,Vespertino,2026-04-25 17:55:23,,129389,"POINT (  570175.153171669,   6147264.26221628)",CNO ROGELIO GORGOROSO Esq. PSJE A,1
2026-04-25,G_110,45,S,100,,S,,55283,Vespertino,2026-04-25 17:55:26,,129432,"POINT (  570221.558400427,   6147206.52801149)",CNO ROGELIO GORGOROSO Esq. CNO LECOCQ,1
2026-04-25,G_110,46,S,100,,S,,55283,Vespertino,2026-04-25 17:59:06,,129391,"POINT (  570640.269183088,   6147684.89773881)",CNO LECOCQ 1618,1
2026-04-25,G_110,47,S,100,,S,,55283,Vespertino,2026-04-25 17:59:09,,181548,"POINT (  570797.981642484,   6147671.26359477)",CHECOESLOVAQUIA 5459,1
2026-04-25,G_110,48,S,100,,S,,55283,Vespertino,2026-04-25 19:52:41,,181549,"POINT (  570888.189689542,   6147602.59201416)",CHECOESLOVAQUIA 5437,1
2026-04-25,G_110,49,S,100,,S,,55283,Vespertino,2026-04-25 19:52:38,,129416,"POINT (  571008.033087742,   6147548.00784097)",DR TEOFILO DIAZ 1654,1
2026-04-25,G_110,50,N,,Contenedor No Está,N,,55283,Vespertino,2026-04-25 14:00:00,,159892,"POINT (  571213.708456641,   6147533.25188184)",CNO CASAVALLE 5493 VEREDA,1
2026-04-25,G_110,51,S,100,,S,,55283,Vespertino,2026-04-25 19:52:33,,129454,"POINT (  571204.627866402,   6147386.37333473)",CHECOESLOVAQUIA 5322,1
2026-04-25,G_110,52,S,100,,S,,55283,Vespertino,2026-04-25 19:52:30,,129451,"POINT (  571086.432091286,   6147410.88579129)",NUEVA CALIFORNIA 1639 PDO ESQ. MURO CIEGO,1
2026-04-25,G_110,53,S,100,,S,,55283,Vespertino,2026-04-25 19:52:27,,129452,"POINT (  571068.646027583,   6147313.27458331)",BV APARICIO SARAVIA 5385,1
2026-04-25,G_110,54,S,100,,S,,55283,Vespertino,2026-04-25 19:52:24,,129456,"POINT (  571130.394041204,   6147270.14177968)",BV APARICIO SARAVIA 5353 EN 5335,1
2026-04-25,G_110,55,S,100,,S,,55283,Vespertino,2026-04-25 19:52:20,,143192,"POINT (  571196.861803486,   6147221.17197451)",BV APARICIO SARAVIA 5343 EN 5343,1
2026-04-25,G_110,56,S,100,,S,,55283,Vespertino,2026-04-25 19:52:17,,129435,"POINT (  571226.382500654,   6147201.23733399)",BV APARICIO SARAVIA 5323 VEREDA,1
2026-04-25,G_110,57,S,100,,S,,55283,Vespertino,2026-04-25 19:52:13,,129376,"POINT (  571275.683485017,   6147007.48570703)",ROQUE SAENZ PEÑA 5305,1
2026-04-25,G_110,58,S,100,,S,,55283,Vespertino,2026-04-25 19:52:10,,129419,"POINT (  571191.318818980,   6147069.42963556)",ROQUE SAENZ PEÑA 5354 FTE 5327,1
2026-04-25,G_110,59,S,100,,S,,55283,Vespertino,2026-04-25 19:52:06,,129421,"POINT (  571070.689160386,   6147157.99649023)",ROQUE SAENZ PEÑA 5438 ESQ,1
2026-04-25,G_110,60,S,100,,S,,55283,Vespertino,2026-04-25 19:52:01,,129417,"POINT (  570975.237236120,   6147228.43306446)",ROQUE SAENZ PEÑA 5444 ESQ,1
2026-04-25,G_110,61,S,100,,S,,55283,Vespertino,2026-04-25 19:51:57,,129453,"POINT (  570904.741373780,   6147144.37560488)",PEDRO DE VALDIVIA Esq. NUEVA CALIFORNIA ESQ,1
2026-04-25,G_110,62,N,,Contenedor No Está,N,,55283,Vespertino,2026-04-25 14:00:00,,129462,"POINT (  570991.545280109,   6147079.62216306)",PEDRO DE VALDIVIA 5443 ESQ,1
2026-04-25,G_110,63,N,,Contenedor No Está,N,,55283,Vespertino,2026-04-25 14:00:00,,129393,"POINT (  571092.255562202,   6147005.66958898)",PEDRO DE VALDIVIA 5385 FTE 5384. CERCO VEGETAL,1
2026-04-25,G_110,64,S,100,,S,,55283,Vespertino,2026-04-25 19:51:52,,129459,"POINT (  571276.137514529,   6146867.41760261)",PEDRO DE VALDIVIA 5315,1
2026-04-25,G_110,65,S,100,,S,,55283,Vespertino,2026-04-25 19:51:47,,129395,"POINT (  571281.013060922,   6146864.55983295)",PEDRO DE VALDIVIA 5315,1
2026-04-25,G_110,66,S,100,,S,,55283,Vespertino,2026-04-25 19:51:37,,129397,"POINT (  571261.154540635,   6146728.48457196)",CNO EDISON 5262 MURO CIEGO,1
2026-04-25,G_110,67,S,100,,S,,55283,Vespertino,2026-04-25 19:51:40,,180252,"POINT (  571256.937627684,   6146731.38447797)",CNO EDISON 5262 PROV A,1
2026-04-25,G_110,68,S,100,,S,,55283,Vespertino,2026-04-25 19:51:27,,129464,"POINT (  571208.033087741,   6146767.64461736)",CNO EDISON 5317 FTE 5317. MURO TEJIDO,1
2026-04-25,G_110,69,S,100,,S,,55283,Vespertino,2026-04-25 19:51:24,,129465,"POINT (  571139.020601929,   6146817.36084892)",CNO EDISON Esq. AMERICA VEREDA. FTE 5363,1
2026-04-25,G_110,70,S,100,,S,,55283,Vespertino,2026-04-25 19:51:16,,129399,"POINT (  571017.908229625,   6146906.35063325)",CNO EDISON 5416,1
2026-04-25,G_110,71,S,100,,S,,55283,Vespertino,2026-04-25 19:51:11,,129400,"POINT (  570958.929192130,   6146956.29258039)",CNO EDISON 5438 EN 5438/5434,1
2026-04-25,G_110,72,S,100,,S,,55283,Vespertino,2026-04-25 19:51:08,,129401,"POINT (  570861.949092281,   6147025.76039488)",CNO EDISON 5514 FTE 5515. MURO BAJO,1
2026-04-25,G_110,73,S,100,,S,,55283,Vespertino,2026-04-25 19:51:01,,129467,"POINT (  570747.987684789,   6147106.12361849)",CNO EDISON Esq. NUEVA ERA CARTEL,1
2026-04-25,G_110,74,S,100,,S,,55283,Vespertino,2026-04-25 19:50:58,,129468,"POINT (  570657.230378325,   6147174.41266875)",CNO EDISON 5657,1
2026-04-25,G_110,75,S,100,,S,,55283,Vespertino,2026-04-25 19:46:58,,129402,"POINT (  570622.575784847,   6147199.89398748)",CNO EDISON Esq. PSJE MARIO ORRICO,1
2026-04-25,G_110,76,S,100,,S,,55283,Vespertino,2026-04-25 19:46:52,,129466,"POINT (  570520.745914073,   6147273.88752315)",CNO EDISON 5753,1
2026-04-25,G_110,77,S,100,,S,,55283,Vespertino,2026-04-25 19:46:37,,180667,"POINT (  570456.924438225,   6147320.54036269)",CNO EDISON Esq. DR ENRIQUE BADARACCO LINDERO,1
2026-04-25,G_110,78,S,100,,S,,55283,Vespertino,2026-04-25 19:46:34,,129444,"POINT (  570398.680581760,   6147363.84354874)",CNO EDISON 5841,1
2026-04-25,G_110,79,S,100,,S,,55283,Vespertino,2026-04-25 17:55:36,,129372,"POINT (  570403.434813535,   6147388.20898658)",CNO LECOCQ 1455,1
2026-04-25,G_110,80,S,100,,S,,55283,Vespertino,2026-04-25 17:55:41,,129449,"POINT (  570442.909162954,   6147440.07920975)",PSJE A 2,1
2026-04-25,G_110,81,S,100,,S,,55283,Vespertino,2026-04-25 17:55:45,,181550,"POINT (  570511.007614161,   6147527.26248214)",PSJE EDISON CANTERO 14,1
2026-04-25,G_110,82,S,100,,S,,55283,Vespertino,2026-04-25 17:55:48,,183166,"POINT (  570514.651277996,   6147529.92571329)",PSJE EDISON CANTERO 14,1
2026-04-25,G_110,83,N,,Contenedor No Está,N,,55283,Vespertino,2026-04-25 14:00:00,,129450,"POINT (  570518.340117647,   6147535.86582941)",CNO LECOCQ Esq. PSJE EDISON CANTERO MURO. FTE 1537. ESQ. PSEJ B,1
2026-04-25,G_110,84,S,100,,S,,55283,Vespertino,2026-04-25 17:55:53,,182084,"POINT (  570560.894313072,   6147587.01982201)",CIRC INT 17 METROS Esq. CNO LECOCQ,1
2026-04-25,G_110,85,S,100,,S,,55283,Vespertino,2026-04-25 17:55:56,,182085,"POINT (  570563.399759695,   6147590.06993094)",CIRC INT 17 METROS Esq. CNO LECOCQ,1
2026-04-25,G_110,86,S,100,,S,,55283,Vespertino,2026-04-25 17:55:59,,129392,"POINT (  570568.181494109,   6147598.46700931)",CNO LECOCQ 1556,1
2026-04-25,G_110,87,S,100,,S,,55283,Vespertino,2026-04-25 17:56:04,,129469,"POINT (  570627.896878886,   6147618.04189318)",BV APARICIO SARAVIA 5765 EN 5819. 1ER SALIDA VIVIENDAS,1
2026-04-25,G_110,88,S,100,,S,,55283,Vespertino,2026-04-25 17:56:10,,129443,"POINT (  570655.819693869,   6147597.61056514)",BV APARICIO SARAVIA 5814 EN 5797,1
2026-04-25,G_110,89,S,100,,S,,55283,Vespertino,2026-04-25 17:56:13,,129424,"POINT (  570687.601759703,   6147574.22804528)",BV APARICIO SARAVIA 5796 FTE 5796. PDO SALIDA VEHICULAR,1
2026-04-25,G_110,90,N,,Contenedor No Está,N,,55283,Vespertino,2026-04-25 14:00:00,,129457,"POINT (  570735.988824972,   6147548.97759603)",BV APARICIO SARAVIA Esq. CNEL JOSE MARIA NAVAJAS EN 5765,1
2026-04-25,G_110,91,S,100,,S,,55283,Vespertino,2026-04-25 17:56:19,,177290,"POINT (  570748.928666061,   6147539.44297628)",BV APARICIO SARAVIA 5445,1
2026-04-25,G_110,92,S,100,,S,,55283,Vespertino,2026-04-25 17:56:25,,129461,"POINT (  570845.863966856,   6147475.42481510)",BV APARICIO SARAVIA Esq. PSJE MARIO ORRICO PDO SUB ESTACION,1
2026-04-25,G_110,93,S,100,,S,,55283,Vespertino,2026-04-25 17:56:29,,129463,"POINT (  570850.858291487,   6147472.01959376)",BV APARICIO SARAVIA 5470 PDO SUB ESTACION,1
2026-04-25,G_110,94,S,100,,S,,55283,Vespertino,2026-04-25 17:56:54,,129394,"POINT (  570898.702916303,   6147434.86125425)",BV APARICIO SARAVIA Esq. DR TEOFILO DIAZ,1
2026-04-25,G_110,95,S,100,,S,,55283,Vespertino,2026-04-25 17:57:01,,152114,"POINT (  570876.450157639,   6147390.85850210)",DR TEOFILO DIAZ Esq. PSJE FROILAN AGUILAR,1
2026-04-25,G_110,96,N,,Contenedor No Está,N,,55283,Vespertino,2026-04-25 14:00:00,,129460,"POINT (  570841.715125956,   6147345.64713063)",DR TEOFILO DIAZ Esq. PSJE SAENZ PEÑA CERCO VEGETAL,1
2026-04-25,G_110,97,N,,Contenedor No Está,N,,55283,Vespertino,2026-04-25 14:00:00,,129398,"POINT (  570748.474636549,   6147254.42595017)",PEDRO DE VALDIVIA 5638,1
2026-04-25,G_110,98,S,100,,S,,55283,Vespertino,2026-04-25 17:57:12,,129423,"POINT (  570656.760675142,   6147319.69269251)",PEDRO DE VALDIVIA Esq. PSJE JOSE LUIS PANIZZA,1
2026-04-25,G_111,92,,,,S,,55283,Vespertino,,,129293,"POINT (  568325.351916410,   6148578.56725924)",JULIO CESAR TRIAY ANGLADA 6377 6385/6377. MURETE,2
2026-04-25,G_111,93,,,,S,,55283,Vespertino,,,129301,"POINT (  568374.418400413,   6148433.89674233)",JULIO CESAR TRIAY ANGLADA 6321 MURETE,2
2026-04-25,G_111,94,,,,S,,55283,Vespertino,,,129313,"POINT (  568466.159665838,   6148309.04567751)",JULIO CESAR TRIAY ANGLADA 6263 MURO,2
2026-04-25,G_111,95,,,,S,,55283,Vespertino,,,129314,"POINT (  568600.920456703,   6148231.29906740)",ISOLICA 6209 BALDIO,2
2026-04-25,G_111,96,,,,S,,55283,Vespertino,,,180323,"POINT (  568742.741961905,   6148159.82713334)",ISOLICA 6171 MURO,2
2026-04-25,G_111,97,,,,S,,55283,Vespertino,,,129317,"POINT (  568910.179194712,   6147904.76330492)",GALILEO 1663 EN 1363/1365,2
2026-04-25,G_111,98,,,,S,,55283,Vespertino,,,129360,"POINT (  568692.412110303,   6147941.13673517)",ANTONIO RUBIO Esq. JUAN P LAMOLLE,2
2026-04-25,G_111,99,,,,S,,55283,Vespertino,,,131552,"POINT (  568550.286367590,   6148022.14700970)",ANTONIO RUBIO 6436,2
2026-04-25,G_111,100,,,,S,,55283,Vespertino,,,129315,"POINT (  568407.480128284,   6148098.83115841)",ANTONIO RUBIO 6458 EN 6462/6458,2
2026-04-25,G_111,101,,,,S,,55283,Vespertino,,,129318,"POINT (  568353.434745098,   6148225.21191546)",TACUATY Esq. JULIO VERNE,2
2026-04-25,G_111,102,,,,S,,55283,Vespertino,,,129312,"POINT (  568567.773509586,   6148112.59401198)",TACUATY 6215,2
2026-04-25,G_111,103,,,,S,,55283,Vespertino,,,129362,"POINT (  568273.165059727,   6148467.18454493)",JULIO VERNE 6244,2
2026-04-25,G_111,104,,,,S,,55283,Vespertino,,,132492,"POINT (  568227.086691346,   6148602.04666969)",JULIO VERNE 6296,2
2026-04-25,F_112,68,S,100,,S,,55287,Vespertino,2026-04-25 15:06:02,,141397,"POINT (  579333.976680559,   6148167.55032049)",MARRUBIO 3939 EN 3941,0
2026-04-25,F_112,69,N,,Buzonera Girada,N,Fuera de Lugar,55287,Vespertino,2026-04-25 15:07:38,,158239,"POINT (  579445.202067176,   6148249.21882786)",CEIBO 3884,0
2026-04-25,F_112,70,N,,Contenedor No Está,S,,55287,Vespertino,2026-04-25 15:07:51,,141389,"POINT (  579468.806932898,   6148130.19768606)",CEIBO 3853,0
2026-04-25,F_112,71,S,25,,S,,55287,Vespertino,2026-04-25 15:10:06,,141390,"POINT (  579469.615235129,   6148023.44397875)",AV DE LA ALJABA 3903,0
2026-04-25,F_112,72,S,50,,S,,55287,Vespertino,2026-04-25 15:20:14,,141435,"POINT (  579292.561503284,   6148055.31365048)",AV DE LA ALJABA 3958,0
2026-04-25,F_112,73,N,,Otros,S,Contenedor en Tolva,55287,Vespertino,2026-04-25 17:29:44,,141434,"POINT (  579200.185643191,   6148039.91767380)",AV DE LA ALJABA 3988 PDO 3988,0
2026-04-25,F_112,74,S,75,,S,,55287,Vespertino,2026-04-25 17:28:39,,141396,"POINT (  579093.790741855,   6148023.13500298)",AV DE LA ALJABA 4050,0
2026-04-25,F_112,75,N,,Contenedor No Está,N,,55287,Vespertino,2026-04-25 17:28:46,,141395,"POINT (  578956.874833661,   6148003.44028275)",AV DE LA ALJABA 4094 FTE 4093,0
2026-04-25,F_112,76,S,100,,N,Requiere Limpieza,55287,Vespertino,2026-04-25 17:33:02,,149996,"POINT (  579183.557988374,   6148240.68120973)",CNO CARLOS A LOPEZ 4009,0
2026-04-25,F_112,77,S,100,,S,Requiere Limpieza,55287,Vespertino,2026-04-25 17:36:29,,141393,"POINT (  579265.772503856,   6148253.45987038)",CNO CARLOS A LOPEZ 3973,0
2026-04-25,F_112,78,N,,Contenedor No Está,S,,55287,Vespertino,2026-04-25 17:37:02,,141442,"POINT (  579559.681698719,   6148297.26142404)",CNO CARLOS A LOPEZ 3867,0
2026-04-25,F_112,79,N,,Contenedor No Está,N,,55287,Vespertino,2026-04-25 15:13:49,,141436,"POINT (  579751.900467596,   6148324.05042347)",CNO CARLOS A LOPEZ 3765,0
2026-04-25,F_112,80,S,50,,S,"Requiere Limpieza, Requiere Mantenimiento",55287,Vespertino,2026-04-25 15:16:10,,149932,"POINT (  579643.370158701,   6148109.65671555)",AV DE LA ALJABA 3860 EN 3868,0
2026-04-25,F_112,81,S,50,,S,Requiere Limpieza,55287,Vespertino,2026-04-25 15:12:01,,141440,"POINT (  579512.912697812,   6148117.03197886)",LAS PETUNIAS Esq. AV DE LA ALJABA,0
2026-04-25,F_112,82,S,75,,N,,55287,Vespertino,2026-04-25 17:42:36,,141439,"POINT (  579633.505406910,   6148276.16893599)",LAS PETUNIAS 5394 EN 5392,0
2026-04-25,F_112,83,S,25,,N,,55287,Vespertino,2026-04-25 17:42:43,,141443,"POINT (  579851.795419838,   6148321.04449917)",CNO CARLOS A LOPEZ 3775 FTE 3778,0
2026-04-25,F_112,84,S,25,,N,,55287,Vespertino,2026-04-25 17:49:42,,153112,"POINT (  579874.793777116,   6148305.82519994)",CNO CARLOS A LOPEZ 3775,0
2026-04-25,F_112,85,N,,Contenedor No Está,S,,55287,Vespertino,2026-04-25 17:50:47,,183743,"POINT (  580027.135200238,   6148225.55312949)",CNO CARLOS A LOPEZ 3716 PROV OV. CNO LA CRUZ DEL SUR 3750,0
2026-04-25,F_112,86,N,,Contenedor No Está,S,,55287,Vespertino,2026-04-25 17:50:57,,141441,"POINT (  579966.366422778,   6148176.09508755)",CNO LA CRUZ DEL SUR 3746 ANTES DEL 3746,0
2026-04-25,F_112,87,N,,Contenedor No Está,S,,55287,Vespertino,2026-04-25 17:51:08,,141444,"POINT (  579946.546004586,   6148141.78663613)",CNO LAS AMAPOLAS Esq. CNO LA CRUZ DEL SUR,0
2026-04-25,F_112,88,S,100,,S,Requiere Limpieza,55287,Vespertino,2026-04-25 17:54:17,,141445,"POINT (  580007.473680520,   6148040.76445251)",CNO LAS AMAPOLAS Esq. PSJE LOS PENSAMIENTOS,0
2026-04-25,F_112,89,S,50,,S,Requiere Limpieza,55287,Vespertino,2026-04-25 17:54:03,,141448,"POINT (  580091.381753438,   6147886.57374604)",CNO LAS AMAPOLAS 5210 FTE 5210,0
2026-04-25,F_112,90,N,,Contenedor No Está,N,,55287,Vespertino,2026-04-25 15:17:19,,141446,"POINT (  579405.721931897,   6147723.22243344)",CNO PASO DE LA ESPAÑOLA 5219,0
2026-04-25,D_119,1,S,100,,S,,55287,Vespertino,2026-04-25 18:11:57,,181890,"POINT (  577114.116891067,   6146860.96900371)",ARQ CARLOS PEREZ MONTERO 4685,1
2026-04-25,D_119,2,S,100,,S,,55287,Vespertino,2026-04-25 18:12:05,,181891,"POINT (  577118.038459695,   6146861.62259848)",ARQ CARLOS PEREZ MONTERO 4685,1
2026-04-25,D_119,3,N,,Contenedor No Está,N,,55287,Vespertino,2026-04-25 18:13:34,,124637,"POINT (  577308.375574731,   6146885.86129893)",ARQ CARLOS PEREZ MONTERO 4609,1
2026-04-25,D_119,4,N,,Contenedor No Está,N,,55287,Vespertino,2026-04-25 18:13:42,,124639,"POINT (  577475.094254109,   6146908.49615191)",ARQ CARLOS PEREZ MONTERO 4583,1
2026-04-25,D_119,5,S,100,,S,,55287,Vespertino,2026-04-25 18:16:27,,124638,"POINT (  577564.854628668,   6146920.54186638)",ARQ CARLOS PEREZ MONTERO 4569,1
2026-04-25,D_119,6,S,75,,S,,55287,Vespertino,2026-04-25 18:24:52,,124601,"POINT (  577541.811410914,   6147033.98971382)",ARTILLEROS ORIENTALES 4551 FTE 4535,1
2026-04-25,D_119,7,N,,Contenedor No Está,N,,55287,Vespertino,2026-04-25 18:26:01,,176256,"POINT (  577306.372561538,   6147045.49599231)",ARTILLEROS ORIENTALES 4608,1
2026-04-25,D_119,8,S,100,,S,,55287,Vespertino,2026-04-25 18:28:27,,176257,"POINT (  577103.337953364,   6147020.86653736)",ARTILLEROS ORIENTALES 4720,1
2026-04-25,D_119,9,N,,Contenedor No Está,N,,55287,Vespertino,2026-04-25 18:28:38,,177336,"POINT (  577073.158635362,   6147015.88183144)",ARTILLEROS ORIENTALES 4748,1
2026-04-25,D_119,10,N,,Contenedor No Está,N,,55287,Vespertino,2026-04-25 18:28:47,,177337,"POINT (  577069.596428992,   6147015.51076827)",ARTILLEROS ORIENTALES 4748,1
2026-04-25,D_119,11,S,100,,S,Requiere Limpieza,55287,Vespertino,2026-04-25 18:31:18,,181256,"POINT (  577083.734933470,   6147145.44775311)",EDUARDO SALTERAIN Y HERRERA 4717,1
2026-04-25,D_119,12,S,100,,S,,55287,Vespertino,2026-04-25 18:34:57,,181257,"POINT (  577227.708777630,   6147163.33799410)",EDUARDO SALTERAIN Y HERRERA 4643,1
2026-04-25,D_119,13,S,100,,S,,55287,Vespertino,2026-04-25 18:36:28,,181255,"POINT (  577421.141670130,   6147191.09785726)",EDUARDO SALTERAIN Y HERRERA 4581,1
2026-04-25,D_119,14,N,,Contenedor No Está,N,,55287,Vespertino,2026-04-25 18:39:42,,181489,"POINT (  577541.747826340,   6147248.99932378)",LUIS E AZAROLA GIL 4912 PROV OV (O: EDUARDO SALTERAIN Y HERRERA FTE 4550),1
2026-04-25,D_119,15,N,,Contenedor No Está,S,,55287,Vespertino,2026-04-25 18:39:56,,181487,"POINT (  577540.474422222,   6147256.48175861)",LUIS E AZAROLA GIL 4916 PROV OV (O:  EDUARDO SALTERAIN Y HERRERA 4517),1
2026-04-25,D_119,16,S,100,,S,Requiere Limpieza,55287,Vespertino,2026-04-25 18:40:05,,181486,"POINT (  577539.820827451,   6147258.76934031)",LUIS E AZAROLA GIL 4916 PROV OV (O:  EDUARDO SALTERAIN Y HERRERA 4503),1
2026-04-25,D_119,17,,,,S,,55287,Vespertino,,,181488,"POINT (  577626.912330719,   6147092.62918054)",LUIS E AZAROLA GIL 4858 PROV OV (O: ARTILLEROS ORIENTALES 4504),1
2026-04-25,D_119,18,,,,S,,55287,Vespertino,,,181637,"POINT (  577622.434656314,   6147095.75902355)",LUIS E AZAROLA GIL 4858 PROV OV (O: LUIS GERONA CASALE 4874),1
2026-04-25,D_119,19,,,,S,,55287,Vespertino,,,181329,"POINT (  577531.726594118,   6147109.70667560)",ARTILLEROS ORIENTALES 4554,1
2026-04-25,D_119,20,,,,S,,55287,Vespertino,,,124657,"POINT (  577355.018214387,   6147088.38757360)",ARTILLEROS ORIENTALES 4583,1
2026-04-25,D_119,21,,,,S,,55287,Vespertino,,,181660,"POINT (  577338.652436601,   6147119.54394292)",HORACIO ARREDONDO 4882,1
2026-04-25,D_119,22,,,,S,,55287,Vespertino,,,124659,"POINT (  577097.203528343,   6147284.42024287)",CNO CAP CORALIO C LACOSTA 4709,1
2026-04-25,D_119,23,,,,S,,55287,Vespertino,,,124658,"POINT (  577256.909113931,   6147308.46513587)",CNO CAP CORALIO C LACOSTA 4611,1
2026-04-25,D_119,24,,,,N,,55287,Vespertino,,,124590,"POINT (  577391.530829680,   6147323.93846981)",CNO CAP CORALIO C LACOSTA 4579 4583/4559,1
2026-04-25,D_119,25,,,,N,,55287,Vespertino,,,177510,"POINT (  577492.014734367,   6147339.67154794)",CNO CAP CORALIO C LACOSTA 4553,1
2026-04-25,D_119,26,,,,S,,55287,Vespertino,,,124594,"POINT (  577825.823156288,   6147380.78534647)",ARTURO SCARONE 4947 FTE 4842,1
2026-04-25,D_119,27,,,,S,,55287,Vespertino,,,181390,"POINT (  577855.079972355,   6147157.57578157)",ARTURO SCARONE 4863 PROV OV (O: ARTILLEROS ORIENTALES 4482),1
2026-04-25,D_119,28,,,,S,,55287,Vespertino,,,181391,"POINT (  577855.876331855,   6147154.16281229)",ARTURO SCARONE 4863 PROV OV (O: ARTILLEROS ORIENTALES 4482),1
2026-04-25,D_119,29,,,,S,,55287,Vespertino,,,180205,"POINT (  577875.681626130,   6146993.73492192)",ARTURO SCARONE 4809 PROV A,1
2026-04-25,D_119,30,,,,S,,55287,Vespertino,,,124597,"POINT (  577875.990895999,   6146989.68477209)",ARTURO SCARONE 4805 4805/4809,1
2026-04-25,D_119,31,,,,S,,55287,Vespertino,,,124662,"POINT (  577792.754851068,   6146900.86716712)",LUIS GERONA CASALE 4782,1
2026-04-25,D_119,32,S,100,,S,,55287,Vespertino,2026-04-25 18:19:48,,181388,"POINT (  577598.993233789,   6146953.35700307)",LUIS E AZAROLA GIL 4800 PROV OV (O: ARQ CARLOS PEREZ MONTERO 4507),1
2026-04-25,D_119,33,,,,S,,55287,Vespertino,,,181389,"POINT (  577621.787473151,   6147050.07928965)",LUIS E AZAROLA GIL 4846 PROV OV (O: LUIS E AZAROLA GIL FTE 4846),1
2026-04-25,D_119,34,,,,S,,55287,Vespertino,,,177512,"POINT (  578014.454254597,   6147419.05262418)",CNO CAP CORALIO C LACOSTA Esq. PSJE CELIASTER,1
2026-04-25,D_119,35,,,,S,,55287,Vespertino,,,177511,"POINT (  578016.951416913,   6147419.73366845)",PSJE CELIASTER Esq. CNO CAP CORALIO C LACOSTA,1
2026-04-25,D_119,36,,,,S,,55287,Vespertino,,,124665,"POINT (  578137.961489458,   6147393.40149402)",LAS PRIMICIAS 4881 4885/4881,1
2026-04-25,D_119,37,,,,S,,55287,Vespertino,,,124668,"POINT (  578150.226632026,   6147256.08575456)",LAS PRIMICIAS 4807,1
2026-04-25,D_119,38,,,,S,,55287,Vespertino,,,124667,"POINT (  578068.354251418,   6147140.03364224)",ARTILLEROS ORIENTALES 4380,1
2026-04-25,D_119,39,,,,S,,55287,Vespertino,,,124669,"POINT (  577998.367527334,   6147132.76672795)",ARTILLEROS ORIENTALES 4336 FTE 4353,1
2026-04-25,D_119,40,,,,N,,55287,Vespertino,,,124641,"POINT (  577953.891894062,   6147083.59734104)",ZAPADORES 4845,1
2026-04-25,D_119,41,,,,S,,55287,Vespertino,,,168772,"POINT (  577980.325310052,   6146859.60315819)",ZAPADORES 4751,1
2026-04-25,D_119,42,,,,S,,55287,Vespertino,,,124664,"POINT (  577980.111219688,   6146855.73097005)",ZAPADORES 4751,1
2026-04-25,D_119,43,,,,S,,55287,Vespertino,,,124607,"POINT (  578185.728809808,   6146854.55373063)",LAS PRIMICIAS Esq. CNO DOMINGO ARENA,1
2026-04-25,D_119,44,,,,S,,55287,Vespertino,,,167193,"POINT (  578173.657765791,   6147042.15310342)",LAS PRIMICIAS 4816,1
2026-04-25,D_119,45,,,,S,,55287,Vespertino,,,179020,"POINT (  578168.095810734,   6147121.25954181)",LAS PRIMICIAS 4884,1
2026-04-25,D_119,46,,,,S,,55287,Vespertino,,,124624,"POINT (  577949.917506654,   6147180.57239380)",ZAPADORES 4864 FTE 4861,1
2026-04-25,D_119,47,,,,N,,55287,Vespertino,,,124625,"POINT (  577926.071182205,   6147376.90713177)",ZAPADORES 4942,1
2026-04-25,D_119,48,,,,S,,55287,Vespertino,,,124642,"POINT (  578219.595385437,   6147434.29265465)",GUADALQUIVIR 5031,1
2026-04-25,D_119,49,,,,S,,55287,Vespertino,,,183312,"POINT (  578221.138690850,   6147418.72898998)",GUADALQUIVIR 5031 PROV OV. GUADALQUIVIR 4921,1
2026-04-25,D_119,50,,,,S,,55287,Vespertino,,,124598,"POINT (  578262.490287143,   6147123.04487307)",GUADALQUIVIR 4883,1
2026-04-25,D_119,51,,,,S,,55287,Vespertino,,,124627,"POINT (  578286.683605406,   6146914.06209937)",GUADALQUIVIR 4765,1
2026-04-25,D_119,52,,,,S,,55287,Vespertino,,,124644,"POINT (  578390.878141728,   6146903.96918132)",MASOLLER 4654 FTE 4663,1
2026-04-25,D_119,53,,,,S,,55287,Vespertino,,,124643,"POINT (  578421.156895873,   6147065.45587009)",MASOLLER 4756,1
2026-04-25,D_119,54,,,,S,,55287,Vespertino,,,124615,"POINT (  578436.889974007,   6147151.24567350)",MASOLLER 4820 4818/4820,1
2026-04-25,D_119,55,,,,S,,55287,Vespertino,,,124645,"POINT (  578461.083292270,   6147279.63352809)",MASOLLER 4896,1
2026-04-25,D_119,56,,,,S,,55287,Vespertino,,,124616,"POINT (  578472.066761910,   6147328.61386567)",MASOLLER 4906,1
2026-04-25,D_119,57,,,,S,,55287,Vespertino,,,124651,"POINT (  578495.203459055,   6147467.52316467)",MASOLLER 4994,1
2026-04-25,D_119,58,,,,S,,55287,Vespertino,,,124618,"POINT (  578567.504207573,   6147512.21591900)",CNO CAP CORALIO C LACOSTA 4205 4205/4207,1
2026-04-25,D_119,59,,,,N,,55287,Vespertino,,,124617,"POINT (  578497.150631766,   6147582.01290006)",TENIENTE DURAN 5134 FTE 5134,1
2026-04-25,D_119,60,,,,S,,55287,Vespertino,,,124602,"POINT (  578391.074508961,   6147500.11314142)",TENIENTE DURAN Esq. CNO CAP CORALIO C LACOSTA,1
2026-04-25,D_119,61,,,,N,,55287,Vespertino,,,124628,"POINT (  578371.202571920,   6147427.77929059)",PICHINANGO 5075,1
2026-04-25,D_119,62,,,,S,,55287,Vespertino,,,124672,"POINT (  578424.273826447,   6147310.98836541)",PREVISION 4265 4271/4265,1
2026-04-25,D_119,63,,,,S,,55287,Vespertino,,,124647,"POINT (  578591.326462673,   6147484.86856385)",TUPAMBAE 4989 FTE 4992,1
2026-04-25,D_119,64,,,,S,,55287,Vespertino,,,124646,"POINT (  578559.588535068,   6147304.57328094)",TUPAMBAE Esq. PREVISION,1
2026-04-25,D_119,65,,,,S,,55287,Vespertino,,,124649,"POINT (  578544.498291434,   6147230.24502102)",TUPAMBAE 4883 FTE 4880,1
2026-04-25,D_119,66,,,,S,,55287,Vespertino,,,160732,"POINT (  578528.057362622,   6147143.11977441)",TUPAMBAE 4851 EN 4835,1
2026-04-25,D_119,67,,,,S,,55287,Vespertino,,,124673,"POINT (  578482.901806286,   6146900.14723074)",TUPAMBAE 4655,1
2026-04-25,D_119,68,,,,S,,55287,Vespertino,,,124608,"POINT (  578604.313673397,   6146920.92676790)",MANANTIALES 4712 EN 4708,1
2026-04-25,D_119,69,,,,S,,55287,Vespertino,,,124629,"POINT (  578627.947998488,   6147053.39199674)",MANANTIALES 4788,1
2026-04-25,D_119,70,,,,S,,55287,Vespertino,,,124609,"POINT (  578657.358465309,   6147213.95724803)",MANANTIALES 4868,1
2026-04-25,D_119,71,,,,S,,55287,Vespertino,,,124599,"POINT (  578680.409912276,   6147333.98374776)",MANANTIALES 4922,1
2026-04-25,D_119,72,,,,S,,55287,Vespertino,,,124632,"POINT (  578715.864237936,   6147529.64142710)",MANANTIALES 4998,1
2026-04-25,D_119,73,,,,N,,55287,Vespertino,,,124631,"POINT (  578680.150728550,   6147604.38659413)",CAP RUIZ DE ALDA 5170,1
2026-04-25,D_119,74,,,,N,,55287,Vespertino,,,124633,"POINT (  578702.274348572,   6147782.09015784)",TENIENTE DURAN 5232 5232/5236,1
2026-04-25,D_119,75,,,,S,,55287,Vespertino,,,124612,"POINT (  578801.782139080,   6147827.86248716)",CNO BOISO LANZA 4123,1
2026-04-25,D_119,76,,,,S,,55287,Vespertino,,,124634,"POINT (  578856.487175395,   6147729.50981549)",RAMON FRANCO Esq. AV JOSE BELLONI,1
2026-04-25,D_119,77,,,,S,,55287,Vespertino,,,124610,"POINT (  578685.799144110,   6147701.27260082)",RAMON FRANCO 4144,1
2026-04-25,D_119,78,,,,S,,55287,Vespertino,,,124630,"POINT (  578805.855918380,   6147553.75533711)",CNO CAP CORALIO C LACOSTA 4113,1
2026-04-25,D_119,79,,,,S,,55287,Vespertino,,,124611,"POINT (  578803.574592218,   6147417.55770598)",AV JOSE BELLONI 5017 5015/5017,1
2026-04-25,D_119,80,,,,S,,55287,Vespertino,,,124670,"POINT (  578785.487021880,   6147316.31220077)",AV JOSE BELLONI 4975,1
2026-04-25,D_119,81,,,,S,,55287,Vespertino,,,172474,"POINT (  578767.209777525,   6147229.15033785)",AV JOSE BELLONI 4939 ESQ. MURO VEGETAL,1
2026-04-25,D_119,82,,,,N,,55287,Vespertino,,,124671,"POINT (  578766.035873666,   6147223.09652600)",AV JOSE BELLONI 4939 ESQ. MURO VEGETAL,1
2026-04-25,CH_101,1,,,,S,,55195,Nocturno,,,175380,"POINT (  576783.184780077,   6134713.16203109)",TABARE 2425 PDO 2425,0
2026-04-25,CH_101,2,,,,S,,55195,Nocturno,,,180708,"POINT (  576782.176882294,   6134713.73880978)",TABARE 2425,0
2026-04-25,CH_101,3,,,,N,,55195,Nocturno,,,175381,"POINT (  576663.128313290,   6134745.17970458)",TABARE 2373 FTE 2374. SUB ESTACION,0
2026-04-25,CH_101,4,,,,S,,55195,Nocturno,,,175382,"POINT (  576633.716548584,   6134623.66554336)","MANUEL J ERRAZQUIN 2366 EN 2360. EDIFICIO, MURO DE PIEDRA",0
2026-04-25,CH_101,5,,,,S,,55195,Nocturno,,,175498,"POINT (  576708.771014815,   6134577.69604445)",MANUEL J ERRAZQUIN 2394 FTE 2399,0
2026-04-25,CH_101,6,,,,S,,55195,Nocturno,,,179030,"POINT (  576713.209093177,   6134575.10261863)",MANUEL J ERRAZQUIN Esq. JOSE LUIS ZORRILLA DE SAN MARTIN FTE 2399. ESQ,0
2026-04-25,CH_101,7,,,,S,,55195,Nocturno,,,176426,"POINT (  576617.836767782,   6134611.03628235)",BV GRAL ARTIGAS 42 PDO 42. ARBOL/COLUMNA,0
2026-04-25,CH_101,8,,,,S,,55195,Nocturno,,,176427,"POINT (  576617.626374967,   6134612.96832707)",BV GRAL ARTIGAS 42 PDO 42. ARBOL/COLUMNA,0
2026-04-25,CH_101,9,,,,S,,55195,Nocturno,,,176428,"POINT (  576603.982776673,   6134784.25249835)",BV GRAL ARTIGAS 118 EN 122. ARBOL/ARBOL,0
2026-04-25,CH_101,10,,,,S,,55195,Nocturno,,,176429,"POINT (  576596.228298668,   6134883.37756991)",BV GRAL ARTIGAS 160 ANTES DE PARADA,0
2026-04-25,CH_101,11,,,,S,,55195,Nocturno,,,176432,"POINT (  576570.530319231,   6135195.57044992)",BV GRAL ARTIGAS 336 PDO REBAJE,0
2026-04-25,CH_101,12,,,,S,,55195,Nocturno,,,176434,"POINT (  576549.551150053,   6135463.40050227)",BV GRAL ARTIGAS 456 ANTES DE COLUMNA,0
2026-04-25,CH_101,13,,,,S,,55195,Nocturno,,,176435,"POINT (  576536.867468974,   6135611.78754844)",BV GRAL ARTIGAS 516 ARBOL/ARBOL,0
2026-04-25,CH_101,14,,,,S,,55195,Nocturno,,,176436,"POINT (  576526.197547688,   6135738.35385418)",BV GRAL ARTIGAS 574 ANTES DE COLUMNA,0
2026-04-25,CH_101,15,,,,S,,55195,Nocturno,,,182034,"POINT (  576800.039219385,   6135781.15530082)",AGRIM FRANCISCO ROS 2718,0
2026-04-25,CH_101,16,,,,S,,55195,Nocturno,,,182035,"POINT (  576801.961214894,   6135778.82144913)",AGRIM FRANCISCO ROS 2718,0
2026-04-25,CH_101,17,,,,S,,55195,Nocturno,,,183159,"POINT (  576945.585711464,   6135752.46927707)",LUIS DE LA TORRE 644,0
2026-04-25,CH_101,18,,,,S,,55195,Nocturno,,,175658,"POINT (  576950.090298872,   6135756.50251974)",LUIS DE LA TORRE 644 PDO ANTEL,0
2026-04-25,CH_101,19,,,,S,,55195,Nocturno,,,175659,"POINT (  576954.075241769,   6135759.87439449)",LUIS DE LA TORRE 644 PDO ANTEL,0
2026-04-25,CH_101,20,,,,S,,55195,Nocturno,,,181869,"POINT (  577022.835564278,   6135665.15526929)",CORONEL MORA 641,0
2026-04-25,CH_101,21,,,,S,,55195,Nocturno,,,175679,"POINT (  577020.248283905,   6135663.39279628)",CORONEL MORA 641 EN 635,0
2026-04-25,CH_101,22,,,,S,,55195,Nocturno,,,175680,"POINT (  577016.876409147,   6135660.63398966)",CORONEL MORA 635,0
2026-04-25,CH_101,23,,,,S,,55195,Nocturno,,,175655,"POINT (  576920.596707910,   6135586.55155480)",CORONEL MORA 581 EN 583. EDIFICIO,0
2026-04-25,CH_101,24,,,,S,,55195,Nocturno,,,181655,"POINT (  576918.802681570,   6135585.19253743)",CORONEL MORA 581 EN 583,0
2026-04-25,CH_101,25,,,,S,,55195,Nocturno,,,175654,"POINT (  576832.611116944,   6135599.17390885)",GRAL GREGORIO SUAREZ 2773,0
2026-04-25,CH_101,26,,,,S,,55195,Nocturno,,,175653,"POINT (  576746.781577636,   6135702.32262305)",GRAL GREGORIO SUAREZ 2725 EN 2727 BIS,0
2026-04-25,CH_101,27,,,,S,,55195,Nocturno,,,175574,"POINT (  576664.516081366,   6135622.31830798)",DR JOSE MARIA MONTERO 2730,0
2026-04-25,CH_101,28,,,,S,,55195,Nocturno,,,175576,"POINT (  576740.957105592,   6135527.01721231)",DR JOSE MARIA MONTERO 2770,0
2026-04-25,CH_101,29,,,,S,,55195,Nocturno,,,175577,"POINT (  576797.460340016,   6135457.73531724)",DR JOSE MARIA MONTERO 2804 EN 2804/2806,0
2026-04-25,CH_101,30,,,,S,,55195,Nocturno,,,175578,"POINT (  576879.059016431,   6135386.45194521)",DR JOSE MARIA MONTERO 2860 EN 2860/2864,0
2026-04-25,CH_101,31,,,,S,,55195,Nocturno,,,179955,"POINT (  576969.430630986,   6135329.79771409)",DR JOSE MARIA MONTERO 2928 SUBESTACION,0
2026-04-25,CH_101,32,,,,S,,55195,Nocturno,,,179934,"POINT (  577033.591616902,   6135291.35141549)",DR JOSE MARIA MONTERO 2972,0
2026-04-25,CH_101,33,,,,S,,55195,Nocturno,,,179262,"POINT (  577120.969988453,   6135236.07634270)",DR JOSE MARIA MONTERO 3034,0
2026-04-25,CH_101,34,,,,S,,55195,Nocturno,,,175582,"POINT (  577123.661858606,   6135235.30986187)",DR JOSE MARIA MONTERO 3034,0
2026-04-25,CH_101,35,,,,S,,55195,Nocturno,,,175640,"POINT (  577218.616498425,   6135177.93222193)",DR JOSE MARIA MONTERO 3072,0
2026-04-25,CH_101,36,,,,S,,55195,Nocturno,,,175583,"POINT (  577222.466276327,   6135176.37384338)",DR JOSE MARIA MONTERO 3072 EDIFICIO,0
2026-04-25,CH_101,37,,,,S,,55195,Nocturno,,,175585,"POINT (  577312.224820384,   6135121.87208592)",DR JOSE MARIA MONTERO 3100,0
2026-04-25,CH_101,38,,,,S,,55195,Nocturno,,,175559,"POINT (  577019.624283540,   6134980.07514069)",GUIPUZCOA 358 TINTORERIA,0
2026-04-25,CH_101,39,,,,S,,55195,Nocturno,,,175564,"POINT (  577085.057184440,   6135087.46207805)",GUIPUZCOA 434,0
2026-04-25,CH_101,40,,,,S,,55195,Nocturno,,,175566,"POINT (  577088.598259077,   6135137.96088156)",JOAQUIN NUÑEZ 3043,0
2026-04-25,CH_101,41,,,,S,,55195,Nocturno,,,175567,"POINT (  576968.240211364,   6135213.13173771)",JOAQUIN NUÑEZ 2957 PDO 2957. MURO LADRILLO,0
2026-04-25,CH_101,42,,,,S,,55195,Nocturno,,,175568,"POINT (  576849.498741202,   6135285.91621748)",JOAQUIN NUÑEZ 2893 FTE 2890. REJAS,0
2026-04-25,CH_101,43,,,,S,,55195,Nocturno,,,175569,"POINT (  576728.447874539,   6135397.61402831)",JOAQUIN NUÑEZ 2807,0
2026-04-25,CH_101,44,,,,S,,55195,Nocturno,,,175571,"POINT (  576659.165979469,   6135483.48508825)",JOAQUIN NUÑEZ 2763 EDIFICIO,0
2026-04-25,CH_101,45,,,,S,,55195,Nocturno,,,175573,"POINT (  576607.397007875,   6135553.15188273)",JOAQUIN NUÑEZ 2725 VENTANA TAPIADA,0
2026-04-25,CH_101,46,,,,S,,55195,Nocturno,,,175542,"POINT (  576606.030614945,   6135302.77481196)",SOLANO GARCIA 2406 VEREDA. MURO,0
2026-04-25,CH_101,47,,,,S,,55195,Nocturno,,,175544,"POINT (  576615.152731129,   6135297.65564971)",SOLANO GARCIA 2414 VEREDA. MURO,0
2026-04-25,CH_101,48,,,,S,,55195,Nocturno,,,175547,"POINT (  576759.874911941,   6135210.70687139)",SOLANO GARCIA 2490 VEREDA,0
2026-04-25,CH_101,49,,,,S,,55195,Nocturno,,,175555,"POINT (  576942.182520829,   6135099.39395998)",SOLANO GARCIA 2555 VEREDA. FTE 2555,0
2026-04-25,CH_101,50,,,,S,,55195,Nocturno,,,175557,"POINT (  577127.550080083,   6134988.54292787)",SOLANO GARCIA 2634 VEREDA. MURO,0
2026-04-25,CH_101,51,,,,S,,55195,Nocturno,,,175529,"POINT (  576756.795716620,   6135015.49069830)",FRANCISCO GARCIA CORTINAS 2416 FTE 2412,0
2026-04-25,CH_101,52,,,,S,,55195,Nocturno,,,183710,"POINT (  576627.272370588,   6135097.37071700)",FRANCISCO GARCIA CORTINAS 2379 PROV O : O BV Gral Artigas 254,0
2026-04-25,CH_101,53,,,,S,,55195,Nocturno,,,183709,"POINT (  576623.350801961,   6135099.98509608)",FRANCISCO GARCIA CORTINAS 2379 PROV O. O Bv Gral Artigas 254,0
2026-04-25,CH_101,54,,,,S,,55195,Nocturno,,,175539,"POINT (  576611.169022162,   6135105.95649505)",FRANCISCO GARCIA CORTINAS 2365,0
2026-04-25,CH_101,55,,,,S,,55195,Nocturno,,,175510,"POINT (  576727.372196078,   6134857.61452288)",PARVA DOMUS 2402 EN 2406. CERCO VEGETAL,0
2026-04-25,CH_101,56,,,,S,,55195,Nocturno,,,175512,"POINT (  576732.827391642,   6134857.89344403)",PARVA DOMUS 2402 EN 2406. CERCO VEGETAL,0
2026-04-25,CH_101,57,,,,S,,55195,Nocturno,,,175521,"POINT (  576835.931036775,   6134934.04598164)",ARIOSTO 260 FTE 291,0
2026-04-25,CH_101,58,,,,S,,55195,Nocturno,,,175550,"POINT (  576665.382105055,   6135179.79944820)",DR HECTOR MIRANDA 2421 PROV OP. ORIGEN 2445,0
2026-04-25,CH_101,59,,,,S,,55195,Nocturno,,,180638,"POINT (  576663.329567103,   6135180.11456188)",DR HECTOR MIRANDA 2421,0
2026-04-25,CH_101,60,,,,S,,55195,Nocturno,,,179038,"POINT (  576574.932575482,   6135236.23816856)",DR HECTOR MIRANDA 2355 EST 45,0
2026-04-25,CH_101,61,,,,S,,55195,Nocturno,,,175641,"POINT (  576979.706927931,   6135393.30646925)",JOSE ELLAURI 526 DROGUERIA,0
2026-04-25,CH_101,62,,,,S,,55195,Nocturno,,,175642,"POINT (  577042.839283330,   6135491.07235134)",JOSE ELLAURI 558,0
2026-04-25,CH_101,63,,,,S,,55195,Nocturno,,,180162,"POINT (  577082.021973979,   6135497.25313241)",LEYENDA PATRIA 2872,0
2026-04-25,CH_101,64,,,,S,,55195,Nocturno,,,180163,"POINT (  577109.740667082,   6135381.08097617)",LEYENDA PATRIA 2942,0
2026-04-25,CH_101,65,,,,S,,55195,Nocturno,,,175646,"POINT (  577051.717425811,   6135388.84545790)",BLANCA DEL TABARE 2941,0
2026-04-25,CH_101,66,,,,S,,55195,Nocturno,,,175643,"POINT (  577041.198983577,   6135432.72454585)",BLANCA DEL TABARE 2917 EDIFICIO,0
2026-04-25,CH_101,67,,,,S,,55195,Nocturno,,,179737,"POINT (  577231.393518453,   6135259.37292425)",LEYENDA PATRIA 3022 EDIFICIO,0
2026-04-25,CH_101,68,,,,S,,55195,Nocturno,,,179722,"POINT (  577234.178103806,   6135258.03019343)",LEYENDA PATRIA 3022 EDIFICIO,0
2026-04-25,CH_101,69,,,,S,,55195,Nocturno,,,175649,"POINT (  577349.341008554,   6135243.97291002)",LEYENDA PATRIA 3096,0
2026-04-25,CH_101,70,,,,S,,55195,Nocturno,,,175650,"POINT (  577375.252053460,   6135248.79525272)",LEYENDA PATRIA 3088 EDIFICIO,0
2026-04-25,CH_101,71,,,,S,,55195,Nocturno,,,175651,"POINT (  577459.006763451,   6135300.73899789)",LEYENDA PATRIA 3132 ARBOL/ARBOL,0
2026-04-25,CH_101,72,,,,S,,55195,Nocturno,,,181650,"POINT (  577460.879109101,   6135303.13208180)",LEYENDA PATRIA 3132,0
2026-04-25,B_103,1,,,,S,,55195,Nocturno,,,176379,"POINT (  576425.631564924,   6135985.56362614)",JOSE H FIGUEIRA 2335 EN 2335/2327,1
2026-04-25,B_103,2,,,,S,,55195,Nocturno,,,176380,"POINT (  576293.879229462,   6135974.15839099)",JOSE H FIGUEIRA 2263 FTE 2260,1
2026-04-25,B_103,3,,,,S,,55195,Nocturno,,,181607,"POINT (  576243.243926735,   6135855.36076929)",IBIRAY 2230,1
2026-04-25,B_103,4,,,,S,,55195,Nocturno,,,176383,"POINT (  576479.770998475,   6135861.70741699)",BV GRAL ARTIGAS 641 ARBOL/ARBOL,1
2026-04-25,B_103,5,,,,S,,55195,Nocturno,,,176384,"POINT (  576484.564026797,   6135803.97321220)",BV GRAL ARTIGAS 607 PDO LOMA DE BURRO,1
2026-04-25,B_103,6,,,,S,,55195,Nocturno,,,176385,"POINT (  576486.947380392,   6135765.35034401)",BV GRAL ARTIGAS 589 PDO COLUMNA. EDIFICIO ITAPUA,1
2026-04-25,B_103,7,,,,S,,55195,Nocturno,,,176386,"POINT (  576489.235732790,   6135748.14554610)",BV GRAL ARTIGAS 581,1
2026-04-25,B_103,8,,,,S,,55195,Nocturno,,,176387,"POINT (  576497.573904575,   6135660.99136296)",BV GRAL ARTIGAS 541,1
2026-04-25,B_103,9,,,,S,,55195,Nocturno,,,176388,"POINT (  576501.277608279,   6135612.18962005)",BV GRAL ARTIGAS 529 NATAL. PDO COLUMNA,1
2026-04-25,B_103,10,,,,S,,55195,Nocturno,,,176389,"POINT (  576506.857236158,   6135541.56650735)",BV GRAL ARTIGAS 493 MAPFRE,1
2026-04-25,B_103,11,,,,S,,55195,Nocturno,,,179338,"POINT (  576507.159006931,   6135537.23256733)",BV GRAL ARTIGAS 493 PROV OV (O: BV GRAL ARTIGAS 417),1
2026-04-25,B_103,12,,,,S,,55195,Nocturno,,,180364,"POINT (  576516.044250740,   6135404.41292219)",BV GRAL ARTIGAS 417,1
2026-04-25,B_103,13,,,,S,,55195,Nocturno,,,176392,"POINT (  576481.134037062,   6135393.30932459)",AV JULIO MARIA SOSA 2333 REBAJE/REBAJE,1
2026-04-25,B_103,14,,,,S,,55195,Nocturno,,,176393,"POINT (  576443.624401118,   6135416.36444556)",AV JULIO MARIA SOSA 2305 EN 2305. PDO REBAJE,1
2026-04-25,B_103,15,,,,S,,55195,Nocturno,,,176394,"POINT (  576442.533361616,   6135417.04634525)",AV JULIO MARIA SOSA 2305 EN 2305. PDO REBAJE,1
2026-04-25,B_103,16,,,,S,,55195,Nocturno,,,176395,"POINT (  576421.582852072,   6135481.31363296)",ING CARLOS MARIA MAGGIOLO 456 ANTES ARBOL,1
2026-04-25,B_103,17,,,,S,,55195,Nocturno,,,176396,"POINT (  576413.137083409,   6135583.49440947)",ING CARLOS MARIA MAGGIOLO 514 EN 508. ARBOL/ARBOL,1
2026-04-25,B_103,18,,,,S,,55195,Nocturno,,,176397,"POINT (  576413.137083409,   6135584.73672894)",ING CARLOS MARIA MAGGIOLO 514 EN 508. ARBOL/ARBOL,1
2026-04-25,B_103,19,,,,S,,55195,Nocturno,,,176398,"POINT (  576407.436440025,   6135648.74623786)",ING CARLOS MARIA MAGGIOLO 546 ANTES SE?AL DE TRANSITO,1
2026-04-25,B_103,20,,,,S,,55195,Nocturno,,,176399,"POINT (  576397.698258360,   6135759.11229672)",ING CARLOS MARIA MAGGIOLO 594 PDO ARBOL,1
2026-04-25,B_103,21,,,,S,,55195,Nocturno,,,176400,"POINT (  576389.282545812,   6135861.22294231)",ING CARLOS MARIA MAGGIOLO 642 FTE 647. MURO,1
2026-04-25,B_103,22,,,,S,,55195,Nocturno,,,176401,"POINT (  576382.560283987,   6135935.73334353)",ING CARLOS MARIA MAGGIOLO 684 ARBOL/ARBOL,1
2026-04-25,B_103,23,,,,N,,55195,Nocturno,,,176402,"POINT (  576376.286806850,   6136019.06148550)",ING CARLOS MARIA MAGGIOLO 720 EN 724/726. CASA LADRILLO. PDO ARBOL,1
2026-04-25,B_103,24,,,,S,,55195,Nocturno,,,181516,"POINT (  576373.905058930,   6136052.10656257)",ING CARLOS MARIA MAGGIOLO 740 PROV(O:ING CARLOS MARIA MAGGIOLO 720),1
2026-04-25,B_103,25,,,,S,,55195,Nocturno,,,176404,"POINT (  576369.740569837,   6136101.29858797)",ING CARLOS MARIA MAGGIOLO 778 FTE 761,1
2026-04-25,B_103,26,,,,S,,55195,Nocturno,,,176405,"POINT (  576254.199952358,   6136108.83893137)",PATRIA 765 PDO REBAJE,1
2026-04-25,B_103,27,,,,S,,55195,Nocturno,,,176406,"POINT (  576258.923005364,   6136047.85740036)",PATRIA 741 FTE 746. PDO COLUMNA,1
2026-04-25,B_103,28,,,,S,,55195,Nocturno,,,176407,"POINT (  576267.707577630,   6135938.68642592)",PATRIA 685 REJA CON VEGETACION,1
2026-04-25,B_103,29,,,,S,,55195,Nocturno,,,176408,"POINT (  576274.808127832,   6135851.63646470)",PATRIA 647 FARMACIA. ANTES COLUMNA,1
2026-04-25,B_103,30,,,,S,,55195,Nocturno,,,176440,"POINT (  576278.968015292,   6135797.11435678)",PATRIA 617,1
2026-04-25,B_103,31,,,,S,,55195,Nocturno,,,176409,"POINT (  576286.443961072,   6135711.67117538)",PATRIA 571 EN 579/581. EDIFICIO,1
2026-04-25,B_103,32,,,,S,,55195,Nocturno,,,176410,"POINT (  576289.711934929,   6135683.34873529)",PATRIA 553 REDPAGOS,1
2026-04-25,B_103,33,,,,S,,55195,Nocturno,,,176411,"POINT (  576289.929799852,   6135680.29862636)",PATRIA 553 REDPAGOS,1
2026-04-25,B_103,34,,,,S,,55195,Nocturno,,,180000,"POINT (  576296.566251522,   6135572.82861402)",PATRIA 505,1
2026-04-25,B_103,35,,,,S,,55195,Nocturno,,,176413,"POINT (  576305.148532958,   6135510.63922286)",PATRIA 458 FTE 458. ARBOL/ARBOL,1
2026-04-25,B_103,36,,,,S,,55195,Nocturno,,,176414,"POINT (  576305.451908005,   6135506.69534724)",PATRIA 458 FTE 458. ARBOL/ARBOL,1
2026-04-25,B_103,37,,,,S,,55195,Nocturno,,,176415,"POINT (  576250.237649378,   6135534.60585160)",AV JULIO MARIA SOSA 2223 CASA LADRILLOS,1
2026-04-25,B_103,38,,,,S,,55195,Nocturno,,,176416,"POINT (  576211.948981849,   6135608.83063272)",AV JULIO HERRERA Y REISSIG 522 VEREDA. PDO REBAJE,1
2026-04-25,B_103,39,,,,S,,55195,Nocturno,,,176417,"POINT (  576208.312846893,   6135711.66158475)",AV JULIO HERRERA Y REISSIG 572 VEREDA. EN 574 BIS. PDO COLUMNA,1
2026-04-25,B_103,40,,,,S,,55195,Nocturno,,,176418,"POINT (  576208.198533561,   6135845.85896455)",AV JULIO HERRERA Y REISSIG 650 VEREDA,1
2026-04-25,B_103,41,,,,S,,55195,Nocturno,,,176419,"POINT (  576208.880433249,   6135886.09104619)",AV JULIO HERRERA Y REISSIG 660 VEREDA. ANTES CARTEL,1
2026-04-25,B_103,42,,,,S,,55195,Nocturno,,,176420,"POINT (  576212.903641413,   6136042.99616458)",AV JULIO HERRERA Y REISSIG 750 VEREDA. PDO COLUMNA. EDIFICIO,1
2026-04-25,B_103,43,,,,S,,55195,Nocturno,,,176421,"POINT (  576212.971831382,   6136045.17824358)",AV JULIO HERRERA Y REISSIG 750 RETIRO PROVISORIO POR FERIA PQE RODO // VEREDA. PDO COLUMNA. EDIFICIO,1
2026-04-25,B_103,44,,,,S,,55195,Nocturno,,,176422,"POINT (  576214.267440791,   6136100.07116853)",AV JULIO HERRERA Y REISSIG 780 RETIRO PROVISORIO POR FERIA PQE RODO // VEREDA. ANTES 780. MURO VEGETAL,1
2026-04-25,B_103,45,,,,S,,55195,Nocturno,,,176423,"POINT (  576214.335630760,   6136103.13971713)",AV JULIO HERRERA Y REISSIG 780 VEREDA. ANTES 780. MURO VEGETAL,1
2026-04-25,B_103,46,,,,S,,55195,Nocturno,,,176424,"POINT (  576306.898523312,   6136134.80030650)",AV TOMAS GIRIBALDI 2270 ARBOL/ARBOL,1
2026-04-25,B_103,47,,,,S,,55195,Nocturno,,,176425,"POINT (  576421.189488588,   6136154.47691721)",AV TOMAS GIRIBALDI 2336,1
2026-04-25,CH_102,1,,,,S,,55196,Nocturno,,,175449,"POINT (  577139.564468152,   6136678.15534173)",LUIS B CAVIA 2768 FTE 2761. ARBOL/ARBOL,0
2026-04-25,CH_102,2,,,,S,,55196,Nocturno,,,175450,"POINT (  577223.170422276,   6136555.94720235)",LUIS B CAVIA 2805 CERCO COLEGIO,0
2026-04-25,CH_102,3,,,,S,,55196,Nocturno,,,175451,"POINT (  577299.905966093,   6136469.72749019)",LUIS B CAVIA 2872 EN 2870/2872. CERCO VERDE,0
2026-04-25,CH_102,4,,,,S,,55196,Nocturno,,,175505,"POINT (  577325.742740647,   6136440.86825579)",LUIS B CAVIA 2888,0
2026-04-25,CH_102,5,,,,S,,55196,Nocturno,,,176023,"POINT (  577365.668104492,   6136397.43356547)",LUIS B CAVIA 2912 EN 2908/2912. ARBOL/ARBOL,0
2026-04-25,CH_102,6,,,,S,,55196,Nocturno,,,175506,"POINT (  577306.186167348,   6136269.14424873)",PLAZOLETA LEÓN TOLSTOI FTE 2892. MURO. VENTANA/VENTANA,0
2026-04-25,CH_102,7,,,,S,,55196,Nocturno,,,175509,"POINT (  577218.646548489,   6136306.95318917)",JOSE BENITO LAMAS 2857 FTE 2862. PDO 2875. MURO VEGETAL,0
2026-04-25,CH_102,8,,,,S,,55196,Nocturno,,,180048,"POINT (  577103.503241605,   6136358.96448659)",LUIS DE LA TORRE 1004 MURO BLANCO,0
2026-04-25,CH_102,9,,,,S,,55196,Nocturno,,,175536,"POINT (  577104.128950606,   6136361.48395988)",LUIS DE LA TORRE 1004 MURO BLANCO,0
2026-04-25,CH_102,10,,,,S,,55196,Nocturno,,,182146,"POINT (  577131.833027986,   6136514.04645461)",TRABAJO 2797 FTE 2790,0
2026-04-25,CH_102,11,,,,S,,55196,Nocturno,,,182145,"POINT (  577086.554302162,   6136577.07262071)",TRABAJO 2767 FTE 2770,0
2026-04-25,CH_102,12,,,,S,,55196,Nocturno,,,182075,"POINT (  576994.654202781,   6136561.13994557)",CARLOS M MAESO 2710,0
2026-04-25,CH_102,13,,,,S,,55196,Nocturno,,,181677,"POINT (  577014.053809586,   6136463.65085120)",DR ENRIQUE MUÑOZ 1085 EN 1087,0
2026-04-25,CH_102,14,,,,S,,55196,Nocturno,,,175558,"POINT (  576899.054541177,   6136496.23724581)",QUEBRACHO 2703 FTE 2702,0
2026-04-25,CH_102,15,,,,S,,55196,Nocturno,,,175562,"POINT (  576831.235263885,   6136484.61328341)",LIBERTAD 2507 VEREDA. PDO ARBOL,0
2026-04-25,CH_102,16,,,,S,,55196,Nocturno,,,175565,"POINT (  576787.864757516,   6136452.61941220)",LIBERTAD 2485 EN 2493 VEREDA. LOCAL DE CARNES,0
2026-04-25,CH_102,17,,,,S,,55196,Nocturno,,,183655,"POINT (  576799.898783201,   6136320.96174461)",DR JUAN C DIGHIERO 2485,0
2026-04-25,CH_102,18,,,,S,,55196,Nocturno,,,183654,"POINT (  576797.401620885,   6136320.50771510)",DR JUAN C DIGHIERO 2485,0
2026-04-25,CH_102,19,,,,S,,55196,Nocturno,,,175572,"POINT (  576824.538014028,   6136203.02086987)",LUIS FRANZINI 945 FTE 946. ANTES DE REBAJE,0
2026-04-25,CH_102,20,,,,S,,55196,Nocturno,,,180541,"POINT (  576683.439545752,   6136129.14307103)",21 DE SETIEMBRE 2535 FTE ANCAP,0
2026-04-25,CH_102,21,,,,S,,55196,Nocturno,,,180540,"POINT (  576681.696626362,   6136130.77705795)",21 DE SETIEMBRE 2535 FTE ANCAP,0
2026-04-25,CH_102,22,,,,S,,55196,Nocturno,,,180539,"POINT (  576679.844774510,   6136131.64851765)",21 DE SETIEMBRE 2535 FTE ANCAP,0
2026-04-25,CH_102,23,,,,S,,55196,Nocturno,,,182996,"POINT (  576532.552949149,   6136251.47239762)",LIBERTAD 2358 EN 2358,0
2026-04-25,CH_102,24,,,,S,,55196,Nocturno,,,182995,"POINT (  576535.390633599,   6136253.06150091)",LIBERTAD 2 EN 2358,0
2026-04-25,CH_102,25,,,,S,,55196,Nocturno,,,177380,"POINT (  576695.196462963,   6136355.14746166)",OBLIGADO 1037 EN 1045,0
2026-04-25,CH_102,26,,,,S,,55196,Nocturno,,,175638,"POINT (  576707.130461042,   6136228.91377537)",OBLIGADO 955,0
2026-04-25,CH_102,27,,,,S,,55196,Nocturno,,,180620,"POINT (  576707.133553356,   6136227.07873618)",OBLIGADO 955,0
2026-04-25,CH_102,28,,,,S,,55196,Nocturno,,,175637,"POINT (  576707.284420808,   6136224.75686167)",OBLIGADO 955,0
2026-04-25,CH_102,29,,,,S,,55196,Nocturno,,,180023,"POINT (  576887.954146198,   6136217.96227696)",CARLOS BERG 2530,0
2026-04-25,CH_102,30,,,,S,,55196,Nocturno,,,175604,"POINT (  577017.051471518,   6136226.91229840)",CARLOS BERG 2580 SUBESTACION,0
2026-04-25,CH_102,31,,,,S,,55196,Nocturno,,,181305,"POINT (  577177.778407168,   6136190.93149659)",FRANCISCO AGUILAR 943,0
2026-04-25,CH_102,32,,,,S,,55196,Nocturno,,,181304,"POINT (  577178.290352560,   6136181.85868657)",FRANCISCO AGUILAR 931 EN 945,0
2026-04-25,CH_102,33,,,,S,,55196,Nocturno,,,181031,"POINT (  577113.581839097,   6136154.17063273)",AV SARMIENTO 2623 PROV OV(O:FRANCISCO AGUILAR 871),0
2026-04-25,CH_102,34,,,,S,,55196,Nocturno,,,181383,"POINT (  577187.735082139,   6136070.33908726)",FRANCISCO AGUILAR 863,0
2026-04-25,CH_102,35,,,,S,,55196,Nocturno,,,181303,"POINT (  577204.172036291,   6135890.98837941)",FRANCISCO AGUILAR 777,0
2026-04-25,CH_102,36,,,,S,,55196,Nocturno,,,183712,"POINT (  577062.006495425,   6135831.81043726)",FRANCISCO SOLANO ANTUÑA 2657,0
2026-04-25,CH_102,37,,,,S,,55196,Nocturno,,,183711,"POINT (  577061.026103268,   6135832.35509957)",FRANCISCO SOLANO ANTUÑA 2657,0
2026-04-25,CH_102,38,,,,S,,55196,Nocturno,,,180623,"POINT (  577060.060859841,   6135833.77653003)",FRANCISCO SOLANO ANTUÑA 2656 ESQ. VEREDA,0
2026-04-25,CH_102,39,,,,S,,55196,Nocturno,,,180625,"POINT (  577005.407930444,   6135895.46930239)",FRANCISCO SOLANO ANTUÑA 2609,0
2026-04-25,CH_102,40,,,,S,,55196,Nocturno,,,175673,"POINT (  576973.233621080,   6136000.42700510)",DR ENRIQUE MUÑOZ 842,0
2026-04-25,CH_102,41,,,,S,,55196,Nocturno,,,175672,"POINT (  576973.080354045,   6136004.71848206)",DR ENRIQUE MUÑOZ 846,0
2026-04-25,CH_102,42,,,,S,,55196,Nocturno,,,175639,"POINT (  576964.012331871,   6136112.44321182)",DR ENRIQUE MUÑOZ 894 PDO 894,0
2026-04-25,CH_102,43,,,,S,,55196,Nocturno,,,183127,"POINT (  576950.526770989,   6136269.23025063)",DR ENRIQUE MUÑOZ 975,0
2026-04-25,CH_102,44,,,,S,,55196,Nocturno,,,175602,"POINT (  576949.688059509,   6136272.02371288)",DR ENRIQUE MUÑOZ 975,0
2026-04-25,CH_102,45,,,,S,,55196,Nocturno,,,180047,"POINT (  576833.627969588,   6136099.88538849)",LUIS FRANZINI 889 FTE 894. ESTELA JINCHUK,0
2026-04-25,CH_102,46,,,,S,,55196,Nocturno,,,175575,"POINT (  576833.869427469,   6136097.36551271)",LUIS FRANZINI 889 FTE 894. ESTELA JINCHUK,0
2026-04-25,CH_102,47,,,,S,,55196,Nocturno,,,177426,"POINT (  576833.926181158,   6136093.56301555)",LUIS FRANZINI 889 FTE 894. ESTELA JINCHUK,0
2026-04-25,CH_102,48,,,,S,,55196,Nocturno,,,175669,"POINT (  576866.636398599,   6136007.40065517)",DR JOSE SCOSERIA 2506 EN 2502/2506. EST 45,0
2026-04-25,CH_102,49,,,,S,,55196,Nocturno,,,175671,"POINT (  576903.880287978,   6136011.00243048)",DR JOSE SCOSERIA 2524 EST 45,0
2026-04-25,CH_102,50,,,,S,,55196,Nocturno,,,181894,"POINT (  577001.576579181,   6136019.45301536)",DR JOSE SCOSERIA 2562,0
2026-04-25,CH_102,51,,,,S,,55196,Nocturno,,,182991,"POINT (  577126.648093857,   6136031.89771286)",DR JOSE SCOSERIA 2622,0
2026-04-25,CH_102,52,,,,S,,55196,Nocturno,,,181384,"POINT (  577136.760933902,   6135939.12511513)",JAIME ZUDAÑEZ 2621,0
2026-04-25,CH_102,53,,,,S,,55196,Nocturno,,,181034,"POINT (  577303.191243725,   6136068.61886936)",JOSE ELLAURI 855 EN 853/855. PROV OV(O:DR JOSE SCOSERIA 2682),0
2026-04-25,CH_102,54,,,,S,,55196,Nocturno,,,175676,"POINT (  577043.391606112,   6135932.52970882)",JAIME ZUDAÑEZ 2581 EN 2577,0
2026-04-25,CH_102,55,,,,S,,55196,Nocturno,,,175674,"POINT (  576950.205249149,   6135925.55605876)",JAIME ZUDAÑEZ 2549 FTE 2544,0
2026-04-25,CH_102,56,,,,S,,55196,Nocturno,,,178304,"POINT (  576844.858184519,   6135973.90187204)",LUIS FRANZINI 831 EN 831,0
2026-04-25,CH_102,57,,,,S,,55196,Nocturno,,,175668,"POINT (  576846.251883014,   6135952.99085793)",LUIS FRANZINI 827 EN 803,0
2026-04-25,CH_102,58,,,,S,,55196,Nocturno,,,182012,"POINT (  576831.487925926,   6135862.22872571)",WILLIMAN 637 MURO LADRILLO CON REJA,0
2026-04-25,CH_102,59,,,,S,,55196,Nocturno,,,182013,"POINT (  576830.207969499,   6135861.11216798)",WILLIMAN 631 MURO LADRILLO CON REJA,0
2026-04-25,CH_102,60,,,,S,,55196,Nocturno,,,183092,"POINT (  576761.688176678,   6135807.62571229)",WILLIMAN 597,0
2026-04-25,CH_102,61,,,,S,,55196,Nocturno,,,177032,"POINT (  576642.038631804,   6135710.34761279)",WILLIMAN 515 FTE 516,0
2026-04-25,CH_102,62,,,,S,,55196,Nocturno,,,175678,"POINT (  576543.434539641,   6135790.60443490)",DR JOSE MARIA MONTERO 2613 FTE 2612. MURO CON REJA,0
2026-04-25,CH_102,63,,,,S,,55196,Nocturno,,,175662,"POINT (  576607.691743847,   6135888.77197048)",ECHEVERRIA 538 FTE 541. COLEGIO. ANTES LOMA DE BURRO,0
2026-04-25,CH_102,64,,,,S,,55196,Nocturno,,,175661,"POINT (  576677.581511569,   6135972.14923724)",ECHEVERRIA 592 SUBESTACION,0
2026-04-25,CH_102,65,,,,S,,55196,Nocturno,,,180044,"POINT (  576678.058328722,   6135972.84024425)",ECHEVERRIA 592 SUBESTACION,0
2026-04-25,CH_102,66,,,,S,,55196,Nocturno,,,175664,"POINT (  576789.083279153,   6135968.77736248)",AMADO BONPLAND 645 ANTES DE 645,0
2026-04-25,CH_102,67,,,,S,,55196,Nocturno,,,180661,"POINT (  576785.224547712,   6135963.58777124)",AMADO BONPLAND 645,0
2026-04-25,CH_102,68,,,,S,,55196,Nocturno,,,175663,"POINT (  576688.386837500,   6135847.46650469)",AMADO BONPLAND 581 REJAS VERDES,0
2026-04-25,CH_102,69,,,,S,,55196,Nocturno,,,176437,"POINT (  576516.729871054,   6135847.17202325)",BV GRAL ARTIGAS 628 PDO COLUMNA,0
2026-04-25,CH_102,70,,,,S,,55196,Nocturno,,,180110,"POINT (  576568.762009804,   6135982.79381656)",JOSE H FIGUEIRA 2380 EN 2378,0
2026-04-25,CH_102,71,,,,S,,55196,Nocturno,,,182074,"POINT (  576617.219854215,   6136049.09093801)",PRUDENCIO VAZQUEZ Y VEGA 872,0
2026-04-25,CH_102,72,,,,S,,55196,Nocturno,,,180798,"POINT (  576617.012130717,   6136051.01897793)",PRUDENCIO VAZQUEZ Y VEGA 880,0
2026-04-25,CH_102,73,,,,S,,55196,Nocturno,,,182073,"POINT (  576616.560116407,   6136054.20390601)",PRUDENCIO VAZQUEZ Y VEGA 880,0
2026-04-25,CH_102,74,,,,S,,55196,Nocturno,,,175627,"POINT (  576480.424704496,   6136257.43482216)",PLAZOLETA MANUEL MAGARIÑOS CASTAÑO VEREDA,0
2026-04-25,CH_102,75,,,,S,,55196,Nocturno,,,176438,"POINT (  576478.273070247,   6136340.07730252)",BV GRAL ARTIGAS 898 ARBOL/ARBOL,0
2026-04-25,CH_102,76,,,,S,,55196,Nocturno,,,176439,"POINT (  576472.718470876,   6136400.56006426)",BV GRAL ARTIGAS 928 EDIFICIO ORLEANS,0
2026-04-25,CH_102,77,,,,S,,55196,Nocturno,,,183123,"POINT (  576470.549524118,   6136404.27006860)",BV GRAL ARTIGAS 928,0
2026-04-25,CH_123,1,,,,S,,55196,Nocturno,,,176627,"POINT (  577203.130934859,   6138746.89167843)",AV CENTENARIO 2754 EN 2756. EDIFICIO,1
2026-04-25,CH_123,2,,,,S,,55196,Nocturno,,,176628,"POINT (  577304.002394554,   6138941.22719041)",AV CENTENARIO 2854 EDIFICIO,1
2026-04-25,CH_123,3,,,,S,,55196,Nocturno,,,176629,"POINT (  577317.074289979,   6138969.98536035)",AV CENTENARIO 2872 CCZ. ANTES DE CORDON RESERVADO,1
2026-04-25,CH_123,4,,,,S,,55196,Nocturno,,,176630,"POINT (  577373.501305229,   6139097.00061089)",AV CENTENARIO 2908 VEREDA. EN 2910,1
2026-04-25,CH_123,5,,,,S,,55196,Nocturno,,,176631,"POINT (  577411.409801961,   6139228.37315991)",AV CENTENARIO 2946 ESQ,1
2026-04-25,CH_123,6,,,,S,,55196,Nocturno,,,176632,"POINT (  577446.921784532,   6139379.57141699)",AV CENTENARIO 2992,1
2026-04-25,CH_123,7,,,,S,,55196,Nocturno,,,176633,"POINT (  577478.076468627,   6139564.97446710)",AV CENTENARIO 3090 EN 3090 BIS,1
2026-04-25,CH_123,8,,,,S,,55196,Nocturno,,,181844,"POINT (  577148.139726508,   6138741.42117088)",AV CENTENARIO 2757 EN 2751,1
2026-04-25,CH_123,9,,,,S,,55196,Nocturno,,,176644,"POINT (  577684.817289543,   6138333.03012201)",AV DR ALFREDO NAVARRO 3100 VEREDA. EN 3102. EDIFICIO,1
2026-04-25,CH_123,10,,,,S,,55196,Nocturno,,,176645,"POINT (  577846.146265578,   6138195.77522005)",AV DR ALFREDO NAVARRO 3190 EN 3192,1
2026-04-25,CH_123,11,,,,S,,55196,Nocturno,,,176646,"POINT (  579556.371994771,   6138376.95894031)",AV SANTIAGO RIVAS 1679 PDO EDIFICIO. ESTACION UTE,1
2026-04-25,CH_123,12,,,,S,,55196,Nocturno,,,176647,"POINT (  579269.626759695,   6137977.46172985)",AV SANTIAGO RIVAS 1487 REJA CON ESTERILLA,1
2026-04-25,CH_123,13,,,,S,,55196,Nocturno,,,176648,"POINT (  579225.400180174,   6137829.96717647)",AV SANTIAGO RIVAS 1419,1
2026-04-25,CH_123,14,,,,S,,55196,Nocturno,,,177413,"POINT (  578653.910732203,   6137666.36398305)",AV DR LUIS ALBERTO DE HERRERA 1437 VEREDA,1
2026-04-25,CH_123,15,,,,S,,55196,Nocturno,,,176649,"POINT (  578659.861689543,   6137657.61556493)",AV DR LUIS ALBERTO DE HERRERA 1431 VEREDA. EDIFICIO,1
2026-04-25,CH_123,16,,,,S,,55196,Nocturno,,,176657,"POINT (  578724.411986128,   6137468.08445143)",AV DR LUIS ALBERTO DE HERRERA 1361,1
2026-04-25,CH_123,17,,,,S,,55196,Nocturno,,,176658,"POINT (  578744.773788417,   6137397.49687016)",AV DR LUIS ALBERTO DE HERRERA 1339,1
2026-04-25,CH_123,18,,,,S,,55196,Nocturno,,,176659,"POINT (  578828.034518301,   6137112.14020435)",AV DR LUIS ALBERTO DE HERRERA 1223 EN ARBOL/COLUMNA. ANTES DE LA ESPAÑOLA,1
2026-04-25,CH_123,19,,,,S,,55196,Nocturno,,,181280,"POINT (  578856.812011604,   6137006.85637532)",AV DR LUIS ALBERTO DE HERRERA 1175 EN 1183,1
2026-04-25,CH_123,20,,,,S,,55196,Nocturno,,,182116,"POINT (  578910.818817179,   6136820.27397645)",AV DR LUIS ALBERTO DE HERRERA 1087,1
2026-04-25,CH_103,1,,,,S,,55197,Nocturno,,,176453,"POINT (  577593.738073182,   6135392.87743479)",FRANCISCO A VIDAL 630 FTE 627/629. MURO CON CHAPAS,0
2026-04-25,CH_103,2,,,,S,,55197,Nocturno,,,176454,"POINT (  577594.501640769,   6135395.50750092)",FRANCISCO A VIDAL 630 FTE 627/629. MURO CON CHAPAS,0
2026-04-25,CH_103,3,,,,S,,55197,Nocturno,,,176456,"POINT (  577619.402428151,   6135484.03892046)",FRANCISCO A VIDAL 656 ANTES COLUMNA,0
2026-04-25,CH_103,4,,,,S,,55197,Nocturno,,,179079,"POINT (  577620.345404519,   6135486.26388664)",FRANCISCO A VIDAL 656 PDO COLUMNA,0
2026-04-25,CH_103,5,,,,S,,55197,Nocturno,,,176457,"POINT (  577632.849701747,   6135532.61030300)",FRANCISCO A VIDAL 678 MURO REJADO ARBOLES,0
2026-04-25,CH_103,6,,,,S,,55197,Nocturno,,,176458,"POINT (  577642.860921205,   6135567.39504858)",FRANCISCO A VIDAL 690 COLUMNA/ARBOL,0
2026-04-25,CH_103,7,,,,S,,55197,Nocturno,,,176265,"POINT (  577655.545060268,   6135607.86420287)",FRANCISCO A VIDAL 710 PDO ARBOL,0
2026-04-25,CH_103,8,,,,S,,55197,Nocturno,,,176266,"POINT (  577664.423055910,   6135635.45134884)",FRANCISCO A VIDAL 720 EN 722. OPTICA,0
2026-04-25,CH_103,9,,,,S,,55197,Nocturno,,,176268,"POINT (  577685.246552441,   6135715.05107265)",FRANCISCO A VIDAL 754 ANTES DE ZAPATERIA,0
2026-04-25,CH_103,10,,,,S,,55197,Nocturno,,,176269,"POINT (  577693.290158307,   6135738.71932270)",FRANCISCO A VIDAL 768 EDIFICIO,0
2026-04-25,CH_103,11,,,,S,,55197,Nocturno,,,176270,"POINT (  577698.192119091,   6135759.74328784)",FRANCISCO A VIDAL 782 MURO Y CERCO VEGETAL,0
2026-04-25,CH_103,12,,,,S,,55197,Nocturno,,,176271,"POINT (  577641.111509070,   6135892.31409394)",JUAN BENITO BLANCO 822 VEREDA,0
2026-04-25,CH_103,13,,,,S,,55197,Nocturno,,,181870,"POINT (  577642.136824005,   6135894.74401673)",JUAN BENITO BLANCO 822,0
2026-04-25,CH_103,14,,,,S,,55197,Nocturno,,,176273,"POINT (  577563.373057757,   6135860.42826993)",JAIME ZUDAÑEZ 2863,0
2026-04-25,CH_103,15,,,,S,,55197,Nocturno,,,176274,"POINT (  577496.028424988,   6135878.05538857)",JAIME ZUDAÑEZ 2833 REBAJE/REBAJE,0
2026-04-25,CH_103,16,,,,S,,55197,Nocturno,,,176275,"POINT (  577463.034074706,   6135888.22488010)",JAIME ZUDAÑEZ 2809 PDO 2809. PARED FARMACIA,0
2026-04-25,CH_103,17,,,,S,,55197,Nocturno,,,176276,"POINT (  577371.282662276,   6135913.30962586)",JAIME ZUDAÑEZ 2755 ARBOL/ARBOL,0
2026-04-25,CH_103,18,,,,S,,55197,Nocturno,,,176277,"POINT (  577313.881532333,   6135930.25877840)",JAIME ZUDAÑEZ 2725 ANTES DE 2727. MURO BAJO CON REJAS,0
2026-04-25,CH_103,19,,,,S,,55197,Nocturno,,,176278,"POINT (  577246.310910864,   6135815.45651851)",JUAN MARIA PEREZ 2720 EDIFICIO,0
2026-04-25,CH_103,20,,,,S,,55197,Nocturno,,,176279,"POINT (  577282.469102954,   6135804.38307219)",JUAN MARIA PEREZ 2738 MURO CON CERCO VEGETAL,0
2026-04-25,CH_103,21,,,,S,,55197,Nocturno,,,176280,"POINT (  577352.299611429,   6135784.27007784)",JUAN MARIA PEREZ 2762 EDIFICIO,0
2026-04-25,CH_103,22,,,,S,,55197,Nocturno,,,176281,"POINT (  577443.486052107,   6135756.19098180)",JUAN MARIA PEREZ 2824 EN 2820,0
2026-04-25,CH_103,23,,,,S,,55197,Nocturno,,,176282,"POINT (  577551.960628378,   6135727.60341117)",JUAN MARIA PEREZ 2870 EN 2880. EDIFICIO,0
2026-04-25,CH_103,24,,,,S,,55197,Nocturno,,,176283,"POINT (  577555.463453237,   6135726.36047332)",JUAN MARIA PEREZ 2896 EN 2880. EDIFICIO,0
2026-04-25,CH_103,25,,,,S,,55197,Nocturno,,,176284,"POINT (  577569.022775271,   6135722.17968236)",JUAN MARIA PEREZ 2896 EN 2892. EDIFICIO,0
2026-04-25,CH_103,26,,,,S,,55197,Nocturno,,,180659,"POINT (  577624.469859695,   6135706.18491678)",JUAN MARIA PEREZ 2924,0
2026-04-25,CH_103,27,,,,S,,55197,Nocturno,,,180639,"POINT (  577711.549454030,   6135679.70374619)",JUAN MARIA PEREZ 2970,0
2026-04-25,CH_103,28,,,,S,,55197,Nocturno,,,176471,"POINT (  577435.115188453,   6135379.11840959)",JOSE VAZQUEZ LEDESMA 3021 PROV OP. ORIGEN: JOSE VAZQUEZ LEDESMA 3033,0
2026-04-25,CH_103,29,,,,S,,55197,Nocturno,,,176472,"POINT (  577432.936539216,   6135380.42559913)",JOSE VAZQUEZ LEDESMA 3021 PROV OP. ORIGEN: JOSE VAZQUEZ LEDESMA 3033,0
2026-04-25,CH_103,30,,,,S,,55197,Nocturno,,,176294,"POINT (  577342.017125553,   6135434.38307220)",JOSE VAZQUEZ LEDESMA 2967 EN 2969. FTE CLUB BIGUA,0
2026-04-25,CH_103,31,,,,S,,55197,Nocturno,,,176295,"POINT (  577256.028424988,   6135485.00454112)",JOSE VAZQUEZ LEDESMA 2905,0
2026-04-25,CH_103,32,,,,S,,55197,Nocturno,,,181708,"POINT (  577181.074594539,   6135528.33717031)",JOSE VAZQUEZ LEDESMA 2881,0
2026-04-25,CH_103,33,,,,S,,55197,Nocturno,,,176296,"POINT (  577178.514300695,   6135530.20228124)",JOSE VAZQUEZ LEDESMA 2881,0
2026-04-25,CH_103,34,,,,S,,55197,Nocturno,,,181306,"POINT (  577531.401148009,   6135506.64425688)",JUAN BENITO BLANCO Esq. 21 DE SETIEMBRE VEREDA. EN 660,0
2026-04-25,CH_103,35,,,,S,,55197,Nocturno,,,181307,"POINT (  577532.993867008,   6135510.96735131)",JUAN BENITO BLANCO 664 VEREDA. EN 660,0
2026-04-25,CH_103,36,,,,S,,55197,Nocturno,,,180834,"POINT (  577549.745250361,   6135565.87773931)",JUAN BENITO BLANCO 684,0
2026-04-25,CH_103,37,,,,S,,55197,Nocturno,,,176326,"POINT (  577583.419573420,   6135683.85424488)",JUAN BENITO BLANCO 734 VEREDA. EN 736,0
2026-04-25,CH_103,38,,,,S,,55197,Nocturno,,,176461,"POINT (  577451.205457158,   6135597.38628653)",ROQUE GRASERAS 683,0
2026-04-25,CH_103,39,,,,S,,55197,Nocturno,,,176462,"POINT (  577450.950934630,   6135596.02883305)",ROQUE GRASERAS 683,0
2026-04-25,CH_103,40,,,,S,,55197,Nocturno,,,176463,"POINT (  577436.273468813,   6135547.49987093)",ROQUE GRASERAS 655 HELADERIA FREDO,0
2026-04-25,CH_103,41,,,,S,,55197,Nocturno,,,176464,"POINT (  577424.268489547,   6135508.68518531)",ROQUE GRASERAS 646 FTE A 646. MURO GRIS,0
2026-04-25,CH_103,42,,,,S,,55197,Nocturno,,,176465,"POINT (  577397.183050460,   6135412.85745329)",ROQUE GRASERAS 607 PARED AMARILLA,0
2026-04-25,CH_103,43,,,,S,,55197,Nocturno,,,176466,"POINT (  577329.140694476,   6135476.65776713)",TOMAS DIAGO 612 EN 620,0
2026-04-25,CH_103,44,,,,S,,55197,Nocturno,,,176467,"POINT (  577360.404545074,   6135578.93340321)",TOMAS DIAGO 658 ANTES DE 658. PINTURERIA INCA,0
2026-04-25,CH_103,45,,,,S,,55197,Nocturno,,,176469,"POINT (  577375.675896791,   6135630.85599905)",TOMAS DIAGO 684 PDO 684. MURO REJA,0
2026-04-25,CH_103,46,,,,S,,55197,Nocturno,,,176287,"POINT (  577391.169667926,   6135685.79550157)",TOMAS DIAGO 712 FTE 709,0
2026-04-25,CH_103,47,,,,S,,55197,Nocturno,,,176288,"POINT (  577291.734639678,   6135706.69945638)",PEDRO F BERRO 708 FTE 706,0
2026-04-25,CH_103,48,,,,S,,55197,Nocturno,,,176289,"POINT (  577291.056673576,   6135703.53561457)",PEDRO F BERRO 704 FTE 706,0
2026-04-25,CH_103,49,,,,S,,55197,Nocturno,,,179201,"POINT (  577279.916222004,   6135670.34470523)",PEDRO F BERRO 697 MURO SUPERMERCADO,0
2026-04-25,CH_103,50,,,,S,,55197,Nocturno,,,176470,"POINT (  577241.627365054,   6135538.20979864)",PEDRO F BERRO 631 ANTES DE 631. BAR ORO DEL RHIN,0
2026-04-25,CH_103,51,,,,S,,55197,Nocturno,,,180041,"POINT (  577241.028066209,   6135536.25155069)",PEDRO F BERRO 631,0
2026-04-25,CH_103,52,,,,S,,55197,Nocturno,,,176447,"POINT (  577109.887514869,   6135636.43805914)",JOSE ELLAURI 660 VEREDA. BROU,0
2026-04-25,CH_103,53,,,,S,,55197,Nocturno,,,179153,"POINT (  577112.114830307,   6135641.52310000)",JOSE ELLAURI 660 VEREDA. PDO ARBOL. BROU,0
2026-04-25,CH_103,54,,,,S,,55197,Nocturno,,,183568,"POINT (  577180.108123530,   6135775.18086667)",JOSE ELLAURI 728,0
2026-04-25,CH_103,55,,,,S,,55197,Nocturno,,,180042,"POINT (  577179.914897994,   6135782.86554055)",JOSE ELLAURI 732 VEREDA,0
2026-04-25,CH_103,56,,,,S,,55197,Nocturno,,,176290,"POINT (  577180.435204649,   6135784.32657502)",JOSE ELLAURI 732 VEREDA. EN 734. CLINICA ESTETICA,0
2026-04-25,CH_106,1,,,,S,,55197,Nocturno,,,176063,"POINT (  577220.915474058,   6137175.38373296)",CHARRUA 2724 VEREDA,1
2026-04-25,CH_106,2,,,,S,,55197,Nocturno,,,176064,"POINT (  577267.184537239,   6137190.52534516)",CHARRUA 2770 VEREDA. CASA ROSADA,1
2026-04-25,CH_106,3,,,,S,,55197,Nocturno,,,176065,"POINT (  577375.572336803,   6137229.52316651)",MANUEL HAEDO 2866 CASA ROSADA,1
2026-04-25,CH_106,4,,,,S,,55197,Nocturno,,,176066,"POINT (  577377.750986041,   6137229.63209897)",MANUEL HAEDO 2866 CASA ROSADA,1
2026-04-25,CH_106,5,,,,S,,55197,Nocturno,,,176068,"POINT (  577404.875169048,   6137080.72142359)",GUAYAQUI 2944 VEREDA. FTE 2947. MURO LADRILLOS,1
2026-04-25,CH_106,6,,,,S,,55197,Nocturno,,,176448,"POINT (  577389.351800000,   6137066.58935338)",PTE GRAL OSCAR DIEGO GESTIDO 2841,1
2026-04-25,CH_106,7,,,,S,,55197,Nocturno,,,176070,"POINT (  577292.347935932,   6137057.19201183)",PTE GRAL OSCAR DIEGO GESTIDO 2781,1
2026-04-25,CH_106,8,,,,S,,55197,Nocturno,,,176262,"POINT (  577256.912086777,   6137056.91145207)",PTE GRAL OSCAR DIEGO GESTIDO 2761 EN 2763. MURO DISCO,1
2026-04-25,CH_106,9,,,,S,,55197,Nocturno,,,183616,"POINT (  577250.753892157,   6136982.14682615)",AV DR FRANCISCO SOCA 1270,1
2026-04-25,CH_106,10,,,,S,,55197,Nocturno,,,183615,"POINT (  577214.596859695,   6137084.29802244)",AV DR FRANCISCO SOCA 1312,1
2026-04-25,CH_106,11,,,,S,,55197,Nocturno,,,183640,"POINT (  577168.564563941,   6137213.92039108)",AV DR FRANCISCO SOCA 1360,1
2026-04-25,CH_106,12,,,,S,,55197,Nocturno,,,183649,"POINT (  577146.757011691,   6137255.07472736)",AV DR FRANCISCO SOCA 1374,1
2026-04-25,CH_106,13,,,,S,,55197,Nocturno,,,176072,"POINT (  577196.814166869,   6137328.43384189)",GABRIEL A PEREIRA 2768 ANTES DE ARBOL,1
2026-04-25,CH_106,14,,,,S,,55197,Nocturno,,,176074,"POINT (  577256.509155976,   6137285.29658699)",GABRIEL A PEREIRA 2804 FTE 2799. COLEGIO,1
2026-04-25,CH_106,15,,,,S,,55197,Nocturno,,,176075,"POINT (  577502.369722425,   6137232.68220791)",MANUEL HAEDO 2964,1
2026-04-25,CH_106,16,,,,S,,55197,Nocturno,,,176076,"POINT (  577506.182358590,   6137232.90007283)",MANUEL HAEDO 2964,1
2026-04-25,CH_106,17,,,,S,,55197,Nocturno,,,180322,"POINT (  577603.654833898,   6137233.13281074)",MANUEL HAEDO 3008 3008,1
2026-04-25,CH_106,18,,,,S,,55197,Nocturno,,,176079,"POINT (  577756.727020900,   6137235.07872207)",MANUEL HAEDO 3090 EN 3088/3090. MURO VEGETAL,1
2026-04-25,CH_106,19,,,,S,,55197,Nocturno,,,176081,"POINT (  577728.785844429,   6137152.34451728)",CIPRIANO PAYAN 3053 MURO BAJO CON REJAS,1
2026-04-25,CH_106,20,,,,S,,55197,Nocturno,,,176263,"POINT (  577726.808066942,   6137150.81274463)",CIPRIANO PAYAN 3053,1
2026-04-25,CH_106,21,,,,S,,55197,Nocturno,,,176083,"POINT (  577593.164929396,   6137027.22196826)",CIPRIANO PAYAN 2963 PDO 2965. COLUMNA/ARBOL,1
2026-04-25,CH_106,22,,,,S,,55197,Nocturno,,,176084,"POINT (  577590.305452272,   6137024.10377654)",CIPRIANO PAYAN 2952 PDO 2965. COLUMNA/ARBOL,1
2026-04-25,CH_106,23,,,,S,,55197,Nocturno,,,176085,"POINT (  577489.433992577,   6137156.91968068)",RAFAEL PASTORIZA 1322,1
2026-04-25,CH_106,24,,,,S,,55197,Nocturno,,,176086,"POINT (  577489.488458808,   6137165.30748024)",RAFAEL PASTORIZA 1328 EN 1330. PDO ARBOL,1
2026-04-25,CH_106,25,,,,S,,55197,Nocturno,,,176087,"POINT (  577584.423099331,   6137277.04495301)",FRANCISCO LLAMBI 1367 EN 1367/1363,1
2026-04-25,CH_106,26,,,,S,,55197,Nocturno,,,176088,"POINT (  577588.249352055,   6137141.54658699)",FRANCISCO LLAMBI 1307,1
2026-04-25,CH_106,27,,,,S,,55197,Nocturno,,,176089,"POINT (  577656.386606956,   6137058.64898349)",MIGUEL BARREIRO 3004 EDIFICIO,1
2026-04-25,CH_106,28,,,,S,,55197,Nocturno,,,176090,"POINT (  577700.885517631,   6137013.38754559)",MIGUEL BARREIRO 3040,1
2026-04-25,CH_106,29,,,,S,,55197,Nocturno,,,176091,"POINT (  577773.347517648,   6137027.68173529)",FRANCISCO JOAQUIN MUÑOZ 3030 VEREDA,1
2026-04-25,CH_106,30,,,,S,,55197,Nocturno,,,176092,"POINT (  577829.288694118,   6137079.56408824)",FRANCISCO JOAQUIN MUÑOZ 3064 VEREDA,1
2026-04-25,CH_106,31,,,,S,,55197,Nocturno,,,183442,"POINT (  578269.152110580,   6136738.05218043)",FELIX BUXAREO 1114,1
2026-04-25,CH_106,32,,,,S,,55197,Nocturno,,,183443,"POINT (  578273.702736291,   6136732.59142958)",FELIX BUXAREO 1115,1
2026-04-25,CH_106,33,,,,S,,55197,Nocturno,,,183444,"POINT (  578277.343236860,   6136725.31042844)",FELIX BUXAREO 1115,1
2026-04-25,CH_106,34,,,,S,,55197,Nocturno,,,179671,"POINT (  578401.554272529,   6136832.17766416)",JOSE L OSORIO 1154,1
2026-04-25,CH_106,35,,,,S,,55197,Nocturno,,,179672,"POINT (  578400.214239029,   6136837.87280654)",JOSE L OSORIO 1154,1
2026-04-25,CH_106,36,,,,S,,55197,Nocturno,,,179673,"POINT (  578383.808024623,   6136904.86667488)",JOSE L OSORIO 1178 EN 1174. EDIFICIO,1
2026-04-25,CH_106,37,,,,S,,55197,Nocturno,,,179738,"POINT (  578383.396655658,   6136907.46807011)",JOSE L OSORIO 1178 EN 1174. EDIFICIO,1
2026-04-25,CH_106,38,,,,S,,55197,Nocturno,,,181431,"POINT (  578365.586420915,   6136974.96575076)",JOSE L OSORIO 1220,1
2026-04-25,CH_106,39,,,,S,,55197,Nocturno,,,176097,"POINT (  578363.625636601,   6136983.24461786)",JOSE L OSORIO 1220 EN 1212,1
2026-04-25,CH_106,40,,,,S,,55197,Nocturno,,,176098,"POINT (  578340.206732228,   6137087.54331901)",JOSE L OSORIO 1256 EN 1252,1
2026-04-25,CH_106,41,,,,S,,55197,Nocturno,,,176099,"POINT (  578339.117407609,   6137090.81129287)",JOSE L OSORIO 1256 EN 1260,1
2026-04-25,CH_106,42,,,,S,,55197,Nocturno,,,176120,"POINT (  578309.748307083,   6137204.20047889)",JOSE L OSORIO 1308,1
2026-04-25,CH_106,43,,,,S,,55197,Nocturno,,,176100,"POINT (  578291.867952272,   6137288.16968067)",JOSE L OSORIO 1340,1
2026-04-25,CH_106,44,,,,S,,55197,Nocturno,,,176101,"POINT (  578291.459455540,   6137290.53896172)",JOSE L OSORIO 1340,1
2026-04-25,CH_106,45,,,,S,,55197,Nocturno,,,176102,"POINT (  578272.096710442,   6137364.66750202)",JOSE L OSORIO 1364 ARBOL/ARBOL,1
2026-04-25,CH_106,46,,,,S,,55197,Nocturno,,,176103,"POINT (  578266.650087348,   6137387.02588982)",JOSE L OSORIO 1376,1
2026-04-25,CH_106,47,,,,S,,55197,Nocturno,,,176104,"POINT (  578116.050958808,   6137378.52915779)",FELIX BUXAREO 1387 EN 1389. UTE,1
2026-04-25,CH_106,48,,,,S,,55197,Nocturno,,,176105,"POINT (  578115.942026346,   6137375.37011640)",FELIX BUXAREO 1387 UTE,1
2026-04-25,CH_106,49,,,,S,,55197,Nocturno,,,176106,"POINT (  578129.286252925,   6137249.44419047)",FELIX BUXAREO 1341,1
2026-04-25,CH_106,50,,,,S,,55197,Nocturno,,,176107,"POINT (  578148.077102598,   6137188.98667413)",FELIX BUXAREO 1323 EN 1325. EDIFICIO,1
2026-04-25,CH_106,51,,,,S,,55197,Nocturno,,,176108,"POINT (  578168.270457718,   6137130.74184842)",FELIX BUXAREO 1295 EDIFICIO,1
2026-04-25,CH_106,52,,,,S,,55197,Nocturno,,,176109,"POINT (  578177.454825910,   6137082.83879831)",FELIX BUXAREO 1269 FTE EDIFICIO,1
2026-04-25,CH_106,53,,,,S,,55197,Nocturno,,,176110,"POINT (  578203.053954450,   6136963.66668502)",FELIX BUXAREO 1217 ARBOL/COLUMNA,1
2026-04-25,CH_106,54,,,,S,,55197,Nocturno,,,180046,"POINT (  578208.158591658,   6136937.87371045)",FELIX BUXAREO 1208,1
2026-04-25,CH_106,55,,,,S,,55197,Nocturno,,,176111,"POINT (  578208.565961834,   6136935.76607907)",FELIX BUXAREO 1204 ESQUINA/SALIDA DE GARAJE,1
2026-04-25,CH_106,56,,,,S,,55197,Nocturno,,,176502,"POINT (  578208.880448241,   6136932.35122293)",FELIX BUXAREO 1204 PROV A,1
2026-04-25,CH_106,57,,,,S,,55197,Nocturno,,,182256,"POINT (  578131.459613197,   6136953.22062617)",LA GACETA 1216 EN 1218,1
2026-04-25,CH_106,58,,,,S,,55197,Nocturno,,,176113,"POINT (  578103.497624704,   6137034.62712690)",LA GACETA 1256 EN 1256/1258,1
2026-04-25,CH_106,59,,,,S,,55197,Nocturno,,,176114,"POINT (  578090.883729488,   6137076.88225219)",LA GACETA 1270 EDIFICIO,1
2026-04-25,CH_106,60,,,,S,,55197,Nocturno,,,181872,"POINT (  577999.933166667,   6137273.50786678)",SAN LORENZO 3191,1
2026-04-25,CH_106,61,,,,S,,55197,Nocturno,,,183335,"POINT (  577991.438911010,   6137273.21373156)",SAN LORENZO 3189,1
2026-04-25,CH_106,62,,,,S,,55197,Nocturno,,,176116,"POINT (  577840.331095754,   6137257.82248326)",CIPRIANO PAYAN 3137 MURO CIEGO,1
2026-04-25,CH_106,63,,,,S,,55197,Nocturno,,,176117,"POINT (  577837.989047824,   6137255.80723271)",CIPRIANO PAYAN 3137 MURO CIEGO,1
2026-04-25,CH_106,64,,,,S,,55197,Nocturno,,,176118,"POINT (  577791.774450874,   6137304.14601267)",14 DE JULIO 1378 CASA BLANCA,1
2026-04-25,CH_106,65,,,,S,,55197,Nocturno,,,176119,"POINT (  577785.361052181,   6137360.02836561)",14 DE JULIO 1392 PDO 1394. MURO,1
2026-04-25,CH_104,1,,,,S,,55198,Nocturno,,,176011,"POINT (  577361.472700874,   6136025.08186934)",DR JOSE SCOSERIA 2738 EN 2738/2740. REJA,0
2026-04-25,CH_104,2,,,,S,,55198,Nocturno,,,176781,"POINT (  577363.981922807,   6136024.50387193)",DR JOSE SCOSERIA 2738 EN 2738/2740. REJA,0
2026-04-25,CH_104,3,,,,S,,55198,Nocturno,,,176012,"POINT (  577433.063992454,   6136004.45126058)",DR JOSE SCOSERIA 2780 EDIFICIO. COLUMNA/ARBOL,0
2026-04-25,CH_104,4,,,,S,,55198,Nocturno,,,176013,"POINT (  577522.206697453,   6135978.12414045)",DR JOSE SCOSERIA 2824,0
2026-04-25,CH_104,5,,,,S,,55198,Nocturno,,,176836,"POINT (  577576.774508173,   6135964.22672463)",DR JOSE SCOSERIA 2852,0
2026-04-25,CH_104,6,,,,S,,55198,Nocturno,,,176014,"POINT (  577579.479730718,   6135963.34400284)",DR JOSE SCOSERIA 2852,0
2026-04-25,CH_104,7,,,,S,,55198,Nocturno,,,176015,"POINT (  577630.440413541,   6135948.40990545)",DR JOSE SCOSERIA 2882 EDIFICIO,0
2026-04-25,CH_104,8,,,,S,,55198,Nocturno,,,176016,"POINT (  577669.315254672,   6136002.29582385)",JUAN BENITO BLANCO 870 VEREDA. ITAU,0
2026-04-25,CH_104,9,,,,S,,55198,Nocturno,,,176017,"POINT (  577334.991620946,   6136200.90392309)",JOSE ELLAURI 914 VEREDA. MURO CIEGO,0
2026-04-25,CH_104,10,,,,S,,55198,Nocturno,,,176018,"POINT (  577329.295109572,   6136338.38999489)",JOSE ELLAURI 988 PDO 990. ARBOL/COLUMNA,0
2026-04-25,CH_104,11,,,,S,,55198,Nocturno,,,181843,"POINT (  577436.567490899,   6136504.25052025)",JOSE ELLAURI 1091 PROV A,0
2026-04-25,CH_104,12,,,,S,,55198,Nocturno,,,181842,"POINT (  577437.932678612,   6136507.43595825)",JOSE ELLAURI 1091,0
2026-04-25,CH_104,13,,,,S,,55198,Nocturno,,,176020,"POINT (  577515.163038109,   6136595.96468484)",JOSE ELLAURI 1142,0
2026-04-25,CH_104,14,,,,S,,55198,Nocturno,,,176021,"POINT (  577573.975669047,   6136660.24288750)",JOSE ELLAURI 1185,0
2026-04-25,CH_104,15,,,,S,,55198,Nocturno,,,180118,"POINT (  577615.226348148,   6136708.39075185)",JOSE ELLAURI 1224,0
2026-04-25,CH_104,16,,,,S,,55198,Nocturno,,,176024,"POINT (  577430.138756862,   6136330.30710713)",LUIS B CAVIA 2966 MURO. FTE EDIFICIO LADRILLO,0
2026-04-25,CH_104,17,,,,S,,55198,Nocturno,,,176025,"POINT (  577431.562884706,   6136329.19089881)",LUIS B CAVIA 2966 MURO. FTE EDIFICIO LADRILLO,0
2026-04-25,CH_104,18,,,,S,,55198,Nocturno,,,176026,"POINT (  577521.937267850,   6136234.58262208)",LUIS B CAVIA 3052 REJA GRIS,0
2026-04-25,CH_104,19,,,,S,,55198,Nocturno,,,180820,"POINT (  577572.215796587,   6136178.98090410)",LUIS B CAVIA 3082 CASA ANTES DE EDIFICIO,0
2026-04-25,CH_104,20,,,,S,,55198,Nocturno,,,176027,"POINT (  577573.706239455,   6136178.07938765)",LUIS B CAVIA 3082 CASA ANTES DE EDIFICIO,0
2026-04-25,CH_104,21,,,,S,,55198,Nocturno,,,182861,"POINT (  577602.482208419,   6136127.00267247)",ROQUE GRASERAS 945 VEREDA,0
2026-04-25,CH_104,22,,,,S,,55198,Nocturno,,,182862,"POINT (  577602.027145848,   6136125.18242219)",ROQUE GRASERAS 945 VEREDA,0
2026-04-25,CH_104,23,,,,S,,55198,Nocturno,,,176031,"POINT (  577434.757549868,   6136163.10680032)",PEDRO F BERRO 914,0
2026-04-25,CH_104,24,,,,S,,55198,Nocturno,,,176032,"POINT (  577457.582085305,   6136234.73658185)",PEDRO F BERRO 968 REJA,0
2026-04-25,CH_104,25,,,,S,,55198,Nocturno,,,176033,"POINT (  577698.375160666,   6136101.33044387)",JUAN BENITO BLANCO 920 VEREDA,0
2026-04-25,CH_104,26,,,,S,,55198,Nocturno,,,176034,"POINT (  577749.027923962,   6136198.94093605)",JUAN BENITO BLANCO 972 VEREDA. KIOSCO,0
2026-04-25,CH_104,27,,,,S,,55198,Nocturno,,,176035,"POINT (  577843.097341511,   6136301.40116090)",JUAN BENITO BLANCO 1030 VEREDA,0
2026-04-25,CH_104,28,,,,S,,55198,Nocturno,,,176036,"POINT (  577750.990910989,   6136372.26114359)",ALEJANDRO CHUCARRO 1061 FTE 1070,0
2026-04-25,CH_104,29,,,,S,,55198,Nocturno,,,176037,"POINT (  577659.885218953,   6136267.95340155)",ALEJANDRO CHUCARRO 1017 BROU,0
2026-04-25,CH_104,30,,,,S,,55198,Nocturno,,,176038,"POINT (  577658.076191692,   6136264.02742749)",ALEJANDRO CHUCARRO 1017 BROU,0
2026-04-25,CH_104,31,,,,S,,55198,Nocturno,,,181652,"POINT (  577634.945703982,   6136422.40406906)",PEDRO F BERRO 1086 EN 1088. PROV OV(O:PEDRO F BERRO 1076),0
2026-04-25,CH_104,32,,,,S,,55198,Nocturno,,,176040,"POINT (  577640.948167629,   6136426.16630696)",PEDRO F BERRO 1096 EDIFICIO,0
2026-04-25,CH_104,33,,,,S,,55198,Nocturno,,,176041,"POINT (  577669.892603797,   6136449.60668146)",PEDRO F BERRO 1102 ANTES DE 1104. SUB ESTACION,0
2026-04-25,CH_104,34,,,,S,,55198,Nocturno,,,176042,"POINT (  577708.536505277,   6136483.16991064)",PEDRO F BERRO 1133,0
2026-04-25,CH_104,35,,,,S,,55198,Nocturno,,,176043,"POINT (  577633.866018352,   6136573.15939437)",26 DE MARZO 1133 VEREDA. EDIFICIO,0
2026-04-25,CH_104,36,,,,S,,55198,Nocturno,,,176044,"POINT (  577525.709282137,   6136487.88492850)",26 DE MARZO 1065 VEREDA,0
2026-04-25,CH_104,37,,,,S,,55198,Nocturno,,,180131,"POINT (  577304.555297616,   6136937.80328854)",BARTOLITO MITRE 2778,0
2026-04-25,CH_104,38,,,,S,,55198,Nocturno,,,179593,"POINT (  577406.994863366,   6136945.84714060)",BARTOLITO MITRE 2812 EN 2812/2808,0
2026-04-25,CH_104,39,,,,S,,55198,Nocturno,,,176048,"POINT (  577497.111255443,   6136939.07685524)",GUAYAQUI 3024 VEREDA. ANTES DE 3024,0
2026-04-25,CH_104,40,,,,S,,55198,Nocturno,,,176049,"POINT (  577504.090764874,   6136903.35818933)",LIBERTAD 2893 VEREDA. FTE 2886. COLEGIO/NICHO UTE,0
2026-04-25,CH_104,41,,,,S,,55198,Nocturno,,,176050,"POINT (  577392.315974136,   6136841.46636305)",LIBERTAD 2831 EN 2831,0
2026-04-25,CH_104,42,,,,S,,55198,Nocturno,,,176051,"POINT (  577377.638476362,   6136801.64210336)",JOSE MARTI 3062,0
2026-04-25,CH_104,43,,,,S,,55198,Nocturno,,,176052,"POINT (  577479.457202177,   6136784.29596963)",DR MARCELINO IZCUA BARBAT Esq. RAMON MASINI FTE A EDIFICIO. MURO Y CERCO VEGETAL,0
2026-04-25,CH_104,44,,,,S,,55198,Nocturno,,,176053,"POINT (  577548.328537885,   6136837.56604896)",DR MARCELINO IZCUA BARBAT 1234 PDO 1234. MURO BAJO CON CAÑAS,0
2026-04-25,CH_104,45,,,,S,,55198,Nocturno,,,176054,"POINT (  577583.149105156,   6136786.04084698)",SANTIAGO VAZQUEZ 1233 ANTES DE PELUQUERIA,0
2026-04-25,CH_104,46,,,,S,,55198,Nocturno,,,176055,"POINT (  577499.138392374,   6136642.96090365)",JOSE MARTI 3188 EDIFICIO,0
2026-04-25,CH_104,47,,,,S,,55198,Nocturno,,,176056,"POINT (  577576.426195336,   6136539.49994032)",JOSE MARTI 3244 FTE 3249. EDIFICIO,0
2026-04-25,CH_104,48,,,,S,,55198,Nocturno,,,176057,"POINT (  577613.941058527,   6136489.77093562)",JOSE MARTI 3254 FTE 3263/3269,0
2026-04-25,CH_104,49,,,,S,,55198,Nocturno,,,176058,"POINT (  577667.673017161,   6136416.17816706)",JOSE MARTI 3310 EN 3312/3314. EDIFICIO IBIZA,0
2026-04-25,CH_104,50,,,,S,,55198,Nocturno,,,176059,"POINT (  577703.040458825,   6136369.36766473)",JOSE MARTI 3336 EN 3336/3338. EDIFICIO,0
2026-04-25,CH_104,51,,,,S,,55198,Nocturno,,,176060,"POINT (  577784.785079817,   6136263.70667795)",JOSE MARTI 3392 EDIFICIO. FALSO REBAJE,0
2026-04-25,CH_104,52,,,,S,,55198,Nocturno,,,176061,"POINT (  577815.705332996,   6136223.67713857)",JOSE MARTI 3424 EDIFICIO,0
2026-04-25,CH_107,1,,,,S,,55198,Nocturno,,,175949,"POINT (  577872.392473707,   6136323.37659568)",RAMON MASINI 3409,1
2026-04-25,CH_107,2,,,,S,,55198,Nocturno,,,175950,"POINT (  577833.191673678,   6136367.16136023)",RAMON MASINI 3377 EDIFICIO,1
2026-04-25,CH_107,3,,,,S,,55198,Nocturno,,,175951,"POINT (  577829.872251094,   6136369.69044410)",RAMON MASINI 3377,1
2026-04-25,CH_107,4,,,,S,,55198,Nocturno,,,175952,"POINT (  577773.600134923,   6136445.28634174)",RAMON MASINI 3337,1
2026-04-25,CH_107,5,,,,S,,55198,Nocturno,,,175953,"POINT (  577766.882255885,   6136454.29620304)",RAMON MASINI 3325 EDIFICIO LEBLON,1
2026-04-25,CH_107,6,,,,S,,55198,Nocturno,,,175954,"POINT (  577716.537680040,   6136515.42890228)",RAMON MASINI 3285 EN 3279/3281. PDO REBAJE,1
2026-04-25,CH_107,7,,,,S,,55198,Nocturno,,,175955,"POINT (  577670.302865489,   6136575.77126281)",RAMON MASINI 3251 FTE 3260,1
2026-04-25,CH_107,8,,,,S,,55198,Nocturno,,,175956,"POINT (  577631.615785621,   6136623.31013623)",RAMON MASINI 3234 FTE 3234. MURO,1
2026-04-25,CH_107,9,,,,S,,55198,Nocturno,,,175957,"POINT (  577640.349028370,   6136693.29462903)",MONS DOMINGO TAMBURINI 1216 FTE 1223. MURO REJAS,1
2026-04-25,CH_107,10,,,,S,,55198,Nocturno,,,175959,"POINT (  577743.468471594,   6136631.90506971)",GUAYAQUI 3251 VEREDA. EN 3256. ARBOL/COLUMNA,1
2026-04-25,CH_107,11,,,,S,,55198,Nocturno,,,182992,"POINT (  577745.369683498,   6136629.43326968)",GUAYAQUI 3251,1
2026-04-25,CH_107,12,,,,S,,55198,Nocturno,,,175961,"POINT (  577808.710932127,   6136547.99085714)",GUAYAQUI 3306 VEREDA. EN 3306,1
2026-04-25,CH_107,13,,,,S,,55198,Nocturno,,,182994,"POINT (  577811.070301551,   6136543.65531270)",GUAYAQUI 3310,1
2026-04-25,CH_107,14,,,,S,,55198,Nocturno,,,180502,"POINT (  577844.358757081,   6136501.32429848)",GUAYAQUI 3338 VEREDA,1
2026-04-25,CH_107,15,,,,S,,55198,Nocturno,,,180503,"POINT (  577846.319541394,   6136498.92778432)",GUAYAQUI 3338 VEREDA,1
2026-04-25,CH_107,16,,,,S,,55198,Nocturno,,,182993,"POINT (  577911.792135684,   6136414.49831425)",GUAYAQUI 3382,1
2026-04-25,CH_107,17,,,,S,,55198,Nocturno,,,175964,"POINT (  577914.306590414,   6136412.50573464)",GUAYAQUI 3382 VEREDA. FTE 3395. ARBOL/ARBOL,1
2026-04-25,CH_107,18,,,,S,,55198,Nocturno,,,180501,"POINT (  577915.896200872,   6136411.30075229)",GUAYAQUI 3382 VEREDA. FTE 3395,1
2026-04-25,CH_107,19,,,,S,,55198,Nocturno,,,176353,"POINT (  577996.981264924,   6136496.03942876)",GABRIEL A PEREIRA 3285,1
2026-04-25,CH_107,20,,,,S,,55198,Nocturno,,,175967,"POINT (  577992.061744444,   6136502.01176863)",GABRIEL A PEREIRA 3285 EN 3285. EDIFICIO,1
2026-04-25,CH_107,21,,,,S,,55198,Nocturno,,,180613,"POINT (  577916.723978840,   6136596.78929966)",GABRIEL A PEREIRA 3221,1
2026-04-25,CH_107,22,,,,S,,55198,Nocturno,,,175969,"POINT (  577914.398976159,   6136599.20480557)",GABRIEL A PEREIRA 3221 EN 3221/3227. EDIFICIO,1
2026-04-25,CH_107,23,,,,S,,55198,Nocturno,,,177410,"POINT (  577912.721127684,   6136601.10454746)",GABRIEL A PEREIRA 3215 EN 3221/3227. EDIFICIO,1
2026-04-25,CH_107,24,,,,S,,55198,Nocturno,,,175970,"POINT (  577879.992379067,   6136641.94496394)",GABRIEL A PEREIRA 3185 FTE 3195,1
2026-04-25,CH_107,25,,,,S,,55198,Nocturno,,,175971,"POINT (  577859.668020473,   6136668.02354876)",GABRIEL A PEREIRA 3181 EDIFICIO,1
2026-04-25,CH_107,26,,,,S,,55198,Nocturno,,,182147,"POINT (  577796.267473265,   6136749.52801798)",GABRIEL A PEREIRA 3129 EN 3129,1
2026-04-25,CH_107,27,,,,S,,55198,Nocturno,,,183556,"POINT (  577784.264064924,   6136766.09871700)",GABRIEL A PEREIRA 3119,1
2026-04-25,CH_107,28,,,,S,,55198,Nocturno,,,182148,"POINT (  577782.615596132,   6136768.18558339)",GABRIEL A PEREIRA 3119 EN 3119,1
2026-04-25,CH_107,29,,,,S,,55198,Nocturno,,,175974,"POINT (  577698.280855834,   6136899.67182474)",JOSE ELLAURI 1312 EDIFICIO,1
2026-04-25,CH_107,30,,,,S,,55198,Nocturno,,,177151,"POINT (  577701.455959913,   6136919.15943116)",JOSE ELLAURI 1316 EN 1320,1
2026-04-25,CH_107,31,,,,S,,55198,Nocturno,,,177411,"POINT (  577701.823962712,   6136923.03607514)",JOSE ELLAURI 1316 EN 1320,1
2026-04-25,CH_107,32,,,,S,,55198,Nocturno,,,176473,"POINT (  577775.091899319,   6136923.39144847)",MIGUEL BARREIRO 3110,1
2026-04-25,CH_107,33,,,,S,,55198,Nocturno,,,176474,"POINT (  577861.130491827,   6136811.70018854)",MIGUEL BARREIRO 3176,1
2026-04-25,CH_107,34,,,,S,,55198,Nocturno,,,183334,"POINT (  577918.043870337,   6136738.19281211)",MIGUEL BARREIRO 3214,1
2026-04-25,CH_107,35,,,,S,,55198,Nocturno,,,183094,"POINT (  577919.165780887,   6136737.12428840)",MIGUEL BARREIRO 3214 VEREDA,1
2026-04-25,CH_107,36,,,,S,,55198,Nocturno,,,183382,"POINT (  577920.175904427,   6136735.87294143)",MIGUEL BARREIRO 3214,1
2026-04-25,CH_107,37,,,,S,,55198,Nocturno,,,183095,"POINT (  577936.003096018,   6136715.96387884)",MIGUEL BARREIRO 3236 VEREDA,1
2026-04-25,CH_107,38,,,,S,,55198,Nocturno,,,175979,"POINT (  577991.516275801,   6136641.10263646)",MIGUEL BARREIRO 3278 VEREDA,1
2026-04-25,CH_107,39,,,,S,,55198,Nocturno,,,175980,"POINT (  578040.797249238,   6136582.24451787)",MIGUEL BARREIRO 3316 VEREDA. EN 3318/3316,1
2026-04-25,CH_107,40,,,,S,,55198,Nocturno,,,176516,"POINT (  578042.649101089,   6136578.97654401)",MIGUEL BARREIRO 3316 VEREDA. EN 3318/3316. OS 4731736,1
2026-04-25,CH_107,41,,,,S,,55198,Nocturno,,,181962,"POINT (  578068.471624837,   6136540.17617168)",MIGUEL BARREIRO 3336,1
2026-04-25,CH_107,42,,,,S,,55198,Nocturno,,,181963,"POINT (  578070.432409150,   6136537.34392767)",MIGUEL BARREIRO 3336,1
2026-04-25,CH_107,43,,,,S,,55198,Nocturno,,,176445,"POINT (  578266.411691285,   6136662.93110131)",PLAZA RUB?N DAR?O VEREDA. FTE 1289. PLAZA RUBEN DARIO,1
2026-04-25,CH_107,44,,,,S,,55198,Nocturno,,,176446,"POINT (  578270.115394989,   6136665.54548039)",PLAZA RUB?N DAR?O VEREDA. FTE 1289. PLAZA RUBEN DARIO,1
2026-04-25,CH_107,45,,,,S,,55198,Nocturno,,,178774,"POINT (  578163.436338252,   6136610.01053496)",MANUEL V PAGOLA 3347,1
2026-04-25,CH_107,46,,,,S,,55198,Nocturno,,,175986,"POINT (  578159.804102157,   6136614.09680057)",MANUEL V PAGOLA 3347,1
2026-04-25,CH_107,47,,,,S,,55198,Nocturno,,,175987,"POINT (  578131.541321871,   6136655.56783302)",MANUEL V PAGOLA 3315 EN 3319/3315,1
2026-04-25,CH_107,48,,,,S,,55198,Nocturno,,,175988,"POINT (  578080.959644414,   6136716.26584596)",MANUEL V PAGOLA 3281,1
2026-04-25,CH_107,49,,,,S,,55198,Nocturno,,,175989,"POINT (  578072.898189569,   6136723.69502984)",MANUEL V PAGOLA 3269,1
2026-04-25,CH_107,50,,,,S,,55198,Nocturno,,,175990,"POINT (  578016.072836302,   6136795.81343715)",MANUEL V PAGOLA 3225,1
2026-04-25,CH_107,51,,,,S,,55198,Nocturno,,,175991,"POINT (  577992.204607251,   6136829.36331540)",MANUEL V PAGOLA 3201 FTE 3208/3210,1
2026-04-25,CH_107,52,,,,S,,55198,Nocturno,,,179078,"POINT (  577942.907109234,   6136897.19560864)",MANUEL V PAGOLA 3167 EN 3163/3161,1
2026-04-25,CH_107,53,,,,S,,55198,Nocturno,,,175992,"POINT (  577942.023022790,   6136898.17792692)",MANUEL V PAGOLA 3159 EN 3163/3161,1
2026-04-25,CH_107,54,,,,S,,55198,Nocturno,,,175993,"POINT (  577869.160732917,   6136990.06381306)",MANUEL V PAGOLA 3107 FTE 3108. MURO Y CERCO VEGETAL,1
2026-04-25,CH_107,55,,,,S,,55198,Nocturno,,,180049,"POINT (  577868.015524709,   6136991.19702809)",MANUEL V PAGOLA 3107 FTE 3108. MURO Y CERCO VEGETAL,1
2026-04-25,CH_107,56,,,,S,,55198,Nocturno,,,175995,"POINT (  577904.793145894,   6137086.93470108)",LORENZO JUSTINIANO PEREZ 3072 EN 3070/3074,1
2026-04-25,CH_107,57,,,,S,,55198,Nocturno,,,176483,"POINT (  577917.275772767,   6137071.37997190)",LORENZO JUSTINIANO PEREZ 3086 EN 3088. OS 4691496,1
2026-04-25,CH_107,58,,,,S,,55198,Nocturno,,,183093,"POINT (  577982.578490785,   6136989.99602207)",LORENZO JUSTINIANO PEREZ 3146,1
2026-04-25,CH_107,59,,,,S,,55198,Nocturno,,,179046,"POINT (  577984.354220825,   6136987.05157702)",LORENZO JUSTINIANO PEREZ 3146 PDO 3146. ESQ,1
2026-04-25,CH_107,60,,,,S,,55198,Nocturno,,,182115,"POINT (  578068.890683276,   6136881.02346246)",LORENZO JUSTINIANO PEREZ 3209,1
2026-04-25,CH_107,61,,,,S,,55198,Nocturno,,,180631,"POINT (  578102.384244938,   6136836.71699340)",LORENZO JUSTINIANO PEREZ 3242,1
2026-04-25,CH_107,62,,,,S,,55198,Nocturno,,,178771,"POINT (  578150.719759024,   6136806.59089183)",ECHEVARRIARZA 3216,1
2026-04-25,CH_107,63,,,,S,,55198,Nocturno,,,182990,"POINT (  578201.583643018,   6136791.94888265)",ECHEVARRIARZA 3238,1
2026-04-25,CH_107,64,,,,S,,55198,Nocturno,,,176002,"POINT (  578206.030745317,   6136790.63671860)",ECHEVARRIARZA 3238 FTE ABITAB,1
2026-04-25,CH_107,65,,,,S,,55198,Nocturno,,,176003,"POINT (  578297.417245870,   6136775.72178699)",ECHEVARRIARZA 3270 EN 3274 BIS,1
2026-04-25,CH_107,66,,,,S,,55198,Nocturno,,,176191,"POINT (  578343.462940070,   6136767.98892232)",ECHEVARRIARZA 3298 MURO VEGETAL,1
2026-04-25,CH_107,67,,,,S,,55198,Nocturno,,,176005,"POINT (  578346.913519378,   6136767.26111286)",ECHEVARRIARZA 3298 EDIFICIO,1
2026-04-25,CH_107,68,,,,S,,55198,Nocturno,,,176006,"POINT (  578454.829371313,   6136748.66973308)",ECHEVARRIARZA 3324 EN 3324/3328,1
2026-04-25,CH_107,69,,,,S,,55198,Nocturno,,,176007,"POINT (  578526.829227820,   6136738.15822823)",ECHEVARRIARZA Esq. BASILIO PEREIRA DE LA LUZ,1
2026-04-25,CH_105,1,,,,S,,55199,Nocturno,,,175453,"POINT (  576978.808062446,   6137033.84863734)",PTE GRAL OSCAR DIEGO GESTIDO 2599 EDIFICIO,0
2026-04-25,CH_105,2,,,,S,,55199,Nocturno,,,175454,"POINT (  576970.946867423,   6137033.18351503)",PTE GRAL OSCAR DIEGO GESTIDO 2587 MURO CASA,0
2026-04-25,CH_105,3,,,,S,,55199,Nocturno,,,175483,"POINT (  576840.545708590,   6137021.75919012)",PTE GRAL OSCAR DIEGO GESTIDO 2531 EN 2527/2529. OFICINA,0
2026-04-25,CH_105,4,,,,S,,55199,Nocturno,,,175484,"POINT (  576777.234011578,   6137015.38705670)",PTE GRAL OSCAR DIEGO GESTIDO 2501 FTE A EDIFICIO,0
2026-04-25,CH_105,5,,,,S,,55199,Nocturno,,,175485,"POINT (  576714.878134580,   6137011.38171570)",PTE GRAL OSCAR DIEGO GESTIDO 2481 ARBOL/ARBOL,0
2026-04-25,CH_105,6,,,,S,,55199,Nocturno,,,175486,"POINT (  576489.213581178,   6137106.87268646)",CHARRUA 2370 FTE 2371. MURO CIEGO,0
2026-04-25,CH_105,7,,,,S,,55199,Nocturno,,,176368,"POINT (  576552.184997386,   6137111.43061939)",CHARRUA 2392,0
2026-04-25,CH_105,8,,,,S,,55199,Nocturno,,,175495,"POINT (  576596.492998760,   6137115.79367325)",CHARRUA 2414 EN 2414/2424. COLUMNA/ARBOL,0
2026-04-25,CH_105,9,,,,S,,55199,Nocturno,,,175496,"POINT (  576701.587684884,   6137123.53126382)",CHARRUA 2464,0
2026-04-25,CH_105,10,,,,S,,55199,Nocturno,,,183068,"POINT (  576891.537774894,   6137140.16337447)",CHARRUA 2544,0
2026-04-25,CH_105,11,,,,S,,55199,Nocturno,,,180187,"POINT (  576898.198680952,   6137140.05383810)",CHARRUA 2544 ESQUINA BRITO DEL PINO,0
2026-04-25,CH_105,12,,,,S,,55199,Nocturno,,,175501,"POINT (  577074.688891419,   6137154.01716019)",CHARRUA 2644 MURO DE PIEDRA,0
2026-04-25,CH_105,13,,,,S,,55199,Nocturno,,,183338,"POINT (  577077.079957208,   6137154.10098876)",CHARRUA 2644,0
2026-04-25,CH_105,14,,,,S,,55199,Nocturno,,,175887,"POINT (  577088.979479909,   6137248.46039637)",CNEL ALEGRE 1344,0
2026-04-25,CH_105,15,,,,S,,55199,Nocturno,,,175888,"POINT (  577031.544746651,   6137277.34802407)",SILVESTRE BLANCO 2593 EN 2589,0
2026-04-25,CH_105,16,,,,S,,55199,Nocturno,,,175514,"POINT (  576857.340831665,   6137260.48661703)",SILVESTRE BLANCO 2517 FTE 2520,0
2026-04-25,CH_105,17,,,,S,,55199,Nocturno,,,180262,"POINT (  576854.333218706,   6137260.35515029)",SILVESTRE BLANCO 2517,0
2026-04-25,CH_105,18,,,,S,,55199,Nocturno,,,183613,"POINT (  576650.561145970,   6137245.70034706)",SILVESTRE BLANCO 2435,0
2026-04-25,CH_105,19,,,,S,,55199,Nocturno,,,179023,"POINT (  576647.087990963,   6137245.64222711)",SILVESTRE BLANCO 2435 MURO GRAFFITI,0
2026-04-25,CH_105,20,,,,S,,55199,Nocturno,,,175633,"POINT (  576558.253391827,   6137236.73332293)",SILVESTRE BLANCO 2379 FTE 2396,0
2026-04-25,CH_105,21,,,,S,,55199,Nocturno,,,178772,"POINT (  576553.032052440,   6137236.50630817)",SILVESTRE BLANCO 2379 FTE 2396,0
2026-04-25,CH_105,22,,,,S,,55199,Nocturno,,,175518,"POINT (  576537.596279901,   6136742.65974651)",GRAL ARQ ALFREDO BALDOMIR 2400 FTE 2405. CASA ABANDONADA,0
2026-04-25,CH_105,23,,,,S,,55199,Nocturno,,,175524,"POINT (  576575.925952605,   6136747.00692375)",GRAL ARQ ALFREDO BALDOMIR 2406 VEREDA,0
2026-04-25,CH_105,24,,,,S,,55199,Nocturno,,,175526,"POINT (  576626.305480099,   6136750.03321517)",GRAL ARQ ALFREDO BALDOMIR 2438 MURO GRIS,0
2026-04-25,CH_105,25,,,,S,,55199,Nocturno,,,181971,"POINT (  576646.167493156,   6136752.70360658)",GRAL ARQ ALFREDO BALDOMIR 2442,0
2026-04-25,CH_105,26,,,,S,,55199,Nocturno,,,180033,"POINT (  576739.835513621,   6136760.00679932)",GRAL ARQ ALFREDO BALDOMIR 2480,0
2026-04-25,CH_105,27,,,,S,,55199,Nocturno,,,181974,"POINT (  576753.461874852,   6136760.42767857)",GRAL ARQ ALFREDO BALDOMIR 2482,0
2026-04-25,CH_105,28,,,,S,,55199,Nocturno,,,175535,"POINT (  576787.664649871,   6136667.09409705)",GRAL JOSE ESTEBAN BRITO DEL PINO 1123 EN 1123/1125,0
2026-04-25,CH_105,29,,,,S,,55199,Nocturno,,,181935,"POINT (  576828.049312854,   6136741.26543028)",EUFEMIO MASCULINO 2541 PROV OV(O: EL VIEJO PANCHO 2540),0
2026-04-25,CH_105,30,,,,S,,55199,Nocturno,,,181973,"POINT (  576796.014489583,   6136573.08382361)",GRAL JOSE ESTEBAN BRITO DEL PINO 1091,0
2026-04-25,CH_105,31,,,,S,,55199,Nocturno,,,175528,"POINT (  576796.363376696,   6136570.56132324)",GRAL JOSE ESTEBAN BRITO DEL PINO 1091 EN 1093/1099. LABORATORIO,0
2026-04-25,CH_105,32,,,,S,,55199,Nocturno,,,183122,"POINT (  576688.069433106,   6136447.27348157)",OBLIGADO 1057 EN 1051,0
2026-04-25,CH_105,33,,,,S,,55199,Nocturno,,,183124,"POINT (  576687.386839249,   6136452.50670114)",OBLIGADO 1057,0
2026-04-25,CH_105,34,,,,S,,55199,Nocturno,,,181972,"POINT (  576691.809736679,   6136552.43948577)",OBLIGADO 1094,0
2026-04-25,CH_105,35,,,,S,,55199,Nocturno,,,179011,"POINT (  576691.207398976,   6136556.29080603)",OBLIGADO 1094,0
2026-04-25,CH_105,36,,,,S,,55199,Nocturno,,,175519,"POINT (  576683.664827371,   6136673.09852795)",OBLIGADO 1118,0
2026-04-25,CH_105,37,,,,S,,55199,Nocturno,,,183336,"POINT (  576557.860727582,   6136620.07723644)",PRUDENCIO VAZQUEZ Y VEGA 1113,0
2026-04-25,CH_105,38,,,,S,,55199,Nocturno,,,183125,"POINT (  576567.705383049,   6136485.95380012)",PRUDENCIO VAZQUEZ Y VEGA 1053,0
2026-04-25,CH_105,39,,,,S,,55199,Nocturno,,,180542,"POINT (  576565.640464924,   6136481.62363922)",PRUDENCIO VAZQUEZ Y VEGA 1053 VEREDA.ESQ,0
2026-04-25,CH_105,40,,,,S,,55199,Nocturno,,,175546,"POINT (  576458.399764588,   6136869.69277767)",MALDONADO 2361 MURO CIEGO,0
2026-04-25,CH_105,41,,,,S,,55199,Nocturno,,,181970,"POINT (  576460.228014929,   6136869.54775000)",MALDONADO 2366,0
2026-04-25,CH_105,42,,,,S,,55199,Nocturno,,,175610,"POINT (  576552.183186491,   6136941.83530098)",FRANCISCO ARAUCHO 1228,0
2026-04-25,CH_105,43,,,,S,,55199,Nocturno,,,176573,"POINT (  576552.722153672,   6136944.91521074)",FRANCISCO ARAUCHO 1228,0
2026-04-25,CH_105,44,,,,S,,55199,Nocturno,,,175561,"POINT (  577069.396328700,   6136747.80296847)",LUIS B CAVIA 2716 FTE 2717,0
2026-04-25,CH_105,45,,,,S,,55199,Nocturno,,,175545,"POINT (  577082.420623483,   6136736.60693178)",LUIS B CAVIA 2724 MURO EDIFICIO,0
2026-04-25,CH_105,46,,,,S,,55199,Nocturno,,,175543,"POINT (  577110.749220581,   6136713.51296676)",LUIS B CAVIA 2742 FTE 2670,0
2026-04-25,CH_105,47,,,,S,,55199,Nocturno,,,175540,"POINT (  577090.580491125,   6136672.25174924)",LIBERTAD 2667 VEREDA. FTE 2670/2680,0
2026-04-25,CH_105,48,,,,S,,55199,Nocturno,,,176140,"POINT (  576956.176151198,   6136635.87382811)",EUFEMIO MASCULINO 2657 EN 2655,0
2026-04-25,CH_105,49,,,,S,,55199,Nocturno,,,175533,"POINT (  576968.259456372,   6136613.74703784)",EUFEMIO MASCULINO 2687,0
2026-04-25,CH_105,50,,,,S,,55199,Nocturno,,,175608,"POINT (  576727.389401153,   6136845.91836624)",SIMON BOLIVAR 1182 EDIFICIO,0
2026-04-25,CH_105,51,,,,S,,55199,Nocturno,,,175609,"POINT (  576743.555176672,   6136893.03005489)",SIMON BOLIVAR 1194 MURO GRIS,0
2026-04-25,CH_105,52,,,,S,,55199,Nocturno,,,175611,"POINT (  576750.329406412,   6136917.20173829)",SIMON BOLIVAR 1206 LOCAL,0
2026-04-25,CH_105,53,,,,S,,55199,Nocturno,,,175616,"POINT (  577018.835239779,   6136870.09004963)",BALTASAR VARGAS 1178 ANTES DE 1178. MURO BAJO CON REJAS,0
2026-04-25,CH_105,54,,,,S,,55199,Nocturno,,,175618,"POINT (  577018.527320245,   6136872.01454672)",BALTASAR VARGAS 1178 ANTES DE 1178. MURO BAJO CON REJAS,0
2026-04-25,CH_105,55,,,,S,,55199,Nocturno,,,175622,"POINT (  577035.154975064,   6136915.35422109)",BARTOLITO MITRE 2608,0
2026-04-25,CH_105,56,,,,S,,55199,Nocturno,,,175628,"POINT (  577134.256952493,   6136922.91268337)",BARTOLITO MITRE 2651 FTE 2651,0
2026-04-25,CH_105,57,,,,S,,55199,Nocturno,,,180043,"POINT (  577235.300844456,   6136931.64439187)",BARTOLITO MITRE Esq. AV DR FRANCISCO SOCA,0
2026-04-25,CH_105,58,,,,S,,55199,Nocturno,,,175630,"POINT (  577237.409996264,   6136931.53443032)",BARTOLITO MITRE Esq. AV DR FRANCISCO SOCA,0
2026-04-25,CH_105,59,,,,S,,55199,Nocturno,,,175623,"POINT (  577251.285620248,   6136768.62575204)",LIBERTAD 2757 FTE A IGLESIA,0
2026-04-25,CH_105,60,,,,S,,55199,Nocturno,,,175625,"POINT (  577131.716616340,   6136863.48421338)",CNEL ALEGRE 1176 EN 1176/1180 ,0
2026-04-25,CH_105,61,,,,S,,55199,Nocturno,,,175631,"POINT (  577120.455586446,   6136976.22898800)",CNEL ALEGRE 1222 PDO 1222,0
2026-04-25,CH_105,62,,,,S,,55199,Nocturno,,,181969,"POINT (  577117.546540491,   6136991.44764963)",CNEL ALEGRE 1230,0
2026-04-25,CH_105,63,,,,S,,55199,Nocturno,,,175615,"POINT (  576876.730374987,   6136991.87222520)",GRAL JOSE ESTEBAN BRITO DEL PINO 1239,0
2026-04-25,CH_105,64,,,,S,,55199,Nocturno,,,175614,"POINT (  576867.492788977,   6136945.37637562)",GRAL JOSE ESTEBAN BRITO DEL PINO 1221 PDO REBAJE,0
2026-04-25,CH_122,1,,,,S,,55199,Nocturno,,,180045,"POINT (  577307.695318268,   6136150.63316822)",BV ESPAÑA Esq. JOSE ELLAURI VEREDA. EN 2698,1
2026-04-25,CH_122,2,,,,S,,55199,Nocturno,,,177239,"POINT (  577309.866145530,   6136150.65433355)",BV ESPAÑA Esq. JOSE ELLAURI VEREDA. AV SARMIENTO 2698. EL QUIJOTE,1
2026-04-25,CH_122,3,,,,S,,55199,Nocturno,,,177240,"POINT (  577448.061525296,   6136108.32407209)",BV ESPAÑA 2812 VEREDA,1
2026-04-25,CH_122,4,,,,S,,55199,Nocturno,,,177242,"POINT (  577453.775975417,   6136106.30720734)",BV ESPAÑA 2818 VEREDA. EN 2820,1
2026-04-25,CH_122,5,,,,S,,55199,Nocturno,,,177243,"POINT (  577524.618349699,   6136082.86115464)",BV ESPAÑA 2866 VEREDA. EN 2868,1
2026-04-25,CH_122,6,,,,S,,55199,Nocturno,,,177244,"POINT (  577526.601762740,   6136082.10497255)",BV ESPAÑA 2866 VEREDA. EN 2868,1
2026-04-25,CH_122,7,,,,S,,55199,Nocturno,,,181099,"POINT (  577564.738239591,   6135991.31535620)",ROQUE GRASERAS 853,1
2026-04-25,CH_122,8,,,,S,,55199,Nocturno,,,181100,"POINT (  577564.055645734,   6135988.81251206)",ROQUE GRASERAS 853,1
2026-04-25,CH_122,9,,,,S,,55199,Nocturno,,,177202,"POINT (  577736.522205297,   6136118.20530880)","PLAZA JOAQUÍN DA SILVA XAVIER, TIRADENTES EN 3139. INMOB. PARK",1
2026-04-25,CH_122,10,,,,S,,55199,Nocturno,,,177203,"POINT (  577688.722875326,   6136191.93200577)",AV BRASIL 3091 PDO 3099. FTE ABITAB,1
2026-04-25,CH_122,11,,,,S,,55199,Nocturno,,,177204,"POINT (  577616.637803838,   6136301.18676364)",AV BRASIL 3029 EN 3033/3031. EDIFICIO,1
2026-04-25,CH_122,12,,,,S,,55199,Nocturno,,,177205,"POINT (  577554.399194119,   6136392.59920588)",AV BRASIL 2995,1
2026-04-25,CH_122,13,,,,S,,55199,Nocturno,,,177206,"POINT (  577489.659360730,   6136492.87295075)",AV BRASIL 2939 EN 2939/2941. EDIFICIO,1
2026-04-25,CH_122,14,,,,S,,55199,Nocturno,,,177207,"POINT (  577438.210287571,   6136567.62403107)",AV BRASIL 2887 EDIFICIO. BETTER LIFE,1
2026-04-25,CH_122,15,,,,S,,55199,Nocturno,,,177208,"POINT (  577382.617450686,   6136650.33356082)",AV BRASIL 2835,1
2026-04-25,CH_122,16,,,,S,,55199,Nocturno,,,180040,"POINT (  577381.561484477,   6136651.70631690)",AV BRASIL 2835,1
2026-04-25,CH_122,17,,,,S,,55199,Nocturno,,,177209,"POINT (  577329.380363375,   6136751.12208235)",AV DR FRANCISCO SOCA 1126 EN 1128. EDIFICIO/REBAJE,1
2026-04-25,CH_122,18,,,,S,,55199,Nocturno,,,177210,"POINT (  577303.458017648,   6136823.42273529)",AV DR FRANCISCO SOCA 1158,1
2026-04-25,CH_122,19,,,,S,,55199,Nocturno,,,177216,"POINT (  577071.093974675,   6137529.21460243)",AV DR FRANCISCO SOCA 1480 PDO REBAJE,1
2026-04-25,CH_122,20,,,,S,,55199,Nocturno,,,177217,"POINT (  576999.435172859,   6137747.19475211)",AV DR FRANCISCO SOCA 1562 VEREDA. FTE 1553. MEDPOINT,1
2026-04-25,CH_122,21,,,,S,,55199,Nocturno,,,177778,"POINT (  576622.637154617,   6137447.27474519)",AV ING LUIS P PONCE 1367 VEREDA. EN 1367/1369,1
2026-04-25,CH_122,22,,,,S,,55199,Nocturno,,,177218,"POINT (  576620.672518075,   6137443.34547210)",AV ING LUIS P PONCE 1363 VEREDA. EN 1367/1369,1
2026-04-25,CH_122,23,,,,S,,55199,Nocturno,,,182998,"POINT (  576617.619988293,   6137439.22028956)",AV ING LUIS P PONCE 1363,1
2026-04-25,CH_122,24,,,,S,,55199,Nocturno,,,177219,"POINT (  576540.430370570,   6137321.35617012)",AV ING LUIS P PONCE 1325 PDO REBAJE,1
2026-04-25,CH_122,25,,,,S,,55199,Nocturno,,,177220,"POINT (  576467.480418375,   6137195.05053678)",AV ING LUIS P PONCE 1282 FTE 1296. ANTES OBRA,1
2026-04-25,CH_122,26,,,,S,,55199,Nocturno,,,177221,"POINT (  576665.917174124,   6136956.56276177)",AV BRASIL 2452 EDIFICIO,1
2026-04-25,CH_122,27,,,,S,,55199,Nocturno,,,177222,"POINT (  576670.266038738,   6136955.28121231)",AV BRASIL 2452 EN 2454,1
2026-04-25,CH_122,28,,,,S,,55199,Nocturno,,,177223,"POINT (  576802.034535623,   6136904.60748551)",AV BRASIL 2524 EDIFICIO,1
2026-04-25,CH_122,29,,,,S,,55199,Nocturno,,,179040,"POINT (  576879.561718048,   6136876.61763610)",AV BRASIL 2560 EN 2564,1
2026-04-25,CH_122,30,,,,S,,55199,Nocturno,,,177224,"POINT (  576887.450480817,   6136873.26916845)",AV BRASIL 2570 EN COLUMNA/CARTEL. ANTES REBAJE,1
2026-04-25,CH_122,31,,,,S,,55199,Nocturno,,,177225,"POINT (  577029.057873848,   6136814.77296818)",AV BRASIL 2652 EN 2666. ARBOL/ARBOL,1
2026-04-25,CH_122,32,,,,S,,55199,Nocturno,,,177226,"POINT (  577072.077754067,   6136797.68723037)",AV BRASIL 2666 EN 2670,1
2026-04-25,CH_122,33,,,,S,,55199,Nocturno,,,177227,"POINT (  577098.345581553,   6136787.25116797)",AV BRASIL 2686 EDIFICIO,1
2026-04-25,CH_122,34,,,,S,,55199,Nocturno,,,177228,"POINT (  577167.752135295,   6136760.77567647)",AV BRASIL 2728 EN 2722,1
