dia_viaje,circuito,posicion,levantado,porcentaje_llenado,motivo_no_levante,contenedor_activo,condiciones_contenedor,id_viaje,turno,fecha_pasaje,numero_caja,contenedor_gid,the_geom,ubicacion,prioridad
2026-07-19,B_05,1,S,75,,S,,65891,Matutino,2026-07-19 03:12:46,,178078,"POINT (  574543.289270425,   6136380.57580249)",DR JAVIER BARRIOS AMORIN 973 EN 961/ 973 EN 961/ 973,0
2026-07-19,B_05,2,S,100,,S,,65891,Matutino,2026-07-19 03:12:44,,178079,"POINT (  574533.522677507,   6136509.62627427)",DR JAVIER BARRIOS AMORIN 1043 FTE 1050 FTE 1050,0
2026-07-19,B_05,3,S,75,,S,,65891,Matutino,2026-07-19 03:12:33,,178080,"POINT (  574543.955080196,   6136540.72877707)",DR JAVIER BARRIOS AMORIN 1058 ,0
2026-07-19,B_05,4,S,100,,S,,65891,Matutino,2026-07-19 03:12:41,,178081,"POINT (  574532.631330114,   6136705.78671268)",DR JAVIER BARRIOS AMORIN 1144 ,0
2026-07-19,B_05,5,S,100,,S,,65891,Matutino,2026-07-19 03:12:49,,178082,"POINT (  574532.429003416,   6136708.22440847)",DR JAVIER BARRIOS AMORIN 1146 EN 1144/1146 EN 1144/1146,0
2026-07-19,B_05,6,S,100,,S,,65891,Matutino,2026-07-19 03:20:00,,184067,"POINT (  574517.297011202,   6136878.72627911)",DR JAVIER BARRIOS AMORIN 1219 Dr Javier Barrios Amorid fte al 1225 Dr Javier Barrios Amorid fte al 1225,0
2026-07-19,B_05,7,S,75,,S,,65891,Matutino,2026-07-19 03:20:03,,184066,"POINT (  574517.063638973,   6136882.22686254)",DR JAVIER BARRIOS AMORIN 1223 Dr Javier Barrios amorin 1225 Dr Javier Barrios amorin 1225,0
2026-07-19,B_05,8,S,100,,S,,65891,Matutino,2026-07-19 03:20:05,,178084,"POINT (  574516.279871279,   6136885.29042985)",DR JAVIER BARRIOS AMORIN 1223 FTE 1225. MURO FTE 1225. MURO,0
2026-07-19,B_05,9,S,100,,S,,65891,Matutino,2026-07-19 03:20:08,,178085,"POINT (  574500.223850888,   6136949.24213544)",DR JAVIER BARRIOS AMORIN 1251 FTE 1251. ARBOL/ARBOL FTE 1251. ARBOL/ARBOL,0
2026-07-19,B_05,10,S,75,,S,,65891,Matutino,2026-07-19 02:35:43,,179497,"POINT (  574491.974214676,   6137134.00837565)",CONSTITUYENTE 1459 EN 1459. VEREDA EN 1459. VEREDA,0
2026-07-19,B_05,11,S,100,,S,,65891,Matutino,2026-07-19 02:35:40,,178086,"POINT (  574491.803566212,   6137135.77174311)",CONSTITUYENTE 1459 EN 1459. VEREDA EN 1459. VEREDA,0
2026-07-19,B_05,12,S,75,,S,,65891,Matutino,2026-07-19 02:35:37,,178087,"POINT (  574491.519152105,   6137137.42134494)",CONSTITUYENTE 1459 EN 1459. VEREDA EN 1459. VEREDA,0
2026-07-19,B_05,13,S,100,,S,,65891,Matutino,2026-07-19 02:35:35,,178088,"POINT (  574612.908703636,   6137187.04609241)",VAZQUEZ 1385 EN 1385. FTE 1390 EN 1385. FTE 1390,0
2026-07-19,B_05,14,S,100,,S,,65891,Matutino,2026-07-19 02:35:32,,178089,"POINT (  574613.787548583,   6137185.66505035)",VAZQUEZ 1385 EN 1385. FTE 1390 EN 1385. FTE 1390,0
2026-07-19,B_05,15,S,75,,S,,65891,Matutino,2026-07-19 02:35:29,,179574,"POINT (  574614.387420916,   6137184.16459404)",VAZQUEZ 1385 EN 1385. FTE 1390 EN 1385. FTE 1390,0
2026-07-19,B_05,16,S,100,,S,,65891,Matutino,2026-07-19 03:29:49,,179003,"POINT (  574625.751855206,   6137010.45180982)",Q F ANDRES MARTINEZ TRUEBA 1278 ,0
2026-07-19,B_05,17,S,100,,S,,65891,Matutino,2026-07-19 03:20:44,,184171,"POINT (  574626.463920657,   6137005.44844319)",BERNABE RIVERA Esq. Q F ANDRES MARTINEZ TRUEBA ,0
2026-07-19,B_05,18,S,100,,S,,65891,Matutino,2026-07-19 03:29:32,,178091,"POINT (  574620.378885683,   6136925.08752365)",Q F ANDRES MARTINEZ TRUEBA 1227 EN 1245 EN 1245,0
2026-07-19,B_05,19,S,75,,S,,65891,Matutino,2026-07-19 03:29:35,,178092,"POINT (  574626.405251032,   6136856.97704028)",Q F ANDRES MARTINEZ TRUEBA 1204 FTE 1206 FTE 1206,0
2026-07-19,B_05,20,S,75,,S,,65891,Matutino,2026-07-19 03:29:42,,178093,"POINT (  574635.005376582,   6136755.09380110)",Q F ANDRES MARTINEZ TRUEBA 1151 FTE 1058 FTE 1058,0
2026-07-19,B_05,21,S,75,,S,,65891,Matutino,2026-07-19 03:29:45,,183723,"POINT (  574677.322708061,   6136412.09412244)",Q F ANDRES MARTINEZ TRUEBA 984 ,0
2026-07-19,B_05,22,S,75,,S,"Basura Afuera, Requiere Limpieza",65891,Matutino,2026-07-19 03:04:00,,178098,"POINT (  574699.522202125,   6136345.61326538)",AV GONZALO RAMIREZ 1513 EN 1510/1520 EN 1510/1520,0
2026-07-19,B_05,23,,,,S,,65891,Matutino,,,178099,"POINT (  574767.159351349,   6136232.74929699)",SALTO Esq. CEBOLLATI (*) (*),0
2026-07-19,B_05,24,S,100,,S,,65891,Matutino,2026-07-19 03:04:09,,179496,"POINT (  574692.538333272,   6136263.63115198)",DR CARLOS MARIA MORALES Esq. CEBOLLATI EN 926 EN 926,0
2026-07-19,B_05,25,S,75,,S,,65891,Matutino,2026-07-19 03:04:12,,178100,"POINT (  574655.647496203,   6136288.86924437)",DR CARLOS MARIA MORALES Esq. CEBOLLATI EN 932 EN 932,0
2026-07-19,B_05,26,S,100,,S,,65891,Matutino,2026-07-19 02:55:40,,179493,"POINT (  574652.739212114,   6136290.49869749)",AV GONZALO RAMIREZ Esq. Q F ANDRES MARTINEZ TRUEBA EN 932 EN 932,0
2026-07-19,B_05,27,S,75,,S,,65891,Matutino,2026-07-19 02:55:43,,178102,"POINT (  574627.252708659,   6136341.97390151)",AV GONZALO RAMIREZ 1485 FTE 1485 FTE 1485,0
2026-07-19,B_05,28,S,75,,S,,65891,Matutino,2026-07-19 02:55:48,,178103,"POINT (  574773.517617647,   6136293.76297872)",SALTO 918 FTE 913 FTE 913,0
2026-07-19,B_05,29,,,,S,,65891,Matutino,,,178104,"POINT (  574897.683822957,   6136222.28390418)",DR LORENZO CARNELLI 896 (*) (*),0
2026-07-19,B_05,30,,,,S,,65891,Matutino,,,178105,"POINT (  575102.867057985,   6136246.53388381)",MAGALLANES 895 (*) (*),0
2026-07-19,B_05,31,,,,S,,65891,Matutino,,,178106,"POINT (  575103.185163834,   6136244.09507229)",MAGALLANES 895 (*) (*),0
2026-07-19,B_05,32,S,75,,S,"Basura Afuera, Requiere Limpieza",65891,Matutino,2026-07-19 04:38:10,,184333,"POINT (  574911.534014084,   6136441.30531502)",SAN SALVADOR 1608 ,0
2026-07-19,B_05,33,S,100,,S,,65891,Matutino,2026-07-19 04:40:36,,184332,"POINT (  574907.543403756,   6136441.77479859)",SAN SALVADOR 1608 ,0
2026-07-19,B_05,34,S,100,,S,"Basura Afuera, Requiere Limpieza",65891,Matutino,2026-07-19 04:40:39,,178110,"POINT (  574866.361308802,   6136721.66630581)",DR LORENZO CARNELLI 1164 ,0
2026-07-19,B_05,35,S,75,,S,"Basura Afuera, Requiere Limpieza",65891,Matutino,2026-07-19 04:40:43,,178111,"POINT (  574866.110210246,   6136722.63931271)",DR LORENZO CARNELLI 1164 ,0
2026-07-19,B_05,36,S,75,,S,,65891,Matutino,2026-07-19 04:40:45,,178112,"POINT (  574963.097027579,   6136786.98331774)",MINAS 1159 FTE 1159 FTE 1159,0
2026-07-19,B_05,37,S,100,,S,,65891,Matutino,2026-07-19 04:40:48,,179572,"POINT (  574962.902490676,   6136790.33001210)",MINAS 1159 FTE 1159 FTE 1159,0
2026-07-19,B_05,38,S,75,,S,,65891,Matutino,2026-07-19 04:40:50,,178113,"POINT (  574952.986185170,   6136912.06433886)",MINAS 1226 ,0
2026-07-19,B_05,39,S,50,,S,,65891,Matutino,2026-07-19 04:40:53,,179491,"POINT (  574946.650072148,   6136991.25199321)",MINAS 1258 FTE 1259 FTE 1259,0
2026-07-19,B_05,40,S,75,,S,,65891,Matutino,2026-07-19 04:15:06,,180346,"POINT (  574955.327155119,   6137088.34543464)",MINAS 1318 EN 1324 EN 1324,0
2026-07-19,B_05,41,S,100,,S,"Basura Afuera, Requiere Limpieza",65891,Matutino,2026-07-19 04:15:14,,178114,"POINT (  574909.915188391,   6137257.74687802)",MINAS 1401 EN 1402 EN 1402,0
2026-07-19,B_05,42,S,75,,S,,65891,Matutino,2026-07-19 04:15:17,,178115,"POINT (  574908.451366223,   6137260.60231477)",MINAS 1401 EN 1402 EN 1402,0
2026-07-19,B_05,43,S,100,,S,,65891,Matutino,2026-07-19 04:15:20,,180654,"POINT (  575050.842470153,   6136962.49657320)",MAGALLANES 1222 ,0
2026-07-19,B_05,44,S,75,,S,,65891,Matutino,2026-07-19 04:15:23,,180655,"POINT (  575051.060335076,   6136960.97151874)",MAGALLANES 1222 ,0
2026-07-19,B_05,45,S,75,,S,,65891,Matutino,2026-07-19 04:15:25,,178116,"POINT (  575054.029806455,   6136920.17423715)",MAGALLANES 1215 FTE 1215. FTE 1215.,0
2026-07-19,B_05,46,S,100,,S,,65891,Matutino,2026-07-19 04:15:28,,178117,"POINT (  575054.154565848,   6136916.04039927)",MAGALLANES 1215 FTE 1215. FTE 1215.,0
2026-07-19,B_05,47,S,75,,S,,65891,Matutino,2026-07-19 04:15:31,,182178,"POINT (  575046.992687145,   6136851.00149318)",MAGALLANES 1191 ANTES 1185 ANTES 1185,0
2026-07-19,B_05,48,S,100,,S,,65891,Matutino,2026-07-19 04:15:34,,182179,"POINT (  575047.106452787,   6136848.72618032)",MAGALLANES 1191 ANTES 1185 ANTES 1185,0
2026-07-19,B_05,49,S,100,,S,,65891,Matutino,2026-07-19 04:15:37,,178120,"POINT (  575079.867871411,   6136426.95927469)",MAGALLANES 979 ,0
2026-07-19,B_05,50,S,25,,S,,65891,Matutino,2026-07-19 04:15:41,,178121,"POINT (  575080.007998304,   6136423.65144771)",MAGALLANES 979 ,0
2026-07-19,B_05,51,S,75,,S,,65891,Matutino,2026-07-19 04:15:45,,178122,"POINT (  575087.527803492,   6136314.02348877)",MAGALLANES 919 ,0
2026-07-19,B_05,52,S,75,,S,,65891,Matutino,2026-07-19 04:43:32,,181084,"POINT (  574932.069333334,   6136260.84226030)",CEBOLLATI 1604 ,0
2026-07-19,B_05,53,S,100,,S,,65891,Matutino,2026-07-19 03:48:34,,178126,"POINT (  574739.022953489,   6136720.63052426)",SALTO 1135 FTE 1135 FTE 1135,0
2026-07-19,B_05,54,S,75,,S,,65891,Matutino,2026-07-19 03:48:20,,178127,"POINT (  574738.834629572,   6136722.95318591)",SALTO 1135 FTE 1135 FTE 1135,0
2026-07-19,B_05,55,S,100,,S,,65891,Matutino,2026-07-19 03:48:23,,178130,"POINT (  574813.159802208,   6137066.89543327)",CONSTITUYENTE 1641 FTE 1641 FTE 1641,0
2026-07-19,B_05,56,S,75,,S,"Basura Afuera, Requiere Limpieza",65891,Matutino,2026-07-19 03:48:26,,178131,"POINT (  574825.840279296,   6137065.63994049)",CONSTITUYENTE 1645 FTE 1647 FTE 1647,0
2026-07-19,B_05,57,,,,S,,65891,Matutino,,,181369,"POINT (  574294.618492634,   6137083.92837711)",EJIDO 1323 SOTERRADO SOTERRADO,0
2026-07-19,B_05,58,S,100,,S,,65891,Matutino,2026-07-19 03:25:10,,178132,"POINT (  574471.320911198,   6137038.82951994)",MANUEL FLORES MORA 1427 ,0
2026-07-19,B_05,59,S,75,,S,"Basura Afuera, Requiere Limpieza",65891,Matutino,2026-07-19 03:25:15,,178133,"POINT (  574522.262124848,   6137043.35494362)",MANUEL FLORES MORA 1457 ,0
2026-07-19,B_05,60,S,100,,S,,65891,Matutino,2026-07-19 02:46:34,,178134,"POINT (  574699.851578722,   6137042.47609868)",SALTO 1287 ,0
2026-07-19,B_05,61,S,100,,S,"Basura Afuera, Requiere Limpieza",65891,Matutino,2026-07-19 02:46:48,,178135,"POINT (  574699.882966042,   6137041.34615518)",SALTO 1287 ,0
2026-07-19,B_05,62,S,100,,S,"Basura Afuera, Requiere Limpieza",65891,Matutino,2026-07-19 02:46:52,,184170,"POINT (  574700.109667136,   6137040.23578732)",SALTO 1287 Salto 1287 Salto 1287,0
2026-07-19,B_05,63,S,75,,S,,65891,Matutino,2026-07-19 02:56:11,,178145,"POINT (  574714.070034467,   6136868.30786263)",SALTO 1205 EN 1205/1207 EN 1205/1207,0
2026-07-19,B_05,64,S,75,,S,,65891,Matutino,2026-07-19 03:36:38,,183725,"POINT (  574669.568367538,   6136638.78742615)",DURAZNO 1509 ,0
2026-07-19,B_05,65,S,100,,S,,65891,Matutino,2026-07-19 03:36:35,,183724,"POINT (  574670.984489542,   6136638.89635861)",DURAZNO 1509 ,0
2026-07-19,B_05,66,S,100,,S,,65891,Matutino,2026-07-19 03:36:33,,183515,"POINT (  574678.522655732,   6136638.17540488)",DURAZNO 1515 ,0
2026-07-19,B_05,67,S,75,,S,,65891,Matutino,2026-07-19 03:36:30,,183516,"POINT (  574682.154891827,   6136638.17540488)",DURAZNO 1515 ,0
2026-07-19,B_05,68,S,100,,S,,65891,Matutino,2026-07-19 03:36:27,,183837,"POINT (  574710.077919826,   6136642.33395251)",DURAZNO 1539 ,0
2026-07-19,B_05,69,S,100,,S,,65891,Matutino,2026-07-19 02:56:15,,183669,"POINT (  574748.579064924,   6136418.16772353)",SALTO 997 ,0
2026-07-19,B_05,70,S,75,,S,,65891,Matutino,2026-07-19 02:56:17,,183670,"POINT (  574748.905862309,   6136416.64266907)",SALTO 997 ,0
2026-07-19,B_05,71,S,75,,S,,65891,Matutino,2026-07-19 02:56:20,,183722,"POINT (  574752.546214161,   6136389.72028214)",SALTO 963 ,0
2026-07-19,B_05,72,S,100,,S,,65891,Matutino,2026-07-19 04:56:00,,183718,"POINT (  574994.026820044,   6136400.86454183)",MINAS 955 ,0
2026-07-19,B_05,73,S,100,,S,,65891,Matutino,2026-07-19 04:57:54,,183717,"POINT (  574993.591090196,   6136403.47892092)",MINAS 963 ,0
2026-07-19,B_05,74,S,75,,S,,65891,Matutino,2026-07-19 04:57:51,,178147,"POINT (  574992.914981130,   6136406.85149098)",MINAS 963 FTE 963 FTE 963,0
2026-07-19,B_05,75,S,75,,S,,65891,Matutino,2026-07-19 04:57:49,,178148,"POINT (  575057.196211518,   6136459.83328634)",SAN SALVADOR 1689 FTE 1689 FTE 1689,0
2026-07-19,B_05,76,S,100,,S,,65891,Matutino,2026-07-19 04:56:31,,183719,"POINT (  575023.995009368,   6136667.21772005)",PLAZA JUAN RAMÓN GÓMEZ ,0
2026-07-19,B_05,77,S,100,,S,"Basura Afuera, Requiere Limpieza",65891,Matutino,2026-07-19 04:56:16,,178152,"POINT (  575026.344430889,   6136666.24644987)",DURAZNO Esq. NUESTRA SEÑORA DE LA ENCINA (*) FTE 1686 (*) FTE 1686,0
2026-07-19,B_05,78,S,100,,S,,65891,Matutino,2026-07-19 04:56:20,,178153,"POINT (  575028.476756563,   6136666.79430087)",DURAZNO Esq. NUESTRA SEÑORA DE LA ENCINA (*) FTE 1686 (*) FTE 1686,0
2026-07-19,B_05,79,S,75,,S,,65891,Matutino,2026-07-19 04:35:50,,178154,"POINT (  574910.308062518,   6136550.35529339)",ISLA DE FLORES 1617 EN 1614 EN 1614,0
2026-07-19,B_05,80,S,100,,S,,65891,Matutino,2026-07-19 04:35:54,,183851,"POINT (  574758.331182803,   6136552.15420382)",ISLA DE FLORES 1553 ,0
2026-07-19,B_05,81,S,75,,S,,65891,Matutino,2026-07-19 04:35:57,,183720,"POINT (  574843.327445534,   6136636.24161569)",DURAZNO 1596 ,0
2026-07-19,B_05,82,S,75,,S,,65891,Matutino,2026-07-19 04:36:05,,178156,"POINT (  574955.269838805,   6136711.36184515)",MINAS 1123 ,0
2026-07-19,B_05,83,S,100,,S,,65891,Matutino,2026-07-19 04:36:09,,178157,"POINT (  574820.316111061,   6136912.43843389)",DR LORENZO CARNELLI 1284 FTE 1280. MURO FTE 1280. MURO,0
2026-07-19,B_05,84,S,75,,S,,65891,Matutino,2026-07-19 04:56:45,,179482,"POINT (  574820.629984256,   6136911.24571575)",DR LORENZO CARNELLI 1284 ,0
2026-07-19,B_05,85,S,75,,S,Basura Afuera,65891,Matutino,2026-07-19 04:57:33,,179481,"POINT (  574776.923141821,   6137083.40516336)",CONSTITUYENTE 1607 FTE 1586 FTE 1586,0
2026-07-19,B_05,86,S,75,,S,"Basura Afuera, Requiere Limpieza",65891,Matutino,2026-07-19 04:57:36,,178158,"POINT (  574922.030307319,   6137041.20499995)",CONSTITUYENTE 1694 EN 1698 EN 1698,0
2026-07-19,B_05,87,S,100,,S,"Basura Afuera, Requiere Limpieza",65891,Matutino,2026-07-19 04:57:39,,178159,"POINT (  574923.446429323,   6137040.98713503)",CONSTITUYENTE 1694 EN 1698 EN 1698,0
2026-07-19,B_05,88,S,100,,S,,65891,Matutino,2026-07-19 04:57:30,,178160,"POINT (  574987.547749491,   6137035.47672643)",CONSTITUYENTE 1724 EN 1726 EN 1726,0
2026-07-19,B_05,89,S,100,,S,"Basura Afuera, Requiere Limpieza",65891,Matutino,2026-07-19 04:57:43,,178163,"POINT (  575080.014792813,   6137011.99901142)",CONSTITUYENTE 1768 EN 1770/1772 EN 1770/1772,0
2026-07-19,B_05,90,S,75,,S,,65891,Matutino,2026-07-19 04:57:26,,178165,"POINT (  575082.902426209,   6137010.99461720)",CONSTITUYENTE 1774 EN 1770/1772 EN 1770/1772,0
2026-07-19,B_05,91,S,100,,S,,65891,Matutino,2026-07-19 04:57:23,,180656,"POINT (  575085.591925490,   6137010.64472135)",CONSTITUYENTE 1774 ,0
2026-07-19,B_05,92,,,,S,,65891,Matutino,,,178175,"POINT (  575426.781898928,   6136203.96385757)",DR LUIS PIERA 1863 (*) FTE 1863 (*) FTE 1863,0
2026-07-19,B_05,93,S,100,,S,,65891,Matutino,2026-07-19 06:46:26,,178177,"POINT (  575385.915608907,   6136266.29907415)",DR EMILIO FRUGONI 859 FTE 880/886 FTE 880/886,0
2026-07-19,B_05,94,S,100,,S,"Basura Afuera, Requiere Limpieza",65891,Matutino,2026-07-19 06:46:24,,178178,"POINT (  575385.727284989,   6136268.11953868)",DR EMILIO FRUGONI 859 FTE 880/886 FTE 880/886,0
2026-07-19,B_05,95,S,75,,S,,65891,Matutino,2026-07-19 06:46:20,,178179,"POINT (  575391.000354670,   6136355.18796304)",DR EMILIO FRUGONI 920 EN 934 EN 934,0
2026-07-19,B_05,96,S,100,,S,"Basura Afuera, Requiere Limpieza",65891,Matutino,2026-07-19 06:46:16,,178180,"POINT (  575371.295377426,   6136457.49107975)",DR EMILIO FRUGONI 975 EN 981 EN 981,0
2026-07-19,B_05,97,S,100,,S,,65891,Matutino,2026-07-19 06:46:12,,178181,"POINT (  575376.333872881,   6136571.23560565)",DR EMILIO FRUGONI 1044 FTE 1043/1049 FTE 1043/1049,0
2026-07-19,B_05,98,S,100,,S,,65891,Matutino,2026-07-19 06:46:04,,178494,"POINT (  575374.476435923,   6136608.48532304)",DR EMILIO FRUGONI 1064 ,0
2026-07-19,B_05,99,S,100,,S,,65891,Matutino,2026-07-19 06:45:59,,178183,"POINT (  575368.151993971,   6136681.84430570)",DR EMILIO FRUGONI 1110 ,0
2026-07-19,B_05,100,S,100,,S,,65891,Matutino,2026-07-19 06:45:57,,178184,"POINT (  575349.820191453,   6136770.69329892)",DR EMILIO FRUGONI 1143 EN 1145 EN 1145,0
2026-07-19,B_05,101,S,100,,S,"Basura Afuera, Requiere Limpieza",65891,Matutino,2026-07-19 06:45:54,,178185,"POINT (  575346.398973624,   6136817.77427821)",DR EMILIO FRUGONI 1157 FTE 1154 FTE 1154,0
2026-07-19,B_05,102,S,100,,S,"Basura Afuera, Requiere Limpieza",65891,Matutino,2026-07-19 06:45:49,,183258,"POINT (  575345.579214753,   6136826.33008719)",DR EMILIO FRUGONI 1163 ,0
2026-07-19,B_05,103,S,75,,S,,65891,Matutino,2026-07-19 06:45:45,,178186,"POINT (  575336.303733968,   6136937.72487740)",DR EMILIO FRUGONI 1900 FTE 1250 FTE 1250,0
2026-07-19,B_05,104,S,100,,S,"Basura Afuera, Requiere Limpieza",65891,Matutino,2026-07-19 06:45:42,,178187,"POINT (  575341.879199613,   6136989.65123993)",DR EMILIO FRUGONI 1266 EN 1269 EN 1269,0
2026-07-19,B_05,105,S,75,,S,"Basura Afuera, Requiere Limpieza",65891,Matutino,2026-07-19 03:57:51,,178195,"POINT (  574780.516989904,   6137259.67634981)",CARLOS ROXLO 1380 EN 1386 EN 1386,0
2026-07-19,B_05,106,S,100,,S,"Basura Afuera, Requiere Limpieza",65891,Matutino,2026-07-19 03:57:47,,178196,"POINT (  574781.144736294,   6137258.29530775)",CARLOS ROXLO 1380 EN 1386 EN 1386,0
2026-07-19,B_05,107,S,75,,S,"Basura Afuera, Requiere Limpieza",65891,Matutino,2026-07-19 03:57:44,,178204,"POINT (  574809.832746341,   6137176.37440378)",CARLOS ROXLO 1346 FTE 1345 FTE 1345,0
2026-07-19,B_05,108,S,100,,S,"Basura Afuera, Requiere Limpieza",65891,Matutino,2026-07-19 03:57:41,,178205,"POINT (  574810.209394175,   6137175.27584760)",CARLOS ROXLO 1346 FTE 1345 FTE 1345,0
2026-07-19,B_05,109,S,100,,S,"Basura Afuera, Requiere Limpieza",65891,Matutino,2026-07-19 03:57:38,,179571,"POINT (  574810.587951793,   6137174.42383779)",CARLOS ROXLO 1346 FTE 1345 FTE 1345,0
2026-07-19,B_05,110,S,75,,S,,65891,Matutino,2026-07-19 03:57:33,,178206,"POINT (  575147.030753443,   6137021.73133052)",GABOTO 1253 ,0
2026-07-19,B_05,111,S,100,,S,"Basura Afuera, Requiere Limpieza",65891,Matutino,2026-07-19 03:57:29,,178207,"POINT (  575163.042081207,   6137097.97069915)",GABOTO 1295 ,0
2026-07-19,B_05,112,S,75,,S,"Basura Afuera, Requiere Limpieza",65891,Matutino,2026-07-19 03:57:25,,178209,"POINT (  575162.484974843,   6137124.96197441)",GABOTO 1301 FTE 1304 FTE 1304,0
2026-07-19,B_05,113,S,100,,S,"Basura Afuera, Requiere Limpieza",65891,Matutino,2026-07-19 03:57:22,,183075,"POINT (  575162.082641831,   6137127.73309889)",GABOTO 1301 ,0
2026-07-19,B_05,114,S,75,,S,"Basura Afuera, Requiere Limpieza",65891,Matutino,2026-07-19 03:57:18,,183076,"POINT (  575161.597204937,   6137130.88843869)",GABOTO 1301 ,0
2026-07-19,B_05,115,S,100,,S,"Basura Afuera, Requiere Limpieza",65891,Matutino,2026-07-19 03:57:16,,183529,"POINT (  575160.880270080,   6137166.59214744)",GABOTO 1328 ,0
2026-07-19,B_05,116,S,100,,S,"Basura Afuera, Requiere Limpieza",65891,Matutino,2026-07-19 03:57:12,,183530,"POINT (  575159.742613652,   6137169.09499158)",GABOTO 1328 ,0
2026-07-19,B_05,117,S,75,,S,,65891,Matutino,2026-07-19 03:57:09,,179480,"POINT (  574742.836512819,   6137130.73724120)",TACUAREMBO 1384 ,0
2026-07-19,B_05,118,S,100,,S,"Basura Afuera, Requiere Limpieza",65891,Matutino,2026-07-19 03:57:03,,178217,"POINT (  574742.585414262,   6137131.20805099)",TACUAREMBO 1384 FTE 1384/1378 FTE 1384/1378,0
2026-07-19,B_05,119,S,100,,S,"Basura Afuera, Requiere Limpieza",65891,Matutino,2026-07-19 03:57:00,,178220,"POINT (  574714.022953496,   6137201.76674528)",TACUAREMBO 1424 FTE 1429. FTE 1429.,0
2026-07-19,B_05,120,S,100,,S,"Basura Afuera, Requiere Limpieza",65891,Matutino,2026-07-19 03:56:54,,178221,"POINT (  574713.206883189,   6137203.27333662)",TACUAREMBO 1424 FTE 1429 FTE 1429,0
2026-07-19,B_05,121,S,100,,S,"Basura Afuera, Requiere Limpieza",65891,Matutino,2026-07-19 05:38:07,,178237,"POINT (  574960.037531505,   6137349.40686445)",MAGALLANES 1353 VEREDA. FTE 1396. VEREDA. FTE 1396.,0
2026-07-19,B_05,122,S,75,,S,"Basura Afuera, Requiere Limpieza",65891,Matutino,2026-07-19 05:38:11,,178238,"POINT (  574960.885813771,   6137347.49822935)",MAGALLANES 1353 VEREDA. FTE 1396. VEREDA. FTE 1396.,0
2026-07-19,B_05,123,S,75,,S,"Basura Afuera, Requiere Limpieza",65891,Matutino,2026-07-19 05:38:16,,183527,"POINT (  575140.940134272,   6137237.48178592)",GABOTO 1356 ,0
2026-07-19,B_05,124,S,100,,S,"Basura Afuera, Requiere Limpieza",65891,Matutino,2026-07-19 05:38:19,,183528,"POINT (  575138.592716432,   6137241.47239625)",GABOTO 1356 ,0
2026-07-19,B_05,125,S,75,,S,,65891,Matutino,2026-07-19 06:07:08,,178239,"POINT (  575287.280957268,   6137005.28212506)",YARO 1264 EN 1262/1264 EN 1262/1264,0
2026-07-19,B_05,126,S,100,,S,,65891,Matutino,2026-07-19 06:07:13,,178240,"POINT (  575286.402112321,   6137004.40328011)",YARO 1264 EN 1262/1264 EN 1262/1264,0
2026-07-19,B_05,127,S,75,,S,,65891,Matutino,2026-07-19 06:07:01,,178241,"POINT (  575249.804497757,   6136955.81570949)",YARO 1243 ,0
2026-07-19,B_05,128,S,100,,S,,65891,Matutino,2026-07-19 06:05:13,,178242,"POINT (  575266.125903909,   6136876.15469254)",YARO 1191 FTE 1191 FTE 1191,0
2026-07-19,B_05,129,S,75,,S,,65891,Matutino,2026-07-19 06:05:16,,178243,"POINT (  575266.251453187,   6136873.51815770)",YARO 1194 FTE 1191 FTE 1191,0
2026-07-19,B_05,130,S,75,,S,Requiere Limpieza,65891,Matutino,2026-07-19 06:05:19,,183396,"POINT (  575267.513458904,   6136709.37759548)",YARO 1121 PROV OV(O: YARO 1144) PROV OV(O: YARO 1144),0
2026-07-19,B_05,131,S,50,,S,,65891,Matutino,2026-07-19 06:05:49,,178245,"POINT (  575272.717241009,   6136631.45914954)",YARO 1095 ,0
2026-07-19,B_05,132,S,75,,S,,65891,Matutino,2026-07-19 06:06:16,,178246,"POINT (  575275.165451932,   6136597.65500641)",YARO 1067 FTE 1058 FTE 1058,0
2026-07-19,B_05,133,S,75,,S,,65891,Matutino,2026-07-19 06:06:32,,178247,"POINT (  575280.940718724,   6136532.24383253)",YARO 1021 ,0
2026-07-19,B_05,134,S,100,,S,Requiere Limpieza,65891,Matutino,2026-07-19 06:06:36,,178248,"POINT (  575298.266519101,   6136428.66567810)",YARO 960 ,0
2026-07-19,B_05,135,S,75,,S,"Basura Afuera, Requiere Limpieza",65891,Matutino,2026-07-19 06:06:39,,178249,"POINT (  575302.911842390,   6136364.69832091)",YARO 934 EN 934/MURO EN 934/MURO,0
2026-07-19,B_05,136,S,75,,S,,65891,Matutino,2026-07-19 06:06:42,,178250,"POINT (  575341.329921486,   6136293.26078168)",DR LAURO MULLER 1824 FTE 1815 FTE 1815,0
2026-07-19,B_05,137,S,100,,S,"Basura Afuera, Requiere Limpieza",65891,Matutino,2026-07-19 06:06:45,,178251,"POINT (  575343.903681687,   6136293.38633095)",DR LAURO MULLER 1824 FTE 1815 FTE 1815,0
2026-07-19,B_05,138,S,100,,S,Requiere Limpieza,65891,Matutino,2026-07-19 06:06:50,,178254,"POINT (  575252.001610123,   6136319.75167935)",DR HORACIO ABADIE SANTOS 923 FTE 923 FTE 923,0
2026-07-19,B_05,139,S,75,,S,,65891,Matutino,2026-07-19 06:06:47,,178255,"POINT (  575253.633750739,   6136322.89041130)",DR HORACIO ABADIE SANTOS 923 FTE 923 FTE 923,0
2026-07-19,B_05,140,S,100,,S,"Basura Afuera, Requiere Limpieza",65891,Matutino,2026-07-19 05:37:43,,178256,"POINT (  575195.316111064,   6136371.28965801)",GABOTO 945 FTE 945 FTE 945,0
2026-07-19,B_05,141,S,75,,S,"Basura Afuera, Requiere Limpieza",65891,Matutino,2026-07-19 05:37:39,,178257,"POINT (  575195.002237869,   6136373.29844645)",GABOTO 945 FTE 945 FTE 945,0
2026-07-19,B_05,142,S,100,,S,"Basura Afuera, Requiere Limpieza",65891,Matutino,2026-07-19 05:37:36,,178263,"POINT (  575181.819563670,   6136407.82449793)",GABOTO 955 PDO 957 PDO 957,0
2026-07-19,B_05,143,S,100,,S,"Basura Afuera, Requiere Limpieza",65891,Matutino,2026-07-19 05:37:33,,178264,"POINT (  575181.694014392,   6136409.20553999)",GABOTO 955 PDO 957 PDO 957,0
2026-07-19,B_05,144,S,75,,S,,65891,Matutino,2026-07-19 05:37:29,,178265,"POINT (  575165.272863680,   6136622.15998467)",GABOTO 1083 ,0
2026-07-19,B_05,145,S,100,,S,,65891,Matutino,2026-07-19 05:37:26,,178266,"POINT (  575155.579764549,   6136759.92744834)",GABOTO 1141 EN 1147 EN 1147,0
2026-07-19,B_05,146,S,75,,S,,65891,Matutino,2026-07-19 05:37:24,,178267,"POINT (  575147.921258585,   6136861.12016649)",GABOTO 1191 ,0
2026-07-19,B_05,147,S,100,,S,,65891,Matutino,2026-07-19 05:37:18,,178268,"POINT (  575153.633750738,   6136936.57528262)",GABOTO 1216 EN 1216/MURO EN 1216/MURO,0
2026-07-19,B_05,148,S,100,,S,,65891,Matutino,2026-07-19 05:37:15,,178269,"POINT (  575153.508201460,   6136938.33297251)",GABOTO 1216 EN 1216/MURO EN 1216/MURO,0
2026-07-19,B_07,1,S,75,,S,,65892,Matutino,2026-07-19 02:55:28,,178166,"POINT (  575423.643166976,   6136881.99273395)",EDUARDO ACEVEDO 1194 FTE 1194 FTE 1194,0
2026-07-19,B_07,2,S,50,,S,,65892,Matutino,2026-07-19 02:55:35,,178167,"POINT (  575429.983405520,   6136825.05613633)",EDUARDO ACEVEDO 1160 FTE 1160 FTE 1160,0
2026-07-19,B_07,3,S,75,,S,,65892,Matutino,2026-07-19 02:55:40,,178168,"POINT (  575430.234504076,   6136823.42399572)",EDUARDO ACEVEDO 1160 FTE 1160 FTE 1160,0
2026-07-19,B_07,4,S,50,,S,,65892,Matutino,2026-07-19 02:55:48,,178169,"POINT (  575454.794423518,   6136671.21007303)",EDUARDO ACEVEDO 1104 ,0
2026-07-19,B_07,5,S,75,,S,,65892,Matutino,2026-07-19 02:55:56,,178496,"POINT (  575412.532055864,   6136662.21872264)",DURAZNO 1867 FTE 1878 FTE 1878,0
2026-07-19,B_07,6,S,50,,S,,65892,Matutino,2026-07-19 02:56:04,,183066,"POINT (  575475.625266291,   6136467.71620508)","EDUARDO ACEVEDO 985 EN 979 FTE, MURO FACULTAD EN 979 FTE, MURO FACULTAD",0
2026-07-19,B_07,7,S,75,,S,,65892,Matutino,2026-07-19 02:58:59,,178171,"POINT (  575476.064864442,   6136440.28685505)",EDUARDO ACEVEDO 963 FTE 963 FTE 963,0
2026-07-19,B_07,8,S,50,,S,,65892,Matutino,2026-07-19 02:59:06,,178172,"POINT (  575475.846166669,   6136437.76851707)",EDUARDO ACEVEDO 963 FTE 963 FTE 963,0
2026-07-19,B_07,9,S,50,,S,,65892,Matutino,2026-07-19 03:04:46,,178173,"POINT (  575480.328666038,   6136378.03793166)",EDUARDO ACEVEDO 935 FTE 935/MURO FTE 935/MURO,0
2026-07-19,B_07,10,S,50,,S,,65892,Matutino,2026-07-19 03:04:54,,178174,"POINT (  575480.705313873,   6136374.77365043)",EDUARDO ACEVEDO 935 FTE 935/MURO FTE 935/MURO,0
2026-07-19,B_07,11,S,75,,S,,65892,Matutino,2026-07-19 03:04:58,,178252,"POINT (  575494.688364676,   6136228.35180490)",EDUARDO ACEVEDO 858 EN 854 EN 854,0
2026-07-19,B_07,12,S,25,,S,,65892,Matutino,2026-07-19 03:05:01,,178253,"POINT (  575495.692758901,   6136223.32983378)",EDUARDO ACEVEDO 852 EN 854 EN 854,0
2026-07-19,B_07,13,S,50,,S,,65892,Matutino,2026-07-19 03:09:15,,178291,"POINT (  575567.556712090,   6136213.92671439)",DR LUIS PIERA 1935 FTE 1937/1939 FTE 1937/1939,0
2026-07-19,B_07,14,S,75,,S,,65892,Matutino,2026-07-19 03:09:29,,178292,"POINT (  575572.883651815,   6136214.56594715)",DR LUIS PIERA 1943 FTE 1937/1939 FTE 1937/1939,0
2026-07-19,B_07,15,S,75,,S,,65892,Matutino,2026-07-19 04:00:40,,178296,"POINT (  575562.361920804,   6136532.90357877)",JUAN D JACKSON 1015 EN 1012 EN 1012,0
2026-07-19,B_07,16,S,50,,S,,65892,Matutino,2026-07-19 04:03:20,,178297,"POINT (  575573.852899069,   6136555.26874764)",JUAN D JACKSON 1028 EN 1022/1028 EN 1022/1028,0
2026-07-19,B_07,17,S,75,,S,,65892,Matutino,2026-07-19 04:03:26,,178298,"POINT (  575570.887508576,   6136584.67714814)",JUAN D JACKSON 1048 EN 1042/1048 EN 1042/1048,0
2026-07-19,B_07,18,S,75,,S,,65892,Matutino,2026-07-19 04:03:42,,178299,"POINT (  575553.887468702,   6136773.83518551)",JUAN D JACKSON 1142 EN 1142/1144 EN 1142/1144,0
2026-07-19,B_07,19,S,75,,S,,65892,Matutino,2026-07-19 04:07:07,,178511,"POINT (  575551.598402935,   6136792.30507722)",JUAN D JACKSON 1146 EN 1146 EN 1146,0
2026-07-19,B_07,20,S,25,,S,,65892,Matutino,2026-07-19 04:07:12,,178301,"POINT (  575551.752459230,   6136792.98442479)",JUAN D JACKSON 1146 EN 1146 EN 1146,0
2026-07-19,B_07,21,S,75,,S,,65892,Matutino,2026-07-19 04:11:41,,178305,"POINT (  575531.067174975,   6136868.18145139)",JUAN D JACKSON 1187 ,0
2026-07-19,B_07,22,S,50,,S,,65892,Matutino,2026-07-19 04:11:45,,178306,"POINT (  575531.067174975,   6136872.65608076)",JUAN D JACKSON 1187 ,0
2026-07-19,B_07,23,S,100,,S,Basura Afuera,65892,Matutino,2026-07-19 04:22:33,,179081,"POINT (  575524.432427505,   6136966.79340039)",JUAN D JACKSON 1203 FTE 1230. EDIFICIO CORDON DESIGN FTE 1230. EDIFICIO CORDON DESIGN,0
2026-07-19,B_07,24,S,50,,S,,65892,Matutino,2026-07-19 04:22:40,,179082,"POINT (  575524.137732024,   6136970.62444165)",JUAN D JACKSON 1203 FTE 1230. EDIFICIO CORDON DESIGN FTE 1230. EDIFICIO CORDON DESIGN,0
2026-07-19,B_07,25,S,75,,S,,65892,Matutino,2026-07-19 04:22:50,,178309,"POINT (  575525.207541278,   6137096.70716558)",JUAN D JACKSON 1278 ,0
2026-07-19,B_07,26,S,25,,S,,65892,Matutino,2026-07-19 04:22:53,,178310,"POINT (  575524.994463689,   6137099.69025183)",JUAN D JACKSON 1282 ,0
2026-07-19,B_07,27,S,75,,S,,65892,Matutino,2026-07-19 02:46:11,,179010,"POINT (  575402.119059024,   6137084.76125869)",EDUARDO ACEVEDO 1265 CASA TAPIADA CASA TAPIADA,0
2026-07-19,B_07,28,S,50,,S,,65892,Matutino,2026-07-19 02:46:17,,178312,"POINT (  575422.133203410,   6137035.48028058)",EDUARDO ACEVEDO 1250 ALMACEN ALMACEN,0
2026-07-19,B_07,29,S,50,,S,,65892,Matutino,2026-07-19 02:46:28,,178313,"POINT (  575422.007616738,   6137034.02489164)",EDUARDO ACEVEDO 1250 ALMACEN ALMACEN,0
2026-07-19,B_07,30,S,50,,S,,65892,Matutino,2026-07-19 04:23:15,,183847,"POINT (  575524.680947771,   6136960.56037197)",JUAN D JACKSON 1203 JJackson 1209 JJackson 1209,0
2026-07-19,B_07,31,S,75,,S,,65892,Matutino,2026-07-19 06:39:45,,183846,"POINT (  575524.426170701,   6136963.74508535)",JUAN D JACKSON 1203 Jakson 1209 Jakson 1209,0
2026-07-19,B_07,32,S,75,,S,,65892,Matutino,2026-07-19 04:23:03,,178314,"POINT (  575516.258282540,   6137049.29740203)",JUAN D JACKSON 1251 EN 1253 EN 1253,0
2026-07-19,B_07,33,S,50,,S,,65892,Matutino,2026-07-19 04:23:07,,178315,"POINT (  575515.938666157,   6137052.06741069)",JUAN D JACKSON 1251 EN 1253 EN 1253,0
2026-07-19,B_07,34,S,75,,S,,65892,Matutino,2026-07-19 04:24:46,,178316,"POINT (  575631.831467555,   6137117.00809153)",JUAN MANUEL BLANES 1284 ,0
2026-07-19,B_07,35,S,75,,S,,65892,Matutino,2026-07-19 04:28:47,,178317,"POINT (  575623.862464981,   6137056.64857885)",JUAN MANUEL BLANES 1253 ,0
2026-07-19,B_07,36,S,50,,S,,65892,Matutino,2026-07-19 04:28:52,,178318,"POINT (  575624.182081365,   6137054.09164779)",JUAN MANUEL BLANES 1253 ,0
2026-07-19,B_07,37,S,75,,S,,65892,Matutino,2026-07-19 04:36:53,,178319,"POINT (  575646.981383387,   6136939.45590491)",JUAN MANUEL BLANES 1208 EN 1208B EN 1208B,0
2026-07-19,B_07,38,S,75,,S,Basura Afuera,65892,Matutino,2026-07-19 04:37:00,,178321,"POINT (  575634.196728047,   6136932.74396085)",JUAN MANUEL BLANES 1205 EN 1208B EN 1208B,0
2026-07-19,B_07,39,S,50,,S,,65892,Matutino,2026-07-19 04:37:33,,178322,"POINT (  575643.891758346,   6136832.49095523)",JUAN MANUEL BLANES Esq. BV ESPAÑA ,0
2026-07-19,B_07,40,S,50,,S,,65892,Matutino,2026-07-19 04:37:51,,182180,"POINT (  575644.890912287,   6136828.51135358)",JUAN MANUEL BLANES Esq. MALDONADO ,0
2026-07-19,B_07,41,S,75,,S,,65892,Matutino,2026-07-19 04:43:21,,182181,"POINT (  575667.416509556,   6136698.36345825)",JUAN MANUEL BLANES 1116 ,0
2026-07-19,B_07,42,S,25,,S,,65892,Matutino,2026-07-19 04:43:25,,178327,"POINT (  575667.809717711,   6136693.24475082)",JUAN MANUEL BLANES 1116 FTE 1101. MURO FTE 1101. MURO,0
2026-07-19,B_07,43,S,25,,S,,65892,Matutino,2026-07-19 04:43:29,,178328,"POINT (  575668.235872889,   6136689.72897061)",JUAN MANUEL BLANES 1101 FTE 1101. MURO FTE 1101. MURO,0
2026-07-19,B_07,44,S,75,,S,,65892,Matutino,2026-07-19 04:50:10,,178329,"POINT (  575669.727416012,   6136662.34850042)",JUAN MANUEL BLANES 1096 ,0
2026-07-19,B_07,45,S,25,,S,,65892,Matutino,2026-07-19 04:50:14,,178330,"POINT (  575670.153571190,   6136658.51310382)",JUAN MANUEL BLANES 1096 ,0
2026-07-19,B_07,46,S,50,,S,,65892,Matutino,2026-07-19 04:50:18,,178331,"POINT (  575681.365425156,   6136543.03818505)",JUAN MANUEL BLANES 1008 ,0
2026-07-19,B_07,47,S,50,,S,,65892,Matutino,2026-07-19 04:50:42,,178332,"POINT (  575688.563344829,   6136448.50351171)",JUAN MANUEL BLANES 966 FERRETERIA FERRETERIA,0
2026-07-19,B_07,48,S,75,,S,,65892,Matutino,2026-07-19 04:50:46,,179796,"POINT (  575680.371709859,   6136382.44879859)",JUAN MANUEL BLANES 925 CASA TAPIADA CASA TAPIADA,0
2026-07-19,B_07,49,S,75,,S,,65892,Matutino,2026-07-19 03:16:53,,178949,"POINT (  575587.734232462,   6136366.23216384)",JUAN D JACKSON 926 ,0
2026-07-19,B_07,50,S,75,,S,,65892,Matutino,2026-07-19 03:18:12,,178516,"POINT (  575616.158477061,   6136501.81965703)",SAN SALVADOR 1968 EN 1972. FERRETERIA EN 1972. FERRETERIA,0
2026-07-19,B_07,51,S,75,,S,,65892,Matutino,2026-07-19 07:54:35,,183789,"POINT (  575690.671753383,   6136439.17598120)",AV GONZALO RAMIREZ 2001 ,0
2026-07-19,B_07,52,S,75,,S,,65892,Matutino,2026-07-19 06:44:07,,178335,"POINT (  575794.439531506,   6136304.33925534)",DR PABLO DE MARIA 855 ,0
2026-07-19,B_07,53,S,75,,S,Basura Afuera,65892,Matutino,2026-07-19 03:13:59,,178338,"POINT (  575598.825848275,   6136259.04589386)",JUAN D JACKSON 858 EN 872/868 EN 872/868,0
2026-07-19,B_07,54,S,50,,S,,65892,Matutino,2026-07-19 03:13:34,,178339,"POINT (  575598.399693097,   6136261.70936372)",JUAN D JACKSON 858 EN 868/872 EN 868/872,0
2026-07-19,B_07,55,S,50,,S,,65892,Matutino,2026-07-19 03:13:43,,178340,"POINT (  575595.310068057,   6136295.53543097)",JUAN D JACKSON 888 ,0
2026-07-19,B_07,56,S,50,,S,,65892,Matutino,2026-07-19 03:13:50,,178341,"POINT (  575594.990451673,   6136297.02697409)",JUAN D JACKSON 888 ,0
2026-07-19,B_07,57,S,50,,S,,65892,Matutino,2026-07-19 05:38:07,,178365,"POINT (  575838.911021672,   6136335.48747890)",DR LAURO MULLER 2069 ,0
2026-07-19,B_07,58,S,50,,S,,65892,Matutino,2026-07-19 05:38:10,,178366,"POINT (  575842.533340685,   6136336.12671167)",DR LAURO MULLER 2069 ,0
2026-07-19,B_07,59,S,25,,S,,65892,Matutino,2026-07-19 05:38:15,,178367,"POINT (  575845.303349342,   6136336.02017288)",DR LAURO MULLER 2089 ,0
2026-07-19,B_07,60,S,50,,S,,65892,Matutino,2026-07-19 05:38:01,,178368,"POINT (  575887.173095579,   6136387.15879423)",DR JOAQUIN DE SALTERAIN 925 SUBESTACION SUBESTACION,0
2026-07-19,B_07,61,S,50,,S,,65892,Matutino,2026-07-19 05:38:19,,178369,"POINT (  575888.345022319,   6136395.14920382)",DR JOAQUIN DE SALTERAIN 925 SUBESTACION SUBESTACION,0
2026-07-19,B_07,62,S,50,,S,,65892,Matutino,2026-07-19 03:36:47,,178370,"POINT (  575884.829242100,   6136619.46663563)",DR JOAQUIN DE SALTERAIN 1054 ,0
2026-07-19,B_07,63,S,25,,S,,65892,Matutino,2026-07-19 03:36:53,,178371,"POINT (  575884.616164512,   6136622.87587705)",DR JOAQUIN DE SALTERAIN 1054 EN 1044 EN 1044,0
2026-07-19,B_07,64,S,75,,S,,65892,Matutino,2026-07-19 03:40:39,,178372,"POINT (  575875.666905774,   6136729.09505517)",DR JOAQUIN DE SALTERAIN 1116 ,0
2026-07-19,B_07,65,S,75,,S,Basura Afuera,65892,Matutino,2026-07-19 03:40:50,,178373,"POINT (  575875.421862356,   6136732.20326430)",DR JOAQUIN DE SALTERAIN 1116 ,0
2026-07-19,B_07,66,S,75,,S,,65892,Matutino,2026-07-19 06:29:28,,178374,"POINT (  576076.625706894,   6136595.52204156)",JUAN PAULLIER 1011 EN 1013 EN 1013,0
2026-07-19,B_07,67,S,50,,S,,65892,Matutino,2026-07-19 06:29:31,,178375,"POINT (  576076.708861873,   6136592.82690647)",JUAN PAULLIER 1011 EN 1013 EN 1013,0
2026-07-19,B_07,68,S,75,,S,,65892,Matutino,2026-07-19 06:29:43,,178376,"POINT (  576096.761539054,   6136526.96432731)",JUAN PAULLIER 990 ,0
2026-07-19,B_07,69,S,75,,S,,65892,Matutino,2026-07-19 06:31:20,,178377,"POINT (  576085.988020641,   6136487.56295290)",JUAN PAULLIER 951 EN 961 EN 961,0
2026-07-19,B_07,70,S,50,,S,,65892,Matutino,2026-07-19 06:31:25,,178378,"POINT (  576086.220536671,   6136484.23022313)",JUAN PAULLIER 951 EN 961 EN 961,0
2026-07-19,B_07,71,S,75,,S,,65892,Matutino,2026-07-19 05:38:34,,178518,"POINT (  575949.497072004,   6136527.52002668)",SAN SALVADOR 2122 EN 2126 EN 2126,0
2026-07-19,B_07,72,S,75,,S,,65892,Matutino,2026-07-19 03:43:16,,178379,"POINT (  576131.610577004,   6136604.78866027)",21 DE SETIEMBRE 2276 EN 2276/2280. MURO EN 2276/2280. MURO,0
2026-07-19,B_07,73,S,50,,S,,65892,Matutino,2026-07-19 03:43:19,,178380,"POINT (  576132.401781047,   6136603.57708559)",21 DE SETIEMBRE 2276 EN 2276/2280. MURO EN 2276/2280. MURO,0
2026-07-19,B_07,74,S,50,,S,Basura Afuera,65892,Matutino,2026-07-19 03:43:24,,178381,"POINT (  576133.626829007,   6136601.15553931)",21 DE SETIEMBRE 2280 EN 2276/2280. MURO EN 2276/2280. MURO,0
2026-07-19,B_07,75,S,50,,S,,65892,Matutino,2026-07-19 07:04:00,,178382,"POINT (  576459.156572294,   6136581.60079904)",BV GRAL ARTIGAS 996 ,0
2026-07-19,B_07,76,S,25,,S,,65892,Matutino,2026-07-19 07:04:21,,178383,"POINT (  576459.418013945,   6136582.15977913)",BV GRAL ARTIGAS 996 ,0
2026-07-19,B_07,77,S,50,,S,,65892,Matutino,2026-07-19 07:11:15,,178384,"POINT (  576437.259526265,   6136793.20477475)",BV GRAL ARTIGAS 1118 ,0
2026-07-19,B_07,78,S,50,,S,,65892,Matutino,2026-07-19 07:11:21,,178385,"POINT (  576437.174923180,   6136794.28810667)",BV GRAL ARTIGAS 1118 ,0
2026-07-19,B_07,79,S,50,,S,,65892,Matutino,2026-07-19 07:11:28,,178386,"POINT (  576435.448366758,   6136820.69178373)",BV GRAL ARTIGAS 1132 ,0
2026-07-19,B_07,80,S,75,,S,,65892,Matutino,2026-07-19 06:58:50,,178387,"POINT (  576407.641741395,   6136723.42186436)",BV GRAL ARTIGAS 1097 ,0
2026-07-19,B_07,81,S,25,,S,,65892,Matutino,2026-07-19 06:58:54,,178388,"POINT (  576407.854818984,   6136718.73415740)",BV GRAL ARTIGAS 1093 ,0
2026-07-19,B_07,82,S,50,,S,,65892,Matutino,2026-07-19 07:03:40,,178392,"POINT (  576435.093656003,   6136405.30848312)",BV GRAL ARTIGAS 917 EN 931 EN 931,0
2026-07-19,B_07,83,S,25,,S,,65892,Matutino,2026-07-19 07:03:46,,178393,"POINT (  576435.217878811,   6136401.43230510)",BV GRAL ARTIGAS 917 EN 931 EN 931,0
2026-07-19,B_07,84,S,75,,S,,65892,Matutino,2026-07-19 03:55:44,,178394,"POINT (  576343.611925902,   6136391.97967468)",21 DE SETIEMBRE Esq. PSJE 18 EN 2357/2363 EN 2357/2363,0
2026-07-19,B_07,85,S,25,,S,,65892,Matutino,2026-07-19 03:55:49,,178395,"POINT (  576341.873554948,   6136393.82797572)",21 DE SETIEMBRE Esq. PSJE 18 EN 2357/2363 EN 2357/2363,0
2026-07-19,B_07,86,N,,Contenedor No Está,S,,65892,Matutino,2026-07-19 07:55:11,,183844,"POINT (  576325.577388535,   6136404.94606369)",21 DE SETIEMBRE 2357 ,0
2026-07-19,B_07,87,S,75,,S,,65892,Matutino,2026-07-19 03:51:30,,178396,"POINT (  576253.554573015,   6136515.15485513)",JAVIER DE VIANA 1035 ,0
2026-07-19,B_07,88,S,25,,S,,65892,Matutino,2026-07-19 03:51:34,,178405,"POINT (  576337.260343860,   6136510.34952384)",JAVIER DE VIANA 1005 ,0
2026-07-19,B_07,89,S,25,,S,,65892,Matutino,2026-07-19 03:51:37,,178406,"POINT (  576340.360557594,   6136508.48939560)",JAVIER DE VIANA 1005 ,0
2026-07-19,B_07,90,S,75,,S,,65892,Matutino,2026-07-19 03:51:42,,178455,"POINT (  576397.869522378,   6136432.68916978)",JAVIER DE VIANA 971 EN 971 EN 971,0
2026-07-19,B_07,91,S,25,,S,,65892,Matutino,2026-07-19 03:51:46,,178456,"POINT (  576303.553339172,   6136459.41873160)",PSJE 15 Esq. GURI EN 978 EN 978,0
2026-07-19,B_07,92,S,50,,S,,65892,Matutino,2026-07-19 07:55:18,,178467,"POINT (  576315.574743624,   6136586.42464250)",DR MARIO CASSINONI 1001 MURO MURO,0
2026-07-19,B_07,93,S,75,,S,,65892,Matutino,2026-07-19 06:31:55,,178468,"POINT (  576318.387889836,   6136716.86101421)",DR MARIO CASSINONI 1046 ,0
2026-07-19,B_07,94,S,50,,S,,65892,Matutino,2026-07-19 06:32:23,,178469,"POINT (  576305.696308861,   6136849.36049270)",DR MARIO CASSINONI 1094 FTE 1095 FTE 1095,0
2026-07-19,B_07,95,S,75,,S,,65892,Matutino,2026-07-19 06:38:10,,178470,"POINT (  576284.688912950,   6136942.42485509)",DR MARIO CASSINONI 1139 ,0
2026-07-19,B_07,96,S,75,,S,,65892,Matutino,2026-07-19 06:51:27,,178471,"POINT (  576274.842450631,   6137063.93666727)",DR MARIO CASSINONI 1191 MURO MURO,0
2026-07-19,B_07,97,S,75,,S,,65892,Matutino,2026-07-19 06:51:16,,178472,"POINT (  576356.849371118,   6137209.21213256)",GUANA 2344 ,0
2026-07-19,B_07,98,S,50,,S,,65892,Matutino,2026-07-19 06:51:19,,178475,"POINT (  576359.459571584,   6137209.53174894)",GUANA 2344 ,0
2026-07-19,B_07,99,S,75,,S,,65892,Matutino,2026-07-19 06:51:37,,178476,"POINT (  576375.174043772,   6137131.75842896)",BV GRAL ARTIGAS 1259 EN 1259 EN 1259,0
2026-07-19,B_07,100,S,75,,S,,65892,Matutino,2026-07-19 06:54:04,,178941,"POINT (  576392.401058388,   6136888.60377930)",BV GRAL ARTIGAS 1153 EN 1157 EN 1157,0
2026-07-19,B_07,101,S,75,,S,,65892,Matutino,2026-07-19 06:54:14,,178480,"POINT (  576392.564457081,   6136886.91532615)",BV GRAL ARTIGAS 1153 ,0
2026-07-19,B_07,102,S,75,,S,,65892,Matutino,2026-07-19 06:55:47,,178481,"POINT (  576399.729650619,   6136822.69605764)",BV GRAL ARTIGAS 1133 ,0
2026-07-19,B_07,103,N,,Contenedor No Está,S,,65892,Matutino,2026-07-19 06:55:54,,178482,"POINT (  576399.884661306,   6136820.13838131)",BV GRAL ARTIGAS 1133 ,0
2026-07-19,B_07,104,S,75,,S,,65892,Matutino,2026-07-19 07:24:13,,178483,"POINT (  576210.935147075,   6136591.71765425)",ACEVEDO DIAZ 1011 VEREDA VEREDA,0
2026-07-19,B_07,105,S,75,,S,,65892,Matutino,2026-07-19 05:43:12,,184174,"POINT (  575997.151641784,   6136586.66847042)",DR JOAQUIN REQUENA 1010 Dr Joaquin Requena 1018 PROV O EN Dr Joaquin Requena 1006 Dr Joaquin Requena 1018 PROV O EN Dr Joaquin Requena 1006,0
2026-07-19,B_07,106,S,50,,S,,65892,Matutino,2026-07-19 05:43:17,,184173,"POINT (  575996.447416432,   6136589.72011362)",DR JOAQUIN REQUENA 1016 Dr Joaquin Requena 1018 PROV O en Dr Joaquin Requena 1006 Dr Joaquin Requena 1018 PROV O en Dr Joaquin Requena 1006,0
2026-07-19,B_07,107,N,,Contenedor No Está,S,,65892,Matutino,2026-07-19 07:55:28,,184172,"POINT (  575996.212674648,   6136592.53701503)",DR JOAQUIN REQUENA 1016 Dr Joaqui Requena 1018 PROV O en Joaquin Requena 1006 Dr Joaqui Requena 1018 PROV O en Joaquin Requena 1006,0
2026-07-19,B_07,108,S,50,,S,,65892,Matutino,2026-07-19 05:43:25,,178489,"POINT (  575988.350714403,   6136669.64033038)",DR JOAQUIN REQUENA 1040 ESQ BV ESPAÑA ESQ BV ESPAÑA,0
2026-07-19,B_07,109,S,50,,S,,65892,Matutino,2026-07-19 05:43:29,,178490,"POINT (  575988.041823762,   6136677.15321736)",DR JOAQUIN REQUENA 1040 ESQ BV ESPAÑA ESQ BV ESPAÑA,0
2026-07-19,B_07,110,S,75,,S,,65892,Matutino,2026-07-19 05:43:35,,178491,"POINT (  575987.426101201,   6136682.21798559)",DR JOAQUIN REQUENA 1040 ESQ BV ESPAÑA ESQ BV ESPAÑA,0
2026-07-19,B_07,111,S,50,,S,,65892,Matutino,2026-07-19 05:43:40,,178523,"POINT (  575977.411454519,   6136801.27508844)",DR JOAQUIN REQUENA 1090 EN 1092 EN 1092,0
2026-07-19,B_07,112,S,50,,S,,65892,Matutino,2026-07-19 05:43:43,,178524,"POINT (  575977.248023885,   6136803.97851721)",DR JOAQUIN REQUENA 1090 EN 1092 EN 1092,0
2026-07-19,B_07,113,S,75,,S,,65892,Matutino,2026-07-19 05:49:06,,178525,"POINT (  575958.847069577,   6136861.44287263)",DR JOAQUIN REQUENA 1108 FTE 1108 FTE 1108,0
2026-07-19,B_07,114,S,50,,S,,65892,Matutino,2026-07-19 05:49:16,,178526,"POINT (  575954.159362620,   6136919.93267081)",DR JOAQUIN REQUENA 1142 FTE 1144 FTE 1144,0
2026-07-19,B_07,115,S,75,,S,,65892,Matutino,2026-07-19 05:55:00,,178527,"POINT (  575950.377235415,   6136960.68375970)",DR JOAQUIN REQUENA 1153 ,0
2026-07-19,B_07,116,S,75,,S,,65892,Matutino,2026-07-19 05:55:09,,178528,"POINT (  575955.757444538,   6137051.61462080)",DR JOAQUIN REQUENA 1192 EN 1194 EN 1194,0
2026-07-19,B_07,117,S,50,,S,Basura Afuera,65892,Matutino,2026-07-19 05:55:14,,178529,"POINT (  575955.650905743,   6137054.91732343)",DR JOAQUIN REQUENA 1192 EN 1194 EN 1194,0
2026-07-19,B_07,118,S,75,,S,,65892,Matutino,2026-07-19 06:02:41,,178530,"POINT (  575940.587996469,   6137081.29263580)",DR JOAQUIN REQUENA 1203 ,0
2026-07-19,B_07,119,S,75,,S,,65892,Matutino,2026-07-19 06:02:49,,178531,"POINT (  575946.910254154,   6137154.59045885)",DR JOAQUIN REQUENA 1248 ,0
2026-07-19,B_07,120,N,,Contenedor No Está,S,,65892,Matutino,2026-07-19 07:55:38,,184009,"POINT (  576055.165427771,   6137178.95053886)",GUANA 2206 Guana 2206 PROV O en Juan Paullier 1257 Guana 2206 PROV O en Juan Paullier 1257,0
2026-07-19,B_07,121,S,75,,S,,65892,Matutino,2026-07-19 06:14:17,,178532,"POINT (  576040.569889421,   6137045.48516717)",JUAN PAULLIER 1189 EN 1195 EN 1195,0
2026-07-19,B_07,122,S,50,,S,,65892,Matutino,2026-07-19 06:14:21,,178534,"POINT (  576040.647394764,   6137043.70254427)",JUAN PAULLIER 1185 EN 1195 EN 1195,0
2026-07-19,B_07,123,S,75,,S,,65892,Matutino,2026-07-19 06:14:26,,178535,"POINT (  576046.954652627,   6136968.30128351)",JUAN PAULLIER 1155 S/N ESQ CANELONES S/N ESQ CANELONES,0
2026-07-19,B_07,124,S,75,,S,,65892,Matutino,2026-07-19 06:15:55,,178536,"POINT (  576068.458788401,   6136870.56005969)",JUAN PAULLIER 1102 ,0
2026-07-19,B_07,125,S,75,,S,,65892,Matutino,2026-07-19 06:46:36,,178538,"POINT (  576070.073571032,   6136694.49658165)",JUAN PAULLIER 1043 FTE 1046 FTE 1046,0
2026-07-19,B_07,126,S,50,,S,,65892,Matutino,2026-07-19 05:20:57,,178540,"POINT (  575751.282863200,   6136856.94160856)",DR PABLO DE MARIA 1111 EN 1115/1119 EN 1115/1119,0
2026-07-19,B_07,127,S,75,,S,Basura Afuera,65892,Matutino,2026-07-19 05:21:06,,178541,"POINT (  575747.554005392,   6136907.12138077)",DR PABLO DE MARIA 1141 FTE 1148 FTE 1148,0
2026-07-19,B_07,128,S,50,,S,,65892,Matutino,2026-07-19 05:22:01,,178542,"POINT (  575746.062462269,   6137085.68040035)",DR PABLO DE MARIA 1214 EN 1216 EN 1216,0
2026-07-19,B_07,129,S,50,,S,,65892,Matutino,2026-07-19 05:22:07,,178543,"POINT (  575745.902654077,   6137087.75790684)",DR PABLO DE MARIA 1214 EN 1216 EN 1216,0
2026-07-19,B_07,130,S,50,,S,,65892,Matutino,2026-07-19 05:22:15,,178544,"POINT (  575745.583037694,   6137089.78214393)",DR PABLO DE MARIA 1214 EN 1216 EN 1216,0
2026-07-19,B_07,131,S,100,,S,Basura Afuera,65892,Matutino,2026-07-19 05:22:22,,178575,"POINT (  575728.057405999,   6137145.55520285)",DR PABLO DE MARIA 1247 ,0
2026-07-19,B_07,132,S,75,,S,Basura Afuera,65892,Matutino,2026-07-19 05:22:28,,178577,"POINT (  575842.251691198,   6137137.86307779)",DR JOAQUIN DE SALTERAIN 1288 EN 1280/1288 EN 1280/1288,0
2026-07-19,B_07,133,S,50,,S,,65892,Matutino,2026-07-19 05:22:33,,178578,"POINT (  575852.351388977,   6137024.87204573)",DR JOAQUIN DE SALTERAIN 1236 ,0
2026-07-19,B_07,134,S,50,,S,,65892,Matutino,2026-07-19 05:22:37,,178579,"POINT (  575852.547987368,   6137022.28981762)",DR JOAQUIN DE SALTERAIN 1236 ,0
2026-07-19,B_07,135,S,75,,S,,65892,Matutino,2026-07-19 05:22:43,,178580,"POINT (  575859.952433586,   6136919.16026455)",DR JOAQUIN DE SALTERAIN 1191 FTE 1187/1191. IGLESIA FTE 1187/1191. IGLESIA,0
2026-07-19,B_07,136,S,25,,S,,65892,Matutino,2026-07-19 05:22:48,,178582,"POINT (  575860.369966075,   6136916.36126509)",DR JOAQUIN DE SALTERAIN 1191 FTE 1187/1191. IGLESIA FTE 1187/1191. IGLESIA,0
2026-07-19,B_07,137,N,,Calle Cerrada,S,,65892,Matutino,2026-07-19 07:55:53,,179068,"POINT (  575873.047072767,   6136774.37761351)",DR JOAQUIN DE SALTERAIN 1124 ,0
2026-07-19,B_07,138,N,,Calle Cerrada,S,,65892,Matutino,2026-07-19 07:56:03,,179069,"POINT (  575873.156005229,   6136772.30789673)",DR JOAQUIN DE SALTERAIN 1124 ,0
2026-07-19,B_07,139,S,75,,S,,65892,Matutino,2026-07-19 05:38:48,,178587,"POINT (  575874.654787226,   6136588.51711583)",DR JOAQUIN DE SALTERAIN 1031 EN 1029/1031. PROV OP (O: DR JOAQUIN DE SALTERAIN 1007) EN 1029/1031. PROV OP (O: DR JOAQUIN DE SALTERAIN 1007),0
2026-07-19,B_07,140,S,50,,S,,65892,Matutino,2026-07-19 05:38:52,,179502,"POINT (  575879.513785889,   6136509.41945971)",DR JOAQUIN DE SALTERAIN 985 EN 991 EN 991,0
2026-07-19,B_07,141,S,75,,S,,65892,Matutino,2026-07-19 05:38:57,,178591,"POINT (  575880.514420924,   6136495.10922776)",DR JOAQUIN DE SALTERAIN 977 ,0
2026-07-19,B_07,142,S,25,,S,,65892,Matutino,2026-07-19 05:39:01,,178600,"POINT (  575880.567690321,   6136493.59104993)",DR JOAQUIN DE SALTERAIN 977 ,0
2026-07-19,B_07,143,S,75,,S,Basura Afuera,65892,Matutino,2026-07-19 03:21:54,,178601,"POINT (  575781.699689028,   6136454.91746753)",DR PABLO DE MARIA Esq. AV GONZALO RAMIREZ FTE 954 FTE 954,0
2026-07-19,B_07,144,S,50,,S,,65892,Matutino,2026-07-19 03:21:44,,178603,"POINT (  575781.593150234,   6136458.85940293)",DR PABLO DE MARIA 967 FTE 954 FTE 954,0
2026-07-19,B_07,145,S,50,,S,,65892,Matutino,2026-07-19 04:55:04,,178605,"POINT (  575786.559680432,   6136565.56041192)",DR PABLO DE MARIA 1010 ESTACIONAMIENTO ESTACIONAMIENTO,0
2026-07-19,B_07,146,S,50,,S,Basura Afuera,65892,Matutino,2026-07-19 04:55:14,,178606,"POINT (  575786.501782012,   6136567.28933736)",DR PABLO DE MARIA 1010 ESTACIONAMIENTO ESTACIONAMIENTO,0
2026-07-19,B_07,147,S,75,,S,,65892,Matutino,2026-07-19 05:00:07,,178607,"POINT (  575778.369312785,   6136667.18158613)",DR PABLO DE MARIA 1048 ,0
2026-07-19,B_07,148,S,25,,S,Basura Afuera,65892,Matutino,2026-07-19 05:00:13,,178609,"POINT (  575778.175318182,   6136669.41391783)",DR PABLO DE MARIA 1048 ,0
2026-07-19,B_07,149,S,75,,S,,65892,Matutino,2026-07-19 05:00:21,,184168,"POINT (  575763.137640376,   6136705.65831597)",DR PABLO DE MARIA 1051 Pablo de Maria 1057 Pablo de Maria 1057,0
2026-07-19,B_07,150,S,75,,S,Basura Afuera,65892,Matutino,2026-07-19 05:03:20,,184169,"POINT (  575774.267132864,   6136751.05227841)",DR PABLO DE MARIA 1084 Pablo de maria 1086 Pablo de maria 1086,0
2026-07-19,B_07,151,S,75,,S,,65892,Matutino,2026-07-19 07:53:52,,183675,"POINT (  575879.252714161,   6136822.17714815)",MALDONADO 2106 ,0
2026-07-19,B_07,152,S,75,,S,,65892,Matutino,2026-07-19 07:53:57,,183676,"POINT (  575882.956417865,   6136821.74141830)",MALDONADO 2112 ,0
2026-07-19,B_07,153,S,50,,S,,65892,Matutino,2026-07-19 07:56:14,,184010,"POINT (  576075.974380397,   6136854.53560549)",MALDONADO 2203 Maldonado 2203 PROV O en Jaun Paullier 1087 Maldonado 2203 PROV O en Jaun Paullier 1087,0
2026-07-19,B_07,154,S,50,,S,,65892,Matutino,2026-07-19 06:20:44,,178617,"POINT (  576078.490135798,   6136854.41131219)",MALDONADO 2203 ,0
2026-07-19,B_07,155,S,50,,S,,65892,Matutino,2026-07-19 06:21:03,,178618,"POINT (  576082.655290873,   6136854.82202244)",MALDONADO 2203 ,0
2026-07-19,B_07,156,S,50,,S,,65892,Matutino,2026-07-19 07:19:35,,178619,"POINT (  576206.353818898,   6136826.76508814)",ACEVEDO DIAZ 1092 EN 1088/1096. CASA TAPEADA EN 1088/1096. CASA TAPEADA,0
2026-07-19,B_07,157,S,75,,S,,65892,Matutino,2026-07-19 07:19:31,,178626,"POINT (  576206.258263623,   6136821.98877310)",ACEVEDO DIAZ 1092 EN 1088/1096. CASA TAPEADA EN 1088/1096. CASA TAPEADA,0
2026-07-19,B_07,158,S,75,,S,,65892,Matutino,2026-07-19 06:16:35,,178631,"POINT (  576110.435392850,   6136708.26896653)",EDIL HUGO PRATO 2214 EN 2214 EN 2214,0
2026-07-19,B_07,159,S,75,,S,,65892,Matutino,2026-07-19 06:16:42,,178633,"POINT (  576113.328321598,   6136708.87931891)",EDIL HUGO PRATO 2214 EN 2214 EN 2214,0
2026-07-19,B_07,160,S,50,,S,,65892,Matutino,2026-07-19 06:16:46,,178635,"POINT (  576181.548798070,   6136713.99658037)",EDIL HUGO PRATO 2244 (*)PROV OV (O: ACEVEDO DIAZ 1050). VERIFICAR QUE ESTE (*)PROV OV (O: ACEVEDO DIAZ 1050). VERIFICAR QUE ESTE,0
2026-07-19,B_07,161,S,75,,S,,65892,Matutino,2026-07-19 07:19:18,,178637,"POINT (  576214.259363923,   6136708.80195552)",ACEVEDO DIAZ 1050 ,0
2026-07-19,B_07,162,S,75,,S,,65892,Matutino,2026-07-19 07:16:48,,184279,"POINT (  576194.732109859,   6136948.09302207)",ACEVEDO DIAZ 1142 ,0
2026-07-19,B_07,163,S,75,,S,,65892,Matutino,2026-07-19 07:16:42,,178639,"POINT (  576195.041378612,   6136943.75630356)",ACEVEDO DIAZ 1142 FTE 1145 FTE 1145,0
2026-07-19,B_07,164,S,75,,S,,65892,Matutino,2026-07-19 06:45:38,,178640,"POINT (  576283.418733475,   6137134.49046631)",DR MARIO CASSINONI 1220 ,0
2026-07-19,B_07,165,S,75,,S,,65892,Matutino,2026-07-19 06:45:43,,178641,"POINT (  576279.832081706,   6137190.64817507)",DR MARIO CASSINONI 1246 EN 1248 EN 1248,0
2026-07-19,B_07,166,S,75,,S,,65892,Matutino,2026-07-19 07:11:45,,178644,"POINT (  576163.002034532,   6137182.04473997)",ACEVEDO DIAZ 1247 ,0
2026-07-19,B_07,167,S,75,,S,,65892,Matutino,2026-07-19 07:23:07,,178645,"POINT (  576165.985120778,   6137134.68824581)",ACEVEDO DIAZ 1221 EN 1217/1221 EN 1217/1221,0
2026-07-19,B_07,168,S,50,,S,,65892,Matutino,2026-07-19 07:23:11,,178646,"POINT (  576166.038390175,   6137131.54535137)",ACEVEDO DIAZ 1217 EN 1217/1221 EN 1217/1221,0
2026-07-19,B_07,169,S,50,,S,,65892,Matutino,2026-07-19 07:56:30,,178649,"POINT (  576378.050591223,   6136986.22643568)",CANELONES 2339 FTE 2348 FTE 2348,0
2026-07-19,B_04,1,S,50,,S,Basura Afuera,65893,Matutino,2026-07-19 02:44:36,,177687,"POINT (  574673.683640346,   6137302.08625601)",TACUAREMBO 1472 ,0
2026-07-19,B_04,2,S,50,,S,Basura Afuera,65893,Matutino,2026-07-19 02:44:43,,177708,"POINT (  574658.326626828,   6137338.83872040)",TACUAREMBO 1494 ,0
2026-07-19,B_04,3,S,50,,S,Basura Afuera,65893,Matutino,2026-07-19 02:44:47,,177709,"POINT (  574638.205780252,   6137392.03155299)",TACUAREMBO 1520 ,0
2026-07-19,B_04,4,S,25,,S,,65893,Matutino,2026-07-19 02:37:01,,177710,"POINT (  574712.169278165,   6137436.43428950)",CARLOS ROXLO 1475 EN 1469 EN 1469,0
2026-07-19,B_04,5,S,25,,S,,65893,Matutino,2026-07-19 02:38:45,,177711,"POINT (  574752.705166214,   6137320.87250556)",CARLOS ROXLO 1427 MURO SUPERMERCADO MURO SUPERMERCADO,0
2026-07-19,B_04,6,S,25,,S,,65893,Matutino,2026-07-19 02:38:42,,177712,"POINT (  574753.550050453,   6137318.78514450)",CARLOS ROXLO 1427 MURO SUPERMERCADO MURO SUPERMERCADO,0
2026-07-19,B_04,7,S,25,,S,Basura Afuera,65893,Matutino,2026-07-19 02:56:35,,177715,"POINT (  574833.029789288,   6137371.42281815)",MINAS 1463 ,0
2026-07-19,B_04,8,S,50,,S,Basura Afuera,65893,Matutino,2026-07-19 02:56:40,,179373,"POINT (  574714.066719986,   6137377.61359304)",COLONIA 1594 ,0
2026-07-19,B_04,9,S,50,,S,Basura Afuera,65893,Matutino,2026-07-19 02:56:43,,179374,"POINT (  574672.051936797,   6137359.04576950)",COLONIA 1562 ,0
2026-07-19,B_04,10,N,,Contenedor No Está,S,,65893,Matutino,2026-07-19 02:56:23,,183778,"POINT (  574877.166716541,   6137554.96052256)",MAGALLANES 1494 ,0
2026-07-19,B_04,11,S,25,,S,Basura Afuera,65893,Matutino,2026-07-19 02:56:28,,177779,"POINT (  574933.907985908,   6137440.05088231)",MAGALLANES 1420 EN 1418/1424 EN 1418/1424,0
2026-07-19,B_04,12,S,25,,S,,65893,Matutino,2026-07-19 03:16:06,,177780,"POINT (  575028.187127149,   6137467.28597424)",GABOTO 1468 EN 1472 EN 1472,0
2026-07-19,B_04,13,S,50,,S,Basura Afuera,65893,Matutino,2026-07-19 03:16:16,,177781,"POINT (  575007.673253256,   6137506.09751066)",GABOTO 1488 EN 1494 EN 1494,0
2026-07-19,B_04,14,S,50,,S,Basura Afuera,65893,Matutino,2026-07-19 03:16:09,,177782,"POINT (  575006.902917626,   6137507.19089026)",GABOTO 1488 EN 1494 EN 1494,0
2026-07-19,B_04,15,S,25,,S,Basura Afuera,65893,Matutino,2026-07-19 03:16:24,,177783,"POINT (  574969.182290593,   6137589.53977362)",GABOTO 1550 FTE 1543 FTE 1543,0
2026-07-19,B_04,16,S,25,,S,Basura Afuera,65893,Matutino,2026-07-19 03:16:21,,180002,"POINT (  574967.900635211,   6137593.24868874)",GABOTO 1550 PROV OV (O: AV URUGUAY 1760/1754) PROV OV (O: AV URUGUAY 1760/1754),0
2026-07-19,B_04,17,S,75,,S,Basura Afuera,65893,Matutino,2026-07-19 03:21:11,,177784,"POINT (  575106.985007189,   6137562.38515018)",COLONIA 1796 EN 1796/1800 EN 1796/1800,0
2026-07-19,B_04,18,S,75,,S,Basura Afuera,65893,Matutino,2026-07-19 03:22:01,,177785,"POINT (  575105.792229440,   6137561.73906224)",COLONIA 1796 EN 1796/1800 EN 1796/1800,0
2026-07-19,B_04,19,S,25,,S,,65893,Matutino,2026-07-19 02:46:55,,180181,"POINT (  574789.169776836,   6137511.89230904)",MINAS Esq. MERCEDES ,0
2026-07-19,B_04,20,S,50,,S,Basura Afuera,65893,Matutino,2026-07-19 03:07:14,,177786,"POINT (  575187.913221098,   6137674.28663310)",EDUARDO ACEVEDO 1595 FTE 1569 FTE 1569,0
2026-07-19,B_04,21,S,50,,S,Basura Afuera,65893,Matutino,2026-07-19 03:07:17,,177787,"POINT (  575188.879632207,   6137671.61214654)",EDUARDO ACEVEDO 1551 FTE 1569 FTE 1569,0
2026-07-19,B_04,22,S,50,,S,Basura Afuera,65893,Matutino,2026-07-19 03:07:20,,177788,"POINT (  575190.093264762,   6137669.29725481)",EDUARDO ACEVEDO 1551 FTE 1569 FTE 1569,0
2026-07-19,B_04,23,S,50,,S,Basura Afuera,65893,Matutino,2026-07-19 03:07:23,,177789,"POINT (  575218.366408367,   6137605.04215341)",EDUARDO ACEVEDO 1542 ,0
2026-07-19,B_04,24,S,50,,S,Basura Afuera,65893,Matutino,2026-07-19 03:07:26,,177790,"POINT (  575218.815901906,   6137603.60377409)",EDUARDO ACEVEDO 1542 ,0
2026-07-19,B_04,25,S,25,,S,,65893,Matutino,2026-07-19 03:07:38,,177809,"POINT (  575233.357017894,   6137537.68554659)",EDUARDO ACEVEDO 1503 EN 1507/1511 EN 1507/1511,0
2026-07-19,B_04,26,S,25,,S,,65893,Matutino,2026-07-19 03:07:34,,177810,"POINT (  575234.098682233,   6137536.29211662)",EDUARDO ACEVEDO 1503 EN 1507/1511 EN 1507/1511,0
2026-07-19,B_04,27,S,25,,S,,65893,Matutino,2026-07-19 07:44:15,,177816,"POINT (  574883.811719674,   6138231.64757235)",ARENAL GRANDE 1883 ,0
2026-07-19,B_04,28,S,25,,S,,65893,Matutino,2026-07-19 07:44:08,,177817,"POINT (  574884.465827862,   6138230.57847201)",ARENAL GRANDE 1883 ,0
2026-07-19,B_04,29,S,25,,S,,65893,Matutino,2026-07-19 07:47:21,,177818,"POINT (  575004.025414283,   6138123.71274809)",ARENAL GRANDE 1819 FTE 1816. MURO FTE 1816. MURO,0
2026-07-19,B_04,30,S,25,,S,,65893,Matutino,2026-07-19 07:47:15,,177819,"POINT (  575005.643591023,   6138121.73497652)",ARENAL GRANDE 1819 FTE 1816. MURO FTE 1816. MURO,0
2026-07-19,B_04,31,S,25,,S,,65893,Matutino,2026-07-19 07:49:56,,177820,"POINT (  575140.671450147,   6137999.69748068)",ARENAL GRANDE 1717 ,0
2026-07-19,B_04,32,S,25,,S,Basura Afuera,65893,Matutino,2026-07-19 07:49:50,,177821,"POINT (  575142.072070031,   6137997.99725370)",ARENAL GRANDE 1717 ,0
2026-07-19,B_04,33,S,25,,S,,65893,Matutino,2026-07-19 08:02:57,,177822,"POINT (  575213.804048947,   6137930.56537438)",ARENAL GRANDE 1681 FTE 1678. MURO FTE 1678. MURO,0
2026-07-19,B_04,34,S,50,,S,Basura Afuera,65893,Matutino,2026-07-19 08:03:00,,177823,"POINT (  575296.355473229,   6137868.82513885)",ARENAL GRANDE 1638 EN 1638 EN 1638,0
2026-07-19,B_04,35,S,50,,S,Basura Afuera,65893,Matutino,2026-07-19 08:03:05,,177824,"POINT (  575356.698045003,   6137814.14654777)",ARENAL GRANDE 1604 (*) UTU. VERIFICAR (*) UTU. VERIFICAR,0
2026-07-19,B_04,36,S,50,,S,Basura Afuera,65893,Matutino,2026-07-19 08:03:09,,177825,"POINT (  575361.282879101,   6137809.47181496)",ARENAL GRANDE 1604 (*) UTU. VERIFICAR (*) UTU. VERIFICAR,0
2026-07-19,B_04,37,S,50,,S,Basura Afuera,65893,Matutino,2026-07-19 06:46:01,,177826,"POINT (  575464.527548949,   6137658.06227082)",ARENAL GRANDE 1533 FTE 1510 FTE 1510,0
2026-07-19,B_04,38,S,50,,S,Basura Afuera,65893,Matutino,2026-07-19 06:46:06,,177827,"POINT (  575464.843789252,   6137657.28296436)",ARENAL GRANDE 1533 FTE 1510 FTE 1510,0
2026-07-19,B_04,39,S,50,,S,Basura Afuera,65893,Matutino,2026-07-19 06:45:56,,177828,"POINT (  575465.103558073,   6137656.65048375)",ARENAL GRANDE 1533 FTE 1510 FTE 1510,0
2026-07-19,B_04,40,S,100,,S,Basura Afuera,65893,Matutino,2026-07-19 03:31:43,,181137,"POINT (  575172.154974858,   6137802.95554414)",AV URUGUAY 1884 ,0
2026-07-19,B_04,41,S,75,,S,Basura Afuera,65893,Matutino,2026-07-19 03:31:37,,177831,"POINT (  575092.485880202,   6137765.88978582)",AV URUGUAY 1830 EN 1832 EN 1832,0
2026-07-19,B_04,42,S,75,,S,Basura Afuera,65893,Matutino,2026-07-19 03:31:33,,177832,"POINT (  575090.715910261,   6137764.81707677)",AV URUGUAY 1830 EN 1832 EN 1832,0
2026-07-19,B_04,43,S,50,,S,Basura Afuera,65893,Matutino,2026-07-19 03:34:21,,181138,"POINT (  575078.867147782,   6137889.41743265)",PAYSANDU 1839 ,0
2026-07-19,B_04,44,S,50,,S,Basura Afuera,65893,Matutino,2026-07-19 03:34:17,,181139,"POINT (  575083.417773493,   6137891.69274551)",PAYSANDU 1843 ,0
2026-07-19,B_04,45,S,75,,S,Basura Afuera,65893,Matutino,2026-07-19 03:43:55,,177833,"POINT (  575249.480120848,   6138036.70259187)",PAYSANDU 1940 ESTACIONAMIENTO ESTACIONAMIENTO,0
2026-07-19,B_04,46,S,25,,S,Basura Afuera,65893,Matutino,2026-07-19 03:44:01,,182220,"POINT (  575345.900351195,   6138010.84407429)",REPUBLICA 1658 ,0
2026-07-19,B_04,47,S,25,,S,Basura Afuera,65893,Matutino,2026-07-19 03:44:04,,182221,"POINT (  575347.379304551,   6138009.59265222)",REPUBLICA 1658 ,0
2026-07-19,B_04,48,S,25,,S,Basura Afuera,65893,Matutino,2026-07-19 04:06:32,,177851,"POINT (  575495.505942731,   6137855.20021968)",REPUBLICA 1593 FTE 1593 FTE 1593,0
2026-07-19,B_04,49,S,25,,S,Basura Afuera,65893,Matutino,2026-07-19 04:06:26,,177852,"POINT (  575497.651360842,   6137853.37661429)",REPUBLICA 1593 FTE 1593 FTE 1593,0
2026-07-19,B_04,50,S,25,,S,Basura Afuera,65893,Matutino,2026-07-19 06:40:03,,177853,"POINT (  575553.967083367,   6137745.06223718)",DR PABLO DE MARIA 1588 EN 1590 EN 1590,0
2026-07-19,B_04,51,S,25,,S,Basura Afuera,65893,Matutino,2026-07-19 06:40:06,,177854,"POINT (  575553.082098397,   6137746.83220712)",DR PABLO DE MARIA 1592 EN 1590 EN 1590,0
2026-07-19,B_04,52,S,25,,S,Basura Afuera,65893,Matutino,2026-07-19 06:40:10,,177855,"POINT (  575530.905341563,   6137762.00862048)",DR PABLO DE MARIA 1595 ,0
2026-07-19,B_04,53,S,25,,S,Basura Afuera,65893,Matutino,2026-07-19 06:40:14,,177856,"POINT (  575530.073992045,   6137763.40314226)",DR PABLO DE MARIA 1595 ,0
2026-07-19,B_04,54,S,25,,S,,65893,Matutino,2026-07-19 03:46:07,,177857,"POINT (  575533.426207843,   6137934.58068979)",DEFENSA 1656 ,0
2026-07-19,B_04,55,S,25,,S,Basura Afuera,65893,Matutino,2026-07-19 03:49:32,,177858,"POINT (  575524.737443883,   6138012.78224272)",DEFENSA 1700 FTE 1693 FTE 1693,0
2026-07-19,B_04,56,S,25,,S,Basura Afuera,65893,Matutino,2026-07-19 03:49:26,,183531,"POINT (  575524.719635495,   6138014.70699102)",DEFENSA 1700 ,0
2026-07-19,B_04,57,S,50,,S,Basura Afuera,65893,Matutino,2026-07-19 06:58:03,,183392,"POINT (  575493.553812827,   6138288.30401521)",DEFENSA 1816 ,0
2026-07-19,B_04,58,S,50,,S,Basura Afuera,65893,Matutino,2026-07-19 06:58:00,,177860,"POINT (  575493.038711903,   6138291.52462801)",DEFENSA 1816 ,0
2026-07-19,B_04,59,N,,Otros,S,,65893,Matutino,2026-07-19 02:37:12,,175883,"POINT (  579101.970227015,   6137420.40082940)",TTE GRAL PABLO GALARZA 3618 FTE 3641 FTE 3641,0
2026-07-19,B_04,60,S,50,,S,Basura Afuera,65893,Matutino,2026-07-19 06:57:56,,177861,"POINT (  575487.031541192,   6138341.83468271)",DEFENSA 1844 EN 1846 EN 1846,0
2026-07-19,B_04,61,S,25,,S,Basura Afuera,65893,Matutino,2026-07-19 06:57:50,,177862,"POINT (  575483.491601309,   6138390.21386112)",DEFENSA 1864 MURO MURO,0
2026-07-19,B_04,62,S,25,,S,,65893,Matutino,2026-07-19 06:57:47,,182183,"POINT (  575470.036824573,   6138510.32200615)",DEFENSA 1926 PROV OV(O: DEFENSA 1944) PROV OV(O: DEFENSA 1944),0
2026-07-19,B_04,63,S,25,,S,Basura Afuera,65893,Matutino,2026-07-19 07:01:59,,177864,"POINT (  575569.940623403,   6138413.85284581)",DR MARTIN C MARTINEZ 1916 EN 1914/1930. MURO EN 1914/1930. MURO,0
2026-07-19,B_04,64,S,25,,S,Basura Afuera,65893,Matutino,2026-07-19 03:59:33,,177865,"POINT (  575584.093832121,   6138103.33225631)",DR MARTIN C MARTINEZ 1781 EN 1781 EN 1781,0
2026-07-19,B_04,65,S,25,,S,,65893,Matutino,2026-07-19 03:59:49,,179376,"POINT (  575594.852436895,   6137968.32789148)",DR MARTIN C MARTINEZ 1705 ,0
2026-07-19,B_04,66,S,25,,S,,65893,Matutino,2026-07-19 04:03:00,,177867,"POINT (  575644.011724561,   6137885.66711453)",DR MARTIN C MARTINEZ 1667 REBAJE/EDIFICIO REBAJE/EDIFICIO,0
2026-07-19,B_04,67,S,25,,S,Basura Afuera,65893,Matutino,2026-07-19 06:33:06,,177868,"POINT (  575700.286101427,   6137824.35983433)",DR MARTIN C MARTINEZ 1642 EN 1644/1650 EN 1644/1650,0
2026-07-19,B_04,68,S,25,,S,Basura Afuera,65893,Matutino,2026-07-19 06:33:09,,177869,"POINT (  575701.680623199,   6137821.78533260)",DR MARTIN C MARTINEZ 1642 EN 1644 EN 1644,0
2026-07-19,B_04,69,S,25,,S,,65893,Matutino,2026-07-19 06:33:11,,177870,"POINT (  575717.192257177,   6137796.11245761)",DR MARTIN C MARTINEZ 1622 EN 1630 EN 1630,0
2026-07-19,B_04,70,S,25,,S,,65893,Matutino,2026-07-19 08:13:31,,182172,"POINT (  575773.723330148,   6137934.18713470)",DR JOAQUIN REQUENA 1667 ,0
2026-07-19,B_04,71,S,25,,S,,65893,Matutino,2026-07-19 08:13:25,,177872,"POINT (  575746.899923425,   6137991.48157503)",DR JOAQUIN REQUENA 1691 ,0
2026-07-19,B_04,72,S,25,,S,,65893,Matutino,2026-07-19 08:13:21,,177873,"POINT (  575745.955179370,   6137993.24359620)",DR JOAQUIN REQUENA 1691 ,0
2026-07-19,B_04,73,S,25,,S,,65893,Matutino,2026-07-19 08:12:50,,177874,"POINT (  575684.088194689,   6138551.14703717)",DR JOAQUIN REQUENA 1925 EN 1925/1939 EN 1925/1939,0
2026-07-19,B_04,74,S,25,,S,,65893,Matutino,2026-07-19 08:13:49,,177875,"POINT (  575823.647642811,   6138504.26965145)",JUAN PAULLIER 1906 ,0
2026-07-19,B_04,75,S,25,,S,,65893,Matutino,2026-07-19 08:13:44,,177876,"POINT (  575823.540371906,   6138501.48060790)",JUAN PAULLIER 1906 ,0
2026-07-19,B_04,76,S,25,,S,,65893,Matutino,2026-07-19 08:13:54,,177908,"POINT (  575828.689375372,   6138430.35999752)",JUAN PAULLIER 1856 EN 1860 EN 1860,0
2026-07-19,B_04,77,S,25,,S,,65893,Matutino,2026-07-19 08:14:01,,177909,"POINT (  575823.483089322,   6138361.37699057)",JUAN PAULLIER 1843 ,0
2026-07-19,B_04,78,S,25,,S,,65893,Matutino,2026-07-19 08:14:06,,177910,"POINT (  575839.755172317,   6138330.92137282)",JUAN PAULLIER 1822 ,0
2026-07-19,B_04,79,S,25,,S,,65893,Matutino,2026-07-19 08:14:10,,177911,"POINT (  575845.821703092,   6138253.25297924)",JUAN PAULLIER 1788 ,0
2026-07-19,B_04,80,S,25,,S,,65893,Matutino,2026-07-19 08:14:13,,177912,"POINT (  575851.278145875,   6138187.79866213)",JUAN PAULLIER 1752 EN 1754 EN 1754,0
2026-07-19,B_04,81,S,25,,S,,65893,Matutino,2026-07-19 08:14:19,,177913,"POINT (  575845.279703634,   6138110.10069921)",JUAN PAULLIER 1711 ,0
2026-07-19,B_04,82,S,25,,S,,65893,Matutino,2026-07-19 08:14:24,,177914,"POINT (  575851.859890971,   6138071.32427664)",JUAN PAULLIER 1693 PDO RESERVADO PDO RESERVADO,0
2026-07-19,B_04,83,S,25,,S,,65893,Matutino,2026-07-19 08:14:30,,182184,"POINT (  575868.808156428,   6138022.61231286)",JUAN PAULLIER 1675 ,0
2026-07-19,B_04,84,S,25,,S,,65893,Matutino,2026-07-19 08:14:32,,182185,"POINT (  575870.628406712,   6138019.42687486)",JUAN PAULLIER 1675 ,0
2026-07-19,B_04,85,S,25,,S,,65893,Matutino,2026-07-19 08:14:35,,183673,"POINT (  575873.661785403,   6138012.92959260)",JUAN PAULLIER 1675 PROV O: Juan Paullier 1604 PROV O: Juan Paullier 1604,0
2026-07-19,B_04,86,S,25,,S,,65893,Matutino,2026-07-19 08:13:38,,182192,"POINT (  575816.385082822,   6137873.93952662)",DR JOAQUIN REQUENA 1642 PROV OV(O: DR JOAQUIN REQUENA 1617) PROV OV(O: DR JOAQUIN REQUENA 1617),0
2026-07-19,B_04,87,S,25,,S,,65893,Matutino,2026-07-19 08:15:30,,177921,"POINT (  575915.073406382,   6138118.59551805)",EDUARDO VICTOR HAEDO 2225 ,0
2026-07-19,B_04,88,S,25,,S,,65893,Matutino,2026-07-19 08:15:17,,179377,"POINT (  576081.817327152,   6138166.42985304)",ACEVEDO DIAZ 1693 FTE 1698 FTE 1698,0
2026-07-19,B_04,89,S,25,,S,,65893,Matutino,2026-07-19 08:15:15,,177923,"POINT (  576085.335016903,   6138124.47701034)",ACEVEDO DIAZ 1675 EN 1681 EN 1681,0
2026-07-19,B_04,90,S,25,,S,,65893,Matutino,2026-07-19 08:15:04,,177924,"POINT (  576085.431502049,   6138123.33081739)",ACEVEDO DIAZ 1675 EN 1681 EN 1681,0
2026-07-19,B_04,91,S,25,,S,,65893,Matutino,2026-07-19 08:14:55,,177925,"POINT (  576103.141987225,   6138066.01436681)",ACEVEDO DIAZ 1658 EN 1658/1654 EN 1658/1654,0
2026-07-19,B_04,92,S,25,,S,,65893,Matutino,2026-07-19 08:14:59,,177926,"POINT (  576103.678341752,   6138060.75809244)",ACEVEDO DIAZ 1652 EN 1658/1654 EN 1658/1654,0
2026-07-19,B_04,93,S,25,,S,,65893,Matutino,2026-07-19 08:14:52,,177927,"POINT (  576109.256428841,   6137994.14286009)",ACEVEDO DIAZ 1638 EN 638/1628. MURO EN 638/1628. MURO,0
2026-07-19,B_04,94,S,25,,S,,65893,Matutino,2026-07-19 08:14:50,,177928,"POINT (  576109.900054274,   6137989.36930480)",ACEVEDO DIAZ 1628 EN 638/1628. MURO EN 638/1628. MURO,0
2026-07-19,B_04,95,S,25,,S,,65893,Matutino,2026-07-19 08:14:43,,177929,"POINT (  576009.333580320,   6137945.54913988)",ALEJANDRO BEISSO 1636 FTE 1635. MURO FTE 1635. MURO,0
2026-07-19,B_04,96,S,25,,S,,65893,Matutino,2026-07-19 08:14:41,,177930,"POINT (  576006.651807681,   6137949.19635067)",ALEJANDRO BEISSO 1636 FTE 1635. MURO FTE 1635. MURO,0
2026-07-19,B_04,97,S,25,,S,,65893,Matutino,2026-07-19 08:15:01,,177944,"POINT (  576148.318145266,   6138052.04121753)",COLONIA 2274 EN 2288/2276 EN 2288/2276,0
2026-07-19,B_04,98,S,25,,S,,65893,Matutino,2026-07-19 08:15:38,,177945,"POINT (  576197.177272162,   6138182.69364007)",DR MARIO CASSINONI 1690 ,0
2026-07-19,B_04,99,S,25,,S,,65893,Matutino,2026-07-19 08:15:32,,177947,"POINT (  576197.267626535,   6138181.15761574)",DR MARIO CASSINONI 1690 ,0
2026-07-19,B_04,100,S,25,,S,,65893,Matutino,2026-07-19 08:15:46,,177950,"POINT (  576203.366546674,   6138108.28681437)",DR MARIO CASSINONI 1656 EN 1656 EN 1656,0
2026-07-19,B_04,101,S,25,,S,,65893,Matutino,2026-07-19 08:15:43,,177953,"POINT (  576203.456901047,   6138106.47972692)",DR MARIO CASSINONI 1656 EN 1656 EN 1656,0
2026-07-19,B_04,102,S,25,,S,,65893,Matutino,2026-07-19 08:15:41,,177954,"POINT (  576203.592432605,   6138104.22086761)",DR MARIO CASSINONI 1656 EN 1656 EN 1656,0
2026-07-19,B_04,103,S,50,,S,,65893,Matutino,2026-07-19 08:13:15,,177957,"POINT (  575732.923274441,   6138125.52290167)",DR JOAQUIN REQUENA 1738 ,0
2026-07-19,B_04,104,S,50,,S,,65893,Matutino,2026-07-19 08:13:10,,177958,"POINT (  575732.655097177,   6138126.86378799)",DR JOAQUIN REQUENA 1738 ,0
2026-07-19,B_04,105,S,25,,S,,65893,Matutino,2026-07-19 08:13:04,,177959,"POINT (  575722.003627508,   6138244.58638519)",DR JOAQUIN REQUENA 1786 FTE 1791 FTE 1791,0
2026-07-19,B_04,106,S,50,,S,,65893,Matutino,2026-07-19 08:13:00,,177962,"POINT (  575713.239253382,   6138350.88830437)",DR JOAQUIN REQUENA 1844 EN 1844/1846 EN 1844/1846,0
2026-07-19,B_04,107,S,50,,S,Basura Afuera,65893,Matutino,2026-07-19 08:12:57,,183845,"POINT (  575712.888391720,   6138357.15373567)",DR JOAQUIN REQUENA 1846 Joaquin Requena 1846 Joaquin Requena 1846,0
2026-07-19,B_04,108,S,25,,S,,65893,Matutino,2026-07-19 08:12:53,,177963,"POINT (  575705.252982552,   6138447.33118777)",DR JOAQUIN REQUENA 1880 ,0
2026-07-19,B_04,109,S,25,,S,,65893,Matutino,2026-07-19 07:03:05,,177965,"POINT (  575670.681494639,   6138469.37599864)",GOES 2092 ESTACIONAMIENTO ESTACIONAMIENTO,0
2026-07-19,B_04,110,S,25,,S,Basura Afuera,65893,Matutino,2026-07-19 07:06:24,,177968,"POINT (  575422.094876792,   6138449.71339922)",GOES 1980 EN 1980 EN 1980,0
2026-07-19,B_04,111,S,25,,S,Basura Afuera,65893,Matutino,2026-07-19 07:25:43,,177970,"POINT (  575281.450597080,   6138437.81769188)",GOES 1906 MURO MURO,0
2026-07-19,B_04,112,S,25,,S,Basura Afuera,65893,Matutino,2026-07-19 07:25:39,,182140,"POINT (  575277.156779739,   6138437.13763137)",GOES 1906 ,0
2026-07-19,B_04,113,S,25,,S,,65893,Matutino,2026-07-19 06:58:24,,177972,"POINT (  575547.868163227,   6138519.91874660)",DR MARTIN C MARTINEZ 1963 FTE 1976. UTU FTE 1976. UTU,0
2026-07-19,B_04,114,S,75,,S,Basura Afuera,65893,Matutino,2026-07-19 07:14:07,,177975,"POINT (  575569.425996462,   6138276.70229718)",DR MARTIN C MARTINEZ 1851 EN 1855 EN 1855,0
2026-07-19,B_04,115,S,25,,S,,65893,Matutino,2026-07-19 07:14:16,,177977,"POINT (  575531.042281088,   6138249.04851432)",DR SALVADOR FERRER SERRA 2072 ,0
2026-07-19,B_04,116,S,25,,S,Basura Afuera,65893,Matutino,2026-07-19 03:56:44,,177979,"POINT (  575465.419798377,   6138257.12305437)",DR SALVADOR FERRER SERRA 2040 EN 2025 EN 2025,0
2026-07-19,B_04,117,S,25,,S,,65893,Matutino,2026-07-19 03:56:47,,177980,"POINT (  575383.739445692,   6138169.29860436)",CONSTITUCION 1757 EN 1775 EN 1775,0
2026-07-19,B_04,118,S,25,,S,Basura Afuera,65893,Matutino,2026-07-19 03:56:35,,179378,"POINT (  575504.633596015,   6138193.73946210)",DEFENSA 1776 ,0
2026-07-19,B_04,119,S,25,,S,Basura Afuera,65893,Matutino,2026-07-19 03:56:41,,177985,"POINT (  575502.465091076,   6138217.27677612)",DEFENSA 1786 EN 1786/1782 EN 1786/1782,0
2026-07-19,B_04,120,S,25,,S,,65893,Matutino,2026-07-19 07:14:27,,177988,"POINT (  575348.169945338,   6138244.55022527)",DR SALVADOR FERRER SERRA 1986 FTE 1986. UTU FTE 1986. UTU,0
2026-07-19,B_04,121,S,25,,S,,65893,Matutino,2026-07-19 07:14:32,,177990,"POINT (  575206.685803364,   6138220.92776878)",DR SALVADOR FERRER SERRA 1912 MURO MURO,0
2026-07-19,B_04,122,S,25,,S,,65893,Matutino,2026-07-19 07:18:44,,177996,"POINT (  575269.667050489,   6138300.71903907)",DEMOCRACIA 1825 EN 1825 EN 1825,0
2026-07-19,B_04,123,S,25,,S,,65893,Matutino,2026-07-19 07:18:47,,183400,"POINT (  575269.046797389,   6138303.91505517)",DEMOCRACIA 1825 ,0
2026-07-19,B_04,124,S,25,,S,,65893,Matutino,2026-07-19 07:18:57,,177998,"POINT (  575264.336142515,   6138362.34072108)",DEMOCRACIA 1857 ,0
2026-07-19,B_04,125,S,50,,S,Basura Afuera,65893,Matutino,2026-07-19 07:58:19,,178003,"POINT (  575064.743333798,   6138269.00465435)",JUSTICIA 1828 FTE 1828 FTE 1828,0
2026-07-19,B_04,126,S,50,,S,Basura Afuera,65893,Matutino,2026-07-19 07:58:15,,178004,"POINT (  575065.160764378,   6138266.73860265)",JUSTICIA 1828 FTE 1828 FTE 1828,0
2026-07-19,B_04,127,S,50,,S,Basura Afuera,65893,Matutino,2026-07-19 07:58:12,,182186,"POINT (  575066.320373151,   6138263.60377429)",JUSTICIA 1828 PROV OV(O: REPUBLICA 1869) PROV OV(O: REPUBLICA 1869),0
2026-07-19,B_04,128,S,25,,S,Basura Afuera,65893,Matutino,2026-07-19 07:32:47,,178008,"POINT (  575141.168080610,   6138120.60912811)",CERRO LARGO 1887 ,0
2026-07-19,B_04,129,S,25,,S,Basura Afuera,65893,Matutino,2026-07-19 07:32:51,,178009,"POINT (  575140.000687563,   6138119.43412822)",CERRO LARGO 1887 ,0
2026-07-19,B_04,130,S,25,,S,,65893,Matutino,2026-07-19 07:36:11,,181141,"POINT (  575051.563393516,   6137998.63244972)",CERRO LARGO 1802 ,0
2026-07-19,B_04,131,S,25,,S,,65893,Matutino,2026-07-19 07:36:15,,181140,"POINT (  575048.833018089,   6137996.35713686)",CERRO LARGO 1802 ,0
2026-07-19,B_04,132,S,25,,S,Basura Afuera,65893,Matutino,2026-07-19 03:37:14,,183534,"POINT (  574987.523860524,   6137966.04883868)",CERRO LARGO 1787 ,0
2026-07-19,B_04,133,S,25,,S,,65893,Matutino,2026-07-19 07:41:01,,183160,"POINT (  574876.069073238,   6138269.63474636)",ARENAL GRANDE 1896 PROV OV (O: MIGUELETE 1720 - Alta del 13/8/24) PROV OV (O: MIGUELETE 1720 - Alta del 13/8/24),0
2026-07-19,B_04,134,S,25,,S,,65893,Matutino,2026-07-19 07:41:04,,183161,"POINT (  574885.149121028,   6138273.93582163)",MIGUELETE 1814 PROV OV (O: MIGUELETE 1720 - Alta del 13/8/24) PROV OV (O: MIGUELETE 1720 - Alta del 13/8/24),0
2026-07-19,B_04,135,S,25,,S,,65893,Matutino,2026-07-19 07:41:07,,183162,"POINT (  574894.229168817,   6138282.06007491)",MIGUELETE 1818 PROV OV (O: MIGUELETE 1720 - Alta del 13/8/24) PROV OV (O: MIGUELETE 1720 - Alta del 13/8/24),0
2026-07-19,B_04,136,S,25,,S,,65893,Matutino,2026-07-19 07:27:22,,178018,"POINT (  575163.179833687,   6138404.96592811)",INCA 1880 EN 1880 EN 1880,0
2026-07-19,B_04,137,S,25,,S,,65893,Matutino,2026-07-19 07:27:32,,178020,"POINT (  575163.357078743,   6138402.85164355)",INCA 1880 EN 1880 EN 1880,0
2026-07-19,B_04,138,S,25,,S,,65893,Matutino,2026-07-19 07:27:27,,178023,"POINT (  575173.528796018,   6138300.76340346)",INCA 1834 ,0
2026-07-19,B_04,139,S,25,,S,,65893,Matutino,2026-07-19 08:16:28,,178028,"POINT (  575959.198419690,   6138306.64981603)",CUFRE 1802 EN 1802 EN 1802,0
2026-07-19,B_04,140,S,25,,S,,65893,Matutino,2026-07-19 08:16:25,,179381,"POINT (  575953.896014058,   6138370.38370000)",CUFRE 1838 EN 1838 BIS EN 1838 BIS,0
2026-07-19,B_04,141,S,25,,S,,65893,Matutino,2026-07-19 08:16:33,,178030,"POINT (  575932.543228912,   6138466.27229416)",CUFRE 1881 EN 1883 EN 1883,0
2026-07-19,B_04,142,S,25,,S,,65893,Matutino,2026-07-19 08:15:54,,178031,"POINT (  576166.102184614,   6138554.59311586)",DR DUVIMIOSO TERRA 1866 MURO MURO,0
2026-07-19,B_04,143,S,25,,S,,65893,Matutino,2026-07-19 08:15:56,,178032,"POINT (  576162.967195788,   6138625.47112410)",DR DUVIMIOSO TERRA 1890 FTE 1893 FTE 1893,0
2026-07-19,B_04,144,S,25,,S,,65893,Matutino,2026-07-19 08:16:06,,178034,"POINT (  576055.553838991,   6138543.19537109)",ACEVEDO DIAZ 1865 EN 1869/1865 EN 1869/1865,0
2026-07-19,B_04,145,S,25,,S,,65893,Matutino,2026-07-19 08:16:08,,178035,"POINT (  576055.686861727,   6138541.09329395)",ACEVEDO DIAZ 1865 EN 1869/1865 EN 1869/1865,0
2026-07-19,B_04,146,S,25,,S,,65893,Matutino,2026-07-19 08:15:24,,178038,"POINT (  576072.264714323,   6138283.64629947)",ACEVEDO DIAZ 1745 EN 1739/1745. MURO EN 1739/1745. MURO,0
2026-07-19,B_04,147,S,25,,S,,65893,Matutino,2026-07-19 08:15:27,,178039,"POINT (  575973.325722281,   6138239.21659125)",MANUEL FERNANDEZ LUNA 2261 ,0
2026-07-19,B_04,148,S,25,,S,,65893,Matutino,2026-07-19 06:27:21,,178043,"POINT (  576015.364758272,   6138291.84189236)",DR SALVADOR FERRER SERRA 2278 ,0
2026-07-19,B_04,149,S,25,,S,,65893,Matutino,2026-07-19 08:16:14,,178044,"POINT (  576004.173196558,   6138498.91298823)",GOES 2224 VEREDA. EN 2232 VEREDA. EN 2232,0
2026-07-19,B_04,150,S,25,,S,,65893,Matutino,2026-07-19 08:16:37,,179382,"POINT (  575924.983547214,   6138557.85054351)",CUFRE 1915 EN 1920 EN 1920,0
2026-07-19,B_04,151,S,25,,S,,65893,Matutino,2026-07-19 08:16:19,,180521,"POINT (  576020.423362558,   6138396.08832647)",LA PAZ 2336 EN 2334 EN 2334,0
2026-07-19,B_04,152,S,25,,S,,65893,Matutino,2026-07-19 08:16:22,,180520,"POINT (  576016.928667386,   6138396.08832647)",LA PAZ 2330 EN 2334 EN 2334,0
2026-07-19,B_04,153,S,50,,S,Basura Afuera,65893,Matutino,2026-07-19 07:06:39,,178050,"POINT (  575438.478242175,   6138348.46725439)",LA PAZ 2054 FTE 2081. EDIFICIO FTE 2081. EDIFICIO,0
2026-07-19,B_04,154,S,50,,S,Basura Afuera,65893,Matutino,2026-07-19 07:06:36,,178051,"POINT (  575436.170651918,   6138348.23269097)",LA PAZ 2054 FTE 2081. EDIFICIO FTE 2081. EDIFICIO,0
2026-07-19,B_06,1,S,75,,S,,65894,Matutino,2026-07-19 06:21:14,,178188,"POINT (  575353.668634085,   6137077.72388476)",DR EMILIO FRUGONI 1302 COMERCIO COMERCIO,0
2026-07-19,B_06,2,S,50,,S,,65894,Matutino,2026-07-19 06:21:17,,178189,"POINT (  575329.623511126,   6137147.25059702)",DR EMILIO FRUGONI 1334 EN 1336 EN 1336,0
2026-07-19,B_06,3,S,50,,S,,65894,Matutino,2026-07-19 06:21:21,,179080,"POINT (  575328.811823183,   6137149.72585717)",DR EMILIO FRUGONI 1334 EN 1336 EN 1336,0
2026-07-19,B_06,4,S,75,,S,,65894,Matutino,2026-07-19 06:24:58,,178191,"POINT (  575285.812884854,   6137252.49844251)",DR EMILIO FRUGONI 1386 FTE 1393 FTE 1393,0
2026-07-19,B_06,5,S,25,,S,,65894,Matutino,2026-07-19 06:25:04,,183535,"POINT (  575283.740220364,   6137256.49338658)",DR EMILIO FRUGONI 1393 ,0
2026-07-19,B_06,6,S,25,,S,,65894,Matutino,2026-07-19 06:25:16,,178192,"POINT (  575263.536450078,   6137293.85714077)",DR EMILIO FRUGONI 1409 FTE 1411 FTE 1411,0
2026-07-19,B_06,7,S,25,,S,,65894,Matutino,2026-07-19 06:25:21,,178193,"POINT (  575262.657605131,   6137295.48928139)",DR EMILIO FRUGONI 1409 FTE 1411 FTE 1411,0
2026-07-19,B_06,8,S,75,,S,,65894,Matutino,2026-07-19 06:25:47,,178194,"POINT (  575224.118404334,   6137370.87900930)",DR EMILIO FRUGONI 1447 FTE 1447 FTE 1447,0
2026-07-19,B_06,9,S,50,,S,,65894,Matutino,2026-07-19 02:28:30,,177549,"POINT (  575313.549713608,   6137397.90581784)",EDUARDO ACEVEDO 1442 EN 1444 EN 1444,0
2026-07-19,B_06,10,S,50,,S,,65894,Matutino,2026-07-19 02:28:35,,183894,"POINT (  575316.351245534,   6137394.02320523)",EDUARDO ACEVEDO 1442 PROV por filmación: Eduardo Acevedo y Guayabos PROV por filmación: Eduardo Acevedo y Guayabos,0
2026-07-19,B_06,11,S,50,,S,,65894,Matutino,2026-07-19 02:28:40,,183895,"POINT (  575318.312029848,   6137390.75523137)",EDUARDO ACEVEDO 1442 Prov por filmación en Eduardo acevedo y Guayabos Prov por filmación en Eduardo acevedo y Guayabos,0
2026-07-19,B_06,12,S,75,,S,,65894,Matutino,2026-07-19 02:28:45,,183896,"POINT (  575319.401354466,   6137388.14085229)",EDUARDO ACEVEDO 1438 PROV por filmación Eduardo Acevedo y Guayabos PROV por filmación Eduardo Acevedo y Guayabos,0
2026-07-19,B_06,13,S,75,,S,,65894,Matutino,2026-07-19 02:28:56,,179164,"POINT (  575345.994452630,   6137327.17044088)",EDUARDO ACEVEDO 1402 ,0
2026-07-19,B_06,14,S,75,,S,,65894,Matutino,2026-07-19 02:29:06,,177564,"POINT (  575389.195441630,   6137238.07076696)",EDUARDO ACEVEDO 1360 EN 1360 EN 1360,0
2026-07-19,B_06,15,S,75,,S,,65894,Matutino,2026-07-19 02:29:09,,177565,"POINT (  575409.057087262,   6137150.69736714)",EDUARDO ACEVEDO 1312 FTE 1307 FTE 1307,0
2026-07-19,B_06,16,S,75,,S,,65894,Matutino,2026-07-19 02:29:12,,178053,"POINT (  575409.568603418,   6137146.97060658)",EDUARDO ACEVEDO 1312 FTE 1307 FTE 1307,0
2026-07-19,B_06,17,S,75,,S,,65894,Matutino,2026-07-19 02:50:55,,178070,"POINT (  575510.921875994,   6137270.17292638)",JUAN D JACKSON Esq. CHANA EN1356 EN1356,0
2026-07-19,B_06,18,S,50,,S,,65894,Matutino,2026-07-19 02:50:57,,178705,"POINT (  575510.483433575,   6137274.77657178)",JUAN D JACKSON Esq. CHANA EN1356 EN1356,0
2026-07-19,B_06,19,S,50,,S,,65894,Matutino,2026-07-19 02:51:00,,178303,"POINT (  575493.164958016,   6137334.25859332)",JUAN D JACKSON 1387 EN 1391 (*) EN 1391 (*),0
2026-07-19,B_06,20,S,75,,S,,65894,Matutino,2026-07-19 02:58:22,,178320,"POINT (  575504.512380446,   6137372.03004526)",JUAN D JACKSON 1404 ,0
2026-07-19,B_06,21,S,50,,S,,65894,Matutino,2026-07-19 02:58:25,,178325,"POINT (  575487.359634532,   6137392.27241622)",JUAN D JACKSON 1411 (*) (*),0
2026-07-19,B_06,22,S,50,,S,,65894,Matutino,2026-07-19 02:58:28,,178326,"POINT (  575483.524237930,   6137433.82254607)",JUAN D JACKSON 1429 EN 1429 EN 1429,0
2026-07-19,B_06,23,S,75,,S,,65894,Matutino,2026-07-19 02:58:31,,178333,"POINT (  575483.311160341,   6137435.84678317)",JUAN D JACKSON 1429 EN 1429 EN 1429,0
2026-07-19,B_06,24,S,50,,S,,65894,Matutino,2026-07-19 02:40:29,,178342,"POINT (  575502.481859425,   6137556.76812108)",ARENAL GRANDE 1435 FTE 1439 FTE 1439,0
2026-07-19,B_06,25,S,75,,S,,65894,Matutino,2026-07-19 02:40:32,,178343,"POINT (  575502.847228107,   6137555.05088827)",ARENAL GRANDE 1435 FTE 1439 FTE 1439,0
2026-07-19,B_06,26,S,75,,S,,65894,Matutino,2026-07-19 02:45:41,,178344,"POINT (  575534.926598447,   6137429.36406143)",ARENAL GRANDE 1376 FTE 1379 FTE 1379,0
2026-07-19,B_06,27,S,75,,S,,65894,Matutino,2026-07-19 02:45:45,,178345,"POINT (  575549.687493227,   6137371.70888330)",ARENAL GRANDE 1356 EN 1354. FARMACIA EN 1354. FARMACIA,0
2026-07-19,B_06,28,S,75,,S,,65894,Matutino,2026-07-19 02:45:50,,178347,"POINT (  575549.906714437,   6137369.73589241)",ARENAL GRANDE 1352 EN 1354. FARMACIA EN 1354. FARMACIA,0
2026-07-19,B_06,29,S,50,,S,,65894,Matutino,2026-07-19 02:46:08,,180522,"POINT (  575587.051058774,   6137255.60691539)",CHANA 2034 PROV OV(O:ARENAL GRANDE1310 ) PROV OV(O:ARENAL GRANDE1310 ),0
2026-07-19,B_06,30,S,75,,S,,65894,Matutino,2026-07-19 02:46:12,,183974,"POINT (  575585.139636173,   6137254.75918892)",CHANA 2034 Chana al lado de 2036 Chana al lado de 2036,0
2026-07-19,B_06,31,S,50,,S,,65894,Matutino,2026-07-19 02:33:42,,183716,"POINT (  575388.808744009,   6137356.85893813)",DR JUAN A RODRIGUEZ 1407 PROV O: O Juan a Rodriguez  entre Rodo y Guayabos PROV O: O Juan a Rodriguez  entre Rodo y Guayabos,0
2026-07-19,B_06,32,S,75,,S,,65894,Matutino,2026-07-19 02:33:49,,183715,"POINT (  575387.719419390,   6137360.12691199)",DR JUAN A RODRIGUEZ 1407 PROV O: O Juan a Rodriguez  entre Rodo y Guayabos PROV O: O Juan a Rodriguez  entre Rodo y Guayabos,0
2026-07-19,B_06,33,S,75,,S,,65894,Matutino,2026-07-19 02:33:54,,183714,"POINT (  575386.630094771,   6137362.52342615)",DR JUAN A RODRIGUEZ 1411 PROV O: O JUAN A RODRIGUEZ entre Rodo y Guayabos PROV O: O JUAN A RODRIGUEZ entre Rodo y Guayabos,0
2026-07-19,B_06,34,S,75,,S,,65894,Matutino,2026-07-19 02:34:06,,180981,"POINT (  575365.425283049,   6137489.82350228)",DR JUAN A RODRIGUEZ 1472 EN 1482 EN 1482,0
2026-07-19,B_06,35,S,75,,S,,65894,Matutino,2026-07-19 02:34:09,,180982,"POINT (  575364.628923550,   6137491.98504949)",DR JUAN A RODRIGUEZ 1472 EN 1482 EN 1482,0
2026-07-19,B_06,36,S,50,,S,,65894,Matutino,2026-07-19 04:30:47,,178723,"POINT (  576020.866946415,   6137811.94160906)",CNEL FEDERICO BRANDSEN 2164 ,0
2026-07-19,B_06,37,S,25,,S,,65894,Matutino,2026-07-19 04:36:18,,178363,"POINT (  576094.652382307,   6137846.60246531)",CNEL FEDERICO BRANDSEN 2194 EN 2196 EN 2196,0
2026-07-19,B_06,38,S,50,,S,,65894,Matutino,2026-07-19 04:36:22,,178389,"POINT (  576096.116916254,   6137847.45393853)",CNEL FEDERICO BRANDSEN 2194 EN 2196 EN 2196,0
2026-07-19,B_06,39,S,75,,S,,65894,Matutino,2026-07-19 04:36:25,,178390,"POINT (  576097.411155556,   6137848.16917604)",CNEL FEDERICO BRANDSEN 2194 EN 2196 EN 2196,0
2026-07-19,B_06,40,S,50,,S,,65894,Matutino,2026-07-19 05:30:05,,178391,"POINT (  576120.795281129,   6137712.48825364)",ACEVEDO DIAZ 1493 ,0
2026-07-19,B_06,41,S,25,,S,,65894,Matutino,2026-07-19 05:30:12,,178397,"POINT (  576122.512513938,   6137675.33025861)",ACEVEDO DIAZ 1479 EN 1471. MURO IGLESIA EN 1471. MURO IGLESIA,0
2026-07-19,B_06,42,S,25,,S,,65894,Matutino,2026-07-19 05:30:16,,178398,"POINT (  576122.731735148,   6137672.91882530)",ACEVEDO DIAZ 1479 EN 1471. MURO IGLESIA EN 1471. MURO IGLESIA,0
2026-07-19,B_06,43,S,75,,S,,65894,Matutino,2026-07-19 05:39:23,,178400,"POINT (  576341.806797285,   6137534.51716831)",BV GRAL ARTIGAS 1461 ,0
2026-07-19,B_06,44,S,25,,S,,65894,Matutino,2026-07-19 05:13:50,,178401,"POINT (  576341.806797285,   6137531.66729258)",BV GRAL ARTIGAS 1461 ,0
2026-07-19,B_06,45,S,50,,S,,65894,Matutino,2026-07-19 05:14:23,,178402,"POINT (  576355.902645388,   6137347.23999507)",BV GRAL ARTIGAS 1353 ,0
2026-07-19,B_06,46,S,25,,S,,65894,Matutino,2026-07-19 05:14:29,,178403,"POINT (  576363.694488664,   6137266.53000402)",BV GRAL ARTIGAS 1327 ,0
2026-07-19,B_06,47,S,25,,S,,65894,Matutino,2026-07-19 05:51:28,,179793,"POINT (  576259.507676056,   6137258.09978451)",DR MARIO CASSINONI 1275 PROV OP (O: DR MARIO CASSINONI 1269) PROV OP (O: DR MARIO CASSINONI 1269),0
2026-07-19,B_06,48,S,75,,S,,65894,Matutino,2026-07-19 05:51:32,,178422,"POINT (  576268.513839539,   6137304.70026690)",DR MARIO CASSINONI 1294 ,0
2026-07-19,B_06,49,S,75,,S,,65894,Matutino,2026-07-19 05:21:21,,178423,"POINT (  576265.006300185,   6137358.70175820)",DR MARIO CASSINONI 1316 MURO MURO,0
2026-07-19,B_06,50,S,75,,S,,65894,Matutino,2026-07-19 05:20:46,,178425,"POINT (  576296.866449315,   6137329.83763227)",CHANA 2371 EN 2373 EN 2373,0
2026-07-19,B_06,51,S,50,,S,,65894,Matutino,2026-07-19 06:00:27,,183661,"POINT (  576245.876422004,   6137418.92998323)",DR MARIO CASSINONI 1355 ,0
2026-07-19,B_06,52,S,25,,S,,65894,Matutino,2026-07-19 06:00:31,,178427,"POINT (  576242.353441859,   6137490.30755770)",DR MARIO CASSINONI 1393 ,0
2026-07-19,B_06,53,S,75,,S,,65894,Matutino,2026-07-19 06:00:34,,178428,"POINT (  576238.553607559,   6137534.00565215)",DR MARIO CASSINONI 1411 ,0
2026-07-19,B_06,54,S,50,,S,,65894,Matutino,2026-07-19 06:00:38,,178441,"POINT (  576233.876888421,   6137595.09529590)",DR MARIO CASSINONI 1441 EN 1447 EN 1447,0
2026-07-19,B_06,55,S,50,,S,,65894,Matutino,2026-07-19 04:45:05,,184287,"POINT (  576220.116259625,   6137753.91095305)",DR MARIO CASSINONI 1505 ,0
2026-07-19,B_06,56,S,50,,S,,65894,Matutino,2026-07-19 04:45:08,,178442,"POINT (  576219.758869757,   6137756.53635990)",DR MARIO CASSINONI 1505 ,0
2026-07-19,B_06,57,S,50,,S,,65894,Matutino,2026-07-19 04:46:11,,184285,"POINT (  576212.331411737,   6137860.02340564)",DR MARIO CASSINONI 1559 ,0
2026-07-19,B_06,58,S,75,,S,,65894,Matutino,2026-07-19 04:46:16,,184286,"POINT (  576212.155355399,   6137861.66659813)",DR MARIO CASSINONI 1559 ,0
2026-07-19,B_06,59,S,50,,S,,65894,Matutino,2026-07-19 04:46:22,,184283,"POINT (  576225.067460094,   6137866.67164930)",DR MARIO CASSINONI 1556 ,0
2026-07-19,B_06,60,S,50,,S,,65894,Matutino,2026-07-19 04:51:56,,179145,"POINT (  576220.688483301,   6137901.99469489)",DR MARIO CASSINONI 1574 EN 1578. PROV OP (O: DR MARIO CASSINONI 1581) EN 1578. PROV OP (O: DR MARIO CASSINONI 1581),0
2026-07-19,B_06,61,S,25,,S,,65894,Matutino,2026-07-19 04:52:00,,179146,"POINT (  576220.393787819,   6137904.45049057)",DR MARIO CASSINONI 1574 EN 1578. PROV OP (O: DR MARIO CASSINONI 1581) EN 1578. PROV OP (O: DR MARIO CASSINONI 1581),0
2026-07-19,B_06,62,S,50,,S,,65894,Matutino,2026-07-19 04:52:04,,180608,"POINT (  576220.604570421,   6137908.10208453)",DR MARIO CASSINONI 1578 ,0
2026-07-19,B_06,63,S,50,,S,,65894,Matutino,2026-07-19 04:58:15,,177933,"POINT (  576214.848538930,   6137984.97544180)",AV 8 DE OCTUBRE 2250 FTE 2285 FTE 2285,0
2026-07-19,B_06,64,S,50,,S,,65894,Matutino,2026-07-19 04:58:18,,177934,"POINT (  576216.902026384,   6137990.58009143)",AV 8 DE OCTUBRE 2250 FTE 2285 FTE 2285,0
2026-07-19,B_06,65,S,75,,S,,65894,Matutino,2026-07-19 04:58:21,,177935,"POINT (  576219.743407610,   6137996.22279186)",AV 8 DE OCTUBRE 2250 FTE 2285 FTE 2285,0
2026-07-19,B_06,66,S,50,,S,,65894,Matutino,2026-07-19 04:41:17,,179380,"POINT (  576280.340942408,   6138191.97755185)",AV 8 DE OCTUBRE 2339 ,0
2026-07-19,B_06,67,S,25,,S,,65894,Matutino,2026-07-19 04:41:20,,177942,"POINT (  576280.770211596,   6138193.57247590)",AV 8 DE OCTUBRE 2339 FTE 2339. SOBRE TUNEL FTE 2339. SOBRE TUNEL,0
2026-07-19,B_06,68,S,50,,S,,65894,Matutino,2026-07-19 04:41:23,,177941,"POINT (  576281.473456862,   6138195.36255476)",AV 8 DE OCTUBRE 2339 FTE 2339. SOBRE TUNEL FTE 2339. SOBRE TUNEL,0
2026-07-19,B_06,69,S,50,,S,,65894,Matutino,2026-07-19 04:41:28,,177939,"POINT (  576282.496359066,   6138197.28049639)",AV 8 DE OCTUBRE 2339 FTE 2339. SOBRE TUNEL FTE 2339. SOBRE TUNEL,0
2026-07-19,B_06,70,S,50,,S,,65894,Matutino,2026-07-19 05:02:59,,177931,"POINT (  576301.340135619,   6138019.87089525)",BV GRAL ARTIGAS 1653 EN 1657 EN 1657,0
2026-07-19,B_06,71,S,50,,S,,65894,Matutino,2026-07-19 05:03:06,,177932,"POINT (  576301.579878324,   6138015.84321782)",BV GRAL ARTIGAS 1653 EN 1657 EN 1657,0
2026-07-19,B_06,72,S,75,,S,,65894,Matutino,2026-07-19 05:05:41,,178450,"POINT (  576308.448636557,   6137936.89769855)",BV GRAL ARTIGAS 1629 EN 1629/1631 EN 1629/1631,0
2026-07-19,B_06,73,S,50,,S,,65894,Matutino,2026-07-19 05:05:44,,178451,"POINT (  576308.887078976,   6137933.24401173)",BV GRAL ARTIGAS 1629 EN 1629/1631 EN 1629/1631,0
2026-07-19,B_06,74,S,50,,S,,65894,Matutino,2026-07-19 05:11:30,,178452,"POINT (  576321.455761660,   6137770.14343178)",BV GRAL ARTIGAS 1555 EN 1555 EN 1555,0
2026-07-19,B_06,75,S,25,,S,,65894,Matutino,2026-07-19 05:11:37,,178453,"POINT (  576321.821130343,   6137767.29355605)",BV GRAL ARTIGAS 1555 EN 1555 EN 1555,0
2026-07-19,B_06,76,S,25,,S,,65894,Matutino,2026-07-19 05:26:17,,183662,"POINT (  576210.896805229,   6137726.30224684)",ANA MONTERROSO DE LAVALLEJA 2242 PROV O: O Acevedo Diaz 1501 PROV O: O Acevedo Diaz 1501,0
2026-07-19,B_06,77,S,25,,S,,65894,Matutino,2026-07-19 05:26:21,,184064,"POINT (  576197.294722287,   6137725.06526663)",ANA MONTERROSO DE LAVALLEJA 2234 Ana Monterroso de Lavalleja 2234 Ana Monterroso de Lavalleja 2234,0
2026-07-19,B_06,78,S,75,,S,,65894,Matutino,2026-07-19 04:21:25,,180524,"POINT (  575886.068248610,   6137694.75162801)",DR JOAQUIN REQUENA 1519 EN 1519 EN 1519,0
2026-07-19,B_06,79,S,25,,S,,65894,Matutino,2026-07-19 04:21:29,,180523,"POINT (  575884.882510731,   6137696.67845206)",DR JOAQUIN REQUENA 1519 EN 1519 EN 1519,0
2026-07-19,B_06,80,S,50,,S,,65894,Matutino,2026-07-19 04:40:56,,178864,"POINT (  576141.194426303,   6137844.03229854)",FRANCISCO CANARO 2209 ,0
2026-07-19,B_06,81,S,50,,S,,65894,Matutino,2026-07-19 04:40:59,,178865,"POINT (  576143.598825824,   6137844.26687410)",FRANCISCO CANARO 2209 EN 2209 EN 2209,0
2026-07-19,B_06,82,S,50,,S,,65894,Matutino,2026-07-19 04:28:16,,178461,"POINT (  575923.313508141,   6137685.26828679)",ANA MONTERROSO DE LAVALLEJA 2105 ,0
2026-07-19,B_06,83,S,50,,S,,65894,Matutino,2026-07-19 04:28:19,,178462,"POINT (  575921.413590991,   6137684.09910700)",ANA MONTERROSO DE LAVALLEJA 2105 ,0
2026-07-19,B_06,84,S,75,,S,,65894,Matutino,2026-07-19 04:21:39,,180527,"POINT (  575856.550779095,   6137754.12690009)",DR JOAQUIN REQUENA Esq. CNEL FEDERICO BRANDSEN FTE 1568 FTE 1568,0
2026-07-19,B_06,85,S,50,,S,,65894,Matutino,2026-07-19 04:21:42,,180526,"POINT (  575855.847241948,   6137755.62191653)",DR JOAQUIN REQUENA 1556 FTE 1568 FTE 1568,0
2026-07-19,B_06,86,S,50,,S,,65894,Matutino,2026-07-19 04:21:45,,180525,"POINT (  575855.219276127,   6137756.80438129)",DR JOAQUIN REQUENA 1556 FTE 1568 FTE 1568,0
2026-07-19,B_06,87,N,,Contenedor No Está,S,,65894,Matutino,2026-07-19 06:03:44,,182219,"POINT (  576007.889816496,   6137519.56415154)",JUAN PAULLIER 1411 ,0
2026-07-19,B_06,88,S,50,,S,,65894,Matutino,2026-07-19 06:03:19,,182218,"POINT (  576008.117347782,   6137517.28883868)",JUAN PAULLIER 1411 ,0
2026-07-19,B_06,89,S,50,,S,,65894,Matutino,2026-07-19 06:03:37,,178486,"POINT (  576008.599328214,   6137514.60810171)",JUAN PAULLIER 1411 FTE 1411 (*) FTE 1411 (*),0
2026-07-19,B_06,90,S,75,,S,,65894,Matutino,2026-07-19 06:04:09,,178863,"POINT (  576012.609614188,   6137468.89695290)",JUAN PAULLIER 1389 EN 1391 EN 1391,0
2026-07-19,B_06,91,S,50,,S,,65894,Matutino,2026-07-19 06:04:12,,178492,"POINT (  576013.454251568,   6137430.08865550)",JUAN PAULLIER 1365 EN 1365 EN 1365,0
2026-07-19,B_06,92,S,75,,S,,65894,Matutino,2026-07-19 06:04:16,,178493,"POINT (  576029.186670650,   6137369.08767579)",JUAN PAULLIER 1346 ,0
2026-07-19,B_06,93,S,50,,S,,65894,Matutino,2026-07-19 06:04:21,,178495,"POINT (  576021.045646294,   6137315.31445737)",JUAN PAULLIER 1307 ,0
2026-07-19,B_06,94,S,50,,S,,65894,Matutino,2026-07-19 06:04:25,,178497,"POINT (  576021.638998862,   6137311.13509557)",JUAN PAULLIER 1307 EN 1294/1298 EN 1294/1298,0
2026-07-19,B_06,95,S,75,,S,,65894,Matutino,2026-07-19 03:58:04,,178499,"POINT (  575940.120467543,   6137213.79653865)",DR JOAQUIN REQUENA 1262 ,0
2026-07-19,B_06,96,S,50,,S,,65894,Matutino,2026-07-19 03:58:07,,179558,"POINT (  575937.416739291,   6137250.66223874)",DR JOAQUIN REQUENA 1286 ,0
2026-07-19,B_06,97,S,50,,S,,65894,Matutino,2026-07-19 03:58:11,,179559,"POINT (  575937.197518082,   6137252.63522963)",DR JOAQUIN REQUENA 1286 ,0
2026-07-19,B_06,98,S,50,,S,,65894,Matutino,2026-07-19 03:58:19,,178501,"POINT (  575933.397683782,   6137308.02512192)",DR JOAQUIN REQUENA 1304 EN 1304/1310 EN 1304/1310,0
2026-07-19,B_06,99,S,75,,S,,65894,Matutino,2026-07-19 03:58:21,,178502,"POINT (  575933.032315099,   6137311.09421886)",DR JOAQUIN REQUENA 1310 EN 1304/1310 EN 1304/1310,0
2026-07-19,B_06,100,S,75,,S,,65894,Matutino,2026-07-19 04:03:30,,178503,"POINT (  575922.541328896,   6137443.49939380)",DR JOAQUIN REQUENA 1378 EN 1384 EN 1384,0
2026-07-19,B_06,101,S,50,,S,,65894,Matutino,2026-07-19 04:03:33,,178504,"POINT (  575922.477655001,   6137445.91900180)",DR JOAQUIN REQUENA 1378 EN 1384 EN 1384,0
2026-07-19,B_06,102,S,50,,S,,65894,Matutino,2026-07-19 04:18:56,,178505,"POINT (  575903.218230592,   6137522.56961240)",DR JOAQUIN REQUENA 1415 ,0
2026-07-19,B_06,103,S,25,,S,,65894,Matutino,2026-07-19 04:18:59,,178508,"POINT (  575902.860933069,   6137525.84542982)",DR JOAQUIN REQUENA 1415 ,0
2026-07-19,B_06,104,S,50,,S,,65894,Matutino,2026-07-19 04:19:36,,184082,"POINT (  575891.298513886,   6137641.63346698)",DR JOAQUIN REQUENA 1495 PROV O en Joaquin Requena 1485 PROV O en Joaquin Requena 1485,0
2026-07-19,B_06,105,S,50,,S,,65894,Matutino,2026-07-19 04:19:40,,184081,"POINT (  575891.181827771,   6137642.91701424)",DR JOAQUIN REQUENA 1495 PROV O en Joaquin Requena 1485 PROV O en Joaquin Requena 1485,0
2026-07-19,B_06,106,S,50,,S,,65894,Matutino,2026-07-19 04:19:44,,184080,"POINT (  575890.598397200,   6137644.55061984)",DR JOAQUIN REQUENA 1495 PROV O en Joquin Requena 1485 PROV O en Joquin Requena 1485,0
2026-07-19,B_06,107,S,75,,S,,65894,Matutino,2026-07-19 04:19:47,,184079,"POINT (  575890.481711085,   6137646.18422544)",DR JOAQUIN REQUENA 1495 PROV O en Joaquin Requena 1485 PROV O en Joaquin Requena 1485,0
2026-07-19,B_06,108,S,50,,S,,65894,Matutino,2026-07-19 04:25:46,,183466,"POINT (  575965.741262179,   6137773.06034871)",JUAN PAULLIER 1541 PROV OV(O:ANA MONTERROSO DE LAVALLEJA 2155) PROV OV(O:ANA MONTERROSO DE LAVALLEJA 2155),0
2026-07-19,B_06,109,S,75,,S,,65894,Matutino,2026-07-19 04:26:21,,178513,"POINT (  575986.493400027,   6137732.83472365)",JUAN PAULLIER 1509 EN 1509 EN 1509,0
2026-07-19,B_06,110,N,,"Contenedor Roto (choque, desfonde, etc.)",S,,65894,Matutino,2026-07-19 04:26:32,,179560,"POINT (  575987.691470028,   6137731.04898273)",JUAN PAULLIER 1503 EN 1509 EN 1509,0
2026-07-19,B_06,111,S,75,,S,,65894,Matutino,2026-07-19 05:30:34,,178514,"POINT (  576145.327900944,   6137544.68304143)",ACEVEDO DIAZ 1417 FTE 1417 FTE 1417,0
2026-07-19,B_06,112,S,75,,S,,65894,Matutino,2026-07-19 05:36:53,,179797,"POINT (  576137.832532394,   6137481.35634506)",ACEVEDO DIAZ 1391 ,0
2026-07-19,B_06,113,S,50,,S,,65894,Matutino,2026-07-19 05:36:56,,178515,"POINT (  576137.857998612,   6137479.09073916)",ACEVEDO DIAZ 1391 ,0
2026-07-19,B_06,114,S,75,,S,,65894,Matutino,2026-07-19 05:38:57,,178517,"POINT (  576144.069266217,   6137414.05511364)",ACEVEDO DIAZ 1357 EN 1355 EN 1355,0
2026-07-19,B_06,115,S,75,,S,,65894,Matutino,2026-07-19 05:40:47,,178519,"POINT (  576159.238443292,   6137383.63151865)",ACEVEDO DIAZ 1348 EN 1348/1350 EN 1348/1350,0
2026-07-19,B_06,116,S,50,,S,,65894,Matutino,2026-07-19 05:40:52,,178520,"POINT (  576159.381180386,   6137382.08995804)",ACEVEDO DIAZ 1348 EN 1348/1350 EN 1348/1350,0
2026-07-19,B_06,117,S,100,,S,,65894,Matutino,2026-07-19 05:42:36,,178521,"POINT (  576162.593458429,   6137347.74069773)",ACEVEDO DIAZ 1314 ,0
2026-07-19,B_06,118,S,75,,S,,65894,Matutino,2026-07-19 05:42:56,,178522,"POINT (  576167.306714436,   6137294.25072259)",ACEVEDO DIAZ 1292 FTE 1295 FTE 1295,0
2026-07-19,B_06,119,S,50,,S,,65894,Matutino,2026-07-19 05:43:00,,178533,"POINT (  576173.225687096,   6137222.20001836)",ACEVEDO DIAZ 1260 ,0
2026-07-19,B_06,120,S,75,,S,,65894,Matutino,2026-07-19 03:08:06,,184282,"POINT (  575711.264225352,   6137287.62415869)",DR PABLO DE MARIA 1301 ,0
2026-07-19,B_06,121,S,50,,S,,65894,Matutino,2026-07-19 03:08:12,,184281,"POINT (  575710.970798122,   6137288.62181127)",DR PABLO DE MARIA 1301 ,0
2026-07-19,B_06,122,S,75,,S,,65894,Matutino,2026-07-19 03:46:48,,184280,"POINT (  575710.970798122,   6137289.85420563)",DR PABLO DE MARIA 1301 ,0
2026-07-19,B_06,123,S,75,,S,,65894,Matutino,2026-07-19 03:13:25,,181733,"POINT (  575702.198581001,   6137411.06981536)",DR PABLO DE MARIA 1372 ,0
2026-07-19,B_06,124,S,75,,S,,65894,Matutino,2026-07-19 03:13:30,,181732,"POINT (  575701.402221502,   6137413.00383129)",DR PABLO DE MARIA 1372 ,0
2026-07-19,B_06,125,S,50,,S,,65894,Matutino,2026-07-19 03:13:34,,178581,"POINT (  575678.490231860,   6137434.99447281)",DR PABLO DE MARIA 1379 EN 1381/1383 EN 1381/1383,0
2026-07-19,B_06,126,S,50,,S,,65894,Matutino,2026-07-19 03:13:38,,178585,"POINT (  575678.024124634,   6137436.32620774)",DR PABLO DE MARIA 1379 EN 1381/1383 EN 1381/1383,0
2026-07-19,B_06,127,S,50,,S,,65894,Matutino,2026-07-19 03:16:00,,178586,"POINT (  575650.456175912,   6137504.11849393)",DR PABLO DE MARIA 1411 EN 1403 EN 1403,0
2026-07-19,B_06,128,S,50,,S,,65894,Matutino,2026-07-19 03:16:20,,178588,"POINT (  575649.140848654,   6137507.33373834)",DR PABLO DE MARIA 1411 EN 1403 EN 1403,0
2026-07-19,B_06,129,S,75,,S,,65894,Matutino,2026-07-19 03:27:51,,178590,"POINT (  575768.968888103,   6137716.17934666)",DR MARTIN C MARTINEZ 1552 FTE 1533 FTE 1533,0
2026-07-19,B_06,130,S,50,,S,,65894,Matutino,2026-07-19 03:27:54,,178594,"POINT (  575770.490026131,   6137713.28254351)",DR MARTIN C MARTINEZ 1552 FTE 1533 FTE 1533,0
2026-07-19,B_06,131,S,75,,S,,65894,Matutino,2026-07-19 03:27:58,,180378,"POINT (  575783.406114597,   6137672.90447843)",DR MARTIN C MARTINEZ 1533 ,0
2026-07-19,B_06,132,S,75,,S,,65894,Matutino,2026-07-19 03:33:21,,182188,"POINT (  575720.909722412,   6137587.40267793)",ANA MONTERROSO DE LAVALLEJA 2023 ,0
2026-07-19,B_06,133,S,50,,S,,65894,Matutino,2026-07-19 03:33:24,,182187,"POINT (  575719.317003413,   6137586.60631843)",ANA MONTERROSO DE LAVALLEJA 2023 ,0
2026-07-19,B_06,134,S,50,,S,,65894,Matutino,2026-07-19 03:37:08,,178602,"POINT (  575755.939339465,   6137662.86453147)",DR JOAQUIN DE SALTERAIN 1536 EN 1538 EN 1538,0
2026-07-19,B_06,135,S,50,,S,,65894,Matutino,2026-07-19 03:37:11,,178604,"POINT (  575756.762372360,   6137661.57630607)",DR JOAQUIN DE SALTERAIN 1536 EN 1538 EN 1538,0
2026-07-19,B_06,136,S,75,,S,,65894,Matutino,2026-07-19 03:46:03,,178608,"POINT (  575812.022207394,   6137515.22570188)",DR JOAQUIN DE SALTERAIN 1454 ,0
2026-07-19,B_06,137,S,50,,S,,65894,Matutino,2026-07-19 03:46:05,,178611,"POINT (  575812.095281131,   6137512.74119484)",DR JOAQUIN DE SALTERAIN 1454 ,0
2026-07-19,B_06,138,S,50,,S,,65894,Matutino,2026-07-19 03:46:09,,178614,"POINT (  575816.479705323,   6137464.87789741)",DR JOAQUIN DE SALTERAIN 1448 ,0
2026-07-19,B_06,139,S,75,,S,,65894,Matutino,2026-07-19 03:46:12,,178615,"POINT (  575816.479705323,   6137462.97798026)",DR JOAQUIN DE SALTERAIN 1448 ,0
2026-07-19,B_06,140,S,50,,S,,65894,Matutino,2026-07-19 03:46:29,,178624,"POINT (  575823.153326107,   6137389.91086908)",DR JOAQUIN DE SALTERAIN 1408 FTE 1403 FTE 1403,0
2026-07-19,B_06,141,S,50,,S,,65894,Matutino,2026-07-19 03:51:19,,178625,"POINT (  575818.287137293,   6137261.75509817)",DR JOAQUIN DE SALTERAIN 1345 EN 1347 EN 1347,0
2026-07-19,B_06,142,S,75,,S,,65894,Matutino,2026-07-19 03:51:22,,178627,"POINT (  575818.425264532,   6137260.51195302)",DR JOAQUIN DE SALTERAIN 1345 ,0
2026-07-19,B_06,143,S,50,,S,,65894,Matutino,2026-07-19 03:51:29,,178628,"POINT (  575837.906518795,   6137192.74601054)",DR JOAQUIN DE SALTERAIN 1306 ,0
2026-07-19,B_06,144,S,75,,S,,65894,Matutino,2026-07-19 02:33:17,,178629,"POINT (  575500.298728215,   6137238.42675712)",JUAN D JACKSON 1345 ,0
2026-07-19,B_06,145,S,50,,S,,65894,Matutino,2026-07-19 02:33:21,,178630,"POINT (  575499.967222841,   6137240.41578936)",JUAN D JACKSON 1345 ,0
2026-07-19,B_06,146,S,50,,S,,65894,Matutino,2026-07-19 03:02:00,,178632,"POINT (  575612.465758536,   6137340.32579374)",JUAN MANUEL BLANES 1392 FTE 1395 FTE 1395,0
2026-07-19,B_06,147,S,75,,S,,65894,Matutino,2026-07-19 03:02:06,,178634,"POINT (  575607.693090993,   6137238.92987748)",JUAN MANUEL BLANES 1345 EN 1345 EN 1345,0
2026-07-19,B_06,148,N,,Auto,S,,65894,Matutino,2026-07-19 03:37:43,,178638,"POINT (  575741.798346582,   6137515.81029178)",MIGUEL DEL CORRO 1420 MURO MURO,0
2026-07-19,B_06,149,S,75,,S,,65894,Matutino,2026-07-19 03:33:38,,178642,"POINT (  575649.433143600,   6137552.85867620)",ANA MONTERROSO DE LAVALLEJA 2001 EN 2001 EN 2001,0
2026-07-19,B_06,150,S,50,,S,,65894,Matutino,2026-07-19 03:33:41,,178643,"POINT (  575647.825521396,   6137551.83564389)",ANA MONTERROSO DE LAVALLEJA 2001 EN 2001 EN 2001,0
2026-07-19,B_06,151,S,75,,S,,65894,Matutino,2026-07-19 03:20:58,,183848,"POINT (  575603.030878344,   6137640.04228408)",DR PABLO DE MARIA 1518 ,0
2026-07-19,B_06,152,S,50,,S,,65894,Matutino,2026-07-19 03:21:01,,178647,"POINT (  575601.935214850,   6137641.24136054)",DR PABLO DE MARIA 1518 ,0
2026-07-19,B_06,153,S,50,,S,,65894,Matutino,2026-07-19 03:21:03,,178650,"POINT (  575601.167940617,   6137643.14127769)",DR PABLO DE MARIA 1518 ,0
2026-07-19,B_06,154,S,25,,S,,65894,Matutino,2026-07-19 04:22:03,,183672,"POINT (  575960.281251634,   6137815.51116144)",JUAN PAULLIER 1574 PROV O: Juan Paullier 1624 PROV O: Juan Paullier 1624,0
2026-07-19,B_06,155,S,50,,S,,65894,Matutino,2026-07-19 04:22:06,,183671,"POINT (  575961.479508715,   6137814.20397190)",JUAN PAULLIER 1574 PROV O: Juan Paullier 1624 PROV O: Juan Paullier 1624,0
2026-07-19,B_06,156,N,,Contenedor No Está,S,,65894,Matutino,2026-07-19 04:26:05,,178651,"POINT (  575962.362849795,   6137812.40815232)",JUAN PAULLIER 1574 EN 1586 EN 1586,0
2026-07-19,B_02,1,S,50,,S,,65846,Nocturno,2026-07-19 19:34:38,,178199,"POINT (  573359.749140633,   6136960.37752374)",CONVENCION 1303 EN 1311 EN 1311,0
2026-07-19,B_02,2,S,50,,S,,65846,Nocturno,2026-07-19 19:34:47,,178200,"POINT (  573359.912539325,   6136958.58013812)",CONVENCION 1303 EN 1311 EN 1311,0
2026-07-19,B_02,3,S,75,,S,,65846,Nocturno,2026-07-19 22:50:23,,178201,"POINT (  573379.574384611,   6136911.50049783)",CONVENCION 1290 EN 1284/CASA TAPEADA EN 1284/CASA TAPEADA,0
2026-07-19,B_02,4,S,50,,S,,65846,Nocturno,2026-07-19 23:14:46,,178202,"POINT (  573379.612294227,   6136910.13242570)",CONVENCION 1278 EN 1284/CASA TAPEADA EN 1284/CASA TAPEADA,0
2026-07-19,B_02,5,S,50,,S,,65846,Nocturno,2026-07-19 22:22:09,,178281,"POINT (  573385.962091538,   6136823.97909946)",CONVENCION 1240 FTE 1245 FTE 1245,0
2026-07-19,B_02,6,S,25,,S,,65846,Nocturno,2026-07-19 19:35:39,,182209,"POINT (  573386.332541297,   6136822.56329486)",CONVENCION 1240 ,0
2026-07-19,B_02,7,S,50,,S,,65846,Nocturno,2026-07-19 19:35:42,,182210,"POINT (  573386.332541297,   6136820.82037547)",CONVENCION 1240 ,0
2026-07-19,B_02,8,S,50,,S,Basura Afuera,65846,Nocturno,2026-07-19 19:35:47,,178284,"POINT (  573381.509709642,   6136691.04473090)",CONVENCION 1169 EN 1177 EN 1177,0
2026-07-19,B_02,9,S,50,,S,Basura Afuera,65846,Nocturno,2026-07-19 19:35:50,,178285,"POINT (  573381.806734790,   6136688.84674480)",CONVENCION 1169 EN 1177 EN 1177,0
2026-07-19,B_02,10,S,50,,S,Basura Afuera,65846,Nocturno,2026-07-19 19:36:14,,178286,"POINT (  573384.499473753,   6136664.86168043)",CONVENCION 1161 EN 1163 EN 1163,0
2026-07-19,B_02,11,S,50,,S,,65846,Nocturno,2026-07-19 19:37:03,,178287,"POINT (  573389.172958480,   6136613.58057210)",CONVENCION 1147 FTE 1144 FTE 1144,0
2026-07-19,B_02,12,S,50,,S,,65846,Nocturno,2026-07-19 19:00:00,,179398,"POINT (  573412.019782075,   6136496.19875586)",CONVENCION 1060 ,0
2026-07-19,B_02,13,S,25,,S,,65846,Nocturno,2026-07-19 19:38:00,,179364,"POINT (  573413.110368937,   6136490.04409986)",CONVENCION 1060 S/NUM. ESQ RBLA S/NUM. ESQ RBLA,0
2026-07-19,B_02,14,S,25,,S,,65846,Nocturno,2026-07-19 19:38:23,,179365,"POINT (  573413.166866113,   6136488.23619025)",CONVENCION 1060 S/NUM. ESQ RBLA S/NUM. ESQ RBLA,0
2026-07-19,B_02,15,S,50,,S,,65846,Nocturno,2026-07-19 20:08:10,,178414,"POINT (  573344.869647169,   6136525.55317733)",DURAZNO 875 FTE 875 FTE 875,0
2026-07-19,B_02,16,S,25,,S,,65846,Nocturno,2026-07-19 20:08:13,,179576,"POINT (  573347.866801733,   6136526.05912414)",DURAZNO 875 FTE 875 FTE 875,0
2026-07-19,B_02,17,S,50,,S,,65846,Nocturno,2026-07-19 20:08:20,,178726,"POINT (  573606.001317096,   6136465.89966812)",JULIO HERRERA Y OBES 1053 MURO MURO,0
2026-07-19,B_02,18,S,25,,S,,65846,Nocturno,2026-07-19 20:08:23,,178727,"POINT (  573606.120127156,   6136462.92941663)",JULIO HERRERA Y OBES 1053 MURO MURO,0
2026-07-19,B_02,19,S,50,,S,,65846,Nocturno,2026-07-19 20:08:26,,178728,"POINT (  573606.357747275,   6136459.66214000)",JULIO HERRERA Y OBES 1053 MURO MURO,0
2026-07-19,B_02,20,S,25,,S,Basura Afuera,65846,Nocturno,2026-07-19 20:08:30,,178729,"POINT (  573515.402052040,   6136485.96757632)",WILSON FERREIRA ALDUNATE 1074 EN 1080 EN 1080,0
2026-07-19,B_02,21,S,25,,S,,65846,Nocturno,2026-07-19 20:08:32,,178730,"POINT (  573515.320477401,   6136487.33922994)",WILSON FERREIRA ALDUNATE 1074 EN 1080 EN 1080,0
2026-07-19,B_02,22,S,25,,S,Basura Afuera,65846,Nocturno,2026-07-19 20:11:07,,178731,"POINT (  573515.304696188,   6136489.60546490)",WILSON FERREIRA ALDUNATE 1074 EN 1080 EN 1080,0
2026-07-19,B_02,23,S,25,,S,,65846,Nocturno,2026-07-19 20:11:09,,178732,"POINT (  573499.438052553,   6136691.62602075)",WILSON FERREIRA ALDUNATE 1168 FTE 1171 FTE 1171,0
2026-07-19,B_02,24,S,50,,S,,65846,Nocturno,2026-07-19 20:11:14,,181178,"POINT (  573496.654263823,   6136731.38301229)",WILSON FERREIRA ALDUNATE 1192 ,0
2026-07-19,B_02,25,S,25,,S,,65846,Nocturno,2026-07-19 20:11:16,,181177,"POINT (  573496.711146644,   6136732.97573129)",WILSON FERREIRA ALDUNATE 1192 ,0
2026-07-19,B_02,26,S,50,,S,,65846,Nocturno,2026-07-19 20:11:19,,178735,"POINT (  573491.082044978,   6136803.59654341)",WILSON FERREIRA ALDUNATE 1226 EN 1228 EN 1228,0
2026-07-19,B_02,27,S,25,,S,,65846,Nocturno,2026-07-19 20:11:21,,178736,"POINT (  573491.083189265,   6136804.62736554)",WILSON FERREIRA ALDUNATE 1226 EN 1228 EN 1228,0
2026-07-19,B_02,28,S,50,,S,,65846,Nocturno,2026-07-19 20:11:25,,178737,"POINT (  573488.466460894,   6136834.33585706)",WILSON FERREIRA ALDUNATE 1238 EN 1244 EN 1244,0
2026-07-19,B_02,29,S,50,,S,,65846,Nocturno,2026-07-19 20:11:28,,178738,"POINT (  573486.464826907,   6136863.74762177)",WILSON FERREIRA ALDUNATE 1262 EN 1252 EN 1252,0
2026-07-19,B_02,30,S,50,,S,,65846,Nocturno,2026-07-19 19:00:00,,183405,"POINT (  573460.086132236,   6137021.13736130)",WILSON FERREIRA ALDUNATE 1333 ,0
2026-07-19,B_02,31,S,25,,S,,65846,Nocturno,2026-07-19 20:11:34,,178739,"POINT (  573486.278213057,   6136865.74372265)",WILSON FERREIRA ALDUNATE 1262 EN 1252 EN 1252,0
2026-07-19,B_02,32,S,50,,S,,65846,Nocturno,2026-07-19 19:00:00,,183404,"POINT (  573460.313146992,   6137024.31556788)",WILSON FERREIRA ALDUNATE 1333 ,0
2026-07-19,B_02,33,S,50,,S,,65846,Nocturno,2026-07-19 20:37:33,,178940,"POINT (  573467.644267244,   6137099.57799815)",RIO BRANCO 1364 EN 1366 EN 1366,0
2026-07-19,B_02,34,S,25,,S,Basura Afuera,65846,Nocturno,2026-07-19 20:37:22,,178742,"POINT (  573422.558585204,   6137497.34919981)",RIO BRANCO 1569 FTE 1558 FTE 1558,0
2026-07-19,B_02,35,S,50,,S,Basura Afuera,65846,Nocturno,2026-07-19 20:37:19,,178743,"POINT (  573422.380370114,   6137499.84421106)",RIO BRANCO 1569 FTE 1558 FTE 1558,0
2026-07-19,B_02,36,S,25,,S,,65846,Nocturno,2026-07-19 20:37:15,,178744,"POINT (  573418.222018031,   6137569.94214617)",RIO BRANCO 1593 S/NUM. ESQ CERRO LARGO S/NUM. ESQ CERRO LARGO,0
2026-07-19,B_02,37,S,25,,S,,65846,Nocturno,2026-07-19 22:23:03,,178745,"POINT (  573624.522205061,   6137731.93282837)",RIO NEGRO 1660 EN 1664 EN 1664,0
2026-07-19,B_02,38,S,50,,S,Basura Afuera,65846,Nocturno,2026-07-19 20:37:13,,178746,"POINT (  573506.779236612,   6137730.82522798)",JULIO HERRERA Y OBES 1674 FTE 1674 FTE 1674,0
2026-07-19,B_02,39,S,50,,S,Basura Afuera,65846,Nocturno,2026-07-19 20:37:09,,178747,"POINT (  573507.118219663,   6137726.75743137)",JULIO HERRERA Y OBES 1674 FTE 1674 FTE 1674,0
2026-07-19,B_02,40,S,25,,S,,65846,Nocturno,2026-07-19 20:37:38,,183664,"POINT (  573512.901394771,   6137632.04823290)",JULIO HERRERA Y OBES 1629 PROV O: O Julio Herrera y Obeas 1586 PROV O: O Julio Herrera y Obeas 1586,0
2026-07-19,B_02,41,S,50,,S,Basura Afuera,65846,Nocturno,2026-07-19 20:47:55,,178749,"POINT (  573527.824297935,   6137461.82499201)",JULIO HERRERA Y OBES 1537 EN 1541 EN 1541,0
2026-07-19,B_02,42,S,25,,S,Basura Afuera,65846,Nocturno,2026-07-19 20:47:58,,178750,"POINT (  573527.883702965,   6137460.63689142)",JULIO HERRERA Y OBES 1537 EN 1541 EN 1541,0
2026-07-19,B_02,43,S,50,,S,Basura Afuera,65846,Nocturno,2026-07-19 20:48:03,,183783,"POINT (  573534.284922556,   6137368.32012557)",JULIO HERRERA Y OBES 1495 ,0
2026-07-19,B_02,44,S,50,,S,Basura Afuera,65846,Nocturno,2026-07-19 20:48:06,,183665,"POINT (  573535.060059695,   6137359.68196645)",JULIO HERRERA Y OBES 1495 Nueva ubicación Nueva ubicación,0
2026-07-19,B_02,45,S,25,,S,,65846,Nocturno,2026-07-19 20:48:09,,179142,"POINT (  573545.031272892,   6137246.48477782)",JULIO HERRERA Y OBES 1426 EN 1431 EN 1431,0
2026-07-19,B_02,46,S,25,,S,,65846,Nocturno,2026-07-19 20:48:11,,179143,"POINT (  573545.144267242,   6137242.52997555)",JULIO HERRERA Y OBES 1425 EN 1431 EN 1431,0
2026-07-19,B_02,47,S,50,,S,,65846,Nocturno,2026-07-19 21:04:27,,183533,"POINT (  573558.497188282,   6137087.21408874)",JULIO HERRERA Y OBES 1365 ,0
2026-07-19,B_02,48,S,25,,S,,65846,Nocturno,2026-07-19 21:04:30,,183532,"POINT (  573558.497188282,   6137084.25618203)",JULIO HERRERA Y OBES 1365 ,0
2026-07-19,B_02,49,S,75,,S,Basura Afuera,65846,Nocturno,2026-07-19 21:04:34,,178758,"POINT (  573569.325688161,   6136922.33363436)",JULIO HERRERA Y OBES 1284 FTE 1284 FTE 1284,0
2026-07-19,B_02,50,S,50,,S,Basura Afuera,65846,Nocturno,2026-07-19 21:04:37,,179360,"POINT (  573569.438052553,   6136920.43958008)",JULIO HERRERA Y OBES 1284 FTE 1284 FTE 1284,0
2026-07-19,B_02,51,S,25,,S,,65846,Nocturno,2026-07-19 21:04:39,,178759,"POINT (  573588.534097750,   6136882.02150098)",JULIO HERRERA Y OBES 1258 EN 1262 EN 1262,0
2026-07-19,B_02,52,S,50,,S,,65846,Nocturno,2026-07-19 21:04:42,,178760,"POINT (  573588.816583626,   6136880.66556878)",JULIO HERRERA Y OBES 1258 EN 1262 EN 1262,0
2026-07-19,B_02,53,S,25,,S,Basura Afuera,65846,Nocturno,2026-07-19 21:04:52,,180120,"POINT (  573578.773662309,   6136823.42032179)",JULIO HERRERA Y OBES 1239 ,0
2026-07-19,B_02,54,S,50,,S,Basura Afuera,65846,Nocturno,2026-07-19 21:04:50,,180121,"POINT (  573578.882594771,   6136821.78633486)",JULIO HERRERA Y OBES 1239 ,0
2026-07-19,B_02,55,S,50,,S,Basura Afuera,65846,Nocturno,2026-07-19 21:04:57,,178763,"POINT (  573602.390029954,   6136696.41415635)",JULIO HERRERA Y OBES 1170 ,0
2026-07-19,B_02,56,S,75,,S,Basura Afuera,65846,Nocturno,2026-07-19 21:05:01,,178764,"POINT (  573602.616018655,   6136693.92828064)",JULIO HERRERA Y OBES 1170 ,0
2026-07-19,B_02,57,S,50,,S,,65846,Nocturno,2026-07-19 21:05:05,,178765,"POINT (  573608.555733375,   6136616.07558334)",JULIO HERRERA Y OBES 1136 EN 1130/1136 EN 1130/1136,0
2026-07-19,B_02,58,S,25,,S,,65846,Nocturno,2026-07-19 21:05:07,,178766,"POINT (  573608.793353494,   6136613.81819221)",JULIO HERRERA Y OBES 1136 EN 1130/1136 EN 1130/1136,0
2026-07-19,B_02,59,S,25,,S,,65846,Nocturno,2026-07-19 21:05:10,,178767,"POINT (  573608.852758524,   6136611.91723126)",JULIO HERRERA Y OBES 1126 EN 1130/1136 EN 1130/1136,0
2026-07-19,B_02,60,S,50,,S,,65846,Nocturno,2026-07-19 21:20:02,,178972,"POINT (  573837.089619375,   6136337.73180098)",PARAGUAY 990 ,0
2026-07-19,B_02,61,S,25,,S,,65846,Nocturno,2026-07-19 21:20:05,,178973,"POINT (  573836.685447865,   6136344.60271667)",PARAGUAY 990 ,0
2026-07-19,B_02,62,S,50,,S,,65846,Nocturno,2026-07-19 21:19:52,,179396,"POINT (  573836.339236601,   6136349.04414488)",PARAGUAY 990 ,0
2026-07-19,B_02,63,S,50,,S,,65846,Nocturno,2026-07-19 19:00:00,,183772,"POINT (  573836.293306015,   6136354.43768572)",PARAGUAY 990 ,0
2026-07-19,B_02,64,S,50,,S,,65846,Nocturno,2026-07-19 21:19:44,,183738,"POINT (  573835.972954466,   6136391.87575229)",PARAGUAY 1020 ,0
2026-07-19,B_02,65,S,75,,S,,65846,Nocturno,2026-07-19 21:19:40,,183737,"POINT (  573835.101494771,   6136394.49013137)",PARAGUAY 1020 ,0
2026-07-19,B_02,66,S,50,,S,,65846,Nocturno,2026-07-19 21:19:38,,183773,"POINT (  573831.782027820,   6136407.82114436)",PARAGUAY 1020 ,0
2026-07-19,B_02,67,S,50,,S,,65846,Nocturno,2026-07-19 19:00:00,,178975,"POINT (  573831.422868291,   6136410.28203657)",PARAGUAY 1020 1024/1034 1024/1034,0
2026-07-19,B_02,68,S,50,,S,,65846,Nocturno,2026-07-19 19:00:00,,179397,"POINT (  573830.892613507,   6136415.05721678)",PARAGUAY 1030 ,0
2026-07-19,B_02,69,S,75,,S,,65846,Nocturno,2026-07-19 21:20:24,,178432,"POINT (  573820.364366977,   6136553.67059958)",PARAGUAY 1094 EN 1102/FARMACIA EN 1102/FARMACIA,0
2026-07-19,B_02,70,S,50,,S,,65846,Nocturno,2026-07-19 21:37:52,,178433,"POINT (  573815.374344477,   6136614.67956514)",PARAGUAY 1120 EN 1122 EN 1122,0
2026-07-19,B_02,71,S,50,,S,,65846,Nocturno,2026-07-19 21:37:55,,178434,"POINT (  573807.748597655,   6136694.56986167)",PARAGUAY 1164 ,0
2026-07-19,B_02,72,S,75,,S,Basura Afuera,65846,Nocturno,2026-07-19 21:38:02,,183758,"POINT (  573801.974048148,   6136788.16204031)",PARAGUAY 1208 ,0
2026-07-19,B_02,73,S,50,,S,Basura Afuera,65846,Nocturno,2026-07-19 21:38:05,,178435,"POINT (  573801.224205784,   6136790.21927507)",PARAGUAY 1208 ,0
2026-07-19,B_02,74,S,50,,S,,65846,Nocturno,2026-07-19 21:38:08,,183777,"POINT (  573796.189592481,   6136892.27348120)",PARAGUAY 1254 ,0
2026-07-19,B_02,75,S,50,,S,,65846,Nocturno,2026-07-19 21:38:11,,178436,"POINT (  573794.208754071,   6136896.73640908)",PARAGUAY 1254 FARMACIA FARMACIA,0
2026-07-19,B_02,76,S,25,,S,,65846,Nocturno,2026-07-19 21:38:15,,178437,"POINT (  573787.929220729,   6136963.50589988)",PARAGUAY 1296 ,0
2026-07-19,B_02,77,S,25,,S,,65846,Nocturno,2026-07-19 21:38:19,,178438,"POINT (  573787.810410670,   6136965.94150610)",PARAGUAY 1296 ,0
2026-07-19,B_02,78,S,50,,S,,65846,Nocturno,2026-07-19 21:38:22,,178439,"POINT (  573786.270762037,   6136996.22070822)",PARAGUAY 1306 EN 1308 EN 1308,0
2026-07-19,B_02,79,S,25,,S,,65846,Nocturno,2026-07-19 21:38:25,,178440,"POINT (  573786.064598456,   6136998.33812160)",PARAGUAY 1306 EN 1308 EN 1308,0
2026-07-19,B_02,80,S,50,,S,,65846,Nocturno,2026-07-19 21:42:34,,183759,"POINT (  573781.315348148,   6137054.25924554)",PARAGUAY 1338 ,0
2026-07-19,B_02,81,S,50,,S,,65846,Nocturno,2026-07-19 21:42:32,,178545,"POINT (  573779.720385896,   6137070.61320001)",PARAGUAY 1338 S/NUM. ESQ 18 DE JULIO S/NUM. ESQ 18 DE JULIO,0
2026-07-19,B_02,82,S,25,,S,,65846,Nocturno,2026-07-19 21:42:27,,178546,"POINT (  573761.373080802,   6137108.33506030)",PARAGUAY 1373 EN 1367 EN 1367,0
2026-07-19,B_02,83,S,25,,S,,65846,Nocturno,2026-07-19 21:42:24,,178547,"POINT (  573760.921103401,   6137111.38590776)",PARAGUAY 1373 EN 1367 EN 1367,0
2026-07-19,B_02,84,S,50,,S,,65846,Nocturno,2026-07-19 21:42:18,,178548,"POINT (  573756.919795195,   6137161.97810430)",PARAGUAY 1387 EN 1387 EN 1387,0
2026-07-19,B_02,85,S,25,,S,,65846,Nocturno,2026-07-19 21:42:21,,178549,"POINT (  573756.740312440,   6137165.73619025)",PARAGUAY 1387 EN 1387 EN 1387,0
2026-07-19,B_02,86,S,50,,S,,65846,Nocturno,2026-07-19 22:23:12,,183760,"POINT (  573766.166631373,   6137211.49184553)",PARAGUAY 1402 ,0
2026-07-19,B_02,87,S,25,,S,,65846,Nocturno,2026-07-19 22:23:15,,178550,"POINT (  573765.652334570,   6137219.24455299)",PARAGUAY 1402 AL LADO DE 1410 AL LADO DE 1410,0
2026-07-19,B_02,88,S,50,,S,,65846,Nocturno,2026-07-19 22:23:17,,178551,"POINT (  573741.722739437,   6137354.38455002)",PARAGUAY 1473 EN 1491 EN 1491,0
2026-07-19,B_02,89,S,25,,S,,65846,Nocturno,2026-07-19 22:23:20,,178552,"POINT (  573741.496750737,   6137356.70093421)",PARAGUAY 1473 EN 1491 EN 1491,0
2026-07-19,B_02,90,S,25,,S,Fuera de Lugar,65846,Nocturno,2026-07-19 20:23:47,,178554,"POINT (  573631.144777767,   6137225.23758137)",AV LIB BRIG GRAL LAVALLEJA 1409 (*) FTE 1409 (*) FTE 1409,0
2026-07-19,B_02,91,S,25,,S,Fuera de Lugar,65846,Nocturno,2026-07-19 20:23:51,,178555,"POINT (  573629.697837662,   6137222.13699543)",AV LIB BRIG GRAL LAVALLEJA 1409 (*) FTE 1409 (*) FTE 1409,0
2026-07-19,B_02,92,S,25,,S,,65846,Nocturno,2026-07-19 21:42:50,,178556,"POINT (  573641.054091276,   6137330.06409288)",RIO NEGRO 1467 ,0
2026-07-19,B_02,93,S,25,,S,Fuera de Lugar,65846,Nocturno,2026-07-19 19:00:25,,178558,"POINT (  573635.940695386,   6137586.43000196)",RIO NEGRO 1598 ,0
2026-07-19,B_02,94,S,25,,S,,65846,Nocturno,2026-07-19 19:00:27,,178559,"POINT (  573633.544773336,   6137617.76025624)",RIO NEGRO 1601 FTE 1607. MURO FTE 1607. MURO,0
2026-07-19,B_02,95,S,25,,S,,65846,Nocturno,2026-07-19 19:00:30,,178560,"POINT (  573633.318784636,   6137620.47212065)",RIO NEGRO 1601 FTE 1607. MURO FTE 1607. MURO,0
2026-07-19,B_02,96,S,50,,S,,65846,Nocturno,2026-07-19 18:28:52,,179357,"POINT (  573919.282685321,   6137781.78138799)",CUAREIM 1678 FTE 1680 FTE 1680,0
2026-07-19,B_02,97,S,25,,S,Fuera de Lugar,65846,Nocturno,2026-07-19 18:28:57,,178562,"POINT (  573922.541018160,   6137736.78117224)",CUAREIM Esq. GALICIA S/NUM. ESQ GALICIA S/NUM. ESQ GALICIA,0
2026-07-19,B_02,98,S,100,,S,,65846,Nocturno,2026-07-19 18:29:01,,178563,"POINT (  573925.582120350,   6137699.49325240)",CUAREIM 1643 EN 1647 EN 1647,0
2026-07-19,B_02,99,S,25,,S,,65846,Nocturno,2026-07-19 18:30:56,,178924,"POINT (  573945.692784520,   6137607.50427075)",CUAREIM 1596 ,0
2026-07-19,B_02,100,S,25,,S,Basura Afuera,65846,Nocturno,2026-07-19 18:33:36,,178564,"POINT (  573936.373080802,   6137539.01302641)",CUAREIM 1552 FTE 1556 FTE 1556,0
2026-07-19,B_02,101,S,50,,S,Basura Afuera,65846,Nocturno,2026-07-19 18:33:39,,178565,"POINT (  573936.599069503,   6137536.35765918)",CUAREIM 1552 FTE 1556 FTE 1556,0
2026-07-19,B_02,102,S,75,,S,Basura Afuera,65846,Nocturno,2026-07-19 22:23:38,,184316,"POINT (  573946.780516902,   6137387.60980751)",CUAREIM 1489 ,0
2026-07-19,B_02,103,S,50,,S,Basura Afuera,65846,Nocturno,2026-07-19 22:23:42,,178568,"POINT (  573957.785510181,   6137263.25031454)",CUAREIM 1425 FTE 1430 FTE 1430,0
2026-07-19,B_02,104,S,25,,S,,65846,Nocturno,2026-07-19 23:10:10,,183674,"POINT (  573967.372289543,   6137132.59142615)",CUAREIM 1351 ,0
2026-07-19,B_02,105,S,75,,S,,65846,Nocturno,2026-07-19 23:10:18,,178570,"POINT (  573971.668977770,   6137071.62305404)",ZELMAR MICHELINI 1337 EN 1337 BIS EN 1337 BIS,0
2026-07-19,B_02,106,S,25,,S,,65846,Nocturno,2026-07-19 23:10:20,,179355,"POINT (  573988.406979107,   6137030.25596426)",ZELMAR MICHELINI 1326 FTE 1317 FTE 1317,0
2026-07-19,B_02,107,S,50,,S,,65846,Nocturno,2026-07-19 23:10:22,,179356,"POINT (  573988.858956508,   6137028.22206595)",ZELMAR MICHELINI 1326 FTE 1317 FTE 1317,0
2026-07-19,B_02,108,S,50,,S,,65846,Nocturno,2026-07-19 23:10:27,,178571,"POINT (  573985.271385887,   6136923.36330889)",ZELMAR MICHELINI 1273 (*) EN 1275. VERIFICAR (*) EN 1275. VERIFICAR,0
2026-07-19,B_02,109,S,25,,S,,65846,Nocturno,2026-07-19 23:10:32,,179354,"POINT (  573985.384380238,   6136922.23336539)",ZELMAR MICHELINI 1273 (*) EN 1275. VERIFICAR (*) EN 1275. VERIFICAR,0
2026-07-19,B_02,110,S,25,,S,Basura Afuera,65846,Nocturno,2026-07-19 23:15:09,,178597,"POINT (  573991.110210239,   6136838.61545838)",ZELMAR MICHELINI 1223 EN 1225 EN 1225,0
2026-07-19,B_02,111,S,25,,S,Basura Afuera,65846,Nocturno,2026-07-19 23:15:06,,178925,"POINT (  573991.298534156,   6136837.42274024)",ZELMAR MICHELINI 1223 EN 1225 EN 1225,0
2026-07-19,B_02,112,S,50,,S,Basura Afuera,65846,Nocturno,2026-07-19 23:15:02,,178598,"POINT (  574011.606129888,   6136775.93498129)",ZELMAR MICHELINI 1194 EN 1198 EN 1198,0
2026-07-19,B_02,113,S,25,,S,Basura Afuera,65846,Nocturno,2026-07-19 23:14:58,,178934,"POINT (  574011.700291846,   6136774.55393923)",ZELMAR MICHELINI 1194 EN 1198 EN 1198,0
2026-07-19,B_02,114,S,50,,S,Basura Afuera,65846,Nocturno,2026-07-19 23:14:54,,179353,"POINT (  574011.881555379,   6136773.08082301)",ZELMAR MICHELINI 1194 EN 1198 EN 1198,0
2026-07-19,B_02,115,S,50,,S,Basura Afuera,65846,Nocturno,2026-07-19 23:28:53,,183733,"POINT (  574005.546414161,   6136659.33718214)",ZELMAR MICHELINI 1141 ,0
2026-07-19,B_02,116,S,50,,S,Basura Afuera,65846,Nocturno,2026-07-19 23:28:49,,183734,"POINT (  574005.546414161,   6136653.23696427)",ZELMAR MICHELINI 1135 ,0
2026-07-19,B_02,117,S,50,,S,,65846,Nocturno,2026-07-19 23:28:46,,178622,"POINT (  574012.341431854,   6136567.20128612)",ZELMAR MICHELINI 1099 FTE 1094 FTE 1094,0
2026-07-19,B_02,118,S,50,,S,,65846,Nocturno,2026-07-19 23:28:43,,178652,"POINT (  574012.455197497,   6136565.38103584)",ZELMAR MICHELINI 1099 FTE 1094 FTE 1094,0
2026-07-19,B_02,119,S,50,,S,,65846,Nocturno,2026-07-19 23:28:40,,179369,"POINT (  574012.796494426,   6136563.90208248)",ZELMAR MICHELINI 1099 ,0
2026-07-19,B_02,120,S,50,,S,,65846,Nocturno,2026-07-19 22:23:57,,183785,"POINT (  573928.892687218,   6136482.79576692)",CARLOS GARDEL Esq. HECTOR GUTIERREZ RUIZ ,0
2026-07-19,B_02,121,S,25,,S,,65846,Nocturno,2026-07-19 22:24:00,,178653,"POINT (  573919.847657074,   6136589.29551228)",HECTOR GUTIERREZ RUIZ 1104 FTE 1103 FTE 1103,0
2026-07-19,B_02,122,S,50,,S,,65846,Nocturno,2026-07-19 22:24:02,,178654,"POINT (  573919.621668373,   6136591.66839364)",HECTOR GUTIERREZ RUIZ 1104 FTE 1103 FTE 1103,0
2026-07-19,B_02,123,S,50,,S,,65846,Nocturno,2026-07-19 22:47:30,,183740,"POINT (  573921.279454466,   6136616.21411765)",HECTOR GUTIERREZ RUIZ 1120 ,0
2026-07-19,B_02,124,S,75,,S,,65846,Nocturno,2026-07-19 22:47:27,,183739,"POINT (  573921.279454466,   6136621.44287582)",HECTOR GUTIERREZ RUIZ 1120 ,0
2026-07-19,B_02,125,S,25,,S,,65846,Nocturno,2026-07-19 22:47:24,,178655,"POINT (  573909.113193797,   6136758.10907160)",HECTOR GUTIERREZ RUIZ 1189 IGLECIA. FTE 1991 IGLECIA. FTE 1991,0
2026-07-19,B_02,126,S,50,,S,,65846,Nocturno,2026-07-19 22:47:20,,178656,"POINT (  573908.774210746,   6136760.93393036)",HECTOR GUTIERREZ RUIZ 1189 IGLECIA. FTE 1991 IGLECIA. FTE 1991,0
2026-07-19,B_02,127,S,50,,S,,65846,Nocturno,2026-07-19 22:47:17,,178657,"POINT (  573881.722739439,   6136901.41844834)",HECTOR GUTIERREZ RUIZ 1257 EN 1255/1257 EN 1255/1257,0
2026-07-19,B_02,128,S,50,,S,,65846,Nocturno,2026-07-19 22:46:59,,183757,"POINT (  573882.044957081,   6136903.01381307)",HECTOR GUTIERREZ RUIZ 1257 ,0
2026-07-19,B_02,129,S,50,,S,,65846,Nocturno,2026-07-19 22:46:44,,178659,"POINT (  573891.531284746,   6136962.85467175)",HECTOR GUTIERREZ RUIZ 1290 UTE UTE,0
2026-07-19,B_02,130,S,50,,S,,65846,Nocturno,2026-07-19 22:46:30,,178660,"POINT (  573891.270762037,   6136966.05121670)",HECTOR GUTIERREZ RUIZ 1290 UTE UTE,0
2026-07-19,B_02,131,S,50,,S,Basura Afuera,65846,Nocturno,2026-07-19 22:22:16,,178661,"POINT (  573684.706414136,   6136783.70229194)",RIO NEGRO 1207 EN 1205 EN 1205,0
2026-07-19,B_02,132,S,50,,S,Basura Afuera,65846,Nocturno,2026-07-19 22:22:19,,178662,"POINT (  573684.819408486,   6136781.66839364)",RIO NEGRO 1201 EN 1205 EN 1205,0
2026-07-19,B_02,133,S,50,,S,,65846,Nocturno,2026-07-19 22:50:01,,178663,"POINT (  573702.594565751,   6136739.64493473)",RIO NEGRO 1186 EN 1192 EN 1192,0
2026-07-19,B_02,134,S,50,,S,,65846,Nocturno,2026-07-19 22:50:04,,183782,"POINT (  573704.330100000,   6136735.61118195)",RIO NEGRO 1186 ,0
2026-07-19,B_02,135,S,50,,S,,65846,Nocturno,2026-07-19 22:50:12,,183784,"POINT (  573691.459884211,   6136680.12407218)",RIO NEGRO 1157 ,0
2026-07-19,B_02,136,S,50,,S,,65846,Nocturno,2026-07-19 22:50:20,,178664,"POINT (  573693.284007827,   6136673.34094950)",RIO NEGRO 1155 FTE 1152. ESQ MALDONADO FTE 1152. ESQ MALDONADO,0
2026-07-19,B_02,137,S,50,,S,Basura Afuera,65846,Nocturno,2026-07-19 22:51:18,,178667,"POINT (  573712.729013006,   6136594.09777217)",RIO NEGRO 1108 EN 1110 EN 1110,0
2026-07-19,B_02,138,S,50,,S,Basura Afuera,65846,Nocturno,2026-07-19 22:51:20,,178668,"POINT (  573712.842007356,   6136591.83788516)",RIO NEGRO 1108 EN 1110 EN 1110,0
2026-07-19,B_02,139,S,25,,S,,65846,Nocturno,2026-07-19 21:43:02,,182141,"POINT (  573707.332164924,   6136501.21625991)",RIO NEGRO 1073 ,0
2026-07-19,B_02,140,S,25,,S,,65846,Nocturno,2026-07-19 20:23:33,,179363,"POINT (  573494.918278542,   6136579.02715070)",WILSON FERREIRA ALDUNATE 1115 ,0
2026-07-19,B_02,141,S,50,,S,,65846,Nocturno,2026-07-19 20:23:28,,179362,"POINT (  573494.579295491,   6136581.06104900)",WILSON FERREIRA ALDUNATE 1115 ,0
2026-07-19,B_02,142,S,50,,S,Basura Afuera,65846,Nocturno,2026-07-19 20:23:24,,178670,"POINT (  573486.423977234,   6136663.58422308)",WILSON FERREIRA ALDUNATE 1157 FTE 1156 FTE 1156,0
2026-07-19,B_02,143,S,25,,S,Basura Afuera,65846,Nocturno,2026-07-19 20:23:20,,178671,"POINT (  573486.280929378,   6136665.02284577)",WILSON FERREIRA ALDUNATE 1157 FTE 1156. MURO FTE 1156. MURO,0
2026-07-19,B_02,144,S,75,,S,Basura Afuera,65846,Nocturno,2026-07-19 20:23:13,,178673,"POINT (  573463.406979108,   6136968.39155748)",WILSON FERREIRA ALDUNATE 1301 EN 1305 EN 1305,0
2026-07-19,B_02,145,S,50,,S,,65846,Nocturno,2026-07-19 20:23:05,,178674,"POINT (  573449.061885989,   6137148.25010495)",RIO BRANCO 1391 FTE 1394 FTE 1394,0
2026-07-19,B_02,146,S,50,,S,,65846,Nocturno,2026-07-19 20:23:02,,178675,"POINT (  573448.690657810,   6137151.88810151)",RIO BRANCO 1391 FTE 1394 FTE 1394,0
2026-07-19,B_02,147,S,25,,S,,65846,Nocturno,2026-07-19 20:22:56,,178676,"POINT (  573445.247506646,   6137187.93062831)",RIO BRANCO 1407 ,0
2026-07-19,B_02,148,S,50,,S,,65846,Nocturno,2026-07-19 20:22:53,,178677,"POINT (  573445.037117770,   6137192.29690154)",RIO BRANCO 1407 ,0
2026-07-19,B_02,149,S,75,,S,,65846,Nocturno,2026-07-19 20:22:46,,178678,"POINT (  573440.864606227,   6137253.81528629)",RIO BRANCO 1445 ,0
2026-07-19,B_02,150,S,25,,S,Basura Afuera,65846,Nocturno,2026-07-19 20:22:41,,178679,"POINT (  573436.994007435,   6137301.34230410)",RIO BRANCO 1461 EN 1465/1467 EN 1465/1467,0
2026-07-19,B_02,151,S,25,,S,Basura Afuera,65846,Nocturno,2026-07-19 20:22:37,,178680,"POINT (  573437.053412464,   6137303.00564494)",RIO BRANCO 1465 EN 1465/1467 EN 1465/1467,0
2026-07-19,B_02,152,S,50,,S,,65846,Nocturno,2026-07-19 20:22:28,,178681,"POINT (  573433.067996057,   6137352.79833714)",RIO BRANCO 1494 FTE 1494 FTE 1494,0
2026-07-19,B_02,153,S,25,,S,,65846,Nocturno,2026-07-19 20:22:32,,179573,"POINT (  573432.834692264,   6137356.83495212)",RIO BRANCO 1494 FTE 1494 FTE 1494,0
2026-07-19,B_02,154,S,50,,S,Basura Afuera,65846,Nocturno,2026-07-19 22:01:55,,180469,"POINT (  573957.276745534,   6137441.48358322)",CUAREIM 1506 EN 1516 EN 1516,0
2026-07-19,B_02,155,S,50,,S,Basura Afuera,65846,Nocturno,2026-07-19 18:56:29,,178768,"POINT (  573697.813758770,   6137404.88873262)",AV URUGUAY 1071 ,0
2026-07-19,B_02,156,S,25,,S,Basura Afuera,65846,Nocturno,2026-07-19 18:51:25,,178769,"POINT (  573694.649916962,   6137405.11472132)",AV URUGUAY 1071 ,0
2026-07-19,B_02,157,S,25,,S,,65846,Nocturno,2026-07-19 18:56:23,,181981,"POINT (  573633.641944142,   6137436.12602458)",RIO NEGRO 1521 ,0
2026-07-19,B_02,158,S,25,,S,,65846,Nocturno,2026-07-19 18:56:51,,179358,"POINT (  573633.545866231,   6137438.11326128)",RIO NEGRO 1521 AL LADO DE 1529 AL LADO DE 1529,0
2026-07-19,B_02,159,S,25,,S,,65846,Nocturno,2026-07-19 18:56:54,,179359,"POINT (  573633.483091592,   6137438.99210622)",RIO NEGRO 1521 AL LADO DE 1529 AL LADO DE 1529,0
2026-07-19,B_02,160,S,50,,S,Basura Afuera,65846,Nocturno,2026-07-19 18:43:52,,178690,"POINT (  573865.497374588,   6137698.70229194)",AV LIB BRIG GRAL LAVALLEJA 1638 EN 1640 EN 1640,0
2026-07-19,B_02,161,S,75,,S,Basura Afuera,65846,Nocturno,2026-07-19 18:43:56,,178691,"POINT (  573866.401329391,   6137701.41415635)",AV LIB BRIG GRAL LAVALLEJA 1638 EN 1640 EN 1640,0
2026-07-19,B_02,162,S,50,,S,,65846,Nocturno,2026-07-19 18:47:03,,178692,"POINT (  573810.921103402,   6137772.26161397)",AV GRAL RONDEAU 1673 EN 1685/ESTACIONAMIENTO EN 1685/ESTACIONAMIENTO,0
2026-07-19,B_02,163,S,50,,S,Basura Afuera,65846,Nocturno,2026-07-19 18:48:59,,178693,"POINT (  573796.572652558,   6137628.66401807)",AV LIB BRIG GRAL LAVALLEJA 1601 EN 1615/FARMACIA EN 1615/FARMACIA,0
2026-07-19,B_02,164,S,50,,S,,65846,Nocturno,2026-07-19 21:43:12,,178694,"POINT (  573725.238885658,   6137776.05617368)",PARAGUAY 1682 S/F S/F,0
2026-07-19,B_02,165,S,50,,S,,65846,Nocturno,2026-07-19 21:43:15,,178695,"POINT (  573725.435349312,   6137773.69860983)",PARAGUAY 1682 S/F S/F,0
2026-07-19,B_02,166,S,75,,S,,65846,Nocturno,2026-07-19 21:43:18,,179350,"POINT (  573725.610368938,   6137772.14861962)",PARAGUAY 1682 ,0
2026-07-19,B_02,167,S,25,,S,,65846,Nocturno,2026-07-19 21:43:21,,178696,"POINT (  573731.835733788,   6137673.84782686)",PARAGUAY 1635 FTE 1637 FTE 1637,0
2026-07-19,B_02,168,S,25,,S,,65846,Nocturno,2026-07-19 21:43:24,,178697,"POINT (  573732.231214014,   6137670.62748788)",PARAGUAY 1631 FTE 1637 FTE 1637,0
2026-07-19,B_02,169,S,50,,S,"Basura Afuera, Fuera de Lugar",65846,Nocturno,2026-07-19 18:37:27,,178698,"POINT (  573859.791159899,   6137610.05822414)",CERRO LARGO 1162 FTE 1157 FTE 1157,0
2026-07-19,B_02,170,S,25,,S,"Basura Afuera, Fuera de Lugar",65846,Nocturno,2026-07-19 18:37:33,,178699,"POINT (  573856.514323740,   6137610.17121849)",CERRO LARGO 1162 FTE 1157 FTE 1157,0
2026-07-19,B_02,171,S,25,,S,,65846,Nocturno,2026-07-19 22:02:21,,178700,"POINT (  573769.056696622,   6137467.91133149)",AV LIB BRIG GRAL LAVALLEJA 1532 EN 1532/AUTOMOVIL CLUB EN 1532/AUTOMOVIL CLUB,0
2026-07-19,B_02,172,S,50,,S,,65846,Nocturno,2026-07-19 22:02:18,,178701,"POINT (  573767.926753119,   6137464.74748968)",AV LIB BRIG GRAL LAVALLEJA 1532 EN 1532/AUTOMOVIL CLUB EN 1532/AUTOMOVIL CLUB,0
2026-07-19,B_02,173,S,75,,S,Basura Afuera,65846,Nocturno,2026-07-19 22:14:50,,182175,"POINT (  573671.368424573,   6137130.21554414)",RIO NEGRO 1362 ,0
2026-07-19,B_02,174,S,50,,S,Basura Afuera,65846,Nocturno,2026-07-19 22:14:45,,182176,"POINT (  573671.823487145,   6137126.80257486)",RIO NEGRO 1362 ,0
2026-07-19,B_02,175,S,75,,S,Basura Afuera,65846,Nocturno,2026-07-19 22:14:40,,178706,"POINT (  573678.139360452,   6137051.28341729)",RIO NEGRO 1338 ,0
2026-07-19,B_02,176,S,50,,S,,65846,Nocturno,2026-07-19 22:14:33,,178707,"POINT (  573682.842007356,   6136991.78138798)",RIO NEGRO 1310 EN 1308/1310 EN 1308/1310,0
2026-07-19,B_02,177,S,25,,S,,65846,Nocturno,2026-07-19 22:14:55,,178708,"POINT (  573683.067996056,   6136988.95652923)",RIO NEGRO 1306 EN 1308/1310 EN 1308/1310,0
2026-07-19,B_02,178,S,50,,S,,65846,Nocturno,2026-07-19 22:14:58,,183781,"POINT (  573683.063000752,   6136985.70353985)",RIO NEGRO 1306 ,0
2026-07-19,B_02,179,S,50,,S,Basura Afuera,65846,Nocturno,2026-07-19 22:22:38,,178709,"POINT (  573673.802459333,   6136920.14296990)",RIO NEGRO 1277 EN 1277/1279 EN 1277/1279,0
2026-07-19,B_02,180,S,50,,S,,65846,Nocturno,2026-07-19 22:22:49,,179351,"POINT (  573693.519973458,   6136848.10907160)",RIO NEGRO 1242 EN 1246 EN 1246,0
2026-07-19,B_02,181,S,25,,S,,65846,Nocturno,2026-07-19 22:22:52,,179352,"POINT (  573693.632967808,   6136845.28421284)",RIO NEGRO 1242 EN 1246 EN 1246,0
2026-07-19,B_02,182,S,50,,S,Basura Afuera,65846,Nocturno,2026-07-19 23:00:38,,178716,"POINT (  573869.395679672,   6137235.79268742)",AV GRAL RONDEAU 1414 ,0
2026-07-19,B_02,183,S,50,,S,,65846,Nocturno,2026-07-19 19:00:00,,179348,"POINT (  573869.282685322,   6137237.37460832)",AV GRAL RONDEAU 1414 ,0
2026-07-19,B_02,184,S,25,,S,,65846,Nocturno,2026-07-19 23:00:14,,183742,"POINT (  573868.741944662,   6137289.26251503)",AV GRAL RONDEAU 1446 ,0
2026-07-19,B_02,185,S,50,,S,,65846,Nocturno,2026-07-19 19:00:00,,183741,"POINT (  573867.870484967,   6137294.05554336)",MERCEDES 1162 ,0
2026-07-19,B_02,186,S,50,,S,Basura Afuera,65846,Nocturno,2026-07-19 23:00:04,,178718,"POINT (  573862.115168297,   6137338.99321510)",AV GRAL RONDEAU 1462 ,0
2026-07-19,B_02,187,N,,Contenedor No Está,S,,65846,Nocturno,2026-07-19 22:59:57,,178719,"POINT (  573859.363982377,   6137385.72635795)",AV GRAL RONDEAU 1492 EN 1494 EN 1494,0
2026-07-19,B_02,188,S,50,,S,Basura Afuera,65846,Nocturno,2026-07-19 22:59:47,,178720,"POINT (  573853.064426337,   6137451.76510819)",AV GRAL RONDEAU 1514 ,0
2026-07-19,B_01,1,S,100,,S,,65847,Nocturno,2026-07-19 21:31:09,,177317,"POINT (  571828.384533332,   6136859.70892200)",JUAN LINDOLFO CUESTAS 1464 FTE 1458 FTE 1458,0
2026-07-19,B_01,2,S,75,,S,,65847,Nocturno,2026-07-19 21:31:13,,177316,"POINT (  571829.283226143,   6136856.93114422)",JUAN LINDOLFO CUESTAS 1464 FTE 1458 FTE 1458,0
2026-07-19,B_01,3,S,75,,S,,65847,Nocturno,2026-07-19 21:31:33,,177318,"POINT (  571952.753106551,   6136643.09245435)",JUAN LINDOLFO CUESTAS Esq. SARANDI ,0
2026-07-19,B_01,4,S,75,,S,,65847,Nocturno,2026-07-19 21:31:48,,177319,"POINT (  572045.439271894,   6136547.92379127)",JUAN LINDOLFO CUESTAS 1258 ,0
2026-07-19,B_01,5,S,100,,S,,65847,Nocturno,2026-07-19 21:32:09,,177320,"POINT (  572048.012801306,   6136546.24895467)",JUAN LINDOLFO CUESTAS 1258 ,0
2026-07-19,B_01,6,S,100,,S,"Basura Afuera, Requiere Limpieza",65847,Nocturno,2026-07-19 21:32:29,,180468,"POINT (  572146.732913508,   6136559.23359804)",MACIEL 1277 ,0
2026-07-19,B_01,7,S,100,,S,"Basura Afuera, Requiere Limpieza",65847,Nocturno,2026-07-19 21:32:33,,177521,"POINT (  572008.204794770,   6136694.83964095)",GUARANI 1360 CASA VEIGE. S/N CASA VEIGE. S/N,0
2026-07-19,B_01,8,S,100,,S,Requiere Limpieza,65847,Nocturno,2026-07-19 21:32:35,,181910,"POINT (  572006.997737884,   6136698.39823550)",GUARANI 1360 ,0
2026-07-19,B_01,9,S,100,,S,"Basura Afuera, Requiere Limpieza",65847,Nocturno,2026-07-19 21:32:38,,181911,"POINT (  571915.530161092,   6136936.85102275)",GUARANI Esq. CERRITO ,0
2026-07-19,B_01,10,S,75,,S,,65847,Nocturno,2026-07-19 21:32:45,,177524,"POINT (  571913.798287059,   6136940.95936295)",GUARANI Esq. CERRITO EN 1480 EN 1480,0
2026-07-19,B_01,11,S,100,,S,,65847,Nocturno,2026-07-19 21:32:48,,183108,"POINT (  571933.579059520,   6136956.40101453)",CERRITO 164 PROV OV (O: MACIEL 1515 FTE.) PROV OV (O: MACIEL 1515 FTE.),0
2026-07-19,B_01,12,S,50,,S,,65847,Nocturno,2026-07-19 21:32:51,,183109,"POINT (  571936.964108886,   6136958.09353921)",CERRITO 164 POR OV (O:MACIEL 1515 FTE) POR OV (O:MACIEL 1515 FTE),0
2026-07-19,B_01,13,S,50,,S,Requiere Limpieza,65847,Nocturno,2026-07-19 21:32:54,,177525,"POINT (  571866.522068601,   6137004.27500273)",PIEDRAS 135 EN 141 EN 141,0
2026-07-19,B_01,14,S,25,,S,,65847,Nocturno,2026-07-19 21:32:56,,177527,"POINT (  571958.186708803,   6137040.99474490)",PIEDRAS 192 FTE 165. MURO FTE 165. MURO,0
2026-07-19,B_01,15,S,100,,S,"Basura Afuera, Requiere Limpieza",65847,Nocturno,2026-07-19 21:33:00,,183110,"POINT (  571983.191189280,   6136886.33754485)",25 DE MAYO 175 PROV OV (O: MACIEL FTE 1467) PROV OV (O: MACIEL FTE 1467),0
2026-07-19,B_01,16,S,75,,S,,65847,Nocturno,2026-07-19 21:33:02,,180531,"POINT (  572062.822849268,   6136907.88030123)",25 DE MAYO 224 LABORATORIO LABORATORIO,0
2026-07-19,B_01,17,S,100,,S,"Basura Afuera, Requiere Limpieza",65847,Nocturno,2026-07-19 21:33:05,,183403,"POINT (  572225.510468785,   6136633.80888797)",PEREZ CASTELLANO 1288 ,0
2026-07-19,B_01,18,S,75,,S,"Basura Afuera, Requiere Limpieza",65847,Nocturno,2026-07-19 21:33:09,,183402,"POINT (  572223.921365493,   6136636.30605029)",PEREZ CASTELLANO 1288 ,0
2026-07-19,B_01,19,S,50,,S,,65847,Nocturno,2026-07-19 21:33:12,,183401,"POINT (  572222.218754824,   6136639.37074949)",PEREZ CASTELLANO 1295 ,0
2026-07-19,B_01,20,S,100,,S,"Basura Afuera, Requiere Limpieza",65847,Nocturno,2026-07-19 21:33:16,,183408,"POINT (  572102.023435982,   6136704.70870182)",MACIEL 1343 ,0
2026-07-19,B_01,21,S,75,,S,,65847,Nocturno,2026-07-19 21:33:18,,177532,"POINT (  572036.878823064,   6136857.96180376)",MACIEL 1419 FTE 1430 FTE 1430,0
2026-07-19,B_01,22,S,100,,S,,65847,Nocturno,2026-07-19 21:33:21,,182171,"POINT (  572123.986177930,   6136645.09138100)",MACIEL 1312 ,0
2026-07-19,B_01,23,S,100,,S,"Basura Afuera, Requiere Limpieza",65847,Nocturno,2026-07-19 21:33:24,,180457,"POINT (  572405.910473421,   6136712.09307517)",FRANCISCO DE ALZAIBAR 1299 PDO 1299 PDO 1299,0
2026-07-19,B_01,24,S,75,,S,,65847,Nocturno,2026-07-19 21:33:26,,180458,"POINT (  572406.291737037,   6136711.38501416)",FRANCISCO DE ALZAIBAR 1299 PDO 1299 PDO 1299,0
2026-07-19,B_01,25,S,100,,S,,65847,Nocturno,2026-07-19 21:33:32,,180459,"POINT (  572406.727466885,   6136710.73141939)",FRANCISCO DE ALZAIBAR 1299 PDO 1299 PDO 1299,0
2026-07-19,B_01,26,S,100,,S,"Basura Afuera, Requiere Limpieza",65847,Nocturno,2026-07-19 21:33:46,,180462,"POINT (  572519.028708646,   6136712.56515757)",ZABALA 1270 ANTES 1266 ANTES 1266,0
2026-07-19,B_01,27,S,75,,S,,65847,Nocturno,2026-07-19 21:33:49,,180463,"POINT (  572519.825068146,   6136710.40361035)",ZABALA 1270 ANTES 1266 ANTES 1266,0
2026-07-19,B_01,28,S,100,,S,,65847,Nocturno,2026-07-19 21:33:52,,180464,"POINT (  572520.621427645,   6136708.35582878)",ZABALA 1264 ANTES 1266 ANTES 1266,0
2026-07-19,B_01,29,S,75,,S,,65847,Nocturno,2026-07-19 21:18:32,,180454,"POINT (  572320.888686928,   6136600.38283551)",RECONQUISTA 293 PDO 293 PDO 293,0
2026-07-19,B_01,30,S,100,,S,"Basura Afuera, Requiere Limpieza",65847,Nocturno,2026-07-19 21:18:30,,180455,"POINT (  572357.094252045,   6136612.64365951)",RECONQUISTA 307 307/309 307/309,0
2026-07-19,B_01,31,S,100,,S,"Basura Afuera, Requiere Limpieza",65847,Nocturno,2026-07-19 21:18:27,,180456,"POINT (  572358.355866801,   6136613.08893531)",RECONQUISTA 307 307/309 307/309,0
2026-07-19,B_01,32,S,50,,S,Requiere Limpieza,65847,Nocturno,2026-07-19 21:18:23,,178045,"POINT (  572319.989925489,   6136861.60843180)",CIRCUNVALACION DURANGO 322 EN 322/324 EN 322/324,0
2026-07-19,B_01,33,S,100,,S,Requiere Limpieza,65847,Nocturno,2026-07-19 21:18:21,,183407,"POINT (  572297.751510783,   6136920.46783962)",CIRCUNVALACION DURANGO 1401 ,0
2026-07-19,B_01,34,S,75,,S,"Basura Afuera, Requiere Limpieza",65847,Nocturno,2026-07-19 21:18:12,,183406,"POINT (  572297.070466515,   6136917.51664779)",CIRCUNVALACION DURANGO 1401 ,0
2026-07-19,B_01,35,S,100,,S,"Basura Afuera, Requiere Limpieza",65847,Nocturno,2026-07-19 21:18:09,,178007,"POINT (  572296.328729060,   6136913.64281446)",CIRCUNVALACION DURANGO 1401 EN 1409 EN 1409,0
2026-07-19,B_01,36,S,50,,S,Requiere Limpieza,65847,Nocturno,2026-07-19 21:33:57,,178012,"POINT (  572296.538263202,   6136914.84015242)",CIRCUNVALACION DURANGO 1401 EN 1409 EN 1409,0
2026-07-19,B_01,37,S,75,,S,,65847,Nocturno,2026-07-19 21:33:59,,180529,"POINT (  572166.107272779,   6136947.45876609)",25 DE MAYO 272 FTE 279 FTE 279,0
2026-07-19,B_01,38,S,100,,S,,65847,Nocturno,2026-07-19 21:34:02,,183257,"POINT (  572144.972464664,   6136565.42754642)",MACIEL 1277 ,0
2026-07-19,B_01,39,S,75,,S,,65847,Nocturno,2026-07-19 21:34:04,,180533,"POINT (  572226.001290156,   6136968.53897532)",25 DE MAYO 306 ,0
2026-07-19,B_01,40,S,50,,S,,65847,Nocturno,2026-07-19 21:18:03,,179202,"POINT (  572296.794526144,   6137015.32631089)",SOLIS 1460 EN 1460. CASA TAPIADA EN 1460. CASA TAPIADA,0
2026-07-19,B_01,41,S,100,,S,,65847,Nocturno,2026-07-19 21:18:01,,178024,"POINT (  572272.381969913,   6137057.11383520)",SOLIS 1469 IGLESIA IGLESIA,0
2026-07-19,B_01,42,S,50,,S,,65847,Nocturno,2026-07-19 19:00:00,,178026,"POINT (  572271.723434037,   6137058.43090696)",SOLIS 1469 IGLESIA IGLESIA,0
2026-07-19,B_01,43,S,100,,S,,65847,Nocturno,2026-07-19 21:17:56,,178033,"POINT (  572212.589003328,   6137224.73858556)",SOLIS 1571 MURO. S/F MURO. S/F,0
2026-07-19,B_01,44,S,50,,S,,65847,Nocturno,2026-07-19 21:17:53,,178036,"POINT (  572210.937950558,   6137229.19679039)",SOLIS 1571 MURO. S/F MURO. S/F,0
2026-07-19,B_01,45,S,25,,S,,65847,Nocturno,2026-07-19 21:17:51,,178037,"POINT (  572208.347768626,   6137234.50467363)",SOLIS 1571 MURO. S/F MURO. S/F,0
2026-07-19,B_01,46,S,50,,S,,65847,Nocturno,2026-07-19 21:17:49,,178040,"POINT (  572314.025873201,   6137244.10434683)",ZABALA 1560 EN 1562 EN 1562,0
2026-07-19,B_01,47,S,25,,S,,65847,Nocturno,2026-07-19 21:17:46,,178041,"POINT (  572370.733857784,   6137092.90515428)",ZABALA 1486 ,0
2026-07-19,B_01,48,S,25,,S,,65847,Nocturno,2026-07-19 21:17:44,,178042,"POINT (  572370.954660453,   6137092.24984690)",ZABALA 1486 PROV PROV,0
2026-07-19,B_01,49,S,75,,S,,65847,Nocturno,2026-07-19 21:17:41,,178956,"POINT (  572420.166780392,   6136967.15962354)",ZABALA 1403 MURO. PROV OV. ORIGEN: ZABALA 1266 MURO. PROV OV. ORIGEN: ZABALA 1266,0
2026-07-19,B_01,50,S,100,,S,,65847,Nocturno,2026-07-19 20:43:44,,179347,"POINT (  572467.224228534,   6136844.02762294)",ZABALA 1341 FTE 1345. FTE 1345.,0
2026-07-19,B_01,51,S,100,,S,,65847,Nocturno,2026-07-19 20:43:42,,178958,"POINT (  572468.361884962,   6136841.75231009)",ZABALA 1341 FTE 1345. PROV OV. ORIGEN: ZABALA 1266 FTE 1345. PROV OV. ORIGEN: ZABALA 1266,0
2026-07-19,B_01,52,S,75,,S,,65847,Nocturno,2026-07-19 20:24:59,,178055,"POINT (  572690.148005553,   6136795.50657630)",TREINTA Y TRES 1282 ,0
2026-07-19,B_01,53,S,100,,S,"Basura Afuera, Requiere Limpieza",65847,Nocturno,2026-07-19 20:24:56,,178056,"POINT (  572692.821498159,   6136788.50998927)",TREINTA Y TRES 1278 ,0
2026-07-19,B_01,54,S,75,,S,,65847,Nocturno,2026-07-19 20:24:53,,178057,"POINT (  572693.447209194,   6136787.08791873)",TREINTA Y TRES 1278 ,0
2026-07-19,B_01,55,S,75,,S,,65847,Nocturno,2026-07-19 20:24:50,,180532,"POINT (  572707.862602783,   6136747.37408013)",TREINTA Y TRES 1254 ,0
2026-07-19,B_01,56,S,100,,S,,65847,Nocturno,2026-07-19 20:24:48,,178058,"POINT (  572720.520971241,   6136714.28408538)",TREINTA Y TRES Esq. RECONQUISTA TEMPLO TEMPLO,0
2026-07-19,B_01,57,S,75,,S,,65847,Nocturno,2026-07-19 20:24:45,,179346,"POINT (  572606.018312721,   6136739.02193466)",MISIONES 1267 ,0
2026-07-19,B_01,58,S,50,,S,,65847,Nocturno,2026-07-19 20:24:43,,180453,"POINT (  572592.566246841,   6136772.33272658)",MISIONES 1281 ,0
2026-07-19,B_01,59,S,75,,S,,65847,Nocturno,2026-07-19 20:24:41,,180452,"POINT (  572592.402848148,   6136773.09525381)",MISIONES 1281 ,0
2026-07-19,B_01,60,S,50,,S,,65847,Nocturno,2026-07-19 20:24:38,,178066,"POINT (  572485.475299016,   6137034.72721422)",MISIONES 1429 ,0
2026-07-19,B_01,61,S,50,,S,,65847,Nocturno,2026-07-19 20:24:31,,178067,"POINT (  572411.876894401,   6137226.98085286)",MISIONES 1537 ,0
2026-07-19,B_01,62,S,100,,S,"Basura Afuera, Requiere Limpieza",65847,Nocturno,2026-07-19 20:24:29,,178068,"POINT (  572389.208490322,   6137288.30112118)",MISIONES 1571 EN 1573 EN 1573,0
2026-07-19,B_01,63,S,100,,S,,65847,Nocturno,2026-07-19 20:23:46,,178069,"POINT (  572517.089598692,   6137224.29225532)",TREINTA Y TRES 1509 EN 1513 EN 1513,0
2026-07-19,B_01,64,S,50,,S,,65847,Nocturno,2026-07-19 20:23:49,,178071,"POINT (  572518.110840522,   6137221.84127493)",TREINTA Y TRES 1509 EN 1513 EN 1513,0
2026-07-19,B_01,65,S,75,,S,,65847,Nocturno,2026-07-19 20:23:51,,184075,"POINT (  572559.672933372,   6137143.97652217)",TREINTA Y TRES 1460 Treinta y Tres 1470 Treinta y Tres 1470,0
2026-07-19,B_01,66,S,75,,S,,65847,Nocturno,2026-07-19 20:23:53,,183780,"POINT (  572668.388997745,   6136857.86800677)",TREINTA Y TRES 1314 ,0
2026-07-19,B_01,67,S,75,,S,,65847,Nocturno,2026-07-19 20:23:56,,177691,"POINT (  572755.179784929,   6136890.77985663)",ITUZAINGO 1315 EN 1311 EN 1311,0
2026-07-19,B_01,68,S,100,,S,,65847,Nocturno,2026-07-19 20:23:58,,177692,"POINT (  572754.576793903,   6136892.85682572)",ITUZAINGO 1315 EN 1311 EN 1311,0
2026-07-19,B_01,69,S,75,,S,Requiere Limpieza,65847,Nocturno,2026-07-19 20:24:01,,183769,"POINT (  572653.527422556,   6137151.61271654)",ITUZAINGO 1461 ,0
2026-07-19,B_01,70,S,75,,S,,65847,Nocturno,2026-07-19 20:24:06,,177693,"POINT (  572650.527486854,   6137156.09127575)",ITUZAINGO 1461 ,0
2026-07-19,B_01,71,S,100,,S,,65847,Nocturno,2026-07-19 20:24:08,,177694,"POINT (  572597.201475406,   6137287.25856720)",ITUZAINGO 1533 EN 1543 EN 1543,0
2026-07-19,B_01,72,S,75,,S,,65847,Nocturno,2026-07-19 20:24:12,,177696,"POINT (  572596.348233085,   6137289.42011441)",ITUZAINGO 1533 EN 1543 EN 1543,0
2026-07-19,B_01,73,S,75,,S,"Basura Afuera, Requiere Limpieza",65847,Nocturno,2026-07-19 20:24:16,,177698,"POINT (  572575.769381761,   6137342.02089937)",ITUZAINGO 1575 EN 1571 EN 1571,0
2026-07-19,B_01,74,S,75,,S,,65847,Nocturno,2026-07-19 20:24:21,,177699,"POINT (  572575.055284967,   6137343.65500042)",ITUZAINGO 1575 EN 1571 EN 1571,0
2026-07-19,B_01,75,S,75,,S,Requiere Limpieza,65847,Nocturno,2026-07-19 20:12:02,,177700,"POINT (  572658.862453790,   6137418.48723614)",JUAN CARLOS GOMEZ 1581 EN1576 EN1576,0
2026-07-19,B_01,76,S,100,,S,Requiere Limpieza,65847,Nocturno,2026-07-19 20:11:59,,184176,"POINT (  572687.587983568,   6137350.24923662)",JUAN CARLOS GOMEZ 1544 Juan Carlos Gomez 1544 Juan Carlos Gomez 1544,0
2026-07-19,B_01,77,S,100,,S,Requiere Limpieza,65847,Nocturno,2026-07-19 20:11:56,,184177,"POINT (  572688.526950704,   6137348.72341502)",JUAN CARLOS GOMEZ 1544 Juan Carlos Gomez 1544 Juan Carlos Gomez 1544,0
2026-07-19,B_01,78,S,100,,S,"Basura Afuera, Requiere Limpieza",65847,Nocturno,2026-07-19 19:27:16,,184013,"POINT (  572984.276907351,   6136952.22845927)",BUENOS AIRES 679 Buenos Aires 679 PROV O en Juan Carlos Gomez 1305 Buenos Aires 679 PROV O en Juan Carlos Gomez 1305,0
2026-07-19,B_01,79,S,100,,S,,65847,Nocturno,2026-07-19 19:27:13,,184012,"POINT (  572988.360921354,   6136954.73721074)",BUENOS AIRES 679 Buenos Aires 679 PRO O en Juan Carlos Gomez 1305 es Buenos aires Buenos Aires 679 PRO O en Juan Carlos Gomez 1305 es Buenos aires,0
2026-07-19,B_01,80,S,75,,S,,65847,Nocturno,2026-07-19 19:27:10,,177844,"POINT (  572991.129631372,   6136955.62395465)",BUENOS AIRES 679 SOLIS SOLIS,0
2026-07-19,B_01,81,S,100,,S,,65847,Nocturno,2026-07-19 19:27:07,,183770,"POINT (  573000.271097744,   6136961.31711278)",BUENOS AIRES 679 ,0
2026-07-19,B_01,82,S,75,,S,,65847,Nocturno,2026-07-19 19:27:05,,177896,"POINT (  572826.096951634,   6136787.85434682)",BRECHA 558 ,0
2026-07-19,B_01,83,S,50,,S,,65847,Nocturno,2026-07-19 19:27:03,,177897,"POINT (  572827.322441830,   6136790.06022917)",BRECHA 558 ,0
2026-07-19,B_01,84,S,75,,S,,65847,Nocturno,2026-07-19 19:26:56,,177850,"POINT (  572801.677092897,   6137264.13179993)",BARTOLOME MITRE 1467 EN 1475 EN 1475,0
2026-07-19,B_01,85,S,75,,S,"Basura Afuera, Requiere Limpieza",65847,Nocturno,2026-07-19 19:26:54,,177877,"POINT (  572800.739106857,   6137265.47177999)",BARTOLOME MITRE 1467 EN 1475 EN 1475,0
2026-07-19,B_01,86,S,100,,S,,65847,Nocturno,2026-07-19 19:26:51,,184175,"POINT (  572800.072689202,   6137266.69601596)",BARTOLOME MITRE 1484 ,0
2026-07-19,B_01,87,S,75,,S,,65847,Nocturno,2026-07-19 19:26:48,,177880,"POINT (  572813.811259250,   6137414.53388005)",PIEDRAS 674 EN 676 EN 676,0
2026-07-19,B_01,88,S,25,,S,,65847,Nocturno,2026-07-19 19:26:46,,177883,"POINT (  572869.556424211,   6137437.96960246)",PIEDRAS 696 ESQ JUNCAL ESQ JUNCAL,0
2026-07-19,B_01,89,S,100,,S,,65847,Nocturno,2026-07-19 19:26:43,,177899,"POINT (  573134.172138998,   6137389.45227865)",FLORIDA 1518 ,0
2026-07-19,B_01,90,S,50,,S,,65847,Nocturno,2026-07-19 19:26:41,,178138,"POINT (  573142.096975600,   6137286.06175577)",FLORIDA 1468 ,0
2026-07-19,B_01,91,S,75,,S,,65847,Nocturno,2026-07-19 19:26:39,,178139,"POINT (  573142.178674946,   6137283.61077538)",FLORIDA 1468 ,0
2026-07-19,B_01,92,S,75,,S,,65847,Nocturno,2026-07-19 19:26:37,,178140,"POINT (  573148.242937847,   6137207.19325572)",FLORIDA 1430 EN 1430 EN 1430,0
2026-07-19,B_01,93,S,100,,S,,65847,Nocturno,2026-07-19 19:26:34,,178218,"POINT (  573148.504802226,   6137204.64925533)",FLORIDA 1430 EN 1428 EN 1428,0
2026-07-19,B_01,94,S,75,,S,,65847,Nocturno,2026-07-19 19:26:30,,178142,"POINT (  573040.830599410,   6137279.66471054)",CIUDADELA 1437 EN 1443 EN 1443,0
2026-07-19,B_01,95,S,100,,S,,65847,Nocturno,2026-07-19 19:26:28,,178143,"POINT (  573039.920474267,   6137282.28132032)",CIUDADELA 1437 EN 1443 EN 1443,0
2026-07-19,B_01,96,S,75,,S,Basura Afuera,65847,Nocturno,2026-07-19 19:26:25,,178144,"POINT (  573038.782817840,   6137284.89793011)",CIUDADELA 1437 EN 1443 EN 1443,0
2026-07-19,B_01,97,S,100,,S,Basura Afuera,65847,Nocturno,2026-07-19 19:26:22,,178162,"POINT (  572995.464177911,   6137393.54227642)",CIUDADELA Esq. CERRITO ESQ CERRITO ESQ CERRITO,0
2026-07-19,B_01,98,S,75,,S,,65847,Nocturno,2026-07-19 19:26:18,,183774,"POINT (  572962.070800752,   6137464.62272557)",CIUDADELA 1546 ,0
2026-07-19,B_01,99,S,100,,S,,65847,Nocturno,2026-07-19 18:32:06,,178164,"POINT (  573330.378225600,   6137540.38160870)",CONVENCION 1576 FTE 1589 FTE 1589,0
2026-07-19,B_01,100,S,50,,S,,65847,Nocturno,2026-07-19 18:32:09,,178219,"POINT (  573341.080839979,   6137393.07768713)",CONVENCION 1516 ,0
2026-07-19,B_01,101,S,75,,S,,65847,Nocturno,2026-07-19 18:32:11,,178222,"POINT (  573341.244238672,   6137391.44370020)",CONVENCION 1516 ,0
2026-07-19,B_01,102,S,75,,S,,65847,Nocturno,2026-07-19 18:32:17,,178223,"POINT (  573344.984379096,   6137347.77728136)",CONVENCION 1490 EN 1496 EN 1496,0
2026-07-19,B_01,103,S,50,,S,,65847,Nocturno,2026-07-19 18:32:14,,178224,"POINT (  573345.153693836,   6137346.18917016)",CONVENCION 1490 EN 1496 EN 1496,0
2026-07-19,B_01,104,S,75,,S,,65847,Nocturno,2026-07-19 18:49:29,,178225,"POINT (  573349.704319547,   6137284.69884024)",CONVENCION 1462 EN 1456 EN 1456,0
2026-07-19,B_01,105,S,75,,S,,65847,Nocturno,2026-07-19 18:49:47,,178226,"POINT (  573349.881058757,   6137282.33257118)",CONVENCION 1462 EN 1456 EN 1456,0
2026-07-19,B_01,106,S,50,,S,,65847,Nocturno,2026-07-19 18:49:50,,178227,"POINT (  573340.887482232,   6137210.38143410)",CONVENCION 1417 EN 1423 EN 1423,0
2026-07-19,B_01,107,S,75,,S,,65847,Nocturno,2026-07-19 18:49:52,,178228,"POINT (  573340.944365053,   6137209.21533626)",CONVENCION 1417 EN 1423 EN 1423,0
2026-07-19,B_01,108,S,100,,S,,65847,Nocturno,2026-07-19 18:49:55,,178229,"POINT (  573347.002385531,   6137138.28245799)",CONVENCION 1391 EN 1391 EN 1391,0
2026-07-19,B_01,109,S,75,,S,,65847,Nocturno,2026-07-19 18:49:58,,178231,"POINT (  573349.879683847,   6137093.23409345)",CONVENCION 1363 ,0
2026-07-19,B_01,110,S,100,,S,,65847,Nocturno,2026-07-19 18:50:01,,178356,"POINT (  573349.879683847,   6137091.62611738)",CONVENCION 1363 ,0
2026-07-19,B_01,111,S,100,,S,"Basura Afuera, Requiere Limpieza",65847,Nocturno,2026-07-19 18:50:04,,183790,"POINT (  573250.758372180,   6137059.45198496)",ANDES Esq. AV 18 DE JULIO ,0
2026-07-19,B_01,112,S,100,,S,,65847,Nocturno,2026-07-19 18:50:07,,178232,"POINT (  573246.206026031,   6137110.06857859)",ANDES 1381 EN 1379 EN 1379,0
2026-07-19,B_01,113,S,50,,S,,65847,Nocturno,2026-07-19 19:14:04,,179734,"POINT (  573252.654245982,   6137204.93480482)",ANDES 1424 EN 1426 EN 1426,0
2026-07-19,B_01,114,S,75,,S,,65847,Nocturno,2026-07-19 19:14:06,,179733,"POINT (  573252.302752133,   6137207.74675561)",ANDES 1424 EN 1426 EN 1426,0
2026-07-19,B_01,115,S,75,,S,,65847,Nocturno,2026-07-19 19:14:09,,183764,"POINT (  573247.987661874,   6137265.66710066)",ANDES 1452 ,0
2026-07-19,B_01,116,S,75,,S,,65847,Nocturno,2026-07-19 19:25:27,,178235,"POINT (  573247.116151174,   6137268.94229872)",ANDES 1452 EN 1452 EN 1452,0
2026-07-19,B_01,117,S,75,,S,,65847,Nocturno,2026-07-19 19:25:34,,178236,"POINT (  573242.508642641,   6137335.21078564)",ANDES 1492 FTE 1499 FTE 1499,0
2026-07-19,B_01,118,S,50,,S,,65847,Nocturno,2026-07-19 19:25:36,,178258,"POINT (  573242.508642641,   6137336.40532489)",ANDES 1492 FTE 1499 FTE 1499,0
2026-07-19,B_01,119,S,75,,S,,65847,Nocturno,2026-07-19 19:25:39,,178259,"POINT (  573235.056993040,   6137436.68973900)",ANDES 1540 ,0
2026-07-19,B_01,120,S,100,,S,,65847,Nocturno,2026-07-19 19:25:41,,178260,"POINT (  573235.000110218,   6137437.82739543)",ANDES 1540 ,0
2026-07-19,B_01,121,S,75,,S,,65847,Nocturno,2026-07-19 19:25:43,,178261,"POINT (  573214.074099783,   6137501.91142897)",ANDES 1569 ,0
2026-07-19,B_01,122,S,50,,S,,65847,Nocturno,2026-07-19 19:25:47,,178262,"POINT (  573214.018687006,   6137503.05411582)",ANDES 1569 ,0
2026-07-19,B_01,123,S,100,,S,,65847,Nocturno,2026-07-19 19:25:49,,182208,"POINT (  573113.674589227,   6137484.32800074)",FLORIDA 1575 ,0
2026-07-19,B_01,124,S,100,,S,"Basura Afuera, Requiere Limpieza",65847,Nocturno,2026-07-19 19:25:53,,183976,"POINT (  572729.870427771,   6137434.29896663)",BARTOLOME MITRE 1583 Bartolome  Mitre 1587 Bartolome  Mitre 1587,0
2026-07-19,B_01,125,S,75,,S,"Basura Afuera, Requiere Limpieza",65847,Nocturno,2026-07-19 19:25:56,,183977,"POINT (  572730.687230572,   6137432.54867491)",BARTOLOME MITRE 1583 Bartolome Mitre 1587 Bartolome Mitre 1587,0
2026-07-19,B_01,126,S,100,,S,"Basura Afuera, Requiere Limpieza",65847,Nocturno,2026-07-19 19:26:00,,178270,"POINT (  572983.313234675,   6137142.42337633)",JUNCAL 1384 FTE 1397 FTE 1397,0
2026-07-19,B_01,127,S,75,,S,"Basura Afuera, Requiere Limpieza",65847,Nocturno,2026-07-19 19:26:05,,178271,"POINT (  572957.241293381,   6137220.64878337)",JUNCAL 1434 EN 1438 EN 1438,0
2026-07-19,B_01,128,S,100,,S,"Basura Afuera, Requiere Limpieza",65847,Nocturno,2026-07-19 19:26:08,,183771,"POINT (  572981.565895489,   6137149.73218346)",JUNCAL Esq. RINCON ,0
2026-07-19,B_01,129,S,100,,S,,65847,Nocturno,2026-07-19 19:26:12,,178272,"POINT (  572903.543909990,   6137382.42352740)",JUNCAL 1514 FTE 1511 FTE 1511,0
2026-07-19,B_01,130,S,50,,S,,65847,Nocturno,2026-07-19 22:43:54,,178276,"POINT (  573169.186685872,   6136767.00828280)",FLORIDA 1217 EN 1221 EN 1221,0
2026-07-19,B_01,131,S,75,,S,,65847,Nocturno,2026-07-19 22:43:57,,178277,"POINT (  573177.377812152,   6136670.30748644)",FLORIDA 1171 EN 1175 EN 1175,0
2026-07-19,B_01,132,S,75,,S,,65847,Nocturno,2026-07-19 22:44:01,,178278,"POINT (  573301.496128421,   6136579.46562068)",JOSE GERMAN ARAUJO 1128 ,0
2026-07-19,B_01,133,S,100,,S,"Basura Afuera, Requiere Limpieza",65847,Nocturno,2026-07-19 22:44:04,,179343,"POINT (  573301.439245599,   6136580.54639429)",JOSE GERMAN ARAUJO 1128 ,0
2026-07-19,B_01,134,S,100,,S,"Basura Afuera, Requiere Limpieza",65847,Nocturno,2026-07-19 22:44:07,,183049,"POINT (  573281.579943441,   6136650.11579972)","JOSE GERMAN ARAUJO 1157 PROV OV (O: JOSE GERMAN ARAUJO 1168, F: 14/07/2021) EN 1169 PROV OV (O: JOSE GERMAN ARAUJO 1168, F: 14/07/2021) EN 1169",0
2026-07-19,B_01,135,S,100,,S,"Basura Afuera, Requiere Limpieza",65847,Nocturno,2026-07-19 22:44:15,,183048,"POINT (  573281.368377856,   6136652.01988999)","JOSE GERMAN ARAUJO 1157 PROV OV (O: JOSE GERMAN ARAUJO 1168, F: 28/05/25) EN 1169 PROV OV (O: JOSE GERMAN ARAUJO 1168, F: 28/05/25) EN 1169",0
2026-07-19,B_01,136,S,100,,S,"Basura Afuera, Requiere Limpieza",65847,Nocturno,2026-07-19 22:44:18,,180764,"POINT (  573269.520328264,   6136801.12688887)",JOSE GERMAN ARAUJO 1229 PROV OP (O: JOSE GERMAN ARAUJO 1193) PROV OP (O: JOSE GERMAN ARAUJO 1193),0
2026-07-19,B_01,137,S,75,,S,,65847,Nocturno,2026-07-19 22:44:21,,178362,"POINT (  573269.413881441,   6136802.99441318)",JOSE GERMAN ARAUJO 1235 EN 1236 EN 1236,0
2026-07-19,B_01,138,S,50,,S,,65847,Nocturno,2026-07-19 22:44:25,,178364,"POINT (  573269.145885430,   6136805.07138226)",JOSE GERMAN ARAUJO 1235 EN 1236 EN 1236,0
2026-07-19,B_01,139,S,75,,S,,65847,Nocturno,2026-07-19 22:44:27,,178407,"POINT (  573278.793741838,   6136858.87158154)",JOSE GERMAN ARAUJO 1252 EN 1256 EN 1256,0
2026-07-19,B_01,140,S,100,,S,"Basura Afuera, Requiere Limpieza",65847,Nocturno,2026-07-19 22:44:31,,178408,"POINT (  573278.726742835,   6136860.81455262)",JOSE GERMAN ARAUJO 1252 EN 1256 EN 1256,0
2026-07-19,B_01,141,S,100,,S,"Basura Afuera, Requiere Limpieza",65847,Nocturno,2026-07-19 22:44:34,,178409,"POINT (  573258.595137365,   6136922.85709891)",JOSE GERMAN ARAUJO 1293 ANDES 1297 ANDES 1297,0
2026-07-19,B_01,142,S,100,,S,"Basura Afuera, Requiere Limpieza",65847,Nocturno,2026-07-19 22:44:37,,178410,"POINT (  573256.042032790,   6136967.66919041)",JOSE GERMAN ARAUJO 1313 EN 1311 EN 1311,0
2026-07-19,B_01,143,S,75,,S,,65847,Nocturno,2026-07-19 22:44:40,,178411,"POINT (  573254.510917954,   6136985.26766846)",JOSE GERMAN ARAUJO 1313 EN 1319 EN 1319,0
2026-07-19,B_01,144,S,100,,S,Basura Afuera,65847,Nocturno,2026-07-19 22:43:46,,178412,"POINT (  573254.326346515,   6136987.19533420)",JOSE GERMAN ARAUJO 1313 EN 1319 EN 1319,0
2026-07-19,B_01,145,S,100,,S,"Basura Afuera, Requiere Limpieza",65847,Nocturno,2026-07-19 22:43:43,,178421,"POINT (  573254.162947822,   6136988.99271982)",JOSE GERMAN ARAUJO 1321 EN 1319 EN 1319,0
2026-07-19,B_01,146,S,75,,S,,65847,Nocturno,2026-07-19 22:43:40,,178415,"POINT (  573066.171896338,   6136599.82967074)",CIUDADELA 1156 ESQ MALDONADO. FTE PLAZUELA ESQ MALDONADO. FTE PLAZUELA,0
2026-07-19,B_01,147,S,75,,S,,65847,Nocturno,2026-07-19 22:43:37,,178416,"POINT (  573084.943227396,   6136753.64081977)",CIUDADELA 1220 MURO MURO,0
2026-07-19,B_01,148,S,50,,S,,65847,Nocturno,2026-07-19 22:43:34,,178417,"POINT (  573085.284524325,   6136755.57483570)",CIUDADELA 1220 MURO MURO,0
2026-07-19,B_01,149,S,100,,S,,65847,Nocturno,2026-07-19 22:43:27,,183836,"POINT (  573162.953458170,   6136849.27286645)",FLORIDA 1265 ,0
2026-07-19,B_01,150,S,100,,S,"Basura Afuera, Requiere Limpieza",65847,Nocturno,2026-07-19 21:34:26,,180183,"POINT (  573162.611031638,   6136845.39052995)",FLORIDA 1251 PROV OP. (O: FLORIDA 1298) PROV OP. (O: FLORIDA 1298),0
2026-07-19,B_01,151,S,100,,S,"Basura Afuera, Requiere Limpieza",65847,Nocturno,2026-07-19 21:34:19,,180184,"POINT (  573162.724025989,   6136843.58262034)",FLORIDA 1251 PROV OP. (O: FLORIDA 1298) PROV OP. (O: FLORIDA 1298),0
2026-07-19,B_01,152,S,75,,S,,65847,Nocturno,2026-07-19 21:34:16,,180185,"POINT (  573162.950014689,   6136841.54872203)",FLORIDA 1251 PROV OP. (O: FLORIDA 1298) PROV OP. (O: FLORIDA 1298),0
2026-07-19,B_01,153,S,100,,S,,65847,Nocturno,2026-07-19 21:34:13,,178418,"POINT (  573138.564828904,   6136817.46619779)",SORIANO 784 EN 782 EN 782,0
2026-07-19,B_01,154,S,100,,S,,65847,Nocturno,2026-07-19 22:43:19,,178419,"POINT (  573155.128021351,   6136601.13528519)",MALDONADO 776 ,0
2026-07-19,B_01,155,S,75,,S,,65847,Nocturno,2026-07-19 22:43:21,,178420,"POINT (  573205.705457203,   6136628.72614401)",MALDONADO 805 ,0
2026-07-19,B_01,156,S,100,,S,,65847,Nocturno,2026-07-19 22:43:23,,183779,"POINT (  573210.555209774,   6136628.95013684)",MALDONADO 805 ,0
2026-07-19,B_03,1,S,25,,S,,65848,Nocturno,2026-07-19 19:38:01,,183730,"POINT (  574321.551502615,   6136360.45667277)",DOMINGO PETRARCA 946 ,0
2026-07-19,B_03,2,S,25,,S,,65848,Nocturno,2026-07-19 19:38:06,,183729,"POINT (  574321.442570153,   6136359.04055076)",DOMINGO PETRARCA 946 ,0
2026-07-19,B_03,3,S,75,,S,,65848,Nocturno,2026-07-19 19:38:10,,179368,"POINT (  574295.889442701,   6136284.10344706)",DOMINGO PETRARCA 918 FTE 920 FTE 920,0
2026-07-19,B_03,4,S,25,,S,,65848,Nocturno,2026-07-19 19:38:12,,179479,"POINT (  574268.001026360,   6136154.73080064)",DOMINGO PETRARCA 862 ,0
2026-07-19,B_03,5,S,25,,S,,65848,Nocturno,2026-07-19 20:10:36,,179394,"POINT (  573960.195445752,   6136221.26636711)",RBLA REPUBLICA ARGENTINA 1201 ,0
2026-07-19,B_03,6,S,75,,S,,65848,Nocturno,2026-07-19 20:10:32,,179395,"POINT (  573958.452526362,   6136223.00928650)",RBLA REPUBLICA ARGENTINA 1201 ,0
2026-07-19,B_03,7,S,75,,S,,65848,Nocturno,2026-07-19 19:19:34,,179401,"POINT (  574012.184386691,   6136336.42424057)",ZELMAR MICHELINI 953 ,0
2026-07-19,B_03,8,S,50,,S,,65848,Nocturno,2026-07-19 19:19:30,,178777,"POINT (  574011.229304142,   6136331.30265570)",ZELMAR MICHELINI 953 ,0
2026-07-19,B_03,9,S,75,,S,,65848,Nocturno,2026-07-19 19:30:21,,184290,"POINT (  574177.189539437,   6136412.12329296)",CARLOS S VIANA Esq. AV GONZALO RAMIREZ ,0
2026-07-19,B_03,10,S,50,,S,,65848,Nocturno,2026-07-19 19:30:03,,183834,"POINT (  574114.587533115,   6136310.24750436)",17 METROS Esq. JOSE MARIA ROO ,0
2026-07-19,B_03,11,S,75,,S,,65848,Nocturno,2026-07-19 19:30:05,,183833,"POINT (  574114.805398039,   6136313.29761329)",17 METROS Esq. JOSE MARIA ROO ,0
2026-07-19,B_03,12,S,50,,S,,65848,Nocturno,2026-07-19 19:30:07,,179403,"POINT (  574116.378923013,   6136318.31635819)",17 METROS Esq. JOSE MARIA ROO ,0
2026-07-19,B_03,13,S,50,,S,,65848,Nocturno,2026-07-19 19:30:15,,179404,"POINT (  574139.978540214,   6136411.89848803)",17 METROS 997 ,0
2026-07-19,B_03,14,S,50,,S,,65848,Nocturno,2026-07-19 19:30:10,,178782,"POINT (  574141.356240026,   6136417.71549295)",17 METROS 997 ,0
2026-07-19,B_03,15,S,25,,S,,65848,Nocturno,2026-07-19 19:30:17,,183732,"POINT (  574141.426193246,   6136422.26006427)",17 METROS Esq. AV GONZALO RAMIREZ ,0
2026-07-19,B_03,16,S,50,,S,,65848,Nocturno,2026-07-19 19:00:00,,178785,"POINT (  574130.244811308,   6136561.89112425)",CARLOS QUIJANO 1084 ,0
2026-07-19,B_03,17,S,25,,S,,65848,Nocturno,2026-07-19 20:11:00,,178786,"POINT (  574104.717149910,   6136704.39719009)",CARLOS QUIJANO 1151 ,0
2026-07-19,B_03,18,S,50,,S,,65848,Nocturno,2026-07-19 20:10:58,,179370,"POINT (  574104.647828540,   6136706.05724575)",CARLOS QUIJANO 1151 SUBESTACION SUBESTACION,0
2026-07-19,B_03,19,S,50,,S,,65848,Nocturno,2026-07-19 20:10:54,,179488,"POINT (  574104.619376471,   6136707.46640370)",CARLOS QUIJANO 1151 ,0
2026-07-19,B_03,20,S,75,,S,Basura Afuera,65848,Nocturno,2026-07-19 20:15:46,,179407,"POINT (  574107.844470252,   6136846.11660201)",CARLOS QUIJANO 1226 ,0
2026-07-19,B_03,21,S,50,,S,Basura Afuera,65848,Nocturno,2026-07-19 20:15:52,,179408,"POINT (  574107.696044986,   6136849.08510731)",CARLOS QUIJANO 1230 ,0
2026-07-19,B_03,22,S,50,,S,,65848,Nocturno,2026-07-19 19:00:00,,183409,"POINT (  574076.053091827,   6137077.15234915)",CARLOS QUIJANO 1337 ,0
2026-07-19,B_03,23,S,50,,S,,65848,Nocturno,2026-07-19 20:17:30,,179409,"POINT (  574074.560104482,   6137082.33541192)",CARLOS QUIJANO 1337 ,0
2026-07-19,B_03,24,S,75,,S,,65848,Nocturno,2026-07-19 20:17:35,,183114,"POINT (  574074.363569979,   6137086.28083208)",CARLOS QUIJANO 1337 ,0
2026-07-19,B_03,25,S,50,,S,,65848,Nocturno,2026-07-19 18:57:00,,183685,"POINT (  574081.221075381,   6137186.88094183)",YI 1382 PROV O: O Yaguaron 1391 PROV O: O Yaguaron 1391,0
2026-07-19,B_03,26,S,50,,S,Basura Afuera,65848,Nocturno,2026-07-19 20:32:49,,179410,"POINT (  574078.716011914,   6137202.85672743)",YI 1394 ,0
2026-07-19,B_03,27,S,25,,S,Basura Afuera,65848,Nocturno,2026-07-19 20:32:53,,178793,"POINT (  574074.260285446,   6137262.39900691)",YI 1428 ,0
2026-07-19,B_03,28,S,75,,S,,65848,Nocturno,2026-07-19 20:32:59,,178794,"POINT (  574073.739312765,   6137265.04394514)",YI 1428 EN 1418 EN 1418,0
2026-07-19,B_03,29,S,50,,S,,65848,Nocturno,2026-07-19 23:38:38,,179411,"POINT (  574066.990415946,   6137364.64026674)",YI 1480 ,0
2026-07-19,B_03,30,S,75,,S,,65848,Nocturno,2026-07-19 18:57:04,,183681,"POINT (  574067.370670152,   6137369.12518584)",YI 1480 PROV O: O Yaguaron 1493 PROV O: O Yaguaron 1493,0
2026-07-19,B_03,31,S,50,,S,,65848,Nocturno,2026-07-19 20:33:04,,183682,"POINT (  574060.298840305,   6137447.24809695)",YI 1504 PROV O: O Yaguaron 1518 PROV O: O Yaguaron 1518,0
2026-07-19,B_03,32,S,50,,S,,65848,Nocturno,2026-07-19 20:33:07,,179412,"POINT (  574060.014428471,   6137454.73440285)",YI 1516 ,0
2026-07-19,B_03,33,S,50,,S,,65848,Nocturno,2026-07-19 18:57:10,,183678,"POINT (  574052.698742920,   6137547.12621198)",YI 1558 PROV  O: Yaguaron 1590 PROV  O: Yaguaron 1590,0
2026-07-19,B_03,34,S,25,,S,,65848,Nocturno,2026-07-19 18:57:12,,183668,"POINT (  574052.154080610,   6137550.17632092)",YI 1558 PROV O: O Yaguaron 1558 PROV O: O Yaguaron 1558,0
2026-07-19,B_03,35,S,50,,S,Basura Afuera,65848,Nocturno,2026-07-19 20:33:14,,179413,"POINT (  574050.737849383,   6137553.62273593)",YI 1558 ,0
2026-07-19,B_03,36,S,50,,S,,65848,Nocturno,2026-07-19 20:33:44,,178798,"POINT (  574043.529342939,   6137648.48615735)",YI 1606 ,0
2026-07-19,B_03,37,S,25,,S,,65848,Nocturno,2026-07-19 20:51:04,,182169,"POINT (  574022.699081570,   6137752.31906872)",YI 1661 ,0
2026-07-19,B_03,38,S,50,,S,,65848,Nocturno,2026-07-19 20:51:07,,178800,"POINT (  574016.953673022,   6137821.06874475)",YI 1689 MURO MURO,0
2026-07-19,B_03,39,S,50,,S,,65848,Nocturno,2026-07-19 20:51:31,,184011,"POINT (  574156.059256009,   6137558.03524446)",YAGUARON 1558 Yaguaron 1561 Yaguaron 1561,0
2026-07-19,B_03,40,S,50,,S,,65848,Nocturno,2026-07-19 19:07:47,,179418,"POINT (  574178.643321855,   6137086.97370146)",DR AQUILES R LANZA 1339 ,0
2026-07-19,B_03,41,S,75,,S,,65848,Nocturno,2026-07-19 19:07:49,,178808,"POINT (  574178.615121055,   6137083.62522746)",DR AQUILES R LANZA 1339 EN 1335 EN 1335,0
2026-07-19,B_03,42,S,50,,S,,65848,Nocturno,2026-07-19 19:00:00,,178809,"POINT (  574189.996370407,   6136942.40155592)",DR AQUILES R LANZA 1261 FTE 1266 FTE 1266,0
2026-07-19,B_03,43,S,50,,S,,65848,Nocturno,2026-07-19 19:08:00,,179489,"POINT (  574190.808760567,   6136937.87350218)",DR AQUILES R LANZA 1261 ,0
2026-07-19,B_03,44,S,25,,S,,65848,Nocturno,2026-07-19 19:08:02,,179420,"POINT (  574190.577279085,   6136933.21663943)",DR AQUILES R LANZA 1261 ,0
2026-07-19,B_03,45,S,50,,S,,65848,Nocturno,2026-07-19 19:09:49,,178810,"POINT (  574198.892980816,   6136825.94412417)",DR AQUILES R LANZA 1209 EN 1211 EN 1211,0
2026-07-19,B_03,46,S,75,,S,,65848,Nocturno,2026-07-19 19:09:53,,178811,"POINT (  574205.064503351,   6136755.73303662)",DR AQUILES R LANZA 1179 ,0
2026-07-19,B_03,47,S,25,,S,,65848,Nocturno,2026-07-19 19:09:57,,183775,"POINT (  574205.038104511,   6136751.67080000)",DR AQUILES R LANZA 1179 ,0
2026-07-19,B_03,48,S,50,,S,,65848,Nocturno,2026-07-19 19:15:19,,179421,"POINT (  574211.601244227,   6136671.50639978)",DR AQUILES R LANZA 1143 ,0
2026-07-19,B_03,49,S,50,,S,,65848,Nocturno,2026-07-19 19:15:16,,183731,"POINT (  574211.626316776,   6136666.32663246)",DR AQUILES R LANZA 1135 ,0
2026-07-19,B_03,50,S,50,,S,,65848,Nocturno,2026-07-19 23:28:44,,179424,"POINT (  574446.023902179,   6136375.97263072)",AV GONZALO RAMIREZ 1395 ,0
2026-07-19,B_03,51,S,75,,S,,65848,Nocturno,2026-07-19 20:10:20,,179425,"POINT (  574467.483597168,   6136343.07502723)",SANTIAGO DE CHILE 947 ,0
2026-07-19,B_03,52,S,25,,S,,65848,Nocturno,2026-07-19 20:10:24,,179426,"POINT (  574470.969435948,   6136286.21228214)",SANTIAGO DE CHILE 929 ,0
2026-07-19,B_03,53,S,50,,S,,65848,Nocturno,2026-07-19 20:10:12,,179427,"POINT (  574449.727605883,   6136134.79616013)",LA CUMPARSITA 1389 ,0
2026-07-19,B_03,54,S,25,,S,,65848,Nocturno,2026-07-19 19:43:05,,184015,"POINT (  574377.563422287,   6136049.41326196)",EJIDO Esq. RBLA REPUBLICA ARGENTINA PROV O en Ejido 862 PROV O en Ejido 862,0
2026-07-19,B_03,55,S,50,,S,,65848,Nocturno,2026-07-19 19:43:01,,184014,"POINT (  574376.863305601,   6136053.14721762)",EJIDO Esq. RBLA REPUBLICA ARGENTINA PROV O en Ejido 862 PROV O en Ejido 862,0
2026-07-19,B_03,56,S,50,,S,,65848,Nocturno,2026-07-19 19:49:41,,180781,"POINT (  574344.030020262,   6136314.10370828)",EJIDO 963 PROV OV(O:EJIDO 966) PROV OV(O:EJIDO 966),0
2026-07-19,B_03,57,S,25,,S,,65848,Nocturno,2026-07-19 19:49:49,,180780,"POINT (  574343.703222876,   6136315.73769521)",EJIDO 963 PROV OV(O:EJIDO 966) PROV OV(O:EJIDO 966),0
2026-07-19,B_03,58,S,25,,S,,65848,Nocturno,2026-07-19 19:49:45,,180779,"POINT (  574343.267493029,   6136317.37168214)",EJIDO 967 PROV OV(O:EJIDO 966) PROV OV(O:EJIDO 966),0
2026-07-19,B_03,59,S,50,,S,,65848,Nocturno,2026-07-19 19:37:56,,183728,"POINT (  574321.878300000,   6136354.46538736)",DOMINGO PETRARCA 942 ,0
2026-07-19,B_03,60,S,50,,S,,65848,Nocturno,2026-07-19 19:37:58,,183727,"POINT (  574321.551502614,   6136357.07976645)",DOMINGO PETRARCA 946 ,0
2026-07-19,B_03,61,S,75,,S,,65848,Nocturno,2026-07-19 23:28:46,,183841,"POINT (  574332.689659695,   6136437.87282615)",EJIDO 1015 ,0
2026-07-19,B_03,62,S,50,,S,,65848,Nocturno,2026-07-19 19:00:00,,183726,"POINT (  574386.785735076,   6136618.51574553)",DURAZNO 1373 ,0
2026-07-19,B_03,63,S,50,,S,,65848,Nocturno,2026-07-19 23:34:57,,179434,"POINT (  574327.723248584,   6136667.53036492)",EJIDO 1130 ,0
2026-07-19,B_03,64,S,50,,S,,65848,Nocturno,2026-07-19 19:00:00,,178832,"POINT (  574313.466895948,   6136685.96277210)",EJIDO 1139 ,0
2026-07-19,B_03,65,S,50,,S,,65848,Nocturno,2026-07-19 19:00:00,,179371,"POINT (  574313.329835512,   6136688.38008170)",EJIDO 1149 ,0
2026-07-19,B_03,66,S,50,,S,,65848,Nocturno,2026-07-19 19:00:00,,178833,"POINT (  574304.890884112,   6136790.07715878)",EJIDO 1195 ,0
2026-07-19,B_03,67,S,50,,S,,65848,Nocturno,2026-07-19 19:00:00,,179435,"POINT (  574305.065296514,   6136795.19921024)",EJIDO 1195 ,0
2026-07-19,B_03,68,S,50,,S,,65848,Nocturno,2026-07-19 19:00:00,,183762,"POINT (  574305.037569063,   6136797.92095011)",EJIDO 1195 ,0
2026-07-19,B_03,69,S,50,,S,,65848,Nocturno,2026-07-19 19:00:00,,179436,"POINT (  574312.254838998,   6136888.00966775)",EJIDO 1238 ,0
2026-07-19,B_03,70,S,50,,S,,65848,Nocturno,2026-07-19 19:00:00,,183763,"POINT (  574311.328886492,   6136893.11755839)",EJIDO 1238 ,0
2026-07-19,B_03,71,S,50,,S,,65848,Nocturno,2026-07-19 19:00:00,,180658,"POINT (  574271.361299782,   6137009.50272658)",SAN JOSE 1334 ,0
2026-07-19,B_03,72,S,50,,S,,65848,Nocturno,2026-07-19 19:00:00,,184167,"POINT (  574277.396337559,   6137148.47807183)",EJIDO 1363 ,0
2026-07-19,B_03,73,S,50,,S,,65848,Nocturno,2026-07-19 19:00:00,,184166,"POINT (  574277.631079343,   6137152.70342395)",EJIDO 1363 ,0
2026-07-19,B_03,74,S,50,,S,,65848,Nocturno,2026-07-19 19:00:00,,184165,"POINT (  574276.222628638,   6137157.16351784)",EJIDO 1363 ,0
2026-07-19,B_03,75,S,75,,S,,65848,Nocturno,2026-07-19 23:19:35,,183684,"POINT (  574266.300549238,   6137286.52762092)",EJIDO 1429 PROV O: O Yaguaron 1436 PROV O: O Yaguaron 1436,0
2026-07-19,B_03,76,S,50,,S,,65848,Nocturno,2026-07-19 23:19:38,,183683,"POINT (  574265.646954466,   6137290.88491939)",EJIDO 1429 PROV o: o Yaguaron 1436 PROV o: o Yaguaron 1436,0
2026-07-19,B_03,77,S,50,,S,,65848,Nocturno,2026-07-19 19:00:00,,178840,"POINT (  574265.337035131,   6137295.42065993)",EJIDO 1433 EN1433/1435 EN1433/1435,0
2026-07-19,B_03,78,S,50,,S,,65848,Nocturno,2026-07-19 19:00:00,,179438,"POINT (  574260.947649455,   6137363.66326252)",EJIDO 1463 ,0
2026-07-19,B_03,79,S,50,,S,,65848,Nocturno,2026-07-19 19:00:00,,178842,"POINT (  574259.005213309,   6137391.84068085)",EJIDO 1475 EN 1477 EN 1477,0
2026-07-19,B_03,80,S,50,,S,,65848,Nocturno,2026-07-19 18:57:19,,183679,"POINT (  574253.954715033,   6137453.46722244)",EJIDO Esq. AV URUGUAY PROV O: O Yaguaron 1546 PROV O: O Yaguaron 1546,0
2026-07-19,B_03,81,S,50,,S,,65848,Nocturno,2026-07-19 19:00:00,,179439,"POINT (  574253.295144008,   6137460.64038671)",EJIDO 1502 ,0
2026-07-19,B_03,82,S,50,,S,,65848,Nocturno,2026-07-19 19:00:00,,183776,"POINT (  574251.641463158,   6137468.36296842)",EJIDO 1517 ,0
2026-07-19,B_03,83,S,50,,S,,65848,Nocturno,2026-07-19 19:00:00,,179440,"POINT (  574239.242856426,   6137626.89855665)",EJIDO 1589 ,0
2026-07-19,B_03,84,S,50,,S,,65848,Nocturno,2026-07-19 19:00:00,,178845,"POINT (  574238.727353548,   6137629.96527117)",EJIDO 1589 ,0
2026-07-19,B_03,85,S,50,,S,,65848,Nocturno,2026-07-19 18:57:23,,183677,"POINT (  574235.666837255,   6137686.79750763)",EJIDO 1617 PROV O: Yaguaron 1637 PROV O: Yaguaron 1637,0
2026-07-19,B_03,86,S,50,,S,,65848,Nocturno,2026-07-19 18:42:24,,178846,"POINT (  574234.379027368,   6137692.74163484)",EJIDO 1625 FABRICA FABRICA,0
2026-07-19,B_03,87,S,75,,S,,65848,Nocturno,2026-07-19 18:42:26,,179372,"POINT (  574224.794977123,   6137807.74282679)",EJIDO 1681 ,0
2026-07-19,B_03,88,S,50,,S,,65848,Nocturno,2026-07-19 18:42:28,,179485,"POINT (  574224.322468410,   6137810.15135447)",EJIDO 1689 ,0
2026-07-19,B_03,89,S,50,,S,,65848,Nocturno,2026-07-19 21:42:54,,184070,"POINT (  574319.421172229,   6137793.81778892)",DR JAVIER BARRIOS AMORIN 1655 Barrios Amorin 1659 PROV O en Barrios amorin 1638 Barrios Amorin 1659 PROV O en Barrios amorin 1638,0
2026-07-19,B_03,90,S,25,,S,,65848,Nocturno,2026-07-19 21:42:57,,184069,"POINT (  574319.887916686,   6137791.48406663)",DR JAVIER BARRIOS AMORIN 1655 Barrios Amorin 1659 PROV O en Barrios Amorin 1638 Barrios Amorin 1659 PROV O en Barrios Amorin 1638,0
2026-07-19,B_03,91,S,75,,S,,65848,Nocturno,2026-07-19 21:42:59,,184068,"POINT (  574321.521522287,   6137789.15034434)",DR JAVIER BARRIOS AMORIN 1655 Barrios Amorin 1659 PROV O en Barrios Amorin 1638 Barrios Amorin 1659 PROV O en Barrios Amorin 1638,0
2026-07-19,B_03,92,S,50,,S,,65848,Nocturno,2026-07-19 20:51:13,,179442,"POINT (  574321.541331372,   6137570.25367647)",AGRIM GERMAN BARBATO 1553 ,0
2026-07-19,B_03,93,S,50,,S,,65848,Nocturno,2026-07-19 20:51:20,,178850,"POINT (  574335.650488931,   6137399.06056648)",AGRIM GERMAN BARBATO 1483 FTE 1480 FTE 1480,0
2026-07-19,B_03,94,S,50,,S,,65848,Nocturno,2026-07-19 21:02:37,,183399,"POINT (  574532.394740182,   6137360.70754427)",VAZQUEZ 1481 ,0
2026-07-19,B_03,95,S,25,,S,,65848,Nocturno,2026-07-19 20:51:23,,179443,"POINT (  574336.247213725,   6137397.05106209)",AGRIM GERMAN BARBATO 1478 ,0
2026-07-19,B_03,96,S,50,,S,,65848,Nocturno,2026-07-19 21:02:25,,179445,"POINT (  574443.491222439,   6137191.49550653)",DR JAVIER BARRIOS AMORIN 1375 ,0
2026-07-19,B_03,97,S,50,,S,,65848,Nocturno,2026-07-19 20:54:44,,183260,"POINT (  574309.325896584,   6137346.39076220)",MERCEDES 1381 ,0
2026-07-19,B_03,98,S,25,,S,,65848,Nocturno,2026-07-19 20:54:46,,183259,"POINT (  574311.677053201,   6137346.69413725)",MERCEDES 1381 ,0
2026-07-19,B_03,99,S,50,,S,,65848,Nocturno,2026-07-19 19:00:00,,182177,"POINT (  574575.439437429,   6137309.09201286)",COLONIA 1508 ,0
2026-07-19,B_03,100,S,75,,S,Basura Afuera,65848,Nocturno,2026-07-19 21:02:28,,178857,"POINT (  574426.597368978,   6137296.00798711)",DR JAVIER BARRIOS AMORIN 1428 ,0
2026-07-19,B_03,101,S,25,,S,,65848,Nocturno,2026-07-19 21:42:33,,184017,"POINT (  574523.259516569,   6137604.39793372)",PAYSANDU 1551 Paysandu fte al 1540 Paysandu fte al 1540,0
2026-07-19,B_03,102,S,25,,S,,65848,Nocturno,2026-07-19 21:42:31,,184016,"POINT (  574526.059983314,   6137605.56479487)",PAYSANDU 1551 Paysandu fte al 1540 Paysandu fte al 1540,0
2026-07-19,B_03,103,S,50,,S,,65848,Nocturno,2026-07-19 21:42:29,,179448,"POINT (  574529.765732243,   6137607.23624727)",PAYSANDU 1559 ,0
2026-07-19,B_03,104,S,25,,S,,65848,Nocturno,2026-07-19 22:22:28,,179449,"POINT (  574636.519544879,   6137760.39528866)",CARLOS ROXLO 1644 ,0
2026-07-19,B_03,105,S,50,,S,,65848,Nocturno,2026-07-19 21:56:30,,183766,"POINT (  574668.319154135,   6137564.29692556)",CARLOS ROXLO Esq. AV URUGUAY ,0
2026-07-19,B_03,106,S,50,,S,,65848,Nocturno,2026-07-19 22:03:42,,179450,"POINT (  574690.767910892,   6137501.24496186)",CARLOS ROXLO 1507 ,0
2026-07-19,B_03,107,S,75,,S,Basura Afuera,65848,Nocturno,2026-07-19 22:03:48,,179451,"POINT (  574757.652442483,   6137580.76565903)",MINAS 1590 ,0
2026-07-19,B_03,108,S,50,,S,,65848,Nocturno,2026-07-19 22:03:51,,179452,"POINT (  574711.574011110,   6137654.73080064)",MINAS 1629 ,0
2026-07-19,B_03,109,S,50,,S,,65848,Nocturno,2026-07-19 22:22:25,,179453,"POINT (  574697.440024182,   6137714.12622548)",MINAS 1668 ,0
2026-07-19,B_03,110,S,75,,S,,65848,Nocturno,2026-07-19 22:22:31,,178872,"POINT (  574640.838114106,   6137812.34578454)",MINAS 1707 ,0
2026-07-19,B_03,111,S,50,,S,,65848,Nocturno,2026-07-19 22:22:38,,179455,"POINT (  574574.564207189,   6137981.88221676)",MINAS 1806 ,0
2026-07-19,B_03,112,S,50,,S,,65848,Nocturno,2026-07-19 22:22:40,,178875,"POINT (  574603.728829247,   6138091.46691742)",MAGALLANES 1793 ,0
2026-07-19,B_03,113,S,25,,S,,65848,Nocturno,2026-07-19 22:22:45,,178876,"POINT (  574643.900890978,   6138012.92715525)",MAGALLANES 1751 MURO. LAVADERO MURO. LAVADERO,0
2026-07-19,B_03,114,S,75,,S,,65848,Nocturno,2026-07-19 22:22:42,,179483,"POINT (  574645.743490196,   6138009.58443595)",MAGALLANES 1751 ,0
2026-07-19,B_03,115,S,50,,S,,65848,Nocturno,2026-07-19 22:25:39,,178877,"POINT (  574737.567340187,   6137815.51007471)",MAGALLANES 1647 ,0
2026-07-19,B_03,116,S,75,,S,,65848,Nocturno,2026-07-19 22:25:41,,179486,"POINT (  574777.410416776,   6137733.53031416)",MAGALLANES 1601 ,0
2026-07-19,B_03,117,S,50,,S,,65848,Nocturno,2026-07-19 22:25:44,,179456,"POINT (  574778.485775817,   6137731.11968953)",MAGALLANES 1601 ,0
2026-07-19,B_03,118,S,50,,S,,65848,Nocturno,2026-07-19 22:25:48,,178878,"POINT (  574814.900691283,   6137656.05260278)",MAGALLANES Esq. AV URUGUAY UNIVERSIDAD UNIVERSIDAD,0
2026-07-19,B_03,119,S,75,,S,,65848,Nocturno,2026-07-19 22:25:50,,179457,"POINT (  574826.742856427,   6137631.55541937)",MAGALLANES 1535 ,0
2026-07-19,B_03,120,S,75,,S,,65848,Nocturno,2026-07-19 22:57:27,,178881,"POINT (  574900.589283049,   6137718.13769556)",GABOTO 1622 ,0
2026-07-19,B_03,121,S,25,,S,,65848,Nocturno,2026-07-19 22:57:30,,181606,"POINT (  574898.541501479,   6137720.64053971)",GABOTO 1631 ,0
2026-07-19,B_03,122,S,50,,S,,65848,Nocturno,2026-07-19 19:00:00,,178883,"POINT (  574863.978262824,   6137790.59547147)",GABOTO 1662 FTE 1662 FTE 1662,0
2026-07-19,B_03,123,S,50,,S,,65848,Nocturno,2026-07-19 22:57:50,,178884,"POINT (  574863.549490562,   6137791.52989929)",GABOTO 1662 FTE 1662 FTE 1662,0
2026-07-19,B_03,124,S,50,,S,,65848,Nocturno,2026-07-19 22:57:47,,178885,"POINT (  574863.253237609,   6137792.37009543)",GABOTO 1662 FTE 1662 FTE 1662,0
2026-07-19,B_03,125,S,50,,S,,65848,Nocturno,2026-07-19 22:57:55,,179458,"POINT (  574811.819109150,   6137891.57720587)",GABOTO Esq. CERRO LARGO ,0
2026-07-19,B_03,126,S,25,,S,,65848,Nocturno,2026-07-19 22:57:58,,179460,"POINT (  574762.908433769,   6137977.63385075)",GABOTO 1760 ,0
2026-07-19,B_03,127,S,25,,S,,65848,Nocturno,2026-07-19 22:58:04,,179461,"POINT (  574722.167693028,   6138053.34191175)",GABOTO 1803 ,0
2026-07-19,B_03,128,S,50,,S,,65848,Nocturno,2026-07-19 22:58:06,,178889,"POINT (  574720.026109133,   6138056.19770734)",GABOTO 1809 EN 1807/1809 EN 1807/1809,0
2026-07-19,B_03,129,S,25,,S,,65848,Nocturno,2026-07-19 22:58:12,,178890,"POINT (  574694.098694258,   6138104.74064103)",GABOTO 1827 EN 1831 EN 1831,0
2026-07-19,B_03,130,S,75,,S,,65848,Nocturno,2026-07-19 22:58:09,,179462,"POINT (  574692.429130936,   6138107.26348038)",GABOTO 1827 ,0
2026-07-19,B_03,131,S,75,,S,,65848,Nocturno,2026-07-19 23:01:08,,179463,"POINT (  574848.965078649,   6138078.50531044)",LA PAZ 1700 ,0
2026-07-19,B_03,132,S,50,,S,,65848,Nocturno,2026-07-19 23:01:12,,178893,"POINT (  574769.562611640,   6138040.30060625)",LA PAZ 1660 EDIFICIO EDIFICIO,0
2026-07-19,B_03,133,S,25,,S,,65848,Nocturno,2026-07-19 22:22:50,,179464,"POINT (  574658.823466448,   6137978.50531044)",MAGALLANES 1741 ,0
2026-07-19,B_03,134,S,50,,S,,65848,Nocturno,2026-07-19 22:22:47,,178895,"POINT (  574659.229160019,   6137977.23264269)",MAGALLANES 1741 ,0
2026-07-19,B_03,135,S,50,,S,,65848,Nocturno,2026-07-19 21:43:06,,178898,"POINT (  574366.581372776,   6137633.98768177)",DR JAVIER BARRIOS AMORIN 1583 ,0
2026-07-19,B_03,136,S,75,,S,,65848,Nocturno,2026-07-19 21:42:36,,178896,"POINT (  574505.228962612,   6137617.55459987)",HERMANO DAMASCENO 1658 ,0
2026-07-19,B_03,137,S,50,,S,,65848,Nocturno,2026-07-19 21:42:39,,179465,"POINT (  574455.773357516,   6137704.75803375)",HERMANO DAMASCENO 1700 ,0
2026-07-19,B_03,138,S,25,,S,,65848,Nocturno,2026-07-19 21:42:45,,183786,"POINT (  574452.409639850,   6137710.33916391)",HERMANO DAMASCENO Esq. CERRO LARGO ,0
2026-07-19,B_03,139,S,50,,S,,65848,Nocturno,2026-07-19 21:43:03,,179466,"POINT (  574368.899719171,   6137630.03036491)",DR JAVIER BARRIOS AMORIN 1583 ,0
2026-07-19,B_03,140,S,75,,S,,65848,Nocturno,2026-07-19 21:06:21,,183536,"POINT (  574383.338579864,   6137579.12400740)",DR JAVIER BARRIOS AMORIN 1553 ,0
2026-07-19,B_03,141,S,50,,S,,65848,Nocturno,2026-07-19 21:06:17,,183537,"POINT (  574384.134939363,   6137577.18999147)",DR JAVIER BARRIOS AMORIN 1553 ,0
2026-07-19,B_03,142,S,25,,S,,65848,Nocturno,2026-07-19 21:43:08,,179467,"POINT (  574412.036974073,   6137575.56413397)",VAZQUEZ 1628 ,0
2026-07-19,B_03,143,S,50,,S,,65848,Nocturno,2026-07-19 21:14:17,,180528,"POINT (  574467.419288958,   6137493.04751488)",VAZQUEZ 1551 ,0
2026-07-19,B_03,144,S,50,,S,,65848,Nocturno,2026-07-19 21:14:19,,183788,"POINT (  574470.736983459,   6137489.01291654)",VAZQUEZ 1551 ,0
2026-07-19,B_03,145,S,50,,S,,65848,Nocturno,2026-07-19 21:14:26,,178989,"POINT (  574496.418435167,   6137433.37091395)",VAZQUEZ 1519 FTE 1524 FTE 1524,0
2026-07-19,B_03,146,S,75,,S,,65848,Nocturno,2026-07-19 21:14:22,,179468,"POINT (  574497.276625489,   6137431.88221676)",VAZQUEZ 1519 ,0
2026-07-19,B_03,147,S,75,,S,,65848,Nocturno,2026-07-19 21:02:39,,183397,"POINT (  574508.898712940,   6137412.23989387)",VAZQUEZ 1505 PROV OV(O:Vázquez 1487) PROV OV(O:Vázquez 1487),0
2026-07-19,B_03,148,S,50,,S,,65848,Nocturno,2026-07-19 21:16:29,,179470,"POINT (  574600.980329193,   6137479.75803375)",TACUAREMBO 1574 ,0
2026-07-19,B_03,149,S,25,,S,,65848,Nocturno,2026-07-19 21:16:49,,178907,"POINT (  574590.909475568,   6137505.16917205)",TACUAREMBO 1586 FTE1587 FTE1587,0
2026-07-19,B_03,150,S,25,,S,,65848,Nocturno,2026-07-19 21:16:46,,183787,"POINT (  574588.995845865,   6137517.68038421)",TACUAREMBO 1590 ,0
2026-07-19,B_03,151,S,75,,S,,65848,Nocturno,2026-07-19 21:16:44,,183765,"POINT (  574587.492086466,   6137520.68790301)",TACUAREMBO 1590 ,0
2026-07-19,B_03,152,S,50,,S,,65848,Nocturno,2026-07-19 22:57:13,,183843,"POINT (  574903.156908348,   6137671.24934001)",AV URUGUAY 1744 ,0
2026-07-19,B_03,153,S,50,,S,,65848,Nocturno,2026-07-19 22:57:20,,183842,"POINT (  574898.825698157,   6137670.73978587)",AV URUGUAY 1740 ,0
2026-07-19,B_03,154,S,50,,S,,65848,Nocturno,2026-07-19 21:56:27,,178908,"POINT (  574662.865141329,   6137562.66815676)",AV URUGUAY 1598 ,0
2026-07-19,B_03,155,S,75,,S,,65848,Nocturno,2026-07-19 21:42:49,,178912,"POINT (  574435.828519186,   6137767.42956355)",HERMANO DAMASCENO 1734 MURO MURO,0
2026-07-19,B_03,156,S,75,,S,,65848,Nocturno,2026-07-19 21:43:17,,179794,"POINT (  574387.149635211,   6137837.60758451)",HERMANO DAMASCENO 1765 ,0
2026-07-19,B_03,157,S,75,,S,,65848,Nocturno,2026-07-19 21:52:08,,184078,"POINT (  574347.129469078,   6137922.45211914)",HERMANO DAMASCENO 1843 Hermano damaceno fte al 1842 PROV O en Hermano Damaceno 1801 Hermano damaceno fte al 1842 PROV O en Hermano Damaceno 1801,0
2026-07-19,B_03,158,S,50,,S,,65848,Nocturno,2026-07-19 21:52:02,,184077,"POINT (  574345.729235706,   6137926.18607480)",HERMANO DAMASCENO 1843 Hermano Damaceno Fte al 1824 PROV O en Hermano Damaceno 1801 Hermano Damaceno Fte al 1824 PROV O en Hermano Damaceno 1801,0
2026-07-19,B_03,159,S,25,,S,,65848,Nocturno,2026-07-19 21:52:16,,178916,"POINT (  574476.163113435,   6137945.90011216)",PIEDRA ALTA 1753 FTE 1759. MURO FTE 1759. MURO,0
2026-07-19,B_03,160,S,50,,S,,65848,Nocturno,2026-07-19 21:52:13,,181892,"POINT (  574482.914527233,   6137900.07122963)",PIEDRA ALTA 1739 ,0
2026-07-19,B_03,161,S,50,,S,,65848,Nocturno,2026-07-19 21:52:21,,178918,"POINT (  574538.888789707,   6137776.77639326)",PIEDRA ALTA 1656 EN 1656/1652 EN 1656/1652,0
2026-07-19,B_03,162,S,50,,S,,65848,Nocturno,2026-07-19 23:35:16,,178923,"POINT (  574414.711858386,   6136959.04159620)",SANTIAGO DE CHILE 1270 TRANSITO TRANSITO,0
2026-07-19,B_03,163,S,50,,S,,65848,Nocturno,2026-07-19 23:20:26,,179476,"POINT (  574443.926952286,   6136810.39528865)",SANTIAGO DE CHILE 1192 ,0
2026-07-19,B_03,164,S,75,,S,,65848,Nocturno,2026-07-19 23:20:30,,178927,"POINT (  574443.924826454,   6136806.90954344)",SANTIAGO DE CHILE 1192 ,0
2026-07-19,B_03,165,S,50,,S,,65848,Nocturno,2026-07-19 23:20:33,,183767,"POINT (  574444.537266165,   6136804.82945790)",SANTIAGO DE CHILE 1192 ,0
2026-07-19,B_03,166,S,50,,S,,65848,Nocturno,2026-07-19 23:20:40,,178928,"POINT (  574439.515211314,   6136693.74965806)",SANTIAGO DE CHILE 1137 ,0
2026-07-19,B_03,167,S,50,,S,,65848,Nocturno,2026-07-19 23:20:43,,179477,"POINT (  574439.896451196,   6136692.09463506)",SANTIAGO DE CHILE 1137 ,0
2026-07-19,B_03,168,S,50,,S,,65848,Nocturno,2026-07-19 23:20:55,,178930,"POINT (  574446.230205447,   6136604.48319543)",SANTIAGO DE CHILE 1089 ,0
2026-07-19,B_03,169,S,75,,S,,65848,Nocturno,2026-07-19 23:20:49,,179478,"POINT (  574447.957453375,   6136601.35389432)",SANTIAGO DE CHILE 1089 ,0
2026-07-19,B_03,170,S,50,,S,,65848,Nocturno,2026-07-19 20:10:16,,178932,"POINT (  574497.367856325,   6136241.48964307)",CEBOLLATI Esq. SANTIAGO DE CHILE ,0
2026-07-19,C_105,62,S,100,,S,Requiere Limpieza,66661,Matutino,2026-07-19 12:22:48,3,184305,"POINT (  576434.984773203,   6140413.56921525)",JUAN ARRIETA 2921,0
2026-07-19,C_105,63,S,100,,S,Requiere Limpieza,66661,Matutino,2026-07-19 12:22:48,3,134374,"POINT (  576434.162984313,   6140412.40118389)",JUAN ARRIETA 2921 EN 2925. COLUMNA/ARBOL,0
2026-07-19,C_105,64,S,100,,S,Requiere Limpieza,66661,Matutino,2026-07-19 12:22:48,3,181946,"POINT (  576517.248688671,   6140288.50939608)",JUAN CABAL 2258 EN 2258/2260,0
2026-07-19,C_105,65,S,100,,S,Requiere Limpieza,66661,Matutino,2026-07-19 12:22:48,3,134394,"POINT (  576563.396520061,   6140223.87416863)",CHIAVARI 2889,0
2026-07-19,C_105,66,S,100,,S,Requiere Limpieza,66661,Matutino,2026-07-19 12:22:48,3,134391,"POINT (  576489.858863394,   6140179.50735363)",MARIANO MORENO 2251 EN 2275,0
2026-07-19,C_105,67,S,100,,S,Requiere Limpieza,66661,Matutino,2026-07-19 12:22:48,3,134392,"POINT (  576401.260911728,   6140241.64803030)",MARIANO MORENO 2237 EN 2239/2241,0
2026-07-19,C_105,68,S,100,,S,Requiere Limpieza,66661,Matutino,2026-07-19 12:22:48,3,134317,"POINT (  576325.323470058,   6140295.27147254)",MARIANO MORENO 2187 EN 2189,0
2026-07-19,C_105,69,S,100,,S,Requiere Limpieza,66661,Matutino,2026-07-19 12:22:48,3,134359,"POINT (  576290.911217646,   6140392.53732555)",FRANCISCO RODRIGO 2870,0
2026-07-19,C_105,70,S,100,,S,Requiere Limpieza,66661,Matutino,2026-07-19 12:22:48,3,134369,"POINT (  576331.508884313,   6140447.63415888)",FRANCISCO RODRIGO 2936 EN 2932,0
2026-07-19,C_105,71,S,100,,S,Requiere Limpieza,66661,Matutino,2026-07-19 12:22:48,3,180733,"POINT (  576566.274320261,   6140390.99353747)",ING EDUARDO CANSTATT 2940,0
2026-07-19,C_105,72,S,100,,S,Requiere Limpieza,66661,Matutino,2026-07-19 12:22:48,3,134401,"POINT (  576593.049530037,   6140430.00261413)",ING EDUARDO CANSTATT 2966,0
2026-07-19,C_105,73,S,100,,S,Requiere Limpieza,66661,Matutino,2026-07-19 12:22:48,3,136534,"POINT (  576662.088551608,   6140524.09847229)",ING EDUARDO CANSTATT 3014,0
2026-07-19,C_105,74,S,100,,S,Requiere Limpieza,66661,Matutino,2026-07-19 12:22:48,3,134373,"POINT (  576703.294697647,   6140582.59888738)",ING EDUARDO CANSTATT 3050,0
2026-07-19,C_105,75,S,100,,S,Requiere Limpieza,66661,Matutino,2026-07-19 12:22:48,3,134365,"POINT (  576746.711351895,   6140644.02883435)",ING EDUARDO CANSTATT 3084 ARBOL/ARBOL,0
2026-07-19,C_105,76,S,100,,S,Requiere Limpieza,66661,Matutino,2026-07-19 12:22:48,3,134405,"POINT (  576774.670993257,   6140683.67391056)",ING EDUARDO CANSTATT 3124 FTE 3105 (EN 3124. EDIFICIOS). ARBOL/COLUMNA,0
2026-07-19,C_105,77,S,100,,S,Requiere Limpieza,66661,Matutino,2026-07-19 12:22:48,3,134406,"POINT (  576777.265585589,   6140687.06683900)",ING EDUARDO CANSTATT 3124 FTE 3105 (EN 3124. EDIFICIOS). ARBOL/COLUMNA,0
2026-07-19,C_105,78,S,100,,S,Requiere Limpieza,66661,Matutino,2026-07-19 12:22:48,3,183022,"POINT (  576836.039609039,   6140767.17248475)",ING EDUARDO CANSTATT 3156 ANTES 3156,0
2026-07-19,C_105,79,S,100,,S,Requiere Limpieza,66661,Matutino,2026-07-19 12:22:48,3,134320,"POINT (  576869.872573429,   6140816.79645559)",ING EDUARDO CANSTATT 3194 EN 3190/3194,0
2026-07-19,C_105,80,S,100,,S,Requiere Limpieza,66661,Matutino,2026-07-19 12:22:48,3,135732,"POINT (  576837.345499945,   6140873.20095833)",BONAPARTE 3068,0
2026-07-19,C_105,81,S,75,,S,,66661,Matutino,2026-07-19 12:22:48,3,134318,"POINT (  576775.038392647,   6140913.20240055)",BONAPARTE Esq. JUAN ARRIETA,0
2026-07-19,C_105,82,S,100,,S,Requiere Limpieza,66661,Matutino,2026-07-19 12:22:48,3,137133,"POINT (  576566.809364345,   6141073.03772465)",SETEMBRINO PEREDA 3206 EN 3206/3204.,0
2026-07-19,C_105,83,S,100,,S,Requiere Limpieza,66661,Matutino,2026-07-19 12:22:48,3,134348,"POINT (  576580.627668394,   6141143.23055529)",SETEMBRINO PEREDA 3228,0
2026-07-19,C_105,84,S,100,,S,Requiere Limpieza,66661,Matutino,2026-07-19 12:21:35,,181633,"POINT (  576631.342432530,   6141084.97094940)",IGNACIO MANUEL ALTAMIRANO 3219,0
2026-07-19,C_105,85,S,100,,S,Requiere Limpieza,66661,Matutino,2026-07-19 12:21:35,,181632,"POINT (  576630.137613253,   6141082.56131084)",IGNACIO MANUEL ALTAMIRANO 3219,0
2026-07-19,C_105,86,S,100,,S,Requiere Limpieza,66661,Matutino,2026-07-19 12:21:35,,181330,"POINT (  576605.969335948,   6141031.42487103)",IGNACIO MANUEL ALTAMIRANO 3201,0
2026-07-19,C_105,87,S,100,,S,Requiere Limpieza,66661,Matutino,2026-07-19 12:21:35,,134313,"POINT (  576565.181680174,   6140943.20069630)",IGNACIO MANUEL ALTAMIRANO 3159 MURO,0
2026-07-19,C_105,88,S,100,,S,Requiere Limpieza,66661,Matutino,2026-07-19 12:21:35,,134350,"POINT (  576526.763370060,   6140960.74319696)",SETEMBRINO PEREDA 3162 MURO,0
2026-07-19,C_105,89,S,100,,S,Requiere Limpieza,66661,Matutino,2026-07-19 12:21:35,,145032,"POINT (  576412.849739326,   6141105.29323554)",SANCHO PANZA 3187,0
2026-07-19,C_105,90,S,100,,S,Requiere Limpieza,66661,Matutino,2026-07-19 12:21:35,,134408,"POINT (  576374.160038428,   6141005.05371490)",SANCHO PANZA 3115 FTE 3114. SALIDA EDIFICO,0
2026-07-19,C_105,91,S,100,,S,Requiere Limpieza,66661,Matutino,2026-07-19 12:21:35,,183023,"POINT (  576372.514610170,   6141000.27773672)",SANCHO PANZA 3107,0
2026-07-19,C_105,92,S,100,,S,Requiere Limpieza,66661,Matutino,2026-07-19 12:21:35,,137134,"POINT (  576325.246490174,   6140995.28804238)",AV DR LUIS ALBERTO DE HERRERA 3264,0
2026-07-19,C_105,93,S,100,,S,Requiere Limpieza,66661,Matutino,2026-07-19 12:21:35,,134327,"POINT (  576229.483515201,   6141066.18651501)",AV DR LUIS ALBERTO DE HERRERA 3298 VEREDA,0
2026-07-19,C_105,94,S,100,,S,Requiere Limpieza,66661,Matutino,2026-07-19 12:21:35,,134307,"POINT (  576290.004678394,   6141152.32100362)",AV JOSE PEDRO VARELA 3178,0
2026-07-19,C_105,95,S,100,,S,Requiere Limpieza,66661,Matutino,2026-07-19 12:21:35,,134306,"POINT (  576369.512181727,   6141185.83355196)",AV JOSE PEDRO VARELA 3210 MURO CALADO,0
2026-07-19,C_105,96,S,100,,S,Requiere Limpieza,66661,Matutino,2026-07-19 12:21:35,,137154,"POINT (  576440.947254954,   6141216.60520723)",AV JOSE PEDRO VARELA Esq. SANCHO PANZA,0
2026-07-19,C_105,97,S,100,,S,Requiere Limpieza,66661,Matutino,2026-07-19 12:21:35,,134305,"POINT (  576566.347485043,   6141229.30688800)",BV JOSE BATLLE Y ORDOÑEZ 3609 EN 3609/3611,0
2026-07-19,C_105,98,S,75,,S,,66661,Matutino,2026-07-19 12:21:35,,134336,"POINT (  576738.705444020,   6140889.51768258)",JUAN ARRIETA 3179,0
2026-07-19,C_105,99,S,100,,S,Requiere Limpieza,66661,Matutino,2026-07-19 11:48:22,3,134334,"POINT (  576693.105006728,   6140817.73823363)",JUAN ARRIETA 3147,0
2026-07-19,C_105,100,S,100,,S,,66661,Matutino,2026-07-19 11:52:51,3,177277,"POINT (  576583.206079513,   6140815.61699450)",FRANCISCO RODRIGO 3106 ESQ.,0
2026-07-19,C_105,101,S,100,,S,,66661,Matutino,2026-07-19 11:52:56,3,181989,"POINT (  576583.892713652,   6140816.65380080)",FRANCISCO RODRIGO 3106 ESQ,0
2026-07-19,C_105,102,S,100,,S,Requiere Limpieza,66661,Matutino,2026-07-19 12:02:26,3,134338,"POINT (  576652.265828395,   6140925.87386529)",FRANCISCO RODRIGO 3172 EN 3170/3172,0
2026-07-19,C_105,103,S,100,,S,Requiere Limpieza,66661,Matutino,2026-07-19 12:02:32,3,134337,"POINT (  576687.949230061,   6140982.18037363)",FRANCISCO RODRIGO 3202 FTE 3203. ARBOL/ARBOL,0
2026-07-19,C_105,104,S,100,,S,Requiere Limpieza,66661,Matutino,2026-07-19 12:02:37,3,134332,"POINT (  576730.959261728,   6141049.47682696)",FRANCISCO RODRIGO 3246 CERCO VEGETAL. ARBOL/REBAJE,0
2026-07-19,C_105,105,S,100,,S,Requiere Limpieza,66661,Matutino,2026-07-19 12:02:42,3,176841,"POINT (  576992.585099536,   6140822.54518400)",BV JOSE BATLLE Y ORDOÑEZ 3363 PROV OV (O: BV JOSE BATTLE Y ORDOÑEZ 3373),0
2026-07-19,C_105,106,S,100,,S,Requiere Limpieza,66661,Matutino,2026-07-19 12:02:49,3,134353,"POINT (  577006.114921728,   6140775.54227196)",CHIAVARI 3241 ANTES ARBOL,0
2026-07-19,C_105,107,S,100,,S,Requiere Limpieza,66661,Matutino,2026-07-19 12:04:29,3,181252,"POINT (  576938.801394118,   6140707.70921177)","CHIAVARI 3153 VEREDA. EN 3155. PROV OP. (REBAJE, O:CHIAVARI 3165, FECHA ALTA: 25/09/2020)",0
2026-07-19,C_105,108,S,100,,S,Requiere Limpieza,66661,Matutino,2026-07-19 12:07:43,3,181705,"POINT (  576849.859191526,   6140619.48594237)",CHIAVARI 3121,0
2026-07-19,C_105,109,S,100,,S,Requiere Limpieza,66661,Matutino,2026-07-19 12:07:34,3,181706,"POINT (  576846.568231074,   6140616.12436045)",CHIAVARI 3121,0
2026-07-19,C_105,110,N,,No Levantado por Feria,S,,66661,Matutino,2026-07-19 12:08:12,,134315,"POINT (  576788.351196728,   6140539.32629363)",CHIAVARI 3055 EN 3057,0
2026-07-19,C_105,111,N,,No Levantado por Feria,S,,66661,Matutino,2026-07-19 12:08:18,,134316,"POINT (  576738.964283394,   6140470.67305696)",CHIAVARI 3009 MURO C/ REJAS,0
2026-07-19,C_105,112,N,,No Levantado por Feria,S,,66661,Matutino,2026-07-19 12:10:30,,134393,"POINT (  576681.436670061,   6140392.38665863)",CHIAVARI 2973 FTE 2978. MURO,0
2026-07-19,C_105,113,S,100,,S,Requiere Limpieza,66661,Matutino,2026-07-19 12:13:23,3,134395,"POINT (  576639.783421728,   6140332.55251363)",CHIAVARI 2949,0
2026-07-19,C_105,1,,,,S,,66661,Matutino,,,134343,"POINT (  575547.614011958,   6141020.91314968)",BV GRAL ARTIGAS 3283 VEREDA. PDO EDIFICIO,1
2026-07-19,C_105,2,,,,S,,66661,Matutino,,,134390,"POINT (  575664.786328625,   6141029.46130802)",BV GRAL ARTIGAS 3249 VEREDA. EN 3243,1
2026-07-19,C_105,3,,,,S,,66661,Matutino,,,134376,"POINT (  575815.525803625,   6141041.97080802)",BV GRAL ARTIGAS 3171 VEREDA. ANTES 3167,1
2026-07-19,C_105,4,,,,S,,66661,Matutino,,,134377,"POINT (  575910.806495292,   6141049.05952468)",BV GRAL ARTIGAS 3123 VEREDA,1
2026-07-19,C_105,5,,,,S,,66661,Matutino,,,134378,"POINT (  576001.930979814,   6141056.29460003)",BV GRAL ARTIGAS 3087 VEREDA. EN 3071. ANTES CARTEL,1
2026-07-19,C_105,6,,,,S,,66661,Matutino,,,134381,"POINT (  576030.897695292,   6140967.33079135)",ANTONIO MACHADO 2181,1
2026-07-19,C_105,7,,,,S,,66661,Matutino,,,180179,"POINT (  575928.645036158,   6140959.99289209)",ANTONIO MACHADO 2139,1
2026-07-19,C_105,8,,,,S,,66661,Matutino,,,134383,"POINT (  575824.107449115,   6140950.63971002)",ANTONIO MACHADO 2085 MURO,1
2026-07-19,C_105,9,,,,S,,66661,Matutino,,,134402,"POINT (  575710.029020292,   6140940.43536635)",ANTONIO MACHADO 2044 FTE 2048. MURO,1
2026-07-19,C_105,10,,,,S,,66661,Matutino,,,134403,"POINT (  575597.443520292,   6140931.88720802)",ANTONIO MACHADO 1981 ARBOL/COLUMNA,1
2026-07-19,C_105,11,,,,S,,66661,Matutino,,,134404,"POINT (  575609.744528625,   6140818.88472468)",GRAL ENRIQUE MARTINEZ 2048 EN 2040,1
2026-07-19,C_105,12,,,,S,,66661,Matutino,,,137132,"POINT (  575687.699095696,   6140825.16250004)",GRAL ENRIQUE MARTINEZ 2072,1
2026-07-19,C_105,13,,,,S,,66661,Matutino,,,134362,"POINT (  575816.776753625,   6140835.98104135)",GRAL ENRIQUE MARTINEZ 2130 ANTES ARBOL. MURO BAJO C/REJA,1
2026-07-19,C_105,14,,,,S,,66661,Matutino,,,181251,"POINT (  575885.110070588,   6140840.81007059)",GRAL ENRIQUE MARTINEZ 2154,1
2026-07-19,C_105,15,,,,S,,66661,Matutino,,,180729,"POINT (  575952.739943137,   6140845.97382353)",GRAL ENRIQUE MARTINEZ 2192,1
2026-07-19,C_105,16,,,,S,,66661,Matutino,,,134396,"POINT (  576013.871714916,   6140852.25838425)",GRAL ENRIQUE MARTINEZ 2218,1
2026-07-19,C_105,17,,,,S,,66661,Matutino,,,183106,"POINT (  576017.691622223,   6140852.63937654)",GRAL ENRIQUE MARTINEZ 2220,1
2026-07-19,C_105,18,,,,S,,66661,Matutino,,,134302,"POINT (  575646.470239916,   6140701.85609425)",DR GUSTAVO GALLINAL 2056 VEREDA,1
2026-07-19,C_105,19,,,,S,,66661,Matutino,,,134303,"POINT (  575720.294704916,   6140707.36281425)",DR GUSTAVO GALLINAL 2084 VEREDA,1
2026-07-19,C_105,20,,,,S,,66661,Matutino,,,180728,"POINT (  575959.384823312,   6140714.49234205)",DR GUSTAVO GALLINAL 2194 FTE 2197,1
2026-07-19,C_105,21,,,,S,,66661,Matutino,,,170472,"POINT (  576018.008121049,   6140718.38505535)",DR GUSTAVO GALLINAL 2218,1
2026-07-19,C_105,22,,,,S,,66661,Matutino,,,170452,"POINT (  576074.565564091,   6140720.06277599)",DR GUSTAVO GALLINAL 2242 EN 2244,1
2026-07-19,C_105,23,,,,S,,66661,Matutino,,,184135,"POINT (  576129.833955148,   6140724.57637574)",DR GUSTAVO GALLINAL 2262 EN 2258,1
2026-07-19,C_105,24,,,,S,,66661,Matutino,,,181412,"POINT (  576230.010522658,   6140655.04876540)",QUIJOTE 2863,1
2026-07-19,C_105,25,,,,S,,66661,Matutino,,,134346,"POINT (  576235.000939917,   6140586.04288925)",QUIJOTE 2829,1
2026-07-19,C_105,26,,,,S,,66661,Matutino,,,183752,"POINT (  576236.061302362,   6140554.88188399)",QUIJOTE 2811,1
2026-07-19,C_105,27,,,,S,,66661,Matutino,,,134347,"POINT (  576241.540169917,   6140503.61417425)",QUIJOTE 2789 VEREDA. EN 2793,1
2026-07-19,C_105,28,,,,S,,66661,Matutino,,,134345,"POINT (  576250.832759917,   6140388.31722425)",QUIJOTE 2725 MURETE PIEDRA,1
2026-07-19,C_105,29,,,,S,,66661,Matutino,,,183755,"POINT (  576251.177671916,   6140384.59610315)",QUIJOTE 2725,1
2026-07-19,C_105,30,,,,S,,66661,Matutino,,,183754,"POINT (  576257.168701575,   6140277.37463360)",QUIJOTE 2675,1
2026-07-19,C_105,31,,,,N,,66661,Matutino,,,134344,"POINT (  576262.534539917,   6140241.01246425)",QUIJOTE 2669,1
2026-07-19,C_105,32,,,,S,,66661,Matutino,,,135632,"POINT (  576264.182977297,   6140220.33349089)",QUIJOTE 2665,1
2026-07-19,C_105,33,,,,S,,66661,Matutino,,,183753,"POINT (  576322.806709187,   6140156.65353754)",COLORADO 2411,1
2026-07-19,C_105,34,,,,S,,66661,Matutino,,,179043,"POINT (  576324.210990196,   6140156.94926166)",COLORADO 2411 FTE 2413. MURO,1
2026-07-19,C_105,35,,,,S,,66661,Matutino,,,134276,"POINT (  576417.735497889,   6140040.81771065)",INGAVI 2648 VIVIENDAS. ARBOL/ARBOL,1
2026-07-19,C_105,36,,,,S,,66661,Matutino,,,168952,"POINT (  576422.164163400,   6139954.40454869)",INGAVI 2601,1
2026-07-19,C_105,37,,,,S,,66661,Matutino,,,134277,"POINT (  576422.626042701,   6139950.40159475)",INGAVI 2601,1
2026-07-19,C_105,38,,,,S,,66661,Matutino,,,134282,"POINT (  576501.974597889,   6139941.80533565)",CHIRIGUANOS 2774 VIVIENDAS,1
2026-07-19,C_105,39,,,,S,,66661,Matutino,,,134281,"POINT (  576568.887821197,   6140025.53396097)",CADIZ 2824,1
2026-07-19,C_105,40,,,,S,,66661,Matutino,,,134274,"POINT (  576467.713172889,   6140097.39621065)",CHIAVARI 2829 VEREDA,1
2026-07-19,C_105,41,,,,N,,66661,Matutino,,,134399,"POINT (  576147.753844917,   6140341.85427425)",BV GRAL ARTIGAS 2758 VEREDA,1
2026-07-19,C_105,42,,,,S,,66661,Matutino,,,183806,"POINT (  576136.639166667,   6141071.51551667)",BV EMILIO MIRA Y LOPEZ Esq. AV JOSE PEDRO VARELA,1
2026-07-19,C_105,43,,,,S,,66661,Matutino,,,134387,"POINT (  576139.340071717,   6141072.11396604)",BV EMILIO MIRA Y LOPEZ Esq. AV JOSE PEDRO VARELA,1
2026-07-19,C_105,44,,,,S,,66661,Matutino,,,134388,"POINT (  576205.465791574,   6140944.63527912)",QUIJOTE 2983 EN 2981,1
2026-07-19,C_105,45,,,,S,,66661,Matutino,,,180726,"POINT (  576212.005235076,   6140841.35936101)",QUIJOTE 2941,1
2026-07-19,C_105,46,,,,S,,66661,Matutino,,,183756,"POINT (  576215.054636746,   6140811.40586719)",QUIJOTE 2927,1
2026-07-19,C_105,47,,,,S,,66661,Matutino,,,183804,"POINT (  576217.654233333,   6140766.85759167)",QUIJOTE 2903,1
2026-07-19,C_105,48,,,,S,,66661,Matutino,,,183805,"POINT (  576217.784441667,   6140764.38363333)",QUIJOTE 2903,1
2026-07-19,C_105,49,,,,S,,66661,Matutino,,,180731,"POINT (  576273.163887800,   6140728.28797604)",DR GUSTAVO GALLINAL 2332,1
2026-07-19,C_105,50,,,,S,,66661,Matutino,,,134323,"POINT (  576365.891868620,   6140800.83685689)",GALATEA 3040 EN 3042,1
2026-07-19,C_105,51,,,,S,,66661,Matutino,,,134328,"POINT (  576419.706471761,   6140873.81614823)",GALATEA 3096 PDO 3096,1
2026-07-19,C_105,52,,,,S,,66661,Matutino,,,134324,"POINT (  576429.246312674,   6140777.51195221)",DULCINEA 3055 EN 3059,1
2026-07-19,C_105,53,,,,S,,66661,Matutino,,,134322,"POINT (  576355.622271761,   6140677.02118156)",DULCINEA 2997,1
2026-07-19,C_105,54,,,,S,,66661,Matutino,,,180727,"POINT (  576283.994757734,   6140584.46204488)",DULCINEA 2949 FTE 2946,1
2026-07-19,C_105,55,,,,S,,66661,Matutino,,,134357,"POINT (  576433.003050980,   6140582.33141722)",FRANCISCO RODRIGO 2976 MURO,1
2026-07-19,C_105,56,,,,S,,66661,Matutino,,,134358,"POINT (  576486.214992646,   6140655.11723388)",FRANCISCO RODRIGO 3023 FTE 3023,1
2026-07-19,C_105,57,,,,S,,66661,Matutino,,,134330,"POINT (  576572.124525683,   6140771.36631546)",FRANCISCO RODRIGO 3085,1
2026-07-19,C_105,58,,,,S,,66661,Matutino,,,134368,"POINT (  576656.490928529,   6140720.16193906)",JUAN ARRIETA 3092 MURO,1
2026-07-19,C_105,59,,,,S,,66661,Matutino,,,134367,"POINT (  576655.259250394,   6140718.31442186)",JUAN ARRIETA 3092 MURO,1
2026-07-19,C_105,60,,,,S,,66661,Matutino,,,134366,"POINT (  576566.830359313,   6140599.00545889)",JUAN ARRIETA 3010 FTE 3010,1
2026-07-19,C_105,61,,,,S,,66661,Matutino,,,183839,"POINT (  576562.834852381,   6140591.64831429)",JUAN ARRIETA 3010,1
2026-07-19,C_106,72,S,50,,S,,66662,Matutino,2026-07-19 08:42:38,,181234,"POINT (  575042.545707555,   6139963.70147196)",RAMON DEL VALLE INCLAN 2641,0
2026-07-19,C_106,73,S,50,,S,,66662,Matutino,2026-07-19 08:14:06,,165032,"POINT (  574993.494507019,   6139858.98798328)",RAMON DEL VALLE INCLAN 2589 EN 2589/2591,0
2026-07-19,C_106,74,S,50,,S,,66662,Matutino,2026-07-19 08:14:09,,155022,"POINT (  574964.819500446,   6139797.28860672)",RAMON DEL VALLE INCLAN 2551,0
2026-07-19,C_106,75,S,50,,S,,66662,Matutino,2026-07-19 08:14:19,,134429,"POINT (  574807.197350129,   6139865.50993973)",CONCEPCION ARENAL 1757 EN 1769. MURO,0
2026-07-19,C_106,76,S,75,,S,Basura Afuera,66662,Matutino,2026-07-19 08:14:24,,134453,"POINT (  574808.700441131,   6139927.40996011)",AV GRAL FLORES 2580,0
2026-07-19,C_106,77,S,50,,S,,66662,Matutino,2026-07-19 08:14:55,,134455,"POINT (  574852.544340478,   6140037.15792347)",AV GRAL FLORES 2638 EN 2642,0
2026-07-19,C_106,78,N,,Contenedor No Está,N,,66662,Matutino,2026-07-19 08:14:59,,134456,"POINT (  574888.364264269,   6140128.00428663)",AV GRAL FLORES 2688,0
2026-07-19,C_106,79,S,50,,S,,66662,Matutino,2026-07-19 08:15:03,,134483,"POINT (  574914.463389860,   6140175.41997553)",AV GRAL FLORES 2710,0
2026-07-19,C_106,80,S,75,,S,,66662,Matutino,2026-07-19 08:15:05,,134454,"POINT (  574938.376201266,   6140253.99064158)",AV GRAL FLORES 2748 VEREDA. AUTOMOTORA. ARBOL/COLUMNA.,0
2026-07-19,C_106,81,N,,Auto,S,,66662,Matutino,2026-07-19 07:24:37,,149572,"POINT (  575031.599549312,   6140418.93965527)",AV GRAL FLORES 2828,0
2026-07-19,C_106,82,S,50,,S,,66662,Matutino,2026-07-19 08:15:12,,175313,"POINT (  575117.509099207,   6140542.72330781)",AV GRAL FLORES 2880,0
2026-07-19,C_106,83,S,75,,S,,66662,Matutino,2026-07-19 08:15:15,,159532,"POINT (  575130.441719622,   6140561.96827867)",AV GRAL FLORES 2886 EN 2890,0
2026-07-19,C_106,84,S,100,,S,Basura Afuera,66662,Matutino,2026-07-19 07:28:19,,134509,"POINT (  575241.415820547,   6140582.66894209)",DR LUIS MELIAN LAFINUR 1884,0
2026-07-19,C_106,85,S,50,,S,,66662,Matutino,2026-07-19 08:15:21,,134508,"POINT (  575345.946718678,   6140570.15915915)",PBRO LORENZO FERNANDEZ 2995 FTE 2992,0
2026-07-19,C_106,86,S,75,,S,,66662,Matutino,2026-07-19 08:15:24,,134507,"POINT (  575375.237748895,   6140532.25404367)",PBRO LORENZO FERNANDEZ 2955,0
2026-07-19,C_106,87,N,,"Contenedor Roto (choque, desfonde, etc.)",S,,66662,Matutino,2026-07-19 07:37:30,,134484,"POINT (  575457.050553607,   6140423.85830781)",PBRO LORENZO FERNANDEZ 2921 FTE 2922. MURO,0
2026-07-19,C_106,88,S,100,,S,,66662,Matutino,2026-07-19 07:44:31,,180200,"POINT (  575536.214004096,   6140258.53944301)",DR JOAQUIN REQUENA 2735 EN 2737,0
2026-07-19,C_106,89,S,100,,S,Basura Afuera,66662,Matutino,2026-07-19 07:40:12,,180674,"POINT (  575541.735147712,   6140196.87922375)",DR JOAQUIN REQUENA Esq. ITAPEBI EN 2707,0
2026-07-19,C_106,90,N,,Auto,S,,66662,Matutino,2026-07-19 07:41:26,,134488,"POINT (  575555.644605596,   6140063.19490473)",DR JOAQUIN REQUENA 2628 FTE 2628,0
2026-07-19,C_106,91,S,50,,S,,66662,Matutino,2026-07-19 07:52:49,,134418,"POINT (  575396.371511111,   6140101.85533508)",COLORADO 2041 MURO,0
2026-07-19,C_106,92,S,50,,S,,66662,Matutino,2026-07-19 07:52:54,,134511,"POINT (  575394.301794336,   6140101.85533508)",COLORADO 2041 FTE 2048 MURO,0
2026-07-19,C_106,93,S,25,,S,,66662,Matutino,2026-07-19 07:53:59,,184368,"POINT (  575360.425087582,   6140099.73312614)",COLORADO 2019,0
2026-07-19,C_106,94,S,100,,S,,66662,Matutino,2026-07-19 08:17:05,,134419,"POINT (  575225.089493659,   6139726.70294665)",CONSTITUCION 2463,0
2026-07-19,C_106,95,S,50,,S,,66662,Matutino,2026-07-19 08:20:38,,134434,"POINT (  575032.566054506,   6139684.29690278)",PORONGOS 2524 ANTES ARBOL,0
2026-07-19,C_106,96,S,100,,S,Basura Afuera,66662,Matutino,2026-07-19 08:03:17,,134428,"POINT (  575103.808208202,   6139837.80678158)",PORONGOS Esq. RIVADAVIA PDO PARADA,0
2026-07-19,C_106,97,S,100,,S,Basura Afuera,66662,Matutino,2026-07-19 08:05:59,,134422,"POINT (  575147.685213508,   6139927.80799906)",PORONGOS 2642 PDO 2642,0
2026-07-19,C_106,98,S,100,,S,,66662,Matutino,2026-07-19 08:07:00,,134421,"POINT (  575168.053364659,   6139972.87003129)",PORONGOS 2668,0
2026-07-19,C_106,99,S,100,,S,,66662,Matutino,2026-07-19 08:09:32,,134433,"POINT (  575201.978199752,   6140041.77985257)",PORONGOS 2704,0
2026-07-19,C_106,100,S,100,,S,Basura Afuera,66662,Matutino,2026-07-19 08:12:22,,134432,"POINT (  575236.327095284,   6140115.56636890)",PORONGOS 2746 PDO COLUMNA,0
2026-07-19,C_106,101,S,100,,S,,66662,Matutino,2026-07-19 08:13:07,,177469,"POINT (  575284.938297335,   6140210.43285698)",PORONGOS 2796,0
2026-07-19,C_106,1,S,75,,S,,66662,Matutino,2026-07-19 09:28:06,,134500,"POINT (  575479.507000987,   6140588.94972780)",DR LUIS MELIAN LAFINUR 1986 MURO,1
2026-07-19,C_106,2,S,75,,S,,66662,Matutino,2026-07-19 10:13:52,,134489,"POINT (  575533.238959613,   6140591.41308407)",DR LUIS MELIAN LAFINUR 2004 ARBOL/ARBOL,1
2026-07-19,C_106,3,N,,Contenedor No Está,N,,66662,Matutino,2026-07-19 09:28:01,,134458,"POINT (  575604.368371893,   6140596.18583684)",DR LUIS MELIAN LAFINUR 2044 ARBOL/ARBOL,1
2026-07-19,C_106,4,S,100,,N,Basura Afuera,66662,Matutino,2026-07-19 09:27:56,,134462,"POINT (  575705.827858240,   6140602.49818728)",DR LUIS MELIAN LAFINUR 2080,1
2026-07-19,C_106,5,S,75,,S,Basura Afuera,66662,Matutino,2026-07-19 09:29:41,,134457,"POINT (  575846.701044897,   6140610.35013539)",DR LUIS MELIAN LAFINUR 2134 EN 2134/2134A,1
2026-07-19,C_106,6,S,75,,S,,66662,Matutino,2026-07-19 09:30:58,,134424,"POINT (  575916.611160960,   6140612.51797805)",DR LUIS MELIAN LAFINUR 2166 CASA C/RETIRO,1
2026-07-19,C_106,7,S,50,,S,Basura Afuera,66662,Matutino,2026-07-19 09:32:00,,183919,"POINT (  576030.340890965,   6140615.46552050)",DR LUIS MELIAN LAFINUR 2221,1
2026-07-19,C_106,8,S,50,,S,,66662,Matutino,2026-07-19 09:42:18,,134423,"POINT (  576083.799085828,   6140520.12971202)",PEDERNAL 2243 VEREDA. MURO C/ REJAS,1
2026-07-19,C_106,9,S,75,,S,,66662,Matutino,2026-07-19 09:42:22,,134410,"POINT (  576002.465043775,   6140516.45423976)",PEDERNAL 2202 VEREDA. FTE 2204,1
2026-07-19,C_106,10,S,50,,S,,66662,Matutino,2026-07-19 09:42:26,,134409,"POINT (  575937.691267098,   6140514.58716041)",PEDERNAL 2177,1
2026-07-19,C_106,11,S,25,,S,Basura Afuera,66662,Matutino,2026-07-19 10:15:49,,134494,"POINT (  575733.863853775,   6140507.82543643)",PEDERNAL 2087 VEREDA,1
2026-07-19,C_106,12,S,75,,S,,66662,Matutino,2026-07-19 09:42:30,,181990,"POINT (  575705.748200000,   6140507.27118408)",PEDERNAL 2069 VEREDA. EN 2075,1
2026-07-19,C_106,13,S,75,,S,,66662,Matutino,2026-07-19 09:42:40,,179864,"POINT (  575619.680521787,   6140502.43027952)",PEDERNAL 2043,1
2026-07-19,C_106,14,S,75,,S,,66662,Matutino,2026-07-19 09:43:07,,134411,"POINT (  575502.706920441,   6140495.95093643)",PEDERNAL 1989 VEREDA. FTE 1996. MURO,1
2026-07-19,C_106,15,S,25,,S,,66662,Matutino,2026-07-19 09:44:47,,184427,"POINT (  575430.437323312,   6140494.09548758)",PEDERNAL Esq. PBRO LORENZO FERNANDEZ,1
2026-07-19,C_106,16,S,25,,S,,66662,Matutino,2026-07-19 09:44:33,,184428,"POINT (  575428.476538998,   6140494.53121743)",PEDERNAL Esq. PBRO LORENZO FERNANDEZ,1
2026-07-19,C_106,17,S,75,,S,Basura Afuera,66662,Matutino,2026-07-19 08:34:46,,134445,"POINT (  575180.363174020,   6140468.39923036)",GUAVIYU Esq. PEDERNAL,1
2026-07-19,C_106,18,S,50,,S,,66662,Matutino,2026-07-19 09:20:04,,151872,"POINT (  575233.325333813,   6140372.48229562)",YAGUARI 1872,1
2026-07-19,C_106,19,S,75,,S,,66662,Matutino,2026-07-19 09:20:08,,134501,"POINT (  575313.427390441,   6140376.17681310)",YAGUARI 1908,1
2026-07-19,C_106,20,S,50,,S,,66662,Matutino,2026-07-19 07:44:25,,141112,"POINT (  575392.211813190,   6140265.94213697)",DR MARTIN C MARTINEZ 2833,1
2026-07-19,C_106,21,S,50,,S,,66662,Matutino,2026-07-19 08:16:14,,181795,"POINT (  575397.564812418,   6140186.82608257)",DR MARTIN C MARTINEZ 2803 FTE 2812,1
2026-07-19,C_106,22,S,50,,S,,66662,Matutino,2026-07-19 08:16:18,,141092,"POINT (  575397.754364796,   6140184.03554101)",DR MARTIN C MARTINEZ 2803 FTE 2812,1
2026-07-19,C_106,23,S,75,,S,,66662,Matutino,2026-07-19 09:19:50,,175751,"POINT (  575299.374073786,   6140222.83340226)",AV GRAL GARIBALDI 2001 FTE 2004,1
2026-07-19,C_106,24,S,50,,S,,66662,Matutino,2026-07-19 09:19:53,,143652,"POINT (  575296.140918682,   6140249.00656262)",PORONGOS 2854,1
2026-07-19,C_106,25,S,75,,S,,66662,Matutino,2026-07-19 09:29:48,,134495,"POINT (  575406.222151973,   6140378.17880700)",YAGUARI 1954 PDO ARBOL.,1
2026-07-19,C_106,26,S,50,,S,,66662,Matutino,2026-07-19 09:47:32,,179041,"POINT (  575547.520858170,   6140385.97887168)",YAGUARI 2008,1
2026-07-19,C_106,27,S,50,,S,,66662,Matutino,2026-07-19 09:49:00,,134491,"POINT (  575620.343633774,   6140388.60545643)",YAGUARI 2040 FTE 2041. ARBOL/ARBOL,1
2026-07-19,C_106,28,S,100,,S,Basura Afuera,66662,Matutino,2026-07-19 09:50:25,,179242,"POINT (  575752.688732203,   6140392.08116667)",YAGUARI 2100,1
2026-07-19,C_106,29,S,100,,S,,66662,Matutino,2026-07-19 09:56:15,,184117,"POINT (  575831.076034560,   6140395.95557168)",YAGUARI 2132,1
2026-07-19,C_106,30,S,100,,S,Basura Afuera,66662,Matutino,2026-07-19 09:56:21,,134503,"POINT (  575909.448127108,   6140400.16330310)",YAGUARI 2156,1
2026-07-19,C_106,31,S,75,,S,,66662,Matutino,2026-07-19 09:56:49,,134464,"POINT (  575980.030202979,   6140402.50445016)",YAGUARI Esq. DR JUAN CAMPISTEGUY PDO REBAJE,1
2026-07-19,C_106,32,S,50,,S,,66662,Matutino,2026-07-19 09:58:53,,134463,"POINT (  576092.473753775,   6140406.57553310)",YAGUARI 2248 ANTES CARTEL PE,1
2026-07-19,C_106,33,S,75,,S,,66662,Matutino,2026-07-19 10:00:20,,134504,"POINT (  576102.448333775,   6140319.41670310)",CARAGUATA 2245 VEREDA. ANTES ARBOL,1
2026-07-19,C_106,34,S,25,,S,,66662,Matutino,2026-07-19 10:01:44,,176352,"POINT (  576020.121629848,   6140316.96742614)",CARAGUATA 2205 PROV OV. (O: CARAGATUA 2091),1
2026-07-19,C_106,35,S,75,,S,,66662,Matutino,2026-07-19 10:03:16,,134450,"POINT (  575988.215643774,   6140313.40028977)",CARAGUATA 2191,1
2026-07-19,C_106,36,S,75,,S,,66662,Matutino,2026-07-19 10:05:17,,180275,"POINT (  575810.321193288,   6140308.96549818)",CARAGUATA 2115 EN 2115,1
2026-07-19,C_106,37,S,25,,S,,66662,Matutino,2026-07-19 10:07:14,,176364,"POINT (  575740.185418083,   6140304.18808475)",CARAGUATA 2091,1
2026-07-19,C_106,38,S,50,,S,,66662,Matutino,2026-07-19 10:07:18,,134449,"POINT (  575667.129163774,   6140300.89248310)",CARAGUATA 2053 ANTES ARBOL,1
2026-07-19,C_106,39,S,75,,S,,66662,Matutino,2026-07-19 10:18:20,,178994,"POINT (  575573.048086737,   6140102.37712679)",COLORADO 2104,1
2026-07-19,C_106,40,S,75,,S,,66662,Matutino,2026-07-19 10:22:01,,178946,"POINT (  575640.087861583,   6140107.00135537)",COLORADO 2138,1
2026-07-19,C_106,41,N,,Tapa Bloqueda,S,,66662,Matutino,2026-07-19 10:22:32,,178945,"POINT (  575750.539838984,   6140114.93920848)",COLORADO 2188,1
2026-07-19,C_106,42,S,75,,S,Dos Ciclos,66662,Matutino,2026-07-19 10:24:11,,178944,"POINT (  575895.172607345,   6140126.40813503)",COLORADO 2230 EN 2240,1
2026-07-19,C_106,43,S,50,,S,,66662,Matutino,2026-07-19 10:26:50,,178995,"POINT (  576015.376754111,   6140212.92360902)",DR JUAN CAMPISTEGUY 2694,1
2026-07-19,C_106,44,S,75,,S,,66662,Matutino,2026-07-19 10:28:22,,180299,"POINT (  575920.788064391,   6140232.68395074)",ITAPEBI 2153 EN 2155,1
2026-07-19,C_106,45,S,75,,S,,66662,Matutino,2026-07-19 10:30:00,,179239,"POINT (  575792.816774011,   6140225.26024689)",ITAPEBI 2105,1
2026-07-19,C_106,46,S,25,,S,,66662,Matutino,2026-07-19 10:31:16,,178996,"POINT (  575708.281263395,   6140217.56551883)",ITAPEBI 2071,1
2026-07-19,C_106,47,S,75,,S,,66662,Matutino,2026-07-19 10:33:14,,178997,"POINT (  575674.594260743,   6140214.71405995)",ITAPEBI 2051 EN 2055,1
2026-07-19,C_106,48,S,25,,S,,66662,Matutino,2026-07-19 08:14:50,,134506,"POINT (  575339.739841099,   6140146.40108605)",ARENAL GRANDE 2777 EN 2773/2777,1
2026-07-19,C_106,49,S,25,,S,Basura Afuera,66662,Matutino,2026-07-19 07:54:05,,134473,"POINT (  575309.756319526,   6140081.59459732)",ARENAL GRANDE 2747 EN 2749/2747,1
2026-07-19,C_106,50,S,25,,S,,66662,Matutino,2026-07-19 07:55:53,,134475,"POINT (  575251.682972481,   6139962.81776976)",ARENAL GRANDE 2681,1
2026-07-19,C_106,51,S,50,,S,,66662,Matutino,2026-07-19 07:56:42,,177381,"POINT (  575215.378998305,   6139885.51616497)",ARENAL GRANDE 2641,1
2026-07-19,C_106,52,S,25,,S,,66662,Matutino,2026-07-19 07:59:44,,134451,"POINT (  575168.046392673,   6139785.12578513)",ARENAL GRANDE 2591,1
2026-07-19,C_106,53,N,,Contenedor No Está,N,,66662,Matutino,2026-07-19 07:59:53,,176566,"POINT (  575161.711357189,   6139771.89673195)",ARENAL GRANDE 2588 FTE 2588B,1
2026-07-19,C_106,54,S,25,,S,,66662,Matutino,2026-07-19 07:59:48,,177485,"POINT (  575144.213257803,   6139735.03177294)",ARENAL GRANDE 2559,1
2026-07-19,C_106,55,S,75,,S,,66662,Matutino,2026-07-19 08:13:34,,134505,"POINT (  575105.973578173,   6139724.10685591)",CONCEPCION ARENAL 1921 FTE 1930,1
2026-07-19,C_106,56,S,50,,S,,66662,Matutino,2026-07-19 08:22:01,,134480,"POINT (  575002.661935421,   6139772.60651712)",CONCEPCION ARENAL 1869 EN 1871. MURO,1
2026-07-19,C_106,57,S,25,,S,,66662,Matutino,2026-07-19 08:14:13,,134414,"POINT (  574884.095518536,   6139829.94342679)",CONCEPCION ARENAL 1807,1
2026-07-19,C_106,58,S,100,,S,,66662,Matutino,2026-07-19 08:23:52,,183656,"POINT (  574914.334571396,   6139945.63297866)",JOSE L TERRA 2603,1
2026-07-19,C_106,59,S,100,,S,Basura Afuera,66662,Matutino,2026-07-19 08:28:05,,177040,"POINT (  574960.292334641,   6140043.06187625)",JOSE L TERRA 2658 PROV OV (O: JOSE L TERRA 2634),1
2026-07-19,C_106,60,S,75,,S,Basura Afuera,66662,Matutino,2026-07-19 08:28:16,,134477,"POINT (  574967.898695783,   6140057.63457244)",JOSE L TERRA 2666 ARBOL/REBAJE,1
2026-07-19,C_106,61,S,75,,S,Basura Afuera,66662,Matutino,2026-07-19 08:30:33,,134479,"POINT (  574985.142189669,   6140094.58491648)",JOSE L TERRA 2692 EN 2692 BIS,1
2026-07-19,C_106,62,S,75,,S,,66662,Matutino,2026-07-19 08:30:38,,134415,"POINT (  575014.086625834,   6140157.32352147)",JOSE L TERRA 2730,1
2026-07-19,C_106,63,S,75,,S,,66662,Matutino,2026-07-19 08:30:44,,134452,"POINT (  575015.010384435,   6140159.24801855)",JOSE L TERRA 2730,1
2026-07-19,C_106,64,S,50,,S,,66662,Matutino,2026-07-19 09:19:57,,180440,"POINT (  575099.655174713,   6140367.63524598)",YAGUARI 1802 FTE 1803,1
2026-07-19,C_106,65,S,25,,S,,66662,Matutino,2026-07-19 09:20:00,,144312,"POINT (  575140.665017179,   6140367.76918555)",YAGUARI 1828,1
2026-07-19,C_106,66,S,25,,S,,66662,Matutino,2026-07-19 08:36:22,,134441,"POINT (  575183.750288890,   6140354.00712360)",GUAVIYU 2843 GARAJE/GARAJE,1
2026-07-19,C_106,67,S,50,,S,Basura Afuera,66662,Matutino,2026-07-19 08:13:41,,134497,"POINT (  575176.244750256,   6140246.42773653)",RAMON DEL VALLE INCLAN 2779 FTE 2786,1
2026-07-19,C_106,68,S,50,,S,,66662,Matutino,2026-07-19 08:13:45,,134492,"POINT (  575146.825957972,   6140186.31674031)",RAMON DEL VALLE INCLAN 2761,1
2026-07-19,C_106,69,S,50,,S,,66662,Matutino,2026-07-19 08:13:48,,184370,"POINT (  575106.926974074,   6140104.65756384)",RAMON DEL VALLE INCLAN 2711,1
2026-07-19,C_106,70,S,75,,S,,66662,Matutino,2026-07-19 08:13:53,,134416,"POINT (  575068.794107042,   6140019.65537721)",RAMON DEL VALLE INCLAN 2667 EN 2667,1
2026-07-19,C_106,71,S,50,,S,,66662,Matutino,2026-07-19 08:14:02,,181328,"POINT (  575043.013542048,   6139964.86146558)",RAMON DEL VALLE INCLAN 2641,1
2026-07-19,C_104,7,S,100,,S,,66663,Matutino,2026-07-19 07:07:31,9,180198,"POINT (  576919.171875240,   6140515.95355318)",CADIZ 3062 VEREDA,0
2026-07-19,C_104,8,S,100,,S,Basura Afuera,66663,Matutino,2026-07-19 07:07:41,9,180391,"POINT (  576921.574758703,   6140517.97993675)",CADIZ 3062 VEREDA,0
2026-07-19,C_104,9,S,100,,S,Basura Afuera,66663,Matutino,2026-07-19 07:09:45,9,180194,"POINT (  577014.028978115,   6140616.46120591)",CADIZ 3100 VEREDA. ARBOL/ARBOL,0
2026-07-19,C_104,10,S,100,,S,,66663,Matutino,2026-07-19 07:12:08,9,183865,"POINT (  576974.567829470,   6140665.17573752)",TOMAS GOMENSORO 2976,0
2026-07-19,C_104,11,S,100,,S,,66663,Matutino,2026-07-19 07:17:45,9,179227,"POINT (  577141.135646405,   6140683.85848170)",BV JOSE BATLLE Y ORDOÑEZ 3293 EN 3285. MURO. Frigorífico.,0
2026-07-19,C_104,12,S,25,,S,,66663,Matutino,2026-07-19 07:19:13,9,177273,"POINT (  577351.850215455,   6140485.41178452)",BV JOSE BATLLE Y ORDOÑEZ 3191,0
2026-07-19,C_104,13,S,25,,S,,66663,Matutino,2026-07-19 07:22:48,9,180343,"POINT (  577512.673435076,   6140269.61776928)",MONTE CASEROS 3341,0
2026-07-19,C_104,14,S,25,,S,,66663,Matutino,2026-07-19 07:22:54,9,134244,"POINT (  577509.901523108,   6140267.77981813)",MONTE CASEROS 3341,0
2026-07-19,C_104,15,S,50,,S,,66663,Matutino,2026-07-19 07:23:01,9,134193,"POINT (  577507.340134544,   6140265.41545946)",MONTE CASEROS 3341,0
2026-07-19,C_104,16,S,50,,S,,66663,Matutino,2026-07-19 07:27:49,9,134227,"POINT (  577444.687954858,   6140280.49133484)",AV DAMASO ANTONIO LARRAÑAGA 3355 EN 3357. VIVIENDA C/REJAS,0
2026-07-19,C_104,17,S,100,,S,,66663,Matutino,2026-07-19 07:29:30,9,134229,"POINT (  577361.735046156,   6140323.93333666)",TOMAS GOMENSORO 2790 MURO,0
2026-07-19,C_104,18,S,100,,S,Basura Afuera,66663,Matutino,2026-07-19 07:32:04,9,180546,"POINT (  577275.665147213,   6140281.69226200)",GRAL JULIO AMADEO ROLETTI 3267 EN 3267,0
2026-07-19,C_104,19,S,50,,S,,66663,Matutino,2026-07-19 07:33:36,9,140612,"POINT (  577254.008783628,   6140233.91850537)",JOAQUIN CAMPANA 2785,0
2026-07-19,C_104,20,N,,Contenedor No Está,N,,66663,Matutino,2026-07-19 07:34:27,,183329,"POINT (  577328.201362310,   6140150.69981002)",JOAQUIN CAMPANA 2761,0
2026-07-19,C_104,21,S,100,,S,Basura Afuera,66663,Matutino,2026-07-19 07:34:41,9,139612,"POINT (  577339.456454223,   6140139.38720853)",JOAQUIN CAMPANA Esq. MONTE CASEROS,0
2026-07-19,C_104,76,S,100,,S,,66663,Matutino,2026-07-19 07:42:11,9,180371,"POINT (  576248.833172810,   6139103.12244903)",BV GRAL ARTIGAS 2168,1
2026-07-19,C_104,77,S,100,,S,Basura Afuera,66663,Matutino,2026-07-19 07:43:13,9,177086,"POINT (  576248.766975997,   6139103.89230672)",BV GRAL ARTIGAS 2168,1
2026-07-19,C_104,78,S,100,,S,Basura Afuera,66663,Matutino,2026-07-19 07:47:06,9,180428,"POINT (  576240.525112418,   6139209.31744793)",BV GRAL ARTIGAS 2202 EN 2208,1
2026-07-19,C_104,79,S,100,,S,,66663,Matutino,2026-07-19 07:47:10,9,180427,"POINT (  576240.416179956,   6139210.62463747)",BV GRAL ARTIGAS 2202 EN 2208,1
2026-07-19,C_104,80,S,25,,S,,66663,Matutino,2026-07-19 07:50:33,9,137074,"POINT (  576234.004430912,   6139285.29910339)",BV GRAL ARTIGAS Esq. COQUIMBO,1
2026-07-19,C_104,81,S,25,,S,,66663,Matutino,2026-07-19 07:51:25,9,137072,"POINT (  576233.654650951,   6139288.44712304)",BV GRAL ARTIGAS Esq. COQUIMBO,1
2026-07-19,C_104,82,S,100,,S,,66663,Matutino,2026-07-19 07:52:21,9,137075,"POINT (  576232.780201049,   6139299.20285683)",BV GRAL ARTIGAS 2256 EN 2258,1
2026-07-19,C_104,83,S,25,,S,,66663,Matutino,2026-07-19 07:52:26,9,137076,"POINT (  576232.605311068,   6139301.12664662)",BV GRAL ARTIGAS 2256 EN 2258,1
2026-07-19,C_104,84,S,25,,S,,66663,Matutino,2026-07-19 07:52:29,9,137092,"POINT (  576232.485730655,   6139303.61661426)",BV GRAL ARTIGAS 2256 EN 2258,1
2026-07-19,C_104,85,S,25,,S,,66663,Matutino,2026-07-19 07:57:08,9,134258,"POINT (  576214.178182230,   6139535.18481392)",BV GRAL ARTIGAS 2372 VEREDA. EN 2372.,1
2026-07-19,C_104,86,S,25,,S,,66663,Matutino,2026-07-19 07:57:42,9,134297,"POINT (  576211.573888477,   6139562.39811375)",BV GRAL ARTIGAS 2388 VEREDA,1
2026-07-19,C_104,87,S,100,,S,,66663,Matutino,2026-07-19 10:58:37,8,134210,"POINT (  576207.929147844,   6139617.15567942)",BV GRAL ARTIGAS 2412 VEREDA,1
2026-07-19,C_104,88,S,50,,S,,66663,Matutino,2026-07-19 08:04:57,9,134209,"POINT (  576207.775188077,   6139620.08091499)",BV GRAL ARTIGAS 2412 VEREDA,1
2026-07-19,C_104,89,S,50,,S,,66663,Matutino,2026-07-19 08:05:00,9,134269,"POINT (  576200.697132227,   6139708.08536999)",BV GRAL ARTIGAS 2440 VEREDA. PDO REBAJE,1
2026-07-19,C_104,90,S,50,,S,,66663,Matutino,2026-07-19 08:06:41,9,134261,"POINT (  576191.352313477,   6139805.97617624)",BV GRAL ARTIGAS 2456,1
2026-07-19,C_104,91,S,25,,S,,66663,Matutino,2026-07-19 08:06:46,9,134211,"POINT (  576189.360794727,   6139826.35094499)",BV GRAL ARTIGAS 2474,1
2026-07-19,C_104,92,S,75,,S,,66663,Matutino,2026-07-19 08:09:11,9,134270,"POINT (  576183.278625825,   6139871.97190034)",BV GRAL ARTIGAS 2474,1
2026-07-19,C_104,93,S,75,,S,,66663,Matutino,2026-07-19 09:14:35,36,182123,"POINT (  576274.443209784,   6140102.21703607)",QUIJOTE 2561 EN 2621,1
2026-07-19,C_104,94,S,75,,S,,66663,Matutino,2026-07-19 09:14:37,36,134214,"POINT (  576274.842907227,   6140094.44000749)",QUIJOTE 2561 SALIDA VIVIENDAS,1
2026-07-19,C_104,95,S,75,,S,,66663,Matutino,2026-07-19 09:14:42,36,134213,"POINT (  576276.068457227,   6140080.65256999)",QUIJOTE 2561 VEREDA. SALIDA VIVIENDAS,1
2026-07-19,C_104,96,S,50,,S,,66663,Matutino,2026-07-19 09:16:02,36,134212,"POINT (  576283.268563477,   6139986.13202624)",QUIJOTE 2526,1
2026-07-19,C_104,97,S,100,,S,,66663,Matutino,2026-07-19 09:18:03,36,134298,"POINT (  576291.387832227,   6139885.17734499)",QUIJOTE 2496 PDO REBAJE. ARBOL/ARBOL,1
2026-07-19,C_104,98,S,50,,S,,66663,Matutino,2026-07-19 09:18:36,36,134219,"POINT (  576297.995611445,   6139815.91773841)",QUIJOTE 2480 PARADA/COLUMNA,1
2026-07-19,C_104,99,S,75,,S,,66663,Matutino,2026-07-19 09:18:06,36,134266,"POINT (  576298.303530978,   6139811.45290517)",QUIJOTE 2480 PARADA/COLUMNA,1
2026-07-19,C_104,100,S,75,,S,,66663,Matutino,2026-07-19 09:20:54,36,134300,"POINT (  576378.086151977,   6139723.74533231)",MARTIN FIERRO 2518 VEREDA,1
2026-07-19,C_104,101,S,75,,S,,66663,Matutino,2026-07-19 09:23:40,36,176267,"POINT (  576440.963120668,   6139778.21576196)",MARTIN FIERRO Esq. CNEL LUCAS PIRIZ,1
2026-07-19,C_104,102,S,100,,S,,66663,Matutino,2026-07-19 09:22:29,36,134299,"POINT (  576442.525342564,   6139779.50625355)",MARTIN FIERRO Esq. CNEL LUCAS PIRIZ VEREDA. ARBOL/CARTEL,1
2026-07-19,C_104,103,S,100,,S,Basura Afuera,66663,Matutino,2026-07-19 09:24:23,36,172112,"POINT (  576447.336585278,   6139783.54769743)",MARTIN FIERRO 2580,1
2026-07-19,C_104,104,S,100,,S,Basura Afuera,66663,Matutino,2026-07-19 09:25:57,36,182302,"POINT (  576563.865997386,   6139879.44895556)",MARTIN FIERRO 2640 EN 2638,1
2026-07-19,C_103,1,S,50,,S,Basura Afuera,66663,Matutino,2026-07-19 10:20:03,36,180439,"POINT (  576029.706111281,   6140138.37859805)",COLORADO 2310 FTE 2303,2
2026-07-19,C_103,2,S,50,,S,Basura Afuera,66663,Matutino,2026-07-19 10:40:20,8,183016,"POINT (  576032.599528249,   6140138.56252881)",COLORADO 2310,2
2026-07-19,C_103,3,S,50,,S,,66663,Matutino,2026-07-19 10:51:32,8,134166,"POINT (  576132.576214705,   6140111.20617390)",BV GRAL ARTIGAS Esq. COLORADO VIVIENDAS,2
2026-07-19,C_103,4,S,50,,S,,66663,Matutino,2026-07-19 10:51:45,8,134165,"POINT (  576137.186673464,   6140055.16161735)",BV GRAL ARTIGAS 2445 VIVIENDAS,2
2026-07-19,C_103,5,S,75,,S,,66663,Matutino,2026-07-19 10:55:42,8,169132,"POINT (  576184.863361751,   6139468.35257479)",BV GRAL ARTIGAS 2339,2
2026-07-19,C_103,6,S,75,,S,,66663,Matutino,2026-07-19 10:57:40,8,179257,"POINT (  576187.614647930,   6139397.02735011)",BV GRAL ARTIGAS 2301 EN 2301,2
2026-07-19,C_103,7,S,75,,S,Basura Afuera,66663,Matutino,2026-07-19 09:31:00,36,176329,"POINT (  576073.753211044,   6139524.04851037)",DR DUVIMIOSO TERRA 2312,2
2026-07-19,C_103,8,S,25,,S,Basura Afuera,66663,Matutino,2026-07-19 09:32:30,36,165252,"POINT (  576072.983412210,   6139538.82864799)",DR DUVIMIOSO TERRA 2318 FTE 2323,2
2026-07-19,C_103,9,S,75,,S,,66663,Matutino,2026-07-19 09:34:44,36,134122,"POINT (  575954.261518932,   6139490.61665343)",DR JUAN J DE AMEZAGA 2245 EN 2243,2
2026-07-19,C_103,10,S,75,,S,,66663,Matutino,2026-07-19 09:36:24,36,139553,"POINT (  575914.857721605,   6139488.35205747)",DR JUAN J DE AMEZAGA 2227,2
2026-07-19,C_103,11,S,100,,S,Basura Afuera,66663,Matutino,2026-07-19 09:37:56,36,171712,"POINT (  575827.879463403,   6139483.63407157)",DR JUAN J DE AMEZAGA 2195,2
2026-07-19,C_103,12,S,50,,S,Basura Afuera,66663,Matutino,2026-07-19 09:39:31,36,170312,"POINT (  575708.607336036,   6139475.00173326)",DR JUAN J DE AMEZAGA 2149,2
2026-07-19,C_103,13,S,100,,S,Basura Afuera,66663,Matutino,2026-07-19 09:39:47,36,169112,"POINT (  575699.472681474,   6139472.65681965)",DR JUAN J DE AMEZAGA 2143 SUBESTACIÓN,2
2026-07-19,C_103,14,S,100,,S,,66663,Matutino,2026-07-19 09:45:08,36,134156,"POINT (  575601.253794402,   6139448.37283805)",DR JUAN J DE AMEZAGA 2097,2
2026-07-19,C_103,15,S,100,,S,,66663,Matutino,2026-07-19 09:47:27,36,137333,"POINT (  575547.343016030,   6139430.38778054)",DR JUAN J DE AMEZAGA 2071,2
2026-07-19,C_103,16,S,100,,S,,66663,Matutino,2026-07-19 09:49:34,36,134159,"POINT (  575477.450137458,   6139358.44788452)",DR MARTIN C MARTINEZ 2373,2
2026-07-19,C_103,17,S,75,,S,,66663,Matutino,2026-07-19 09:50:59,36,134160,"POINT (  575497.404823884,   6139331.82974148)",CAGANCHA 2054 ARBOL/ARBOL,2
2026-07-19,C_103,18,S,100,,S,,66663,Matutino,2026-07-19 09:51:57,36,134097,"POINT (  575605.099680788,   6139338.45001145)",CAGANCHA 2098,2
2026-07-19,C_103,19,S,50,,S,,66663,Matutino,2026-07-19 09:53:20,36,183018,"POINT (  575655.028787006,   6139343.94585141)",CAGANCHA 2110 EN 2110/2114,2
2026-07-19,C_103,20,S,100,,S,Basura Afuera,66663,Matutino,2026-07-19 09:54:33,36,134098,"POINT (  575717.490310580,   6139346.30195956)",CAGANCHA 2144 MURO,2
2026-07-19,C_103,21,S,100,,S,,66663,Matutino,2026-07-19 09:55:05,36,142873,"POINT (  575755.565955829,   6139347.77381508)",CAGANCHA 2156,2
2026-07-19,C_103,22,S,100,,S,Basura Afuera,66663,Matutino,2026-07-19 09:59:33,36,176511,"POINT (  575875.409760784,   6139356.36327255)",CAGANCHA 2202 ARBOL/ARBOL,2
2026-07-19,C_103,23,S,100,,S,Basura Afuera,66663,Matutino,2026-07-19 09:59:28,36,134095,"POINT (  575887.076993752,   6139356.92518347)",CAGANCHA 2210 EN 2212,2
2026-07-19,C_103,24,S,100,,S,,66663,Matutino,2026-07-19 10:03:29,36,134113,"POINT (  576034.955349800,   6139366.16276948)",CAGANCHA 2276 EN 2278,2
2026-07-19,C_103,25,S,100,,S,"Basura Afuera, Poda",66663,Matutino,2026-07-19 10:10:44,36,134130,"POINT (  576095.615497935,   6139369.85780389)",CAGANCHA 2304 PDO COLUMNA. MURO C/REJAS,2
2026-07-19,C_103,26,S,25,,S,,66663,Matutino,2026-07-19 10:10:33,36,134129,"POINT (  576172.980280771,   6139375.40035549)",CAGANCHA 2348,2
2026-07-19,C_103,27,S,50,,S,,66663,Matutino,2026-07-19 10:11:36,36,134162,"POINT (  576196.013254452,   6139327.28784249)",BV GRAL ARTIGAS 2275 VEREDA. EN 2277,2
2026-07-19,C_103,28,S,75,,S,,66663,Matutino,2026-07-19 10:12:54,36,180390,"POINT (  576189.143124801,   6139278.85415085)",COQUIMBO 2347 ESQ,2
2026-07-19,E_107,22,N,,Contenedor No Está,S,,66664,Matutino,2026-07-19 07:04:32,,162055,"POINT (  581703.596321317,   6140114.00359257)",IGUA 4801,0
2026-07-19,E_107,56,S,100,,S,,66664,Matutino,2026-07-19 06:57:10,,180875,"POINT (  581252.928977995,   6139805.73598693)",IGUA 4570,1
2026-07-19,E_107,57,S,100,,S,,66664,Matutino,2026-07-19 06:58:43,,180269,"POINT (  581385.945329825,   6139891.34707719)",IGUA 4610,1
2026-07-19,E_107,58,S,75,,S,,66664,Matutino,2026-07-19 07:01:55,,180007,"POINT (  581447.084818838,   6139931.93028758)",IGUA 4634 EN 4644,1
2026-07-19,E_107,59,S,100,,S,,66664,Matutino,2026-07-19 07:02:07,,105375,"POINT (  581457.833821130,   6139938.28330100)",IGUA 4644,1
2026-07-19,E_107,60,N,,Contenedor No Está,N,,66664,Matutino,2026-07-19 07:03:10,,179223,"POINT (  581601.860484181,   6140061.82453899)",RUFINO T DOMINGUEZ Esq. IGUA,1
2026-07-19,E_107,61,N,,No Levantado por Feria,S,,66664,Matutino,2026-07-19 08:52:32,,105378,"POINT (  581582.499137090,   6140253.69220415)",CALLE 9902 Esq. PLA A CIUDAD DE AZUL,1
2026-07-19,E_107,62,N,,No Levantado por Feria,S,,66664,Matutino,2026-07-19 08:52:41,,105329,"POINT (  581504.901338380,   6140279.98216874)",MYOR JUAN A DOBRICH 4726,1
2026-07-19,E_107,63,N,,No Levantado por Feria,S,,66664,Matutino,2026-07-19 08:52:49,,105379,"POINT (  581496.279360700,   6140199.98152380)",CIRC INT 2 4709,1
2026-07-19,E_107,64,N,,No Levantado por Feria,S,,66664,Matutino,2026-07-19 08:52:55,,184375,"POINT (  581497.353062309,   6140153.11604815)",CIUDAD DE AZUL 4715,1
2026-07-19,E_107,65,N,,No Levantado por Feria,N,,66664,Matutino,2026-07-19 08:53:17,,105330,"POINT (  581311.624490639,   6140066.43477925)",CIUDAD DE AZUL 4535,1
2026-07-19,E_107,66,N,,No Levantado por Feria,S,,66664,Matutino,2026-07-19 08:53:28,,105381,"POINT (  581254.237346018,   6140041.42809053)",CIUDAD DE AZUL 4507,1
2026-07-19,E_107,67,S,75,,S,,66664,Matutino,2026-07-19 08:53:41,,105310,"POINT (  581238.367716640,   6140079.89991933)",HIPOLITO YRIGOYEN 2166 FTE 2166,1
2026-07-19,E_107,68,S,100,,S,,66664,Matutino,2026-07-19 07:20:58,,105373,"POINT (  581252.461140750,   6140305.28272606)",ADOLFO PEDRALBES 2290,1
2026-07-19,E_107,69,S,75,,S,,66664,Matutino,2026-07-19 07:34:22,,184334,"POINT (  581365.203795643,   6140393.47560610)",LUIS CLUZEAU MORTET 4827,1
2026-07-19,E_107,70,S,50,,S,,66664,Matutino,2026-07-19 07:18:38,,105372,"POINT (  581312.105388499,   6140341.82895371)",RAMON RODRIGUEZ SOCAS 2591,1
2026-07-19,E_107,71,N,,Contenedor No Está,N,,66664,Matutino,2026-07-19 08:53:53,,105327,"POINT (  581269.305478963,   6140140.49304968)",MYOR JUAN A DOBRICH 4616,1
2026-07-19,E_107,72,N,,Contenedor No Está,N,,66664,Matutino,2026-07-19 08:54:09,,105345,"POINT (  581216.887612229,   6140198.52139145)",HIPOLITO YRIGOYEN 2299,1
2026-07-19,E_107,73,S,100,,S,Requiere Limpieza,66664,Matutino,2026-07-19 07:06:46,,182243,"POINT (  581404.795254643,   6140189.90359912)",CAP LUIS DUARTE 2141 PROV O (DESDE MYOR JUAN A DOBRICH 4592),1
2026-07-19,E_107,74,S,100,,S,Poda,66664,Matutino,2026-07-19 07:36:45,,105322,"POINT (  581318.517359964,   6140513.83008829)",DR JOSE CREMONESI 2309,1
2026-07-19,E_107,75,S,100,,S,Requiere Limpieza,66664,Matutino,2026-07-19 07:25:47,,181593,"POINT (  581064.644541205,   6140610.63817889)",ADOLFO PEDRALBES 2390,1
2026-07-19,E_107,76,S,100,,S,,66664,Matutino,2026-07-19 07:30:26,,181594,"POINT (  581206.651377289,   6140667.27554874)",DR JOSE CREMONESI Esq. DR MELITON ROMERO,1
2026-07-19,E_115,53,S,100,,S,,66664,Matutino,2026-07-19 07:57:30,,107363,"POINT (  586518.768692710,   6140874.81452473)",ANTONIO PENA 2494,2
2026-07-19,E_115,54,S,50,,S,,66664,Matutino,2026-07-19 07:57:38,,107362,"POINT (  586518.922652476,   6140878.35559937)",ANTONIO PENA 2494,2
2026-07-19,E_115,55,S,100,,S,Requiere Limpieza,66664,Matutino,2026-07-19 08:01:35,,107366,"POINT (  586397.294436674,   6140887.13130608)",DR RAUL E BAETHGEN 2481,2
2026-07-19,E_115,56,S,75,,S,,66664,Matutino,2026-07-19 08:01:52,,107369,"POINT (  586395.754839006,   6140882.66647284)",DR RAUL E BAETHGEN 2481,2
2026-07-19,E_115,57,S,75,,S,,66664,Matutino,2026-07-19 08:07:31,,107368,"POINT (  586391.635830310,   6140740.67800207)",DR RAUL E BAETHGEN 2401,2
2026-07-19,E_115,58,S,50,,S,,66664,Matutino,2026-07-19 08:09:22,,107367,"POINT (  586408.995378954,   6140580.75137007)",DR RAUL E BAETHGEN Esq. DR CESAR MIRANDA,2
2026-07-19,E_115,59,N,,Contenedor No Está,N,,66664,Matutino,2026-07-19 08:11:48,,107370,"POINT (  586420.148974250,   6140402.47423653)",DR RAUL E BAETHGEN 2268,2
2026-07-19,E_115,60,S,100,,S,,66664,Matutino,2026-07-19 08:11:40,,175394,"POINT (  586420.850281000,   6140397.84716707)",DR RAUL E BAETHGEN 2259,2
2026-07-19,E_115,61,S,100,,S,,66664,Matutino,2026-07-19 08:14:38,,180027,"POINT (  586605.075843355,   6140259.02265795)",DR ALFREDO GIRIBALDI ODDO 2237,2
2026-07-19,E_115,62,S,100,,S,Requiere Limpieza,66664,Matutino,2026-07-19 08:19:41,,177438,"POINT (  586108.522165795,   6140210.57449848)",SANTA MONICA 2202 ESQ. FTE MURO GRIS,2
2026-07-19,E_115,63,S,100,,S,,66664,Matutino,2026-07-19 08:19:50,,179000,"POINT (  586106.753281385,   6140220.86102951)",SANTA MONICA 2202 2207 FTE,2
2026-07-19,E_115,64,S,100,,S,,66664,Matutino,2026-07-19 08:21:23,,107378,"POINT (  586188.678952607,   6140388.60958106)",DR ALBERTO GUANI 2272,2
2026-07-19,E_115,65,N,,Contenedor No Está,S,,66664,Matutino,2026-07-19 08:22:28,,107377,"POINT (  586180.089337540,   6140488.64181045)",DR ALBERTO GUANI 2324,2
2026-07-19,E_115,66,S,75,,S,,66664,Matutino,2026-07-19 08:49:13,,107376,"POINT (  586282.406103070,   6140535.21208867)",ING ALVARO CORREA MORENO 2341,2
2026-07-19,E_115,67,S,75,,S,,66664,Matutino,2026-07-19 08:50:52,,107375,"POINT (  586292.258273010,   6140411.37801505)",ING ALVARO CORREA MORENO 2281,2
2026-07-19,E_115,68,S,100,,S,,66664,Matutino,2026-07-19 08:24:10,,107374,"POINT (  586286.113860010,   6140661.99920579)",ING ALVARO CORREA MORENO 2360,2
2026-07-19,E_115,69,S,50,,S,,66664,Matutino,2026-07-19 08:25:09,,182263,"POINT (  586272.569355991,   6140809.14288170)",ING ALVARO CORREA MORENO 2434,2
2026-07-19,E_115,70,S,50,,S,,66664,Matutino,2026-07-19 08:25:16,,107381,"POINT (  586272.125146234,   6140813.38457777)",ING ALVARO CORREA MORENO 2434,2
2026-07-19,E_115,71,S,75,,S,,66664,Matutino,2026-07-19 08:27:44,,107380,"POINT (  586297.990387062,   6140921.46433409)",ING ALVARO CORREA MORENO 2490,2
2026-07-19,E_115,72,S,50,,S,,66664,Matutino,2026-07-19 08:31:41,,107923,"POINT (  586144.507721246,   6140993.78618999)",ARQ HORACIO ACOSTA Y LARA Esq. AVENIR ROSELL,2
2026-07-19,E_115,73,S,50,,S,,66664,Matutino,2026-07-19 08:32:13,,107922,"POINT (  586142.584129806,   6140989.13751068)",ARQ HORACIO ACOSTA Y LARA Esq. AVENIR ROSELL,2
2026-07-19,E_115,74,S,100,,S,Requiere Limpieza,66664,Matutino,2026-07-19 08:36:13,,147896,"POINT (  586091.448657365,   6140878.21040432)",AVENIR ROSELL 2420,2
2026-07-19,E_115,75,S,100,,S,,66664,Matutino,2026-07-19 08:40:31,,147893,"POINT (  586088.322821275,   6140872.68007893)",AVENIR ROSELL 2420,2
2026-07-19,E_115,76,S,25,,S,,66664,Matutino,2026-07-19 08:40:50,,107921,"POINT (  586085.677883045,   6140867.63065140)",AVENIR ROSELL 2420,2
2026-07-19,E_115,77,S,100,,S,,66664,Matutino,2026-07-19 08:45:16,,107920,"POINT (  586082.471897312,   6140862.26062529)",AVENIR ROSELL 2420,2
2026-07-19,E_114,12,S,100,,S,,66664,Matutino,2026-07-19 09:46:05,,180714,"POINT (  585919.307800000,   6139085.65050000)",DIVINA COMEDIA 1740 FTE. 1666,3
2026-07-19,E_114,13,S,25,,S,,66664,Matutino,2026-07-19 09:47:00,,182017,"POINT (  585958.990164164,   6138994.34888089)",DIVINA COMEDIA 1671,3
2026-07-19,E_114,14,S,25,,S,,66664,Matutino,2026-07-19 09:47:55,,160912,"POINT (  586027.019262963,   6138823.81859390)",DIVINA COMEDIA 1635,3
2026-07-19,E_114,15,S,100,,S,,66664,Matutino,2026-07-19 09:50:32,,107161,"POINT (  586141.611371751,   6138718.71531865)",CARLOS F SAEZ 6421,3
2026-07-19,E_114,51,N,,Contenedor No Está,S,,66664,Matutino,2026-07-19 09:59:43,,184090,"POINT (  585735.440185621,   6138229.09204967)",AV BOLIVIA 1289,4
2026-07-19,E_114,52,S,100,,S,,66664,Matutino,2026-07-19 09:58:44,,184096,"POINT (  585737.053849626,   6138228.65738170)",AV BOLIVIA 1289,4
2026-07-19,E_114,53,S,25,,S,,66664,Matutino,2026-07-19 10:00:53,,107174,"POINT (  585810.367368360,   6138340.97147053)",YAMANDU RODRIGUEZ 1258,4
2026-07-19,E_114,54,S,25,,S,,66664,Matutino,2026-07-19 10:01:59,,147632,"POINT (  585663.057557317,   6138407.62200313)",YAMANDU RODRIGUEZ 1320,4
2026-07-19,E_114,55,S,100,,S,,66664,Matutino,2026-07-19 10:04:49,,107197,"POINT (  585339.305321030,   6138103.54150430)",SAN NICOLAS 1362,4
2026-07-19,E_114,56,S,50,,S,,66664,Matutino,2026-07-19 10:46:48,,183799,"POINT (  585346.973366667,   6138334.32610268)",SAN NICOLAS 1425,4
2026-07-19,E_114,57,S,75,,S,,66664,Matutino,2026-07-19 10:06:45,,107198,"POINT (  585325.750853550,   6138253.19849756)",DR PEDRO LARGHERO 6347,4
2026-07-19,E_114,58,S,25,,S,,66664,Matutino,2026-07-19 10:07:35,,107199,"POINT (  585208.225008440,   6138256.76608215)",DR PEDRO LARGHERO 6295,4
2026-07-19,E_114,59,S,50,,S,,66664,Matutino,2026-07-19 10:08:38,,107129,"POINT (  585090.289041720,   6138260.74804176)",DR PEDRO LARGHERO 6245,4
2026-07-19,E_114,60,S,25,,S,,66664,Matutino,2026-07-19 10:09:59,,118892,"POINT (  584949.925655538,   6138265.85547650)",DR PEDRO LARGHERO 6189 FTE 6196,4
2026-07-19,E_114,61,S,25,,S,,66664,Matutino,2026-07-19 10:10:52,,108872,"POINT (  584860.572681778,   6138267.98990593)",DR PEDRO LARGHERO 6153,4
2026-07-19,E_114,62,S,25,,S,,66664,Matutino,2026-07-19 10:11:37,,107195,"POINT (  584851.897460340,   6138153.24828806)",LUCERNA 6160,4
2026-07-19,E_114,63,S,25,,S,,66664,Matutino,2026-07-19 10:12:59,,107196,"POINT (  585088.932652360,   6138106.84103301)",LUCERNA 6244,4
2026-07-19,E_114,64,S,25,,S,,66664,Matutino,2026-07-19 10:14:10,,107128,"POINT (  585197.310956800,   6138086.01854013)",LUCERNA 6292,4
2026-07-19,E_114,65,S,25,,S,,66664,Matutino,2026-07-19 10:15:11,,184095,"POINT (  585251.848271064,   6138077.58881904)",LUCERNA 6311,4
2026-07-19,E_114,66,S,100,,S,,66664,Matutino,2026-07-19 10:15:47,,184094,"POINT (  585329.359515442,   6138061.24698996)",LUCERNA Esq. SAN NICOLAS,4
2026-07-19,E_114,67,S,100,,S,,66664,Matutino,2026-07-19 10:22:22,,184097,"POINT (  585337.715374363,   6137926.25041230)",SAN NICOLAS 1318,4
2026-07-19,E_114,68,S,100,,S,,66664,Matutino,2026-07-19 10:40:15,,184099,"POINT (  585273.547458321,   6137895.36585458)",SIRIA 6318,4
2026-07-19,E_114,69,S,100,,S,,66664,Matutino,2026-07-19 10:41:14,,184098,"POINT (  585271.598432834,   6137895.51577961)",SIRIA 6318,4
2026-07-19,E_114,70,S,100,,S,,66664,Matutino,2026-07-19 10:41:42,,184100,"POINT (  585152.419368366,   6137950.19407241)",SIRIA 6266,4
2026-07-19,E_114,71,S,100,,S,,66664,Matutino,2026-07-19 10:43:14,,184101,"POINT (  585054.466762969,   6137993.97292609)",SIRIA 6232,4
2026-07-19,E_114,72,S,75,,S,,66664,Matutino,2026-07-19 10:38:33,,184102,"POINT (  584969.118627436,   6138056.16145068)",BEYROUTH 1305,4
2026-07-19,E_114,73,S,75,,S,,66664,Matutino,2026-07-19 10:38:50,,184103,"POINT (  584968.968702399,   6138054.21242519)",BEYROUTH 1305,4
2026-07-19,E_114,74,S,100,,S,,66664,Matutino,2026-07-19 10:29:16,,107140,"POINT (  584960.633817480,   6137871.93493368)",BEYROUTH 1253,4
2026-07-19,E_114,75,S,100,,S,,66664,Matutino,2026-07-19 10:30:26,,107132,"POINT (  584833.722058650,   6137934.09681947)",LIBANO 1260,4
2026-07-19,E_114,76,S,100,,S,,66664,Matutino,2026-07-19 10:31:59,,107141,"POINT (  584835.566688360,   6138021.43623549)",LIBANO 1296,4
2026-07-19,E_114,77,S,100,,S,,66664,Matutino,2026-07-19 10:32:59,,107120,"POINT (  584702.644783870,   6138105.38930088)",AV SAN MARINO 1326,4
2026-07-19,E_114,78,S,75,,S,,66664,Matutino,2026-07-19 10:34:34,,107121,"POINT (  584726.997148020,   6138209.62278924)",LUCERNA 6106,4
2026-07-19,A_112,72,S,100,,S,"Basura Afuera, Requiere Limpieza",66673,Matutino,2026-07-19 09:18:35,34,182880,"POINT (  566579.533849349,   6143251.20051882)",JUAN DE HERRERA 2410 ANTES 2410. MURO,0
2026-07-19,A_112,73,S,75,,S,"Basura Afuera, Requiere Limpieza",66673,Matutino,2026-07-19 09:18:39,34,182879,"POINT (  566297.587234477,   6143231.35676880)",JUAN DE HERRERA 2544 VEREDA,0
2026-07-19,A_112,74,S,75,,S,"Basura Afuera, Requiere Limpieza",66673,Matutino,2026-07-19 09:18:43,34,182878,"POINT (  566112.378900954,   6143217.30077920)",JUAN DE HERRERA 2582,0
2026-07-19,A_112,75,S,75,,S,"Basura Afuera, Requiere Limpieza",66673,Matutino,2026-07-19 09:18:47,34,182877,"POINT (  566001.584630007,   6143207.37890419)",JUAN DE HERRERA 2610 FTE 2551. BALDIO,0
2026-07-19,A_112,76,S,100,,S,"Basura Afuera, Requiere Limpieza",66673,Matutino,2026-07-19 09:18:52,34,183070,"POINT (  565870.579705629,   6143195.76893082)",JUAN DE HERRERA Esq. LOS NOGALES,0
2026-07-19,A_112,77,S,100,,S,"Basura Afuera, Dos Ciclos, Requiere Limpieza",66673,Matutino,2026-07-19 09:18:58,34,182899,"POINT (  565791.054844635,   6143176.99316197)",2 LOS CIPRESES Esq. JUAN DE HERRERA MURO,0
2026-07-19,A_112,78,S,75,,S,"Basura Afuera, Requiere Limpieza",66673,Matutino,2026-07-19 09:21:24,34,183071,"POINT (  565793.820439216,   6143126.69853268)",2 LOS CIPRESES Esq. PSJE LAS PITANGAS,0
2026-07-19,A_112,79,S,100,,S,"Basura Afuera, Dos Ciclos, Requiere Limpieza",66673,Matutino,2026-07-19 09:21:20,34,182902,"POINT (  565798.909662351,   6142993.02506282)",RUTA NAL 1 BRIG GRAL MANUEL ORIBE 2560,0
2026-07-19,A_112,80,S,100,,S,"Basura Afuera, Requiere Limpieza",66673,Matutino,2026-07-19 09:21:33,34,154112,"POINT (  565017.621639700,   6143303.00686909)",CNO TOMKINSON 3259 3245/3259,0
2026-07-19,A_112,81,S,75,,S,,66673,Matutino,2026-07-19 09:17:39,34,182894,"POINT (  565282.662103234,   6143535.62760244)",CNO MANUEL M FLORES 6385 ANTES 6385. ANTES REBAJE,0
2026-07-19,A_112,82,S,75,,S,,66673,Matutino,2026-07-19 09:17:43,34,182895,"POINT (  565390.975905428,   6143435.58202942)",CNO MANUEL M FLORES 6279,0
2026-07-19,A_112,83,S,100,,S,,66673,Matutino,2026-07-19 09:17:49,34,182888,"POINT (  565455.468092994,   6143281.79296677)",LA SELVA 3058 MURO PDO COLUMNA,0
2026-07-19,A_112,84,S,75,,S,,66673,Matutino,2026-07-19 09:17:53,34,182890,"POINT (  565376.093092913,   6143267.73697717)",LA SELVA 3096 EN 3096/3102,0
2026-07-19,A_112,85,S,100,,S,"Basura Afuera, Requiere Limpieza",66673,Matutino,2026-07-19 09:17:59,34,182891,"POINT (  565144.996087469,   6143228.04947713)",LA SELVA 3240 VEREDA. MURO,0
2026-07-19,A_112,86,S,75,,S,,66673,Matutino,2026-07-19 09:18:04,34,182892,"POINT (  565158.638665608,   6143309.07812304)",LOS ROBLES Esq. LOS PINOS VEREDA. FTE 3206,0
2026-07-19,A_112,87,S,100,,S,"Basura Afuera, Requiere Limpieza",66673,Matutino,2026-07-19 09:18:10,34,182893,"POINT (  565298.371738667,   6143396.72135230)",LOS DURAZNEROS 6304 FTE 3604,0
2026-07-19,A_112,88,S,75,,S,"Basura Afuera, Requiere Limpieza",66673,Matutino,2026-07-19 09:18:17,34,160392,"POINT (  565431.484748520,   6143182.36630597)",COSTANERA PARQUE TOMKINSON Esq. PSJE E Por orden de jefatura se pusieron para atender dos Asentamientos,0
2026-07-19,A_112,89,S,100,,S,"Basura Afuera, Requiere Limpieza",66673,Matutino,2026-07-19 09:18:22,34,160393,"POINT (  565423.694486348,   6143117.04795391)",COSTANERA PARQUE TOMKINSON Esq. PSJE E Por orden de jefatura se pusieron para atender dos Asentamientos,0
2026-07-19,A_112,90,S,75,,S,,66673,Matutino,2026-07-19 09:22:02,34,182896,"POINT (  565538.977207662,   6143440.54296693)",LOS CIPRESES 6207 FTE 6207,0
2026-07-19,A_112,91,S,75,,S,"Basura Afuera, Dos Ciclos, Requiere Limpieza",66673,Matutino,2026-07-19 09:21:57,34,182897,"POINT (  565509.211582632,   6143471.13541487)",LOS CIPRESES 6232 CASA C/RETIRO. PDO COLUMNA,0
2026-07-19,A_112,92,S,100,,S,"Basura Afuera, Dos Ciclos, Requiere Limpieza",66673,Matutino,2026-07-19 09:21:51,34,182898,"POINT (  565336.405592872,   6143630.71223795)",LOS CIPRESES Esq. CNO TOMKINSON FTE. CERCO VEGETAL,0
2026-07-19,A_112,93,S,75,,S,"Basura Afuera, Dos Ciclos, Requiere Limpieza",66673,Matutino,2026-07-19 09:22:11,34,182900,"POINT (  565437.277988809,   6143640.63411297)",LAS ARAUCARIAS 6359 MURO,0
2026-07-19,A_112,94,S,100,,S,,66673,Matutino,2026-07-19 09:22:07,34,182901,"POINT (  565592.720697301,   6143488.49869614)",LAS ARAUCARIAS Esq. COSTANERA PARQUE TOMKINSON TEJIDO,0
2026-07-19,A_112,95,S,75,,S,,66673,Matutino,2026-07-19 09:22:16,34,182903,"POINT (  565591.067051465,   6143635.67317546)",CHACRA NUEVA 6260 FTE 6277,0
2026-07-19,A_112,96,S,75,,S,,66673,Matutino,2026-07-19 09:22:22,34,182904,"POINT (  565480.272780519,   6143747.29426932)",CHACRA NUEVA 6340 PDO 6340. REJAS,0
2026-07-19,A_112,97,S,75,,S,,66673,Matutino,2026-07-19 09:22:56,34,182905,"POINT (  565850.689447563,   6144117.71093637)",LOS PLATANOS 6337 ANTES COLUMNA,0
2026-07-19,A_112,98,S,100,,S,,66673,Matutino,2026-07-19 09:22:50,34,182906,"POINT (  565999.517572715,   6144038.33593629)",DR CESAR CARLOS BIANCO 2797,0
2026-07-19,A_112,99,S,75,,S,"Basura Afuera, Dos Ciclos, Requiere Limpieza",66673,Matutino,2026-07-19 09:22:43,34,182907,"POINT (  566151.239578078,   6144195.84570207)",DR CESAR CARLOS BIANCO 2683,0
2026-07-19,A_112,100,S,100,,S,,66673,Matutino,2026-07-19 09:22:46,34,182908,"POINT (  566318.257807415,   6144366.58463454)",DR CESAR CARLOS BIANCO 2553 FTE 2556,0
2026-07-19,A_112,101,S,100,,S,"Basura Afuera, Dos Ciclos",66673,Matutino,2026-07-19 09:22:38,34,182909,"POINT (  566255.419265685,   6144078.85025924)",COSTANERA PARQUE TOMKINSON 2676,0
2026-07-19,A_112,102,S,75,,S,,66673,Matutino,2026-07-19 09:21:01,34,182926,"POINT (  566400.319981973,   6144032.85823444)",PSJE LAS ACHIRAS Esq. LOS NOGALES CASA,0
2026-07-19,A_112,103,S,75,,S,,66673,Matutino,2026-07-19 09:21:05,34,182925,"POINT (  566325.079096480,   6143964.23193229)",LOS NOGALES 2358 ANTES DE 2376. MURO,0
2026-07-19,A_112,104,S,100,,S,,66673,Matutino,2026-07-19 09:20:43,34,182923,"POINT (  566268.855138090,   6143807.13557796)",FRANCISCO DE VITORIA 6081 ANTES DE 6081,0
2026-07-19,A_112,105,S,75,,S,,66673,Matutino,2026-07-19 09:20:35,34,182924,"POINT (  566376.342117366,   6143697.99495285)",FRANCISCO DE VITORIA 5991 FTE 5992,0
2026-07-19,A_112,106,S,75,,S,,66673,Matutino,2026-07-19 09:20:55,34,182921,"POINT (  566457.164057553,   6143763.83072766)",FRANCISCO DE QUEVEDO 6029 FTE 2391,0
2026-07-19,A_112,107,S,50,,S,,66673,Matutino,2026-07-19 09:22:33,34,183118,"POINT (  566337.119233116,   6143896.39282418)",FRANCISCO DE QUEVEDO 6128,0
2026-07-19,A_110,1,S,100,,S,"Basura Afuera, Dos Ciclos, Requiere Limpieza",66673,Matutino,2026-07-19 09:36:30,34,181918,"POINT (  568813.695132836,   6143619.83241791)",YUGOESLAVIA 258,1
2026-07-19,A_110,2,S,75,,S,"Basura Afuera, Requiere Limpieza",66673,Matutino,2026-07-19 09:36:35,34,101696,"POINT (  568822.252251800,   6143630.14583454)",YUGOESLAVIA 258,1
2026-07-19,A_110,3,S,75,,S,"Basura Afuera, Dos Ciclos, Requiere Limpieza",66673,Matutino,2026-07-19 09:36:40,34,181919,"POINT (  568985.187670149,   6143862.51898507)",YUGOESLAVIA 388,1
2026-07-19,A_110,4,S,75,,S,"Basura Afuera, Dos Ciclos, Requiere Limpieza",66673,Matutino,2026-07-19 09:36:45,34,101691,"POINT (  568992.440788520,   6143871.63207163)",YUGOESLAVIA 390,1
2026-07-19,A_110,5,S,75,,N,,66673,Matutino,2026-07-19 09:36:50,34,101636,"POINT (  569020.589491000,   6143911.63285937)",YUGOESLAVIA 408,1
2026-07-19,A_110,6,S,75,,S,"Basura Afuera, Requiere Limpieza",66673,Matutino,2026-07-19 11:00:41,34,101692,"POINT (  569079.109161950,   6143990.15292419)",YUGOESLAVIA 452,1
2026-07-19,A_110,7,S,75,,S,,66673,Matutino,2026-07-19 11:00:50,34,121532,"POINT (  569129.457590288,   6144054.25942240)",YUGOESLAVIA 512 EN ESQ,1
2026-07-19,A_110,8,N,,Contenedor No Está,N,,66673,Matutino,2026-07-19 11:00:57,,101695,"POINT (  569297.238811430,   6144264.91344103)",YUGOESLAVIA 660,1
2026-07-19,A_110,9,S,100,,S,"Basura Afuera, Dos Ciclos, Requiere Limpieza",66673,Matutino,2026-07-19 11:01:02,34,101697,"POINT (  569384.102581930,   6144149.40403056)",TURUBI 655,1
2026-07-19,A_110,10,S,100,,S,"Basura Afuera, Requiere Limpieza",66673,Matutino,2026-07-19 11:01:20,34,181373,"POINT (  569343.790520343,   6144122.93642899)",SANTA LUCIA 5360,1
2026-07-19,A_110,11,N,,Contenedor No Está,N,,66673,Matutino,2026-07-19 11:01:36,,101689,"POINT (  569263.804157190,   6144151.88450424)",HONOR 575,1
2026-07-19,A_110,12,N,,Contenedor No Está,N,,66673,Matutino,2026-07-19 11:01:42,,101687,"POINT (  569209.729018210,   6144079.53740049)",HONOR 544,1
2026-07-19,A_110,13,S,75,,S,"Basura Afuera, Dos Ciclos",66673,Matutino,2026-07-19 11:01:58,34,101635,"POINT (  569196.218791850,   6143983.07583704)",JULIAN LAGUNA 5381,1
2026-07-19,A_110,14,S,75,,S,Basura Afuera,66673,Matutino,2026-07-19 11:02:34,34,101688,"POINT (  569265.532586290,   6143954.47320920)",TURUBI Esq. JULIAN LAGUNA,1
2026-07-19,A_110,15,S,75,,S,"Basura Afuera, Requiere Limpieza",66673,Matutino,2026-07-19 11:03:03,34,181376,"POINT (  569330.859066352,   6143973.92628992)",JOSE LLUPES 5335,1
2026-07-19,A_110,16,S,100,,S,"Basura Afuera, Requiere Limpieza",66673,Matutino,2026-07-19 11:03:41,34,156412,"POINT (  569401.037072436,   6143981.23753506)",BOQUERON Esq. JOSE LLUPES,1
2026-07-19,A_110,17,S,75,,S,"Basura Afuera, Requiere Limpieza",66673,Matutino,2026-07-19 11:03:17,34,181377,"POINT (  569244.516742778,   6144021.27530608)",JOSE LLUPES 5369,1
2026-07-19,A_110,18,N,,No Levantado por Feria,S,,66673,Matutino,2026-07-19 11:03:29,,101682,"POINT (  569217.877326820,   6143895.95353824)",TURUBI 491,1
2026-07-19,A_110,19,N,,No Levantado por Feria,S,,66673,Matutino,2026-07-19 11:03:34,,180312,"POINT (  569196.968362002,   6143829.66824073)",TURUBI 431,1
2026-07-19,A_110,20,S,75,,S,,66673,Matutino,2026-07-19 09:37:02,34,101680,"POINT (  569156.245566400,   6143747.54919739)",TURUBI 379 EN 361,1
2026-07-19,A_110,21,S,75,,S,,66673,Matutino,2026-07-19 09:37:39,34,101681,"POINT (  569079.356080390,   6143640.14603147)",TURUBI 327,1
2026-07-19,A_110,22,N,,Fuego,S,,66673,Matutino,2026-07-19 09:37:47,,101678,"POINT (  568984.786316790,   6143509.52617521)",TURUBI 207,1
2026-07-19,A_110,23,,,,S,,66673,Matutino,,,183060,"POINT (  569031.794564034,   6143429.69118745)",AV LUIS BATLLE BERRES Esq. PSJE MOIRONES,1
2026-07-19,A_110,24,,,,S,,66673,Matutino,,,183061,"POINT (  569033.769176164,   6143428.70388138)",AV LUIS BATLLE BERRES Esq. PSJE MOIRONES,1
2026-07-19,A_110,25,,,,N,,66673,Matutino,,,101677,"POINT (  569093.800808810,   6143432.85799883)",TRES CRUCES 266,1
2026-07-19,A_110,26,,,,S,,66673,Matutino,,,101676,"POINT (  569186.148306430,   6143564.46552886)",TRES CRUCES 352 EN 330. BALDIO,1
2026-07-19,A_110,27,,,,S,,66673,Matutino,,,101672,"POINT (  569189.605164630,   6143568.16930550)",TRES CRUCES 352,1
2026-07-19,A_110,28,,,,S,,66673,Matutino,,,144552,"POINT (  569256.781210580,   6143662.21506212)",TRES CRUCES 388 396,1
2026-07-19,A_110,29,,,,N,,66673,Matutino,,,101674,"POINT (  569342.200762310,   6143758.54342494)",TRES CRUCES 444,1
2026-07-19,A_110,30,,,,S,,66673,Matutino,,,101675,"POINT (  569426.352880442,   6143850.77905883)",FARAMIÑAN Esq. JULIAN LAGUNA MURO,1
2026-07-19,A_110,31,S,75,,S,"Basura Afuera, Requiere Limpieza",66673,Matutino,2026-07-19 11:02:23,34,101664,"POINT (  569375.170904060,   6143956.88298450)",BOQUERON 541,1
2026-07-19,A_110,32,S,75,,S,"Basura Afuera, Dos Ciclos, Requiere Limpieza",66673,Matutino,2026-07-19 11:02:17,34,101665,"POINT (  569348.288108860,   6143877.86953686)",JULIAN LAGUNA 5277,1
2026-07-19,A_110,33,S,75,,S,"Basura Afuera, Dos Ciclos, Requiere Limpieza",66673,Matutino,2026-07-19 10:59:28,34,101666,"POINT (  569474.225707210,   6143791.20749321)",JULIAN LAGUNA 5179,1
2026-07-19,A_110,34,S,75,,S,"Basura Afuera, Dos Ciclos, Requiere Limpieza",66673,Matutino,2026-07-19 10:59:34,34,101667,"POINT (  569535.291745960,   6143854.31175401)",CALAGUADA Esq. JOSE LLUPES,1
2026-07-19,A_110,35,N,,Contenedor No Está,N,,66673,Matutino,2026-07-19 10:59:47,,101669,"POINT (  569589.690798250,   6143933.23353470)",CALAGUADA Esq. SANTA LUCIA,1
2026-07-19,A_110,36,S,75,,S,"Basura Afuera, Dos Ciclos, Requiere Limpieza",66673,Matutino,2026-07-19 10:59:55,34,101634,"POINT (  569547.044129840,   6144011.64104177)",FARAMIÑAN 612 EN 110,1
2026-07-19,A_110,37,S,75,,S,"Basura Afuera, Requiere Limpieza",66673,Matutino,2026-07-19 11:00:09,34,155552,"POINT (  569703.494198183,   6143947.62876291)",TRIUNFO 633 MURO,1
2026-07-19,A_110,38,S,75,,S,"Basura Afuera, Requiere Limpieza",66673,Matutino,2026-07-19 11:00:05,34,101663,"POINT (  569643.136874130,   6143853.49310757)",TRIUNFO 571,1
2026-07-19,A_110,39,S,75,,S,"Basura Afuera, Requiere Limpieza",66673,Matutino,2026-07-19 11:00:15,34,101659,"POINT (  569609.830800140,   6143804.44385635)",TRIUNFO Esq. JOSE LLUPES BLOCK B,1
2026-07-19,A_110,40,S,75,,S,"Basura Afuera, Requiere Limpieza",66673,Matutino,2026-07-19 11:00:19,34,101660,"POINT (  569569.043715070,   6143746.81746187)",TRIUNFO 508,1
2026-07-19,A_110,41,,,,S,,66673,Matutino,,,101661,"POINT (  569533.030973610,   6143672.26243296)",TRIUNFO 453,1
2026-07-19,A_110,42,,,,S,,66673,Matutino,,,101662,"POINT (  569488.862717140,   6143583.00445910)",TRIUNFO 412,1
2026-07-19,A_110,43,,,,S,,66673,Matutino,,,101645,"POINT (  569276.886614860,   6143276.92166518)",AV LUIS BATLLE BERRES 5104,1
2026-07-19,A_110,44,,,,S,,66673,Matutino,,,101657,"POINT (  569205.105820000,   6143325.51200883)",AV LUIS BATLLE BERRES 5154,1
2026-07-19,A_110,45,,,,S,,66673,Matutino,,,101656,"POINT (  569192.810831640,   6143428.45859167)",CORDOBES 284 EN 292,1
2026-07-19,A_110,46,,,,S,,66673,Matutino,,,101668,"POINT (  569269.830455930,   6143540.74205858)",CORDOBES 344,1
2026-07-19,A_110,47,,,,S,,66673,Matutino,,,101658,"POINT (  569345.008983510,   6143642.02879117)",CORDOBES Esq. CARLOS DE LA VEGA,1
2026-07-19,A_110,48,,,,S,,66673,Matutino,,,101632,"POINT (  569375.795283810,   6143557.70894816)",COTAGAITA 373,1
2026-07-19,A_110,49,,,,S,,66673,Matutino,,,101646,"POINT (  569288.879748640,   6143433.48872633)",COTAGAITA 313,1
2026-07-19,A_110,50,,,,S,,66673,Matutino,,,101653,"POINT (  569361.779608430,   6143366.62026677)",CAÑAS Esq. PIRATAS,1
2026-07-19,A_110,51,,,,S,,66673,Matutino,,,153252,"POINT (  569480.000638682,   6143543.66942175)",CAÑAS 392 EN 398,1
2026-07-19,A_110,52,,,,S,,66673,Matutino,,,113572,"POINT (  569519.987780575,   6143527.72571353)",CARLOS DE LA VEGA 4985,1
2026-07-19,A_110,53,,,,N,,66673,Matutino,,,101644,"POINT (  569651.444219220,   6143441.37665278)",CARLOS DE LA VEGA 4975,1
2026-07-19,A_110,54,,,,S,,66673,Matutino,,,101643,"POINT (  569660.351796330,   6143356.47304557)",FERREIRA Y ARTIGAS 389,1
2026-07-19,A_110,55,,,,S,,66673,Matutino,,,101652,"POINT (  569589.666268600,   6143251.15388565)",FERREIRA Y ARTIGAS 315,1
2026-07-19,A_110,56,,,,S,,66673,Matutino,,,101649,"POINT (  569472.627041470,   6143298.33800030)",AGUEDA SUSVIELA DE RODRIGUEZ 260,1
2026-07-19,A_110,57,,,,S,,66673,Matutino,,,101641,"POINT (  569547.057191680,   6143416.09668920)",AGUEDA SUSVIELA DE RODRIGUEZ 316,1
2026-07-19,A_110,58,,,,S,,66673,Matutino,,,101642,"POINT (  569697.723394450,   6143543.62982951)",JOSE PRAT 4890,1
2026-07-19,A_110,59,,,,S,,66673,Matutino,,,101651,"POINT (  569603.759485390,   6143609.09811869)",JOSE PRAT 4948 EN 4950. VIVIENDAS,1
2026-07-19,A_110,60,,,,S,,66673,Matutino,,,101647,"POINT (  569700.376951492,   6143775.50960139)",JOAQUIN POSE 560,1
2026-07-19,A_110,61,,,,S,,66673,Matutino,,,101638,"POINT (  569762.300626800,   6143861.65920605)",JOAQUIN POSE 610,1
2026-07-19,A_110,62,,,,S,,66673,Matutino,,,101639,"POINT (  569835.656704210,   6143964.85070619)",JOAQUIN POSE 698,1
2026-07-19,A_110,63,,,,S,,66673,Matutino,,,176254,"POINT (  569862.621545316,   6143812.09860915)",LASCANO 619,1
2026-07-19,A_110,64,,,,S,,66673,Matutino,,,101725,"POINT (  569999.362488900,   6143695.67898033)",FRAY ANTONIO ALDAO 608,1
2026-07-19,A_110,65,,,,S,,66673,Matutino,,,101648,"POINT (  569732.428156480,   6143636.14928271)",LASCANO Esq. JULIAN LAGUNA,1
2026-07-19,A_110,66,,,,S,,66673,Matutino,,,181374,"POINT (  569764.162247789,   6143513.16863694)",FERREIRA Y ARTIGAS 455,1
2026-07-19,A_110,67,,,,S,,66673,Matutino,,,181375,"POINT (  569711.640650039,   6143433.98834942)",FERREIRA Y ARTIGAS 417,1
2026-07-19,A_110,68,,,,S,,66673,Matutino,,,101723,"POINT (  569510.871896530,   6143128.81762708)",FERREIRA Y ARTIGAS 261,1
2026-07-19,A_110,69,,,,S,,66673,Matutino,,,101717,"POINT (  569443.371638000,   6143144.84457949)",CIRC INT SIN DENOM Esq. AV LUIS BATLLE BERRES,1
2026-07-19,A_110,70,,,,S,,66673,Matutino,,,101718,"POINT (  569421.096572810,   6143157.77590096)",CIRC INT SIN DENOM Esq. AV LUIS BATLLE BERRES,1
2026-07-19,A_110,71,,,,S,,66673,Matutino,,,101719,"POINT (  569398.335761280,   6143172.96308593)",CIRC INT SIN DENOM Esq. AV LUIS BATLLE BERRES,1
2026-07-19,A_110,72,,,,S,,66673,Matutino,,,101720,"POINT (  569379.324572280,   6143185.36913198)",AV LUIS BATLLE BERRES Esq. CIRC INT SIN DENOM,1
2026-07-19,A_110,73,,,,S,,66673,Matutino,,,101721,"POINT (  569356.554156500,   6143199.30508796)",CIRC INT SIN DENOM Esq. AV LUIS BATLLE BERRES,1
2026-07-19,A_110,74,,,,S,,66673,Matutino,,,101722,"POINT (  569332.044907230,   6143216.00688984)",CIRC INT SIN DENOM Esq. AV LUIS BATLLE BERRES,1
2026-07-19,A_110,75,,,,N,,66673,Matutino,,,101716,"POINT (  569270.020042560,   6143241.50071936)",CAÑAS Esq. AV LUIS BATLLE BERRES,1
2026-07-19,A_110,76,,,,S,,66673,Matutino,,,101714,"POINT (  569200.585426900,   6143134.66911112)",CAÑAS 206,1
2026-07-19,A_110,77,,,,S,,66673,Matutino,,,101715,"POINT (  569197.525565060,   6143128.93655267)",CAÑAS 206,1
2026-07-19,A_110,78,,,,S,,66673,Matutino,,,182077,"POINT (  569167.031753595,   6143094.64572789)",FLORENTINO AMEGHINO Esq. CAÑAS,1
2026-07-19,A_110,79,,,,S,,66673,Matutino,,,182078,"POINT (  569164.199509586,   6143096.38864728)",FLORENTINO AMEGHINO Esq. CAÑAS,1
2026-07-19,A_110,80,,,,S,,66673,Matutino,,,182079,"POINT (  569161.585130501,   6143097.91370174)",FLORENTINO AMEGHINO Esq. CAÑAS,1
2026-07-19,A_110,81,,,,N,,66673,Matutino,,,121692,"POINT (  568967.058999057,   6143325.87781638)",PSJE MOIRONES Esq. PSJE LUNAREJO,1
2026-07-19,A_110,82,,,,S,,66673,Matutino,,,183506,"POINT (  568939.285580777,   6143207.49729690)",CIRC INT SIN DENOM Esq. AV C,1
2026-07-19,A_110,83,,,,S,,66673,Matutino,,,183505,"POINT (  568937.260833871,   6143205.02260624)",CIRC INT SIN DENOM Esq. AV C,1
2026-07-19,A_110,84,,,,S,,66673,Matutino,,,183504,"POINT (  568935.911002600,   6143203.22283121)",CIRC INT SIN DENOM Esq. AV C,1
2026-07-19,A_110,85,,,,S,,66673,Matutino,,,101710,"POINT (  568997.232903610,   6143103.29497454)",CIRC INT SIN DENOM Esq. EULOGIO CABALLERO,1
2026-07-19,A_110,86,,,,S,,66673,Matutino,,,101711,"POINT (  568998.022795490,   6143108.04368209)",CIRC INT SIN DENOM Esq. AV C,1
2026-07-19,A_110,87,,,,S,,66673,Matutino,,,181796,"POINT (  569014.721433551,   6143175.90588431)",CIRC INT SIN DENOM Esq. AV C,1
2026-07-19,A_110,88,,,,S,,66673,Matutino,,,101706,"POINT (  569056.905989650,   6143049.29328607)",EULOGIO CABALLERO 560,1
2026-07-19,A_110,89,,,,S,,66673,Matutino,,,101707,"POINT (  569055.504628240,   6143046.80141068)",EULOGIO CABALLERO 560,1
2026-07-19,A_110,90,,,,N,,66673,Matutino,,,117732,"POINT (  569006.672523699,   6142944.03580497)",EULOGIO CABALLERO Esq. CARLOS TELLIER * (NECESARIO?),1
2026-07-19,A_110,91,,,,S,,66673,Matutino,,,182157,"POINT (  569397.564772549,   6142936.23102985)",FLORENTINO AMEGHINO 4922,1
2026-07-19,A_110,92,,,,S,,66673,Matutino,,,182156,"POINT (  569396.911177778,   6142936.61229347)",FLORENTINO AMEGHINO 4922,1
2026-07-19,D_120,25,S,75,,S,,66674,Matutino,2026-07-19 07:46:52,,124543,"POINT (  576509.266314503,   6147987.80757571)",ANGEL SALVADOR ADAMI 5331 FTE 5331,0
2026-07-19,D_120,26,S,75,,S,,66674,Matutino,2026-07-19 07:47:04,,177468,"POINT (  576507.732586761,   6147989.48972872)",ANGEL SALVADOR ADAMI 5331 FTE 5331,0
2026-07-19,D_120,27,S,75,,S,,66674,Matutino,2026-07-19 07:47:15,,124545,"POINT (  576467.459864744,   6148046.18818011)",ANGEL SALVADOR ADAMI 5375 FTE 5375,0
2026-07-19,D_115,1,S,50,,S,Fuera de Lugar,66674,Matutino,2026-07-19 08:42:34,,175479,"POINT (  576508.199611300,   6144939.74338362)",BV APARICIO SARAVIA 3674,1
2026-07-19,D_115,2,S,25,,S,Requiere Mantenimiento,66674,Matutino,2026-07-19 08:31:07,,124955,"POINT (  576458.329726797,   6144935.49777168)","BV APARICIO SARAVIA 3804 SUB ESTACION DE UTE, PDO 3908",1
2026-07-19,D_115,3,S,50,,S,,66674,Matutino,2026-07-19 08:36:19,,176772,"POINT (  575861.007982638,   6144826.90180332)",AV BURGUES 4847,1
2026-07-19,D_115,4,S,50,,S,,66674,Matutino,2026-07-19 08:36:32,,176773,"POINT (  575860.117431045,   6144833.23461465)",AV BURGUES 4847,1
2026-07-19,D_115,5,S,50,,S,Requiere Limpieza,66674,Matutino,2026-07-19 08:36:45,,176774,"POINT (  575859.424779807,   6144839.17162526)",AV BURGUES 4847,1
2026-07-19,D_115,6,S,50,,S,Requiere Limpieza,66674,Matutino,2026-07-19 08:36:57,,176775,"POINT (  575858.138427506,   6144844.31703447)",AV BURGUES 4847,1
2026-07-19,D_115,7,S,100,,S,,66674,Matutino,2026-07-19 08:41:18,,124905,"POINT (  576218.465496848,   6144897.45327949)",BV APARICIO SARAVIA 3701 PDO 3785,1
2026-07-19,D_115,8,S,25,,S,,66674,Matutino,2026-07-19 08:33:23,,124904,"POINT (  576450.922816412,   6144924.23588487)",BV APARICIO SARAVIA 3745 EN 3745,1
2026-07-19,D_115,9,S,25,,S,Fuera de Lugar,66674,Matutino,2026-07-19 08:33:01,,124886,"POINT (  576452.926557495,   6144924.45852277)",BV APARICIO SARAVIA 3745 EN 3745,1
2026-07-19,D_115,10,S,50,,S,Requiere Mantenimiento,66674,Matutino,2026-07-19 09:02:55,,124887,"POINT (  576714.526087791,   6144957.92842012)",BV APARICIO SARAVIA 3630 FTE 3630 (*) REUBICAR FUERA DE ESPACIO PUBLICO,1
2026-07-19,D_115,11,S,50,,S,,66674,Matutino,2026-07-19 09:05:09,,124951,"POINT (  576857.728109457,   6145027.70542553)",GRAL ENRIQUE CASTRO 4230 FTE 4211,1
2026-07-19,D_115,12,S,50,,S,,66674,Matutino,2026-07-19 09:05:32,,124920,"POINT (  576848.108826666,   6145115.40762673)",GRAL ENRIQUE CASTRO 4318 EN 4320,1
2026-07-19,D_115,13,S,50,,S,,66674,Matutino,2026-07-19 09:05:44,,124950,"POINT (  576834.231120870,   6145219.45210844)",GRAL ENRIQUE CASTRO 4390,1
2026-07-19,D_115,14,N,,Sobrepeso,S,Requiere Mantenimiento,66674,Matutino,2026-07-19 09:03:22,,175945,"POINT (  576723.208965818,   6145256.78269204)",CNO GRAL LEANDRO GOMEZ Esq. PSJE B ESQ PSJE B,1
2026-07-19,D_115,15,N,,Contenedor No Está,N,,66674,Matutino,2026-07-19 09:03:39,,175947,"POINT (  576721.427862633,   6145256.48584151)",CNO GRAL LEANDRO GOMEZ Esq. PSJE B ESQ PSJE B,1
2026-07-19,D_115,16,N,,"Contenedor Roto (choque, desfonde, etc.)",S,,66674,Matutino,2026-07-19 09:03:55,,175946,"POINT (  576678.482232244,   6145253.03589804)",CNO GRAL LEANDRO GOMEZ Esq. PSJE A,1
2026-07-19,D_115,17,S,50,,S,,66674,Matutino,2026-07-19 09:04:38,,124883,"POINT (  576657.730598257,   6145046.44548409)",PSJE ASERRADERO Esq. JACINTO TRAPANI,1
2026-07-19,D_115,18,S,50,,S,,66674,Matutino,2026-07-19 09:04:14,,181976,"POINT (  576659.140506754,   6145040.07492397)",JACINTO TRAPANI 4897,1
2026-07-19,D_115,19,N,,Fuego,S,,66674,Matutino,2026-07-19 09:06:11,,154619,"POINT (  576346.108038579,   6145214.47847258)",DR HECTOR HOMERO MUIÑOZ 4976,1
2026-07-19,D_115,20,S,50,,S,Requiere Mantenimiento,66674,Matutino,2026-07-19 09:06:24,,154632,"POINT (  576345.646159279,   6145216.47994955)",DR HECTOR HOMERO MUIÑOZ 4976,1
2026-07-19,D_115,21,N,,Contenedor No Está,N,,66674,Matutino,2026-07-19 09:06:43,,177516,"POINT (  576338.358759024,   6145277.14840818)",DR HECTOR HOMERO MUIÑOZ Esq. DR JUAN POU ORFILA ESQ,1
2026-07-19,D_115,22,N,,Sobrepeso,S,Requiere Mantenimiento,66674,Matutino,2026-07-19 09:07:03,,124961,"POINT (  576365.318544583,   6145396.89614259)",DR JOSE A VEROCAY Esq. PSJE SDA 3 FTE 4984,1
2026-07-19,D_115,23,S,75,,S,Requiere Mantenimiento,66674,Matutino,2026-07-19 09:20:17,,124962,"POINT (  576394.855172401,   6145405.05953219)",DR JOSE A VEROCAY Esq. PSJE SDA 4 FTE 4970,1
2026-07-19,D_115,24,S,75,,S,Fuera de Lugar,66674,Matutino,2026-07-19 09:20:38,,124942,"POINT (  576456.521217750,   6145421.26715922)",DR JOSE A VEROCAY Esq. PSJE SDA 5,1
2026-07-19,D_115,25,N,,Contenedor No Está,S,,66674,Matutino,2026-07-19 09:21:53,,124892,"POINT (  576500.094217646,   6145433.97595086)",DR JOSE A VEROCAY Esq. PSJE SDA 6,1
2026-07-19,D_115,26,S,75,,S,Requiere Mantenimiento,66674,Matutino,2026-07-19 09:21:40,,124964,"POINT (  576547.955833678,   6145446.09911808)",DR JOSE A VEROCAY Esq. DR JOSE INFANTOZZI,1
2026-07-19,D_115,27,S,75,,S,,66674,Matutino,2026-07-19 09:22:06,,158279,"POINT (  576551.443827415,   6145446.98966967)",DR JOSE A VEROCAY Esq. DR JOSE INFANTOZZI,1
2026-07-19,D_115,28,N,,Contenedor No Está,S,,66674,Matutino,2026-07-19 09:21:26,,124923,"POINT (  576618.977323179,   6145369.06640533)",JACINTO TRAPANI 5021 FTE 5062,1
2026-07-19,D_115,29,S,75,,S,"Basura Afuera, Requiere Mantenimiento",66674,Matutino,2026-07-19 09:21:03,,124893,"POINT (  576634.582450109,   6145257.33873028)",JACINTO TRAPANI Esq. CNO GRAL LEANDRO GOMEZ,1
2026-07-19,D_115,30,S,75,,S,Requiere Mantenimiento,66674,Matutino,2026-07-19 09:22:22,,124907,"POINT (  576493.652847444,   6145234.16527103)",CNO GRAL LEANDRO GOMEZ 3685 FTE 3687 BIS,1
2026-07-19,D_115,31,N,,Contenedor No Está,S,,66674,Matutino,2026-07-19 09:23:33,,124880,"POINT (  576273.962793720,   6145201.93955647)",CNO GRAL LEANDRO GOMEZ Esq. SIMON DEL PINO,1
2026-07-19,D_115,32,N,,Contenedor No Está,N,,66674,Matutino,2026-07-19 09:23:57,,124902,"POINT (  576011.138754984,   6145180.56631825)",CNO GRAL LEANDRO GOMEZ 5176 EN 5171,1
2026-07-19,D_115,33,S,100,,S,Basura Afuera,66674,Matutino,2026-07-19 09:25:18,,176305,"POINT (  575978.485196592,   6145177.30096241)",CNO GRAL LEANDRO GOMEZ 5196 FTE 5197,1
2026-07-19,D_115,34,S,75,,S,Requiere Mantenimiento,66674,Matutino,2026-07-19 09:27:33,,180050,"POINT (  575893.958483225,   6145215.89176667)",DR RICARDO MACKINNON 5036 EN 5036,1
2026-07-19,D_115,35,S,50,,S,Requiere Mantenimiento,66674,Matutino,2026-07-19 09:28:37,,180051,"POINT (  575831.866979956,   6145264.91137451)",DR ISIDRO MAS DE AYALA 5270,1
2026-07-19,D_115,36,S,75,,S,Requiere Mantenimiento,66674,Matutino,2026-07-19 09:30:00,,124924,"POINT (  575765.248904785,   6145249.99210055)",DR ISIDRO MAS DE AYALA 5290,1
2026-07-19,D_115,37,S,75,,S,Requiere Mantenimiento,66674,Matutino,2026-07-19 09:35:34,,180072,"POINT (  575650.605996141,   6145322.55267446)",DR HERNAN ARTUCIO 5091 FTE 5091,1
2026-07-19,D_115,38,S,75,,S,Requiere Mantenimiento,66674,Matutino,2026-07-19 09:34:51,,124966,"POINT (  575650.450869283,   6145325.62899716)",DR HERNAN ARTUCIO 5091,1
2026-07-19,D_115,39,S,75,,S,,66674,Matutino,2026-07-19 09:35:53,,124967,"POINT (  575855.551970511,   6145357.34080936)",DR CARLOS M FOSALBA 5261,1
2026-07-19,D_115,40,N,,Fuego,S,Requiere Mantenimiento,66674,Matutino,2026-07-19 09:37:31,,180073,"POINT (  575999.300661294,   6145368.18264041)",DR CARLOS M FOSALBA 5181 FTE 5196,1
2026-07-19,D_115,41,S,75,,S,,66674,Matutino,2026-07-19 09:38:05,,124968,"POINT (  576002.492983273,   6145368.17585373)",DR CARLOS M FOSALBA 5181 FTE 5196,1
2026-07-19,D_115,42,S,75,,S,"Basura Afuera, Requiere Mantenimiento",66674,Matutino,2026-07-19 09:39:08,,180337,"POINT (  576060.337027233,   6145374.01805294)",DR CARLOS M FOSALBA 5165 PROV. A,1
2026-07-19,D_115,43,N,,Contenedor No Está,N,,66674,Matutino,2026-07-19 09:39:23,,124894,"POINT (  576062.902066298,   6145373.66758855)",DR CARLOS M FOSALBA 5165,1
2026-07-19,D_115,44,S,75,,S,Requiere Mantenimiento,66674,Matutino,2026-07-19 10:23:15,,181179,"POINT (  576089.661460348,   6145445.56530937)",AV GRAL SAN MARTIN 5056,1
2026-07-19,D_115,45,S,75,,S,Requiere Mantenimiento,66674,Matutino,2026-07-19 10:25:12,,176769,"POINT (  576082.791051863,   6145478.90110174)",AV GRAL SAN MARTIN 5062,1
2026-07-19,D_115,46,S,100,,S,,66674,Matutino,2026-07-19 10:24:17,,176768,"POINT (  576082.494201332,   6145482.46330811)",AV GRAL SAN MARTIN 5062,1
2026-07-19,D_115,47,S,75,,S,,66674,Matutino,2026-07-19 10:25:34,,177388,"POINT (  576013.476452914,   6145499.23536310)",ORSINI BERTANI 5156,1
2026-07-19,D_115,48,S,75,,S,Requiere Mantenimiento,66674,Matutino,2026-07-19 10:26:33,,124896,"POINT (  575935.107912774,   6145494.18890407)",ORSINI BERTANI 5206,1
2026-07-19,D_115,49,S,75,,S,,66674,Matutino,2026-07-19 10:27:36,,124895,"POINT (  575890.283482619,   6145489.88457138)",ORSINI BERTANI 5246,1
2026-07-19,D_115,50,S,75,,S,,66674,Matutino,2026-07-19 10:29:18,,124897,"POINT (  575770.475333887,   6145479.47985111)",ORSINI BERTANI 5296 FTE 5290,1
2026-07-19,D_115,51,S,75,,S,Basura Afuera,66674,Matutino,2026-07-19 10:31:07,,124881,"POINT (  575617.008370264,   6145468.07673307)",ORSINI BERTANI 5362,1
2026-07-19,D_115,52,S,100,,S,"Basura Afuera, Fuera de Lugar, Requiere Mantenimiento",66674,Matutino,2026-07-19 10:35:45,,183657,"POINT (  575417.973657889,   6145337.29078842)",DR BENIGNO VARELA FUENTES 5366,1
2026-07-19,D_115,53,N,,Contenedor No Está,N,,66674,Matutino,2026-07-19 10:35:57,,124898,"POINT (  575339.057368036,   6145286.57710426)",DR BENIGNO VARELA FUENTES 5458 en 5386 cerco vegetal,1
2026-07-19,D_115,54,S,100,,S,Basura Afuera,66674,Matutino,2026-07-19 10:37:33,,124876,"POINT (  575252.054841329,   6145226.42972526)",DR BENIGNO VARELA FUENTES 5498,1
2026-07-19,D_115,55,N,,Contenedor No Está,N,,66674,Matutino,2026-07-19 10:37:41,,124899,"POINT (  575231.126878905,   6145239.93642441)",DR JUSTO MONTES PAREJA 5071 FTE 5071,1
2026-07-19,D_115,56,S,100,,S,"Fuera de Lugar, Requiere Mantenimiento",66674,Matutino,2026-07-19 10:39:17,,124944,"POINT (  575221.924512449,   6145388.36168983)",DR JUSTO MONTES PAREJA 5154,1
2026-07-19,D_115,57,N,,Contenedor No Está,N,,66674,Matutino,2026-07-19 10:43:05,,124929,"POINT (  575275.654458530,   6145481.42433125)",DR VICTOR ESCARDO Y ANAYA 5529,1
2026-07-19,D_115,58,N,,Contenedor No Está,N,,66674,Matutino,2026-07-19 10:43:15,,124930,"POINT (  575468.458878306,   6145496.11843252)",DR VICTOR ESCARDO Y ANAYA Esq. PROF DR ENRIQUE CLAVEAUX,1
2026-07-19,D_115,59,S,50,,S,,66674,Matutino,2026-07-19 10:43:28,,124970,"POINT (  575249.086336020,   6145374.55814015)",DR JOSE MAY 5542 FTE 5545,1
2026-07-19,D_115,60,S,100,,S,Requiere Mantenimiento,66674,Matutino,2026-07-19 10:44:34,,124971,"POINT (  575139.382674066,   6145365.79643105)",DR JOSE MAY 5472 5480 BIS,1
2026-07-19,D_115,61,S,75,,S,,66674,Matutino,2026-07-19 10:45:40,,124972,"POINT (  575041.068326539,   6145353.92702825)",DR JOSE MAY Esq. DR RODOLFO ALMEIDA PINTOS 5592 BIS,1
2026-07-19,D_115,62,S,100,,S,,66674,Matutino,2026-07-19 10:46:33,,124969,"POINT (  575037.802970700,   6145353.70439036)",DR JOSE MAY Esq. DR RODOLFO ALMEIDA PINTOS,1
2026-07-19,D_115,63,S,25,,S,,66674,Matutino,2026-07-19 10:48:56,,168092,"POINT (  574870.431127684,   6145389.95688701)",HORACIO TORRES 5152,1
2026-07-19,D_115,64,S,75,,S,,66674,Matutino,2026-07-19 10:48:42,,124931,"POINT (  574870.431127684,   6145385.21112429)",HORACIO TORRES 5152,1
2026-07-19,D_115,65,S,100,,S,,66674,Matutino,2026-07-19 10:49:04,,168112,"POINT (  574869.527172881,   6145380.46536158)",HORACIO TORRES 5152,1
2026-07-19,D_115,66,N,,Contenedor No Está,S,,66674,Matutino,2026-07-19 10:49:13,,124936,"POINT (  574997.282873241,   6145286.17089459)",FRANCISCO DE LOS ANGELES MUÑOZ 5709 PDO 5709,1
2026-07-19,D_115,67,S,100,,S,Requiere Mantenimiento,66674,Matutino,2026-07-19 10:50:47,,181098,"POINT (  575013.578852499,   6145275.87593403)",FRANCISCO DE LOS ANGELES MUÑOZ 5703,1
2026-07-19,D_115,68,N,,Contenedor No Está,S,,66674,Matutino,2026-07-19 10:51:07,,181096,"POINT (  575012.925257728,   6145271.51863556)",DR RODOLFO ALMEIDA PINTOS Esq. FRANCISCO DE LOS ANGELES MUÑOZ,1
2026-07-19,D_115,69,N,,Contenedor No Está,S,,66674,Matutino,2026-07-19 10:50:58,,181097,"POINT (  575012.707392804,   6145268.35959417)",DR RODOLFO ALMEIDA PINTOS Esq. FRANCISCO DE LOS ANGELES MUÑOZ,1
2026-07-19,D_115,70,N,,Contenedor No Está,S,,66674,Matutino,2026-07-19 10:52:07,,124932,"POINT (  575035.873442250,   6145168.32123385)",DR ISIDRO MAS DE AYALA 5645,1
2026-07-19,D_115,71,N,,Contenedor No Está,S,,66674,Matutino,2026-07-19 10:52:19,,124934,"POINT (  575210.421554379,   6145181.08580668)",DR ISIDRO MAS DE AYALA 5557,1
2026-07-19,D_115,72,S,25,,S,,66674,Matutino,2026-07-19 10:52:42,,124938,"POINT (  575301.257816814,   6145186.87439203)",DR ISIDRO MAS DE AYALA 5521 EN 5523,1
2026-07-19,D_115,73,S,50,,S,Requiere Mantenimiento,66674,Matutino,2026-07-19 10:53:17,,124937,"POINT (  575417.333676293,   6145195.22479036)",DR ISIDRO MAS DE AYALA 5455,1
2026-07-19,D_115,74,S,50,,S,,66674,Matutino,2026-07-19 10:54:34,,124939,"POINT (  575515.138624279,   6145203.05274596)",DR ISIDRO MAS DE AYALA 5408 FTE 5410,1
2026-07-19,D_115,75,S,25,,S,Poda,66674,Matutino,2026-07-19 10:58:26,,180057,"POINT (  575866.014398693,   6145162.88416340)",CNO GRAL LEANDRO GOMEZ 5254,1
2026-07-19,D_115,76,S,50,,S,,66674,Matutino,2026-07-19 10:58:33,,180056,"POINT (  575863.617884532,   6145162.77523094)",CNO GRAL LEANDRO GOMEZ 5254,1
2026-07-19,D_115,77,S,50,,S,,66674,Matutino,2026-07-19 10:58:45,,180055,"POINT (  575837.301288889,   6145159.34267691)",CNO GRAL LEANDRO GOMEZ 5264,1
2026-07-19,D_115,78,S,75,,S,Basura Afuera,66674,Matutino,2026-07-19 11:00:28,,180054,"POINT (  575734.642248584,   6145146.64845251)",CNO GRAL LEANDRO GOMEZ 5306 EN 5312,1
2026-07-19,D_115,79,S,75,,S,,66674,Matutino,2026-07-19 11:01:04,,180053,"POINT (  575595.099764924,   6145130.19965077)",CNO GRAL LEANDRO GOMEZ 5382 EN 5386,1
2026-07-19,D_115,80,S,50,,S,,66674,Matutino,2026-07-19 11:02:19,,180052,"POINT (  575554.160851852,   6145171.54743355)",DR JOSE MARTIRENE 5034 EN 5160,1
2026-07-19,E_106,1,S,100,,S,Basura Afuera,66675,Matutino,2026-07-19 07:00:23,,177405,"POINT (  581873.341553577,   6139367.44923918)",VALENCIA Esq. QUIRQUINCHO ANTES 1955,0
2026-07-19,E_106,2,S,25,,S,,66675,Matutino,2026-07-19 07:00:26,,177406,"POINT (  581873.341553577,   6139365.44549809)",VALENCIA Esq. QUIRQUINCHO,0
2026-07-19,E_106,3,S,50,,S,,66675,Matutino,2026-07-19 07:05:15,,182975,"POINT (  581871.198752955,   6139301.15776218)",VALENCIA 1833,0
2026-07-19,E_106,4,S,50,,S,,66675,Matutino,2026-07-19 07:05:20,,177407,"POINT (  581871.177513207,   6139298.19994734)",VALENCIA 1833,0
2026-07-19,E_106,5,N,,Contenedor No Está,N,,66675,Matutino,2026-07-19 07:05:48,,177408,"POINT (  581871.097363563,   6139294.91381197)",VALENCIA 1833,0
2026-07-19,E_106,6,N,,Contenedor No Está,N,,66675,Matutino,2026-07-19 07:05:39,,177409,"POINT (  581871.097363563,   6139292.10857445)",VALENCIA 1833,0
2026-07-19,E_106,7,S,25,,S,,66675,Matutino,2026-07-19 07:08:32,,177453,"POINT (  581356.452796284,   6139393.09204262)",EDUARDO FERREIRA 1924,0
2026-07-19,E_106,8,S,100,,S,Basura Afuera,66675,Matutino,2026-07-19 07:10:46,,177454,"POINT (  581341.147921900,   6139461.46477080)",EDUARDO FERREIRA 1948 ESQ,0
2026-07-19,E_106,9,S,100,,S,,66675,Matutino,2026-07-19 07:13:38,,179248,"POINT (  581435.857122581,   6139620.15709964)",RBLA CONCEPCION DEL URUGUAY 4600,0
2026-07-19,E_106,10,S,75,,S,,66675,Matutino,2026-07-19 07:20:52,,179249,"POINT (  581593.144903226,   6139598.77704588)",RBLA CONCEPCION DEL URUGUAY 4646,0
2026-07-19,E_106,11,S,100,,S,,66675,Matutino,2026-07-19 07:22:51,,177443,"POINT (  581667.356970232,   6139526.06538332)",RBLA CONCEPCION DEL URUGUAY 1973,0
2026-07-19,E_106,12,S,25,,S,,66675,Matutino,2026-07-19 07:25:45,,177442,"POINT (  581735.319521786,   6139282.70487865)",RBLA CONCEPCION DEL URUGUAY 1857 EN 1855,0
2026-07-19,E_106,13,S,100,,S,Basura Afuera,66675,Matutino,2026-07-19 07:28:15,,105294,"POINT (  581552.090840678,   6139256.95904181)",ADRIAN TROITIÑO 1868 FTE 1855. MURO BALDIO,0
2026-07-19,E_106,14,S,100,,S,,66675,Matutino,2026-07-19 07:32:22,,180382,"POINT (  581395.326355367,   6139355.64459718)",JULIO SOSA 4553,0
2026-07-19,E_106,15,S,100,,S,,66675,Matutino,2026-07-19 07:36:41,,181209,"POINT (  581400.593697259,   6139309.13604160)",JULIO SOSA 4556,0
2026-07-19,E_106,16,S,100,,S,,66675,Matutino,2026-07-19 07:41:06,,105293,"POINT (  581512.203835028,   6139437.29802486)",ADRIAN TROITIÑO 1954,0
2026-07-19,E_106,17,S,100,,S,,66675,Matutino,2026-07-19 07:44:43,,180369,"POINT (  581590.628682353,   6139472.71885599)",PAULINA LUISI 1963,0
2026-07-19,E_106,18,S,100,,S,,66675,Matutino,2026-07-19 07:47:55,,105247,"POINT (  581639.327184490,   6139268.54931206)",PAULINA LUISI 1861,0
2026-07-19,E_106,19,S,100,,S,Basura Afuera,66675,Matutino,2026-07-19 07:54:58,,105292,"POINT (  581227.458072317,   6139440.00988927)",HIPOLITO YRIGOYEN 1959 ANTES 1861,0
2026-07-19,E_106,20,S,100,,S,Basura Afuera,66675,Matutino,2026-07-19 07:58:00,,105254,"POINT (  581265.876151413,   6139280.46186667)",HIPOLITO YRIGOYEN 1907,0
2026-07-19,E_106,21,S,100,,S,Basura Afuera,66675,Matutino,2026-07-19 08:01:23,,177455,"POINT (  581222.686749066,   6139141.18679608)",CANDELARIA 1784 PDO CORDON ROJO,0
2026-07-19,E_106,22,S,100,,S,Basura Afuera,66675,Matutino,2026-07-19 08:04:45,,166692,"POINT (  581211.864851978,   6139181.47881582)",CANDELARIA 1798,0
2026-07-19,E_106,23,S,100,,S,,66675,Matutino,2026-07-19 08:07:03,,105260,"POINT (  581194.802705085,   6139260.12288362)",CANDELARIA 1830,0
2026-07-19,E_106,24,S,100,,S,,66675,Matutino,2026-07-19 08:11:07,,177456,"POINT (  581161.051673349,   6139427.24087311)",CANDELARIA 1900,0
2026-07-19,E_106,25,S,50,,S,Basura Afuera,66675,Matutino,2026-07-19 08:20:12,,177457,"POINT (  581078.818139298,   6139421.14950022)",EREVAN 1941,0
2026-07-19,E_106,26,,,,S,,66675,Matutino,,,177420,"POINT (  581088.121129414,   6139369.41473119)",EREVAN 1903,0
2026-07-19,E_106,27,S,75,,N,Basura Afuera,66675,Matutino,2026-07-19 08:23:29,,105283,"POINT (  581088.376169867,   6139367.37440757)",EREVAN 1903,0
2026-07-19,E_106,28,N,,Contenedor No Está,N,,66675,Matutino,2026-07-19 07:00:00,,175356,"POINT (  581103.051292656,   6139263.73870283)",EREVAN 1845 FTE 1848,0
2026-07-19,E_106,29,S,25,,S,,66675,Matutino,2026-07-19 08:24:44,,177394,"POINT (  581103.503270057,   6139261.70480452)",EREVAN 1845 FTE 1848,0
2026-07-19,E_106,30,S,25,,S,,66675,Matutino,2026-07-19 08:25:32,,180626,"POINT (  581108.991209605,   6139210.27892768)",EREVAN 1805 EN 1807,0
2026-07-19,E_106,31,S,25,,S,Basura Afuera,66675,Matutino,2026-07-19 08:26:53,,183046,"POINT (  581115.288732680,   6139178.93017734)",EREVAN 1795,0
2026-07-19,E_106,32,S,75,,S,Basura Afuera,66675,Matutino,2026-07-19 08:31:36,,177392,"POINT (  581120.925057062,   6139137.29248079)",EREVAN 1785 FTE 1772,0
2026-07-19,E_106,33,N,,Auto,S,,66675,Matutino,2026-07-19 08:31:42,,177393,"POINT (  581121.377034463,   6139135.25858249)",EREVAN 1785 FTE 1772,0
2026-07-19,E_106,34,S,25,,S,,66675,Matutino,2026-07-19 08:38:13,,177458,"POINT (  580921.083641234,   6139361.83876416)",FRANCISCO DE CALDAS 1845,0
2026-07-19,E_106,35,S,25,,S,,66675,Matutino,2026-07-19 08:39:07,,177459,"POINT (  580920.923341948,   6139358.47247914)",FRANCISCO DE CALDAS 1845,0
2026-07-19,E_106,36,S,25,,S,,66675,Matutino,2026-07-19 08:41:32,,105253,"POINT (  580920.339428249,   6139313.34322260)",FRANCISCO DE CALDAS 1809,0
2026-07-19,E_106,37,S,75,,S,Basura Afuera,66675,Matutino,2026-07-19 08:42:57,,180607,"POINT (  580920.265837274,   6139311.93413760)",FRANCISCO DE CALDAS 1809,0
2026-07-19,E_106,38,S,75,,S,Basura Afuera,66675,Matutino,2026-07-19 08:44:45,,181497,"POINT (  580914.793394994,   6139207.31065996)",FRANCISCO DE CALDAS 1787 1787 en calle,0
2026-07-19,E_106,39,S,75,,S,Basura Afuera,66675,Matutino,2026-07-19 08:47:42,,105279,"POINT (  580809.234394478,   6139138.79440193)",DESSALINES 1753,0
2026-07-19,E_106,40,S,75,,S,Basura Afuera,66675,Matutino,2026-07-19 08:51:01,,105280,"POINT (  580809.489434931,   6139141.72736714)",DESSALINES 1755 FTE 1753,0
2026-07-19,E_106,41,S,25,,S,Basura Afuera,66675,Matutino,2026-07-19 08:34:57,,105282,"POINT (  580813.446772882,   6139337.52401356)",DESSALINES 1834 FTE 1753,0
2026-07-19,E_106,42,S,100,,S,Basura Afuera,66675,Matutino,2026-07-19 08:59:07,,183009,"POINT (  580629.992683815,   6139342.35947110)",ALEJANDRO KORN 1974,0
2026-07-19,E_106,43,S,100,,S,Basura Afuera,66675,Matutino,2026-07-19 09:04:20,,177463,"POINT (  580576.864560992,   6139275.73910145)",TABOBA 4085 CANTERO,0
2026-07-19,E_106,44,S,75,,S,Basura Afuera,66675,Matutino,2026-07-19 09:06:04,,177465,"POINT (  580629.335149227,   6139272.44498380)",TABOBA 4120,0
2026-07-19,E_106,45,S,50,,S,"Basura Afuera, Escombro",66675,Matutino,2026-07-19 09:06:58,,105281,"POINT (  580784.759758850,   6139262.27025937)",TABOBA Esq. DESSALINES,0
2026-07-19,E_106,46,S,25,,S,,66675,Matutino,2026-07-19 09:12:38,,105249,"POINT (  580444.407224859,   6139200.57486102)",MARISCALA 1942,0
2026-07-19,E_106,47,S,100,,S,,66675,Matutino,2026-07-19 09:17:41,,175312,"POINT (  580499.774456497,   6139349.95339210)",MARISCALA 2022,0
2026-07-19,E_106,48,S,100,,S,,66675,Matutino,2026-07-19 09:21:10,,184120,"POINT (  580369.352305240,   6139363.77805173)",MATAOJO 1973,0
2026-07-19,E_106,49,S,100,,S,"Basura Afuera, Requiere Limpieza",66675,Matutino,2026-07-19 09:22:20,,180327,"POINT (  580356.402706712,   6139326.19794300)",MATAOJO 1959,0
2026-07-19,E_106,50,S,25,,S,,66675,Matutino,2026-07-19 09:24:22,,105266,"POINT (  580302.486320904,   6139173.00423955)",MATAOJO 1915,0
2026-07-19,E_106,51,S,100,,S,Basura Afuera,66675,Matutino,2026-07-19 09:26:25,,172812,"POINT (  580195.367676836,   6139234.47316611)",DR JOSE MA DELGADO 1936,0
2026-07-19,E_106,52,S,25,,S,,66675,Matutino,2026-07-19 09:28:24,,105268,"POINT (  580230.508919774,   6139328.14548249)",DR JOSE MA DELGADO 1952,0
2026-07-19,E_106,53,S,50,,S,Basura Afuera,66675,Matutino,2026-07-19 09:30:08,,105269,"POINT (  580265.311179661,   6139426.45056723)",DR JOSE MA DELGADO 1986,0
2026-07-19,E_106,54,S,75,,S,,66675,Matutino,2026-07-19 09:33:55,,105270,"POINT (  580149.643324234,   6139492.80328134)",ALTO PERU 2065,0
2026-07-19,E_106,55,S,50,,S,Basura Afuera,66675,Matutino,2026-07-19 09:38:30,,105271,"POINT (  580117.966546893,   6139327.91949379)",ALTO PERU 2007,0
2026-07-19,E_106,56,N,,Contenedor No Está,N,,66675,Matutino,2026-07-19 07:00:00,,158292,"POINT (  580059.234526564,   6139183.42565811)",ALTO PERU 1923,0
2026-07-19,E_106,57,S,100,,S,,66675,Matutino,2026-07-19 09:41:13,,118612,"POINT (  580058.305529944,   6139180.80084972)",ALTO PERU 1923 EN 1923/1925,0
2026-07-19,E_106,58,N,,Contenedor Fuera de Alcance,S,,66675,Matutino,2026-07-19 09:46:29,,179231,"POINT (  579922.489016723,   6139188.37834187)",SEVILLA 1908 en 1911,0
2026-07-19,E_106,59,S,25,,S,,66675,Matutino,2026-07-19 09:47:51,,105272,"POINT (  580021.003146698,   6139287.45989514)",SEVILLA 1980 EN 1980,0
2026-07-19,E_106,60,S,50,,S,,66675,Matutino,2026-07-19 09:48:38,,175390,"POINT (  580022.881801130,   6139289.50141469)",SEVILLA 1980 EN 1980,0
2026-07-19,E_106,61,S,75,,S,,66675,Matutino,2026-07-19 09:51:42,,105274,"POINT (  580005.346887833,   6139497.89135922)",SEVILLA 2060,0
2026-07-19,E_106,62,S,75,,S,,66675,Matutino,2026-07-19 09:53:40,,177462,"POINT (  579974.917101786,   6139602.44799341)",SEVILLA 2096,0
2026-07-19,F_102,75,,,,S,,66675,Matutino,,,179058,"POINT (  580857.235993714,   6141984.17090066)",DR PANTALEON PEREZ 5062 FTE. 5062,1
2026-07-19,E_136,1,,,,S,,66675,Matutino,,,105244,"POINT (  580541.506481130,   6140802.93692075)",CNO CARRASCO 4636,2
2026-07-19,E_136,2,,,,S,,66675,Matutino,,,105245,"POINT (  580546.554629970,   6140803.44173563)",CNO CARRASCO 4636,2
2026-07-19,E_136,3,,,,S,,66675,Matutino,,,163272,"POINT (  580613.796659790,   6140758.65115653)",DR ROBERTO BERRO 2490 FTE 2490,2
2026-07-19,E_136,4,,,,S,,66675,Matutino,,,118712,"POINT (  580632.069824025,   6140661.64496420)",DR ROBERTO BERRO 2462 FTE 2462,2
2026-07-19,E_136,5,,,,N,,66675,Matutino,,,180648,"POINT (  580651.632189107,   6140557.60792810)",DR ROBERTO BERRO 2424 PROVISORIO EN RESPUESTA A OS 5182625 - GENERA DUDAS,2
2026-07-19,E_136,6,,,,S,,66675,Matutino,,,105197,"POINT (  580655.177409804,   6140534.40489368)",DR ROBERTO BERRO 2412 FTE 2414,2
2026-07-19,E_136,7,,,,S,,66675,Matutino,,,180599,"POINT (  580774.284323529,   6140643.31757059)",VERACIERTO 2443,2
2026-07-19,E_136,8,,,,S,,66675,Matutino,,,180174,"POINT (  580784.793383878,   6140515.22720632)",ING FELIX DE MEDINA Esq. ING R V MESURES,2
2026-07-19,E_136,9,,,,S,,66675,Matutino,,,182223,"POINT (  580826.645435076,   6140819.64736013)",HIPOLITO YRIGOYEN 2487 fte 2480,2
2026-07-19,E_136,10,,,,S,,66675,Matutino,,,182224,"POINT (  580827.734759695,   6140817.57764336)",HIPOLITO YRIGOYEN 2487 fte 2480,2
2026-07-19,E_136,11,,,,S,,66675,Matutino,,,105230,"POINT (  580863.287597596,   6140763.50161330)",HIPOLITO YRIGOYEN 2462,2
2026-07-19,E_136,12,,,,S,,66675,Matutino,,,182225,"POINT (  580917.821905664,   6140678.57982201)",HIPOLITO YRIGOYEN 2428 FTE 2428,2
2026-07-19,E_136,13,,,,S,,66675,Matutino,,,180867,"POINT (  581160.911414816,   6140296.51936514)",HIPOLITO YRIGOYEN 2311 EN 2323,2
2026-07-19,E_136,14,,,,S,,66675,Matutino,,,176373,"POINT (  581199.381768604,   6139878.07899421)",HIPOLITO YRIGOYEN 2073 *,2
2026-07-19,E_136,15,,,,S,,66675,Matutino,,,176371,"POINT (  581198.919889304,   6139872.07456331)",HIPOLITO YRIGOYEN 2073 *,2
2026-07-19,E_136,16,,,,S,,66675,Matutino,,,176372,"POINT (  581198.458010003,   6139864.37657497)",HIPOLITO YRIGOYEN Esq. CIRC INT CALLE DIAGONAL *,2
2026-07-19,E_136,17,,,,S,,66675,Matutino,,,182855,"POINT (  580659.751876123,   6139764.82923074)",CIRC INT SDA 5 Esq. IGUA antes de parada,2
2026-07-19,E_136,18,,,,S,,66675,Matutino,,,182856,"POINT (  580650.295611347,   6139767.19329693)",IGUA Esq. CIRC INT SDA 5,2
2026-07-19,E_136,19,,,,S,,66675,Matutino,,,105212,"POINT (  580528.886984022,   6139825.57871372)",CIRC INT SDA 4 Esq. CIRC INT SDA 11,2
2026-07-19,E_136,20,,,,S,,66675,Matutino,,,176376,"POINT (  580564.451690162,   6139998.09063246)",CIRC INT SDA 4 Esq. CIRC INT SDA 7,2
2026-07-19,E_136,21,,,,S,,66675,Matutino,,,176375,"POINT (  580565.683368297,   6140003.63318407)",CIRC INT SDA 4 Esq. CIRC INT SDA 7,2
2026-07-19,E_136,22,,,,S,,66675,Matutino,,,176374,"POINT (  580565.991287830,   6140008.40593684)",MATAOJO Esq. CALLE 5,2
2026-07-19,E_136,23,,,,S,,66675,Matutino,,,183869,"POINT (  580763.855566798,   6140338.23227191)",ENRIQUE CHIANCONE 4668,2
2026-07-19,E_136,24,,,,S,,66675,Matutino,,,183868,"POINT (  580832.617845776,   6140349.62716385)",ENRIQUE CHIANCONE 4686,2
2026-07-19,E_136,25,,,,S,,66675,Matutino,,,105232,"POINT (  580868.794797330,   6140368.79612090)",ENRIQUE CHIANCONE Esq. VERACIERTO,2
2026-07-19,E_136,26,,,,S,,66675,Matutino,,,105195,"POINT (  581029.872065315,   6140457.35261694)",ENRIQUE CHIANCONE 4747,2
2026-07-19,E_136,27,,,,S,,66675,Matutino,,,166652,"POINT (  581032.951260651,   6140459.04617438)",ENRIQUE CHIANCONE 4747 PROV FELIX MEDINA,2
2026-07-19,E_136,28,,,,S,,66675,Matutino,,,105231,"POINT (  580905.229478790,   6140560.64087541)",ING R V MESURES 4707,2
2026-07-19,E_109,1,S,100,,S,,66676,Matutino,2026-07-19 06:27:40,,179112,"POINT (  580431.659209012,   6138184.98098548)",ARRASCAETA 1495 EN 1485/1475,0
2026-07-19,E_109,2,S,100,,S,,66676,Matutino,2026-07-19 06:30:18,,184149,"POINT (  580432.248168410,   6138184.26405251)",ARRASCAETA 1495,0
2026-07-19,E_109,3,S,100,,S,,66676,Matutino,2026-07-19 06:33:42,,107765,"POINT (  580515.606595664,   6138090.66542102)",ARRASCAETA 1395,0
2026-07-19,E_109,4,S,25,,S,,66676,Matutino,2026-07-19 10:24:46,,184129,"POINT (  580561.815061438,   6138027.40404096)",ARRASCAETA 1359,0
2026-07-19,E_109,5,S,75,,S,,66676,Matutino,2026-07-19 06:36:46,,107764,"POINT (  580572.072019386,   6138014.28281094)",ARRASCAETA 1357,0
2026-07-19,E_109,6,S,100,,S,,66676,Matutino,2026-07-19 06:39:41,,175336,"POINT (  580149.202501204,   6137956.17431952)",VERDI 4128 VIVIENDAS,0
2026-07-19,E_109,7,S,100,,S,,66676,Matutino,2026-07-19 06:42:47,,107759,"POINT (  580150.885643714,   6137957.13611524)",VERDI 4128 VIVIENDAS,0
2026-07-19,E_109,8,S,100,,S,,66676,Matutino,2026-07-19 06:42:38,,107760,"POINT (  580152.889384797,   6137958.33835989)",VERDI 4128 VIVIENDAS,0
2026-07-19,E_109,9,S,25,,S,,66676,Matutino,2026-07-19 06:43:49,,156413,"POINT (  580329.939946901,   6138035.48239159)",AV MCAL FRANCISCO SOLANO LOPEZ 1415,0
2026-07-19,E_109,10,S,75,,S,,66676,Matutino,2026-07-19 06:45:00,,107748,"POINT (  580342.042543044,   6138019.21201400)",AV MCAL FRANCISCO SOLANO LOPEZ 1405,0
2026-07-19,E_109,11,S,25,,S,,66676,Matutino,2026-07-19 06:46:23,,177349,"POINT (  580411.371984520,   6137932.89084813)",AV MCAL FRANCISCO SOLANO LOPEZ 1352 FTE 1352,0
2026-07-19,E_109,12,S,75,,S,,66676,Matutino,2026-07-19 06:52:14,,177350,"POINT (  580413.215426316,   6137930.32605955)",AV MCAL FRANCISCO SOLANO LOPEZ 1352 FTE 1352,0
2026-07-19,E_109,13,S,75,,S,,66676,Matutino,2026-07-19 06:52:28,,179086,"POINT (  580285.692037223,   6137932.65195234)",DONIZETTI 1348 SOLAMENTE RETIRAR,0
2026-07-19,E_109,14,S,100,,S,,66676,Matutino,2026-07-19 06:54:45,,180910,"POINT (  580233.189500872,   6137933.11208020)",DONIZETTI 1372,0
2026-07-19,E_109,15,S,25,,S,,66676,Matutino,2026-07-19 06:56:11,,181105,"POINT (  580215.594895073,   6137959.49083010)",DONIZETTI 1384,0
2026-07-19,E_109,16,S,25,,S,,66676,Matutino,2026-07-19 06:56:57,,177348,"POINT (  580202.902762232,   6138094.23208015)",JUAN M ESPINOSA 1443 FTE 1443,0
2026-07-19,E_109,17,N,,Contenedor No Está,N,,66676,Matutino,2026-07-19 06:57:11,,179087,"POINT (  580201.780667225,   6138096.23582123)",JUAN M ESPINOSA 1443 FTE 1443,0
2026-07-19,E_109,18,S,25,,S,,66676,Matutino,2026-07-19 06:57:38,,179921,"POINT (  580198.906061220,   6138103.39739129)",JUAN M ESPINOSA 1447 FTE 1447,0
2026-07-19,E_109,19,S,100,,S,,66676,Matutino,2026-07-19 07:00:11,,177346,"POINT (  580286.076623351,   6138093.09901229)",AV MCAL FRANCISCO SOLANO LOPEZ 1435,0
2026-07-19,E_109,20,S,100,,S,,66676,Matutino,2026-07-19 07:01:11,,107754,"POINT (  580334.326569600,   6138073.18750846)",VERDI 4252,0
2026-07-19,E_109,21,,,,S,,66676,Matutino,,,181580,"POINT (  583205.217264924,   6138477.40925970)",CARAMURU 5524 VEREDA,0
2026-07-19,E_109,22,,,,S,,66676,Matutino,,,107530,"POINT (  583250.418163550,   6138397.18216418)",NATIVA 1409 EN 1409/1403,0
2026-07-19,E_109,23,,,,S,,66676,Matutino,,,179113,"POINT (  583349.443327221,   6138356.64931724)",PALMAS Y OMBUES 5580 (RETIRA VIEJO DE GRITO DE GLORIA 1410),0
2026-07-19,E_109,24,,,,S,,66676,Matutino,,,107531,"POINT (  583353.345517060,   6138356.23778867)",PALMAS Y OMBUES 5580,0
2026-07-19,E_109,25,,,,S,,66676,Matutino,,,107532,"POINT (  583350.257739080,   6138246.02418710)",ISMAEL 5565,0
2026-07-19,E_108,1,N,,Persona en el Interior del Cont.,S,,66676,Matutino,2026-07-19 11:07:03,,180093,"POINT (  582141.905975599,   6137990.41695272)",AMAZONAS 1360 EN 1360,1
2026-07-19,E_108,2,S,50,,S,,66676,Matutino,2026-07-19 11:07:12,,107657,"POINT (  582036.071698240,   6138039.39873485)",RIO DE LA PLATA Esq. MAL ABRIGO,1
2026-07-19,E_108,3,S,25,,S,,66676,Matutino,2026-07-19 11:07:19,,179167,"POINT (  582035.965179879,   6138036.72471106)",RIO DE LA PLATA Esq. MAL ABRIGO,1
2026-07-19,E_108,4,S,50,,S,,66676,Matutino,2026-07-19 11:09:35,,107623,"POINT (  581959.321962900,   6138089.29313001)",RIMAC 1368,1
2026-07-19,E_108,5,S,75,,S,,66676,Matutino,2026-07-19 11:11:34,,181070,"POINT (  581906.067117514,   6138156.53931695)",ORINOCO 4883,1
2026-07-19,E_108,6,S,75,,S,,66676,Matutino,2026-07-19 11:13:38,,107653,"POINT (  581805.525490770,   6138132.66836882)",RBLA O´HIGGINS 4741 EN 4741,1
2026-07-19,E_108,7,S,50,,S,,66676,Matutino,2026-07-19 11:16:00,,107654,"POINT (  581701.420568641,   6138171.53641113)",RBLA CONCEPCION DEL URUGUAY 1406,1
2026-07-19,E_108,8,S,50,,S,,66676,Matutino,2026-07-19 11:16:07,,180094,"POINT (  581701.274167321,   6138173.31455621)",RBLA CONCEPCION DEL URUGUAY 1406 EN 4705,1
2026-07-19,E_108,9,S,75,,S,,66676,Matutino,2026-07-19 11:18:29,,107650,"POINT (  581620.629728170,   6138171.61656078)",RBLA REPUBLICA DE CHILE 4673 EN 4697,1
2026-07-19,E_108,10,S,50,,S,,66676,Matutino,2026-07-19 11:18:38,,179731,"POINT (  581617.072218083,   6138171.45888845)",RBLA REPUBLICA DE CHILE 4673 EN 4697,1
2026-07-19,E_108,11,S,100,,S,,66676,Matutino,2026-07-19 11:20:38,,111832,"POINT (  581619.026735304,   6138270.84181921)",ALMERIA 4746 VEREDA,1
2026-07-19,E_108,12,S,100,,S,,66676,Matutino,2026-07-19 11:22:06,,107642,"POINT (  581820.963761660,   6138229.04378022)",AV 18 DE DICIEMBRE 1433 FTE 1446,1
2026-07-19,E_108,13,S,75,,S,,66676,Matutino,2026-07-19 11:25:28,,181068,"POINT (  582094.541693785,   6138135.74835650)",ORINOCO 4978,1
2026-07-19,E_108,14,S,100,,S,,66676,Matutino,2026-07-19 11:27:39,,181072,"POINT (  582218.157512995,   6138132.58451469)",ORINOCO 5034,1
2026-07-19,E_108,15,S,100,,S,,66676,Matutino,2026-07-19 11:30:20,,107649,"POINT (  582228.016708540,   6138249.22374795)",ACONCAGUA 5039 VEREDA,1
2026-07-19,E_108,16,S,25,,S,,66676,Matutino,2026-07-19 11:32:37,,181949,"POINT (  582123.581546075,   6138253.95749613)",ACONCAGUA 4996,1
2026-07-19,E_108,17,S,25,,S,,66676,Matutino,2026-07-19 11:32:46,,107640,"POINT (  582114.941592020,   6138254.31212819)",ACONCAGUA 4992 VEREDA. MURO. FTE 4992,1
2026-07-19,E_108,18,S,75,,S,,66676,Matutino,2026-07-19 11:34:52,,107641,"POINT (  581971.685165932,   6138256.97593091)",ACONCAGUA 4905 VEREDA. FTE 4906,1
2026-07-19,E_108,19,S,50,,S,,66676,Matutino,2026-07-19 11:36:25,,107643,"POINT (  581765.483573370,   6138268.36896643)",ALMERIA 4803 EN 4803,1
2026-07-19,E_108,20,S,50,,S,,66676,Matutino,2026-07-19 11:37:25,,179170,"POINT (  581688.997373925,   6138277.49423961)",ALMERIA 4757 VEREDA. EN 4757,1
2026-07-19,E_108,21,S,100,,S,,66676,Matutino,2026-07-19 11:40:37,,107718,"POINT (  581569.766089362,   6138402.96325393)",ACEGUA 4732,1
2026-07-19,E_108,22,S,75,,S,,66676,Matutino,2026-07-19 11:42:09,,179171,"POINT (  581683.867796752,   6138376.87979733)",PILCOMAYO 4754 EN 4758 BIS,1
2026-07-19,E_108,23,S,25,,S,,66676,Matutino,2026-07-19 11:42:23,,180099,"POINT (  581688.361896732,   6138376.46191918)",PILCOMAYO 4754 EN 4758 BIS,1
2026-07-19,E_108,24,S,75,,S,,66676,Matutino,2026-07-19 11:44:44,,180100,"POINT (  581804.810698475,   6138353.58610219)",PILCOMAYO 4838 ESQ.,1
2026-07-19,E_108,25,S,75,,S,,66676,Matutino,2026-07-19 11:46:03,,173992,"POINT (  581861.151836645,   6138350.37332059)",PILCOMAYO 4858 EN 4858,1
2026-07-19,E_108,26,S,100,,S,,66676,Matutino,2026-07-19 11:49:28,,107715,"POINT (  582041.619183400,   6138344.82692951)",PILCOMAYO 4948,1
2026-07-19,E_108,27,S,100,,S,,66676,Matutino,2026-07-19 11:50:46,,107716,"POINT (  582170.897629060,   6138339.45051022)",PILCOMAYO 5094 MURO,1
2026-07-19,E_108,28,S,100,,S,,66676,Matutino,2026-07-19 10:51:00,,107712,"POINT (  582260.097312700,   6138452.84408070)",DR DECROLY 5043 EN 5047,1
2026-07-19,E_108,29,S,75,,S,,66676,Matutino,2026-07-19 10:51:56,,107713,"POINT (  582133.018311330,   6138457.97611730)",DR DECROLY 4989 EN 4991,1
2026-07-19,E_108,30,S,100,,S,,66676,Matutino,2026-07-19 10:53:50,,107719,"POINT (  582024.503780883,   6138460.55602496)",DR DECROLY 4935,1
2026-07-19,E_108,31,S,100,,S,,66676,Matutino,2026-07-19 10:55:45,,179174,"POINT (  581974.330104162,   6138547.67868725)",RIMAC 1592,1
2026-07-19,E_108,32,S,75,,S,,66676,Matutino,2026-07-19 10:58:10,,158572,"POINT (  581979.463259012,   6138695.26742005)",RIMAC 1652,1
2026-07-19,E_108,33,S,100,,S,,66676,Matutino,2026-07-19 08:02:48,,180939,"POINT (  581838.735786348,   6138757.11083902)",AV 18 DE DICIEMBRE 1693,1
2026-07-19,E_108,34,S,50,,S,,66676,Matutino,2026-07-19 08:04:39,,180124,"POINT (  581837.834152941,   6138614.41035011)",AV 18 DE DICIEMBRE 1627,1
2026-07-19,E_108,35,S,25,,S,,66676,Matutino,2026-07-19 08:06:34,,179173,"POINT (  581818.358898252,   6138524.75588925)",VERDI 4837,1
2026-07-19,E_108,36,S,25,,S,,66676,Matutino,2026-07-19 08:06:42,,107708,"POINT (  581814.766518028,   6138524.84918170)",VERDI 4837,1
2026-07-19,E_108,37,S,100,,S,,66676,Matutino,2026-07-19 08:10:47,,107709,"POINT (  581713.168841320,   6138529.58024693)",VERDI 4791,1
2026-07-19,E_108,38,S,75,,S,,66676,Matutino,2026-07-19 08:12:43,,165734,"POINT (  581554.265823497,   6138535.17534289)",VERDI 4727,1
2026-07-19,E_108,39,S,100,,S,,66676,Matutino,2026-07-19 08:16:06,,180679,"POINT (  581620.553185876,   6138619.44752769)",RBLA CONCEPCION DEL URUGUAY 1583 EN 1585,1
2026-07-19,E_108,40,S,75,,S,,66676,Matutino,2026-07-19 08:18:19,,179190,"POINT (  581670.387611571,   6138660.47276665)",RBLA CONCEPCION DEL URUGUAY 1580 EN 1584,1
2026-07-19,E_108,41,S,75,,S,,66676,Matutino,2026-07-19 08:21:36,,182851,"POINT (  582057.337399346,   6138637.50792157)",RIO DE LA PLATA 1637 EN 1939,1
2026-07-19,E_108,42,S,100,,S,,66676,Matutino,2026-07-19 10:16:01,,107691,"POINT (  582274.271509050,   6138714.45575570)",MICHIGAN 1665,1
2026-07-19,E_108,43,S,75,,S,,66676,Matutino,2026-07-19 10:16:57,,183961,"POINT (  582272.549880952,   6138703.79875238)",MICHIGAN 1655,1
2026-07-19,E_108,44,S,100,,S,,66676,Matutino,2026-07-19 08:25:02,,179178,"POINT (  582166.889605204,   6138755.37495368)",AMAZONAS 1676 EN 1678,1
2026-07-19,E_108,45,S,75,,S,,66676,Matutino,2026-07-19 10:19:57,,107699,"POINT (  582085.738091338,   6138792.24378961)",DR JOSE DE AGUIRRE Y LECUBE 4962,1
2026-07-19,E_108,46,S,75,,S,,66676,Matutino,2026-07-19 10:21:19,,107700,"POINT (  581999.585359860,   6138795.71300179)",DR JOSE DE AGUIRRE Y LECUBE 4909,1
2026-07-19,E_108,47,S,100,,S,,66676,Matutino,2026-07-19 10:24:41,,180103,"POINT (  581756.604873332,   6138805.53264238)",DR JOSE DE AGUIRRE Y LECUBE 4811 ESQ,1
2026-07-19,E_108,48,S,75,,S,,66676,Matutino,2026-07-19 10:25:00,,107703,"POINT (  581682.621004440,   6138808.29871058)",DR JOSE DE AGUIRRE Y LECUBE 4785,1
2026-07-19,E_108,49,S,75,,S,,66676,Matutino,2026-07-19 10:26:42,,166992,"POINT (  581513.670012108,   6138807.57240890)",ASAMBLEA 4741 VEREDA. FTE 4740,1
2026-07-19,E_108,50,S,75,,S,,66676,Matutino,2026-07-19 10:28:49,,107632,"POINT (  581450.358553400,   6138866.42539530)",QUIEBRAYUGOS 4644,1
2026-07-19,E_108,51,S,75,,S,,66676,Matutino,2026-07-19 10:31:12,,107693,"POINT (  581613.949467140,   6138867.19494008)",QUIEBRAYUGOS 4736,1
2026-07-19,E_108,52,S,25,,S,,66676,Matutino,2026-07-19 10:35:08,,120174,"POINT (  581691.401846181,   6138867.98520256)",QUIEBRAYUGOS 4756 EN 4764,1
2026-07-19,E_108,53,S,75,,S,,66676,Matutino,2026-07-19 10:36:25,,165812,"POINT (  581758.326798357,   6138868.28576372)",QUIEBRAYUGOS 4808,1
2026-07-19,E_108,54,S,25,,S,,66676,Matutino,2026-07-19 10:39:49,,107636,"POINT (  581419.028194453,   6138966.86336975)",AV ESTANISLAO LOPEZ 4540,1
2026-07-19,E_108,55,S,25,,S,Requiere Mantenimiento,66676,Matutino,2026-07-19 10:44:32,,107678,"POINT (  581547.631791545,   6138972.66310708)",AV ESTANISLAO LOPEZ 4606 EN 4606,1
2026-07-19,E_108,56,S,75,,S,,66676,Matutino,2026-07-19 10:42:01,,180104,"POINT (  581563.254306954,   6138972.33684651)",AV ESTANISLAO LOPEZ 4716 EN 4716,1
2026-07-19,E_108,57,S,25,,S,,66676,Matutino,2026-07-19 10:44:22,,181530,"POINT (  581817.117020879,   6138994.18372528)",AV ESTANISLAO LOPEZ 4836 EN 4836,1
2026-07-19,E_108,58,S,50,,S,,66676,Matutino,2026-07-19 10:44:40,,107697,"POINT (  581820.283173163,   6138994.19937517)",AV ESTANISLAO LOPEZ 4836 EN 4826,1
2026-07-19,E_108,59,S,75,,S,,66676,Matutino,2026-07-19 10:46:03,,179022,"POINT (  581823.280406239,   6138994.40608090)",AV ESTANISLAO LOPEZ 4836 EN 4826,1
2026-07-19,E_108,60,S,100,,S,,66676,Matutino,2026-07-19 10:04:58,,107698,"POINT (  582011.804494610,   6138933.17826773)",AV ENRIQUE LEGRAND 4910,1
2026-07-19,E_108,61,S,75,,S,,66676,Matutino,2026-07-19 10:06:32,,180105,"POINT (  582119.599009896,   6138878.46672015)",AV ENRIQUE LEGRAND 4972,1
2026-07-19,E_108,62,S,50,,S,,66676,Matutino,2026-07-19 10:08:20,,107616,"POINT (  582225.150587350,   6138827.11617810)",AV ENRIQUE LEGRAND 5026,1
2026-07-19,E_108,63,S,100,,S,,66676,Matutino,2026-07-19 10:10:15,,180106,"POINT (  582334.432972540,   6138774.81275410)",AV ENRIQUE LEGRAND 5076 EN 5076,1
2026-07-19,E_108,64,S,50,,S,,66676,Matutino,2026-07-19 10:13:01,,109872,"POINT (  582329.693568193,   6139013.25643108)",MICHIGAN 1796 1796 FTE PROA,1
2026-07-19,E_108,65,S,100,,S,,66676,Matutino,2026-07-19 10:14:39,,107690,"POINT (  582291.522300560,   6138910.16395236)",MICHIGAN 1757 EN 1763,1
2026-07-19,E_108,66,S,75,,S,,66676,Matutino,2026-07-19 07:15:29,,180065,"POINT (  582186.476833987,   6138914.42122920)",AMAZONAS 1706 EN 1706,1
2026-07-19,E_108,67,S,75,,S,,66676,Matutino,2026-07-19 07:15:43,,107628,"POINT (  582200.223552460,   6139009.67005127)",AMAZONAS 1744,1
2026-07-19,E_108,68,S,25,,S,,66676,Matutino,2026-07-19 07:19:46,,107684,"POINT (  582041.372386114,   6139098.75010707)",AV ESTANISLAO LOPEZ 4895 EN 4897,1
2026-07-19,E_108,69,S,50,,S,,66676,Matutino,2026-07-19 07:22:06,,107627,"POINT (  581990.103783757,   6139061.10694407)",AV ESTANISLAO LOPEZ 4881 4869/4871,1
2026-07-19,E_108,70,S,75,,S,,66676,Matutino,2026-07-19 07:22:13,,181529,"POINT (  581985.578559340,   6139059.01889011)",AV ESTANISLAO LOPEZ 4881 EN 4881,1
2026-07-19,E_108,71,S,75,,S,,66676,Matutino,2026-07-19 07:26:03,,107681,"POINT (  581665.047170397,   6138998.59187192)",AV ESTANISLAO LOPEZ Esq. RBLA CONCEPCION DEL URUGUAY,1
2026-07-19,E_108,72,S,25,,S,,66676,Matutino,2026-07-19 07:26:24,,107682,"POINT (  581662.256643050,   6138998.59187192)",AV ESTANISLAO LOPEZ Esq. RBLA CONCEPCION DEL URUGUAY,1
2026-07-19,E_108,73,S,50,,S,,66676,Matutino,2026-07-19 07:26:13,,179183,"POINT (  581659.466115703,   6138998.54019549)",AV ESTANISLAO LOPEZ Esq. RBLA CONCEPCION DEL URUGUAY,1
2026-07-19,E_108,74,S,50,,S,,66676,Matutino,2026-07-19 07:29:40,,180107,"POINT (  581557.986085578,   6139007.77760850)",AV ESTANISLAO LOPEZ 4711 EN 4703,1
2026-07-19,E_108,75,S,25,,S,,66676,Matutino,2026-07-19 07:31:00,,107676,"POINT (  581434.518677235,   6139000.88549973)",AV ESTANISLAO LOPEZ 4639 EN 4653,1
2026-07-19,E_108,76,S,50,,S,,66676,Matutino,2026-07-19 07:35:29,,181285,"POINT (  582092.070631373,   6139199.69965186)",SEGOVIA 1883,1
2026-07-19,E_108,77,S,25,,S,,66676,Matutino,2026-07-19 07:36:35,,168352,"POINT (  582092.106940538,   6139160.52646353)",SEGOVIA 1851,1
2026-07-19,E_108,78,N,,Contenedor No Está,N,,66676,Matutino,2026-07-19 07:39:16,,179186,"POINT (  582004.811998335,   6139131.75266938)",VALIENTE 4905,1
2026-07-19,E_108,79,S,50,,S,,66676,Matutino,2026-07-19 07:40:07,,107689,"POINT (  582001.649054713,   6139131.88211037)",VALIENTE 4905,1
2026-07-19,E_108,80,S,25,,S,,66676,Matutino,2026-07-19 07:41:59,,183625,"POINT (  581915.333215254,   6139136.42285989)",VALIENTE 4865 PDO PORTON,1
2026-07-19,E_108,81,S,100,,S,,66676,Matutino,2026-07-19 07:42:10,,183624,"POINT (  581912.395362147,   6139136.64884859)",VALIENTE 4865 PDO PORTON,1
2026-07-19,E_108,82,S,25,,S,,66676,Matutino,2026-07-19 07:44:33,,179187,"POINT (  581748.333139702,   6139079.25465301)",VICTOR RAUL HAYA DE LA TORRE 1879 FTE 1824,1
2026-07-19,E_108,83,S,25,,S,,66676,Matutino,2026-07-19 07:45:35,,107683,"POINT (  581745.235585839,   6139021.50079407)",VICTOR RAUL HAYA DE LA TORRE 1809,1
2026-07-19,E_108,84,S,50,,S,,66676,Matutino,2026-07-19 07:46:50,,107680,"POINT (  581745.581995314,   6139016.53559159)",VICTOR RAUL HAYA DE LA TORRE 1809,1
2026-07-19,E_108,85,S,100,,S,,66676,Matutino,2026-07-19 07:48:39,,184118,"POINT (  581669.156065440,   6139133.36685920)",OVIEDO 4779,1
2026-07-19,E_108,86,S,75,,S,,66676,Matutino,2026-07-19 07:49:42,,176246,"POINT (  581667.329198752,   6139133.06564506)",OVIEDO 4779,1
2026-07-19,E_108,87,S,50,,S,,66676,Matutino,2026-07-19 07:50:20,,176245,"POINT (  581665.967110216,   6139133.00889138)",OVIEDO 4779,1
2026-07-19,E_108,88,S,50,,S,,66676,Matutino,2026-07-19 07:50:37,,184119,"POINT (  581664.808239354,   6139132.80944560)",OVIEDO 4779,1
2026-07-19,E_108,89,S,75,,S,,66676,Matutino,2026-07-19 07:54:30,,179021,"POINT (  581597.599851412,   6139129.39924916)",OVIEDO 4730 EN 4729,1
2026-07-19,E_108,90,S,25,,S,,66676,Matutino,2026-07-19 07:55:49,,176243,"POINT (  581579.305447123,   6139127.50209354)",OVIEDO 4716 FTE 4716,1
2026-07-19,E_108,91,S,25,,S,,66676,Matutino,2026-07-19 07:55:56,,107671,"POINT (  581447.647043190,   6139124.04115253)",OVIEDO 4677 PDO 4677,1
2026-07-19,C_108,68,,,,S,,66677,Matutino,,,139452,"POINT (  573753.234146891,   6140217.45105597)",VILARDEBO 1202,0
2026-07-19,C_108,69,,,,S,,66677,Matutino,,,154292,"POINT (  573790.183299433,   6140226.85783563)",VILARDEBO 1218,0
2026-07-19,C_116,35,,,,S,,66677,Matutino,,,183252,"POINT (  571969.711702344,   6141870.58942307)",PABLO ZUFRIATEGUI 980,1
2026-07-19,C_116,36,,,,S,,66677,Matutino,,,183253,"POINT (  571976.340757351,   6141873.55134127)",PABLO ZUFRIATEGUI 980,1
2026-07-19,C_116,37,,,,S,,66677,Matutino,,,183304,"POINT (  572165.783239775,   6141697.63953385)",VALENTIN GOMEZ 985 PDO 987,1
2026-07-19,C_116,38,,,,S,,66677,Matutino,,,183202,"POINT (  572164.205331155,   6141696.49775556)",VALENTIN GOMEZ 985 PDO 987,1
2026-07-19,C_116,39,,,,S,,66677,Matutino,,,183321,"POINT (  572114.389812025,   6141664.42398725)",VALENTIN GOMEZ 967,1
2026-07-19,C_116,40,,,,S,,66677,Matutino,,,183240,"POINT (  572014.862279977,   6141741.27146313)",INOCENCIO RAFFO ARROSA 962,1
2026-07-19,C_116,41,,,,S,,66677,Matutino,,,183241,"POINT (  572093.219331594,   6141785.75518138)",INOCENCIO RAFFO ARROSA 990,1
2026-07-19,C_109,1,,,,S,,66677,Matutino,,,134768,"POINT (  572640.063862556,   6140669.05148118)",SAN RAMON 929 FTE 934,2
2026-07-19,C_109,2,,,,S,,66677,Matutino,,,179075,"POINT (  572635.525243137,   6140464.64586122)",EDUARDO DIONISIO CARBAJAL Esq. 12 DE DICIEMBRE EN 3042. PROV OV(O: EDUARDO DIONISIO CARBAJAL Y SAN RAMON),2
2026-07-19,C_109,3,,,,S,,66677,Matutino,,,179076,"POINT (  572637.377094989,   6140463.12080676)",EDUARDO DIONISIO CARBAJAL Esq. 12 DE DICIEMBRE EN 3042. PROV OV(O: EDUARDO DIONISIO CARBAJAL Y 12 DE DICIOEMBRE),2
2026-07-19,C_109,4,,,,S,,66677,Matutino,,,179077,"POINT (  572639.228946841,   6140461.37788737)",EDUARDO DIONISIO CARBAJAL Esq. 12 DE DICIEMBRE EN 3042. PROV OV(O: EDUARDO DIONISIO CARBAJAL Y 12 DE DICIOEMBRE),2
2026-07-19,C_109,5,,,,S,,66677,Matutino,,,134775,"POINT (  572778.121018627,   6140359.79517001)",EDUARDO DIONISIO CARBAJAL Esq. PROGRESO VEREDA. FTE 2956,2
2026-07-19,C_109,6,,,,S,,66677,Matutino,,,134776,"POINT (  572861.193806059,   6140296.96108570)",EDUARDO DIONISIO CARBAJAL 2963 VEREDA. FTE 2910. MURO CIEGO,2
2026-07-19,C_109,7,,,,S,,66677,Matutino,,,158813,"POINT (  572935.377531962,   6140230.91847541)",EDUARDO DIONISIO CARBAJAL 2869 FTE 2876,2
2026-07-19,C_109,8,,,,S,,66677,Matutino,,,158801,"POINT (  573004.018664816,   6140166.90458852)",EDUARDO DIONISIO CARBAJAL 2835 FTE 2850. MURO,2
2026-07-19,C_109,9,,,,S,,66677,Matutino,,,183472,"POINT (  573156.655513901,   6140111.38581345)",GRAL FARIAS 4,2
2026-07-19,C_109,10,,,,S,,66677,Matutino,,,134725,"POINT (  573120.689689750,   6140055.71202228)",EDUARDO DIONISIO CARBAJAL 2763,2
2026-07-19,C_109,11,,,,S,,66677,Matutino,,,180759,"POINT (  573216.454068713,   6139935.72946269)",TAPES 905 PDO ESQUINA,2
2026-07-19,C_109,12,,,,S,,66677,Matutino,,,182330,"POINT (  573493.101430577,   6139883.15280816)",SAN FRUCTUOSO 1096 FTE 1096,2
2026-07-19,C_109,13,,,,S,,66677,Matutino,,,134726,"POINT (  573447.069512274,   6139870.97238513)",SAN FRUCTUOSO 1067,2
2026-07-19,C_109,14,,,,S,,66677,Matutino,,,152052,"POINT (  573347.823385051,   6139842.69344111)",SAN FRUCTUOSO 1019,2
2026-07-19,C_109,15,,,,S,,66677,Matutino,,,134757,"POINT (  573537.080263058,   6139708.64360241)",ENTRE RIOS 1090,2
2026-07-19,C_109,16,,,,S,,66677,Matutino,,,134759,"POINT (  573555.544088545,   6139617.18707440)",SANTA FE Esq. PARAGUAY,2
2026-07-19,C_109,17,,,,S,,66677,Matutino,,,134760,"POINT (  573401.624873967,   6139920.85786758)",JUJUY 2678 EN 2680,2
2026-07-19,C_109,18,,,,S,,66677,Matutino,,,176134,"POINT (  573386.843523573,   6139976.50910830)",JUJUY 2693 PROV OV (O: TAPES 1010),2
2026-07-19,C_109,19,,,,S,,66677,Matutino,,,176133,"POINT (  573386.052563121,   6139979.33396705)",JUJUY Esq. TAPES PROV OV (O: TAPES 1010),2
2026-07-19,C_109,20,,,,S,,66677,Matutino,,,134753,"POINT (  573352.267252386,   6140100.23792186)",JUJUY 2744 ANTES DE COLUMNA,2
2026-07-19,C_109,21,,,,S,,66677,Matutino,,,134754,"POINT (  573331.193806059,   6140146.79159417)",JUJUY 2760,2
2026-07-19,C_109,22,,,,S,,66677,Matutino,,,183492,"POINT (  573326.049224619,   6140160.73162505)",JUJUY 2770,2
2026-07-19,C_109,23,,,,S,,66677,Matutino,,,183213,"POINT (  573252.871654466,   6140258.48567691)",JUJUY 2826,2
2026-07-19,C_109,24,,,,S,,66677,Matutino,,,134755,"POINT (  573250.628834307,   6140260.68989926)",JUJUY 2826,2
2026-07-19,C_109,25,,,,S,,66677,Matutino,,,134727,"POINT (  573224.188156341,   6140289.16447553)",JUJUY 2834 EN 2836A,2
2026-07-19,C_109,26,,,,S,,66677,Matutino,,,147212,"POINT (  573078.877421878,   6140375.26617044)",DRA OBDULIA EBOLE 2924 EN 2922/2924,2
2026-07-19,C_109,27,,,,S,,66677,Matutino,,,134758,"POINT (  572991.532789110,   6140426.22662242)",DRA OBDULIA EBOLE Esq. RIO GRANDE PDO ARBOL,2
2026-07-19,C_109,28,,,,S,,66677,Matutino,,,134781,"POINT (  573020.120359731,   6140475.04018174)",RIO GRANDE 946 FTE 947,2
2026-07-19,C_109,29,,,,N,,66677,Matutino,,,134820,"POINT (  572932.054919837,   6140559.73028019)",URUGUAYANA 3152 VEREDA.EN 3154,2
2026-07-19,C_109,30,,,,S,,66677,Matutino,,,180068,"POINT (  572801.946985403,   6140637.91820654)",URUGUAYANA 3230 PROV OV. (O: VEREDA. URUGUAYANA 3208),2
2026-07-19,C_109,31,,,,S,,66677,Matutino,,,159853,"POINT (  572784.075161991,   6140648.82549248)",URUGUAYANA 3236,2
2026-07-19,C_109,32,,,,S,,66677,Matutino,,,134782,"POINT (  572749.129901276,   6140670.43555116)",URUGUAYANA 3248 VEREDA,2
2026-07-19,C_109,33,,,,S,,66677,Matutino,,,181628,"POINT (  572669.949308434,   6140568.63567590)",HERVIDERO 3096,2
2026-07-19,C_109,34,,,,S,,66677,Matutino,,,134765,"POINT (  572673.001715664,   6140566.33961677)",HERVIDERO 3096,2
2026-07-19,C_109,35,,,,S,,66677,Matutino,,,134763,"POINT (  572797.973467076,   6140620.91588796)",URUGUAYANA 3223 VEREDA,2
2026-07-19,C_109,36,,,,S,,66677,Matutino,,,137592,"POINT (  572860.947750374,   6140581.48092957)",URUGUAYANA 3193,2
2026-07-19,C_109,37,,,,S,,66677,Matutino,,,134772,"POINT (  572859.555387980,   6140449.50345858)",PROGRESO 901,2
2026-07-19,C_109,38,,,,S,,66677,Matutino,,,138133,"POINT (  572979.280005508,   6140328.62811427)",HERVIDERO 2879,2
2026-07-19,C_109,39,,,,S,,66677,Matutino,,,184371,"POINT (  573031.765197604,   6140277.99643421)",HERVIDERO 2853,2
2026-07-19,C_109,40,,,,S,,66677,Matutino,,,134771,"POINT (  573111.871772161,   6140206.90458853)",HERVIDERO 2803 EN 2807. SALIDA VIVIENDAS,2
2026-07-19,C_109,41,,,,S,,66677,Matutino,,,181296,"POINT (  572796.695978661,   6140693.28016506)",12 DE DICIEMBRE 976,2
2026-07-19,C_109,42,,,,S,,66677,Matutino,,,184039,"POINT (  572875.216628291,   6140795.00661061)",12 DE DICIEMBRE 1040,2
2026-07-19,C_109,43,,,,S,,66677,Matutino,,,134822,"POINT (  573096.730529223,   6140490.40741339)",CAP MANUEL ANTONIO ARTIGAS Esq. AV AGRACIADA VEREDA,2
2026-07-19,C_109,44,,,,S,,66677,Matutino,,,134743,"POINT (  573093.905670466,   6140486.90458853)",CAP MANUEL ANTONIO ARTIGAS Esq. URUGUAYANA VEREDA,2
2026-07-19,C_109,45,,,,S,,66677,Matutino,,,183211,"POINT (  573084.898090196,   6140476.16383944)",CAP MANUEL ANTONIO ARTIGAS Esq. URUGUAYANA,2
2026-07-19,C_109,46,,,,S,,66677,Matutino,,,183209,"POINT (  573083.155170806,   6140474.42092004)",CAP MANUEL ANTONIO ARTIGAS Esq. URUGUAYANA,2
2026-07-19,C_109,47,,,,S,,66677,Matutino,,,183210,"POINT (  573147.790951634,   6140430.79581961)",GRAL FRANCISCO URDANETA Esq. URUGUAYANA,2
2026-07-19,C_109,48,,,,S,,66677,Matutino,,,134797,"POINT (  573149.950868206,   6140433.11927779)",GRAL FRANCISCO URDANETA Esq. URUGUAYANA VEREDA,2
2026-07-19,C_109,49,,,,S,,66677,Matutino,,,180341,"POINT (  573407.003588017,   6140139.77027800)",NERSES OUNANIAN 1035 en 1037,2
2026-07-19,C_109,50,,,,S,,66677,Matutino,,,181157,"POINT (  573382.420729848,   6140131.60447212)",NERSES OUNANIAN 1019 EN 1023,2
2026-07-19,C_109,51,,,,S,,66677,Matutino,,,134800,"POINT (  573233.679681766,   6140147.24357158)",CARLOS PRINCIVALLE 907 MURO CIEGO. PDO ENTRADA,2
2026-07-19,C_109,52,,,,S,,66677,Matutino,,,134801,"POINT (  573238.501683367,   6140089.34039460)",SAN JUAN 2775 MURO BLOQUES,2
2026-07-19,C_109,53,,,,S,,66677,Matutino,,,183185,"POINT (  573276.522708932,   6139977.69033072)",SAN JUAN 2707,2
2026-07-19,C_109,54,,,,S,,66677,Matutino,,,134784,"POINT (  573278.538438828,   6139973.57125520)",SAN JUAN Esq. TAPES,2
2026-07-19,C_109,55,,,,S,,66677,Matutino,,,134785,"POINT (  573427.013015100,   6140283.74074672)",AV JOAQUIN SUAREZ 2878 VEREDA,2
2026-07-19,C_109,56,,,,S,,66677,Matutino,,,183186,"POINT (  573427.003726144,   6140287.35861416)",AV JOAQUIN SUAREZ 2878,2
2026-07-19,C_109,57,,,,S,,66677,Matutino,,,134823,"POINT (  573465.138654414,   6140353.51262920)",DR EVARISTO CIGANDA 1060,2
2026-07-19,C_109,58,,,,S,,66677,Matutino,,,183187,"POINT (  573466.725164924,   6140353.71167778)",DR EVARISTO CIGANDA 1060,2
2026-07-19,C_109,59,,,,S,,66677,Matutino,,,134824,"POINT (  573584.414145043,   6140361.36786536)",DR EVARISTO CIGANDA 1135 FTE 1135,2
2026-07-19,C_109,60,,,,S,,66677,Matutino,,,184372,"POINT (  573658.303547713,   6140365.21241569)",DR EVARISTO CIGANDA 1162 MURO,2
2026-07-19,C_109,61,,,,S,,66677,Matutino,,,134791,"POINT (  573724.527139394,   6140417.86504051)",ZAPICAN 2770 EN 2776,2
2026-07-19,C_109,62,,,,N,,66677,Matutino,,,179328,"POINT (  573719.112707190,   6140447.97123072)",ZAPICAN 2796,2
2026-07-19,C_109,63,,,,S,,66677,Matutino,,,179329,"POINT (  573716.498328105,   6140547.09977103)",ZAPICAN 2838 PDO 2840,2
2026-07-19,C_109,64,,,,S,,66677,Matutino,,,134751,"POINT (  573707.738616075,   6140644.16909132)",ZAPICAN 2886,2
2026-07-19,C_109,65,,,,S,,66677,Matutino,,,182044,"POINT (  573611.927966098,   6140621.09948487)",GRITO DE ASENCIO 1261,2
2026-07-19,C_109,66,,,,S,,66677,Matutino,,,182046,"POINT (  573598.597382252,   6140607.81044926)",GRITO DE ASENCIO 1261,2
2026-07-19,C_109,67,,,,S,,66677,Matutino,,,182051,"POINT (  573539.696236519,   6140568.42072037)",GRITO DE ASENCIO 1242,2
2026-07-19,C_109,68,,,,S,,66677,Matutino,,,182050,"POINT (  573535.515349147,   6140567.42527099)",GRITO DE ASENCIO 1242,2
2026-07-19,C_109,69,,,,S,,66677,Matutino,,,182043,"POINT (  573466.893534357,   6140550.25995199)",GRITO DE ASENCIO 1208,2
2026-07-19,C_109,70,,,,S,,66677,Matutino,,,134810,"POINT (  573344.557788188,   6140526.41310004)",GRITO DE ASENCIO 1141 EN 1143. PDO CORDON ROJO,2
2026-07-19,C_109,71,,,,S,,66677,Matutino,,,134811,"POINT (  573289.479325345,   6140514.60551271)",GRITO DE ASENCIO 1115 EN 1117,2
2026-07-19,C_109,72,,,,S,,66677,Matutino,,,183295,"POINT (  573286.585195769,   6140513.99126206)",GRITO DE ASENCIO 1115,2
2026-07-19,C_109,73,,,,S,,66677,Matutino,,,134813,"POINT (  573210.026197774,   6140497.21920026)",GRITO DE ASENCIO 1097 MURO CIEGO. PDO ENTRADA,2
2026-07-19,C_109,74,,,,S,,66677,Matutino,,,171853,"POINT (  573206.050162916,   6140496.62007172)",GRITO DE ASENCIO 1097 EN 1091,2
2026-07-19,C_109,75,,,,S,,66677,Matutino,,,134814,"POINT (  573079.906372066,   6140831.96865559)",BV GRAL ARTIGAS Esq. BURICAYUPI VEREDA.,2
2026-07-19,C_109,76,,,,S,,66677,Matutino,,,134815,"POINT (  573109.536001696,   6140706.80525690)",BURICAYUPI 3147 EN 3147/3145,2
2026-07-19,C_109,77,,,,S,,66677,Matutino,,,134792,"POINT (  573141.958790125,   6140652.03163238)",BURICAYUPI 3107,2
2026-07-19,C_109,78,,,,S,,66677,Matutino,,,179316,"POINT (  573213.663646405,   6140525.98217909)",BURICAYUPI 3061 FTE 3064,2
2026-07-19,C_109,79,,,,S,,66677,Matutino,,,184304,"POINT (  573323.856569063,   6140621.52132222)",CUARO 3088,2
2026-07-19,C_109,80,,,,S,,66677,Matutino,,,156312,"POINT (  573247.172315412,   6140783.75283538)",CUARO 3156,2
2026-07-19,C_109,81,,,,S,,66677,Matutino,,,149312,"POINT (  573240.501992610,   6140842.46803707)",BV GRAL ARTIGAS 4295,2
2026-07-19,C_109,82,,,,S,,66677,Matutino,,,147272,"POINT (  573472.716829582,   6140860.29109568)",BV GRAL ARTIGAS 4189,2
2026-07-19,C_109,83,,,,S,,66677,Matutino,,,159132,"POINT (  573658.195114852,   6140874.97436343)",BV GRAL ARTIGAS 4101,2
2026-07-19,C_109,84,,,,S,,66677,Matutino,,,134737,"POINT (  573677.094888028,   6140796.11267517)",ZAPICAN 2963,2
2026-07-19,C_109,85,,,,S,,66677,Matutino,,,160298,"POINT (  573677.154534983,   6140795.05278284)",ZAPICAN 2963,2
2026-07-19,C_109,86,,,,N,,66677,Matutino,,,181481,"POINT (  573660.496052942,   6140699.21722615)",GRAL ENRIQUE MARTINEZ 1196 PROV OV. (O: GRITO DE ASENCIO 1261 BIS),2
2026-07-19,C_109,87,,,,S,,66677,Matutino,,,180495,"POINT (  573528.958790785,   6140774.41677054)",GRAL ENRIQUE MARTINEZ 1167,2
2026-07-19,C_109,88,,,,S,,66677,Matutino,,,180676,"POINT (  573527.234072549,   6140774.23186754)",GRAL ENRIQUE MARTINEZ 1167,2
2026-07-19,C_109,89,,,,S,,66677,Matutino,,,134734,"POINT (  573417.542537643,   6140748.47192356)",AV JOAQUIN SUAREZ 3091 VEREDA. EN 3093,2
2026-07-19,C_109,90,,,,S,,66677,Matutino,,,134808,"POINT (  573417.597003874,   6140746.89240287)",AV JOAQUIN SUAREZ 3091,2
2026-07-19,C_109,91,,,,S,,66677,Matutino,,,134735,"POINT (  573415.418354637,   6140632.73118282)",AV JOAQUIN SUAREZ 3045 VEREDA,2
2026-07-19,C_109,92,,,,S,,66677,Matutino,,,134736,"POINT (  573414.764759866,   6140605.38913489)",AV JOAQUIN SUAREZ 3035 VEREDA,2
2026-07-19,C_109,93,,,,S,,66677,Matutino,,,134740,"POINT (  573415.418354637,   6140517.26277324)",AV JOAQUIN SUAREZ 2987 VEREDA. PDO KIOSKO,2
2026-07-19,C_109,94,,,,S,,66677,Matutino,,,177441,"POINT (  573416.188125946,   6140476.53587732)",AV JOAQUIN SUAREZ 2967 VEREDA,2
2026-07-19,C_109,95,,,,S,,66677,Matutino,,,179326,"POINT (  573415.463469717,   6140451.29367081)",AV JOAQUIN SUAREZ 2959 VEREDA,2
2026-07-19,C_109,96,,,,S,,66677,Matutino,,,134741,"POINT (  573414.655827404,   6140395.36734840)",AV JOAQUIN SUAREZ 2927 VEREDA. EN 2927/2933,2
2026-07-19,C_109,97,,,,S,,66677,Matutino,,,134742,"POINT (  573398.528946027,   6140360.77699244)",DR EVARISTO CIGANDA 1039,2
2026-07-19,C_109,98,,,,S,,66677,Matutino,,,183188,"POINT (  573396.040080610,   6140360.04339107)",DR EVARISTO CIGANDA 1039,2
2026-07-19,D_111,26,S,100,,S,,66682,Matutino,2026-07-19 07:02:31,,124109,"POINT (  575503.500182494,   6142544.90720543)",BRUNO MENDEZ 3803,0
2026-07-19,D_109,11,S,100,,S,,66682,Matutino,2026-07-19 07:10:09,,176572,"POINT (  576728.319000000,   6142557.49857457)",MANUEL ARROTEA 3270 EN 3270/3272,1
2026-07-19,F_103,77,S,100,,S,,66682,Matutino,2026-07-19 07:31:14,,142476,"POINT (  579441.086274805,   6140978.93570967)",TAMESIS 2412 FTE 2415 / 2429,2
2026-07-19,F_103,78,S,100,,S,,66682,Matutino,2026-07-19 07:31:19,,142475,"POINT (  579437.848667774,   6140982.44311729)",TAMESIS 2412 FTE 2415 / 2429,2
2026-07-19,F_103,79,S,100,,S,Basura Afuera,66682,Matutino,2026-07-19 07:29:46,,142474,"POINT (  579454.568055532,   6141053.75711262)",JOSE ANTONIO CABRERA Esq. 20 DE FEBRERO,2
2026-07-19,F_103,80,N,,Contenedor No Está,S,,66682,Matutino,2026-07-19 07:29:55,,142473,"POINT (  579459.099661533,   6141050.46139916)",20 DE FEBRERO Esq. JOSE ANTONIO CABRERA,2
2026-07-19,F_103,81,S,100,,S,Basura Afuera,66682,Matutino,2026-07-19 07:35:33,,142478,"POINT (  579564.924743750,   6140959.77986807)",20 DE FEBRERO 2373 EN 2373 / 2375,2
2026-07-19,F_103,82,S,100,,S,,66682,Matutino,2026-07-19 07:37:46,,142477,"POINT (  579653.149535352,   6140882.88670107)",20 DE FEBRERO 2311 PDO 2315,2
2026-07-19,F_103,83,S,100,,S,,66682,Matutino,2026-07-19 09:46:02,,142452,"POINT (  579420.311629687,   6140662.72942295)",JUAN J RAISSIGNIER 2314,2
2026-07-19,F_103,84,S,100,,S,,66682,Matutino,2026-07-19 09:49:16,,179583,"POINT (  579384.823205665,   6140696.07027342)",JUAN J RAISSIGNIER 2350,2
2026-07-19,F_103,85,S,100,,S,,66682,Matutino,2026-07-19 09:52:07,,182307,"POINT (  579145.223703486,   6140852.07885556)",HUMACHIRI 4077,2
2026-07-19,F_103,86,S,100,,S,,66682,Matutino,2026-07-19 09:54:25,,142449,"POINT (  579139.719020312,   6140905.28014971)",JUAN J RAISSIGNIER 2518 FTE 2519,2
2026-07-19,F_103,87,S,100,,S,,66682,Matutino,2026-07-19 09:57:24,,142481,"POINT (  579145.115032031,   6141121.12061845)",GRAL JOSE VILLAGRAN 2585,2
2026-07-19,F_103,88,S,100,,S,,66682,Matutino,2026-07-19 09:57:31,,148077,"POINT (  579149.145606934,   6141114.42171032)",GRAL JOSE VILLAGRAN 2585,2
2026-07-19,F_103,89,S,100,,S,,66682,Matutino,2026-07-19 10:03:04,,142412,"POINT (  579357.448093164,   6140935.63271562)",GRAL JOSE VILLAGRAN 2443 ESQ JOSE ANTONIO CABRERA,2
2026-07-19,F_103,90,S,75,,S,,66682,Matutino,2026-07-19 10:03:11,,148092,"POINT (  579361.382775692,   6140931.38820175)",GRAL JOSE VILLAGRAN 2443,2
2026-07-19,F_103,91,S,100,,S,Basura Afuera,66682,Matutino,2026-07-19 10:05:41,,175423,"POINT (  579236.742863842,   6140910.85942769)",FRANCISCO SCHINCA 2493 fte 2492,2
2026-07-19,F_103,92,S,100,,S,,66682,Matutino,2026-07-19 10:09:12,,181846,"POINT (  579317.534012854,   6140842.53325207)",FRANCISCO SCHINCA 2425,2
2026-07-19,F_103,93,S,100,,S,,66682,Matutino,2026-07-19 10:09:19,,142396,"POINT (  579397.918181054,   6140772.67316172)",FRANCISCO SCHINCA 2363 ENTRE EL 2363-2369,2
2026-07-19,F_103,94,S,100,,S,,66682,Matutino,2026-07-19 10:10:13,,142395,"POINT (  579419.071361889,   6140749.69032444)",FRANCISCO SCHINCA 2353,2
2026-07-19,F_103,95,S,100,,S,Basura Afuera,66682,Matutino,2026-07-19 10:13:26,,180146,"POINT (  579513.914343137,   6140814.58129237)",GRAL JOSE VILLAGRAN 2348 FTE 2347,2
2026-07-19,F_103,96,S,100,,S,,66682,Matutino,2026-07-19 10:14:36,,142399,"POINT (  579448.640691211,   6140871.68997676)",GRAL JOSE VILLAGRAN 2388,2
2026-07-19,D_105,1,S,100,,S,,66682,Matutino,2026-07-19 10:28:13,,179066,"POINT (  577844.830106780,   6141477.78088248)",ING JOSE SERRATO 3081,3
2026-07-19,D_105,2,S,75,,S,,66682,Matutino,2026-07-19 10:28:22,,179067,"POINT (  577846.186038983,   6141476.08596723)",ING JOSE SERRATO 3081,3
2026-07-19,D_105,3,S,100,,S,Basura Afuera,66682,Matutino,2026-07-19 10:32:17,,176309,"POINT (  577939.206725933,   6141341.31261824)",ING JOSE SERRATO 3033,3
2026-07-19,D_105,4,S,100,,S,Basura Afuera,66682,Matutino,2026-07-19 10:32:26,,178938,"POINT (  577940.849773212,   6141338.30455664)",ING JOSE SERRATO 3033,3
2026-07-19,D_105,5,S,100,,S,,66682,Matutino,2026-07-19 10:36:09,,114359,"POINT (  577820.565174731,   6141178.29667341)",HIMALAYA 3018,3
2026-07-19,D_105,6,S,100,,S,,66682,Matutino,2026-07-19 10:42:37,,184186,"POINT (  577767.612105739,   6141264.25166556)",HIMALAYA 3062 3062,3
2026-07-19,D_105,7,,,,N,,66682,Matutino,,,177471,"POINT (  577694.207587475,   6141367.69336552)",HIMALAYA 3108,3
2026-07-19,D_105,8,,,,N,,66682,Matutino,,,114372,"POINT (  577683.923501529,   6141455.80063567)",ESPARTILLO Esq. COLIBRI (REIRAR VIEJO DE HIMALAYA ESQ. ESPARTILLO),3
2026-07-19,D_105,9,,,,S,,66682,Matutino,,,114370,"POINT (  577749.681026933,   6141475.46200139)",GDOR VIANA 3137 MURO,3
2026-07-19,D_105,10,,,,S,,66682,Matutino,,,114360,"POINT (  577815.296050549,   6141346.65030887)",GDOR VIANA 3073,3
2026-07-19,D_105,11,,,,S,,66682,Matutino,,,114345,"POINT (  577851.243762968,   6141292.94660517)",GDOR VIANA 3046 MURO,3
2026-07-19,D_105,12,,,,S,,66682,Matutino,,,114361,"POINT (  577724.337444885,   6141156.45423044)",CORUÑA 3030,3
2026-07-19,D_105,13,,,,S,,66682,Matutino,,,114334,"POINT (  577687.845070157,   6141212.33658338)",CORUÑA Esq. BRAZO LARGO,3
2026-07-19,D_105,14,,,,S,,66682,Matutino,,,114335,"POINT (  577582.943109373,   6141303.29518905)",TOMAS CLARAMUNT 3619,3
2026-07-19,D_105,15,,,,N,,66682,Matutino,,,114374,"POINT (  577531.635919830,   6141258.52394722)",PERNAS 3097 EN 3099,3
2026-07-19,D_105,16,,,,S,,66682,Matutino,,,114375,"POINT (  577602.590608820,   6141153.42683349)",PERNAS Esq. BRAZO LARGO,3
2026-07-19,D_105,17,,,,S,,66682,Matutino,,,114373,"POINT (  577654.076006976,   6141078.56752020)",PERNAS 3019,3
2026-07-19,D_105,18,,,,S,,66682,Matutino,,,114336,"POINT (  577555.481645776,   6141064.09164211)",MARIA STAGNERO DE MUNAR 3044 EN 3040,3
2026-07-19,D_105,19,,,,S,,66682,Matutino,,,114362,"POINT (  577527.823718550,   6141106.02560241)",MARIA STAGNERO DE MUNAR Esq. BRAZO LARGO,3
2026-07-19,D_105,20,,,,S,,66682,Matutino,,,114376,"POINT (  577580.873392598,   6141385.53919776)",ESPARTILLO 3628 EN 3628/3626,3
2026-07-19,D_105,21,,,,S,,66682,Matutino,,,114377,"POINT (  577609.086900223,   6141396.86817380)",ESPARTILLO 3638 EN 3638/3640,3
2026-07-19,D_105,22,,,,S,,66682,Matutino,,,180207,"POINT (  577697.930400654,   6141625.63917909)",GDOR VIANA 3219,3
2026-07-19,D_105,23,,,,S,,66682,Matutino,,,180206,"POINT (  577695.751751416,   6141631.73939695)",GDOR VIANA 3225,3
2026-07-19,D_105,24,,,,S,,66682,Matutino,,,114348,"POINT (  577584.637382906,   6141609.97241136)",20 DE FEBRERO Esq. HIMALAYA FTE VIVIENDAS,3
2026-07-19,D_105,25,,,,S,,66682,Matutino,,,176312,"POINT (  577553.337183616,   6141548.92110396)",HIMALAYA 3228,3
2026-07-19,D_105,26,,,,N,,66682,Matutino,,,176311,"POINT (  577585.557488459,   6141502.09693197)",HIMALAYA Esq. OMAR ODRIOZOLA,3
2026-07-19,D_105,27,,,,S,,66682,Matutino,,,176310,"POINT (  577586.973610463,   6141500.46294504)",HIMALAYA 3159,3
2026-07-19,D_105,28,,,,N,,66682,Matutino,,,181090,"POINT (  577466.409142728,   6141459.85774094)",AV DAMASO ANTONIO LARRAÑAGA 3775 3853,3
2026-07-19,D_105,29,,,,N,,66682,Matutino,,,181091,"POINT (  577466.191277804,   6141455.71830739)",AV DAMASO ANTONIO LARRAÑAGA 3775 3853,3
2026-07-19,D_105,30,,,,S,,66682,Matutino,,,181088,"POINT (  577463.831508026,   6141407.51455491)",AV DAMASO ANTONIO LARRAÑAGA 3775 3775,3
2026-07-19,D_105,31,,,,S,,66682,Matutino,,,181089,"POINT (  577463.831508026,   6141403.63395790)",AV DAMASO ANTONIO LARRAÑAGA 3775 3775,3
2026-07-19,D_105,32,,,,S,,66682,Matutino,,,181085,"POINT (  577463.562332898,   6141218.77694750)","AV DAMASO ANTONIO LARRAÑAGA 3711 está desde años, se movió por obras un mes solamente",3
2026-07-19,D_105,33,,,,S,,66682,Matutino,,,181086,"POINT (  577461.710481046,   6141168.88587996)","AV DAMASO ANTONIO LARRAÑAGA 3621 solo se movio un mes x obra, está hace años ahí",3
2026-07-19,D_105,34,,,,S,,66682,Matutino,,,181087,"POINT (  577461.710481046,   6141164.74644641)","AV DAMASO ANTONIO LARRAÑAGA 3621 solo se movió un mes x obra, está hace años ahí",3
2026-07-19,D_105,35,,,,S,,66682,Matutino,,,180968,"POINT (  577373.268601707,   6141192.87031809)",MADRESELVA 3710 PROV OV (O: AV DAMASO ANTONIO LARRAÑAGA 3711),3
2026-07-19,D_105,36,,,,S,,66682,Matutino,,,180662,"POINT (  577381.878580828,   6141333.71689194)",MADRESELVA Esq. PARMA,3
2026-07-19,D_105,37,,,,S,,66682,Matutino,,,180663,"POINT (  577382.750040523,   6141341.99575904)",MADRESELVA Esq. PARMA,3
2026-07-19,D_105,38,,,,S,,66682,Matutino,,,114381,"POINT (  577339.006354249,   6141490.05695992)",MADRESELVA 3845 FTE 3845,3
2026-07-19,D_105,39,,,,S,,66682,Matutino,,,114382,"POINT (  577337.263434859,   6141494.84998824)",MADRESELVA 3845 FTE 3845,3
2026-07-19,D_105,40,,,,S,,66682,Matutino,,,114356,"POINT (  577244.888707190,   6141413.36850676)",PARMA 3093,3
2026-07-19,D_105,41,,,,S,,66682,Matutino,,,114368,"POINT (  577242.710057952,   6141272.19203617)",SIENA 3058,3
2026-07-19,D_105,42,,,,S,,66682,Matutino,,,114367,"POINT (  577164.426277560,   6141343.69083421)",SIENA 3094,3
2026-07-19,D_105,43,,,,S,,66682,Matutino,,,114352,"POINT (  577098.726482735,   6141301.24363945)",JUAN ARRIETA 3425,3
2026-07-19,D_105,44,,,,S,,66682,Matutino,,,176777,"POINT (  577121.724752505,   6141203.33135708)",AREZZO 3063,3
2026-07-19,D_105,45,,,,S,,66682,Matutino,,,114384,"POINT (  577191.877257952,   6141153.11349216)",AREZZO Esq. ING EDUARDO CANSTATT,3
2026-07-19,D_105,46,,,,N,,66682,Matutino,,,179193,"POINT (  577357.817338126,   6141018.74259303)",MADRESELVA Esq. PESARO ESQ,3
2026-07-19,D_105,47,,,,S,,66682,Matutino,,,114339,"POINT (  577184.469850545,   6141014.11567081)",PESARO 2993 FTE 2993,3
2026-07-19,D_105,48,,,,S,,66682,Matutino,,,114385,"POINT (  577107.127802615,   6141064.87819804)",PESARO Esq. ING EDUARDO CANSTATT (RETIRAR VIEJO CRUZANDO LA ESQUINA),3
2026-07-19,D_105,49,,,,S,,66682,Matutino,,,177475,"POINT (  576998.913167683,   6141173.68513605)",PESARO Esq. JUAN ARRIETA (SOLAMENE RETIRAR VIEJO),3
2026-07-19,D_105,50,,,,N,,66682,Matutino,,,114340,"POINT (  576996.888151198,   6141175.98930915)",PESARO Esq. JUAN ARRIETA,3
2026-07-19,D_105,51,,,,S,,66682,Matutino,,,114369,"POINT (  576910.504708932,   6141082.30739194)",TRENTO 3095,3
2026-07-19,D_105,52,,,,S,,66682,Matutino,,,177474,"POINT (  576914.290343247,   6141078.93531787)",TRENTO 3095 (SOLAMENTE RETIRAR VIEJO),3
2026-07-19,D_105,53,,,,S,,66682,Matutino,,,114353,"POINT (  577016.387061874,   6140979.14835055)",TRENTO 3049,3
2026-07-19,D_105,54,,,,S,,66682,Matutino,,,114341,"POINT (  577047.605973219,   6140826.17665210)",AV REPUBLICA DE COREA 3253,3
2026-07-19,D_105,55,,,,S,,66682,Matutino,,,114343,"POINT (  576920.853292810,   6140925.11784946)",BV JOSE BATLLE Y ORDOÑEZ 3404,3
2026-07-19,D_105,56,,,,S,,66682,Matutino,,,114344,"POINT (  576856.510988530,   6140987.44555932)",BV JOSE BATLLE Y ORDOÑEZ 3440,3
2026-07-19,D_105,57,,,,S,,66682,Matutino,,,114342,"POINT (  576854.846277229,   6140989.38772251)",BV JOSE BATLLE Y ORDOÑEZ 3440,3
2026-07-19,F_110,13,N,,Contenedor No Está,S,,66683,Matutino,2026-07-19 08:29:02,,142099,"POINT (  580631.062156922,   6144333.60128914)",VENECIA Esq. PINTADO FTE 3277,0
2026-07-19,F_110,14,S,25,,S,,66683,Matutino,2026-07-19 08:28:47,23,142100,"POINT (  580627.375273329,   6144335.36458129)",VENECIA Esq. PINTADO FTE 3277,0
2026-07-19,F_108,1,N,,Contenedor No Está,N,,66683,Matutino,2026-07-19 06:56:17,,142484,"POINT (  579233.374314152,   6143370.56341867)",AV JOSE BELLONI 3164 EN 3164/3168,1
2026-07-19,F_108,2,S,100,,S,,66683,Matutino,2026-07-19 06:56:31,16,142483,"POINT (  579143.204253065,   6143580.31486634)",AV JOSE BELLONI 3276,1
2026-07-19,F_108,3,S,100,,S,,66683,Matutino,2026-07-19 06:56:59,16,142552,"POINT (  579090.422747200,   6143834.42666653)",LISBOA 5217,1
2026-07-19,F_108,4,S,100,,S,Basura Afuera,66683,Matutino,2026-07-19 06:57:17,16,142551,"POINT (  579113.228286462,   6144052.07566695)",AV ACROPOLIS 3478 EN 3466/3478,1
2026-07-19,F_108,5,S,100,,S,Basura Afuera,66683,Matutino,2026-07-19 06:57:25,16,142550,"POINT (  579162.760766038,   6144145.57022591)",AV ACROPOLIS 3500,1
2026-07-19,F_108,6,S,100,,S,Basura Afuera,66683,Matutino,2026-07-19 06:58:52,16,142549,"POINT (  579229.727590505,   6144270.57481468)",AV ACROPOLIS 3550,1
2026-07-19,F_108,7,S,100,,S,Basura Afuera,66683,Matutino,2026-07-19 06:59:04,16,142485,"POINT (  579299.015159690,   6144404.61387313)",AV ACROPOLIS 3594,1
2026-07-19,F_108,8,S,50,,S,Basura Afuera,66683,Matutino,2026-07-19 07:03:23,16,142546,"POINT (  579216.781625638,   6144487.44852949)",VIENA 3597 EN 3599,1
2026-07-19,F_108,9,S,50,,S,Basura Afuera,66683,Matutino,2026-07-19 07:03:30,16,142558,"POINT (  579120.762352935,   6144448.81640140)",VIENA 3565,1
2026-07-19,F_108,10,S,100,,S,,66683,Matutino,2026-07-19 07:08:21,16,142548,"POINT (  579082.611122712,   6144520.79078111)",MODENA 3720 EN 3720/3722,1
2026-07-19,F_108,11,S,100,,S,,66683,Matutino,2026-07-19 07:08:28,16,146072,"POINT (  579032.918343852,   6144666.06200965)",AV DR CARLOS NERY 3626,1
2026-07-19,F_108,12,S,100,,S,Basura Afuera,66683,Matutino,2026-07-19 07:08:13,16,142547,"POINT (  579102.488234258,   6144629.19317373)",AV DR CARLOS NERY 3602,1
2026-07-19,F_108,13,S,50,,S,,66683,Matutino,2026-07-19 07:14:44,16,181220,"POINT (  578780.043997740,   6144799.67364633)",AV DR CARLOS NERY 3720,1
2026-07-19,F_108,14,S,50,,S,Basura Afuera,66683,Matutino,2026-07-19 07:14:54,16,142517,"POINT (  578740.692744290,   6144820.26992341)",AV DR CARLOS NERY 3742 EN 3736/3742,1
2026-07-19,F_108,15,S,50,,S,,66683,Matutino,2026-07-19 07:15:04,16,146092,"POINT (  578780.286668092,   6144599.69810498)",JOSE PIENDIBENE 3691 EN 3691/3675,1
2026-07-19,F_108,16,S,100,,S,Basura Afuera,66683,Matutino,2026-07-19 07:15:16,16,142511,"POINT (  578882.717912261,   6144536.21958747)",JOSE PIENDIBENE 3648,1
2026-07-19,F_108,17,S,100,,S,Basura Afuera,66683,Matutino,2026-07-19 07:15:26,16,142513,"POINT (  579022.498890219,   6144438.59732190)",JOSE PIENDIBENE 3603,1
2026-07-19,F_108,18,S,100,,S,,66683,Matutino,2026-07-19 07:20:43,16,142514,"POINT (  579136.872431243,   6144361.33306573)",JOSE PIENDIBENE 3529,1
2026-07-19,F_108,19,S,100,,S,,66683,Matutino,2026-07-19 07:30:26,16,142554,"POINT (  579035.322833151,   6143954.49347622)",AV ACROPOLIS 3407 FTE 3414,1
2026-07-19,F_108,20,S,50,,S,Basura Afuera,66683,Matutino,2026-07-19 07:30:34,16,142555,"POINT (  578982.824816773,   6144012.92256620)",AV JOSE BELLONI 3480 EN 3480/3488,1
2026-07-19,F_108,21,S,100,,S,Basura Afuera,66683,Matutino,2026-07-19 07:30:40,16,142556,"POINT (  578980.901225333,   6144017.73154480)",AV JOSE BELLONI 3480 EN 3480/3488,1
2026-07-19,F_108,22,S,100,,S,,66683,Matutino,2026-07-19 07:30:50,16,142557,"POINT (  578937.379969008,   6144158.31401919)",MONTECARLO 3591 EN 3595,1
2026-07-19,F_108,23,N,,Contenedor No Está,N,,66683,Matutino,2026-07-19 07:30:58,,179617,"POINT (  579011.977124177,   6144188.46685494)",MONTECARLO 3553,1
2026-07-19,F_108,24,S,100,,S,Basura Afuera,66683,Matutino,2026-07-19 07:31:05,16,142560,"POINT (  579024.703005410,   6144288.95793781)",MODENA 3670,1
2026-07-19,F_108,25,S,25,,S,Basura Afuera,66683,Matutino,2026-07-19 07:32:17,16,142486,"POINT (  579043.729823532,   6144371.01608558)",MODENA 3698 EN 3698/3700,1
2026-07-19,F_108,26,S,75,,S,Basura Afuera,66683,Matutino,2026-07-19 07:32:56,16,142536,"POINT (  578960.443971812,   6144382.06542111)",VIENA 3531 ANTES 3531,1
2026-07-19,F_108,27,S,75,,S,,66683,Matutino,2026-07-19 07:35:11,16,142537,"POINT (  578848.643705807,   6144356.75887844)",AV JOSE BELLONI 3604 EN 3604/3608,1
2026-07-19,F_108,28,S,25,,S,,66683,Matutino,2026-07-19 07:36:21,16,142538,"POINT (  578778.305992364,   6144535.42986100)",AV JOSE BELLONI 3680 EN 3680/3684,1
2026-07-19,F_108,29,S,100,,S,,66683,Matutino,2026-07-19 07:38:26,16,142539,"POINT (  578711.935621993,   6144716.30735388)",AV JOSE BELLONI 3728,1
2026-07-19,F_108,30,S,75,,S,Basura Afuera,66683,Matutino,2026-07-19 07:40:48,16,142487,"POINT (  579375.558069064,   6144388.94461785)",ZURICH 3499,1
2026-07-19,F_108,31,N,,Contenedor Fuera de Alcance,S,Fuera de Lugar,66683,Matutino,2026-07-19 07:43:19,,142488,"POINT (  579407.730493788,   6144275.05379263)",ZURICH 3457,1
2026-07-19,F_108,32,N,,Contenedor Fuera de Alcance,S,Fuera de Lugar,66683,Matutino,2026-07-19 07:43:32,,142489,"POINT (  579437.703980887,   6144176.88044833)",ZURICH 3437 EN 3437/3433,1
2026-07-19,F_108,33,S,100,,N,Basura Afuera,66683,Matutino,2026-07-19 07:43:48,16,142490,"POINT (  579475.559553617,   6144028.53527411)",ZURICH 3401 PDO 3401,1
2026-07-19,F_108,34,S,100,,S,Basura Afuera,66683,Matutino,2026-07-19 08:37:05,23,146112,"POINT (  579306.300055062,   6144055.81299768)",MONTECARLO 3446 PDO3446. CERCO,1
2026-07-19,F_108,35,S,50,,S,"Basura Afuera, Poda",66683,Matutino,2026-07-19 08:38:55,23,181651,"POINT (  579256.261632804,   6144048.46808525)",PONTEVEDRA 3495,1
2026-07-19,F_108,36,S,50,,S,Basura Afuera,66683,Matutino,2026-07-19 08:39:04,23,142521,"POINT (  579254.852706217,   6144046.70564085)",PONTEVEDRA 3495,1
2026-07-19,F_108,37,S,100,,S,Basura Afuera,66683,Matutino,2026-07-19 08:39:17,23,180151,"POINT (  579202.042624401,   6143947.31648693)",PONTEVEDRA 3455,1
2026-07-19,F_108,38,S,100,,S,Basura Afuera,66683,Matutino,2026-07-19 08:42:47,23,180152,"POINT (  579294.548274510,   6143884.66398453)",LISBOA 5320 PDO 5316,1
2026-07-19,F_108,39,S,100,,N,Basura Afuera,66683,Matutino,2026-07-19 08:35:50,23,142522,"POINT (  579426.179405114,   6143929.51790441)",LISBOA 5384 EN 5384/5386,1
2026-07-19,F_108,40,N,,Otros,S,Basura Afuera,66683,Matutino,2026-07-19 08:43:58,,142523,"POINT (  579607.839986114,   6144113.67349666)",PALENCIA 3439 FTE 3439,1
2026-07-19,F_108,41,S,75,,S,Basura Afuera,66683,Matutino,2026-07-19 08:44:54,23,146132,"POINT (  579668.518183400,   6144222.65890713)",PALENCIA 3467 FTE 3467,1
2026-07-19,F_108,42,S,25,,S,,66683,Matutino,2026-07-19 08:45:50,23,142515,"POINT (  579692.630058057,   6144284.91038082)",PALENCIA Esq. AV DR CARLOS NERY,1
2026-07-19,F_108,43,S,75,,S,Basura Afuera,66683,Matutino,2026-07-19 08:33:09,23,142516,"POINT (  579577.054272382,   6144334.60315968)",PONTEVEDRA 3600 FTE 3636,1
2026-07-19,F_108,44,S,75,,S,Basura Afuera,66683,Matutino,2026-07-19 08:46:00,23,142519,"POINT (  579491.935351171,   6144281.54409580)",PONTEVEDRA 3561,1
2026-07-19,F_108,45,S,100,,S,Basura Afuera,66683,Matutino,2026-07-19 08:48:13,23,142563,"POINT (  579890.726737821,   6144191.85051582)",AV DR CARLOS NERY 3353 EN 3353/3349,1
2026-07-19,F_108,46,S,25,,S,,66683,Matutino,2026-07-19 08:55:08,23,146152,"POINT (  579838.742857838,   6143686.75359268)",OSVALDO CRUZ 5567 FTE 5578A,1
2026-07-19,F_108,47,S,50,,S,,66683,Matutino,2026-07-19 08:52:24,23,142566,"POINT (  579837.059715328,   6143686.11239554)",OSVALDO CRUZ 5567 FTE 5578A,1
2026-07-19,F_108,48,S,75,,S,,66683,Matutino,2026-07-19 09:03:11,23,142567,"POINT (  579679.645815838,   6143628.80540056)",OSVALDO CRUZ 5343 FTE 5449,1
2026-07-19,F_108,49,S,75,,S,,66683,Matutino,2026-07-19 09:03:03,23,142491,"POINT (  579468.238166183,   6143551.22667491)",OSVALDO CRUZ Esq. EDUARDO DEPAULI EN 5267/5265,1
2026-07-19,F_108,50,S,75,,S,,66683,Matutino,2026-07-19 09:02:53,23,142508,"POINT (  579334.361152395,   6143504.73375269)",OSVALDO CRUZ 5215,1
2026-07-19,F_108,51,S,50,,S,Basura Afuera,66683,Matutino,2026-07-19 09:02:41,23,142506,"POINT (  579219.506713511,   6143465.05967925)",OSVALDO CRUZ 5163,1
2026-07-19,F_108,52,S,100,,S,,66683,Matutino,2026-07-19 08:56:19,23,142507,"POINT (  579376.368670427,   6143308.67202625)",ARBOLITO 3074 FTE 3123,1
2026-07-19,F_108,53,N,,"Contenedor Roto (choque, desfonde, etc.)",S,,66683,Matutino,2026-07-19 08:57:38,,142505,"POINT (  579309.268955327,   6143464.02245360)",ARBOLITO 3189 FTE 3189,1
2026-07-19,F_108,54,S,50,,N,"Basura Afuera, Fuera de Lugar",66683,Matutino,2026-07-19 09:02:32,23,142525,"POINT (  579168.691839642,   6143561.55984981)",BARROS ARANA 5161,1
2026-07-19,F_108,55,S,75,,S,,66683,Matutino,2026-07-19 09:02:21,23,142527,"POINT (  579462.178853148,   6143669.32387407)",BARROS ARANA 5374 EN 5378,1
2026-07-19,F_108,56,S,100,,S,Basura Afuera,66683,Matutino,2026-07-19 09:04:23,23,142492,"POINT (  579777.027632477,   6143783.09346396)",BARROS ARANA 5510,1
2026-07-19,F_108,57,N,,Tapa Bloqueda,S,Basura Afuera,66683,Matutino,2026-07-19 09:08:07,,146173,"POINT (  579780.554216784,   6143784.37585825)",BARROS ARANA 5510,1
2026-07-19,F_108,58,N,,Contenedor Cruzado,S,,66683,Matutino,2026-07-19 09:08:23,,184249,"POINT (  579861.553902796,   6143811.93075642)",BARROS ARANA 5556,1
2026-07-19,F_108,59,S,75,,S,Basura Afuera,66683,Matutino,2026-07-19 09:08:31,23,180150,"POINT (  579841.415384531,   6143833.34310850)",BARROS ARANA 5570,1
2026-07-19,F_108,60,S,50,,S,Basura Afuera,66683,Matutino,2026-07-19 09:14:41,23,142569,"POINT (  579809.965599866,   6143934.77524954)",JUAN QUEVEDO 3190 FTE 5565,1
2026-07-19,F_108,61,S,75,,S,Basura Afuera,66683,Matutino,2026-07-19 09:14:50,23,142493,"POINT (  579754.746031633,   6144123.00810130)",JUAN QUEVEDO 3338,1
2026-07-19,F_108,62,S,50,,S,Basura Afuera,66683,Matutino,2026-07-19 09:15:01,23,142529,"POINT (  579742.499724558,   6144243.69196927)",JAEN 3596 PDO EL 3596,1
2026-07-19,F_108,63,S,50,,S,Basura Afuera,66683,Matutino,2026-07-19 08:24:09,23,142541,"POINT (  580366.207660558,   6144081.33028677)",AV LUIS BRAILLE 3239 EN 3238,1
2026-07-19,F_108,64,S,50,,S,Basura Afuera,66683,Matutino,2026-07-19 08:24:18,23,142533,"POINT (  580362.681076251,   6144082.61268107)",AV LUIS BRAILLE 3239 EN 3238,1
2026-07-19,F_108,65,S,50,,S,Basura Afuera,66683,Matutino,2026-07-19 08:25:27,23,146193,"POINT (  580256.242349916,   6144115.07328661)",AV LUIS BRAILLE 3310,1
2026-07-19,F_108,66,S,75,,S,Basura Afuera,66683,Matutino,2026-07-19 09:15:13,23,180153,"POINT (  580048.697336384,   6144032.46687342)",AV DR JUSTINO JIMENEZ DE ARECHAGA 3381 3383,1
2026-07-19,F_108,67,S,100,,S,Basura Afuera,66683,Matutino,2026-07-19 09:18:49,23,142582,"POINT (  580219.147444839,   6143955.92344014)",FRANCISCO MARTINEZ NIETO 5644 FTE 5644,1
2026-07-19,F_108,68,S,50,,S,Basura Afuera,66683,Matutino,2026-07-19 09:18:33,23,142540,"POINT (  580181.557979258,   6143858.11391174)",FRANCISCO MARTINEZ NIETO 5611 FTE 5620,1
2026-07-19,F_108,69,N,,Contenedor No Está,S,,66683,Matutino,2026-07-19 08:21:40,,142534,"POINT (  580382.127779828,   6143824.56405419)",PINTADO 5628,1
2026-07-19,F_108,70,S,100,,S,,66683,Matutino,2026-07-19 08:21:16,23,142542,"POINT (  580404.599339710,   6143885.04381027)",PINTADO 5648,1
2026-07-19,F_108,71,S,75,,S,Basura Afuera,66683,Matutino,2026-07-19 08:22:08,23,142583,"POINT (  580437.557979258,   6143967.51562114)",PINTADO 5670,1
2026-07-19,F_108,72,S,50,,S,Basura Afuera,66683,Matutino,2026-07-19 09:23:02,23,142584,"POINT (  580647.452758984,   6143950.12532065)",AV LUIS BRAILLE 3142 FTE 3142,1
2026-07-19,F_108,73,S,75,,S,Basura Afuera,66683,Matutino,2026-07-19 09:23:11,23,142571,"POINT (  580740.426345241,   6143914.05798115)",AV LUIS BRAILLE 3118 FTE 3118,1
2026-07-19,F_108,74,S,25,,S,,66683,Matutino,2026-07-19 09:23:45,23,142570,"POINT (  580694.150062783,   6143815.78697493)",AV DR JUSTINO JIMENEZ DE ARECHAGA 3114 FTE 3085/3087,1
2026-07-19,F_108,75,S,25,,S,,66683,Matutino,2026-07-19 09:23:52,23,142494,"POINT (  580617.755194515,   6143844.65781940)",AV DR JUSTINO JIMENEZ DE ARECHAGA 3118 FTE 3145,1
2026-07-19,F_108,76,S,25,,S,Basura Afuera,66683,Matutino,2026-07-19 09:24:02,23,142573,"POINT (  580550.952588421,   6143778.92568251)",MARCOS SALCEDO 5629,1
2026-07-19,F_108,77,N,,Contenedor No Está,N,,66683,Matutino,2026-07-19 09:25:57,,142500,"POINT (  580524.984103984,   6143712.24117926)",MARCOS SALCEDO 5608 FTE 5608,1
2026-07-19,F_108,78,N,,Contenedor No Está,N,,66683,Matutino,2026-07-19 09:26:16,,142495,"POINT (  580727.107836808,   6143685.25921089)",12 DE OCTUBRE 5630,1
2026-07-19,F_108,79,S,75,,S,Basura Afuera,66683,Matutino,2026-07-19 09:55:50,4,142572,"POINT (  580788.372794073,   6143850.09111972)",12 DE OCTUBRE 5672 PDO 5674,1
2026-07-19,F_108,80,N,,Contenedor No Está,N,,66683,Matutino,2026-07-19 09:56:17,,142501,"POINT (  580941.037366457,   6143835.39063476)",AV LUIS BRAILLE 3009 EN 3003/3009,1
2026-07-19,F_108,81,N,,Contenedor No Está,S,,66683,Matutino,2026-07-19 09:56:01,,142499,"POINT (  580954.106473004,   6143811.15338261)",DEL FUERTE 5695,1
2026-07-19,F_108,82,S,75,,S,Basura Afuera,66683,Matutino,2026-07-19 09:58:00,4,142502,"POINT (  580928.697857411,   6143740.61415300)",DEL FUERTE 5657,1
2026-07-19,F_108,83,S,50,,S,,66683,Matutino,2026-07-19 09:58:14,4,142545,"POINT (  580911.545833739,   6143693.96706058)",DEL FUERTE 5645,1
2026-07-19,F_108,84,S,75,,S,,66683,Matutino,2026-07-19 09:59:11,4,142497,"POINT (  580885.737648589,   6143625.83986376)",DEL FUERTE 5627 FTE 5618,1
2026-07-19,F_108,85,S,50,,N,Basura Afuera,66683,Matutino,2026-07-19 09:59:38,4,142503,"POINT (  580866.662033478,   6143574.86469060)",DEL FUERTE 5615 PDO 5615,1
2026-07-19,F_108,86,N,,Contenedor No Está,S,,66683,Matutino,2026-07-19 10:03:16,,142543,"POINT (  581026.640721554,   6143597.14629145)",SEBASTOPOL 5638 FTE PSJE C,1
2026-07-19,F_108,87,N,,Contenedor No Está,S,,66683,Matutino,2026-07-19 10:03:29,,142575,"POINT (  581041.708854499,   6143647.80086603)",SEBASTOPOL 5648,1
2026-07-19,F_108,88,S,50,,S,Basura Afuera,66683,Matutino,2026-07-19 10:03:41,4,142576,"POINT (  581056.776987444,   6143690.92137414)",SEBASTOPOL 5660,1
2026-07-19,F_108,89,S,50,,S,Basura Afuera,66683,Matutino,2026-07-19 10:03:51,4,142504,"POINT (  581058.219681024,   6143693.96706058)",SEBASTOPOL 5660,1
2026-07-19,F_108,90,S,50,,S,,66683,Matutino,2026-07-19 10:04:21,4,142509,"POINT (  581134.682440755,   6143761.45306026)",AV LUIS BRAILLE 2937,1
2026-07-19,F_108,91,S,75,,S,Basura Afuera,66683,Matutino,2026-07-19 10:22:10,4,142544,"POINT (  581195.515106110,   6143759.20568699)",CONT JUANA MANSO Esq. AV LUIS BRAILLE,1
2026-07-19,F_108,92,S,75,,S,Basura Afuera,66683,Matutino,2026-07-19 10:11:10,4,142577,"POINT (  581227.438321138,   6143834.04553567)",CONT JUANA MANSO Esq. CIRC INT SIN DENOM ANTES PSJE,1
2026-07-19,F_108,93,S,75,,S,Basura Afuera,66683,Matutino,2026-07-19 10:11:01,4,142574,"POINT (  581238.075480644,   6143863.88430443)",CONT JUANA MANSO 5720 ANTES PSJE,1
2026-07-19,F_108,94,S,100,,S,Basura Afuera,66683,Matutino,2026-07-19 10:11:31,4,142496,"POINT (  581262.601271502,   6143925.43923051)",CONT JUANA MANSO 5851 EN 5851. ESQ,1
2026-07-19,F_108,95,S,75,,S,Basura Afuera,66683,Matutino,2026-07-19 10:12:52,4,142498,"POINT (  581412.801703092,   6143955.01444889)",8 DE 17 MTS 5823,1
2026-07-19,F_108,96,N,,Otros,S,,66683,Matutino,2026-07-19 10:15:59,,142578,"POINT (  581362.774251106,   6144021.47326732)",CALLE 3 DE 15 MTS 3129,1
2026-07-19,F_108,97,N,,Contenedor No Está,S,,66683,Matutino,2026-07-19 10:17:13,,181078,"POINT (  581358.488915250,   6144023.84501765)",CALLE 3 DE 15 MTS 3135,1
2026-07-19,F_108,98,N,,Contenedor No Está,N,,66683,Matutino,2026-07-19 10:22:54,,142532,"POINT (  581173.074119908,   6144041.01501618)",CONOCIDA SEBASTOPOL 5824,1
2026-07-19,F_108,99,S,100,,S,Basura Afuera,66683,Matutino,2026-07-19 10:23:40,4,142531,"POINT (  581185.073228703,   6144091.78274319)",CALLE 3 DE 15 MTS 3203,1
2026-07-19,F_108,100,S,100,,S,Basura Afuera,66683,Matutino,2026-07-19 10:23:49,4,154993,"POINT (  581106.229317375,   6144121.80585665)",CALLE 3 DE 15 MTS 3246,1
2026-07-19,F_108,101,S,75,,S,Basura Afuera,66683,Matutino,2026-07-19 10:22:31,4,154994,"POINT (  581208.820860830,   6143963.26986215)",CALLE 1 DE 15 MTS 3172,1
2026-07-19,F_108,102,S,100,,S,Basura Afuera,66683,Matutino,2026-07-19 10:23:57,4,154995,"POINT (  581052.124772105,   6144022.16004831)",CALLE 1 DE 15 MTS 3246 EN 3242/3246,1
2026-07-19,F_108,103,S,75,,S,Basura Afuera,66683,Matutino,2026-07-19 10:24:09,4,142579,"POINT (  581151.113117636,   6143968.23914003)",CONOCIDA SEBASTOPOL Esq. CALLE 1 DE 15 MTS,1
2026-07-19,F_108,104,S,75,,S,Basura Afuera,66683,Matutino,2026-07-19 10:24:16,4,142580,"POINT (  581119.495301195,   6143886.55835619)",CONOCIDA SEBASTOPOL 5735 PSJE/PSJE,1
2026-07-19,F_108,105,S,75,,S,Basura Afuera,66683,Matutino,2026-07-19 10:24:25,4,142581,"POINT (  581081.623376875,   6143804.25296980)",CONOCIDA SEBASTOPOL 5705,1
2026-07-19,CH_108,34,S,75,,S,Requiere Limpieza,66684,Matutino,2026-07-19 06:58:01,,175865,"POINT (  578751.611758590,   6136905.44085097)",MARCO BRUTO 1139 FTE 1144C,0
2026-07-19,CH_108,35,S,75,,S,,66684,Matutino,2026-07-19 07:00:02,,175866,"POINT (  578796.993566867,   6136751.31008951)",MARCO BRUTO 1057 FTE 1074. PDO EMBAJADA,0
2026-07-19,CH_108,36,S,75,,S,,66684,Matutino,2026-07-19 07:03:52,,181215,"POINT (  578924.951395677,   6136725.91329579)",ECHEVARRIARZA 3494 VEREDA,0
2026-07-19,CH_108,37,S,75,,S,,66684,Matutino,2026-07-19 07:03:55,,175867,"POINT (  578926.544114676,   6136726.25459272)",ECHEVARRIARZA 3494 VEREDA. EN 3496,0
2026-07-19,CH_108,38,S,100,,S,,66684,Matutino,2026-07-19 07:07:03,,181921,"POINT (  578982.544261874,   6136570.72490000)",AV DR LUIS ALBERTO DE HERRERA 989,0
2026-07-19,CH_108,39,S,100,,S,Requiere Limpieza,66684,Matutino,2026-07-19 07:16:49,,184394,"POINT (  578960.004240305,   6136848.81205076)",ANTONIO D COSTA 3512,0
2026-07-19,CH_108,40,S,75,,S,,66684,Matutino,2026-07-19 07:18:47,,184395,"POINT (  579131.784414554,   6136895.29551831)",ANTONIO D COSTA Esq. TOMAS DE TEZANOS,0
2026-07-19,CH_108,41,S,100,,S,,66684,Matutino,2026-07-19 07:09:06,,181923,"POINT (  578988.208749891,   6136649.15627255)",AV DR LUIS ALBERTO DE HERRERA Esq. RBLA ARMENIA,0
2026-07-19,CH_108,42,S,100,,S,,66684,Matutino,2026-07-19 07:09:14,,181922,"POINT (  578987.228357734,   6136650.89919194)",AV DR LUIS ALBERTO DE HERRERA Esq. RBLA ARMENIA,0
2026-07-19,CH_108,43,S,100,,S,,66684,Matutino,2026-07-19 07:14:46,,181284,"POINT (  578963.031595222,   6136731.98769864)",AV DR LUIS ALBERTO DE HERRERA Esq. PSJE CRISTOBAL ECHEVARRIARZA FTE PANAMERICANO,0
2026-07-19,CH_108,44,S,75,,S,,66684,Matutino,2026-07-19 07:14:50,,181283,"POINT (  578962.121470080,   6136735.17313664)",AV DR LUIS ALBERTO DE HERRERA Esq. PSJE CRISTOBAL ECHEVARRIARZA FTE PANAMERICANO,0
2026-07-19,CH_108,45,S,100,,S,,66684,Matutino,2026-07-19 07:14:55,,181282,"POINT (  578961.211344937,   6136737.90351206)",AV DR LUIS ALBERTO DE HERRERA Esq. PSJE CRISTOBAL ECHEVARRIARZA FTE PANAMERICANO,0
2026-07-19,CH_108,46,S,75,,S,,66684,Matutino,2026-07-19 08:12:41,,184268,"POINT (  579158.043430516,   6137067.63758967)",TOMAS DE TEZANOS 1065 Tomas de Tezanos 1065  PROV O en Jose A iturriaga 3527,0
2026-07-19,CH_108,47,S,75,,S,,66684,Matutino,2026-07-19 08:12:45,,175874,"POINT (  579156.027743135,   6137063.69445642)",TOMAS DE TEZANOS 1065 MURO LADRILLOS,0
2026-07-19,CH_108,48,S,75,,S,,66684,Matutino,2026-07-19 08:00:50,,175876,"POINT (  579017.502442922,   6137544.31835855)",TIBURCIO GOMEZ 1332 EDIFICIO,0
2026-07-19,CH_108,49,S,75,,S,,66684,Matutino,2026-07-19 08:00:54,,175877,"POINT (  579008.957675863,   6137588.58179152)",TIBURCIO GOMEZ 1354 FTE 1355,0
2026-07-19,CH_108,50,S,75,,S,,66684,Matutino,2026-07-19 08:00:59,,176230,"POINT (  579006.310858388,   6137617.44628475)",TIBURCIO GOMEZ 1372,0
2026-07-19,CH_108,51,S,100,,S,Requiere Limpieza,66684,Matutino,2026-07-19 07:52:35,,175879,"POINT (  578866.590437855,   6137583.24902543)",MAGARIÑOS CERVANTES 1383,0
2026-07-19,CH_108,52,S,75,,S,Basura Afuera,66684,Matutino,2026-07-19 07:54:04,,175880,"POINT (  578887.175500294,   6137520.14667515)",MAGARIÑOS CERVANTES 1355 EDIFICIO,0
2026-07-19,CH_108,53,S,75,,S,,66684,Matutino,2026-07-19 07:55:27,,175881,"POINT (  578958.227932689,   6137469.30146216)",TTE GRAL PABLO GALARZA 3585 FTE 3571,0
2026-07-19,CH_107,29,S,75,,S,,66684,Matutino,2026-07-19 08:19:53,,175974,"POINT (  577698.280855834,   6136899.67182474)",JOSE ELLAURI 1312 EDIFICIO,1
2026-07-19,CH_107,30,S,75,,S,,66684,Matutino,2026-07-19 08:20:00,,177151,"POINT (  577701.455959913,   6136919.15943116)",JOSE ELLAURI 1316 EN 1320,1
2026-07-19,CH_107,31,S,100,,S,,66684,Matutino,2026-07-19 08:20:23,,177411,"POINT (  577701.823962712,   6136923.03607514)",JOSE ELLAURI 1316 EN 1320,1
2026-07-19,CH_107,32,S,100,,S,Basura Afuera,66684,Matutino,2026-07-19 08:23:04,,176473,"POINT (  577775.091899319,   6136923.39144847)",MIGUEL BARREIRO 3110,1
2026-07-19,CH_107,33,S,100,,S,Basura Afuera,66684,Matutino,2026-07-19 08:23:35,,176474,"POINT (  577861.130491827,   6136811.70018854)",MIGUEL BARREIRO 3176,1
2026-07-19,CH_107,34,N,,Auto,S,,66684,Matutino,2026-07-19 08:25:52,,183334,"POINT (  577918.043870337,   6136738.19281211)",MIGUEL BARREIRO 3214,1
2026-07-19,CH_107,35,N,,Auto,S,,66684,Matutino,2026-07-19 08:26:11,,183094,"POINT (  577919.165780887,   6136737.12428840)",MIGUEL BARREIRO 3214 VEREDA,1
2026-07-19,CH_107,36,N,,Auto,S,,66684,Matutino,2026-07-19 08:30:38,,183382,"POINT (  577920.175904427,   6136735.87294143)",MIGUEL BARREIRO 3214,1
2026-07-19,CH_107,37,S,100,,S,Basura Afuera,66684,Matutino,2026-07-19 08:30:30,,183095,"POINT (  577936.003096018,   6136715.96387884)",MIGUEL BARREIRO 3236 VEREDA,1
2026-07-19,CH_107,38,S,100,,S,"Basura Afuera, Requiere Limpieza",66684,Matutino,2026-07-19 08:30:24,,175979,"POINT (  577991.516275801,   6136641.10263646)",MIGUEL BARREIRO 3278 VEREDA,1
2026-07-19,CH_107,39,S,100,,S,Basura Afuera,66684,Matutino,2026-07-19 08:35:53,,175980,"POINT (  578040.797249238,   6136582.24451787)",MIGUEL BARREIRO 3316 VEREDA. EN 3318/3316,1
2026-07-19,CH_107,40,S,100,,S,Basura Afuera,66684,Matutino,2026-07-19 08:35:59,,176516,"POINT (  578042.649101089,   6136578.97654401)",MIGUEL BARREIRO 3316 VEREDA. EN 3318/3316. OS 4731736,1
2026-07-19,CH_107,41,S,100,,S,,66684,Matutino,2026-07-19 08:36:04,,181962,"POINT (  578068.471624837,   6136540.17617168)",MIGUEL BARREIRO 3336,1
2026-07-19,CH_107,42,S,100,,S,,66684,Matutino,2026-07-19 08:36:09,,181963,"POINT (  578070.432409150,   6136537.34392767)",MIGUEL BARREIRO 3336,1
2026-07-19,CH_107,43,S,75,,S,,66684,Matutino,2026-07-19 08:44:48,,176445,"POINT (  578266.411691285,   6136662.93110131)",PLAZA RUBÉN DARÍO VEREDA. FTE 1289. PLAZA RUBEN DARIO,1
2026-07-19,CH_107,44,S,75,,S,,66684,Matutino,2026-07-19 08:44:52,,176446,"POINT (  578270.115394989,   6136665.54548039)",PLAZA RUBÉN DARÍO VEREDA. FTE 1289. PLAZA RUBEN DARIO,1
2026-07-19,CH_107,45,S,100,,S,,66684,Matutino,2026-07-19 08:50:40,,178774,"POINT (  578163.436338252,   6136610.01053496)",MANUEL V PAGOLA 3347,1
2026-07-19,CH_107,46,S,100,,S,,66684,Matutino,2026-07-19 08:50:44,,175986,"POINT (  578159.804102157,   6136614.09680057)",MANUEL V PAGOLA 3347,1
2026-07-19,CH_107,47,S,100,,S,,66684,Matutino,2026-07-19 08:51:55,,175987,"POINT (  578131.541321871,   6136655.56783302)",MANUEL V PAGOLA 3315 EN 3319/3315,1
2026-07-19,CH_107,48,S,100,,S,Basura Afuera,66684,Matutino,2026-07-19 08:54:53,,175988,"POINT (  578080.959644414,   6136716.26584596)",MANUEL V PAGOLA 3281,1
2026-07-19,CH_107,49,S,100,,S,Basura Afuera,66684,Matutino,2026-07-19 08:55:02,,175989,"POINT (  578072.898189569,   6136723.69502984)",MANUEL V PAGOLA 3269,1
2026-07-19,CH_107,50,S,100,,S,Basura Afuera,66684,Matutino,2026-07-19 08:58:54,,175990,"POINT (  578016.072836302,   6136795.81343715)",MANUEL V PAGOLA 3225,1
2026-07-19,CH_107,51,S,100,,S,,66684,Matutino,2026-07-19 08:59:04,,175991,"POINT (  577992.204607251,   6136829.36331540)",MANUEL V PAGOLA 3201 FTE 3208/3210,1
2026-07-19,CH_107,52,S,100,,S,Basura Afuera,66684,Matutino,2026-07-19 09:01:46,,179078,"POINT (  577942.907109234,   6136897.19560864)",MANUEL V PAGOLA 3167 EN 3163/3161,1
2026-07-19,CH_107,53,S,75,,S,,66684,Matutino,2026-07-19 08:59:22,,175992,"POINT (  577942.023022790,   6136898.17792692)",MANUEL V PAGOLA 3159 EN 3163/3161,1
2026-07-19,CH_107,54,S,100,,S,,66684,Matutino,2026-07-19 09:04:16,,175993,"POINT (  577869.160732917,   6136990.06381306)",MANUEL V PAGOLA 3107 FTE 3108. MURO Y CERCO VEGETAL,1
2026-07-19,CH_107,55,S,75,,S,,66684,Matutino,2026-07-19 09:04:20,,180049,"POINT (  577868.015524709,   6136991.19702809)",MANUEL V PAGOLA 3107 FTE 3108. MURO Y CERCO VEGETAL,1
2026-07-19,CH_107,56,S,75,,S,,66684,Matutino,2026-07-19 10:20:23,,175995,"POINT (  577904.793145894,   6137086.93470108)",LORENZO JUSTINIANO PEREZ 3072 EN 3070/3074,1
2026-07-19,CH_107,57,S,75,,S,,66684,Matutino,2026-07-19 10:20:27,,176483,"POINT (  577917.275772767,   6137071.37997190)",LORENZO JUSTINIANO PEREZ 3086 EN 3088. OS 4691496,1
2026-07-19,CH_107,58,S,100,,S,,66684,Matutino,2026-07-19 10:24:12,,183093,"POINT (  577982.578490785,   6136989.99602207)",LORENZO JUSTINIANO PEREZ 3146,1
2026-07-19,CH_107,59,S,100,,S,Basura Afuera,66684,Matutino,2026-07-19 10:24:18,,179046,"POINT (  577984.354220825,   6136987.05157702)",LORENZO JUSTINIANO PEREZ 3146 PDO 3146. ESQ,1
2026-07-19,CH_107,60,S,100,,S,Basura Afuera,66684,Matutino,2026-07-19 10:25:33,,182115,"POINT (  578068.890683276,   6136881.02346246)",LORENZO JUSTINIANO PEREZ 3209,1
2026-07-19,CH_107,61,S,100,,S,,66684,Matutino,2026-07-19 10:26:37,,180631,"POINT (  578102.384244938,   6136836.71699340)",LORENZO JUSTINIANO PEREZ 3242,1
2026-07-19,CH_107,62,S,100,,S,,66684,Matutino,2026-07-19 10:28:10,,178771,"POINT (  578150.719759024,   6136806.59089183)",ECHEVARRIARZA 3216,1
2026-07-19,CH_107,63,S,100,,S,,66684,Matutino,2026-07-19 10:31:55,,182990,"POINT (  578201.583643018,   6136791.94888265)",ECHEVARRIARZA 3238,1
2026-07-19,CH_107,64,S,100,,S,Basura Afuera,66684,Matutino,2026-07-19 10:32:01,,176002,"POINT (  578206.030745317,   6136790.63671860)",ECHEVARRIARZA 3238 FTE ABITAB,1
2026-07-19,CH_107,65,S,100,,S,Basura Afuera,66684,Matutino,2026-07-19 10:35:22,,184139,"POINT (  578311.591346948,   6136770.82507465)",ECHEVARRIARZA 3274 Echevarriarza 3280,1
2026-07-19,CH_107,66,S,100,,S,,66684,Matutino,2026-07-19 10:37:46,,176191,"POINT (  578343.462940070,   6136767.98892232)",ECHEVARRIARZA 3298 MURO VEGETAL,1
2026-07-19,CH_107,67,S,100,,S,,66684,Matutino,2026-07-19 10:37:53,,176005,"POINT (  578346.913519378,   6136767.26111286)",ECHEVARRIARZA 3298 EDIFICIO,1
2026-07-19,CH_107,68,,,,S,,66684,Matutino,,,176006,"POINT (  578454.829371313,   6136748.66973308)",ECHEVARRIARZA 3324 EN 3324/3328,1
2026-07-19,CH_107,69,,,,S,,66684,Matutino,,,176007,"POINT (  578526.829227820,   6136738.15822823)",ECHEVARRIARZA Esq. BASILIO PEREIRA DE LA LUZ,1
2026-07-19,CH_104,18,,,,S,,66684,Matutino,,,176026,"POINT (  577521.937267850,   6136234.58262208)",LUIS B CAVIA 3052 REJA GRIS,2
2026-07-19,CH_104,35,,,,S,,66684,Matutino,,,176043,"POINT (  577633.866018352,   6136573.15939437)",26 DE MARZO 1133 VEREDA. EDIFICIO,3
2026-07-19,CH_104,36,,,,S,,66684,Matutino,,,183915,"POINT (  577523.871761027,   6136489.14755554)",26 DE MARZO 1065 26 de marzo 1065,3
2026-07-19,CH_104,37,,,,S,,66684,Matutino,,,180131,"POINT (  577304.555297616,   6136937.80328854)",BARTOLITO MITRE 2778,3
2026-07-19,CH_104,38,,,,S,,66684,Matutino,,,179593,"POINT (  577406.994863366,   6136945.84714060)",BARTOLITO MITRE 2812 EN 2812/2808,3
2026-07-19,CH_104,39,,,,S,,66684,Matutino,,,176048,"POINT (  577497.111255443,   6136939.07685524)",GUAYAQUI 3024 VEREDA. ANTES DE 3024,3
2026-07-19,CH_104,40,,,,S,,66684,Matutino,,,176049,"POINT (  577504.090764874,   6136903.35818933)",LIBERTAD 2893 VEREDA. FTE 2886. COLEGIO/NICHO UTE,3
2026-07-19,CH_104,41,,,,S,,66684,Matutino,,,176050,"POINT (  577392.315974136,   6136841.46636305)",LIBERTAD 2831 EN 2831,3
2026-07-19,CH_104,42,,,,S,,66684,Matutino,,,176051,"POINT (  577377.638476362,   6136801.64210336)",JOSE MARTI 3062,3
2026-07-19,CH_104,43,,,,S,,66684,Matutino,,,176052,"POINT (  577479.457202177,   6136784.29596963)",DR MARCELINO IZCUA BARBAT Esq. RAMON MASINI FTE A EDIFICIO. MURO Y CERCO VEGETAL,3
2026-07-19,CH_104,44,,,,S,,66684,Matutino,,,176053,"POINT (  577548.328537885,   6136837.56604896)",DR MARCELINO IZCUA BARBAT 1234 PDO 1234. MURO BAJO CON CAÑAS,3
2026-07-19,CH_104,45,,,,S,,66684,Matutino,,,176054,"POINT (  577583.149105156,   6136786.04084698)",SANTIAGO VAZQUEZ 1233 ANTES DE PELUQUERIA,3
2026-07-19,CH_104,46,,,,S,,66684,Matutino,,,176055,"POINT (  577499.138392374,   6136642.96090365)",JOSE MARTI 3188 EDIFICIO,3
2026-07-19,CH_104,47,,,,S,,66684,Matutino,,,176056,"POINT (  577576.426195336,   6136539.49994032)",JOSE MARTI 3244 FTE 3249. EDIFICIO,3
2026-07-19,CH_104,48,,,,S,,66684,Matutino,,,176057,"POINT (  577613.941058527,   6136489.77093562)",JOSE MARTI 3254 FTE 3263/3269,3
2026-07-19,CH_110,30,N,,Auto,S,,66689,Matutino,2026-07-19 07:04:10,,180268,"POINT (  576551.920019573,   6138374.81695762)",AVELINO MIRANDA 2625 VEREDA,0
2026-07-19,C_101,28,,,,S,,66689,Matutino,,,134832,"POINT (  574183.251424859,   6139156.50787573)",AV GRAL SAN MARTIN 2130 VEREDA. EN 2134,1
2026-07-19,C_108,42,,,,S,,66689,Matutino,,,134615,"POINT (  574512.005333332,   6140543.46800512)",AV GRAL SAN MARTIN 2781 EN 2783,2
2026-07-19,C_111,27,,,,S,,66689,Matutino,,,138324,"POINT (  575036.692608972,   6141390.43691851)",DR JOSE PUGNALINI 1848 FTE 1848,3
2026-07-19,C_107,28,,,,S,,66689,Matutino,,,137612,"POINT (  575024.850114266,   6140435.44474153)",AV GRAL FLORES 2849,4
2026-07-19,E_112,17,S,100,,S,,66689,Matutino,2026-07-19 10:38:01,,106920,"POINT (  584254.467904370,   6138903.87074825)",AV BOLIVIA 1873,5
2026-07-19,E_115,56,,,,S,,66689,Matutino,,,107369,"POINT (  586395.754839006,   6140882.66647284)",DR RAUL E BAETHGEN 2481,6
2026-07-19,E_103,63,,,,S,,66689,Matutino,,,183830,"POINT (  579093.326271428,   6140449.71359524)",GRAL FELIX LABORDE 2358 PROVISORIO POR OBRA ANTERIOR F. LABORDE 2286,7
2026-07-19,E_109,91,S,100,,S,,66689,Matutino,2026-07-19 10:19:38,,181576,"POINT (  582490.293956722,   6139029.02929056)",DR ALEJANDRO GALLINAL 1706 VEREDA,8
2026-07-19,E_102,28,S,100,,S,,66689,Matutino,2026-07-19 07:47:52,,180616,"POINT (  579317.521072881,   6139284.61828644)",HERNANDARIAS 3643,9
2026-07-19,E_102,87,S,100,,S,,66689,Matutino,2026-07-19 08:22:58,,180627,"POINT (  578413.237550283,   6140232.08477458)",COMERCIO 2479,9
2026-07-19,E_102,88,S,100,,S,,66689,Matutino,2026-07-19 08:47:04,,179299,"POINT (  578416.929372767,   6140228.72392832)",COMERCIO 2475,9
2026-07-19,D_104,11,,,,S,,66689,Matutino,,,114435,"POINT (  578518.549924185,   6141415.68774096)",CIRENE Esq. LUCAS MORENO,10
2026-07-19,D_104,17,,,,S,,66689,Matutino,,,114411,"POINT (  578274.382119390,   6141428.17671868)",AGACES 3954,10
2026-07-19,E_102,45,S,25,,S,,66741,Matutino,2026-07-19 10:48:24,,105505,"POINT (  579301.441405881,   6139576.03276471)",PEDRO RICALDONI 3730,0
2026-07-19,E_102,66,S,25,,S,,66741,Matutino,2026-07-19 10:53:47,,181937,"POINT (  579115.552192226,   6139721.14815552)",MATEO CABRAL 3704 3704,0
2026-07-19,E_102,80,,,,S,,66741,Matutino,,,105417,"POINT (  578357.610733331,   6140060.97855717)",PERNAS 2429,0
2026-07-19,E_102,81,,,,S,,66741,Matutino,,,162952,"POINT (  578356.094178589,   6140063.19796055)",PERNAS 2432,0
2026-07-19,E_102,82,,,,S,,66741,Matutino,,,105451,"POINT (  578443.686288794,   6140082.79093257)",JUAN DE DIOS PEZA 2411,0
2026-07-19,E_102,83,,,,S,,66741,Matutino,,,105450,"POINT (  578445.855400000,   6140079.63500640)",JUAN DE DIOS PEZA 2411,0
2026-07-19,E_102,84,,,,S,,66741,Matutino,,,181942,"POINT (  578491.226999544,   6139949.93017964)",DR JUAN B MORELLI 3579,0
2026-07-19,E_102,85,,,,S,,66741,Matutino,,,181829,"POINT (  578487.568646405,   6139948.43921525)",DR JUAN B MORELLI 3579,0
2026-07-19,E_102,86,,,,S,,66741,Matutino,,,105453,"POINT (  578241.702666480,   6140231.53331891)",PERNAS 2540 ESQ,0
2026-07-19,E_102,89,S,25,,S,,66741,Matutino,2026-07-19 11:17:26,,181939,"POINT (  578500.783313538,   6140146.17591342)",COMERCIO 2415 2417,0
2026-07-19,E_102,90,S,50,,S,,66741,Matutino,2026-07-19 11:20:27,,181940,"POINT (  578557.324837998,   6140089.63438896)",COMERCIO 2381,0
2026-07-19,E_102,91,S,50,,S,,66741,Matutino,2026-07-19 11:26:10,,181938,"POINT (  578560.965338567,   6140086.33518533)",COMERCIO 2381,0
2026-07-19,E_102,92,N,,Fuego,S,,66741,Matutino,2026-07-19 10:57:53,,105464,"POINT (  578705.866430400,   6140101.70801148)",DR JUAN B MORELLI 3726,0
2026-07-19,E_102,93,S,75,,S,,66741,Matutino,2026-07-19 10:58:35,,105420,"POINT (  578741.935644292,   6140189.67703999)",ING JOSE SERRATO 2363,0
2026-07-19,E_102,94,S,50,,S,,66741,Matutino,2026-07-19 11:01:38,,105459,"POINT (  578701.911994115,   6140243.44452941)",ING JOSE SERRATO Esq. ANTONIO F SARAVIA,0
2026-07-19,E_102,95,S,50,,S,,66741,Matutino,2026-07-19 11:01:43,,105419,"POINT (  578625.088464703,   6140215.20923529)",ANTONIO F SARAVIA 3715,0
2026-07-19,E_102,96,S,50,,S,,66741,Matutino,2026-07-19 11:01:50,,179298,"POINT (  578623.794347056,   6140214.20923529)",ANTONIO F SARAVIA 3715,0
2026-07-19,E_102,97,S,100,,S,"Basura Afuera, Requiere Limpieza",66741,Matutino,2026-07-19 11:06:18,,181833,"POINT (  578593.668864270,   6140210.20392113)",GDOR VIANA 2414 FTE 2417,0
2026-07-19,E_102,98,S,75,,S,"Basura Afuera, Requiere Limpieza",66741,Matutino,2026-07-19 11:06:22,,181832,"POINT (  578592.143809804,   6140212.38257037)",GDOR VIANA 2414 FTE 2417,0
2026-07-19,E_102,99,S,75,,S,,66741,Matutino,2026-07-19 11:10:35,,183502,"POINT (  578686.917916772,   6140363.05511665)",JOSE ANTONIO CABRERA 3788,0
2026-07-19,E_102,100,S,75,,S,"Basura Afuera, Requiere Limpieza",66741,Matutino,2026-07-19 11:10:39,,183547,"POINT (  578688.644449152,   6140364.90931469)",JOSE ANTONIO CABRERA 3788 EN 3790/3788,0
2026-07-19,CH_101,1,S,25,,S,,66761,Nocturno,2026-07-20 00:16:04,,175380,"POINT (  576783.184780077,   6134713.16203109)",TABARE 2425 PDO 2425,0
2026-07-19,CH_101,2,S,25,,S,,66761,Nocturno,2026-07-20 00:16:07,,180708,"POINT (  576782.176882294,   6134713.73880978)",TABARE 2425,0
2026-07-19,CH_101,3,S,25,,N,,66761,Nocturno,2026-07-20 00:16:16,,175381,"POINT (  576663.128313290,   6134745.17970458)",TABARE 2373 FTE 2374. SUB ESTACION,0
2026-07-19,CH_101,4,S,50,,S,,66761,Nocturno,2026-07-20 00:18:15,,175382,"POINT (  576633.716548584,   6134623.66554336)","MANUEL J ERRAZQUIN 2366 EN 2360. EDIFICIO, MURO DE PIEDRA",0
2026-07-19,CH_101,5,S,25,,S,,66761,Nocturno,2026-07-20 00:20:48,,175498,"POINT (  576708.771014815,   6134577.69604445)",MANUEL J ERRAZQUIN 2394 FTE 2399,0
2026-07-19,CH_101,6,S,75,,S,,66761,Nocturno,2026-07-20 00:20:52,,179030,"POINT (  576713.209093177,   6134575.10261863)",MANUEL J ERRAZQUIN Esq. JOSE LUIS ZORRILLA DE SAN MARTIN FTE 2399. ESQ,0
2026-07-19,CH_101,7,S,25,,S,,66761,Nocturno,2026-07-20 00:24:15,,176426,"POINT (  576617.836767782,   6134611.03628235)",BV GRAL ARTIGAS 42 PDO 42. ARBOL/COLUMNA,0
2026-07-19,CH_101,8,S,25,,S,,66761,Nocturno,2026-07-20 00:24:19,,176427,"POINT (  576617.626374967,   6134612.96832707)",BV GRAL ARTIGAS 42 PDO 42. ARBOL/COLUMNA,0
2026-07-19,CH_101,9,S,50,,S,Basura Afuera,66761,Nocturno,2026-07-20 00:26:46,,176428,"POINT (  576603.982776673,   6134784.25249835)",BV GRAL ARTIGAS 118 EN 122. ARBOL/ARBOL,0
2026-07-19,CH_101,10,S,75,,S,,66761,Nocturno,2026-07-20 00:29:20,,176429,"POINT (  576596.228298668,   6134883.37756991)",BV GRAL ARTIGAS 160 ANTES DE PARADA,0
2026-07-19,CH_101,11,S,25,,S,,66761,Nocturno,2026-07-20 00:31:46,,183948,"POINT (  576583.714947619,   6135022.82823333)",BV GRAL ARTIGAS 254,0
2026-07-19,CH_101,12,S,25,,S,,66761,Nocturno,2026-07-20 00:31:54,,183965,"POINT (  576583.357577603,   6135025.14004813)",BV GRAL ARTIGAS 254,0
2026-07-19,CH_101,13,S,50,,S,,66761,Nocturno,2026-07-20 00:33:27,,176432,"POINT (  576570.530319231,   6135195.57044992)",BV GRAL ARTIGAS 336 PDO REBAJE,0
2026-07-19,CH_101,14,S,25,,S,,66761,Nocturno,2026-07-20 00:35:34,,176434,"POINT (  576549.551150053,   6135463.40050227)",BV GRAL ARTIGAS 456 ANTES DE COLUMNA,0
2026-07-19,CH_101,15,S,25,,S,,66761,Nocturno,2026-07-20 00:37:21,,176435,"POINT (  576536.867468974,   6135611.78754844)",BV GRAL ARTIGAS 516 ARBOL/ARBOL,0
2026-07-19,CH_101,16,S,25,,S,,66761,Nocturno,2026-07-20 00:38:23,,176436,"POINT (  576526.197547688,   6135738.35385418)",BV GRAL ARTIGAS 574 ANTES DE COLUMNA,0
2026-07-19,CH_101,17,S,75,,S,,66761,Nocturno,2026-07-20 00:42:21,,182034,"POINT (  576800.039219385,   6135781.15530082)",AGRIM FRANCISCO ROS 2718,0
2026-07-19,CH_101,18,S,50,,S,,66761,Nocturno,2026-07-20 00:43:31,,182035,"POINT (  576801.961214894,   6135778.82144913)",AGRIM FRANCISCO ROS 2718,0
2026-07-19,CH_101,19,S,50,,S,,66761,Nocturno,2026-07-20 00:45:20,,183159,"POINT (  576945.585711464,   6135752.46927707)",LUIS DE LA TORRE 644,0
2026-07-19,CH_101,20,S,50,,S,,66761,Nocturno,2026-07-20 00:46:34,,175658,"POINT (  576950.090298872,   6135756.50251974)",LUIS DE LA TORRE 644 PDO ANTEL,0
2026-07-19,CH_101,21,S,25,,S,,66761,Nocturno,2026-07-20 00:47:29,,175659,"POINT (  576954.075241769,   6135759.87439449)",LUIS DE LA TORRE 644 PDO ANTEL,0
2026-07-19,CH_101,22,S,25,,S,,66761,Nocturno,2026-07-20 00:49:53,,181869,"POINT (  577022.835564278,   6135665.15526929)",CORONEL MORA 641,0
2026-07-19,CH_101,23,S,50,,S,,66761,Nocturno,2026-07-20 00:50:31,,175679,"POINT (  577020.248283905,   6135663.39279628)",CORONEL MORA 641 EN 635,0
2026-07-19,CH_101,24,S,25,,S,,66761,Nocturno,2026-07-20 00:50:36,,175680,"POINT (  577016.876409147,   6135660.63398966)",CORONEL MORA 635,0
2026-07-19,CH_101,25,S,100,,S,,66761,Nocturno,2026-07-20 00:53:26,,175655,"POINT (  576920.596707910,   6135586.55155480)",CORONEL MORA 581 EN 583. EDIFICIO,0
2026-07-19,CH_101,26,S,25,,S,Basura Afuera,66761,Nocturno,2026-07-20 00:54:22,,181655,"POINT (  576918.802681570,   6135585.19253743)",CORONEL MORA 581 EN 583,0
2026-07-19,CH_101,27,S,100,,S,,66761,Nocturno,2026-07-20 00:56:33,,175654,"POINT (  576832.611116944,   6135599.17390885)",GRAL GREGORIO SUAREZ 2773,0
2026-07-19,CH_101,28,S,50,,S,,66761,Nocturno,2026-07-20 00:57:53,,184060,"POINT (  576754.782011085,   6135695.11281109)",GRAL GREGORIO SUAREZ 2727 Gral Gregorio Suarez 2727,0
2026-07-19,CH_101,29,S,50,,S,,66761,Nocturno,2026-07-20 01:00:33,,175574,"POINT (  576664.516081366,   6135622.31830798)",DR JOSE MARIA MONTERO 2730,0
2026-07-19,CH_101,30,S,50,,S,Basura Afuera,66761,Nocturno,2026-07-20 01:04:17,,184393,"POINT (  576796.040703704,   6135459.74822985)",DR JOSE MARIA MONTERO 2804,0
2026-07-19,CH_101,31,S,25,,S,Basura Afuera,66761,Nocturno,2026-07-20 01:05:59,,184435,"POINT (  576818.903873856,   6135431.62245229)",DR JOSE MARIA MONTERO 2830 Dr Jose Maria Montero 2820 PROB O en Jose Maria Montero 2804,0
2026-07-19,CH_101,32,S,50,,S,,66761,Nocturno,2026-07-20 01:07:14,,175578,"POINT (  576879.059016431,   6135386.45194521)",DR JOSE MARIA MONTERO 2860 EN 2860/2864,0
2026-07-19,CH_101,33,S,25,,S,,66761,Nocturno,2026-07-20 01:10:40,,184324,"POINT (  576894.915836151,   6135375.62896714)",DR JOSE MARIA MONTERO 2874,0
2026-07-19,CH_101,34,S,25,,S,,66761,Nocturno,2026-07-20 01:08:50,,184323,"POINT (  576970.058538028,   6135328.86255446)",DR JOSE MARIA MONTERO 2928,0
2026-07-19,CH_101,35,S,75,,S,,66761,Nocturno,2026-07-20 01:15:11,,184314,"POINT (  577194.404517840,   6135187.59287324)",DR JOSE MARIA MONTERO 3064,0
2026-07-19,CH_101,36,S,100,,S,,66761,Nocturno,2026-07-20 01:16:18,,175640,"POINT (  577218.616498425,   6135177.93222193)",DR JOSE MARIA MONTERO 3072,0
2026-07-19,CH_101,37,S,25,,S,,66761,Nocturno,2026-07-20 01:16:36,,175583,"POINT (  577222.466276327,   6135176.37384338)",DR JOSE MARIA MONTERO 3072 EDIFICIO,0
2026-07-19,CH_101,38,S,75,,S,,66761,Nocturno,2026-07-20 01:17:59,,175585,"POINT (  577312.224820384,   6135121.87208592)",DR JOSE MARIA MONTERO 3100,0
2026-07-19,CH_101,39,S,25,,S,,66761,Nocturno,2026-07-20 01:20:53,,175559,"POINT (  577019.624283540,   6134980.07514069)",GUIPUZCOA 358 TINTORERIA,0
2026-07-19,CH_101,40,S,75,,S,,66761,Nocturno,2026-07-20 01:22:24,,175564,"POINT (  577085.057184440,   6135087.46207805)",GUIPUZCOA 434,0
2026-07-19,CH_101,41,S,75,,S,,66761,Nocturno,2026-07-20 01:27:16,,175566,"POINT (  577088.598259077,   6135137.96088156)",JOAQUIN NUÑEZ 3043,0
2026-07-19,CH_101,42,S,50,,S,Basura Afuera,66761,Nocturno,2026-07-20 01:27:23,,175567,"POINT (  576968.240211364,   6135213.13173771)",JOAQUIN NUÑEZ 2957 PDO 2957. MURO LADRILLO,0
2026-07-19,CH_101,43,S,75,,S,,66761,Nocturno,2026-07-20 01:29:12,,175568,"POINT (  576849.498741202,   6135285.91621748)",JOAQUIN NUÑEZ 2893 FTE 2890. REJAS,0
2026-07-19,CH_101,44,S,100,,S,,66761,Nocturno,2026-07-20 01:30:47,,175569,"POINT (  576728.447874539,   6135397.61402831)",JOAQUIN NUÑEZ 2807,0
2026-07-19,CH_101,45,S,75,,S,,66761,Nocturno,2026-07-20 01:32:24,,175571,"POINT (  576659.165979469,   6135483.48508825)",JOAQUIN NUÑEZ 2763 EDIFICIO,0
2026-07-19,CH_101,46,S,50,,S,,66761,Nocturno,2026-07-20 01:33:37,,175573,"POINT (  576607.397007875,   6135553.15188273)",JOAQUIN NUÑEZ 2725 VENTANA TAPIADA,0
2026-07-19,CH_101,47,S,100,,S,,66761,Nocturno,2026-07-20 01:41:03,,175542,"POINT (  576606.030614945,   6135302.77481196)",SOLANO GARCIA 2406 VEREDA. MURO,0
2026-07-19,CH_101,48,S,25,,S,,66761,Nocturno,2026-07-20 01:41:08,,175544,"POINT (  576615.152731129,   6135297.65564971)",SOLANO GARCIA 2414 VEREDA. MURO,0
2026-07-19,CH_101,49,S,50,,S,,66761,Nocturno,2026-07-20 01:44:14,,175547,"POINT (  576759.874911941,   6135210.70687139)",SOLANO GARCIA 2490 VEREDA,0
2026-07-19,CH_101,50,S,25,,S,,66761,Nocturno,2026-07-20 03:18:00,,175555,"POINT (  576942.182520829,   6135099.39395998)",SOLANO GARCIA 2555 VEREDA. FTE 2555,0
2026-07-19,CH_101,51,S,50,,S,,66761,Nocturno,2026-07-20 03:19:21,,175557,"POINT (  577127.550080083,   6134988.54292787)",SOLANO GARCIA 2634 VEREDA. MURO,0
2026-07-19,CH_101,52,N,,Auto,S,,66761,Nocturno,2026-07-20 03:21:46,,175529,"POINT (  576756.795716620,   6135015.49069830)",FRANCISCO GARCIA CORTINAS 2416 FTE 2412,0
2026-07-19,CH_101,53,S,50,,S,,66761,Nocturno,2026-07-20 03:23:27,,175539,"POINT (  576611.169022162,   6135105.95649505)",FRANCISCO GARCIA CORTINAS 2365,0
2026-07-19,CH_101,54,S,75,,S,,66761,Nocturno,2026-07-20 03:25:24,,175510,"POINT (  576727.372196078,   6134857.61452288)",PARVA DOMUS 2402 EN 2406. CERCO VEGETAL,0
2026-07-19,CH_101,55,S,50,,S,,66761,Nocturno,2026-07-20 03:26:33,,175512,"POINT (  576732.827391642,   6134857.89344403)",PARVA DOMUS 2402 EN 2406. CERCO VEGETAL,0
2026-07-19,CH_101,56,S,50,,S,,66761,Nocturno,2026-07-20 03:28:30,,175521,"POINT (  576835.931036775,   6134934.04598164)",ARIOSTO 260 FTE 291,0
2026-07-19,CH_101,57,S,50,,S,,66761,Nocturno,2026-07-20 03:32:10,,175550,"POINT (  576665.382105055,   6135179.79944820)",DR HECTOR MIRANDA 2421 PROV OP. ORIGEN 2445,0
2026-07-19,CH_101,58,S,75,,S,Basura Afuera,66761,Nocturno,2026-07-20 03:32:25,,180638,"POINT (  576663.329567103,   6135180.11456188)",DR HECTOR MIRANDA 2421,0
2026-07-19,CH_101,59,S,25,,S,,66761,Nocturno,2026-07-20 03:33:38,,179038,"POINT (  576574.932575482,   6135236.23816856)",DR HECTOR MIRANDA 2355 EST 45,0
2026-07-19,CH_101,60,S,50,,S,,66761,Nocturno,2026-07-20 03:36:36,,184315,"POINT (  576978.373447887,   6135389.50728967)",JOSE ELLAURI 520,0
2026-07-19,CH_101,61,N,,Contenedor No Está,S,,66761,Nocturno,2026-07-20 03:38:26,,175641,"POINT (  576979.706927931,   6135393.30646925)",JOSE ELLAURI 526 DROGUERIA,0
2026-07-19,CH_101,62,S,50,,S,,66761,Nocturno,2026-07-20 03:38:33,,175642,"POINT (  577042.839283330,   6135491.07235134)",JOSE ELLAURI 558,0
2026-07-19,CH_101,63,S,50,,S,,66761,Nocturno,2026-07-20 03:39:58,,180162,"POINT (  577082.021973979,   6135497.25313241)",LEYENDA PATRIA 2872,0
2026-07-19,CH_101,64,S,50,,S,Basura Afuera,66761,Nocturno,2026-07-20 03:41:35,,180163,"POINT (  577109.740667082,   6135381.08097617)",LEYENDA PATRIA 2942,0
2026-07-19,CH_101,65,S,50,,S,,66761,Nocturno,2026-07-20 03:43:09,,175646,"POINT (  577051.717425811,   6135388.84545790)",BLANCA DEL TABARE 2941,0
2026-07-19,CH_101,66,S,25,,S,,66761,Nocturno,2026-07-20 03:44:15,,175643,"POINT (  577041.198983577,   6135432.72454585)",BLANCA DEL TABARE 2917 EDIFICIO,0
2026-07-19,CH_101,67,S,25,,S,Basura Afuera,66761,Nocturno,2026-07-20 03:46:48,,179737,"POINT (  577231.393518453,   6135259.37292425)",LEYENDA PATRIA 3022 EDIFICIO,0
2026-07-19,CH_101,68,S,50,,S,,66761,Nocturno,2026-07-20 03:47:46,,179722,"POINT (  577234.178103806,   6135258.03019343)",LEYENDA PATRIA 3022 EDIFICIO,0
2026-07-19,CH_101,69,S,100,,S,Basura Afuera,66761,Nocturno,2026-07-20 03:52:59,,175649,"POINT (  577349.341008554,   6135243.97291002)",LEYENDA PATRIA 3096,0
2026-07-19,CH_101,70,S,75,,S,,66761,Nocturno,2026-07-20 03:53:10,,175650,"POINT (  577375.252053460,   6135248.79525272)",LEYENDA PATRIA 3088 EDIFICIO,0
2026-07-19,CH_101,71,S,100,,S,Basura Afuera,66761,Nocturno,2026-07-20 03:58:43,,175651,"POINT (  577459.006763451,   6135300.73899789)",LEYENDA PATRIA 3132 ARBOL/ARBOL,0
2026-07-19,CH_101,72,S,25,,S,Basura Afuera,66761,Nocturno,2026-07-20 04:00:36,,181650,"POINT (  577460.879109101,   6135303.13208180)",LEYENDA PATRIA 3132,0
2026-07-19,B_103,1,,,,S,,66761,Nocturno,,,176379,"POINT (  576425.631564924,   6135985.56362614)",JOSE H FIGUEIRA 2335 EN 2335/2327,1
2026-07-19,B_103,2,,,,S,,66761,Nocturno,,,176380,"POINT (  576293.879229462,   6135974.15839099)",JOSE H FIGUEIRA 2263 FTE 2260,1
2026-07-19,B_103,3,,,,S,,66761,Nocturno,,,181607,"POINT (  576243.243926735,   6135855.36076929)",IBIRAY 2230,1
2026-07-19,B_103,4,,,,S,,66761,Nocturno,,,176383,"POINT (  576479.770998475,   6135861.70741699)",BV GRAL ARTIGAS 641 ARBOL/ARBOL,1
2026-07-19,B_103,5,,,,S,,66761,Nocturno,,,176384,"POINT (  576484.564026797,   6135803.97321220)",BV GRAL ARTIGAS 607 PDO LOMA DE BURRO,1
2026-07-19,B_103,6,,,,S,,66761,Nocturno,,,176385,"POINT (  576486.947380392,   6135765.35034401)",BV GRAL ARTIGAS 589 PDO COLUMNA. EDIFICIO ITAPUA,1
2026-07-19,B_103,7,,,,S,,66761,Nocturno,,,176386,"POINT (  576489.235732790,   6135748.14554610)",BV GRAL ARTIGAS 581,1
2026-07-19,B_103,8,,,,S,,66761,Nocturno,,,176387,"POINT (  576497.573904575,   6135660.99136296)",BV GRAL ARTIGAS 541,1
2026-07-19,B_103,9,,,,S,,66761,Nocturno,,,176388,"POINT (  576501.277608279,   6135612.18962005)",BV GRAL ARTIGAS 529 NATAL. PDO COLUMNA,1
2026-07-19,B_103,10,,,,S,,66761,Nocturno,,,176389,"POINT (  576506.857236158,   6135541.56650735)",BV GRAL ARTIGAS 493 MAPFRE,1
2026-07-19,B_103,11,,,,S,,66761,Nocturno,,,179338,"POINT (  576507.159006931,   6135537.23256733)",BV GRAL ARTIGAS 493 PROV OV (O: BV GRAL ARTIGAS 417),1
2026-07-19,B_103,12,,,,S,,66761,Nocturno,,,180364,"POINT (  576516.044250740,   6135404.41292219)",BV GRAL ARTIGAS 417,1
2026-07-19,B_103,13,,,,S,,66761,Nocturno,,,176392,"POINT (  576481.134037062,   6135393.30932459)",AV JULIO MARIA SOSA 2333 REBAJE/REBAJE,1
2026-07-19,B_103,14,,,,S,,66761,Nocturno,,,176393,"POINT (  576443.624401118,   6135416.36444556)",AV JULIO MARIA SOSA 2305 EN 2305. PDO REBAJE,1
2026-07-19,B_103,15,,,,S,,66761,Nocturno,,,176394,"POINT (  576442.533361616,   6135417.04634525)",AV JULIO MARIA SOSA 2305 EN 2305. PDO REBAJE,1
2026-07-19,B_103,16,,,,S,,66761,Nocturno,,,176395,"POINT (  576421.582852072,   6135481.31363296)",ING CARLOS MARIA MAGGIOLO 456 ANTES ARBOL,1
2026-07-19,B_103,17,,,,S,,66761,Nocturno,,,176396,"POINT (  576413.137083409,   6135583.49440947)",ING CARLOS MARIA MAGGIOLO 514 EN 508. ARBOL/ARBOL,1
2026-07-19,B_103,18,,,,S,,66761,Nocturno,,,176397,"POINT (  576413.137083409,   6135584.73672894)",ING CARLOS MARIA MAGGIOLO 514 EN 508. ARBOL/ARBOL,1
2026-07-19,B_103,19,,,,S,,66761,Nocturno,,,176398,"POINT (  576407.436440025,   6135648.74623786)",ING CARLOS MARIA MAGGIOLO 546 ANTES SEÑAL DE TRANSITO,1
2026-07-19,B_103,20,,,,S,,66761,Nocturno,,,176399,"POINT (  576397.698258360,   6135759.11229672)",ING CARLOS MARIA MAGGIOLO 594 PDO ARBOL,1
2026-07-19,B_103,21,,,,S,,66761,Nocturno,,,176400,"POINT (  576389.282545812,   6135861.22294231)",ING CARLOS MARIA MAGGIOLO 642 FTE 647. MURO,1
2026-07-19,B_103,22,,,,S,,66761,Nocturno,,,176401,"POINT (  576382.560283987,   6135935.73334353)",ING CARLOS MARIA MAGGIOLO 684 ARBOL/ARBOL,1
2026-07-19,B_103,23,,,,N,,66761,Nocturno,,,176402,"POINT (  576376.286806850,   6136019.06148550)",ING CARLOS MARIA MAGGIOLO 720 EN 724/726. CASA LADRILLO. PDO ARBOL,1
2026-07-19,B_103,24,,,,S,,66761,Nocturno,,,181516,"POINT (  576373.905058930,   6136052.10656257)",ING CARLOS MARIA MAGGIOLO 740 PROV(O:ING CARLOS MARIA MAGGIOLO 720),1
2026-07-19,B_103,25,,,,S,,66761,Nocturno,,,176404,"POINT (  576369.740569837,   6136101.29858797)",ING CARLOS MARIA MAGGIOLO 778 FTE 761,1
2026-07-19,B_103,26,,,,S,,66761,Nocturno,,,176405,"POINT (  576254.199952358,   6136108.83893137)",PATRIA 765 PDO REBAJE,1
2026-07-19,B_103,27,,,,S,,66761,Nocturno,,,176406,"POINT (  576258.923005364,   6136047.85740036)",PATRIA 741 FTE 746. PDO COLUMNA,1
2026-07-19,B_103,28,,,,S,,66761,Nocturno,,,176407,"POINT (  576267.707577630,   6135938.68642592)",PATRIA 685 REJA CON VEGETACION,1
2026-07-19,B_103,29,,,,S,,66761,Nocturno,,,176408,"POINT (  576274.808127832,   6135851.63646470)",PATRIA 647 FARMACIA. ANTES COLUMNA,1
2026-07-19,B_103,30,,,,S,,66761,Nocturno,,,176440,"POINT (  576278.968015292,   6135797.11435678)",PATRIA 617,1
2026-07-19,B_103,31,,,,S,,66761,Nocturno,,,176409,"POINT (  576286.443961072,   6135711.67117538)",PATRIA 571 EN 579/581. EDIFICIO,1
2026-07-19,B_103,32,,,,S,,66761,Nocturno,,,176410,"POINT (  576289.711934929,   6135683.34873529)",PATRIA 553 REDPAGOS,1
2026-07-19,B_103,33,,,,S,,66761,Nocturno,,,176411,"POINT (  576289.929799852,   6135680.29862636)",PATRIA 553 REDPAGOS,1
2026-07-19,B_103,34,,,,S,,66761,Nocturno,,,180000,"POINT (  576296.566251522,   6135572.82861402)",PATRIA 505,1
2026-07-19,B_103,35,,,,S,,66761,Nocturno,,,176413,"POINT (  576305.148532958,   6135510.63922286)",PATRIA 458 FTE 458. ARBOL/ARBOL,1
2026-07-19,B_103,36,,,,S,,66761,Nocturno,,,176414,"POINT (  576305.451908005,   6135506.69534724)",PATRIA 458 FTE 458. ARBOL/ARBOL,1
2026-07-19,B_103,37,,,,S,,66761,Nocturno,,,176415,"POINT (  576250.237649378,   6135534.60585160)",AV JULIO MARIA SOSA 2223 CASA LADRILLOS,1
2026-07-19,B_103,38,,,,S,,66761,Nocturno,,,176416,"POINT (  576211.948981849,   6135608.83063272)",AV JULIO HERRERA Y REISSIG 522 VEREDA. PDO REBAJE,1
2026-07-19,B_103,39,,,,S,,66761,Nocturno,,,184389,"POINT (  576204.392544444,   6135745.26646841)",AV JULIO HERRERA Y REISSIG 594,1
2026-07-19,B_103,40,,,,S,,66761,Nocturno,,,176418,"POINT (  576208.198533561,   6135845.85896455)",AV JULIO HERRERA Y REISSIG 650 VEREDA,1
2026-07-19,B_103,41,,,,S,,66761,Nocturno,,,176419,"POINT (  576208.880433249,   6135886.09104619)",AV JULIO HERRERA Y REISSIG 660 VEREDA. ANTES CARTEL,1
2026-07-19,B_103,42,,,,S,,66761,Nocturno,,,176420,"POINT (  576212.903641413,   6136042.99616458)",AV JULIO HERRERA Y REISSIG 750 VEREDA. PDO COLUMNA. EDIFICIO,1
2026-07-19,B_103,43,,,,S,,66761,Nocturno,,,176421,"POINT (  576212.971831382,   6136045.17824358)",AV JULIO HERRERA Y REISSIG 750 RETIRO PROVISORIO POR FERIA PQE RODO // VEREDA. PDO COLUMNA. EDIFICIO,1
2026-07-19,B_103,44,,,,S,,66761,Nocturno,,,176422,"POINT (  576214.267440791,   6136100.07116853)",AV JULIO HERRERA Y REISSIG 780 RETIRO PROVISORIO POR FERIA PQE RODO // VEREDA. ANTES 780. MURO VEGETAL,1
2026-07-19,B_103,45,,,,S,,66761,Nocturno,,,176423,"POINT (  576214.335630760,   6136103.13971713)",AV JULIO HERRERA Y REISSIG 780 VEREDA. ANTES 780. MURO VEGETAL,1
2026-07-19,B_103,46,,,,S,,66761,Nocturno,,,176424,"POINT (  576306.898523312,   6136134.80030650)",AV TOMAS GIRIBALDI 2270 ARBOL/ARBOL,1
2026-07-19,B_103,47,,,,S,,66761,Nocturno,,,176425,"POINT (  576421.189488588,   6136154.47691721)",AV TOMAS GIRIBALDI 2336,1
2026-07-19,CH_102,1,S,75,,S,,66762,Nocturno,2026-07-19 23:06:15,15,175449,"POINT (  577139.564468152,   6136678.15534173)",LUIS B CAVIA 2768 FTE 2761. ARBOL/ARBOL,0
2026-07-19,CH_102,2,S,75,,S,,66762,Nocturno,2026-07-19 23:02:57,15,175450,"POINT (  577223.170422276,   6136555.94720235)",LUIS B CAVIA 2805 CERCO COLEGIO,0
2026-07-19,CH_102,3,S,75,,S,,66762,Nocturno,2026-07-19 23:06:22,15,175451,"POINT (  577299.905966093,   6136469.72749019)",LUIS B CAVIA 2872 EN 2870/2872. CERCO VERDE,0
2026-07-19,CH_102,4,S,75,,S,,66762,Nocturno,2026-07-19 23:06:28,15,175505,"POINT (  577325.742740647,   6136440.86825579)",LUIS B CAVIA 2888,0
2026-07-19,CH_102,5,S,75,,S,,66762,Nocturno,2026-07-19 23:07:52,15,176023,"POINT (  577365.668104492,   6136397.43356547)",LUIS B CAVIA 2912 EN 2908/2912. ARBOL/ARBOL,0
2026-07-19,CH_102,6,S,75,,S,,66762,Nocturno,2026-07-19 23:09:12,15,175506,"POINT (  577306.186167348,   6136269.14424873)",PLAZOLETA LEÓN TOLSTOI FTE 2892. MURO. VENTANA/VENTANA,0
2026-07-19,CH_102,7,S,75,,S,,66762,Nocturno,2026-07-19 23:10:36,15,175509,"POINT (  577218.646548489,   6136306.95318917)",JOSE BENITO LAMAS 2857 FTE 2862. PDO 2875. MURO VEGETAL,0
2026-07-19,CH_102,8,S,75,,S,,66762,Nocturno,2026-07-19 23:12:18,15,180048,"POINT (  577103.503241605,   6136358.96448659)",LUIS DE LA TORRE 1004 MURO BLANCO,0
2026-07-19,CH_102,9,S,100,,S,,66762,Nocturno,2026-07-19 23:12:27,15,175536,"POINT (  577104.128950606,   6136361.48395988)",LUIS DE LA TORRE 1004 MURO BLANCO,0
2026-07-19,CH_102,10,S,75,,S,,66762,Nocturno,2026-07-19 23:14:07,15,182146,"POINT (  577131.833027986,   6136514.04645461)",TRABAJO 2797 FTE 2790,0
2026-07-19,CH_102,11,S,75,,S,,66762,Nocturno,2026-07-19 23:17:08,15,182145,"POINT (  577086.554302162,   6136577.07262071)",TRABAJO 2767 FTE 2770,0
2026-07-19,CH_102,12,S,75,,S,,66762,Nocturno,2026-07-19 23:17:20,15,182075,"POINT (  576994.654202781,   6136561.13994557)",CARLOS M MAESO 2710,0
2026-07-19,CH_102,13,S,100,,S,,66762,Nocturno,2026-07-19 23:19:33,15,181677,"POINT (  577014.053809586,   6136463.65085120)",DR ENRIQUE MUÑOZ 1085 EN 1087,0
2026-07-19,CH_102,14,S,100,,S,,66762,Nocturno,2026-07-19 23:21:29,15,175558,"POINT (  576899.054541177,   6136496.23724581)",QUEBRACHO 2703 FTE 2702,0
2026-07-19,CH_102,15,S,100,,S,,66762,Nocturno,2026-07-19 23:25:06,15,175562,"POINT (  576831.235263885,   6136484.61328341)",LIBERTAD 2507 VEREDA. PDO ARBOL,0
2026-07-19,CH_102,16,S,75,,S,,66762,Nocturno,2026-07-19 23:24:58,15,175565,"POINT (  576787.864757516,   6136452.61941220)",LIBERTAD 2485 EN 2493 VEREDA. LOCAL DE CARNES,0
2026-07-19,CH_102,17,S,100,,S,,66762,Nocturno,2026-07-19 23:28:28,15,183655,"POINT (  576799.898783201,   6136320.96174461)",DR JUAN C DIGHIERO 2485,0
2026-07-19,CH_102,18,S,75,,S,,66762,Nocturno,2026-07-19 23:28:38,15,183654,"POINT (  576797.401620885,   6136320.50771510)",DR JUAN C DIGHIERO 2485,0
2026-07-19,CH_102,19,S,100,,S,,66762,Nocturno,2026-07-19 23:35:17,15,180541,"POINT (  576683.439545752,   6136129.14307103)",21 DE SETIEMBRE 2535 FTE ANCAP,0
2026-07-19,CH_102,20,S,100,,S,,66762,Nocturno,2026-07-19 23:35:09,15,180540,"POINT (  576681.696626362,   6136130.77705795)",21 DE SETIEMBRE 2535 FTE ANCAP,0
2026-07-19,CH_102,21,S,100,,S,,66762,Nocturno,2026-07-19 23:35:01,15,180539,"POINT (  576679.844774510,   6136131.64851765)",21 DE SETIEMBRE 2535 FTE ANCAP,0
2026-07-19,CH_102,22,S,100,,S,,66762,Nocturno,2026-07-19 23:51:46,15,182996,"POINT (  576532.552949149,   6136251.47239762)",LIBERTAD 2358 EN 2358,0
2026-07-19,CH_102,23,S,100,,S,,66762,Nocturno,2026-07-19 23:51:59,15,182995,"POINT (  576535.390633599,   6136253.06150091)",LIBERTAD 2 EN 2358,0
2026-07-19,CH_102,24,S,100,,S,,66762,Nocturno,2026-07-19 23:53:37,15,177380,"POINT (  576695.196462963,   6136355.14746166)",OBLIGADO 1037 EN 1045,0
2026-07-19,CH_102,25,S,100,,S,,66762,Nocturno,2026-07-19 23:31:39,15,175638,"POINT (  576707.130461042,   6136228.91377537)",OBLIGADO 955,0
2026-07-19,CH_102,26,S,75,,S,,66762,Nocturno,2026-07-19 23:32:27,15,180620,"POINT (  576707.133553356,   6136227.07873618)",OBLIGADO 955,0
2026-07-19,CH_102,27,S,100,,S,,66762,Nocturno,2026-07-19 23:32:10,15,175637,"POINT (  576707.284420808,   6136224.75686167)",OBLIGADO 955,0
2026-07-19,CH_102,28,S,50,,S,,66762,Nocturno,2026-07-20 02:57:50,36,180023,"POINT (  576887.954146198,   6136217.96227696)",CARLOS BERG 2530,0
2026-07-19,CH_102,29,S,75,,S,,66762,Nocturno,2026-07-20 02:57:57,36,175604,"POINT (  577017.051471518,   6136226.91229840)",CARLOS BERG 2580 SUBESTACION,0
2026-07-19,CH_102,30,S,100,,S,,66762,Nocturno,2026-07-20 02:58:10,36,181305,"POINT (  577177.778407168,   6136190.93149659)",FRANCISCO AGUILAR 943,0
2026-07-19,CH_102,31,S,100,,S,,66762,Nocturno,2026-07-20 02:51:41,36,181304,"POINT (  577178.290352560,   6136181.85868657)",FRANCISCO AGUILAR 931 EN 945,0
2026-07-19,CH_102,32,S,100,,S,,66762,Nocturno,2026-07-20 02:51:31,36,183802,"POINT (  577179.363323779,   6136176.86658886)",FRANCISCO AGUILAR 931,0
2026-07-19,CH_102,33,S,75,,S,,66762,Nocturno,2026-07-20 02:54:57,36,183968,"POINT (  577186.305054814,   6136102.36293615)",FRANCISCO AGUILAR 871,0
2026-07-19,CH_102,34,S,100,,S,,66762,Nocturno,2026-07-20 02:56:38,36,181383,"POINT (  577187.735082139,   6136070.33908726)",FRANCISCO AGUILAR 863,0
2026-07-19,CH_102,35,S,100,,S,,66762,Nocturno,2026-07-20 02:57:21,36,181303,"POINT (  577204.172036291,   6135890.98837941)",FRANCISCO AGUILAR 777,0
2026-07-19,CH_102,36,S,75,,S,,66762,Nocturno,2026-07-20 03:03:11,36,183712,"POINT (  577062.006495425,   6135831.81043726)",FRANCISCO SOLANO ANTUÑA 2657,0
2026-07-19,CH_102,37,S,75,,S,,66762,Nocturno,2026-07-20 03:03:20,36,183711,"POINT (  577061.026103268,   6135832.35509957)",FRANCISCO SOLANO ANTUÑA 2657,0
2026-07-19,CH_102,38,S,100,,S,,66762,Nocturno,2026-07-20 03:26:14,36,180623,"POINT (  577060.060859841,   6135833.77653003)",FRANCISCO SOLANO ANTUÑA 2656 ESQ. VEREDA,0
2026-07-19,CH_102,39,S,50,,S,,66762,Nocturno,2026-07-20 03:04:56,36,180625,"POINT (  577005.407930444,   6135895.46930239)",FRANCISCO SOLANO ANTUÑA 2609,0
2026-07-19,CH_102,40,S,75,,S,,66762,Nocturno,2026-07-20 03:21:31,36,175673,"POINT (  576973.233621080,   6136000.42700510)",DR ENRIQUE MUÑOZ 842,0
2026-07-19,CH_102,41,S,75,,S,,66762,Nocturno,2026-07-20 03:21:24,36,175672,"POINT (  576973.080354045,   6136004.71848206)",DR ENRIQUE MUÑOZ 846,0
2026-07-19,CH_102,42,S,100,,S,,66762,Nocturno,2026-07-20 03:22:16,36,183794,"POINT (  576965.512730827,   6136101.15890978)",DR ENRIQUE MUÑOZ 894 PROV O: Luis Franzini 889,0
2026-07-19,CH_102,43,S,100,,S,,66762,Nocturno,2026-07-20 03:22:38,36,175639,"POINT (  576964.012331871,   6136112.44321182)",DR ENRIQUE MUÑOZ 894 PDO 894,0
2026-07-19,CH_102,44,S,50,,S,,66762,Nocturno,2026-07-20 03:24:57,36,183127,"POINT (  576950.526770989,   6136269.23025063)",DR ENRIQUE MUÑOZ 975,0
2026-07-19,CH_102,45,S,75,,S,,66762,Nocturno,2026-07-20 03:25:04,36,175602,"POINT (  576949.688059509,   6136272.02371288)",DR ENRIQUE MUÑOZ 975,0
2026-07-19,CH_102,46,S,100,,S,,66762,Nocturno,2026-07-19 23:56:21,15,175572,"POINT (  576824.538014028,   6136203.02086987)",LUIS FRANZINI 945 FTE 946. ANTES DE REBAJE,0
2026-07-19,CH_102,47,S,100,,S,,66762,Nocturno,2026-07-20 00:02:30,15,183969,"POINT (  576833.589381925,   6136096.11387937)",LUIS FRANZINI 889,0
2026-07-19,CH_102,48,S,100,,S,,66762,Nocturno,2026-07-20 00:02:44,15,183966,"POINT (  576834.129656974,   6136094.24747466)",LUIS FRANZINI 889,0
2026-07-19,CH_102,49,S,75,,N,,66762,Nocturno,2026-07-20 03:09:05,36,175669,"POINT (  576866.636398599,   6136007.40065517)",DR JOSE SCOSERIA 2506 EN 2502/2506. EST 45,0
2026-07-19,CH_102,50,S,75,,S,,66762,Nocturno,2026-07-20 03:08:55,36,175671,"POINT (  576903.880287978,   6136011.00243048)",DR JOSE SCOSERIA 2524 EST 45,0
2026-07-19,CH_102,51,S,75,,S,,66762,Nocturno,2026-07-20 03:12:46,36,181894,"POINT (  577001.576579181,   6136019.45301536)",DR JOSE SCOSERIA 2562,0
2026-07-19,CH_102,52,S,75,,S,,66762,Nocturno,2026-07-20 03:12:54,36,182991,"POINT (  577126.648093857,   6136031.89771286)",DR JOSE SCOSERIA 2622,0
2026-07-19,CH_102,53,S,100,,S,,66762,Nocturno,2026-07-20 03:14:19,36,183987,"POINT (  577254.501490963,   6135968.67675423)",JOSE ELLAURI 809 José Ellauri 809,0
2026-07-19,CH_102,54,S,50,,S,,66762,Nocturno,2026-07-20 03:15:26,36,181384,"POINT (  577136.760933902,   6135939.12511513)",JAIME ZUDAÑEZ 2621,0
2026-07-19,CH_102,55,S,75,,S,,66762,Nocturno,2026-07-20 03:17:21,36,175676,"POINT (  577043.391606112,   6135932.52970882)",JAIME ZUDAÑEZ 2581 EN 2577,0
2026-07-19,CH_102,56,S,75,,S,,66762,Nocturno,2026-07-20 03:05:39,36,175674,"POINT (  576950.205249149,   6135925.55605876)",JAIME ZUDAÑEZ 2549 FTE 2544,0
2026-07-19,CH_102,57,S,75,,S,,66762,Nocturno,2026-07-20 00:07:24,15,178304,"POINT (  576844.858184519,   6135973.90187204)",LUIS FRANZINI 831 EN 831,0
2026-07-19,CH_102,58,S,75,,S,,66762,Nocturno,2026-07-20 00:07:15,15,175668,"POINT (  576846.251883014,   6135952.99085793)",LUIS FRANZINI 827 EN 803,0
2026-07-19,CH_102,59,S,100,,S,,66762,Nocturno,2026-07-20 00:06:49,15,182012,"POINT (  576831.487925926,   6135862.22872571)",WILLIMAN 637 MURO LADRILLO CON REJA,0
2026-07-19,CH_102,60,S,75,,S,,66762,Nocturno,2026-07-20 00:07:04,15,182013,"POINT (  576830.207969499,   6135861.11216798)",WILLIMAN 631 MURO LADRILLO CON REJA,0
2026-07-19,CH_102,61,S,50,,S,,66762,Nocturno,2026-07-20 00:08:47,15,183092,"POINT (  576761.688176678,   6135807.62571229)",WILLIMAN 597,0
2026-07-19,CH_102,62,S,100,,S,,66762,Nocturno,2026-07-20 00:10:04,15,177032,"POINT (  576642.038631804,   6135710.34761279)",WILLIMAN 515 FTE 516,0
2026-07-19,CH_102,63,S,75,,S,,66762,Nocturno,2026-07-20 00:10:19,15,175678,"POINT (  576543.434539641,   6135790.60443490)",DR JOSE MARIA MONTERO 2613 FTE 2612. MURO CON REJA,0
2026-07-19,CH_102,64,S,100,,S,,66762,Nocturno,2026-07-20 00:13:42,15,175662,"POINT (  576607.691743847,   6135888.77197048)",ECHEVERRIA 538 FTE 541. COLEGIO. ANTES LOMA DE BURRO,0
2026-07-19,CH_102,65,S,100,,S,,66762,Nocturno,2026-07-20 00:16:39,15,175661,"POINT (  576677.581511569,   6135972.14923724)",ECHEVERRIA 592 SUBESTACION,0
2026-07-19,CH_102,66,S,100,,S,,66762,Nocturno,2026-07-20 00:16:32,15,180044,"POINT (  576678.058328722,   6135972.84024425)",ECHEVERRIA 592 SUBESTACION,0
2026-07-19,CH_102,67,S,100,,S,,66762,Nocturno,2026-07-20 00:21:26,15,175664,"POINT (  576789.083279153,   6135968.77736248)",AMADO BONPLAND 645 ANTES DE 645,0
2026-07-19,CH_102,68,S,100,,S,,66762,Nocturno,2026-07-20 00:21:34,15,180661,"POINT (  576785.224547712,   6135963.58777124)",AMADO BONPLAND 645,0
2026-07-19,CH_102,69,S,100,,S,,66762,Nocturno,2026-07-20 00:23:09,15,175663,"POINT (  576688.386837500,   6135847.46650469)",AMADO BONPLAND 581 REJAS VERDES,0
2026-07-19,CH_102,70,S,100,,S,,66762,Nocturno,2026-07-20 00:25:32,15,176437,"POINT (  576516.729871054,   6135847.17202325)",BV GRAL ARTIGAS 628 PDO COLUMNA,0
2026-07-19,CH_102,71,S,75,,S,,66762,Nocturno,2026-07-20 00:29:18,15,180110,"POINT (  576568.762009804,   6135982.79381656)",JOSE H FIGUEIRA 2380 EN 2378,0
2026-07-19,CH_102,72,S,100,,S,,66762,Nocturno,2026-07-20 00:29:26,15,183972,"POINT (  576598.649611085,   6135983.60312497)",JOSE H FIGUEIRA 2392 Jose H Figueira 2392,0
2026-07-19,CH_102,73,S,100,,S,,66762,Nocturno,2026-07-20 00:32:53,15,184397,"POINT (  576528.490371242,   6136105.47071830)",AV SARMIENTO 2355,0
2026-07-19,CH_102,74,S,75,,S,,66762,Nocturno,2026-07-20 00:33:00,15,184396,"POINT (  576525.875992157,   6136106.01538061)",AV SARMIENTO 2355,0
2026-07-19,CH_102,75,S,100,,S,,66762,Nocturno,2026-07-20 00:35:16,15,175627,"POINT (  576480.424704496,   6136257.43482216)",PLAZOLETA MANUEL MAGARIÑOS CASTAÑO VEREDA,0
2026-07-19,CH_102,76,S,25,,S,,66762,Nocturno,2026-07-20 00:37:46,15,176438,"POINT (  576478.273070247,   6136340.07730252)",BV GRAL ARTIGAS 898 ARBOL/ARBOL,0
2026-07-19,CH_102,77,S,75,,S,,66762,Nocturno,2026-07-20 00:37:37,15,176439,"POINT (  576472.718470876,   6136400.56006426)",BV GRAL ARTIGAS 928 EDIFICIO ORLEANS,0
2026-07-19,CH_102,78,S,75,,S,,66762,Nocturno,2026-07-20 00:37:26,15,183123,"POINT (  576470.549524118,   6136404.27006860)",BV GRAL ARTIGAS 928,0
2026-07-19,CH_123,1,S,50,,S,,66762,Nocturno,2026-07-20 01:41:49,36,176633,"POINT (  577478.076468627,   6139564.97446710)",AV CENTENARIO 3090 EN 3090 BIS,1
2026-07-19,CH_123,2,S,100,,S,,66762,Nocturno,2026-07-20 01:48:42,36,176644,"POINT (  577684.817289543,   6138333.03012201)",AV DR ALFREDO NAVARRO 3100 VEREDA. EN 3102. EDIFICIO,1
2026-07-19,CH_123,3,S,50,,S,,66762,Nocturno,2026-07-20 01:49:54,36,176645,"POINT (  577846.146265578,   6138195.77522005)",AV DR ALFREDO NAVARRO 3190 EN 3192,1
2026-07-19,CH_123,4,S,75,,S,,66762,Nocturno,2026-07-20 02:15:34,36,176646,"POINT (  579556.371994771,   6138376.95894031)",AV SANTIAGO RIVAS 1679 PDO EDIFICIO. ESTACION UTE,1
2026-07-19,CH_123,5,S,75,,S,,66762,Nocturno,2026-07-20 02:19:17,36,176647,"POINT (  579269.626759695,   6137977.46172985)",AV SANTIAGO RIVAS 1487 REJA CON ESTERILLA,1
2026-07-19,CH_123,6,S,75,,S,,66762,Nocturno,2026-07-20 02:27:46,36,176648,"POINT (  579225.400180174,   6137829.96717647)",AV SANTIAGO RIVAS 1419,1
2026-07-19,CH_123,7,S,100,,S,,66762,Nocturno,2026-07-20 02:27:17,36,177413,"POINT (  578653.910732203,   6137666.36398305)",AV DR LUIS ALBERTO DE HERRERA 1437 VEREDA,1
2026-07-19,CH_123,8,S,100,,S,,66762,Nocturno,2026-07-20 02:27:35,36,176649,"POINT (  578659.861689543,   6137657.61556493)",AV DR LUIS ALBERTO DE HERRERA 1431 VEREDA. EDIFICIO,1
2026-07-19,CH_123,9,S,100,,S,,66762,Nocturno,2026-07-20 02:30:14,36,176657,"POINT (  578724.411986128,   6137468.08445143)",AV DR LUIS ALBERTO DE HERRERA 1361,1
2026-07-19,CH_123,10,S,100,,S,,66762,Nocturno,2026-07-20 02:31:23,36,176658,"POINT (  578744.773788417,   6137397.49687016)",AV DR LUIS ALBERTO DE HERRERA 1339,1
2026-07-19,CH_123,11,S,75,,S,,66762,Nocturno,2026-07-20 02:31:32,36,176659,"POINT (  578828.034518301,   6137112.14020435)",AV DR LUIS ALBERTO DE HERRERA 1223 EN ARBOL/COLUMNA. ANTES DE LA ESPAÑOLA,1
2026-07-19,CH_123,12,S,75,,S,,66762,Nocturno,2026-07-20 02:36:08,36,181280,"POINT (  578856.812011604,   6137006.85637532)",AV DR LUIS ALBERTO DE HERRERA 1175 EN 1183,1
2026-07-19,CH_103,1,S,75,,S,,66763,Nocturno,2026-07-19 22:38:26,27,176453,"POINT (  577593.738073182,   6135392.87743479)",FRANCISCO A VIDAL 630 FTE 627/629. MURO CON CHAPAS,0
2026-07-19,CH_103,2,S,75,,S,,66763,Nocturno,2026-07-19 22:38:43,27,176454,"POINT (  577594.501640769,   6135395.50750092)",FRANCISCO A VIDAL 630 FTE 627/629. MURO CON CHAPAS,0
2026-07-19,CH_103,3,S,75,,S,,66763,Nocturno,2026-07-19 22:39:28,27,176456,"POINT (  577619.402428151,   6135484.03892046)",FRANCISCO A VIDAL 656 ANTES COLUMNA,0
2026-07-19,CH_103,4,S,75,,S,,66763,Nocturno,2026-07-19 22:39:37,27,179079,"POINT (  577620.345404519,   6135486.26388664)",FRANCISCO A VIDAL 656 PDO COLUMNA,0
2026-07-19,CH_103,5,S,75,,S,,66763,Nocturno,2026-07-19 22:40:02,27,176457,"POINT (  577632.849701747,   6135532.61030300)",FRANCISCO A VIDAL 678 MURO REJADO ARBOLES,0
2026-07-19,CH_103,6,S,75,,S,,66763,Nocturno,2026-07-19 22:42:37,27,176458,"POINT (  577642.860921205,   6135567.39504858)",FRANCISCO A VIDAL 690 COLUMNA/ARBOL,0
2026-07-19,CH_103,7,S,100,,S,,66763,Nocturno,2026-07-19 22:42:43,27,176265,"POINT (  577655.545060268,   6135607.86420287)",FRANCISCO A VIDAL 710 PDO ARBOL,0
2026-07-19,CH_103,8,S,100,,S,,66763,Nocturno,2026-07-19 22:42:47,27,176266,"POINT (  577664.423055910,   6135635.45134884)",FRANCISCO A VIDAL 720 EN 722. OPTICA,0
2026-07-19,CH_103,9,S,50,,S,,66763,Nocturno,2026-07-19 22:42:58,27,176268,"POINT (  577685.246552441,   6135715.05107265)",FRANCISCO A VIDAL 754 ANTES DE ZAPATERIA,0
2026-07-19,CH_103,10,S,75,,S,,66763,Nocturno,2026-07-19 22:43:51,27,176269,"POINT (  577693.290158307,   6135738.71932270)",FRANCISCO A VIDAL 768 EDIFICIO,0
2026-07-19,CH_103,11,S,75,,S,,66763,Nocturno,2026-07-19 22:45:16,27,176270,"POINT (  577698.192119091,   6135759.74328784)",FRANCISCO A VIDAL 782 MURO Y CERCO VEGETAL,0
2026-07-19,CH_103,12,S,75,,S,,66763,Nocturno,2026-07-19 22:52:44,27,176271,"POINT (  577641.111509070,   6135892.31409394)",JUAN BENITO BLANCO 822 VEREDA,0
2026-07-19,CH_103,13,S,100,,S,,66763,Nocturno,2026-07-19 22:52:49,27,181870,"POINT (  577642.136824005,   6135894.74401673)",JUAN BENITO BLANCO 822,0
2026-07-19,CH_103,14,S,100,,S,,66763,Nocturno,2026-07-19 22:53:54,27,176273,"POINT (  577563.373057757,   6135860.42826993)",JAIME ZUDAÑEZ 2863,0
2026-07-19,CH_103,15,S,100,,S,,66763,Nocturno,2026-07-19 22:54:57,27,176274,"POINT (  577496.028424988,   6135878.05538857)",JAIME ZUDAÑEZ 2833 REBAJE/REBAJE,0
2026-07-19,CH_103,16,S,75,,S,,66763,Nocturno,2026-07-19 22:56:02,27,176275,"POINT (  577463.034074706,   6135888.22488010)",JAIME ZUDAÑEZ 2809 PDO 2809. PARED FARMACIA,0
2026-07-19,CH_103,17,S,75,,S,,66763,Nocturno,2026-07-19 22:59:06,27,176276,"POINT (  577371.282662276,   6135913.30962586)",JAIME ZUDAÑEZ 2755 ARBOL/ARBOL,0
2026-07-19,CH_103,18,S,100,,S,,66763,Nocturno,2026-07-19 22:59:14,27,176277,"POINT (  577313.881532333,   6135930.25877840)",JAIME ZUDAÑEZ 2725 ANTES DE 2727. MURO BAJO CON REJAS,0
2026-07-19,CH_103,19,S,100,,S,,66763,Nocturno,2026-07-19 23:02:30,27,176278,"POINT (  577246.310910864,   6135815.45651851)",JUAN MARIA PEREZ 2720 EDIFICIO,0
2026-07-19,CH_103,20,S,75,,S,,66763,Nocturno,2026-07-19 23:02:58,27,176279,"POINT (  577282.469102954,   6135804.38307219)",JUAN MARIA PEREZ 2738 MURO CON CERCO VEGETAL,0
2026-07-19,CH_103,21,S,100,,S,,66763,Nocturno,2026-07-19 23:04:01,27,176280,"POINT (  577352.299611429,   6135784.27007784)",JUAN MARIA PEREZ 2762 EDIFICIO,0
2026-07-19,CH_103,22,S,100,,S,,66763,Nocturno,2026-07-19 23:05:35,27,176281,"POINT (  577443.486052107,   6135756.19098180)",JUAN MARIA PEREZ 2824 EN 2820,0
2026-07-19,CH_103,23,S,75,,S,,66763,Nocturno,2026-07-19 23:08:04,27,176282,"POINT (  577551.960628378,   6135727.60341117)",JUAN MARIA PEREZ 2870 EN 2880. EDIFICIO,0
2026-07-19,CH_103,24,S,75,,S,,66763,Nocturno,2026-07-19 23:08:08,27,176283,"POINT (  577555.463453237,   6135726.36047332)",JUAN MARIA PEREZ 2896 EN 2880. EDIFICIO,0
2026-07-19,CH_103,25,S,75,,S,,66763,Nocturno,2026-07-19 23:10:19,27,176284,"POINT (  577569.022775271,   6135722.17968236)",JUAN MARIA PEREZ 2896 EN 2892. EDIFICIO,0
2026-07-19,CH_103,26,S,100,,S,,66763,Nocturno,2026-07-19 23:10:26,27,180659,"POINT (  577624.469859695,   6135706.18491678)",JUAN MARIA PEREZ 2924,0
2026-07-19,CH_103,27,S,100,,S,,66763,Nocturno,2026-07-19 23:12:02,27,180639,"POINT (  577711.549454030,   6135679.70374619)",JUAN MARIA PEREZ 2970,0
2026-07-19,CH_103,28,S,25,,S,,66763,Nocturno,2026-07-19 23:14:57,27,176471,"POINT (  577435.115188453,   6135379.11840959)",JOSE VAZQUEZ LEDESMA 3021 PROV OP. ORIGEN: JOSE VAZQUEZ LEDESMA 3033,0
2026-07-19,CH_103,29,S,25,,S,,66763,Nocturno,2026-07-19 23:15:46,27,176472,"POINT (  577432.936539216,   6135380.42559913)",JOSE VAZQUEZ LEDESMA 3021 PROV OP. ORIGEN: JOSE VAZQUEZ LEDESMA 3033,0
2026-07-19,CH_103,30,S,75,,S,,66763,Nocturno,2026-07-19 23:20:14,27,176294,"POINT (  577342.017125553,   6135434.38307220)",JOSE VAZQUEZ LEDESMA 2967 EN 2969. FTE CLUB BIGUA,0
2026-07-19,CH_103,31,S,50,,S,,66763,Nocturno,2026-07-19 23:20:25,27,176295,"POINT (  577256.028424988,   6135485.00454112)",JOSE VAZQUEZ LEDESMA 2905,0
2026-07-19,CH_103,32,S,100,,S,,66763,Nocturno,2026-07-19 23:21:45,27,181708,"POINT (  577181.074594539,   6135528.33717031)",JOSE VAZQUEZ LEDESMA 2881,0
2026-07-19,CH_103,33,S,100,,S,,66763,Nocturno,2026-07-19 23:21:51,27,176296,"POINT (  577178.514300695,   6135530.20228124)",JOSE VAZQUEZ LEDESMA 2881,0
2026-07-19,CH_103,34,S,75,,S,,66763,Nocturno,2026-07-19 23:25:28,27,181306,"POINT (  577531.401148009,   6135506.64425688)",JUAN BENITO BLANCO Esq. 21 DE SETIEMBRE VEREDA. EN 660,0
2026-07-19,CH_103,35,S,75,,S,,66763,Nocturno,2026-07-19 23:27:05,27,181307,"POINT (  577532.993867008,   6135510.96735131)",JUAN BENITO BLANCO 664 VEREDA. EN 660,0
2026-07-19,CH_103,36,S,75,,S,,66763,Nocturno,2026-07-19 23:31:32,27,180834,"POINT (  577549.745250361,   6135565.87773931)",JUAN BENITO BLANCO 684,0
2026-07-19,CH_103,37,S,75,,S,,66763,Nocturno,2026-07-19 23:31:38,27,176326,"POINT (  577583.419573420,   6135683.85424488)",JUAN BENITO BLANCO 734 VEREDA. EN 736,0
2026-07-19,CH_103,38,S,75,,S,,66763,Nocturno,2026-07-19 23:34:58,27,176461,"POINT (  577451.205457158,   6135597.38628653)",ROQUE GRASERAS 683,0
2026-07-19,CH_103,39,S,50,,S,,66763,Nocturno,2026-07-19 23:35:04,27,176462,"POINT (  577450.950934630,   6135596.02883305)",ROQUE GRASERAS 683,0
2026-07-19,CH_103,40,S,100,,S,,66763,Nocturno,2026-07-19 23:36:14,27,176463,"POINT (  577436.273468813,   6135547.49987093)",ROQUE GRASERAS 655 HELADERIA FREDO,0
2026-07-19,CH_103,41,S,100,,S,,66763,Nocturno,2026-07-19 23:37:30,27,176464,"POINT (  577424.268489547,   6135508.68518531)",ROQUE GRASERAS 646 FTE A 646. MURO GRIS,0
2026-07-19,CH_103,42,S,75,,S,,66763,Nocturno,2026-07-19 23:40:56,27,176465,"POINT (  577397.183050460,   6135412.85745329)",ROQUE GRASERAS 607 PARED AMARILLA,0
2026-07-19,CH_103,43,S,100,,S,,66763,Nocturno,2026-07-19 23:41:27,27,176466,"POINT (  577329.140694476,   6135476.65776713)",TOMAS DIAGO 612 EN 620,0
2026-07-19,CH_103,44,S,100,,S,,66763,Nocturno,2026-07-19 23:44:04,27,176467,"POINT (  577360.404545074,   6135578.93340321)",TOMAS DIAGO 658 ANTES DE 658. PINTURERIA INCA,0
2026-07-19,CH_103,45,S,50,,S,,66763,Nocturno,2026-07-19 23:47:43,27,176469,"POINT (  577375.675896791,   6135630.85599905)",TOMAS DIAGO 684 PDO 684. MURO REJA,0
2026-07-19,CH_103,46,S,75,,S,,66763,Nocturno,2026-07-19 23:51:27,27,176287,"POINT (  577391.169667926,   6135685.79550157)",TOMAS DIAGO 712 FTE 709,0
2026-07-19,CH_103,47,S,75,,S,,66763,Nocturno,2026-07-19 23:52:25,27,176288,"POINT (  577291.734639678,   6135706.69945638)",PEDRO F BERRO 708 FTE 706,0
2026-07-19,CH_103,48,S,75,,S,,66763,Nocturno,2026-07-19 23:52:35,27,176289,"POINT (  577291.056673576,   6135703.53561457)",PEDRO F BERRO 704 FTE 706,0
2026-07-19,CH_103,49,S,50,,S,,66763,Nocturno,2026-07-19 23:53:47,27,179201,"POINT (  577279.916222004,   6135670.34470523)",PEDRO F BERRO 697 MURO SUPERMERCADO,0
2026-07-19,CH_103,50,S,100,,S,,66763,Nocturno,2026-07-19 23:56:22,27,176470,"POINT (  577241.627365054,   6135538.20979864)",PEDRO F BERRO 631 ANTES DE 631. BAR ORO DEL RHIN,0
2026-07-19,CH_103,51,S,100,,S,,66763,Nocturno,2026-07-19 23:56:26,27,180041,"POINT (  577241.028066209,   6135536.25155069)",PEDRO F BERRO 631,0
2026-07-19,CH_103,52,S,100,,S,,66763,Nocturno,2026-07-20 00:04:29,27,176447,"POINT (  577109.887514869,   6135636.43805914)",JOSE ELLAURI 660 VEREDA. BROU,0
2026-07-19,CH_103,53,S,75,,S,,66763,Nocturno,2026-07-20 00:04:32,27,179153,"POINT (  577112.114830307,   6135641.52310000)",JOSE ELLAURI 660 VEREDA. PDO ARBOL. BROU,0
2026-07-19,CH_103,54,S,75,,S,,66763,Nocturno,2026-07-20 00:06:10,27,183568,"POINT (  577180.108123530,   6135775.18086667)",JOSE ELLAURI 728,0
2026-07-19,CH_103,55,S,50,,S,,66763,Nocturno,2026-07-20 00:06:13,27,180042,"POINT (  577179.914897994,   6135782.86554055)",JOSE ELLAURI 732 VEREDA,0
2026-07-19,CH_103,56,S,75,,S,,66763,Nocturno,2026-07-20 00:07:38,27,176290,"POINT (  577180.435204649,   6135784.32657502)",JOSE ELLAURI 732 VEREDA. EN 734. CLINICA ESTETICA,0
2026-07-19,CH_106,1,S,75,,S,,66763,Nocturno,2026-07-20 00:57:35,12,176063,"POINT (  577220.915474058,   6137175.38373296)",CHARRUA 2724 VEREDA,1
2026-07-19,CH_106,2,S,50,,S,,66763,Nocturno,2026-07-20 00:59:42,12,176064,"POINT (  577267.184537239,   6137190.52534516)",CHARRUA 2770 VEREDA. CASA ROSADA,1
2026-07-19,CH_106,3,S,75,,S,,66763,Nocturno,2026-07-20 01:14:16,12,176065,"POINT (  577375.572336803,   6137229.52316651)",MANUEL HAEDO 2866 CASA ROSADA,1
2026-07-19,CH_106,4,S,100,,S,,66763,Nocturno,2026-07-20 01:16:42,12,176066,"POINT (  577377.750986041,   6137229.63209897)",MANUEL HAEDO 2866 CASA ROSADA,1
2026-07-19,CH_106,5,N,,Auto,S,,66763,Nocturno,2026-07-20 00:59:36,,176068,"POINT (  577404.875169048,   6137080.72142359)",GUAYAQUI 2944 VEREDA. FTE 2947. MURO LADRILLOS,1
2026-07-19,CH_106,6,S,50,,S,,66763,Nocturno,2026-07-20 01:01:51,12,176448,"POINT (  577389.351800000,   6137066.58935338)",PTE GRAL OSCAR DIEGO GESTIDO 2841,1
2026-07-19,CH_106,7,S,75,,S,,66763,Nocturno,2026-07-20 01:05:41,12,176070,"POINT (  577292.347935932,   6137057.19201183)",PTE GRAL OSCAR DIEGO GESTIDO 2781,1
2026-07-19,CH_106,8,S,50,,S,,66763,Nocturno,2026-07-20 01:05:44,12,176262,"POINT (  577256.912086777,   6137056.91145207)",PTE GRAL OSCAR DIEGO GESTIDO 2761 EN 2763. MURO DISCO,1
2026-07-19,CH_106,9,S,75,,S,,66763,Nocturno,2026-07-20 01:10:26,12,184364,"POINT (  577196.536019390,   6137327.50641939)",GABRIEL A PEREIRA 2768,1
2026-07-19,CH_106,10,S,75,,S,,66763,Nocturno,2026-07-20 01:10:36,12,176074,"POINT (  577256.509155976,   6137285.29658699)",GABRIEL A PEREIRA 2804 FTE 2799. COLEGIO,1
2026-07-19,CH_106,11,S,50,,S,,66763,Nocturno,2026-07-20 01:17:59,12,176075,"POINT (  577502.369722425,   6137232.68220791)",MANUEL HAEDO 2964,1
2026-07-19,CH_106,12,S,75,,S,,66763,Nocturno,2026-07-20 01:18:03,12,176076,"POINT (  577506.182358590,   6137232.90007283)",MANUEL HAEDO 2964,1
2026-07-19,CH_106,13,S,100,,S,,66763,Nocturno,2026-07-20 01:21:06,12,180322,"POINT (  577603.654833898,   6137233.13281074)",MANUEL HAEDO 3008 3008,1
2026-07-19,CH_106,14,S,75,,S,,66763,Nocturno,2026-07-20 01:23:14,12,176079,"POINT (  577756.727020900,   6137235.07872207)",MANUEL HAEDO 3090 EN 3088/3090. MURO VEGETAL,1
2026-07-19,CH_106,15,S,75,,S,,66763,Nocturno,2026-07-20 01:37:42,12,176081,"POINT (  577728.785844429,   6137152.34451728)",CIPRIANO PAYAN 3053 MURO BAJO CON REJAS,1
2026-07-19,CH_106,16,S,75,,S,,66763,Nocturno,2026-07-20 01:37:45,12,176263,"POINT (  577726.808066942,   6137150.81274463)",CIPRIANO PAYAN 3053,1
2026-07-19,CH_106,17,S,100,,S,Dos Ciclos,66763,Nocturno,2026-07-20 01:37:56,12,176083,"POINT (  577593.164929396,   6137027.22196826)",CIPRIANO PAYAN 2963 PDO 2965. COLUMNA/ARBOL,1
2026-07-19,CH_106,18,N,,Contenedor No Está,S,,66763,Nocturno,2026-07-20 01:38:01,,176084,"POINT (  577590.305452272,   6137024.10377654)",CIPRIANO PAYAN 2952 PDO 2965. COLUMNA/ARBOL,1
2026-07-19,CH_106,19,S,100,,S,,66763,Nocturno,2026-07-20 01:41:22,12,176085,"POINT (  577489.433992577,   6137156.91968068)",RAFAEL PASTORIZA 1322,1
2026-07-19,CH_106,20,S,75,,S,,66763,Nocturno,2026-07-20 01:41:27,12,176086,"POINT (  577489.488458808,   6137165.30748024)",RAFAEL PASTORIZA 1328 EN 1330. PDO ARBOL,1
2026-07-19,CH_106,21,S,75,,S,,66763,Nocturno,2026-07-20 01:46:26,12,176087,"POINT (  577584.423099331,   6137277.04495301)",FRANCISCO LLAMBI 1367 EN 1367/1363,1
2026-07-19,CH_106,22,S,50,,S,,66763,Nocturno,2026-07-20 01:49:31,12,176088,"POINT (  577588.249352055,   6137141.54658699)",FRANCISCO LLAMBI 1307,1
2026-07-19,CH_106,23,S,100,,S,Dos Ciclos,66763,Nocturno,2026-07-20 01:56:08,12,176089,"POINT (  577656.386606956,   6137058.64898349)",MIGUEL BARREIRO 3004 EDIFICIO,1
2026-07-19,CH_106,24,S,100,,S,,66763,Nocturno,2026-07-20 01:56:12,12,176090,"POINT (  577700.885517631,   6137013.38754559)",MIGUEL BARREIRO 3040,1
2026-07-19,CH_106,25,S,50,,S,,66763,Nocturno,2026-07-20 02:00:06,12,176091,"POINT (  577773.347517648,   6137027.68173529)",FRANCISCO JOAQUIN MUÑOZ 3030 VEREDA,1
2026-07-19,CH_106,26,S,75,,S,,66763,Nocturno,2026-07-20 02:00:10,12,176092,"POINT (  577829.288694118,   6137079.56408824)",FRANCISCO JOAQUIN MUÑOZ 3064 VEREDA,1
2026-07-19,CH_106,27,S,25,,S,,66763,Nocturno,2026-07-20 02:43:44,12,183442,"POINT (  578269.152110580,   6136738.05218043)",FELIX BUXAREO 1114,1
2026-07-19,CH_106,28,S,50,,S,,66763,Nocturno,2026-07-20 02:44:37,12,183443,"POINT (  578273.702736291,   6136732.59142958)",FELIX BUXAREO 1115,1
2026-07-19,CH_106,29,S,25,,S,,66763,Nocturno,2026-07-20 02:44:05,12,183444,"POINT (  578277.343236860,   6136725.31042844)",FELIX BUXAREO 1115,1
2026-07-19,CH_106,30,S,100,,S,,66763,Nocturno,2026-07-20 02:05:45,12,179671,"POINT (  578401.554272529,   6136832.17766416)",JOSE L OSORIO 1154,1
2026-07-19,CH_106,31,S,100,,S,,66763,Nocturno,2026-07-20 02:06:55,12,179672,"POINT (  578400.214239029,   6136837.87280654)",JOSE L OSORIO 1154,1
2026-07-19,CH_106,32,S,100,,S,,66763,Nocturno,2026-07-20 02:08:16,12,179673,"POINT (  578383.808024623,   6136904.86667488)",JOSE L OSORIO 1178 EN 1174. EDIFICIO,1
2026-07-19,CH_106,33,S,75,,S,,66763,Nocturno,2026-07-20 02:11:43,12,179738,"POINT (  578383.396655658,   6136907.46807011)",JOSE L OSORIO 1178 EN 1174. EDIFICIO,1
2026-07-19,CH_106,34,S,100,,S,,66763,Nocturno,2026-07-20 02:11:51,12,181431,"POINT (  578365.586420915,   6136974.96575076)",JOSE L OSORIO 1220,1
2026-07-19,CH_106,35,S,75,,S,,66763,Nocturno,2026-07-20 02:11:55,12,176097,"POINT (  578363.625636601,   6136983.24461786)",JOSE L OSORIO 1220 EN 1212,1
2026-07-19,CH_106,36,S,75,,S,,66763,Nocturno,2026-07-20 02:14:44,12,176098,"POINT (  578340.206732228,   6137087.54331901)",JOSE L OSORIO 1256 EN 1252,1
2026-07-19,CH_106,37,S,75,,S,,66763,Nocturno,2026-07-20 02:14:58,12,176099,"POINT (  578339.117407609,   6137090.81129287)",JOSE L OSORIO 1256 EN 1260,1
2026-07-19,CH_106,38,S,100,,S,,66763,Nocturno,2026-07-20 02:17:25,12,176120,"POINT (  578309.748307083,   6137204.20047889)",JOSE L OSORIO 1308,1
2026-07-19,CH_106,39,S,100,,S,,66763,Nocturno,2026-07-20 02:18:47,12,176100,"POINT (  578291.867952272,   6137288.16968067)",JOSE L OSORIO 1340,1
2026-07-19,CH_106,40,S,75,,S,,66763,Nocturno,2026-07-20 02:19:40,12,176101,"POINT (  578291.459455540,   6137290.53896172)",JOSE L OSORIO 1340,1
2026-07-19,CH_106,41,S,75,,S,,66763,Nocturno,2026-07-20 02:21:08,12,176102,"POINT (  578272.096710442,   6137364.66750202)",JOSE L OSORIO 1364 ARBOL/ARBOL,1
2026-07-19,CH_106,42,S,50,,S,,66763,Nocturno,2026-07-20 02:22:02,12,176103,"POINT (  578266.650087348,   6137387.02588982)",JOSE L OSORIO 1376,1
2026-07-19,CH_106,43,S,75,,S,,66763,Nocturno,2026-07-20 02:26:26,12,176104,"POINT (  578116.050958808,   6137378.52915779)",FELIX BUXAREO 1387 EN 1389. UTE,1
2026-07-19,CH_106,44,S,50,,S,,66763,Nocturno,2026-07-20 02:26:42,12,176105,"POINT (  578115.942026346,   6137375.37011640)",FELIX BUXAREO 1387 UTE,1
2026-07-19,CH_106,45,S,100,,S,,66763,Nocturno,2026-07-20 02:28:27,12,184392,"POINT (  578128.655244009,   6137252.43984924)",FELIX BUXAREO 1341,1
2026-07-19,CH_106,46,S,75,,S,,66763,Nocturno,2026-07-20 02:30:11,12,176106,"POINT (  578129.286252925,   6137249.44419047)",FELIX BUXAREO 1341,1
2026-07-19,CH_106,47,S,50,,S,,66763,Nocturno,2026-07-20 02:30:36,12,176107,"POINT (  578148.077102598,   6137188.98667413)",FELIX BUXAREO 1323 EN 1325. EDIFICIO,1
2026-07-19,CH_106,48,S,75,,S,,66763,Nocturno,2026-07-20 02:31:41,12,176108,"POINT (  578168.270457718,   6137130.74184842)",FELIX BUXAREO 1295 EDIFICIO,1
2026-07-19,CH_106,49,S,100,,S,,66763,Nocturno,2026-07-20 02:33:19,12,176109,"POINT (  578177.454825910,   6137082.83879831)",FELIX BUXAREO 1269 FTE EDIFICIO,1
2026-07-19,CH_106,50,S,100,,S,,66763,Nocturno,2026-07-20 02:38:51,12,184155,"POINT (  578201.408705164,   6136961.84219108)",FELIX BUXAREO 1217 Felix Buxareo 1217,1
2026-07-19,CH_106,51,S,100,,S,,66763,Nocturno,2026-07-20 02:38:55,12,184156,"POINT (  578207.459251174,   6136938.26799343)",FELIX BUXAREO 1208 Felix Buxareo 1208,1
2026-07-19,CH_106,52,S,75,,S,,66763,Nocturno,2026-07-20 02:41:49,12,184157,"POINT (  578209.473776526,   6136932.42675681)",FELIX BUXAREO 1204 Felix buxareo 1204,1
2026-07-19,CH_106,53,S,100,,S,,66763,Nocturno,2026-07-20 02:41:44,12,184158,"POINT (  578209.825889202,   6136930.37276620)",FELIX BUXAREO 1204 Feliz Buxareo 1204,1
2026-07-19,CH_106,54,S,75,,S,,66763,Nocturno,2026-07-20 02:49:00,12,182256,"POINT (  578131.459613197,   6136953.22062617)",LA GACETA 1216 EN 1218,1
2026-07-19,CH_106,55,S,75,,S,,66763,Nocturno,2026-07-20 02:50:20,12,176113,"POINT (  578103.497624704,   6137034.62712690)",LA GACETA 1256 EN 1256/1258,1
2026-07-19,CH_106,56,S,50,,S,,66763,Nocturno,2026-07-20 02:52:02,12,176114,"POINT (  578090.883729488,   6137076.88225219)",LA GACETA 1270 EDIFICIO,1
2026-07-19,CH_106,57,S,75,,S,,66763,Nocturno,2026-07-20 02:55:37,12,184391,"POINT (  578085.969119390,   6137098.04165229)",LA GACETA 1280,1
2026-07-19,CH_106,58,S,100,,S,,66763,Nocturno,2026-07-20 02:59:22,12,176116,"POINT (  577840.331095754,   6137257.82248326)",CIPRIANO PAYAN 3137 MURO CIEGO,1
2026-07-19,CH_106,59,S,100,,S,,66763,Nocturno,2026-07-20 03:00:52,12,176117,"POINT (  577837.989047824,   6137255.80723271)",CIPRIANO PAYAN 3137 MURO CIEGO,1
2026-07-19,CH_106,60,S,100,,S,,66763,Nocturno,2026-07-20 03:05:51,12,176118,"POINT (  577791.774450874,   6137304.14601267)",14 DE JULIO 1378 CASA BLANCA,1
2026-07-19,CH_106,61,S,100,,S,,66763,Nocturno,2026-07-20 03:05:55,12,176119,"POINT (  577785.361052181,   6137360.02836561)",14 DE JULIO 1392 PDO 1394. MURO,1
2026-07-19,CH_104,1,S,75,,S,,66764,Nocturno,2026-07-20 01:45:15,18,176011,"POINT (  577361.472700874,   6136025.08186934)",DR JOSE SCOSERIA 2738 EN 2738/2740. REJA,0
2026-07-19,CH_104,2,S,75,,S,"Basura Afuera, Requiere Limpieza",66764,Nocturno,2026-07-20 01:45:20,18,176781,"POINT (  577363.981922807,   6136024.50387193)",DR JOSE SCOSERIA 2738 EN 2738/2740. REJA,0
2026-07-19,CH_104,3,S,75,,S,,66764,Nocturno,2026-07-20 01:47:42,18,176012,"POINT (  577433.063992454,   6136004.45126058)",DR JOSE SCOSERIA 2780 EDIFICIO. COLUMNA/ARBOL,0
2026-07-19,CH_104,4,S,75,,S,,66764,Nocturno,2026-07-20 01:48:55,18,176013,"POINT (  577522.206697453,   6135978.12414045)",DR JOSE SCOSERIA 2824,0
2026-07-19,CH_104,5,S,75,,S,,66764,Nocturno,2026-07-20 01:50:14,18,176836,"POINT (  577576.774508173,   6135964.22672463)",DR JOSE SCOSERIA 2852,0
2026-07-19,CH_104,6,S,75,,S,,66764,Nocturno,2026-07-20 01:50:17,18,176014,"POINT (  577579.479730718,   6135963.34400284)",DR JOSE SCOSERIA 2852,0
2026-07-19,CH_104,7,S,100,,S,"Basura Afuera, Requiere Limpieza",66764,Nocturno,2026-07-20 01:52:23,18,176015,"POINT (  577630.440413541,   6135948.40990545)",DR JOSE SCOSERIA 2882 EDIFICIO,0
2026-07-19,CH_104,8,S,75,,S,,66764,Nocturno,2026-07-20 01:55:42,18,176016,"POINT (  577669.315254672,   6136002.29582385)",JUAN BENITO BLANCO 870 VEREDA. ITAU,0
2026-07-19,CH_104,9,S,25,,S,,66764,Nocturno,2026-07-20 01:58:41,18,176017,"POINT (  577334.991620946,   6136200.90392309)",JOSE ELLAURI 914 VEREDA. MURO CIEGO,0
2026-07-19,CH_104,10,S,75,,S,,66764,Nocturno,2026-07-20 02:00:34,18,176018,"POINT (  577329.295109572,   6136338.38999489)",JOSE ELLAURI 988 PDO 990. ARBOL/COLUMNA,0
2026-07-19,CH_104,11,S,75,,S,,66764,Nocturno,2026-07-20 02:04:03,18,181843,"POINT (  577436.567490899,   6136504.25052025)",JOSE ELLAURI 1091 PROV A,0
2026-07-19,CH_104,12,S,25,,S,,66764,Nocturno,2026-07-20 02:04:07,18,181842,"POINT (  577437.932678612,   6136507.43595825)",JOSE ELLAURI 1091,0
2026-07-19,CH_104,13,S,75,,S,,66764,Nocturno,2026-07-20 02:05:34,18,176020,"POINT (  577515.163038109,   6136595.96468484)",JOSE ELLAURI 1142,0
2026-07-19,CH_104,14,S,100,,S,,66764,Nocturno,2026-07-20 02:05:41,18,176021,"POINT (  577573.975669047,   6136660.24288750)",JOSE ELLAURI 1185,0
2026-07-19,CH_104,15,S,25,,S,,66764,Nocturno,2026-07-20 02:06:21,18,180118,"POINT (  577615.226348148,   6136708.39075185)",JOSE ELLAURI 1224,0
2026-07-19,CH_104,16,S,25,,S,,66764,Nocturno,2026-07-20 02:14:37,18,176024,"POINT (  577430.138756862,   6136330.30710713)",LUIS B CAVIA 2966 MURO. FTE EDIFICIO LADRILLO,0
2026-07-19,CH_104,17,S,25,,S,,66764,Nocturno,2026-07-20 02:14:40,18,176025,"POINT (  577431.562884706,   6136329.19089881)",LUIS B CAVIA 2966 MURO. FTE EDIFICIO LADRILLO,0
2026-07-19,CH_104,18,S,100,,S,,66764,Nocturno,2026-07-20 02:15:47,18,176026,"POINT (  577521.937267850,   6136234.58262208)",LUIS B CAVIA 3052 REJA GRIS,0
2026-07-19,CH_104,19,S,25,,S,,66764,Nocturno,2026-07-20 02:18:19,18,180820,"POINT (  577572.215796587,   6136178.98090410)",LUIS B CAVIA 3082 CASA ANTES DE EDIFICIO,0
2026-07-19,CH_104,20,S,50,,S,,66764,Nocturno,2026-07-20 02:18:23,18,176027,"POINT (  577573.706239455,   6136178.07938765)",LUIS B CAVIA 3082 CASA ANTES DE EDIFICIO,0
2026-07-19,CH_104,21,S,50,,S,,66764,Nocturno,2026-07-20 02:20:36,18,182861,"POINT (  577602.482208419,   6136127.00267247)",ROQUE GRASERAS 945 VEREDA,0
2026-07-19,CH_104,22,S,25,,S,,66764,Nocturno,2026-07-20 02:20:39,18,182862,"POINT (  577602.027145848,   6136125.18242219)",ROQUE GRASERAS 945 VEREDA,0
2026-07-19,CH_104,23,S,100,,S,"Basura Afuera, Requiere Limpieza",66764,Nocturno,2026-07-20 02:23:23,18,176031,"POINT (  577434.757549868,   6136163.10680032)",PEDRO F BERRO 914,0
2026-07-19,CH_104,24,S,25,,S,,66764,Nocturno,2026-07-20 02:25:07,18,176032,"POINT (  577457.582085305,   6136234.73658185)",PEDRO F BERRO 968 REJA,0
2026-07-19,CH_104,25,S,100,,S,,66764,Nocturno,2026-07-20 02:29:28,18,176033,"POINT (  577698.375160666,   6136101.33044387)",JUAN BENITO BLANCO 920 VEREDA,0
2026-07-19,CH_104,26,S,100,,S,,66764,Nocturno,2026-07-20 02:31:00,18,176034,"POINT (  577749.027923962,   6136198.94093605)",JUAN BENITO BLANCO 972 VEREDA. KIOSCO,0
2026-07-19,CH_104,27,S,75,,S,,66764,Nocturno,2026-07-20 02:33:25,18,176035,"POINT (  577843.097341511,   6136301.40116090)",JUAN BENITO BLANCO 1030 VEREDA,0
2026-07-19,CH_104,28,S,75,,S,,66764,Nocturno,2026-07-20 02:36:04,18,176036,"POINT (  577750.990910989,   6136372.26114359)",ALEJANDRO CHUCARRO 1061 FTE 1070,0
2026-07-19,CH_104,29,S,75,,S,,66764,Nocturno,2026-07-20 02:37:52,18,176037,"POINT (  577659.885218953,   6136267.95340155)",ALEJANDRO CHUCARRO 1017 BROU,0
2026-07-19,CH_104,30,S,75,,S,,66764,Nocturno,2026-07-20 02:37:56,18,176038,"POINT (  577658.076191692,   6136264.02742749)",ALEJANDRO CHUCARRO 1017 BROU,0
2026-07-19,CH_104,31,S,75,,S,,66764,Nocturno,2026-07-20 02:40:35,18,181652,"POINT (  577634.945703982,   6136422.40406906)",PEDRO F BERRO 1086 EN 1088. PROV OV(O:PEDRO F BERRO 1076),0
2026-07-19,CH_104,32,S,75,,S,,66764,Nocturno,2026-07-20 02:40:45,18,176040,"POINT (  577640.948167629,   6136426.16630696)",PEDRO F BERRO 1096 EDIFICIO,0
2026-07-19,CH_104,33,N,,Auto,S,,66764,Nocturno,2026-07-20 03:09:15,,176041,"POINT (  577669.892603797,   6136449.60668146)",PEDRO F BERRO 1102 ANTES DE 1104. SUB ESTACION,0
2026-07-19,CH_104,34,S,100,,S,,66764,Nocturno,2026-07-20 02:41:54,18,176042,"POINT (  577708.536505277,   6136483.16991064)",PEDRO F BERRO 1133,0
2026-07-19,CH_104,35,S,75,,S,,66764,Nocturno,2026-07-20 02:11:51,18,176043,"POINT (  577633.866018352,   6136573.15939437)",26 DE MARZO 1133 VEREDA. EDIFICIO,0
2026-07-19,CH_104,36,S,25,,S,,66764,Nocturno,2026-07-20 02:12:39,18,183915,"POINT (  577523.871761027,   6136489.14755554)",26 DE MARZO 1065 26 de marzo 1065,0
2026-07-19,CH_104,37,S,100,,S,,66764,Nocturno,2026-07-20 02:48:40,18,180131,"POINT (  577304.555297616,   6136937.80328854)",BARTOLITO MITRE 2778,0
2026-07-19,CH_104,38,S,100,,S,,66764,Nocturno,2026-07-20 02:50:25,18,179593,"POINT (  577406.994863366,   6136945.84714060)",BARTOLITO MITRE 2812 EN 2812/2808,0
2026-07-19,CH_104,39,S,100,,S,"Basura Afuera, Requiere Limpieza",66764,Nocturno,2026-07-20 02:52:13,18,176048,"POINT (  577497.111255443,   6136939.07685524)",GUAYAQUI 3024 VEREDA. ANTES DE 3024,0
2026-07-19,CH_104,40,S,75,,S,,66764,Nocturno,2026-07-20 02:54:19,18,176049,"POINT (  577504.090764874,   6136903.35818933)",LIBERTAD 2893 VEREDA. FTE 2886. COLEGIO/NICHO UTE,0
2026-07-19,CH_104,41,S,50,,S,,66764,Nocturno,2026-07-20 02:55:44,18,176050,"POINT (  577392.315974136,   6136841.46636305)",LIBERTAD 2831 EN 2831,0
2026-07-19,CH_104,42,S,75,,S,,66764,Nocturno,2026-07-20 02:58:29,18,176051,"POINT (  577377.638476362,   6136801.64210336)",JOSE MARTI 3062,0
2026-07-19,CH_104,43,S,100,,S,,66764,Nocturno,2026-07-20 02:59:55,18,176052,"POINT (  577479.457202177,   6136784.29596963)",DR MARCELINO IZCUA BARBAT Esq. RAMON MASINI FTE A EDIFICIO. MURO Y CERCO VEGETAL,0
2026-07-19,CH_104,44,S,50,,S,,66764,Nocturno,2026-07-20 03:01:09,18,176053,"POINT (  577548.328537885,   6136837.56604896)",DR MARCELINO IZCUA BARBAT 1234 PDO 1234. MURO BAJO CON CAÑAS,0
2026-07-19,CH_104,45,S,100,,S,,66764,Nocturno,2026-07-20 03:02:14,18,176054,"POINT (  577583.149105156,   6136786.04084698)",SANTIAGO VAZQUEZ 1233 ANTES DE PELUQUERIA,0
2026-07-19,CH_104,46,S,100,,S,,66764,Nocturno,2026-07-20 03:04:57,18,176055,"POINT (  577499.138392374,   6136642.96090365)",JOSE MARTI 3188 EDIFICIO,0
2026-07-19,CH_104,47,S,50,,S,,66764,Nocturno,2026-07-20 03:06:38,18,176056,"POINT (  577576.426195336,   6136539.49994032)",JOSE MARTI 3244 FTE 3249. EDIFICIO,0
2026-07-19,CH_104,48,S,75,,S,,66764,Nocturno,2026-07-20 03:07:36,18,176057,"POINT (  577613.941058527,   6136489.77093562)",JOSE MARTI 3254 FTE 3263/3269,0
2026-07-19,CH_104,49,S,25,,S,,66764,Nocturno,2026-07-20 03:09:53,18,176058,"POINT (  577667.673017161,   6136416.17816706)",JOSE MARTI 3310 EN 3312/3314. EDIFICIO IBIZA,0
2026-07-19,CH_104,50,S,100,,S,"Basura Afuera, Requiere Limpieza",66764,Nocturno,2026-07-20 03:10:44,18,176059,"POINT (  577703.040458825,   6136369.36766473)",JOSE MARTI 3336 EN 3336/3338. EDIFICIO,0
2026-07-19,CH_104,51,S,75,,S,,66764,Nocturno,2026-07-20 03:13:27,18,184433,"POINT (  577813.095581699,   6136225.29425185)",JOSE MARTI 3424,0
2026-07-19,CH_104,52,S,100,,S,,66764,Nocturno,2026-07-20 03:13:24,18,176061,"POINT (  577815.705332996,   6136223.67713857)",JOSE MARTI 3424 EDIFICIO,0
2026-07-19,CH_107,1,S,50,,S,,66764,Nocturno,2026-07-20 04:04:28,,175949,"POINT (  577872.392473707,   6136323.37659568)",RAMON MASINI 3409,1
2026-07-19,CH_107,2,S,75,,S,,66764,Nocturno,2026-07-20 02:34:37,18,175950,"POINT (  577833.191673678,   6136367.16136023)",RAMON MASINI 3377 EDIFICIO,1
2026-07-19,CH_107,3,S,25,,S,,66764,Nocturno,2026-07-20 02:34:41,18,175951,"POINT (  577829.872251094,   6136369.69044410)",RAMON MASINI 3377,1
2026-07-19,CH_107,4,S,100,,S,,66764,Nocturno,2026-07-20 04:07:29,,175952,"POINT (  577773.600134923,   6136445.28634174)",RAMON MASINI 3337,1
2026-07-19,CH_107,5,S,50,,S,,66764,Nocturno,2026-07-20 04:07:38,,175953,"POINT (  577766.882255885,   6136454.29620304)",RAMON MASINI 3325 EDIFICIO LEBLON,1
2026-07-19,CH_107,6,S,100,,S,,66764,Nocturno,2026-07-20 02:43:52,18,175954,"POINT (  577716.537680040,   6136515.42890228)",RAMON MASINI 3285 EN 3279/3281. PDO REBAJE,1
2026-07-19,CH_107,7,S,25,,S,,66764,Nocturno,2026-07-20 02:45:48,18,175955,"POINT (  577670.302865489,   6136575.77126281)",RAMON MASINI 3251 FTE 3260,1
2026-07-19,CH_107,8,S,50,,S,,66764,Nocturno,2026-07-20 04:10:07,,175956,"POINT (  577631.615785621,   6136623.31013623)",RAMON MASINI 3234 FTE 3234. MURO,1
2026-07-19,CH_107,9,S,50,,S,,66764,Nocturno,2026-07-20 04:11:41,,175957,"POINT (  577640.349028370,   6136693.29462903)",MONS DOMINGO TAMBURINI 1216 FTE 1223. MURO REJAS,1
2026-07-19,CH_107,10,S,100,,S,,66764,Nocturno,2026-07-20 02:08:19,18,184161,"POINT (  577714.031823944,   6136637.91092770)",26 DE MARZO 1195 26 de marzo 1195,1
2026-07-19,CH_107,11,S,100,,S,,66764,Nocturno,2026-07-20 02:08:22,18,184160,"POINT (  577715.557645540,   6136638.49778216)",26 DE MARZO 1195 26 de marzo 1195,1
2026-07-19,CH_107,12,,,,S,,66764,Nocturno,,,175961,"POINT (  577808.710932127,   6136547.99085714)",GUAYAQUI 3306 VEREDA. EN 3306,1
2026-07-19,CH_107,13,,,,S,,66764,Nocturno,,,182994,"POINT (  577811.070301551,   6136543.65531270)",GUAYAQUI 3310,1
2026-07-19,CH_107,14,,,,S,,66764,Nocturno,,,180502,"POINT (  577844.358757081,   6136501.32429848)",GUAYAQUI 3338 VEREDA,1
2026-07-19,CH_107,15,,,,S,,66764,Nocturno,,,180503,"POINT (  577846.319541394,   6136498.92778432)",GUAYAQUI 3338 VEREDA,1
2026-07-19,CH_107,16,,,,S,,66764,Nocturno,,,182993,"POINT (  577911.792135684,   6136414.49831425)",GUAYAQUI 3382,1
2026-07-19,CH_107,17,,,,S,,66764,Nocturno,,,175964,"POINT (  577914.306590414,   6136412.50573464)",GUAYAQUI 3382 VEREDA. FTE 3395. ARBOL/ARBOL,1
2026-07-19,CH_107,18,,,,S,,66764,Nocturno,,,180501,"POINT (  577915.896200872,   6136411.30075229)",GUAYAQUI 3382 VEREDA. FTE 3395,1
2026-07-19,CH_107,19,,,,S,,66764,Nocturno,,,176353,"POINT (  577996.981264924,   6136496.03942876)",GABRIEL A PEREIRA 3285,1
2026-07-19,CH_107,20,,,,S,,66764,Nocturno,,,175967,"POINT (  577992.061744444,   6136502.01176863)",GABRIEL A PEREIRA 3285 EN 3285. EDIFICIO,1
2026-07-19,CH_107,21,,,,S,,66764,Nocturno,,,180613,"POINT (  577916.723978840,   6136596.78929966)",GABRIEL A PEREIRA 3221,1
2026-07-19,CH_107,22,,,,S,,66764,Nocturno,,,175969,"POINT (  577914.398976159,   6136599.20480557)",GABRIEL A PEREIRA 3221 EN 3221/3227. EDIFICIO,1
2026-07-19,CH_107,23,,,,S,,66764,Nocturno,,,177410,"POINT (  577912.721127684,   6136601.10454746)",GABRIEL A PEREIRA 3215 EN 3221/3227. EDIFICIO,1
2026-07-19,CH_107,24,,,,S,,66764,Nocturno,,,175970,"POINT (  577879.992379067,   6136641.94496394)",GABRIEL A PEREIRA 3185 FTE 3195,1
2026-07-19,CH_107,25,,,,S,,66764,Nocturno,,,175971,"POINT (  577859.668020473,   6136668.02354876)",GABRIEL A PEREIRA 3181 EDIFICIO,1
2026-07-19,CH_107,26,,,,S,,66764,Nocturno,,,182147,"POINT (  577796.267473265,   6136749.52801798)",GABRIEL A PEREIRA 3129 EN 3129,1
2026-07-19,CH_107,27,,,,S,,66764,Nocturno,,,183556,"POINT (  577784.264064924,   6136766.09871700)",GABRIEL A PEREIRA 3119,1
2026-07-19,CH_107,28,,,,S,,66764,Nocturno,,,182148,"POINT (  577782.615596132,   6136768.18558339)",GABRIEL A PEREIRA 3119 EN 3119,1
2026-07-19,CH_107,29,,,,S,,66764,Nocturno,,,175974,"POINT (  577698.280855834,   6136899.67182474)",JOSE ELLAURI 1312 EDIFICIO,1
2026-07-19,CH_107,30,,,,S,,66764,Nocturno,,,177151,"POINT (  577701.455959913,   6136919.15943116)",JOSE ELLAURI 1316 EN 1320,1
2026-07-19,CH_107,31,,,,S,,66764,Nocturno,,,177411,"POINT (  577701.823962712,   6136923.03607514)",JOSE ELLAURI 1316 EN 1320,1
2026-07-19,CH_107,32,,,,S,,66764,Nocturno,,,176473,"POINT (  577775.091899319,   6136923.39144847)",MIGUEL BARREIRO 3110,1
2026-07-19,CH_107,33,,,,S,,66764,Nocturno,,,176474,"POINT (  577861.130491827,   6136811.70018854)",MIGUEL BARREIRO 3176,1
2026-07-19,CH_107,34,,,,S,,66764,Nocturno,,,183334,"POINT (  577918.043870337,   6136738.19281211)",MIGUEL BARREIRO 3214,1
2026-07-19,CH_107,35,,,,S,,66764,Nocturno,,,183094,"POINT (  577919.165780887,   6136737.12428840)",MIGUEL BARREIRO 3214 VEREDA,1
2026-07-19,CH_107,36,,,,S,,66764,Nocturno,,,183382,"POINT (  577920.175904427,   6136735.87294143)",MIGUEL BARREIRO 3214,1
2026-07-19,CH_107,37,,,,S,,66764,Nocturno,,,183095,"POINT (  577936.003096018,   6136715.96387884)",MIGUEL BARREIRO 3236 VEREDA,1
2026-07-19,CH_107,38,,,,S,,66764,Nocturno,,,175979,"POINT (  577991.516275801,   6136641.10263646)",MIGUEL BARREIRO 3278 VEREDA,1
2026-07-19,CH_107,39,,,,S,,66764,Nocturno,,,175980,"POINT (  578040.797249238,   6136582.24451787)",MIGUEL BARREIRO 3316 VEREDA. EN 3318/3316,1
2026-07-19,CH_107,40,,,,S,,66764,Nocturno,,,176516,"POINT (  578042.649101089,   6136578.97654401)",MIGUEL BARREIRO 3316 VEREDA. EN 3318/3316. OS 4731736,1
2026-07-19,CH_107,41,,,,S,,66764,Nocturno,,,181962,"POINT (  578068.471624837,   6136540.17617168)",MIGUEL BARREIRO 3336,1
2026-07-19,CH_107,42,,,,S,,66764,Nocturno,,,181963,"POINT (  578070.432409150,   6136537.34392767)",MIGUEL BARREIRO 3336,1
2026-07-19,CH_107,43,,,,S,,66764,Nocturno,,,176445,"POINT (  578266.411691285,   6136662.93110131)",PLAZA RUBÉN DARÍO VEREDA. FTE 1289. PLAZA RUBEN DARIO,1
2026-07-19,CH_107,44,,,,S,,66764,Nocturno,,,176446,"POINT (  578270.115394989,   6136665.54548039)",PLAZA RUBÉN DARÍO VEREDA. FTE 1289. PLAZA RUBEN DARIO,1
2026-07-19,CH_107,45,,,,S,,66764,Nocturno,,,178774,"POINT (  578163.436338252,   6136610.01053496)",MANUEL V PAGOLA 3347,1
2026-07-19,CH_107,46,,,,S,,66764,Nocturno,,,175986,"POINT (  578159.804102157,   6136614.09680057)",MANUEL V PAGOLA 3347,1
2026-07-19,CH_107,47,,,,S,,66764,Nocturno,,,175987,"POINT (  578131.541321871,   6136655.56783302)",MANUEL V PAGOLA 3315 EN 3319/3315,1
2026-07-19,CH_107,48,,,,S,,66764,Nocturno,,,175988,"POINT (  578080.959644414,   6136716.26584596)",MANUEL V PAGOLA 3281,1
2026-07-19,CH_107,49,,,,S,,66764,Nocturno,,,175989,"POINT (  578072.898189569,   6136723.69502984)",MANUEL V PAGOLA 3269,1
2026-07-19,CH_107,50,,,,S,,66764,Nocturno,,,175990,"POINT (  578016.072836302,   6136795.81343715)",MANUEL V PAGOLA 3225,1
2026-07-19,CH_107,51,,,,S,,66764,Nocturno,,,175991,"POINT (  577992.204607251,   6136829.36331540)",MANUEL V PAGOLA 3201 FTE 3208/3210,1
2026-07-19,CH_107,52,,,,S,,66764,Nocturno,,,179078,"POINT (  577942.907109234,   6136897.19560864)",MANUEL V PAGOLA 3167 EN 3163/3161,1
2026-07-19,CH_107,53,,,,S,,66764,Nocturno,,,175992,"POINT (  577942.023022790,   6136898.17792692)",MANUEL V PAGOLA 3159 EN 3163/3161,1
2026-07-19,CH_107,54,,,,S,,66764,Nocturno,,,175993,"POINT (  577869.160732917,   6136990.06381306)",MANUEL V PAGOLA 3107 FTE 3108. MURO Y CERCO VEGETAL,1
2026-07-19,CH_107,55,,,,S,,66764,Nocturno,,,180049,"POINT (  577868.015524709,   6136991.19702809)",MANUEL V PAGOLA 3107 FTE 3108. MURO Y CERCO VEGETAL,1
2026-07-19,CH_107,56,,,,S,,66764,Nocturno,,,175995,"POINT (  577904.793145894,   6137086.93470108)",LORENZO JUSTINIANO PEREZ 3072 EN 3070/3074,1
2026-07-19,CH_107,57,,,,S,,66764,Nocturno,,,176483,"POINT (  577917.275772767,   6137071.37997190)",LORENZO JUSTINIANO PEREZ 3086 EN 3088. OS 4691496,1
2026-07-19,CH_107,58,,,,S,,66764,Nocturno,,,183093,"POINT (  577982.578490785,   6136989.99602207)",LORENZO JUSTINIANO PEREZ 3146,1
2026-07-19,CH_107,59,,,,S,,66764,Nocturno,,,179046,"POINT (  577984.354220825,   6136987.05157702)",LORENZO JUSTINIANO PEREZ 3146 PDO 3146. ESQ,1
2026-07-19,CH_107,60,,,,S,,66764,Nocturno,,,182115,"POINT (  578068.890683276,   6136881.02346246)",LORENZO JUSTINIANO PEREZ 3209,1
2026-07-19,CH_107,61,,,,S,,66764,Nocturno,,,180631,"POINT (  578102.384244938,   6136836.71699340)",LORENZO JUSTINIANO PEREZ 3242,1
2026-07-19,CH_107,62,,,,S,,66764,Nocturno,,,178771,"POINT (  578150.719759024,   6136806.59089183)",ECHEVARRIARZA 3216,1
2026-07-19,CH_107,63,,,,S,,66764,Nocturno,,,182990,"POINT (  578201.583643018,   6136791.94888265)",ECHEVARRIARZA 3238,1
2026-07-19,CH_107,64,,,,S,,66764,Nocturno,,,176002,"POINT (  578206.030745317,   6136790.63671860)",ECHEVARRIARZA 3238 FTE ABITAB,1
2026-07-19,CH_107,65,,,,S,,66764,Nocturno,,,184139,"POINT (  578311.591346948,   6136770.82507465)",ECHEVARRIARZA 3274 Echevarriarza 3280,1
2026-07-19,CH_107,66,,,,S,,66764,Nocturno,,,176191,"POINT (  578343.462940070,   6136767.98892232)",ECHEVARRIARZA 3298 MURO VEGETAL,1
2026-07-19,CH_107,67,,,,S,,66764,Nocturno,,,176005,"POINT (  578346.913519378,   6136767.26111286)",ECHEVARRIARZA 3298 EDIFICIO,1
2026-07-19,CH_107,68,,,,S,,66764,Nocturno,,,176006,"POINT (  578454.829371313,   6136748.66973308)",ECHEVARRIARZA 3324 EN 3324/3328,1
2026-07-19,CH_107,69,,,,S,,66764,Nocturno,,,176007,"POINT (  578526.829227820,   6136738.15822823)",ECHEVARRIARZA Esq. BASILIO PEREIRA DE LA LUZ,1
2026-07-19,CH_105,1,S,75,,S,,66765,Nocturno,2026-07-20 01:57:55,13,175453,"POINT (  576978.808062446,   6137033.84863734)",PTE GRAL OSCAR DIEGO GESTIDO 2599 EDIFICIO,0
2026-07-19,CH_105,2,S,75,,S,,66765,Nocturno,2026-07-20 01:57:55,13,175454,"POINT (  576970.946867423,   6137033.18351503)",PTE GRAL OSCAR DIEGO GESTIDO 2587 MURO CASA,0
2026-07-19,CH_105,3,S,75,,S,Requiere Limpieza,66765,Nocturno,2026-07-20 01:57:55,13,175483,"POINT (  576840.545708590,   6137021.75919012)",PTE GRAL OSCAR DIEGO GESTIDO 2531 EN 2527/2529. OFICINA,0
2026-07-19,CH_105,4,S,100,,S,"Basura Afuera, Requiere Limpieza",66765,Nocturno,2026-07-20 01:57:55,13,175484,"POINT (  576777.234011578,   6137015.38705670)",PTE GRAL OSCAR DIEGO GESTIDO 2501 FTE A EDIFICIO,0
2026-07-19,CH_105,5,S,75,,S,,66765,Nocturno,2026-07-20 01:57:55,13,175485,"POINT (  576714.878134580,   6137011.38171570)",PTE GRAL OSCAR DIEGO GESTIDO 2481 ARBOL/ARBOL,0
2026-07-19,CH_105,6,S,75,,S,Requiere Limpieza,66765,Nocturno,2026-07-20 01:57:55,13,175486,"POINT (  576489.213581178,   6137106.87268646)",CHARRUA 2370 FTE 2371. MURO CIEGO,0
2026-07-19,CH_105,7,S,100,,S,,66765,Nocturno,2026-07-20 01:57:55,13,176368,"POINT (  576552.184997386,   6137111.43061939)",CHARRUA 2392,0
2026-07-19,CH_105,8,S,100,,S,Requiere Limpieza,66765,Nocturno,2026-07-20 01:57:55,13,175495,"POINT (  576596.492998760,   6137115.79367325)",CHARRUA 2414 EN 2414/2424. COLUMNA/ARBOL,0
2026-07-19,CH_105,9,S,100,,S,Requiere Limpieza,66765,Nocturno,2026-07-20 01:57:55,13,175496,"POINT (  576701.587684884,   6137123.53126382)",CHARRUA 2464,0
2026-07-19,CH_105,10,S,75,,S,,66765,Nocturno,2026-07-20 01:57:55,13,183068,"POINT (  576891.537774894,   6137140.16337447)",CHARRUA 2544,0
2026-07-19,CH_105,11,S,75,,S,Requiere Limpieza,66765,Nocturno,2026-07-20 01:57:55,13,180187,"POINT (  576898.198680952,   6137140.05383810)",CHARRUA 2544 ESQUINA BRITO DEL PINO,0
2026-07-19,CH_105,12,S,75,,S,,66765,Nocturno,2026-07-20 01:57:55,13,175501,"POINT (  577074.688891419,   6137154.01716019)",CHARRUA 2644 MURO DE PIEDRA,0
2026-07-19,CH_105,13,S,75,,S,Requiere Limpieza,66765,Nocturno,2026-07-20 01:57:55,13,183338,"POINT (  577077.079957208,   6137154.10098876)",CHARRUA 2644,0
2026-07-19,CH_105,14,S,75,,S,Requiere Limpieza,66765,Nocturno,2026-07-20 01:57:55,13,183792,"POINT (  577088.990039850,   6137249.41373158)",CNEL ALEGRE 1344 Coronel alegre 1348,0
2026-07-19,CH_105,15,S,100,,S,,66765,Nocturno,2026-07-20 01:57:55,13,175888,"POINT (  577031.544746651,   6137277.34802407)",SILVESTRE BLANCO 2593 EN 2589,0
2026-07-19,CH_105,16,S,75,,S,,66765,Nocturno,2026-07-20 01:57:55,13,175514,"POINT (  576857.340831665,   6137260.48661703)",SILVESTRE BLANCO 2517 FTE 2520,0
2026-07-19,CH_105,17,S,75,,S,,66765,Nocturno,2026-07-20 01:57:55,13,180262,"POINT (  576854.333218706,   6137260.35515029)",SILVESTRE BLANCO 2517,0
2026-07-19,CH_105,18,S,50,,S,,66765,Nocturno,2026-07-20 01:57:55,13,180796,"POINT (  576826.022452595,   6137318.10830138)",SIMON BOLIVAR 1378,0
2026-07-19,CH_105,19,S,50,,S,,66765,Nocturno,2026-07-20 01:57:55,13,180795,"POINT (  576831.986000000,   6137343.14300000)",SIMON BOLIVAR 1388,0
2026-07-19,CH_105,20,S,75,,S,,66765,Nocturno,2026-07-20 01:57:55,13,180797,"POINT (  576944.111189796,   6137312.87508181)",GRAL JOSE ESTEBAN BRITO DEL PINO 1365 EN 1367,0
2026-07-19,CH_105,21,S,100,,S,"Basura Afuera, Requiere Limpieza",66765,Nocturno,2026-07-20 01:57:55,13,183613,"POINT (  576650.561145970,   6137245.70034706)",SILVESTRE BLANCO 2435,0
2026-07-19,CH_105,22,S,100,,S,"Basura Afuera, Requiere Limpieza",66765,Nocturno,2026-07-20 01:57:55,13,179023,"POINT (  576647.087990963,   6137245.64222711)",SILVESTRE BLANCO 2435 MURO GRAFFITI,0
2026-07-19,CH_105,23,S,100,,S,Requiere Limpieza,66765,Nocturno,2026-07-20 01:57:55,13,175633,"POINT (  576558.253391827,   6137236.73332293)",SILVESTRE BLANCO 2379 FTE 2396,0
2026-07-19,CH_105,24,S,75,,S,,66765,Nocturno,2026-07-20 01:57:55,13,178772,"POINT (  576553.032052440,   6137236.50630817)",SILVESTRE BLANCO 2379 FTE 2396,0
2026-07-19,CH_105,25,S,100,,S,,66765,Nocturno,2026-07-20 01:57:55,13,175518,"POINT (  576537.596279901,   6136742.65974651)",GRAL ARQ ALFREDO BALDOMIR 2400 FTE 2405. CASA ABANDONADA,0
2026-07-19,CH_105,26,S,75,,S,,66765,Nocturno,2026-07-20 01:57:55,13,175524,"POINT (  576575.925952605,   6136747.00692375)",GRAL ARQ ALFREDO BALDOMIR 2406 VEREDA,0
2026-07-19,CH_105,27,S,25,,S,,66765,Nocturno,2026-07-20 01:57:55,13,175526,"POINT (  576626.305480099,   6136750.03321517)",GRAL ARQ ALFREDO BALDOMIR 2438 MURO GRIS,0
2026-07-19,CH_105,28,S,100,,S,Requiere Limpieza,66765,Nocturno,2026-07-20 01:57:55,13,181971,"POINT (  576646.167493156,   6136752.70360658)",GRAL ARQ ALFREDO BALDOMIR 2442,0
2026-07-19,CH_105,29,S,50,,S,,66765,Nocturno,2026-07-20 01:57:55,13,180033,"POINT (  576739.835513621,   6136760.00679932)",GRAL ARQ ALFREDO BALDOMIR 2480,0
2026-07-19,CH_105,30,S,50,,S,,66765,Nocturno,2026-07-20 01:57:55,13,181974,"POINT (  576753.461874852,   6136760.42767857)",GRAL ARQ ALFREDO BALDOMIR 2482,0
2026-07-19,CH_105,31,S,75,,S,,66765,Nocturno,2026-07-20 01:57:55,13,175535,"POINT (  576787.664649871,   6136667.09409705)",GRAL JOSE ESTEBAN BRITO DEL PINO 1123 EN 1123/1125,0
2026-07-19,CH_105,32,S,100,,S,,66765,Nocturno,2026-07-20 01:57:55,13,181935,"POINT (  576828.049312854,   6136741.26543028)",EUFEMIO MASCULINO 2541 PROV OV(O: EL VIEJO PANCHO 2540),0
2026-07-19,CH_105,33,S,75,,S,,66765,Nocturno,2026-07-20 01:57:55,13,181973,"POINT (  576796.014489583,   6136573.08382361)",GRAL JOSE ESTEBAN BRITO DEL PINO 1091,0
2026-07-19,CH_105,34,S,50,,S,,66765,Nocturno,2026-07-20 01:57:55,13,175528,"POINT (  576796.363376696,   6136570.56132324)",GRAL JOSE ESTEBAN BRITO DEL PINO 1091 EN 1093/1099. LABORATORIO,0
2026-07-19,CH_105,35,S,50,,S,,66765,Nocturno,2026-07-20 01:57:55,13,183122,"POINT (  576688.069433106,   6136447.27348157)",OBLIGADO 1057 EN 1051,0
2026-07-19,CH_105,36,S,25,,S,,66765,Nocturno,2026-07-20 01:57:55,13,183124,"POINT (  576687.386839249,   6136452.50670114)",OBLIGADO 1057,0
2026-07-19,CH_105,37,S,50,,S,,66765,Nocturno,2026-07-20 01:57:55,13,181972,"POINT (  576691.809736679,   6136552.43948577)",OBLIGADO 1094,0
2026-07-19,CH_105,38,S,75,,S,,66765,Nocturno,2026-07-20 01:57:55,13,179011,"POINT (  576691.207398976,   6136556.29080603)",OBLIGADO 1094,0
2026-07-19,CH_105,39,S,75,,S,Requiere Limpieza,66765,Nocturno,2026-07-20 02:54:15,34,175519,"POINT (  576683.664827371,   6136673.09852795)",OBLIGADO 1118,0
2026-07-19,CH_105,40,S,75,,S,,66765,Nocturno,2026-07-20 01:57:55,13,183336,"POINT (  576557.860727582,   6136620.07723644)",PRUDENCIO VAZQUEZ Y VEGA 1113,0
2026-07-19,CH_105,41,S,100,,S,"Basura Afuera, Requiere Limpieza",66765,Nocturno,2026-07-20 01:57:55,13,183125,"POINT (  576567.705383049,   6136485.95380012)",PRUDENCIO VAZQUEZ Y VEGA 1053,0
2026-07-19,CH_105,42,S,100,,S,"Basura Afuera, Requiere Limpieza",66765,Nocturno,2026-07-20 01:57:55,13,180542,"POINT (  576565.640464924,   6136481.62363922)",PRUDENCIO VAZQUEZ Y VEGA 1053 VEREDA.ESQ,0
2026-07-19,CH_105,43,S,50,,S,,66765,Nocturno,2026-07-20 01:57:55,13,175546,"POINT (  576458.399764588,   6136869.69277767)",MALDONADO 2361 MURO CIEGO,0
2026-07-19,CH_105,44,S,25,,S,,66765,Nocturno,2026-07-20 01:57:55,13,181970,"POINT (  576460.228014929,   6136869.54775000)",MALDONADO 2366,0
2026-07-19,CH_105,45,S,75,,S,"Basura Afuera, Requiere Limpieza",66765,Nocturno,2026-07-20 01:57:55,13,175610,"POINT (  576552.183186491,   6136941.83530098)",FRANCISCO ARAUCHO 1228,0
2026-07-19,CH_105,46,S,75,,S,"Basura Afuera, Requiere Limpieza",66765,Nocturno,2026-07-20 01:57:55,13,176573,"POINT (  576552.722153672,   6136944.91521074)",FRANCISCO ARAUCHO 1228,0
2026-07-19,CH_105,47,S,100,,S,,66765,Nocturno,2026-07-20 03:01:59,34,175561,"POINT (  577069.396328700,   6136747.80296847)",LUIS B CAVIA 2716 FTE 2717,0
2026-07-19,CH_105,48,S,75,,S,Requiere Limpieza,66765,Nocturno,2026-07-20 03:01:52,34,175545,"POINT (  577082.420623483,   6136736.60693178)",LUIS B CAVIA 2724 MURO EDIFICIO,0
2026-07-19,CH_105,49,S,50,,S,Requiere Limpieza,66765,Nocturno,2026-07-20 03:01:43,34,175543,"POINT (  577110.749220581,   6136713.51296676)",LUIS B CAVIA 2742 FTE 2670,0
2026-07-19,CH_105,50,S,100,,S,,66765,Nocturno,2026-07-20 01:57:55,13,175540,"POINT (  577090.580491125,   6136672.25174924)",LIBERTAD 2667 VEREDA. FTE 2670/2680,0
2026-07-19,CH_105,51,S,50,,S,,66765,Nocturno,2026-07-20 01:57:55,13,175533,"POINT (  576968.259456372,   6136613.74703784)",EUFEMIO MASCULINO 2687,0
2026-07-19,CH_105,52,S,75,,S,Requiere Limpieza,66765,Nocturno,2026-07-20 01:57:55,13,176140,"POINT (  576956.176151198,   6136635.87382811)",EUFEMIO MASCULINO 2657 EN 2655,0
2026-07-19,CH_105,53,S,75,,S,,66765,Nocturno,2026-07-20 02:56:57,34,175608,"POINT (  576727.389401153,   6136845.91836624)",SIMON BOLIVAR 1182 EDIFICIO,0
2026-07-19,CH_105,54,S,75,,S,,66765,Nocturno,2026-07-20 02:57:04,34,175609,"POINT (  576743.555176672,   6136893.03005489)",SIMON BOLIVAR 1194 MURO GRIS,0
2026-07-19,CH_105,55,S,100,,S,,66765,Nocturno,2026-07-20 02:57:10,34,175611,"POINT (  576750.329406412,   6136917.20173829)",SIMON BOLIVAR 1206 LOCAL,0
2026-07-19,CH_105,56,S,75,,S,"Basura Afuera, Requiere Limpieza",66765,Nocturno,2026-07-20 01:57:55,13,175616,"POINT (  577018.835239779,   6136870.09004963)",BALTASAR VARGAS 1178 ANTES DE 1178. MURO BAJO CON REJAS,0
2026-07-19,CH_105,57,S,75,,S,"Basura Afuera, Requiere Limpieza",66765,Nocturno,2026-07-20 01:57:55,13,175618,"POINT (  577018.527320245,   6136872.01454672)",BALTASAR VARGAS 1178 ANTES DE 1178. MURO BAJO CON REJAS,0
2026-07-19,CH_105,58,S,75,,S,,66765,Nocturno,2026-07-20 01:57:55,13,175622,"POINT (  577035.154975064,   6136915.35422109)",BARTOLITO MITRE 2608,0
2026-07-19,CH_105,59,S,50,,S,,66765,Nocturno,2026-07-20 01:57:55,13,175628,"POINT (  577134.256952493,   6136922.91268337)",BARTOLITO MITRE 2651 FTE 2651,0
2026-07-19,CH_105,60,S,50,,S,,66765,Nocturno,2026-07-20 01:57:55,13,180043,"POINT (  577235.300844456,   6136931.64439187)",BARTOLITO MITRE Esq. AV DR FRANCISCO SOCA,0
2026-07-19,CH_105,61,S,50,,S,,66765,Nocturno,2026-07-20 01:57:55,13,175630,"POINT (  577237.409996264,   6136931.53443032)",BARTOLITO MITRE Esq. AV DR FRANCISCO SOCA,0
2026-07-19,CH_105,62,S,75,,S,,66765,Nocturno,2026-07-20 01:57:55,13,175623,"POINT (  577251.285620248,   6136768.62575204)",LIBERTAD 2757 FTE A IGLESIA,0
2026-07-19,CH_105,63,S,50,,S,,66765,Nocturno,2026-07-20 01:57:55,13,175625,"POINT (  577131.716616340,   6136863.48421338)",CNEL ALEGRE 1176 EN 1176/1180 ,0
2026-07-19,CH_105,64,S,75,,S,,66765,Nocturno,2026-07-20 01:57:55,13,175631,"POINT (  577120.455586446,   6136976.22898800)",CNEL ALEGRE 1222 PDO 1222,0
2026-07-19,CH_105,65,S,75,,S,,66765,Nocturno,2026-07-20 01:57:55,13,181969,"POINT (  577117.546540491,   6136991.44764963)",CNEL ALEGRE 1230,0
2026-07-19,CH_105,66,S,75,,S,,66765,Nocturno,2026-07-20 01:57:55,13,175615,"POINT (  576876.730374987,   6136991.87222520)",GRAL JOSE ESTEBAN BRITO DEL PINO 1239,0
2026-07-19,CH_105,67,S,75,,S,Requiere Limpieza,66765,Nocturno,2026-07-20 01:57:55,13,175614,"POINT (  576867.492788977,   6136945.37637562)",GRAL JOSE ESTEBAN BRITO DEL PINO 1221 PDO REBAJE,0
2026-07-19,CH_122,1,S,75,,S,,66765,Nocturno,2026-07-20 02:40:17,34,180045,"POINT (  577307.695318268,   6136150.63316822)",BV ESPAÑA Esq. JOSE ELLAURI VEREDA. EN 2698,1
2026-07-19,CH_122,2,S,75,,S,,66765,Nocturno,2026-07-20 02:40:24,34,177239,"POINT (  577309.866145530,   6136150.65433355)",BV ESPAÑA Esq. JOSE ELLAURI VEREDA. AV SARMIENTO 2698. EL QUIJOTE,1
2026-07-19,CH_122,3,S,75,,S,,66765,Nocturno,2026-07-20 02:42:56,34,177240,"POINT (  577448.061525296,   6136108.32407209)",BV ESPAÑA 2812 VEREDA,1
2026-07-19,CH_122,4,S,75,,S,,66765,Nocturno,2026-07-20 02:42:30,34,177242,"POINT (  577453.775975417,   6136106.30720734)",BV ESPAÑA 2818 VEREDA. EN 2820,1
2026-07-19,CH_122,5,S,75,,S,,66765,Nocturno,2026-07-20 02:45:16,34,177243,"POINT (  577524.618349699,   6136082.86115464)",BV ESPAÑA 2866 VEREDA. EN 2868,1
2026-07-19,CH_122,6,S,75,,S,,66765,Nocturno,2026-07-20 02:45:26,34,177244,"POINT (  577526.601762740,   6136082.10497255)",BV ESPAÑA 2866 VEREDA. EN 2868,1
2026-07-19,CH_122,7,S,50,,S,,66765,Nocturno,2026-07-20 02:52:10,34,181099,"POINT (  577564.738239591,   6135991.31535620)",ROQUE GRASERAS 853,1
2026-07-19,CH_122,8,S,50,,S,,66765,Nocturno,2026-07-20 02:52:02,34,181100,"POINT (  577564.055645734,   6135988.81251206)",ROQUE GRASERAS 853,1
2026-07-19,CH_122,9,S,100,,S,,66765,Nocturno,2026-07-20 01:57:55,13,177202,"POINT (  577736.522205297,   6136118.20530880)","PLAZA JOAQUÍN DA SILVA XAVIER, TIRADENTES EN 3139. INMOB. PARK",1
2026-07-19,CH_122,10,S,100,,S,,66765,Nocturno,2026-07-20 01:57:55,13,177204,"POINT (  577616.637803838,   6136301.18676364)",AV BRASIL 3029 EN 3033/3031. EDIFICIO,1
2026-07-19,CH_122,11,S,100,,S,"Basura Afuera, Requiere Limpieza",66765,Nocturno,2026-07-20 01:57:55,13,177206,"POINT (  577489.659360730,   6136492.87295075)",AV BRASIL 2939 EN 2939/2941. EDIFICIO,1
2026-07-19,CH_122,12,S,100,,S,,66765,Nocturno,2026-07-20 01:57:55,13,177207,"POINT (  577438.210287571,   6136567.62403107)",AV BRASIL 2887 EDIFICIO. BETTER LIFE,1
2026-07-19,CH_122,13,S,100,,S,Requiere Limpieza,66765,Nocturno,2026-07-20 01:57:55,13,177208,"POINT (  577382.617450686,   6136650.33356082)",AV BRASIL 2835,1
2026-07-19,CH_122,14,S,100,,S,Requiere Limpieza,66765,Nocturno,2026-07-20 01:57:55,13,180040,"POINT (  577381.561484477,   6136651.70631690)",AV BRASIL 2835,1
2026-07-19,CH_122,15,S,75,,S,,66765,Nocturno,2026-07-20 01:57:55,13,177209,"POINT (  577329.380363375,   6136751.12208235)",AV DR FRANCISCO SOCA 1126 EN 1128. EDIFICIO/REBAJE,1
2026-07-19,CH_122,16,S,75,,S,,66765,Nocturno,2026-07-20 01:57:55,13,177210,"POINT (  577303.458017648,   6136823.42273529)",AV DR FRANCISCO SOCA 1158,1
2026-07-19,CH_122,17,S,75,,S,Requiere Limpieza,66765,Nocturno,2026-07-20 01:57:55,13,183616,"POINT (  577250.753892157,   6136982.14682615)",AV DR FRANCISCO SOCA 1270,1
2026-07-19,CH_122,18,S,75,,S,Requiere Limpieza,66765,Nocturno,2026-07-20 01:57:55,13,183615,"POINT (  577214.596859695,   6137084.29802244)",AV DR FRANCISCO SOCA 1312,1
2026-07-19,CH_122,19,S,50,,S,,66765,Nocturno,2026-07-20 01:57:55,13,183640,"POINT (  577168.564563941,   6137213.92039108)",AV DR FRANCISCO SOCA 1360,1
2026-07-19,CH_122,20,S,75,,S,Requiere Limpieza,66765,Nocturno,2026-07-20 01:57:55,13,183649,"POINT (  577146.757011691,   6137255.07472736)",AV DR FRANCISCO SOCA 1374,1
2026-07-19,CH_122,21,S,100,,S,Requiere Limpieza,66765,Nocturno,2026-07-20 01:57:55,13,177216,"POINT (  577071.093974675,   6137529.21460243)",AV DR FRANCISCO SOCA 1480 PDO REBAJE,1
2026-07-19,CH_122,22,S,75,,S,,66765,Nocturno,2026-07-20 01:57:55,13,177217,"POINT (  576999.435172859,   6137747.19475211)",AV DR FRANCISCO SOCA 1562 VEREDA. FTE 1553. MEDPOINT,1
2026-07-19,CH_122,23,S,100,,S,,66765,Nocturno,2026-07-20 01:57:55,13,177778,"POINT (  576622.637154617,   6137447.27474519)",AV ING LUIS P PONCE 1367 VEREDA. EN 1367/1369,1
2026-07-19,CH_122,24,S,100,,S,,66765,Nocturno,2026-07-20 01:57:55,13,177218,"POINT (  576620.672518075,   6137443.34547210)",AV ING LUIS P PONCE 1363 VEREDA. EN 1367/1369,1
2026-07-19,CH_122,25,S,100,,S,,66765,Nocturno,2026-07-20 01:57:55,13,182998,"POINT (  576617.619988293,   6137439.22028956)",AV ING LUIS P PONCE 1363,1
2026-07-19,CH_122,26,S,100,,S,Requiere Limpieza,66765,Nocturno,2026-07-20 01:57:55,13,177219,"POINT (  576540.430370570,   6137321.35617012)",AV ING LUIS P PONCE 1325 PDO REBAJE,1
2026-07-19,CH_122,27,S,50,,S,,66765,Nocturno,2026-07-20 01:57:55,13,177220,"POINT (  576467.480418375,   6137195.05053678)",AV ING LUIS P PONCE 1282 FTE 1296. ANTES OBRA,1
2026-07-19,CH_122,28,S,100,,S,"Basura Afuera, Requiere Limpieza",66765,Nocturno,2026-07-20 01:57:55,13,177221,"POINT (  576665.917174124,   6136956.56276177)",AV BRASIL 2452 EDIFICIO,1
2026-07-19,CH_122,29,S,100,,S,"Basura Afuera, Requiere Limpieza",66765,Nocturno,2026-07-20 01:57:55,13,177222,"POINT (  576670.266038738,   6136955.28121231)",AV BRASIL 2452 EN 2454,1
2026-07-19,CH_122,30,S,75,,S,,66765,Nocturno,2026-07-20 01:57:55,13,177223,"POINT (  576802.034535623,   6136904.60748551)",AV BRASIL 2524 EDIFICIO,1
2026-07-19,CH_122,31,S,75,,S,,66765,Nocturno,2026-07-20 01:57:55,13,179040,"POINT (  576879.561718048,   6136876.61763610)",AV BRASIL 2560 EN 2564,1
2026-07-19,CH_122,32,S,75,,S,,66765,Nocturno,2026-07-20 01:57:55,13,177224,"POINT (  576887.450480817,   6136873.26916845)",AV BRASIL 2570 EN COLUMNA/CARTEL. ANTES REBAJE,1
2026-07-19,CH_122,33,S,75,,S,,66765,Nocturno,2026-07-20 01:57:55,13,177225,"POINT (  577029.057873848,   6136814.77296818)",AV BRASIL 2652 EN 2666. ARBOL/ARBOL,1
2026-07-19,CH_122,34,S,25,,S,,66765,Nocturno,2026-07-20 01:57:55,13,177226,"POINT (  577072.077754067,   6136797.68723037)",AV BRASIL 2666 EN 2670,1
2026-07-19,CH_122,35,S,75,,S,,66765,Nocturno,2026-07-20 01:57:55,13,177227,"POINT (  577098.345581553,   6136787.25116797)",AV BRASIL 2686 EDIFICIO,1
2026-07-19,CH_122,36,S,100,,S,Requiere Limpieza,66765,Nocturno,2026-07-20 01:57:55,13,177228,"POINT (  577167.752135295,   6136760.77567647)",AV BRASIL 2728 EN 2722,1
2026-07-19,CH_108,1,S,100,,S,Basura Afuera,66766,Nocturno,2026-07-20 02:08:40,6,175857,"POINT (  578501.775713952,   6137398.86486883)",JULIO CESAR 1365 EN 1365/1375,0
2026-07-19,CH_108,2,S,75,,S,Basura Afuera,66766,Nocturno,2026-07-20 02:14:31,6,175900,"POINT (  578525.259660452,   6137292.38999887)",JULIO CESAR 1319 EN 1319,0
2026-07-19,CH_108,3,S,75,,S,Basura Afuera,66766,Nocturno,2026-07-20 02:17:13,6,179725,"POINT (  578550.097319377,   6137210.42952076)",JULIO CESAR 1287,0
2026-07-19,CH_108,4,S,75,,S,Basura Afuera,66766,Nocturno,2026-07-20 02:21:44,6,179724,"POINT (  578560.616934948,   6137173.86192734)",JULIO CESAR 1267 EN 1265. SUBESTACION,0
2026-07-19,CH_108,5,S,75,,S,,66766,Nocturno,2026-07-20 02:21:40,6,175832,"POINT (  578581.795951604,   6137103.79008325)",JULIO CESAR 1243 EN 1237/1245. EDIFICIO,0
2026-07-19,CH_108,6,S,100,,S,,66766,Nocturno,2026-07-20 02:21:36,6,175833,"POINT (  578582.247929005,   6137101.98217365)",JULIO CESAR 1243 EN 1237/1245. EDIFICIO,0
2026-07-19,CH_108,7,S,75,,S,Basura Afuera,66766,Nocturno,2026-07-20 02:21:50,6,175834,"POINT (  578590.457400565,   6137068.20920791)",JULIO CESAR 1222 EN 1215,0
2026-07-19,CH_108,8,S,75,,S,Basura Afuera,66766,Nocturno,2026-07-20 02:23:10,6,179723,"POINT (  578626.898483045,   6136929.75982284)",JULIO CESAR 1179 EN 1175,0
2026-07-19,CH_108,9,S,75,,S,,66766,Nocturno,2026-07-20 02:24:49,6,175836,"POINT (  578640.666008102,   6136863.76183467)",JULIO CESAR 1139 EN 1141. ANTES DE ESCUELA,0
2026-07-19,CH_108,10,S,75,,S,Poda,66766,Nocturno,2026-07-20 02:27:09,6,175837,"POINT (  578668.349623921,   6136740.14601546)",JULIO CESAR 1063 ARBOL/ARBOL,0
2026-07-19,CH_108,11,S,50,,S,,66766,Nocturno,2026-07-20 02:29:19,6,175838,"POINT (  578756.446101130,   6136687.07926441)",ECHEVARRIARZA 3420 EN 3422. MURO CHAPA,0
2026-07-19,CH_108,12,S,75,,S,,66766,Nocturno,2026-07-20 02:32:41,6,183559,"POINT (  578811.839432462,   6136679.14608214)",MARCO BRUTO 1041,0
2026-07-19,CH_108,13,S,50,,S,,66766,Nocturno,2026-07-20 02:32:47,6,182864,"POINT (  578833.839475430,   6136615.34456467)",MARCO BRUTO 1001,0
2026-07-19,CH_108,14,S,50,,S,,66766,Nocturno,2026-07-20 02:32:50,6,182865,"POINT (  578834.351420822,   6136613.69496285)",MARCO BRUTO 1001,0
2026-07-19,CH_108,15,S,75,,S,,66766,Nocturno,2026-07-20 02:55:11,6,181966,"POINT (  578537.509147276,   6136677.14256100)",BASILIO PEREIRA DE LA LUZ 1035,0
2026-07-19,CH_108,16,S,75,,S,,66766,Nocturno,2026-07-20 02:55:02,6,181965,"POINT (  578538.053809586,   6136679.86587255)",BASILIO PEREIRA DE LA LUZ 1040,0
2026-07-19,CH_108,17,S,75,,S,,66766,Nocturno,2026-07-20 02:58:07,6,179598,"POINT (  578551.676890099,   6136758.78131023)",BASILIO PEREIRA DE LA LUZ 1058,0
2026-07-19,CH_108,18,S,50,,S,,66766,Nocturno,2026-07-20 02:59:19,6,179674,"POINT (  578519.561841374,   6136888.18957488)",BASILIO PEREIRA DE LA LUZ 1148,0
2026-07-19,CH_108,19,S,75,,S,,66766,Nocturno,2026-07-20 03:01:12,6,179675,"POINT (  578490.258614406,   6136956.13449582)",BASILIO PEREIRA DE LA LUZ 1190,0
2026-07-19,CH_108,20,S,75,,S,,66766,Nocturno,2026-07-20 03:08:23,6,175847,"POINT (  578464.846799062,   6137066.58669342)",BASILIO PEREIRA DE LA LUZ 1240 EDIFICIO. ARBOL/ARBOL,0
2026-07-19,CH_108,21,S,50,,S,,66766,Nocturno,2026-07-20 03:08:26,6,175848,"POINT (  578462.699906407,   6137073.14036574)",BASILIO PEREIRA DE LA LUZ 1240 EDIFICIO. ARBOL/ARBOL,0
2026-07-19,CH_108,22,S,100,,S,Basura Afuera,66766,Nocturno,2026-07-20 03:12:33,6,183496,"POINT (  578434.670455221,   6137191.63570031)",BASILIO PEREIRA DE LA LUZ 1294,0
2026-07-19,CH_108,23,S,100,,S,,66766,Nocturno,2026-07-20 03:13:37,6,175850,"POINT (  578416.590437853,   6137268.55975989)",BASILIO PEREIRA DE LA LUZ 1330 FABRICA,0
2026-07-19,CH_108,24,S,75,,S,Basura Afuera,66766,Nocturno,2026-07-20 03:15:47,6,175851,"POINT (  578390.383522226,   6137375.28725840)",BASILIO PEREIRA DE LA LUZ 1378 EDIFICIO,0
2026-07-19,CH_108,25,S,75,,S,,66766,Nocturno,2026-07-20 03:17:50,6,175858,"POINT (  578588.963319210,   6137458.61625706)",MARCO BRUTO 1369 EN 1375. VOPERO,0
2026-07-19,CH_108,26,S,100,,S,Basura Afuera,66766,Nocturno,2026-07-20 03:21:59,6,175859,"POINT (  578629.292890835,   6137332.58518921)",MARCO BRUTO 1333,0
2026-07-19,CH_108,27,S,100,,S,Basura Afuera,66766,Nocturno,2026-07-20 03:22:04,6,175860,"POINT (  578643.087612995,   6137281.55411017)",MARCO BRUTO 1305 FTE 1306,0
2026-07-19,CH_108,28,S,75,,S,,66766,Nocturno,2026-07-20 03:25:46,6,175861,"POINT (  578674.518572347,   6137175.46924715)",MARCO BRUTO 1259 EN 1263 BIS. EDIFICIO,0
2026-07-19,CH_108,29,S,75,,S,,66766,Nocturno,2026-07-20 03:25:49,6,175862,"POINT (  578688.624336159,   6137124.83094633)",MARCO BRUTO 1237 EN 1239,0
2026-07-19,CH_108,30,S,50,,S,,66766,Nocturno,2026-07-20 03:29:33,6,179163,"POINT (  578707.003618468,   6137063.97300000)",MARCO BRUTO 1207 FTE 1208,0
2026-07-19,CH_108,31,S,25,,S,,66766,Nocturno,2026-07-20 03:29:36,6,175863,"POINT (  578708.235761285,   6137058.61378412)",MARCO BRUTO 1207 FTE 1208,0
2026-07-19,CH_108,32,S,75,,S,,66766,Nocturno,2026-07-20 03:29:40,6,175864,"POINT (  578725.864154588,   6137013.65753220)",MARCO BRUTO 1193 ANTES DE 1197. CASA GRIS,0
2026-07-19,CH_108,33,S,50,,S,,66766,Nocturno,2026-07-20 03:29:43,6,176189,"POINT (  578726.765744068,   6137008.85575932)",MARCO BRUTO 1193 ANTES DE 1197. CASA GRIS,0
2026-07-19,CH_108,34,S,50,,S,Basura Afuera,66766,Nocturno,2026-07-20 03:32:17,6,175865,"POINT (  578751.611758590,   6136905.44085097)",MARCO BRUTO 1139 FTE 1144C,0
2026-07-19,CH_108,35,S,25,,S,,66766,Nocturno,2026-07-20 03:34:40,6,175866,"POINT (  578796.993566867,   6136751.31008951)",MARCO BRUTO 1057 FTE 1074. PDO EMBAJADA,0
2026-07-19,CH_108,36,S,50,,S,,66766,Nocturno,2026-07-20 03:37:36,6,181215,"POINT (  578924.951395677,   6136725.91329579)",ECHEVARRIARZA 3494 VEREDA,0
2026-07-19,CH_108,37,S,25,,S,,66766,Nocturno,2026-07-20 03:37:41,6,175867,"POINT (  578926.544114676,   6136726.25459272)",ECHEVARRIARZA 3494 VEREDA. EN 3496,0
2026-07-19,CH_108,38,S,25,,S,,66766,Nocturno,2026-07-20 03:39:49,6,181921,"POINT (  578982.544261874,   6136570.72490000)",AV DR LUIS ALBERTO DE HERRERA 989,0
2026-07-19,CH_108,39,S,75,,S,,66766,Nocturno,2026-07-20 03:48:23,6,184394,"POINT (  578960.004240305,   6136848.81205076)",ANTONIO D COSTA 3512,0
2026-07-19,CH_108,40,S,25,,S,,66766,Nocturno,2026-07-20 03:50:08,6,184395,"POINT (  579131.784414554,   6136895.29551831)",ANTONIO D COSTA Esq. TOMAS DE TEZANOS,0
2026-07-19,CH_108,41,S,75,,S,,66766,Nocturno,2026-07-20 03:42:29,6,181923,"POINT (  578988.208749891,   6136649.15627255)",AV DR LUIS ALBERTO DE HERRERA Esq. RBLA ARMENIA,0
2026-07-19,CH_108,42,S,50,,S,,66766,Nocturno,2026-07-20 03:42:36,6,181922,"POINT (  578987.228357734,   6136650.89919194)",AV DR LUIS ALBERTO DE HERRERA Esq. RBLA ARMENIA,0
2026-07-19,CH_108,43,S,25,,S,,66766,Nocturno,2026-07-20 03:45:41,6,181284,"POINT (  578963.031595222,   6136731.98769864)",AV DR LUIS ALBERTO DE HERRERA Esq. PSJE CRISTOBAL ECHEVARRIARZA FTE PANAMERICANO,0
2026-07-19,CH_108,44,S,75,,S,,66766,Nocturno,2026-07-20 03:46:42,6,181283,"POINT (  578962.121470080,   6136735.17313664)",AV DR LUIS ALBERTO DE HERRERA Esq. PSJE CRISTOBAL ECHEVARRIARZA FTE PANAMERICANO,0
2026-07-19,CH_108,45,S,25,,S,,66766,Nocturno,2026-07-20 03:46:53,6,181282,"POINT (  578961.211344937,   6136737.90351206)",AV DR LUIS ALBERTO DE HERRERA Esq. PSJE CRISTOBAL ECHEVARRIARZA FTE PANAMERICANO,0
2026-07-19,CH_108,46,S,25,,S,,66766,Nocturno,2026-07-20 03:55:23,6,184268,"POINT (  579158.043430516,   6137067.63758967)",TOMAS DE TEZANOS 1065 Tomas de Tezanos 1065  PROV O en Jose A iturriaga 3527,0
2026-07-19,CH_108,47,S,25,,S,,66766,Nocturno,2026-07-20 03:55:27,6,175874,"POINT (  579156.027743135,   6137063.69445642)",TOMAS DE TEZANOS 1065 MURO LADRILLOS,0
2026-07-19,CH_108,48,S,75,,S,,66766,Nocturno,2026-07-20 04:02:29,6,175876,"POINT (  579017.502442922,   6137544.31835855)",TIBURCIO GOMEZ 1332 EDIFICIO,0
2026-07-19,CH_108,49,S,75,,S,,66766,Nocturno,2026-07-20 04:02:43,6,175877,"POINT (  579008.957675863,   6137588.58179152)",TIBURCIO GOMEZ 1354 FTE 1355,0
2026-07-19,CH_108,50,S,75,,S,,66766,Nocturno,2026-07-20 04:03:15,6,176230,"POINT (  579006.310858388,   6137617.44628475)",TIBURCIO GOMEZ 1372,0
2026-07-19,CH_108,51,S,50,,S,,66766,Nocturno,2026-07-20 04:05:42,6,175879,"POINT (  578866.590437855,   6137583.24902543)",MAGARIÑOS CERVANTES 1383,0
2026-07-19,CH_108,52,S,50,,S,,66766,Nocturno,2026-07-20 04:05:44,6,175880,"POINT (  578887.175500294,   6137520.14667515)",MAGARIÑOS CERVANTES 1355 EDIFICIO,0
2026-07-19,CH_108,53,S,50,,S,,66766,Nocturno,2026-07-20 04:07:27,6,175881,"POINT (  578958.227932689,   6137469.30146216)",TTE GRAL PABLO GALARZA 3585 FTE 3571,0
2026-07-19,CH_108,54,S,50,,S,,66766,Nocturno,2026-07-20 04:11:31,6,175882,"POINT (  578960.075449892,   6137468.83958285)",TTE GRAL PABLO GALARZA 3585 FTE 3571,0
2026-07-19,CH_108,55,S,50,,S,,66766,Nocturno,2026-07-20 04:11:24,6,175884,"POINT (  579100.154108967,   6137420.74135153)",TTE GRAL PABLO GALARZA 3618 FTE 3641,0
2026-07-19,CH_109,1,S,75,,S,,66766,Nocturno,2026-07-19 23:08:51,31,175769,"POINT (  579209.822709040,   6137192.76235311)",TOMAS DE TEZANOS 1102 VEREDA. FTE 1107,1
2026-07-19,CH_109,2,S,75,,S,,66766,Nocturno,2026-07-19 23:09:50,31,175770,"POINT (  579210.557172317,   6137198.63805932)",TOMAS DE TEZANOS 1102 VEREDA. FTE 1107,1
2026-07-19,CH_109,3,S,75,,S,,66766,Nocturno,2026-07-19 23:11:57,31,175771,"POINT (  579231.489375707,   6137313.86404802)",TOMAS DE TEZANOS 1170 VEREDA,1
2026-07-19,CH_109,4,S,100,,S,,66766,Nocturno,2026-07-19 23:14:57,31,175772,"POINT (  579251.867697987,   6137423.96031082)",TOMAS DE TEZANOS 1220,1
2026-07-19,CH_109,5,S,100,,S,Basura Afuera,66766,Nocturno,2026-07-19 23:18:04,31,175904,"POINT (  579294.108253672,   6137644.89398870)",TOMAS DE TEZANOS 1336 CASA VERDE,1
2026-07-19,CH_109,6,S,100,,S,,66766,Nocturno,2026-07-19 23:19:09,31,184390,"POINT (  579230.358094771,   6137702.05152092)",FRANCISCO BILBAO 3723,1
2026-07-19,CH_109,7,S,75,,S,,66766,Nocturno,2026-07-19 23:26:56,31,184336,"POINT (  579240.979375155,   6137598.15725637)",RIZAL 3737,1
2026-07-19,CH_109,8,S,75,,S,,66766,Nocturno,2026-07-19 23:29:37,31,175774,"POINT (  579073.813227639,   6137706.78440250)",PEDRO BUSTAMANTE 1389,1
2026-07-19,CH_109,9,S,75,,S,,66766,Nocturno,2026-07-19 23:30:56,31,175775,"POINT (  579092.188689513,   6137643.37298123)",PEDRO BUSTAMANTE 1311 MURO CIEGO,1
2026-07-19,CH_109,10,S,100,,S,Basura Afuera,66766,Nocturno,2026-07-19 23:32:43,31,175776,"POINT (  579124.465990930,   6137530.57744936)",PEDRO BUSTAMANTE 1251 EN 1255. PELUQUERIA/MURO,1
2026-07-19,CH_109,11,S,75,,S,,66766,Nocturno,2026-07-19 23:34:51,31,175777,"POINT (  579200.983995048,   6137381.15949564)",MIGUEL GRAU 3731 EN 3750. EDIFICIO,1
2026-07-19,CH_109,12,S,75,,S,,66766,Nocturno,2026-07-19 23:34:57,31,175778,"POINT (  579205.756747820,   6137380.38969681)",MIGUEL GRAU 3731 EN 3750. EDIFICIO,1
2026-07-19,CH_109,13,S,50,,S,,66766,Nocturno,2026-07-20 04:13:44,6,181961,"POINT (  579389.626145752,   6137346.75414946)",MIGUEL GRAU 3828 PROV OV(O: MIGUEL GRAU 3789),1
2026-07-19,CH_109,14,S,75,,S,,66766,Nocturno,2026-07-19 23:38:36,31,175779,"POINT (  579392.534573447,   6137346.32167514)",MIGUEL GRAU 3828 FTE EDIFICIO,1
2026-07-19,CH_109,15,S,75,,S,,66766,Nocturno,2026-07-19 23:42:22,31,175780,"POINT (  579476.571977689,   6137327.42753701)",MIGUEL GRAU 3868 EN 3862. FTE EDIFICIO,1
2026-07-19,CH_109,16,S,75,,S,,66766,Nocturno,2026-07-19 23:43:31,31,175781,"POINT (  579613.325533898,   6137305.10698588)",MIGUEL GRAU 3939 FTE 3975. MURO COLEGIO,1
2026-07-19,CH_109,17,S,50,,S,,66766,Nocturno,2026-07-19 23:46:25,31,175782,"POINT (  579808.692765537,   6137358.86404803)",AV TOMAS BASAÑEZ 1241 CASA DE LADRILLOS,1
2026-07-19,CH_109,18,S,75,,S,,66766,Nocturno,2026-07-19 23:48:36,31,175783,"POINT (  579870.867906780,   6137259.17478249)",AV TOMAS BASAÑEZ 1211 FTE ECOCENTRO,1
2026-07-19,CH_109,19,S,75,,S,,66766,Nocturno,2026-07-19 23:51:29,31,175784,"POINT (  579724.031748588,   6137211.63240961)",DR JUAN A GOLFARINI 4003,1
2026-07-19,CH_109,20,S,75,,S,,66766,Nocturno,2026-07-19 23:54:35,31,175785,"POINT (  579619.810455708,   6137418.30034109)",SALDANHA DA GAMA 3922 EN 3925. VIVIENDAS,1
2026-07-19,CH_109,21,S,75,,S,,66766,Nocturno,2026-07-19 23:56:07,31,175786,"POINT (  579480.950522470,   6137445.42860620)",SALDANHA DA GAMA Esq. NICOLAS PIAGGIO PDO ESTACIONAMIENTO,1
2026-07-19,CH_109,22,S,75,,S,,66766,Nocturno,2026-07-19 23:58:09,31,175787,"POINT (  579420.716577919,   6137456.69373323)",SALDANHA DA GAMA 3829 ANTES DE ARBOL,1
2026-07-19,CH_109,23,S,75,,S,Basura Afuera,66766,Nocturno,2026-07-19 23:24:46,31,175788,"POINT (  579290.867906780,   6137574.79625142)",RIZAL 3760,1
2026-07-19,CH_109,24,S,75,,S,,66766,Nocturno,2026-07-19 23:26:45,31,175789,"POINT (  579416.630618644,   6137551.40642091)",RIZAL 3820 ESTERILLA,1
2026-07-19,CH_109,25,S,50,,S,,66766,Nocturno,2026-07-20 00:01:36,31,175790,"POINT (  579487.478076271,   6137567.45161865)",CEMENTERIO BRITÁNICO FTE 1311. MURO CEMENTERIO,1
2026-07-19,CH_109,26,S,75,,S,Basura Afuera,66766,Nocturno,2026-07-20 00:03:53,31,175791,"POINT (  579510.980901130,   6137695.02224012)",CEMENTERIO BRITÁNICO FTE 1393. MURO CEMENTERIO,1
2026-07-19,CH_109,27,S,75,,S,Basura Afuera,66766,Nocturno,2026-07-20 00:06:32,31,175792,"POINT (  579711.093895480,   6137519.31602543)",AV TOMAS BASAÑEZ Esq. RIZAL MURO CEMENTERIO,1
2026-07-19,CH_109,28,S,75,,S,,66766,Nocturno,2026-07-20 00:19:53,31,175793,"POINT (  579446.461127118,   6137249.25952825)",RBLA ARMENIA 3853 VEREDA. EN 3857. COLUMNA/PALMERA,1
2026-07-19,CH_109,29,S,75,,S,,66766,Nocturno,2026-07-20 00:12:26,31,175794,"POINT (  579348.495025424,   6137246.32167515)",RBLA ARMENIA 3801 FTE 3807. EDIFICIO,1
2026-07-19,CH_109,30,S,50,,S,,66766,Nocturno,2026-07-20 00:22:20,31,175795,"POINT (  579344.879206215,   6137245.41772034)",RBLA ARMENIA 3801 FTE 3807. EDIFICIO,1
2026-07-19,CH_109,31,S,100,,S,,66766,Nocturno,2026-07-20 00:13:54,31,175804,"POINT (  579285.500675141,   6137227.28212713)",RBLA ARMENIA 3795 VEREDA. EDIFICIO,1
2026-07-19,CH_109,32,S,75,,S,,66766,Nocturno,2026-07-20 00:26:25,31,181968,"POINT (  578743.391500218,   6136606.77219063)",RBLA REPUBLICA DEL PERU 1503 REBAJE/ENTRADA PRINCIPAL,1
2026-07-19,CH_109,33,S,100,,S,,66766,Nocturno,2026-07-20 00:30:42,31,181967,"POINT (  578598.947055773,   6136632.37131917)",RBLA REPUBLICA DEL PERU 1419 EN 1421. EDIFICIO ARCADIA. REBAJE/PUERTA,1
2026-07-19,CH_109,34,S,100,,S,,66766,Nocturno,2026-07-20 00:34:24,31,181964,"POINT (  578444.154027451,   6136658.40617756)",RBLA REPUBLICA DEL PERU 1383,1
2026-07-19,CH_109,35,S,50,,S,,66766,Nocturno,2026-07-20 00:36:29,31,175805,"POINT (  578079.794460452,   6136468.18608193)",RBLA REPUBLICA DEL PERU 1175 VEREDA. EN 1179. REBAJE/REBAJE,1
2026-07-19,CH_109,36,S,50,,S,,66766,Nocturno,2026-07-20 00:38:43,31,175806,"POINT (  577990.585420904,   6136375.36122317)",RBLA REPUBLICA DEL PERU 1105 VEREDA,1
2026-07-19,CH_109,37,S,50,,S,,66766,Nocturno,2026-07-20 00:40:30,31,175807,"POINT (  577923.271890055,   6136296.12803885)",RBLA REPUBLICA DEL PERU 1057 EN 1069. URBAN HAUS,1
2026-07-19,CH_109,38,S,25,,S,,66766,Nocturno,2026-07-20 00:42:18,31,175808,"POINT (  577861.489375706,   6136224.96574295)",RBLA REPUBLICA DEL PERU 1003 EN 1017. BIGG FITNESS,1
2026-07-19,CH_109,39,S,50,,S,,66766,Nocturno,2026-07-20 00:45:01,31,175809,"POINT (  577828.212539548,   6136182.14088419)",RBLA REPUBLICA DEL PERU 999,1
2026-07-19,CH_109,40,S,50,,S,,66766,Nocturno,2026-07-20 00:46:50,31,175810,"POINT (  577731.828358757,   6135963.55331357)",RBLA REPUBLICA DEL PERU 877,1
2026-07-19,CH_109,41,S,75,,S,,66766,Nocturno,2026-07-20 00:48:31,31,175811,"POINT (  577724.047951766,   6135859.19022056)",RBLA REPUBLICA DEL PERU 809 EN 811,1
2026-07-19,CH_109,42,S,50,,S,,66766,Nocturno,2026-07-20 00:48:33,31,176843,"POINT (  577722.037919527,   6135854.03652189)",RBLA REPUBLICA DEL PERU 809 PROV PELIGRO DERRUMBE DESDE RBLA REPUBLICA DEL PERU 765,1
2026-07-19,CH_109,43,S,25,,S,,66766,Nocturno,2026-07-20 00:52:01,31,175813,"POINT (  577749.454517198,   6135605.30459024)",RBLA REPUBLICA DEL PERU 727 EN 727/735,1
2026-07-19,CH_109,44,S,75,,S,,66766,Nocturno,2026-07-20 00:53:43,31,175814,"POINT (  577717.119762258,   6135504.77483730)",RBLA MAHATMA GANDHI 669 ESTACIONAMIENTO,1
2026-07-19,CH_109,45,S,75,,S,,66766,Nocturno,2026-07-20 00:56:17,31,175816,"POINT (  577615.557172318,   6135344.62675990)",RBLA MAHATMA GANDHI 617 ESTACIONAMIENTO,1
2026-07-19,CH_109,46,S,75,,S,,66766,Nocturno,2026-07-20 00:58:02,31,184434,"POINT (  577536.972427233,   6135279.16397669)",RBLA MAHATMA GANDHI 595,1
2026-07-19,CH_109,47,S,50,,S,,66766,Nocturno,2026-07-20 00:59:11,31,175818,"POINT (  577502.802935030,   6135247.66348306)",RBLA MAHATMA GANDHI 567,1
2026-07-19,CH_109,48,S,50,,S,,66766,Nocturno,2026-07-20 01:01:01,31,175819,"POINT (  577399.716776837,   6135161.32167515)",RBLA MAHATMA GANDHI 519,1
2026-07-19,CH_109,49,S,75,,S,,66766,Nocturno,2026-07-20 01:03:56,31,175820,"POINT (  577306.383443504,   6135078.96291809)",RBLA MAHATMA GANDHI 485,1
2026-07-19,CH_109,50,S,75,,S,,66766,Nocturno,2026-07-20 01:08:23,31,175821,"POINT (  577218.925816386,   6135003.59568645)",RBLA MAHATMA GANDHI 421,1
2026-07-19,CH_109,51,S,25,,S,,66766,Nocturno,2026-07-20 01:10:21,31,175822,"POINT (  577130.840970137,   6134926.34799328)",RBLA MAHATMA GANDHI 371 EN 365. CERCO VEGETAL,1
2026-07-19,CH_109,52,S,100,,S,,66766,Nocturno,2026-07-20 02:42:28,6,175823,"POINT (  577087.922991528,   6134887.97421753)",RBLA MAHATMA GANDHI 343 PDO COLUMNA,1
2026-07-19,CH_109,53,S,100,,S,,66766,Nocturno,2026-07-20 01:12:40,31,175824,"POINT (  576968.233725991,   6134786.56178815)",RBLA MAHATMA GANDHI 211,1
2026-07-19,CH_109,54,S,75,,S,,66766,Nocturno,2026-07-20 01:14:38,31,175825,"POINT (  576905.211127121,   6134730.12111019)",RBLA MAHATMA GANDHI 181 EN 183,1
2026-07-19,CH_109,55,S,75,,N,,66766,Nocturno,2026-07-20 01:17:33,31,175826,"POINT (  576863.473838985,   6134693.20020623)",RBLA MAHATMA GANDHI 161 EN 155,1
2026-07-19,CH_109,56,S,50,,S,,66766,Nocturno,2026-07-20 01:17:41,31,175827,"POINT (  576811.990293014,   6134635.44101384)",RBLA MAHATMA GANDHI 129 EN 137,1
2026-07-19,CH_119,1,S,75,,S,,66767,Nocturno,2026-07-20 02:27:23,,180448,"POINT (  576458.428927202,   6138565.32773144)",PTE LORENZO BATLLE 2587,0
2026-07-19,CH_119,2,S,50,,S,,66767,Nocturno,2026-07-20 02:27:34,,183708,"POINT (  576457.416788453,   6138566.04366754)",PTE LORENZO BATLLE 2587,0
2026-07-19,CH_119,3,S,75,,S,,66767,Nocturno,2026-07-20 02:27:30,,180449,"POINT (  576421.753777342,   6138590.84344249)",PTE LORENZO BATLLE 2559,0
2026-07-19,CH_119,4,S,50,,S,,66767,Nocturno,2026-07-20 02:27:08,,176910,"POINT (  576383.830122635,   6138616.84716176)",PTE LORENZO BATLLE 2541 CASA TAPEADA,0
2026-07-19,CH_119,5,S,25,,S,,66767,Nocturno,2026-07-20 04:17:40,,176911,"POINT (  576382.541665011,   6138617.81350498)",PTE LORENZO BATLLE 2541 CASA TAPEADA,0
2026-07-19,CH_119,6,S,75,,S,,66767,Nocturno,2026-07-20 02:40:27,,176912,"POINT (  576326.010586795,   6138656.95040528)",PTE LORENZO BATLLE Esq. JUAN RAMON GOMEZ,0
2026-07-19,CH_119,7,S,50,,S,,66767,Nocturno,2026-07-20 02:27:46,,176913,"POINT (  576348.236480795,   6138689.32290306)",JUAN RAMON GOMEZ 2524 VEREDA,0
2026-07-19,CH_119,8,S,100,,S,Requiere Limpieza,66767,Nocturno,2026-07-20 02:30:50,,181432,"POINT (  576369.766987800,   6138725.68781939)",JUAN RAMON GOMEZ 2548,0
2026-07-19,CH_119,9,S,50,,S,,66767,Nocturno,2026-07-20 02:31:03,,180793,"POINT (  576421.957419453,   6138696.40847732)",PTE BERRO 2534 VEREDA,0
2026-07-19,CH_119,10,S,50,,S,,66767,Nocturno,2026-07-20 02:33:56,,176915,"POINT (  576423.171011686,   6138695.68032198)",PTE BERRO 2534 VEREDA,0
2026-07-19,CH_119,11,S,50,,S,,66767,Nocturno,2026-07-20 02:34:01,,180628,"POINT (  576524.519875130,   6138626.53942021)",PTE BERRO 2592 VEREDA. EN 2600 (FARMACIA),0
2026-07-19,CH_119,12,S,50,,S,Requiere Limpieza,66767,Nocturno,2026-07-20 02:34:07,,180629,"POINT (  576525.361844042,   6138626.05366892)",PTE BERRO 2592 VEREDA. EN 2600 (FARMACIA),0
2026-07-19,CH_119,13,S,75,,S,Fuera de Lugar,66767,Nocturno,2026-07-20 02:34:11,,180630,"POINT (  576526.236196373,   6138625.50315078)",PTE BERRO 2592 VEREDA. EN 2600 (FARMACIA),0
2026-07-19,CH_119,14,S,75,,S,,66767,Nocturno,2026-07-20 02:34:17,,181875,"POINT (  576607.026151081,   6138570.46536564)",PTE BERRO 2620 VEREDA,0
2026-07-19,CH_119,15,S,75,,S,,66767,Nocturno,2026-07-20 02:34:22,,181874,"POINT (  576608.334455973,   6138569.66900615)",PTE BERRO 2620 VEREDA,0
2026-07-19,CH_119,16,S,75,,S,,66767,Nocturno,2026-07-20 02:34:28,,181876,"POINT (  576609.130815472,   6138568.87264664)",PTE BERRO 2620 VEREDA,0
2026-07-19,CH_119,17,S,75,,S,,66767,Nocturno,2026-07-20 02:34:33,,183651,"POINT (  576655.278521340,   6138596.67590114)",GERARDO GRASSO 2566 CASA CON RETIRO,0
2026-07-19,CH_119,18,S,75,,S,,66767,Nocturno,2026-07-20 02:38:23,,183652,"POINT (  576655.959565608,   6138597.24343803)",GERARDO GRASSO 2566 CASA CON RETIRO,0
2026-07-19,CH_119,19,S,50,,S,,66767,Nocturno,2026-07-20 02:38:31,,183650,"POINT (  576745.176364699,   6138681.57941986)",GERARDO GRASSO 2622,0
2026-07-19,CH_119,20,S,50,,S,,66767,Nocturno,2026-07-20 02:38:37,,183653,"POINT (  576746.708714302,   6138683.05501578)",GERARDO GRASSO 2622,0
2026-07-19,CH_119,21,S,50,,S,,66767,Nocturno,2026-07-19 23:50:20,,176924,"POINT (  576984.211288889,   6138669.86888936)",LUIS SAMBUCETTI 2652 2652 EDIFICIO,0
2026-07-19,CH_119,22,S,50,,S,,66767,Nocturno,2026-07-19 23:50:32,,176925,"POINT (  576983.265662412,   6138671.52373570)",LUIS SAMBUCETTI 2652 2652 EDIFICIO,0
2026-07-19,CH_119,23,S,50,,S,,66767,Nocturno,2026-07-19 23:50:42,,183791,"POINT (  576935.636152632,   6138780.21739925)",LUIS SAMBUCETTI 2691,0
2026-07-19,CH_119,24,S,50,,S,,66767,Nocturno,2026-07-19 23:50:10,,176926,"POINT (  576933.029255792,   6138784.40789645)",LUIS SAMBUCETTI 2695 FTE 2695,0
2026-07-19,CH_119,25,S,50,,S,,66767,Nocturno,2026-07-19 23:50:05,,176927,"POINT (  576932.438239244,   6138785.82633617)",LUIS SAMBUCETTI 2695 FTE 2695,0
2026-07-19,CH_119,26,S,75,,S,,66767,Nocturno,2026-07-19 23:50:55,,181387,"POINT (  576806.457676223,   6138862.76821252)",AV GRAL GARIBALDI 2789,0
2026-07-19,CH_119,27,S,50,,S,,66767,Nocturno,2026-07-19 23:51:01,,179177,"POINT (  576804.116035293,   6138863.58471177)",AV GRAL GARIBALDI 2789 PDO 2789. MURO OBRA,0
2026-07-19,CH_119,28,S,75,,S,,66767,Nocturno,2026-07-19 23:51:07,,181386,"POINT (  576409.420557793,   6139136.23584938)",TTE JUAN S WALCALDE 2653,0
2026-07-19,CH_119,29,S,50,,S,,66767,Nocturno,2026-07-19 23:51:13,,181877,"POINT (  576408.671525142,   6139134.53579636)",TTE JUAN S WALCALDE 2653,0
2026-07-19,CH_119,30,S,50,,S,,66767,Nocturno,2026-07-19 23:51:21,,180414,"POINT (  576370.445505006,   6139061.45433515)",TTE JUAN S WALCALDE 2601,0
2026-07-19,CH_119,31,S,75,,S,,66767,Nocturno,2026-07-19 23:51:26,,181295,"POINT (  576369.689116724,   6139059.52189420)",TTE JUAN S WALCALDE 2601,0
2026-07-19,CH_119,32,S,50,,S,,66767,Nocturno,2026-07-19 23:51:31,,176928,"POINT (  576388.584811348,   6139012.71758913)",RAMON Y CAJAL 2589 FTE 2585 Y 2589,0
2026-07-19,CH_119,33,S,50,,S,,66767,Nocturno,2026-07-20 02:26:56,,176929,"POINT (  576389.648641135,   6139011.53555603)",RAMON Y CAJAL 2589 FTE A 2585 Y 2589,0
2026-07-19,CH_119,34,S,75,,S,,66767,Nocturno,2026-07-20 02:27:02,,176930,"POINT (  576470.026891726,   6138951.60647801)",RAMON Y CAJAL 2474 REJA VERDE,0
2026-07-19,CH_119,35,S,75,,S,,66767,Nocturno,2026-07-20 02:38:46,,176931,"POINT (  576549.511900000,   6138983.76352353)",JUAN RAMON GOMEZ 2674 FTE A 2673,0
2026-07-19,CH_119,36,S,75,,S,,66767,Nocturno,2026-07-20 02:38:51,,176932,"POINT (  576584.511900000,   6139036.23411177)",JUAN RAMON GOMEZ 2699,0
2026-07-19,CH_119,37,S,75,,S,,66767,Nocturno,2026-07-20 02:38:55,,176933,"POINT (  576644.494976833,   6138959.88070969)",GRAL URQUIZA 2743 VEREDA. ANTES 2747. MURO,0
2026-07-19,CH_119,38,S,50,,S,,66767,Nocturno,2026-07-20 02:39:00,,176934,"POINT (  576564.707742790,   6138849.00600520)",GRAL URQUIZA 2689 VEREDA,0
2026-07-19,CH_119,39,S,25,,S,,66767,Nocturno,2026-07-20 02:39:08,,176935,"POINT (  576504.542258157,   6138784.23059149)",PTE GIRO 2541 FTE A 2544 MURO VEGETAL,0
2026-07-19,CH_119,40,S,50,,S,,66767,Nocturno,2026-07-20 02:39:14,,176936,"POINT (  576475.582447282,   6138804.08874752)",PTE GIRO 2527 MURO,0
2026-07-19,CH_119,41,S,75,,S,,66767,Nocturno,2026-07-20 02:39:19,,176937,"POINT (  576395.617908275,   6138858.93508322)",PTE GIRO 2475 2477 ANTES DE VENTANA,0
2026-07-19,CH_119,42,S,50,,S,,66767,Nocturno,2026-07-20 02:39:27,,176938,"POINT (  576402.072644226,   6138950.66139739)",CARLOS ANAYA 2636 MURO LADRILLO CON REJAS,0
2026-07-19,CH_119,43,S,75,,S,,66767,Nocturno,2026-07-20 02:39:33,,176939,"POINT (  576468.154613907,   6139072.04102451)",CARLOS ANAYA 2673,0
2026-07-19,CH_119,44,S,50,,S,,66767,Nocturno,2026-07-20 02:39:38,,176940,"POINT (  576466.697660265,   6139069.98804437)",CARLOS ANAYA 2673,0
2026-07-19,CH_110,1,S,75,,S,,66767,Nocturno,2026-07-20 02:39:46,,176997,"POINT (  576524.482049460,   6137485.88296258)",PEDRO CAMPBELL 1415 CASA ABANDONADA,1
2026-07-19,CH_110,2,S,75,,S,,66767,Nocturno,2026-07-20 02:39:54,,180261,"POINT (  576524.010912486,   6137484.03087624)",PEDRO CAMPBELL 1415,1
2026-07-19,CH_110,3,S,75,,S,,66767,Nocturno,2026-07-20 02:39:59,,176998,"POINT (  576443.589919969,   6137505.53869876)",20 DE SETIEMBRE 1420 REJAS GRISES,1
2026-07-19,CH_110,4,S,75,,S,,66767,Nocturno,2026-07-20 02:40:04,,180800,"POINT (  576486.352107395,   6137618.39080615)",20 DE SETIEMBRE 1498,1
2026-07-19,CH_110,5,S,75,,S,,66767,Nocturno,2026-07-20 02:40:09,,176999,"POINT (  576486.594893703,   6137619.54613499)",20 DE SETIEMBRE 1498,1
2026-07-19,CH_110,6,S,75,,S,,66767,Nocturno,2026-07-20 02:40:18,,181925,"POINT (  576593.113626580,   6137589.96664336)",PALMAR 2460,1
2026-07-19,CH_110,7,S,75,,S,,66767,Nocturno,2026-07-20 02:44:39,,181924,"POINT (  576594.638681046,   6137589.31304859)",PALMAR 2460,1
2026-07-19,CH_110,8,S,100,,S,,66767,Nocturno,2026-07-20 02:44:31,,177000,"POINT (  576674.905690663,   6137560.06028540)",PALMAR 2498 EST 45,1
2026-07-19,CH_110,9,S,75,,S,Requiere Limpieza,66767,Nocturno,2026-07-20 02:44:26,,177001,"POINT (  576681.495824714,   6137558.22117822)",PALMAR 2498 EST 45,1
2026-07-19,CH_110,10,S,75,,S,,66767,Nocturno,2026-07-20 04:16:34,,177002,"POINT (  576764.389437197,   6137694.84596739)",DR ENRIQUE POUEY 2547 EN 2549,1
2026-07-19,CH_110,11,S,75,,S,,66767,Nocturno,2026-07-20 04:16:40,,177003,"POINT (  576759.731937914,   6137696.96301252)",DR ENRIQUE POUEY 2547 EN 2549,1
2026-07-19,CH_110,12,S,100,,S,,66767,Nocturno,2026-07-20 04:16:45,,177004,"POINT (  576652.146739344,   6137755.61868191)",DR ENRIQUE POUEY 2503 ANTES DE CORDON ROJO,1
2026-07-19,CH_110,13,S,75,,S,,66767,Nocturno,2026-07-20 04:16:51,,177005,"POINT (  576544.482340011,   6137763.89466420)",DR GASTON RAMON 2383 FTE 2358. MURO HOSPITAL,1
2026-07-19,CH_110,14,S,50,,S,,66767,Nocturno,2026-07-20 04:16:57,,177008,"POINT (  576567.471179726,   6138040.98681224)",LORD PONSOMBY 2490 EDIFICIO,1
2026-07-19,CH_110,15,S,25,,S,,66767,Nocturno,2026-07-20 04:17:02,,177009,"POINT (  576639.196359638,   6138010.79480274)",DR PRUDENCIO DE PENA 2506 ARBOL/ARBOL,1
2026-07-19,CH_110,16,S,75,,S,,66767,Nocturno,2026-07-20 04:17:59,,177010,"POINT (  576734.349067551,   6137953.05325636)",DR PRUDENCIO DE PENA 2546 PDO 2546. CERCO VEGETAL,1
2026-07-19,CH_110,17,S,50,,S,,66767,Nocturno,2026-07-20 04:18:07,,177011,"POINT (  576829.178033393,   6137895.39821893)",DR PRUDENCIO DE PENA 2576 PROVISORIO POR OBRA,1
2026-07-19,CH_110,18,S,25,,S,,66767,Nocturno,2026-07-20 04:18:12,,177012,"POINT (  576832.546864111,   6137893.71380357)",DR PRUDENCIO DE PENA 2576 PROVISORIO POR OBRA,1
2026-07-19,CH_110,19,S,50,,S,,66767,Nocturno,2026-07-20 04:18:20,,177013,"POINT (  576827.053973002,   6137799.00458772)",DR ISABELINO J BOSCH 2595 ARBOL/ARBOL,1
2026-07-19,CH_110,20,S,50,,S,,66767,Nocturno,2026-07-20 04:18:25,,177014,"POINT (  576820.279428591,   6137802.39185993)",DR ISABELINO J BOSCH 2595 ARBOL/ARBOL,1
2026-07-19,CH_110,21,S,50,,S,,66767,Nocturno,2026-07-20 04:19:35,,182162,"POINT (  576630.145279104,   6137873.64334777)",SOMME 1596 PROV OV (O: DR ISABELINO J BOSCH 2519),1
2026-07-19,CH_110,22,S,50,,S,,66767,Nocturno,2026-07-20 04:19:40,,182161,"POINT (  576629.846771642,   6137876.47916866)",SOMME 1596 PROV OV (O: DR ISABELINO J BOSCH 2535),1
2026-07-19,CH_110,23,S,100,,S,,66767,Nocturno,2026-07-20 04:25:36,,177017,"POINT (  576679.886605933,   6138085.12538449)",LORD PONSOMBY 2542 ANTES DE 2542. CERCO VEGETAL,1
2026-07-19,CH_110,24,S,75,,S,,66767,Nocturno,2026-07-20 04:19:52,,177018,"POINT (  576618.736732353,   6138206.32407045)",JORGE CANNING 2405 ESQ. EDIFICIO,1
2026-07-19,CH_110,25,S,75,,S,,66767,Nocturno,2026-07-20 04:24:17,,177019,"POINT (  576542.566603368,   6138254.47650372)",MORALES 2611 FTE 2614. GINECOLOGIA HOSPITAL BRITANICO,1
2026-07-19,CH_110,26,S,25,,S,,66767,Nocturno,2026-07-20 04:19:58,,177020,"POINT (  576433.264886062,   6138330.25470895)",MORALES 2554 FTE 2560. ESQ. MURO VEGETAL,1
2026-07-19,CH_110,27,S,25,,S,,66767,Nocturno,2026-07-20 04:20:03,,177021,"POINT (  576429.896306886,   6138332.49996012)",MORALES 2554 FTE 2560. ESQ. MURO VEGETAL,1
2026-07-19,CH_110,28,S,75,,S,,66767,Nocturno,2026-07-20 04:20:10,,183379,"POINT (  576679.826069239,   6138401.55794325)",PTE LORENZO BATLLE 2686,1
2026-07-19,CH_110,29,S,100,,S,,66767,Nocturno,2026-07-20 04:20:18,,177023,"POINT (  576625.604064850,   6138327.46489600)",AVELINO MIRANDA 2681 EN 2685,1
2026-07-19,CH_110,30,N,,Auto,S,,66767,Nocturno,2026-07-20 04:20:24,,180268,"POINT (  576551.920019573,   6138374.81695762)",AVELINO MIRANDA 2625 VEREDA,1
2026-07-19,CH_110,31,N,,Auto,S,,66767,Nocturno,2026-07-20 04:20:31,,177024,"POINT (  576549.457365209,   6138376.54081567)",AVELINO MIRANDA 2617 VEREDA. ESQ. CASA AMARILLA,1
2026-07-19,CH_110,32,S,100,,S,,66767,Nocturno,2026-07-20 04:20:37,,177025,"POINT (  576812.995273521,   6138547.10564040)",CIUDAD DE BAHIA BLANCA 2595 EN 2593. MURO CIEGO,1
2026-07-19,CH_110,33,S,75,,S,,66767,Nocturno,2026-07-20 04:20:43,,177026,"POINT (  576773.165868682,   6138490.85318581)",CIUDAD DE BAHIA BLANCA 2557 EN 2557/2559. ANTES DE CORDON ROJO,1
2026-07-19,CH_110,34,S,75,,S,,66767,Nocturno,2026-07-20 04:20:51,,177027,"POINT (  576728.177941805,   6138428.10871370)",CIUDAD DE BAHIA BLANCA 2525 PDO GARAJE. ANTES DE ARBOL.,1
2026-07-19,CH_110,35,S,75,,S,,66767,Nocturno,2026-07-20 04:21:07,,177028,"POINT (  576762.133719742,   6138339.78215724)",PTE LORENZO BATLLE 2747 VEREDA. FTE 2747,1
2026-07-19,CH_110,36,S,50,,S,,66767,Nocturno,2026-07-20 04:21:28,,177029,"POINT (  576416.912020282,   6138124.98413307)",JORGE CANNING 2363 MURO EST HOSPITAL,1
2026-07-19,CH_120,1,,,,S,,66768,Nocturno,,,180291,"POINT (  576430.084450763,   6139267.83942462)",MONTE CASEROS 2708,0
2026-07-19,CH_120,2,,,,S,,66768,Nocturno,,,179606,"POINT (  576432.535431155,   6139270.67166863)",MONTE CASEROS 2708,0
2026-07-19,CH_120,3,,,,S,,66768,Nocturno,,,179605,"POINT (  576434.441749238,   6139273.66731133)",MONTE CASEROS 2708,0
2026-07-19,CH_120,4,S,75,,S,,66768,Nocturno,2026-07-19 22:59:03,,183831,"POINT (  576556.360086928,   6139267.03762985)",ESTERO BELLACO 2584,0
2026-07-19,CH_120,5,S,75,,S,,66768,Nocturno,2026-07-19 22:59:55,,176526,"POINT (  576557.705930562,   6139265.85664519)",ESTERO BELLACO 2584 MMURO CIEGO,0
2026-07-19,CH_120,6,S,100,,S,Basura Afuera,66768,Nocturno,2026-07-19 23:04:14,,176527,"POINT (  576603.658887070,   6139225.11484870)",ESTERO BELLACO 2604 CASA NARANJA,0
2026-07-19,CH_120,7,S,100,,S,Basura Afuera,66768,Nocturno,2026-07-19 23:04:21,,180267,"POINT (  576607.261385269,   6139223.61794786)",ESTERO BELLACO 2608,0
2026-07-19,CH_120,8,S,75,,S,,66768,Nocturno,2026-07-19 23:07:58,,176528,"POINT (  576709.487231593,   6139132.71564539)",ESTERO BELLACO 2674 EN 2666. CHAPA AZUL. ANTES DE MURO,0
2026-07-19,CH_120,9,S,75,,S,,66768,Nocturno,2026-07-19 23:08:03,,183129,"POINT (  576803.495239249,   6139056.44779374)",ESTERO BELLACO 2724 EN 2734,0
2026-07-19,CH_120,10,S,75,,S,,66768,Nocturno,2026-07-19 23:11:21,,176529,"POINT (  576811.730096226,   6139051.33515280)",ESTERO BELLACO 2744 EN 2734/2744,0
2026-07-19,CH_120,11,S,75,,S,,66768,Nocturno,2026-07-19 23:11:31,,176530,"POINT (  576818.342888353,   6139046.43522572)",ESTERO BELLACO 2744,0
2026-07-19,CH_120,12,S,75,,S,,66768,Nocturno,2026-07-19 23:18:08,,176531,"POINT (  576868.282641926,   6139011.85182059)",ESTERO BELLACO 2775 FTE 2773. EST 45,0
2026-07-19,CH_120,13,S,75,,S,,66768,Nocturno,2026-07-19 23:18:17,,183128,"POINT (  576904.234715927,   6138988.87100193)",ESTERO BELLACO 2782,0
2026-07-19,CH_120,14,S,75,,S,,66768,Nocturno,2026-07-19 23:21:37,,176533,"POINT (  576990.863867685,   6138940.23810114)",ESTERO BELLACO 2842 FTE 2841. ESQ,0
2026-07-19,CH_120,15,S,75,,S,,66768,Nocturno,2026-07-19 23:21:43,,180817,"POINT (  577078.807706143,   6138895.51748464)",ESTERO BELLACO 2878,0
2026-07-19,CH_120,16,N,,Sobrepeso,S,,66768,Nocturno,2026-07-19 23:24:18,,176534,"POINT (  577080.699520894,   6138894.78115434)",ESTERO BELLACO 2878 FTE 2889 BIS. ARBOL/ARBOL,0
2026-07-19,CH_120,17,S,100,,S,Basura Afuera,66768,Nocturno,2026-07-19 23:28:22,,180266,"POINT (  577082.595861327,   6138893.87169223)",ESTERO BELLACO 2878,0
2026-07-19,CH_120,18,S,100,,S,Basura Afuera,66768,Nocturno,2026-07-19 23:28:29,,176535,"POINT (  577184.861142841,   6138843.35789902)",ESTERO BELLACO 2956 MURO,0
2026-07-19,CH_120,19,S,100,,S,,66768,Nocturno,2026-07-19 23:31:13,,176536,"POINT (  577248.806701284,   6139031.07882186)",JOAQUIN SECCO ILLA Esq. TUYUTI FTE 2948. MURO,0
2026-07-19,CH_120,20,N,,Contenedor No Está,N,,66768,Nocturno,2026-07-19 23:31:21,,176537,"POINT (  577242.883094480,   6139034.71055699)",JOAQUIN SECCO ILLA 2955 FTE 2948. MURO,0
2026-07-19,CH_120,21,S,75,,S,,66768,Nocturno,2026-07-19 23:36:33,,182247,"POINT (  577095.094305665,   6139083.15049499)",JOAQUIN SECCO ILLA Esq. HUMAITA EN 2835,0
2026-07-19,CH_120,22,S,75,,S,,66768,Nocturno,2026-07-19 23:36:45,,182260,"POINT (  577026.939902958,   6139080.29609545)",JOAQUIN SECCO ILLA 2805,0
2026-07-19,CH_120,23,S,100,,S,,66768,Nocturno,2026-07-19 23:37:05,,176540,"POINT (  576966.166033803,   6139107.27474033)",JOAQUIN SECCO ILLA 2775 ARBOL/ARBOL,0
2026-07-19,CH_120,24,S,100,,S,Basura Afuera,66768,Nocturno,2026-07-19 23:45:24,,176541,"POINT (  576892.967178302,   6139165.87613620)",CDTE BRAGA 2715 FTE 2748,0
2026-07-19,CH_120,25,S,75,,S,Basura Afuera,66768,Nocturno,2026-07-19 23:45:30,,180347,"POINT (  576855.554023965,   6139199.58286885)",CDTE BRAGA 2711,0
2026-07-19,CH_120,26,S,75,,S,Basura Afuera,66768,Nocturno,2026-07-19 23:45:40,,176542,"POINT (  576852.066083706,   6139202.40504482)",CDTE BRAGA 2711 FTE 2704,0
2026-07-19,CH_120,27,,,,S,,66768,Nocturno,,,176543,"POINT (  576785.848621939,   6139258.29145425)",CDTE BRAGA 2663 MURO,0
2026-07-19,CH_120,28,,,,S,,66768,Nocturno,,,176544,"POINT (  576778.726189949,   6139265.59018406)",CDTE BRAGA 2663 MURO,0
2026-07-19,CH_120,29,,,,S,,66768,Nocturno,,,177150,"POINT (  576653.379337691,   6139379.99461438)",CDTE BRAGA 2589,0
2026-07-19,CH_120,30,,,,S,,66768,Nocturno,,,176545,"POINT (  576611.736893393,   6139414.80866020)",CDTE BRAGA 2565 EN 2569 BIS,0
2026-07-19,CH_120,31,,,,S,,66768,Nocturno,,,182080,"POINT (  576715.606605287,   6139444.31459471)",CNEL LUCAS PIRIZ 2596,0
2026-07-19,CH_120,32,,,,S,,66768,Nocturno,,,181728,"POINT (  576719.217450853,   6139441.75328328)",CNEL LUCAS PIRIZ 2596 EN 2598. ESQ.,0
2026-07-19,CH_120,33,,,,S,,66768,Nocturno,,,181730,"POINT (  576790.093446303,   6139507.39605916)",CARLOS ANAYA 2898,0
2026-07-19,CH_120,34,,,,S,,66768,Nocturno,,,181729,"POINT (  576792.141227873,   6139510.80902844)",CARLOS ANAYA 2898,0
2026-07-19,CH_120,35,,,,S,,66768,Nocturno,,,181731,"POINT (  576843.563298407,   6139584.07410239)",CARLOS ANAYA 2930 FTE 2935. ARBOL/ARBOL,0
2026-07-19,CH_120,36,,,,S,,66768,Nocturno,,,176550,"POINT (  576895.576386060,   6139571.14956833)",JAIME CIBILS 2629 FTE 2629. MURO,0
2026-07-19,CH_120,37,,,,S,,66768,Nocturno,,,177280,"POINT (  576977.273963616,   6139479.71813355)",JAIME CIBILS 2680 ANTES DE 2680. REJA,0
2026-07-19,CH_120,38,,,,S,,66768,Nocturno,,,176552,"POINT (  576968.739981996,   6139411.03588682)",GRAL URQUIZA 2982 VEREDA. FTE 2982. MURO DE NACIONAL,0
2026-07-19,CH_120,39,,,,S,,66768,Nocturno,,,176554,"POINT (  576960.022054720,   6139020.60673124)",CORNELIO CANTERA 2770,0
2026-07-19,CH_120,40,,,,S,,66768,Nocturno,,,176555,"POINT (  577038.080135712,   6139127.68194780)",CORNELIO CANTERA 2814 REJAS,0
2026-07-19,CH_120,41,,,,S,,66768,Nocturno,,,176556,"POINT (  577134.644509956,   6139264.75124762)",CORNELIO CANTERA 2884 EN 2888. MURO,0
2026-07-19,CH_120,42,,,,S,,66768,Nocturno,,,176557,"POINT (  577137.408003904,   6139268.93596703)",CORNELIO CANTERA 2884 EN 2888. MURO,0
2026-07-19,CH_120,43,,,,S,,66768,Nocturno,,,176558,"POINT (  577297.493260469,   6139115.16726806)",JAIME CIBILS 2878 LICEO. ARBOL/ARBOL,0
2026-07-19,CH_120,44,,,,S,,66768,Nocturno,,,176559,"POINT (  577300.098840477,   6139112.08794624)",JAIME CIBILS 2884 LICEO. ARBOL/ARBOL,0
2026-07-19,CH_120,45,,,,S,,66768,Nocturno,,,184414,"POINT (  577385.699536739,   6138969.06985462)",DR JOSE BRITO FORESTI 2948 Dr Jose Brito Foresti 2952 PROV o en Av Centenario 2872,0
2026-07-19,CH_120,46,,,,S,,66768,Nocturno,,,184413,"POINT (  577386.681855010,   6138966.31936346)",DR JOSE BRITO FORESTI 2948 Dr Jose Brito Foresti 2952 PROV O Av Centenario 2854,0
2026-07-19,CH_120,47,,,,S,,66768,Nocturno,,,176560,"POINT (  577388.267093004,   6138961.56459080)",DR JOSE BRITO FORESTI Esq. GREGORIO FUNES EN 2952. ACDE,0
2026-07-19,CH_120,48,,,,S,,66768,Nocturno,,,180265,"POINT (  577390.296135286,   6138957.74895010)",DR JOSE BRITO FORESTI 2956,0
2026-07-19,CH_120,49,,,,S,,66768,Nocturno,,,176561,"POINT (  577424.937039883,   6138896.12283945)",DR JOSE BRITO FORESTI 2998 PDO 2996. MURO VEGETAL,0
2026-07-19,CH_120,50,,,,S,,66768,Nocturno,,,176562,"POINT (  577445.774450027,   6138853.34595573)",DR JOSE BRITO FORESTI 3010 EN 3020. REJAS CON VEGETACION,0
2026-07-19,CH_120,51,,,,S,,66768,Nocturno,,,183265,"POINT (  577451.651831312,   6138843.40477631)",DR JOSE BRITO FORESTI 3026,0
2026-07-19,CH_120,52,,,,S,,66768,Nocturno,,,184179,"POINT (  577147.235914145,   6138742.99484892)",AV CENTENARIO 2757,0
2026-07-19,CH_120,53,,,,S,,66768,Nocturno,,,183267,"POINT (  577251.998461918,   6138819.46656150)",BELGRANO 2850,0
2026-07-19,CH_120,54,,,,S,,66768,Nocturno,,,176563,"POINT (  577258.018262456,   6138821.16100573)",BELGRANO 2854 PDO 2852. MURO CHAPA,0
2026-07-19,CH_120,55,,,,S,,66768,Nocturno,,,184411,"POINT (  577263.331748527,   6138821.88461592)",BELGRANO 2854 Belgrano 2854 PRO O en Av centenario 2756,0
2026-07-19,CH_120,56,,,,S,,66768,Nocturno,,,176564,"POINT (  577418.660837436,   6138871.08854879)",BELGRANO 2898 FTE 2897,0
2026-07-19,CH_120,57,,,,S,,66768,Nocturno,,,183266,"POINT (  577420.212806488,   6138871.40318378)",BELGRANO 2898,0
2026-07-19,CH_121,1,,,,S,,66768,Nocturno,,,183263,"POINT (  577705.302370535,   6138896.16431855)",JUAN SPIKERMAN 2108,1
2026-07-19,CH_121,2,,,,S,,66768,Nocturno,,,176580,"POINT (  577475.134315033,   6138887.02287843)",BELGRANO 2908 AL LADO DE ARBOL,1
2026-07-19,CH_121,3,,,,S,,66768,Nocturno,,,176581,"POINT (  577554.328214815,   6138921.33660392)",BELGRANO 2942 FTE 2947. ESQ,1
2026-07-19,CH_121,4,,,,S,,66768,Nocturno,,,176578,"POINT (  577597.574402179,   6138939.47385882)",BELGRANO 2964 EN 2960. ANTES DE EDIFICIO,1
2026-07-19,CH_121,5,,,,S,,66768,Nocturno,,,180682,"POINT (  577712.952685185,   6138991.92723181)",BELGRANO 3024 FTE 3015,1
2026-07-19,CH_121,6,,,,S,,66768,Nocturno,,,180615,"POINT (  577807.848935722,   6139028.82471536)",BELGRANO 3060,1
2026-07-19,CH_121,7,,,,S,,66768,Nocturno,,,180653,"POINT (  577809.788825142,   6139029.30310671)",BELGRANO 3060,1
2026-07-19,CH_121,8,,,,S,,66768,Nocturno,,,183264,"POINT (  577603.767487165,   6138853.13679323)",DR PEDRO ESCUDER NUÑEZ 2110,1
2026-07-19,CH_121,9,,,,S,,66768,Nocturno,,,176577,"POINT (  577601.495970806,   6138857.99237734)",DR PEDRO ESCUDER NUÑEZ 2110 VEREDA. EN 2112,1
2026-07-19,CH_121,10,,,,S,,66768,Nocturno,,,183498,"POINT (  577520.687625529,   6139040.11371947)",DR PEDRO ESCUDER NUÑEZ 2202,1
2026-07-19,CH_121,11,,,,S,,66768,Nocturno,,,184415,"POINT (  577477.519881532,   6139143.11614499)",DR PEDRO ESCUDER NUÑEZ 2288 Dr Pedro Escuder Nuñez 2292 PROV o en Av Centenrario 2908,1
2026-07-19,CH_121,12,,,,S,,66768,Nocturno,,,183499,"POINT (  577476.431988293,   6139145.82645670)",DR PEDRO ESCUDER NUÑEZ 2292,1
2026-07-19,CH_121,13,,,,S,,66768,Nocturno,,,176583,"POINT (  577487.007953377,   6139169.70261699)",REPUBLICA DOMINICANA 2960,1
2026-07-19,CH_121,14,,,,S,,66768,Nocturno,,,176584,"POINT (  577520.014489325,   6139188.33006798)",REPUBLICA DOMINICANA 2976 FTE 2975,1
2026-07-19,CH_121,15,,,,S,,66768,Nocturno,,,176586,"POINT (  577660.428432680,   6139267.41503529)",REPUBLICA DOMINICANA 3040 ANTES DE ESQ,1
2026-07-19,CH_121,16,,,,S,,66768,Nocturno,,,180865,"POINT (  577751.315892575,   6139126.45376311)",GREGORIO FUNES 3047 EN 3047 BIS,1
2026-07-19,CH_121,17,,,,S,,66768,Nocturno,,,176587,"POINT (  577749.317321569,   6139125.80283486)",GREGORIO FUNES 3047 EDIFICIO/CASA,1
2026-07-19,CH_121,18,,,,S,,66768,Nocturno,,,176588,"POINT (  577680.907735512,   6139098.35185447)",GREGORIO FUNES 3019 EN 3021. EDIFICIO,1
2026-07-19,CH_121,19,,,,S,,66768,Nocturno,,,176589,"POINT (  577584.829304140,   6139059.35403312)",GREGORIO FUNES 2981,1
2026-07-19,CH_121,20,,,,S,,66768,Nocturno,,,176590,"POINT (  577537.988345534,   6139039.09259521)",GREGORIO FUNES 2957,1
2026-07-19,CH_121,21,,,,S,,66768,Nocturno,,,176591,"POINT (  577451.278105883,   6139216.43464314)",DR PEDRO ESCUDER NUÑEZ 2318 VEREDA,1
2026-07-19,CH_121,22,,,,S,,66768,Nocturno,,,184416,"POINT (  577434.634663654,   6139254.65629980)",DR PEDRO ESCUDER NUÑEZ 2340 Dr Pedro Escuder Nuñez 2340 PROV o en Av Centenrario 2946,1
2026-07-19,CH_121,23,,,,S,,66768,Nocturno,,,176592,"POINT (  577433.195317212,   6139258.04684357)",DR PEDRO ESCUDER NUÑEZ 2340 VEREDA,1
2026-07-19,CH_121,24,,,,S,,66768,Nocturno,,,183819,"POINT (  577495.224595238,   6139385.50812381)",JUAN SPIKERMAN 2443,1
2026-07-19,CH_121,25,,,,S,,66768,Nocturno,,,184417,"POINT (  577506.203081925,   6139357.31634499)",JUAN SPIKERMAN 2429 Juan Spikerman 2433 PROV O en Av Centenrario 2992,1
2026-07-19,CH_121,26,,,,S,,66768,Nocturno,,,176594,"POINT (  577528.620153813,   6139306.84858649)",JUAN SPIKERMAN 2391 EN 2397. MURO CIEGO,1
2026-07-19,CH_121,27,,,,S,,66768,Nocturno,,,176595,"POINT (  577573.718193029,   6139197.15359738)",JUAN SPIKERMAN 2289 MURO,1
2026-07-19,CH_121,28,,,,S,,66768,Nocturno,,,176596,"POINT (  577352.803160349,   6139314.80065621)",FEDERICO SUSVIELA GUARCH 2987 VEREDA,1
2026-07-19,CH_121,29,,,,S,,66768,Nocturno,,,176597,"POINT (  577263.587474074,   6139253.68954509)",FEDERICO SUSVIELA GUARCH 2961 EN 2961BIS/2963. VEREDA,1
2026-07-19,CH_121,30,,,,S,,66768,Nocturno,,,176598,"POINT (  577174.371787800,   6139280.70479564)",JAIME CIBILS 2807 FTE 2810. MURO,1
2026-07-19,CH_121,31,,,,S,,66768,Nocturno,,,180815,"POINT (  577171.032275427,   6139281.96979272)",JAIME CIBILS 2807,1
2026-07-19,CH_121,32,,,,S,,66768,Nocturno,,,176599,"POINT (  577102.258498040,   6139358.26470849)",JAIME CIBILS 2747 EN 2751. EDIFICIO,1
2026-07-19,CH_121,33,,,,S,,66768,Nocturno,,,176600,"POINT (  577037.770480611,   6139432.77451241)",JAIME CIBILS 2723,1
2026-07-19,CH_121,34,,,,S,,66768,Nocturno,,,180816,"POINT (  577036.902582594,   6139433.33498043)",JAIME CIBILS 2723,1
2026-07-19,CH_121,35,,,,S,,66768,Nocturno,,,183115,"POINT (  576967.804018770,   6139506.91505059)",JAIME CIBILS 2671,1
2026-07-19,CH_121,36,,,,S,,66768,Nocturno,,,176601,"POINT (  576843.652833552,   6139649.11438169)",JAIME CIBILS 2583,1
2026-07-19,CH_121,37,,,,S,,66768,Nocturno,,,183497,"POINT (  576840.583927080,   6139653.18825825)",JAIME CIBILS 2571,1
2026-07-19,CH_121,38,,,,S,,66768,Nocturno,,,176603,"POINT (  576892.563508933,   6139688.98366274)",PEDRO OLMIDA 2590 FTE 2597. MURO ESQ,1
2026-07-19,CH_121,39,,,,S,,66768,Nocturno,,,183112,"POINT (  576894.718702737,   6139688.21364583)",PEDRO OLMIDA 2590,1
2026-07-19,CH_121,40,,,,S,,66768,Nocturno,,,176604,"POINT (  576978.184423966,   6139630.37799825)",PEDRO OLMIDA 2642 EN 2648,1
2026-07-19,CH_121,41,,,,S,,66768,Nocturno,,,176605,"POINT (  577042.672441395,   6139582.88344488)",PEDRO OLMIDA 2676 EN 2678/2682,1
2026-07-19,CH_121,42,,,,S,,66768,Nocturno,,,176606,"POINT (  577109.556972986,   6139537.13181089)",PEDRO OLMIDA 2730 FTE 2717. MURO CIEGO,1
2026-07-19,CH_121,43,,,,S,,66768,Nocturno,,,176607,"POINT (  577115.112528541,   6139532.99237733)",PEDRO OLMIDA 2730 FTE 2717. MURO CIEGO,1
2026-07-19,CH_121,44,,,,S,,66768,Nocturno,,,183272,"POINT (  577135.276139351,   6139521.84084584)",PEDRO OLMIDA 2736,1
2026-07-19,CH_121,45,,,,S,,66768,Nocturno,,,183113,"POINT (  577138.238057546,   6139520.28936488)",PEDRO OLMIDA 2742 FTE 2747,1
2026-07-19,CH_121,46,,,,S,,66768,Nocturno,,,184270,"POINT (  577427.284127230,   6139566.46158028)",AV CENTENARIO 3099,1
2026-07-19,CH_121,47,,,,S,,66768,Nocturno,,,184058,"POINT (  577415.174127772,   6139478.81379428)",AV CENTENARIO 3047 Av Centenario 3109,1
2026-07-19,CH_121,48,,,,S,,66768,Nocturno,,,184059,"POINT (  577414.007266628,   6139472.74611634)",AV CENTENARIO 3043 Av Centenario 3109,1
2026-07-19,CH_121,49,,,,S,,66768,Nocturno,,,176608,"POINT (  577281.125600437,   6139629.17974117)",MARIANO MORENO 2745 SUBESTACION UTE,1
2026-07-19,CH_121,50,,,,S,,66768,Nocturno,,,183111,"POINT (  577278.283450250,   6139630.10000371)",MARIANO MORENO 2745,1
2026-07-19,CH_121,51,,,,S,,66768,Nocturno,,,180935,"POINT (  577204.301729851,   6139682.37204478)",MARIANO MORENO 2715 FTE 2708,1
2026-07-19,CH_121,52,,,,S,,66768,Nocturno,,,176609,"POINT (  577202.912092811,   6139683.21024226)",MARIANO MORENO 2715 FTE 2708,1
2026-07-19,CH_121,53,,,,S,,66768,Nocturno,,,184145,"POINT (  576982.339838028,   6139818.41178826)",MARIANO MORENO 2602 Mariano Moreno 2693,1
2026-07-19,CH_121,54,,,,S,,66768,Nocturno,,,184144,"POINT (  576979.405565728,   6139820.75920610)",MARIANO MORENO 2602 Mariano Moreno 2693,1
2026-07-19,CH_121,55,,,,S,,66768,Nocturno,,,176612,"POINT (  577098.336929413,   6139881.24945794)",JUAN CABAL 2562 ANTES DE ARBOL,1
2026-07-19,CH_121,56,,,,S,,66768,Nocturno,,,176613,"POINT (  577170.232354249,   6139866.65250805)",JUAN RAMON GOMEZ 3105 FTE 3105. MURO,1
2026-07-19,CH_121,57,,,,S,,66768,Nocturno,,,176614,"POINT (  577222.846733334,   6139939.85512243)",JUAN RAMON GOMEZ 3141 EN 3144. CASA LADRILLOS. PDO ARBOL,1
2026-07-19,CH_121,58,,,,S,,66768,Nocturno,,,176615,"POINT (  577279.709478432,   6139856.52178910)",GRAL URQUIZA 3194 FTE 3194. MURO,1
2026-07-19,CH_121,59,,,,S,,66768,Nocturno,,,176616,"POINT (  577216.746515469,   6139769.37581960)",GRAL URQUIZA 3141,1
2026-07-19,CH_121,60,,,,S,,66768,Nocturno,,,176617,"POINT (  577138.750872768,   6139656.84858648)",GRAL URQUIZA 3087 VEREDA,1
2026-07-19,E_101,1,S,50,,S,,66769,Nocturno,2026-07-20 01:56:00,,180407,"POINT (  577877.817641317,   6139072.37170749)",JUAN ORTIZ 3156,0
2026-07-19,E_101,2,S,50,,S,,66769,Nocturno,2026-07-20 01:56:46,,180408,"POINT (  577882.357936436,   6139073.96081078)",JUAN ORTIZ 3156,0
2026-07-19,E_101,3,S,75,,S,,66769,Nocturno,2026-07-20 01:57:25,,180409,"POINT (  577887.579275823,   6139076.00394359)",JUAN ORTIZ 3160,0
2026-07-19,E_101,4,S,100,,S,,66769,Nocturno,2026-07-20 01:59:44,,101419,"POINT (  578018.330161584,   6139172.70657120)",MATIAS ABACU 2158 ESQ MURO DE CHAPA,0
2026-07-19,E_101,5,S,75,,S,,66769,Nocturno,2026-07-20 02:00:27,,175906,"POINT (  578016.239766104,   6139176.54837911)",MATIAS ABACU 2158 ESQ MURO DE CHAPA,0
2026-07-19,E_101,6,S,100,,S,,66769,Nocturno,2026-07-20 02:02:42,,179252,"POINT (  577986.353170588,   6139230.91511765)",MATIAS ABACU Esq. DIONISIO ORIBE ESQ,0
2026-07-19,E_101,7,S,100,,S,,66769,Nocturno,2026-07-20 02:03:58,,101432,"POINT (  577946.126559887,   6139232.18415198)",DIONISIO ORIBE 3169,0
2026-07-19,E_101,8,S,100,,S,,66769,Nocturno,2026-07-20 02:05:47,,177387,"POINT (  577812.115260452,   6139157.60788079)",DIONISIO ORIBE 3057 VEREDA,0
2026-07-19,E_101,9,S,100,,S,Basura Afuera,66769,Nocturno,2026-07-20 02:08:23,,156913,"POINT (  577725.787788703,   6139300.44668419)",CARDAL 3058,0
2026-07-19,E_101,10,S,75,,S,,66769,Nocturno,2026-07-20 02:09:21,,178352,"POINT (  577759.937171025,   6139310.84193726)",CARDAL 3064,0
2026-07-19,E_101,11,S,75,,S,,66769,Nocturno,2026-07-20 02:10:40,,156895,"POINT (  577835.279314126,   6139337.39583673)",CARDAL Esq. DR FRANCISCO SIMON,0
2026-07-19,E_101,12,S,100,,S,,66769,Nocturno,2026-07-20 02:13:18,,181425,"POINT (  577826.409945534,   6139551.73009564)",JUAN A GUZMAN 3222,0
2026-07-19,E_101,13,S,100,,S,,66769,Nocturno,2026-07-20 02:15:35,,181424,"POINT (  577892.640882353,   6139534.51876667)",AGUSTIN ABREU 2323 antes 2323,0
2026-07-19,E_101,14,S,75,,S,,66769,Nocturno,2026-07-20 02:17:42,,175489,"POINT (  577865.117876470,   6139435.50335294)",JOAQUIN VELAZCO 3197,0
2026-07-19,E_101,15,S,75,,S,,66769,Nocturno,2026-07-20 02:18:23,,101364,"POINT (  577864.176699999,   6139434.20923530)",JOAQUIN VELAZCO 3197,0
2026-07-19,E_101,16,S,50,,S,,66769,Nocturno,2026-07-20 02:20:06,,180985,"POINT (  577721.636175313,   6139426.07905871)",DR FRANCISCO SIMON 2364,0
2026-07-19,E_101,17,S,25,,S,,66769,Nocturno,2026-07-20 02:21:47,,174313,"POINT (  577707.823758823,   6139432.91511765)",DR FRANCISCO SIMON 2374,0
2026-07-19,E_101,18,S,50,,S,,66769,Nocturno,2026-07-20 02:22:03,,105114,"POINT (  577705.470817647,   6139434.20923530)",DR FRANCISCO SIMON 2374,0
2026-07-19,E_101,19,S,100,,S,,66769,Nocturno,2026-07-20 02:24:52,,181055,"POINT (  577537.865268244,   6139637.21960809)",ASILO 3110,0
2026-07-19,E_101,20,S,100,,S,,66769,Nocturno,2026-07-20 02:26:08,,181056,"POINT (  577542.099390287,   6139639.46120212)",ASILO 3110,0
2026-07-19,E_101,21,S,100,,S,,66769,Nocturno,2026-07-20 02:27:07,,181057,"POINT (  577546.333512329,   6139641.70279614)",ASILO 3110,0
2026-07-19,E_101,22,S,75,,S,,66769,Nocturno,2026-07-20 02:28:28,,181058,"POINT (  577586.184072727,   6139661.87714234)",ASILO 3132,0
2026-07-19,E_101,23,S,25,,S,,66769,Nocturno,2026-07-20 02:29:19,,183097,"POINT (  577611.751068990,   6139667.41803464)",ASILO 3254,0
2026-07-19,E_101,24,S,25,,S,,66769,Nocturno,2026-07-20 02:30:22,,183098,"POINT (  577615.825143064,   6139670.13408402)",ASILO 3254,0
2026-07-19,E_101,25,S,25,,S,,66769,Nocturno,2026-07-20 02:31:06,,183096,"POINT (  577624.960945534,   6139675.68963958)",ASILO 3254,0
2026-07-19,E_101,26,S,75,,S,,66769,Nocturno,2026-07-20 02:32:17,,181059,"POINT (  577627.030897136,   6139677.07016849)",ASILO 3254,0
2026-07-19,E_101,27,S,75,,S,,66769,Nocturno,2026-07-20 02:33:15,,181054,"POINT (  577633.257547198,   6139678.81363051)",ASILO 3254,0
2026-07-19,E_101,28,S,50,,S,,66769,Nocturno,2026-07-20 02:34:45,,181348,"POINT (  577684.262900218,   6139706.62220240)",ASILO 3257 EN 2439,0
2026-07-19,E_101,29,S,50,,S,,66769,Nocturno,2026-07-20 02:35:35,,182143,"POINT (  577706.390207167,   6139721.57128373)",ASILO 3257 2444 viviendas,0
2026-07-19,E_101,30,S,75,,S,,66769,Nocturno,2026-07-20 02:39:28,,101377,"POINT (  577947.897033998,   6139885.77340772)",ASILO 3392,0
2026-07-19,E_101,31,S,50,,S,,66769,Nocturno,2026-07-20 02:40:54,,101378,"POINT (  578086.171524190,   6139784.59446230)",DR AUGUSTO TURENNE 3347,0
2026-07-19,E_101,32,S,50,,S,,66769,Nocturno,2026-07-20 02:42:12,,101350,"POINT (  577981.137656900,   6139755.46742347)",DR AUGUSTO TURENNE 3314 ANTES DE 3352,0
2026-07-19,E_101,33,S,75,,S,,66769,Nocturno,2026-07-20 02:43:46,,182261,"POINT (  577795.925910893,   6139736.49292680)",AGUSTIN ABREU 2428,0
2026-07-19,E_101,34,S,25,,S,,66769,Nocturno,2026-07-20 02:45:48,,115332,"POINT (  577763.329156863,   6139670.72232353)",MATEO VIDAL 3268 Fte,0
2026-07-19,E_101,35,S,75,,S,,66769,Nocturno,2026-07-20 02:46:37,,183099,"POINT (  577754.714031954,   6139654.57852847)",MATEO VIDAL 3249,0
2026-07-19,E_101,36,S,75,,S,,66769,Nocturno,2026-07-20 02:48:21,,183100,"POINT (  577717.800451707,   6139581.86247909)",MATEO VIDAL 3211,0
2026-07-19,E_101,37,S,75,,S,,66769,Nocturno,2026-07-20 02:49:20,,181761,"POINT (  577715.812323208,   6139576.28195757)",MATEO VIDAL 3211 calle,0
2026-07-19,E_101,38,S,100,,S,,66769,Nocturno,2026-07-20 02:50:55,,181760,"POINT (  577660.067158248,   6139466.38434665)",MATEO VIDAL 3152,0
2026-07-19,E_101,39,S,50,,S,Fuera de Lugar,66769,Nocturno,2026-07-20 02:57:31,,173792,"POINT (  578164.647288236,   6139727.73864706)",BV JOSE BATLLE Y ORDOÑEZ 2645,0
2026-07-19,E_101,40,S,50,,S,,66769,Nocturno,2026-07-20 02:58:20,,101372,"POINT (  578211.600623230,   6139644.72793494)",LUCIANO ROMERO 3335 ESQ,0
2026-07-19,E_101,41,S,75,,S,,66769,Nocturno,2026-07-20 03:00:05,,181108,"POINT (  578118.376974945,   6139674.83525730)",SANTIAGO NIEVAS 2332 PDO 2332 MURO,0
2026-07-19,E_101,42,S,100,,S,,66769,Nocturno,2026-07-20 03:01:48,,181110,"POINT (  578006.394404139,   6139629.95508301)",IGNACIO NUÑEZ 2345,0
2026-07-19,E_101,43,S,75,,S,,66769,Nocturno,2026-07-20 03:02:48,,181109,"POINT (  578035.370438998,   6139567.42784990)",IGNACIO NUÑEZ 2306 FTE. 2306,0
2026-07-19,E_101,44,S,100,,S,,66769,Nocturno,2026-07-20 03:05:02,,180940,"POINT (  578130.647603005,   6139388.83305125)",IGNACIO NUÑEZ 2219,0
2026-07-19,E_101,45,S,100,,S,,66769,Nocturno,2026-07-20 03:07:01,,101366,"POINT (  578196.812575730,   6139263.16617515)",IGNACIO NUÑEZ 2151,0
2026-07-19,E_101,46,S,50,,S,,66769,Nocturno,2026-07-20 03:09:29,,101418,"POINT (  578123.909785320,   6139220.36066615)",JUAN ORTIZ 3253,0
2026-07-19,E_101,47,,,,S,,66769,Nocturno,,,101367,"POINT (  578058.778237680,   6139212.04640359)",DR FRANCISCO SIMON 2168 EN 2162,0
2026-07-19,E_101,48,,,,S,,66769,Nocturno,,,101358,"POINT (  577965.912159340,   6139390.46527780)",CARDAL 3190 FTE 3348. MURO,0
2026-07-19,E_101,49,,,,S,,66769,Nocturno,,,101359,"POINT (  578145.465853250,   6139485.79013215)",CARDAL 3280 EN 3280,0
2026-07-19,E_101,50,,,,S,,66769,Nocturno,,,179945,"POINT (  578226.001345752,   6139507.03425229)",CARDAL 3310 en 3314,0
2026-07-19,E_101,51,,,,N,,66769,Nocturno,,,101341,"POINT (  578252.732960600,   6139514.37156505)",CARDAL 3328,0
2026-07-19,E_101,52,,,,S,,66769,Nocturno,,,101416,"POINT (  578285.471007500,   6139524.36751890)",CARDAL 3342,0
2026-07-19,E_101,53,,,,S,,66769,Nocturno,,,101355,"POINT (  578412.778936880,   6139483.52049276)",DIONISIO ORIBE 3441,0
2026-07-19,E_101,54,,,,S,,66769,Nocturno,,,101356,"POINT (  578338.511292420,   6139443.67571237)",DIONISIO ORIBE 3405 PPO 3405,0
2026-07-19,E_101,55,,,,S,,66769,Nocturno,,,101434,"POINT (  578241.547254060,   6139390.59136888)",DIONISIO ORIBE 3337,0
2026-07-19,E_101,56,,,,S,,66769,Nocturno,,,101431,"POINT (  578077.470817647,   6139303.03276471)",DIONISIO ORIBE 3253,0
2026-07-19,E_101,57,,,,S,,66769,Nocturno,,,150032,"POINT (  577909.470817647,   6139327.97394118)",DR FRANCISCO SIMON 2240,0
2026-07-19,E_101,58,,,,S,,66769,Nocturno,,,156533,"POINT (  578273.292742748,   6139281.56314100)",JUAN ORTIZ 3332 FTE 3321,0
2026-07-19,E_101,59,,,,S,,66769,Nocturno,,,101423,"POINT (  578348.559052941,   6139322.97394118)",JUAN ORTIZ 3346,0
2026-07-19,E_101,60,,,,S,,66769,Nocturno,,,101428,"POINT (  578456.658631740,   6139381.07149256)",JUAN ORTIZ 3384 pdo 3388,0
2026-07-19,E_101,61,,,,S,,66769,Nocturno,,,101427,"POINT (  578538.794347059,   6139389.35629412)",BV JOSE BATLLE Y ORDOÑEZ 2437,0
2026-07-19,E_101,62,,,,S,,66769,Nocturno,,,184432,"POINT (  578552.982532462,   6139328.83403508)",AYUI 3475,0
2026-07-19,E_101,63,,,,S,,66769,Nocturno,,,176080,"POINT (  578668.409308932,   6139271.16470087)",BV JOSE BATLLE Y ORDOÑEZ 2337,0
2026-07-19,E_101,64,,,,S,,66769,Nocturno,,,181914,"POINT (  578546.880987145,   6139258.05829329)",FRANCISCO ANZANI 2134,0
2026-07-19,E_101,65,,,,S,,66769,Nocturno,,,101424,"POINT (  578502.559052941,   6139303.26805883)",AYUI 3445,0
2026-07-19,E_101,66,,,,S,,66769,Nocturno,,,179336,"POINT (  578499.853170588,   6139301.38570589)",AYUI 3445,0
2026-07-19,E_101,67,,,,S,,66769,Nocturno,,,181665,"POINT (  578388.530925054,   6139205.22904292)",MAGARIÑOS CERVANTES 2109,0
2026-07-19,E_101,68,,,,S,,66769,Nocturno,,,101425,"POINT (  578389.199905450,   6139203.28307373)",MAGARIÑOS CERVANTES 2109 VEREDA,0
2026-07-19,E_101,69,,,,S,,66769,Nocturno,,,101420,"POINT (  578266.323758824,   6139160.44452942)",IGNACIO NUÑEZ 2102,0
2026-07-19,E_101,70,,,,S,,66769,Nocturno,,,101421,"POINT (  578264.323758824,   6139164.20923530)",IGNACIO NUÑEZ 2102,0
2026-07-19,E_101,71,S,75,,S,Basura Afuera,66769,Nocturno,2026-07-19 22:53:46,,101410,"POINT (  578694.996314719,   6139300.02411898)",MATEO CABRAL 3402,0
2026-07-19,E_101,72,S,75,,S,,66769,Nocturno,2026-07-19 22:53:50,,104852,"POINT (  578743.098574835,   6139347.11882244)",MATEO CABRAL 3452,0
2026-07-19,E_101,73,S,75,,S,Basura Afuera,66769,Nocturno,2026-07-19 22:56:16,,179188,"POINT (  578759.559186274,   6139424.20016972)",ESCOCIA 2160,0
2026-07-19,E_101,74,S,75,,S,,66769,Nocturno,2026-07-19 22:57:36,,101334,"POINT (  578694.794347059,   6139482.38570588)",ESCOCIA 2186,0
2026-07-19,E_101,75,S,100,,S,,66769,Nocturno,2026-07-19 22:59:30,,101409,"POINT (  578558.147288235,   6139641.09158824)",JUSTO MAESO 3518,0
2026-07-19,E_101,76,S,75,,S,Basura Afuera,66769,Nocturno,2026-07-19 23:03:32,,150072,"POINT (  578696.845804277,   6139558.95779520)",IRLANDA 2191  2191/2187 MEDIANERA,0
2026-07-19,E_101,77,S,75,,S,,66769,Nocturno,2026-07-19 23:04:04,,101406,"POINT (  578768.669144635,   6139493.04555425)",IRLANDA 2067,0
2026-07-19,E_101,78,S,75,,S,,66769,Nocturno,2026-07-19 23:05:54,,183798,"POINT (  578861.920968525,   6139380.20683903)",IRLANDA 2043,0
2026-07-19,E_101,79,S,75,,S,,66769,Nocturno,2026-07-19 23:07:18,,184000,"POINT (  578863.738594118,   6139378.62374118)",IRLANDA 2041,0
2026-07-19,E_101,80,S,75,,S,,66769,Nocturno,2026-07-19 23:08:58,,183268,"POINT (  578978.482974894,   6139217.82546883)",IRLANDA 2001,0
2026-07-19,E_101,81,S,100,,S,Fuera de Lugar,66769,Nocturno,2026-07-19 23:22:08,,101336,"POINT (  578604.941738510,   6139367.45365622)",BV JOSE BATLLE Y ORDOÑEZ 2394 EN 2406,0
2026-07-19,E_101,82,S,75,,S,Fuera de Lugar,66769,Nocturno,2026-07-19 23:23:25,,101337,"POINT (  578602.167734810,   6139369.72329561)",BV JOSE BATLLE Y ORDOÑEZ 2406 EN 2406,0
2026-07-19,E_101,83,S,100,,S,Fuera de Lugar,66769,Nocturno,2026-07-19 23:13:12,,180845,"POINT (  578498.037648354,   6139465.09097458)",BV JOSE BATLLE Y ORDOÑEZ 2462,0
2026-07-19,E_101,84,S,50,,S,,66769,Nocturno,2026-07-19 23:15:03,,175417,"POINT (  578502.391553024,   6139556.91892059)",FELIPE SANGUINETTI 2246,0
2026-07-19,E_101,85,S,50,,S,,66769,Nocturno,2026-07-19 23:15:58,,163732,"POINT (  578504.330049677,   6139555.94651659)",FELIPE SANGUINETTI 2241,0
2026-07-19,E_101,86,S,75,,S,,66769,Nocturno,2026-07-19 23:16:46,,101402,"POINT (  578579.408295380,   6139483.96181154)",FELIPE SANGUINETTI 2185 EN 2189,0
2026-07-19,E_101,87,S,100,,S,,66769,Nocturno,2026-07-19 23:18:26,,176073,"POINT (  578616.269710675,   6139448.03405839)",FELIPE SANGUINETTI 2181 Felipe Sanguinetti 2181,0
2026-07-19,E_101,88,S,100,,S,,66769,Nocturno,2026-07-19 23:19:30,,101404,"POINT (  578650.964981680,   6139421.79891049)",FELIPE SANGUINETTI 2153,0
2026-07-19,E_101,89,S,100,,S,Fuera de Lugar,66769,Nocturno,2026-07-19 23:26:15,,101333,"POINT (  578386.403193440,   6139564.21627161)",BV JOSE BATLLE Y ORDOÑEZ 2550,0
2026-07-19,E_101,90,S,100,,S,Basura Afuera,66769,Nocturno,2026-07-19 23:29:45,,183177,"POINT (  578317.688126446,   6139637.87572645)",AGUAPEY 3408,0
2026-07-19,E_101,91,S,100,,S,,66769,Nocturno,2026-07-19 23:31:09,,101435,"POINT (  578404.393880250,   6139717.10421325)",AGUSTIN SOSA 3492,0
2026-07-19,E_101,92,S,100,,S,Basura Afuera,66769,Nocturno,2026-07-19 23:33:13,,101400,"POINT (  578519.010669410,   6139791.56099433)",AGUSTIN SOSA Esq. PERNAS,0
2026-07-19,E_101,93,S,75,,S,,66769,Nocturno,2026-07-19 23:35:09,,101401,"POINT (  578427.235899659,   6139902.28501271)",DR JUAN B MORELLI 3543,0
2026-07-19,E_101,94,S,100,,S,Basura Afuera,66769,Nocturno,2026-07-19 23:37:36,,147575,"POINT (  578377.973697616,   6139865.73563700)",DR JUAN B MORELLI 3511 ESQ. MA. STANGERO DE MUNAR_ OS:3410005,0
2026-07-19,E_101,95,S,100,,S,Basura Afuera,66769,Nocturno,2026-07-19 23:40:21,,101398,"POINT (  578269.476427660,   6139785.88689586)",DR JUAN B MORELLI 3441,0
2026-07-19,E_101,96,S,75,,S,,66769,Nocturno,2026-07-19 23:41:32,,101393,"POINT (  578148.428313800,   6139778.36195145)",BV JOSE BATLLE Y ORDOÑEZ 2686,0
2026-07-19,E_101,97,S,100,,S,Poda,66769,Nocturno,2026-07-19 23:43:59,,101394,"POINT (  578209.204892760,   6139879.19429298)",ANGEL MARIA CUSANO 3496,0
2026-07-19,E_101,98,N,,Contenedor No Está,S,,66769,Nocturno,2026-07-19 23:53:37,,101395,"POINT (  578055.121596400,   6139862.29808863)",BV JOSE BATLLE Y ORDOÑEZ Esq. JOSE ANTONIO CABRERA,0
2026-07-19,E_101,99,S,50,,S,Fuera de Lugar,66769,Nocturno,2026-07-19 23:49:07,,101396,"POINT (  577925.240475713,   6139979.74417022)",BV JOSE BATLLE Y ORDOÑEZ 2818 VEREDA,0
2026-07-19,E_101,100,N,,Contenedor No Está,S,,66769,Nocturno,2026-07-19 23:49:14,,101391,"POINT (  577923.867719641,   6139981.01132967)",BV JOSE BATLLE Y ORDOÑEZ 2818 VEREDA,0
2026-07-19,E_101,101,N,,Contenedor No Está,S,,66769,Nocturno,2026-07-19 23:49:25,,101332,"POINT (  577979.094752376,   6140022.29960845)",AGUSTINA CONTUCCI DE ORIBE 2531,0
2026-07-19,E_101,102,S,50,,S,Basura Afuera,66769,Nocturno,2026-07-19 23:52:00,,179007,"POINT (  578057.975428194,   6139905.98493052)",AGUSTINA CONTUCCI DE ORIBE 2459,0
2026-07-19,E_101,103,S,75,,S,Basura Afuera,66769,Nocturno,2026-07-19 23:52:44,,101384,"POINT (  578058.925797782,   6139904.66497276)",AGUSTINA CONTUCCI DE ORIBE 2459,0
2026-07-19,E_101,104,S,100,,S,,66769,Nocturno,2026-07-19 23:54:35,,175099,"POINT (  578163.750975160,   6139988.61886624)",FELIPE SANGUINETTI 2458 Lindero con 2464,0
2026-07-19,E_101,105,S,50,,S,,66769,Nocturno,2026-07-19 23:56:59,,101386,"POINT (  578132.350719048,   6140036.28983809)",FELIPE SANGUINETTI 2486 EN 2486,0
2026-07-19,E_101,106,S,50,,S,Basura Afuera,66769,Nocturno,2026-07-19 23:59:11,,101387,"POINT (  578078.637582340,   6140112.52583131)",FELIPE SANGUINETTI 2520,0
2026-07-19,E_101,107,S,50,,S,,66769,Nocturno,2026-07-20 00:00:06,,176673,"POINT (  578076.350319209,   6140115.06787232)",FELIPE SANGUINETTI 2520,0
2026-07-19,E_101,108,S,100,,S,Basura Afuera,66769,Nocturno,2026-07-20 00:01:46,,101388,"POINT (  578166.972278775,   6140144.56679478)",MARIA STAGNERO DE MUNAR 2517 2517/2511,0
2026-07-19,E_101,109,S,75,,S,,66769,Nocturno,2026-07-20 00:07:17,,175295,"POINT (  578233.798044949,   6140045.39185153)",MARIA STAGNERO DE MUNAR 2451 2463/2465,0
2026-07-19,E_101,110,S,100,,S,Basura Afuera,66769,Nocturno,2026-07-20 00:08:48,,101390,"POINT (  578239.804855392,   6140036.94477434)",MARIA STAGNERO DE MUNAR Esq. JOSE ANTONIO CABRERA 2463/2465,0
2026-07-19,E_104,1,,,,S,,66770,Nocturno,,,180534,"POINT (  580369.574998039,   6138363.33765381)",RESISTENCIA 1510 FTE. 1505,0
2026-07-19,E_104,2,,,,S,,66770,Nocturno,,,179154,"POINT (  580288.144309150,   6138511.80537800)",RESISTENCIA 1600,0
2026-07-19,E_104,3,,,,S,,66770,Nocturno,,,107815,"POINT (  580277.918263400,   6138533.77272976)",RESISTENCIA 1636,0
2026-07-19,E_104,4,,,,S,,66770,Nocturno,,,180422,"POINT (  580217.710763617,   6138650.65069652)",RESISTENCIA 1674,0
2026-07-19,E_104,5,,,,S,,66770,Nocturno,,,107743,"POINT (  580094.120372680,   6138873.21392600)",RESISTENCIA 1786 EN 1780/1786,0
2026-07-19,E_104,6,,,,S,,66770,Nocturno,,,107742,"POINT (  580006.903272120,   6138824.43642753)",CARLOS LALLEMAND 1727,0
2026-07-19,E_104,7,,,,S,,66770,Nocturno,,,107741,"POINT (  580035.335370774,   6138720.86021789)",CARLOS LALLEMAND 1681,0
2026-07-19,E_104,8,,,,S,,66770,Nocturno,,,133812,"POINT (  580102.789142932,   6138599.14195863)",CARLOS LALLEMAND 1625 EN 1627,0
2026-07-19,E_104,9,,,,S,,66770,Nocturno,,,127832,"POINT (  580169.489241657,   6138473.56112304)",CARLOS LALLEMAND 1583,0
2026-07-19,E_104,10,,,,S,,66770,Nocturno,,,107740,"POINT (  580197.891788410,   6138424.98270502)",CARLOS LALLEMAND 1579,0
2026-07-19,E_104,11,,,,S,,66770,Nocturno,,,107809,"POINT (  580212.232170341,   6138397.56322250)",CARLOS LALLEMAND 1553,0
2026-07-19,E_104,12,,,,S,,66770,Nocturno,,,180535,"POINT (  580238.302889325,   6138348.20461656)",CARLOS LALLEMAND 1531,0
2026-07-19,E_104,13,,,,S,,66770,Nocturno,,,180309,"POINT (  580153.034074946,   6138299.14628105)",AV MCAL FRANCISCO SOLANO LOPEZ 1536,0
2026-07-19,E_104,14,,,,S,,66770,Nocturno,,,180909,"POINT (  580045.386501868,   6138436.68777211)",AV MCAL FRANCISCO SOLANO LOPEZ 1610,0
2026-07-19,E_104,15,,,,S,,66770,Nocturno,,,181221,"POINT (  580043.955136601,   6138440.53815970)","AV MCAL FRANCISCO SOLANO LOPEZ 1610 PROV OV (O: AV MCAL FRANCISCO SOLANO LOPEZ 1640) - Obra privada, duracion 1 año",0
2026-07-19,E_104,16,,,,S,,66770,Nocturno,,,107807,"POINT (  579933.947955018,   6138592.43796123)",AV MCAL FRANCISCO SOLANO LOPEZ 1668 EN 1674,0
2026-07-19,E_104,17,,,,S,,66770,Nocturno,,,176077,"POINT (  579846.728594433,   6138596.12726491)",MENTANA 4025 EN 4031,0
2026-07-19,E_104,18,,,,S,,66770,Nocturno,,,107805,"POINT (  579706.652713470,   6138368.98054217)",MARCO AURELIO 3880,0
2026-07-19,E_104,19,,,,S,,66770,Nocturno,,,107806,"POINT (  579705.155544970,   6138365.34456154)",MARCO AURELIO 3880,0
2026-07-19,E_104,20,,,,S,,66770,Nocturno,,,107804,"POINT (  579636.499675390,   6138401.70436786)",MENTANA 3864,0
2026-07-19,E_104,21,,,,S,,66770,Nocturno,,,107808,"POINT (  579755.417630180,   6138489.60954668)",LEOPARDI Esq. MARCO AURELIO,0
2026-07-19,E_104,22,,,,S,,66770,Nocturno,,,107803,"POINT (  579834.874501000,   6138398.38920905)",LEOPARDI 1669,0
2026-07-19,E_104,23,,,,S,,66770,Nocturno,,,179155,"POINT (  579854.812634863,   6138234.17358380)",LEOPARDI 1595,0
2026-07-19,E_104,24,,,,S,,66770,Nocturno,,,107801,"POINT (  579849.418423580,   6138178.09155898)",LEOPARDI 1565,0
2026-07-19,E_104,25,,,,S,,66770,Nocturno,,,184265,"POINT (  579777.831247059,   6138268.29249782)",DALMIRO COSTA 4112,0
2026-07-19,E_104,26,,,,S,,66770,Nocturno,,,160192,"POINT (  579779.161446082,   6138269.06076475)",DALMIRO COSTA 4112,0
2026-07-19,E_104,27,,,,S,,66770,Nocturno,,,107802,"POINT (  579848.135136300,   6138332.08603282)",DALMIRO COSTA 4144 EN 4148,0
2026-07-19,E_104,28,,,,S,,66770,Nocturno,,,107797,"POINT (  579945.039189410,   6138327.58622603)",JUAN M ESPINOSA 1611,0
2026-07-19,E_104,29,,,,S,,66770,Nocturno,,,181666,"POINT (  580047.238905882,   6138237.97310915)",JUAN M ESPINOSA 1545 PROV OV (O: JUAN M ESPINOSA 1508),0
2026-07-19,E_104,30,,,,S,,66770,Nocturno,,,177347,"POINT (  580382.874015508,   6138213.41650811)",ARRASCAETA 1485,0
2026-07-19,E_104,31,,,,S,,66770,Nocturno,,,107818,"POINT (  580462.905784480,   6138329.55285119)",ASTURIAS 1474 1474,0
2026-07-19,E_104,32,,,,S,,66770,Nocturno,,,179156,"POINT (  580438.628070715,   6138271.00845802)",AV GRAL RIVERA 4335,0
2026-07-19,E_104,33,,,,S,,66770,Nocturno,,,107824,"POINT (  580234.893298690,   6138148.72903637)",AV GRAL RIVERA 4240 FTE 4240,0
2026-07-19,E_104,34,,,,S,,66770,Nocturno,,,163952,"POINT (  580177.049903622,   6138113.95766872)",AV GRAL RIVERA 4201,0
2026-07-19,E_104,35,,,,S,,66770,Nocturno,,,180551,"POINT (  580156.583117821,   6138119.18954302)",JUAN M ESPINOSA 1454,0
2026-07-19,E_104,36,,,,S,,66770,Nocturno,,,107821,"POINT (  580114.474772790,   6138173.56255297)",JUAN M ESPINOSA 1491,0
2026-07-19,E_104,37,,,,S,,66770,Nocturno,,,107822,"POINT (  580112.757914990,   6138175.89226294)",JUAN M ESPINOSA Esq. ASAMBLEA,0
2026-07-19,E_104,38,,,,S,,66770,Nocturno,,,184260,"POINT (  580074.235920262,   6138167.79316710)",ASAMBLEA 4183,0
2026-07-19,E_104,39,,,,S,,66770,Nocturno,,,184261,"POINT (  580031.752260131,   6138135.98488824)",ASAMBLEA 4159,0
2026-07-19,E_104,40,,,,S,,66770,Nocturno,,,184262,"POINT (  579957.678186057,   6138081.08292745)",ASAMBLEA 4119,0
2026-07-19,E_104,41,,,,S,,66770,Nocturno,,,184263,"POINT (  579923.451777996,   6138163.54323878)",RAMOS 4072,0
2026-07-19,E_104,42,,,,S,,66770,Nocturno,,,181061,"POINT (  579981.974326401,   6138202.59128730)",RAMOS 4156 EN 4156,0
2026-07-19,E_104,43,,,,S,,66770,Nocturno,,,107820,"POINT (  580103.118875057,   6138296.89536014)",RAMOS 4232 FTE 4245,0
2026-07-19,E_104,44,,,,S,,66770,Nocturno,,,107789,"POINT (  579544.720291250,   6138488.16016110)",AV RAMON ANADOR 3854,0
2026-07-19,E_104,45,,,,S,,66770,Nocturno,,,107790,"POINT (  579546.998850890,   6138489.71404199)",AV RAMON ANADOR 3854,0
2026-07-19,E_104,46,,,,S,,66770,Nocturno,,,179158,"POINT (  579663.594604450,   6138577.50386387)",AV RAMON ANADOR 3956,0
2026-07-19,E_104,47,,,,S,,66770,Nocturno,,,107734,"POINT (  579736.496925910,   6138636.31283544)",AV RAMON ANADOR 4020,0
2026-07-19,E_104,48,,,,S,,66770,Nocturno,,,107827,"POINT (  579839.992638134,   6138708.30684479)",AV MCAL FRANCISCO SOLANO LOPEZ 1729,0
2026-07-19,E_104,49,,,,S,,66770,Nocturno,,,107791,"POINT (  579840.981834513,   6138707.17633465)",AV MCAL FRANCISCO SOLANO LOPEZ 1729,0
2026-07-19,E_104,50,,,,S,,66770,Nocturno,,,107735,"POINT (  579888.128840540,   6138706.02134412)",CHAMIZO 4054 EN 4058,0
2026-07-19,E_104,51,,,,S,,66770,Nocturno,,,107736,"POINT (  579993.934175470,   6138768.25292743)",CHAMIZO 4098,0
2026-07-19,E_104,52,,,,S,,66770,Nocturno,,,107793,"POINT (  580019.145658020,   6139016.44596673)",RESISTENCIA 1848,0
2026-07-19,E_104,53,,,,S,,66770,Nocturno,,,107787,"POINT (  579880.762631590,   6138943.19260355)",SAMUEL BLIXEN 4095,0
2026-07-19,E_104,54,,,,S,,66770,Nocturno,,,107788,"POINT (  579784.799697386,   6138936.67535338)",SAMUEL BLIXEN 4065,0
2026-07-19,E_104,55,,,,S,,66770,Nocturno,,,173832,"POINT (  579869.558215682,   6138851.02780123)",HUMBERTO 1RO 4078,0
2026-07-19,E_104,56,,,,S,,66770,Nocturno,,,107792,"POINT (  579937.923079694,   6138923.48060962)",MONZON Esq. HUMBERTO 1RO,0
2026-07-19,E_104,57,,,,S,,66770,Nocturno,,,107784,"POINT (  579935.379431862,   6138928.00265021)",MONZON Esq. SAMUEL BLIXEN,0
2026-07-19,E_104,58,,,,S,,66770,Nocturno,,,107731,"POINT (  579500.526153477,   6138765.78703766)",MAGENTA 3940,0
2026-07-19,E_104,59,,,,S,,66770,Nocturno,,,153033,"POINT (  579502.060856625,   6138766.85465725)",MAGENTA 3940,0
2026-07-19,E_104,60,,,,S,,66770,Nocturno,,,107786,"POINT (  579635.907964596,   6138867.57952933)",MAGENTA 4026 EN 4021/4023,0
2026-07-19,E_104,61,,,,S,,66770,Nocturno,,,177351,"POINT (  579764.531085761,   6138784.52207060)",HUMBERTO 1RO 4047,0
2026-07-19,E_104,62,,,,S,,66770,Nocturno,,,107842,"POINT (  579681.815426606,   6138720.88377019)",HUMBERTO 1RO 3997,0
2026-07-19,E_104,63,,,,S,,66770,Nocturno,,,107782,"POINT (  579572.509226681,   6138639.11020282)",HUMBERTO 1RO 3929,0
2026-07-19,E_104,64,,,,S,,66770,Nocturno,,,107751,"POINT (  579505.997546313,   6138588.94381501)",HUMBERTO 1RO 3887,0
2026-07-19,E_104,65,,,,S,,66770,Nocturno,,,179159,"POINT (  579478.996844011,   6138657.13955327)",PLUTARCO 3900 EN 3900/3902,0
2026-07-19,E_104,66,,,,S,,66770,Nocturno,,,179160,"POINT (  579597.007005292,   6138746.51319792)",PLUTARCO 3968,0
2026-07-19,E_104,67,,,,S,,66770,Nocturno,,,175481,"POINT (  579628.375269823,   6138771.56830849)",PLUTARCO 3986,0
2026-07-19,E_104,68,,,,S,,66770,Nocturno,,,181124,"POINT (  579660.139651198,   6138793.00962309)",PLUTARCO 4006 EN 4006,0
2026-07-19,E_104,69,,,,S,,66770,Nocturno,,,181123,"POINT (  579674.409803704,   6138803.90286928)",PLUTARCO 4010 EN 4012,0
2026-07-19,E_104,70,,,,S,,66770,Nocturno,,,181778,"POINT (  579352.463730717,   6138679.73183743)",JUAN DE DIOS PEZA 1708,0
2026-07-19,E_104,71,,,,N,,66770,Nocturno,,,119352,"POINT (  579467.348230632,   6138833.22821614)",SOLFERINO 3944,0
2026-07-19,E_104,72,,,,S,,66770,Nocturno,,,125292,"POINT (  579653.128731603,   6138973.41147448)",SOLFERINO 4046,0
2026-07-19,E_104,73,,,,S,,66770,Nocturno,,,125293,"POINT (  579654.918706004,   6138974.91882134)",SOLFERINO 4046,0
2026-07-19,E_104,74,,,,S,,66770,Nocturno,,,183270,"POINT (  579749.090581664,   6139041.61772468)",SOLFERINO 4080,0
2026-07-19,E_104,75,,,,N,,66770,Nocturno,,,183271,"POINT (  579777.581413822,   6139064.85467814)",SOLFERINO 4086,0
2026-07-19,E_104,76,,,,S,,66770,Nocturno,,,183269,"POINT (  579794.929791819,   6139077.09022116)",SOLFERINO 4096,0
2026-07-19,E_104,77,,,,S,,66770,Nocturno,,,107838,"POINT (  580026.974306136,   6139104.36223328)",ALTO PERU 1897,0
2026-07-19,E_104,78,,,,S,,66770,Nocturno,,,107839,"POINT (  579977.326068807,   6138973.41147448)",ALTO PERU 1811,0
2026-07-19,E_104,79,,,,S,,66770,Nocturno,,,107723,"POINT (  579885.238387220,   6139035.86466312)",MONZON 1862,0
2026-07-19,E_104,80,,,,S,,66770,Nocturno,,,107840,"POINT (  579547.543794248,   6139023.15392098)",CDRO COE 4033 EN 4039,0
2026-07-19,E_104,81,,,,S,,66770,Nocturno,,,107841,"POINT (  579466.816683140,   6138974.23386829)",CDRO COE 3989,0
2026-07-19,E_104,82,,,,S,,66770,Nocturno,,,154712,"POINT (  579256.127925235,   6138841.67386594)",CDRO COE 3883,0
2026-07-19,E_104,83,,,,S,,66770,Nocturno,,,184291,"POINT (  579099.057021787,   6138917.29111612)",NEYRA 3852,0
2026-07-19,E_104,84,,,,S,,66770,Nocturno,,,184292,"POINT (  579100.473143791,   6138918.05364335)",NEYRA 3852,0
2026-07-19,E_104,85,,,,S,,66770,Nocturno,,,107749,"POINT (  579245.247209270,   6139011.94437772)",LUIS ALBERTO CAUSA 1854 1858,0
2026-07-19,E_104,86,,,,S,,66770,Nocturno,,,107837,"POINT (  579248.160467510,   6139141.74621705)",LUIS ALBERTO CAUSA 1946,0
2026-07-19,E_104,87,,,,S,,66770,Nocturno,,,107722,"POINT (  579360.159062050,   6139103.87385994)",JUAN DE DIOS PEZA 1879,0
2026-07-19,E_104,88,,,,S,,66770,Nocturno,,,163812,"POINT (  579360.538573950,   6139094.37606030)",JUAN DE DIOS PEZA 1869,0
2026-07-19,E_104,89,,,,S,,66770,Nocturno,,,182002,"POINT (  579357.193637577,   6139038.98618886)",JUAN DE DIOS PEZA 1847,0
2026-07-19,E_104,90,,,,S,,66770,Nocturno,,,181768,"POINT (  578957.701372241,   6139069.86530466)",BARROSO Esq. CIRC INT PSJE A 3558 CALLE,0
2026-07-19,E_104,91,,,,S,,66770,Nocturno,,,181769,"POINT (  578962.934591809,   6139069.63777337)",BARROSO Esq. CIRC INT PSJE A 3558 CALLE,0
2026-07-19,E_104,92,,,,S,,66770,Nocturno,,,184309,"POINT (  578979.112670153,   6139072.15040697)",BARROSO 3560,0
2026-07-19,E_104,93,,,,S,,66770,Nocturno,,,181767,"POINT (  579060.545513310,   6139067.58999180)",BARROSO 3614 3614 FTE 3629 CALLE,0
2026-07-19,E_104,94,,,,S,,66770,Nocturno,,,180284,"POINT (  579159.744854769,   6139018.96133590)",ALICIA GOYENA 1927,0
2026-07-19,E_104,95,,,,S,,66770,Nocturno,,,180678,"POINT (  579175.636410169,   6139010.90431356)",ALICIA GOYENA 1921,0
2026-07-19,E_104,96,,,,S,,66770,Nocturno,,,175097,"POINT (  579347.916312739,   6138863.99538280)",JUAN DE DIOS PEZA 1793,0
2026-07-19,E_104,97,,,,N,,66770,Nocturno,,,175757,"POINT (  579348.007122876,   6138862.12452462)",JUAN DE DIOS PEZA 1793,0
2026-07-19,E_104,98,,,,S,,66770,Nocturno,,,175758,"POINT (  579343.863549269,   6138786.35914959)",JUAN DE DIOS PEZA 1765,0
2026-07-19,E_104,99,,,,S,,66770,Nocturno,,,107773,"POINT (  579460.152818590,   6138858.77085604)",NIZA 1812,0
2026-07-19,E_104,100,,,,S,,66770,Nocturno,,,107831,"POINT (  579608.109707750,   6139063.73563531)",AV MCAL FRANCISCO SOLANO LOPEZ 1842 EN 1836,0
2026-07-19,E_104,101,,,,S,,66770,Nocturno,,,107828,"POINT (  579600.700942770,   6139071.93428840)",AV MCAL FRANCISCO SOLANO LOPEZ 1846 EN 1836,0
2026-07-19,E_104,102,,,,S,,66770,Nocturno,,,107829,"POINT (  579598.474435860,   6139073.43997932)",AV MCAL FRANCISCO SOLANO LOPEZ 1846 EN 1836,0
2026-07-19,C_109,1,S,75,,S,,66771,Nocturno,2026-07-20 00:06:18,,134768,"POINT (  572640.063862556,   6140669.05148118)",SAN RAMON 929 FTE 934,0
2026-07-19,C_109,2,S,75,,S,,66771,Nocturno,2026-07-20 00:06:25,,179075,"POINT (  572635.525243137,   6140464.64586122)",EDUARDO DIONISIO CARBAJAL Esq. 12 DE DICIEMBRE EN 3042. PROV OV(O: EDUARDO DIONISIO CARBAJAL Y SAN RAMON),0
2026-07-19,C_109,3,S,75,,S,,66771,Nocturno,2026-07-20 00:06:30,,179076,"POINT (  572637.377094989,   6140463.12080676)",EDUARDO DIONISIO CARBAJAL Esq. 12 DE DICIEMBRE EN 3042. PROV OV(O: EDUARDO DIONISIO CARBAJAL Y 12 DE DICIOEMBRE),0
2026-07-19,C_109,4,S,50,,S,,66771,Nocturno,2026-07-20 00:06:37,,179077,"POINT (  572639.228946841,   6140461.37788737)",EDUARDO DIONISIO CARBAJAL Esq. 12 DE DICIEMBRE EN 3042. PROV OV(O: EDUARDO DIONISIO CARBAJAL Y 12 DE DICIOEMBRE),0
2026-07-19,C_109,5,S,50,,S,,66771,Nocturno,2026-07-20 00:09:44,,134775,"POINT (  572778.121018627,   6140359.79517001)",EDUARDO DIONISIO CARBAJAL Esq. PROGRESO VEREDA. FTE 2956,0
2026-07-19,C_109,6,S,75,,S,,66771,Nocturno,2026-07-20 00:09:50,,134776,"POINT (  572861.193806059,   6140296.96108570)",EDUARDO DIONISIO CARBAJAL 2963 VEREDA. FTE 2910. MURO CIEGO,0
2026-07-19,C_109,7,S,75,,S,,66771,Nocturno,2026-07-20 00:09:56,,158813,"POINT (  572935.377531962,   6140230.91847541)",EDUARDO DIONISIO CARBAJAL 2869 FTE 2876,0
2026-07-19,C_109,8,S,75,,S,,66771,Nocturno,2026-07-20 00:10:11,,158801,"POINT (  573004.018664816,   6140166.90458852)",EDUARDO DIONISIO CARBAJAL 2835 FTE 2850. MURO,0
2026-07-19,C_109,9,S,50,,S,,66771,Nocturno,2026-07-20 00:10:21,,183472,"POINT (  573156.655513901,   6140111.38581345)",GRAL FARIAS 4,0
2026-07-19,C_109,10,S,75,,S,,66771,Nocturno,2026-07-20 00:10:29,,134725,"POINT (  573120.689689750,   6140055.71202228)",EDUARDO DIONISIO CARBAJAL 2763,0
2026-07-19,C_109,11,S,75,,S,,66771,Nocturno,2026-07-20 00:21:34,,180759,"POINT (  573216.454068713,   6139935.72946269)",TAPES 905 PDO ESQUINA,0
2026-07-19,C_109,12,S,100,,S,,66771,Nocturno,2026-07-20 00:21:39,,182330,"POINT (  573493.101430577,   6139883.15280816)",SAN FRUCTUOSO 1096 FTE 1096,0
2026-07-19,C_109,13,S,100,,S,,66771,Nocturno,2026-07-20 00:21:45,,134726,"POINT (  573447.069512274,   6139870.97238513)",SAN FRUCTUOSO 1067,0
2026-07-19,C_109,14,S,100,,S,,66771,Nocturno,2026-07-20 00:21:58,,152052,"POINT (  573347.823385051,   6139842.69344111)",SAN FRUCTUOSO 1019,0
2026-07-19,C_109,15,S,75,,S,,66771,Nocturno,2026-07-20 00:31:31,,134757,"POINT (  573537.080263058,   6139708.64360241)",ENTRE RIOS 1090,0
2026-07-19,C_109,16,S,75,,S,,66771,Nocturno,2026-07-20 00:31:37,,134759,"POINT (  573555.544088545,   6139617.18707440)",SANTA FE Esq. PARAGUAY,0
2026-07-19,C_109,17,S,75,,S,,66771,Nocturno,2026-07-20 00:37:45,,134760,"POINT (  573401.624873967,   6139920.85786758)",JUJUY 2678 EN 2680,0
2026-07-19,C_109,18,S,75,,S,,66771,Nocturno,2026-07-20 00:37:57,,176134,"POINT (  573386.843523573,   6139976.50910830)",JUJUY 2693 PROV OV (O: TAPES 1010),0
2026-07-19,C_109,19,S,50,,S,,66771,Nocturno,2026-07-20 00:38:05,,176133,"POINT (  573386.052563121,   6139979.33396705)",JUJUY Esq. TAPES PROV OV (O: TAPES 1010),0
2026-07-19,C_109,20,S,75,,S,,66771,Nocturno,2026-07-20 00:38:17,,134753,"POINT (  573352.267252386,   6140100.23792186)",JUJUY 2744 ANTES DE COLUMNA,0
2026-07-19,C_109,21,S,50,,S,,66771,Nocturno,2026-07-20 00:38:23,,134754,"POINT (  573331.193806059,   6140146.79159417)",JUJUY 2760,0
2026-07-19,C_109,22,S,75,,S,,66771,Nocturno,2026-07-20 00:38:28,,183492,"POINT (  573326.049224619,   6140160.73162505)",JUJUY 2770,0
2026-07-19,C_109,23,S,50,,S,,66771,Nocturno,2026-07-20 00:38:37,,183213,"POINT (  573252.871654466,   6140258.48567691)",JUJUY 2826,0
2026-07-19,C_109,24,S,50,,S,,66771,Nocturno,2026-07-20 00:38:46,,134755,"POINT (  573250.628834307,   6140260.68989926)",JUJUY 2826,0
2026-07-19,C_109,25,S,75,,S,,66771,Nocturno,2026-07-20 00:38:53,,134727,"POINT (  573224.188156341,   6140289.16447553)",JUJUY 2834 EN 2836A,0
2026-07-19,C_109,26,S,75,,S,,66771,Nocturno,2026-07-20 00:59:28,,147212,"POINT (  573078.877421878,   6140375.26617044)",DRA OBDULIA EBOLE 2924 EN 2922/2924,0
2026-07-19,C_109,27,S,75,,S,,66771,Nocturno,2026-07-20 00:59:35,,134758,"POINT (  572991.532789110,   6140426.22662242)",DRA OBDULIA EBOLE Esq. RIO GRANDE PDO ARBOL,0
2026-07-19,C_109,28,S,75,,S,,66771,Nocturno,2026-07-20 00:59:42,,134781,"POINT (  573020.120359731,   6140475.04018174)",RIO GRANDE 946 FTE 947,0
2026-07-19,C_109,29,N,,Contenedor No Está,N,,66771,Nocturno,2026-07-20 01:04:43,,134820,"POINT (  572932.054919837,   6140559.73028019)",URUGUAYANA 3152 VEREDA.EN 3154,0
2026-07-19,C_109,30,S,75,,S,,66771,Nocturno,2026-07-20 01:07:09,,180068,"POINT (  572801.946985403,   6140637.91820654)",URUGUAYANA 3230 PROV OV. (O: VEREDA. URUGUAYANA 3208),0
2026-07-19,C_109,31,S,75,,S,,66771,Nocturno,2026-07-20 01:18:46,,159853,"POINT (  572784.075161991,   6140648.82549248)",URUGUAYANA 3236,0
2026-07-19,C_109,32,S,100,,S,,66771,Nocturno,2026-07-20 01:07:33,,134782,"POINT (  572749.129901276,   6140670.43555116)",URUGUAYANA 3248 VEREDA,0
2026-07-19,C_109,33,S,100,,S,,66771,Nocturno,2026-07-20 02:17:22,,181628,"POINT (  572669.949308434,   6140568.63567590)",HERVIDERO 3096,0
2026-07-19,C_109,34,S,50,,S,,66771,Nocturno,2026-07-20 02:17:45,,134765,"POINT (  572673.001715664,   6140566.33961677)",HERVIDERO 3096,0
2026-07-19,C_109,35,S,100,,S,,66771,Nocturno,2026-07-20 02:19:26,,134763,"POINT (  572797.973467076,   6140620.91588796)",URUGUAYANA 3223 VEREDA,0
2026-07-19,C_109,36,S,100,,S,,66771,Nocturno,2026-07-20 02:19:34,,137592,"POINT (  572860.947750374,   6140581.48092957)",URUGUAYANA 3193,0
2026-07-19,C_109,37,S,100,,S,,66771,Nocturno,2026-07-20 02:22:33,,134772,"POINT (  572859.555387980,   6140449.50345858)",PROGRESO 901,0
2026-07-19,C_109,38,S,100,,S,,66771,Nocturno,2026-07-20 02:22:47,,138133,"POINT (  572979.280005508,   6140328.62811427)",HERVIDERO 2879,0
2026-07-19,C_109,39,S,100,,S,,66771,Nocturno,2026-07-20 02:22:53,,184371,"POINT (  573031.765197604,   6140277.99643421)",HERVIDERO 2853,0
2026-07-19,C_109,40,S,50,,S,,66771,Nocturno,2026-07-20 02:23:00,,134771,"POINT (  573111.871772161,   6140206.90458853)",HERVIDERO 2803 EN 2807. SALIDA VIVIENDAS,0
2026-07-19,C_109,41,S,75,,S,,66771,Nocturno,2026-07-20 02:31:09,,181296,"POINT (  572796.695978661,   6140693.28016506)",12 DE DICIEMBRE 976,0
2026-07-19,C_109,42,S,75,,S,,66771,Nocturno,2026-07-20 02:31:15,,184039,"POINT (  572875.216628291,   6140795.00661061)",12 DE DICIEMBRE 1040,0
2026-07-19,C_109,43,S,75,,S,,66771,Nocturno,2026-07-20 02:38:01,,134822,"POINT (  573096.730529223,   6140490.40741339)",CAP MANUEL ANTONIO ARTIGAS Esq. AV AGRACIADA VEREDA,0
2026-07-19,C_109,44,S,75,,S,,66771,Nocturno,2026-07-20 02:38:08,,134743,"POINT (  573093.905670466,   6140486.90458853)",CAP MANUEL ANTONIO ARTIGAS Esq. URUGUAYANA VEREDA,0
2026-07-19,C_109,45,S,75,,S,,66771,Nocturno,2026-07-20 02:38:17,,183211,"POINT (  573084.898090196,   6140476.16383944)",CAP MANUEL ANTONIO ARTIGAS Esq. URUGUAYANA,0
2026-07-19,C_109,46,S,75,,S,,66771,Nocturno,2026-07-20 02:47:56,,183209,"POINT (  573083.155170806,   6140474.42092004)",CAP MANUEL ANTONIO ARTIGAS Esq. URUGUAYANA,0
2026-07-19,C_109,47,S,75,,S,,66771,Nocturno,2026-07-20 02:48:52,,183210,"POINT (  573147.790951634,   6140430.79581961)",GRAL FRANCISCO URDANETA Esq. URUGUAYANA,0
2026-07-19,C_109,48,S,75,,S,,66771,Nocturno,2026-07-20 02:49:06,,134797,"POINT (  573149.950868206,   6140433.11927779)",GRAL FRANCISCO URDANETA Esq. URUGUAYANA VEREDA,0
2026-07-19,C_109,49,S,75,,S,,66771,Nocturno,2026-07-20 03:08:28,,180341,"POINT (  573407.003588017,   6140139.77027800)",NERSES OUNANIAN 1035 en 1037,0
2026-07-19,C_109,50,S,75,,S,,66771,Nocturno,2026-07-20 03:08:38,,181157,"POINT (  573382.420729848,   6140131.60447212)",NERSES OUNANIAN 1019 EN 1023,0
2026-07-19,C_109,51,S,75,,S,,66771,Nocturno,2026-07-20 03:08:46,,134800,"POINT (  573233.679681766,   6140147.24357158)",CARLOS PRINCIVALLE 907 MURO CIEGO. PDO ENTRADA,0
2026-07-19,C_109,52,S,75,,S,,66771,Nocturno,2026-07-20 03:08:54,,134801,"POINT (  573238.501683367,   6140089.34039460)",SAN JUAN 2775 MURO BLOQUES,0
2026-07-19,C_109,53,S,75,,S,,66771,Nocturno,2026-07-20 03:09:05,,183185,"POINT (  573276.522708932,   6139977.69033072)",SAN JUAN 2707,0
2026-07-19,C_109,54,S,75,,S,,66771,Nocturno,2026-07-20 03:09:12,,134784,"POINT (  573278.538438828,   6139973.57125520)",SAN JUAN Esq. TAPES,0
2026-07-19,C_109,55,S,100,,S,,66771,Nocturno,2026-07-20 03:12:24,,134785,"POINT (  573427.013015100,   6140283.74074672)",AV JOAQUIN SUAREZ 2878 VEREDA,0
2026-07-19,C_109,56,S,100,,S,,66771,Nocturno,2026-07-20 03:12:31,,183186,"POINT (  573427.003726144,   6140287.35861416)",AV JOAQUIN SUAREZ 2878,0
2026-07-19,C_109,57,S,100,,S,,66771,Nocturno,2026-07-20 03:17:53,,134823,"POINT (  573465.138654414,   6140353.51262920)",DR EVARISTO CIGANDA 1060,0
2026-07-19,C_109,58,S,100,,S,,66771,Nocturno,2026-07-20 03:18:00,,183187,"POINT (  573466.725164924,   6140353.71167778)",DR EVARISTO CIGANDA 1060,0
2026-07-19,C_109,59,S,75,,S,,66771,Nocturno,2026-07-20 03:18:20,,134824,"POINT (  573584.414145043,   6140361.36786536)",DR EVARISTO CIGANDA 1135 FTE 1135,0
2026-07-19,C_109,60,S,75,,S,,66771,Nocturno,2026-07-20 03:18:38,,184372,"POINT (  573658.303547713,   6140365.21241569)",DR EVARISTO CIGANDA 1162 MURO,0
2026-07-19,C_109,61,S,75,,S,,66771,Nocturno,2026-07-20 03:24:15,,134791,"POINT (  573724.527139394,   6140417.86504051)",ZAPICAN 2770 EN 2776,0
2026-07-19,C_109,62,N,,Contenedor No Está,N,,66771,Nocturno,2026-07-20 03:24:25,,179328,"POINT (  573719.112707190,   6140447.97123072)",ZAPICAN 2796,0
2026-07-19,C_109,63,S,75,,S,,66771,Nocturno,2026-07-20 03:24:32,,179329,"POINT (  573716.498328105,   6140547.09977103)",ZAPICAN 2838 PDO 2840,0
2026-07-19,C_109,64,S,75,,S,,66771,Nocturno,2026-07-20 03:24:38,,134751,"POINT (  573707.738616075,   6140644.16909132)",ZAPICAN 2886,0
2026-07-19,C_109,65,,,,S,,66771,Nocturno,,,182044,"POINT (  573611.927966098,   6140621.09948487)",GRITO DE ASENCIO 1261,0
2026-07-19,C_109,66,,,,S,,66771,Nocturno,,,182046,"POINT (  573598.597382252,   6140607.81044926)",GRITO DE ASENCIO 1261,0
2026-07-19,C_109,67,,,,S,,66771,Nocturno,,,182051,"POINT (  573539.696236519,   6140568.42072037)",GRITO DE ASENCIO 1242,0
2026-07-19,C_109,68,,,,S,,66771,Nocturno,,,182050,"POINT (  573535.515349147,   6140567.42527099)",GRITO DE ASENCIO 1242,0
2026-07-19,C_109,69,,,,S,,66771,Nocturno,,,182043,"POINT (  573466.893534357,   6140550.25995199)",GRITO DE ASENCIO 1208,0
2026-07-19,C_109,70,,,,S,,66771,Nocturno,,,134810,"POINT (  573344.557788188,   6140526.41310004)",GRITO DE ASENCIO 1141 EN 1143. PDO CORDON ROJO,0
2026-07-19,C_109,71,,,,S,,66771,Nocturno,,,134811,"POINT (  573289.479325345,   6140514.60551271)",GRITO DE ASENCIO 1115 EN 1117,0
2026-07-19,C_109,72,,,,S,,66771,Nocturno,,,183295,"POINT (  573286.585195769,   6140513.99126206)",GRITO DE ASENCIO 1115,0
2026-07-19,C_109,73,,,,S,,66771,Nocturno,,,134813,"POINT (  573210.026197774,   6140497.21920026)",GRITO DE ASENCIO 1097 MURO CIEGO. PDO ENTRADA,0
2026-07-19,C_109,74,,,,S,,66771,Nocturno,,,171853,"POINT (  573206.050162916,   6140496.62007172)",GRITO DE ASENCIO 1097 EN 1091,0
2026-07-19,C_109,75,,,,S,,66771,Nocturno,,,134814,"POINT (  573079.906372066,   6140831.96865559)",BV GRAL ARTIGAS Esq. BURICAYUPI VEREDA.,0
2026-07-19,C_109,76,,,,S,,66771,Nocturno,,,134815,"POINT (  573109.536001696,   6140706.80525690)",BURICAYUPI 3147 EN 3147/3145,0
2026-07-19,C_109,77,,,,S,,66771,Nocturno,,,134792,"POINT (  573141.958790125,   6140652.03163238)",BURICAYUPI 3107,0
2026-07-19,C_109,78,,,,S,,66771,Nocturno,,,179316,"POINT (  573213.663646405,   6140525.98217909)",BURICAYUPI 3061 FTE 3064,0
2026-07-19,C_109,79,,,,S,,66771,Nocturno,,,184304,"POINT (  573323.856569063,   6140621.52132222)",CUARO 3088,0
2026-07-19,C_109,80,,,,S,,66771,Nocturno,,,156312,"POINT (  573247.172315412,   6140783.75283538)",CUARO 3156,0
2026-07-19,C_109,81,,,,S,,66771,Nocturno,,,149312,"POINT (  573240.501992610,   6140842.46803707)",BV GRAL ARTIGAS 4295,0
2026-07-19,C_109,82,,,,S,,66771,Nocturno,,,147272,"POINT (  573472.716829582,   6140860.29109568)",BV GRAL ARTIGAS 4189,0
2026-07-19,C_109,83,,,,S,,66771,Nocturno,,,159132,"POINT (  573658.195114852,   6140874.97436343)",BV GRAL ARTIGAS 4101,0
2026-07-19,C_109,84,,,,S,,66771,Nocturno,,,134737,"POINT (  573677.094888028,   6140796.11267517)",ZAPICAN 2963,0
2026-07-19,C_109,85,,,,S,,66771,Nocturno,,,160298,"POINT (  573677.154534983,   6140795.05278284)",ZAPICAN 2963,0
2026-07-19,C_109,86,,,,N,,66771,Nocturno,,,181481,"POINT (  573660.496052942,   6140699.21722615)",GRAL ENRIQUE MARTINEZ 1196 PROV OV. (O: GRITO DE ASENCIO 1261 BIS),0
2026-07-19,C_109,87,,,,S,,66771,Nocturno,,,180495,"POINT (  573528.958790785,   6140774.41677054)",GRAL ENRIQUE MARTINEZ 1167,0
2026-07-19,C_109,88,,,,S,,66771,Nocturno,,,180676,"POINT (  573527.234072549,   6140774.23186754)",GRAL ENRIQUE MARTINEZ 1167,0
2026-07-19,C_109,89,,,,S,,66771,Nocturno,,,134734,"POINT (  573417.542537643,   6140748.47192356)",AV JOAQUIN SUAREZ 3091 VEREDA. EN 3093,0
2026-07-19,C_109,90,,,,S,,66771,Nocturno,,,134808,"POINT (  573417.597003874,   6140746.89240287)",AV JOAQUIN SUAREZ 3091,0
2026-07-19,C_109,91,,,,S,,66771,Nocturno,,,134735,"POINT (  573415.418354637,   6140632.73118282)",AV JOAQUIN SUAREZ 3045 VEREDA,0
2026-07-19,C_109,92,,,,S,,66771,Nocturno,,,134736,"POINT (  573414.764759866,   6140605.38913489)",AV JOAQUIN SUAREZ 3035 VEREDA,0
2026-07-19,C_109,93,,,,S,,66771,Nocturno,,,134740,"POINT (  573415.418354637,   6140517.26277324)",AV JOAQUIN SUAREZ 2987 VEREDA. PDO KIOSKO,0
2026-07-19,C_109,94,,,,S,,66771,Nocturno,,,177441,"POINT (  573416.188125946,   6140476.53587732)",AV JOAQUIN SUAREZ 2967 VEREDA,0
2026-07-19,C_109,95,,,,S,,66771,Nocturno,,,179326,"POINT (  573415.463469717,   6140451.29367081)",AV JOAQUIN SUAREZ 2959 VEREDA,0
2026-07-19,C_109,96,,,,S,,66771,Nocturno,,,134741,"POINT (  573414.655827404,   6140395.36734840)",AV JOAQUIN SUAREZ 2927 VEREDA. EN 2927/2933,0
2026-07-19,C_109,97,,,,S,,66771,Nocturno,,,134742,"POINT (  573398.528946027,   6140360.77699244)",DR EVARISTO CIGANDA 1039,0
2026-07-19,C_109,98,,,,S,,66771,Nocturno,,,183188,"POINT (  573396.040080610,   6140360.04339107)",DR EVARISTO CIGANDA 1039,0
2026-07-19,C_113,1,S,100,,S,,66772,Nocturno,2026-07-19 23:27:12,,142912,"POINT (  575175.723842883,   6142158.19825082)",AV GRAL SAN MARTIN 3523,0
2026-07-19,C_113,2,S,100,,S,,66772,Nocturno,2026-07-19 23:28:42,,182845,"POINT (  575136.228586562,   6142075.71778163)",AV GRAL SAN MARTIN 3485,0
2026-07-19,C_113,3,S,100,,S,,66772,Nocturno,2026-07-19 23:29:49,,138543,"POINT (  575057.704358602,   6141905.43071523)",AV GRAL SAN MARTIN 3417 VEREDA.EN 3419,0
2026-07-19,C_113,4,S,100,,S,,66772,Nocturno,2026-07-19 23:07:00,,182846,"POINT (  574969.606246136,   6141872.65927099)",MARIA JOSEFA ORIBE 3309 EN 3870,0
2026-07-19,C_113,5,S,100,,S,,66772,Nocturno,2026-07-19 23:09:25,,182847,"POINT (  574869.830210302,   6141843.68390705)",CARABELA 3356,0
2026-07-19,C_113,6,S,100,,S,,66772,Nocturno,2026-07-19 23:11:07,,138585,"POINT (  574904.453609503,   6141952.66286270)",CARABELA 3404 CERCO VEGETAL BAJO,0
2026-07-19,C_113,7,S,75,,S,,66772,Nocturno,2026-07-19 23:13:47,,183462,"POINT (  574940.225354902,   6142068.58387952)",CARABELA 3456 MURO,0
2026-07-19,C_113,8,S,100,,S,,66772,Nocturno,2026-07-19 23:13:52,,138578,"POINT (  574940.931221425,   6142070.99267698)",CARABELA 3456 MURO,0
2026-07-19,C_113,9,S,100,,S,,66772,Nocturno,2026-07-19 23:15:25,,182066,"POINT (  574962.603679636,   6142141.89146349)",CARABELA 3488,0
2026-07-19,C_113,10,S,100,,S,,66772,Nocturno,2026-07-19 23:16:43,,138579,"POINT (  574993.423394678,   6142234.69708171)",CARABELA 3528 FTE 3531.,0
2026-07-19,C_113,11,S,100,,S,,66772,Nocturno,2026-07-19 23:18:12,,138582,"POINT (  575016.543403860,   6142301.59562092)",CARABELA Esq. HUASCAR MURO,0
2026-07-19,C_113,12,S,100,,S,,66772,Nocturno,2026-07-19 23:20:04,,138581,"POINT (  575056.591942153,   6142433.98940050)",CARABELA 3622 MURO BAJO,0
2026-07-19,C_113,13,S,100,,S,,66772,Nocturno,2026-07-19 23:21:21,,138547,"POINT (  575077.554903636,   6142508.26042495)",CARABELA Esq. ING MANUEL RODRIGUEZ CORREA MURO,0
2026-07-19,C_113,14,S,75,,S,,66772,Nocturno,2026-07-19 23:23:24,,138548,"POINT (  575104.022297015,   6142594.62770861)",CARABELA 3688 FTE 3689,0
2026-07-19,C_113,15,S,100,,N,,66772,Nocturno,2026-07-19 23:39:54,,138580,"POINT (  575166.469626845,   6142433.98940050)",GUILLAPI 3643 FTE 3640. MURO CALADO,0
2026-07-19,C_113,16,S,100,,S,,66772,Nocturno,2026-07-19 23:42:47,,182057,"POINT (  575151.250918316,   6142382.45520569)",GUILLAPI 3611,0
2026-07-19,C_113,17,S,100,,S,,66772,Nocturno,2026-07-19 23:43:07,,138584,"POINT (  575139.395209590,   6142343.15851009)",GUILLAPI Esq. FELIPE CONTUCCI MURO BAJO,0
2026-07-19,C_113,18,S,75,,S,,66772,Nocturno,2026-07-19 23:45:20,,182055,"POINT (  575113.368242321,   6142260.83681968)",GUILLAPI 3557,0
2026-07-19,C_113,19,S,100,,S,,66772,Nocturno,2026-07-19 23:45:25,,138583,"POINT (  575112.247015318,   6142256.48354122)",GUILLAPI 3557 FTE 3558,0
2026-07-19,C_113,20,S,100,,S,,66772,Nocturno,2026-07-20 00:02:59,,184200,"POINT (  574578.426797561,   6142499.42051708)",AV BURGUES 3580,0
2026-07-19,C_113,21,S,100,,S,,66772,Nocturno,2026-07-20 00:05:26,,182039,"POINT (  574608.166691068,   6142581.50105599)",AV BURGUES 3620,0
2026-07-19,C_113,22,S,100,,S,,66772,Nocturno,2026-07-20 00:06:40,,182045,"POINT (  574669.117716558,   6142727.54039085)",AV BURGUES 3682,0
2026-07-19,C_113,23,S,100,,S,,66772,Nocturno,2026-07-20 00:08:04,,183940,"POINT (  574723.824523809,   6142809.48641429)",AV BURGUES 3742,0
2026-07-19,C_113,24,S,75,,S,,66772,Nocturno,2026-07-20 00:10:02,,138611,"POINT (  574775.073914445,   6142877.31168568)",AV BURGUES 3786 EN 3786/3788. ANTES DE COLUMNA,0
2026-07-19,C_113,25,S,75,,S,,66772,Nocturno,2026-07-20 00:12:21,,183576,"POINT (  574806.364642933,   6142868.76301631)",RAMON MARQUEZ 3789,0
2026-07-19,C_113,26,S,100,,S,,66772,Nocturno,2026-07-20 00:14:05,,183577,"POINT (  574778.434107477,   6142790.90483976)",RAMON MARQUEZ 3723 EN 3711,0
2026-07-19,C_113,27,S,100,,S,,66772,Nocturno,2026-07-20 00:15:56,,183578,"POINT (  574750.250315871,   6142710.87589619)",RAMON MARQUEZ 3691 MURO CON REJAS,0
2026-07-19,C_113,28,S,75,,S,,66772,Nocturno,2026-07-20 00:17:10,,183579,"POINT (  574734.476075640,   6142649.08139547)",RAMON MARQUEZ 3661 MURO BAJO,0
2026-07-19,C_113,29,S,100,,S,,66772,Nocturno,2026-07-20 00:19:58,,183580,"POINT (  574715.228608201,   6142593.50976016)",RAMON MARQUEZ 3635 MURO,0
2026-07-19,C_113,30,S,100,,S,,66772,Nocturno,2026-07-20 00:21:37,,138563,"POINT (  574682.604512746,   6142487.44370711)",RAMON MARQUEZ 3595 MURO CARTEL/COLUMNA,0
2026-07-19,C_113,31,S,100,,S,,66772,Nocturno,2026-07-20 00:23:41,,138557,"POINT (  574664.846479330,   6142431.57087027)",RAMON MARQUEZ Esq. HUASCAR FTE 3562 MURO,0
2026-07-19,C_113,32,S,75,,S,,66772,Nocturno,2026-07-20 00:25:07,,138555,"POINT (  574638.959344084,   6142358.13360349)",RAMON MARQUEZ 3531 FTE 3538 MURO,0
2026-07-19,C_113,33,S,100,,S,,66772,Nocturno,2026-07-20 00:27:59,,138559,"POINT (  574595.870925653,   6142224.38516015)",RAMON MARQUEZ 3477 EN 3471/3477,0
2026-07-19,C_113,34,S,100,,S,,66772,Nocturno,2026-07-20 00:28:05,,138558,"POINT (  574586.468684060,   6142190.13858481)",RAMON MARQUEZ 3459 EN 3453/3459,0
2026-07-19,C_113,35,S,100,,S,,66772,Nocturno,2026-07-20 00:29:55,,138561,"POINT (  574558.731401603,   6142101.53132240)",RAMON MARQUEZ 3417 EN 3417/3421. ARBOL/ARBOL,0
2026-07-19,C_113,36,S,100,,S,,66772,Nocturno,2026-07-20 00:33:11,,138560,"POINT (  574533.610281161,   6142018.80487405)",RAMON MARQUEZ 3381 FTE 3372/3380. MURO,0
2026-07-19,C_113,37,S,100,,S,Requiere Limpieza,66772,Nocturno,2026-07-19 23:32:55,,138562,"POINT (  574767.528215829,   6141904.45787954)",MARIANO SOLER 3366 EN 3372. MURO BAJO,0
2026-07-19,C_113,38,S,100,,S,Requiere Limpieza,66772,Nocturno,2026-07-19 23:34:18,,138570,"POINT (  574793.640609978,   6141994.12685568)",MARIANO SOLER 3408 MURO BAJO,0
2026-07-19,C_113,39,S,100,,S,,66772,Nocturno,2026-07-19 23:36:41,,138571,"POINT (  574833.548231226,   6142124.19613974)",MARIANO SOLER 3462 MURO BAJO CON REJAS,0
2026-07-19,C_113,40,S,100,,S,Requiere Limpieza,66772,Nocturno,2026-07-19 23:48:45,,138573,"POINT (  574838.475098046,   6142211.89436915)",DR PABLO EHRLICH 3974 VEREDA. FTE 3951.,0
2026-07-19,C_113,41,S,75,,S,,66772,Nocturno,2026-07-19 23:48:50,,182069,"POINT (  574823.333739818,   6142217.29710319)",DR PABLO EHRLICH 3974,0
2026-07-19,C_113,42,S,100,,S,,66772,Nocturno,2026-07-19 23:50:34,,138587,"POINT (  574731.407377336,   6142208.89584401)",DARWIN Esq. DR PABLO EHRLICH FTE 3482/3496.,0
2026-07-19,C_113,43,S,100,,S,,66772,Nocturno,2026-07-19 23:52:09,,138574,"POINT (  574714.503118153,   6142155.06912397)",DARWIN 3457 PDO EL 3457,0
2026-07-19,C_113,44,S,100,,S,Requiere Limpieza,66772,Nocturno,2026-07-19 23:53:45,,138575,"POINT (  574673.766317934,   6142025.10122491)",DARWIN 3413 ANTES DE ARBOL.MURO,0
2026-07-19,C_113,45,S,100,,S,,66772,Nocturno,2026-07-19 23:55:39,,138576,"POINT (  574646.069909037,   6141930.73848135)",DARWIN 3359 ARBOL/ARBOL,0
2026-07-19,C_113,46,S,75,,S,,66772,Nocturno,2026-07-19 23:58:17,,182068,"POINT (  574422.549684187,   6142136.12323777)",AV BURGUES 3428,0
2026-07-19,C_113,47,S,75,,S,,66772,Nocturno,2026-07-19 23:59:21,,182064,"POINT (  574483.186771786,   6142245.02539932)",AV BURGUES 3488,0
2026-07-19,C_113,48,S,75,,S,,66772,Nocturno,2026-07-20 00:01:32,,138535,"POINT (  574519.328376190,   6142339.47509524)",AV BURGUES 3510 EN 3510,0
2026-07-19,C_113,49,S,100,,S,,66772,Nocturno,2026-07-20 00:37:09,,182067,"POINT (  574502.458051198,   6142450.36666841)",ROBERTO KOCH 4160,0
2026-07-19,C_113,50,N,,Contenedor No Está,N,,66772,Nocturno,2026-07-20 00:37:22,,182062,"POINT (  574491.449566894,   6142454.55460557)",ROBERTO KOCH 4162,0
2026-07-19,C_113,51,N,,Contenedor No Está,N,,66772,Nocturno,2026-07-20 03:03:10,,182056,"POINT (  574231.292957299,   6142546.13910719)",ROBERTO KOCH 4300,0
2026-07-19,C_113,52,S,100,,S,,66772,Nocturno,2026-07-20 03:03:19,,138512,"POINT (  574174.350349495,   6142559.02595195)",PATRIOTAS 4312,0
2026-07-19,C_113,53,S,75,,S,,66772,Nocturno,2026-07-20 03:04:50,,138514,"POINT (  574108.500913590,   6142623.43370609)",BUCEO 3858 EN 3858/3862,0
2026-07-19,C_113,54,S,75,,S,,66772,Nocturno,2026-07-20 03:06:08,,138596,"POINT (  574156.176105959,   6142703.88559321)",BUCEO 3570 ANTES DE ARBOL.,0
2026-07-19,C_113,55,S,100,,S,,66772,Nocturno,2026-07-20 03:07:42,,181320,"POINT (  574277.398042048,   6142746.33338083)",ING MANUEL RODRIGUEZ CORREA 1442 EN 1446,0
2026-07-19,C_113,56,S,50,,S,,66772,Nocturno,2026-07-20 03:09:11,,181299,"POINT (  574281.320930501,   6142688.33472604)",DR CARLOS VAZ FERREIRA 3871,0
2026-07-19,C_113,57,S,100,,S,,66772,Nocturno,2026-07-20 03:10:28,,181298,"POINT (  574228.732188841,   6142595.27640462)",DR CARLOS VAZ FERREIRA 3819,0
2026-07-19,C_113,58,S,75,,S,,66772,Nocturno,2026-07-20 03:13:02,,182149,"POINT (  574142.259876687,   6142430.07106380)",DR CARLOS VAZ FERREIRA 3757 FTE 3751,0
2026-07-19,C_113,59,S,50,,S,,66772,Nocturno,2026-07-20 03:19:29,,182071,"POINT (  574015.168817647,   6142657.07329695)",AV COSTANERA FELIPE CARAPE Esq. BAYONA,0
2026-07-19,C_113,60,S,100,,S,,66772,Nocturno,2026-07-20 03:21:06,,183540,"POINT (  573924.609316384,   6142547.74272599)","REYES 1469 1469/1479 VEREDA, EDIFICIO",0
2026-07-19,C_113,61,S,100,,S,,66772,Nocturno,2026-07-20 03:24:11,,138508,"POINT (  573878.430666149,   6142473.94569176)",REYES 1439 VEREDA.FTE 1436,0
2026-07-19,C_113,62,,,,S,,66772,Nocturno,,,138591,"POINT (  573875.967232739,   6142470.00419830)",REYES 1439 FTE 1436.,0
2026-07-19,C_113,63,,,,S,,66772,Nocturno,,,138529,"POINT (  573844.435285087,   6142421.72090346)",REYES 1425 COLUMNA/ARBOL.MURO BAJO,0
2026-07-19,C_113,64,S,50,,S,,66772,Nocturno,2026-07-20 03:15:37,,182063,"POINT (  573983.647066013,   6142380.08088998)",CUBO DEL NORTE 3776,0
2026-07-19,C_113,65,S,100,,S,,66772,Nocturno,2026-07-20 03:15:43,,182059,"POINT (  573984.763078432,   6142382.54391918)",CUBO DEL NORTE 3776,0
2026-07-19,C_113,66,S,100,,S,,66772,Nocturno,2026-07-20 03:17:50,,182058,"POINT (  574044.102392593,   6142496.70559651)",CUBO DEL NORTE 3826,0
2026-07-19,C_113,67,,,,S,,66772,Nocturno,,,180570,"POINT (  574020.715715586,   6142668.31415358)",BAYONA 3510,0
2026-07-19,C_113,68,,,,S,,66772,Nocturno,,,180569,"POINT (  574066.221972696,   6142732.59174175)",BAYONA 3544,0
2026-07-19,C_113,69,,,,S,,66772,Nocturno,,,138528,"POINT (  574121.462457409,   6142847.85963088)",BAYONA Esq. PEDRO TRAPANI MURO,0
2026-07-19,C_113,70,,,,S,,66772,Nocturno,,,182065,"POINT (  574184.004271678,   6142885.12459063)",BAYONA 3633,0
2026-07-19,C_113,71,,,,S,,66772,Nocturno,,,138527,"POINT (  574260.262844743,   6142963.67625373)",ANDRES SPIKERMAN 3692 MURO BAJO.PDO REBAJE,0
2026-07-19,C_113,72,,,,S,,66772,Nocturno,,,182054,"POINT (  574377.645950980,   6142982.02265294)",PANTALEON ARTIGAS 3712,0
2026-07-19,C_113,73,,,,S,,66772,Nocturno,,,138515,"POINT (  574379.058970485,   6142986.65166078)",PANTALEON ARTIGAS 3712,0
2026-07-19,C_113,74,,,,S,,66772,Nocturno,,,138534,"POINT (  574400.603179701,   6143049.66535941)",PANTALEON ARTIGAS 3744 EN 3744/3748.,0
2026-07-19,C_113,75,,,,S,,66772,Nocturno,,,138594,"POINT (  574429.681635491,   6143137.02525978)",PANTALEON ARTIGAS 3772 EN 3772,0
2026-07-19,C_113,76,,,,S,,66772,Nocturno,,,140312,"POINT (  574458.822357783,   6143222.14356613)",PANTALEON ARTIGAS 3798,0
2026-07-19,C_113,77,,,,S,,66772,Nocturno,,,138600,"POINT (  574460.067687795,   6143224.19836065)",PANTALEON ARTIGAS 3798,0
2026-07-19,C_113,78,S,100,,S,Requiere Limpieza,66772,Nocturno,2026-07-20 02:07:50,,138601,"POINT (  574529.121236986,   6143157.26187249)",GREGORIO SANABRIA 3795 MURO,0
2026-07-19,C_113,79,S,50,,S,,66772,Nocturno,2026-07-20 02:09:27,,138599,"POINT (  574500.852245703,   6143074.44742666)",GREGORIO SANABRIA 3761 EN 3761/3765,0
2026-07-19,C_113,80,S,100,,S,,66772,Nocturno,2026-07-20 02:54:59,,138597,"POINT (  574479.260668533,   6143001.85554552)",GREGORIO SANABRIA 3733 EN 3735/3739. MURO,0
2026-07-19,C_113,81,S,100,,S,,66772,Nocturno,2026-07-20 02:56:56,,152412,"POINT (  574444.213743645,   6142904.19422529)",GREGORIO SANABRIA 3691,0
2026-07-19,C_113,82,S,100,,S,Requiere Limpieza,66772,Nocturno,2026-07-20 02:59:12,,138607,"POINT (  574401.362809573,   6142771.99301088)",GREGORIO SANABRIA 3615 EN 3615/3621,0
2026-07-19,C_113,83,S,100,,S,Requiere Limpieza,66772,Nocturno,2026-07-20 03:00:33,,138602,"POINT (  574360.924030331,   6142648.54831635)",GREGORIO SANABRIA 3555 FTE 3562. CERCO VEGETAL,0
2026-07-19,C_113,84,S,100,,S,,66772,Nocturno,2026-07-20 03:01:50,,138603,"POINT (  574321.762265170,   6142531.91436359)",GREGORIO SANABRIA 3511 FTE 3508. MURO,0
2026-07-19,C_113,85,S,75,,S,,66772,Nocturno,2026-07-20 00:39:35,,169972,"POINT (  574402.215419939,   6142409.06536050)",IBIROCAHY 3460,0
2026-07-19,C_113,86,S,100,,S,,66772,Nocturno,2026-07-20 00:41:30,,157912,"POINT (  574429.725308377,   6142489.97192970)",IBIROCAHY 3502,0
2026-07-19,C_113,87,S,100,,S,,66772,Nocturno,2026-07-20 00:44:29,,138517,"POINT (  574447.335316500,   6142548.51554665)",IBIROCAHY 3534 UTE,0
2026-07-19,C_113,88,S,100,,S,,66772,Nocturno,2026-07-20 00:46:19,,184148,"POINT (  574485.850975381,   6142654.71636231)",IBIROCAHY 3582,0
2026-07-19,C_113,89,S,100,,S,,66772,Nocturno,2026-07-20 00:48:41,,138604,"POINT (  574529.126142612,   6142787.45621496)",IBIROCAHY 3630 MURO CIEGO,0
2026-07-19,C_113,90,N,,Contenedor No Está,N,,66772,Nocturno,2026-07-20 00:48:47,,151692,"POINT (  574529.539554071,   6142790.04003657)",IBIROCAHY 3630 JUNTO A POS 40,0
2026-07-19,C_113,91,S,75,,S,,66772,Nocturno,2026-07-20 01:56:12,,182052,"POINT (  574555.950816776,   6142869.99134989)",IBIROCAHY 3694,0
2026-07-19,C_113,92,S,100,,S,,66772,Nocturno,2026-07-20 01:56:22,,138609,"POINT (  574556.456230760,   6142872.45489863)",IBIROCAHY 3694 PDO 3690. ESQ IPIRANGA.CERCO VEGETAL.,0
2026-07-19,C_113,93,S,100,,S,Requiere Limpieza,66772,Nocturno,2026-07-20 01:58:54,,169812,"POINT (  574587.552416384,   6142959.41227344)",IBIROCAHY 3736,0
2026-07-19,C_113,94,S,75,,S,,66772,Nocturno,2026-07-20 02:01:52,,138519,"POINT (  574614.624161153,   6143049.95640925)",IBIROCAHY 3772 EN 3764/3772,0
2026-07-19,C_113,95,S,75,,S,,66772,Nocturno,2026-07-20 02:04:01,,138520,"POINT (  574733.386470716,   6142983.12600566)",BV JOSE BATLLE Y ORDOÑEZ Esq. CELEDONIO ROJAS,0
2026-07-19,C_113,96,,,,S,,66772,Nocturno,,,138569,"POINT (  574932.047762516,   6142780.33161096)",BV JOSE BATLLE Y ORDOÑEZ 4493 GOMERIA,0
2026-07-19,C_113,97,,,,S,,66772,Nocturno,,,138568,"POINT (  575001.061703128,   6142688.81507739)",MARIANO SOLER 3747 MURO,0
2026-07-19,C_113,98,,,,S,,66772,Nocturno,,,138590,"POINT (  574969.401552681,   6142582.56894174)",MARIANO SOLER 3667 EN 3667/3669.,0
2026-07-19,C_113,99,,,,S,,66772,Nocturno,,,138589,"POINT (  574933.368789685,   6142466.90822102)",MARIANO SOLER 3613 ARBOL/COLUMNA,0
2026-07-19,C_113,100,,,,S,,66772,Nocturno,,,138588,"POINT (  574912.905739094,   6142397.06693965)",MARIANO SOLER 3591 FTE 3594,0
2026-07-19,C_113,101,,,,S,,66772,Nocturno,,,138567,"POINT (  574806.728970806,   6142398.10385665)",DARWIN Esq. HUASCAR ESPACIO LIBRE,0
2026-07-19,C_113,102,,,,S,,66772,Nocturno,,,138566,"POINT (  574822.183190471,   6142447.91621626)",DARWIN Esq. FELIPE CONTUCCI,0
2026-07-19,C_113,103,,,,S,,66772,Nocturno,,,138539,"POINT (  574869.225037721,   6142592.76328802)",DARWIN 3664 MURO,0
2026-07-19,C_113,104,,,,S,,66772,Nocturno,,,180387,"POINT (  574869.932110466,   6142594.90270307)",DARWIN 3664 PROV A,0
2026-07-19,C_113,105,,,,S,,66772,Nocturno,,,175375,"POINT (  574907.036800000,   6142704.13742542)",DARWIN 3702 EN 3704,0
2026-07-19,C_114,1,S,75,,S,,66773,Nocturno,2026-07-20 00:48:41,,138868,"POINT (  574146.039056909,   6143539.68164844)",PARQUE ANDALUCÍA VEREDA.FTE 3764.MURO,0
2026-07-19,C_114,2,S,50,,S,,66773,Nocturno,2026-07-20 00:48:48,,138862,"POINT (  574067.701874461,   6143513.56925429)",TEODORO ALVAREZ 3731 PDO 3731/3733,0
2026-07-19,C_114,3,,,,S,,66773,Nocturno,,,138860,"POINT (  574004.637979157,   6143495.33984705)",TEODORO ALVAREZ 3691 PDO 3691. MURO,0
2026-07-19,C_114,4,,,,S,,66773,Nocturno,,,183695,"POINT (  573917.831697274,   6143533.56300434)",PABLO NIN GONZALEZ 1023,0
2026-07-19,C_114,5,,,,S,,66773,Nocturno,,,138864,"POINT (  573775.045985314,   6143504.20820733)",PEDRO TRAPANI 1013 FTE 1013. MURO.ARBOL/ARBOL,0
2026-07-19,C_114,6,,,,S,,66773,Nocturno,,,138863,"POINT (  573914.969003021,   6143352.46070926)",ARECHAVALETA 3625 FTE 3625. MURO,0
2026-07-19,C_114,7,,,,S,,66773,Nocturno,,,183178,"POINT (  574017.882828686,   6143382.73757618)",ARECHAVALETA 3680 3675 FTE,0
2026-07-19,C_114,8,,,,S,,66773,Nocturno,,,138865,"POINT (  574055.877394091,   6143395.81713728)",ARECHAVALETA 3700 FTE 3693. MURO,0
2026-07-19,C_114,9,,,,S,,66773,Nocturno,,,138859,"POINT (  574214.696983307,   6143442.74628810)",ARECHAVALETA 3776 FTE 3775. MURO,0
2026-07-19,C_114,10,,,,S,,66773,Nocturno,,,183941,"POINT (  574222.937776191,   6143347.45754762)",DR FRANCISCO GOYEN 3765,0
2026-07-19,C_114,11,,,,S,,66773,Nocturno,,,179868,"POINT (  574217.608694336,   6143345.71595970)",DR FRANCISCO GOYEN 3763,0
2026-07-19,C_114,12,,,,S,,66773,Nocturno,,,182200,"POINT (  574199.999264706,   6143237.12631089)",FLORENTINO CASTELLANOS 1186 FTE 1199,0
2026-07-19,C_114,13,,,,S,,66773,Nocturno,,,138850,"POINT (  574146.484945637,   6143215.11830668)",DOMINGO ORDOÑANA 3727,0
2026-07-19,C_114,14,,,,S,,66773,Nocturno,,,151732,"POINT (  573946.274807593,   6143209.13946899)",PEDRO TRAPANI 1172 FTE 1170,0
2026-07-19,C_114,15,,,,S,,66773,Nocturno,,,138848,"POINT (  573944.530203945,   6143212.53769155)",PEDRO TRAPANI 1172 FTE 1156/1158. MURO,0
2026-07-19,C_114,16,,,,S,,66773,Nocturno,,,138905,"POINT (  573903.637209333,   6143292.35293404)",PEDRO TRAPANI 1118 FTE 1118. MURO,0
2026-07-19,C_114,17,,,,S,,66773,Nocturno,,,142992,"POINT (  573838.928870635,   6143435.95689358)",TEODORO ALVAREZ Esq. PEDRO TRAPANI,0
2026-07-19,C_114,18,,,,S,,66773,Nocturno,,,138813,"POINT (  573994.784245515,   6143081.48303412)",PEDRO TRAPANI 1248 MURO,0
2026-07-19,C_114,19,,,,S,,66773,Nocturno,,,180946,"POINT (  574100.641010922,   6143079.95533186)",ATAHONA 3668,0
2026-07-19,C_114,20,,,,S,,66773,Nocturno,,,138907,"POINT (  574208.610265532,   6143152.92260302)",ATAHONA 3736,0
2026-07-19,C_114,21,,,,N,,66773,Nocturno,,,138815,"POINT (  574290.396254755,   6143229.78172542)",ATAHONA 3768 ARBOL/ARBOL,0
2026-07-19,C_114,22,,,,S,,66773,Nocturno,,,138909,"POINT (  574349.025969920,   6143281.51382704)",ATAHONA 3786 EN 3786/3790,0
2026-07-19,C_114,23,,,,S,,66773,Nocturno,,,182086,"POINT (  574322.523766099,   6143145.57389111)",ANDRES SPIKERMAN 3751,0
2026-07-19,C_114,24,,,,S,,66773,Nocturno,,,183323,"POINT (  574320.774837864,   6143144.13968965)",ANDRES SPIKERMAN 3751,0
2026-07-19,C_114,25,,,,S,,66773,Nocturno,,,138869,"POINT (  574214.029819034,   6142922.83792250)",VAIMACA 1347 MURO BAJO,0
2026-07-19,C_114,26,,,,S,,66773,Nocturno,,,176672,"POINT (  574193.420707344,   6142975.58636215)",VAIMACA 1317,0
2026-07-19,C_114,27,,,,S,,66773,Nocturno,,,138851,"POINT (  574099.282112778,   6142906.54700631)",PEDRO TRAPANI 1340 FTE 1337,0
2026-07-19,C_114,28,,,,S,,66773,Nocturno,,,138872,"POINT (  573947.263175603,   6142806.99103280)",REYES 1573 FTE 1573,0
2026-07-19,C_114,29,,,,S,,66773,Nocturno,,,138871,"POINT (  573787.268535189,   6143080.35539963)",ATAHONA 3511 PDO 3511. FTE 3512,0
2026-07-19,C_114,30,,,,S,,66773,Nocturno,,,138833,"POINT (  573700.202505758,   6143098.15700417)",ATAHONA 3431 FTE VIVIENDAS,0
2026-07-19,C_114,31,,,,S,,66773,Nocturno,,,138911,"POINT (  573696.642184852,   6143099.12800078)",ATAHONA 3431 FTE VIVIENDAS,0
2026-07-19,C_114,32,,,,S,,66773,Nocturno,,,138910,"POINT (  573717.033113678,   6143227.94688447)",EUSEBIO VALDENEGRO 3470,0
2026-07-19,C_114,33,,,,S,,66773,Nocturno,,,138873,"POINT (  573753.283653812,   6143326.98853877)",EUSEBIO VALDENEGRO 3548,0
2026-07-19,C_114,34,,,,S,,66773,Nocturno,,,138870,"POINT (  573798.596828981,   6143272.28906303)",IGUALDAD 1108 MURO,0
2026-07-19,C_114,35,,,,S,,66773,Nocturno,,,140132,"POINT (  573893.300430960,   6143085.19919589)",IGUALDAD 1240 FTE 1233.COLUMNA/ARBOL,0
2026-07-19,C_114,36,,,,S,,66773,Nocturno,,,138913,"POINT (  573893.754496835,   6143083.26838947)",IGUALDAD 1240 FTE 1233.COLUMNA/ARBOL,0
2026-07-19,C_114,37,,,,S,,66773,Nocturno,,,138914,"POINT (  574045.229968113,   6143018.53528208)",PEDRO TRAPANI 1280 EN 1274/1280. MURO,0
2026-07-19,C_114,38,,,,S,,66773,Nocturno,,,183086,"POINT (  573990.038845579,   6142967.11757250)",COMANDIYU 3571,0
2026-07-19,C_114,39,,,,S,,66773,Nocturno,,,184199,"POINT (  573928.475090244,   6142977.29169756)",REYES 1620,0
2026-07-19,C_114,40,,,,S,,66773,Nocturno,,,184046,"POINT (  573752.585009234,   6142950.40483045)",TREBOL 1636,0
2026-07-19,C_114,41,,,,S,,66773,Nocturno,,,138879,"POINT (  573666.285774982,   6143071.22823718)",CAICOBE Esq. EUSEBIO VALDENEGRO,0
2026-07-19,C_114,42,,,,S,,66773,Nocturno,,,138834,"POINT (  573546.434809333,   6143113.32296957)",RBLA COSTANERA FRANCISCO LAVALLEJA 3368 VEREDA. FTE 3368/3378,0
2026-07-19,C_114,43,,,,S,,66773,Nocturno,,,183594,"POINT (  573581.022807053,   6143006.11464368)",AV COSTANERA FELIPE CARAPE 4510 FTE 4510,0
2026-07-19,C_114,44,,,,S,,66773,Nocturno,,,183595,"POINT (  573583.753182480,   6143003.15673697)",AV COSTANERA FELIPE CARAPE 4510 FTE 4510,0
2026-07-19,C_114,45,,,,N,,66773,Nocturno,,,183386,"POINT (  573616.294483768,   6142958.37612327)",GRAL JOSE R USERA Esq. AV COSTANERA FELIPE CARAPE,0
2026-07-19,C_114,46,,,,S,,66773,Nocturno,,,183861,"POINT (  573645.006044008,   6142906.69378487)",NICOLAS BONOMI Esq. AV COSTANERA FELIPE CARAPE,0
2026-07-19,C_114,47,,,,S,,66773,Nocturno,,,183859,"POINT (  573646.479521415,   6142905.71146660)",NICOLAS BONOMI Esq. AV COSTANERA FELIPE CARAPE,0
2026-07-19,C_114,48,,,,S,,66773,Nocturno,,,183860,"POINT (  573648.738853438,   6142902.76451179)",NICOLAS BONOMI Esq. AV COSTANERA FELIPE CARAPE,0
2026-07-19,C_114,49,,,,S,,66773,Nocturno,,,183858,"POINT (  573651.860415717,   6142896.70437387)",NICOLAS BONOMI 3301,0
2026-07-19,C_114,50,,,,S,,66773,Nocturno,,,183857,"POINT (  573653.726820432,   6142894.83796916)",NICOLAS BONOMI 3301,0
2026-07-19,C_114,51,,,,S,,66773,Nocturno,,,183856,"POINT (  573654.709138703,   6142893.65918723)",NICOLAS BONOMI 3301,0
2026-07-19,C_114,52,,,,S,,66773,Nocturno,,,184042,"POINT (  573746.258499804,   6142757.82345088)",AV COSTANERA FELIPE CARAPE Esq. COMANDIYU,0
2026-07-19,C_114,53,,,,S,,66773,Nocturno,,,184043,"POINT (  573748.419600000,   6142756.64466896)",AV COSTANERA FELIPE CARAPE Esq. COMANDIYU,0
2026-07-19,C_114,54,,,,S,,66773,Nocturno,,,184044,"POINT (  573750.973627505,   6142756.64466896)",AV COSTANERA FELIPE CARAPE Esq. COMANDIYU,0
2026-07-19,C_114,55,,,,S,,66773,Nocturno,,,184045,"POINT (  573760.207419254,   6142754.68003242)",AV COSTANERA FELIPE CARAPE Esq. COMANDIYU,0
2026-07-19,C_114,56,,,,S,,66773,Nocturno,,,138884,"POINT (  573856.209294552,   6142714.61334292)",FRANCISCO BICUDO 3928 FTE 4394,0
2026-07-19,C_114,57,,,,S,,66773,Nocturno,,,178829,"POINT (  573945.179284877,   6142677.62950847)",REYES 1547 ANTES 1547,0
2026-07-19,C_114,58,,,,S,,66773,Nocturno,,,138883,"POINT (  573794.630125708,   6142601.22053464)",FRANCISCO BICUDO 3877 EN 3883/3877,0
2026-07-19,C_114,59,,,,S,,66773,Nocturno,,,184374,"POINT (  573771.848616122,   6142525.13765294)",FRANCISCO BICUDO 3849 PDO 3849,0
2026-07-19,C_114,60,,,,S,,66773,Nocturno,,,138888,"POINT (  573627.134459720,   6142434.10448971)",AV DR LUIS ALBERTO DE HERRERA Esq. MATIAS ALVAREZ FTE 4447,0
2026-07-19,C_114,61,,,,S,,66773,Nocturno,,,138887,"POINT (  573625.037890470,   6142434.64451512)",AV DR LUIS ALBERTO DE HERRERA Esq. MATIAS ALVAREZ FTE 4447,0
2026-07-19,C_114,62,,,,S,,66773,Nocturno,,,138852,"POINT (  573622.782490216,   6142435.24807294)",AV DR LUIS ALBERTO DE HERRERA Esq. MATIAS ALVAREZ FTE 4447,0
2026-07-19,C_114,63,,,,S,,66773,Nocturno,,,179028,"POINT (  573620.336492757,   6142435.97869555)",AV DR LUIS ALBERTO DE HERRERA Esq. MATIAS ALVAREZ,0
2026-07-19,C_114,64,,,,S,,66773,Nocturno,,,178826,"POINT (  573617.890495299,   6142436.61401957)",AV DR LUIS ALBERTO DE HERRERA Esq. MATIAS ALVAREZ FTE 4447,0
2026-07-19,C_114,65,,,,S,,66773,Nocturno,,,138835,"POINT (  573505.679518070,   6142472.51152130)",AV DR LUIS ALBERTO DE HERRERA 4486 SUPERMERCADO. ANTES DE RESERVADO.,0
2026-07-19,C_114,66,,,,S,,66773,Nocturno,,,138886,"POINT (  573502.119197164,   6142473.80618345)",AV DR LUIS ALBERTO DE HERRERA 4486 SUPERMERCADO. ANTES DE RESERVADO.,0
2026-07-19,C_114,67,,,,S,,66773,Nocturno,,,178827,"POINT (  573466.445465296,   6142527.82982509)",AV MILLAN 3822 PDO 3822,0
2026-07-19,C_114,68,,,,S,,66773,Nocturno,,,138845,"POINT (  573466.205016366,   6142530.63506260)",AV MILLAN 3822 PDO 3822,0
2026-07-19,C_114,69,,,,S,,66773,Nocturno,,,138899,"POINT (  573446.123787730,   6142642.52745815)",AV MILLAN 3898 FTE 3883,0
2026-07-19,C_114,70,,,,S,,66773,Nocturno,,,178828,"POINT (  573434.385607966,   6142689.33135639)",AV MILLAN 3906,0
2026-07-19,C_114,71,,,,S,,66773,Nocturno,,,138836,"POINT (  573433.744410819,   6142693.01823998)",AV MILLAN Esq. PSJE PNAL CABALLEROS ORIENTALES,0
2026-07-19,C_114,72,,,,S,,66773,Nocturno,,,138890,"POINT (  573408.256191457,   6142829.83827406)",AV MILLAN 3958,0
2026-07-19,C_114,73,,,,S,,66773,Nocturno,,,138846,"POINT (  573467.407261015,   6143040.70739272)",AGUSTIN VELAZQUEZ 3936 PDO ESQ,0
2026-07-19,C_114,74,,,,S,,66773,Nocturno,,,138837,"POINT (  573471.575042468,   6143043.27218131)",AGUSTIN VELAZQUEZ 3936 PDO ESQ,0
2026-07-19,C_114,75,,,,S,,66773,Nocturno,,,138838,"POINT (  573475.903123208,   6143045.19577275)",AGUSTIN VELAZQUEZ 3936 PDO ESQ,0
2026-07-19,C_114,76,,,,S,,66773,Nocturno,,,184276,"POINT (  573637.302455118,   6143236.48214151)",RBLA COSTANERA FRANCISCO LAVALLEJA 3454,0
2026-07-19,C_114,77,,,,S,,66773,Nocturno,,,138900,"POINT (  573393.043911222,   6142825.95428762)",PARQUE JARDÍN DE LOS ARTISTAS,0
2026-07-19,C_114,78,,,,S,,66773,Nocturno,,,138903,"POINT (  573322.484824174,   6142736.62259943)",ENRIQUE GUARNERO Esq. FRANCISCO DEL PUERTO MURO,0
2026-07-19,C_114,79,,,,S,,66773,Nocturno,,,138902,"POINT (  573214.704200380,   6142705.87437342)",BALTASAR OJEDA 3887 PDO 3893.,0
2026-07-19,C_114,80,,,,S,,66773,Nocturno,,,139712,"POINT (  573416.351938218,   6142576.07991037)",PANTALEON SOTELO 3853 IGLESIA,0
2026-07-19,C_114,81,,,,S,,66773,Nocturno,,,183196,"POINT (  573421.032242702,   6142575.72095708)",PANTALEON SOTELO 3853,0
2026-07-19,C_114,82,,,,S,,66773,Nocturno,,,138891,"POINT (  573425.969895417,   6142574.79751608)",PANTALEON SOTELO 3853 IGLESIA,0
2026-07-19,C_114,83,,,,S,,66773,Nocturno,,,138892,"POINT (  573346.436073906,   6142472.18785576)",AV DR LUIS ALBERTO DE HERRERA 4534 MURO BAJO,0
2026-07-19,C_114,84,,,,S,,66773,Nocturno,,,138858,"POINT (  573288.499942798,   6142490.63679137)",FRANCISCO DEL PUERTO 3800 MURO.REBAJE/RAMPA,0
2026-07-19,C_114,85,,,,S,,66773,Nocturno,,,177278,"POINT (  573236.682596045,   6142612.42798305)",PANTALEON SOTELO 3934,0
2026-07-19,C_114,86,,,,S,,66773,Nocturno,,,138821,"POINT (  573189.338752265,   6142531.92981546)",BALTASAR OJEDA 3810 VEREDA.FTE 3810.MURO,0
2026-07-19,C_114,87,,,,S,,66773,Nocturno,,,138819,"POINT (  573137.391668954,   6142503.52525266)",AV DR LUIS ALBERTO DE HERRERA 4626 EN 4626/4620. MUROS BAJO,0
2026-07-19,C_114,88,,,,S,,66773,Nocturno,,,143674,"POINT (  573101.557742478,   6142633.25374205)",PANTALEON SOTELO Esq. FRANCISCO TORRES,0
2026-07-19,C_114,89,,,,S,,66773,Nocturno,,,138822,"POINT (  572999.719103333,   6142597.43943776)",VASCO DA GAMA 3836 FTE 3836,0
2026-07-19,C_114,90,,,,S,,66773,Nocturno,,,138818,"POINT (  572987.180152189,   6142528.34725799)",AV DR LUIS ALBERTO DE HERRERA Esq. VASCO DA GAMA,0
2026-07-19,C_114,91,,,,S,,66773,Nocturno,,,138894,"POINT (  573259.454519886,   6142468.72326581)",AV DR LUIS ALBERTO DE HERRERA 4553 FTE 4558,0
2026-07-19,C_114,92,,,,S,,66773,Nocturno,,,138823,"POINT (  573394.116351050,   6142445.27249847)",AV DR LUIS ALBERTO DE HERRERA 4515 UTE,0
2026-07-19,C_114,93,,,,S,,66773,Nocturno,,,138896,"POINT (  573439.861878182,   6142030.88356363)",AV JOAQUIN SUAREZ 3621 ARBOL/ARBOL_MURO BAJO,0
2026-07-19,C_114,94,,,,S,,66773,Nocturno,,,138840,"POINT (  573449.074168819,   6141940.04014207)",AV JOAQUIN SUAREZ 3571 MURO BAJO,0
2026-07-19,C_114,95,,,,S,,66773,Nocturno,,,138839,"POINT (  573455.471592872,   6141883.48691344)",AV JOAQUIN SUAREZ 3551 MURO BAJO,0
2026-07-19,C_114,96,,,,S,,66773,Nocturno,,,138895,"POINT (  573470.057719713,   6141617.60996980)",AV JOAQUIN SUAREZ 3441 EN 3437. MURO BAJO,0
2026-07-19,C_114,97,,,,S,,66773,Nocturno,,,138825,"POINT (  573464.939780470,   6141534.18756015)",AV JOAQUIN SUAREZ 3415 EN 3415/3421.ARBOL/ARBOL,0
2026-07-19,C_114,98,,,,S,,66773,Nocturno,,,138897,"POINT (  573336.735402447,   6141587.92592219)",AV DR JUAN CARLOS BLANCO 3552,0
2026-07-19,C_114,99,,,,S,,66773,Nocturno,,,138826,"POINT (  573450.865447553,   6141730.97232402)",AV DR JUAN CARLOS BLANCO 3631 VEREDA.FTE 3627.ARBOL/ARBOL,0
2026-07-19,C_114,100,,,,S,,66773,Nocturno,,,138853,"POINT (  573392.776837152,   6141684.39907691)",AV DR JUAN CARLOS BLANCO Esq. VALDENSE,0
2026-07-19,C_114,101,,,,S,,66773,Nocturno,,,176233,"POINT (  573389.573990632,   6141680.94784488)",AV DR JUAN CARLOS BLANCO Esq. VALDENSE,0
2026-07-19,C_114,102,,,,S,,66773,Nocturno,,,138841,"POINT (  573302.445209523,   6141580.24901333)",AV DR JUAN CARLOS BLANCO Esq. LUCAS J OBES PDO PARADA,0
2026-07-19,C_114,103,,,,S,,66773,Nocturno,,,139732,"POINT (  573000.201119774,   6141703.86069605)",LUCAS J OBES 1071,0
2026-07-19,C_114,104,,,,S,,66773,Nocturno,,,138843,"POINT (  572938.177964155,   6141813.06599329)",AV 19 DE ABRIL 1068 EN 1068/1070. ARBOL/ARBOL,0
2026-07-19,C_114,105,,,,S,,66773,Nocturno,,,181323,"POINT (  573118.400243137,   6141966.39734488)",AV 19 DE ABRIL 1138,0
2026-07-19,C_114,106,,,,S,,66773,Nocturno,,,138854,"POINT (  573196.163592185,   6141931.00228039)",LUGANO 3593 MURO BAJO,0
2026-07-19,C_114,107,,,,S,,66773,Nocturno,,,138829,"POINT (  573214.360792734,   6141822.27976572)",LUGANO 3546 FTE 3542,0
2026-07-19,C_114,108,,,,S,,66773,Nocturno,,,138904,"POINT (  573228.642140000,   6141734.05789471)",LUGANO 3495 MURO BAJO,0
2026-07-19,C_114,109,,,,S,,66773,Nocturno,,,138830,"POINT (  573259.508277639,   6141679.23594875)",AIGUA 1157 EN 1158/1164 MURO,0
2026-07-19,C_114,110,,,,S,,66773,Nocturno,,,176301,"POINT (  573350.606856497,   6141947.80669040)",VALDENSE 3610 EN 3610,0
2026-07-19,C_114,111,,,,S,,66773,Nocturno,,,176300,"POINT (  573341.887735593,   6142007.55385085)",VALDENSE 3638,0
2026-07-19,C_114,112,,,,S,,66773,Nocturno,,,138832,"POINT (  573378.596286293,   6142062.75922613)",AV 19 DE ABRIL 1224 EN 1220,0
2026-07-19,C_104,1,S,100,,S,Requiere Limpieza,66774,Nocturno,2026-07-19 23:20:42,,134248,"POINT (  576620.414079748,   6140098.57428556)",CADIZ 2852,0
2026-07-19,C_104,2,S,100,,S,Requiere Limpieza,66774,Nocturno,2026-07-19 23:22:21,,134247,"POINT (  576667.381770736,   6140167.50297882)",CADIZ 2894,0
2026-07-19,C_104,3,S,100,,S,,66774,Nocturno,2026-07-19 23:24:35,,134246,"POINT (  576697.197438053,   6140209.34109264)",CADIZ 2908 EN 2908/2916,0
2026-07-19,C_104,4,S,100,,S,Requiere Limpieza,66774,Nocturno,2026-07-19 23:27:04,,134245,"POINT (  576799.057672621,   6140352.69846550)",CADIZ 2992 ARBOL/COLUMNA,0
2026-07-19,C_104,5,S,100,,S,,66774,Nocturno,2026-07-19 23:28:48,,134262,"POINT (  576861.904955085,   6140437.44697754)",CADIZ 3028 EN 3032,0
2026-07-19,C_104,6,S,75,,S,,66774,Nocturno,2026-07-19 23:30:13,,134203,"POINT (  576880.499672336,   6140463.73606055)",CADIZ 3040 EN 3042. COMERCIOS,0
2026-07-19,C_104,23,S,100,,S,Requiere Limpieza,66774,Nocturno,2026-07-19 23:37:12,,134197,"POINT (  577200.170536712,   6140191.13519109)",ECHEANDIA 2796,0
2026-07-19,C_104,24,S,75,,S,Requiere Limpieza,66774,Nocturno,2026-07-20 00:41:02,,134272,"POINT (  577142.637808959,   6140179.11636783)",GRAL JULIO AMADEO ROLETTI 3185 MURO DE PIEDRA,0
2026-07-19,C_104,25,S,100,,S,Requiere Limpieza,66774,Nocturno,2026-07-20 00:41:08,,180491,"POINT (  577140.779456428,   6140178.07045017)",GRAL JULIO AMADEO ROLETTI 3185,0
2026-07-19,C_104,26,S,100,,S,,66774,Nocturno,2026-07-20 00:42:25,,134273,"POINT (  577058.900105894,   6140287.87686687)",EMILIO RAÑA 3012 ANTES CORDON ROJO,0
2026-07-19,C_104,27,S,100,,S,,66774,Nocturno,2026-07-20 00:44:13,,134220,"POINT (  577098.700143586,   6140316.64323075)",EMILIO RAÑA 3024 FTE SALIDA EDIFICIO,0
2026-07-19,C_104,28,S,100,,S,,66774,Nocturno,2026-07-20 00:47:46,,134224,"POINT (  577162.143768026,   6140364.91555369)",EMILIO RAÑA 3054 ANTES ARBOL,0
2026-07-19,C_104,29,S,100,,S,Requiere Limpieza,66774,Nocturno,2026-07-20 00:49:47,,134267,"POINT (  577233.074528270,   6140444.12156929)",TOMAS GOMENSORO 2866 MURO LADRILLO,0
2026-07-19,C_104,30,S,25,,S,,66774,Nocturno,2026-07-20 00:49:53,,134268,"POINT (  577230.316109816,   6140447.07701764)",TOMAS GOMENSORO 2866 MURO LADRILLO,0
2026-07-19,C_104,31,S,100,,S,,66774,Nocturno,2026-07-20 00:53:14,,134221,"POINT (  577102.049651709,   6140500.66914760)",THOMPSON 3095,0
2026-07-19,C_104,32,S,75,,S,,66774,Nocturno,2026-07-20 00:54:07,,134216,"POINT (  577062.634401820,   6140471.85178777)",THOMPSON 3083,0
2026-07-19,C_104,33,S,75,,S,,66774,Nocturno,2026-07-20 00:56:01,,134215,"POINT (  576997.032720571,   6140425.20669990)",THOMPSON 3061 EDIFICIO,0
2026-07-19,C_104,34,S,50,,S,,66774,Nocturno,2026-07-20 00:57:51,,134254,"POINT (  577063.133751546,   6140144.81204662)",DR LUIS ALBERTO SURRACO 2979 EN 2979/2981,0
2026-07-19,C_104,35,S,100,,S,,66774,Nocturno,2026-07-20 00:59:28,,137352,"POINT (  577041.544305391,   6140115.90834410)",DR LUIS ALBERTO SURRACO 2963 FTE 2933,0
2026-07-19,C_104,36,S,75,,S,,66774,Nocturno,2026-07-20 01:01:17,,134250,"POINT (  576987.897881482,   6140039.18401917)",DR LUIS ALBERTO SURRACO 2927 CASA ABANDONADA,0
2026-07-19,C_104,37,S,75,,S,,66774,Nocturno,2026-07-20 01:02:56,,134249,"POINT (  576966.861272889,   6140007.81358565)",DR LUIS ALBERTO SURRACO 2907,0
2026-07-19,C_104,38,S,75,,S,,66774,Nocturno,2026-07-20 01:04:28,,170092,"POINT (  576899.593400366,   6139922.38091719)",DR LUIS ALBERTO SURRACO 2871,0
2026-07-19,C_104,39,S,25,,S,,66774,Nocturno,2026-07-20 01:06:37,,171772,"POINT (  576845.974679856,   6139869.96882735)",DR LUIS ALBERTO SURRACO 2769,0
2026-07-19,C_104,40,S,25,,S,,66774,Nocturno,2026-07-20 01:07:38,,176236,"POINT (  576822.151637647,   6139849.25002794)",DR LUIS ALBERTO SURRACO 2745,0
2026-07-19,C_104,41,S,25,,S,,66774,Nocturno,2026-07-20 01:07:43,,176237,"POINT (  576789.501077014,   6139815.24766012)",DR LUIS ALBERTO SURRACO 2721,0
2026-07-19,C_104,42,S,100,,S,,66774,Nocturno,2026-07-20 01:08:59,,180590,"POINT (  576788.565914458,   6139814.30491566)",DR LUIS ALBERTO SURRACO 2721,0
2026-07-19,C_104,43,S,50,,S,,66774,Nocturno,2026-07-20 01:11:13,,180591,"POINT (  576661.407279917,   6139691.13724498)",DR LUIS ALBERTO SURRACO 2613,0
2026-07-19,C_104,44,S,100,,S,,66774,Nocturno,2026-07-20 01:11:19,,176238,"POINT (  576660.339922699,   6139690.20958880)",DR LUIS ALBERTO SURRACO 2613,0
2026-07-19,C_104,45,S,100,,S,,66774,Nocturno,2026-07-20 01:16:47,,180592,"POINT (  576585.855071080,   6139613.32600000)",DR LUIS ALBERTO SURRACO 2559,0
2026-07-19,C_104,46,S,100,,S,,66774,Nocturno,2026-07-20 01:16:53,,183489,"POINT (  576585.351340523,   6139612.96275469)",DR LUIS ALBERTO SURRACO 2559,0
2026-07-19,C_104,47,S,75,,S,,66774,Nocturno,2026-07-20 01:21:41,,161433,"POINT (  576493.847135895,   6139490.18040969)",DR LUIS ALBERTO SURRACO 2493 EN 2493/2495,0
2026-07-19,C_104,48,S,25,,S,,66774,Nocturno,2026-07-20 01:21:56,,180593,"POINT (  576480.232581118,   6139476.65431325)",DR LUIS ALBERTO SURRACO 2489 EN 2489 BIS,0
2026-07-19,C_104,49,N,,Contenedor No Está,N,,66774,Nocturno,2026-07-20 01:30:49,,183490,"POINT (  576426.691209804,   6139391.31242789)",JOSE HERNANDEZ 2510,0
2026-07-19,C_104,50,S,100,,S,,66774,Nocturno,2026-07-20 01:30:55,,183491,"POINT (  576425.819750109,   6139392.18388758)",JOSE HERNANDEZ 2510,0
2026-07-19,C_104,51,S,100,,S,,66774,Nocturno,2026-07-20 01:31:01,,183838,"POINT (  576425.327219047,   6139393.11665714)",JOSE HERNANDEZ 2510,0
2026-07-19,C_104,52,S,100,,S,Requiere Limpieza,66774,Nocturno,2026-07-20 01:27:22,,180298,"POINT (  576251.858635495,   6139406.58006200)",EMILIO RAÑA 2403 EN 2404,0
2026-07-19,C_104,53,S,100,,S,,66774,Nocturno,2026-07-20 01:27:57,,134289,"POINT (  576295.517861205,   6139449.23633233)",EMILIO RAÑA 2428 FTE 2423,0
2026-07-19,C_104,54,S,100,,S,,66774,Nocturno,2026-07-20 01:35:29,,134284,"POINT (  576347.957163985,   6139501.11177164)",EMILIO RAÑA 2452 EN 2454. ARBOL/ARBOL,0
2026-07-19,C_104,55,S,100,,S,,66774,Nocturno,2026-07-20 01:35:35,,180276,"POINT (  576349.027313538,   6139501.94729568)",EMILIO RAÑA 2452 PROV A. EN 2454,0
2026-07-19,C_104,56,S,100,,S,,66774,Nocturno,2026-07-20 01:40:20,,176512,"POINT (  576428.480959085,   6139575.54748561)",EMILIO RAÑA 2498 REJAS,0
2026-07-19,C_104,57,S,50,,S,,66774,Nocturno,2026-07-20 01:42:32,,179181,"POINT (  576493.162482571,   6139641.19755120)",EMILIO RAÑA 2540,0
2026-07-19,C_104,58,S,75,,S,,66774,Nocturno,2026-07-20 01:42:40,,181636,"POINT (  576497.152074699,   6139646.00050603)",EMILIO RAÑA 2540,0
2026-07-19,C_104,59,S,25,,S,,66774,Nocturno,2026-07-20 01:45:26,,179182,"POINT (  576538.641785403,   6139684.66160349)",EMILIO RAÑA 2566,0
2026-07-19,C_104,60,S,100,,S,,66774,Nocturno,2026-07-20 01:46:54,,159832,"POINT (  576556.417080083,   6139704.52784711)",EMILIO RAÑA 2578 EN 2578/2584,0
2026-07-19,C_104,61,S,100,,S,,66774,Nocturno,2026-07-20 01:48:46,,155819,"POINT (  576645.980050673,   6139793.58220342)",EMILIO RAÑA 2632 EN 2634,0
2026-07-19,C_104,62,S,100,,S,Requiere Limpieza,66774,Nocturno,2026-07-20 01:50:43,,134285,"POINT (  576715.852855747,   6139863.11610248)",EMILIO RAÑA 2700 EN 2696. MURO,0
2026-07-19,C_104,63,S,100,,S,Requiere Limpieza,66774,Nocturno,2026-07-20 01:53:36,,134293,"POINT (  576741.533866573,   6139892.62097484)",EMILIO RAÑA 2722,0
2026-07-19,C_104,64,S,100,,S,,66774,Nocturno,2026-07-20 01:55:20,,134291,"POINT (  576856.638625418,   6140034.92550674)",EMILIO RAÑA 2892 EN 2896/2894,0
2026-07-19,C_104,65,S,100,,S,,66774,Nocturno,2026-07-20 01:57:46,,134257,"POINT (  576912.790315777,   6140114.14040004)",EMILIO RAÑA 2934 EN 2934/2936,0
2026-07-19,C_104,66,S,50,,S,,66774,Nocturno,2026-07-20 02:00:41,,134256,"POINT (  576979.806438889,   6140211.51735931)",EMILIO RAÑA 2976 FTE 2959. MURO DE PIEDRA,0
2026-07-19,C_104,67,S,75,,S,,66774,Nocturno,2026-07-20 02:02:18,,173452,"POINT (  577029.381483811,   6140260.93844446)",EMILIO RAÑA 3001,0
2026-07-19,C_104,68,S,100,,S,,66774,Nocturno,2026-07-20 02:09:34,,183481,"POINT (  577160.600083857,   6139999.13862781)",PEDRO VIDAL 2595,0
2026-07-19,C_104,69,S,100,,S,,66774,Nocturno,2026-07-20 02:09:50,,183482,"POINT (  577159.366900000,   6140000.03548879)",PEDRO VIDAL 2595,0
2026-07-19,C_104,70,S,50,,S,,66774,Nocturno,2026-07-20 02:13:57,,183484,"POINT (  577043.828481046,   6139920.39384445)",JUAN CABAL 2548,0
2026-07-19,C_104,71,S,75,,S,,66774,Nocturno,2026-07-20 02:16:02,,183483,"POINT (  577009.732620480,   6139944.68578344)",JUAN CABAL 2532,0
2026-07-19,C_104,72,S,100,,S,,66774,Nocturno,2026-07-20 02:17:52,,183485,"POINT (  576960.495147713,   6139853.40038039)",MARIANO MORENO 2593,0
2026-07-19,C_104,73,S,100,,S,Requiere Limpieza,66774,Nocturno,2026-07-20 02:22:22,,183870,"POINT (  576763.281663458,   6139716.72193693)",JAIME CIBILS 2510,0
2026-07-19,C_104,74,,,,S,,66774,Nocturno,,,183487,"POINT (  576718.466808933,   6139611.62833203)",AZAMBUYA 2545 FTE 2548,0
2026-07-19,C_104,75,,,,S,,66774,Nocturno,,,183488,"POINT (  576715.852429848,   6139614.24271111)",AZAMBUYA 2545,0
2026-07-19,C_104,105,,,,S,,66774,Nocturno,,,134239,"POINT (  576712.301344007,   6140032.46215047)",THOMPSON Esq. MARIANO MORENO PDO BT,0
2026-07-19,C_104,106,,,,S,,66774,Nocturno,,,134202,"POINT (  576763.573594431,   6140108.04115979)",THOMPSON Esq. JUAN CABAL,0
2026-07-19,C_104,107,,,,S,,66774,Nocturno,,,181905,"POINT (  576764.631977778,   6140109.56087168)",THOMPSON Esq. JUAN CABAL,0
2026-07-19,C_104,108,,,,S,,66774,Nocturno,,,184111,"POINT (  576849.919493757,   6140215.55430022)",PEDRO VIDAL 2403,0
2026-07-19,C_104,109,,,,S,,66774,Nocturno,,,184198,"POINT (  576848.212119512,   6140216.82204634)",PEDRO VIDAL 2403 JUNTO A POS 108,0
2026-07-19,C_104,110,,,,S,,66774,Nocturno,,,180392,"POINT (  576854.737443572,   6140339.14034631)",JOSE CATALA 2376 EN 2376/2380,0
2026-07-19,C_104,111,,,,S,,66774,Nocturno,,,134241,"POINT (  576888.097358685,   6140317.76539433)",JOSE CATALA 2388,0
2026-07-19,C_105,1,,,,S,,66774,Nocturno,,,134343,"POINT (  575547.614011958,   6141020.91314968)",BV GRAL ARTIGAS 3283 VEREDA. PDO EDIFICIO,1
2026-07-19,C_105,2,,,,S,,66774,Nocturno,,,134390,"POINT (  575664.786328625,   6141029.46130802)",BV GRAL ARTIGAS 3249 VEREDA. EN 3243,1
2026-07-19,C_105,3,,,,S,,66774,Nocturno,,,134376,"POINT (  575815.525803625,   6141041.97080802)",BV GRAL ARTIGAS 3171 VEREDA. ANTES 3167,1
2026-07-19,C_105,4,,,,S,,66774,Nocturno,,,134377,"POINT (  575910.806495292,   6141049.05952468)",BV GRAL ARTIGAS 3123 VEREDA,1
2026-07-19,C_105,5,,,,S,,66774,Nocturno,,,134378,"POINT (  576001.930979814,   6141056.29460003)",BV GRAL ARTIGAS 3087 VEREDA. EN 3071. ANTES CARTEL,1
2026-07-19,C_105,6,,,,S,,66774,Nocturno,,,134381,"POINT (  576030.897695292,   6140967.33079135)",ANTONIO MACHADO 2181,1
2026-07-19,C_105,7,,,,S,,66774,Nocturno,,,180179,"POINT (  575928.645036158,   6140959.99289209)",ANTONIO MACHADO 2139,1
2026-07-19,C_105,8,,,,S,,66774,Nocturno,,,134383,"POINT (  575824.107449115,   6140950.63971002)",ANTONIO MACHADO 2085 MURO,1
2026-07-19,C_105,9,,,,S,,66774,Nocturno,,,134402,"POINT (  575710.029020292,   6140940.43536635)",ANTONIO MACHADO 2044 FTE 2048. MURO,1
2026-07-19,C_105,10,,,,S,,66774,Nocturno,,,134403,"POINT (  575597.443520292,   6140931.88720802)",ANTONIO MACHADO 1981 ARBOL/COLUMNA,1
2026-07-19,C_105,11,,,,S,,66774,Nocturno,,,134404,"POINT (  575609.744528625,   6140818.88472468)",GRAL ENRIQUE MARTINEZ 2048 EN 2040,1
2026-07-19,C_105,12,,,,S,,66774,Nocturno,,,137132,"POINT (  575687.699095696,   6140825.16250004)",GRAL ENRIQUE MARTINEZ 2072,1
2026-07-19,C_105,13,,,,S,,66774,Nocturno,,,134362,"POINT (  575816.776753625,   6140835.98104135)",GRAL ENRIQUE MARTINEZ 2130 ANTES ARBOL. MURO BAJO C/REJA,1
2026-07-19,C_105,14,,,,S,,66774,Nocturno,,,181251,"POINT (  575885.110070588,   6140840.81007059)",GRAL ENRIQUE MARTINEZ 2154,1
2026-07-19,C_105,15,,,,S,,66774,Nocturno,,,180729,"POINT (  575952.739943137,   6140845.97382353)",GRAL ENRIQUE MARTINEZ 2192,1
2026-07-19,C_105,16,,,,S,,66774,Nocturno,,,134396,"POINT (  576013.871714916,   6140852.25838425)",GRAL ENRIQUE MARTINEZ 2218,1
2026-07-19,C_105,17,,,,S,,66774,Nocturno,,,183106,"POINT (  576017.691622223,   6140852.63937654)",GRAL ENRIQUE MARTINEZ 2220,1
2026-07-19,C_105,18,,,,S,,66774,Nocturno,,,134302,"POINT (  575646.470239916,   6140701.85609425)",DR GUSTAVO GALLINAL 2056 VEREDA,1
2026-07-19,C_105,19,,,,S,,66774,Nocturno,,,134303,"POINT (  575720.294704916,   6140707.36281425)",DR GUSTAVO GALLINAL 2084 VEREDA,1
2026-07-19,C_105,20,,,,S,,66774,Nocturno,,,180728,"POINT (  575959.384823312,   6140714.49234205)",DR GUSTAVO GALLINAL 2194 FTE 2197,1
2026-07-19,C_105,21,,,,S,,66774,Nocturno,,,170472,"POINT (  576018.008121049,   6140718.38505535)",DR GUSTAVO GALLINAL 2218,1
2026-07-19,C_105,22,,,,S,,66774,Nocturno,,,170452,"POINT (  576074.565564091,   6140720.06277599)",DR GUSTAVO GALLINAL 2242 EN 2244,1
2026-07-19,C_105,23,,,,S,,66774,Nocturno,,,184135,"POINT (  576129.833955148,   6140724.57637574)",DR GUSTAVO GALLINAL 2262 EN 2258,1
2026-07-19,C_105,24,,,,S,,66774,Nocturno,,,181412,"POINT (  576230.010522658,   6140655.04876540)",QUIJOTE 2863,1
2026-07-19,C_105,25,,,,S,,66774,Nocturno,,,134346,"POINT (  576235.000939917,   6140586.04288925)",QUIJOTE 2829,1
2026-07-19,C_105,26,,,,S,,66774,Nocturno,,,183752,"POINT (  576236.061302362,   6140554.88188399)",QUIJOTE 2811,1
2026-07-19,C_105,27,,,,S,,66774,Nocturno,,,134347,"POINT (  576241.540169917,   6140503.61417425)",QUIJOTE 2789 VEREDA. EN 2793,1
2026-07-19,C_105,28,,,,S,,66774,Nocturno,,,134345,"POINT (  576250.832759917,   6140388.31722425)",QUIJOTE 2725 MURETE PIEDRA,1
2026-07-19,C_105,29,,,,S,,66774,Nocturno,,,183755,"POINT (  576251.177671916,   6140384.59610315)",QUIJOTE 2725,1
2026-07-19,C_105,30,,,,S,,66774,Nocturno,,,183754,"POINT (  576257.168701575,   6140277.37463360)",QUIJOTE 2675,1
2026-07-19,C_105,32,,,,S,,66774,Nocturno,,,135632,"POINT (  576264.182977297,   6140220.33349089)",QUIJOTE 2665,1
2026-07-19,C_105,33,,,,S,,66774,Nocturno,,,183753,"POINT (  576322.806709187,   6140156.65353754)",COLORADO 2411,1
2026-07-19,C_105,34,,,,S,,66774,Nocturno,,,179043,"POINT (  576324.210990196,   6140156.94926166)",COLORADO 2411 FTE 2413. MURO,1
2026-07-19,C_105,35,,,,S,,66774,Nocturno,,,134276,"POINT (  576417.735497889,   6140040.81771065)",INGAVI 2648 VIVIENDAS. ARBOL/ARBOL,1
2026-07-19,C_105,36,,,,S,,66774,Nocturno,,,168952,"POINT (  576422.164163400,   6139954.40454869)",INGAVI 2601,1
2026-07-19,C_105,37,,,,S,,66774,Nocturno,,,134277,"POINT (  576422.626042701,   6139950.40159475)",INGAVI 2601,1
2026-07-19,C_105,38,,,,S,,66774,Nocturno,,,134282,"POINT (  576501.974597889,   6139941.80533565)",CHIRIGUANOS 2774 VIVIENDAS,1
2026-07-19,C_105,39,,,,S,,66774,Nocturno,,,134281,"POINT (  576568.887821197,   6140025.53396097)",CADIZ 2824,1
2026-07-19,C_105,40,,,,S,,66774,Nocturno,,,134274,"POINT (  576467.713172889,   6140097.39621065)",CHIAVARI 2829 VEREDA,1
2026-07-19,C_105,42,,,,S,,66774,Nocturno,,,183806,"POINT (  576136.639166667,   6141071.51551667)",BV EMILIO MIRA Y LOPEZ Esq. AV JOSE PEDRO VARELA,1
2026-07-19,C_105,43,,,,S,,66774,Nocturno,,,134387,"POINT (  576139.340071717,   6141072.11396604)",BV EMILIO MIRA Y LOPEZ Esq. AV JOSE PEDRO VARELA,1
2026-07-19,C_105,44,,,,S,,66774,Nocturno,,,134388,"POINT (  576205.465791574,   6140944.63527912)",QUIJOTE 2983 EN 2981,1
2026-07-19,C_105,45,,,,S,,66774,Nocturno,,,180726,"POINT (  576212.005235076,   6140841.35936101)",QUIJOTE 2941,1
2026-07-19,C_105,46,,,,S,,66774,Nocturno,,,183756,"POINT (  576215.054636746,   6140811.40586719)",QUIJOTE 2927,1
2026-07-19,C_105,47,,,,S,,66774,Nocturno,,,183804,"POINT (  576217.654233333,   6140766.85759167)",QUIJOTE 2903,1
2026-07-19,C_105,48,,,,S,,66774,Nocturno,,,183805,"POINT (  576217.784441667,   6140764.38363333)",QUIJOTE 2903,1
2026-07-19,C_105,49,,,,S,,66774,Nocturno,,,180731,"POINT (  576273.163887800,   6140728.28797604)",DR GUSTAVO GALLINAL 2332,1
2026-07-19,C_105,50,,,,S,,66774,Nocturno,,,134323,"POINT (  576365.891868620,   6140800.83685689)",GALATEA 3040 EN 3042,1
2026-07-19,C_105,51,,,,S,,66774,Nocturno,,,134328,"POINT (  576419.706471761,   6140873.81614823)",GALATEA 3096 PDO 3096,1
2026-07-19,C_105,52,,,,S,,66774,Nocturno,,,134324,"POINT (  576429.246312674,   6140777.51195221)",DULCINEA 3055 EN 3059,1
2026-07-19,C_105,53,,,,S,,66774,Nocturno,,,134322,"POINT (  576355.622271761,   6140677.02118156)",DULCINEA 2997,1
2026-07-19,C_105,54,,,,S,,66774,Nocturno,,,180727,"POINT (  576283.994757734,   6140584.46204488)",DULCINEA 2949 FTE 2946,1
2026-07-19,C_105,55,,,,S,,66774,Nocturno,,,134357,"POINT (  576433.003050980,   6140582.33141722)",FRANCISCO RODRIGO 2976 MURO,1
2026-07-19,C_105,56,,,,S,,66774,Nocturno,,,134358,"POINT (  576486.214992646,   6140655.11723388)",FRANCISCO RODRIGO 3023 FTE 3023,1
2026-07-19,C_105,57,,,,S,,66774,Nocturno,,,134330,"POINT (  576572.124525683,   6140771.36631546)",FRANCISCO RODRIGO 3085,1
2026-07-19,C_105,58,,,,S,,66774,Nocturno,,,134368,"POINT (  576656.490928529,   6140720.16193906)",JUAN ARRIETA 3092 MURO,1
2026-07-19,C_105,59,,,,S,,66774,Nocturno,,,134367,"POINT (  576655.259250394,   6140718.31442186)",JUAN ARRIETA 3092 MURO,1
2026-07-19,C_105,60,,,,S,,66774,Nocturno,,,134366,"POINT (  576566.830359313,   6140599.00545889)",JUAN ARRIETA 3010 FTE 3010,1
2026-07-19,C_105,61,,,,S,,66774,Nocturno,,,183839,"POINT (  576562.834852381,   6140591.64831429)",JUAN ARRIETA 3010,1
2026-07-19,C_105,110,,,,S,,66774,Nocturno,,,134315,"POINT (  576788.351196728,   6140539.32629363)",CHIAVARI 3055 EN 3057,1
2026-07-19,C_105,111,,,,S,,66774,Nocturno,,,134316,"POINT (  576738.964283394,   6140470.67305696)",CHIAVARI 3009 MURO C/ REJAS,1
2026-07-19,C_105,112,,,,S,,66774,Nocturno,,,134393,"POINT (  576681.436670061,   6140392.38665863)",CHIAVARI 2973 FTE 2978. MURO,1
2026-07-19,C_103,29,S,100,,S,,66775,Nocturno,2026-07-20 00:28:56,,181854,"POINT (  576067.957197386,   6139268.41805861)",COQUIMBO 2289,0
2026-07-19,C_103,30,S,100,,S,Basura Afuera,66775,Nocturno,2026-07-20 00:31:17,,176510,"POINT (  576053.206980392,   6139266.94016667)",COQUIMBO 2279,0
2026-07-19,C_103,31,S,100,,S,,66775,Nocturno,2026-07-20 00:33:06,,176565,"POINT (  575969.875252716,   6139260.91035336)",COQUIMBO 2241,0
2026-07-19,C_103,32,S,100,,S,,66775,Nocturno,2026-07-20 00:34:47,,134171,"POINT (  575913.201126057,   6139256.56466785)",COQUIMBO 2219,0
2026-07-19,C_103,33,S,100,,S,"Basura Afuera, Requiere Limpieza",66775,Nocturno,2026-07-20 00:37:56,,134170,"POINT (  575810.488288557,   6139248.91450535)",COQUIMBO 2179 CASA CON RETIRO.,0
2026-07-19,C_103,34,S,100,,S,,66775,Nocturno,2026-07-20 00:40:23,,134132,"POINT (  575725.333201057,   6139240.76269285)",COQUIMBO 2143 EN 2145,0
2026-07-19,C_103,35,S,100,,S,,66775,Nocturno,2026-07-20 00:41:46,,181901,"POINT (  575662.831364924,   6139237.59784946)",COQUIMBO 2109,0
2026-07-19,C_103,36,S,100,,S,,66775,Nocturno,2026-07-20 00:42:46,,134131,"POINT (  575615.346438557,   6139231.35675535)",COQUIMBO 2099,0
2026-07-19,C_103,37,S,100,,S,"Basura Afuera, Requiere Limpieza",66775,Nocturno,2026-07-20 00:47:13,,134100,"POINT (  575509.498288557,   6139220.32045535)",COQUIMBO 2051,0
2026-07-19,C_103,38,S,100,,S,"Basura Afuera, Requiere Limpieza",66775,Nocturno,2026-07-20 00:48:56,,179065,"POINT (  575495.136851412,   6139155.73578136)",DR MARTIN C MARTINEZ 2275,0
2026-07-19,C_103,39,S,100,,S,,66775,Nocturno,2026-07-20 00:50:45,,184373,"POINT (  575525.099377778,   6139105.89699129)",MARTIN GARCIA 2108,0
2026-07-19,C_103,40,S,100,,N,,66775,Nocturno,2026-07-20 00:53:07,,177493,"POINT (  575531.012557627,   6139107.48719379)",MARTIN GARCIA 2116,0
2026-07-19,C_103,41,S,100,,S,"Basura Afuera, Requiere Limpieza",66775,Nocturno,2026-07-20 00:53:17,,181902,"POINT (  575624.043332026,   6139117.81739368)",MARTIN GARCIA 2148,0
2026-07-19,C_103,42,S,100,,S,Basura Afuera,66775,Nocturno,2026-07-20 00:55:12,,183019,"POINT (  575684.825828249,   6139123.37349661)",MARTIN GARCIA 2168,0
2026-07-19,C_103,43,S,100,,S,"Basura Afuera, Requiere Limpieza",66775,Nocturno,2026-07-20 00:57:01,,134101,"POINT (  575778.257276057,   6139131.02675535)",MARTIN GARCIA 2206,0
2026-07-19,C_103,44,S,100,,S,"Basura Afuera, Requiere Limpieza",66775,Nocturno,2026-07-20 00:57:31,,134120,"POINT (  575856.514676057,   6139136.41949285)",MARTIN GARCIA 2242,0
2026-07-19,C_103,45,S,100,,S,"Basura Afuera, Requiere Limpieza",66775,Nocturno,2026-07-20 00:53:52,,134118,"POINT (  575912.950301057,   6139140.80893035)",MARTIN GARCIA 2268 EN 2266/2268,0
2026-07-19,C_103,46,S,100,,S,"Basura Afuera, Requiere Limpieza",66775,Nocturno,2026-07-20 00:59:46,,177447,"POINT (  575980.521063277,   6139144.09684577)",MARTIN GARCIA 2294,0
2026-07-19,C_103,47,S,100,,S,"Basura Afuera, Requiere Limpieza",66775,Nocturno,2026-07-20 01:02:35,,183017,"POINT (  576040.751950848,   6139152.48534012)",MARTIN GARCIA 2318 EN 2320,0
2026-07-19,C_103,48,S,100,,S,,66775,Nocturno,2026-07-20 01:05:45,,177446,"POINT (  576079.843097175,   6139152.91040509)",MARTIN GARCIA 2344,0
2026-07-19,C_103,49,S,100,,S,,66775,Nocturno,2026-07-20 01:12:09,,183979,"POINT (  576211.646784615,   6139121.59542663)",BV GRAL ARTIGAS 2179,0
2026-07-19,C_103,50,S,100,,S,Basura Afuera,66775,Nocturno,2026-07-20 01:12:47,,134178,"POINT (  576205.773711107,   6139061.01451161)",NUEVA PALMIRA 2246 PDO CORDON ROJO,0
2026-07-19,C_103,51,S,100,,S,,66775,Nocturno,2026-07-20 01:15:49,,181837,"POINT (  576030.028486803,   6139042.07668931)",NUEVA PALMIRA 2151 EN 2159,0
2026-07-19,C_103,52,S,100,,S,,66775,Nocturno,2026-07-20 01:17:50,,173272,"POINT (  576027.180381575,   6139041.46162122)",NUEVA PALMIRA 2151 EN 2159,0
2026-07-19,C_103,53,S,100,,S,,66775,Nocturno,2026-07-20 01:19:54,,134135,"POINT (  575934.270426057,   6139029.81886785)",NUEVA PALMIRA 2117 EN 2117/2119,0
2026-07-19,C_103,54,S,100,,S,,66775,Nocturno,2026-07-20 01:22:21,,181794,"POINT (  575798.391958170,   6139013.34326013)",NUEVA PALMIRA 2055,0
2026-07-19,C_103,55,S,100,,S,Basura Afuera,66775,Nocturno,2026-07-20 01:25:19,,134176,"POINT (  575704.765551057,   6139007.37003035)",NUEVA PALMIRA 2021,0
2026-07-19,C_103,56,S,100,,S,,66775,Nocturno,2026-07-20 01:28:34,,142852,"POINT (  575596.208504252,   6139002.16339074)",NUEVA PALMIRA 1973 EN 1975,0
2026-07-19,C_103,57,S,100,,S,,66775,Nocturno,2026-07-20 01:29:42,,134103,"POINT (  575540.349763557,   6139000.22151785)",NUEVA PALMIRA 1957 PDO ARBOL,0
2026-07-19,C_103,58,S,100,,S,,66775,Nocturno,2026-07-20 01:32:34,,183020,"POINT (  575506.571879661,   6139045.56047740)",DR MARTIN C MARTINEZ 2225,0
2026-07-19,C_103,59,S,100,,S,,66775,Nocturno,2026-07-20 01:34:58,,134180,"POINT (  575447.795338557,   6138995.95749285)",NUEVA PALMIRA 1913 MURO. CLUB DE BOCHAS,0
2026-07-19,C_103,60,S,100,,S,,66775,Nocturno,2026-07-20 01:36:43,,134102,"POINT (  575409.920763557,   6139066.18849285)",DEFENSA 2188 EN 2190,0
2026-07-19,C_103,61,S,100,,S,,66775,Nocturno,2026-07-20 01:37:37,,181903,"POINT (  575409.474497604,   6139071.21142985)",DEFENSA 2188,0
2026-07-19,C_103,62,S,100,,S,,66775,Nocturno,2026-07-20 01:39:54,,155952,"POINT (  575397.047784863,   6139186.17653927)",DEFENSA 2246 FTE 2249,0
2026-07-19,C_103,63,S,100,,S,,66775,Nocturno,2026-07-20 01:42:28,,134107,"POINT (  575390.858063557,   6139230.85510535)",DEFENSA 2260,0
2026-07-19,C_103,64,S,100,,S,,66775,Nocturno,2026-07-20 01:44:45,,134105,"POINT (  575382.330013557,   6139299.33033035)",DEFENSA 2280,0
2026-07-19,C_103,65,S,100,,S,Basura Afuera,66775,Nocturno,2026-07-20 01:47:22,,134142,"POINT (  575371.669951057,   6139402.79564285)",DEFENSA 2326,0
2026-07-19,C_103,66,S,100,,S,,66775,Nocturno,2026-07-20 01:48:44,,134106,"POINT (  575366.528038557,   6139450.32698035)",DEFENSA 2352 EN 2354,0
2026-07-19,C_103,67,S,100,,S,,66775,Nocturno,2026-07-20 01:51:25,,134144,"POINT (  575360.633651057,   6139501.74610535)",DEFENSA 2370,0
2026-07-19,C_103,68,S,100,,S,,66775,Nocturno,2026-07-20 01:53:35,,134143,"POINT (  575348.217813557,   6139602.20151785)",DEFENSA 2408 EN 2408/2410,0
2026-07-19,C_103,69,S,100,,S,,66775,Nocturno,2026-07-20 01:56:21,,134146,"POINT (  575340.880534375,   6139670.86352812)",DEFENSA 2442 ANTES 2448,0
2026-07-19,C_103,70,S,100,,S,,66775,Nocturno,2026-07-20 01:59:32,,134145,"POINT (  575334.605940625,   6139734.02777187)",DEFENSA 2462 MURO LADRILLOS,0
2026-07-19,C_103,71,S,100,,S,,66775,Nocturno,2026-07-20 02:01:21,,173332,"POINT (  575326.490128050,   6139814.86941389)",DEFENSA 2494 EN 2490,0
2026-07-19,C_103,72,S,100,,S,,66775,Nocturno,2026-07-20 02:03:29,,180492,"POINT (  575319.455321502,   6139872.99615154)",DEFENSA 2532,0
2026-07-19,C_103,73,S,100,,S,Basura Afuera,66775,Nocturno,2026-07-20 02:07:09,,180671,"POINT (  575313.763990322,   6139917.68227420)",DEFENSA 2556 EN 2556,0
2026-07-19,C_103,74,S,100,,S,"Basura Afuera, Requiere Limpieza",66775,Nocturno,2026-07-20 02:12:17,,134448,"POINT (  575316.886997266,   6139991.00848319)",VILARDEBO 2002 EN 2012. PDO ARBOL,0
2026-07-19,C_103,75,S,100,,S,,66775,Nocturno,2026-07-20 02:15:10,,143632,"POINT (  575521.212195292,   6140008.96959392)",VILARDEBO 2084,0
2026-07-19,C_103,76,S,100,,S,,66775,Nocturno,2026-07-20 02:15:21,,182111,"POINT (  575522.603739249,   6140009.02778339)",VILARDEBO 2084,0
2026-07-19,C_103,77,S,100,,S,,66775,Nocturno,2026-07-20 02:19:31,,143872,"POINT (  575634.525669376,   6140016.87684825)",VILARDEBO 2130,0
2026-07-19,C_103,78,S,100,,S,,66775,Nocturno,2026-07-20 02:21:13,,137412,"POINT (  575706.251247600,   6140023.80191353)",VILARDEBO 2158,0
2026-07-19,C_103,79,S,100,,S,Basura Afuera,66775,Nocturno,2026-07-20 02:25:09,,134436,"POINT (  575777.573109588,   6140029.53691486)",VILARDEBO 2198,0
2026-07-19,C_103,80,S,100,,S,,66775,Nocturno,2026-07-20 02:28:30,,134435,"POINT (  575881.726891854,   6140039.15940029)",CIRC INT PSJE A Esq. VILARDEBO EN 2240. MURO,0
2026-07-19,C_103,81,S,100,,S,,66775,Nocturno,2026-07-20 02:29:15,,134447,"POINT (  575883.805348707,   6140039.39033994)",CIRC INT PSJE A 2555 EN 2240. MURO,0
2026-07-19,C_103,82,S,100,,S,,66775,Nocturno,2026-07-20 02:33:51,,134182,"POINT (  575923.449988667,   6139969.41562591)",AURELIANO RODRIGUEZ LARRETA Esq. GUADALUPE COLUMNA/ARBOL,0
2026-07-19,C_103,83,,,,S,,66775,Nocturno,,,134186,"POINT (  575884.678659377,   6139956.14839062)",CIRC INT PSJE A Esq. GUADALUPE SALIDA VIVIENDAS. MURO,0
2026-07-19,C_103,84,,,,S,,66775,Nocturno,,,137012,"POINT (  575772.011142920,   6139947.94648976)",GUADALUPE 2187 EN 2189,0
2026-07-19,C_103,85,,,,S,,66775,Nocturno,,,149552,"POINT (  575751.476929109,   6139946.24468100)",GUADALUPE 2173,0
2026-07-19,C_103,86,,,,S,,66775,Nocturno,,,134189,"POINT (  575556.099100000,   6139931.05001562)",GUADALUPE 2097,0
2026-07-19,C_103,87,,,,S,,66775,Nocturno,,,184308,"POINT (  575552.925083224,   6139929.95955229)",GUADALUPE 2097,0
2026-07-19,C_103,88,,,,S,,66775,Nocturno,,,182122,"POINT (  575455.285551536,   6139923.01035586)",GUADALUPE 2057,0
2026-07-19,C_103,89,,,,S,,66775,Nocturno,,,134188,"POINT (  575450.476771875,   6139922.68389062)",GUADALUPE 2057,0
2026-07-19,C_103,90,,,,S,,66775,Nocturno,,,134138,"POINT (  575451.139913948,   6139823.50025689)",RIVADAVIA 2058 ARBOL/ARBOL,0
2026-07-19,C_103,91,,,,S,,66775,Nocturno,,,134136,"POINT (  575567.687457445,   6139826.96435164)",RIVADAVIA 2094 MURO,0
2026-07-19,C_103,92,,,,S,,66775,Nocturno,,,134110,"POINT (  575611.733831250,   6139828.14667813)",RIVADAVIA 2114 MURO,0
2026-07-19,C_103,93,,,,S,,66775,Nocturno,,,179260,"POINT (  575668.295726362,   6139828.56568170)",RIVADAVIA 2142,0
2026-07-19,C_103,94,,,,S,,66775,Nocturno,,,177382,"POINT (  575690.085472086,   6139812.18421401)",JUAN PAULLIER 2497,0
2026-07-19,C_103,95,,,,S,,66775,Nocturno,,,184424,"POINT (  575828.839871795,   6139746.34864551)",CUFRE 2468,0
2026-07-19,C_103,96,,,,S,,66775,Nocturno,,,143233,"POINT (  575828.649262236,   6139747.13621252)",CUFRE 2468,0
2026-07-19,C_103,97,,,,S,,66775,Nocturno,,,155333,"POINT (  575815.562682055,   6139879.38765223)",CUFRE 2516 EN 2516/2518,0
2026-07-19,C_103,98,,,,S,,66775,Nocturno,,,134111,"POINT (  575440.646575000,   6139748.25018438)",DR MARTIN C MARTINEZ 2567 EN 2569,0
2026-07-19,C_103,99,,,,S,,66775,Nocturno,,,134190,"POINT (  575473.901921875,   6139700.35411875)",ISLA DE GORRITI 2056,0
2026-07-19,C_103,100,,,,S,,66775,Nocturno,,,134141,"POINT (  575562.792000000,   6139702.44565000)",ISLA DE GORRITI 2094,0
2026-07-19,C_103,101,,,,S,,66775,Nocturno,,,176571,"POINT (  575669.608823092,   6139704.33539736)",ISLA DE GORRITI 2138,0
2026-07-19,C_103,102,,,,S,,66775,Nocturno,,,150877,"POINT (  575724.957359270,   6139706.18291456)",ISLA DE GORRITI 2154 EN 2160,0
2026-07-19,C_103,103,,,,S,,66775,Nocturno,,,140633,"POINT (  575949.507679204,   6139685.16740639)",ACEVEDO DIAZ 2389 EN 2391,0
2026-07-19,C_103,104,,,,S,,66775,Nocturno,,,140772,"POINT (  575953.763649238,   6139621.07526100)",ACEVEDO DIAZ 2361,0
2026-07-19,C_103,105,,,,S,,66775,Nocturno,,,182137,"POINT (  575961.298852941,   6139573.35451220)",ACEVEDO DIAZ 2347 EN 2347/2343,0
2026-07-19,C_103,106,,,,S,,66775,Nocturno,,,182136,"POINT (  575966.353319172,   6139508.16932702)",ACEVEDO DIAZ 2311 EN 2311/2307,0
2026-07-19,C_103,107,,,,S,,66775,Nocturno,,,134117,"POINT (  575824.107449114,   6139591.63684803)",DR DOMINGO ARAMBURU 2143 ARBOL/ARBOL,0
2026-07-19,C_103,108,,,,S,,66775,Nocturno,,,181904,"POINT (  575821.930134641,   6139591.59322615)",DR DOMINGO ARAMBURU 2143,0
2026-07-19,C_103,109,,,,S,,66775,Nocturno,,,134192,"POINT (  575733.390481606,   6139588.30192466)",DR DOMINGO ARAMBURU 2109 ARBOL/ARBOL,0
2026-07-19,C_103,110,,,,S,,66775,Nocturno,,,136779,"POINT (  575681.309765371,   6139586.17127631)",DR DOMINGO ARAMBURU 2081 EN 2091,0
2026-07-19,C_103,111,,,,S,,66775,Nocturno,,,134153,"POINT (  575627.577806745,   6139584.16979934)",DR DOMINGO ARAMBURU 2057 EN 2059. ANTES ARBOL,0
2026-07-19,C_103,112,,,,S,,66775,Nocturno,,,134152,"POINT (  575549.802721189,   6139581.43995591)",DR DOMINGO ARAMBURU 2031 EN 2031A,0
2026-07-19,C_103,113,,,,S,,66775,Nocturno,,,175730,"POINT (  575478.390792678,   6139579.78194598)",DR DOMINGO ARAMBURU 2001 EN 2007,0
2026-07-19,C_103,114,,,,S,,66775,Nocturno,,,176240,"POINT (  575460.762399375,   6139530.82274013)",DR MARTIN C MARTINEZ 2477,0
2026-07-19,C_103,115,,,,S,,66775,Nocturno,,,176570,"POINT (  575471.116193695,   6139427.01536734)",DR MARTIN C MARTINEZ 2409 EN 2409B,0
2026-07-19,C_103,116,,,,S,,66775,Nocturno,,,181900,"POINT (  575471.295976689,   6139425.39423421)",DR MARTIN C MARTINEZ 2409,0
2026-07-19,C_103,1,,,,S,,66775,Nocturno,,,180439,"POINT (  576029.706111281,   6140138.37859805)",COLORADO 2310 FTE 2303,1
2026-07-19,C_103,2,,,,S,,66775,Nocturno,,,183016,"POINT (  576032.599528249,   6140138.56252881)",COLORADO 2310,1
2026-07-19,C_103,3,,,,S,,66775,Nocturno,,,134166,"POINT (  576132.576214705,   6140111.20617390)",BV GRAL ARTIGAS Esq. COLORADO VIVIENDAS,1
2026-07-19,C_103,4,,,,S,,66775,Nocturno,,,134165,"POINT (  576137.186673464,   6140055.16161735)",BV GRAL ARTIGAS 2445 VIVIENDAS,1
2026-07-19,C_103,5,,,,S,,66775,Nocturno,,,169132,"POINT (  576184.863361751,   6139468.35257479)",BV GRAL ARTIGAS 2339,1
2026-07-19,C_103,6,,,,S,,66775,Nocturno,,,179257,"POINT (  576187.614647930,   6139397.02735011)",BV GRAL ARTIGAS 2301 EN 2301,1
2026-07-19,C_103,7,S,75,,S,"Basura Afuera, Requiere Limpieza",66775,Nocturno,2026-07-20 00:25:18,,176329,"POINT (  576073.753211044,   6139524.04851037)",DR DUVIMIOSO TERRA 2312,1
2026-07-19,C_103,8,S,75,,S,"Basura Afuera, Requiere Limpieza",66775,Nocturno,2026-07-20 00:25:57,,165252,"POINT (  576072.983412210,   6139538.82864799)",DR DUVIMIOSO TERRA 2318 FTE 2323,1
2026-07-19,C_103,9,,,,S,,66775,Nocturno,,,134122,"POINT (  575954.261518932,   6139490.61665343)",DR JUAN J DE AMEZAGA 2245 EN 2243,1
2026-07-19,C_103,10,,,,S,,66775,Nocturno,,,139553,"POINT (  575914.857721605,   6139488.35205747)",DR JUAN J DE AMEZAGA 2227,1
2026-07-19,C_103,11,,,,S,,66775,Nocturno,,,171712,"POINT (  575827.879463403,   6139483.63407157)",DR JUAN J DE AMEZAGA 2195,1
2026-07-19,C_103,12,,,,S,,66775,Nocturno,,,170312,"POINT (  575708.607336036,   6139475.00173326)",DR JUAN J DE AMEZAGA 2149,1
2026-07-19,C_103,13,,,,S,,66775,Nocturno,,,169112,"POINT (  575699.472681474,   6139472.65681965)",DR JUAN J DE AMEZAGA 2143 SUBESTACIÓN,1
2026-07-19,C_103,14,,,,S,,66775,Nocturno,,,134156,"POINT (  575601.253794402,   6139448.37283805)",DR JUAN J DE AMEZAGA 2097,1
2026-07-19,C_103,15,,,,S,,66775,Nocturno,,,137333,"POINT (  575547.343016030,   6139430.38778054)",DR JUAN J DE AMEZAGA 2071,1
2026-07-19,C_103,16,,,,S,,66775,Nocturno,,,134159,"POINT (  575477.450137458,   6139358.44788452)",DR MARTIN C MARTINEZ 2373,1
2026-07-19,C_103,17,,,,S,,66775,Nocturno,,,134160,"POINT (  575497.404823884,   6139331.82974148)",CAGANCHA 2054 ARBOL/ARBOL,1
2026-07-19,C_103,18,,,,S,,66775,Nocturno,,,134097,"POINT (  575605.099680788,   6139338.45001145)",CAGANCHA 2098,1
2026-07-19,C_103,19,,,,S,,66775,Nocturno,,,183018,"POINT (  575655.028787006,   6139343.94585141)",CAGANCHA 2110 EN 2110/2114,1
2026-07-19,C_103,20,,,,S,,66775,Nocturno,,,134098,"POINT (  575717.490310580,   6139346.30195956)",CAGANCHA 2144 MURO,1
2026-07-19,C_103,21,,,,S,,66775,Nocturno,,,142873,"POINT (  575755.565955829,   6139347.77381508)",CAGANCHA 2156,1
2026-07-19,C_103,22,,,,S,,66775,Nocturno,,,176511,"POINT (  575875.409760784,   6139356.36327255)",CAGANCHA 2202 ARBOL/ARBOL,1
2026-07-19,C_103,23,,,,S,,66775,Nocturno,,,134095,"POINT (  575887.076993752,   6139356.92518347)",CAGANCHA 2210 EN 2212,1
2026-07-19,C_103,24,,,,S,,66775,Nocturno,,,134113,"POINT (  576034.955349800,   6139366.16276948)",CAGANCHA 2276 EN 2278,1
2026-07-19,C_103,25,,,,S,,66775,Nocturno,,,134130,"POINT (  576095.615497935,   6139369.85780389)",CAGANCHA 2304 PDO COLUMNA. MURO C/REJAS,1
2026-07-19,C_103,26,,,,S,,66775,Nocturno,,,134129,"POINT (  576172.980280771,   6139375.40035549)",CAGANCHA 2348,1
2026-07-19,C_103,27,,,,S,,66775,Nocturno,,,134162,"POINT (  576196.013254452,   6139327.28784249)",BV GRAL ARTIGAS 2275 VEREDA. EN 2277,1
2026-07-19,C_103,28,S,100,,S,Basura Afuera,66775,Nocturno,2026-07-20 00:24:02,,180390,"POINT (  576189.143124801,   6139278.85415085)",COQUIMBO 2347 ESQ,1
2026-07-19,E_109,1,S,75,,S,,66776,Nocturno,2026-07-19 23:13:50,,179112,"POINT (  580431.659209012,   6138184.98098548)",ARRASCAETA 1495 EN 1485/1475,0
2026-07-19,E_109,2,S,50,,S,Basura Afuera,66776,Nocturno,2026-07-19 23:13:57,,184149,"POINT (  580432.248168410,   6138184.26405251)",ARRASCAETA 1495,0
2026-07-19,E_109,3,S,25,,S,,66776,Nocturno,2026-07-19 23:15:36,,107765,"POINT (  580515.606595664,   6138090.66542102)",ARRASCAETA 1395,0
2026-07-19,E_109,4,S,25,,S,,66776,Nocturno,2026-07-19 23:18:00,,184129,"POINT (  580561.815061438,   6138027.40404096)",ARRASCAETA 1359,0
2026-07-19,E_109,5,S,25,,S,,66776,Nocturno,2026-07-19 23:18:05,,107764,"POINT (  580572.072019386,   6138014.28281094)",ARRASCAETA 1357,0
2026-07-19,E_109,6,S,25,,S,,66776,Nocturno,2026-07-19 23:36:41,,175336,"POINT (  580149.202501204,   6137956.17431952)",VERDI 4128 VIVIENDAS,0
2026-07-19,E_109,7,S,25,,S,,66776,Nocturno,2026-07-19 23:36:48,,107759,"POINT (  580150.885643714,   6137957.13611524)",VERDI 4128 VIVIENDAS,0
2026-07-19,E_109,8,S,25,,S,,66776,Nocturno,2026-07-19 23:37:02,,107760,"POINT (  580152.889384797,   6137958.33835989)",VERDI 4128 VIVIENDAS,0
2026-07-19,E_109,9,S,25,,S,,66776,Nocturno,2026-07-19 23:32:02,,156413,"POINT (  580329.939946901,   6138035.48239159)",AV MCAL FRANCISCO SOLANO LOPEZ 1415,0
2026-07-19,E_109,10,S,25,,S,,66776,Nocturno,2026-07-19 23:30:02,,107748,"POINT (  580342.042543044,   6138019.21201400)",AV MCAL FRANCISCO SOLANO LOPEZ 1405,0
2026-07-19,E_109,11,S,25,,S,,66776,Nocturno,2026-07-19 23:31:55,,177349,"POINT (  580411.371984520,   6137932.89084813)",AV MCAL FRANCISCO SOLANO LOPEZ 1352 FTE 1352,0
2026-07-19,E_109,12,S,25,,S,,66776,Nocturno,2026-07-19 23:32:08,,177350,"POINT (  580413.215426316,   6137930.32605955)",AV MCAL FRANCISCO SOLANO LOPEZ 1352 FTE 1352,0
2026-07-19,E_109,13,S,25,,S,,66776,Nocturno,2026-07-19 23:22:12,,179086,"POINT (  580285.692037223,   6137932.65195234)",DONIZETTI 1348 SOLAMENTE RETIRAR,0
2026-07-19,E_109,14,S,25,,S,,66776,Nocturno,2026-07-19 23:22:02,,180910,"POINT (  580233.189500872,   6137933.11208020)",DONIZETTI 1372,0
2026-07-19,E_109,15,S,25,,S,,66776,Nocturno,2026-07-19 23:24:59,,181105,"POINT (  580215.594895073,   6137959.49083010)",DONIZETTI 1384,0
2026-07-19,E_109,16,S,50,,S,,66776,Nocturno,2026-07-19 23:25:14,,177348,"POINT (  580202.902762232,   6138094.23208015)",JUAN M ESPINOSA 1443 FTE 1443,0
2026-07-19,E_109,17,S,25,,N,,66776,Nocturno,2026-07-19 23:25:22,,179087,"POINT (  580201.780667225,   6138096.23582123)",JUAN M ESPINOSA 1443 FTE 1443,0
2026-07-19,E_109,18,S,50,,S,,66776,Nocturno,2026-07-19 23:25:29,,179921,"POINT (  580198.906061220,   6138103.39739129)",JUAN M ESPINOSA 1447 FTE 1447,0
2026-07-19,E_109,19,S,25,,S,,66776,Nocturno,2026-07-19 23:27:15,,177346,"POINT (  580286.076623351,   6138093.09901229)",AV MCAL FRANCISCO SOLANO LOPEZ 1435,0
2026-07-19,E_109,20,S,50,,S,,66776,Nocturno,2026-07-19 23:38:11,,107754,"POINT (  580334.326569600,   6138073.18750846)",VERDI 4252,0
2026-07-19,E_109,21,S,50,,S,,66776,Nocturno,2026-07-19 23:46:22,,181580,"POINT (  583205.217264924,   6138477.40925970)",CARAMURU 5524 VEREDA,0
2026-07-19,E_109,22,S,75,,S,,66776,Nocturno,2026-07-19 23:47:48,,107530,"POINT (  583250.418163550,   6138397.18216418)",NATIVA 1409 EN 1409/1403,0
2026-07-19,E_109,23,S,50,,S,,66776,Nocturno,2026-07-19 23:50:09,,179113,"POINT (  583349.443327221,   6138356.64931724)",PALMAS Y OMBUES 5580 (RETIRA VIEJO DE GRITO DE GLORIA 1410),0
2026-07-19,E_109,24,S,75,,S,,66776,Nocturno,2026-07-19 23:50:15,,107531,"POINT (  583353.345517060,   6138356.23778867)",PALMAS Y OMBUES 5580,0
2026-07-19,E_109,25,S,50,,S,,66776,Nocturno,2026-07-19 23:51:48,,107532,"POINT (  583350.257739080,   6138246.02418710)",ISMAEL 5565,0
2026-07-19,E_109,26,S,50,,S,,66776,Nocturno,2026-07-20 00:37:18,,107507,"POINT (  583307.740347930,   6138529.72338193)",RENE 1468,0
2026-07-19,E_109,27,S,75,,S,,66776,Nocturno,2026-07-20 00:38:35,,107576,"POINT (  583311.412181360,   6138638.74961254)",RENE 1534,0
2026-07-19,E_109,28,S,50,,S,,66776,Nocturno,2026-07-20 00:40:11,,107552,"POINT (  583312.423810030,   6138749.87588983)",RENE 1558 1562/1558,0
2026-07-19,E_109,29,S,75,,S,,66776,Nocturno,2026-07-20 00:41:55,,107553,"POINT (  583323.809648830,   6138931.19473051)",RENE 1652 EN 1660,0
2026-07-19,E_109,30,S,75,,S,,66776,Nocturno,2026-07-20 00:43:16,,107554,"POINT (  583341.864142570,   6138975.14291503)",RENE 1707 EN 1692,0
2026-07-19,E_109,31,S,50,,S,Basura Afuera,66776,Nocturno,2026-07-20 00:27:53,,107556,"POINT (  583260.161648660,   6139059.16693965)",ING JOSE ACQUISTAPACE Esq. PALERMO,0
2026-07-19,E_109,32,S,50,,S,,66776,Nocturno,2026-07-20 00:30:42,,107557,"POINT (  583185.631663739,   6138861.30424153)",ING JOSE ACQUISTAPACE 1597 EN 1591,0
2026-07-19,E_109,33,S,75,,S,,66776,Nocturno,2026-07-20 00:34:49,,107506,"POINT (  583183.605520650,   6138759.64218476)",ING JOSE ACQUISTAPACE 1559,0
2026-07-19,E_109,34,S,50,,S,,66776,Nocturno,2026-07-20 00:34:54,,158432,"POINT (  583181.843073862,   6138725.56245408)",ING JOSE ACQUISTAPACE 1555 EN 1543,0
2026-07-19,E_109,35,S,100,,S,,66776,Nocturno,2026-07-20 00:35:01,,179094,"POINT (  583179.219692272,   6138575.00971557)",ING JOSE ACQUISTAPACE 1491,0
2026-07-19,E_109,36,S,50,,S,,66776,Nocturno,2026-07-19 23:54:25,,107567,"POINT (  583424.397451204,   6138542.06821218)",GRITO DE GLORIA 1466 (TRAER DESDE LA ESQUINA),0
2026-07-19,E_109,37,S,100,,S,,66776,Nocturno,2026-07-19 23:56:22,,107508,"POINT (  583428.816106610,   6138681.61159451)",GRITO DE GLORIA 1548 EN 1448/1446,0
2026-07-19,E_109,38,S,50,,S,,66776,Nocturno,2026-07-19 23:57:55,,107565,"POINT (  583428.244634083,   6138729.77867684)",GRITO DE GLORIA 1556 FTE 1551 (ALEJAR BOCA DE TORMENTA),0
2026-07-19,E_109,39,S,75,,S,,66776,Nocturno,2026-07-19 23:59:14,,107562,"POINT (  583430.618830660,   6138815.77748465)",GRITO DE GLORIA 1580 1580/1582,0
2026-07-19,E_109,40,S,50,,S,,66776,Nocturno,2026-07-20 00:01:54,,107563,"POINT (  583432.412415536,   6138927.82844550)",GRITO DE GLORIA 1660 EN 1690 (RETIRAR VIEJO DE PALERMO 5570/60),0
2026-07-19,E_109,41,S,25,,S,,66776,Nocturno,2026-07-20 00:02:00,,107564,"POINT (  583432.252116249,   6138932.95802267)",GRITO DE GLORIA 1660 EN 1690 (RETIRAR VIEJO DE PALERMO 5570/60),0
2026-07-19,E_109,42,S,75,,S,,66776,Nocturno,2026-07-20 00:04:29,,180646,"POINT (  583517.172767974,   6139059.59819172)",GRITO DE GLORIA 1825 POS PROVISORIA - APOYO,0
2026-07-19,E_109,43,S,25,,S,,66776,Nocturno,2026-07-20 00:04:35,,107561,"POINT (  583519.076250622,   6139064.44275088)",GRITO DE GLORIA 1825 EN 1830,0
2026-07-19,E_109,44,S,25,,S,,66776,Nocturno,2026-07-20 00:15:11,,179114,"POINT (  583247.655123780,   6139225.38636704)",AV ARQ EUGENIO P BAROFFIO 2064 CERCO VEGETAL (RETIRAR VIEJO VEREDA DE ENFRENTE),0
2026-07-19,E_109,45,S,50,,S,,66776,Nocturno,2026-07-20 00:16:24,,179115,"POINT (  583281.728905358,   6139312.59214701)",AV ARQ EUGENIO P BAROFFIO 2088 (RETIRAR VIEJO VEREDA DE ENFRENTE),0
2026-07-19,E_109,46,S,25,,S,,66776,Nocturno,2026-07-20 00:17:48,,179116,"POINT (  583317.535252100,   6139409.03827452)",AV ARQ EUGENIO P BAROFFIO 2134 EN 2130. MURO. (RETIRAR VIEJO VEREDA DE ENFRENTE),0
2026-07-19,E_109,47,S,50,,S,,66776,Nocturno,2026-07-20 00:19:46,,180595,"POINT (  583586.504058824,   6139426.66808235)",EMILIO ORIBE 2121,0
2026-07-19,E_109,48,S,50,,S,,66776,Nocturno,2026-07-20 00:21:30,,179305,"POINT (  583553.970642919,   6139372.13788889)",SARA DE IBAÑEZ 5636,0
2026-07-19,E_109,49,S,75,,S,Basura Afuera,66776,Nocturno,2026-07-20 00:22:54,,179303,"POINT (  583460.775604357,   6139382.19548279)",SARA DE IBAÑEZ 5593 EN 5593/5595,0
2026-07-19,E_109,50,S,75,,S,,66776,Nocturno,2026-07-20 00:24:50,,180670,"POINT (  583342.786512510,   6139225.74562876)",ING JOSE ACQUISTAPACE 2045,0
2026-07-19,E_109,51,S,50,,S,,66776,Nocturno,2026-07-20 00:07:25,,179109,"POINT (  583569.334722740,   6139160.41517335)",ESTHER DE CACERES 5639 FTE 5639. (RETIRAR VIEJO DE AV ESC LEDO ARROYO TORRES FTE 5630),0
2026-07-19,E_109,52,S,25,,S,,66776,Nocturno,2026-07-20 00:07:38,,107574,"POINT (  583572.754440998,   6139160.18226151)",ESTHER DE CACERES 5639 FTE 5639,0
2026-07-19,E_109,53,S,75,,S,,66776,Nocturno,2026-07-20 00:09:17,,107521,"POINT (  583772.367127698,   6139278.00223719)",JUSTINO ZAVALA MUNIZ 5719,0
2026-07-19,E_109,54,S,25,,S,,66776,Nocturno,2026-07-20 00:10:38,,179304,"POINT (  583661.813780174,   6139269.63244227)",JUSTINO ZAVALA MUNIZ 5671,0
2026-07-19,E_109,55,S,25,,S,,66776,Nocturno,2026-07-20 00:12:04,,107579,"POINT (  583583.801142850,   6139265.23676685)",JUSTINO ZAVALA MUNIZ 5647,0
2026-07-19,E_109,56,S,50,,S,,66776,Nocturno,2026-07-20 00:13:26,,107580,"POINT (  583450.606384571,   6139223.66077902)",JUSTINO ZAVALA MUNIZ 5591 FTE 5566,0
2026-07-19,E_109,57,S,75,,S,,66776,Nocturno,2026-07-20 00:26:20,,107555,"POINT (  583307.138523019,   6139133.49243026)",ING JOSE ACQUISTAPACE 1807,0
2026-07-19,E_109,58,S,50,,S,Basura Afuera,66776,Nocturno,2026-07-20 00:44:32,,180004,"POINT (  583362.397432462,   6138998.88920000)",RENE 1707,0
2026-07-19,E_109,59,S,100,,S,,66776,Nocturno,2026-07-20 00:46:29,,107570,"POINT (  583535.034090000,   6138872.17192667)",HERNANI 1641,0
2026-07-19,E_109,60,S,50,,S,,66776,Nocturno,2026-07-20 00:49:07,,107571,"POINT (  583534.923809348,   6138767.44900921)",HERNANI 1571,0
2026-07-19,E_109,61,S,100,,S,,66776,Nocturno,2026-07-20 00:49:14,,109092,"POINT (  583530.759363670,   6138723.21678273)",HERNANI 1553,0
2026-07-19,E_109,62,S,75,,S,,66776,Nocturno,2026-07-20 00:53:06,,180986,"POINT (  582984.068213311,   6138811.06094892)",ALBERTO ZUM FELDE 1608 EN 1571,0
2026-07-19,E_109,63,S,75,,S,,66776,Nocturno,2026-07-20 00:53:13,,180987,"POINT (  582979.972650171,   6138815.61157463)",ALBERTO ZUM FELDE 1608 EN 1571,0
2026-07-19,E_109,64,S,100,,S,,66776,Nocturno,2026-07-20 00:54:30,,107591,"POINT (  582920.673537960,   6138906.26985426)",ALBERTO ZUM FELDE 1634 EN 1636,0
2026-07-19,E_109,65,S,50,,S,,66776,Nocturno,2026-07-20 00:57:03,,113812,"POINT (  582865.449047333,   6139001.35082666)",ALBERTO ZUM FELDE 1694,0
2026-07-19,E_109,66,S,100,,S,,66776,Nocturno,2026-07-20 00:57:13,,107592,"POINT (  582861.711173100,   6139006.39811859)",ALBERTO ZUM FELDE 1694,0
2026-07-19,E_109,67,S,100,,S,Basura Afuera,66776,Nocturno,2026-07-20 01:49:44,,107516,"POINT (  583068.505637750,   6139223.09977919)",SEPEE 1704,0
2026-07-19,E_109,68,S,100,,S,,66776,Nocturno,2026-07-20 01:51:34,,107586,"POINT (  582990.908105283,   6139338.55529274)",SEPEE 1764 EN 1764/1778,0
2026-07-19,E_109,69,S,50,,S,,66776,Nocturno,2026-07-20 01:53:37,,107517,"POINT (  583193.045505748,   6139449.32209981)",ALMIRON 5568 FTE 5568,0
2026-07-19,E_109,70,S,75,,S,,66776,Nocturno,2026-07-20 01:55:01,,107587,"POINT (  583159.222356265,   6139361.39794108)",ALMIRON 5529,0
2026-07-19,E_109,71,S,50,,S,,66776,Nocturno,2026-07-20 01:57:43,,183911,"POINT (  583111.165716536,   6139222.97763937)",ALMIRON 5458,0
2026-07-19,E_109,72,S,25,,S,,66776,Nocturno,2026-07-20 01:57:58,,183910,"POINT (  583110.115847769,   6139221.14036903)",ALMIRON 5463,0
2026-07-19,E_109,73,S,75,,S,,66776,Nocturno,2026-07-20 00:58:32,,179098,"POINT (  582786.245991050,   6139107.84454439)",ALBERTO ZUM FELDE 1718,0
2026-07-19,E_109,74,S,25,,S,,66776,Nocturno,2026-07-20 00:59:45,,113972,"POINT (  582731.784308414,   6139193.32413903)",ALBERTO ZUM FELDE 1736 EN 1738,0
2026-07-19,E_109,75,S,50,,S,,66776,Nocturno,2026-07-20 01:01:29,,113992,"POINT (  582671.542912600,   6139283.76649721)",ALBERTO ZUM FELDE 1788,0
2026-07-19,E_109,76,S,50,,S,,66776,Nocturno,2026-07-20 01:44:12,,107590,"POINT (  582814.487692140,   6139315.05622183)",VOLTEADORES 1771,0
2026-07-19,E_109,77,S,50,,S,,66776,Nocturno,2026-07-20 01:45:43,,107588,"POINT (  582874.130074959,   6139226.58624101)",VOLTEADORES 1753,0
2026-07-19,E_109,78,S,75,,S,,66776,Nocturno,2026-07-20 01:47:02,,107589,"POINT (  582944.741910728,   6139120.94901111)",VOLTEADORES 1703 EN 1715,0
2026-07-19,E_109,79,S,75,,S,,66776,Nocturno,2026-07-20 02:17:55,,107538,"POINT (  582487.608420026,   6138814.25640094)",GRAL ANDRES GOMEZ 1660,0
2026-07-19,E_109,80,S,50,,S,,66776,Nocturno,2026-07-20 02:19:17,,107514,"POINT (  582415.233292104,   6138923.66066408)",GRAL ANDRES GOMEZ 1762 EN 1764,0
2026-07-19,E_109,81,S,50,,S,,66776,Nocturno,2026-07-20 02:20:44,,107511,"POINT (  582315.051804100,   6139074.68021675)",GRAL ANDRES GOMEZ 1824,0
2026-07-19,E_109,82,S,50,,S,,66776,Nocturno,2026-07-20 02:22:00,,160632,"POINT (  582245.245138778,   6139181.22201107)",GRAL ANDRES GOMEZ 1848,0
2026-07-19,E_109,83,S,75,,S,,66776,Nocturno,2026-07-20 02:06:25,,121932,"POINT (  582570.603375689,   6139151.40587558)",ALEJANDRO FLEMING 1739,0
2026-07-19,E_109,84,S,50,,S,,66776,Nocturno,2026-07-20 02:08:12,,107526,"POINT (  582686.959460880,   6138974.19233825)",ALEJANDRO FLEMING 1651,0
2026-07-19,E_109,85,S,100,,S,,66776,Nocturno,2026-07-20 02:09:20,,107599,"POINT (  582729.266858580,   6138911.86899117)",ALEJANDRO FLEMING Esq. ALMIRON,0
2026-07-19,E_109,86,S,50,,S,,66776,Nocturno,2026-07-20 02:10:59,,107600,"POINT (  582787.418139710,   6138823.91513301)",ALEJANDRO FLEMING 1623,0
2026-07-19,E_109,87,S,75,,S,Basura Afuera,66776,Nocturno,2026-07-20 02:12:44,,107601,"POINT (  582862.668675964,   6138712.50642873)",ALEJANDRO FLEMING 1555,0
2026-07-19,E_109,88,S,75,,S,,66776,Nocturno,2026-07-20 02:15:32,,181579,"POINT (  582651.937837095,   6138788.11376297)",DR ALEJANDRO GALLINAL 1626 VEREDA,0
2026-07-19,E_109,89,S,50,,S,,66776,Nocturno,2026-07-20 02:15:39,,181578,"POINT (  582630.337088375,   6138819.11962237)",DR ALEJANDRO GALLINAL 1642 VEREDA,0
2026-07-19,E_109,90,S,50,,S,,66776,Nocturno,2026-07-20 02:00:18,,181577,"POINT (  582564.087902110,   6138919.37190112)",DR ALEJANDRO GALLINAL 1666 1668/66 VEREDA,0
2026-07-19,E_109,91,S,50,,S,,66776,Nocturno,2026-07-20 02:01:42,,181576,"POINT (  582490.293956722,   6139029.02929056)",DR ALEJANDRO GALLINAL 1706 VEREDA,0
2026-07-19,E_109,92,S,50,,S,,66776,Nocturno,2026-07-20 02:03:06,,181575,"POINT (  582442.441580371,   6139101.37629584)",DR ALEJANDRO GALLINAL 1730 VEREDA,0
2026-07-19,E_109,93,S,25,,N,,66776,Nocturno,2026-07-20 02:03:11,,181574,"POINT (  582440.787934536,   6139103.85676459)",DR ALEJANDRO GALLINAL 1730 VEREDA,0
2026-07-19,E_109,94,S,50,,S,,66776,Nocturno,2026-07-20 02:04:37,,181573,"POINT (  582368.130870660,   6139212.99738970)",DR ALEJANDRO GALLINAL 1782 1782,0
2026-07-19,E_111,52,S,50,,S,Basura Afuera,66776,Nocturno,2026-07-20 02:36:19,,183982,"POINT (  585557.755081925,   6140965.24419096)",ORLEANS 2485,1
2026-07-19,E_111,53,S,50,,S,,66776,Nocturno,2026-07-20 02:38:54,,107880,"POINT (  585562.894429412,   6140920.00608236)",ORLEANS 2465,1
2026-07-19,E_111,54,S,50,,S,Basura Afuera,66776,Nocturno,2026-07-20 02:39:02,,107858,"POINT (  585584.462088514,   6140666.81572005)",ORLEANS 2383,1
2026-07-19,E_111,55,S,50,,S,Basura Afuera,66776,Nocturno,2026-07-20 02:40:13,,107879,"POINT (  585603.587583460,   6140465.87757841)",ORLEANS 2319,1
2026-07-19,E_111,56,S,50,,S,,66776,Nocturno,2026-07-20 02:41:37,,175434,"POINT (  585604.061110544,   6140461.18727435)",ORLEANS 2319,1
2026-07-19,E_111,57,S,50,,S,,66776,Nocturno,2026-07-20 02:44:18,,107867,"POINT (  585611.911439290,   6140347.57032962)",ORLEANS 2267,1
2026-07-19,E_111,58,S,25,,S,,66776,Nocturno,2026-07-20 02:46:07,,107859,"POINT (  585725.789424210,   6140397.24699455)",EDMUNDO BIANCHI 2277,1
2026-07-19,E_111,59,S,50,,S,,66776,Nocturno,2026-07-20 02:47:52,,107890,"POINT (  585817.504189480,   6140475.03871376)",DR ALVARO VARGAS GUILLEMETTE 2298,1
2026-07-19,E_111,60,S,50,,S,,66776,Nocturno,2026-07-20 02:51:35,,183139,"POINT (  585830.504269499,   6140319.53968911)",DR ALVARO VARGAS GUILLEMETTE 2260,1
2026-07-19,E_111,61,S,100,,S,,66776,Nocturno,2026-07-20 02:51:42,,183138,"POINT (  585830.939999346,   6140315.18239063)",DR ALVARO VARGAS GUILLEMETTE Esq. GRAL MAXIMO TAJES,1
2026-07-19,E_111,63,,,,S,,66776,Nocturno,,,107866,"POINT (  585957.673745120,   6140376.24842095)",DR ENRIQUE AZAROLA 2268,2
2026-07-19,E_111,64,,,,S,,66776,Nocturno,,,179124,"POINT (  585940.301261017,   6140573.80400283)",DR ENRIQUE AZAROLA 2342,2
2026-07-19,E_111,65,,,,S,,66776,Nocturno,,,107864,"POINT (  585961.087951630,   6140681.82697790)",DR ALFREDO VASQUEZ ACEVEDO 7215,2
2026-07-19,E_111,69,,,,S,,66776,Nocturno,,,107868,"POINT (  585720.590012090,   6140660.64108954)",DR ALFREDO VASQUEZ ACEVEDO 7109,3
2026-07-19,C_112,35,S,75,,S,,66777,Nocturno,2026-07-19 23:44:52,,180038,"POINT (  573986.063988889,   6141477.73665469)",CHUY 3325 EN 3325,0
2026-07-19,C_112,36,S,50,,S,,66777,Nocturno,2026-07-19 23:46:36,,138616,"POINT (  573965.384259013,   6141410.19005492)",CHUY Esq. HERRERO Y ESPINOSA FTE 3280,0
2026-07-19,C_112,37,S,50,,S,,66777,Nocturno,2026-07-19 23:48:01,,181416,"POINT (  573951.456391721,   6141364.58829216)",CHUY 3265 FTE 3264,0
2026-07-19,C_112,38,S,50,,S,,66777,Nocturno,2026-07-19 23:48:59,,183545,"POINT (  573928.834515254,   6141298.37740565)",CHUY 3233 3233/3227,0
2026-07-19,C_112,39,S,100,,S,"Basura Afuera, Requiere Limpieza",66777,Nocturno,2026-07-19 23:50:57,,138666,"POINT (  573881.627523061,   6141247.11076316)",AMERICO VESPUCIO 1401 EN 1401/1403,0
2026-07-19,C_112,40,S,75,,S,"Basura Afuera, Requiere Limpieza",66777,Nocturno,2026-07-19 23:53:09,,183190,"POINT (  573796.687010457,   6141741.21648955)",DR CARLOS VAZ FERREIRA 3464,0
2026-07-19,C_112,41,S,75,,S,"Basura Afuera, Requiere Limpieza",66777,Nocturno,2026-07-19 23:54:05,,151752,"POINT (  573824.845825988,   6141790.23864274)",DR CARLOS VAZ FERREIRA 3490 EN 3486/3490,0
2026-07-19,C_112,42,S,50,,S,,66777,Nocturno,2026-07-19 23:55:17,,151772,"POINT (  573867.613573605,   6141869.64549078)",DR CARLOS VAZ FERREIRA 3534,0
2026-07-19,C_112,43,S,50,,S,Fuera de Lugar,66777,Nocturno,2026-07-19 23:57:51,,138655,"POINT (  573922.027830991,   6141978.25779934)",DR CARLOS VAZ FERREIRA 3584,0
2026-07-19,C_112,44,S,50,,S,,66777,Nocturno,2026-07-19 23:57:45,,138637,"POINT (  573956.124330964,   6142037.16002048)",DR CARLOS VAZ FERREIRA 3610,0
2026-07-19,C_112,45,S,50,,S,,66777,Nocturno,2026-07-19 23:59:25,,138640,"POINT (  573979.179486111,   6142087.14155608)",DR CARLOS VAZ FERREIRA 3639 FTE 3639 MURO VEGETAL.,0
2026-07-19,C_112,46,S,25,,S,,66777,Nocturno,2026-07-19 23:59:22,,179862,"POINT (  573979.727138562,   6142088.42804292)",DR CARLOS VAZ FERREIRA 3639 PROV A. FTE 3639,0
2026-07-19,C_112,47,S,50,,S,,66777,Nocturno,2026-07-20 00:00:54,,183494,"POINT (  574021.350486274,   6142161.67003311)",DR CARLOS VAZ FERREIRA 3660,0
2026-07-19,C_112,48,S,50,,S,,66777,Nocturno,2026-07-20 00:02:40,,183493,"POINT (  574101.742643137,   6142226.15805054)",AV DR LUIS ALBERTO DE HERRERA 4235,0
2026-07-19,C_112,49,S,75,,S,"Basura Afuera, Requiere Limpieza",66777,Nocturno,2026-07-20 00:05:06,,184047,"POINT (  574259.051036149,   6142011.18231650)",NELSON 3601,0
2026-07-19,C_112,50,S,75,,S,Basura Afuera,66777,Nocturno,2026-07-19 23:38:40,,138619,"POINT (  574268.794731445,   6141692.08398623)",GUARDIA ORIENTAL 3493 EN 3491/3493,0
2026-07-19,C_112,51,S,75,,S,,66777,Nocturno,2026-07-19 23:40:30,,138618,"POINT (  574212.393276187,   6141507.42144383)",GUARDIA ORIENTAL 3260 MURO,0
2026-07-19,C_112,52,S,75,,S,,66777,Nocturno,2026-07-19 23:42:28,,183939,"POINT (  574180.047071428,   6141499.19718095)",LUISA LUISI 1483,0
2026-07-19,C_112,53,S,50,,S,,66777,Nocturno,2026-07-19 23:32:03,,183189,"POINT (  573895.808090196,   6141445.72588584)",HERRERO Y ESPINOSA 1364,0
2026-07-19,C_112,54,S,75,,S,,66777,Nocturno,2026-07-19 23:32:06,,138693,"POINT (  573892.367241166,   6141447.25989155)",HERRERO Y ESPINOSA Esq. RAMON ESTOMBA CERCO VEGETAL,0
2026-07-19,C_112,55,S,75,,S,,66777,Nocturno,2026-07-19 23:33:40,,183918,"POINT (  573914.840181532,   6141557.73733635)",RAMON ESTOMBA 3360,0
2026-07-19,C_112,56,S,75,,S,,66777,Nocturno,2026-07-19 23:35:01,,138627,"POINT (  573938.741771045,   6141659.49647875)",RAMON ESTOMBA 3430 FTE 3409.BALDIO,0
2026-07-19,C_112,57,S,75,,S,,66777,Nocturno,2026-07-19 23:37:04,,138695,"POINT (  573972.582644200,   6141763.94361812)",RAMON ESTOMBA 3516 EN 3514/3518,0
2026-07-19,C_112,58,S,75,,S,,66777,Nocturno,2026-07-20 00:07:58,,138696,"POINT (  573810.936306264,   6141956.80895128)",CARMELO 1371 EN 1373,0
2026-07-19,C_112,59,S,100,,S,"Basura Afuera, Requiere Limpieza",66777,Nocturno,2026-07-20 00:09:34,,179419,"POINT (  573750.802224619,   6141976.50979008)",CARMELO 1367,0
2026-07-19,C_112,60,S,50,,S,,66777,Nocturno,2026-07-20 02:16:59,,138621,"POINT (  573525.146634858,   6142421.93108824)",AV DR LUIS ALBERTO DE HERRERA 4493 EN 4495,0
2026-07-19,C_112,61,S,50,,S,,66777,Nocturno,2026-07-20 02:18:11,,138643,"POINT (  573728.818237684,   6142390.30843967)",AV DR LUIS ALBERTO DE HERRERA 4405,0
2026-07-19,C_112,62,S,75,,S,,66777,Nocturno,2026-07-20 02:19:41,,138671,"POINT (  573856.916775022,   6142351.87887847)",AV DR LUIS ALBERTO DE HERRERA 4333 VEREDA.FTE 4338,0
2026-07-19,C_112,63,S,75,,S,,66777,Nocturno,2026-07-20 02:03:06,,138673,"POINT (  573899.287829679,   6142234.61944814)",CUBO DEL NORTE 3717 FTE 3708,0
2026-07-19,C_112,64,S,75,,S,,66777,Nocturno,2026-07-20 02:04:28,,138680,"POINT (  573827.355574098,   6142102.08673067)",CUBO DEL NORTE 3667 MURO,0
2026-07-19,C_112,65,S,75,,S,"Basura Afuera, Requiere Limpieza",66777,Nocturno,2026-07-20 02:07:02,,138672,"POINT (  573724.876744228,   6142118.83807786)",JUAN JOSE ARTEAGA 1361 EN 1365/1361,0
2026-07-19,C_112,66,S,50,,S,,66777,Nocturno,2026-07-20 02:07:05,,183191,"POINT (  573707.885275381,   6142125.83823137)",JUAN JOSE ARTEAGA 1355,0
2026-07-19,C_112,67,S,50,,S,,66777,Nocturno,2026-07-20 02:08:30,,138670,"POINT (  573746.062271557,   6142229.69258132)",MIGUEL CANE 3693 FTE 3693/3695 MURO,0
2026-07-19,C_112,68,S,75,,S,,66777,Nocturno,2026-07-20 02:12:01,,138642,"POINT (  573684.969122980,   6142253.34154206)",REYES 1339 VEREDA 1339/1341,0
2026-07-19,C_112,69,S,75,,S,Basura Afuera,66777,Nocturno,2026-07-20 02:12:07,,138628,"POINT (  573593.822086798,   6142211.95586077)",REYES 1309 FTE 1310,0
2026-07-19,C_112,70,S,50,,S,,66777,Nocturno,2026-07-20 02:12:10,,183192,"POINT (  573583.379238780,   6142208.41528584)",REYES 1305,0
2026-07-19,C_112,71,S,75,,S,Basura Afuera,66777,Nocturno,2026-07-20 02:14:24,,181462,"POINT (  573532.429967320,   6142187.23249412)",REYES 1281 EN 1293,0
2026-07-19,C_112,72,S,50,,S,,66777,Nocturno,2026-07-20 02:14:32,,181463,"POINT (  573531.122777778,   6142186.46996689)",REYES 1281 EN 1293,0
2026-07-19,C_112,73,S,25,,S,,66777,Nocturno,2026-07-20 02:15:23,,138697,"POINT (  573461.289369322,   6142264.18064907)",AV JOAQUIN SUAREZ 3760 VEREDA,0
2026-07-19,C_112,74,S,50,,S,,66777,Nocturno,2026-07-20 00:22:14,,183194,"POINT (  573720.572914161,   6141818.84569630)",REGIDORES 1343,0
2026-07-19,C_112,75,S,50,,S,,66777,Nocturno,2026-07-20 00:22:17,,183193,"POINT (  573715.997750763,   6141819.28142615)",REGIDORES 1343,0
2026-07-19,C_112,76,S,75,,S,,66777,Nocturno,2026-07-19 23:13:02,,183197,"POINT (  573747.584929848,   6141695.72880893)",CAIGUA 1344,0
2026-07-19,C_112,77,S,100,,S,"Basura Afuera, Requiere Limpieza",66777,Nocturno,2026-07-19 23:16:38,,138699,"POINT (  573680.534942842,   6141482.77957132)",CISPLATINA 1343,0
2026-07-19,C_112,78,S,50,,S,,66777,Nocturno,2026-07-19 23:17:47,,184040,"POINT (  573621.615058546,   6141484.39954538)",CISPLATINA 1315,0
2026-07-19,C_112,79,S,75,,S,Basura Afuera,66777,Nocturno,2026-07-19 23:19:24,,138703,"POINT (  573508.798990279,   6141487.76898853)",CISPLATINA 1265 FTE 1256/1262 MURO BAJO,0
2026-07-19,C_112,80,N,,Auto,S,,66777,Nocturno,2026-07-19 23:10:06,,138705,"POINT (  573490.201536392,   6141590.37563067)",AV JOAQUIN SUAREZ 3430 EN 3430/3434,0
2026-07-19,C_112,81,S,50,,S,,66777,Nocturno,2026-07-19 23:11:08,,138704,"POINT (  573513.608676629,   6141664.44480046)",CAIGUA 1257 ANTES DE 1264,0
2026-07-19,C_112,82,S,75,,S,Basura Afuera,66777,Nocturno,2026-07-20 00:14:26,,138702,"POINT (  573614.291444225,   6141689.45516948)",VENANCIO BENAVIDEZ Esq. CAIGUA EN 3464,0
2026-07-19,C_112,83,S,50,,S,,66777,Nocturno,2026-07-20 00:17:26,,138710,"POINT (  573601.144968201,   6141809.37668248)",VENANCIO BENAVIDEZ Esq. REGIDORES,0
2026-07-19,C_112,84,S,75,,S,"Basura Afuera, Requiere Limpieza",66777,Nocturno,2026-07-20 00:17:35,,138711,"POINT (  573596.014636094,   6141865.16904414)",VENANCIO BENAVIDEZ 3528,0
2026-07-19,C_112,85,S,50,,S,,66777,Nocturno,2026-07-20 00:19:00,,138708,"POINT (  573549.200355620,   6142028.69838005)",VENANCIO BENAVIDEZ 3628,0
2026-07-19,C_112,86,S,75,,S,,66777,Nocturno,2026-07-20 00:19:44,,138709,"POINT (  573588.639783691,   6142097.95786349)",AV 19 DE ABRIL 1294,0
2026-07-19,C_112,87,S,75,,S,"Basura Afuera, Requiere Limpieza",66777,Nocturno,2026-07-20 00:10:25,,176202,"POINT (  573659.474115254,   6141939.59941638)",MICENAS 1335 FTE 1336.MURO,0
2026-07-19,C_112,88,S,50,,S,,66777,Nocturno,2026-07-20 00:10:28,,138706,"POINT (  573653.730872296,   6141937.31433939)",MICENAS 1335 ANTES DE 1335 MURO,0
2026-07-19,C_112,89,S,50,,S,,66777,Nocturno,2026-07-20 00:12:22,,138707,"POINT (  573483.788621258,   6141869.01679322)",MICENAS 1254 FTE 1260 MURO,0
2026-07-19,C_112,90,S,100,,S,"Basura Afuera, Requiere Limpieza",66777,Nocturno,2026-07-19 23:21:39,,181986,"POINT (  573677.261974517,   6141331.74632037)",JUAN RODRIGUEZ CORREA 1328 EN 1332,0
2026-07-19,C_112,91,S,50,,S,,66777,Nocturno,2026-07-19 23:22:51,,182007,"POINT (  573802.771881011,   6141354.15239063)",JUAN RODRIGUEZ CORREA 1388 EN 1388,0
2026-07-19,C_112,92,S,75,,S,,66777,Nocturno,2026-07-19 23:24:49,,154352,"POINT (  573799.760379272,   6141198.45425804)",PASCUAL RUIZ HUIDOBRO 1381,0
2026-07-19,C_112,93,S,75,,S,,66777,Nocturno,2026-07-19 23:26:24,,138650,"POINT (  573591.342916761,   6141169.31831742)",PASCUAL RUIZ HUIDOBRO 1304,0
2026-07-19,C_112,94,S,100,,S,"Basura Afuera, Requiere Limpieza",66777,Nocturno,2026-07-19 23:28:09,,183575,"POINT (  573713.873894076,   6141236.31951805)",AMERICO VESPUCIO 1344,0
2026-07-19,C_112,95,S,50,,S,,66777,Nocturno,2026-07-19 23:29:13,,138649,"POINT (  573795.315203135,   6141251.59699333)",AMERICO VESPUCIO 1382 PDO ARBOL,0
2026-07-19,C_112,96,N,,Contenedor No Está,N,,66777,Nocturno,2026-07-19 23:29:29,,180869,"POINT (  573844.717569063,   6141261.58359695)",AMERICO VESPUCIO Esq. AV MILLAN FTE. 1399,0
2026-07-19,C_112,97,S,75,,S,"Basura Afuera, Requiere Limpieza",66777,Nocturno,2026-07-19 22:59:16,,138647,"POINT (  573869.710892127,   6141120.54233590)",ARAPEY 1447 FTE 1442,0
2026-07-19,C_112,98,S,50,,S,,66777,Nocturno,2026-07-19 23:01:12,,138714,"POINT (  573758.363701981,   6141075.21516115)",ARAPEY 1389,0
2026-07-19,C_112,99,S,50,,S,,66777,Nocturno,2026-07-19 23:01:15,,183085,"POINT (  573755.748554420,   6141075.60759057)",ARAPEY 1389,0
2026-07-19,C_112,100,S,75,,S,,66777,Nocturno,2026-07-19 23:02:40,,138715,"POINT (  573660.811738932,   6140966.33140441)",ZAPICAN 3119,0
2026-07-19,C_112,101,S,50,,S,,66777,Nocturno,2026-07-19 23:04:45,,138674,"POINT (  573626.816357870,   6140906.22362920)",BV GRAL ARTIGAS 4114 VEREDA.EN 4118,0
2026-07-19,C_112,102,S,25,,S,,66777,Nocturno,2026-07-19 23:05:57,,138651,"POINT (  573567.693956022,   6140900.80407570)",BV GRAL ARTIGAS 4140,0
2026-07-19,C_112,103,S,50,,S,,66777,Nocturno,2026-07-19 23:09:07,,140432,"POINT (  573561.204879636,   6140989.29551024)",VENANCIO BENAVIDEZ 3200,0
2026-07-19,C_112,104,S,75,,S,,66777,Nocturno,2026-07-19 23:09:10,,138781,"POINT (  573564.959145848,   6141017.50938965)",VENANCIO BENAVIDEZ 3230 EN 3225/3231 MURO BAJO,0
2026-07-19,C_112,105,S,50,,S,,66777,Nocturno,2026-07-19 22:50:09,,138675,"POINT (  573957.409121534,   6140932.33602335)",BV GRAL ARTIGAS 3958 VEREDA.EN 3962/3958,0
2026-07-19,C_112,106,S,25,,S,,66777,Nocturno,2026-07-19 22:52:28,,138717,"POINT (  573837.686257793,   6140922.97497639)",BV GRAL ARTIGAS 4038 VEREDA,0
2026-07-19,C_112,107,S,75,,S,"Basura Afuera, Requiere Limpieza",66777,Nocturno,2026-07-19 22:54:04,,161872,"POINT (  573758.054689305,   6140945.48256926)",FRANCISCO ESTOLE 3081,0
2026-07-19,C_112,108,S,75,,S,Basura Afuera,66777,Nocturno,2026-07-19 22:55:28,,138653,"POINT (  573814.529983736,   6141004.26827893)",ESPINILLO 1372 MURO BAJO,0
2026-07-19,C_112,109,S,50,,S,,66777,Nocturno,2026-07-19 22:57:17,,183195,"POINT (  573895.281923094,   6141064.31413442)",ESPINILLO 1392,0
2026-07-19,C_112,110,S,50,,S,,66777,Nocturno,2026-07-19 22:57:25,,138654,"POINT (  573899.272093051,   6141067.33217424)",ESPINILLO 1392 VEREDA.FTE 1395. MURO BAJO,0
2026-07-19,C_110,1,S,50,,S,Fuera de Lugar,66777,Nocturno,2026-07-20 02:57:44,,138408,"POINT (  575321.470312785,   6142402.63983764)",BV JOSE BATLLE Y ORDOÑEZ 4297,1
2026-07-19,C_110,2,S,50,,S,Fuera de Lugar,66777,Nocturno,2026-07-20 02:46:56,,138473,"POINT (  575380.263848441,   6142346.10060416)",BV JOSE BATLLE Y ORDOÑEZ 4267,1
2026-07-19,C_110,3,S,50,,S,"Basura Afuera, Requiere Limpieza",66777,Nocturno,2026-07-20 02:45:09,,138472,"POINT (  575394.424516788,   6142227.40151017)",DR JOSE MARIA PENCO 3639 EN 3639/3641,1
2026-07-19,C_110,4,S,100,,S,"Basura Afuera, Requiere Limpieza",66777,Nocturno,2026-07-20 02:48:02,,138474,"POINT (  575357.894472694,   6142152.54139082)",DR JOSE MARIA PENCO 3617 EN 3615,1
2026-07-19,C_110,5,S,75,,S,,66777,Nocturno,2026-07-20 02:50:53,,138475,"POINT (  575307.599484448,   6142060.84568594)",DR JOSE MARIA PENCO 3557 REBAJE/REBAJE,1
2026-07-19,C_110,6,S,50,,S,,66777,Nocturno,2026-07-20 02:35:04,,138409,"POINT (  575266.463478253,   6141988.79149752)",DR JOSE MARIA PENCO 3527 EN 3529.,1
2026-07-19,C_110,7,S,75,,S,,66777,Nocturno,2026-07-20 02:36:39,,138476,"POINT (  575230.515797200,   6141925.41981233)",DR JOSE MARIA PENCO 3501 EN 3503,1
2026-07-19,C_110,8,S,50,,S,Basura Afuera,66777,Nocturno,2026-07-20 02:23:31,,138477,"POINT (  575274.064946416,   6141871.22944820)",ANDRES LAMAS 3775 EN FTE 3774/3772,1
2026-07-19,C_110,9,S,50,,S,,66777,Nocturno,2026-07-20 02:24:30,,138478,"POINT (  575337.321135120,   6141869.94335412)",SENAQUE 3508,1
2026-07-19,C_110,10,S,75,,S,"Basura Afuera, Requiere Limpieza",66777,Nocturno,2026-07-20 02:52:28,,138479,"POINT (  575398.742695247,   6141992.60757002)",SENAQUE 3552 EN 3554. MURO Y CERCO,1
2026-07-19,C_110,11,S,75,,S,,66777,Nocturno,2026-07-20 02:55:00,,138480,"POINT (  575458.590333371,   6142109.23475884)",SENAQUE 3604 FTE 3611. MURO BAJO,1
2026-07-19,C_110,12,S,50,,S,Fuera de Lugar,66777,Nocturno,2026-07-20 02:56:01,,138481,"POINT (  575537.016365283,   6142199.92258792)",BV JOSE BATLLE Y ORDOÑEZ 4195 PDO CORDON ROJO.,1
2026-07-19,C_110,13,S,50,,S,Fuera de Lugar,66777,Nocturno,2026-07-20 02:57:39,,138482,"POINT (  575587.276598923,   6142150.98738855)",BV JOSE BATLLE Y ORDOÑEZ 4159 VEREDA. EN 4157,1
2026-07-19,C_110,14,S,75,,S,,66777,Nocturno,2026-07-20 02:58:44,,138438,"POINT (  575551.556648487,   6142056.29266595)",TERMOPILAS 3609 ANTES ARBOL,1
2026-07-19,C_110,15,S,50,,S,,66777,Nocturno,2026-07-20 02:59:55,,138437,"POINT (  575499.327313516,   6141966.99170993)",TERMOPILAS 3563 MURO BAJO Y CERCO VEGETAL,1
2026-07-19,C_110,16,S,50,,S,,66777,Nocturno,2026-07-20 03:02:10,,138410,"POINT (  575627.263841320,   6141949.56140668)",MARGARITA URIARTE DE HERRERA 3568 FTE 3599,1
2026-07-19,C_110,17,S,50,,S,,66777,Nocturno,2026-07-20 03:03:03,,138441,"POINT (  575722.665492708,   6142006.84475119)",MARGARITA URIARTE DE HERRERA 3643 FTE 3643,1
2026-07-19,C_110,18,S,50,,S,"Basura Afuera, Requiere Limpieza",66777,Nocturno,2026-07-20 03:04:41,,138484,"POINT (  575785.348930691,   6141949.66729087)",DR HOMERO DE GREGORIO 3593,1
2026-07-19,C_110,19,S,50,,S,,66777,Nocturno,2026-07-20 03:06:35,,138485,"POINT (  575700.853350437,   6141875.44247664)",DR HOMERO DE GREGORIO 3575,1
2026-07-19,C_110,20,,,,S,,66777,Nocturno,,,138412,"POINT (  575651.299551492,   6141831.50053954)",DR HOMERO DE GREGORIO 3551 EN 3551/3557.,1
2026-07-19,C_110,21,S,75,,S,Basura Afuera,66777,Nocturno,2026-07-20 02:26:27,,138439,"POINT (  575495.024792507,   6141876.63876875)",MARGARITA URIARTE DE HERRERA 3535 COLUMNA/REBAJE,1
2026-07-19,C_110,22,S,50,,S,"Basura Afuera, Requiere Limpieza",66777,Nocturno,2026-07-20 02:27:44,,138440,"POINT (  575367.106396857,   6141784.38207687)",MARGARITA URIARTE DE HERRERA Esq. ANDRES LAMAS,1
2026-07-19,C_110,23,S,50,,S,"Basura Afuera, Requiere Limpieza",66777,Nocturno,2026-07-20 02:29:04,,138483,"POINT (  575298.599328657,   6141729.63995282)",MARGARITA URIARTE DE HERRERA Esq. AV DR LUIS ALBERTO DE HERRERA,1
2026-07-19,C_110,24,S,75,,S,"Basura Afuera, Escombro",66777,Nocturno,2026-07-20 01:59:50,,138486,"POINT (  575146.231985319,   6141815.30025912)",AV DR LUIS ALBERTO DE HERRERA 3810 VEREDA. EN 3804/3806.,1
2026-07-19,C_110,25,S,25,,S,,66777,Nocturno,2026-07-20 02:30:46,,138487,"POINT (  575060.332902629,   6141885.92801895)",AV GRAL SAN MARTIN 3410,1
2026-07-19,C_110,26,S,75,,S,,66777,Nocturno,2026-07-20 02:31:48,,184256,"POINT (  575133.144198911,   6142038.25583246)",AV GRAL SAN MARTIN 3474,1
2026-07-19,C_110,27,S,50,,S,,66777,Nocturno,2026-07-20 02:34:08,,138411,"POINT (  575179.186508499,   6142094.91251494)",JUAN JOSE QUESADA 3897 FTE 3896,1
2026-07-19,C_110,28,S,75,,S,"Basura Afuera, Requiere Limpieza",66777,Nocturno,2026-07-20 02:34:12,,181787,"POINT (  575182.044450763,   6142093.44822026)",JUAN JOSE QUESADA 3897 FTE 3896,1
2026-07-19,C_110,29,S,75,,S,,66777,Nocturno,2026-07-20 02:37:01,,182061,"POINT (  575137.303939818,   6141978.02633846)",ANDRES LAMAS 3846,1
2026-07-19,C_110,30,S,75,,S,"Basura Afuera, Requiere Limpieza",66777,Nocturno,2026-07-20 02:40:07,,183477,"POINT (  575243.254943947,   6142264.14239866)",AV GRAL SAN MARTIN 3576,1
2026-07-19,C_110,31,S,50,,S,,66777,Nocturno,2026-07-20 02:42:47,,183474,"POINT (  575267.694405830,   6142315.03925964)",AV GRAL SAN MARTIN 3606,1
2026-07-19,C_110,32,S,75,,S,"Basura Afuera, Requiere Limpieza",66777,Nocturno,2026-07-20 02:42:54,,183476,"POINT (  575268.479159193,   6142316.16033588)",AV GRAL SAN MARTIN 3606,1
2026-07-19,C_110,33,,,,S,,66777,Nocturno,,,179911,"POINT (  575501.024992264,   6141703.79112526)",DR HOMERO DE GREGORIO 3489 ANTES DEL 3491,1
2026-07-19,C_110,34,,,,S,,66777,Nocturno,,,179913,"POINT (  575500.285515586,   6141702.93788294)",DR HOMERO DE GREGORIO 3489 ANTES DEL 3491,1
2026-07-19,C_110,35,,,,S,,66777,Nocturno,,,138462,"POINT (  575431.166329254,   6141638.05013212)",DR HOMERO DE GREGORIO 3451,1
2026-07-19,C_110,36,S,25,,S,,66777,Nocturno,2026-07-20 01:37:06,,138463,"POINT (  575392.095064701,   6141599.29652012)",DR MANUEL LANDEIRA 3445 EN 3447.,1
2026-07-19,C_110,37,S,50,,S,,66777,Nocturno,2026-07-20 01:37:09,,138465,"POINT (  575389.667468965,   6141596.70195275)",DR MANUEL LANDEIRA 3445 EN 3447.,1
2026-07-19,C_110,38,S,75,,S,,66777,Nocturno,2026-07-20 01:38:16,,138464,"POINT (  575337.458824838,   6141541.69552306)",DR MANUEL LANDEIRA 3423,1
2026-07-19,C_110,39,S,50,,S,,66777,Nocturno,2026-07-20 01:41:05,,181106,"POINT (  575480.262134926,   6141520.57841547)",DR FRANCISCO LAVANDEIRA 3341 FTE 3343/3345. MURO,1
2026-07-19,C_110,40,S,75,,S,"Basura Afuera, Requiere Limpieza",66777,Nocturno,2026-07-20 01:41:08,,138471,"POINT (  575491.520315149,   6141538.94253423)",DR FRANCISCO LAVANDEIRA Esq. AV DR LUIS ALBERTO DE HERRERA ANTES ARBOLES,1
2026-07-19,C_110,41,S,100,,S,"Basura Afuera, Requiere Limpieza",66777,Nocturno,2026-07-20 01:45:40,,138469,"POINT (  575553.039027088,   6141528.35411565)",DR FRANCISCO LAVANDEIRA 3354 VEREDA,1
2026-07-19,C_110,42,S,75,,S,"Basura Afuera, Requiere Limpieza",66777,Nocturno,2026-07-20 01:45:45,,176304,"POINT (  575554.716125405,   6141530.73460897)",DR FRANCISCO LAVANDEIRA 3354,1
2026-07-19,C_110,43,S,75,,S,"Basura Afuera, Requiere Limpieza",66777,Nocturno,2026-07-20 01:47:01,,138470,"POINT (  575628.428567364,   6141618.56744193)",DR FRANCISCO LAVANDEIRA 3382 EN 3398.,1
2026-07-19,C_110,44,S,75,,S,"Basura Afuera, Requiere Limpieza",66777,Nocturno,2026-07-20 01:48:13,,138468,"POINT (  575709.959390415,   6141715.13381936)",DR FRANCISCO LAVANDEIRA 3442,1
2026-07-19,C_110,45,S,50,,S,,66777,Nocturno,2026-07-20 01:49:29,,138416,"POINT (  575762.160294005,   6141776.75841549)",DR FRANCISCO LAVANDEIRA 3458 EN 3458/3504,1
2026-07-19,C_110,46,S,75,,S,"Basura Afuera, Requiere Limpieza",66777,Nocturno,2026-07-20 01:51:17,,138414,"POINT (  575852.903041219,   6141864.21875294)",CNEL JUSTO ARECHAGA 3534 EN 3543.,1
2026-07-19,C_110,47,S,75,,S,"Basura Afuera, Requiere Limpieza",66777,Nocturno,2026-07-20 01:52:26,,138489,"POINT (  575879.282703264,   6141745.29631917)",AV GRAL FLORES 3475 VEREDA. EN 3479,1
2026-07-19,C_110,48,S,75,,S,,66777,Nocturno,2026-07-20 01:54:28,,138491,"POINT (  575831.661780740,   6141699.04019074)",JUAN JOSE QUESADA 3510,1
2026-07-19,C_110,49,S,50,,S,Basura Afuera,66777,Nocturno,2026-07-20 01:56:02,,138490,"POINT (  575720.786762627,   6141644.97923254)",CNEL JUSTO ARECHAGA 3425 FTE 3424,1
2026-07-19,C_110,50,S,75,,S,,66777,Nocturno,2026-07-20 01:57:27,,138494,"POINT (  575673.293522134,   6141562.32412781)",CNEL JUSTO ARECHAGA 3389 EN 3391/3393,1
2026-07-19,C_110,51,S,50,,S,"Basura Afuera, Requiere Limpieza",66777,Nocturno,2026-07-20 01:27:56,,182090,"POINT (  575593.566428322,   6141426.08074510)",CNEL JUSTO ARECHAGA 3341 MURO CIEGO,1
2026-07-19,C_110,52,S,50,,S,,66777,Nocturno,2026-07-20 01:28:38,,182091,"POINT (  575556.529391285,   6141376.51647495)",CNEL JUSTO ARECHAGA 3295,1
2026-07-19,C_110,53,S,50,,S,,66777,Nocturno,2026-07-20 01:32:18,,182088,"POINT (  575479.146493682,   6141274.16081046)",CNEL JUSTO ARECHAGA 3212 FTE 3214,1
2026-07-19,C_110,54,S,75,,S,Fuera de Lugar,66777,Nocturno,2026-07-20 01:32:22,,182089,"POINT (  575477.880153813,   6141272.63575599)",CNEL JUSTO ARECHAGA 3212 FTE 3214,1
2026-07-19,C_110,55,S,75,,S,"Basura Afuera, Requiere Limpieza",66777,Nocturno,2026-07-20 01:32:27,,181688,"POINT (  575453.569012429,   6141261.73467684)",CONSULADO 3254 PROV OV. (O: CNEL JUSTO ARECHAGA FTE 3214),1
2026-07-19,C_110,57,S,75,,N,,66777,Nocturno,2026-07-20 01:33:54,,138445,"POINT (  575458.060912442,   6141362.32771234)",JUANA DE ARCO 3304 EN 3302,1
2026-07-19,B_101,1,,,,S,,66778,Nocturno,,,139154,"POINT (  574405.875224049,   6138678.70195198)",HOCQUART 1464 VEREDA,0
2026-07-19,B_101,2,,,,S,,66778,Nocturno,,,139175,"POINT (  574496.701615381,   6138693.17028117)",HOCQUART 1496,0
2026-07-19,B_101,3,,,,S,,66778,Nocturno,,,139124,"POINT (  574551.398433943,   6138580.54615218)",BATOVI 2181 TALLER. PDO REBAJE,0
2026-07-19,B_101,4,,,,S,,66778,Nocturno,,,139125,"POINT (  574582.187250503,   6138508.44242793)",BATOVI 2147 EN 2143. PUERTA TAPIADA,0
2026-07-19,B_101,5,,,,S,,66778,Nocturno,,,180741,"POINT (  574583.596946083,   6138505.81119138)",BATOVI 2147 EN 2143. PUERTA TAPIADA,0
2026-07-19,B_101,6,,,,S,,66778,Nocturno,,,181190,"POINT (  574599.373474972,   6138420.21017099)",LIMA 1579 FTE 1582,0
2026-07-19,B_101,7,,,,S,,66778,Nocturno,,,181191,"POINT (  574597.780755973,   6138418.21927224)",LIMA 1579 FTE 1582,0
2026-07-19,B_101,8,,,,S,,66778,Nocturno,,,139193,"POINT (  574555.608870396,   6138393.70803459)",LIMA 1535 EN 1541. ARBOL/ARBOL,0
2026-07-19,B_101,9,,,,S,,66778,Nocturno,,,139102,"POINT (  574458.512183766,   6138352.01135873)",LIMA 1489 EN 1489. VENTANAS,0
2026-07-19,B_101,10,,,,S,,66778,Nocturno,,,160272,"POINT (  574385.299135389,   6138317.61739153)",LIMA 1443,0
2026-07-19,B_101,11,,,,S,,66778,Nocturno,,,139183,"POINT (  574279.381610361,   6138264.99986310)",LIMA 1379 EN 1379/1373,0
2026-07-19,B_101,12,,,,S,,66778,Nocturno,,,179301,"POINT (  574252.510263223,   6138254.43122770)",LIMA 1355,0
2026-07-19,B_101,13,,,,S,,66778,Nocturno,,,180735,"POINT (  573914.882417140,   6138312.30948876)",LIMA 1221,0
2026-07-19,B_101,14,,,,S,,66778,Nocturno,,,180736,"POINT (  573912.612269580,   6138312.08247401)",LIMA 1221,0
2026-07-19,B_101,15,,,,S,,66778,Nocturno,,,184405,"POINT (  573876.703624619,   6138265.89196122)",CUAREIM 1885,0
2026-07-19,B_101,16,,,,S,,66778,Nocturno,,,184406,"POINT (  573877.741290290,   6138248.89341975)",CUAREIM 1877,0
2026-07-19,B_101,17,,,,S,,66778,Nocturno,,,139141,"POINT (  573938.563223530,   6138199.03604706)",ASUNCION 1220 FTE 1231. SUBESTACION,0
2026-07-19,B_101,18,,,,S,,66778,Nocturno,,,179233,"POINT (  573914.765440959,   6138106.27646231)",NUEVA YORK 1201,0
2026-07-19,B_101,19,,,,S,,66778,Nocturno,,,179232,"POINT (  573910.626007408,   6138106.05859739)",NUEVA YORK 1201,0
2026-07-19,B_101,20,,,,S,,66778,Nocturno,,,181709,"POINT (  573901.728789989,   6137982.43558919)",CUAREIM 1759,0
2026-07-19,B_101,21,,,,S,,66778,Nocturno,,,181710,"POINT (  573902.183852560,   6137979.47768248)",CUAREIM 1759,0
2026-07-19,B_101,22,,,,N,,66778,Nocturno,,,139093,"POINT (  573803.731575142,   6138072.16847712)",AV GRAL RONDEAU 1794 FTE 1799. ARBOL/ARBOL,0
2026-07-19,B_101,23,,,,S,,66778,Nocturno,,,184362,"POINT (  573773.398076471,   6138095.11524815)",NUEVA YORK 1139,0
2026-07-19,B_101,24,,,,S,,66778,Nocturno,,,184361,"POINT (  573771.328359695,   6138095.11524815)",NUEVA YORK 1139,0
2026-07-19,B_101,25,,,,S,,66778,Nocturno,,,139092,"POINT (  573792.810091594,   6138215.66838796)",AV GRAL RONDEAU 1866,0
2026-07-19,B_101,26,,,,S,,66778,Nocturno,,,139173,"POINT (  573792.542095582,   6138219.01833811)",AV GRAL RONDEAU 1866,0
2026-07-19,B_101,27,,,,S,,66778,Nocturno,,,139120,"POINT (  573781.699193823,   6138332.52295497)",AV GRAL RONDEAU 1904 EN 1918,0
2026-07-19,B_101,28,,,,S,,66778,Nocturno,,,183807,"POINT (  573694.751533333,   6138695.69879167)",PANAMA 1124,0
2026-07-19,B_101,29,,,,S,,66778,Nocturno,,,183808,"POINT (  573696.314033334,   6138696.21962500)",PANAMA 1124,0
2026-07-19,B_101,30,,,,S,,66778,Nocturno,,,184204,"POINT (  573842.438140845,   6138677.09308075)",CUAREIM 2069,0
2026-07-19,B_101,31,,,,S,,66778,Nocturno,,,184205,"POINT (  573844.316075117,   6138665.82547512)",CUAREIM 2069,0
2026-07-19,B_101,32,,,,S,,66778,Nocturno,,,183986,"POINT (  573949.381363654,   6138403.61383635)",NICARAGUA 1238 Nicaragua 1238,0
2026-07-19,B_101,33,,,,S,,66778,Nocturno,,,139190,"POINT (  573992.132125028,   6138410.30049120)",NICARAGUA 1260,0
2026-07-19,B_101,34,,,,S,,66778,Nocturno,,,164652,"POINT (  574101.295775788,   6138389.99920868)",NICARAGUA 1328,0
2026-07-19,B_101,35,,,,S,,66778,Nocturno,,,139116,"POINT (  574105.226441814,   6138389.12880631)",NICARAGUA 1328 PDO 1340,0
2026-07-19,B_101,36,,,,S,,66778,Nocturno,,,178506,"POINT (  574160.381573856,   6138371.89628366)",NICARAGUA 1354 FTE 1365. MURO,0
2026-07-19,B_101,37,,,,S,,66778,Nocturno,,,178507,"POINT (  574222.340698771,   6138358.30926500)",NICARAGUA 1398 PDO 1398. MURO,0
2026-07-19,B_101,38,,,,S,,66778,Nocturno,,,139174,"POINT (  574321.929647275,   6138396.86586193)",NICARAGUA 1478,0
2026-07-19,B_101,39,,,,S,,66778,Nocturno,,,176209,"POINT (  574332.337684193,   6138399.94359933)",NICARAGUA 1486,0
2026-07-19,B_101,40,,,,S,,66778,Nocturno,,,139153,"POINT (  574451.400568193,   6138410.54978040)",MAGALLANES 1971 EN 1977. VENTANAS,0
2026-07-19,B_101,41,,,,S,,66778,Nocturno,,,139110,"POINT (  574504.294176129,   6138304.49941225)",MAGALLANES 1917 EN 1921/1917,0
2026-07-19,B_101,42,,,,S,,66778,Nocturno,,,139156,"POINT (  574565.871809249,   6138172.66012083)",MAGALLANES 1833 FTE 1842. PDO CONAPROLE,0
2026-07-19,B_101,43,,,,S,,66778,Nocturno,,,139157,"POINT (  574590.081818852,   6138120.29281745)",MAGALLANES 1803,0
2026-07-19,B_101,44,,,,S,,66778,Nocturno,,,181362,"POINT (  574648.669970421,   6138236.12263481)",NUEVA YORK 1706,0
2026-07-19,B_101,45,,,,S,,66778,Nocturno,,,139194,"POINT (  574647.114376746,   6138235.36609480)",NUEVA YORK Esq. GABOTO FTE 1708,0
2026-07-19,B_101,46,,,,S,,66778,Nocturno,,,139108,"POINT (  574645.372402673,   6138234.42810876)",NUEVA YORK Esq. GABOTO FTE 1708,0
2026-07-19,B_101,47,,,,S,,66778,Nocturno,,,139127,"POINT (  574607.449869219,   6138216.08024675)",NUEVA YORK 1687 EN 1689. ANTES COLUMNA,0
2026-07-19,B_101,48,,,,S,,66778,Nocturno,,,139180,"POINT (  574515.083419539,   6138172.13381627)",NUEVA YORK 1627 EN 1627. MURO,0
2026-07-19,B_101,49,,,,S,,66778,Nocturno,,,139112,"POINT (  574421.138056190,   6138129.76629947)",NUEVA YORK 1566 FTE 1566. ARBOL/ARBOL,0
2026-07-19,B_101,50,,,,S,,66778,Nocturno,,,139111,"POINT (  574372.981189263,   6138106.08259442)",NUEVA YORK 1543 VENTANA,0
2026-07-19,B_101,51,,,,S,,66778,Nocturno,,,183707,"POINT (  574366.779062528,   6138101.90040065)",NUEVA YORK 1537 PROV O: O Gianelli 1454,0
2026-07-19,B_101,52,,,,S,,66778,Nocturno,,,141052,"POINT (  574234.802513298,   6138043.48095068)",NUEVA YORK 1455,0
2026-07-19,B_101,53,,,,S,,66778,Nocturno,,,141072,"POINT (  574232.390549196,   6138042.00697262)",NUEVA YORK 1455,0
2026-07-19,B_101,54,,,,S,,66778,Nocturno,,,139188,"POINT (  574246.523734502,   6137973.94124654)",DR JAVIER BARRIOS AMORIN 1783 EN 1785. ANTES REBAJE,0
2026-07-19,B_101,55,,,,S,,66778,Nocturno,,,139187,"POINT (  574267.392925926,   6137931.75883834)",DR JAVIER BARRIOS AMORIN 1757 EN 1763,0
2026-07-19,B_101,56,,,,S,,66778,Nocturno,,,182117,"POINT (  574371.870931741,   6138196.39550569)",ASUNCION 1510,0
2026-07-19,B_101,57,,,,S,,66778,Nocturno,,,182118,"POINT (  574374.715072810,   6138197.41939648)",ASUNCION 1510,0
2026-07-19,B_101,58,,,,S,,66778,Nocturno,,,139152,"POINT (  574428.898624512,   6138222.70328326)",ASUNCION 1540 EN 1546,0
2026-07-19,B_101,59,,,,S,,66778,Nocturno,,,179508,"POINT (  574541.198851815,   6138273.83740198)",ASUNCION 1608 EN 1610.,0
2026-07-19,B_101,60,,,,S,,66778,Nocturno,,,181222,"POINT (  574568.461085311,   6138285.16263220)",ASUNCION 1632 EN 1638,0
2026-07-19,B_101,61,,,,S,,66778,Nocturno,,,181223,"POINT (  574569.308542938,   6138285.55811243)",ASUNCION 1632 EN 1638,0
2026-07-19,B_101,62,,,,S,,66778,Nocturno,,,181192,"POINT (  574446.728423777,   6138468.73121764)",NICARAGUA 1555 EN 1563/1555,0
2026-07-19,B_101,63,,,,S,,66778,Nocturno,,,181289,"POINT (  574382.880965643,   6138461.33839329)",VENEZUELA 1479,0
2026-07-19,B_101,64,,,,S,,66778,Nocturno,,,179300,"POINT (  574196.551125880,   6138470.77629013)",VENEZUELA 1371 EN 1373,0
2026-07-19,B_101,65,,,,S,,66778,Nocturno,,,139134,"POINT (  574192.727139518,   6138471.26958378)",VENEZUELA 1371 EN 1373,0
2026-07-19,B_101,66,,,,S,,66778,Nocturno,,,184001,"POINT (  574093.313400000,   6138505.52741569)",VENEZUELA 1319 Venezuela 1319 (muro) PROV O en Venezuela 1290,0
2026-07-19,B_101,67,,,,S,,66778,Nocturno,,,179228,"POINT (  574088.152283878,   6138506.78984096)",VENEZUELA 1319 MURO,0
2026-07-19,B_101,68,,,,S,,66778,Nocturno,,,139097,"POINT (  574083.141390632,   6138508.31489543)",VENEZUELA 1319 MURO,0
2026-07-19,B_101,69,,,,S,,66778,Nocturno,,,184289,"POINT (  573980.109774178,   6138555.10592864)",VENEZUELA 1255,0
2026-07-19,B_101,70,,,,S,,66778,Nocturno,,,139172,"POINT (  573965.232873231,   6138637.95316617)",ARTURO LEZAMA 2054 MURO CIEGO,0
2026-07-19,B_101,71,,,,S,,66778,Nocturno,,,179319,"POINT (  574051.284433994,   6138673.16310627)",FRANCISCO ACUÑA DE FIGUEROA 2073,0
2026-07-19,B_101,72,,,,S,,66778,Nocturno,,,179318,"POINT (  574057.868229379,   6138603.01014407)",FRANCISCO ACUÑA DE FIGUEROA 2039 EN 2043,0
2026-07-19,B_101,73,,,,S,,66778,Nocturno,,,139189,"POINT (  574120.420535259,   6138580.47987388)",RAMON ESCOBAR 1330 FTE 1319 BIS,0
2026-07-19,B_101,74,,,,N,,66778,Nocturno,,,139162,"POINT (  574179.568381035,   6138545.19636620)",AV LIB BRIG GRAL LAVALLEJA 2073 EN 2075,0
2026-07-19,B_101,75,,,,S,,66778,Nocturno,,,139167,"POINT (  574068.025544024,   6138270.32816729)",AV LIB BRIG GRAL LAVALLEJA 1933,0
2026-07-19,B_101,76,,,,S,,66778,Nocturno,,,139118,"POINT (  574060.477113084,   6138252.78916599)",AV LIB BRIG GRAL LAVALLEJA 1909 EN 1919,0
2026-07-19,B_101,77,,,,S,,66778,Nocturno,,,180234,"POINT (  574041.484453129,   6138214.37893140)",AV LIB BRIG GRAL LAVALLEJA 1895 EN DEVOTO,0
2026-07-19,B_101,78,,,,S,,66778,Nocturno,,,139168,"POINT (  574013.133272969,   6138136.63627013)",AV LIB BRIG GRAL LAVALLEJA 1855 EN 1861,0
2026-07-19,B_101,79,,,,S,,66778,Nocturno,,,139164,"POINT (  574012.078349994,   6138132.90232164)",AV LIB BRIG GRAL LAVALLEJA 1855 EN 1861,0
2026-07-19,B_101,80,,,,S,,66778,Nocturno,,,139165,"POINT (  573996.131618522,   6138079.41241254)",AV LIB BRIG GRAL LAVALLEJA Esq. NUEVA YORK EN 1837,0
2026-07-19,B_101,81,,,,S,,66778,Nocturno,,,176652,"POINT (  573995.178723435,   6138076.85464151)",AV LIB BRIG GRAL LAVALLEJA 1807 EN 1837,0
2026-07-19,B_101,82,,,,S,,66778,Nocturno,,,139119,"POINT (  573982.550664256,   6138041.43309965)",AV LIB BRIG GRAL LAVALLEJA Esq. FRANCISCO ACUÑA DE FIGUEROA,0
2026-07-19,B_101,83,,,,S,,66778,Nocturno,,,139163,"POINT (  573956.131155964,   6137999.91672948)",AV LIB BRIG GRAL LAVALLEJA 1777 EN 1779. ANTES PARADA,0
2026-07-19,B_101,84,,,,S,,66778,Nocturno,,,181538,"POINT (  573940.589931286,   6137878.36864835)",AV LIB BRIG GRAL LAVALLEJA 1704,0
2026-07-19,B_101,85,,,,S,,66778,Nocturno,,,139096,"POINT (  573941.655586529,   6137881.12287003)",AV LIB BRIG GRAL LAVALLEJA 1704 EN 1708/1712. COLUMNA/ARBOL,0
2026-07-19,B_101,86,,,,S,,66778,Nocturno,,,139129,"POINT (  573942.288758597,   6137883.02238624)",AV LIB BRIG GRAL LAVALLEJA 1704 EN 1708/1712. COLUMNA/ARBOL,0
2026-07-19,B_101,87,,,,S,,66778,Nocturno,,,181662,"POINT (  573985.732208646,   6138011.84423129)",AV LIB BRIG GRAL LAVALLEJA 1794,0
2026-07-19,B_101,88,,,,S,,66778,Nocturno,,,181663,"POINT (  573986.528568146,   6138013.43695029)",AV LIB BRIG GRAL LAVALLEJA 1794,0
2026-07-19,B_101,89,,,,S,,66778,Nocturno,,,181664,"POINT (  573987.552458931,   6138015.25720057)",AV LIB BRIG GRAL LAVALLEJA 1794,0
2026-07-19,B_101,90,,,,S,,66778,Nocturno,,,139138,"POINT (  574003.845626144,   6138034.42351678)",AV LIB BRIG GRAL LAVALLEJA 1802 EN 1806,0
2026-07-19,B_101,91,,,,S,,66778,Nocturno,,,148975,"POINT (  574024.411092593,   6138103.53339521)",AV LIB BRIG GRAL LAVALLEJA 1854,0
2026-07-19,B_101,92,,,,S,,66778,Nocturno,,,139094,"POINT (  574025.196388671,   6138106.53680654)",AV LIB BRIG GRAL LAVALLEJA 1854,0
2026-07-19,B_101,93,,,,S,,66778,Nocturno,,,139135,"POINT (  574062.151545652,   6138172.38689575)",AV LIB BRIG GRAL LAVALLEJA 1882 EN 1892,0
2026-07-19,B_101,94,,,,S,,66778,Nocturno,,,180302,"POINT (  574086.540979978,   6138237.73488282)",AV LIB BRIG GRAL LAVALLEJA 1906 EN 1910,0
2026-07-19,B_101,95,,,,S,,66778,Nocturno,,,139170,"POINT (  574087.277607066,   6138239.43245759)",AV LIB BRIG GRAL LAVALLEJA 1906 EN 1910. ANTES ESTACION,0
2026-07-19,B_101,96,,,,S,,66778,Nocturno,,,184062,"POINT (  574125.615131155,   6138343.18414364)",AV LIB BRIG GRAL LAVALLEJA 1960 Av Lib Brig Gral Lavalleja Fte 1981,0
2026-07-19,B_101,97,,,,S,,66778,Nocturno,,,184061,"POINT (  574128.415597899,   6138350.65205496)",AV LIB BRIG GRAL LAVALLEJA 1970 Av Lib Brig Gral Lavalleja FTE 1981,0
2026-07-19,B_101,98,,,,S,,66778,Nocturno,,,184312,"POINT (  574300.475870892,   6138289.22109484)",PIEDRA ALTA 1951,0
2026-07-19,B_101,99,,,,S,,66778,Nocturno,,,181176,"POINT (  574204.099824915,   6138125.87728123)",YAGUARON 1895 PROV OV(O:ASUNCION 1356),0
2026-07-19,B_101,100,,,,S,,66778,Nocturno,,,180739,"POINT (  574114.882417139,   6137856.35035142)",YAGUARON 1707 VEREDA,0
2026-07-19,B_101,101,,,,S,,66778,Nocturno,,,180435,"POINT (  574114.898219774,   6137852.56721413)",YAGUARON 1707,0
2026-07-19,B_101,102,,,,S,,66778,Nocturno,,,184109,"POINT (  574030.784987324,   6137866.28464742)",YI 1702 Yi 1702,0
2026-07-19,B_101,103,,,,S,,66778,Nocturno,,,180636,"POINT (  574080.464556863,   6137990.33532310)",YI Esq. POZOS DEL REY,0
2026-07-19,B_101,104,,,,S,,66778,Nocturno,,,180637,"POINT (  574080.954752941,   6137991.47911394)",YI 1810,0
2026-07-19,B_101,105,,,,S,,66778,Nocturno,,,180801,"POINT (  574046.460722184,   6138080.03709477)",NUEVA YORK 1305,0
2026-07-19,B_101,106,,,,S,,66778,Nocturno,,,181539,"POINT (  574045.413494312,   6138080.38022799)",NUEVA YORK 1305,0
2026-07-19,B_101,107,,,,S,,66778,Nocturno,,,181287,"POINT (  574125.133807167,   6138186.59673971)",ASUNCION 1316 FTE 1333,0
2026-07-19,B_101,108,,,,S,,66778,Nocturno,,,181288,"POINT (  574164.951782139,   6138161.22700137)",ASUNCION 1356,0
2026-07-19,B_101,109,,,,S,,66778,Nocturno,,,183706,"POINT (  574325.711524401,   6137999.28602157)",HERMANO DAMASCENO 1854 PROV O: OGianelli 1472,0
2026-07-19,B_101,110,,,,S,,66778,Nocturno,,,139149,"POINT (  574324.034865501,   6138001.61113994)",HERMANO DAMASCENO 1854 MURO,0
2026-07-19,B_101,111,,,,S,,66778,Nocturno,,,183503,"POINT (  574286.845576254,   6138093.58413284)",HERMANO DAMASCENO 1920,0
2026-07-19,D_101,1,S,100,,S,Requiere Limpieza,66779,Nocturno,2026-07-19 23:52:02,,184221,"POINT (  577484.889100000,   6139835.44316645)",AV DAMASO ANTONIO LARRAÑAGA 3178,0
2026-07-19,D_101,2,S,100,,S,Requiere Limpieza,66779,Nocturno,2026-07-19 23:52:07,,184150,"POINT (  577484.746956047,   6139839.65002432)",AV DAMASO ANTONIO LARRAÑAGA 3178,0
2026-07-19,D_101,3,S,100,,S,Requiere Limpieza,66779,Nocturno,2026-07-19 23:54:54,,114488,"POINT (  577529.901455521,   6140047.53990520)",JUAN JACOBO ROUSSEAU 3310 VEREDA,0
2026-07-19,D_101,4,N,,Contenedor No Está,N,,66779,Nocturno,2026-07-19 23:55:00,,114490,"POINT (  577648.764885249,   6140115.75717791)",JUAN JACOBO ROUSSEAU 3368 VEREDA,0
2026-07-19,D_101,5,S,100,,S,,66779,Nocturno,2026-07-20 00:04:28,,179307,"POINT (  577726.604832418,   6140040.08295407)",JOANICO 3337 VEREDA,0
2026-07-19,D_101,6,S,100,,S,,66779,Nocturno,2026-07-20 00:04:36,,175891,"POINT (  577725.130363582,   6140039.02587865)",JOANICO 3337 VEREDA,0
2026-07-19,D_101,7,S,75,,S,Requiere Limpieza,66779,Nocturno,2026-07-20 00:07:50,,114516,"POINT (  577527.820319390,   6139915.60395076)",JOANICO 3267 VEREDA,0
2026-07-19,D_101,8,S,50,,S,Requiere Limpieza,66779,Nocturno,2026-07-20 00:07:57,,183132,"POINT (  577507.574172014,   6139903.29286530)",JOANICO 3259 EN 3255,0
2026-07-19,D_101,9,S,100,,S,Requiere Limpieza,66779,Nocturno,2026-07-20 00:11:08,,114517,"POINT (  577391.924099216,   6139831.62942589)",JOANICO 3205 VEREDA,0
2026-07-19,D_101,10,S,100,,S,Requiere Limpieza,66779,Nocturno,2026-07-20 00:12:53,,114502,"POINT (  577365.995399436,   6139925.62340508)",GRAL URQUIZA 3238,0
2026-07-19,D_101,11,S,75,,S,,66779,Nocturno,2026-07-20 00:13:39,,114504,"POINT (  577412.588418354,   6139971.57066968)",GRAL URQUIZA 3278,0
2026-07-19,D_101,12,S,75,,S,Requiere Limpieza,66779,Nocturno,2026-07-20 00:17:48,,114505,"POINT (  577700.961434825,   6140121.44195064)",FAMAILLA 3387 ANTES 3387,0
2026-07-19,D_101,13,S,75,,S,,66779,Nocturno,2026-07-20 00:19:09,,114533,"POINT (  577634.695964408,   6140066.52735989)",FAMAILLA 3335,0
2026-07-19,D_101,14,S,75,,S,Requiere Limpieza,66779,Nocturno,2026-07-20 00:20:52,,114528,"POINT (  577509.837207346,   6139965.05843333)",FAMAILLA 3253,0
2026-07-19,D_101,15,S,75,,S,,66779,Nocturno,2026-07-20 00:24:17,,176839,"POINT (  577485.204438984,   6140074.88894181)",AV DAMASO ANTONIO LARRAÑAGA 3288 EN 3288/3264,0
2026-07-19,D_101,16,S,75,,S,Requiere Limpieza,66779,Nocturno,2026-07-20 00:24:36,,177358,"POINT (  577485.882405085,   6140182.00758588)",AV DAMASO ANTONIO LARRAÑAGA 3350,0
2026-07-19,D_101,17,S,75,,S,,66779,Nocturno,2026-07-20 00:28:27,,128592,"POINT (  577362.492574578,   6140040.31267062)",JUAN RAMON GOMEZ 3225,0
2026-07-19,D_101,18,S,75,,S,,66779,Nocturno,2026-07-20 00:28:35,,128612,"POINT (  577315.938902261,   6139995.34091921)",JUAN RAMON GOMEZ 3191 EN 3185/3189,0
2026-07-19,D_101,19,S,100,,S,,66779,Nocturno,2026-07-20 00:31:15,,114536,"POINT (  577579.686968955,   6140139.31861415)",GLORIA 3283 VEREDA. EN 3279/3283,0
2026-07-19,D_101,20,,,,S,,66779,Nocturno,,,179236,"POINT (  577582.908688168,   6140508.65496553)",GRAL JULIO AMADEO ROLETTI Esq. QUICHUAS EN 3409,0
2026-07-19,D_101,21,,,,S,,66779,Nocturno,,,179237,"POINT (  577543.090713197,   6140455.64017599)",GRAL JULIO AMADEO ROLETTI 3371,0
2026-07-19,D_101,22,,,,S,,66779,Nocturno,,,179238,"POINT (  577405.661816723,   6140468.38192798)",BV JOSE BATLLE Y ORDOÑEZ 3164,0
2026-07-19,D_101,23,,,,S,,66779,Nocturno,,,114522,"POINT (  577383.896791052,   6140535.25947429)",EMILIO RAÑA 3158,0
2026-07-19,D_101,24,,,,S,,66779,Nocturno,,,114523,"POINT (  577611.645116951,   6140606.64035424)",CARLOS CROCKER 2867,0
2026-07-19,D_101,25,,,,S,,66779,Nocturno,,,114492,"POINT (  577678.198789266,   6140509.01323559)",CARLOS CROCKER 2783,0
2026-07-19,D_101,26,,,,S,,66779,Nocturno,,,114530,"POINT (  577732.436077401,   6140415.22792486)",MARCOS DE AVELLANEDA Esq. CARLOS CROCKER MURO,0
2026-07-19,D_101,27,,,,S,,66779,Nocturno,,,114493,"POINT (  577811.532122600,   6140316.47086271)",CARLOS CROCKER 2687,0
2026-07-19,D_101,28,,,,S,,66779,Nocturno,,,114495,"POINT (  577860.571670622,   6140243.92848983)",CARLOS CROCKER 2649,0
2026-07-19,D_101,29,,,,S,,66779,Nocturno,,,179591,"POINT (  577956.305373073,   6140096.84623506)",CARLOS CROCKER 2567 ESQ,0
2026-07-19,D_101,30,,,,S,,66779,Nocturno,,,114494,"POINT (  577958.068251418,   6140094.19537840)",CARLOS CROCKER Esq. AV 8 DE OCTUBRE ESQ,0
2026-07-19,D_101,31,S,100,,S,Requiere Limpieza,66779,Nocturno,2026-07-19 23:58:29,,114509,"POINT (  577760.444126316,   6140183.27835601)",JUAN JACOBO ROUSSEAU 3414,0
2026-07-19,D_101,32,N,,Contenedor No Está,S,,66779,Nocturno,2026-07-19 23:58:39,,114511,"POINT (  577880.246229092,   6140158.30332481)",JOANICO 3441 VEREDA,0
2026-07-19,D_101,33,S,100,,S,,66779,Nocturno,2026-07-20 00:00:48,,114512,"POINT (  577800.232687573,   6140104.49346158)",JOANICO 3409 EN 3407,0
2026-07-19,D_101,34,,,,S,,66779,Nocturno,,,177259,"POINT (  577713.511646075,   6140309.67885631)",QUICHUAS 2710 PDO 2710,0
2026-07-19,D_101,35,,,,S,,66779,Nocturno,,,114525,"POINT (  577663.622518081,   6140384.26747288)",QUICHUAS 2752,0
2026-07-19,D_101,36,,,,S,,66779,Nocturno,,,114499,"POINT (  577611.645116951,   6140464.04148418)",QUICHUAS 2786,0
2026-07-19,D_101,37,,,,S,,66779,Nocturno,,,114497,"POINT (  577521.475625426,   6140696.92284012)",JUAN FRANCISCO MARTINEZ 3455,0
2026-07-19,D_101,38,,,,S,,66779,Nocturno,,,114496,"POINT (  577498.083251712,   6140800.47522073)",AV DAMASO ANTONIO LARRAÑAGA 3502 VEREDA,0
2026-07-19,D_101,39,,,,S,,66779,Nocturno,,,179245,"POINT (  577571.966550285,   6140845.92200796)",FELIPE SANGUINETTI 2953,0
2026-07-19,D_101,40,,,,S,,66779,Nocturno,,,114498,"POINT (  577624.519347150,   6140768.73611858)",FELIPE SANGUINETTI 2931 EN 2929,0
2026-07-19,D_101,41,,,,S,,66779,Nocturno,,,114527,"POINT (  577691.419128250,   6140672.06408305)",FELIPE SANGUINETTI 2869,0
2026-07-19,D_101,42,,,,S,,66779,Nocturno,,,117352,"POINT (  577710.407915327,   6140643.72075871)",FELIPE SANGUINETTI 2855 EN 2851. CERRAMIENTO DE CHAPA,0
2026-07-19,D_101,43,,,,S,,66779,Nocturno,,,114531,"POINT (  577795.147941809,   6140520.08668192)",FELIPE SANGUINETTI 2775,0
2026-07-19,D_101,44,,,,S,,66779,Nocturno,,,114500,"POINT (  577843.848506781,   6140446.75334859)",FELIPE SANGUINETTI 2737 EN 2739. MURO,0
2026-07-19,D_101,45,,,,S,,66779,Nocturno,,,157712,"POINT (  577886.705180555,   6140383.50951145)",FELIPE SANGUINETTI 2697,0
2026-07-19,D_101,46,,,,N,,66779,Nocturno,,,114532,"POINT (  578020.827206161,   6140203.07486733)",FELIPE SANGUINETTI 2589 FTE 2589,0
2026-07-19,D_101,47,,,,N,,66779,Nocturno,,,180957,"POINT (  578019.137404778,   6140205.83337350)",FELIPE SANGUINETTI 2589 FTE 2589,0
2026-07-19,D_101,48,,,,S,,66779,Nocturno,,,114501,"POINT (  577957.916303391,   6140298.16577797)",FELIPE SANGUINETTI 2636,0
2026-07-19,D_103,1,,,,S,,66779,Nocturno,,,114276,"POINT (  579100.472458471,   6141394.25938335)",20 DE FEBRERO 2656 VEREDA. EN 2656/2658,1
2026-07-19,D_103,2,,,,N,,66779,Nocturno,,,183130,"POINT (  579062.756352901,   6141401.66299568)",20 DE FEBRERO 2684,1
2026-07-19,D_103,3,,,,S,,66779,Nocturno,,,114250,"POINT (  578909.793651607,   6141432.75583217)",20 DE FEBRERO 2752 ANTES 2752,1
2026-07-19,D_103,4,,,,S,,66779,Nocturno,,,181117,"POINT (  579012.889783561,   6141352.58342333)",JUAN JACOBO ROUSSEAU 4273,1
2026-07-19,D_103,5,,,,S,,66779,Nocturno,,,183562,"POINT (  579012.730383357,   6141350.42631580)",JUAN JACOBO ROUSSEAU 4273 PROV OV.(O:20 DE FEBRERO ANTES DE 2720),1
2026-07-19,D_103,6,,,,S,,66779,Nocturno,,,177279,"POINT (  578926.316810169,   6141323.23480113)",21 DE ABRIL 2700 FTE 2681. MURO,1
2026-07-19,D_103,7,,,,S,,66779,Nocturno,,,114232,"POINT (  578884.406804276,   6141330.09863532)",21 DE ABRIL 2716 CERCO VEGETAL,1
2026-07-19,D_103,8,,,,S,,66779,Nocturno,,,114256,"POINT (  578811.503874015,   6141342.64317913)",21 DE ABRIL 2752 ANTES 2760. MURO LADRILLO,1
2026-07-19,D_103,9,,,,S,,66779,Nocturno,,,114255,"POINT (  578695.184619799,   6141347.85555586)",FRAY MANUEL DE UBEDA Esq. 21 DE ABRIL MURO,1
2026-07-19,D_103,10,,,,S,,66779,Nocturno,,,177476,"POINT (  578694.768441974,   6141342.44524413)",21 DE ABRIL Esq. FRAY MANUEL DE UBEDA,1
2026-07-19,D_103,11,,,,S,,66779,Nocturno,,,177477,"POINT (  578706.698872960,   6141248.66650754)",GRAL IGNACIO ORIBE 2785 EN 2789. CASA TEPAEADA (RETIRAR VIEJO DE 2769),1
2026-07-19,D_103,12,,,,S,,66779,Nocturno,,,177478,"POINT (  578732.224446233,   6141197.19918317)",GRAL IGNACIO ORIBE 2767 MURO. (RETIRAR VIEJO DE 2769),1
2026-07-19,D_103,13,,,,S,,66779,Nocturno,,,114244,"POINT (  578974.347456477,   6141199.92746003)",GRAL JOSE VILLAGRAN 2653 EN 2655,1
2026-07-19,D_103,14,,,,S,,66779,Nocturno,,,121172,"POINT (  578977.491911155,   6141199.46504022)",GRAL JOSE VILLAGRAN 2653 EN 2655,1
2026-07-19,D_103,15,,,,S,,66779,Nocturno,,,177479,"POINT (  579063.964414814,   6141184.02021871)",GRAL JOSE VILLAGRAN 2610 VEREDA. (SOLAMENTE RETIRAR VIEJO) FTE 2610,1
2026-07-19,D_103,16,,,,S,,66779,Nocturno,,,114246,"POINT (  579065.515173451,   6141183.71662546)",GRAL JOSE VILLAGRAN 2610 VEREDA. EN 2625 FTE 2610,1
2026-07-19,D_103,17,,,,S,,66779,Nocturno,,,114245,"POINT (  579066.645116954,   6141183.49063676)",GRAL JOSE VILLAGRAN 2610 VEREDA. EN 2625 FTE 2610,1
2026-07-19,D_103,18,,,,S,,66779,Nocturno,,,176778,"POINT (  579038.300115600,   6141100.78465369)",ENRIQUE CLAY 2602 MURO ESTACION,1
2026-07-19,D_103,19,,,,S,,66779,Nocturno,,,114275,"POINT (  578896.811979924,   6141132.90752587)",ENRIQUE CLAY 2690 VEREDA,1
2026-07-19,D_103,20,,,,S,,66779,Nocturno,,,114259,"POINT (  578799.321560038,   6141154.98025491)",ENRIQUE CLAY 2738,1
2026-07-19,D_103,21,,,,S,,66779,Nocturno,,,183451,"POINT (  578821.434214161,   6141055.81552048)",PAN DE AZUCAR 2687,1
2026-07-19,D_103,22,,,,S,,66779,Nocturno,,,183164,"POINT (  578920.800162309,   6140967.72916907)",PAN DE AZUCAR 2623,1
2026-07-19,D_103,23,,,,N,,66779,Nocturno,,,114247,"POINT (  578966.306133903,   6140925.01606049)",PAN DE AZUCAR 2600 VIVIENDAS,1
2026-07-19,D_103,24,,,,S,,66779,Nocturno,,,114240,"POINT (  578906.510470988,   6140849.13579545)",DR SILVESTRE PEREZ 2595 FTE 2597. VIVIENDAS,1
2026-07-19,D_103,25,,,,S,,66779,Nocturno,,,114263,"POINT (  578904.753275726,   6140850.52305486)",DR SILVESTRE PEREZ 2595 FTE 2597. VIVIENDAS,1
2026-07-19,D_103,26,,,,S,,66779,Nocturno,,,114253,"POINT (  578837.887371828,   6140904.53368816)",DR SILVESTRE PEREZ 2646 EN 2634. SUB-ESTACION,1
2026-07-19,D_103,27,,,,S,,66779,Nocturno,,,152953,"POINT (  578891.250617401,   6141012.55495476)",JUAN JACOBO ROUSSEAU Esq. PAN DE AZUCAR,1
2026-07-19,D_103,28,,,,S,,66779,Nocturno,,,114254,"POINT (  578894.210104157,   6141016.06934529)",JUAN JACOBO ROUSSEAU 4051,1
2026-07-19,D_103,29,,,,S,,66779,Nocturno,,,114264,"POINT (  578954.208336645,   6141024.89504415)",PASCUAL PALADINO 4127 FTE 4126. MURO,1
2026-07-19,D_103,30,,,,S,,66779,Nocturno,,,114251,"POINT (  579027.387008185,   6140992.11599936)",PASCUAL PALADINO 2559 EN 2955,1
2026-07-19,D_103,31,,,,S,,66779,Nocturno,,,179192,"POINT (  578797.946420904,   6140781.72243560)",JOANICO 3937 FTE 3936,1
2026-07-19,D_103,32,,,,N,,66779,Nocturno,,,114241,"POINT (  578824.893704525,   6140838.91436557)",GRAL FELIX LABORDE 2618 EN 2614/2618,1
2026-07-19,D_103,33,,,,S,,66779,Nocturno,,,114242,"POINT (  578779.808958762,   6140904.67707744)",GRAL FELIX LABORDE 2652,1
2026-07-19,D_103,34,,,,S,,66779,Nocturno,,,114243,"POINT (  578728.917944011,   6140981.80258649)",GRAL FELIX LABORDE 2704,1
2026-07-19,D_103,35,,,,S,,66779,Nocturno,,,114272,"POINT (  578674.485365925,   6140956.09831351)",PAMPLONA 2703 MURO FABRICA,1
2026-07-19,D_103,36,,,,S,,66779,Nocturno,,,183366,"POINT (  578675.778725708,   6140954.43106754)",PAMPLONA 2703,1
2026-07-19,D_103,37,,,,S,,66779,Nocturno,,,176918,"POINT (  578604.780710174,   6140901.96521303)",LINDORO FORTEZA 2701,1
2026-07-19,D_103,38,,,,S,,66779,Nocturno,,,114265,"POINT (  578606.066639302,   6140900.53172338)",LINDORO FORTEZA 2701,1
2026-07-19,D_103,39,,,,S,,66779,Nocturno,,,114266,"POINT (  578641.599016664,   6140849.87918544)",LINDORO FORTEZA 2677 EN 2677/2675,1
2026-07-19,D_103,40,,,,S,,66779,Nocturno,,,114267,"POINT (  578695.275586721,   6140771.63235444)",LINDORO FORTEZA 2641,1
2026-07-19,D_103,41,,,,S,,66779,Nocturno,,,114234,"POINT (  578747.807993687,   6140693.30032094)",LINDORO FORTEZA 2583 EN 2589,1
2026-07-19,D_103,42,,,,N,,66779,Nocturno,,,114268,"POINT (  578750.027608754,   6140690.61828607)",LINDORO FORTEZA 2583 EN 2589,1
2026-07-19,D_103,43,,,,S,,66779,Nocturno,,,180803,"POINT (  578612.719763181,   6140731.33130414)",LARRAVIDE 2648,1
2026-07-19,D_103,44,,,,S,,66779,Nocturno,,,114235,"POINT (  578610.746763291,   6140734.08574780)",LARRAVIDE 2648 VEREDA. FTE 2643.,1
2026-07-19,D_103,45,,,,S,,66779,Nocturno,,,114257,"POINT (  578565.176190400,   6140801.06125823)",LARRAVIDE 2678 VEREDA,1
2026-07-19,D_103,46,,,,S,,66779,Nocturno,,,114273,"POINT (  578516.249636728,   6140874.16860286)",LARRAVIDE 2720 VEREDA,1
2026-07-19,D_103,47,,,,S,,66779,Nocturno,,,114269,"POINT (  578427.210088705,   6140818.34939382)",CIPRIANO MIRO 2725,1
2026-07-19,D_103,48,,,,N,,66779,Nocturno,,,177482,"POINT (  578445.755376634,   6140788.00389714)",CIPRIANO MIRO 2707 EN 2705 (RETIRAR VIEJO EN 2737),1
2026-07-19,D_103,49,,,,S,,66779,Nocturno,,,114238,"POINT (  578487.928062909,   6140722.52525266)",CIPRIANO MIRO 2665,1
2026-07-19,D_103,50,,,,S,,66779,Nocturno,,,119492,"POINT (  578570.938902265,   6140601.28724693)",CIPRIANO MIRO 2592 PROV OV. ORIGEN: CIPRIANO MIRO FTE 2573,1
2026-07-19,D_103,51,,,,S,,66779,Nocturno,,,177483,"POINT (  578569.036496820,   6140605.07062202)",CIPRIANO MIRO 2592,1
2026-07-19,C_102,1,S,75,,S,,66780,Nocturno,2026-07-19 23:18:39,,134664,"POINT (  574335.824558786,   6140230.42512798)",GUADALUPE 1469,0
2026-07-19,C_102,2,S,75,,S,,66780,Nocturno,2026-07-19 23:18:42,,180420,"POINT (  574334.219297838,   6140229.65569659)",GUADALUPE 1469,0
2026-07-19,C_102,3,S,50,,S,"Basura Afuera, Requiere Limpieza",66780,Nocturno,2026-07-19 23:22:19,,181755,"POINT (  574281.420595093,   6140091.64560914)",CONCEPCION ARENAL 1468 ANTES DE GOMERIA,0
2026-07-19,C_102,4,N,,Contenedor No Está,S,,66780,Nocturno,2026-07-19 23:27:42,,180193,"POINT (  574340.397176104,   6140078.13612653)",CONCEPCION ARENAL Esq. AV GRAL SAN MARTIN ESQ.,0
2026-07-19,C_102,5,N,,Contenedor No Está,S,,66780,Nocturno,2026-07-19 23:27:46,,180192,"POINT (  574346.809147570,   6140078.13612653)",CONCEPCION ARENAL Esq. AV GRAL SAN MARTIN ESQ. (RETIRAR VIEJO DE  AV GRAL SAN MARTIN 2515),0
2026-07-19,C_102,6,S,50,,S,,66780,Nocturno,2026-07-19 23:27:50,,183874,"POINT (  574351.901415049,   6139999.08508277)",AV GRAL SAN MARTIN 2523,0
2026-07-19,C_102,7,S,50,,S,,66780,Nocturno,2026-07-19 23:27:53,,183873,"POINT (  574351.683312541,   6139986.54418855)",AV GRAL SAN MARTIN 2515,0
2026-07-19,C_102,8,S,75,,S,,66780,Nocturno,2026-07-19 23:27:28,,134004,"POINT (  574384.974872885,   6139941.29743222)",CARLOS REYLES 1508 COLUMNA/ARBOL,0
2026-07-19,C_102,9,S,50,,S,"Basura Afuera, Requiere Limpieza",66780,Nocturno,2026-07-19 23:27:31,,183024,"POINT (  574397.205805085,   6139935.74678927)",CARLOS REYLES 1518 FTE 1513,0
2026-07-19,C_102,10,S,50,,S,,66780,Nocturno,2026-07-19 23:33:09,,184430,"POINT (  574560.185681046,   6139856.97602680)",CARLOS REYLES Esq. ROCHA,0
2026-07-19,C_102,11,S,50,,S,,66780,Nocturno,2026-07-19 23:33:13,,134005,"POINT (  574582.239834828,   6139848.31067706)",CARLOS REYLES Esq. ROCHA MURO. BAJAR A CALLE,0
2026-07-19,C_102,12,S,50,,S,,66780,Nocturno,2026-07-19 23:33:15,,181895,"POINT (  574584.414528540,   6139847.11503878)",CARLOS REYLES 1603,0
2026-07-19,C_102,13,S,50,,S,,66780,Nocturno,2026-07-19 23:37:47,,173372,"POINT (  574746.588514125,   6139770.24598136)",CARLOS REYLES 1715 FTE 1715,0
2026-07-19,C_102,14,S,50,,S,"Basura Afuera, Requiere Limpieza",66780,Nocturno,2026-07-19 23:37:52,,134064,"POINT (  574788.897836159,   6139750.65558588)",CARLOS REYLES 1742,0
2026-07-19,C_102,15,S,50,,S,,66780,Nocturno,2026-07-19 23:39:55,,134006,"POINT (  574934.547553674,   6139681.61603786)",CARLOS REYLES 1806 ARBOL/ARBOL,0
2026-07-19,C_102,16,S,50,,S,,66780,Nocturno,2026-07-19 23:39:58,,181896,"POINT (  574938.197098039,   6139679.89671917)",CARLOS REYLES 1806,0
2026-07-19,C_102,17,N,,Contenedor No Está,S,,66780,Nocturno,2026-07-19 23:42:04,,133994,"POINT (  574996.807440679,   6139652.74598136)",CARLOS REYLES 1846 EN 1844. ANTES ARBOL,0
2026-07-19,C_102,18,S,75,,S,"Basura Afuera, Requiere Limpieza",66780,Nocturno,2026-07-19 23:42:10,,134007,"POINT (  575042.005180792,   6139630.88157458)",CARLOS REYLES 1868,0
2026-07-19,C_102,19,S,50,,S,,66780,Nocturno,2026-07-19 23:48:09,,181897,"POINT (  574959.295570370,   6139567.29593856)",DR DOMINGO ARAMBURU 1747,0
2026-07-19,C_102,20,S,50,,S,,66780,Nocturno,2026-07-19 23:48:12,,134084,"POINT (  574957.250023251,   6139568.22259888)",DR DOMINGO ARAMBURU 1747 EN 1749,0
2026-07-19,C_102,21,S,50,,S,,66780,Nocturno,2026-07-19 23:48:16,,134083,"POINT (  574908.370529193,   6139590.35426761)",DR DOMINGO ARAMBURU 1715 EN 1715/1719,0
2026-07-19,C_102,22,S,50,,S,,66780,Nocturno,2026-07-19 23:48:20,,136972,"POINT (  574833.747177029,   6139625.56142392)",DR DOMINGO ARAMBURU 1677 EN 1679,0
2026-07-19,C_102,23,S,100,,S,,66780,Nocturno,2026-07-19 23:49:47,,182087,"POINT (  574759.878862309,   6139660.42641416)",DR DOMINGO ARAMBURU 1643 EN 1643,0
2026-07-19,C_102,24,S,100,,S,,66780,Nocturno,2026-07-19 23:52:12,,179074,"POINT (  574590.159319607,   6139740.19788736)",DR DOMINGO ARAMBURU 1529 EN 1537,0
2026-07-19,C_102,25,S,100,,S,,66780,Nocturno,2026-07-19 23:54:14,,134082,"POINT (  574510.695211868,   6139777.22963561)",DR DOMINGO ARAMBURU 1489,0
2026-07-19,C_102,26,S,100,,S,,66780,Nocturno,2026-07-19 23:57:32,,134039,"POINT (  574445.781075393,   6139807.39758208)",DR DOMINGO ARAMBURU 1445 EN 1447,0
2026-07-19,C_102,27,S,50,,S,,66780,Nocturno,2026-07-20 00:03:21,,181898,"POINT (  574318.876905664,   6139867.53179608)",DR DOMINGO ARAMBURU 1385,0
2026-07-19,C_102,28,S,75,,S,,66780,Nocturno,2026-07-20 00:03:24,,134038,"POINT (  574312.051144071,   6139870.44997459)",DR DOMINGO ARAMBURU 1381 EN 1389,0
2026-07-19,C_102,29,S,75,,S,,66780,Nocturno,2026-07-20 00:03:31,,180419,"POINT (  574266.528740387,   6139893.25069090)",DR DOMINGO ARAMBURU 1361 EN 1359/1361,0
2026-07-19,C_102,30,S,50,,S,,66780,Nocturno,2026-07-20 00:07:21,,133996,"POINT (  574278.830805088,   6139753.50082205)",BLANDENGUES 1414 EN 1412. MURO,0
2026-07-19,C_102,31,S,75,,S,,66780,Nocturno,2026-07-20 00:08:29,,133997,"POINT (  574329.547970152,   6139730.62679586)",BLANDENGUES 1440 (AJUSTAR POSICION FTE AL 1477),0
2026-07-19,C_102,32,S,75,,S,,66780,Nocturno,2026-07-20 00:08:32,,133995,"POINT (  574427.474872885,   6139684.17878815)",BLANDENGUES 1508 PDO 1508. MURO,0
2026-07-19,C_102,33,S,50,,S,,66780,Nocturno,2026-07-20 00:16:02,,133998,"POINT (  574547.220635597,   6139628.67031358)",BLANDENGUES 1592 EN 1600. PDO REBAJE,0
2026-07-19,C_102,34,S,50,,S,,66780,Nocturno,2026-07-20 00:15:59,,133999,"POINT (  574548.830805089,   6139628.16183900)",BLANDENGUES 1592 EN 1600. PDO REBAJE,0
2026-07-19,C_102,35,S,50,,S,,66780,Nocturno,2026-07-20 00:16:07,,134065,"POINT (  574597.813855936,   6139605.06861866)",BLANDENGUES 1618,0
2026-07-19,C_102,36,S,100,,S,,66780,Nocturno,2026-07-20 00:18:06,,175355,"POINT (  574711.203686445,   6139552.10251696)",BLANDENGUES 1694,0
2026-07-19,C_102,37,S,100,,S,,66780,Nocturno,2026-07-20 00:18:09,,181899,"POINT (  574714.155962527,   6139550.81935643)",BLANDENGUES 1694,0
2026-07-19,C_102,38,S,100,,S,,66780,Nocturno,2026-07-20 00:22:26,,134014,"POINT (  574801.997529328,   6139509.64653272)",BLANDENGUES 1738 ARBOL/ARBOL,0
2026-07-19,C_102,39,S,50,,S,,66780,Nocturno,2026-07-20 00:24:38,,182971,"POINT (  574877.406585906,   6139473.87775571)",BLANDENGUES 1778 EN 1780/1782. ANTES ARBOL,0
2026-07-19,C_102,40,S,75,,S,,66780,Nocturno,2026-07-20 00:26:42,,134040,"POINT (  574953.283429378,   6139436.77140509)",BLANDENGUES 1818,0
2026-07-19,C_102,41,S,75,,S,"Basura Afuera, Requiere Limpieza",66780,Nocturno,2026-07-20 00:31:10,,181686,"POINT (  575102.268551413,   6139404.80784520)",BLANDENGUES 1916 EN 1918,0
2026-07-19,C_102,42,S,50,,S,,66780,Nocturno,2026-07-20 00:32:53,,181699,"POINT (  575214.788024859,   6139416.61296836)",BLANDENGUES 1982 EN 1980,0
2026-07-19,C_102,43,S,50,,S,,66780,Nocturno,2026-07-20 00:32:56,,181700,"POINT (  575220.098759322,   6139417.29093447)",BLANDENGUES 1982 EN 1982,0
2026-07-19,C_102,44,S,75,,S,,66780,Nocturno,2026-07-20 00:35:52,,134092,"POINT (  574992.153515067,   6139183.37508492)",JUSTICIA 2310 EN 2314/2318. PDO REBAJE,0
2026-07-19,C_102,45,S,50,,S,"Basura Afuera, Requiere Limpieza",66780,Nocturno,2026-07-20 00:37:50,,134077,"POINT (  574984.094691537,   6139259.02214374)",JUSTICIA 2372,0
2026-07-19,C_102,46,S,50,,S,,66780,Nocturno,2026-07-20 00:40:01,,134076,"POINT (  575046.873354022,   6139306.11697951)",DR JUAN C PATRON 1838,0
2026-07-19,C_102,47,S,50,,S,,66780,Nocturno,2026-07-20 00:41:15,,181685,"POINT (  575078.087760452,   6139347.51970961)",INCA 2316 VEREDA,0
2026-07-19,C_102,48,S,50,,S,,66780,Nocturno,2026-07-20 00:44:16,,134078,"POINT (  575066.800573891,   6139462.78684963)",INCA 2370,0
2026-07-19,C_102,49,S,100,,S,,66780,Nocturno,2026-07-20 00:44:20,,134036,"POINT (  575061.824707286,   6139507.48911011)",INCA 2390,0
2026-07-19,C_102,50,S,50,,S,,66780,Nocturno,2026-07-20 01:49:01,,134041,"POINT (  574972.729110173,   6139367.78048307)",ARENAL GRANDE 2369 EN 2367,0
2026-07-19,C_102,51,S,50,,S,,66780,Nocturno,2026-07-20 01:51:22,,181411,"POINT (  574910.074519608,   6139352.82168845)",MARCELINO BERTHELOT 1769 EN 1771,0
2026-07-19,C_102,52,S,50,,S,,66780,Nocturno,2026-07-20 01:51:27,,134043,"POINT (  574908.393437101,   6139353.35729427)",MARCELINO BERTHELOT 1769 EN 1771,0
2026-07-19,C_102,53,S,75,,S,,66780,Nocturno,2026-07-20 01:54:33,,134042,"POINT (  574865.886911218,   6139373.44421961)",MARCELINO BERTHELOT 1735 REBAJE/REBAJE. (RETIRAR VIEJO DE MARCELINO 1727),0
2026-07-19,C_102,54,S,50,,S,,66780,Nocturno,2026-07-20 01:54:36,,134058,"POINT (  574803.552646129,   6139403.12103189)",MARCELINO BERTHELOT 1705 EN 1707/1713,0
2026-07-19,C_102,55,S,75,,S,,66780,Nocturno,2026-07-20 01:55:51,,164053,"POINT (  574704.339279665,   6139450.23811018)",MARCELINO BERTHELOT 1657,0
2026-07-19,C_102,56,S,50,,S,,66780,Nocturno,2026-07-20 01:58:01,,178984,"POINT (  574622.006072316,   6139490.16189661)",MARCELINO BERTHELOT 1603,0
2026-07-19,C_102,57,S,75,,S,,66780,Nocturno,2026-07-20 01:59:41,,134068,"POINT (  574576.764779379,   6139510.29449806)",MARCELINO BERTHELOT 1581 FTE 1590,0
2026-07-19,C_102,58,S,75,,S,,66780,Nocturno,2026-07-20 02:01:12,,134073,"POINT (  574513.828197034,   6139540.25349354)",MARCELINO BERTHELOT 1547,0
2026-07-19,C_102,59,S,50,,S,,66780,Nocturno,2026-07-20 02:04:51,,184250,"POINT (  574481.220643903,   6139617.05473171)",ROCHA 2378,0
2026-07-19,C_102,60,S,50,,S,,66780,Nocturno,2026-07-20 02:04:54,,134072,"POINT (  574484.820623410,   6139630.84390979)",ROCHA 2384 EN 2386. MURO,0
2026-07-19,C_102,61,S,50,,S,"Basura Afuera, Requiere Limpieza",66780,Nocturno,2026-07-20 02:09:48,,183904,"POINT (  574716.536348330,   6139315.73985678)",LIBRES 1694 PDO 1694,0
2026-07-19,C_102,62,S,50,,S,"Basura Afuera, Requiere Limpieza",66780,Nocturno,2026-07-20 02:09:52,,183905,"POINT (  574717.746780357,   6139314.98736317)",LIBRES 1694 PDO 1694,0
2026-07-19,C_102,63,S,50,,S,,66780,Nocturno,2026-07-20 02:11:20,,134021,"POINT (  574838.638634535,   6139259.53983729)",LIBRES Esq. PORONGOS,0
2026-07-19,C_102,64,S,100,,S,"Basura Afuera, Requiere Limpieza",66780,Nocturno,2026-07-20 02:13:42,,134070,"POINT (  574898.007959535,   6139230.28538729)",LIBRES 1794 ANTES 1796,0
2026-07-19,C_102,65,S,50,,S,,66780,Nocturno,2026-07-20 02:15:38,,145053,"POINT (  574819.524467813,   6139168.91776348)",DR JUAN J DE AMEZAGA 1721 FTE 1726,0
2026-07-19,C_102,66,S,50,,S,,66780,Nocturno,2026-07-20 02:15:28,,145072,"POINT (  574817.146169783,   6139169.86908269)",DR JUAN J DE AMEZAGA 1721 FTE 1726,0
2026-07-19,C_102,67,S,100,,S,,66780,Nocturno,2026-07-20 02:20:47,,145092,"POINT (  574664.406310765,   6139087.15276109)",MARTIN GARCIA 1662 EN 1664,0
2026-07-19,C_102,68,S,50,,S,,66780,Nocturno,2026-07-20 02:20:50,,182038,"POINT (  574666.540290785,   6139086.30711593)",MARTIN GARCIA 1662,0
2026-07-19,C_102,69,S,50,,S,,66780,Nocturno,2026-07-20 02:20:53,,136912,"POINT (  574693.322330512,   6139074.64488985)",MARTIN GARCIA 1682,0
2026-07-19,C_102,70,S,50,,S,,66780,Nocturno,2026-07-20 02:20:57,,134010,"POINT (  574767.729110173,   6139039.47539832)",MARTIN GARCIA 1725 EN 1718. MURO,0
2026-07-19,C_102,71,S,50,,S,,66780,Nocturno,2026-07-20 02:20:59,,134044,"POINT (  574787.729110173,   6139030.15336443)",MARTIN GARCIA 1732 ANTES ARBOL,0
2026-07-19,C_102,72,S,50,,S,,66780,Nocturno,2026-07-20 02:23:33,,134045,"POINT (  574508.235434535,   6139079.49590604)",JOSE L TERRA 2151,0
2026-07-19,C_102,73,S,75,,S,,66780,Nocturno,2026-07-20 02:23:36,,134074,"POINT (  574509.865407018,   6139082.04305343)",JOSE L TERRA 2151,0
2026-07-19,C_102,74,S,50,,S,,66780,Nocturno,2026-07-20 02:31:08,,134001,"POINT (  574507.918220949,   6139047.08096728)",ISIDORO DE MARIA 1614,0
2026-07-19,C_102,75,S,50,,S,,66780,Nocturno,2026-07-20 02:31:12,,181614,"POINT (  574511.703753731,   6139045.70939403)",ISIDORO DE MARIA 1614,0
2026-07-19,C_102,76,S,75,,S,,66780,Nocturno,2026-07-20 02:31:16,,134000,"POINT (  574577.565279772,   6139016.37508493)",ISIDORO DE MARIA 1632 PDO 1632,0
2026-07-19,C_102,77,S,75,,S,,66780,Nocturno,2026-07-20 02:31:19,,134063,"POINT (  574581.565279772,   6139014.37508493)",ISIDORO DE MARIA 1636 PDO 1632,0
2026-07-19,C_102,78,S,50,,S,,66780,Nocturno,2026-07-20 02:34:51,,136892,"POINT (  574716.682926831,   6138950.25743787)",ISIDORO DE MARIA 1728 EN 1728/1732,0
2026-07-19,C_102,79,S,50,,S,,66780,Nocturno,2026-07-20 02:34:54,,134046,"POINT (  574754.506456243,   6138932.37508493)",ISIDORO DE MARIA 1744 PDO CARTEL,0
2026-07-19,C_102,80,S,100,,S,,66780,Nocturno,2026-07-20 02:38:57,,167972,"POINT (  574913.050378524,   6138949.54447484)",REPUBLICA 2210,0
2026-07-19,C_102,81,S,100,,S,,66780,Nocturno,2026-07-20 02:39:00,,177292,"POINT (  574911.807795480,   6138963.73105085)",REPUBLICA 2210,0
2026-07-19,C_102,82,S,100,,S,"Basura Afuera, Requiere Limpieza",66780,Nocturno,2026-07-20 02:42:53,,177291,"POINT (  574919.870408475,   6139041.99521243)",MARTIN GARCIA 1810,0
2026-07-19,C_102,83,S,50,,S,,66780,Nocturno,2026-07-20 02:45:38,,177274,"POINT (  575021.763611299,   6139053.10277853)",MARTIN GARCIA 1858,0
2026-07-19,C_102,84,S,50,,S,,66780,Nocturno,2026-07-20 02:45:41,,161497,"POINT (  575061.271162126,   6139057.66920257)",MARTIN GARCIA 1884 EN 1876,0
2026-07-19,C_102,85,S,50,,S,"Basura Afuera, Requiere Limpieza",66780,Nocturno,2026-07-20 02:48:02,,134048,"POINT (  575214.329985655,   6139073.66920257)",MARTIN GARCIA 1954,0
2026-07-19,C_102,86,S,50,,S,,66780,Nocturno,2026-07-20 02:51:55,,181721,"POINT (  575288.763835294,   6139082.64688954)",MARTIN GARCIA 2000 PDO 1990,0
2026-07-19,C_102,87,S,50,,S,,66780,Nocturno,2026-07-20 02:51:58,,183746,"POINT (  575299.867480702,   6139044.04322105)",CONSTITUCION 2181,0
2026-07-19,C_102,88,S,50,,S,,66780,Nocturno,2026-07-20 02:52:00,,134028,"POINT (  575305.035868008,   6139007.55155551)",CONSTITUCION 2159 EN 2161,0
2026-07-19,C_102,89,S,100,,S,"Basura Afuera, Requiere Limpieza",66780,Nocturno,2026-07-20 02:54:33,,161472,"POINT (  575225.825210958,   6138975.64099910)",NUEVA PALMIRA 1801,0
2026-07-19,C_102,90,S,50,,S,"Basura Afuera, Requiere Limpieza",66780,Nocturno,2026-07-20 02:56:58,,184386,"POINT (  575128.532994335,   6138963.93408737)",NUEVA PALMIRA 1751,0
2026-07-19,C_102,91,S,75,,S,,66780,Nocturno,2026-07-20 02:58:50,,181836,"POINT (  575080.540432195,   6138959.48283265)",NUEVA PALMIRA 1735,0
2026-07-19,C_102,92,S,100,,S,"Basura Afuera, Requiere Limpieza",66780,Nocturno,2026-07-20 02:59:53,,181724,"POINT (  575015.197374292,   6138963.24960305)",JUSTICIA 2202 FTE 2205,0
2026-07-19,C_102,93,,,,S,,66780,Nocturno,,,134011,"POINT (  575073.329985655,   6139272.96332021)",INCA 2287 MURO,0
2026-07-19,C_102,94,,,,S,,66780,Nocturno,,,144972,"POINT (  575075.271162126,   6139253.66920256)",INCA 2277,0
2026-07-19,C_102,95,,,,S,,66780,Nocturno,,,134013,"POINT (  575090.890250398,   6139103.98795358)",INCA 2215 EN 2117/2115,0
2026-07-19,C_102,96,,,,S,,66780,Nocturno,,,134015,"POINT (  575193.791095017,   6139177.83362711)",DEMOCRACIA 2284 EN 2282/2284. MEDIANERA,0
2026-07-19,C_102,97,,,,S,,66780,Nocturno,,,183015,"POINT (  575184.756312994,   6139264.10899153)",DEMOCRACIA 2310 EN 2310,0
2026-07-19,C_102,98,,,,S,,66780,Nocturno,,,134049,"POINT (  575184.333437108,   6139266.63943192)",DEMOCRACIA 2310 PDO REBAJE,0
2026-07-19,C_102,99,,,,S,,66780,Nocturno,,,181040,"POINT (  575171.242643355,   6139403.89462026)",DEMOCRACIA 2388 MURO. ESQ,0
2026-07-19,C_102,100,,,,S,,66780,Nocturno,,,181039,"POINT (  575171.079244662,   6139404.76607995)",DEMOCRACIA 2388 MURO. ESQ,0
2026-07-19,C_102,101,,,,S,,66780,Nocturno,,,181615,"POINT (  575157.861986567,   6139523.98983731)",DEMOCRACIA 2444,0
2026-07-19,C_102,102,,,,S,,66780,Nocturno,,,134033,"POINT (  575157.624103302,   6139525.90449668)",DEMOCRACIA 2444 PDO 2444,0
2026-07-19,C_102,103,,,,S,,66780,Nocturno,,,134034,"POINT (  575153.388809185,   6139566.72802609)",DEMOCRACIA 2452 ARBOL/COLUMNA,0
2026-07-19,C_102,104,,,,S,,66780,Nocturno,,,134035,"POINT (  575144.447632714,   6139647.55155550)",DEMOCRACIA 2490,0
2026-07-19,C_102,105,,,,S,,66780,Nocturno,,,181571,"POINT (  575230.366110458,   6139669.17920872)",CONSTITUCION 2443 FTE 2448,0
2026-07-19,C_102,106,,,,S,,66780,Nocturno,,,181722,"POINT (  575240.934727451,   6139582.08168802)",CONSTITUCION 2407 PDO 2407,0
2026-07-19,C_102,107,,,,S,,66780,Nocturno,,,134031,"POINT (  575245.407167448,   6139543.40312980)",CONSTITUCION 2393,0
2026-07-19,C_102,108,,,,S,,66780,Nocturno,,,134032,"POINT (  575250.905786848,   6139503.31642062)",CONSTITUCION 2377,0
2026-07-19,C_102,109,,,,S,,66780,Nocturno,,,134029,"POINT (  575262.212338597,   6139398.02214374)",CONSTITUCION 2341 BIS,0
2026-07-19,C_102,110,,,,S,,66780,Nocturno,,,183014,"POINT (  575273.606607910,   6139314.19680622)",CONSTITUCION 2307 EN 2303/2307,0
2026-07-19,C_102,111,,,,S,,66780,Nocturno,,,183747,"POINT (  575279.801691228,   6139226.00594035)",CONSTITUCION 2267,0
2026-07-19,C_102,112,,,,S,,66780,Nocturno,,,183748,"POINT (  575280.130638596,   6139225.12874737)",CONSTITUCION 2261,0
2026-07-19,CH_111,1,S,75,,S,,66781,Nocturno,2026-07-19 23:05:26,,177042,"POINT (  576759.233261983,   6137530.17896525)",PALMAR 2528 CASA RETIRO,0
2026-07-19,CH_111,2,S,25,,S,,66781,Nocturno,2026-07-19 23:06:38,,177043,"POINT (  576761.156853422,   6137529.21716953)",PALMAR 2528 CASA RETIRO,0
2026-07-19,CH_111,3,S,100,,S,,66781,Nocturno,2026-07-19 23:36:37,,181926,"POINT (  576870.904201525,   6137543.35454510)",SIMON BOLIVAR 1468,0
2026-07-19,CH_111,4,S,25,,S,,66781,Nocturno,2026-07-19 23:40:15,,181927,"POINT (  576891.682330501,   6137658.40922266)",SIMON BOLIVAR 1518,0
2026-07-19,CH_111,5,S,50,,S,,66781,Nocturno,2026-07-19 23:40:29,,177045,"POINT (  576892.154024177,   6137660.97130914)",SIMON BOLIVAR 1518 COLUMNA/ARBOL,0
2026-07-19,CH_111,6,S,25,,S,,66781,Nocturno,2026-07-19 23:42:04,,177046,"POINT (  576937.720580659,   6137697.48392443)",LEONOR HORTICOU 2574 FTE 2561. MURO CHAPA,0
2026-07-19,CH_111,7,S,25,,S,,66781,Nocturno,2026-07-19 23:42:22,,181802,"POINT (  576940.308996951,   6137698.13971809)",LEONOR HORTICOU 2574,0
2026-07-19,CH_111,8,S,25,,S,,66781,Nocturno,2026-07-19 23:45:13,,178830,"POINT (  577036.369828976,   6137772.40705970)",GRAL JOSE ESTEBAN BRITO DEL PINO 1590 FTE 1569,0
2026-07-19,CH_111,9,S,100,,S,,66781,Nocturno,2026-07-19 23:47:09,,177049,"POINT (  577345.296359493,   6137819.19264208)",BRIG GRAL DIEGO LAMAS 1591 ARBOL/COLUMNA,0
2026-07-19,CH_111,10,S,25,,S,,66781,Nocturno,2026-07-19 23:51:55,,177050,"POINT (  577354.498725948,   6137731.62173548)",BRIG GRAL DIEGO LAMAS 1548 FTE 1546/1548. COLUMNA/ARBOL,0
2026-07-19,CH_111,11,S,25,,S,,66781,Nocturno,2026-07-19 23:51:33,,182204,"POINT (  577355.334240959,   6137727.72610065)",BRIG GRAL DIEGO LAMAS 1537,0
2026-07-19,CH_111,12,S,100,,S,,66781,Nocturno,2026-07-19 23:53:31,,177051,"POINT (  577366.818022978,   6137629.65357814)",BRIG GRAL DIEGO LAMAS 1503 COLUMNA/ARBOL,0
2026-07-19,CH_111,13,S,75,,S,,66781,Nocturno,2026-07-19 23:55:18,,177053,"POINT (  577392.495593895,   6137448.87160487)",BRIG GRAL DIEGO LAMAS 1425 FTE 1432. MURO VEGETAL,0
2026-07-19,CH_111,14,S,100,,S,,66781,Nocturno,2026-07-20 00:00:24,,177054,"POINT (  577399.620006635,   6137395.88378511)",BRIG GRAL DIEGO LAMAS 1409 MURO,0
2026-07-19,CH_111,15,S,100,,S,,66781,Nocturno,2026-07-20 00:00:38,,180306,"POINT (  577400.933514124,   6137391.87605142)",BRIG GRAL DIEGO LAMAS 1409,0
2026-07-19,CH_111,16,S,50,,S,,66781,Nocturno,2026-07-19 22:49:07,,183645,"POINT (  577310.873953159,   6137438.96421852)",PEDRO DE ALARCON 1372,0
2026-07-19,CH_111,17,S,50,,S,,66781,Nocturno,2026-07-19 22:49:19,,183644,"POINT (  577310.002493464,   6137441.36073268)",PEDRO DE ALARCON 1372,0
2026-07-19,CH_111,18,S,75,,S,,66781,Nocturno,2026-07-19 22:52:59,,183612,"POINT (  577269.874997604,   6137610.70128148)",CAP VIDELA 2841,0
2026-07-19,CH_111,19,S,25,,S,,66781,Nocturno,2026-07-19 22:53:13,,177058,"POINT (  577261.139234002,   6137609.61616731)",CAP VIDELA 2835 EN 2845. ARBOL/COLUMNA,0
2026-07-19,CH_111,20,S,25,,S,,66781,Nocturno,2026-07-19 22:54:09,,177059,"POINT (  577205.628184736,   6137603.23388090)",CAP VIDELA 2783 EN 2785. PDO GARAGE,0
2026-07-19,CH_111,21,S,75,,S,,66781,Nocturno,2026-07-19 23:17:57,,177060,"POINT (  577161.694306173,   6137598.03899661)",CAP VIDELA 2743 EN 2747. ARBOL/COLUMNA,0
2026-07-19,CH_111,22,S,25,,S,,66781,Nocturno,2026-07-19 23:19:26,,177061,"POINT (  577067.295837368,   6137585.71969958)",CAP VIDELA 2635,0
2026-07-19,CH_111,23,S,25,,S,,66781,Nocturno,2026-07-19 23:19:42,,177062,"POINT (  577062.843079406,   6137584.97757325)",CAP VIDELA 2635,0
2026-07-19,CH_111,24,S,50,,S,,66781,Nocturno,2026-07-19 23:22:02,,180263,"POINT (  576983.100869615,   6137533.04446912)",GRAL JOSE ESTEBAN BRITO DEL PINO 1489 PDO 1491,0
2026-07-19,CH_111,25,S,50,,S,,66781,Nocturno,2026-07-19 23:22:30,,177063,"POINT (  576982.545010815,   6137528.72439766)",GRAL JOSE ESTEBAN BRITO DEL PINO 1489 PDO 1491. COLUMNA/ARBOL,0
2026-07-19,CH_111,26,S,100,,S,,66781,Nocturno,2026-07-19 23:26:03,,179127,"POINT (  576961.315050763,   6137397.66511591)",GRAL JOSE ESTEBAN BRITO DEL PINO 1407 FTE 1404,0
2026-07-19,CH_111,27,S,100,,S,,66781,Nocturno,2026-07-19 23:26:23,,177065,"POINT (  576960.429646268,   6137392.32157874)",GRAL JOSE ESTEBAN BRITO DEL PINO 1407 FTE 1404,0
2026-07-19,CH_111,28,S,100,,S,,66781,Nocturno,2026-07-19 23:33:35,,183582,"POINT (  576858.441362341,   6137471.79097701)",SIMON BOLIVAR 1440,0
2026-07-19,CH_111,29,S,25,,S,,66781,Nocturno,2026-07-19 23:09:12,,184426,"POINT (  576871.013133987,   6137486.16500262)",PALMAR 2606,0
2026-07-19,CH_111,30,S,25,,S,,66781,Nocturno,2026-07-19 23:10:40,,177068,"POINT (  576876.895486928,   6137484.09528584)",PALMAR 2606 MURO LADRILLO,0
2026-07-19,CH_111,31,S,25,,S,,66781,Nocturno,2026-07-19 23:11:00,,180545,"POINT (  576993.232640959,   6137454.91528628)",MENDEZ NUÑEZ 2656 PDO 2656. MURO CIEGO,0
2026-07-19,CH_111,32,S,25,,S,,66781,Nocturno,2026-07-19 23:13:28,,177071,"POINT (  577044.289921228,   6137461.93302822)",MENDEZ NUÑEZ 2684 EDIFICIO,0
2026-07-19,CH_111,33,S,25,,S,,66781,Nocturno,2026-07-19 23:13:42,,177072,"POINT (  577046.961576005,   6137461.93302822)",MENDEZ NUÑEZ 2690 EDIFICIO,0
2026-07-19,CH_111,34,S,75,,S,,66781,Nocturno,2026-07-19 23:17:09,,177073,"POINT (  577108.186997989,   6137469.79956729)",MENDEZ NUÑEZ 2708 EN 2712,0
2026-07-19,CH_111,35,S,50,,S,,66781,Nocturno,2026-07-19 23:17:22,,177074,"POINT (  577138.020476338,   6137472.76807259)",MENDEZ NUÑEZ 2726 ANTES 2734. MURO LAVADERO,0
2026-07-19,CH_111,36,S,25,,S,,66781,Nocturno,2026-07-19 23:00:14,,183891,"POINT (  577210.257615686,   6137478.71007015)",MENDEZ NUÑEZ 2776 Alta por dirección,0
2026-07-19,CH_111,37,S,50,,S,,66781,Nocturno,2026-07-19 22:59:30,,184271,"POINT (  577245.494596244,   6137469.87086573)",LEPANTO 1395,0
2026-07-19,CH_111,38,S,50,,S,,66781,Nocturno,2026-07-19 22:59:40,,177077,"POINT (  577248.448873808,   6137451.09798384)",LEPANTO 1381 REJA,0
2026-07-19,CH_111,39,S,100,,S,,66781,Nocturno,2026-07-19 22:59:04,,181349,"POINT (  577251.889290960,   6137419.75978870)",LEPANTO 1363,0
2026-07-19,CH_111,40,S,25,,S,,66781,Nocturno,2026-07-19 22:59:57,,181273,"POINT (  577109.446540976,   6137411.25576720)",AV DR FRANCISCO SOCA 1402 EN 1420,0
2026-07-19,CH_111,41,S,25,,S,,66781,Nocturno,2026-07-20 00:03:45,,177076,"POINT (  577050.894845539,   6137678.04021466)",FELICIANO RODRIGUEZ 2658,0
2026-07-19,CH_111,42,S,25,,S,,66781,Nocturno,2026-07-20 00:03:58,,177078,"POINT (  577057.573982482,   6137679.37604205)",FELICIANO RODRIGUEZ 2658,0
2026-07-19,CH_111,43,S,25,,S,,66781,Nocturno,2026-07-20 00:06:07,,177079,"POINT (  577149.746072306,   6137698.22605076)",FELICIANO RODRIGUEZ 2710 FTE 2715. ARBOL/ARBOL,0
2026-07-19,CH_111,44,S,75,,S,,66781,Nocturno,2026-07-20 00:06:26,,177080,"POINT (  577153.605129207,   6137698.37447602)",FELICIANO RODRIGUEZ 2710 FTE 2715. ARBOL/ARBOL,0
2026-07-19,CH_111,45,S,25,,S,,66781,Nocturno,2026-07-20 00:10:03,,177082,"POINT (  577419.731630098,   6137753.29182423)",FELICIANO RODRIGUEZ 2946 EN 2948. ESQ,0
2026-07-19,CH_116,1,S,75,,S,,66781,Nocturno,2026-07-20 00:15:03,,176941,"POINT (  577643.342187402,   6138759.61670274)",GRAL LAS HERAS 1984 VEREDA EN 1990. PASANDO ARBOL,1
2026-07-19,CH_116,2,S,50,,S,,66781,Nocturno,2026-07-20 00:16:15,,176942,"POINT (  577681.190630083,   6138667.97515429)",GRAL LAS HERAS 1925 VEREDA EN 1948. ENTRE ARBOLES,1
2026-07-19,CH_116,3,S,25,,S,,66781,Nocturno,2026-07-20 00:17:35,,176943,"POINT (  577733.936864032,   6138561.91898618)",GRAL LAS HERAS 1906 VEREDA EN 1904. ENTRE ARBOL Y CARTEL DE NO ESTACIONAR,1
2026-07-19,CH_116,4,S,75,,S,,66781,Nocturno,2026-07-20 00:19:05,,176944,"POINT (  577762.363460344,   6138487.67161565)",GRAL LAS HERAS 1892 VEREDA EN 1892. ENTRE ARBOLES,1
2026-07-19,CH_116,5,S,50,,S,,66781,Nocturno,2026-07-20 00:20:42,,176945,"POINT (  577810.841678416,   6138377.99166047)",GRAL LAS HERAS 1845 VEREDA. EN 1845. CARTEL/ARBOL,1
2026-07-19,CH_116,6,S,75,,S,,66781,Nocturno,2026-07-20 00:22:21,,176946,"POINT (  577831.295943184,   6138336.47916642)",GRAL LAS HERAS 1815 VEREDA. FTE 1812. MURO NEGRO,1
2026-07-19,CH_116,7,S,25,,S,,66781,Nocturno,2026-07-20 00:24:05,,176947,"POINT (  577861.010997119,   6138272.37839967)",GRAL LAS HERAS 1783 VEREDA. FTE 1780. MURO VEGETAL,1
2026-07-19,CH_116,8,S,75,,S,,66781,Nocturno,2026-07-20 00:25:26,,176948,"POINT (  577884.047533939,   6138225.19290863)",GRAL LAS HERAS Esq. AYACUCHO VEREDA. ESQ,1
2026-07-19,CH_116,9,S,50,,S,,66781,Nocturno,2026-07-20 02:07:57,,176949,"POINT (  578051.219553742,   6138189.67552598)",NAVARRA 1748 FTE PORTON,1
2026-07-19,CH_116,10,S,50,,S,,66781,Nocturno,2026-07-20 02:08:18,,176950,"POINT (  578050.655853532,   6138190.56134060)",NAVARRA 1748 EN 1750. FTE PROTON,1
2026-07-19,CH_116,11,S,75,,S,,66781,Nocturno,2026-07-20 02:10:30,,176951,"POINT (  577991.869974474,   6138315.21961564)",NAVARRA 1820 1820/1826,1
2026-07-19,CH_116,12,S,75,,S,,66781,Nocturno,2026-07-20 02:13:08,,176952,"POINT (  577973.428924742,   6138355.00074476)",NAVARRA 1844 FTE 1847. MURO LADRILLO,1
2026-07-19,CH_116,13,S,25,,S,,66781,Nocturno,2026-07-20 02:14:28,,176953,"POINT (  577956.759504242,   6138387.37324254)",NAVARRA 1856 1856/1860. VEREDA,1
2026-07-19,CH_116,14,S,50,,S,,66781,Nocturno,2026-07-20 02:16:17,,176954,"POINT (  577942.022770177,   6138419.34309732)",NAVARRA 1876 VEREDA. EN 1880. MURO LADRILLO,1
2026-07-19,CH_116,15,S,25,,S,,66781,Nocturno,2026-07-20 02:19:18,,176955,"POINT (  577889.598650634,   6138530.79468172)",NAVARRA 1936 VEREDA. PASANDO 1934,1
2026-07-19,CH_116,16,S,25,,S,,66781,Nocturno,2026-07-20 02:19:37,,176956,"POINT (  577877.519360416,   6138555.19484796)",NAVARRA 1940 EN 1942. ANTES DE PUERTA. VEREDA,1
2026-07-19,CH_116,17,S,50,,S,,66781,Nocturno,2026-07-20 02:21:01,,176957,"POINT (  577823.082025836,   6138671.31709125)",NAVARRA 1998 MURO AMARILLO,1
2026-07-19,CH_116,18,S,75,,S,,66781,Nocturno,2026-07-20 01:44:21,,176958,"POINT (  577838.785103119,   6138722.29169597)",DR MANUEL QUINTELA 3280 3270/3280. ENTRE ARBOLES,1
2026-07-19,CH_116,19,S,25,,S,,66781,Nocturno,2026-07-20 01:46:48,,176959,"POINT (  577763.974032373,   6138843.08459814)",JUAN SPIKERMAN 2093 EN 2098.,1
2026-07-19,CH_116,20,S,75,,S,,66781,Nocturno,2026-07-20 01:46:58,,176960,"POINT (  577763.007689156,   6138843.88988416)",JUAN SPIKERMAN 2093 EN 2098,1
2026-07-19,CH_116,21,S,75,,S,,66781,Nocturno,2026-07-20 01:49:34,,176961,"POINT (  577816.881323525,   6138855.08335976)",MAIPU 2083,1
2026-07-19,CH_116,22,S,75,,S,,66781,Nocturno,2026-07-20 01:50:18,,176962,"POINT (  577841.039903960,   6138811.03421477)",MAIPU 2067 2067/2065,1
2026-07-19,CH_116,23,S,75,,S,,66781,Nocturno,2026-07-20 01:51:18,,176963,"POINT (  577880.659975873,   6138737.51160164)",MAIPU 2037 2037/2031,1
2026-07-19,CH_116,24,S,100,,S,,66781,Nocturno,2026-07-20 01:53:10,,176964,"POINT (  577926.722335902,   6138651.66811250)",MAIPU 1951 EN 1963. REJAS,1
2026-07-19,CH_116,25,S,100,,S,,66781,Nocturno,2026-07-20 00:37:35,,176965,"POINT (  578004.432436300,   6138647.72221103)",REPUBLICA DE EL SALVADOR 3382,1
2026-07-19,CH_116,26,S,25,,S,,66781,Nocturno,2026-07-20 01:38:22,,176968,"POINT (  578064.788623085,   6138544.92745127)",SANTIAGO GADEA 3087 EN 3087. REBAJE MAL HECHO,1
2026-07-19,CH_116,27,S,50,,S,,66781,Nocturno,2026-07-20 01:40:22,,176966,"POINT (  578032.778504010,   6138526.32534434)",SANTIAGO GADEA 3361 EN 3061. FTE EDIFICIO ENTRE COLUMNA Y ARBUSTO,1
2026-07-19,CH_116,28,S,75,,S,,66781,Nocturno,2026-07-20 01:40:46,,176969,"POINT (  577942.626734687,   6138478.16924067)",SANTIAGO GADEA 3319 EN 3319. MURO CON REJAS,1
2026-07-19,CH_116,29,S,100,,S,,66781,Nocturno,2026-07-20 01:42:16,,176970,"POINT (  577837.617438397,   6138420.59129063)",SANTIAGO GADEA 3235 EN 3235,1
2026-07-19,CH_116,30,S,75,,S,,66781,Nocturno,2026-07-20 00:28:39,,176971,"POINT (  577734.621357144,   6138365.75131304)",SANTIAGO GADEA 3169 EN 3165,1
2026-07-19,CH_116,31,S,25,,S,,66781,Nocturno,2026-07-20 00:30:08,,176972,"POINT (  577699.833001318,   6138373.07941578)",DR MANUEL QUINTELA 3156 EN 3156,1
2026-07-19,CH_116,32,S,25,,S,,66781,Nocturno,2026-07-20 00:31:19,,176973,"POINT (  577713.683920767,   6138402.87499831)",DR MANUEL QUINTELA 3160 EN 3166. FTE A EDIFICIO,1
2026-07-19,CH_116,33,S,25,,S,,66781,Nocturno,2026-07-20 00:33:08,,176974,"POINT (  577801.460096346,   6138556.52356988)",REPUBLICA DE EL SALVADOR 3272 3272/3274,1
2026-07-19,CH_116,34,S,50,,S,,66781,Nocturno,2026-07-20 00:35:23,,176975,"POINT (  577885.934599267,   6138592.43932613)",REPUBLICA DE EL SALVADOR 3018 EN 3310. MURO CIEGO,1
2026-07-19,CH_116,35,S,100,,S,,66781,Nocturno,2026-07-20 01:55:01,,176976,"POINT (  577946.894750564,   6138617.64477838)",MAIPU 1947 ESQ. MURO CIEGO,1
2026-07-19,CH_116,36,S,25,,S,,66781,Nocturno,2026-07-20 01:57:19,,176977,"POINT (  578017.759919839,   6138485.57787200)",MAIPU 1887 MURO VEGETAL,1
2026-07-19,CH_116,37,S,50,,S,,66781,Nocturno,2026-07-20 01:58:26,,176978,"POINT (  578044.978587129,   6138437.09965393)",MAIPU 1859 MURO. PDO ARBOL,1
2026-07-19,CH_116,38,S,50,,S,,66781,Nocturno,2026-07-20 01:59:18,,176979,"POINT (  578060.601135810,   6138404.56609894)",MAIPU 1845 ESQ. MURO. COHCERA,1
2026-07-19,CH_116,39,S,50,,S,,66781,Nocturno,2026-07-20 02:00:39,,176980,"POINT (  578086.209231071,   6138356.24893808)",MAIPU 1809 REJA GRIS. PASANDO REBAJE,1
2026-07-19,CH_116,40,S,50,,S,,66781,Nocturno,2026-07-20 02:02:16,,180837,"POINT (  578095.088023436,   6138266.24668180)",MAIPU 1767 EN 1765. PROV OV(O: MAIPU fte 1776),1
2026-07-19,CH_116,41,S,50,,S,,66781,Nocturno,2026-07-20 02:04:02,,176982,"POINT (  578090.718832752,   6138217.25657197)",MAIPU 1741 MURO MADERA,1
2026-07-19,CH_116,42,S,75,,S,,66781,Nocturno,2026-07-20 02:04:20,,176983,"POINT (  578091.040947158,   6138214.67965673)",MAIPU 1741 MURO MADERA,1
2026-07-19,C_107,1,S,50,,S,,66806,Nocturno,2026-07-19 22:44:12,,134513,"POINT (  575370.338666667,   6140865.44540622)",DR MARTIN C MARTINEZ 3134 FTE 3134. MURO,0
2026-07-19,C_107,2,S,75,,S,,66806,Nocturno,2026-07-19 22:45:26,,134512,"POINT (  575373.747799464,   6140737.09318154)",DR MARTIN C MARTINEZ 3061 EN 3063/3067,0
2026-07-19,C_107,3,S,75,,S,Requiere Limpieza,66806,Nocturno,2026-07-19 22:54:27,,134583,"POINT (  575523.559005650,   6140717.19681865)",DR JOAQUIN REQUENA 2956 MURO,0
2026-07-19,C_107,4,S,50,,S,,66806,Nocturno,2026-07-19 22:54:35,,134537,"POINT (  575519.943186441,   6140830.64314634)",DR JOAQUIN REQUENA 3006 VEREDA.,0
2026-07-19,C_107,5,S,50,,S,,66806,Nocturno,2026-07-19 22:54:43,,134536,"POINT (  575519.604203390,   6140833.91998250)",DR JOAQUIN REQUENA 3006 VEREDA.,0
2026-07-19,C_107,6,S,50,,S,,66806,Nocturno,2026-07-19 22:54:50,,134539,"POINT (  575516.440361582,   6140910.53015199)",DR JOAQUIN REQUENA Esq. ANTONIO MACHADO VEREDA,0
2026-07-19,C_107,7,S,75,,S,,66806,Nocturno,2026-07-19 22:44:24,,184162,"POINT (  575407.519783104,   6140920.40973595)",ANTONIO MACHADO 1911,0
2026-07-19,C_107,8,S,25,,S,,66806,Nocturno,2026-07-19 22:56:43,,173292,"POINT (  575296.186908041,   6140831.03186137)",AV GRAL FLORES 3001 PROV (O: GRAL FLORES 2957),0
2026-07-19,C_107,9,S,25,,S,Requiere Limpieza,66806,Nocturno,2026-07-19 22:56:52,,134514,"POINT (  575294.406463277,   6140827.81828758)",AV GRAL FLORES 3001 MURO BAJO CON REJAS,0
2026-07-19,C_107,10,S,50,,S,,66806,Nocturno,2026-07-19 22:58:34,,179594,"POINT (  575249.099192375,   6140763.05241656)",AV GRAL FLORES 2957 VEREDA. EN 2953,0
2026-07-19,C_107,11,S,75,,S,,66806,Nocturno,2026-07-19 23:03:00,,182969,"POINT (  575091.878760784,   6140590.14973726)",DR LUIS MELIAN LAFINUR 1805,0
2026-07-19,C_107,12,S,50,,S,,66806,Nocturno,2026-07-19 23:03:08,,176903,"POINT (  575090.112677967,   6140590.07817458)",DR LUIS MELIAN LAFINUR 1805,0
2026-07-19,C_107,13,S,50,,S,,66806,Nocturno,2026-07-19 23:03:16,,134547,"POINT (  575081.537438296,   6140637.73069959)",DR JOSE MARIA PENCO 2976 EN 2978,0
2026-07-19,C_107,14,N,,Contenedor No Está,S,,66806,Nocturno,2026-07-19 23:04:19,,169774,"POINT (  575079.265220339,   6140720.47365481)",DR JOSE MARIA PENCO 3016,0
2026-07-19,C_107,15,S,50,,S,,66806,Nocturno,2026-07-19 23:04:28,,169772,"POINT (  575079.378214690,   6140723.18551922)",DR JOSE MARIA PENCO 3016,0
2026-07-19,C_107,16,S,50,,S,,66806,Nocturno,2026-07-19 23:07:37,,134550,"POINT (  575077.495130305,   6140799.18704157)",DR JOSE MARIA PENCO 3052,0
2026-07-19,C_107,17,S,50,,S,,66806,Nocturno,2026-07-19 23:07:46,,134549,"POINT (  575074.918423509,   6140867.98511301)",DR JOSE MARIA PENCO 3080,0
2026-07-19,C_107,18,S,75,,S,,66806,Nocturno,2026-07-19 23:09:02,,134557,"POINT (  575071.355615819,   6140975.04992600)",DR JOSE MARIA PENCO Esq. PBRO LORENZO FERNANDEZ VEREDA. ESQ,0
2026-07-19,C_107,19,S,75,,S,,66806,Nocturno,2026-07-19 23:15:27,,134551,"POINT (  575165.366915254,   6140960.13467176)",GUAVIYU 3132 FTE 3132/3128,0
2026-07-19,C_107,20,S,25,,S,,66806,Nocturno,2026-07-19 23:15:34,,134545,"POINT (  575166.044881356,   6140920.36066046)",GUAVIYU 3115 FTE 3118/3114,0
2026-07-19,C_107,21,S,75,,S,,66806,Nocturno,2026-07-19 23:15:50,,183107,"POINT (  575169.758608642,   6140777.99535679)",GUAVIYU 3047,0
2026-07-19,C_107,22,S,50,,S,,66806,Nocturno,2026-07-19 23:18:01,,150612,"POINT (  575171.977084746,   6140726.63184691)",GUAVIYU 3021,0
2026-07-19,C_107,23,S,50,,S,,66806,Nocturno,2026-07-19 23:18:10,,150613,"POINT (  575172.994033898,   6140700.07817459)",GUAVIYU 3005,0
2026-07-19,C_107,24,S,50,,S,,66806,Nocturno,2026-07-19 23:22:55,,134569,"POINT (  575248.022282486,   6140702.33806159)",PBRO LORENZO FERNANDEZ 3079 VEREDA.,0
2026-07-19,C_107,25,S,50,,S,,66806,Nocturno,2026-07-19 23:23:11,,180202,"POINT (  575295.312825484,   6140686.45726098)",DR GUSTAVO GALLINAL 1904 VEREDA. EN 1908,0
2026-07-19,C_107,26,S,50,,S,,66806,Nocturno,2026-07-19 23:23:26,,134607,"POINT (  575375.027932203,   6140683.24201640)",DR MARTIN C MARTINEZ 3047,0
2026-07-19,C_107,27,S,50,,S,,66806,Nocturno,2026-07-19 23:24:19,,134608,"POINT (  575377.061830508,   6140620.53015199)",DR MARTIN C MARTINEZ 3009 EN 3011,0
2026-07-19,C_107,28,N,,Auto,S,,66806,Nocturno,2026-07-19 23:27:05,,137612,"POINT (  575024.850114266,   6140435.44474153)",AV GRAL FLORES 2849,0
2026-07-19,C_107,29,S,50,,S,,66806,Nocturno,2026-07-19 23:30:18,,134558,"POINT (  574960.090743791,   6140346.16866449)",AV GRAL FLORES 2793 VEREDA. EN 2789,0
2026-07-19,C_107,30,S,50,,S,,66806,Nocturno,2026-07-19 23:30:27,,134517,"POINT (  574943.306534454,   6140304.68275453)",AV GRAL FLORES 2767 EN 2771. EDIFICIO,0
2026-07-19,C_107,31,S,50,,S,,66806,Nocturno,2026-07-19 23:35:04,,174573,"POINT (  574904.028811070,   6140207.25452434)",AV GRAL FLORES 2725,0
2026-07-19,C_107,32,S,50,,S,,66806,Nocturno,2026-07-19 23:33:27,,134559,"POINT (  574898.644322129,   6140193.97748356)",AV GRAL FLORES 2717,0
2026-07-19,C_107,33,S,50,,S,,66806,Nocturno,2026-07-19 23:38:10,,134567,"POINT (  574862.937536723,   6140105.16292036)",AV GRAL FLORES 2669 EN 2665,0
2026-07-19,C_107,34,S,50,,S,,66806,Nocturno,2026-07-19 23:38:18,,134561,"POINT (  574861.694598870,   6140101.99907855)",AV GRAL FLORES 2669 EN 2665,0
2026-07-19,C_107,35,S,50,,S,,66806,Nocturno,2026-07-19 23:38:26,,177322,"POINT (  574792.196414124,   6139928.80236780)",AV GRAL FLORES 2577,0
2026-07-19,C_107,36,S,25,,S,,66806,Nocturno,2026-07-19 23:40:02,,134584,"POINT (  574761.186121686,   6139887.36398400)",CONCEPCION ARENAL Esq. AV GRAL FLORES FTE 1740. ARBOL/ARBOL,0
2026-07-19,C_107,37,S,25,,S,,66806,Nocturno,2026-07-19 23:40:53,,134598,"POINT (  574690.510358013,   6139919.46814475)",CONCEPCION ARENAL 1695,0
2026-07-19,C_107,38,S,100,,S,,66806,Nocturno,2026-07-19 23:42:49,,134518,"POINT (  574641.694598870,   6139942.56405030)",CONCEPCION ARENAL 1655 EN 1659,0
2026-07-19,C_107,39,S,75,,S,,66806,Nocturno,2026-07-19 23:48:39,,134585,"POINT (  574639.999683616,   6140000.64314634)",ROCHA 2552 FTE 2583. PDO PORTON ACCESO PEATONAL,0
2026-07-19,C_107,40,S,75,,S,,66806,Nocturno,2026-07-19 23:48:51,,155024,"POINT (  574671.136056127,   6140074.11845474)",ROCHA 2612,0
2026-07-19,C_107,41,S,100,,S,,66806,Nocturno,2026-07-19 23:49:51,,137492,"POINT (  574698.963946575,   6140145.51106270)",ROCHA 2658,0
2026-07-19,C_107,42,S,100,,S,Requiere Limpieza,66806,Nocturno,2026-07-19 23:53:27,,135832,"POINT (  574766.779344632,   6140303.91998250)",ROCHA 2742 FTE 2745B.,0
2026-07-19,C_107,43,S,75,,S,Requiere Limpieza,66806,Nocturno,2026-07-20 03:36:13,,155312,"POINT (  574781.807593220,   6140340.30416329)",ROCHA 2756 ARBOL/ARBOL,0
2026-07-19,C_107,44,S,75,,S,Requiere Limpieza,66806,Nocturno,2026-07-20 03:36:29,,134587,"POINT (  574804.745446328,   6140391.82958702)",ROCHA 2782 FTE 2777,0
2026-07-19,C_107,45,S,75,,S,,66806,Nocturno,2026-07-20 03:37:05,,134586,"POINT (  574848.911870954,   6140479.92292585)",ROCHA 2822,0
2026-07-19,C_107,46,S,100,,S,,66806,Nocturno,2026-07-20 03:38:41,,183636,"POINT (  574954.340662309,   6140636.23163943)",ROCHA 2924 FTE 2945. MURO,0
2026-07-19,C_107,47,S,50,,S,,66806,Nocturno,2026-07-20 03:40:35,,134589,"POINT (  574964.406463277,   6140816.34936103)",MARCELINO SOSA 3016,0
2026-07-19,C_107,48,S,100,,S,,66806,Nocturno,2026-07-20 03:42:05,,134546,"POINT (  574924.971435028,   6140881.66009550)",ANTONIO MACHADO 1739 EN 1739/1741,0
2026-07-19,C_107,49,S,75,,S,Requiere Limpieza,66806,Nocturno,2026-07-20 03:46:09,,174372,"POINT (  574845.484143332,   6140851.73195695)",PANDO 2995,0
2026-07-19,C_107,50,S,75,,S,Requiere Limpieza,66806,Nocturno,2026-07-20 03:46:20,,152294,"POINT (  574845.592903955,   6140848.72224239)",PANDO 2995,0
2026-07-19,C_107,51,S,75,,S,Requiere Limpieza,66806,Nocturno,2026-07-20 03:52:01,,174392,"POINT (  574854.519457627,   6140756.29286386)",PANDO 2947,0
2026-07-19,C_107,52,S,75,,S,Requiere Limpieza,66806,Nocturno,2026-07-20 03:52:16,,180201,"POINT (  574843.806246623,   6140643.88923552)",PANDO 2891 EN 2891BIS/2891,0
2026-07-19,C_107,53,S,50,,S,,66806,Nocturno,2026-07-20 03:54:31,,180211,"POINT (  574827.691095159,   6140619.76584642)",PANDO 2877,0
2026-07-19,C_107,54,S,75,,S,Requiere Limpieza,66806,Nocturno,2026-07-20 03:58:15,,134612,"POINT (  574708.304768362,   6140408.83523674)",PANDO 2767 MURO.,0
2026-07-19,C_107,55,S,100,,S,,66806,Nocturno,2026-07-20 03:58:48,,134611,"POINT (  574657.033419915,   6140290.54672203)",PANDO 2711 MURO,0
2026-07-19,C_107,56,S,100,,S,,66806,Nocturno,2026-07-20 04:00:04,,134540,"POINT (  574637.077963345,   6140244.93424987)",PANDO 2691,0
2026-07-19,C_107,57,S,100,,S,,66806,Nocturno,2026-07-20 04:02:47,,134521,"POINT (  574587.676722548,   6140128.07172050)",PANDO 2633 EN 2631,0
2026-07-19,C_107,58,S,75,,S,,66806,Nocturno,2026-07-20 04:04:22,,134520,"POINT (  574555.843018019,   6140050.62554381)",PANDO 2591 EN 2583/2591,0
2026-07-19,C_107,59,,,,S,,66806,Nocturno,,,134571,"POINT (  574506.597316080,   6140002.22153892)",CONCEPCION ARENAL 1595 FTE 1586,0
2026-07-19,C_107,60,,,,S,,66806,Nocturno,,,183467,"POINT (  574457.483356772,   6140032.39360702)",MARSELLA Esq. CONCEPCION ARENAL,0
2026-07-19,C_107,61,,,,S,,66806,Nocturno,,,183465,"POINT (  574489.946938344,   6140114.61423835)",MARSELLA 2606 MURO,0
2026-07-19,C_107,62,,,,S,,66806,Nocturno,,,140352,"POINT (  574526.496858757,   6140205.33241188)",MARSELLA 2654 EN 2658. CASA TAPEADA,0
2026-07-19,C_107,63,,,,S,,66806,Nocturno,,,134572,"POINT (  574573.163525424,   6140318.32676217)",MARSELLA 2708 EN 2706,0
2026-07-19,C_107,64,,,,S,,66806,Nocturno,,,140332,"POINT (  574574.285710698,   6140321.20422231)",MARSELLA 2708,0
2026-07-19,C_107,65,,,,N,,66806,Nocturno,,,134576,"POINT (  574606.609853108,   6140402.16857008)",MARSELLA 2746,0
2026-07-19,C_107,66,,,,S,,66806,Nocturno,,,184306,"POINT (  574693.297717865,   6140585.40708344)",MARSELLA Esq. PDRE ANDRES COINDRE,0
2026-07-19,C_107,67,,,,S,,66806,Nocturno,,,184307,"POINT (  574694.278110022,   6140587.47680022)",MARSELLA 2837,0
2026-07-19,C_107,68,,,,S,,66806,Nocturno,,,134591,"POINT (  574713.954485876,   6140609.28721413)",MARSELLA Esq. CEIBAL MURO,0
2026-07-19,C_107,69,,,,S,,66806,Nocturno,,,171172,"POINT (  574726.383864407,   6140629.28721413)",MARSELLA 2870,0
2026-07-19,C_107,70,,,,S,,66806,Nocturno,,,181992,"POINT (  574765.666655859,   6140706.13290569)",MARSELLA 2924,0
2026-07-19,C_107,71,,,,N,,66806,Nocturno,,,134613,"POINT (  574813.446011300,   6140759.17421979)",GRAL ENRIQUE MARTINEZ 1676,0
2026-07-19,C_107,72,,,,S,,66806,Nocturno,,,153552,"POINT (  574981.299118644,   6140771.26461527)",GRAL ENRIQUE MARTINEZ 1758,0
2026-07-19,C_107,73,,,,S,,66806,Nocturno,,,134554,"POINT (  574984.010983051,   6140771.43410680)",GRAL ENRIQUE MARTINEZ 1758 MURO LADRILLO,0
2026-07-19,C_107,74,,,,S,,66806,Nocturno,,,134526,"POINT (  575011.299118644,   6140587.08382431)",DR LUIS MELIAN LAFINUR 1765,0
2026-07-19,C_107,75,,,,S,,66806,Nocturno,,,181991,"POINT (  574951.088222412,   6140504.88792241)",MARCELINO SOSA 2859 PDO 2859. ANTES DE CORDON ROJO,0
2026-07-19,C_107,76,,,,S,,66806,Nocturno,,,134525,"POINT (  574935.935946135,   6140481.66391666)",MARCELINO SOSA 2845,0
2026-07-19,C_107,77,,,,S,,66806,Nocturno,,,134524,"POINT (  574905.527631361,   6140436.05144450)",MARCELINO SOSA 2813,0
2026-07-19,C_107,78,,,,S,,66806,Nocturno,,,134602,"POINT (  574864.191328465,   6140351.95344896)",MARCELINO SOSA 2775,0
2026-07-19,C_107,79,,,,S,,66806,Nocturno,,,183603,"POINT (  574824.427569284,   6140249.58125586)",MARCELINO SOSA 2729,0
2026-07-19,C_107,80,,,,S,,66806,Nocturno,,,158175,"POINT (  574779.092265114,   6140133.98304051)",MARCELINO SOSA 2665 EN 2667. MURO,0
2026-07-19,C_107,81,,,,S,,66806,Nocturno,,,134523,"POINT (  574762.824542373,   6140086.74484126)",MARCELINO SOSA Esq. GUADALUPE,0
2026-07-19,C_107,82,,,,S,,66806,Nocturno,,,134565,"POINT (  574719.966746346,   6139975.61702305)",MARCELINO SOSA 2583 MURO. PDO REBAJE,0
2026-07-19,C_107,83,,,,S,,66806,Nocturno,,,134952,"POINT (  574419.927986160,   6140041.48931268)",CONCEPCION ARENAL 1533,0
2026-07-19,C_107,84,,,,S,,66806,Nocturno,,,152512,"POINT (  574371.387376926,   6140072.55074123)",AV GRAL SAN MARTIN 2552,0
2026-07-19,C_107,85,,,,S,,66806,Nocturno,,,183468,"POINT (  574388.585667713,   6140137.37403946)",RIVADAVIA 1504 EN 1506,0
2026-07-19,C_107,86,,,,S,,66806,Nocturno,,,134529,"POINT (  574372.595975340,   6140181.52487741)",AV GRAL SAN MARTIN 2602 EN 2618,0
2026-07-19,C_107,87,,,,S,,66806,Nocturno,,,171115,"POINT (  574392.764667565,   6140276.79818529)",AV GRAL SAN MARTIN 2656 PROV OV (O: SAN MARTIN 2660),0
2026-07-19,C_107,88,S,75,,S,,66806,Nocturno,2026-07-19 23:59:06,,134530,"POINT (  574496.270870057,   6140479.00472827)",COLORADO 1552 MURO,0
2026-07-19,C_107,89,,,,S,,66806,Nocturno,,,134603,"POINT (  574355.719194264,   6140174.28885447)",AV GRAL SAN MARTIN 2615 VEREDA. PDO PARADA,0
2026-07-19,C_107,90,,,,S,,66806,Nocturno,,,134578,"POINT (  574399.688716937,   6140246.49867040)",GUADALUPE 1510 FTE 1510,0
2026-07-19,C_107,91,S,25,,S,,66806,Nocturno,2026-07-19 23:58:38,,134579,"POINT (  574523.728013431,   6140533.12651918)",AV GRAL SAN MARTIN 2768 PDO REBAJE,0
2026-07-19,C_107,92,S,50,,S,,66806,Nocturno,2026-07-19 23:58:47,,158412,"POINT (  574531.948532113,   6140543.56689877)",AV GRAL SAN MARTIN 2768 EN 2790,0
2026-07-19,C_107,93,,,,S,,66806,Nocturno,,,134593,"POINT (  574624.930686038,   6140686.11835288)",AV GRAL SAN MARTIN 2852,0
2026-07-19,C_107,94,,,,S,,66806,Nocturno,,,134594,"POINT (  574719.956669708,   6140896.60090670)",AV GRAL SAN MARTIN 2972 VEREDA. EN 2966,0
2026-07-19,C_107,95,,,,S,,66806,Nocturno,,,134534,"POINT (  574783.926598471,   6140961.01565088)",BV GRAL ARTIGAS 3623 VEREDA. EN 3629.,0
2026-07-19,C_107,96,,,,S,,66806,Nocturno,,,134597,"POINT (  574890.395163842,   6140970.19116896)",BV GRAL ARTIGAS 3577 VEREDA. PALMERA/CARTEL,0
2026-07-19,C_107,97,,,,S,,66806,Nocturno,,,134596,"POINT (  574988.474259887,   6140977.98777913)",BV GRAL ARTIGAS 3535 VEREDA. PDO PALMERA,0
2026-07-19,C_107,98,,,,S,,66806,Nocturno,,,134533,"POINT (  575043.841491525,   6140983.07252489)",BV GRAL ARTIGAS 3503 VEREDA,0
2026-07-19,C_107,99,,,,S,,66806,Nocturno,,,134555,"POINT (  575237.739796610,   6140997.42280738)",BV GRAL ARTIGAS 3413 VEREDA,0
2026-07-19,C_107,100,,,,S,,66806,Nocturno,,,175456,"POINT (  575367.683299435,   6140955.04992602)",DR MARTIN C MARTINEZ 3151,0
2026-07-19,C_107,101,,,,S,,66806,Nocturno,,,134556,"POINT (  575367.683299435,   6140952.67704466)",DR MARTIN C MARTINEZ 3151 ANTES CRUCE PEATONAL,0
2026-07-19,B_101,98,S,100,,S,"Basura Afuera, Requiere Limpieza",66807,Nocturno,2026-07-20 01:13:13,,184312,"POINT (  574300.475870892,   6138289.22109484)",PIEDRA ALTA 1951,0
2026-07-19,B_103,4,S,100,,S,,66807,Nocturno,2026-07-20 03:31:39,,176383,"POINT (  576479.770998475,   6135861.70741699)",BV GRAL ARTIGAS 641 ARBOL/ARBOL,1
2026-07-19,B_103,22,,,,S,,66807,Nocturno,,,176401,"POINT (  576382.560283987,   6135935.73334353)",ING CARLOS MARIA MAGGIOLO 684 ARBOL/ARBOL,2
2026-07-19,C_101,28,S,50,,S,"Basura Afuera, Requiere Limpieza",66807,Nocturno,2026-07-20 01:16:37,,134832,"POINT (  574183.251424859,   6139156.50787573)",AV GRAL SAN MARTIN 2130 VEREDA. EN 2134,3
2026-07-19,C_101,32,,,,S,,66807,Nocturno,,,133986,"POINT (  574294.303947061,   6139428.23429415)",AV GRAL SAN MARTIN 2252 VEREDA. EN 2252/2262,4
2026-07-19,C_104,23,N,,Contenedor No Está,S,,66807,Nocturno,2026-07-20 01:13:44,,134197,"POINT (  577200.170536712,   6140191.13519109)",ECHEANDIA 2796,5
2026-07-19,C_106,41,S,100,,S,Requiere Mantenimiento,66807,Nocturno,2026-07-20 01:13:52,,178945,"POINT (  575750.539838984,   6140114.93920848)",COLORADO 2188,6
2026-07-19,C_106,81,,,,S,,66807,Nocturno,,,149572,"POINT (  575031.599549312,   6140418.93965527)",AV GRAL FLORES 2828,7
2026-07-19,C_106,87,,,,S,,66807,Nocturno,,,134484,"POINT (  575457.050553607,   6140423.85830781)",PBRO LORENZO FERNANDEZ 2921 FTE 2922. MURO,8
2026-07-19,C_106,90,,,,S,,66807,Nocturno,,,134488,"POINT (  575555.644605596,   6140063.19490473)",DR JOAQUIN REQUENA 2628 FTE 2628,9
2026-07-19,C_107,28,,,,S,,66807,Nocturno,,,137612,"POINT (  575024.850114266,   6140435.44474153)",AV GRAL FLORES 2849,10
2026-07-19,C_107,29,,,,S,,66807,Nocturno,,,134558,"POINT (  574960.090743791,   6140346.16866449)",AV GRAL FLORES 2793 VEREDA. EN 2789,10
2026-07-19,C_107,89,S,100,,S,"Basura Afuera, Requiere Limpieza, Requiere Mantenimiento",66807,Nocturno,2026-07-20 04:16:18,,134603,"POINT (  574355.719194264,   6140174.28885447)",AV GRAL SAN MARTIN 2615 VEREDA. PDO PARADA,11
2026-07-19,C_107,90,S,100,,S,,66807,Nocturno,2026-07-20 03:32:29,,134578,"POINT (  574399.688716937,   6140246.49867040)",GUADALUPE 1510 FTE 1510,11
2026-07-19,C_107,96,S,50,,S,,66807,Nocturno,2026-07-20 03:32:45,,134597,"POINT (  574890.395163842,   6140970.19116896)",BV GRAL ARTIGAS 3577 VEREDA. PALMERA/CARTEL,12
2026-07-19,C_111,27,S,100,,S,,66807,Nocturno,2026-07-20 04:17:02,,138324,"POINT (  575036.692608972,   6141390.43691851)",DR JOSE PUGNALINI 1848 FTE 1848,13
2026-07-19,C_113,96,S,75,,S,,66807,Nocturno,2026-07-20 03:33:03,,138569,"POINT (  574932.047762516,   6142780.33161096)",BV JOSE BATLLE Y ORDOÑEZ 4493 GOMERIA,14
2026-07-19,C_115,60,S,100,,S,,66807,Nocturno,2026-07-20 01:53:45,,175371,"POINT (  572873.597997175,   6141151.48433390)",TOMAS VILLALBA 3294,15
2026-07-19,C_115,63,,,,S,,66807,Nocturno,,,181720,"POINT (  573171.423824401,   6141305.61106754)",CARLOS SOLE 3345,16
2026-07-19,CH_104,6,S,75,,S,,66807,Nocturno,2026-07-19 22:00:00,,176014,"POINT (  577579.479730718,   6135963.34400284)",DR JOSE SCOSERIA 2852,17
2026-07-19,CH_104,7,S,75,,S,,66807,Nocturno,2026-07-19 22:00:00,,176015,"POINT (  577630.440413541,   6135948.40990545)",DR JOSE SCOSERIA 2882 EDIFICIO,17
2026-07-19,CH_104,18,S,75,,S,,66807,Nocturno,2026-07-19 22:00:00,,176026,"POINT (  577521.937267850,   6136234.58262208)",LUIS B CAVIA 3052 REJA GRIS,18
2026-07-19,CH_106,5,,,,S,,66807,Nocturno,,,176068,"POINT (  577404.875169048,   6137080.72142359)",GUAYAQUI 2944 VEREDA. FTE 2947. MURO LADRILLOS,19
2026-07-19,CH_106,55,,,,S,,66807,Nocturno,,,176113,"POINT (  578103.497624704,   6137034.62712690)",LA GACETA 1256 EN 1256/1258,20
2026-07-19,CH_110,30,,,,S,,66807,Nocturno,,,180268,"POINT (  576551.920019573,   6138374.81695762)",AVELINO MIRANDA 2625 VEREDA,21
2026-07-19,CH_107,14,,,,S,,66807,Nocturno,,,180502,"POINT (  577844.358757081,   6136501.32429848)",GUAYAQUI 3338 VEREDA,22
2026-07-19,CH_107,15,,,,S,,66807,Nocturno,,,180503,"POINT (  577846.319541394,   6136498.92778432)",GUAYAQUI 3338 VEREDA,22
2026-07-19,CH_107,34,,,,S,,66807,Nocturno,,,183334,"POINT (  577918.043870337,   6136738.19281211)",MIGUEL BARREIRO 3214,23
2026-07-19,CH_107,35,,,,S,,66807,Nocturno,,,183094,"POINT (  577919.165780887,   6136737.12428840)",MIGUEL BARREIRO 3214 VEREDA,23
2026-07-19,CH_107,36,,,,S,,66807,Nocturno,,,183382,"POINT (  577920.175904427,   6136735.87294143)",MIGUEL BARREIRO 3214,23
2026-07-19,CH_116,24,,,,S,,66807,Nocturno,,,176964,"POINT (  577926.722335902,   6138651.66811250)",MAIPU 1951 EN 1963. REJAS,24
2026-07-19,CH_117,29,,,,S,,66807,Nocturno,,,177117,"POINT (  578196.700788228,   6138613.86151311)",SANTIAGO GADEA 3455,25
2026-07-19,CH_121,15,,,,S,,66807,Nocturno,,,176586,"POINT (  577660.428432680,   6139267.41503529)",REPUBLICA DOMINICANA 3040 ANTES DE ESQ,26
